gbifID	datasetKey	occurrenceID	kingdom	phylum	class	order	family	genus	species	infraspecificEpithet	taxonRank	scientificName	verbatimScientificName	verbatimScientificNameAuthorship	countryCode	locality	stateProvince	occurrenceStatus	individualCount	publishingOrgKey	decimalLatitude	decimalLongitude	coordinateUncertaintyInMeters	coordinatePrecision	elevation	elevationAccuracy	depth	depthAccuracy	eventDate	day	month	year	taxonKey	speciesKey	basisOfRecord	institutionCode	collectionCode	catalogNumber	recordNumber	identifiedBy	dateIdentified	license	rightsHolder	recordedBy	typeStatus	establishmentMeans	lastInterpreted	mediaType	issue
5839205328	e5c5cad9-b987-4bb4-b07b-85488c5fdd80	189a79f1-d045-478f-ae1a-1b4343849ea2	Animalia	Chordata	Aves	Passeriformes	Pycnonotidae	Hypsipetes	Hypsipetes amaurotis	amaurotis	SUBSPECIES	Hypsipetes amaurotis amaurotis (Temminck, 1830)			JP	Kobe		PRESENT		2e7df380-8356-4533-bcb3-5459e23c794e									1971-12-19	19	12	1971	7342056	7342055	PRESERVED_SPECIMEN	NHMD	AV	NHMD2010323				CC_BY_4_0		Kobayashi, K.			2026-03-18T07:45:48.552Z		
5839205323	e5c5cad9-b987-4bb4-b07b-85488c5fdd80	f1a88d90-1ada-40de-86ba-3078a76924b4	Animalia	Chordata	Aves	Passeriformes	Pycnonotidae	Pycnonotus	Pycnonotus blanfordi		SPECIES	Pycnonotus blanfordi Jerdon, 1862			TH	Sam Sen	Bangkok	PRESENT		2e7df380-8356-4533-bcb3-5459e23c794e									1921-09-12	12	9	1921	2486123	2486123	PRESERVED_SPECIMEN	NHMD	AV	NHMD2010322				CC_BY_4_0					2026-03-18T07:45:58.780Z		
5839205321	e5c5cad9-b987-4bb4-b07b-85488c5fdd80	e8fcb26c-3790-482c-9a1a-33f7b36b5af5	Animalia	Chordata	Aves	Passeriformes	Pycnonotidae	Pycnonotus	Pycnonotus leucotis		SPECIES	Pycnonotus leucotis (Gould, 1836)			DK	Captivity (Zoologisk Have, København)	Region Hovedstaden	PRESENT		2e7df380-8356-4533-bcb3-5459e23c794e									2025-05-09	9	5	2025	2486132	2486132	PRESERVED_SPECIMEN	NHMD	AV	NHMD2010363				CC_BY_4_0					2026-03-18T07:45:48.854Z		
4164086209	e5c5cad9-b987-4bb4-b07b-85488c5fdd80	64baffc3-50fb-45d2-b129-e2cf21e5431a	Animalia	Chordata	Aves	Passeriformes	Pycnonotidae	Arizelocichla	Arizelocichla fusciceps		SPECIES	Arizelocichla fusciceps (Shelley, 1893)			TZ	Mdandu Forest Reserve		PRESENT		2e7df380-8356-4533-bcb3-5459e23c794e	-9.579722	34.83							1952-07-10	10	7	1952	6100812	6100812	PRESERVED_SPECIMEN	NHMD	AV	NHMD120828				CC_BY_4_0		Andersen, Thorkild			2026-03-18T07:45:42.460Z		COORDINATE_ROUNDED;TAXON_MATCH_HIGHERRANK
4164086205	e5c5cad9-b987-4bb4-b07b-85488c5fdd80	0f64a480-5ff4-415c-8bcd-3303901255df	Animalia	Chordata	Aves	Passeriformes	Pycnonotidae	Phyllastrephus	Phyllastrephus cabanisi	placidus	SUBSPECIES	Phyllastrephus cabanisi placidus			TZ	Amani		PRESENT		2e7df380-8356-4533-bcb3-5459e23c794e	-5.099722	38.63							1980-07-11	11	7	1980	6540392	2486087	PRESERVED_SPECIMEN	NHMD	AV	NHMD124831				CC_BY_4_0		Jensen, Flemming			2026-03-18T07:45:44.945Z		COORDINATE_ROUNDED
4164086187	e5c5cad9-b987-4bb4-b07b-85488c5fdd80	fef7d5e6-9f9a-4d91-99b1-39a6e3fd02e3	Animalia	Chordata	Aves	Passeriformes	Pycnonotidae	Eurillas	Eurillas virens	zombensis	SUBSPECIES	Eurillas virens zombensis (Shelley, 1894)			TZ	Nguru South Forest Reserve		PRESENT		2e7df380-8356-4533-bcb3-5459e23c794e	-6.05	37.479722							2003-06-02	2	6	2003	6086343	7340348	PRESERVED_SPECIMEN	NHMD	AV	NHMD122896				CC_BY_4_0		Kiure, Jacob			2026-03-18T07:45:58.796Z		COORDINATE_ROUNDED
4164086147	e5c5cad9-b987-4bb4-b07b-85488c5fdd80	d51a0542-b979-4ad1-8857-d6238a1de6af	Animalia	Chordata	Aves	Passeriformes	Pycnonotidae	Arizelocichla	Arizelocichla masukuensis	roehli	SUBSPECIES	Arizelocichla masukuensis roehli (Reichenow, 1905)			TZ	Kilindi Forest Reserve		PRESENT		2e7df380-8356-4533-bcb3-5459e23c794e	-5.57	37.569722							2005-05-14	14	5	2005	6086770	7340439	PRESERVED_SPECIMEN	NHMD	AV	NHMD124934				CC_BY_4_0		Kiure, Jacob			2026-03-18T07:45:48.589Z		COORDINATE_ROUNDED
4164086116	e5c5cad9-b987-4bb4-b07b-85488c5fdd80	a63f19b0-832d-4918-be77-441d5f910023	Animalia	Chordata	Aves	Passeriformes	Pycnonotidae	Phyllastrephus	Phyllastrephus flavostriatus	uzungwensis	SUBSPECIES	Phyllastrephus flavostriatus uzungwensis Jensen & Stuart, 1982			TZ	Udzungwa Scarp Forest		PRESENT		2e7df380-8356-4533-bcb3-5459e23c794e	-8.373333	35.978611							1996-10-20	20	10	1996	6086093	2486089	PRESERVED_SPECIMEN	NHMD	AV	NHMD121943				CC_BY_4_0		Fjeldså, Jon			2026-03-18T07:45:48.586Z		COORDINATE_ROUNDED
4164086112	e5c5cad9-b987-4bb4-b07b-85488c5fdd80	dfe7f52b-99c3-426c-8934-3344e713b0bd	Animalia	Chordata	Aves	Passeriformes	Pycnonotidae	Arizelocichla	Arizelocichla fusciceps		SPECIES	Arizelocichla fusciceps (Shelley, 1893)			TZ	Mdandu Forest Reserve		PRESENT		2e7df380-8356-4533-bcb3-5459e23c794e	-9.579722	34.83							2003-11-04	4	11	2003	6100812	6100812	PRESERVED_SPECIMEN	NHMD	AV	NHMD123826				CC_BY_4_0		Kiure, Jacob			2026-03-18T07:45:48.586Z		COORDINATE_ROUNDED;TAXON_MATCH_HIGHERRANK
4164086093	e5c5cad9-b987-4bb4-b07b-85488c5fdd80	7893b0ff-8689-4333-8277-2ccdd3f7e05f	Animalia	Chordata	Aves	Passeriformes	Pycnonotidae	Arizelocichla	Arizelocichla masukuensis	roehli	SUBSPECIES	Arizelocichla masukuensis roehli (Reichenow, 1905)			TZ	Ndundulu Forest	Iringa Region	PRESENT		2e7df380-8356-4533-bcb3-5459e23c794e	-7.8	36.5							2007-01-01	1	1	2007	6086770	7340439	PRESERVED_SPECIMEN	NHMD	AV	NHMD129190				CC_BY_4_0		Kiure, Jacob			2026-03-18T07:45:44.932Z		
4164086075	e5c5cad9-b987-4bb4-b07b-85488c5fdd80	89b8e96e-77a5-47a5-a219-ba852b405d2b	Animalia	Chordata	Aves	Passeriformes	Pycnonotidae	Arizelocichla	Arizelocichla masukuensis	roehli	SUBSPECIES	Arizelocichla masukuensis roehli (Reichenow, 1905)			TZ	Mt Kiboriani Forest Reserve		PRESENT		2e7df380-8356-4533-bcb3-5459e23c794e	-6.28	36.479722							2004-01-22	22	1	2004	6086770	7340439	PRESERVED_SPECIMEN	NHMD	AV	NHMD123552				CC_BY_4_0		Kiure, Jacob			2026-03-18T07:45:48.584Z		COORDINATE_ROUNDED
4164086003	e5c5cad9-b987-4bb4-b07b-85488c5fdd80	8b44230e-29e0-4b26-931a-076139bade4b	Animalia	Chordata	Aves	Passeriformes	Pycnonotidae	Arizelocichla	Arizelocichla masukuensis	roehli	SUBSPECIES	Arizelocichla masukuensis roehli (Reichenow, 1905)			TZ	Nguru South Forest Reserve		PRESENT		2e7df380-8356-4533-bcb3-5459e23c794e	-6.05	37.479722							2004-10-13	13	10	2004	6086770	7340439	PRESERVED_SPECIMEN	NHMD	AV	NHMD126340				CC_BY_4_0		Kiure, Jacob			2026-03-18T07:45:48.581Z		COORDINATE_ROUNDED
4164085995	e5c5cad9-b987-4bb4-b07b-85488c5fdd80	3fe1bcae-baec-4b39-88b8-fdab7dd553a1	Animalia	Chordata	Aves	Passeriformes	Pycnonotidae	Arizelocichla	Arizelocichla milanjensis	striifacies	SUBSPECIES	Arizelocichla milanjensis striifacies			TZ	Mt Kiboriani Forest Reserve		PRESENT		2e7df380-8356-4533-bcb3-5459e23c794e	-6.28	36.479722							2004-01-31	31	1	2004	6540503	7340424	PRESERVED_SPECIMEN	NHMD	AV	NHMD123544				CC_BY_4_0		Kiure, Jacob			2026-03-18T07:45:42.440Z		COORDINATE_ROUNDED
4164085991	e5c5cad9-b987-4bb4-b07b-85488c5fdd80	bdab7964-eea6-4883-be26-562a809f3270	Animalia	Chordata	Aves	Passeriformes	Pycnonotidae	Pycnonotus	Pycnonotus atriceps		SPECIES	Brachypodius atriceps (Temminck, 1822)			PH	Makagwa, Palawan	Mimaropa	PRESENT		2e7df380-8356-4533-bcb3-5459e23c794e	8.748578	117.735811							1961-09-25	25	9	1961	10988392	2486134	PRESERVED_SPECIMEN	NHMD	AV	NHMD136153				CC_BY_4_0		Petersen, Erik;Andersen, Søren;Oaney, William			2026-03-18T07:45:42.440Z		COORDINATE_ROUNDED;TAXON_MATCH_HIGHERRANK
4164085988	e5c5cad9-b987-4bb4-b07b-85488c5fdd80	53e1de2c-f7b3-4791-af4f-878ecf8edbcd	Animalia	Chordata	Aves	Passeriformes	Pycnonotidae	Phyllastrephus	Phyllastrephus debilis	debilis	SUBSPECIES	Phyllastrephus debilis debilis (W.L.Sclater, 1899)			TZ	Kiwengoma		PRESENT		2e7df380-8356-4533-bcb3-5459e23c794e													5846131	2486088	PRESERVED_SPECIMEN	NHMD	AV	NHMD121779				CC_BY_4_0		Msuya, C.			2026-03-18T07:45:44.924Z		
4164085975	e5c5cad9-b987-4bb4-b07b-85488c5fdd80	22b8cb49-cbe8-4068-9cb5-5f938db6b4d0	Animalia	Chordata	Aves	Passeriformes	Pycnonotidae	Arizelocichla	Arizelocichla fusciceps		SPECIES	Arizelocichla fusciceps (Shelley, 1893)			TZ	Ndundulu Forest	Iringa Region	PRESENT		2e7df380-8356-4533-bcb3-5459e23c794e	-7.8	36.5							2007-01-24	24	1	2007	6100812	6100812	PRESERVED_SPECIMEN	NHMD	AV	NHMD123848				CC_BY_4_0		Kiure, Jacob			2026-03-18T07:45:42.437Z		TAXON_MATCH_HIGHERRANK
4164085936	e5c5cad9-b987-4bb4-b07b-85488c5fdd80	b0e0ad1d-cfbf-4f71-aa2f-2b15bed0788e	Animalia	Chordata	Aves	Passeriformes	Pycnonotidae	Phyllastrephus	Phyllastrephus flavostriatus	tenuirostris	SUBSPECIES	Phyllastrephus flavostriatus tenuirostris (Fischer & Reichenow, 1884)			TZ	Kilindi Forest Reserve		PRESENT		2e7df380-8356-4533-bcb3-5459e23c794e	-5.57	37.569722							2005-05-21	21	5	2005	6086107	2486089	PRESERVED_SPECIMEN	NHMD	AV	NHMD123770				CC_BY_4_0		Kiure, Jacob			2026-03-18T07:45:44.917Z		COORDINATE_ROUNDED
4164085927	e5c5cad9-b987-4bb4-b07b-85488c5fdd80	1fdf65a2-02e1-447d-99c7-f3c4bc274f5b	Animalia	Chordata	Aves	Passeriformes	Pycnonotidae	Eurillas	Eurillas virens	zombensis	SUBSPECIES	Eurillas virens zombensis (Shelley, 1894)			TZ	Kanga Forest Reserve	Morogoro Region	PRESENT		2e7df380-8356-4533-bcb3-5459e23c794e	-6.0	37.7							2003-11-21	21	11	2003	6086343	7340348	PRESERVED_SPECIMEN	NHMD	AV	NHMD129716				CC_BY_4_0		Kiure, Jacob			2026-03-18T07:45:48.573Z		
4164085919	e5c5cad9-b987-4bb4-b07b-85488c5fdd80	db172caf-afbf-4525-b953-81e8c2cba57d	Animalia	Chordata	Aves	Passeriformes	Pycnonotidae	Arizelocichla	Arizelocichla milanjensis	striifacies	SUBSPECIES	Arizelocichla milanjensis striifacies			TZ	Ukami Forest		PRESENT		2e7df380-8356-4533-bcb3-5459e23c794e	-7.88	36.419722							2003			2003	6540503	7340424	PRESERVED_SPECIMEN	NHMD	AV	NHMD123019				CC_BY_4_0		Kiure, Jacob			2026-03-18T07:45:48.573Z		COORDINATE_ROUNDED
4164085850	e5c5cad9-b987-4bb4-b07b-85488c5fdd80	55fd24c3-5ec4-4399-8a36-895fa1a956ee	Animalia	Chordata	Aves	Passeriformes	Pycnonotidae	Hypsipetes	Hypsipetes rufigularis		SPECIES	Hypsipetes rufigularis (Sharpe, 1877)			PH	Tuod	Mindanao	PRESENT		2e7df380-8356-4533-bcb3-5459e23c794e	8.343889	124.359444							1951-09-23	23	9	1951	6093941	6093941	PRESERVED_SPECIMEN	NHMD	AV	NHMD134305				CC_BY_4_0					2026-03-18T07:45:42.416Z		COORDINATE_ROUNDED
4164085843	e5c5cad9-b987-4bb4-b07b-85488c5fdd80	56e4d202-2e33-4f7c-80ff-1833cad1dd0a	Animalia	Chordata	Aves	Passeriformes	Pycnonotidae	Hypsipetes	Hypsipetes everetti	everetti	SUBSPECIES	Hypsipetes everetti everetti (Tweeddale, 1877)			PH	Cabanglasan	Mindanao	PRESENT		2e7df380-8356-4533-bcb3-5459e23c794e	8.071944	125.299167							1951-10-24	24	10	1951	7342047	7342046	PRESERVED_SPECIMEN	NHMD	AV	NHMD134291				CC_BY_4_0					2026-03-18T07:45:58.764Z		COORDINATE_ROUNDED
4164085828	e5c5cad9-b987-4bb4-b07b-85488c5fdd80	0542e8a4-0ec9-4a8f-9ab4-24b251457886	Animalia	Chordata	Aves	Passeriformes	Pycnonotidae	Arizelocichla	Arizelocichla masukuensis	roehli	SUBSPECIES	Arizelocichla masukuensis roehli (Reichenow, 1905)			TZ	Mt. Kanga Forest Reserve		PRESENT		2e7df380-8356-4533-bcb3-5459e23c794e	-6.0	37.7							2003-11-24	24	11	2003	6086770	7340439	PRESERVED_SPECIMEN	NHMD	AV	NHMD124987				CC_BY_4_0		Kiure, Jacob			2026-03-18T07:45:58.763Z		
4164085826	e5c5cad9-b987-4bb4-b07b-85488c5fdd80	04d68430-997e-4876-a9cf-c7d173a4bc0c	Animalia	Chordata	Aves	Passeriformes	Pycnonotidae	Arizelocichla	Arizelocichla nigriceps	usambarae	SUBSPECIES	Arizelocichla nigriceps usambarae (Grote, 1919)			TZ	South Pare Mts.		PRESENT		2e7df380-8356-4533-bcb3-5459e23c794e	-4.25	37.869722							1959-02-22	22	2	1959	6086710	7340426	PRESERVED_SPECIMEN	NHMD	AV	NHMD120826				CC_BY_4_0		Andersen, Thorkild			2026-03-18T07:45:44.908Z	StillImage	COORDINATE_ROUNDED
4164085823	e5c5cad9-b987-4bb4-b07b-85488c5fdd80	7f26d7fe-aa33-47fd-ab58-b5fc23267c84	Animalia	Chordata	Aves	Passeriformes	Pycnonotidae	Phyllastrephus	Phyllastrephus cabanisi	placidus	SUBSPECIES	Phyllastrephus cabanisi placidus			TZ	Amani		PRESENT		2e7df380-8356-4533-bcb3-5459e23c794e	-5.099722	38.63							1980-07-15	15	7	1980	6540392	2486087	PRESERVED_SPECIMEN	NHMD	AV	NHMD124830				CC_BY_4_0		Jensen, Flemming			2026-03-18T07:45:42.414Z		COORDINATE_ROUNDED
4164085814	e5c5cad9-b987-4bb4-b07b-85488c5fdd80	1013fe6a-52e5-48d6-ab73-01c4aecb3250	Animalia	Chordata	Aves	Passeriformes	Pycnonotidae	Arizelocichla	Arizelocichla fusciceps		SPECIES	Arizelocichla fusciceps (Shelley, 1893)			TZ	Maguli FR		PRESENT		2e7df380-8356-4533-bcb3-5459e23c794e	-9.493889	34.175833							2008-12-09	9	12	2008	6100812	6100812	PRESERVED_SPECIMEN	NHMD	AV	NHMD126865				CC_BY_4_0		Kiure, Jacob			2026-03-18T07:45:58.762Z		COORDINATE_ROUNDED;TAXON_MATCH_HIGHERRANK
4164085810	e5c5cad9-b987-4bb4-b07b-85488c5fdd80	01fa56ce-a9c4-4f36-95b3-525ce9773f1b	Animalia	Chordata	Aves	Passeriformes	Pycnonotidae	Arizelocichla	Arizelocichla masukuensis		SPECIES	Arizelocichla masukuensis (Shelley, 1897)			TZ	Ukami Forest		PRESENT		2e7df380-8356-4533-bcb3-5459e23c794e	-7.88	36.419722							2003-03-16	16	3	2003	7340439	7340439	PRESERVED_SPECIMEN	NHMD	AV	NHMD131172				CC_BY_4_0		Kiure, Jacob			2026-03-18T07:45:44.906Z		COORDINATE_ROUNDED
4164085808	e5c5cad9-b987-4bb4-b07b-85488c5fdd80	8cb39673-ff01-4bfa-8261-7d9b553e678d	Animalia	Chordata	Aves	Passeriformes	Pycnonotidae	Arizelocichla	Arizelocichla masukuensis	roehli	SUBSPECIES	Arizelocichla masukuensis roehli (Reichenow, 1905)			TZ	Chome-Shengena FR		PRESENT		2e7df380-8356-4533-bcb3-5459e23c794e	-4.3	37.93							2009-05-21	21	5	2009	6086770	7340439	PRESERVED_SPECIMEN	NHMD	AV	NHMD127053				CC_BY_4_0		Kiure, Jacob			2026-03-18T07:45:48.567Z		
4164085781	e5c5cad9-b987-4bb4-b07b-85488c5fdd80	7ee5b97e-d596-4881-899f-9a42aeb31653	Animalia	Chordata	Aves	Passeriformes	Pycnonotidae	Arizelocichla	Arizelocichla masukuensis	roehli	SUBSPECIES	Arizelocichla masukuensis roehli (Reichenow, 1905)			TZ	Ukami Forest		PRESENT		2e7df380-8356-4533-bcb3-5459e23c794e	-7.88	36.419722							2003-02-25	25	2	2003	6086770	7340439	PRESERVED_SPECIMEN	NHMD	AV	NHMD122997				CC_BY_4_0		Kiure, Jacob			2026-03-18T07:45:42.406Z		COORDINATE_ROUNDED
4164085755	e5c5cad9-b987-4bb4-b07b-85488c5fdd80	72022109-6261-4685-925e-1e58254174b8	Animalia	Chordata	Aves	Passeriformes	Pycnonotidae	Phyllastrephus	Phyllastrephus flavostriatus	alfredi	SUBSPECIES	Phyllastrephus flavostriatus alfredi			TZ	Mbizi Forest Reserve		PRESENT		2e7df380-8356-4533-bcb3-5459e23c794e	-7.889722	31.68							2008-02-26	26	2	2008	6540367	2486089	PRESERVED_SPECIMEN	NHMD	AV	NHMD125795				CC_BY_4_0		Kiure, Jacob			2026-03-18T07:45:58.758Z	StillImage	COORDINATE_ROUNDED
4164085730	e5c5cad9-b987-4bb4-b07b-85488c5fdd80	4d790887-9149-4d8a-88de-164152ac01d9	Animalia	Chordata	Aves	Passeriformes	Pycnonotidae	Phyllastrephus	Phyllastrephus cabanisi	placidus	SUBSPECIES	Phyllastrephus cabanisi placidus			TZ	Mafwemiro Forest		PRESENT		2e7df380-8356-4533-bcb3-5459e23c794e	-6.829722	36.569722							2002-12-03	3	12	2002	6540392	2486087	PRESERVED_SPECIMEN	NHMD	AV	NHMD122863				CC_BY_4_0		Kiure, Jacob			2026-03-18T07:45:42.394Z		COORDINATE_ROUNDED
4164085718	e5c5cad9-b987-4bb4-b07b-85488c5fdd80	be0e976c-dbdc-4e5c-9c86-9d8089eb7689	Animalia	Chordata	Aves	Passeriformes	Pycnonotidae	Pycnonotus	Pycnonotus barbatus	layardi	SUBSPECIES	Pycnonotus barbatus layardi			TZ	Morogoro		PRESENT		2e7df380-8356-4533-bcb3-5459e23c794e	-6.829722	37.75							1948-05-26	26	5	1948	6094955	2486147	PRESERVED_SPECIMEN	NHMD	AV	NHMD120807				CC_BY_4_0		Andersen, Thorkild			2026-03-18T07:45:58.753Z		COORDINATE_ROUNDED
4164085713	e5c5cad9-b987-4bb4-b07b-85488c5fdd80	e5cedea4-3074-4605-8e93-81096376d05a	Animalia	Chordata	Aves	Passeriformes	Pycnonotidae	Eurillas	Eurillas latirostris	latirostris	SUBSPECIES	Eurillas latirostris latirostris (Strickland, 1844)			SS	Gilo		PRESENT		2e7df380-8356-4533-bcb3-5459e23c794e	4.0308	32.845325							1980-11-10	10	11	1980	6086380	7340356	PRESERVED_SPECIMEN	NHMD	AV	NHMD137412				CC_BY_4_0		Jensen, Flemming			2026-03-18T07:45:48.556Z		
4164085690	e5c5cad9-b987-4bb4-b07b-85488c5fdd80	681560ad-6496-47fd-a7f9-0ddce48ea8b5	Animalia	Chordata	Aves	Passeriformes	Pycnonotidae	Chlorocichla	Chlorocichla flaviventris	centralis	SUBSPECIES	Chlorocichla flaviventris centralis Reichenow, 1887			TZ	Mahenge Scrub Forest Reserve		PRESENT		2e7df380-8356-4533-bcb3-5459e23c794e	-8.68	36.74							1994-12-02	2	12	1994	6086621	2486173	PRESERVED_SPECIMEN	NHMD	AV	NHMD121827				CC_BY_4_0		Fjeldså, Jon			2026-03-18T07:45:58.752Z		
4164085670	e5c5cad9-b987-4bb4-b07b-85488c5fdd80	8132ebbd-bf13-4aba-8c15-18add0ea844d	Animalia	Chordata	Aves	Passeriformes	Pycnonotidae	Phyllastrephus	Phyllastrephus flavostriatus	uzungwensis	SUBSPECIES	Phyllastrephus flavostriatus uzungwensis Jensen & Stuart, 1982			TZ	Ndundulu Forest	Iringa Region	PRESENT		2e7df380-8356-4533-bcb3-5459e23c794e	-7.8	36.5							2007-01-22	22	1	2007	6086093	2486089	PRESERVED_SPECIMEN	NHMD	AV	NHMD129682				CC_BY_4_0		Kiure, Jacob			2026-03-18T07:45:48.555Z		
4164085669	e5c5cad9-b987-4bb4-b07b-85488c5fdd80	e7dd6538-c378-4ad1-859d-6c66313dfeb5	Animalia	Chordata	Aves	Passeriformes	Pycnonotidae	Arizelocichla	Arizelocichla masukuensis	roehli	SUBSPECIES	Arizelocichla masukuensis roehli (Reichenow, 1905)			TZ	Nguru South Forest Reserve		PRESENT		2e7df380-8356-4533-bcb3-5459e23c794e	-6.05	37.479722							2003-06-17	17	6	2003	6086770	7340439	PRESERVED_SPECIMEN	NHMD	AV	NHMD122876				CC_BY_4_0		Kiure, Jacob			2026-03-18T07:45:42.387Z		COORDINATE_ROUNDED
4164085621	e5c5cad9-b987-4bb4-b07b-85488c5fdd80	913cf7ed-00c3-4c55-9602-6b1f14c971d9	Animalia	Chordata	Aves	Passeriformes	Pycnonotidae	Phyllastrephus	Phyllastrephus cabanisi	cabanisi	SUBSPECIES	Phyllastrephus cabanisi cabanisi (Sharpe, 1882)			TZ	Kalambo River Forest Reserve		PRESENT		2e7df380-8356-4533-bcb3-5459e23c794e	-7.869722	30.95							2007-11-18	18	11	2007	7340319	2486087	PRESERVED_SPECIMEN	NHMD	AV	NHMD124838				CC_BY_4_0		Kiure, Jacob			2026-03-18T07:45:44.890Z		COORDINATE_ROUNDED
4164085611	e5c5cad9-b987-4bb4-b07b-85488c5fdd80	60367961-e44b-4068-ac11-a2af75f8b24c	Animalia	Chordata	Aves	Passeriformes	Pycnonotidae	Phyllastrephus	Phyllastrephus albigula		SPECIES	Phyllastrephus albigula (Grote, 1919)			TZ	Nguru South Forest Reserve		PRESENT		2e7df380-8356-4533-bcb3-5459e23c794e	-6.05	37.479722							2005-03-21	21	3	2005	6086037	6086037	PRESERVED_SPECIMEN	NHMD	AV	NHMD126304				CC_BY_4_0		Kiure, Jacob			2026-03-18T07:45:42.378Z		COORDINATE_ROUNDED
4164085606	e5c5cad9-b987-4bb4-b07b-85488c5fdd80	c564cfb2-a2cd-42be-b49a-84a6ae4d4d5a	Animalia	Chordata	Aves	Passeriformes	Pycnonotidae	Arizelocichla	Arizelocichla masukuensis	roehli	SUBSPECIES	Arizelocichla masukuensis roehli (Reichenow, 1905)			TZ	Uluguru Mts.		PRESENT		2e7df380-8356-4533-bcb3-5459e23c794e	-7.0	39.666667							1962-03-18	18	3	1962	6086770	7340439	PRESERVED_SPECIMEN	NHMD	AV	NHMD120821				CC_BY_4_0		Andersen, Thorkild			2026-03-18T07:45:58.745Z		COORDINATE_ROUNDED;CONTINENT_COORDINATE_MISMATCH
4164085604	e5c5cad9-b987-4bb4-b07b-85488c5fdd80	3359be17-0097-41fb-8007-2c60ab8fadad	Animalia	Chordata	Aves	Passeriformes	Pycnonotidae	Atimastillas	Atimastillas flavicollis	flavicollis	SUBSPECIES	Atimastillas flavicollis flavicollis (Swainson, 1837)			NG	Ibadan University College		PRESENT		2e7df380-8356-4533-bcb3-5459e23c794e									1959-01-14	14	1	1959	7340390	7340389	PRESERVED_SPECIMEN	NHMD	AV	NHMD137547				CC_BY_4_0		Volsøe, Helge			2026-03-18T07:45:58.744Z		
4164085599	e5c5cad9-b987-4bb4-b07b-85488c5fdd80	4eee80a6-1fd7-4347-91b9-b41d86eb0f5a	Animalia	Chordata	Aves	Passeriformes	Pycnonotidae	Eurillas	Eurillas latirostris	latirostris	SUBSPECIES	Eurillas latirostris latirostris (Strickland, 1844)			SS	Gilo		PRESENT		2e7df380-8356-4533-bcb3-5459e23c794e	4.0308	32.845325							1980-11-11	11	11	1980	6086380	7340356	PRESERVED_SPECIMEN	NHMD	AV	NHMD129184				CC_BY_4_0		Jensen, Flemming			2026-03-18T07:45:48.548Z		
4164085565	e5c5cad9-b987-4bb4-b07b-85488c5fdd80	3eaaca2e-51d1-42bb-b2ff-838f32596a5f	Animalia	Chordata	Aves	Passeriformes	Pycnonotidae	Arizelocichla	Arizelocichla milanjensis	striifacies	SUBSPECIES	Arizelocichla milanjensis striifacies			TZ	Ndundulu Forest	Iringa Region	PRESENT		2e7df380-8356-4533-bcb3-5459e23c794e	-7.8	36.5							2007-09-15	15	9	2007	6540503	7340424	PRESERVED_SPECIMEN	NHMD	AV	NHMD125053				CC_BY_4_0		Kiure, Jacob			2026-03-18T07:45:44.886Z		
4164085537	e5c5cad9-b987-4bb4-b07b-85488c5fdd80	0d78feec-8d79-4f60-b94c-c69477929a7d	Animalia	Chordata	Aves	Passeriformes	Pycnonotidae	Arizelocichla	Arizelocichla fusciceps		SPECIES	Arizelocichla fusciceps (Shelley, 1893)			TZ	Mdandu Forest Reserve		PRESENT		2e7df380-8356-4533-bcb3-5459e23c794e	-9.579722	34.83							2003-11-08	8	11	2003	6100812	6100812	PRESERVED_SPECIMEN	NHMD	AV	NHMD123831				CC_BY_4_0		Kiure, Jacob			2026-03-18T07:45:42.367Z		COORDINATE_ROUNDED;TAXON_MATCH_HIGHERRANK
4164085534	e5c5cad9-b987-4bb4-b07b-85488c5fdd80	70de9771-382b-4519-8e2e-529714e4e77f	Animalia	Chordata	Aves	Passeriformes	Pycnonotidae	Eurillas	Eurillas latirostris		SPECIES	Eurillas latirostris (Strickland, 1844)			TZ	Mahale Mts.		PRESENT		2e7df380-8356-4533-bcb3-5459e23c794e	-6.199722	29.829722							2004-08-14	14	8	2004	7340356	7340356	PRESERVED_SPECIMEN	NHMD	AV	NHMD124908				CC_BY_4_0		Kiure, Jacob			2026-03-18T07:45:44.884Z		COORDINATE_ROUNDED
4164085490	e5c5cad9-b987-4bb4-b07b-85488c5fdd80	2badaa70-1348-4fdc-af60-94f1b4e68141	Animalia	Chordata	Aves	Passeriformes	Pycnonotidae	Arizelocichla	Arizelocichla masukuensis	roehli	SUBSPECIES	Arizelocichla masukuensis roehli (Reichenow, 1905)			TZ	Mafwemiro Forest		PRESENT		2e7df380-8356-4533-bcb3-5459e23c794e	-6.829722	36.569722							2002-12-02	2	12	2002	6086770	7340439	PRESERVED_SPECIMEN	NHMD	AV	NHMD122810				CC_BY_4_0		Fjeldså, Jon			2026-03-18T07:45:44.880Z		COORDINATE_ROUNDED
4164085484	e5c5cad9-b987-4bb4-b07b-85488c5fdd80	cff3985c-bfd2-434c-bb1f-5f4039f1ac25	Animalia	Chordata	Aves	Passeriformes	Pycnonotidae	Eurillas	Eurillas virens	zombensis	SUBSPECIES	Eurillas virens zombensis (Shelley, 1894)			TZ	Kalambo River Forest Reserve		PRESENT		2e7df380-8356-4533-bcb3-5459e23c794e	-7.869722	30.95							2007-11-28	28	11	2007	6086343	7340348	PRESERVED_SPECIMEN	NHMD	AV	NHMD129200				CC_BY_4_0		Kiure, Jacob			2026-03-18T07:45:44.879Z		COORDINATE_ROUNDED
4164085476	e5c5cad9-b987-4bb4-b07b-85488c5fdd80	c3b9934e-93e9-4460-a860-fb0a71d839be	Animalia	Chordata	Aves	Passeriformes	Pycnonotidae	Pycnonotus	Pycnonotus barbatus	layardi	SUBSPECIES	Pycnonotus barbatus layardi			TZ	Mikindani		PRESENT		2e7df380-8356-4533-bcb3-5459e23c794e	-10.279722	40.119722							1966-06-27	27	6	1966	6094955	2486147	PRESERVED_SPECIMEN	NHMD	AV	NHMD132600				CC_BY_4_0		Andersen, Thorkild			2026-03-18T07:45:44.878Z		COORDINATE_ROUNDED
4164085474	e5c5cad9-b987-4bb4-b07b-85488c5fdd80	fa624486-b4c2-410f-bc42-a8ed98d9198f	Animalia	Chordata	Aves	Passeriformes	Pycnonotidae	Pycnonotus	Pycnonotus barbatus	barbatus	SUBSPECIES	Pycnonotus barbatus barbatus (Desfontaines, 1789)			MA	“Andalusien”		PRESENT		2e7df380-8356-4533-bcb3-5459e23c794e													7342241	2486147	PRESERVED_SPECIMEN	NHMD	AV	NHMD137987				CC_BY_4_0					2026-03-18T07:45:44.879Z		
4164085443	e5c5cad9-b987-4bb4-b07b-85488c5fdd80	c5e708be-3448-4f00-96c5-4128a3e29105	Animalia	Chordata	Aves	Passeriformes	Pycnonotidae	Eurillas	Eurillas virens	zombensis	SUBSPECIES	Eurillas virens zombensis (Shelley, 1894)			TZ	Ndundulu Forest	Iringa Region	PRESENT		2e7df380-8356-4533-bcb3-5459e23c794e	-7.8	36.5							2007-01-18	18	1	2007	6086343	7340348	PRESERVED_SPECIMEN	NHMD	AV	NHMD129202				CC_BY_4_0		Kiure, Jacob			2026-03-18T07:45:58.730Z		
4164085441	e5c5cad9-b987-4bb4-b07b-85488c5fdd80	f51cf0a0-8d98-495e-b997-4a5a6f14d835	Animalia	Chordata	Aves	Passeriformes	Pycnonotidae	Eurillas	Eurillas virens	zombensis	SUBSPECIES	Eurillas virens zombensis (Shelley, 1894)			TZ	Kanga Forest Reserve		PRESENT		2e7df380-8356-4533-bcb3-5459e23c794e	-6.0	37.7							2003-05-25	25	5	2003	6086343	7340348	PRESERVED_SPECIMEN	NHMD	AV	NHMD122892				CC_BY_4_0		Kiure, Jacob			2026-03-18T07:45:58.730Z		
4164085416	e5c5cad9-b987-4bb4-b07b-85488c5fdd80	f538e0e8-fe38-4540-a091-0d90804965d8	Animalia	Chordata	Aves	Passeriformes	Pycnonotidae	Phyllastrephus	Phyllastrephus flavostriatus	uzungwensis	SUBSPECIES	Phyllastrephus flavostriatus uzungwensis Jensen & Stuart, 1982			TZ	Ndundulu Forest	Iringa Region	PRESENT		2e7df380-8356-4533-bcb3-5459e23c794e	-7.8	36.5							2007-09-09	9	9	2007	6086093	2486089	PRESERVED_SPECIMEN	NHMD	AV	NHMD129169				CC_BY_4_0		Kiure, Jacob			2026-03-18T07:45:42.354Z		
4164085415	e5c5cad9-b987-4bb4-b07b-85488c5fdd80	f69a5f8a-1cc7-4239-b380-195866d7a4d1	Animalia	Chordata	Aves	Passeriformes	Pycnonotidae	Hypsipetes	Hypsipetes philippinus	saturatior	SUBSPECIES	Hypsipetes philippinus saturatior (Hartert, 1916)			PH	Mt. Katanglad Camp 2	Mindanao	PRESENT		2e7df380-8356-4533-bcb3-5459e23c794e	8.098056	124.903056							1951-12-17	17	12	1951	6093854	7342036	PRESERVED_SPECIMEN	NHMD	AV	NHMD134267				CC_BY_4_0					2026-03-18T07:45:42.355Z		COORDINATE_ROUNDED
4164085384	e5c5cad9-b987-4bb4-b07b-85488c5fdd80	058986a7-eab1-4df3-836a-e250a7c94073	Animalia	Chordata	Aves	Passeriformes	Pycnonotidae	Pycnonotus	Pycnonotus goiavier	suluensis	SUBSPECIES	Pycnonotus goiavier suluensis Mearns, 1909			PH	Agay	Mindanao	PRESENT		2e7df380-8356-4533-bcb3-5459e23c794e	9.051667	125.585833							1952-01-09	9	1	1952	6094616	2486144	PRESERVED_SPECIMEN	NHMD	AV	NHMD134237				CC_BY_4_0					2026-03-18T07:45:48.525Z		COORDINATE_ROUNDED
4164085372	e5c5cad9-b987-4bb4-b07b-85488c5fdd80	cf847e45-168d-4682-bef4-8e941b4ae4ff	Animalia	Chordata	Aves	Passeriformes	Pycnonotidae	Arizelocichla	Arizelocichla milanjensis	olivaceiceps	SUBSPECIES	Arizelocichla milanjensis olivaceiceps			TZ	Mt Rungwe Forest Reserve		PRESENT		2e7df380-8356-4533-bcb3-5459e23c794e	-9.13	33.669722							1980-08-19	19	8	1980	6540502	7340424	PRESERVED_SPECIMEN	NHMD	AV	NHMD125067				CC_BY_4_0		Jensen, Flemming			2026-03-18T07:45:58.727Z	StillImage	COORDINATE_ROUNDED
4164085370	e5c5cad9-b987-4bb4-b07b-85488c5fdd80	04bb6514-c1fa-410f-aef4-55b3b86e1a8e	Animalia	Chordata	Aves	Passeriformes	Pycnonotidae	Phyllastrephus	Phyllastrephus cabanisi	placidus	SUBSPECIES	Phyllastrephus cabanisi placidus			TZ	Ukami Forest		PRESENT		2e7df380-8356-4533-bcb3-5459e23c794e	-7.88	36.419722							2003-02-28	28	2	2003	6540392	2486087	PRESERVED_SPECIMEN	NHMD	AV	NHMD133240				CC_BY_4_0		Kiure, Jacob			2026-03-18T07:45:48.523Z		COORDINATE_ROUNDED
4164085361	e5c5cad9-b987-4bb4-b07b-85488c5fdd80	6d06601c-c7b5-406f-a1aa-d616c974e1d3	Animalia	Chordata	Aves	Passeriformes	Pycnonotidae	Arizelocichla	Arizelocichla nigriceps	nigriceps	SUBSPECIES	Arizelocichla nigriceps nigriceps (Shelley, 1889)			TZ	Marang Forest Reserve	Arusha Region	PRESENT		2e7df380-8356-4533-bcb3-5459e23c794e	-3.73	35.63							2004-04-13	13	4	2004	7340427	7340426	PRESERVED_SPECIMEN	NHMD	AV	NHMD129781				CC_BY_4_0		Kiure, Jacob			2026-03-18T07:45:48.522Z		
4164085355	e5c5cad9-b987-4bb4-b07b-85488c5fdd80	3ac8fed2-d2d5-44d8-84b3-1fe504dc418f	Animalia	Chordata	Aves	Passeriformes	Pycnonotidae	Bleda	Bleda syndactylus	woosnami	SUBSPECIES	Bleda syndactylus woosnami Ogilvie-Grant, 1907			TZ	Minziro		PRESENT		2e7df380-8356-4533-bcb3-5459e23c794e	-1.0	31.579722							1953-12-29	29	12	1953	6086855	7340458	PRESERVED_SPECIMEN	NHMD	AV	NHMD120870				CC_BY_4_0		Andersen, Thorkild			2026-03-18T07:45:42.346Z	StillImage	COORDINATE_ROUNDED
4164085337	e5c5cad9-b987-4bb4-b07b-85488c5fdd80	c948b59a-e7f8-469f-86ae-b07fa5346b15	Animalia	Chordata	Aves	Passeriformes	Pycnonotidae	Arizelocichla	Arizelocichla nigriceps	usambarae	SUBSPECIES	Arizelocichla nigriceps usambarae (Grote, 1919)			TZ	Shume Forest		PRESENT		2e7df380-8356-4533-bcb3-5459e23c794e	-4.67	38.25							2009-06-21	21	6	2009	6086710	7340426	PRESERVED_SPECIMEN	NHMD	AV	NHMD127048				CC_BY_4_0		Kiure, Jacob			2026-03-18T07:45:42.345Z		
4164085325	e5c5cad9-b987-4bb4-b07b-85488c5fdd80	c1d728fc-e149-46f9-b87a-3a902fe62a18	Animalia	Chordata	Aves	Passeriformes	Pycnonotidae	Eurillas	Eurillas virens	zombensis	SUBSPECIES	Eurillas virens zombensis (Shelley, 1894)			TZ	Kilindi Forest Reserve		PRESENT		2e7df380-8356-4533-bcb3-5459e23c794e	-5.57	37.569722							2005-05-08	8	5	2005	6086343	7340348	PRESERVED_SPECIMEN	NHMD	AV	NHMD125028				CC_BY_4_0		Kiure, Jacob			2026-03-18T07:45:44.865Z		COORDINATE_ROUNDED
4164085312	e5c5cad9-b987-4bb4-b07b-85488c5fdd80	124467b4-acbb-425e-9eb6-06d981835ab1	Animalia	Chordata	Aves	Passeriformes	Pycnonotidae	Hypsipetes	Hypsipetes philippinus	saturatior	SUBSPECIES	Hypsipetes philippinus saturatior (Hartert, 1916)			PH	Agay	Mindanao	PRESENT		2e7df380-8356-4533-bcb3-5459e23c794e	9.051667	125.585833							1952-01-15	15	1	1952	6093854	7342036	PRESERVED_SPECIMEN	NHMD	AV	NHMD134271				CC_BY_4_0					2026-03-18T07:45:44.864Z		COORDINATE_ROUNDED
4164085311	e5c5cad9-b987-4bb4-b07b-85488c5fdd80	01893a93-e152-4611-ba1d-af529ec95d6e	Animalia	Chordata	Aves	Passeriformes	Pycnonotidae	Pycnonotus	Pycnonotus barbatus	layardi	SUBSPECIES	Pycnonotus barbatus layardi			TZ	Mikindani		PRESENT		2e7df380-8356-4533-bcb3-5459e23c794e	-10.279722	40.119722							1962-11-14	14	11	1962	6094955	2486147	PRESERVED_SPECIMEN	NHMD	AV	NHMD120813				CC_BY_4_0		Andersen, Thorkild			2026-03-18T07:45:44.863Z		COORDINATE_ROUNDED
4164085293	e5c5cad9-b987-4bb4-b07b-85488c5fdd80	b92a3654-dae4-420e-b1b5-0f2520b4fd3c	Animalia	Chordata	Aves	Passeriformes	Pycnonotidae	Phyllastrephus	Phyllastrephus cabanisi		SPECIES	Phyllastrephus cabanisi (Sharpe, 1882)			TZ	Ukami Forest		PRESENT		2e7df380-8356-4533-bcb3-5459e23c794e	-7.88	36.419722							2003-03-13	13	3	2003	2486087	2486087	PRESERVED_SPECIMEN	NHMD	AV	NHMD131216				CC_BY_4_0		Kiure, Jacob			2026-03-18T07:45:42.341Z		COORDINATE_ROUNDED
4164085280	e5c5cad9-b987-4bb4-b07b-85488c5fdd80	21baf0cf-b5f1-45be-b384-d40d2be6ee4e	Animalia	Chordata	Aves	Passeriformes	Pycnonotidae	Arizelocichla	Arizelocichla masukuensis		SPECIES	Arizelocichla masukuensis (Shelley, 1897)			TZ	Ukami Forest		PRESENT		2e7df380-8356-4533-bcb3-5459e23c794e	-7.88	36.419722							2003-03-14	14	3	2003	7340439	7340439	PRESERVED_SPECIMEN	NHMD	AV	NHMD131210				CC_BY_4_0		Kiure, Jacob			2026-03-18T07:45:42.339Z		COORDINATE_ROUNDED
4164085270	e5c5cad9-b987-4bb4-b07b-85488c5fdd80	61a74196-2c06-4615-8cd9-cad4bc13813b	Animalia	Chordata	Aves	Passeriformes	Pycnonotidae	Phyllastrephus	Phyllastrephus cabanisi	placidus	SUBSPECIES	Phyllastrephus cabanisi placidus			TZ	Ukami Forest		PRESENT		2e7df380-8356-4533-bcb3-5459e23c794e	-7.88	36.419722							2003-03-14	14	3	2003	6540392	2486087	PRESERVED_SPECIMEN	NHMD	AV	NHMD123021				CC_BY_4_0		Kiure, Jacob			2026-03-18T07:45:58.715Z		COORDINATE_ROUNDED
4164085253	e5c5cad9-b987-4bb4-b07b-85488c5fdd80	b347ce89-b394-4206-afaa-1b58a48de3ef	Animalia	Chordata	Aves	Passeriformes	Pycnonotidae	Arizelocichla	Arizelocichla masukuensis	roehli	SUBSPECIES	Arizelocichla masukuensis roehli (Reichenow, 1905)			TZ	Nguru South Forest Reserve		PRESENT		2e7df380-8356-4533-bcb3-5459e23c794e	-6.05	37.479722							2004-10-15	15	10	2004	6086770	7340439	PRESERVED_SPECIMEN	NHMD	AV	NHMD124967				CC_BY_4_0		Kiure, Jacob			2026-03-18T07:45:48.502Z		COORDINATE_ROUNDED
4164085214	e5c5cad9-b987-4bb4-b07b-85488c5fdd80	50feda94-4552-4109-8628-fd7f2668fd00	Animalia	Chordata	Aves	Passeriformes	Pycnonotidae	Eurillas	Eurillas virens	zombensis	SUBSPECIES	Eurillas virens zombensis (Shelley, 1894)			TZ	Kalambo River Forest Reserve		PRESENT		2e7df380-8356-4533-bcb3-5459e23c794e	-7.869722	30.95							2007-11-19	19	11	2007	6086343	7340348	PRESERVED_SPECIMEN	NHMD	AV	NHMD129198				CC_BY_4_0		Kiure, Jacob			2026-03-18T07:45:42.329Z		COORDINATE_ROUNDED
4164085194	e5c5cad9-b987-4bb4-b07b-85488c5fdd80	021e4071-afff-451a-9e82-1dd6155b6f21	Animalia	Chordata	Aves	Passeriformes	Pycnonotidae	Phyllastrephus	Phyllastrephus flavostriatus	tenuirostris	SUBSPECIES	Phyllastrephus flavostriatus tenuirostris (Fischer & Reichenow, 1884)			TZ	Kanga Forest Reserve		PRESENT		2e7df380-8356-4533-bcb3-5459e23c794e	-6.0	37.7							2003-11-28	28	11	2003	6086107	2486089	PRESERVED_SPECIMEN	NHMD	AV	NHMD126313				CC_BY_4_0		Kiure, Jacob			2026-03-18T07:45:44.851Z		
4164085171	e5c5cad9-b987-4bb4-b07b-85488c5fdd80	78163d78-80f7-43fd-b4ba-4827536c29fa	Animalia	Chordata	Aves	Passeriformes	Pycnonotidae	Arizelocichla	Arizelocichla fusciceps		SPECIES	Arizelocichla fusciceps (Shelley, 1893)			TZ	Ndundulu Forest	Iringa Region	PRESENT		2e7df380-8356-4533-bcb3-5459e23c794e	-7.8	36.5							2007-03-29	29	3	2007	6100812	6100812	PRESERVED_SPECIMEN	NHMD	AV	NHMD123852				CC_BY_4_0		Kiure, Jacob			2026-03-18T07:45:48.495Z		TAXON_MATCH_HIGHERRANK
4164085135	e5c5cad9-b987-4bb4-b07b-85488c5fdd80	c1fcf053-3ed3-4472-abb2-ce526574c6df	Animalia	Chordata	Aves	Passeriformes	Pycnonotidae	Arizelocichla	Arizelocichla nigriceps	nigriceps	SUBSPECIES	Arizelocichla nigriceps nigriceps (Shelley, 1889)			TZ	Mt. Kilimanjaro		PRESENT		2e7df380-8356-4533-bcb3-5459e23c794e									1967-06-15	15	6	1967	7340427	7340426	PRESERVED_SPECIMEN	NHMD	AV	NHMD119534				CC_BY_4_0		Salanti, M.			2026-03-18T07:45:48.489Z		
4164085077	e5c5cad9-b987-4bb4-b07b-85488c5fdd80	113c562e-38e0-4013-9b2a-47413df1c49c	Animalia	Chordata	Aves	Passeriformes	Pycnonotidae	Phyllastrephus	Phyllastrephus cabanisi	placidus	SUBSPECIES	Phyllastrephus cabanisi placidus			TZ	Liwili Kitesa Forest Reserve		PRESENT		2e7df380-8356-4533-bcb3-5459e23c794e	-11.399722	34.9							2005-12-29	29	12	2005	6540392	2486087	PRESERVED_SPECIMEN	NHMD	AV	NHMD124866				CC_BY_4_0		Kiure, Jacob			2026-03-18T07:45:44.841Z		COORDINATE_ROUNDED
4164085065	e5c5cad9-b987-4bb4-b07b-85488c5fdd80	fb2befa5-54c1-4f46-aae8-fc30232268da	Animalia	Chordata	Aves	Passeriformes	Pycnonotidae	Eurillas	Eurillas virens		SPECIES	Eurillas virens (Cassin, 1857)			TZ	Ukami Forest		PRESENT		2e7df380-8356-4533-bcb3-5459e23c794e	-7.88	36.419722							2003-02-27	27	2	2003	7340348	7340348	PRESERVED_SPECIMEN	NHMD	AV	NHMD131211				CC_BY_4_0		Kiure, Jacob			2026-03-18T07:45:42.316Z		COORDINATE_ROUNDED
4164085046	e5c5cad9-b987-4bb4-b07b-85488c5fdd80	7fae6332-3e64-4e60-a64c-b77c2613845f	Animalia	Chordata	Aves	Passeriformes	Pycnonotidae	Eurillas	Eurillas virens	zombensis	SUBSPECIES	Eurillas virens zombensis (Shelley, 1894)			TZ	Ndundulu Forest	Iringa Region	PRESENT		2e7df380-8356-4533-bcb3-5459e23c794e	-7.8	36.5							2007-01-19	19	1	2007	6086343	7340348	PRESERVED_SPECIMEN	NHMD	AV	NHMD125022				CC_BY_4_0		Kiure, Jacob			2026-03-18T07:45:58.694Z		
4164085044	e5c5cad9-b987-4bb4-b07b-85488c5fdd80	5c9845fd-0109-42b3-9542-b78dc7039094	Animalia	Chordata	Aves	Passeriformes	Pycnonotidae	Arizelocichla	Arizelocichla fusciceps		SPECIES	Arizelocichla fusciceps (Shelley, 1893)			TZ	Ndundulu Forest	Iringa Region	PRESENT		2e7df380-8356-4533-bcb3-5459e23c794e	-7.8	36.5							2007-03-23	23	3	2007	6100812	6100812	PRESERVED_SPECIMEN	NHMD	AV	NHMD123858				CC_BY_4_0		Kiure, Jacob			2026-03-18T07:45:48.480Z		TAXON_MATCH_HIGHERRANK
4164085030	e5c5cad9-b987-4bb4-b07b-85488c5fdd80	96a9c528-3a8b-4cb6-b92a-0f5500d2a198	Animalia	Chordata	Aves	Passeriformes	Pycnonotidae	Phyllastrephus	Phyllastrephus flavostriatus	tenuirostris	SUBSPECIES	Phyllastrephus flavostriatus tenuirostris (Fischer & Reichenow, 1884)			TZ	Nguru Mts.		PRESENT		2e7df380-8356-4533-bcb3-5459e23c794e	-6.0	37.5							1949-01-11	11	1	1949	6086107	2486089	PRESERVED_SPECIMEN	NHMD	AV	NHMD122004				CC_BY_4_0		Andersen, Thorkild			2026-03-18T07:45:48.478Z		
4164085024	e5c5cad9-b987-4bb4-b07b-85488c5fdd80	2b9b836e-15c2-41af-8c1a-571a02e1f119	Animalia	Chordata	Aves	Passeriformes	Pycnonotidae	Arizelocichla	Arizelocichla masukuensis	roehli	SUBSPECIES	Arizelocichla masukuensis roehli (Reichenow, 1905)			TZ	Liwili Kitesa Forest Reserve		PRESENT		2e7df380-8356-4533-bcb3-5459e23c794e	-11.399722	34.9							2006-02-01	1	2	2006	6086770	7340439	PRESERVED_SPECIMEN	NHMD	AV	NHMD124946				CC_BY_4_0		Kiure, Jacob			2026-03-18T07:45:58.693Z		COORDINATE_ROUNDED
4164085008	e5c5cad9-b987-4bb4-b07b-85488c5fdd80	6166aab5-8681-4e72-926a-0b52796b036a	Animalia	Chordata	Aves	Passeriformes	Pycnonotidae	Arizelocichla	Arizelocichla milanjensis	striifacies	SUBSPECIES	Arizelocichla milanjensis striifacies			TZ	Nguru South Forest Reserve		PRESENT		2e7df380-8356-4533-bcb3-5459e23c794e	-6.05	37.479722							2003-06-20	20	6	2003	6540503	7340424	PRESERVED_SPECIMEN	NHMD	AV	NHMD125050				CC_BY_4_0		Kiure, Jacob			2026-03-18T07:45:42.312Z		COORDINATE_ROUNDED
4164084991	e5c5cad9-b987-4bb4-b07b-85488c5fdd80	31c155c5-3161-4c11-8416-041a1974f5fe	Animalia	Chordata	Aves	Passeriformes	Pycnonotidae	Pycnonotus	Pycnonotus urostictus	philippensis	SUBSPECIES	Poliolophus urostictus philippensis Hachisuka, 1934			PH	Cabanglasan	Mindanao	PRESENT		2e7df380-8356-4533-bcb3-5459e23c794e	8.071944	125.299167							1951-10-25	25	10	1951	11027194	2486143	PRESERVED_SPECIMEN	NHMD	AV	NHMD134257				CC_BY_4_0					2026-03-18T07:45:58.689Z		COORDINATE_ROUNDED
4164084984	e5c5cad9-b987-4bb4-b07b-85488c5fdd80	fc4e2907-afa3-48d4-a6e0-c47bbc17335b	Animalia	Chordata	Aves	Passeriformes	Pycnonotidae	Phyllastrephus	Phyllastrephus albigula		SPECIES	Phyllastrephus albigula (Grote, 1919)			TZ	Nguru South Forest Reserve		PRESENT		2e7df380-8356-4533-bcb3-5459e23c794e	-6.05	37.479722							2003-06-19	19	6	2003	6086037	6086037	PRESERVED_SPECIMEN	NHMD	AV	NHMD122921				CC_BY_4_0		Kiure, Jacob			2026-03-18T07:45:44.834Z		COORDINATE_ROUNDED
4164084967	e5c5cad9-b987-4bb4-b07b-85488c5fdd80	12c35a4a-ef0b-47ee-bff6-530cbfd62114	Animalia	Chordata	Aves	Passeriformes	Pycnonotidae	Arizelocichla	Arizelocichla fusciceps		SPECIES	Arizelocichla fusciceps (Shelley, 1893)			TZ	Ukami Forest		PRESENT		2e7df380-8356-4533-bcb3-5459e23c794e	-7.88	36.419722							2003			2003	6100812	6100812	PRESERVED_SPECIMEN	NHMD	AV	NHMD123089				CC_BY_4_0		Kiure, Jacob			2026-03-18T07:45:44.832Z		COORDINATE_ROUNDED;TAXON_MATCH_HIGHERRANK
4164084964	e5c5cad9-b987-4bb4-b07b-85488c5fdd80	94a30709-c0f0-42d1-abb0-6c71f35fef47	Animalia	Chordata	Aves	Passeriformes	Pycnonotidae	Hypsipetes	Hypsipetes mindorensis		SPECIES	Hypsipetes mindorensis (Steere, 1890)			PH	Ilong Peak	Mimaropa	PRESENT		2e7df380-8356-4533-bcb3-5459e23c794e									1954-05-07	7	5	1954	6093905	6093905	PRESERVED_SPECIMEN	NHMD	AV	NHMD135143				CC_BY_4_0		Rabor, D.			2026-03-18T07:45:58.686Z		
4164084936	e5c5cad9-b987-4bb4-b07b-85488c5fdd80	b0e0f7b4-2354-40fd-bcca-5355a496b8d0	Animalia	Chordata	Aves	Passeriformes	Pycnonotidae	Phyllastrephus	Phyllastrephus flavostriatus	tenuirostris	SUBSPECIES	Phyllastrephus flavostriatus tenuirostris (Fischer & Reichenow, 1884)			TZ	Nguru South Forest Reserve		PRESENT		2e7df380-8356-4533-bcb3-5459e23c794e	-6.05	37.479722							2005-03-16	16	3	2005	6086107	2486089	PRESERVED_SPECIMEN	NHMD	AV	NHMD126307				CC_BY_4_0		Kiure, Jacob			2026-03-18T07:45:44.825Z		COORDINATE_ROUNDED
4164084920	e5c5cad9-b987-4bb4-b07b-85488c5fdd80	e65e5bc4-4147-4ce6-a369-f88a949b5c59	Animalia	Chordata	Aves	Passeriformes	Pycnonotidae	Hypsipetes	Hypsipetes amaurotis		SPECIES	Hypsipetes amaurotis (Temminck, 1830)				unnamed locality		PRESENT		2e7df380-8356-4533-bcb3-5459e23c794e													7342055	7342055	PRESERVED_SPECIMEN	NHMD	AV	NHMD130750				CC_BY_4_0					2026-03-18T07:45:58.686Z		
4164084880	e5c5cad9-b987-4bb4-b07b-85488c5fdd80	2a53c252-da79-47b8-9eae-a4beb9dd186c	Animalia	Chordata	Aves	Passeriformes	Pycnonotidae	Phyllastrephus	Phyllastrephus cabanisi	sucosus	SUBSPECIES	Phyllastrephus cabanisi sucosus Reichenow, 1903			SS	Gilo		PRESENT		2e7df380-8356-4533-bcb3-5459e23c794e	4.0308	32.845325							1980-11-21	21	11	1980	6086217	2486087	PRESERVED_SPECIMEN	NHMD	AV	NHMD127295				CC_BY_4_0		Jensen, Flemming			2026-03-18T07:45:42.294Z		
4164084826	e5c5cad9-b987-4bb4-b07b-85488c5fdd80	247c2975-984b-4953-8ffb-4410f8a7d78f	Animalia	Chordata	Aves	Passeriformes	Pycnonotidae	Phyllastrephus	Phyllastrephus albigularis		SPECIES	Phyllastrephus albigularis (Sharpe, 1882)			SS	Talanga Forest		PRESENT		2e7df380-8356-4533-bcb3-5459e23c794e	4.029236	32.751611							1980-12-06	6	12	1980	2486093	2486093	PRESERVED_SPECIMEN	NHMD	AV	NHMD129166				CC_BY_4_0		Jensen, Flemming			2026-03-18T07:45:42.283Z		COORDINATE_ROUNDED
4164084794	e5c5cad9-b987-4bb4-b07b-85488c5fdd80	50011da4-a2f5-4189-a596-0592ed54a111	Animalia	Chordata	Aves	Passeriformes	Pycnonotidae	Phyllastrephus	Phyllastrephus flavostriatus	tenuirostris	SUBSPECIES	Phyllastrephus flavostriatus tenuirostris (Fischer & Reichenow, 1884)			TZ	Kilindi Forest Reserve		PRESENT		2e7df380-8356-4533-bcb3-5459e23c794e	-5.57	37.569722							2005-05-19	19	5	2005	6086107	2486089	PRESERVED_SPECIMEN	NHMD	AV	NHMD123766				CC_BY_4_0		Kiure, Jacob			2026-03-18T07:45:48.453Z		COORDINATE_ROUNDED
4164084788	e5c5cad9-b987-4bb4-b07b-85488c5fdd80	b8b2e847-1556-4cb0-8d74-725f52f96f66	Animalia	Chordata	Aves	Passeriformes	Pycnonotidae	Phyllastrephus	Phyllastrephus fischeri		SPECIES	Phyllastrephus fischeri (Reichenow, 1879)			TZ	West of Ruipa river		PRESENT		2e7df380-8356-4533-bcb3-5459e23c794e	-8.119722	36.33							1995-11-26	26	11	1995	2486097	2486097	PRESERVED_SPECIMEN	NHMD	AV	NHMD121901				CC_BY_4_0		Bolding Kristensen, Jan			2026-03-18T07:45:58.669Z	StillImage	COORDINATE_ROUNDED
4164084769	e5c5cad9-b987-4bb4-b07b-85488c5fdd80	e4e737bb-5d4f-465d-8fa5-aa9c869b69eb	Animalia	Chordata	Aves	Passeriformes	Pycnonotidae	Phyllastrephus	Phyllastrephus cabanisi	placidus	SUBSPECIES	Phyllastrephus cabanisi placidus			TZ	Nguru South Forest Reserve		PRESENT		2e7df380-8356-4533-bcb3-5459e23c794e	-6.05	37.479722							2005-03-22	22	3	2005	6540392	2486087	PRESERVED_SPECIMEN	NHMD	AV	NHMD126286				CC_BY_4_0		Kiure, Jacob			2026-03-18T07:45:48.450Z		COORDINATE_ROUNDED
4164084700	e5c5cad9-b987-4bb4-b07b-85488c5fdd80	4b555638-5705-476c-936c-f1da78e3b3a4	Animalia	Chordata	Aves	Passeriformes	Pycnonotidae	Eurillas	Eurillas latirostris	latirostris	SUBSPECIES	Eurillas latirostris latirostris (Strickland, 1844)			TZ	Mahale Mts.		PRESENT		2e7df380-8356-4533-bcb3-5459e23c794e	-6.199722	29.829722							2004-08-15	15	8	2004	6086380	7340356	PRESERVED_SPECIMEN	NHMD	AV	NHMD124901				CC_BY_4_0		Kiure, Jacob			2026-03-18T07:45:48.443Z		COORDINATE_ROUNDED
4164084670	e5c5cad9-b987-4bb4-b07b-85488c5fdd80	df995da6-a014-4b2c-bdbd-5e1d958d12c8	Animalia	Chordata	Aves	Passeriformes	Pycnonotidae	Arizelocichla	Arizelocichla masukuensis	roehli	SUBSPECIES	Arizelocichla masukuensis roehli (Reichenow, 1905)			TZ	Ndundulu Forest	Iringa Region	PRESENT		2e7df380-8356-4533-bcb3-5459e23c794e	-7.8	36.5							2007-03-21	21	3	2007	6086770	7340439	PRESERVED_SPECIMEN	NHMD	AV	NHMD124939				CC_BY_4_0		Kiure, Jacob			2026-03-18T07:45:48.438Z		
4164084643	e5c5cad9-b987-4bb4-b07b-85488c5fdd80	42566195-0e25-4bd4-a685-4eadcf13001a	Animalia	Chordata	Aves	Passeriformes	Pycnonotidae	Phyllastrephus	Phyllastrephus cabanisi	placidus	SUBSPECIES	Phyllastrephus cabanisi placidus			TZ	Ukami Forest		PRESENT		2e7df380-8356-4533-bcb3-5459e23c794e	-7.88	36.419722							2003-03-14	14	3	2003	6540392	2486087	PRESERVED_SPECIMEN	NHMD	AV	NHMD123022				CC_BY_4_0		Kiure, Jacob			2026-03-18T07:45:48.436Z		COORDINATE_ROUNDED
4164084631	e5c5cad9-b987-4bb4-b07b-85488c5fdd80	df7e4f92-378c-4785-919b-401e40137960	Animalia	Chordata	Aves	Passeriformes	Pycnonotidae	Phyllastrephus	Phyllastrephus flavostriatus	tenuirostris	SUBSPECIES	Phyllastrephus flavostriatus tenuirostris (Fischer & Reichenow, 1884)			TZ	Mafwemiro Forest		PRESENT		2e7df380-8356-4533-bcb3-5459e23c794e	-6.829722	36.569722							2003-06-14	14	6	2003	6086107	2486089	PRESERVED_SPECIMEN	NHMD	AV	NHMD122898				CC_BY_4_0		Kiure, Jacob			2026-03-18T07:45:48.435Z		COORDINATE_ROUNDED
4164084610	e5c5cad9-b987-4bb4-b07b-85488c5fdd80	3db58903-cfea-495d-97a9-b2cba1240bde	Animalia	Chordata	Aves	Passeriformes	Pycnonotidae	Arizelocichla	Arizelocichla masukuensis	roehli	SUBSPECIES	Arizelocichla masukuensis roehli (Reichenow, 1905)			TZ	Ukami Forest		PRESENT		2e7df380-8356-4533-bcb3-5459e23c794e	-7.88	36.419722							2003			2003	6086770	7340439	PRESERVED_SPECIMEN	NHMD	AV	NHMD123011				CC_BY_4_0		Kiure, Jacob			2026-03-18T07:45:42.236Z		COORDINATE_ROUNDED
4164084546	e5c5cad9-b987-4bb4-b07b-85488c5fdd80	9f37c704-a9e4-4ac0-9049-4b728c8860fd	Animalia	Chordata	Aves	Passeriformes	Pycnonotidae	Spizixos	Spizixos semitorques	semitorques	SUBSPECIES	Spizixos semitorques semitorques Swinhoe, 1861			CN	China		PRESENT		2e7df380-8356-4533-bcb3-5459e23c794e													7340280	2486222	PRESERVED_SPECIMEN	NHMD	AV	NHMD137881				CC_BY_4_0		Baun, F.			2026-03-18T07:45:58.650Z		
4164084508	e5c5cad9-b987-4bb4-b07b-85488c5fdd80	4cda157a-7ce1-4356-b10a-82d9e52397f0	Animalia	Chordata	Aves	Passeriformes	Pycnonotidae	Arizelocichla	Arizelocichla masukuensis		SPECIES	Arizelocichla masukuensis (Shelley, 1897)			TZ	Ukami Forest		PRESENT		2e7df380-8356-4533-bcb3-5459e23c794e	-7.88	36.419722							2003-02-25	25	2	2003	7340439	7340439	PRESERVED_SPECIMEN	NHMD	AV	NHMD133243				CC_BY_4_0		Kiure, Jacob			2026-03-18T07:45:58.646Z		COORDINATE_ROUNDED
4164084503	e5c5cad9-b987-4bb4-b07b-85488c5fdd80	5194405b-7f32-46fc-a171-3b1af7cc1f78	Animalia	Chordata	Aves	Passeriformes	Pycnonotidae	Arizelocichla	Arizelocichla masukuensis	roehli	SUBSPECIES	Arizelocichla masukuensis roehli (Reichenow, 1905)			TZ	Mafwemiro Forest		PRESENT		2e7df380-8356-4533-bcb3-5459e23c794e	-6.829722	36.569722							2002-11-20	20	11	2002	6086770	7340439	PRESERVED_SPECIMEN	NHMD	AV	NHMD122768				CC_BY_4_0		Bolding Kristensen, Jan			2026-03-18T07:45:58.646Z		COORDINATE_ROUNDED
4164084491	e5c5cad9-b987-4bb4-b07b-85488c5fdd80	2f31cccc-6c30-43d7-be14-c5255fd23b44	Animalia	Chordata	Aves	Passeriformes	Pycnonotidae	Phyllastrephus	Phyllastrephus flavostriatus	tenuirostris	SUBSPECIES	Phyllastrephus flavostriatus tenuirostris (Fischer & Reichenow, 1884)			TZ	Nguru South Forest Reserve		PRESENT		2e7df380-8356-4533-bcb3-5459e23c794e	-6.05	37.479722							2005-03-16	16	3	2005	6086107	2486089	PRESERVED_SPECIMEN	NHMD	AV	NHMD123784				CC_BY_4_0		Kiure, Jacob			2026-03-18T07:45:42.208Z	StillImage	COORDINATE_ROUNDED
4164084486	e5c5cad9-b987-4bb4-b07b-85488c5fdd80	5bc8d0fe-15d0-4484-84a0-92b2ff8a5b15	Animalia	Chordata	Aves	Passeriformes	Pycnonotidae	Phyllastrephus	Phyllastrephus cabanisi	placidus	SUBSPECIES	Phyllastrephus cabanisi placidus			TZ	Nguru South Forest Reserve		PRESENT		2e7df380-8356-4533-bcb3-5459e23c794e	-6.05	37.479722							2003-06-18	18	6	2003	6540392	2486087	PRESERVED_SPECIMEN	NHMD	AV	NHMD122909				CC_BY_4_0		Kiure, Jacob			2026-03-18T07:45:42.206Z		COORDINATE_ROUNDED
4164084472	e5c5cad9-b987-4bb4-b07b-85488c5fdd80	5a0a31f5-c649-4b8f-b171-011948f32a30	Animalia	Chordata	Aves	Passeriformes	Pycnonotidae	Pycnonotus	Pycnonotus bimaculatus		SPECIES	Pycnonotus bimaculatus (Horsfield, 1821)			DK	Captivity (Zoologisk Have, København)	Region Hovedstaden	PRESENT		2e7df380-8356-4533-bcb3-5459e23c794e													2486136	2486136	PRESERVED_SPECIMEN	NHMD	AV	NHMD137994				CC_BY_4_0					2026-03-18T07:45:44.782Z		
4164084445	e5c5cad9-b987-4bb4-b07b-85488c5fdd80	d919b073-2f62-48bd-97fe-ad8b3ef307f9	Animalia	Chordata	Aves	Passeriformes	Pycnonotidae	Arizelocichla	Arizelocichla masukuensis	roehli	SUBSPECIES	Arizelocichla masukuensis roehli (Reichenow, 1905)			TZ	Nguru South Forest Reserve		PRESENT		2e7df380-8356-4533-bcb3-5459e23c794e	-6.2	37.516667							2003-06-06	6	6	2003	6086770	7340439	PRESERVED_SPECIMEN	NHMD	AV	NHMD129763				CC_BY_4_0		Kiure, Jacob			2026-03-18T07:45:44.778Z		COORDINATE_ROUNDED
4164084418	e5c5cad9-b987-4bb4-b07b-85488c5fdd80	ddcde130-ba68-4195-a159-c43c8ed555cb	Animalia	Chordata	Aves	Passeriformes	Pycnonotidae	Arizelocichla	Arizelocichla masukuensis	roehli	SUBSPECIES	Arizelocichla masukuensis roehli (Reichenow, 1905)			TZ	Ndundulu Forest	Iringa Region	PRESENT		2e7df380-8356-4533-bcb3-5459e23c794e	-7.8	36.5							2006-12-30	30	12	2006	6086770	7340439	PRESERVED_SPECIMEN	NHMD	AV	NHMD124936				CC_BY_4_0		Kiure, Jacob			2026-03-18T07:45:48.417Z		
4164084406	e5c5cad9-b987-4bb4-b07b-85488c5fdd80	664f8661-5143-485a-833a-c43e7fb647cc	Animalia	Chordata	Aves	Passeriformes	Pycnonotidae	Phyllastrephus	Phyllastrephus cabanisi	placidus	SUBSPECIES	Phyllastrephus cabanisi placidus			TZ	Lossongonoi Plateau		PRESENT		2e7df380-8356-4533-bcb3-5459e23c794e	-4.059722	37.13							2006-08-13	13	8	2006	6540392	2486087	PRESERVED_SPECIMEN	NHMD	AV	NHMD124896				CC_BY_4_0		Kiure, Jacob			2026-03-18T07:45:44.774Z		COORDINATE_ROUNDED
4164084374	e5c5cad9-b987-4bb4-b07b-85488c5fdd80	9bdfc798-7a99-42ba-9a14-620e3283571f	Animalia	Chordata	Aves	Passeriformes	Pycnonotidae	Arizelocichla	Arizelocichla masukuensis	roehli	SUBSPECIES	Arizelocichla masukuensis roehli (Reichenow, 1905)			TZ	Ukami Forest		PRESENT		2e7df380-8356-4533-bcb3-5459e23c794e	-7.88	36.419722							2003			2003	6086770	7340439	PRESERVED_SPECIMEN	NHMD	AV	NHMD123002				CC_BY_4_0		Kiure, Jacob			2026-03-18T07:45:44.771Z		COORDINATE_ROUNDED
4164084356	e5c5cad9-b987-4bb4-b07b-85488c5fdd80	4d740384-e46c-404f-b429-5c48161c8660	Animalia	Chordata	Aves	Passeriformes	Pycnonotidae	Arizelocichla	Arizelocichla masukuensis	roehli	SUBSPECIES	Arizelocichla masukuensis roehli (Reichenow, 1905)			TZ	Kilindi Forest Reserve		PRESENT		2e7df380-8356-4533-bcb3-5459e23c794e	-5.57	37.569722							2005-05-19	19	5	2005	6086770	7340439	PRESERVED_SPECIMEN	NHMD	AV	NHMD124940				CC_BY_4_0		Kiure, Jacob			2026-03-18T07:45:58.637Z		COORDINATE_ROUNDED
4164084351	e5c5cad9-b987-4bb4-b07b-85488c5fdd80	89a48c58-988c-4392-87fa-43b070400471	Animalia	Chordata	Aves	Passeriformes	Pycnonotidae	Phyllastrephus	Phyllastrephus albigularis	albigularis	SUBSPECIES	Phyllastrephus albigularis albigularis (Sharpe, 1882)			SS	Talanga Forest		PRESENT		2e7df380-8356-4533-bcb3-5459e23c794e	4.029236	32.751611							1980-12-02	2	12	1980	7340305	2486093	PRESERVED_SPECIMEN	NHMD	AV	NHMD137406				CC_BY_4_0		Jensen, Flemming			2026-03-18T07:45:44.769Z		COORDINATE_ROUNDED
4164084306	e5c5cad9-b987-4bb4-b07b-85488c5fdd80	6cfca52f-f067-4476-ab41-a0d5f8cdb43f	Animalia	Chordata	Aves	Passeriformes	Pycnonotidae	Arizelocichla	Arizelocichla masukuensis	masukuensis	SUBSPECIES	Arizelocichla masukuensis masukuensis (Shelley, 1897)			TZ	Poroto Mts FR		PRESENT		2e7df380-8356-4533-bcb3-5459e23c794e	-9.016667	33.75							2008-03-23	23	3	2008	6086761	7340439	PRESERVED_SPECIMEN	NHMD	AV	NHMD125815				CC_BY_4_0		Kiure, Jacob			2026-03-18T07:45:48.401Z		COORDINATE_ROUNDED
4164084301	e5c5cad9-b987-4bb4-b07b-85488c5fdd80	efc8a617-22dc-4b00-ad54-d800226694a1	Animalia	Chordata	Aves	Passeriformes	Pycnonotidae	Arizelocichla	Arizelocichla masukuensis	roehli	SUBSPECIES	Arizelocichla masukuensis roehli (Reichenow, 1905)			TZ	Nguru South Forest Reserve		PRESENT		2e7df380-8356-4533-bcb3-5459e23c794e	-6.2	37.516667							2003-06-19	19	6	2003	6086770	7340439	PRESERVED_SPECIMEN	NHMD	AV	NHMD129739				CC_BY_4_0		Kiure, Jacob			2026-03-18T07:45:48.399Z		COORDINATE_ROUNDED
4164084297	e5c5cad9-b987-4bb4-b07b-85488c5fdd80	4904f308-bde1-4404-9f32-a4ffd76d09d2	Animalia	Chordata	Aves	Passeriformes	Pycnonotidae	Arizelocichla	Arizelocichla fusciceps		SPECIES	Arizelocichla fusciceps (Shelley, 1893)			TZ	Ndundulu Forest	Iringa Region	PRESENT		2e7df380-8356-4533-bcb3-5459e23c794e	-7.8	36.5							2007-03-19	19	3	2007	6100812	6100812	PRESERVED_SPECIMEN	NHMD	AV	NHMD123857				CC_BY_4_0		Kiure, Jacob			2026-03-18T07:45:42.122Z		TAXON_MATCH_HIGHERRANK
4164084285	e5c5cad9-b987-4bb4-b07b-85488c5fdd80	8a6ec819-dac2-4755-bf62-c5a07992c1ed	Animalia	Chordata	Aves	Passeriformes	Pycnonotidae	Eurillas	Eurillas virens	zombensis	SUBSPECIES	Eurillas virens zombensis (Shelley, 1894)			TZ	Ndundulu Forest	Iringa Region	PRESENT		2e7df380-8356-4533-bcb3-5459e23c794e	-7.8	36.5							2007-06-09	9	6	2007	6086343	7340348	PRESERVED_SPECIMEN	NHMD	AV	NHMD129709				CC_BY_4_0		Kiure, Jacob			2026-03-18T07:45:58.630Z		
4164084279	e5c5cad9-b987-4bb4-b07b-85488c5fdd80	f40d6be0-4602-45d7-aaf4-e147faaf4010	Animalia	Chordata	Aves	Passeriformes	Pycnonotidae	Andropadus	Andropadus importunus	hypoxanthus	SUBSPECIES	Andropadus importunus hypoxanthus Sharpe, 1876			TZ	Mikindani		PRESENT		2e7df380-8356-4533-bcb3-5459e23c794e	-10.279722	40.119722							1962-08-01	1	8	1962	6086920	2486162	PRESERVED_SPECIMEN	NHMD	AV	NHMD120844				CC_BY_4_0		Andersen, Thorkild			2026-03-18T07:45:58.630Z		COORDINATE_ROUNDED
4164084259	e5c5cad9-b987-4bb4-b07b-85488c5fdd80	9ed4f895-5685-4064-977c-9f83ffb9aaa9	Animalia	Chordata	Aves	Passeriformes	Pycnonotidae	Arizelocichla	Arizelocichla masukuensis		SPECIES	Arizelocichla masukuensis (Shelley, 1897)			TZ	Poroto Mts FR		PRESENT		2e7df380-8356-4533-bcb3-5459e23c794e	-9.016944	33.75							2008-12-29	29	12	2008	7340439	7340439	PRESERVED_SPECIMEN	NHMD	AV	NHMD126855				CC_BY_4_0		Kiure, Jacob			2026-03-18T07:45:42.110Z		COORDINATE_ROUNDED;TAXON_MATCH_HIGHERRANK
4164084255	e5c5cad9-b987-4bb4-b07b-85488c5fdd80	bc2ee900-d229-4cfc-8c22-f70ef702fe06	Animalia	Chordata	Aves	Passeriformes	Pycnonotidae	Arizelocichla	Arizelocichla masukuensis	roehli	SUBSPECIES	Arizelocichla masukuensis roehli (Reichenow, 1905)			TZ	Uluguru Mts.		PRESENT		2e7df380-8356-4533-bcb3-5459e23c794e	-7.0	39.666667							1962-03-10	10	3	1962	6086770	7340439	PRESERVED_SPECIMEN	NHMD	AV	NHMD120822				CC_BY_4_0		Andersen, Thorkild			2026-03-18T07:45:44.761Z		COORDINATE_ROUNDED;CONTINENT_COORDINATE_MISMATCH
4164084251	e5c5cad9-b987-4bb4-b07b-85488c5fdd80	1b8a4805-9c5e-43a7-b7c3-ad386d72a28f	Animalia	Chordata	Aves	Passeriformes	Pycnonotidae	Arizelocichla	Arizelocichla fusciceps		SPECIES	Arizelocichla fusciceps (Shelley, 1893)			TZ	Ndundulu Forest	Iringa Region	PRESENT		2e7df380-8356-4533-bcb3-5459e23c794e	-7.8	36.5							2007-01-30	30	1	2007	6100812	6100812	PRESERVED_SPECIMEN	NHMD	AV	NHMD129211				CC_BY_4_0		Kiure, Jacob			2026-03-18T07:45:42.122Z		TAXON_MATCH_HIGHERRANK
4164084242	e5c5cad9-b987-4bb4-b07b-85488c5fdd80	2cc8891e-85f5-461b-b05d-8d344a38c17f	Animalia	Chordata	Aves	Passeriformes	Pycnonotidae	Arizelocichla	Arizelocichla masukuensis	roehli	SUBSPECIES	Arizelocichla masukuensis roehli (Reichenow, 1905)			TZ	Mt Kiboriani Forest Reserve		PRESENT		2e7df380-8356-4533-bcb3-5459e23c794e	-6.283333	36.483333							2004-01-29	29	1	2004	6086770	7340439	PRESERVED_SPECIMEN	NHMD	AV	NHMD129780				CC_BY_4_0		Kiure, Jacob			2026-03-18T07:45:48.394Z		COORDINATE_ROUNDED
4164084238	e5c5cad9-b987-4bb4-b07b-85488c5fdd80	efb19746-ba36-491b-bb13-d8e418271e90	Animalia	Chordata	Aves	Passeriformes	Pycnonotidae	Phyllastrephus	Phyllastrephus flavostriatus	uzungwensis	SUBSPECIES	Phyllastrephus flavostriatus uzungwensis Jensen & Stuart, 1982			TZ	Ukami Forest		PRESENT		2e7df380-8356-4533-bcb3-5459e23c794e	-7.88	36.419722							2003			2003	6086093	2486089	PRESERVED_SPECIMEN	NHMD	AV	NHMD123081				CC_BY_4_0		Kiure, Jacob			2026-03-18T07:45:58.627Z		COORDINATE_ROUNDED
4164084234	e5c5cad9-b987-4bb4-b07b-85488c5fdd80	aebf67ff-c276-4f02-ae25-152cad4b4867	Animalia	Chordata	Aves	Passeriformes	Pycnonotidae	Phyllastrephus	Phyllastrephus debilis	rabai	SUBSPECIES	Phyllastrephus debilis rabai Hartert & Someren, 1921			TZ	Kingolwira		PRESENT		2e7df380-8356-4533-bcb3-5459e23c794e	-6.619722	37.759722							1961-03-22	22	3	1961	5846134	2486088	PRESERVED_SPECIMEN	NHMD	AV	NHMD122031				CC_BY_4_0		Andersen, Thorkild			2026-03-18T07:45:42.087Z		COORDINATE_ROUNDED
4164084221	e5c5cad9-b987-4bb4-b07b-85488c5fdd80	54d2cde9-09e4-45fb-8cfb-41b0b603e87e	Animalia	Chordata	Aves	Passeriformes	Pycnonotidae	Arizelocichla	Arizelocichla fusciceps		SPECIES	Arizelocichla fusciceps (Shelley, 1893)			TZ	Ndundulu Forest	Iringa Region	PRESENT		2e7df380-8356-4533-bcb3-5459e23c794e	-7.8	36.5							2007-03-22	22	3	2007	6100812	6100812	PRESERVED_SPECIMEN	NHMD	AV	NHMD129694				CC_BY_4_0		Kiure, Jacob			2026-03-18T07:45:42.108Z		TAXON_MATCH_HIGHERRANK
4164084220	e5c5cad9-b987-4bb4-b07b-85488c5fdd80	36c59e67-1929-416c-b108-28b6a2b21c9e	Animalia	Chordata	Aves	Passeriformes	Pycnonotidae	Arizelocichla	Arizelocichla masukuensis	roehli	SUBSPECIES	Arizelocichla masukuensis roehli (Reichenow, 1905)			TZ	Ukami Forest		PRESENT		2e7df380-8356-4533-bcb3-5459e23c794e	-7.88	36.419722							2003			2003	6086770	7340439	PRESERVED_SPECIMEN	NHMD	AV	NHMD123007				CC_BY_4_0		Kiure, Jacob			2026-03-18T07:45:58.620Z		COORDINATE_ROUNDED
4164084208	e5c5cad9-b987-4bb4-b07b-85488c5fdd80	7752066c-44a9-493e-9d46-8476ae8a5c8b	Animalia	Chordata	Aves	Passeriformes	Pycnonotidae	Phyllastrephus	Phyllastrephus flavostriatus	alfredi	SUBSPECIES	Phyllastrephus flavostriatus alfredi			TZ	Mbizi Forest Reserve		PRESENT		2e7df380-8356-4533-bcb3-5459e23c794e	-7.889722	31.68							1997-01-29	29	1	1997	6540367	2486089	PRESERVED_SPECIMEN	NHMD	AV	NHMD122403				CC_BY_4_0		Stephenson, B.			2026-03-18T07:45:42.082Z		COORDINATE_ROUNDED
4164084193	e5c5cad9-b987-4bb4-b07b-85488c5fdd80	4f972f4e-e0dd-48db-90dc-7e406a812487	Animalia	Chordata	Aves	Passeriformes	Pycnonotidae	Pycnonotus	Pycnonotus barbatus		SPECIES	Pycnonotus barbatus (Desfontaines, 1789)			TZ	Mbizi Forest Reserve		PRESENT		2e7df380-8356-4533-bcb3-5459e23c794e	-7.889722	31.68							2008-03-05	5	3	2008	2486147	2486147	PRESERVED_SPECIMEN	NHMD	AV	NHMD125823				CC_BY_4_0		Kiure, Jacob			2026-03-18T07:45:48.388Z		COORDINATE_ROUNDED
4164084187	e5c5cad9-b987-4bb4-b07b-85488c5fdd80	b473c64a-2f79-41de-b8fb-7054f0f1d3e0	Animalia	Chordata	Aves	Passeriformes	Pycnonotidae	Phyllastrephus	Phyllastrephus debilis	rabai	SUBSPECIES	Phyllastrephus debilis rabai Hartert & Someren, 1921			TZ	Mt. Kanga Forest Reserve		PRESENT		2e7df380-8356-4533-bcb3-5459e23c794e	-6.0	37.7							2003-11-21	21	11	2003	5846134	2486088	PRESERVED_SPECIMEN	NHMD	AV	NHMD124913				CC_BY_4_0		Kiure, Jacob			2026-03-18T07:45:48.388Z		
4164084186	e5c5cad9-b987-4bb4-b07b-85488c5fdd80	3e252b41-7798-4acf-891a-dd36602fa8ce	Animalia	Chordata	Aves	Passeriformes	Pycnonotidae	Phyllastrephus	Phyllastrephus flavostriatus	tenuirostris	SUBSPECIES	Phyllastrephus flavostriatus tenuirostris (Fischer & Reichenow, 1884)			TZ	Amani		PRESENT		2e7df380-8356-4533-bcb3-5459e23c794e	-5.099722	38.63							1980-07-13	13	7	1980	6086107	2486089	PRESERVED_SPECIMEN	NHMD	AV	NHMD123790				CC_BY_4_0		Jensen, Flemming			2026-03-18T07:45:58.615Z		COORDINATE_ROUNDED
4164084179	e5c5cad9-b987-4bb4-b07b-85488c5fdd80	67dbe7d9-71ae-4d63-a87e-582e122258e9	Animalia	Chordata	Aves	Passeriformes	Pycnonotidae	Eurillas	Eurillas virens	zombensis	SUBSPECIES	Eurillas virens zombensis (Shelley, 1894)			TZ	Ukami Forest		PRESENT		2e7df380-8356-4533-bcb3-5459e23c794e	-7.88	36.419722							2003-03-03	3	3	2003	6086343	7340348	PRESERVED_SPECIMEN	NHMD	AV	NHMD125016				CC_BY_4_0		Kiure, Jacob			2026-03-18T07:45:48.387Z		COORDINATE_ROUNDED
4164084144	e5c5cad9-b987-4bb4-b07b-85488c5fdd80	3950d542-5646-4dd3-9cc9-c8ec6eb74952	Animalia	Chordata	Aves	Passeriformes	Pycnonotidae	Phyllastrephus	Phyllastrephus cabanisi	placidus	SUBSPECIES	Phyllastrephus cabanisi placidus			TZ	Ukami Forest		PRESENT		2e7df380-8356-4533-bcb3-5459e23c794e	-7.88	36.419722							2003-03-02	2	3	2003	6540392	2486087	PRESERVED_SPECIMEN	NHMD	AV	NHMD124879				CC_BY_4_0		Kiure, Jacob			2026-03-18T07:45:42.074Z		COORDINATE_ROUNDED
4164084126	e5c5cad9-b987-4bb4-b07b-85488c5fdd80	73cfc35c-69d7-4d44-9160-39bb4dc5bc3d	Animalia	Chordata	Aves	Passeriformes	Pycnonotidae	Phyllastrephus	Phyllastrephus flavostriatus	tenuirostris	SUBSPECIES	Phyllastrephus flavostriatus tenuirostris (Fischer & Reichenow, 1884)			TZ	Nguru South Forest Reserve		PRESENT		2e7df380-8356-4533-bcb3-5459e23c794e	-6.05	37.479722							2004-10-13	13	10	2004	6086107	2486089	PRESERVED_SPECIMEN	NHMD	AV	NHMD126306				CC_BY_4_0		Kiure, Jacob			2026-03-18T07:45:42.070Z		COORDINATE_ROUNDED
4164084125	e5c5cad9-b987-4bb4-b07b-85488c5fdd80	c59337f4-42cf-4b40-9d1e-274ecc63f58a	Animalia	Chordata	Aves	Passeriformes	Pycnonotidae	Arizelocichla	Arizelocichla masukuensis	roehli	SUBSPECIES	Arizelocichla masukuensis roehli (Reichenow, 1905)			TZ	Nguru South Forest Reserve		PRESENT		2e7df380-8356-4533-bcb3-5459e23c794e	-6.05	37.479722							2005-03-16	16	3	2005	6086770	7340439	PRESERVED_SPECIMEN	NHMD	AV	NHMD126334				CC_BY_4_0		Kiure, Jacob			2026-03-18T07:45:44.753Z		COORDINATE_ROUNDED
4164084108	e5c5cad9-b987-4bb4-b07b-85488c5fdd80	ceb84ed4-bc0b-46a1-a69e-2e47b58fa85d	Animalia	Chordata	Aves	Passeriformes	Pycnonotidae	Hypsipetes	Hypsipetes philippinus	saturatior	SUBSPECIES	Hypsipetes philippinus saturatior (Hartert, 1916)			PH	Mt. Hilong-Hilong	Mindanao	PRESENT		2e7df380-8356-4533-bcb3-5459e23c794e	9.084308	125.697197							1952-01-30	30	1	1952	6093854	7342036	PRESERVED_SPECIMEN	NHMD	AV	NHMD134263				CC_BY_4_0					2026-03-18T07:45:42.064Z		COORDINATE_ROUNDED
4164084078	e5c5cad9-b987-4bb4-b07b-85488c5fdd80	67983932-00a3-43af-a351-52861caf6c4c	Animalia	Chordata	Aves	Passeriformes	Pycnonotidae	Arizelocichla	Arizelocichla masukuensis		SPECIES	Arizelocichla masukuensis (Shelley, 1897)			TZ	Poroto Mts FR		PRESENT		2e7df380-8356-4533-bcb3-5459e23c794e	-9.016944	33.75							2008-12-25	25	12	2008	7340439	7340439	PRESERVED_SPECIMEN	NHMD	AV	NHMD126853				CC_BY_4_0		Kiure, Jacob			2026-03-18T07:45:44.749Z		COORDINATE_ROUNDED;TAXON_MATCH_HIGHERRANK
4164084050	e5c5cad9-b987-4bb4-b07b-85488c5fdd80	0d32b9af-7ed6-4db6-9617-831f88e62226	Animalia	Chordata	Aves	Passeriformes	Pycnonotidae	Phyllastrephus	Phyllastrephus cabanisi	placidus	SUBSPECIES	Phyllastrephus cabanisi placidus			TZ	Ndundulu Forest	Iringa Region	PRESENT		2e7df380-8356-4533-bcb3-5459e23c794e	-7.8	36.5							2007-06-20	20	6	2007	6540392	2486087	PRESERVED_SPECIMEN	NHMD	AV	NHMD129670				CC_BY_4_0		Kiure, Jacob			2026-03-18T07:45:48.374Z		
4164084038	e5c5cad9-b987-4bb4-b07b-85488c5fdd80	bda7f4f4-b40f-4681-808b-7a2b3e798837	Animalia	Chordata	Aves	Passeriformes	Pycnonotidae	Pycnonotus	Pycnonotus barbatus	layardi	SUBSPECIES	Pycnonotus barbatus layardi			TZ	Ndundulu Forest	Iringa Region	PRESENT		2e7df380-8356-4533-bcb3-5459e23c794e	-7.8	36.5							2007-06-12	12	6	2007	6094955	2486147	PRESERVED_SPECIMEN	NHMD	AV	NHMD125073				CC_BY_4_0		Kiure, Jacob			2026-03-18T07:45:44.747Z		
4164084035	e5c5cad9-b987-4bb4-b07b-85488c5fdd80	791b56d1-1603-4f76-8412-1a5826925a86	Animalia	Chordata	Aves	Passeriformes	Pycnonotidae	Arizelocichla	Arizelocichla masukuensis		SPECIES	Arizelocichla masukuensis (Shelley, 1897)			TZ	Kungwe Forest	Kigoma Region	PRESENT		2e7df380-8356-4533-bcb3-5459e23c794e	-6.13	29.799722							2004-08-29	29	8	2004	7340439	7340439	PRESERVED_SPECIMEN	NHMD	AV	NHMD124998				CC_BY_4_0		Kiure, Jacob			2026-03-18T07:45:42.053Z	StillImage	COORDINATE_ROUNDED;TAXON_MATCH_HIGHERRANK
4164084002	e5c5cad9-b987-4bb4-b07b-85488c5fdd80	3f6ab0ca-fd14-4d94-bf5b-c9078a81b61b	Animalia	Chordata	Aves	Passeriformes	Pycnonotidae	Arizelocichla	Arizelocichla milanjensis	striifacies	SUBSPECIES	Arizelocichla milanjensis striifacies			TZ	Uluguru Mts.		PRESENT		2e7df380-8356-4533-bcb3-5459e23c794e	-7.0	39.666667							1962-06-19	19	6	1962	6540503	7340424	PRESERVED_SPECIMEN	NHMD	AV	NHMD120873				CC_BY_4_0		Andersen, Thorkild			2026-03-18T07:45:48.370Z		COORDINATE_ROUNDED;CONTINENT_COORDINATE_MISMATCH
4164083988	e5c5cad9-b987-4bb4-b07b-85488c5fdd80	a2d1ef91-b2a6-4b8f-b4e4-6d9a62512dc2	Animalia	Chordata	Aves	Passeriformes	Pycnonotidae	Pycnonotus	Pycnonotus barbatus	tricolor	SUBSPECIES	Pycnonotus barbatus tricolor			CD	Karambi		PRESENT		2e7df380-8356-4533-bcb3-5459e23c794e	-1.873611	28.453611							2008-02-23	23	2	2008	6542538	2486147	PRESERVED_SPECIMEN	NHMD	AV	NHMD127197				CC_BY_4_0		Kizungu, B.			2026-03-18T07:45:58.589Z		COORDINATE_ROUNDED
4164083976	e5c5cad9-b987-4bb4-b07b-85488c5fdd80	8fcb2b18-8f75-4ac2-a717-620c8cd0200f	Animalia	Chordata	Aves	Passeriformes	Pycnonotidae	Thapsinillas	Thapsinillas affinis		SPECIES	Thapsinillas affinis (Hombron & Jacquinot, 1841)			ID	Buru loc.2 (700 m)	Buru	PRESENT		2e7df380-8356-4533-bcb3-5459e23c794e	-3.206667	126.075833							2011-02-03	3	2	2011	6100816	6100816	PRESERVED_SPECIMEN	NHMD	AV	NHMD129613				CC_BY_4_0		Jønsson, Knud			2026-03-18T07:45:58.589Z		COORDINATE_ROUNDED;TAXON_MATCH_HIGHERRANK
4164083965	e5c5cad9-b987-4bb4-b07b-85488c5fdd80	c5c11f87-ff26-4924-b1bc-18d9af423a41	Animalia	Chordata	Aves	Passeriformes	Pycnonotidae	Phyllastrephus	Phyllastrephus flavostriatus	uzungwensis	SUBSPECIES	Phyllastrephus flavostriatus uzungwensis Jensen & Stuart, 1982			TZ	Mwanihana Forest		PRESENT		2e7df380-8356-4533-bcb3-5459e23c794e	-7.8	36.869722							1982-07-24	24	7	1982	6086093	2486089	PRESERVED_SPECIMEN	NHMD	AV	NHMD123758				CC_BY_4_0		Msuya, C.			2026-03-18T07:45:58.587Z		COORDINATE_ROUNDED
4164083963	e5c5cad9-b987-4bb4-b07b-85488c5fdd80	86b7200f-5ccb-459d-a6df-a7aebf36671f	Animalia	Chordata	Aves	Passeriformes	Pycnonotidae	Thapsinillas	Thapsinillas affinis	affinis	SUBSPECIES	Thapsinillas affinis affinis (Hombron & Jacquinot, 1841)			ID	Sawai, Seram		PRESENT		2e7df380-8356-4533-bcb3-5459e23c794e	-2.96895	129.185233							2012-02-01	1	2	2012	9104663	6100816	PRESERVED_SPECIMEN	NHMD	AV	NHMD131351				CC_BY_4_0		Jønsson, Knud;Fabre, Pierre-Henri;Poulsen, Michael;Reeve, Andrew;Haryoko, Tri			2026-03-18T07:45:58.586Z		COORDINATE_ROUNDED
4164083955	e5c5cad9-b987-4bb4-b07b-85488c5fdd80	dded9024-cafc-4a9c-8b71-96fc7fe662d3	Animalia	Chordata	Aves	Passeriformes	Pycnonotidae	Arizelocichla	Arizelocichla masukuensis	roehli	SUBSPECIES	Arizelocichla masukuensis roehli (Reichenow, 1905)			TZ	Ndundulu Forest	Iringa Region	PRESENT		2e7df380-8356-4533-bcb3-5459e23c794e	-7.8	36.5							2007-06-07	7	6	2007	6086770	7340439	PRESERVED_SPECIMEN	NHMD	AV	NHMD129759				CC_BY_4_0		Kiure, Jacob			2026-03-18T07:45:42.043Z		
4164083951	e5c5cad9-b987-4bb4-b07b-85488c5fdd80	d9514a91-a318-4a45-83d9-7ea129146fa6	Animalia	Chordata	Aves	Passeriformes	Pycnonotidae	Arizelocichla	Arizelocichla masukuensis	roehli	SUBSPECIES	Arizelocichla masukuensis roehli (Reichenow, 1905)			TZ	Mafwemiro Forest		PRESENT		2e7df380-8356-4533-bcb3-5459e23c794e	-6.829722	36.569722							2002-12-01	1	12	2002	6086770	7340439	PRESERVED_SPECIMEN	NHMD	AV	NHMD122811				CC_BY_4_0		Fjeldså, Jon			2026-03-18T07:45:58.587Z		COORDINATE_ROUNDED
4164083947	e5c5cad9-b987-4bb4-b07b-85488c5fdd80	5b9cc149-e3cc-47dc-b0d5-fc58cc9e6c9d	Animalia	Chordata	Aves	Passeriformes	Pycnonotidae	Phyllastrephus	Phyllastrephus flavostriatus	tenuirostris	SUBSPECIES	Phyllastrephus flavostriatus tenuirostris (Fischer & Reichenow, 1884)			TZ	Nguru South Forest Reserve		PRESENT		2e7df380-8356-4533-bcb3-5459e23c794e	-6.05	37.479722							2004-10-15	15	10	2004	6086107	2486089	PRESERVED_SPECIMEN	NHMD	AV	NHMD123773				CC_BY_4_0		Kiure, Jacob			2026-03-18T07:45:44.742Z		COORDINATE_ROUNDED
4164083939	e5c5cad9-b987-4bb4-b07b-85488c5fdd80	d40f29a3-7dff-4407-9f51-d63f57cac710	Animalia	Chordata	Aves	Passeriformes	Pycnonotidae	Criniger	Criniger calurus	emini	SUBSPECIES	Criniger calurus emini Chapin, 1948			CD	Laylay		PRESENT		2e7df380-8356-4533-bcb3-5459e23c794e	-1.902222	28.506389							2008-02-27	27	2	2008	7472964	5230289	PRESERVED_SPECIMEN	NHMD	AV	NHMD127230				CC_BY_4_0		Kizungu, B.			2026-03-18T07:45:48.364Z		COORDINATE_ROUNDED
4164083930	e5c5cad9-b987-4bb4-b07b-85488c5fdd80	a9f2b299-5c0c-452d-9f9e-7ea860e54be1	Animalia	Chordata	Aves	Passeriformes	Pycnonotidae	Arizelocichla	Arizelocichla fusciceps		SPECIES	Arizelocichla fusciceps (Shelley, 1893)			TZ	Mt Rungwe Forest Reserve		PRESENT		2e7df380-8356-4533-bcb3-5459e23c794e	-9.13	33.669722							2002-04-03	3	4	2002	6100812	6100812	PRESERVED_SPECIMEN	NHMD	AV	NHMD122604				CC_BY_4_0		Kiure, Jacob			2026-03-18T07:45:48.362Z		COORDINATE_ROUNDED;TAXON_MATCH_HIGHERRANK
4164083924	e5c5cad9-b987-4bb4-b07b-85488c5fdd80	66623e8a-6337-4a48-a43a-2ab274d924bc	Animalia	Chordata	Aves	Passeriformes	Pycnonotidae	Eurillas	Eurillas latirostris	latirostris	SUBSPECIES	Eurillas latirostris latirostris (Strickland, 1844)			TZ	Mahale Mts.		PRESENT		2e7df380-8356-4533-bcb3-5459e23c794e	-6.199722	29.829722							2004-08-15	15	8	2004	6086380	7340356	PRESERVED_SPECIMEN	NHMD	AV	NHMD124904				CC_BY_4_0		Kiure, Jacob			2026-03-18T07:45:58.583Z		COORDINATE_ROUNDED
4164083918	e5c5cad9-b987-4bb4-b07b-85488c5fdd80	c094cbaa-e9d4-4ad1-9b60-62f6ebbc7b87	Animalia	Chordata	Aves	Passeriformes	Pycnonotidae	Phyllastrephus	Phyllastrephus flavostriatus	tenuirostris	SUBSPECIES	Phyllastrephus flavostriatus tenuirostris (Fischer & Reichenow, 1884)			TZ	Pugu Hills		PRESENT		2e7df380-8356-4533-bcb3-5459e23c794e	-6.88	39.08							2008-05-16	16	5	2008	6086107	2486089	PRESERVED_SPECIMEN	NHMD	AV	NHMD125804				CC_BY_4_0		Kiure, Jacob			2026-03-18T07:45:42.039Z		
4164083909	e5c5cad9-b987-4bb4-b07b-85488c5fdd80	c13759a7-6c7e-4b63-927c-ebd9d140328d	Animalia	Chordata	Aves	Passeriformes	Pycnonotidae	Pycnonotus	Pycnonotus urostictus	philippensis	SUBSPECIES	Poliolophus urostictus philippensis Hachisuka, 1934			PH	Tubajon Bay		PRESENT		2e7df380-8356-4533-bcb3-5459e23c794e	10.319722	125.559722							1951-07-17	17	7	1951	11027194	2486143	PRESERVED_SPECIMEN	NHMD	AV	NHMD135006				CC_BY_4_0		Jensen, K.			2026-03-18T07:45:58.581Z		COORDINATE_ROUNDED
4164083902	e5c5cad9-b987-4bb4-b07b-85488c5fdd80	687d3428-7746-41d9-965a-44a73e387545	Animalia	Chordata	Aves	Passeriformes	Pycnonotidae	Arizelocichla	Arizelocichla masukuensis	roehli	SUBSPECIES	Arizelocichla masukuensis roehli (Reichenow, 1905)			TZ	Ukwiva Forest Reserve		PRESENT		2e7df380-8356-4533-bcb3-5459e23c794e	-7.099722	36.669722							2002-09-16	16	9	2002	6086770	7340439	PRESERVED_SPECIMEN	NHMD	AV	NHMD122771				CC_BY_4_0		Kiure, Jacob			2026-03-18T07:45:44.738Z		COORDINATE_ROUNDED
4164083878	e5c5cad9-b987-4bb4-b07b-85488c5fdd80	113e8748-f56c-4067-bf0b-f27936022232	Animalia	Chordata	Aves	Passeriformes	Pycnonotidae	Hypsipetes	Hypsipetes philippinus	saturatior	SUBSPECIES	Hypsipetes philippinus saturatior (Hartert, 1916)			PH	Tuod	Mindanao	PRESENT		2e7df380-8356-4533-bcb3-5459e23c794e	8.343889	124.359444							1951-09-20	20	9	1951	6093854	7342036	PRESERVED_SPECIMEN	NHMD	AV	NHMD134275				CC_BY_4_0					2026-03-18T07:45:44.735Z		COORDINATE_ROUNDED
4164083866	e5c5cad9-b987-4bb4-b07b-85488c5fdd80	635c41da-4535-4a17-8219-ee1e44797b10	Animalia	Chordata	Aves	Passeriformes	Pycnonotidae	Phyllastrephus	Phyllastrephus cabanisi	placidus	SUBSPECIES	Phyllastrephus cabanisi placidus			TZ	Mafwemiro Forest		PRESENT		2e7df380-8356-4533-bcb3-5459e23c794e	-6.829722	36.569722							2002-11-21	21	11	2002	6540392	2486087	PRESERVED_SPECIMEN	NHMD	AV	NHMD122764				CC_BY_4_0		Fjeldså, Jon			2026-03-18T07:45:58.578Z		COORDINATE_ROUNDED
4164083856	e5c5cad9-b987-4bb4-b07b-85488c5fdd80	9c949d16-6ac1-495b-b6f4-e814c0ef8d89	Animalia	Chordata	Aves	Passeriformes	Pycnonotidae	Arizelocichla	Arizelocichla masukuensis	roehli	SUBSPECIES	Arizelocichla masukuensis roehli (Reichenow, 1905)			TZ	Mafwemiro Forest		PRESENT		2e7df380-8356-4533-bcb3-5459e23c794e	-6.829722	36.569722							2002-11-21	21	11	2002	6086770	7340439	PRESERVED_SPECIMEN	NHMD	AV	NHMD122765				CC_BY_4_0		Bolding Kristensen, Jan			2026-03-18T07:45:58.576Z		COORDINATE_ROUNDED
4164083840	e5c5cad9-b987-4bb4-b07b-85488c5fdd80	402d9b3a-c815-43b2-8b7f-ef5722dd20c7	Animalia	Chordata	Aves	Passeriformes	Pycnonotidae	Phyllastrephus	Phyllastrephus cabanisi	placidus	SUBSPECIES	Phyllastrephus cabanisi placidus			TZ	Liwili Kitesa Forest Reserve		PRESENT		2e7df380-8356-4533-bcb3-5459e23c794e	-11.399722	34.9							2006-01-08	8	1	2006	6540392	2486087	PRESERVED_SPECIMEN	NHMD	AV	NHMD124867				CC_BY_4_0		Kiure, Jacob			2026-03-18T07:45:44.729Z	StillImage	COORDINATE_ROUNDED
4164083828	e5c5cad9-b987-4bb4-b07b-85488c5fdd80	f5ec1c67-206d-48e3-a4b9-768156257ded	Animalia	Chordata	Aves	Passeriformes	Pycnonotidae	Arizelocichla	Arizelocichla masukuensis	roehli	SUBSPECIES	Arizelocichla masukuensis roehli (Reichenow, 1905)			TZ	Ndundulu Forest	Iringa Region	PRESENT		2e7df380-8356-4533-bcb3-5459e23c794e	-7.8	36.5							2007-01-18	18	1	2007	6086770	7340439	PRESERVED_SPECIMEN	NHMD	AV	NHMD129746				CC_BY_4_0		Kiure, Jacob			2026-03-18T07:45:44.728Z		
4164083825	e5c5cad9-b987-4bb4-b07b-85488c5fdd80	7abe8e27-f123-4ad1-a9a1-8de6309c0e03	Animalia	Chordata	Aves	Passeriformes	Pycnonotidae	Arizelocichla	Arizelocichla masukuensis	roehli	SUBSPECIES	Arizelocichla masukuensis roehli (Reichenow, 1905)			TZ	Kilindi Forest Reserve		PRESENT		2e7df380-8356-4533-bcb3-5459e23c794e	-5.57	37.569722							2005-05-16	16	5	2005	6086770	7340439	PRESERVED_SPECIMEN	NHMD	AV	NHMD124933				CC_BY_4_0		Kiure, Jacob			2026-03-18T07:45:44.727Z		COORDINATE_ROUNDED
4164083794	e5c5cad9-b987-4bb4-b07b-85488c5fdd80	e3812d23-ad95-45fd-a7dd-748045684273	Animalia	Chordata	Aves	Passeriformes	Pycnonotidae	Phyllastrephus	Phyllastrephus flavostriatus	tenuirostris	SUBSPECIES	Phyllastrephus flavostriatus tenuirostris (Fischer & Reichenow, 1884)			TZ	Nguru South Forest Reserve		PRESENT		2e7df380-8356-4533-bcb3-5459e23c794e	-6.05	37.479722							2004-10-16	16	10	2004	6086107	2486089	PRESERVED_SPECIMEN	NHMD	AV	NHMD123788				CC_BY_4_0		Kiure, Jacob			2026-03-18T07:45:42.025Z		COORDINATE_ROUNDED
4164083770	e5c5cad9-b987-4bb4-b07b-85488c5fdd80	a71cd871-03ce-450c-b167-1482a9672c93	Animalia	Chordata	Aves	Passeriformes	Pycnonotidae	Arizelocichla	Arizelocichla nigriceps		SPECIES	Arizelocichla nigriceps (Shelley, 1889)			TZ	Poroto Mts FR		PRESENT		2e7df380-8356-4533-bcb3-5459e23c794e	-9.016667	33.75							2008-03-27	27	3	2008	7340426	7340426	PRESERVED_SPECIMEN	NHMD	AV	NHMD129006				CC_BY_4_0		Kiure, Jacob			2026-03-18T07:45:42.024Z		COORDINATE_ROUNDED
4164083767	e5c5cad9-b987-4bb4-b07b-85488c5fdd80	b0c2a35d-a5f1-46e0-8d83-4fd9918ace76	Animalia	Chordata	Aves	Passeriformes	Pycnonotidae	Phyllastrephus	Phyllastrephus cabanisi	placidus	SUBSPECIES	Phyllastrephus cabanisi placidus			TZ	Nguru South Forest Reserve		PRESENT		2e7df380-8356-4533-bcb3-5459e23c794e	-6.05	37.479722							2004-10-13	13	10	2004	6540392	2486087	PRESERVED_SPECIMEN	NHMD	AV	NHMD126288				CC_BY_4_0		Kiure, Jacob			2026-03-18T07:45:58.556Z		COORDINATE_ROUNDED
4164083736	e5c5cad9-b987-4bb4-b07b-85488c5fdd80	c6b1f6cb-c8ae-47ae-beda-5d7be65f0cca	Animalia	Chordata	Aves	Passeriformes	Pycnonotidae	Hypsipetes	Hypsipetes philippinus	saturatior	SUBSPECIES	Hypsipetes philippinus saturatior (Hartert, 1916)			PH	Tuod	Mindanao	PRESENT		2e7df380-8356-4533-bcb3-5459e23c794e	8.343889	124.359444							1951-09-17	17	9	1951	6093854	7342036	PRESERVED_SPECIMEN	NHMD	AV	NHMD134261				CC_BY_4_0					2026-03-18T07:45:48.342Z		COORDINATE_ROUNDED
4164083721	e5c5cad9-b987-4bb4-b07b-85488c5fdd80	86cabb1f-ad60-4ce8-bbf7-b747842a09ce	Animalia	Chordata	Aves	Passeriformes	Pycnonotidae	Arizelocichla	Arizelocichla masukuensis	roehli	SUBSPECIES	Arizelocichla masukuensis roehli (Reichenow, 1905)			TZ	Ndundulu Forest	Iringa Region	PRESENT		2e7df380-8356-4533-bcb3-5459e23c794e	-7.8	36.5							2007-03-08	8	3	2007	6086770	7340439	PRESERVED_SPECIMEN	NHMD	AV	NHMD124952				CC_BY_4_0		Kiure, Jacob			2026-03-18T07:45:48.339Z		
4164083706	e5c5cad9-b987-4bb4-b07b-85488c5fdd80	d4ca6af8-4d95-4613-a015-6e5459704986	Animalia	Chordata	Aves	Passeriformes	Pycnonotidae	Pycnonotus	Pycnonotus barbatus	layardi	SUBSPECIES	Pycnonotus barbatus layardi			TZ	Mikindani		PRESENT		2e7df380-8356-4533-bcb3-5459e23c794e	-10.279722	40.119722							1962-10-09	9	10	1962	6094955	2486147	PRESERVED_SPECIMEN	NHMD	AV	NHMD120814				CC_BY_4_0		Andersen, Thorkild			2026-03-18T07:45:58.552Z		COORDINATE_ROUNDED
4164083704	e5c5cad9-b987-4bb4-b07b-85488c5fdd80	29aaf43b-8e2f-4976-b7d4-f000c9096b15	Animalia	Chordata	Aves	Passeriformes	Pycnonotidae	Arizelocichla	Arizelocichla masukuensis	roehli	SUBSPECIES	Arizelocichla masukuensis roehli (Reichenow, 1905)			TZ	Mt Kiboriani Forest Reserve		PRESENT		2e7df380-8356-4533-bcb3-5459e23c794e	-6.28	36.479722							2004-01-28	28	1	2004	6086770	7340439	PRESERVED_SPECIMEN	NHMD	AV	NHMD123548				CC_BY_4_0		Kiure, Jacob			2026-03-18T07:45:42.014Z		COORDINATE_ROUNDED
4164083698	e5c5cad9-b987-4bb4-b07b-85488c5fdd80	ccdd6a5c-320d-4010-90a9-7df5af1cccfa	Animalia	Chordata	Aves	Passeriformes	Pycnonotidae	Arizelocichla	Arizelocichla fusciceps		SPECIES	Arizelocichla fusciceps (Shelley, 1893)			TZ	Ndundulu Forest	Iringa Region	PRESENT		2e7df380-8356-4533-bcb3-5459e23c794e	-7.8	36.5							2007-03-15	15	3	2007	6100812	6100812	PRESERVED_SPECIMEN	NHMD	AV	NHMD123856				CC_BY_4_0		Kiure, Jacob			2026-03-18T07:45:58.551Z		TAXON_MATCH_HIGHERRANK
4164083693	e5c5cad9-b987-4bb4-b07b-85488c5fdd80	70d8d6cc-e95a-4116-bb12-604a857ff53d	Animalia	Chordata	Aves	Passeriformes	Pycnonotidae	Phyllastrephus	Phyllastrephus strepitans		SPECIES	Phyllastrephus strepitans (Reichenow, 1879)			TZ	Lossongonoi Plateau		PRESENT		2e7df380-8356-4533-bcb3-5459e23c794e	-4.059722	37.13							2006-08-05	5	8	2006	2486084	2486084	PRESERVED_SPECIMEN	NHMD	AV	NHMD126300				CC_BY_4_0		Kiure, Jacob			2026-03-18T07:45:48.335Z		COORDINATE_ROUNDED
4164083692	e5c5cad9-b987-4bb4-b07b-85488c5fdd80	8845bdda-a6db-44c8-9cc8-2efa26971f20	Animalia	Chordata	Aves	Passeriformes	Pycnonotidae	Phyllastrephus	Phyllastrephus albigularis	albigularis	SUBSPECIES	Phyllastrephus albigularis albigularis (Sharpe, 1882)			SS	Talanga Forest		PRESENT		2e7df380-8356-4533-bcb3-5459e23c794e	4.029236	32.751611							1980-11-27	27	11	1980	7340305	2486093	PRESERVED_SPECIMEN	NHMD	AV	NHMD137407				CC_BY_4_0		Jensen, Flemming			2026-03-18T07:45:44.717Z		COORDINATE_ROUNDED
4164083686	e5c5cad9-b987-4bb4-b07b-85488c5fdd80	456fa616-0f6e-468e-a66e-cee26729cb22	Animalia	Chordata	Aves	Passeriformes	Pycnonotidae	Phyllastrephus	Phyllastrephus scandens	orientalis	SUBSPECIES	Phyllastrephus scandens orientalis (Hartlaub, 1883)			TZ	Busanda		PRESENT		2e7df380-8356-4533-bcb3-5459e23c794e	-3.019722	32.119722							1951-02-26	26	2	1951	6086305	2486092	PRESERVED_SPECIMEN	NHMD	AV	NHMD121999				CC_BY_4_0		Andersen, Thorkild			2026-03-18T07:45:44.717Z	StillImage	COORDINATE_ROUNDED
4164083678	e5c5cad9-b987-4bb4-b07b-85488c5fdd80	9a8144a4-e057-48e3-a8cc-a3daac145170	Animalia	Chordata	Aves	Passeriformes	Pycnonotidae	Arizelocichla	Arizelocichla masukuensis	roehli	SUBSPECIES	Arizelocichla masukuensis roehli (Reichenow, 1905)			TZ	Nguru South Forest Reserve		PRESENT		2e7df380-8356-4533-bcb3-5459e23c794e	-6.05	37.479722											6086770	7340439	PRESERVED_SPECIMEN	NHMD	AV	NHMD124982				CC_BY_4_0		Kiure, Jacob			2026-03-18T07:45:44.715Z		COORDINATE_ROUNDED
4164083677	e5c5cad9-b987-4bb4-b07b-85488c5fdd80	cbc92dea-26aa-4ed8-986c-14f16245c5f3	Animalia	Chordata	Aves	Passeriformes	Pycnonotidae	Chlorocichla	Chlorocichla flaviventris	centralis	SUBSPECIES	Chlorocichla flaviventris centralis Reichenow, 1887			TZ	Mikindani		PRESENT		2e7df380-8356-4533-bcb3-5459e23c794e	-10.279722	40.119722							1965-04-17	17	4	1965	6086621	2486173	PRESERVED_SPECIMEN	NHMD	AV	NHMD120883				CC_BY_4_0		Andersen, Thorkild			2026-03-18T07:45:48.333Z		COORDINATE_ROUNDED
4164083676	e5c5cad9-b987-4bb4-b07b-85488c5fdd80	a0f33d16-d084-4744-87e7-446a96bddf6f	Animalia	Chordata	Aves	Passeriformes	Pycnonotidae	Arizelocichla	Arizelocichla masukuensis	roehli	SUBSPECIES	Arizelocichla masukuensis roehli (Reichenow, 1905)			TZ	Ndundulu Forest	Iringa Region	PRESENT		2e7df380-8356-4533-bcb3-5459e23c794e	-7.8	36.5							2007-06-12	12	6	2007	6086770	7340439	PRESERVED_SPECIMEN	NHMD	AV	NHMD124972				CC_BY_4_0		Kiure, Jacob			2026-03-18T07:45:44.715Z		
4164083657	e5c5cad9-b987-4bb4-b07b-85488c5fdd80	67e55b5f-683d-4281-93b7-a618a228a187	Animalia	Chordata	Aves	Passeriformes	Pycnonotidae	Pycnonotus	Pycnonotus barbatus	tricolor	SUBSPECIES	Pycnonotus barbatus tricolor			TZ	Poroto Mts FR		PRESENT		2e7df380-8356-4533-bcb3-5459e23c794e	-9.016944	33.75							2008-12-21	21	12	2008	6542538	2486147	PRESERVED_SPECIMEN	NHMD	AV	NHMD126832				CC_BY_4_0		Kiure, Jacob			2026-03-18T07:45:44.714Z		COORDINATE_ROUNDED
4164083650	e5c5cad9-b987-4bb4-b07b-85488c5fdd80	b5eca752-6f91-42ff-ae58-b7245a06a331	Animalia	Chordata	Aves	Passeriformes	Pycnonotidae	Arizelocichla	Arizelocichla milanjensis	striifacies	SUBSPECIES	Arizelocichla milanjensis striifacies			TZ	Maguli FR		PRESENT		2e7df380-8356-4533-bcb3-5459e23c794e	-9.493889	34.175833							2008-12-09	9	12	2008	6540503	7340424	PRESERVED_SPECIMEN	NHMD	AV	NHMD126845				CC_BY_4_0		Kiure, Jacob			2026-03-18T07:45:44.713Z		COORDINATE_ROUNDED
4164083645	e5c5cad9-b987-4bb4-b07b-85488c5fdd80	1c5317d7-00c7-4909-851e-652d9c38d135	Animalia	Chordata	Aves	Passeriformes	Pycnonotidae	Phyllastrephus	Phyllastrephus flavostriatus	uzungwensis	SUBSPECIES	Phyllastrephus flavostriatus uzungwensis Jensen & Stuart, 1982			TZ	Nyumbanitu		PRESENT		2e7df380-8356-4533-bcb3-5459e23c794e	-7.84	36.38							1995-11-22	22	11	1995	6086093	2486089	PRESERVED_SPECIMEN	NHMD	AV	NHMD122421				CC_BY_4_0		Dinesen, Lars			2026-03-18T07:45:58.547Z		
4164083638	e5c5cad9-b987-4bb4-b07b-85488c5fdd80	78b247d4-1ea7-4419-bd1e-6ae7fbb82264	Animalia	Chordata	Aves	Passeriformes	Pycnonotidae	Phyllastrephus	Phyllastrephus cabanisi	placidus	SUBSPECIES	Phyllastrephus cabanisi placidus			TZ	Ndundulu Forest	Iringa Region	PRESENT		2e7df380-8356-4533-bcb3-5459e23c794e	-7.8	36.5							2007-06-21	21	6	2007	6540392	2486087	PRESERVED_SPECIMEN	NHMD	AV	NHMD124890				CC_BY_4_0		Kiure, Jacob			2026-03-18T07:45:48.329Z		
4164083635	e5c5cad9-b987-4bb4-b07b-85488c5fdd80	7ed2e5bb-40d8-47e9-81bb-81ef8e3fbeb6	Animalia	Chordata	Aves	Passeriformes	Pycnonotidae	Criniger	Criniger calurus	calurus	SUBSPECIES	Criniger calurus calurus (Cassin, 1856)			NG	Osomba	Cross River State	PRESENT		2e7df380-8356-4533-bcb3-5459e23c794e	5.45	8.63							1959-02-16	16	2	1959	8299205	5230289	PRESERVED_SPECIMEN	NHMD	AV	NHMD137550				CC_BY_4_0		Volsøe, Helge			2026-03-18T07:45:48.329Z		
4164083599	e5c5cad9-b987-4bb4-b07b-85488c5fdd80	73db9001-d591-4446-9ee5-b495cf298157	Animalia	Chordata	Aves	Passeriformes	Pycnonotidae	Arizelocichla	Arizelocichla milanjensis	striifacies	SUBSPECIES	Arizelocichla milanjensis striifacies			TZ	Ndundulu Forest	Iringa Region	PRESENT		2e7df380-8356-4533-bcb3-5459e23c794e	-7.8	36.5							2007-01-24	24	1	2007	6540503	7340424	PRESERVED_SPECIMEN	NHMD	AV	NHMD129204				CC_BY_4_0		Kiure, Jacob			2026-03-18T07:45:48.322Z		
4164083593	e5c5cad9-b987-4bb4-b07b-85488c5fdd80	bd5ffa9f-7a93-420a-aee6-4eaf7422d1ae	Animalia	Chordata	Aves	Passeriformes	Pycnonotidae	Arizelocichla	Arizelocichla fusciceps		SPECIES	Arizelocichla fusciceps (Shelley, 1893)			TZ	Ndundulu Forest	Iringa Region	PRESENT		2e7df380-8356-4533-bcb3-5459e23c794e	-7.8	36.5							2007-02-04	4	2	2007	6100812	6100812	PRESERVED_SPECIMEN	NHMD	AV	NHMD129215				CC_BY_4_0		Kiure, Jacob			2026-03-18T07:45:42.004Z		TAXON_MATCH_HIGHERRANK
4164083580	e5c5cad9-b987-4bb4-b07b-85488c5fdd80	102d941d-8d59-4529-8f0f-e17de7c90100	Animalia	Chordata	Aves	Passeriformes	Pycnonotidae	Phyllastrephus	Phyllastrephus cabanisi	cabanisi	SUBSPECIES	Phyllastrephus cabanisi cabanisi (Sharpe, 1882)			TZ	Mt Rungwe Forest Reserve		PRESENT		2e7df380-8356-4533-bcb3-5459e23c794e	-9.13	33.669722							1980-08-26	26	8	1980	7340319	2486087	PRESERVED_SPECIMEN	NHMD	AV	NHMD124824				CC_BY_4_0		Jensen, Flemming			2026-03-18T07:45:42.001Z		COORDINATE_ROUNDED
4164083569	e5c5cad9-b987-4bb4-b07b-85488c5fdd80	b1b9ce70-061f-4ce6-aa8e-3bb7b80fd8c9	Animalia	Chordata	Aves	Passeriformes	Pycnonotidae	Arizelocichla	Arizelocichla fusciceps		SPECIES	Arizelocichla fusciceps (Shelley, 1893)			TZ	Nguru South Forest Reserve		PRESENT		2e7df380-8356-4533-bcb3-5459e23c794e	-6.05	37.479722							2003-06-17	17	6	2003	6100812	6100812	PRESERVED_SPECIMEN	NHMD	AV	NHMD123832				CC_BY_4_0		Kiure, Jacob			2026-03-18T07:45:42Z		COORDINATE_ROUNDED;TAXON_MATCH_HIGHERRANK
4164083533	e5c5cad9-b987-4bb4-b07b-85488c5fdd80	56a07ea9-442f-4d0a-8cc9-b75c2d6ee00f	Animalia	Chordata	Aves	Passeriformes	Pycnonotidae	Arizelocichla	Arizelocichla masukuensis	roehli	SUBSPECIES	Arizelocichla masukuensis roehli (Reichenow, 1905)			TZ	Nguru South Forest Reserve		PRESENT		2e7df380-8356-4533-bcb3-5459e23c794e	-6.05	37.479722							2005-03-18	18	3	2005	6086770	7340439	PRESERVED_SPECIMEN	NHMD	AV	NHMD126336				CC_BY_4_0		Kiure, Jacob			2026-03-18T07:45:58.538Z		COORDINATE_ROUNDED
4164083530	e5c5cad9-b987-4bb4-b07b-85488c5fdd80	9292e39a-4c86-489b-88d4-42a542ff3222	Animalia	Chordata	Aves	Passeriformes	Pycnonotidae	Phyllastrephus	Phyllastrephus cabanisi	cabanisi	SUBSPECIES	Phyllastrephus cabanisi cabanisi (Sharpe, 1882)			TZ	Kungwe Forest	Kigoma Region	PRESENT		2e7df380-8356-4533-bcb3-5459e23c794e	-6.13	29.799722							2004-08-23	23	8	2004	7340319	2486087	PRESERVED_SPECIMEN	NHMD	AV	NHMD124846				CC_BY_4_0		Kiure, Jacob			2026-03-18T07:45:41.995Z		COORDINATE_ROUNDED
4164083509	e5c5cad9-b987-4bb4-b07b-85488c5fdd80	3d31456c-ad8e-4643-b1f8-bfc90284619b	Animalia	Chordata	Aves	Passeriformes	Pycnonotidae	Hypsipetes	Hypsipetes everetti	everetti	SUBSPECIES	Hypsipetes everetti everetti (Tweeddale, 1877)			PH	Cabanglasan	Mindanao	PRESENT		2e7df380-8356-4533-bcb3-5459e23c794e	8.071944	125.299167							1951-10-19	19	10	1951	7342047	7342046	PRESERVED_SPECIMEN	NHMD	AV	NHMD134297				CC_BY_4_0					2026-03-18T07:45:44.703Z		COORDINATE_ROUNDED
4164083491	e5c5cad9-b987-4bb4-b07b-85488c5fdd80	a8d92088-a096-4ac3-b058-2d82bcd718c7	Animalia	Chordata	Aves	Passeriformes	Pycnonotidae	Arizelocichla	Arizelocichla fusciceps		SPECIES	Arizelocichla fusciceps (Shelley, 1893)			TZ	Mdandu Forest Reserve		PRESENT		2e7df380-8356-4533-bcb3-5459e23c794e	-9.579722	34.83							2003-11-09	9	11	2003	6100812	6100812	PRESERVED_SPECIMEN	NHMD	AV	NHMD123837				CC_BY_4_0		Kiure, Jacob			2026-03-18T07:45:41.990Z		COORDINATE_ROUNDED;TAXON_MATCH_HIGHERRANK
4164083475	e5c5cad9-b987-4bb4-b07b-85488c5fdd80	34b2d7e8-b3ef-4fa2-a12f-32af043a5c19	Animalia	Chordata	Aves	Passeriformes	Pycnonotidae	Phyllastrephus	Phyllastrephus strepitans		SPECIES	Phyllastrephus strepitans (Reichenow, 1879)			TZ	Morogoro		PRESENT		2e7df380-8356-4533-bcb3-5459e23c794e	-6.829722	37.75							1948-06-29	29	6	1948	2486084	2486084	PRESERVED_SPECIMEN	NHMD	AV	NHMD122008				CC_BY_4_0		Andersen, Thorkild			2026-03-18T07:45:44.701Z		COORDINATE_ROUNDED
4164083472	e5c5cad9-b987-4bb4-b07b-85488c5fdd80	b5f08bf8-8424-43f2-9450-f89c3ffaf656	Animalia	Chordata	Aves	Passeriformes	Pycnonotidae	Arizelocichla	Arizelocichla fusciceps		SPECIES	Arizelocichla fusciceps (Shelley, 1893)			TZ	Ndundulu Forest	Iringa Region	PRESENT		2e7df380-8356-4533-bcb3-5459e23c794e	-7.8	36.5							2007-02-28	28	2	2007	6100812	6100812	PRESERVED_SPECIMEN	NHMD	AV	NHMD123863				CC_BY_4_0		Kiure, Jacob			2026-03-18T07:45:48.307Z		TAXON_MATCH_HIGHERRANK
4164083466	e5c5cad9-b987-4bb4-b07b-85488c5fdd80	d7c252a1-adf1-4b8c-b0b5-3e79897059ed	Animalia	Chordata	Aves	Passeriformes	Pycnonotidae	Pycnonotus	Pycnonotus barbatus		SPECIES	Pycnonotus barbatus (Desfontaines, 1789)			TZ	Kalambo River Forest Reserve		PRESENT		2e7df380-8356-4533-bcb3-5459e23c794e	-7.869722	30.95							2007-12-13	13	12	2007	2486147	2486147	PRESERVED_SPECIMEN	NHMD	AV	NHMD125069				CC_BY_4_0		Kiure, Jacob			2026-03-18T07:45:41.986Z		COORDINATE_ROUNDED
4164083459	e5c5cad9-b987-4bb4-b07b-85488c5fdd80	54c4fe28-9336-480c-9219-c8ff152d4c83	Animalia	Chordata	Aves	Passeriformes	Pycnonotidae	Eurillas	Eurillas virens	zombensis	SUBSPECIES	Eurillas virens zombensis (Shelley, 1894)			TZ	Kanga Forest Reserve		PRESENT		2e7df380-8356-4533-bcb3-5459e23c794e	-6.0	37.7							2003-11-20	20	11	2003	6086343	7340348	PRESERVED_SPECIMEN	NHMD	AV	NHMD126318				CC_BY_4_0		Kiure, Jacob			2026-03-18T07:45:58.532Z		
4164083430	e5c5cad9-b987-4bb4-b07b-85488c5fdd80	6d14ba41-f164-4b47-a9e6-6556486ce5a9	Animalia	Chordata	Aves	Passeriformes	Pycnonotidae	Eurillas	Eurillas virens	zombensis	SUBSPECIES	Eurillas virens zombensis (Shelley, 1894)			TZ	Nguru South Forest Reserve	Morogoro Region	PRESENT		2e7df380-8356-4533-bcb3-5459e23c794e	-6.2	37.516667							2003-06-03	3	6	2003	6086343	7340348	PRESERVED_SPECIMEN	NHMD	AV	NHMD129698				CC_BY_4_0		Kiure, Jacob			2026-03-18T07:45:44.692Z		COORDINATE_ROUNDED
4164083412	e5c5cad9-b987-4bb4-b07b-85488c5fdd80	35aec6ad-7214-4910-8c8d-64843f6b39e7	Animalia	Chordata	Aves	Passeriformes	Pycnonotidae	Arizelocichla	Arizelocichla masukuensis	roehli	SUBSPECIES	Arizelocichla masukuensis roehli (Reichenow, 1905)			TZ	Mdandu Forest Reserve		PRESENT		2e7df380-8356-4533-bcb3-5459e23c794e	-9.579722	34.83							2003-11-12	12	11	2003	6086770	7340439	PRESERVED_SPECIMEN	NHMD	AV	NHMD124992				CC_BY_4_0		Kiure, Jacob			2026-03-18T07:45:41.980Z		COORDINATE_ROUNDED
4164083389	e5c5cad9-b987-4bb4-b07b-85488c5fdd80	f14c5ae1-aef8-47d6-a157-a98df7b98730	Animalia	Chordata	Aves	Passeriformes	Pycnonotidae	Arizelocichla	Arizelocichla masukuensis	roehli	SUBSPECIES	Arizelocichla masukuensis roehli (Reichenow, 1905)			TZ	Liwili Kitesa Forest Reserve		PRESENT		2e7df380-8356-4533-bcb3-5459e23c794e	-11.399722	34.9							2006-01-15	15	1	2006	6086770	7340439	PRESERVED_SPECIMEN	NHMD	AV	NHMD124953				CC_BY_4_0		Kiure, Jacob			2026-03-18T07:45:58.527Z		COORDINATE_ROUNDED
4164083385	e5c5cad9-b987-4bb4-b07b-85488c5fdd80	933ea5cd-32d9-4795-96fa-1ce705356df2	Animalia	Chordata	Aves	Passeriformes	Pycnonotidae	Phyllastrephus	Phyllastrephus fischeri		SPECIES	Phyllastrephus fischeri (Reichenow, 1879)			TZ	Mikindani		PRESENT		2e7df380-8356-4533-bcb3-5459e23c794e	-10.279722	40.119722							1966-07-12	12	7	1966	2486097	2486097	PRESERVED_SPECIMEN	NHMD	AV	NHMD118512				CC_BY_4_0		Andersen, Thorkild			2026-03-18T07:45:48.296Z		COORDINATE_ROUNDED
4164083342	e5c5cad9-b987-4bb4-b07b-85488c5fdd80	2d9ee9c8-cfee-470a-abbd-572bcc099ade	Animalia	Chordata	Aves	Passeriformes	Pycnonotidae	Arizelocichla	Arizelocichla fusciceps		SPECIES	Arizelocichla fusciceps (Shelley, 1893)			TZ	Ndundulu Forest	Iringa Region	PRESENT		2e7df380-8356-4533-bcb3-5459e23c794e	-7.8	36.5							2007-02-25	25	2	2007	6100812	6100812	PRESERVED_SPECIMEN	NHMD	AV	NHMD123853				CC_BY_4_0		Kiure, Jacob			2026-03-18T07:45:48.291Z		TAXON_MATCH_HIGHERRANK
4164083329	e5c5cad9-b987-4bb4-b07b-85488c5fdd80	f84b17cf-1ef0-4a4e-9251-0a3456645fbe	Animalia	Chordata	Aves	Passeriformes	Pycnonotidae	Pycnonotus	Pycnonotus goiavier	suluensis	SUBSPECIES	Pycnonotus goiavier suluensis Mearns, 1909			PH	Opol	Mindanao	PRESENT		2e7df380-8356-4533-bcb3-5459e23c794e	8.52	124.573333							1951-08-22	22	8	1951	6094616	2486144	PRESERVED_SPECIMEN	NHMD	AV	NHMD134246				CC_BY_4_0					2026-03-18T07:45:41.968Z		COORDINATE_ROUNDED
4164083327	e5c5cad9-b987-4bb4-b07b-85488c5fdd80	dc0e6a1a-1317-4bcb-b4c8-92725e7f0c06	Animalia	Chordata	Aves	Passeriformes	Pycnonotidae	Phyllastrephus	Phyllastrephus flavostriatus	tenuirostris	SUBSPECIES	Phyllastrephus flavostriatus tenuirostris (Fischer & Reichenow, 1884)			TZ	Kilindi Forest Reserve		PRESENT		2e7df380-8356-4533-bcb3-5459e23c794e	-5.57	37.569722							2005-05-21	21	5	2005	6086107	2486089	PRESERVED_SPECIMEN	NHMD	AV	NHMD123789				CC_BY_4_0		Kiure, Jacob			2026-03-18T07:45:58.523Z		COORDINATE_ROUNDED
4164083318	e5c5cad9-b987-4bb4-b07b-85488c5fdd80	d1aa2c6b-e54b-446e-a6cc-c525feb65c19	Animalia	Chordata	Aves	Passeriformes	Pycnonotidae	Phyllastrephus	Phyllastrephus cabanisi	sucosus	SUBSPECIES	Phyllastrephus cabanisi sucosus Reichenow, 1903			SS	Gilo		PRESENT		2e7df380-8356-4533-bcb3-5459e23c794e	4.0308	32.845325							1980-11-10	10	11	1980	6086217	2486087	PRESERVED_SPECIMEN	NHMD	AV	NHMD127298				CC_BY_4_0		Jensen, Flemming			2026-03-18T07:45:48.289Z		
4164083304	e5c5cad9-b987-4bb4-b07b-85488c5fdd80	cf722bdf-a4ab-41b4-922f-9bd3934c54fe	Animalia	Chordata	Aves	Passeriformes	Pycnonotidae	Hypsipetes	Hypsipetes everetti	everetti	SUBSPECIES	Hypsipetes everetti everetti (Tweeddale, 1877)			PH	Cabanglasan	Mindanao	PRESENT		2e7df380-8356-4533-bcb3-5459e23c794e	8.071944	125.299167							1951-10-25	25	10	1951	7342047	7342046	PRESERVED_SPECIMEN	NHMD	AV	NHMD134294				CC_BY_4_0					2026-03-18T07:45:41.965Z		COORDINATE_ROUNDED
4164082283	e5c5cad9-b987-4bb4-b07b-85488c5fdd80	ed6fe262-e975-4090-b241-0ecacea4ebd7	Animalia	Chordata	Aves	Passeriformes	Pycnonotidae	Eurillas	Eurillas virens	erythroptera	SUBSPECIES	Eurillas virens erythroptera (Hartlaub, 1858)			NG	Ikun	Cross River State	PRESENT		2e7df380-8356-4533-bcb3-5459e23c794e	7.375164	5.781342							1959-02-20	20	2	1959	6086367	7340348	PRESERVED_SPECIMEN	NHMD	AV	NHMD137537				CC_BY_4_0		Volsøe, Helge			2026-03-18T07:45:58.521Z		COORDINATE_ROUNDED
4164082271	e5c5cad9-b987-4bb4-b07b-85488c5fdd80	c9e1a874-e140-4e6a-8a48-3ec17fe5281a	Animalia	Chordata	Aves	Passeriformes	Pycnonotidae	Arizelocichla	Arizelocichla milanjensis	striifacies	SUBSPECIES	Arizelocichla milanjensis striifacies			TZ	Nguru South Forest Reserve		PRESENT		2e7df380-8356-4533-bcb3-5459e23c794e	-6.05	37.479722							2005-03-12	12	3	2005	6540503	7340424	PRESERVED_SPECIMEN	NHMD	AV	NHMD126346				CC_BY_4_0		Kiure, Jacob			2026-03-18T07:45:58.519Z		COORDINATE_ROUNDED
4164082261	e5c5cad9-b987-4bb4-b07b-85488c5fdd80	a89e7e08-f3d7-4a41-ba4f-43b9a7e8026f	Animalia	Chordata	Aves	Passeriformes	Pycnonotidae	Arizelocichla	Arizelocichla masukuensis		SPECIES	Arizelocichla masukuensis (Shelley, 1897)			TZ	Ukami Forest		PRESENT		2e7df380-8356-4533-bcb3-5459e23c794e	-7.88	36.419722							2003-03-16	16	3	2003	7340439	7340439	PRESERVED_SPECIMEN	NHMD	AV	NHMD133238				CC_BY_4_0		Kiure, Jacob			2026-03-18T07:45:44.677Z		COORDINATE_ROUNDED
4164082214	e5c5cad9-b987-4bb4-b07b-85488c5fdd80	7d478779-df68-4799-a517-f7f5742bccee	Animalia	Chordata	Aves	Passeriformes	Pycnonotidae	Eurillas	Eurillas virens	zombensis	SUBSPECIES	Eurillas virens zombensis (Shelley, 1894)			TZ	Ndundulu Forest	Iringa Region	PRESENT		2e7df380-8356-4533-bcb3-5459e23c794e	-7.8	36.5							2007-01-03	3	1	2007	6086343	7340348	PRESERVED_SPECIMEN	NHMD	AV	NHMD129718				CC_BY_4_0		Kiure, Jacob			2026-03-18T07:45:44.673Z		
4164082202	e5c5cad9-b987-4bb4-b07b-85488c5fdd80	dc649d2f-a1ba-461d-a898-da117e0ab192	Animalia	Chordata	Aves	Passeriformes	Pycnonotidae	Andropadus	Andropadus importunus	hypoxanthus	SUBSPECIES	Andropadus importunus hypoxanthus Sharpe, 1876			TZ	Soga, Kisarawe Distr. 500', 150m		PRESENT		2e7df380-8356-4533-bcb3-5459e23c794e	-6.829722	38.869722							1961-03-29	29	3	1961	6086920	2486162	PRESERVED_SPECIMEN	NHMD	AV	NHMD120850				CC_BY_4_0		Andersen, Thorkild			2026-03-18T07:45:44.672Z		COORDINATE_ROUNDED
4164082193	e5c5cad9-b987-4bb4-b07b-85488c5fdd80	a29647c4-246a-4f7e-b89c-e600c9ce6867	Animalia	Chordata	Aves	Passeriformes	Pycnonotidae	Arizelocichla	Arizelocichla masukuensis	roehli	SUBSPECIES	Arizelocichla masukuensis roehli (Reichenow, 1905)			TZ	Ndundulu Forest	Iringa Region	PRESENT		2e7df380-8356-4533-bcb3-5459e23c794e	-7.8	36.5							2006-12-30	30	12	2006	6086770	7340439	PRESERVED_SPECIMEN	NHMD	AV	NHMD129191				CC_BY_4_0		Kiure, Jacob			2026-03-18T07:45:41.950Z		
4164082188	e5c5cad9-b987-4bb4-b07b-85488c5fdd80	cdc4bf72-2b6d-41b9-ae8f-b549f393bc37	Animalia	Chordata	Aves	Passeriformes	Pycnonotidae	Arizelocichla	Arizelocichla masukuensis	roehli	SUBSPECIES	Arizelocichla masukuensis roehli (Reichenow, 1905)			TZ	Nguru South Forest Reserve		PRESENT		2e7df380-8356-4533-bcb3-5459e23c794e	-6.05	37.479722							2003-06-03	3	6	2003	6086770	7340439	PRESERVED_SPECIMEN	NHMD	AV	NHMD122880				CC_BY_4_0		Kiure, Jacob			2026-03-18T07:45:48.269Z		COORDINATE_ROUNDED
4164082172	e5c5cad9-b987-4bb4-b07b-85488c5fdd80	b17064f3-af94-4049-8a1a-c1c95d10b380	Animalia	Chordata	Aves	Passeriformes	Pycnonotidae	Arizelocichla	Arizelocichla fusciceps		SPECIES	Arizelocichla fusciceps (Shelley, 1893)			TZ	Ndundulu Forest	Iringa Region	PRESENT		2e7df380-8356-4533-bcb3-5459e23c794e	-7.8	36.5							1991-09-04	4	9	1991	6100812	6100812	PRESERVED_SPECIMEN	NHMD	AV	NHMD126238				CC_BY_4_0		Svendsen, Jens			2026-03-18T07:45:41.947Z		TAXON_MATCH_HIGHERRANK
4164082142	e5c5cad9-b987-4bb4-b07b-85488c5fdd80	5075b405-b799-403f-8b25-72e6288ec30b	Animalia	Chordata	Aves	Passeriformes	Pycnonotidae	Phyllastrephus	Phyllastrephus cabanisi	placidus	SUBSPECIES	Phyllastrephus cabanisi placidus			TZ	Uluguru Mts.		PRESENT		2e7df380-8356-4533-bcb3-5459e23c794e	-7.0	39.666667							1961-02-07	7	2	1961	6540392	2486087	PRESERVED_SPECIMEN	NHMD	AV	NHMD122024				CC_BY_4_0		Andersen, Thorkild			2026-03-18T07:45:58.509Z		COORDINATE_ROUNDED;CONTINENT_COORDINATE_MISMATCH
4164082140	e5c5cad9-b987-4bb4-b07b-85488c5fdd80	7c17b3b8-8c12-44fa-a548-e71f0148f4e3	Animalia	Chordata	Aves	Passeriformes	Pycnonotidae	Phyllastrephus	Phyllastrephus cabanisi	cabanisi	SUBSPECIES	Phyllastrephus cabanisi cabanisi (Sharpe, 1882)			TZ	Kalambo River Forest Reserve		PRESENT		2e7df380-8356-4533-bcb3-5459e23c794e	-7.869722	30.95							2007-11-22	22	11	2007	7340319	2486087	PRESERVED_SPECIMEN	NHMD	AV	NHMD124841				CC_BY_4_0		Kiure, Jacob			2026-03-18T07:45:58.508Z		COORDINATE_ROUNDED
4164082127	e5c5cad9-b987-4bb4-b07b-85488c5fdd80	58a06556-1f6f-4130-ae32-cdcca4d01961	Animalia	Chordata	Aves	Passeriformes	Pycnonotidae	Eurillas	Eurillas latirostris	australis	SUBSPECIES	Eurillas latirostris australis (Moreau, 1941)			TZ	Mbizi Forest Reserve		PRESENT		2e7df380-8356-4533-bcb3-5459e23c794e	-7.889722	31.68							2008-02-28	28	2	2008	9004172	7340356	PRESERVED_SPECIMEN	NHMD	AV	NHMD125793				CC_BY_4_0		Kiure, Jacob			2026-03-18T07:45:44.664Z	StillImage	COORDINATE_ROUNDED
4164082113	e5c5cad9-b987-4bb4-b07b-85488c5fdd80	9e9609fe-614a-4405-9d14-20d48708292f	Animalia	Chordata	Aves	Passeriformes	Pycnonotidae	Phyllastrephus	Phyllastrephus flavostriatus	tenuirostris	SUBSPECIES	Phyllastrephus flavostriatus tenuirostris (Fischer & Reichenow, 1884)			TZ	Nguru South Forest Reserve		PRESENT		2e7df380-8356-4533-bcb3-5459e23c794e	-6.05	37.479722							2005-03-25	25	3	2005	6086107	2486089	PRESERVED_SPECIMEN	NHMD	AV	NHMD123779				CC_BY_4_0		Kiure, Jacob			2026-03-18T07:45:41.941Z		COORDINATE_ROUNDED
4164082109	e5c5cad9-b987-4bb4-b07b-85488c5fdd80	e8ddc39b-41f5-4cea-a885-c1981aaf7e28	Animalia	Chordata	Aves	Passeriformes	Pycnonotidae	Phyllastrephus	Phyllastrephus fischeri		SPECIES	Phyllastrephus fischeri (Reichenow, 1879)			TZ	West of Ruipa river		PRESENT		2e7df380-8356-4533-bcb3-5459e23c794e	-8.119722	36.33							1995-11-29	29	11	1995	2486097	2486097	PRESERVED_SPECIMEN	NHMD	AV	NHMD121904				CC_BY_4_0		Bolding Kristensen, Jan			2026-03-18T07:45:41.940Z		COORDINATE_ROUNDED
4164082100	e5c5cad9-b987-4bb4-b07b-85488c5fdd80	ba09548a-1812-4858-bbdf-01298d70f6d7	Animalia	Chordata	Aves	Passeriformes	Pycnonotidae	Arizelocichla	Arizelocichla fusciceps		SPECIES	Arizelocichla fusciceps (Shelley, 1893)			TZ	Nguru South Forest Reserve		PRESENT		2e7df380-8356-4533-bcb3-5459e23c794e	-6.05	37.479722							2004-10-03	3	10	2004	6100812	6100812	PRESERVED_SPECIMEN	NHMD	AV	NHMD124814				CC_BY_4_0		Kiure, Jacob			2026-03-18T07:45:44.662Z		COORDINATE_ROUNDED;TAXON_MATCH_HIGHERRANK
4164082081	e5c5cad9-b987-4bb4-b07b-85488c5fdd80	026ac1dd-aa0f-4285-b61e-1d98d3b72acd	Animalia	Chordata	Aves	Passeriformes	Pycnonotidae	Phyllastrephus	Phyllastrephus flavostriatus	uzungwensis	SUBSPECIES	Phyllastrephus flavostriatus uzungwensis Jensen & Stuart, 1982			TZ	Ndundulu Forest	Iringa Region	PRESENT		2e7df380-8356-4533-bcb3-5459e23c794e	-7.8	36.5							2007-09-11	11	9	2007	6086093	2486089	PRESERVED_SPECIMEN	NHMD	AV	NHMD129681				CC_BY_4_0		Kiure, Jacob			2026-03-18T07:45:41.938Z		
4164082071	e5c5cad9-b987-4bb4-b07b-85488c5fdd80	efda794e-fd0b-4e76-8d56-7cb626b05a4a	Animalia	Chordata	Aves	Passeriformes	Pycnonotidae	Chlorocichla	Chlorocichla flaviventris	centralis	SUBSPECIES	Chlorocichla flaviventris centralis Reichenow, 1887			TZ	Mikindani		PRESENT		2e7df380-8356-4533-bcb3-5459e23c794e	-10.279722	40.119722							1965-04-06	6	4	1965	6086621	2486173	PRESERVED_SPECIMEN	NHMD	AV	NHMD120887				CC_BY_4_0		Andersen, Thorkild			2026-03-18T07:45:58.501Z	StillImage	COORDINATE_ROUNDED
4164082069	e5c5cad9-b987-4bb4-b07b-85488c5fdd80	9a0f1b68-7432-44b5-9d1f-eb088dc70b49	Animalia	Chordata	Aves	Passeriformes	Pycnonotidae	Phyllastrephus	Phyllastrephus icterinus		SPECIES	Phyllastrephus icterinus (Bonaparte, 1850)			CD	Katungulu		PRESENT		2e7df380-8356-4533-bcb3-5459e23c794e	-1.915556	28.537778							2008-03-02	2	3	2008	2486106	2486106	PRESERVED_SPECIMEN	NHMD	AV	NHMD127252				CC_BY_4_0		Kizungu, B.			2026-03-18T07:45:41.938Z		COORDINATE_ROUNDED
4164082009	e5c5cad9-b987-4bb4-b07b-85488c5fdd80	4643a68a-d957-4a1e-9d67-177bc42a8939	Animalia	Chordata	Aves	Passeriformes	Pycnonotidae	Phyllastrephus	Phyllastrephus albigula		SPECIES	Phyllastrephus albigula (Grote, 1919)			TZ	Nguru South Forest Reserve		PRESENT		2e7df380-8356-4533-bcb3-5459e23c794e	-6.05	37.479722							2003-06-18	18	6	2003	6086037	6086037	PRESERVED_SPECIMEN	NHMD	AV	NHMD124914				CC_BY_4_0		Kiure, Jacob			2026-03-18T07:45:41.931Z		COORDINATE_ROUNDED
4164082008	e5c5cad9-b987-4bb4-b07b-85488c5fdd80	1e2d91fe-3d4c-4d9c-b133-ac00a45c4361	Animalia	Chordata	Aves	Passeriformes	Pycnonotidae	Eurillas	Eurillas virens	zombensis	SUBSPECIES	Eurillas virens zombensis (Shelley, 1894)			TZ	Kilindi Forest Reserve		PRESENT		2e7df380-8356-4533-bcb3-5459e23c794e	-5.57	37.569722							2005-05-18	18	5	2005	6086343	7340348	PRESERVED_SPECIMEN	NHMD	AV	NHMD125008				CC_BY_4_0		Kiure, Jacob			2026-03-18T07:45:41.931Z		COORDINATE_ROUNDED
4164082007	e5c5cad9-b987-4bb4-b07b-85488c5fdd80	f546c65b-b78f-410c-8746-925007e6c8f4	Animalia	Chordata	Aves	Passeriformes	Pycnonotidae	Phyllastrephus	Phyllastrephus flavostriatus	tenuirostris	SUBSPECIES	Phyllastrephus flavostriatus tenuirostris (Fischer & Reichenow, 1884)			TZ	Kanga Forest Reserve		PRESENT		2e7df380-8356-4533-bcb3-5459e23c794e	-6.0	37.7							2003-11-26	26	11	2003	6086107	2486089	PRESERVED_SPECIMEN	NHMD	AV	NHMD126309				CC_BY_4_0		Kiure, Jacob			2026-03-18T07:45:58.496Z		
4164082002	e5c5cad9-b987-4bb4-b07b-85488c5fdd80	a132a4b3-8e13-4bf7-8557-fc53952178c1	Animalia	Chordata	Aves	Passeriformes	Pycnonotidae	Pycnonotus	Pycnonotus barbatus		SPECIES	Pycnonotus barbatus (Desfontaines, 1789)			TZ	Kalambo River Forest Reserve		PRESENT		2e7df380-8356-4533-bcb3-5459e23c794e	-7.869722	30.95							2007-11-28	28	11	2007	2486147	2486147	PRESERVED_SPECIMEN	NHMD	AV	NHMD125071				CC_BY_4_0		Kiure, Jacob			2026-03-18T07:45:44.654Z		COORDINATE_ROUNDED
4164081968	e5c5cad9-b987-4bb4-b07b-85488c5fdd80	8c0ee382-9f2a-464e-b324-783feed130fc	Animalia	Chordata	Aves	Passeriformes	Pycnonotidae	Phyllastrephus	Phyllastrephus strepitans		SPECIES	Phyllastrephus strepitans (Reichenow, 1879)			TZ	Lossongonoi Plateau		PRESENT		2e7df380-8356-4533-bcb3-5459e23c794e	-4.059722	37.13							2006-08-04	4	8	2006	2486084	2486084	PRESERVED_SPECIMEN	NHMD	AV	NHMD124822				CC_BY_4_0		Kiure, Jacob			2026-03-18T07:45:58.491Z	StillImage	COORDINATE_ROUNDED
4164081955	e5c5cad9-b987-4bb4-b07b-85488c5fdd80	cd92f90a-b510-4446-b987-ebb38f17551f	Animalia	Chordata	Aves	Passeriformes	Pycnonotidae	Phyllastrephus	Phyllastrephus cabanisi	placidus	SUBSPECIES	Phyllastrephus cabanisi placidus			TZ	Ndundulu Forest	Iringa Region	PRESENT		2e7df380-8356-4533-bcb3-5459e23c794e	-7.8	36.5							2007-03-24	24	3	2007	6540392	2486087	PRESERVED_SPECIMEN	NHMD	AV	NHMD129177				CC_BY_4_0		Kiure, Jacob			2026-03-18T07:45:48.244Z		
4164081939	e5c5cad9-b987-4bb4-b07b-85488c5fdd80	d71b0faf-b60b-4b2d-bd36-d9d05e77ef10	Animalia	Chordata	Aves	Passeriformes	Pycnonotidae	Hypsipetes	Hypsipetes philippinus	saturatior	SUBSPECIES	Hypsipetes philippinus saturatior (Hartert, 1916)			PH	Tuod	Mindanao	PRESENT		2e7df380-8356-4533-bcb3-5459e23c794e	8.343889	124.359444							1951-09-17	17	9	1951	6093854	7342036	PRESERVED_SPECIMEN	NHMD	AV	NHMD134268				CC_BY_4_0					2026-03-18T07:45:44.643Z		COORDINATE_ROUNDED
4164081934	e5c5cad9-b987-4bb4-b07b-85488c5fdd80	02e8d620-ca3e-4638-a80e-3ead6765b209	Animalia	Chordata	Aves	Passeriformes	Pycnonotidae	Arizelocichla	Arizelocichla fusciceps		SPECIES	Arizelocichla fusciceps (Shelley, 1893)			TZ	Uluguru south		PRESENT		2e7df380-8356-4533-bcb3-5459e23c794e	-7.17	37.669722							1993-10-13	13	10	1993	6100812	6100812	PRESERVED_SPECIMEN	NHMD	AV	NHMD121801				CC_BY_4_0		Fjeldså, Jon			2026-03-18T07:45:48.242Z		COORDINATE_ROUNDED;TAXON_MATCH_HIGHERRANK
4164081913	e5c5cad9-b987-4bb4-b07b-85488c5fdd80	38296d06-6088-498d-8904-983ac1df8bf1	Animalia	Chordata	Aves	Passeriformes	Pycnonotidae	Bleda	Bleda syndactylus	woosnami	SUBSPECIES	Bleda syndactylus woosnami Ogilvie-Grant, 1907			SS	Talanga Forest		PRESENT		2e7df380-8356-4533-bcb3-5459e23c794e	4.029236	32.751611							1980-11-28	28	11	1980	6086855	7340458	PRESERVED_SPECIMEN	NHMD	AV	NHMD127294				CC_BY_4_0		Jensen, Flemming			2026-03-18T07:45:44.640Z		COORDINATE_ROUNDED
4164081898	e5c5cad9-b987-4bb4-b07b-85488c5fdd80	fbf9ef7e-a69b-46df-92aa-5648109e9d36	Animalia	Chordata	Aves	Passeriformes	Pycnonotidae	Phyllastrephus	Phyllastrephus flavostriatus	tenuirostris	SUBSPECIES	Phyllastrephus flavostriatus tenuirostris (Fischer & Reichenow, 1884)			TZ	Nguru South Forest Reserve		PRESENT		2e7df380-8356-4533-bcb3-5459e23c794e	-6.05	37.479722											6086107	2486089	PRESERVED_SPECIMEN	NHMD	AV	NHMD122897				CC_BY_4_0		Kiure, Jacob			2026-03-18T07:45:44.638Z		COORDINATE_ROUNDED
4164081837	e5c5cad9-b987-4bb4-b07b-85488c5fdd80	9dc02705-2107-4072-8eec-94e52e8a3c62	Animalia	Chordata	Aves	Passeriformes	Pycnonotidae	Phyllastrephus	Phyllastrephus fischeri		SPECIES	Phyllastrephus fischeri (Reichenow, 1879)			TZ	Pugu Hills		PRESENT		2e7df380-8356-4533-bcb3-5459e23c794e	-6.88	39.08							2008-05-24	24	5	2008	2486097	2486097	PRESERVED_SPECIMEN	NHMD	AV	NHMD128977				CC_BY_4_0		Kiure, Jacob			2026-03-18T07:45:44.633Z		
4164081827	e5c5cad9-b987-4bb4-b07b-85488c5fdd80	24b6197c-aa8b-47f2-8be7-23dc9972faf6	Animalia	Chordata	Aves	Passeriformes	Pycnonotidae	Eurillas	Eurillas virens	zombensis	SUBSPECIES	Eurillas virens zombensis (Shelley, 1894)			TZ	Kalambo River Forest Reserve		PRESENT		2e7df380-8356-4533-bcb3-5459e23c794e	-7.869722	30.95							2007-12-17	17	12	2007	6086343	7340348	PRESERVED_SPECIMEN	NHMD	AV	NHMD125041				CC_BY_4_0		Kiure, Jacob			2026-03-18T07:45:44.632Z		COORDINATE_ROUNDED
4164081822	e5c5cad9-b987-4bb4-b07b-85488c5fdd80	2484af93-ffaa-4cb6-8f14-bd522e466f6f	Animalia	Chordata	Aves	Passeriformes	Pycnonotidae	Arizelocichla	Arizelocichla masukuensis	roehli	SUBSPECIES	Arizelocichla masukuensis roehli (Reichenow, 1905)			TZ	Nguru South Forest Reserve		PRESENT		2e7df380-8356-4533-bcb3-5459e23c794e	-6.2	37.516667							2003-06-06	6	6	2003	6086770	7340439	PRESERVED_SPECIMEN	NHMD	AV	NHMD129758				CC_BY_4_0		Kiure, Jacob			2026-03-18T07:45:44.631Z		COORDINATE_ROUNDED
4164081811	e5c5cad9-b987-4bb4-b07b-85488c5fdd80	2f36602c-32c9-492d-bac3-3a2fc941ec26	Animalia	Chordata	Aves	Passeriformes	Pycnonotidae	Phyllastrephus	Phyllastrephus cabanisi	placidus	SUBSPECIES	Phyllastrephus cabanisi placidus			TZ	Ndundulu Forest	Iringa Region	PRESENT		2e7df380-8356-4533-bcb3-5459e23c794e	-7.8	36.5							2007-01-23	23	1	2007	6540392	2486087	PRESERVED_SPECIMEN	NHMD	AV	NHMD129660				CC_BY_4_0		Kiure, Jacob			2026-03-18T07:45:41.909Z		
4164081805	e5c5cad9-b987-4bb4-b07b-85488c5fdd80	84d241ae-8085-4f55-bb92-b2bffd8e0e37	Animalia	Chordata	Aves	Passeriformes	Pycnonotidae	Hypsipetes	Hypsipetes guimarasensis		SPECIES	Hypsipetes guimarasensis (Steere, 1890)			PH	Camp Lookout, Cuernos de Negros	Central Visayas	PRESENT		2e7df380-8356-4533-bcb3-5459e23c794e									1954-12-01	1	12	1954	6093946	6093946	PRESERVED_SPECIMEN	NHMD	AV	NHMD135148				CC_BY_4_0		Rabor, D.			2026-03-18T07:45:58.478Z		
4164081799	e5c5cad9-b987-4bb4-b07b-85488c5fdd80	d1896e77-f50d-433f-be15-a490c4e518cc	Animalia	Chordata	Aves	Passeriformes	Pycnonotidae	Phyllastrephus	Phyllastrephus debilis		SPECIES	Phyllastrephus debilis (W.L.Sclater, 1899)			TZ	Kanga Forest Reserve		PRESENT		2e7df380-8356-4533-bcb3-5459e23c794e	-6.0	37.7							2003-05-21	21	5	2003	2486088	2486088	PRESERVED_SPECIMEN	NHMD	AV	NHMD122916				CC_BY_4_0		Kiure, Jacob			2026-03-18T07:45:41.910Z		
4164081794	e5c5cad9-b987-4bb4-b07b-85488c5fdd80	b4922afc-0f67-4b1b-a404-8db0f4c2dbd7	Animalia	Chordata	Aves	Passeriformes	Pycnonotidae	Phyllastrephus	Phyllastrephus cabanisi	placidus	SUBSPECIES	Phyllastrephus cabanisi placidus			TZ	Poroto Mts FR		PRESENT		2e7df380-8356-4533-bcb3-5459e23c794e	-9.016944	33.75							2008-12-19	19	12	2008	6540392	2486087	PRESERVED_SPECIMEN	NHMD	AV	NHMD126843				CC_BY_4_0		Kiure, Jacob			2026-03-18T07:45:58.477Z		COORDINATE_ROUNDED
4164081783	e5c5cad9-b987-4bb4-b07b-85488c5fdd80	2d39544b-1959-406f-9981-6338e0f9e453	Animalia	Chordata	Aves	Passeriformes	Pycnonotidae	Phyllastrephus	Phyllastrephus cabanisi	placidus	SUBSPECIES	Phyllastrephus cabanisi placidus			TZ	Kanga Forest Reserve		PRESENT		2e7df380-8356-4533-bcb3-5459e23c794e	-6.0	37.7							2003-11-27	27	11	2003	6540392	2486087	PRESERVED_SPECIMEN	NHMD	AV	NHMD126297				CC_BY_4_0		Kiure, Jacob			2026-03-18T07:45:41.906Z		
4164081779	e5c5cad9-b987-4bb4-b07b-85488c5fdd80	68f0d1a2-9170-4b31-8939-e2aa50247b1d	Animalia	Chordata	Aves	Passeriformes	Pycnonotidae	Arizelocichla	Arizelocichla masukuensis	roehli	SUBSPECIES	Arizelocichla masukuensis roehli (Reichenow, 1905)			TZ	Ukami Forest		PRESENT		2e7df380-8356-4533-bcb3-5459e23c794e	-7.88	36.419722							2003			2003	6086770	7340439	PRESERVED_SPECIMEN	NHMD	AV	NHMD123000				CC_BY_4_0		Kiure, Jacob			2026-03-18T07:45:58.476Z		COORDINATE_ROUNDED
4164081761	e5c5cad9-b987-4bb4-b07b-85488c5fdd80	8834c349-0593-44a3-9bd2-35c6bc9356a9	Animalia	Chordata	Aves	Passeriformes	Pycnonotidae	Phyllastrephus	Phyllastrephus flavostriatus	uzungwensis	SUBSPECIES	Phyllastrephus flavostriatus uzungwensis Jensen & Stuart, 1982			TZ	Ndundulu Forest	Iringa Region	PRESENT		2e7df380-8356-4533-bcb3-5459e23c794e	-7.8	36.5							2006-12-24	24	12	2006	6086093	2486089	PRESERVED_SPECIMEN	NHMD	AV	NHMD123875				CC_BY_4_0		Kiure, Jacob			2026-03-18T07:45:58.474Z		
4164081746	e5c5cad9-b987-4bb4-b07b-85488c5fdd80	5cd0e08f-1b1a-40b5-96fb-a541c511e4ea	Animalia	Chordata	Aves	Passeriformes	Pycnonotidae	Phyllastrephus	Phyllastrephus albigula		SPECIES	Phyllastrephus albigula (Grote, 1919)			TZ	Shume Forest		PRESENT		2e7df380-8356-4533-bcb3-5459e23c794e	-4.67	38.25							2009-06-27	27	6	2009	6086037	6086037	PRESERVED_SPECIMEN	NHMD	AV	NHMD127050				CC_BY_4_0		Kiure, Jacob			2026-03-18T07:45:44.624Z		
4164081737	e5c5cad9-b987-4bb4-b07b-85488c5fdd80	b6eb83fc-9a46-4e91-8fa0-52575148059a	Animalia	Chordata	Aves	Passeriformes	Pycnonotidae	Eurillas	Eurillas virens	zombensis	SUBSPECIES	Eurillas virens zombensis (Shelley, 1894)			TZ	West of Ruipa river		PRESENT		2e7df380-8356-4533-bcb3-5459e23c794e	-8.119722	36.33							1995-11-29	29	11	1995	6086343	7340348	PRESERVED_SPECIMEN	NHMD	AV	NHMD121909				CC_BY_4_0		Bolding Kristensen, Jan			2026-03-18T07:45:41.901Z		COORDINATE_ROUNDED
4164081679	e5c5cad9-b987-4bb4-b07b-85488c5fdd80	e9201ae0-3039-4b2d-9c5c-f9f4be4705ff	Animalia	Chordata	Aves	Passeriformes	Pycnonotidae	Hypsipetes	Hypsipetes everetti	everetti	SUBSPECIES	Hypsipetes everetti everetti (Tweeddale, 1877)			PH	Agay	Mindanao	PRESENT		2e7df380-8356-4533-bcb3-5459e23c794e	9.051667	125.585833							1952-02-12	12	2	1952	7342047	7342046	PRESERVED_SPECIMEN	NHMD	AV	NHMD134282				CC_BY_4_0					2026-03-18T07:45:44.616Z		COORDINATE_ROUNDED
4164081650	e5c5cad9-b987-4bb4-b07b-85488c5fdd80	dfb2f00c-2d47-4d58-b70f-e5dab47b02cc	Animalia	Chordata	Aves	Passeriformes	Pycnonotidae	Pycnonotus	Pycnonotus goiavier	suluensis	SUBSPECIES	Pycnonotus goiavier suluensis Mearns, 1909			PH	Opol	Mindanao	PRESENT		2e7df380-8356-4533-bcb3-5459e23c794e	8.52	124.573333							1951-08-21	21	8	1951	6094616	2486144	PRESERVED_SPECIMEN	NHMD	AV	NHMD134235				CC_BY_4_0					2026-03-18T07:45:41.892Z		COORDINATE_ROUNDED
4164081636	e5c5cad9-b987-4bb4-b07b-85488c5fdd80	ee7f2a87-5664-4b42-bf2b-519cd0953be0	Animalia	Chordata	Aves	Passeriformes	Pycnonotidae	Stelgidillas	Stelgidillas gracilirostris	gracilirostris	SUBSPECIES	Stelgidillas gracilirostris gracilirostris (Strickland, 1844)			TZ	Minziro		PRESENT		2e7df380-8356-4533-bcb3-5459e23c794e	-1.0	31.579722							1954-01-02	2	1	1954	7340465	7340464	PRESERVED_SPECIMEN	NHMD	AV	NHMD120855				CC_BY_4_0		Andersen, Thorkild			2026-03-18T07:45:41.893Z		COORDINATE_ROUNDED
4164081607	e5c5cad9-b987-4bb4-b07b-85488c5fdd80	01c2f2cf-15b5-4b1f-b952-c888b632d806	Animalia	Chordata	Aves	Passeriformes	Pycnonotidae	Phyllastrephus	Phyllastrephus icterinus		SPECIES	Phyllastrephus icterinus (Bonaparte, 1850)			CG	Kakunda W of Mwenda		PRESENT		2e7df380-8356-4533-bcb3-5459e23c794e									1950-08-28	28	8	1950	2486106	2486106	PRESERVED_SPECIMEN	NHMD	AV	NHMD137533				CC_BY_4_0		de Wilde, J.			2026-03-18T07:45:48.207Z		
4164081606	e5c5cad9-b987-4bb4-b07b-85488c5fdd80	085c0afc-52b6-41fc-b37a-8ba2b52d5456	Animalia	Chordata	Aves	Passeriformes	Pycnonotidae	Eurillas	Eurillas virens	zombensis	SUBSPECIES	Eurillas virens zombensis (Shelley, 1894)			TZ	Kanga Forest Reserve		PRESENT		2e7df380-8356-4533-bcb3-5459e23c794e	-6.0	37.7							2003-11-20	20	11	2003	6086343	7340348	PRESERVED_SPECIMEN	NHMD	AV	NHMD126317				CC_BY_4_0		Kiure, Jacob			2026-03-18T07:45:44.609Z		
4164081599	e5c5cad9-b987-4bb4-b07b-85488c5fdd80	19a107c0-4623-4155-af98-42a6f9ebdf5c	Animalia	Chordata	Aves	Passeriformes	Pycnonotidae	Phyllastrephus	Phyllastrephus albigula		SPECIES	Phyllastrephus albigula (Grote, 1919)			TZ	Nguru South Forest Reserve		PRESENT		2e7df380-8356-4533-bcb3-5459e23c794e	-6.05	37.479722							2003-06-18	18	6	2003	6086037	6086037	PRESERVED_SPECIMEN	NHMD	AV	NHMD122922				CC_BY_4_0		Kiure, Jacob			2026-03-18T07:45:41.876Z		COORDINATE_ROUNDED
4164081581	e5c5cad9-b987-4bb4-b07b-85488c5fdd80	0cb36685-b14f-447f-8dde-8e7df48fa81c	Animalia	Chordata	Aves	Passeriformes	Pycnonotidae	Hypsipetes	Hypsipetes philippinus	saturatior	SUBSPECIES	Hypsipetes philippinus saturatior (Hartert, 1916)			PH	Tuod	Mindanao	PRESENT		2e7df380-8356-4533-bcb3-5459e23c794e	8.343889	124.359444							1951-09-16	16	9	1951	6093854	7342036	PRESERVED_SPECIMEN	NHMD	AV	NHMD134262				CC_BY_4_0					2026-03-18T07:45:44.608Z		COORDINATE_ROUNDED
4164081526	e5c5cad9-b987-4bb4-b07b-85488c5fdd80	de42bd80-69d6-4cc1-a16a-354040e76275	Animalia	Chordata	Aves	Passeriformes	Pycnonotidae	Eurillas	Eurillas virens	zombensis	SUBSPECIES	Eurillas virens zombensis (Shelley, 1894)			TZ	Ndundulu Forest	Iringa Region	PRESENT		2e7df380-8356-4533-bcb3-5459e23c794e	-7.8	36.5							2007-01-16	16	1	2007	6086343	7340348	PRESERVED_SPECIMEN	NHMD	AV	NHMD129712				CC_BY_4_0		Kiure, Jacob			2026-03-18T07:45:41.849Z		
4164081515	e5c5cad9-b987-4bb4-b07b-85488c5fdd80	6931462c-faaa-4c97-8f9c-d185977b5992	Animalia	Chordata	Aves	Passeriformes	Pycnonotidae	Eurillas	Eurillas virens	zombensis	SUBSPECIES	Eurillas virens zombensis (Shelley, 1894)			TZ	Kilindi Forest Reserve		PRESENT		2e7df380-8356-4533-bcb3-5459e23c794e	-5.57	37.569722							2005-05-18	18	5	2005	6086343	7340348	PRESERVED_SPECIMEN	NHMD	AV	NHMD125029				CC_BY_4_0		Kiure, Jacob			2026-03-18T07:45:41.846Z		COORDINATE_ROUNDED
4164081478	e5c5cad9-b987-4bb4-b07b-85488c5fdd80	44aebc7d-b481-47e3-a33f-35c1d9552fe0	Animalia	Chordata	Aves	Passeriformes	Pycnonotidae	Arizelocichla	Arizelocichla nigriceps	usambarae	SUBSPECIES	Arizelocichla nigriceps usambarae (Grote, 1919)			TZ	Shume Forest		PRESENT		2e7df380-8356-4533-bcb3-5459e23c794e	-4.67	38.25							2009-06-19	19	6	2009	6086710	7340426	PRESERVED_SPECIMEN	NHMD	AV	NHMD127047				CC_BY_4_0		Kiure, Jacob			2026-03-18T07:45:41.844Z		
4164081460	e5c5cad9-b987-4bb4-b07b-85488c5fdd80	71975158-9317-4d13-b202-3c67d468e6a3	Animalia	Chordata	Aves	Passeriformes	Pycnonotidae	Phyllastrephus	Phyllastrephus cabanisi	placidus	SUBSPECIES	Phyllastrephus cabanisi placidus			TZ	Maguli FR		PRESENT		2e7df380-8356-4533-bcb3-5459e23c794e	-9.493889	34.175833							2008-12-14	14	12	2008	6540392	2486087	PRESERVED_SPECIMEN	NHMD	AV	NHMD126834				CC_BY_4_0		Kiure, Jacob			2026-03-18T07:45:48.191Z		COORDINATE_ROUNDED
4164081452	e5c5cad9-b987-4bb4-b07b-85488c5fdd80	5511aff5-35c1-4fcf-9f7c-8f020f4f64e3	Animalia	Chordata	Aves	Passeriformes	Pycnonotidae	Eurillas	Eurillas virens	zombensis	SUBSPECIES	Eurillas virens zombensis (Shelley, 1894)			TZ	West of Ruipa river		PRESENT		2e7df380-8356-4533-bcb3-5459e23c794e	-8.119722	36.33							1995-11-27	27	11	1995	6086343	7340348	PRESERVED_SPECIMEN	NHMD	AV	NHMD121911				CC_BY_4_0		Bolding Kristensen, Jan			2026-03-18T07:45:48.191Z		COORDINATE_ROUNDED
4164081418	e5c5cad9-b987-4bb4-b07b-85488c5fdd80	a2419ddb-bfd2-4e05-a013-e8760ff5006a	Animalia	Chordata	Aves	Passeriformes	Pycnonotidae	Hypsipetes	Hypsipetes everetti	haynaldi	SUBSPECIES	Hypsipetes everetti haynaldi (W.Blasius, 1890)			PH	Tarawakan, Tawi Tawi Isl.	Autonomous Region in Muslim Mindanao	PRESENT		2e7df380-8356-4533-bcb3-5459e23c794e	5.106217	119.863425							1961-10-20	20	10	1961	6093912	7342046	PRESERVED_SPECIMEN	NHMD	AV	NHMD135880				CC_BY_4_0		Petersen, Erik;Andersen, Søren;Oaney, William			2026-03-18T07:45:44.594Z		COORDINATE_ROUNDED
4164081413	e5c5cad9-b987-4bb4-b07b-85488c5fdd80	78e10d7d-7cfa-4d36-bd10-9b87f19bc975	Animalia	Chordata	Aves	Passeriformes	Pycnonotidae	Phyllastrephus	Phyllastrephus cabanisi	placidus	SUBSPECIES	Phyllastrephus cabanisi placidus			TZ	Uluguru Mts.		PRESENT		2e7df380-8356-4533-bcb3-5459e23c794e	-7.0	39.666667							1961-03-03	3	3	1961	6540392	2486087	PRESERVED_SPECIMEN	NHMD	AV	NHMD122023				CC_BY_4_0		Andersen, Thorkild			2026-03-18T07:45:48.186Z		COORDINATE_ROUNDED;CONTINENT_COORDINATE_MISMATCH
4164081410	e5c5cad9-b987-4bb4-b07b-85488c5fdd80	50b0c185-829e-41ec-bc4d-4d567a2bc391	Animalia	Chordata	Aves	Passeriformes	Pycnonotidae	Phyllastrephus	Phyllastrephus cabanisi	placidus	SUBSPECIES	Phyllastrephus cabanisi placidus			TZ	Ndundulu Forest	Iringa Region	PRESENT		2e7df380-8356-4533-bcb3-5459e23c794e	-7.8	36.5							2007-06-19	19	6	2007	6540392	2486087	PRESERVED_SPECIMEN	NHMD	AV	NHMD129176				CC_BY_4_0		Kiure, Jacob			2026-03-18T07:45:58.446Z		
4164081382	e5c5cad9-b987-4bb4-b07b-85488c5fdd80	a91472c6-7b18-4838-8277-92f01960a66c	Animalia	Chordata	Aves	Passeriformes	Pycnonotidae	Eurillas	Eurillas virens	zombensis	SUBSPECIES	Eurillas virens zombensis (Shelley, 1894)			TZ	Kanga Forest Reserve	Morogoro Region	PRESENT		2e7df380-8356-4533-bcb3-5459e23c794e	-6.0	37.7							2003-11-21	21	11	2003	6086343	7340348	PRESERVED_SPECIMEN	NHMD	AV	NHMD129703				CC_BY_4_0		Kiure, Jacob			2026-03-18T07:45:48.184Z		
4164081361	e5c5cad9-b987-4bb4-b07b-85488c5fdd80	40c6e8f9-1fc9-42ac-bfc3-e6a8dc1a2f00	Animalia	Chordata	Aves	Passeriformes	Pycnonotidae	Hypsipetes	Hypsipetes philippinus	saturatior	SUBSPECIES	Hypsipetes philippinus saturatior (Hartert, 1916)			PH	Cabanglasan	Mindanao	PRESENT		2e7df380-8356-4533-bcb3-5459e23c794e	8.071944	125.299167							1952-01-17	17	1	1952	6093854	7342036	PRESERVED_SPECIMEN	NHMD	AV	NHMD134264				CC_BY_4_0					2026-03-18T07:45:58.443Z		COORDINATE_ROUNDED
4164081353	e5c5cad9-b987-4bb4-b07b-85488c5fdd80	c26d17a5-7bdd-4936-80b2-54cf69e82c7f	Animalia	Chordata	Aves	Passeriformes	Pycnonotidae	Arizelocichla	Arizelocichla fusciceps		SPECIES	Arizelocichla fusciceps (Shelley, 1893)			TZ	Udzungwa Scarp Forest		PRESENT		2e7df380-8356-4533-bcb3-5459e23c794e	-8.373333	35.978611							1996-11-05	5	11	1996	6100812	6100812	PRESERVED_SPECIMEN	NHMD	AV	NHMD121942				CC_BY_4_0		Fjeldså, Jon			2026-03-18T07:45:41.817Z		COORDINATE_ROUNDED;TAXON_MATCH_HIGHERRANK
4164081332	e5c5cad9-b987-4bb4-b07b-85488c5fdd80	a53a64d3-10db-4360-b91b-1edbb0af936a	Animalia	Chordata	Aves	Passeriformes	Pycnonotidae	Arizelocichla	Arizelocichla fusciceps		SPECIES	Arizelocichla fusciceps (Shelley, 1893)			TZ	Uluguru Mts.		PRESENT		2e7df380-8356-4533-bcb3-5459e23c794e	-7.0	39.666667							1961-06-05	5	6	1961	6100812	6100812	PRESERVED_SPECIMEN	NHMD	AV	NHMD120834				CC_BY_4_0		Andersen, Thorkild			2026-03-18T07:45:44.587Z		COORDINATE_ROUNDED;CONTINENT_COORDINATE_MISMATCH;TAXON_MATCH_HIGHERRANK
4164081331	e5c5cad9-b987-4bb4-b07b-85488c5fdd80	3e3e2ef6-1d2d-4b52-81c4-e583e591550a	Animalia	Chordata	Aves	Passeriformes	Pycnonotidae	Phyllastrephus	Phyllastrephus terrestris	suahelicus	SUBSPECIES	Phyllastrephus terrestris suahelicus Reichenow, 1904			TZ	Pugu Hills		PRESENT		2e7df380-8356-4533-bcb3-5459e23c794e	-6.88	39.08							2008-05-17	17	5	2008	6086295	2486094	PRESERVED_SPECIMEN	NHMD	AV	NHMD125811				CC_BY_4_0		Kiure, Jacob			2026-03-18T07:45:58.441Z	StillImage	
4164081306	e5c5cad9-b987-4bb4-b07b-85488c5fdd80	0b2d2d34-5e2b-4690-b262-e137276e4a1d	Animalia	Chordata	Aves	Passeriformes	Pycnonotidae	Arizelocichla	Arizelocichla masukuensis		SPECIES	Arizelocichla masukuensis (Shelley, 1897)			TZ	Poroto Mts FR		PRESENT		2e7df380-8356-4533-bcb3-5459e23c794e	-9.016944	33.75							2008-12-18	18	12	2008	7340439	7340439	PRESERVED_SPECIMEN	NHMD	AV	NHMD126852				CC_BY_4_0		Kiure, Jacob			2026-03-18T07:45:44.585Z		COORDINATE_ROUNDED;TAXON_MATCH_HIGHERRANK
4164081298	e5c5cad9-b987-4bb4-b07b-85488c5fdd80	65afe72a-57ef-485b-9f82-b43037d66a50	Animalia	Chordata	Aves	Passeriformes	Pycnonotidae	Phyllastrephus	Phyllastrephus poliocephalus		SPECIES	Phyllastrephus poliocephalus (Reichenow, 1892)			NG	Obudu Plateau		PRESENT		2e7df380-8356-4533-bcb3-5459e23c794e	6.470008	9.345339							1959-01-05	5	1	1959	2486101	2486101	PRESERVED_SPECIMEN	NHMD	AV	NHMD137544				CC_BY_4_0		Volsøe, Helge			2026-03-18T07:45:41.807Z		COORDINATE_ROUNDED
4164081292	e5c5cad9-b987-4bb4-b07b-85488c5fdd80	f30c3212-8740-4ec3-a9d4-de17da5f64c2	Animalia	Chordata	Aves	Passeriformes	Pycnonotidae	Arizelocichla	Arizelocichla masukuensis	roehli	SUBSPECIES	Arizelocichla masukuensis roehli (Reichenow, 1905)			TZ	Uluguru Mts.		PRESENT		2e7df380-8356-4533-bcb3-5459e23c794e	-7.0	39.666667							1961-06-10	10	6	1961	6086770	7340439	PRESERVED_SPECIMEN	NHMD	AV	NHMD120819				CC_BY_4_0		Andersen, Thorkild			2026-03-18T07:45:58.430Z		COORDINATE_ROUNDED;CONTINENT_COORDINATE_MISMATCH
4164081288	e5c5cad9-b987-4bb4-b07b-85488c5fdd80	9345b597-a715-4278-8658-d688a65f4fa1	Animalia	Chordata	Aves	Passeriformes	Pycnonotidae	Thapsinillas	Thapsinillas affinis		SPECIES	Thapsinillas affinis (Hombron & Jacquinot, 1841)			ID	Gunung Sere above Tapaya Village		PRESENT		2e7df380-8356-4533-bcb3-5459e23c794e									2013-11-27	27	11	2013	6100816	6100816	PRESERVED_SPECIMEN	NHMD	AV	NHMD138260				CC_BY_4_0		Kennedy, Jonathan			2026-03-18T07:45:44.584Z		TAXON_MATCH_HIGHERRANK
4164081272	e5c5cad9-b987-4bb4-b07b-85488c5fdd80	2ca5d031-9e45-4be7-b433-97b4f5c43f7c	Animalia	Chordata	Aves	Passeriformes	Pycnonotidae	Phyllastrephus	Phyllastrephus fischeri		SPECIES	Phyllastrephus fischeri (Reichenow, 1879)			TZ	Mikindani		PRESENT		2e7df380-8356-4533-bcb3-5459e23c794e	-10.279722	40.119722							1965-03-25	25	3	1965	2486097	2486097	PRESERVED_SPECIMEN	NHMD	AV	NHMD122015				CC_BY_4_0		Andersen, Thorkild			2026-03-18T07:45:58.429Z		COORDINATE_ROUNDED
4164081263	e5c5cad9-b987-4bb4-b07b-85488c5fdd80	bb20c6e0-bfbe-4ef6-8b90-a9b1df711b25	Animalia	Chordata	Aves	Passeriformes	Pycnonotidae	Arizelocichla	Arizelocichla masukuensis	roehli	SUBSPECIES	Arizelocichla masukuensis roehli (Reichenow, 1905)			TZ	Mafwemiro Forest		PRESENT		2e7df380-8356-4533-bcb3-5459e23c794e	-6.783333	36.533333							2002-12-02	2	12	2002	6086770	7340439	PRESERVED_SPECIMEN	NHMD	AV	NHMD129753				CC_BY_4_0		Fjeldså, Jon			2026-03-18T07:45:41.799Z		COORDINATE_ROUNDED
4164081246	e5c5cad9-b987-4bb4-b07b-85488c5fdd80	2d3628be-a55c-474c-a5d0-d4d4c7e3f721	Animalia	Chordata	Aves	Passeriformes	Pycnonotidae	Phyllastrephus	Phyllastrephus flavostriatus	tenuirostris	SUBSPECIES	Phyllastrephus flavostriatus tenuirostris (Fischer & Reichenow, 1884)			TZ	Nguru South Forest Reserve		PRESENT		2e7df380-8356-4533-bcb3-5459e23c794e	-6.05	37.479722							2003-06-04	4	6	2003	6086107	2486089	PRESERVED_SPECIMEN	NHMD	AV	NHMD123793				CC_BY_4_0		Kiure, Jacob			2026-03-18T07:45:48.166Z		COORDINATE_ROUNDED
4164081214	e5c5cad9-b987-4bb4-b07b-85488c5fdd80	0ede4a62-23a8-4ef1-b9eb-dcbefcba0761	Animalia	Chordata	Aves	Passeriformes	Pycnonotidae	Arizelocichla	Arizelocichla milanjensis	striifacies	SUBSPECIES	Arizelocichla milanjensis striifacies			TZ	Mt. Kilimanjaro		PRESENT		2e7df380-8356-4533-bcb3-5459e23c794e									1967-05-21	21	5	1967	6540503	7340424	PRESERVED_SPECIMEN	NHMD	AV	NHMD119552				CC_BY_4_0		Salanti, M.			2026-03-18T07:45:44.578Z		
4164081190	e5c5cad9-b987-4bb4-b07b-85488c5fdd80	bf80b88b-ef5e-413f-8e1d-688f674a0fb2	Animalia	Chordata	Aves	Passeriformes	Pycnonotidae	Phyllastrephus	Phyllastrephus cabanisi	placidus	SUBSPECIES	Phyllastrephus cabanisi placidus			TZ	Ukami Forest		PRESENT		2e7df380-8356-4533-bcb3-5459e23c794e	-7.88	36.419722							2003-03-13	13	3	2003	6540392	2486087	PRESERVED_SPECIMEN	NHMD	AV	NHMD133245				CC_BY_4_0		Kiure, Jacob			2026-03-18T07:45:44.576Z		COORDINATE_ROUNDED
4164081183	e5c5cad9-b987-4bb4-b07b-85488c5fdd80	9634ffaa-fa5c-4be0-99bc-c5198312ba80	Animalia	Chordata	Aves	Passeriformes	Pycnonotidae	Pycnonotus	Pycnonotus barbatus	layardi	SUBSPECIES	Pycnonotus barbatus layardi			TZ	Amani		PRESENT		2e7df380-8356-4533-bcb3-5459e23c794e	-5.099722	38.63							2009-07-21	21	7	2009	6094955	2486147	PRESERVED_SPECIMEN	NHMD	AV	NHMD127055				CC_BY_4_0		Kiure, Jacob			2026-03-18T07:45:58.422Z		COORDINATE_ROUNDED
4164081172	e5c5cad9-b987-4bb4-b07b-85488c5fdd80	53ef0d7d-67d2-4503-aa27-6dd2e3ad3d30	Animalia	Chordata	Aves	Passeriformes	Pycnonotidae	Arizelocichla	Arizelocichla fusciceps		SPECIES	Arizelocichla fusciceps (Shelley, 1893)			TZ	Ukami Forest		PRESENT		2e7df380-8356-4533-bcb3-5459e23c794e	-7.88	36.419722							2003-03-19	19	3	2003	6100812	6100812	PRESERVED_SPECIMEN	NHMD	AV	NHMD123821				CC_BY_4_0		Kiure, Jacob			2026-03-18T07:45:41.780Z		COORDINATE_ROUNDED;TAXON_MATCH_HIGHERRANK
4164081169	e5c5cad9-b987-4bb4-b07b-85488c5fdd80	356a20c6-cd03-4f62-9a96-571636b0a3da	Animalia	Chordata	Aves	Passeriformes	Pycnonotidae	Eurillas	Eurillas latirostris	latirostris	SUBSPECIES	Eurillas latirostris latirostris (Strickland, 1844)			TZ	Mahale Mts.	Kigoma Region	PRESENT		2e7df380-8356-4533-bcb3-5459e23c794e	-6.166667	29.75							2004-08-16	16	8	2004	6086380	7340356	PRESERVED_SPECIMEN	NHMD	AV	NHMD129719				CC_BY_4_0		Kiure, Jacob			2026-03-18T07:45:44.573Z		COORDINATE_ROUNDED
4164081140	e5c5cad9-b987-4bb4-b07b-85488c5fdd80	7952cbcf-52e7-4294-a407-84f2c550fac6	Animalia	Chordata	Aves	Passeriformes	Pycnonotidae	Arizelocichla	Arizelocichla milanjensis	striifacies	SUBSPECIES	Arizelocichla milanjensis striifacies			TZ	Nguru South Forest Reserve		PRESENT		2e7df380-8356-4533-bcb3-5459e23c794e	-6.05	37.479722							2005-03-21	21	3	2005	6540503	7340424	PRESERVED_SPECIMEN	NHMD	AV	NHMD126347				CC_BY_4_0		Kiure, Jacob			2026-03-18T07:45:44.571Z		COORDINATE_ROUNDED
4164081129	e5c5cad9-b987-4bb4-b07b-85488c5fdd80	1c9d9d87-8da8-444e-8cb6-275e72e732ce	Animalia	Chordata	Aves	Passeriformes	Pycnonotidae	Phyllastrephus	Phyllastrephus flavostriatus	alfredi	SUBSPECIES	Phyllastrephus flavostriatus alfredi			TZ	Mbizi Forest Reserve		PRESENT		2e7df380-8356-4533-bcb3-5459e23c794e	-7.889722	31.68							2008-03-08	8	3	2008	6540367	2486089	PRESERVED_SPECIMEN	NHMD	AV	NHMD125796				CC_BY_4_0		Kiure, Jacob			2026-03-18T07:45:48.146Z		COORDINATE_ROUNDED
4164081077	e5c5cad9-b987-4bb4-b07b-85488c5fdd80	1d327c97-1951-43d4-aab0-a3b8a26f5d11	Animalia	Chordata	Aves	Passeriformes	Pycnonotidae	Pycnonotus	Pycnonotus urostictus	philippensis	SUBSPECIES	Poliolophus urostictus philippensis Hachisuka, 1934			PH	Tuod	Mindanao	PRESENT		2e7df380-8356-4533-bcb3-5459e23c794e	8.343889	124.359444							1951-09-20	20	9	1951	11027194	2486143	PRESERVED_SPECIMEN	NHMD	AV	NHMD134253				CC_BY_4_0					2026-03-18T07:45:44.560Z		COORDINATE_ROUNDED
4164081027	e5c5cad9-b987-4bb4-b07b-85488c5fdd80	a09392ad-2841-440f-b0c6-7b0d76464de0	Animalia	Chordata	Aves	Passeriformes	Pycnonotidae	Arizelocichla	Arizelocichla masukuensis		SPECIES	Arizelocichla masukuensis (Shelley, 1897)			TZ	Maguli FR		PRESENT		2e7df380-8356-4533-bcb3-5459e23c794e	-9.493889	34.175833							2008-12-05	5	12	2008	7340439	7340439	PRESERVED_SPECIMEN	NHMD	AV	NHMD126848				CC_BY_4_0		Kiure, Jacob			2026-03-18T07:45:44.553Z		COORDINATE_ROUNDED;TAXON_MATCH_HIGHERRANK
4164081026	e5c5cad9-b987-4bb4-b07b-85488c5fdd80	ea48e1e5-0137-444e-b53a-4217eed65fca	Animalia	Chordata	Aves	Passeriformes	Pycnonotidae	Andropadus	Andropadus importunus	hypoxanthus	SUBSPECIES	Andropadus importunus hypoxanthus Sharpe, 1876			TZ	Soga, Kisarawe Distr. 500', 150m		PRESENT		2e7df380-8356-4533-bcb3-5459e23c794e	-6.829722	38.869722							1961-08-19	19	8	1961	6086920	2486162	PRESERVED_SPECIMEN	NHMD	AV	NHMD120849				CC_BY_4_0		Andersen, Thorkild			2026-03-18T07:45:44.552Z		COORDINATE_ROUNDED
4164081024	e5c5cad9-b987-4bb4-b07b-85488c5fdd80	d46be185-065c-4535-98f6-f53bcb904699	Animalia	Chordata	Aves	Passeriformes	Pycnonotidae	Phyllastrephus	Phyllastrephus flavostriatus	tenuirostris	SUBSPECIES	Phyllastrephus flavostriatus tenuirostris (Fischer & Reichenow, 1884)			TZ	Mt. Kanga Forest Reserve		PRESENT		2e7df380-8356-4533-bcb3-5459e23c794e	-6.0	37.7							2003-11-25	25	11	2003	6086107	2486089	PRESERVED_SPECIMEN	NHMD	AV	NHMD123772				CC_BY_4_0		Kiure, Jacob			2026-03-18T07:45:48.136Z		
4164081019	e5c5cad9-b987-4bb4-b07b-85488c5fdd80	d9a24616-39cc-41db-944c-a7aacb6fa58d	Animalia	Chordata	Aves	Passeriformes	Pycnonotidae	Chlorocichla	Chlorocichla flaviventris	centralis	SUBSPECIES	Chlorocichla flaviventris centralis Reichenow, 1887			TZ	Soga, Kisarawe Distr. 500', 150m		PRESENT		2e7df380-8356-4533-bcb3-5459e23c794e	-6.829722	38.869722							1961-08-28	28	8	1961	6086621	2486173	PRESERVED_SPECIMEN	NHMD	AV	NHMD120891				CC_BY_4_0		Andersen, Thorkild			2026-03-18T07:45:58.409Z		COORDINATE_ROUNDED
4164080977	e5c5cad9-b987-4bb4-b07b-85488c5fdd80	48853177-a3fa-4304-ad02-d03744687133	Animalia	Chordata	Aves	Passeriformes	Pycnonotidae	Stelgidillas	Stelgidillas gracilirostris	gracilirostris	SUBSPECIES	Stelgidillas gracilirostris gracilirostris (Strickland, 1844)			TZ	Kungwe Forest	Kigoma Region	PRESENT		2e7df380-8356-4533-bcb3-5459e23c794e	-6.13	29.799722							2004-08-31	31	8	2004	7340465	7340464	PRESERVED_SPECIMEN	NHMD	AV	NHMD125045				CC_BY_4_0		Kiure, Jacob			2026-03-18T07:45:48.131Z	StillImage	COORDINATE_ROUNDED
4164080962	e5c5cad9-b987-4bb4-b07b-85488c5fdd80	42466c7a-27c8-4bf9-a0c9-6cf28c959c60	Animalia	Chordata	Aves	Passeriformes	Pycnonotidae	Chlorocichla	Chlorocichla flaviventris	centralis	SUBSPECIES	Chlorocichla flaviventris centralis Reichenow, 1887			TZ	Shausi Moyo		PRESENT		2e7df380-8356-4533-bcb3-5459e23c794e	-3.92	35.669722							1959-06-21	21	6	1959	6086621	2486173	PRESERVED_SPECIMEN	NHMD	AV	NHMD120882				CC_BY_4_0		Andersen, Thorkild			2026-03-18T07:45:58.405Z		COORDINATE_ROUNDED
4164080933	e5c5cad9-b987-4bb4-b07b-85488c5fdd80	6f69252b-4581-45d4-a532-ae52557a1873	Animalia	Chordata	Aves	Passeriformes	Pycnonotidae	Hypsipetes	Hypsipetes philippinus	saturatior	SUBSPECIES	Hypsipetes philippinus saturatior (Hartert, 1916)			PH	Tuod	Mindanao	PRESENT		2e7df380-8356-4533-bcb3-5459e23c794e	8.343889	124.359444							1951-09-16	16	9	1951	6093854	7342036	PRESERVED_SPECIMEN	NHMD	AV	NHMD134266				CC_BY_4_0					2026-03-18T07:45:41.747Z		COORDINATE_ROUNDED
4164080932	e5c5cad9-b987-4bb4-b07b-85488c5fdd80	3a34ad5f-e826-4855-9a07-6ff6cfe2c304	Animalia	Chordata	Aves	Passeriformes	Pycnonotidae	Andropadus	Andropadus importunus	hypoxanthus	SUBSPECIES	Andropadus importunus hypoxanthus Sharpe, 1876			TZ	Soga, Kisarawe Distr. 500', 150m		PRESENT		2e7df380-8356-4533-bcb3-5459e23c794e	-6.829722	38.869722							1961-04-24	24	4	1961	6086920	2486162	PRESERVED_SPECIMEN	NHMD	AV	NHMD120846				CC_BY_4_0		Andersen, Thorkild			2026-03-18T07:45:48.127Z		COORDINATE_ROUNDED
4164080899	e5c5cad9-b987-4bb4-b07b-85488c5fdd80	93f8d80e-017f-40b9-b8fd-38aad751a5c7	Animalia	Chordata	Aves	Passeriformes	Pycnonotidae	Arizelocichla	Arizelocichla masukuensis		SPECIES	Arizelocichla masukuensis (Shelley, 1897)			TZ	Ukami Forest		PRESENT		2e7df380-8356-4533-bcb3-5459e23c794e	-7.88	36.419722							2003-02-27	27	2	2003	7340439	7340439	PRESERVED_SPECIMEN	NHMD	AV	NHMD133244				CC_BY_4_0		Kiure, Jacob			2026-03-18T07:45:48.123Z		COORDINATE_ROUNDED
4164080891	e5c5cad9-b987-4bb4-b07b-85488c5fdd80	29962342-8dbe-40c2-ad62-61b56d485aa7	Animalia	Chordata	Aves	Passeriformes	Pycnonotidae	Phyllastrephus	Phyllastrephus cabanisi	placidus	SUBSPECIES	Phyllastrephus cabanisi placidus			TZ	Nguru South Forest Reserve		PRESENT		2e7df380-8356-4533-bcb3-5459e23c794e	-6.05	37.479722							2004-10-07	7	10	2004	6540392	2486087	PRESERVED_SPECIMEN	NHMD	AV	NHMD124858				CC_BY_4_0		Kiure, Jacob			2026-03-18T07:45:48.123Z		COORDINATE_ROUNDED
4164080875	e5c5cad9-b987-4bb4-b07b-85488c5fdd80	98140806-fa1f-438a-8c8b-a8922dd07cd3	Animalia	Chordata	Aves	Passeriformes	Pycnonotidae	Arizelocichla	Arizelocichla fusciceps		SPECIES	Arizelocichla fusciceps (Shelley, 1893)			TZ	Mafwemiro Forest	Dodoma Region	PRESENT		2e7df380-8356-4533-bcb3-5459e23c794e	-6.93333	36.58333							2002-11-22	22	11	2002	6100812	6100812	PRESERVED_SPECIMEN	NHMD	AV	NHMD129701				CC_BY_4_0		Fjeldså, Jon			2026-03-18T07:45:41.734Z		TAXON_MATCH_HIGHERRANK
4164080870	e5c5cad9-b987-4bb4-b07b-85488c5fdd80	50aa84b6-7972-4e39-897e-7b415ef570a3	Animalia	Chordata	Aves	Passeriformes	Pycnonotidae	Arizelocichla	Arizelocichla fusciceps		SPECIES	Arizelocichla fusciceps (Shelley, 1893)			TZ	Mt Kiboriani Forest Reserve		PRESENT		2e7df380-8356-4533-bcb3-5459e23c794e	-6.28	36.479722							2004-01-29	29	1	2004	6100812	6100812	PRESERVED_SPECIMEN	NHMD	AV	NHMD123362				CC_BY_4_0		Kiure, Jacob			2026-03-18T07:45:48.120Z		COORDINATE_ROUNDED;TAXON_MATCH_HIGHERRANK
4164080868	e5c5cad9-b987-4bb4-b07b-85488c5fdd80	b4abec67-bd7b-4fd7-a57e-dad1274de432	Animalia	Chordata	Aves	Passeriformes	Pycnonotidae	Eurillas	Eurillas virens	zombensis	SUBSPECIES	Eurillas virens zombensis (Shelley, 1894)			TZ	Nguru South Forest Reserve		PRESENT		2e7df380-8356-4533-bcb3-5459e23c794e	-6.05	37.479722							2005-03-13	13	3	2005	6086343	7340348	PRESERVED_SPECIMEN	NHMD	AV	NHMD126314				CC_BY_4_0		Kiure, Jacob			2026-03-18T07:45:44.538Z		COORDINATE_ROUNDED
4164080865	e5c5cad9-b987-4bb4-b07b-85488c5fdd80	9582f982-2d96-4f51-94e1-1787f16b411d	Animalia	Chordata	Aves	Passeriformes	Pycnonotidae	Phyllastrephus	Phyllastrephus cabanisi	placidus	SUBSPECIES	Phyllastrephus cabanisi placidus			TZ	Matumbo camp		PRESENT		2e7df380-8356-4533-bcb3-5459e23c794e	-7.833333	36.466667							2007-06-19	19	6	2007	6540392	2486087	PRESERVED_SPECIMEN	NHMD	AV	NHMD129652				CC_BY_4_0		Kiure, Jacob			2026-03-18T07:45:48.119Z		COORDINATE_ROUNDED
4164080841	e5c5cad9-b987-4bb4-b07b-85488c5fdd80	0d6a450c-2078-4660-b246-b6717b0c8c44	Animalia	Chordata	Aves	Passeriformes	Pycnonotidae	Pycnonotus	Pycnonotus barbatus	layardi	SUBSPECIES	Pycnonotus barbatus layardi			TZ	Ndundulu Forest	Iringa Region	PRESENT		2e7df380-8356-4533-bcb3-5459e23c794e	-7.8	36.5							2007-07-25	25	7	2007	6094955	2486147	PRESERVED_SPECIMEN	NHMD	AV	NHMD125076				CC_BY_4_0		Kiure, Jacob			2026-03-18T07:45:44.535Z		
4164080831	e5c5cad9-b987-4bb4-b07b-85488c5fdd80	b14e6acf-61fb-4722-adff-4e11a170721a	Animalia	Chordata	Aves	Passeriformes	Pycnonotidae	Phyllastrephus	Phyllastrephus cabanisi	placidus	SUBSPECIES	Phyllastrephus cabanisi placidus			TZ	Chita Forest Reserve		PRESENT		2e7df380-8356-4533-bcb3-5459e23c794e	-8.5	35.919722							1984-10-29	29	10	1984	6540392	2486087	PRESERVED_SPECIMEN	NHMD	AV	NHMD124829				CC_BY_4_0		Jensen, Flemming			2026-03-18T07:45:48.115Z		COORDINATE_ROUNDED
4164080822	e5c5cad9-b987-4bb4-b07b-85488c5fdd80	ce14023f-1ca5-42e9-bdae-d84881a88095	Animalia	Chordata	Aves	Passeriformes	Pycnonotidae	Phyllastrephus	Phyllastrephus cabanisi	placidus	SUBSPECIES	Phyllastrephus cabanisi placidus			TZ	Ndundulu Forest	Iringa Region	PRESENT		2e7df380-8356-4533-bcb3-5459e23c794e	-7.8	36.5							2007-03-04	4	3	2007	6540392	2486087	PRESERVED_SPECIMEN	NHMD	AV	NHMD129174				CC_BY_4_0		Kiure, Jacob			2026-03-18T07:45:58.394Z		
4164080817	e5c5cad9-b987-4bb4-b07b-85488c5fdd80	8d4134bd-5dd6-43c7-8e78-2fe77ba7fc7b	Animalia	Chordata	Aves	Passeriformes	Pycnonotidae	Arizelocichla	Arizelocichla fusciceps		SPECIES	Arizelocichla fusciceps (Shelley, 1893)			TZ	Maguli FR		PRESENT		2e7df380-8356-4533-bcb3-5459e23c794e	-9.493889	34.175833							2008-11-24	24	11	2008	6100812	6100812	PRESERVED_SPECIMEN	NHMD	AV	NHMD126862				CC_BY_4_0		Kiure, Jacob			2026-03-18T07:45:44.532Z		COORDINATE_ROUNDED;TAXON_MATCH_HIGHERRANK
4164080809	e5c5cad9-b987-4bb4-b07b-85488c5fdd80	efb70afd-3f77-413c-8286-f5c5c82990c6	Animalia	Chordata	Aves	Passeriformes	Pycnonotidae	Pycnonotus	Pycnonotus urostictus	philippensis	SUBSPECIES	Poliolophus urostictus philippensis Hachisuka, 1934			PH	Tuod	Mindanao	PRESENT		2e7df380-8356-4533-bcb3-5459e23c794e	8.343889	124.359444							1951-09-13	13	9	1951	11027194	2486143	PRESERVED_SPECIMEN	NHMD	AV	NHMD134250				CC_BY_4_0					2026-03-18T07:45:44.532Z		COORDINATE_ROUNDED
4164080808	e5c5cad9-b987-4bb4-b07b-85488c5fdd80	34b72a4a-0047-4067-8a46-b04c5c3f85a4	Animalia	Chordata	Aves	Passeriformes	Pycnonotidae	Eurillas	Eurillas virens	zombensis	SUBSPECIES	Eurillas virens zombensis (Shelley, 1894)			TZ	Nguru South Forest Reserve		PRESENT		2e7df380-8356-4533-bcb3-5459e23c794e	-6.05	37.479722							2005-03-18	18	3	2005	6086343	7340348	PRESERVED_SPECIMEN	NHMD	AV	NHMD126315				CC_BY_4_0		Kiure, Jacob			2026-03-18T07:45:44.532Z		COORDINATE_ROUNDED
4164080802	e5c5cad9-b987-4bb4-b07b-85488c5fdd80	872d433e-52e8-49c6-ad0b-308f2e26da0b	Animalia	Chordata	Aves	Passeriformes	Pycnonotidae	Arizelocichla	Arizelocichla fusciceps		SPECIES	Arizelocichla fusciceps (Shelley, 1893)			TZ	Ndundulu Forest	Iringa Region	PRESENT		2e7df380-8356-4533-bcb3-5459e23c794e	-7.8	36.5							2007-03-07	7	3	2007	6100812	6100812	PRESERVED_SPECIMEN	NHMD	AV	NHMD123842				CC_BY_4_0		Kiure, Jacob			2026-03-18T07:45:48.112Z		TAXON_MATCH_HIGHERRANK
4164080798	e5c5cad9-b987-4bb4-b07b-85488c5fdd80	d2763f19-8f71-499a-98ae-0645704a2c76	Animalia	Chordata	Aves	Passeriformes	Pycnonotidae	Eurillas	Eurillas virens	zombensis	SUBSPECIES	Eurillas virens zombensis (Shelley, 1894)			TZ	Kanga Forest Reserve	Morogoro Region	PRESENT		2e7df380-8356-4533-bcb3-5459e23c794e	-6.0	37.7							2003-05-25	25	5	2003	6086343	7340348	PRESERVED_SPECIMEN	NHMD	AV	NHMD129702				CC_BY_4_0		Kiure, Jacob			2026-03-18T07:45:41.724Z		
4164080784	e5c5cad9-b987-4bb4-b07b-85488c5fdd80	208207d9-6f6f-4b2e-a51e-cb1dfa12bcb2	Animalia	Chordata	Aves	Passeriformes	Pycnonotidae	Arizelocichla	Arizelocichla masukuensis	roehli	SUBSPECIES	Arizelocichla masukuensis roehli (Reichenow, 1905)			TZ	Mafwemiro Forest		PRESENT		2e7df380-8356-4533-bcb3-5459e23c794e	-6.829722	36.569722							2002-11-20	20	11	2002	6086770	7340439	PRESERVED_SPECIMEN	NHMD	AV	NHMD122809				CC_BY_4_0		Fjeldså, Jon			2026-03-18T07:45:48.110Z		COORDINATE_ROUNDED
4164080778	e5c5cad9-b987-4bb4-b07b-85488c5fdd80	84469dd3-1069-40af-bbca-684ab836ecc9	Animalia	Chordata	Aves	Passeriformes	Pycnonotidae	Pycnonotus	Pycnonotus barbatus	layardi	SUBSPECIES	Pycnonotus barbatus layardi			TZ	Ndundulu Forest	Iringa Region	PRESENT		2e7df380-8356-4533-bcb3-5459e23c794e	-7.8	36.5							2007-07-24	24	7	2007	6094955	2486147	PRESERVED_SPECIMEN	NHMD	AV	NHMD125074				CC_BY_4_0		Kiure, Jacob			2026-03-18T07:45:58.389Z		
4164080763	e5c5cad9-b987-4bb4-b07b-85488c5fdd80	4a7dd355-4025-417a-8a51-a44c795dd92c	Animalia	Chordata	Aves	Passeriformes	Pycnonotidae	Bleda	Bleda syndactylus	woosnami	SUBSPECIES	Bleda syndactylus woosnami Ogilvie-Grant, 1907			CD	Masosi, Oycha		PRESENT		2e7df380-8356-4533-bcb3-5459e23c794e									1950-10-10	10	10	1950	6086855	7340458	PRESERVED_SPECIMEN	NHMD	AV	NHMD129032				CC_BY_4_0		de Wilde, J.			2026-03-18T07:45:44.527Z		
4164080754	e5c5cad9-b987-4bb4-b07b-85488c5fdd80	e32cff6e-9395-4313-a64c-ac33c1247aec	Animalia	Chordata	Aves	Passeriformes	Pycnonotidae	Hypsipetes	Hypsipetes everetti	everetti	SUBSPECIES	Hypsipetes everetti everetti (Tweeddale, 1877)			PH	Cabanglasan	Mindanao	PRESENT		2e7df380-8356-4533-bcb3-5459e23c794e	8.071944	125.299167							1951-10-19	19	10	1951	7342047	7342046	PRESERVED_SPECIMEN	NHMD	AV	NHMD134293				CC_BY_4_0					2026-03-18T07:45:48.107Z		COORDINATE_ROUNDED
4164080750	e5c5cad9-b987-4bb4-b07b-85488c5fdd80	8c5ba949-38a0-49c9-ac47-c566a87f8b66	Animalia	Chordata	Aves	Passeriformes	Pycnonotidae	Phyllastrephus	Phyllastrephus flavostriatus	tenuirostris	SUBSPECIES	Phyllastrephus flavostriatus tenuirostris (Fischer & Reichenow, 1884)			TZ	Nguru South Forest Reserve		PRESENT		2e7df380-8356-4533-bcb3-5459e23c794e	-6.05	37.479722							2003-06-21	21	6	2003	6086107	2486089	PRESERVED_SPECIMEN	NHMD	AV	NHMD123792				CC_BY_4_0		Kiure, Jacob			2026-03-18T07:45:44.526Z		COORDINATE_ROUNDED
4164080709	e5c5cad9-b987-4bb4-b07b-85488c5fdd80	7f548afd-0421-405f-ba13-85bf0fa37d92	Animalia	Chordata	Aves	Passeriformes	Pycnonotidae	Arizelocichla	Arizelocichla masukuensis	roehli	SUBSPECIES	Arizelocichla masukuensis roehli (Reichenow, 1905)			TZ	Liwili Kitesa Forest Reserve		PRESENT		2e7df380-8356-4533-bcb3-5459e23c794e	-11.399722	34.9							2006-01-06	6	1	2006	6086770	7340439	PRESERVED_SPECIMEN	NHMD	AV	NHMD124958				CC_BY_4_0		Kiure, Jacob			2026-03-18T07:45:44.522Z		COORDINATE_ROUNDED
4164080707	e5c5cad9-b987-4bb4-b07b-85488c5fdd80	4ef5201b-02c8-4a86-b690-2d302f307468	Animalia	Chordata	Aves	Passeriformes	Pycnonotidae	Phyllastrephus	Phyllastrephus cabanisi	placidus	SUBSPECIES	Phyllastrephus cabanisi placidus			TZ	Lossongonoi Plateau		PRESENT		2e7df380-8356-4533-bcb3-5459e23c794e	-4.059722	37.13							2006-08-13	13	8	2006	6540392	2486087	PRESERVED_SPECIMEN	NHMD	AV	NHMD124899				CC_BY_4_0		Kiure, Jacob			2026-03-18T07:45:58.381Z		COORDINATE_ROUNDED
4164080703	e5c5cad9-b987-4bb4-b07b-85488c5fdd80	04fdfaad-7c5b-4e88-a26c-f365910f1ef1	Animalia	Chordata	Aves	Passeriformes	Pycnonotidae	Eurillas	Eurillas curvirostris	curvirostris	SUBSPECIES	Eurillas curvirostris curvirostris (Cassin, 1859)			CG	Karambi		PRESENT		2e7df380-8356-4533-bcb3-5459e23c794e	-1.873611	28.453611							2008-02-23	23	2	2008	6086401	7340361	PRESERVED_SPECIMEN	NHMD	AV	NHMD127203				CC_BY_4_0		Kizungu, B.			2026-03-18T07:45:48.102Z		COORDINATE_ROUNDED;COUNTRY_COORDINATE_MISMATCH
4164080668	e5c5cad9-b987-4bb4-b07b-85488c5fdd80	e7082ab3-42a9-465a-b228-6736be03f325	Animalia	Chordata	Aves	Passeriformes	Pycnonotidae	Phyllastrephus	Phyllastrephus albigula		SPECIES	Phyllastrephus albigula (Grote, 1919)			TZ	Nguru South Forest Reserve		PRESENT		2e7df380-8356-4533-bcb3-5459e23c794e	-6.05	37.479722							2004-10-13	13	10	2004	6086037	6086037	PRESERVED_SPECIMEN	NHMD	AV	NHMD124917				CC_BY_4_0		Kiure, Jacob			2026-03-18T07:45:41.701Z		COORDINATE_ROUNDED
4164080666	e5c5cad9-b987-4bb4-b07b-85488c5fdd80	f62f3a22-3250-417b-b8e5-fe69db017ae8	Animalia	Chordata	Aves	Passeriformes	Pycnonotidae	Thapsinillas	Thapsinillas affinis		SPECIES	Thapsinillas affinis (Hombron & Jacquinot, 1841)			ID	Gunung Sere above Tapaya Village		PRESENT		2e7df380-8356-4533-bcb3-5459e23c794e	-1.623967	127.708667							2013-11-22	22	11	2013	6100816	6100816	PRESERVED_SPECIMEN	NHMD	AV	NHMD135186				CC_BY_4_0		Fabre, Pierre-Henri			2026-03-18T07:45:41.703Z		COORDINATE_ROUNDED;TAXON_MATCH_HIGHERRANK
4164080647	e5c5cad9-b987-4bb4-b07b-85488c5fdd80	4619beb1-dde0-41f8-b7ae-3db449e06004	Animalia	Chordata	Aves	Passeriformes	Pycnonotidae	Phyllastrephus	Phyllastrephus cabanisi	placidus	SUBSPECIES	Phyllastrephus cabanisi placidus			TZ	Nguru South Forest Reserve		PRESENT		2e7df380-8356-4533-bcb3-5459e23c794e	-6.05	37.479722							2004-10-16	16	10	2004	6540392	2486087	PRESERVED_SPECIMEN	NHMD	AV	NHMD124850				CC_BY_4_0		Kiure, Jacob			2026-03-18T07:45:44.517Z		COORDINATE_ROUNDED
4164080598	e5c5cad9-b987-4bb4-b07b-85488c5fdd80	8833e71c-9984-4f82-b9b3-712f324bd5ec	Animalia	Chordata	Aves	Passeriformes	Pycnonotidae	Arizelocichla	Arizelocichla masukuensis	roehli	SUBSPECIES	Arizelocichla masukuensis roehli (Reichenow, 1905)			TZ	Ndundulu Forest	Iringa Region	PRESENT		2e7df380-8356-4533-bcb3-5459e23c794e	-7.8	36.5							2007-03-28	28	3	2007	6086770	7340439	PRESERVED_SPECIMEN	NHMD	AV	NHMD124937				CC_BY_4_0		Kiure, Jacob			2026-03-18T07:45:58.373Z		
4164080589	e5c5cad9-b987-4bb4-b07b-85488c5fdd80	c0be634e-3d74-4707-86f9-c45b97aa0bed	Animalia	Chordata	Aves	Passeriformes	Pycnonotidae	Arizelocichla	Arizelocichla fusciceps		SPECIES	Arizelocichla fusciceps (Shelley, 1893)			TZ	Ndundulu Forest	Iringa Region	PRESENT		2e7df380-8356-4533-bcb3-5459e23c794e	-7.8	36.5							2007-02-16	16	2	2007	6100812	6100812	PRESERVED_SPECIMEN	NHMD	AV	NHMD129216				CC_BY_4_0		Kiure, Jacob			2026-03-18T07:45:48.085Z		TAXON_MATCH_HIGHERRANK
4164080577	e5c5cad9-b987-4bb4-b07b-85488c5fdd80	264a9b07-057c-41fa-b9dd-dd47c982f3ce	Animalia	Chordata	Aves	Passeriformes	Pycnonotidae	Arizelocichla	Arizelocichla milanjensis	striifacies	SUBSPECIES	Arizelocichla milanjensis striifacies			TZ	Nguru South Forest Reserve		PRESENT		2e7df380-8356-4533-bcb3-5459e23c794e	-6.05	37.479722							2005-03-25	25	3	2005	6540503	7340424	PRESERVED_SPECIMEN	NHMD	AV	NHMD125051				CC_BY_4_0		Kiure, Jacob			2026-03-18T07:45:44.506Z		COORDINATE_ROUNDED
4164080554	e5c5cad9-b987-4bb4-b07b-85488c5fdd80	2b811e2b-ec8a-4c8b-b986-20f1661c3e8c	Animalia	Chordata	Aves	Passeriformes	Pycnonotidae	Arizelocichla	Arizelocichla masukuensis	roehli	SUBSPECIES	Arizelocichla masukuensis roehli (Reichenow, 1905)			TZ	Nguru South Forest Reserve		PRESENT		2e7df380-8356-4533-bcb3-5459e23c794e	-6.05	37.479722							2003-06-12	12	6	2003	6086770	7340439	PRESERVED_SPECIMEN	NHMD	AV	NHMD122878				CC_BY_4_0		Kiure, Jacob			2026-03-18T07:45:44.505Z		COORDINATE_ROUNDED
4164080550	e5c5cad9-b987-4bb4-b07b-85488c5fdd80	701e1131-a54d-4668-9d2c-a271d7dd7a33	Animalia	Chordata	Aves	Passeriformes	Pycnonotidae	Arizelocichla	Arizelocichla masukuensis	roehli	SUBSPECIES	Arizelocichla masukuensis roehli (Reichenow, 1905)			TZ	Ukami Forest		PRESENT		2e7df380-8356-4533-bcb3-5459e23c794e	-7.88	36.419722							2003-02-27	27	2	2003	6086770	7340439	PRESERVED_SPECIMEN	NHMD	AV	NHMD124977				CC_BY_4_0		Kiure, Jacob			2026-03-18T07:45:48.082Z		COORDINATE_ROUNDED
4164080543	e5c5cad9-b987-4bb4-b07b-85488c5fdd80	d7f6cb82-3ded-4371-8fa8-67188c2f5d5a	Animalia	Chordata	Aves	Passeriformes	Pycnonotidae	Andropadus	Andropadus importunus	hypoxanthus	SUBSPECIES	Andropadus importunus hypoxanthus Sharpe, 1876			TZ	Mikindani		PRESENT		2e7df380-8356-4533-bcb3-5459e23c794e	-10.279722	40.119722							1962-08-01	1	8	1962	6086920	2486162	PRESERVED_SPECIMEN	NHMD	AV	NHMD120841				CC_BY_4_0		Andersen, Thorkild			2026-03-18T07:45:58.369Z	StillImage	COORDINATE_ROUNDED
4164080540	e5c5cad9-b987-4bb4-b07b-85488c5fdd80	c18407c0-d219-4637-b743-156107b9c087	Animalia	Chordata	Aves	Passeriformes	Pycnonotidae	Hypsipetes	Hypsipetes philippinus	saturatior	SUBSPECIES	Hypsipetes philippinus saturatior (Hartert, 1916)			PH	Tuod	Mindanao	PRESENT		2e7df380-8356-4533-bcb3-5459e23c794e	8.343889	124.359444							1951-09-17	17	9	1951	6093854	7342036	PRESERVED_SPECIMEN	NHMD	AV	NHMD134278				CC_BY_4_0					2026-03-18T07:45:44.503Z		COORDINATE_ROUNDED
4164080521	e5c5cad9-b987-4bb4-b07b-85488c5fdd80	101a4029-ff6b-4d19-a55e-7172533c6af1	Animalia	Chordata	Aves	Passeriformes	Pycnonotidae	Alophoixus	Alophoixus frater		SPECIES	Alophoixus frater (Sharpe, 1877)			PH	Pinigisan, Mt. Mantalingajan	Mimaropa	PRESENT		2e7df380-8356-4533-bcb3-5459e23c794e	8.613686	117.702725							1961-09-20	20	9	1961	6094308	6094308	PRESERVED_SPECIMEN	NHMD	AV	NHMD136164				CC_BY_4_0		Petersen, Erik;Andersen, Søren;Oaney, William			2026-03-18T07:45:48.078Z		COORDINATE_ROUNDED;CONTINENT_COORDINATE_MISMATCH
4164080510	e5c5cad9-b987-4bb4-b07b-85488c5fdd80	2d14f35c-701f-4b20-aaab-8ef5694c2024	Animalia	Chordata	Aves	Passeriformes	Pycnonotidae	Phyllastrephus	Phyllastrephus cabanisi	cabanisi	SUBSPECIES	Phyllastrephus cabanisi cabanisi (Sharpe, 1882)			TZ	Kalambo River Forest Reserve		PRESENT		2e7df380-8356-4533-bcb3-5459e23c794e	-7.869722	30.95							2007-11-22	22	11	2007	7340319	2486087	PRESERVED_SPECIMEN	NHMD	AV	NHMD124840				CC_BY_4_0		Kiure, Jacob			2026-03-18T07:45:41.679Z		COORDINATE_ROUNDED
4164080503	e5c5cad9-b987-4bb4-b07b-85488c5fdd80	59f345d5-5ff6-445c-bc99-c461a7238b32	Animalia	Chordata	Aves	Passeriformes	Pycnonotidae	Phyllastrephus	Phyllastrephus terrestris	suahelicus	SUBSPECIES	Phyllastrephus terrestris suahelicus Reichenow, 1904			TZ	Kidugallo		PRESENT		2e7df380-8356-4533-bcb3-5459e23c794e	-6.78	38.2							1952-11-27	27	11	1952	6086295	2486094	PRESERVED_SPECIMEN	NHMD	AV	NHMD122003				CC_BY_4_0		Andersen, Thorkild			2026-03-18T07:45:58.366Z		
4164080487	e5c5cad9-b987-4bb4-b07b-85488c5fdd80	ca156398-8abe-4111-8ab9-b92113a71544	Animalia	Chordata	Aves	Passeriformes	Pycnonotidae	Pycnonotus	Pycnonotus barbatus	layardi	SUBSPECIES	Pycnonotus barbatus layardi			MW	Namadzi		PRESENT		2e7df380-8356-4533-bcb3-5459e23c794e	-15.633708	35.166942							1962-07-15	15	7	1962	6094955	2486147	PRESERVED_SPECIMEN	NHMD	AV	NHMD137524				CC_BY_4_0		Grüner, S.			2026-03-18T07:45:58.361Z		COORDINATE_ROUNDED
4164080462	e5c5cad9-b987-4bb4-b07b-85488c5fdd80	65986211-56b1-49e0-b9ed-4d1ab6c3dba1	Animalia	Chordata	Aves	Passeriformes	Pycnonotidae	Arizelocichla	Arizelocichla milanjensis	striifacies	SUBSPECIES	Arizelocichla milanjensis striifacies			TZ	Ndundulu Forest	Iringa Region	PRESENT		2e7df380-8356-4533-bcb3-5459e23c794e	-7.8	36.5							2007-01-01	1	1	2007	6540503	7340424	PRESERVED_SPECIMEN	NHMD	AV	NHMD129208				CC_BY_4_0		Kiure, Jacob			2026-03-18T07:45:58.360Z		
4164080437	e5c5cad9-b987-4bb4-b07b-85488c5fdd80	1f1c558f-8e69-40a6-b2ca-eee2bc6abfa5	Animalia	Chordata	Aves	Passeriformes	Pycnonotidae	Pycnonotus	Pycnonotus barbatus	tricolor	SUBSPECIES	Pycnonotus barbatus tricolor			TZ	Mt Kiboriani Forest Reserve		PRESENT		2e7df380-8356-4533-bcb3-5459e23c794e	-6.28	36.479722							2008-11-01	1	11	2008	6542538	2486147	PRESERVED_SPECIMEN	NHMD	AV	NHMD126831				CC_BY_4_0		Kiure, Jacob			2026-03-18T07:45:41.665Z		COORDINATE_ROUNDED
4164080427	e5c5cad9-b987-4bb4-b07b-85488c5fdd80	4865e5e5-09fc-44bb-9610-7fa81488d6fc	Animalia	Chordata	Aves	Passeriformes	Pycnonotidae	Arizelocichla	Arizelocichla masukuensis	roehli	SUBSPECIES	Arizelocichla masukuensis roehli (Reichenow, 1905)			TZ	Nguru South Forest Reserve		PRESENT		2e7df380-8356-4533-bcb3-5459e23c794e	-6.05	37.479722							2005-03-16	16	3	2005	6086770	7340439	PRESERVED_SPECIMEN	NHMD	AV	NHMD126333				CC_BY_4_0		Kiure, Jacob			2026-03-18T07:45:41.664Z		COORDINATE_ROUNDED
4164080413	e5c5cad9-b987-4bb4-b07b-85488c5fdd80	fb8e4d76-333c-4e1d-a945-d49d24b919aa	Animalia	Chordata	Aves	Passeriformes	Pycnonotidae	Phyllastrephus	Phyllastrephus cabanisi	placidus	SUBSPECIES	Phyllastrephus cabanisi placidus			TZ	Nguru South Forest Reserve		PRESENT		2e7df380-8356-4533-bcb3-5459e23c794e	-6.05	37.479722							2003-06-14	14	6	2003	6540392	2486087	PRESERVED_SPECIMEN	NHMD	AV	NHMD122903				CC_BY_4_0		Kiure, Jacob			2026-03-18T07:45:44.493Z		COORDINATE_ROUNDED
4164080409	e5c5cad9-b987-4bb4-b07b-85488c5fdd80	94f4bcae-2f6a-4a3d-b43d-516d369d2765	Animalia	Chordata	Aves	Passeriformes	Pycnonotidae	Phyllastrephus	Phyllastrephus cabanisi	placidus	SUBSPECIES	Phyllastrephus cabanisi placidus			TZ	Nguru South Forest Reserve		PRESENT		2e7df380-8356-4533-bcb3-5459e23c794e	-6.05	37.479722							2005-03-17	17	3	2005	6540392	2486087	PRESERVED_SPECIMEN	NHMD	AV	NHMD126284				CC_BY_4_0		Kiure, Jacob			2026-03-18T07:45:46.514Z		COORDINATE_ROUNDED
4164080402	e5c5cad9-b987-4bb4-b07b-85488c5fdd80	c30dfeee-e825-455c-b098-9c49ca99f651	Animalia	Chordata	Aves	Passeriformes	Pycnonotidae	Pycnonotus	Pycnonotus urostictus	philippensis	SUBSPECIES	Poliolophus urostictus philippensis Hachisuka, 1934			PH	Tuod	Mindanao	PRESENT		2e7df380-8356-4533-bcb3-5459e23c794e	8.343889	124.359444							1951-09-14	14	9	1951	11027194	2486143	PRESERVED_SPECIMEN	NHMD	AV	NHMD134251				CC_BY_4_0					2026-03-18T07:45:44.492Z		COORDINATE_ROUNDED
4164080395	e5c5cad9-b987-4bb4-b07b-85488c5fdd80	f26710bb-acc9-4c6a-ab58-f4a7cdbcecc5	Animalia	Chordata	Aves	Passeriformes	Pycnonotidae	Chlorocichla	Chlorocichla flaviventris	centralis	SUBSPECIES	Chlorocichla flaviventris centralis Reichenow, 1887			TZ	Lossongonoi Plateau		PRESENT		2e7df380-8356-4533-bcb3-5459e23c794e	-4.059722	37.13							2006-08-18	18	8	2006	6086621	2486173	PRESERVED_SPECIMEN	NHMD	AV	NHMD126329				CC_BY_4_0		Kiure, Jacob			2026-03-18T07:45:44.491Z		COORDINATE_ROUNDED
4164080394	e5c5cad9-b987-4bb4-b07b-85488c5fdd80	e9b1ba4e-6eae-4c4f-899d-33a1a1d8bded	Animalia	Chordata	Aves	Passeriformes	Pycnonotidae	Arizelocichla	Arizelocichla masukuensis	roehli	SUBSPECIES	Arizelocichla masukuensis roehli (Reichenow, 1905)			TZ	Kilindi Forest Reserve		PRESENT		2e7df380-8356-4533-bcb3-5459e23c794e	-5.57	37.569722							2005-05-14	14	5	2005	6086770	7340439	PRESERVED_SPECIMEN	NHMD	AV	NHMD124931				CC_BY_4_0		Kiure, Jacob			2026-03-18T07:45:41.660Z		COORDINATE_ROUNDED
4164080359	e5c5cad9-b987-4bb4-b07b-85488c5fdd80	6ea41eaf-3c32-410b-bab6-9336a9394fd0	Animalia	Chordata	Aves	Passeriformes	Pycnonotidae	Phyllastrephus	Phyllastrephus cabanisi	placidus	SUBSPECIES	Phyllastrephus cabanisi placidus			TZ	Liwili Kitesa Forest Reserve		PRESENT		2e7df380-8356-4533-bcb3-5459e23c794e	-11.399722	34.9							2006-01-15	15	1	2006	6540392	2486087	PRESERVED_SPECIMEN	NHMD	AV	NHMD124860				CC_BY_4_0		Kiure, Jacob			2026-03-18T07:45:46.509Z		COORDINATE_ROUNDED
4164080358	e5c5cad9-b987-4bb4-b07b-85488c5fdd80	6185ce38-b53d-4424-a960-7f3799daa1cd	Animalia	Chordata	Aves	Passeriformes	Pycnonotidae	Arizelocichla	Arizelocichla masukuensis	roehli	SUBSPECIES	Arizelocichla masukuensis roehli (Reichenow, 1905)			TZ	Mafwemiro Forest		PRESENT		2e7df380-8356-4533-bcb3-5459e23c794e	-6.783333	36.533333							2002-11-22	22	11	2002	6086770	7340439	PRESERVED_SPECIMEN	NHMD	AV	NHMD129756				CC_BY_4_0		Fjeldså, Jon			2026-03-18T07:45:58.351Z		COORDINATE_ROUNDED
4164080338	e5c5cad9-b987-4bb4-b07b-85488c5fdd80	2fdabb4a-dfca-4547-974c-fa2976495300	Animalia	Chordata	Aves	Passeriformes	Pycnonotidae	Eurillas	Eurillas virens	zombensis	SUBSPECIES	Eurillas virens zombensis (Shelley, 1894)			TZ	Ndundulu Forest	Iringa Region	PRESENT		2e7df380-8356-4533-bcb3-5459e23c794e	-7.8	36.5							2007-07-07	7	7	2007	6086343	7340348	PRESERVED_SPECIMEN	NHMD	AV	NHMD125035				CC_BY_4_0		Kiure, Jacob			2026-03-18T07:45:44.485Z	StillImage	
4164080332	e5c5cad9-b987-4bb4-b07b-85488c5fdd80	d82bf2ab-f8ac-4586-9217-1f1cde35fd5a	Animalia	Chordata	Aves	Passeriformes	Pycnonotidae	Eurillas	Eurillas virens	zombensis	SUBSPECIES	Eurillas virens zombensis (Shelley, 1894)			TZ	Mt. Kanga Forest Reserve		PRESENT		2e7df380-8356-4533-bcb3-5459e23c794e	-6.0	37.7							2003-11-21	21	11	2003	6086343	7340348	PRESERVED_SPECIMEN	NHMD	AV	NHMD125014				CC_BY_4_0		Kiure, Jacob			2026-03-18T07:45:44.484Z		
4164080279	e5c5cad9-b987-4bb4-b07b-85488c5fdd80	dcccc209-ddca-47da-8e43-e637e774992a	Animalia	Chordata	Aves	Passeriformes	Pycnonotidae	Pycnonotus	Pycnonotus barbatus	layardi	SUBSPECIES	Pycnonotus barbatus layardi			MW	Namadzi		PRESENT		2e7df380-8356-4533-bcb3-5459e23c794e	-15.633708	35.166942							1962-07-28	28	7	1962	6094955	2486147	PRESERVED_SPECIMEN	NHMD	AV	NHMD137523				CC_BY_4_0		Grüner, S.			2026-03-18T07:45:58.345Z		COORDINATE_ROUNDED
4164080278	e5c5cad9-b987-4bb4-b07b-85488c5fdd80	c555d63b-1c8a-455a-a8fe-657fe2956651	Animalia	Chordata	Aves	Passeriformes	Pycnonotidae	Arizelocichla	Arizelocichla milanjensis	striifacies	SUBSPECIES	Arizelocichla milanjensis striifacies			TZ	Ndundulu Forest	Iringa Region	PRESENT		2e7df380-8356-4533-bcb3-5459e23c794e	-7.8	36.5							2007-09-17	17	9	2007	6540503	7340424	PRESERVED_SPECIMEN	NHMD	AV	NHMD125065				CC_BY_4_0		Kiure, Jacob			2026-03-18T07:45:58.344Z		
4164080275	e5c5cad9-b987-4bb4-b07b-85488c5fdd80	c3d2013a-d2fd-4f8b-bd0a-7179334140d4	Animalia	Chordata	Aves	Passeriformes	Pycnonotidae	Arizelocichla	Arizelocichla fusciceps		SPECIES	Arizelocichla fusciceps (Shelley, 1893)			TZ	Mafwemiro Forest		PRESENT		2e7df380-8356-4533-bcb3-5459e23c794e	-6.829722	36.569722							2002-11-26	26	11	2002	6100812	6100812	PRESERVED_SPECIMEN	NHMD	AV	NHMD122760				CC_BY_4_0		Bolding Kristensen, Jan			2026-03-18T07:45:46.503Z		COORDINATE_ROUNDED;TAXON_MATCH_HIGHERRANK
4164080272	e5c5cad9-b987-4bb4-b07b-85488c5fdd80	f64ac88e-70f2-4ff2-b461-c62cc394d9fc	Animalia	Chordata	Aves	Passeriformes	Pycnonotidae	Phyllastrephus	Phyllastrephus flavostriatus	tenuirostris	SUBSPECIES	Phyllastrephus flavostriatus tenuirostris (Fischer & Reichenow, 1884)			TZ	Kilindi Forest Reserve		PRESENT		2e7df380-8356-4533-bcb3-5459e23c794e	-5.57	37.569722							2005-05-19	19	5	2005	6086107	2486089	PRESERVED_SPECIMEN	NHMD	AV	NHMD123765				CC_BY_4_0		Kiure, Jacob			2026-03-18T07:45:58.344Z		COORDINATE_ROUNDED
4164080267	e5c5cad9-b987-4bb4-b07b-85488c5fdd80	91a246ca-922c-4a36-bf3f-23567c22a4db	Animalia	Chordata	Aves	Passeriformes	Pycnonotidae	Phyllastrephus	Phyllastrephus albigula		SPECIES	Phyllastrephus albigula (Grote, 1919)			TZ	Nguru South Forest Reserve		PRESENT		2e7df380-8356-4533-bcb3-5459e23c794e	-6.05	37.479722							2005-03-17	17	3	2005	6086037	6086037	PRESERVED_SPECIMEN	NHMD	AV	NHMD126301				CC_BY_4_0		Kiure, Jacob			2026-03-18T07:45:58.343Z		COORDINATE_ROUNDED
4164080266	e5c5cad9-b987-4bb4-b07b-85488c5fdd80	d9c12985-acc3-4e6d-8c21-029f83f7752a	Animalia	Chordata	Aves	Passeriformes	Pycnonotidae	Phyllastrephus	Phyllastrephus flavostriatus	alfredi	SUBSPECIES	Phyllastrephus flavostriatus alfredi			TZ	Mbizi Forest Reserve		PRESENT		2e7df380-8356-4533-bcb3-5459e23c794e	-7.889722	31.68							2008-02-26	26	2	2008	6540367	2486089	PRESERVED_SPECIMEN	NHMD	AV	NHMD128984				CC_BY_4_0		Kiure, Jacob			2026-03-18T07:45:58.343Z		COORDINATE_ROUNDED
4164080257	e5c5cad9-b987-4bb4-b07b-85488c5fdd80	47bae1f0-80ca-4855-9856-c412f6ae6033	Animalia	Chordata	Aves	Passeriformes	Pycnonotidae	Phyllastrephus	Phyllastrephus albigula		SPECIES	Phyllastrephus albigula (Grote, 1919)			TZ	Nguru South Forest Reserve		PRESENT		2e7df380-8356-4533-bcb3-5459e23c794e	-6.05	37.479722							2003-06-19	19	6	2003	6086037	6086037	PRESERVED_SPECIMEN	NHMD	AV	NHMD122923				CC_BY_4_0		Kiure, Jacob			2026-03-18T07:45:41.642Z		COORDINATE_ROUNDED
4164080241	e5c5cad9-b987-4bb4-b07b-85488c5fdd80	b26c9823-9d3f-4552-b9d6-d483bb44fa1f	Animalia	Chordata	Aves	Passeriformes	Pycnonotidae	Phyllastrephus	Phyllastrephus flavostriatus	tenuirostris	SUBSPECIES	Phyllastrephus flavostriatus tenuirostris (Fischer & Reichenow, 1884)			TZ	Nguru South Forest Reserve		PRESENT		2e7df380-8356-4533-bcb3-5459e23c794e	-6.05	37.479722							2003-06-18	18	6	2003	6086107	2486089	PRESERVED_SPECIMEN	NHMD	AV	NHMD122900				CC_BY_4_0		Kiure, Jacob			2026-03-18T07:45:46.500Z		COORDINATE_ROUNDED
4164080232	e5c5cad9-b987-4bb4-b07b-85488c5fdd80	2408cbd7-f0ea-4732-beb7-c9b0af921668	Animalia	Chordata	Aves	Passeriformes	Pycnonotidae	Phyllastrephus	Phyllastrephus albigula		SPECIES	Phyllastrephus albigula (Grote, 1919)			TZ	Nguru South Forest Reserve		PRESENT		2e7df380-8356-4533-bcb3-5459e23c794e	-6.05	37.479722							2005-03-22	22	3	2005	6086037	6086037	PRESERVED_SPECIMEN	NHMD	AV	NHMD126305				CC_BY_4_0		Kiure, Jacob			2026-03-18T07:45:58.342Z		COORDINATE_ROUNDED
4164080209	e5c5cad9-b987-4bb4-b07b-85488c5fdd80	60788fbf-e948-432b-a4ba-4170d269cdd8	Animalia	Chordata	Aves	Passeriformes	Pycnonotidae	Arizelocichla	Arizelocichla masukuensis	roehli	SUBSPECIES	Arizelocichla masukuensis roehli (Reichenow, 1905)			TZ	Mt Kiboriani Forest Reserve		PRESENT		2e7df380-8356-4533-bcb3-5459e23c794e	-6.28	36.479722							2004-01-21	21	1	2004	6086770	7340439	PRESERVED_SPECIMEN	NHMD	AV	NHMD123553				CC_BY_4_0		Kiure, Jacob			2026-03-18T07:45:41.639Z		COORDINATE_ROUNDED
4164080204	e5c5cad9-b987-4bb4-b07b-85488c5fdd80	5189e0f7-41a7-4127-bb1f-332b187ab359	Animalia	Chordata	Aves	Passeriformes	Pycnonotidae	Andropadus	Andropadus importunus	hypoxanthus	SUBSPECIES	Andropadus importunus hypoxanthus Sharpe, 1876			TZ	Mikindani		PRESENT		2e7df380-8356-4533-bcb3-5459e23c794e	-10.279722	40.119722							1962-10-14	14	10	1962	6086920	2486162	PRESERVED_SPECIMEN	NHMD	AV	NHMD120837				CC_BY_4_0		Andersen, Thorkild			2026-03-18T07:45:46.498Z		COORDINATE_ROUNDED
4164080190	e5c5cad9-b987-4bb4-b07b-85488c5fdd80	8ea16edf-d699-47be-9fdc-b73f63faed3e	Animalia	Chordata	Aves	Passeriformes	Pycnonotidae	Pycnonotus	Pycnonotus barbatus	layardi	SUBSPECIES	Pycnonotus barbatus layardi			MW	Namadzi		PRESENT		2e7df380-8356-4533-bcb3-5459e23c794e	-15.633708	35.166942							1962-07-28	28	7	1962	6094955	2486147	PRESERVED_SPECIMEN	NHMD	AV	NHMD137521				CC_BY_4_0		Grüner, S.			2026-03-18T07:45:58.339Z		COORDINATE_ROUNDED
4164080187	e5c5cad9-b987-4bb4-b07b-85488c5fdd80	21f13641-902f-4bef-8be0-17000ceec7ed	Animalia	Chordata	Aves	Passeriformes	Pycnonotidae	Phyllastrephus	Phyllastrephus cabanisi	placidus	SUBSPECIES	Phyllastrephus cabanisi placidus			TZ	Maguli FR		PRESENT		2e7df380-8356-4533-bcb3-5459e23c794e	-9.493889	34.175833							2008-11-22	22	11	2008	6540392	2486087	PRESERVED_SPECIMEN	NHMD	AV	NHMD126842				CC_BY_4_0		Kiure, Jacob			2026-03-18T07:45:44.470Z		COORDINATE_ROUNDED
4164080153	e5c5cad9-b987-4bb4-b07b-85488c5fdd80	0626b6f6-fabb-4b6d-b4a6-e55bcecb7afc	Animalia	Chordata	Aves	Passeriformes	Pycnonotidae	Phyllastrephus	Phyllastrephus cabanisi	placidus	SUBSPECIES	Phyllastrephus cabanisi placidus			TZ	Uluguru Mts.		PRESENT		2e7df380-8356-4533-bcb3-5459e23c794e	-7.0	39.666667							1962-04-11	11	4	1962	6540392	2486087	PRESERVED_SPECIMEN	NHMD	AV	NHMD122027				CC_BY_4_0		Andersen, Thorkild			2026-03-18T07:45:41.624Z		COORDINATE_ROUNDED;CONTINENT_COORDINATE_MISMATCH
4164080150	e5c5cad9-b987-4bb4-b07b-85488c5fdd80	4cb0b66f-97d3-4e91-a0c6-0c6b3210c8a4	Animalia	Chordata	Aves	Passeriformes	Pycnonotidae	Phyllastrephus	Phyllastrephus cabanisi		SPECIES	Phyllastrephus cabanisi (Sharpe, 1882)			TZ	Ukami Forest		PRESENT		2e7df380-8356-4533-bcb3-5459e23c794e	-7.88	36.419722							2003-03-14	14	3	2003	2486087	2486087	PRESERVED_SPECIMEN	NHMD	AV	NHMD131169				CC_BY_4_0		Kiure, Jacob			2026-03-18T07:45:58.336Z		COORDINATE_ROUNDED
4164080131	e5c5cad9-b987-4bb4-b07b-85488c5fdd80	49588291-0961-4315-95e8-228f03f96b2c	Animalia	Chordata	Aves	Passeriformes	Pycnonotidae	Phyllastrephus	Phyllastrephus albigula		SPECIES	Phyllastrephus albigula (Grote, 1919)			TZ	Nguru South Forest Reserve		PRESENT		2e7df380-8356-4533-bcb3-5459e23c794e	-6.05	37.479722							2005-03-21	21	3	2005	6086037	6086037	PRESERVED_SPECIMEN	NHMD	AV	NHMD126302				CC_BY_4_0		Kiure, Jacob			2026-03-18T07:45:41.621Z		COORDINATE_ROUNDED
4164080103	e5c5cad9-b987-4bb4-b07b-85488c5fdd80	c851742a-fac3-49a1-9603-313a7fd15223	Animalia	Chordata	Aves	Passeriformes	Pycnonotidae	Phyllastrephus	Phyllastrephus flavostriatus	alfredi	SUBSPECIES	Phyllastrephus flavostriatus alfredi			TZ	Mbizi Forest Reserve		PRESENT		2e7df380-8356-4533-bcb3-5459e23c794e	-7.889722	31.68							2008-03-06	6	3	2008	6540367	2486089	PRESERVED_SPECIMEN	NHMD	AV	NHMD125794				CC_BY_4_0		Kiure, Jacob			2026-03-18T07:45:44.464Z		COORDINATE_ROUNDED
4164080091	e5c5cad9-b987-4bb4-b07b-85488c5fdd80	db8785f9-b477-47d3-a633-d6f708d9abc3	Animalia	Chordata	Aves	Passeriformes	Pycnonotidae	Arizelocichla	Arizelocichla masukuensis	roehli	SUBSPECIES	Arizelocichla masukuensis roehli (Reichenow, 1905)			TZ	Uluguru Mts.		PRESENT		2e7df380-8356-4533-bcb3-5459e23c794e	-7.0	39.666667							1962-03-07	7	3	1962	6086770	7340439	PRESERVED_SPECIMEN	NHMD	AV	NHMD120818				CC_BY_4_0		Andersen, Thorkild			2026-03-18T07:45:46.490Z		COORDINATE_ROUNDED;CONTINENT_COORDINATE_MISMATCH
4164080074	e5c5cad9-b987-4bb4-b07b-85488c5fdd80	eba30612-0139-4a91-aa0e-b30ee695b8e6	Animalia	Chordata	Aves	Passeriformes	Pycnonotidae	Arizelocichla	Arizelocichla fusciceps		SPECIES	Arizelocichla fusciceps (Shelley, 1893)			TZ	Mafwemiro Forest	Dodoma Region	PRESENT		2e7df380-8356-4533-bcb3-5459e23c794e	-6.783333	36.533333							2002-12-01	1	12	2002	6100812	6100812	PRESERVED_SPECIMEN	NHMD	AV	NHMD129695				CC_BY_4_0		Fjeldså, Jon			2026-03-18T07:45:41.614Z		COORDINATE_ROUNDED;TAXON_MATCH_HIGHERRANK
4164080041	e5c5cad9-b987-4bb4-b07b-85488c5fdd80	da94256a-ab91-4bba-87d0-750a2330c2d8	Animalia	Chordata	Aves	Passeriformes	Pycnonotidae	Phyllastrephus	Phyllastrephus cabanisi	placidus	SUBSPECIES	Phyllastrephus cabanisi placidus			TZ	Uluguru Mts.		PRESENT		2e7df380-8356-4533-bcb3-5459e23c794e	-7.0	39.666667							1962-03-07	7	3	1962	6540392	2486087	PRESERVED_SPECIMEN	NHMD	AV	NHMD122019				CC_BY_4_0		Andersen, Thorkild			2026-03-18T07:45:46.487Z		COORDINATE_ROUNDED;CONTINENT_COORDINATE_MISMATCH
4164080025	e5c5cad9-b987-4bb4-b07b-85488c5fdd80	046719a8-b709-45b1-aacf-819f704f4acb	Animalia	Chordata	Aves	Passeriformes	Pycnonotidae	Eurillas	Eurillas virens	zombensis	SUBSPECIES	Eurillas virens zombensis (Shelley, 1894)			TZ	Mt. Kilimanjaro		PRESENT		2e7df380-8356-4533-bcb3-5459e23c794e									1967-10-02	2	10	1967	6086343	7340348	PRESERVED_SPECIMEN	NHMD	AV	NHMD119529				CC_BY_4_0		Salanti, M.			2026-03-18T07:45:41.604Z		
4164080021	e5c5cad9-b987-4bb4-b07b-85488c5fdd80	26b8f544-41e7-4766-b2d8-93b5bbfd4379	Animalia	Chordata	Aves	Passeriformes	Pycnonotidae	Arizelocichla	Arizelocichla masukuensis	roehli	SUBSPECIES	Arizelocichla masukuensis roehli (Reichenow, 1905)			TZ	Nguru South Forest Reserve		PRESENT		2e7df380-8356-4533-bcb3-5459e23c794e	-6.05	37.479722							2003-06-06	6	6	2003	6086770	7340439	PRESERVED_SPECIMEN	NHMD	AV	NHMD124983				CC_BY_4_0		Kiure, Jacob			2026-03-18T07:45:58.328Z		COORDINATE_ROUNDED
4164080017	e5c5cad9-b987-4bb4-b07b-85488c5fdd80	2f968ab3-9eb8-49a6-a1df-0bb47114984b	Animalia	Chordata	Aves	Passeriformes	Pycnonotidae	Arizelocichla	Arizelocichla milanjensis	striifacies	SUBSPECIES	Arizelocichla milanjensis striifacies			TZ	Maguli FR		PRESENT		2e7df380-8356-4533-bcb3-5459e23c794e	-9.493889	34.175833							2008-12-08	8	12	2008	6540503	7340424	PRESERVED_SPECIMEN	NHMD	AV	NHMD126846				CC_BY_4_0		Kiure, Jacob			2026-03-18T07:45:41.604Z		COORDINATE_ROUNDED
4164080000	e5c5cad9-b987-4bb4-b07b-85488c5fdd80	beb4ab18-ea34-42c7-a3a2-d7adfa3b43a7	Animalia	Chordata	Aves	Passeriformes	Pycnonotidae	Hypsipetes	Hypsipetes everetti	haynaldi	SUBSPECIES	Hypsipetes everetti haynaldi (W.Blasius, 1890)			PH	Tarawakan, Tawi Tawi Isl.	Autonomous Region in Muslim Mindanao	PRESENT		2e7df380-8356-4533-bcb3-5459e23c794e	5.106217	119.863425							1961-10-23	23	10	1961	6093912	7342046	PRESERVED_SPECIMEN	NHMD	AV	NHMD135885				CC_BY_4_0		Petersen, Erik;Andersen, Søren;Oaney, William			2026-03-18T07:45:41.603Z		COORDINATE_ROUNDED
4164079985	e5c5cad9-b987-4bb4-b07b-85488c5fdd80	8dfb1707-db62-40e3-9364-5b72a5041830	Animalia	Chordata	Aves	Passeriformes	Pycnonotidae	Arizelocichla	Arizelocichla fusciceps		SPECIES	Arizelocichla fusciceps (Shelley, 1893)			TZ	Mangalisa Forest		PRESENT		2e7df380-8356-4533-bcb3-5459e23c794e	-7.17	36.43							1999-12-20	20	12	1999	6100812	6100812	PRESERVED_SPECIMEN	NHMD	AV	NHMD123827				CC_BY_4_0		Kiure, Jacob			2026-03-18T07:45:58.327Z		TAXON_MATCH_HIGHERRANK
4164079970	e5c5cad9-b987-4bb4-b07b-85488c5fdd80	3c65320a-f1fe-484a-8af3-2b434a713d2c	Animalia	Chordata	Aves	Passeriformes	Pycnonotidae	Andropadus	Andropadus importunus	hypoxanthus	SUBSPECIES	Andropadus importunus hypoxanthus Sharpe, 1876			TZ	Mikindani		PRESENT		2e7df380-8356-4533-bcb3-5459e23c794e	-10.279722	40.119722							1965-03-27	27	3	1965	6086920	2486162	PRESERVED_SPECIMEN	NHMD	AV	NHMD120838				CC_BY_4_0		Andersen, Thorkild			2026-03-18T07:45:41.599Z		COORDINATE_ROUNDED
4164079964	e5c5cad9-b987-4bb4-b07b-85488c5fdd80	ebb44df5-e49c-4940-b208-e81369458b6f	Animalia	Chordata	Aves	Passeriformes	Pycnonotidae	Pycnonotus	Pycnonotus barbatus		SPECIES	Pycnonotus barbatus (Desfontaines, 1789)			TZ	Mbizi Forest Reserve		PRESENT		2e7df380-8356-4533-bcb3-5459e23c794e	-7.889722	31.68							2008-03-03	3	3	2008	2486147	2486147	PRESERVED_SPECIMEN	NHMD	AV	NHMD128975				CC_BY_4_0		Kiure, Jacob			2026-03-18T07:45:41.600Z		COORDINATE_ROUNDED
4164079945	e5c5cad9-b987-4bb4-b07b-85488c5fdd80	69953fdd-1af7-4b8f-b30e-23ff2407fd3f	Animalia	Chordata	Aves	Passeriformes	Pycnonotidae	Arizelocichla	Arizelocichla masukuensis	roehli	SUBSPECIES	Arizelocichla masukuensis roehli (Reichenow, 1905)			TZ	Kilindi Forest Reserve		PRESENT		2e7df380-8356-4533-bcb3-5459e23c794e	-5.57	37.569722							2005-05-14	14	5	2005	6086770	7340439	PRESERVED_SPECIMEN	NHMD	AV	NHMD124927				CC_BY_4_0		Kiure, Jacob			2026-03-18T07:45:44.452Z		COORDINATE_ROUNDED
4164079927	e5c5cad9-b987-4bb4-b07b-85488c5fdd80	21ffe470-b50f-4afc-b938-b6306abb1b7d	Animalia	Chordata	Aves	Passeriformes	Pycnonotidae	Phyllastrephus	Phyllastrephus cabanisi	placidus	SUBSPECIES	Phyllastrephus cabanisi placidus			TZ	Liwili Kitesa Forest Reserve		PRESENT		2e7df380-8356-4533-bcb3-5459e23c794e	-11.399722	34.9							2006-01-02	2	1	2006	6540392	2486087	PRESERVED_SPECIMEN	NHMD	AV	NHMD124861				CC_BY_4_0		Kiure, Jacob			2026-03-18T07:45:44.451Z		COORDINATE_ROUNDED
4164079904	e5c5cad9-b987-4bb4-b07b-85488c5fdd80	be113f89-d07d-46a9-a0ad-4118335bdc6d	Animalia	Chordata	Aves	Passeriformes	Pycnonotidae	Phyllastrephus	Phyllastrephus cabanisi	placidus	SUBSPECIES	Phyllastrephus cabanisi placidus			TZ	Maguli FR		PRESENT		2e7df380-8356-4533-bcb3-5459e23c794e	-9.493889	34.175833							2008-12-14	14	12	2008	6540392	2486087	PRESERVED_SPECIMEN	NHMD	AV	NHMD126841				CC_BY_4_0		Kiure, Jacob			2026-03-18T07:45:46.474Z		COORDINATE_ROUNDED
4164079899	e5c5cad9-b987-4bb4-b07b-85488c5fdd80	3778a3bd-4c84-486f-8d4a-22946625b6a7	Animalia	Chordata	Aves	Passeriformes	Pycnonotidae	Phyllastrephus	Phyllastrephus cabanisi	placidus	SUBSPECIES	Phyllastrephus cabanisi placidus			TZ	Nguru South Forest Reserve		PRESENT		2e7df380-8356-4533-bcb3-5459e23c794e	-6.05	37.479722							2004-10-07	7	10	2004	6540392	2486087	PRESERVED_SPECIMEN	NHMD	AV	NHMD124856				CC_BY_4_0		Kiure, Jacob			2026-03-18T07:45:44.449Z		COORDINATE_ROUNDED
4164079898	e5c5cad9-b987-4bb4-b07b-85488c5fdd80	e7f0e29f-c59b-40af-96f6-90fb4be823bd	Animalia	Chordata	Aves	Passeriformes	Pycnonotidae	Arizelocichla	Arizelocichla masukuensis	roehli	SUBSPECIES	Arizelocichla masukuensis roehli (Reichenow, 1905)			TZ	Liwili Kitesa Forest Reserve		PRESENT		2e7df380-8356-4533-bcb3-5459e23c794e	-11.399722	34.9							2006-01-15	15	1	2006	6086770	7340439	PRESERVED_SPECIMEN	NHMD	AV	NHMD124956				CC_BY_4_0		Kiure, Jacob			2026-03-18T07:45:44.449Z	StillImage	COORDINATE_ROUNDED
4164079852	e5c5cad9-b987-4bb4-b07b-85488c5fdd80	2997737d-40ab-457c-8ba9-b878ee6fa65a	Animalia	Chordata	Aves	Passeriformes	Pycnonotidae	Arizelocichla	Arizelocichla fusciceps		SPECIES	Arizelocichla fusciceps (Shelley, 1893)			TZ	Ijogo FR		PRESENT		2e7df380-8356-4533-bcb3-5459e23c794e									2010-01-11	11	1	2010	6100812	6100812	PRESERVED_SPECIMEN	NHMD	AV	NHMD128922				CC_BY_4_0		Kiure, Jacob			2026-03-18T07:45:46.472Z		TAXON_MATCH_HIGHERRANK
4164079838	e5c5cad9-b987-4bb4-b07b-85488c5fdd80	08c77531-1996-4a61-9971-ce9ff613a066	Animalia	Chordata	Aves	Passeriformes	Pycnonotidae	Pycnonotus	Pycnonotus goiavier	suluensis	SUBSPECIES	Pycnonotus goiavier suluensis Mearns, 1909			PH	Kaatoan	Mindanao	PRESENT		2e7df380-8356-4533-bcb3-5459e23c794e	8.049	124.98							1951-11-17	17	11	1951	6094616	2486144	PRESERVED_SPECIMEN	NHMD	AV	NHMD134241				CC_BY_4_0					2026-03-18T07:45:58.317Z		
4164079822	e5c5cad9-b987-4bb4-b07b-85488c5fdd80	381c2ee9-28ca-4a5a-b818-50f266eaddbb	Animalia	Chordata	Aves	Passeriformes	Pycnonotidae	Phyllastrephus	Phyllastrephus strepitans		SPECIES	Phyllastrephus strepitans (Reichenow, 1879)			TZ	Morogoro		PRESENT		2e7df380-8356-4533-bcb3-5459e23c794e	-6.829722	37.75							1948-07-22	22	7	1948	2486084	2486084	PRESERVED_SPECIMEN	NHMD	AV	NHMD122009				CC_BY_4_0		Andersen, Thorkild			2026-03-18T07:45:44.441Z		COORDINATE_ROUNDED
4164079816	e5c5cad9-b987-4bb4-b07b-85488c5fdd80	825b82a9-fb5b-476f-be35-2368633d79d8	Animalia	Chordata	Aves	Passeriformes	Pycnonotidae	Arizelocichla	Arizelocichla fusciceps		SPECIES	Arizelocichla fusciceps (Shelley, 1893)			TZ	Ndundulu Forest	Iringa Region	PRESENT		2e7df380-8356-4533-bcb3-5459e23c794e	-7.8	36.5							2007-03-05	5	3	2007	6100812	6100812	PRESERVED_SPECIMEN	NHMD	AV	NHMD123845				CC_BY_4_0		Kiure, Jacob			2026-03-18T07:45:41.575Z		TAXON_MATCH_HIGHERRANK
4164079797	e5c5cad9-b987-4bb4-b07b-85488c5fdd80	7bdf0636-49e2-4375-9f71-5af5cbe4537c	Animalia	Chordata	Aves	Passeriformes	Pycnonotidae	Pycnonotus	Pycnonotus barbatus	tricolor	SUBSPECIES	Pycnonotus barbatus tricolor			TZ	Mt Kiboriani Forest Reserve		PRESENT		2e7df380-8356-4533-bcb3-5459e23c794e	-6.28	36.479722							2008-11-09	9	11	2008	6542538	2486147	PRESERVED_SPECIMEN	NHMD	AV	NHMD126687				CC_BY_4_0		Kiure, Jacob			2026-03-18T07:45:41.572Z		COORDINATE_ROUNDED
4164079787	e5c5cad9-b987-4bb4-b07b-85488c5fdd80	09d91dc3-115c-4223-a4bd-1b3adaff21e5	Animalia	Chordata	Aves	Passeriformes	Pycnonotidae	Phyllastrephus	Phyllastrephus cabanisi	placidus	SUBSPECIES	Phyllastrephus cabanisi placidus			TZ	Uluguru Mts.		PRESENT		2e7df380-8356-4533-bcb3-5459e23c794e	-7.0	39.666667							1961-02-02	2	2	1961	6540392	2486087	PRESERVED_SPECIMEN	NHMD	AV	NHMD122021				CC_BY_4_0		Andersen, Thorkild			2026-03-18T07:45:58.315Z		COORDINATE_ROUNDED;CONTINENT_COORDINATE_MISMATCH
4164079762	e5c5cad9-b987-4bb4-b07b-85488c5fdd80	22aa15ed-885f-4d6e-8052-0edab5135f5c	Animalia	Chordata	Aves	Passeriformes	Pycnonotidae	Hypsipetes	Hypsipetes philippinus	saturatior	SUBSPECIES	Hypsipetes philippinus saturatior (Hartert, 1916)			PH	Agay	Mindanao	PRESENT		2e7df380-8356-4533-bcb3-5459e23c794e	9.051667	125.585833							1952-01-08	8	1	1952	6093854	7342036	PRESERVED_SPECIMEN	NHMD	AV	NHMD134260				CC_BY_4_0					2026-03-18T07:45:46.464Z		COORDINATE_ROUNDED
4164079754	e5c5cad9-b987-4bb4-b07b-85488c5fdd80	f7735e78-9f37-4677-868d-21d743b3c9db	Animalia	Chordata	Aves	Passeriformes	Pycnonotidae	Eurillas	Eurillas latirostris	latirostris	SUBSPECIES	Eurillas latirostris latirostris (Strickland, 1844)			TZ	Mahale Mts.	Kigoma Region	PRESENT		2e7df380-8356-4533-bcb3-5459e23c794e	-6.166667	29.75							2004-08-19	19	8	2004	6086380	7340356	PRESERVED_SPECIMEN	NHMD	AV	NHMD129726				CC_BY_4_0		Kiure, Jacob			2026-03-18T07:45:44.433Z		COORDINATE_ROUNDED
4164079717	e5c5cad9-b987-4bb4-b07b-85488c5fdd80	2798d6e5-2b4c-4dd5-bfad-965fbcdb0b4e	Animalia	Chordata	Aves	Passeriformes	Pycnonotidae	Pycnonotus	Pycnonotus barbatus	layardi	SUBSPECIES	Pycnonotus barbatus layardi			TZ	Lossongonoi Plateau	Manyara Region	PRESENT		2e7df380-8356-4533-bcb3-5459e23c794e	-4.713889	37.142222							2006-08-17	17	8	2006	6094955	2486147	PRESERVED_SPECIMEN	NHMD	AV	NHMD129658				CC_BY_4_0		Kiure, Jacob			2026-03-18T07:45:58.306Z		COORDINATE_ROUNDED
4164079716	e5c5cad9-b987-4bb4-b07b-85488c5fdd80	b6a55308-2a17-434b-90b7-a6ee13d06c78	Animalia	Chordata	Aves	Passeriformes	Pycnonotidae	Phyllastrephus	Phyllastrephus fischeri		SPECIES	Phyllastrephus fischeri (Reichenow, 1879)			TZ	West of Ruipa river		PRESENT		2e7df380-8356-4533-bcb3-5459e23c794e	-8.119722	36.33							1995-11-24	24	11	1995	2486097	2486097	PRESERVED_SPECIMEN	NHMD	AV	NHMD121902				CC_BY_4_0		Bolding Kristensen, Jan			2026-03-18T07:45:58.306Z		COORDINATE_ROUNDED
4164079711	e5c5cad9-b987-4bb4-b07b-85488c5fdd80	e0e6dcef-18fe-4473-b887-892fe2191635	Animalia	Chordata	Aves	Passeriformes	Pycnonotidae	Arizelocichla	Arizelocichla fusciceps		SPECIES	Arizelocichla fusciceps (Shelley, 1893)			TZ	Mdandu Forest Reserve	Njombe Region	PRESENT		2e7df380-8356-4533-bcb3-5459e23c794e	-9.583333	34.833333							2003-11-04	4	11	2003	6100812	6100812	PRESERVED_SPECIMEN	NHMD	AV	NHMD129700				CC_BY_4_0		Kiure, Jacob			2026-03-18T07:45:58.306Z		COORDINATE_ROUNDED;TAXON_MATCH_HIGHERRANK
4164079696	e5c5cad9-b987-4bb4-b07b-85488c5fdd80	c83a350e-d753-42a5-95de-d1a7e84d100d	Animalia	Chordata	Aves	Passeriformes	Pycnonotidae	Arizelocichla	Arizelocichla masukuensis	roehli	SUBSPECIES	Arizelocichla masukuensis roehli (Reichenow, 1905)			TZ	Nguru South Forest Reserve		PRESENT		2e7df380-8356-4533-bcb3-5459e23c794e	-6.05	37.479722							2003-06-14	14	6	2003	6086770	7340439	PRESERVED_SPECIMEN	NHMD	AV	NHMD122885				CC_BY_4_0		Kiure, Jacob			2026-03-18T07:45:44.428Z		COORDINATE_ROUNDED
4164079695	e5c5cad9-b987-4bb4-b07b-85488c5fdd80	c3ba1e6f-8c85-45bb-9617-5555f167099e	Animalia	Chordata	Aves	Passeriformes	Pycnonotidae	Phyllastrephus	Phyllastrephus flavostriatus	uzungwensis	SUBSPECIES	Phyllastrephus flavostriatus uzungwensis Jensen & Stuart, 1982			TZ	Ukami Forest		PRESENT		2e7df380-8356-4533-bcb3-5459e23c794e	-7.88	36.419722							2003			2003	6086093	2486089	PRESERVED_SPECIMEN	NHMD	AV	NHMD123083				CC_BY_4_0		Kiure, Jacob			2026-03-18T07:45:46.458Z		COORDINATE_ROUNDED
4164079693	e5c5cad9-b987-4bb4-b07b-85488c5fdd80	76122625-21f5-4663-ac2c-2dd83b050a43	Animalia	Chordata	Aves	Passeriformes	Pycnonotidae	Arizelocichla	Arizelocichla fusciceps		SPECIES	Arizelocichla fusciceps (Shelley, 1893)			TZ	Ndundulu Forest	Iringa Region	PRESENT		2e7df380-8356-4533-bcb3-5459e23c794e	-7.8	36.5							2007-06-12	12	6	2007	6100812	6100812	PRESERVED_SPECIMEN	NHMD	AV	NHMD124815				CC_BY_4_0		Kiure, Jacob			2026-03-18T07:45:58.304Z		TAXON_MATCH_HIGHERRANK
4164079669	e5c5cad9-b987-4bb4-b07b-85488c5fdd80	e59d36d2-2b5b-4fa5-b307-e32b0ba34ab7	Animalia	Chordata	Aves	Passeriformes	Pycnonotidae	Hypsipetes	Hypsipetes philippinus	saturatior	SUBSPECIES	Hypsipetes philippinus saturatior (Hartert, 1916)			PH	Opol	Mindanao	PRESENT		2e7df380-8356-4533-bcb3-5459e23c794e	8.52	124.573333							1951-08-26	26	8	1951	6093854	7342036	PRESERVED_SPECIMEN	NHMD	AV	NHMD134274				CC_BY_4_0					2026-03-18T07:45:41.557Z		COORDINATE_ROUNDED
4164079645	e5c5cad9-b987-4bb4-b07b-85488c5fdd80	3edf358a-bb13-445e-8f6d-aea420b5b2aa	Animalia	Chordata	Aves	Passeriformes	Pycnonotidae	Arizelocichla	Arizelocichla masukuensis	roehli	SUBSPECIES	Arizelocichla masukuensis roehli (Reichenow, 1905)			TZ	Nguru South Forest Reserve		PRESENT		2e7df380-8356-4533-bcb3-5459e23c794e	-6.05	37.479722							2004-10-08	8	10	2004	6086770	7340439	PRESERVED_SPECIMEN	NHMD	AV	NHMD124969				CC_BY_4_0		Kiure, Jacob			2026-03-18T07:45:46.451Z		COORDINATE_ROUNDED
4164079629	e5c5cad9-b987-4bb4-b07b-85488c5fdd80	f22f28b0-8528-48a0-b060-a730e0581ee3	Animalia	Chordata	Aves	Passeriformes	Pycnonotidae	Phyllastrephus	Phyllastrephus cabanisi	placidus	SUBSPECIES	Phyllastrephus cabanisi placidus			TZ	Ndundulu Forest	Iringa Region	PRESENT		2e7df380-8356-4533-bcb3-5459e23c794e	-7.8	36.5							2007-06-19	19	6	2007	6540392	2486087	PRESERVED_SPECIMEN	NHMD	AV	NHMD124891				CC_BY_4_0		Kiure, Jacob			2026-03-18T07:45:44.422Z		
4164079626	e5c5cad9-b987-4bb4-b07b-85488c5fdd80	02033977-1b4c-4954-a886-c309685571e8	Animalia	Chordata	Aves	Passeriformes	Pycnonotidae	Arizelocichla	Arizelocichla fusciceps		SPECIES	Arizelocichla fusciceps (Shelley, 1893)			TZ	Nguru South Forest Reserve	Morogoro Region	PRESENT		2e7df380-8356-4533-bcb3-5459e23c794e	-6.05	37.479722							2004-10-05	5	10	2004	6100812	6100812	PRESERVED_SPECIMEN	NHMD	AV	NHMD124816				CC_BY_4_0		Kiure, Jacob			2026-03-18T07:45:41.551Z		COORDINATE_ROUNDED;TAXON_MATCH_HIGHERRANK
4164079612	e5c5cad9-b987-4bb4-b07b-85488c5fdd80	3832e3c0-62a5-4479-bb16-96ba388cdc9a	Animalia	Chordata	Aves	Passeriformes	Pycnonotidae	Chlorocichla	Chlorocichla flaviventris	centralis	SUBSPECIES	Chlorocichla flaviventris centralis Reichenow, 1887			TZ	Mikindani		PRESENT		2e7df380-8356-4533-bcb3-5459e23c794e	-10.279722	40.119722							1966-07-15	15	7	1966	6086621	2486173	PRESERVED_SPECIMEN	NHMD	AV	NHMD118498				CC_BY_4_0		Andersen, Thorkild			2026-03-18T07:45:46.450Z		COORDINATE_ROUNDED
4164079574	e5c5cad9-b987-4bb4-b07b-85488c5fdd80	4387504c-481b-4f73-879d-fd5c8ab29b2b	Animalia	Chordata	Aves	Passeriformes	Pycnonotidae	Phyllastrephus	Phyllastrephus flavostriatus	tenuirostris	SUBSPECIES	Phyllastrephus flavostriatus tenuirostris (Fischer & Reichenow, 1884)			TZ	Nguru South Forest Reserve		PRESENT		2e7df380-8356-4533-bcb3-5459e23c794e	-6.05	37.479722							2004-10-14	14	10	2004	6086107	2486089	PRESERVED_SPECIMEN	NHMD	AV	NHMD123776				CC_BY_4_0		Kiure, Jacob			2026-03-18T07:45:41.545Z		COORDINATE_ROUNDED
4164079569	e5c5cad9-b987-4bb4-b07b-85488c5fdd80	b7bd837e-cb84-48c6-9b08-68ad6f205fd1	Animalia	Chordata	Aves	Passeriformes	Pycnonotidae	Bleda	Bleda syndactylus	woosnami	SUBSPECIES	Bleda syndactylus woosnami Ogilvie-Grant, 1907			SS	Talanga Forest		PRESENT		2e7df380-8356-4533-bcb3-5459e23c794e	4.029236	32.751611							1980-12-01	1	12	1980	6086855	7340458	PRESERVED_SPECIMEN	NHMD	AV	NHMD129034				CC_BY_4_0		Jensen, Flemming			2026-03-18T07:45:46.447Z		COORDINATE_ROUNDED
4164079564	e5c5cad9-b987-4bb4-b07b-85488c5fdd80	092faa6a-94b1-40a7-bfd1-139c36a7a201	Animalia	Chordata	Aves	Passeriformes	Pycnonotidae	Eurillas	Eurillas virens	zombensis	SUBSPECIES	Eurillas virens zombensis (Shelley, 1894)			TZ	Ndundulu Forest	Iringa Region	PRESENT		2e7df380-8356-4533-bcb3-5459e23c794e	-7.8	36.5							2007-06-24	24	6	2007	6086343	7340348	PRESERVED_SPECIMEN	NHMD	AV	NHMD125036				CC_BY_4_0		Kiure, Jacob			2026-03-18T07:45:41.543Z		
4164079534	e5c5cad9-b987-4bb4-b07b-85488c5fdd80	b6c81a98-61fc-4bf6-aa2f-878fc5822a0a	Animalia	Chordata	Aves	Passeriformes	Pycnonotidae	Phyllastrephus	Phyllastrephus cabanisi	placidus	SUBSPECIES	Phyllastrephus cabanisi placidus			TZ	Poroto Mts FR		PRESENT		2e7df380-8356-4533-bcb3-5459e23c794e	-9.016667	33.75							2008-04-02	2	4	2008	6540392	2486087	PRESERVED_SPECIMEN	NHMD	AV	NHMD125810				CC_BY_4_0		Kiure, Jacob			2026-03-18T07:45:41.541Z		COORDINATE_ROUNDED
4164079524	e5c5cad9-b987-4bb4-b07b-85488c5fdd80	7e2ee553-f463-46c1-b6b7-2fd675e2b593	Animalia	Chordata	Aves	Passeriformes	Pycnonotidae	Arizelocichla	Arizelocichla fusciceps		SPECIES	Arizelocichla fusciceps (Shelley, 1893)			TZ	Mafwemiro Forest		PRESENT		2e7df380-8356-4533-bcb3-5459e23c794e	-6.829722	36.569722							2002-11-22	22	11	2002	6100812	6100812	PRESERVED_SPECIMEN	NHMD	AV	NHMD122761				CC_BY_4_0		Bolding Kristensen, Jan			2026-03-18T07:45:46.445Z		COORDINATE_ROUNDED;TAXON_MATCH_HIGHERRANK
4164079516	e5c5cad9-b987-4bb4-b07b-85488c5fdd80	f3d1cab2-8e5f-4bfd-b970-970ca43d644c	Animalia	Chordata	Aves	Passeriformes	Pycnonotidae	Phyllastrephus	Phyllastrephus fischeri		SPECIES	Phyllastrephus fischeri (Reichenow, 1879)			TZ	Mikindani		PRESENT		2e7df380-8356-4533-bcb3-5459e23c794e	-10.279722	40.119722							1966-07-12	12	7	1966	2486097	2486097	PRESERVED_SPECIMEN	NHMD	AV	NHMD118513				CC_BY_4_0		Andersen, Thorkild			2026-03-18T07:45:46.444Z		COORDINATE_ROUNDED
4164079493	e5c5cad9-b987-4bb4-b07b-85488c5fdd80	b4460363-8902-4251-98ba-132cae0f7884	Animalia	Chordata	Aves	Passeriformes	Pycnonotidae	Phyllastrephus	Phyllastrephus flavostriatus	uzungwensis	SUBSPECIES	Phyllastrephus flavostriatus uzungwensis Jensen & Stuart, 1982			TZ	Ndundulu Forest	Iringa Region	PRESENT		2e7df380-8356-4533-bcb3-5459e23c794e	-7.8	36.5							2007-06-10	10	6	2007	6086093	2486089	PRESERVED_SPECIMEN	NHMD	AV	NHMD124807				CC_BY_4_0		Kiure, Jacob			2026-03-18T07:45:44.409Z		
4164079479	e5c5cad9-b987-4bb4-b07b-85488c5fdd80	1a99d89b-b333-4e15-b5e7-958f2dae88bf	Animalia	Chordata	Aves	Passeriformes	Pycnonotidae	Arizelocichla	Arizelocichla milanjensis	striifacies	SUBSPECIES	Arizelocichla milanjensis striifacies			TZ	Uluguru Mts.		PRESENT		2e7df380-8356-4533-bcb3-5459e23c794e	-7.0	39.666667							1961-02-26	26	2	1961	6540503	7340424	PRESERVED_SPECIMEN	NHMD	AV	NHMD120876				CC_BY_4_0		Andersen, Thorkild			2026-03-18T07:45:46.442Z		COORDINATE_ROUNDED;CONTINENT_COORDINATE_MISMATCH
4164079473	e5c5cad9-b987-4bb4-b07b-85488c5fdd80	f806bfbc-bda2-4134-9954-ba3ffd91ff56	Animalia	Chordata	Aves	Passeriformes	Pycnonotidae	Arizelocichla	Arizelocichla masukuensis	roehli	SUBSPECIES	Arizelocichla masukuensis roehli (Reichenow, 1905)			TZ	Nguru South Forest Reserve		PRESENT		2e7df380-8356-4533-bcb3-5459e23c794e	-6.05	37.479722							2005-03-24	24	3	2005	6086770	7340439	PRESERVED_SPECIMEN	NHMD	AV	NHMD124943				CC_BY_4_0		Kiure, Jacob			2026-03-18T07:45:44.405Z		COORDINATE_ROUNDED
4164079468	e5c5cad9-b987-4bb4-b07b-85488c5fdd80	28789831-f757-45fd-9b4f-696080f360d7	Animalia	Chordata	Aves	Passeriformes	Pycnonotidae	Phyllastrephus	Phyllastrephus albigula		SPECIES	Phyllastrephus albigula (Grote, 1919)			TZ	Nguru South Forest Reserve		PRESENT		2e7df380-8356-4533-bcb3-5459e23c794e	-6.05	37.479722							2003-06-21	21	6	2003	6086037	6086037	PRESERVED_SPECIMEN	NHMD	AV	NHMD122914				CC_BY_4_0		Kiure, Jacob			2026-03-18T07:45:41.534Z		COORDINATE_ROUNDED
4164079456	e5c5cad9-b987-4bb4-b07b-85488c5fdd80	c12563be-a4a2-4660-ba3b-74a0239a55ec	Animalia	Chordata	Aves	Passeriformes	Pycnonotidae	Arizelocichla	Arizelocichla masukuensis		SPECIES	Arizelocichla masukuensis (Shelley, 1897)			TZ	Mahale Mts.		PRESENT		2e7df380-8356-4533-bcb3-5459e23c794e	-6.199722	29.829722							1951-02-02	2	2	1951	7340439	7340439	PRESERVED_SPECIMEN	NHMD	AV	NHMD120825				CC_BY_4_0		Andersen, Thorkild			2026-03-18T07:45:58.280Z		COORDINATE_ROUNDED;TAXON_MATCH_HIGHERRANK
4164079449	e5c5cad9-b987-4bb4-b07b-85488c5fdd80	46ce4c65-1cdf-40bc-a2ed-d4d48a3fd06b	Animalia	Chordata	Aves	Passeriformes	Pycnonotidae	Eurillas	Eurillas latirostris	latirostris	SUBSPECIES	Eurillas latirostris latirostris (Strickland, 1844)			CD	Katungulu		PRESENT		2e7df380-8356-4533-bcb3-5459e23c794e	-1.915556	28.537778							2008-03-03	3	3	2008	6086380	7340356	PRESERVED_SPECIMEN	NHMD	AV	NHMD127260				CC_BY_4_0		Kizungu, B.			2026-03-18T07:45:41.532Z		COORDINATE_ROUNDED
4164079434	e5c5cad9-b987-4bb4-b07b-85488c5fdd80	959cc99b-6851-4b38-a5f2-2188c4c36841	Animalia	Chordata	Aves	Passeriformes	Pycnonotidae	Eurillas	Eurillas virens	zombensis	SUBSPECIES	Eurillas virens zombensis (Shelley, 1894)			TZ	Kanga Forest Reserve		PRESENT		2e7df380-8356-4533-bcb3-5459e23c794e	-6.0	37.7							2003-11-20	20	11	2003	6086343	7340348	PRESERVED_SPECIMEN	NHMD	AV	NHMD126322				CC_BY_4_0		Kiure, Jacob			2026-03-18T07:45:44.402Z		
4164079376	e5c5cad9-b987-4bb4-b07b-85488c5fdd80	291cdd5d-2990-4b2e-a8ac-d27b72bc546b	Animalia	Chordata	Aves	Passeriformes	Pycnonotidae	Phyllastrephus	Phyllastrephus albigularis		SPECIES	Phyllastrephus albigularis (Sharpe, 1882)				unnamed locality		PRESENT		2e7df380-8356-4533-bcb3-5459e23c794e													2486093	2486093	PRESERVED_SPECIMEN	NHMD	AV	NHMD137401				CC_BY_4_0					2026-03-18T07:45:41.519Z		
4164079351	e5c5cad9-b987-4bb4-b07b-85488c5fdd80	74c63cd6-b688-4c8f-8083-d6a59ae0eb72	Animalia	Chordata	Aves	Passeriformes	Pycnonotidae	Arizelocichla	Arizelocichla fusciceps		SPECIES	Arizelocichla fusciceps (Shelley, 1893)			TZ	Ukami Forest		PRESENT		2e7df380-8356-4533-bcb3-5459e23c794e	-7.88	36.419722							2003-03-17	17	3	2003	6100812	6100812	PRESERVED_SPECIMEN	NHMD	AV	NHMD123820				CC_BY_4_0		Kiure, Jacob			2026-03-18T07:45:41.516Z		COORDINATE_ROUNDED;TAXON_MATCH_HIGHERRANK
4164079346	e5c5cad9-b987-4bb4-b07b-85488c5fdd80	6149eafb-fd8c-497f-8f80-811942743a88	Animalia	Chordata	Aves	Passeriformes	Pycnonotidae	Eurillas	Eurillas virens	zombensis	SUBSPECIES	Eurillas virens zombensis (Shelley, 1894)			TZ	Ndundulu Forest	Iringa Region	PRESENT		2e7df380-8356-4533-bcb3-5459e23c794e	-7.8	36.5							2006-12-28	28	12	2006	6086343	7340348	PRESERVED_SPECIMEN	NHMD	AV	NHMD125021				CC_BY_4_0		Kiure, Jacob			2026-03-18T07:45:44.392Z		
4164079331	e5c5cad9-b987-4bb4-b07b-85488c5fdd80	28f5c725-48df-4bdf-920f-be9768f5c4ed	Animalia	Chordata	Aves	Passeriformes	Pycnonotidae	Arizelocichla	Arizelocichla fusciceps		SPECIES	Arizelocichla fusciceps (Shelley, 1893)			TZ	Ndundulu Forest	Iringa Region	PRESENT		2e7df380-8356-4533-bcb3-5459e23c794e	-7.8	36.5							2007-03-07	7	3	2007	6100812	6100812	PRESERVED_SPECIMEN	NHMD	AV	NHMD123839				CC_BY_4_0		Kiure, Jacob			2026-03-18T07:45:44.390Z		TAXON_MATCH_HIGHERRANK
4164079315	e5c5cad9-b987-4bb4-b07b-85488c5fdd80	72969714-4769-4b92-973d-27dbd249e5c4	Animalia	Chordata	Aves	Passeriformes	Pycnonotidae	Arizelocichla	Arizelocichla nigriceps	nigriceps	SUBSPECIES	Arizelocichla nigriceps nigriceps (Shelley, 1889)			TZ	Marang Forest Reserve	Arusha Region	PRESENT		2e7df380-8356-4533-bcb3-5459e23c794e	-3.73	35.63							2004-03-28	28	3	2004	7340427	7340426	PRESERVED_SPECIMEN	NHMD	AV	NHMD123434				CC_BY_4_0		Kiure, Jacob			2026-03-18T07:45:44.389Z		
4164079306	e5c5cad9-b987-4bb4-b07b-85488c5fdd80	d1ddfc08-3888-41dd-8c24-070b0f805cc2	Animalia	Chordata	Aves	Passeriformes	Pycnonotidae	Eurillas	Eurillas latirostris	latirostris	SUBSPECIES	Eurillas latirostris latirostris (Strickland, 1844)			CD	Karambi		PRESENT		2e7df380-8356-4533-bcb3-5459e23c794e	-1.873611	28.453611							2008-02-23	23	2	2008	6086380	7340356	PRESERVED_SPECIMEN	NHMD	AV	NHMD127210				CC_BY_4_0		Kizungu, B.			2026-03-18T07:45:58.266Z		COORDINATE_ROUNDED
4164079304	e5c5cad9-b987-4bb4-b07b-85488c5fdd80	f3fcf175-18ed-4035-9aea-b641b7338095	Animalia	Chordata	Aves	Passeriformes	Pycnonotidae	Andropadus	Andropadus importunus	insularis	SUBSPECIES	Andropadus importunus insularis Hartlaub, 1861			TZ	Lembeni2		PRESENT		2e7df380-8356-4533-bcb3-5459e23c794e	-3.779722	37.619722							1955-03-19	19	3	1955	6086927	2486162	PRESERVED_SPECIMEN	NHMD	AV	NHMD120856				CC_BY_4_0		Andersen, Thorkild			2026-03-18T07:45:41.512Z		COORDINATE_ROUNDED
4164079299	e5c5cad9-b987-4bb4-b07b-85488c5fdd80	0e3d69c0-db31-43bf-9d9e-6e36933ac04b	Animalia	Chordata	Aves	Passeriformes	Pycnonotidae	Pycnonotus	Pycnonotus leucotis	leucotis	SUBSPECIES	Pycnonotus leucotis leucotis (Gould, 1836)			IR	Bushire		PRESENT		2e7df380-8356-4533-bcb3-5459e23c794e	28.920278	50.831111							1938-03-07	7	3	1938	8045577	2486132	PRESERVED_SPECIMEN	NHMD	AV	NHMD130609				CC_BY_4_0		Løppenthin, Bernt			2026-03-18T07:45:58.267Z		COORDINATE_ROUNDED
4164079281	e5c5cad9-b987-4bb4-b07b-85488c5fdd80	b1124b1f-ed27-4b39-ae95-425ee13413bb	Animalia	Chordata	Aves	Passeriformes	Pycnonotidae	Arizelocichla	Arizelocichla masukuensis	roehli	SUBSPECIES	Arizelocichla masukuensis roehli (Reichenow, 1905)			TZ	Nguru South Forest Reserve		PRESENT		2e7df380-8356-4533-bcb3-5459e23c794e	-6.05	37.479722							2005-03-24	24	3	2005	6086770	7340439	PRESERVED_SPECIMEN	NHMD	AV	NHMD124928				CC_BY_4_0		Kiure, Jacob			2026-03-18T07:45:46.419Z		COORDINATE_ROUNDED
4164079261	e5c5cad9-b987-4bb4-b07b-85488c5fdd80	9f7b8dc7-5df3-4265-a528-6c9c956d0b30	Animalia	Chordata	Aves	Passeriformes	Pycnonotidae	Phyllastrephus	Phyllastrephus cabanisi	placidus	SUBSPECIES	Phyllastrephus cabanisi placidus			TZ	Nguru South Forest Reserve		PRESENT		2e7df380-8356-4533-bcb3-5459e23c794e	-6.05	37.479722							2004-10-09	9	10	2004	6540392	2486087	PRESERVED_SPECIMEN	NHMD	AV	NHMD124859				CC_BY_4_0		Kiure, Jacob			2026-03-18T07:45:44.384Z		COORDINATE_ROUNDED
4164079218	e5c5cad9-b987-4bb4-b07b-85488c5fdd80	365bbfeb-787f-48d6-be54-5a48653aa517	Animalia	Chordata	Aves	Passeriformes	Pycnonotidae	Phyllastrephus	Phyllastrephus icterinus		SPECIES	Phyllastrephus icterinus (Bonaparte, 1850)			CD	Laylay		PRESENT		2e7df380-8356-4533-bcb3-5459e23c794e	-1.902222	28.506389							2008-02-27	27	2	2008	2486106	2486106	PRESERVED_SPECIMEN	NHMD	AV	NHMD127228				CC_BY_4_0		Kizungu, B.			2026-03-18T07:45:46.414Z		COORDINATE_ROUNDED
4164079211	e5c5cad9-b987-4bb4-b07b-85488c5fdd80	d75ff28f-36d6-4d4c-8c94-fbd8c336d79a	Animalia	Chordata	Aves	Passeriformes	Pycnonotidae	Phyllastrephus	Phyllastrephus debilis	rabai	SUBSPECIES	Phyllastrephus debilis rabai Hartert & Someren, 1921			TZ	Mt. Kanga Forest Reserve		PRESENT		2e7df380-8356-4533-bcb3-5459e23c794e	-6.0	37.7							2003-05-21	21	5	2003	5846134	2486088	PRESERVED_SPECIMEN	NHMD	AV	NHMD124911				CC_BY_4_0		Kiure, Jacob			2026-03-18T07:45:58.255Z		
4164079161	e5c5cad9-b987-4bb4-b07b-85488c5fdd80	68ae1b5b-dc66-43ba-89f5-7a562471129c	Animalia	Chordata	Aves	Passeriformes	Pycnonotidae	Eurillas	Eurillas virens	zombensis	SUBSPECIES	Eurillas virens zombensis (Shelley, 1894)			TZ	Ndundulu Forest	Iringa Region	PRESENT		2e7df380-8356-4533-bcb3-5459e23c794e	-7.8	36.5							2007-03-28	28	3	2007	6086343	7340348	PRESERVED_SPECIMEN	NHMD	AV	NHMD125007				CC_BY_4_0		Kiure, Jacob			2026-03-18T07:45:41.491Z		
4164079147	e5c5cad9-b987-4bb4-b07b-85488c5fdd80	b1798877-dd14-4ffc-8b2b-c731e05415f1	Animalia	Chordata	Aves	Passeriformes	Pycnonotidae	Arizelocichla	Arizelocichla fusciceps		SPECIES	Arizelocichla fusciceps (Shelley, 1893)			TZ	Poroto Mts FR		PRESENT		2e7df380-8356-4533-bcb3-5459e23c794e	-9.016667	33.75							2008-03-23	23	3	2008	6100812	6100812	PRESERVED_SPECIMEN	NHMD	AV	NHMD125819				CC_BY_4_0		Kiure, Jacob			2026-03-18T07:45:46.408Z	StillImage	COORDINATE_ROUNDED;TAXON_MATCH_HIGHERRANK
4164079140	e5c5cad9-b987-4bb4-b07b-85488c5fdd80	39712eaf-38cb-45dd-bb8e-a793acc0ffa1	Animalia	Chordata	Aves	Passeriformes	Pycnonotidae	Arizelocichla	Arizelocichla milanjensis	striifacies	SUBSPECIES	Arizelocichla milanjensis striifacies			TZ	Ndundulu Forest	Iringa Region	PRESENT		2e7df380-8356-4533-bcb3-5459e23c794e	-7.8	36.5							2007-07-22	22	7	2007	6540503	7340424	PRESERVED_SPECIMEN	NHMD	AV	NHMD129205				CC_BY_4_0		Kiure, Jacob			2026-03-18T07:45:41.489Z		
4164079134	e5c5cad9-b987-4bb4-b07b-85488c5fdd80	4a368b12-4ca4-48ff-97a4-254ce72c117f	Animalia	Chordata	Aves	Passeriformes	Pycnonotidae	Phyllastrephus	Phyllastrephus cabanisi	placidus	SUBSPECIES	Phyllastrephus cabanisi placidus			TZ	Ndundulu Forest	Iringa Region	PRESENT		2e7df380-8356-4533-bcb3-5459e23c794e	-7.8	36.5							2007-03-04	4	3	2007	6540392	2486087	PRESERVED_SPECIMEN	NHMD	AV	NHMD129659				CC_BY_4_0		Kiure, Jacob			2026-03-18T07:45:41.489Z		
4164079089	e5c5cad9-b987-4bb4-b07b-85488c5fdd80	fd86fa08-5747-4797-be9f-a8d5d61a2061	Animalia	Chordata	Aves	Passeriformes	Pycnonotidae	Eurillas	Eurillas latirostris	australis	SUBSPECIES	Eurillas latirostris australis (Moreau, 1941)			TZ	Mbizi Forest Reserve	Rukwa Region	PRESENT		2e7df380-8356-4533-bcb3-5459e23c794e	-7.616667	31.5							2008-03-01	1	3	2008	9004172	7340356	PRESERVED_SPECIMEN	NHMD	AV	NHMD129722				CC_BY_4_0		Kiure, Jacob			2026-03-18T07:45:58.246Z		COORDINATE_ROUNDED
4164079078	e5c5cad9-b987-4bb4-b07b-85488c5fdd80	ed1e1d2f-8887-4828-81ea-7c6593c01f2b	Animalia	Chordata	Aves	Passeriformes	Pycnonotidae	Arizelocichla	Arizelocichla fusciceps		SPECIES	Arizelocichla fusciceps (Shelley, 1893)			TZ	Ndundulu Forest	Iringa Region	PRESENT		2e7df380-8356-4533-bcb3-5459e23c794e	-7.8	36.5							2007-03-15	15	3	2007	6100812	6100812	PRESERVED_SPECIMEN	NHMD	AV	NHMD123844				CC_BY_4_0		Kiure, Jacob			2026-03-18T07:45:44.363Z		TAXON_MATCH_HIGHERRANK
4164079076	e5c5cad9-b987-4bb4-b07b-85488c5fdd80	decc277b-08ba-4eb7-b727-1c29c8c37980	Animalia	Chordata	Aves	Passeriformes	Pycnonotidae	Arizelocichla	Arizelocichla masukuensis	roehli	SUBSPECIES	Arizelocichla masukuensis roehli (Reichenow, 1905)			TZ	Kilindi Forest Reserve		PRESENT		2e7df380-8356-4533-bcb3-5459e23c794e	-5.57	37.569722							2005-05-14	14	5	2005	6086770	7340439	PRESERVED_SPECIMEN	NHMD	AV	NHMD124926				CC_BY_4_0		Kiure, Jacob			2026-03-18T07:45:58.246Z		COORDINATE_ROUNDED
4164079052	e5c5cad9-b987-4bb4-b07b-85488c5fdd80	c391670e-1dbe-465d-8e31-dac69f67564a	Animalia	Chordata	Aves	Passeriformes	Pycnonotidae	Eurillas	Eurillas gracilis	gracilis	SUBSPECIES	Eurillas gracilis gracilis (Cabanis, 1880)			NG	Osomba	Cross River State	PRESENT		2e7df380-8356-4533-bcb3-5459e23c794e	5.45	8.63							1959-02-18	18	2	1959	7340369	7340368	PRESERVED_SPECIMEN	NHMD	AV	NHMD137534				CC_BY_4_0		Volsøe, Helge			2026-03-18T07:45:58.244Z		
4164079051	e5c5cad9-b987-4bb4-b07b-85488c5fdd80	7bbfb2e2-9ad8-4148-9842-147216ecbed0	Animalia	Chordata	Aves	Passeriformes	Pycnonotidae	Phyllastrephus	Phyllastrephus cabanisi	placidus	SUBSPECIES	Phyllastrephus cabanisi placidus			TZ	Ndundulu Forest	Iringa Region	PRESENT		2e7df380-8356-4533-bcb3-5459e23c794e	-7.8	36.5							2007-06-08	8	6	2007	6540392	2486087	PRESERVED_SPECIMEN	NHMD	AV	NHMD129173				CC_BY_4_0		Kiure, Jacob			2026-03-18T07:45:41.474Z		
4164079037	e5c5cad9-b987-4bb4-b07b-85488c5fdd80	0bc193e0-e9b4-4358-a588-340a8d1e7ee3	Animalia	Chordata	Aves	Passeriformes	Pycnonotidae	Phyllastrephus	Phyllastrephus flavostriatus	uzungwensis	SUBSPECIES	Phyllastrephus flavostriatus uzungwensis Jensen & Stuart, 1982			TZ	Ndundulu Forest	Iringa Region	PRESENT		2e7df380-8356-4533-bcb3-5459e23c794e	-7.8	36.5							2007-01-13	13	1	2007	6086093	2486089	PRESERVED_SPECIMEN	NHMD	AV	NHMD129686				CC_BY_4_0		Kiure, Jacob			2026-03-18T07:45:46.400Z		
4164079014	e5c5cad9-b987-4bb4-b07b-85488c5fdd80	acda8fdb-3832-4e7c-900b-0638228eeba3	Animalia	Chordata	Aves	Passeriformes	Pycnonotidae	Eurillas	Eurillas virens		SPECIES	Eurillas virens (Cassin, 1857)			TZ	Ukami Forest		PRESENT		2e7df380-8356-4533-bcb3-5459e23c794e	-7.88	36.419722							2003-02-28	28	2	2003	7340348	7340348	PRESERVED_SPECIMEN	NHMD	AV	NHMD131212				CC_BY_4_0		Kiure, Jacob			2026-03-18T07:45:44.356Z		COORDINATE_ROUNDED
4164079008	e5c5cad9-b987-4bb4-b07b-85488c5fdd80	0decb86f-67e5-4ffb-82d6-7d4ed75654bc	Animalia	Chordata	Aves	Passeriformes	Pycnonotidae	Pycnonotus	Pycnonotus barbatus	layardi	SUBSPECIES	Pycnonotus barbatus layardi			MW	Kapalasa Farm		PRESENT		2e7df380-8356-4533-bcb3-5459e23c794e	-15.610722	35.164397							1991-12-21	21	12	1991	6094955	2486147	PRESERVED_SPECIMEN	NHMD	AV	NHMD137525				CC_BY_4_0		Grüner, J.			2026-03-18T07:45:44.356Z		COORDINATE_ROUNDED
4164078991	e5c5cad9-b987-4bb4-b07b-85488c5fdd80	d22d61dd-4744-4c27-aa10-1452b14d652b	Animalia	Chordata	Aves	Passeriformes	Pycnonotidae	Pycnonotus	Pycnonotus barbatus	layardi	SUBSPECIES	Pycnonotus barbatus layardi			TZ	Lossongonoi Plateau		PRESENT		2e7df380-8356-4533-bcb3-5459e23c794e	-4.059722	37.13							2006-08-17	17	8	2006	6094955	2486147	PRESERVED_SPECIMEN	NHMD	AV	NHMD126299				CC_BY_4_0		Kiure, Jacob			2026-03-18T07:45:44.354Z		COORDINATE_ROUNDED
4164078987	e5c5cad9-b987-4bb4-b07b-85488c5fdd80	79b8508d-24a5-4185-9c69-1b689c69924f	Animalia	Chordata	Aves	Passeriformes	Pycnonotidae	Arizelocichla	Arizelocichla masukuensis	roehli	SUBSPECIES	Arizelocichla masukuensis roehli (Reichenow, 1905)			TZ	Liwili Kitesa Forest Reserve		PRESENT		2e7df380-8356-4533-bcb3-5459e23c794e	-11.399722	34.9							2006-01-16	16	1	2006	6086770	7340439	PRESERVED_SPECIMEN	NHMD	AV	NHMD124954				CC_BY_4_0		Kiure, Jacob			2026-03-18T07:45:41.465Z		COORDINATE_ROUNDED
4164078967	e5c5cad9-b987-4bb4-b07b-85488c5fdd80	ba45eaa0-82cc-4dee-a50f-87fedc448ea1	Animalia	Chordata	Aves	Passeriformes	Pycnonotidae	Phyllastrephus	Phyllastrephus flavostriatus	alfredi	SUBSPECIES	Phyllastrephus flavostriatus alfredi			TZ	Mbizi Forest Reserve		PRESENT		2e7df380-8356-4533-bcb3-5459e23c794e	-7.889722	31.68							2008-03-06	6	3	2008	6540367	2486089	PRESERVED_SPECIMEN	NHMD	AV	NHMD125801				CC_BY_4_0		Kiure, Jacob			2026-03-18T07:45:46.394Z		COORDINATE_ROUNDED
4164078965	e5c5cad9-b987-4bb4-b07b-85488c5fdd80	8d1a7659-420c-4535-a6bb-4e26daaa3ca5	Animalia	Chordata	Aves	Passeriformes	Pycnonotidae	Arizelocichla	Arizelocichla milanjensis	striifacies	SUBSPECIES	Arizelocichla milanjensis striifacies			TZ	Nguru South Forest Reserve		PRESENT		2e7df380-8356-4533-bcb3-5459e23c794e	-6.05	37.479722							2005-03-12	12	3	2005	6540503	7340424	PRESERVED_SPECIMEN	NHMD	AV	NHMD125048				CC_BY_4_0		Kiure, Jacob			2026-03-18T07:45:44.350Z		COORDINATE_ROUNDED
4164078957	e5c5cad9-b987-4bb4-b07b-85488c5fdd80	653dbb29-8522-402c-a615-707f0a2fac94	Animalia	Chordata	Aves	Passeriformes	Pycnonotidae	Phyllastrephus	Phyllastrephus cabanisi	placidus	SUBSPECIES	Phyllastrephus cabanisi placidus			TZ	Ukami Forest		PRESENT		2e7df380-8356-4533-bcb3-5459e23c794e	-7.88	36.419722							2003-03-16	16	3	2003	6540392	2486087	PRESERVED_SPECIMEN	NHMD	AV	NHMD133190				CC_BY_4_0		Kiure, Jacob			2026-03-18T07:45:44.349Z		COORDINATE_ROUNDED
4164078883	e5c5cad9-b987-4bb4-b07b-85488c5fdd80	2572fe9f-a01f-4920-89b1-cd2a7f3a2d01	Animalia	Chordata	Aves	Passeriformes	Pycnonotidae	Phyllastrephus	Phyllastrephus cabanisi	cabanisi	SUBSPECIES	Phyllastrephus cabanisi cabanisi (Sharpe, 1882)			TZ	Mahale Mts.		PRESENT		2e7df380-8356-4533-bcb3-5459e23c794e	-6.199722	29.829722							2004-08-15	15	8	2004	7340319	2486087	PRESERVED_SPECIMEN	NHMD	AV	NHMD124845				CC_BY_4_0		Kiure, Jacob			2026-03-18T07:45:58.230Z		COORDINATE_ROUNDED
4164078875	e5c5cad9-b987-4bb4-b07b-85488c5fdd80	167b01cf-60a1-4cfb-a23b-1d671d0aaeef	Animalia	Chordata	Aves	Passeriformes	Pycnonotidae	Pycnonotus	Pycnonotus urostictus	philippensis	SUBSPECIES	Poliolophus urostictus philippensis Hachisuka, 1934			PH	Tuod	Mindanao	PRESENT		2e7df380-8356-4533-bcb3-5459e23c794e	8.343889	124.359444							1951-09-18	18	9	1951	11027194	2486143	PRESERVED_SPECIMEN	NHMD	AV	NHMD134249				CC_BY_4_0					2026-03-18T07:45:41.447Z		COORDINATE_ROUNDED
4164078864	e5c5cad9-b987-4bb4-b07b-85488c5fdd80	2d4f47a0-4749-48fe-acbf-4187d40746d6	Animalia	Chordata	Aves	Passeriformes	Pycnonotidae	Phyllastrephus	Phyllastrephus cabanisi	placidus	SUBSPECIES	Phyllastrephus cabanisi placidus			TZ	Mafwemiro Forest		PRESENT		2e7df380-8356-4533-bcb3-5459e23c794e	-6.829722	36.569722							2002-11-20	20	11	2002	6540392	2486087	PRESERVED_SPECIMEN	NHMD	AV	NHMD122862				CC_BY_4_0		Kiure, Jacob			2026-03-18T07:45:44.339Z		COORDINATE_ROUNDED
4164078852	e5c5cad9-b987-4bb4-b07b-85488c5fdd80	2d2e6901-9df9-4cb9-94b6-dd77c88049dc	Animalia	Chordata	Aves	Passeriformes	Pycnonotidae	Arizelocichla	Arizelocichla masukuensis	roehli	SUBSPECIES	Arizelocichla masukuensis roehli (Reichenow, 1905)			TZ	Nguru South Forest Reserve		PRESENT		2e7df380-8356-4533-bcb3-5459e23c794e	-6.05	37.479722							2004-10-13	13	10	2004	6086770	7340439	PRESERVED_SPECIMEN	NHMD	AV	NHMD126339				CC_BY_4_0		Kiure, Jacob			2026-03-18T07:45:44.337Z		COORDINATE_ROUNDED
4164078847	e5c5cad9-b987-4bb4-b07b-85488c5fdd80	7a5e661e-69c1-4940-8a0f-9fcb43df8dc4	Animalia	Chordata	Aves	Passeriformes	Pycnonotidae	Arizelocichla	Arizelocichla masukuensis	roehli	SUBSPECIES	Arizelocichla masukuensis roehli (Reichenow, 1905)			TZ	Nguru South Forest Reserve		PRESENT		2e7df380-8356-4533-bcb3-5459e23c794e	-6.05	37.479722							2003-06-06	6	6	2003	6086770	7340439	PRESERVED_SPECIMEN	NHMD	AV	NHMD122879				CC_BY_4_0		Kiure, Jacob			2026-03-18T07:45:58.225Z		COORDINATE_ROUNDED
4164078821	e5c5cad9-b987-4bb4-b07b-85488c5fdd80	3b4728ee-da3e-4e19-87a9-f019371dd3f9	Animalia	Chordata	Aves	Passeriformes	Pycnonotidae	Arizelocichla	Arizelocichla fusciceps		SPECIES	Arizelocichla fusciceps (Shelley, 1893)			TZ	Ukami Forest		PRESENT		2e7df380-8356-4533-bcb3-5459e23c794e	-7.88	36.419722							2003-03-17	17	3	2003	6100812	6100812	PRESERVED_SPECIMEN	NHMD	AV	NHMD123822				CC_BY_4_0		Kiure, Jacob			2026-03-18T07:45:41.441Z		COORDINATE_ROUNDED;TAXON_MATCH_HIGHERRANK
4164078800	e5c5cad9-b987-4bb4-b07b-85488c5fdd80	2301f0d4-ca48-44e3-af30-ba987ed3134f	Animalia	Chordata	Aves	Passeriformes	Pycnonotidae	Pycnonotus	Pycnonotus barbatus	tricolor	SUBSPECIES	Pycnonotus barbatus tricolor			NG	Igbetti	Oyo State	PRESENT		2e7df380-8356-4533-bcb3-5459e23c794e	9.636667	4.138625							1958-10-07	7	10	1958	6542538	2486147	PRESERVED_SPECIMEN	NHMD	AV	NHMD137538				CC_BY_4_0		Volsøe, Helge			2026-03-18T07:45:58.221Z		COORDINATE_ROUNDED
4164078764	e5c5cad9-b987-4bb4-b07b-85488c5fdd80	f79e7740-4d23-471a-a551-fb610a968483	Animalia	Chordata	Aves	Passeriformes	Pycnonotidae	Arizelocichla	Arizelocichla masukuensis		SPECIES	Arizelocichla masukuensis (Shelley, 1897)			TZ	Poroto Mts FR		PRESENT		2e7df380-8356-4533-bcb3-5459e23c794e	-9.016944	33.75							2008-12-18	18	12	2008	7340439	7340439	PRESERVED_SPECIMEN	NHMD	AV	NHMD126854				CC_BY_4_0		Kiure, Jacob			2026-03-18T07:45:46.373Z		COORDINATE_ROUNDED;TAXON_MATCH_HIGHERRANK
4164078752	e5c5cad9-b987-4bb4-b07b-85488c5fdd80	90b4df39-50fb-48ab-80da-65cc9fca23dc	Animalia	Chordata	Aves	Passeriformes	Pycnonotidae	Pycnonotus	Pycnonotus barbatus	layardi	SUBSPECIES	Pycnonotus barbatus layardi			TZ	Mt. Kilimanjaro		PRESENT		2e7df380-8356-4533-bcb3-5459e23c794e									1967-03-06	6	3	1967	6094955	2486147	PRESERVED_SPECIMEN	NHMD	AV	NHMD119539				CC_BY_4_0		Salanti, M.			2026-03-18T07:45:41.436Z		
4164078734	e5c5cad9-b987-4bb4-b07b-85488c5fdd80	dccb51c2-d966-40f1-a6af-96e2a1b1d303	Animalia	Chordata	Aves	Passeriformes	Pycnonotidae	Arizelocichla	Arizelocichla masukuensis	roehli	SUBSPECIES	Arizelocichla masukuensis roehli (Reichenow, 1905)			TZ	Ndundulu Forest	Iringa Region	PRESENT		2e7df380-8356-4533-bcb3-5459e23c794e	-7.8	36.5							2007-01-16	16	1	2007	6086770	7340439	PRESERVED_SPECIMEN	NHMD	AV	NHMD124948				CC_BY_4_0		Kiure, Jacob			2026-03-18T07:45:44.325Z		
4164078722	e5c5cad9-b987-4bb4-b07b-85488c5fdd80	00898d0d-add8-4230-bf8c-a379d2197144	Animalia	Chordata	Aves	Passeriformes	Pycnonotidae	Pycnonotus	Pycnonotus barbatus	layardi	SUBSPECIES	Pycnonotus barbatus layardi			TZ	Mikindani		PRESENT		2e7df380-8356-4533-bcb3-5459e23c794e	-10.279722	40.119722							1965-02-10	10	2	1965	6094955	2486147	PRESERVED_SPECIMEN	NHMD	AV	NHMD120810				CC_BY_4_0		Andersen, Thorkild			2026-03-18T07:45:44.323Z		COORDINATE_ROUNDED
4164078705	e5c5cad9-b987-4bb4-b07b-85488c5fdd80	abaff46e-5881-426f-b3ec-075fa4423d4a	Animalia	Chordata	Aves	Passeriformes	Pycnonotidae	Eurillas	Eurillas virens	zombensis	SUBSPECIES	Eurillas virens zombensis (Shelley, 1894)			TZ	Kilindi Forest Reserve		PRESENT		2e7df380-8356-4533-bcb3-5459e23c794e	-5.57	37.569722							2005-05-11	11	5	2005	6086343	7340348	PRESERVED_SPECIMEN	NHMD	AV	NHMD125023				CC_BY_4_0		Kiure, Jacob			2026-03-18T07:45:46.368Z		COORDINATE_ROUNDED
4164078665	e5c5cad9-b987-4bb4-b07b-85488c5fdd80	70fa0d57-2bf0-4717-9e48-baaa49abe44a	Animalia	Chordata	Aves	Passeriformes	Pycnonotidae	Arizelocichla	Arizelocichla masukuensis	masukuensis	SUBSPECIES	Arizelocichla masukuensis masukuensis (Shelley, 1897)			TZ	Poroto Mts FR		PRESENT		2e7df380-8356-4533-bcb3-5459e23c794e	-9.016667	33.75							2008-03-31	31	3	2008	6086761	7340439	PRESERVED_SPECIMEN	NHMD	AV	NHMD125817				CC_BY_4_0		Kiure, Jacob			2026-03-18T07:45:44.320Z	StillImage	COORDINATE_ROUNDED
4164078652	e5c5cad9-b987-4bb4-b07b-85488c5fdd80	fa6c22e7-0b96-4d58-a5bf-b389d47035fa	Animalia	Chordata	Aves	Passeriformes	Pycnonotidae	Arizelocichla	Arizelocichla masukuensis	roehli	SUBSPECIES	Arizelocichla masukuensis roehli (Reichenow, 1905)			TZ	Uluguru Mts.		PRESENT		2e7df380-8356-4533-bcb3-5459e23c794e	-7.0	39.666667							1961-01-13	13	1	1961	6086770	7340439	PRESERVED_SPECIMEN	NHMD	AV	NHMD120823				CC_BY_4_0		Andersen, Thorkild			2026-03-18T07:45:46.365Z		COORDINATE_ROUNDED;CONTINENT_COORDINATE_MISMATCH
4164078639	e5c5cad9-b987-4bb4-b07b-85488c5fdd80	ad9e7d50-52ca-44f1-b44a-79497203cffc	Animalia	Chordata	Aves	Passeriformes	Pycnonotidae	Arizelocichla	Arizelocichla masukuensis	roehli	SUBSPECIES	Arizelocichla masukuensis roehli (Reichenow, 1905)			TZ	Ndundulu Forest	Iringa Region	PRESENT		2e7df380-8356-4533-bcb3-5459e23c794e	-7.8	36.5							2006-12-25	25	12	2006	6086770	7340439	PRESERVED_SPECIMEN	NHMD	AV	NHMD124951				CC_BY_4_0		Kiure, Jacob			2026-03-18T07:45:58.208Z		
4164078634	e5c5cad9-b987-4bb4-b07b-85488c5fdd80	94b07884-548e-41e7-9765-db1ca795844a	Animalia	Chordata	Aves	Passeriformes	Pycnonotidae	Phyllastrephus	Phyllastrephus cabanisi	placidus	SUBSPECIES	Phyllastrephus cabanisi placidus			TZ	North Pare Mts.		PRESENT		2e7df380-8356-4533-bcb3-5459e23c794e	-3.75	37.669722							1959-09-01	1	9	1959	6540392	2486087	PRESERVED_SPECIMEN	NHMD	AV	NHMD122030				CC_BY_4_0		Andersen, Thorkild			2026-03-18T07:45:46.364Z		COORDINATE_ROUNDED
4164078627	e5c5cad9-b987-4bb4-b07b-85488c5fdd80	8f7d341a-d34c-4361-87cf-d0eb1db4b208	Animalia	Chordata	Aves	Passeriformes	Pycnonotidae	Eurillas	Eurillas virens	zombensis	SUBSPECIES	Eurillas virens zombensis (Shelley, 1894)			TZ	Kalambo River Forest Reserve		PRESENT		2e7df380-8356-4533-bcb3-5459e23c794e	-7.869722	30.95							2007-11-17	17	11	2007	6086343	7340348	PRESERVED_SPECIMEN	NHMD	AV	NHMD125042				CC_BY_4_0		Kiure, Jacob			2026-03-18T07:45:41.420Z		COORDINATE_ROUNDED
4164078613	e5c5cad9-b987-4bb4-b07b-85488c5fdd80	6b18bef4-e817-4b0e-9f10-6c2b18d4cafa	Animalia	Chordata	Aves	Passeriformes	Pycnonotidae	Pycnonotus	Pycnonotus goiavier	suluensis	SUBSPECIES	Pycnonotus goiavier suluensis Mearns, 1909			PH	Opol	Mindanao	PRESENT		2e7df380-8356-4533-bcb3-5459e23c794e	8.52	124.573333							1951-08-22	22	8	1951	6094616	2486144	PRESERVED_SPECIMEN	NHMD	AV	NHMD134243				CC_BY_4_0					2026-03-18T07:45:41.418Z		COORDINATE_ROUNDED
4164078609	e5c5cad9-b987-4bb4-b07b-85488c5fdd80	fd898a17-eaad-4819-b0bc-586b6045a6ab	Animalia	Chordata	Aves	Passeriformes	Pycnonotidae	Arizelocichla	Arizelocichla masukuensis	roehli	SUBSPECIES	Arizelocichla masukuensis roehli (Reichenow, 1905)			TZ	Mt Kiboriani Forest Reserve		PRESENT		2e7df380-8356-4533-bcb3-5459e23c794e	-6.283333	36.483333							2004-01-30	30	1	2004	6086770	7340439	PRESERVED_SPECIMEN	NHMD	AV	NHMD129776				CC_BY_4_0		Kiure, Jacob			2026-03-18T07:45:44.315Z		COORDINATE_ROUNDED
4164078608	e5c5cad9-b987-4bb4-b07b-85488c5fdd80	99cd0e4b-d34b-4240-9bf0-8ec88bb0010d	Animalia	Chordata	Aves	Passeriformes	Pycnonotidae	Arizelocichla	Arizelocichla masukuensis	roehli	SUBSPECIES	Arizelocichla masukuensis roehli (Reichenow, 1905)			TZ	Mt. Kanga Forest Reserve		PRESENT		2e7df380-8356-4533-bcb3-5459e23c794e	-6.0	37.7							2003-11-28	28	11	2003	6086770	7340439	PRESERVED_SPECIMEN	NHMD	AV	NHMD124978				CC_BY_4_0		Kiure, Jacob			2026-03-18T07:45:44.314Z		
4164078586	e5c5cad9-b987-4bb4-b07b-85488c5fdd80	c08d1499-1a41-4f10-9e75-6044b69043e1	Animalia	Chordata	Aves	Passeriformes	Pycnonotidae	Arizelocichla	Arizelocichla masukuensis	roehli	SUBSPECIES	Arizelocichla masukuensis roehli (Reichenow, 1905)			TZ	Nguru South Forest Reserve	Morogoro Region	PRESENT		2e7df380-8356-4533-bcb3-5459e23c794e	-6.2	37.516667							2004-10-02	2	10	2004	6086770	7340439	PRESERVED_SPECIMEN	NHMD	AV	NHMD129752				CC_BY_4_0		Kiure, Jacob			2026-03-18T07:45:44.311Z		COORDINATE_ROUNDED
4164078585	e5c5cad9-b987-4bb4-b07b-85488c5fdd80	39eccc39-bc53-4bde-93c5-2c8cdd785bc8	Animalia	Chordata	Aves	Passeriformes	Pycnonotidae	Phyllastrephus	Phyllastrephus flavostriatus	tenuirostris	SUBSPECIES	Phyllastrephus flavostriatus tenuirostris (Fischer & Reichenow, 1884)			TZ	Kanga Forest Reserve		PRESENT		2e7df380-8356-4533-bcb3-5459e23c794e	-6.0	37.7							2003-11-28	28	11	2003	6086107	2486089	PRESERVED_SPECIMEN	NHMD	AV	NHMD126310				CC_BY_4_0		Kiure, Jacob			2026-03-18T07:45:41.416Z		
4164078556	e5c5cad9-b987-4bb4-b07b-85488c5fdd80	34950ead-653f-4d26-bb12-ad1fde841c05	Animalia	Chordata	Aves	Passeriformes	Pycnonotidae	Phyllastrephus	Phyllastrephus albigula		SPECIES	Phyllastrephus albigula (Grote, 1919)			TZ	Nguru South Forest Reserve		PRESENT		2e7df380-8356-4533-bcb3-5459e23c794e	-6.05	37.479722							2003-06-14	14	6	2003	6086037	6086037	PRESERVED_SPECIMEN	NHMD	AV	NHMD122919				CC_BY_4_0		Kiure, Jacob			2026-03-18T07:45:41.410Z		COORDINATE_ROUNDED
4164078554	e5c5cad9-b987-4bb4-b07b-85488c5fdd80	52c252a8-8774-462a-a799-4d0e9118941a	Animalia	Chordata	Aves	Passeriformes	Pycnonotidae	Eurillas	Eurillas virens	zombensis	SUBSPECIES	Eurillas virens zombensis (Shelley, 1894)			TZ	Kanga Forest Reserve	Morogoro Region	PRESENT		2e7df380-8356-4533-bcb3-5459e23c794e	-6.0	37.7							2003-11-21	21	11	2003	6086343	7340348	PRESERVED_SPECIMEN	NHMD	AV	NHMD129714				CC_BY_4_0		Kiure, Jacob			2026-03-18T07:45:46.357Z		
4164078548	e5c5cad9-b987-4bb4-b07b-85488c5fdd80	7e3b4112-4414-4092-a517-7d8ad48bab2b	Animalia	Chordata	Aves	Passeriformes	Pycnonotidae	Criniger	Criniger calurus	emini	SUBSPECIES	Criniger calurus emini Chapin, 1948			CD	Karambi		PRESENT		2e7df380-8356-4533-bcb3-5459e23c794e	-1.873611	28.453611							2008-02-23	23	2	2008	7472964	5230289	PRESERVED_SPECIMEN	NHMD	AV	NHMD127200				CC_BY_4_0		Kizungu, B.			2026-03-18T07:45:41.408Z		COORDINATE_ROUNDED
4164078545	e5c5cad9-b987-4bb4-b07b-85488c5fdd80	8ebdbc1d-59b8-4db6-9bb6-4408fdef54fb	Animalia	Chordata	Aves	Passeriformes	Pycnonotidae	Chlorocichla	Chlorocichla flaviventris	centralis	SUBSPECIES	Chlorocichla flaviventris centralis Reichenow, 1887			TZ	Mikindani		PRESENT		2e7df380-8356-4533-bcb3-5459e23c794e	-10.279722	40.119722							1965-03-31	31	3	1965	6086621	2486173	PRESERVED_SPECIMEN	NHMD	AV	NHMD120885				CC_BY_4_0		Andersen, Thorkild			2026-03-18T07:45:58.201Z		COORDINATE_ROUNDED
4164078525	e5c5cad9-b987-4bb4-b07b-85488c5fdd80	d033d2a3-7e79-4198-97e9-2fa67bf3d7dd	Animalia	Chordata	Aves	Passeriformes	Pycnonotidae	Arizelocichla	Arizelocichla masukuensis	roehli	SUBSPECIES	Arizelocichla masukuensis roehli (Reichenow, 1905)			TZ	Nguru South Forest Reserve		PRESENT		2e7df380-8356-4533-bcb3-5459e23c794e	-6.05	37.479722							2003-06-06	6	6	2003	6086770	7340439	PRESERVED_SPECIMEN	NHMD	AV	NHMD124984				CC_BY_4_0		Kiure, Jacob			2026-03-18T07:45:58.198Z		COORDINATE_ROUNDED
4164078461	e5c5cad9-b987-4bb4-b07b-85488c5fdd80	84392196-3cc6-46ab-9d0d-3928993a710b	Animalia	Chordata	Aves	Passeriformes	Pycnonotidae	Arizelocichla	Arizelocichla masukuensis	roehli	SUBSPECIES	Arizelocichla masukuensis roehli (Reichenow, 1905)			TZ	Nguru South Forest Reserve		PRESENT		2e7df380-8356-4533-bcb3-5459e23c794e	-6.05	37.479722							2004-10-07	7	10	2004	6086770	7340439	PRESERVED_SPECIMEN	NHMD	AV	NHMD124961				CC_BY_4_0		Kiure, Jacob			2026-03-18T07:45:58.192Z		COORDINATE_ROUNDED
4164078450	e5c5cad9-b987-4bb4-b07b-85488c5fdd80	ab79c487-d62e-41f2-a03a-f46e3f42074c	Animalia	Chordata	Aves	Passeriformes	Pycnonotidae	Arizelocichla	Arizelocichla masukuensis	roehli	SUBSPECIES	Arizelocichla masukuensis roehli (Reichenow, 1905)			TZ	Kilindi Forest Reserve		PRESENT		2e7df380-8356-4533-bcb3-5459e23c794e	-5.57	37.569722							2005-05-14	14	5	2005	6086770	7340439	PRESERVED_SPECIMEN	NHMD	AV	NHMD124942				CC_BY_4_0		Kiure, Jacob			2026-03-18T07:45:44.293Z		COORDINATE_ROUNDED
4164078433	e5c5cad9-b987-4bb4-b07b-85488c5fdd80	95f5a67f-fb43-43bf-9553-463485fcaa03	Animalia	Chordata	Aves	Passeriformes	Pycnonotidae	Eurillas	Eurillas virens		SPECIES	Eurillas virens (Cassin, 1857)			TZ	Ukami Forest		PRESENT		2e7df380-8356-4533-bcb3-5459e23c794e	-7.88	36.419722							2003-03-07	7	3	2003	7340348	7340348	PRESERVED_SPECIMEN	NHMD	AV	NHMD133236				CC_BY_4_0		Kiure, Jacob			2026-03-18T07:45:41.393Z		COORDINATE_ROUNDED
4164078426	e5c5cad9-b987-4bb4-b07b-85488c5fdd80	0d3897ee-d0a6-4f62-9085-fd68528f0935	Animalia	Chordata	Aves	Passeriformes	Pycnonotidae	Arizelocichla	Arizelocichla masukuensis	roehli	SUBSPECIES	Arizelocichla masukuensis roehli (Reichenow, 1905)			TZ	Mt. Kanga Forest Reserve		PRESENT		2e7df380-8356-4533-bcb3-5459e23c794e	-6.0	37.7							2003-11-25	25	11	2003	6086770	7340439	PRESERVED_SPECIMEN	NHMD	AV	NHMD124989				CC_BY_4_0		Kiure, Jacob			2026-03-18T07:45:44.291Z		
4164078425	e5c5cad9-b987-4bb4-b07b-85488c5fdd80	e9cf16f9-70d9-4e45-a752-d05ab44da387	Animalia	Chordata	Aves	Passeriformes	Pycnonotidae	Arizelocichla	Arizelocichla masukuensis	roehli	SUBSPECIES	Arizelocichla masukuensis roehli (Reichenow, 1905)			TZ	Nguru South Forest Reserve		PRESENT		2e7df380-8356-4533-bcb3-5459e23c794e	-6.05	37.479722							2004-10-02	2	10	2004	6086770	7340439	PRESERVED_SPECIMEN	NHMD	AV	NHMD124964				CC_BY_4_0		Kiure, Jacob			2026-03-18T07:45:58.189Z		COORDINATE_ROUNDED
4164078420	e5c5cad9-b987-4bb4-b07b-85488c5fdd80	fe5f07c8-d885-4e74-934e-d8108cafdf17	Animalia	Chordata	Aves	Passeriformes	Pycnonotidae	Arizelocichla	Arizelocichla masukuensis	roehli	SUBSPECIES	Arizelocichla masukuensis roehli (Reichenow, 1905)			TZ	Mt. Kanga Forest Reserve		PRESENT		2e7df380-8356-4533-bcb3-5459e23c794e	-6.0	37.7							2003-11-25	25	11	2003	6086770	7340439	PRESERVED_SPECIMEN	NHMD	AV	NHMD124981				CC_BY_4_0		Kiure, Jacob			2026-03-18T07:45:58.188Z		
4164078347	e5c5cad9-b987-4bb4-b07b-85488c5fdd80	dfeea7bc-ea87-4d2e-a20d-badb3f46e780	Animalia	Chordata	Aves	Passeriformes	Pycnonotidae	Phyllastrephus	Phyllastrephus fischeri		SPECIES	Phyllastrephus fischeri (Reichenow, 1879)			TZ	Chita Forest Reserve		PRESENT		2e7df380-8356-4533-bcb3-5459e23c794e	-8.5	35.919722							1984-11-04	4	11	1984	2486097	2486097	PRESERVED_SPECIMEN	NHMD	AV	NHMD124843				CC_BY_4_0		Jensen, Flemming			2026-03-18T07:45:44.282Z		COORDINATE_ROUNDED
4164078334	e5c5cad9-b987-4bb4-b07b-85488c5fdd80	f3c75cdc-3c2d-4ff1-98a3-5de132f70022	Animalia	Chordata	Aves	Passeriformes	Pycnonotidae	Arizelocichla	Arizelocichla masukuensis	roehli	SUBSPECIES	Arizelocichla masukuensis roehli (Reichenow, 1905)			TZ	Nguru South Forest Reserve		PRESENT		2e7df380-8356-4533-bcb3-5459e23c794e	-6.2	37.516667							2005-03-18	18	3	2005	6086770	7340439	PRESERVED_SPECIMEN	NHMD	AV	NHMD129750				CC_BY_4_0		Kiure, Jacob			2026-03-18T07:45:44.281Z		COORDINATE_ROUNDED
4164078327	e5c5cad9-b987-4bb4-b07b-85488c5fdd80	60528cfc-6769-454f-972b-09a33eab1cc1	Animalia	Chordata	Aves	Passeriformes	Pycnonotidae	Arizelocichla	Arizelocichla fusciceps		SPECIES	Arizelocichla fusciceps (Shelley, 1893)			TZ	Ndundulu Forest	Iringa Region	PRESENT		2e7df380-8356-4533-bcb3-5459e23c794e	-7.8	36.5							2007-02-19	19	2	2007	6100812	6100812	PRESERVED_SPECIMEN	NHMD	AV	NHMD129213				CC_BY_4_0		Kiure, Jacob			2026-03-18T07:45:58.172Z		TAXON_MATCH_HIGHERRANK
4164078274	e5c5cad9-b987-4bb4-b07b-85488c5fdd80	7a3893da-dcaa-44fe-a338-4522c16ac54c	Animalia	Chordata	Aves	Passeriformes	Pycnonotidae	Arizelocichla	Arizelocichla fusciceps		SPECIES	Arizelocichla fusciceps (Shelley, 1893)			TZ	Mafwemiro Forest		PRESENT		2e7df380-8356-4533-bcb3-5459e23c794e	-6.829722	36.569722							2002-12-01	1	12	2002	6100812	6100812	PRESERVED_SPECIMEN	NHMD	AV	NHMD122801				CC_BY_4_0		Fjeldså, Jon			2026-03-18T07:45:58.163Z		COORDINATE_ROUNDED;TAXON_MATCH_HIGHERRANK
4164078240	e5c5cad9-b987-4bb4-b07b-85488c5fdd80	a79f0f3f-c385-4b12-a455-32af6022533b	Animalia	Chordata	Aves	Passeriformes	Pycnonotidae	Pycnonotus	Pycnonotus barbatus	tricolor	SUBSPECIES	Pycnonotus barbatus tricolor			CD	Lwiro		PRESENT		2e7df380-8356-4533-bcb3-5459e23c794e	-2.237222	28.791667							2001-05-28	28	5	2001	6542538	2486147	PRESERVED_SPECIMEN	NHMD	AV	NHMD122610				CC_BY_4_0		Kizungu, B.			2026-03-18T07:45:46.326Z		COORDINATE_ROUNDED
4164078217	e5c5cad9-b987-4bb4-b07b-85488c5fdd80	e254de9c-5d55-4bcc-996e-eadd7c420e8c	Animalia	Chordata	Aves	Passeriformes	Pycnonotidae	Arizelocichla	Arizelocichla masukuensis	roehli	SUBSPECIES	Arizelocichla masukuensis roehli (Reichenow, 1905)			TZ	Nguru South Forest Reserve		PRESENT		2e7df380-8356-4533-bcb3-5459e23c794e	-6.05	37.479722							2005-03-24	24	3	2005	6086770	7340439	PRESERVED_SPECIMEN	NHMD	AV	NHMD124932				CC_BY_4_0		Kiure, Jacob			2026-03-18T07:45:44.268Z		COORDINATE_ROUNDED
4164078201	e5c5cad9-b987-4bb4-b07b-85488c5fdd80	96aa177f-dbb0-4a2b-9ea7-438cf5b8fc90	Animalia	Chordata	Aves	Passeriformes	Pycnonotidae	Arizelocichla	Arizelocichla milanjensis	striifacies	SUBSPECIES	Arizelocichla milanjensis striifacies			TZ	Nguru South Forest Reserve		PRESENT		2e7df380-8356-4533-bcb3-5459e23c794e	-6.05	37.479722							2005-03-18	18	3	2005	6540503	7340424	PRESERVED_SPECIMEN	NHMD	AV	NHMD126349				CC_BY_4_0		Kiure, Jacob			2026-03-18T07:45:44.265Z		COORDINATE_ROUNDED
4164078194	e5c5cad9-b987-4bb4-b07b-85488c5fdd80	1504b894-8778-4ee0-9401-cbcccb7a387d	Animalia	Chordata	Aves	Passeriformes	Pycnonotidae	Phyllastrephus	Phyllastrephus poensis		SPECIES	Phyllastrephus poensis Alexander, 1903			NG	Obudu Plateau		PRESENT		2e7df380-8356-4533-bcb3-5459e23c794e	6.470008	9.345339							1959-01-06	6	1	1959	2486083	2486083	PRESERVED_SPECIMEN	NHMD	AV	NHMD137541				CC_BY_4_0		Volsøe, Helge			2026-03-18T07:45:44.265Z		COORDINATE_ROUNDED
4164078183	e5c5cad9-b987-4bb4-b07b-85488c5fdd80	2e0adb38-d54c-45e1-8a43-24233a99ebe6	Animalia	Chordata	Aves	Passeriformes	Pycnonotidae	Phyllastrephus	Phyllastrephus fischeri		SPECIES	Phyllastrephus fischeri (Reichenow, 1879)			TZ	West of Ruipa river		PRESENT		2e7df380-8356-4533-bcb3-5459e23c794e	-8.119722	36.33							1994-11-22	22	11	1994	2486097	2486097	PRESERVED_SPECIMEN	NHMD	AV	NHMD121826				CC_BY_4_0		Fjeldså, Jon			2026-03-18T07:45:41.358Z		COORDINATE_ROUNDED
4164078130	e5c5cad9-b987-4bb4-b07b-85488c5fdd80	6c5b41ca-de5f-468e-9d7e-ef4d02022e7c	Animalia	Chordata	Aves	Passeriformes	Pycnonotidae	Arizelocichla	Arizelocichla fusciceps		SPECIES	Arizelocichla fusciceps (Shelley, 1893)			TZ	Mdandu Forest Reserve	Njombe Region	PRESENT		2e7df380-8356-4533-bcb3-5459e23c794e	-9.583333	34.833333							2003-11-12	12	11	2003	6100812	6100812	PRESERVED_SPECIMEN	NHMD	AV	NHMD129693				CC_BY_4_0		Kiure, Jacob			2026-03-18T07:45:58.149Z		COORDINATE_ROUNDED;TAXON_MATCH_HIGHERRANK
4164078113	e5c5cad9-b987-4bb4-b07b-85488c5fdd80	fe806a85-6664-46d6-83f9-40a2837423e0	Animalia	Chordata	Aves	Passeriformes	Pycnonotidae	Phyllastrephus	Phyllastrephus cabanisi	cabanisi	SUBSPECIES	Phyllastrephus cabanisi cabanisi (Sharpe, 1882)			TZ	Mahale Mts.		PRESENT		2e7df380-8356-4533-bcb3-5459e23c794e	-6.199722	29.829722							2004-08-15	15	8	2004	7340319	2486087	PRESERVED_SPECIMEN	NHMD	AV	NHMD124847				CC_BY_4_0		Kiure, Jacob			2026-03-18T07:45:44.257Z	StillImage	COORDINATE_ROUNDED
4164078101	e5c5cad9-b987-4bb4-b07b-85488c5fdd80	cecd266e-b81b-43ed-9227-a8ef00e59d69	Animalia	Chordata	Aves	Passeriformes	Pycnonotidae	Hypsipetes	Hypsipetes everetti	everetti	SUBSPECIES	Hypsipetes everetti everetti (Tweeddale, 1877)			PH	Agay	Mindanao	PRESENT		2e7df380-8356-4533-bcb3-5459e23c794e	9.051667	125.585833							1952-01-10	10	1	1952	7342047	7342046	PRESERVED_SPECIMEN	NHMD	AV	NHMD134287				CC_BY_4_0					2026-03-18T07:45:46.316Z		COORDINATE_ROUNDED
4164078085	e5c5cad9-b987-4bb4-b07b-85488c5fdd80	93c42a37-5d31-4981-a118-30cb97482692	Animalia	Chordata	Aves	Passeriformes	Pycnonotidae	Chlorocichla	Chlorocichla flaviventris	centralis	SUBSPECIES	Chlorocichla flaviventris centralis Reichenow, 1887			TZ	Ndundulu Forest	Iringa Region	PRESENT		2e7df380-8356-4533-bcb3-5459e23c794e	-7.8	36.5							2007-08-25	25	8	2007	6086621	2486173	PRESERVED_SPECIMEN	NHMD	AV	NHMD129164				CC_BY_4_0		Kiure, Jacob			2026-03-18T07:45:41.342Z		
4164078083	e5c5cad9-b987-4bb4-b07b-85488c5fdd80	d0f49689-59a7-4ea9-ab6f-640f08921752	Animalia	Chordata	Aves	Passeriformes	Pycnonotidae	Phyllastrephus	Phyllastrephus cabanisi	placidus	SUBSPECIES	Phyllastrephus cabanisi placidus			TZ	Poroto Mts FR		PRESENT		2e7df380-8356-4533-bcb3-5459e23c794e	-9.016944	33.75							2009-01-03	3	1	2009	6540392	2486087	PRESERVED_SPECIMEN	NHMD	AV	NHMD126839				CC_BY_4_0		Kiure, Jacob			2026-03-18T07:45:46.312Z		COORDINATE_ROUNDED
4164078065	e5c5cad9-b987-4bb4-b07b-85488c5fdd80	48e977f9-5371-4bbe-bd07-1489abca99db	Animalia	Chordata	Aves	Passeriformes	Pycnonotidae	Phyllastrephus	Phyllastrephus flavostriatus	tenuirostris	SUBSPECIES	Phyllastrephus flavostriatus tenuirostris (Fischer & Reichenow, 1884)			TZ	Nguru South Forest Reserve		PRESENT		2e7df380-8356-4533-bcb3-5459e23c794e	-6.05	37.479722							2004-10-13	13	10	2004	6086107	2486089	PRESERVED_SPECIMEN	NHMD	AV	NHMD123783				CC_BY_4_0		Kiure, Jacob			2026-03-18T07:45:41.340Z		COORDINATE_ROUNDED
4164078035	e5c5cad9-b987-4bb4-b07b-85488c5fdd80	dccd0c63-898d-40ec-9476-1da25a152397	Animalia	Chordata	Aves	Passeriformes	Pycnonotidae	Phyllastrephus	Phyllastrephus cabanisi	cabanisi	SUBSPECIES	Phyllastrephus cabanisi cabanisi (Sharpe, 1882)			TZ	Mt Rungwe Forest Reserve		PRESENT		2e7df380-8356-4533-bcb3-5459e23c794e	-9.13	33.669722							1980-08-24	24	8	1980	7340319	2486087	PRESERVED_SPECIMEN	NHMD	AV	NHMD124823				CC_BY_4_0		Jensen, Flemming			2026-03-18T07:45:58.140Z		COORDINATE_ROUNDED
4164078027	e5c5cad9-b987-4bb4-b07b-85488c5fdd80	5fe1dafa-beda-4a72-95e4-d45c0245a4c3	Animalia	Chordata	Aves	Passeriformes	Pycnonotidae	Arizelocichla	Arizelocichla fusciceps		SPECIES	Arizelocichla fusciceps (Shelley, 1893)			TZ	Mdandu Forest Reserve		PRESENT		2e7df380-8356-4533-bcb3-5459e23c794e	-9.579722	34.83							2003-11-09	9	11	2003	6100812	6100812	PRESERVED_SPECIMEN	NHMD	AV	NHMD123824				CC_BY_4_0		Kiure, Jacob			2026-03-18T07:45:41.332Z		COORDINATE_ROUNDED;TAXON_MATCH_HIGHERRANK
4164077970	e5c5cad9-b987-4bb4-b07b-85488c5fdd80	52e9b0e0-2081-47b8-ad7a-a15759198c08	Animalia	Chordata	Aves	Passeriformes	Pycnonotidae	Phyllastrephus	Phyllastrephus cabanisi	placidus	SUBSPECIES	Phyllastrephus cabanisi placidus			TZ	Lossongonoi Plateau		PRESENT		2e7df380-8356-4533-bcb3-5459e23c794e	-4.059722	37.13							2006-08-13	13	8	2006	6540392	2486087	PRESERVED_SPECIMEN	NHMD	AV	NHMD124898				CC_BY_4_0		Kiure, Jacob			2026-03-18T07:45:58.136Z		COORDINATE_ROUNDED
4164077934	e5c5cad9-b987-4bb4-b07b-85488c5fdd80	7dd617b1-b2d5-4224-925c-772aaff94486	Animalia	Chordata	Aves	Passeriformes	Pycnonotidae	Phyllastrephus	Phyllastrephus flavostriatus	uzungwensis	SUBSPECIES	Phyllastrephus flavostriatus uzungwensis Jensen & Stuart, 1982			TZ	Ndundulu Forest	Iringa Region	PRESENT		2e7df380-8356-4533-bcb3-5459e23c794e	-7.8	36.5							2006-12-24	24	12	2006	6086093	2486089	PRESERVED_SPECIMEN	NHMD	AV	NHMD129168				CC_BY_4_0		Kiure, Jacob			2026-03-18T07:45:44.236Z		
4164077919	e5c5cad9-b987-4bb4-b07b-85488c5fdd80	1a4aa311-9f56-483e-a1d5-5d0a728da13f	Animalia	Chordata	Aves	Passeriformes	Pycnonotidae	Hypsipetes	Hypsipetes philippinus	saturatior	SUBSPECIES	Hypsipetes philippinus saturatior (Hartert, 1916)			PH	Tuod	Mindanao	PRESENT		2e7df380-8356-4533-bcb3-5459e23c794e	8.343889	124.359444							1951-09-20	20	9	1951	6093854	7342036	PRESERVED_SPECIMEN	NHMD	AV	NHMD134281				CC_BY_4_0					2026-03-18T07:45:46.293Z		COORDINATE_ROUNDED
4164077899	e5c5cad9-b987-4bb4-b07b-85488c5fdd80	bcc4d9f9-5d49-4d7b-b764-6a077292eef9	Animalia	Chordata	Aves	Passeriformes	Pycnonotidae	Phyllastrephus	Phyllastrephus flavostriatus	uzungwensis	SUBSPECIES	Phyllastrephus flavostriatus uzungwensis Jensen & Stuart, 1982			TZ	Chita Forest Reserve		PRESENT		2e7df380-8356-4533-bcb3-5459e23c794e	-8.5	35.919722							1984-10-30	30	10	1984	6086093	2486089	PRESERVED_SPECIMEN	NHMD	AV	NHMD123760				CC_BY_4_0		Jensen, Flemming			2026-03-18T07:45:41.304Z		COORDINATE_ROUNDED
4164077895	e5c5cad9-b987-4bb4-b07b-85488c5fdd80	bf53c852-ec9a-45be-b5a3-2992fa1fcf59	Animalia	Chordata	Aves	Passeriformes	Pycnonotidae	Arizelocichla	Arizelocichla milanjensis		SPECIES	Arizelocichla milanjensis (Shelley, 1894)			TZ	Ukami Forest		PRESENT		2e7df380-8356-4533-bcb3-5459e23c794e	-7.88	36.419722							2003-03-01	1	3	2003	7340424	7340424	PRESERVED_SPECIMEN	NHMD	AV	NHMD133233				CC_BY_4_0		Kiure, Jacob			2026-03-18T07:45:44.234Z		COORDINATE_ROUNDED
4164077887	e5c5cad9-b987-4bb4-b07b-85488c5fdd80	7a20ef65-a7bb-45f2-abfa-91934eb1d98d	Animalia	Chordata	Aves	Passeriformes	Pycnonotidae	Arizelocichla	Arizelocichla fusciceps		SPECIES	Arizelocichla fusciceps (Shelley, 1893)			TZ	Ijogo FR		PRESENT		2e7df380-8356-4533-bcb3-5459e23c794e									2010-01-12	12	1	2010	6100812	6100812	PRESERVED_SPECIMEN	NHMD	AV	NHMD128924				CC_BY_4_0		Kiure, Jacob			2026-03-18T07:45:46.291Z		TAXON_MATCH_HIGHERRANK
4164077879	e5c5cad9-b987-4bb4-b07b-85488c5fdd80	df883a33-3e59-4cca-9fb1-68b0f891ab71	Animalia	Chordata	Aves	Passeriformes	Pycnonotidae	Hypsipetes	Hypsipetes everetti	everetti	SUBSPECIES	Hypsipetes everetti everetti (Tweeddale, 1877)			PH	Agay	Mindanao	PRESENT		2e7df380-8356-4533-bcb3-5459e23c794e	9.051667	125.585833							1952-01-10	10	1	1952	7342047	7342046	PRESERVED_SPECIMEN	NHMD	AV	NHMD134284				CC_BY_4_0					2026-03-18T07:45:58.129Z		COORDINATE_ROUNDED
4164077866	e5c5cad9-b987-4bb4-b07b-85488c5fdd80	b7a64820-73e8-4448-b7c1-01f075d1d106	Animalia	Chordata	Aves	Passeriformes	Pycnonotidae	Hypsipetes	Hypsipetes everetti	haynaldi	SUBSPECIES	Hypsipetes everetti haynaldi (W.Blasius, 1890)			PH	Tarawakan, Tawi Tawi Isl.	Autonomous Region in Muslim Mindanao	PRESENT		2e7df380-8356-4533-bcb3-5459e23c794e	5.106217	119.863425							1961-10-20	20	10	1961	6093912	7342046	PRESERVED_SPECIMEN	NHMD	AV	NHMD135887				CC_BY_4_0		Petersen, Erik;Andersen, Søren;Oaney, William			2026-03-18T07:45:46.289Z		COORDINATE_ROUNDED
4164077860	e5c5cad9-b987-4bb4-b07b-85488c5fdd80	99d9c795-5549-44ad-9385-8bb5ac3e5630	Animalia	Chordata	Aves	Passeriformes	Pycnonotidae	Hypsipetes	Hypsipetes everetti	haynaldi	SUBSPECIES	Hypsipetes everetti haynaldi (W.Blasius, 1890)			PH	Tarawakan, Tawi Tawi Isl.	Autonomous Region in Muslim Mindanao	PRESENT		2e7df380-8356-4533-bcb3-5459e23c794e	5.106217	119.863425							1961-11-13	13	11	1961	6093912	7342046	PRESERVED_SPECIMEN	NHMD	AV	NHMD135882				CC_BY_4_0		Petersen, Erik;Andersen, Søren;Oaney, William			2026-03-18T07:45:58.128Z		COORDINATE_ROUNDED
4164077845	e5c5cad9-b987-4bb4-b07b-85488c5fdd80	a0646689-71cd-45fe-a79e-67f4683dcbaf	Animalia	Chordata	Aves	Passeriformes	Pycnonotidae	Phyllastrephus	Phyllastrephus cabanisi	placidus	SUBSPECIES	Phyllastrephus cabanisi placidus			TZ	Poroto Mts FR		PRESENT		2e7df380-8356-4533-bcb3-5459e23c794e	-9.016944	33.75							2008-12-26	26	12	2008	6540392	2486087	PRESERVED_SPECIMEN	NHMD	AV	NHMD126838				CC_BY_4_0		Kiure, Jacob			2026-03-18T07:45:58.126Z		COORDINATE_ROUNDED
4164077838	e5c5cad9-b987-4bb4-b07b-85488c5fdd80	76d29528-e894-4e3e-ac4c-9efbf8d3ac60	Animalia	Chordata	Aves	Passeriformes	Pycnonotidae	Arizelocichla	Arizelocichla masukuensis	roehli	SUBSPECIES	Arizelocichla masukuensis roehli (Reichenow, 1905)			TZ	Mt Kiboriani Forest Reserve		PRESENT		2e7df380-8356-4533-bcb3-5459e23c794e	-6.283333	36.483333							2004-01-29	29	1	2004	6086770	7340439	PRESERVED_SPECIMEN	NHMD	AV	NHMD129778				CC_BY_4_0		Kiure, Jacob			2026-03-18T07:45:44.226Z		COORDINATE_ROUNDED
4164077832	e5c5cad9-b987-4bb4-b07b-85488c5fdd80	6cfe9e7a-2e50-4806-ba9f-b03e86104b2f	Animalia	Chordata	Aves	Passeriformes	Pycnonotidae	Phyllastrephus	Phyllastrephus cerviniventris		SPECIES	Phyllastrephus cerviniventris Shelley, 1894			TZ	Matundo		PRESENT		2e7df380-8356-4533-bcb3-5459e23c794e	-8.05	36.33							1994-11-16	16	11	1994	2486105	2486105	PRESERVED_SPECIMEN	NHMD	AV	NHMD121828				CC_BY_4_0		Fjeldså, Jon			2026-03-18T07:45:41.295Z	StillImage	
4164077817	e5c5cad9-b987-4bb4-b07b-85488c5fdd80	2cb40ce4-7209-41cd-878c-40039178df9e	Animalia	Chordata	Aves	Passeriformes	Pycnonotidae	Eurillas	Eurillas virens	zombensis	SUBSPECIES	Eurillas virens zombensis (Shelley, 1894)			TZ	Udzungwa Mts.		PRESENT		2e7df380-8356-4533-bcb3-5459e23c794e	-8.52	35.869722							1994-10-13	13	10	1994	6086343	7340348	PRESERVED_SPECIMEN	NHMD	AV	NHMD125026				CC_BY_4_0		Rahner, Marcel			2026-03-18T07:45:46.285Z		COORDINATE_ROUNDED
4164077811	e5c5cad9-b987-4bb4-b07b-85488c5fdd80	7cf01e7a-2d1b-47b6-ada8-7d794b56936b	Animalia	Chordata	Aves	Passeriformes	Pycnonotidae	Phyllastrephus	Phyllastrephus flavostriatus	alfredi	SUBSPECIES	Phyllastrephus flavostriatus alfredi			TZ	Mbizi Forest Reserve		PRESENT		2e7df380-8356-4533-bcb3-5459e23c794e	-7.889722	31.68							2008-02-26	26	2	2008	6540367	2486089	PRESERVED_SPECIMEN	NHMD	AV	NHMD125798				CC_BY_4_0		Kiure, Jacob			2026-03-18T07:45:46.284Z		COORDINATE_ROUNDED
4164077782	e5c5cad9-b987-4bb4-b07b-85488c5fdd80	b7461dde-243f-4bd3-a616-4b819bce0af5	Animalia	Chordata	Aves	Passeriformes	Pycnonotidae	Pycnonotus	Pycnonotus goiavier	suluensis	SUBSPECIES	Pycnonotus goiavier suluensis Mearns, 1909			PH	Opol	Mindanao	PRESENT		2e7df380-8356-4533-bcb3-5459e23c794e	8.52	124.573333							1951-08-28	28	8	1951	6094616	2486144	PRESERVED_SPECIMEN	NHMD	AV	NHMD134233				CC_BY_4_0					2026-03-18T07:45:58.122Z		COORDINATE_ROUNDED
4164077776	e5c5cad9-b987-4bb4-b07b-85488c5fdd80	aff6e9e1-56ba-4386-8035-a62ee858dcad	Animalia	Chordata	Aves	Passeriformes	Pycnonotidae	Phyllastrephus	Phyllastrephus albigula		SPECIES	Phyllastrephus albigula (Grote, 1919)			TZ	Nguru South Forest Reserve		PRESENT		2e7df380-8356-4533-bcb3-5459e23c794e	-6.05	37.479722											6086037	6086037	PRESERVED_SPECIMEN	NHMD	AV	NHMD122917				CC_BY_4_0		Kiure, Jacob			2026-03-18T07:45:46.282Z		COORDINATE_ROUNDED
4164077768	e5c5cad9-b987-4bb4-b07b-85488c5fdd80	604ff13f-1933-4c2a-a6b3-a3101d0fbc5e	Animalia	Chordata	Aves	Passeriformes	Pycnonotidae	Phyllastrephus	Phyllastrephus cabanisi	placidus	SUBSPECIES	Phyllastrephus cabanisi placidus			TZ	Nguru South Forest Reserve	Morogoro Region	PRESENT		2e7df380-8356-4533-bcb3-5459e23c794e	-6.2	37.516667							2003-06-17	17	6	2003	6540392	2486087	PRESERVED_SPECIMEN	NHMD	AV	NHMD129672				CC_BY_4_0		Kiure, Jacob			2026-03-18T07:45:44.220Z		COORDINATE_ROUNDED
4164077748	e5c5cad9-b987-4bb4-b07b-85488c5fdd80	7d595b5f-b33c-47d8-b89f-efc40cd633cd	Animalia	Chordata	Aves	Passeriformes	Pycnonotidae	Thapsinillas	Thapsinillas affinis		SPECIES	Thapsinillas affinis (Hombron & Jacquinot, 1841)			ID	Gunung Sere above Tapaya Village		PRESENT		2e7df380-8356-4533-bcb3-5459e23c794e									2013-11-27	27	11	2013	6100816	6100816	PRESERVED_SPECIMEN	NHMD	AV	NHMD136336				CC_BY_4_0		Reeve, Andrew			2026-03-18T07:45:46.280Z		TAXON_MATCH_HIGHERRANK
4164077743	e5c5cad9-b987-4bb4-b07b-85488c5fdd80	303ef681-7aec-4da6-8f86-cbfe63bd131b	Animalia	Chordata	Aves	Passeriformes	Pycnonotidae	Arizelocichla	Arizelocichla masukuensis	roehli	SUBSPECIES	Arizelocichla masukuensis roehli (Reichenow, 1905)			TZ	Uluguru Mts.		PRESENT		2e7df380-8356-4533-bcb3-5459e23c794e	-7.0	39.666667							1961-02-01	1	2	1961	6086770	7340439	PRESERVED_SPECIMEN	NHMD	AV	NHMD120816				CC_BY_4_0		Andersen, Thorkild			2026-03-18T07:45:44.219Z		COORDINATE_ROUNDED;CONTINENT_COORDINATE_MISMATCH
4164077734	e5c5cad9-b987-4bb4-b07b-85488c5fdd80	d7ac8cc9-fec7-42fb-9e1d-484d51cedb0e	Animalia	Chordata	Aves	Passeriformes	Pycnonotidae	Phyllastrephus	Phyllastrephus flavostriatus	tenuirostris	SUBSPECIES	Phyllastrephus flavostriatus tenuirostris (Fischer & Reichenow, 1884)			TZ	Nguru South Forest Reserve		PRESENT		2e7df380-8356-4533-bcb3-5459e23c794e	-6.05	37.479722							2003-06-03	3	6	2003	6086107	2486089	PRESERVED_SPECIMEN	NHMD	AV	NHMD123794				CC_BY_4_0		Kiure, Jacob			2026-03-18T07:45:58.116Z		COORDINATE_ROUNDED
4164077726	e5c5cad9-b987-4bb4-b07b-85488c5fdd80	9c0c60fe-20cf-4693-81b1-ad93a80b4955	Animalia	Chordata	Aves	Passeriformes	Pycnonotidae	Eurillas	Eurillas latirostris	latirostris	SUBSPECIES	Eurillas latirostris latirostris (Strickland, 1844)			SS	Gilo		PRESENT		2e7df380-8356-4533-bcb3-5459e23c794e	4.0308	32.845325							1980-11-10	10	11	1980	6086380	7340356	PRESERVED_SPECIMEN	NHMD	AV	NHMD127302				CC_BY_4_0		Jensen, Flemming			2026-03-18T07:45:41.281Z		
4164077717	e5c5cad9-b987-4bb4-b07b-85488c5fdd80	babf8537-845a-401e-bf97-aa23c563ffdc	Animalia	Chordata	Aves	Passeriformes	Pycnonotidae	Arizelocichla	Arizelocichla milanjensis	striifacies	SUBSPECIES	Arizelocichla milanjensis striifacies			TZ	Uluguru Mts.		PRESENT		2e7df380-8356-4533-bcb3-5459e23c794e	-7.0	39.666667							1961-01-14	14	1	1961	6540503	7340424	PRESERVED_SPECIMEN	NHMD	AV	NHMD120879				CC_BY_4_0		Andersen, Thorkild			2026-03-18T07:45:41.281Z		COORDINATE_ROUNDED;CONTINENT_COORDINATE_MISMATCH
4164077716	e5c5cad9-b987-4bb4-b07b-85488c5fdd80	72d03823-58f5-4374-ae07-cbf9629f5c33	Animalia	Chordata	Aves	Passeriformes	Pycnonotidae	Arizelocichla	Arizelocichla masukuensis	roehli	SUBSPECIES	Arizelocichla masukuensis roehli (Reichenow, 1905)			TZ	Nguru South Forest Reserve		PRESENT		2e7df380-8356-4533-bcb3-5459e23c794e	-6.05	37.479722							2004-10-09	9	10	2004	6086770	7340439	PRESERVED_SPECIMEN	NHMD	AV	NHMD124965				CC_BY_4_0		Kiure, Jacob			2026-03-18T07:45:58.115Z		COORDINATE_ROUNDED
4164077715	e5c5cad9-b987-4bb4-b07b-85488c5fdd80	ae92c5b0-f75f-42f6-92e4-2d74c5eb6d9f	Animalia	Chordata	Aves	Passeriformes	Pycnonotidae	Pycnonotus	Pycnonotus barbatus		SPECIES	Pycnonotus barbatus (Desfontaines, 1789)			TZ	Mbizi Forest Reserve		PRESENT		2e7df380-8356-4533-bcb3-5459e23c794e	-7.889722	31.68							2008-03-05	5	3	2008	2486147	2486147	PRESERVED_SPECIMEN	NHMD	AV	NHMD125822				CC_BY_4_0		Kiure, Jacob			2026-03-18T07:45:44.217Z		COORDINATE_ROUNDED
4164077706	e5c5cad9-b987-4bb4-b07b-85488c5fdd80	3060e462-bf54-41aa-a5c6-7af9e02e2e9c	Animalia	Chordata	Aves	Passeriformes	Pycnonotidae	Arizelocichla	Arizelocichla fusciceps		SPECIES	Arizelocichla fusciceps (Shelley, 1893)			TZ	Ndundulu Forest	Iringa Region	PRESENT		2e7df380-8356-4533-bcb3-5459e23c794e	-7.8	36.5							2007-02-26	26	2	2007	6100812	6100812	PRESERVED_SPECIMEN	NHMD	AV	NHMD123861				CC_BY_4_0		Kiure, Jacob			2026-03-18T07:45:46.277Z		TAXON_MATCH_HIGHERRANK
4164077643	e5c5cad9-b987-4bb4-b07b-85488c5fdd80	05b8545d-940f-4765-b86e-438c081d6b56	Animalia	Chordata	Aves	Passeriformes	Pycnonotidae	Phyllastrephus	Phyllastrephus cabanisi	placidus	SUBSPECIES	Phyllastrephus cabanisi placidus			TZ	Lossongonoi Plateau		PRESENT		2e7df380-8356-4533-bcb3-5459e23c794e	-4.059722	37.13							2006-08-17	17	8	2006	6540392	2486087	PRESERVED_SPECIMEN	NHMD	AV	NHMD129601				CC_BY_4_0		Kiure, Jacob			2026-03-18T07:45:44.202Z		COORDINATE_ROUNDED
4164077617	e5c5cad9-b987-4bb4-b07b-85488c5fdd80	3c2caead-3a44-4aeb-a3ea-be7bc8d4d6c0	Animalia	Chordata	Aves	Passeriformes	Pycnonotidae	Phyllastrephus	Phyllastrephus cabanisi	placidus	SUBSPECIES	Phyllastrephus cabanisi placidus			TZ	Mafwemiro Forest		PRESENT		2e7df380-8356-4533-bcb3-5459e23c794e	-6.829722	36.569722							2002-11-25	25	11	2002	6540392	2486087	PRESERVED_SPECIMEN	NHMD	AV	NHMD122763				CC_BY_4_0		Kiure, Jacob			2026-03-18T07:45:46.267Z		COORDINATE_ROUNDED
4164077595	e5c5cad9-b987-4bb4-b07b-85488c5fdd80	ab3c5aff-2486-48d5-8645-19ba0484d047	Animalia	Chordata	Aves	Passeriformes	Pycnonotidae	Phyllastrephus	Phyllastrephus cabanisi	placidus	SUBSPECIES	Phyllastrephus cabanisi placidus			TZ	Kanga Forest Reserve		PRESENT		2e7df380-8356-4533-bcb3-5459e23c794e	-6.0	37.7							2003-11-24	24	11	2003	6540392	2486087	PRESERVED_SPECIMEN	NHMD	AV	NHMD126292				CC_BY_4_0		Kiure, Jacob			2026-03-18T07:45:44.198Z		
4164077594	e5c5cad9-b987-4bb4-b07b-85488c5fdd80	8858ab7b-82a9-46b6-8a1a-b0a887a3e62d	Animalia	Chordata	Aves	Passeriformes	Pycnonotidae	Arizelocichla	Arizelocichla masukuensis	roehli	SUBSPECIES	Arizelocichla masukuensis roehli (Reichenow, 1905)			TZ	Nguru South Forest Reserve		PRESENT		2e7df380-8356-4533-bcb3-5459e23c794e	-6.05	37.479722							2003-06-21	21	6	2003	6086770	7340439	PRESERVED_SPECIMEN	NHMD	AV	NHMD122872				CC_BY_4_0		Kiure, Jacob			2026-03-18T07:45:44.197Z		COORDINATE_ROUNDED
4164077593	e5c5cad9-b987-4bb4-b07b-85488c5fdd80	84e2aa01-be69-4f05-80fc-ea80b5484ad0	Animalia	Chordata	Aves	Passeriformes	Pycnonotidae	Pycnonotus	Pycnonotus urostictus	philippensis	SUBSPECIES	Poliolophus urostictus philippensis Hachisuka, 1934			PH	Tuod	Mindanao	PRESENT		2e7df380-8356-4533-bcb3-5459e23c794e	8.343889	124.359444							1951-09-17	17	9	1951	11027194	2486143	PRESERVED_SPECIMEN	NHMD	AV	NHMD134247				CC_BY_4_0					2026-03-18T07:45:44.198Z		COORDINATE_ROUNDED
4164077592	e5c5cad9-b987-4bb4-b07b-85488c5fdd80	f525ad1d-33c9-4f9e-a233-0d7225eb28ac	Animalia	Chordata	Aves	Passeriformes	Pycnonotidae	Acritillas	Acritillas indica		SPECIES	Acritillas indica (Jerdon, 1839)				Captivity		PRESENT		2e7df380-8356-4533-bcb3-5459e23c794e													6100817	6100817	PRESERVED_SPECIMEN	NHMD	AV	NHMD131817				CC_BY_4_0		Olesen, Erik			2026-03-18T07:45:41.262Z		
4164077587	e5c5cad9-b987-4bb4-b07b-85488c5fdd80	b5925ce7-ada7-49a1-b705-412a3da21ecf	Animalia	Chordata	Aves	Passeriformes	Pycnonotidae	Pycnonotus	Pycnonotus barbatus	tricolor	SUBSPECIES	Pycnonotus barbatus tricolor			TZ	Mt Kiboriani Forest Reserve		PRESENT		2e7df380-8356-4533-bcb3-5459e23c794e	-6.28	36.479722							2009-11-11	11	11	2009	6542538	2486147	PRESERVED_SPECIMEN	NHMD	AV	NHMD126830				CC_BY_4_0		Kiure, Jacob			2026-03-18T07:45:41.259Z		COORDINATE_ROUNDED
4164077586	e5c5cad9-b987-4bb4-b07b-85488c5fdd80	ea23dbd5-f886-4839-a1b2-4c3e39e211c6	Animalia	Chordata	Aves	Passeriformes	Pycnonotidae	Eurillas	Eurillas virens	zombensis	SUBSPECIES	Eurillas virens zombensis (Shelley, 1894)			TZ	Ndundulu Forest	Iringa Region	PRESENT		2e7df380-8356-4533-bcb3-5459e23c794e	-7.8	36.5							2006-12-30	30	12	2006	6086343	7340348	PRESERVED_SPECIMEN	NHMD	AV	NHMD129203				CC_BY_4_0		Kiure, Jacob			2026-03-18T07:45:41.258Z		
4164077585	e5c5cad9-b987-4bb4-b07b-85488c5fdd80	e0e81873-915b-4814-9bae-b0d00382ea53	Animalia	Chordata	Aves	Passeriformes	Pycnonotidae	Arizelocichla	Arizelocichla nigriceps	nigriceps	SUBSPECIES	Arizelocichla nigriceps nigriceps (Shelley, 1889)			TZ	Marang Forest Reserve		PRESENT		2e7df380-8356-4533-bcb3-5459e23c794e	-3.73	35.63							2004-04-01	1	4	2004	7340427	7340426	PRESERVED_SPECIMEN	NHMD	AV	NHMD123517				CC_BY_4_0		Kiure, Jacob			2026-03-18T07:45:46.264Z		
4164077584	e5c5cad9-b987-4bb4-b07b-85488c5fdd80	0a543661-db6d-4bed-b94b-f86ec3454e50	Animalia	Chordata	Aves	Passeriformes	Pycnonotidae	Phyllastrephus	Phyllastrephus cabanisi	placidus	SUBSPECIES	Phyllastrephus cabanisi placidus			TZ	Poroto Mts FR		PRESENT		2e7df380-8356-4533-bcb3-5459e23c794e	-9.016944	33.75							2008-12-19	19	12	2008	6540392	2486087	PRESERVED_SPECIMEN	NHMD	AV	NHMD126844				CC_BY_4_0		Kiure, Jacob			2026-03-18T07:45:46.264Z		COORDINATE_ROUNDED
4164077560	e5c5cad9-b987-4bb4-b07b-85488c5fdd80	769444ad-f5c7-4ef7-be03-a5759b255377	Animalia	Chordata	Aves	Passeriformes	Pycnonotidae	Arizelocichla	Arizelocichla nigriceps	nigriceps	SUBSPECIES	Arizelocichla nigriceps nigriceps (Shelley, 1889)			TZ	Marang Forest Reserve	Arusha Region	PRESENT		2e7df380-8356-4533-bcb3-5459e23c794e	-3.73	35.63							2004-03-28	28	3	2004	7340427	7340426	PRESERVED_SPECIMEN	NHMD	AV	NHMD123433				CC_BY_4_0		Kiure, Jacob			2026-03-18T07:45:44.195Z		
4164077539	e5c5cad9-b987-4bb4-b07b-85488c5fdd80	ee90c64a-f9b8-4c2d-a4af-730eaa91ec83	Animalia	Chordata	Aves	Passeriformes	Pycnonotidae	Phyllastrephus	Phyllastrephus flavostriatus	tenuirostris	SUBSPECIES	Phyllastrephus flavostriatus tenuirostris (Fischer & Reichenow, 1884)			TZ	Mt. Kanga Forest Reserve		PRESENT		2e7df380-8356-4533-bcb3-5459e23c794e	-6.0	37.7							2003-11-25	25	11	2003	6086107	2486089	PRESERVED_SPECIMEN	NHMD	AV	NHMD123774				CC_BY_4_0		Kiure, Jacob			2026-03-18T07:45:41.252Z		
4164077482	e5c5cad9-b987-4bb4-b07b-85488c5fdd80	764ff3ba-5d70-4554-8c80-a481c7cf5078	Animalia	Chordata	Aves	Passeriformes	Pycnonotidae	Arizelocichla	Arizelocichla milanjensis	striifacies	SUBSPECIES	Arizelocichla milanjensis striifacies			TZ	Ndundulu Forest	Iringa Region	PRESENT		2e7df380-8356-4533-bcb3-5459e23c794e	-7.8	36.5							2007-06-22	22	6	2007	6540503	7340424	PRESERVED_SPECIMEN	NHMD	AV	NHMD125064				CC_BY_4_0		Kiure, Jacob			2026-03-18T07:45:58.090Z		
4164077463	e5c5cad9-b987-4bb4-b07b-85488c5fdd80	d70005b8-7328-4980-9224-c06f3fa8f7d1	Animalia	Chordata	Aves	Passeriformes	Pycnonotidae	Eurillas	Eurillas virens	zombensis	SUBSPECIES	Eurillas virens zombensis (Shelley, 1894)			TZ	Ukami Forest		PRESENT		2e7df380-8356-4533-bcb3-5459e23c794e	-7.88	36.419722							2003-02-28	28	2	2003	6086343	7340348	PRESERVED_SPECIMEN	NHMD	AV	NHMD123015				CC_BY_4_0		Kiure, Jacob			2026-03-18T07:45:46.254Z		COORDINATE_ROUNDED
4164077431	e5c5cad9-b987-4bb4-b07b-85488c5fdd80	c81361ed-7d17-4751-81a6-8f3205fa1dae	Animalia	Chordata	Aves	Passeriformes	Pycnonotidae	Hypsipetes	Hypsipetes everetti	everetti	SUBSPECIES	Hypsipetes everetti everetti (Tweeddale, 1877)			PH	Agay	Mindanao	PRESENT		2e7df380-8356-4533-bcb3-5459e23c794e	9.051667	125.585833							1952-01-10	10	1	1952	7342047	7342046	PRESERVED_SPECIMEN	NHMD	AV	NHMD134285				CC_BY_4_0					2026-03-18T07:45:41.235Z		COORDINATE_ROUNDED
4164077387	e5c5cad9-b987-4bb4-b07b-85488c5fdd80	1942cef2-48e6-4755-adaa-c7e86bf3d265	Animalia	Chordata	Aves	Passeriformes	Pycnonotidae	Pycnonotus	Pycnonotus barbatus	layardi	SUBSPECIES	Pycnonotus barbatus layardi			TZ	Ndundulu Forest	Iringa Region	PRESENT		2e7df380-8356-4533-bcb3-5459e23c794e	-7.8	36.5							2007-07-24	24	7	2007	6094955	2486147	PRESERVED_SPECIMEN	NHMD	AV	NHMD125078				CC_BY_4_0		Kiure, Jacob			2026-03-18T07:45:41.227Z		
4164077380	e5c5cad9-b987-4bb4-b07b-85488c5fdd80	4b6b8604-e548-449d-98d0-e43afd0067fa	Animalia	Chordata	Aves	Passeriformes	Pycnonotidae	Arizelocichla	Arizelocichla fusciceps		SPECIES	Arizelocichla fusciceps (Shelley, 1893)			TZ	Maguli FR		PRESENT		2e7df380-8356-4533-bcb3-5459e23c794e	-9.493889	34.175833							2008-12-09	9	12	2008	6100812	6100812	PRESERVED_SPECIMEN	NHMD	AV	NHMD126858				CC_BY_4_0		Kiure, Jacob			2026-03-18T07:45:58.080Z		COORDINATE_ROUNDED;TAXON_MATCH_HIGHERRANK
4164077328	e5c5cad9-b987-4bb4-b07b-85488c5fdd80	558e031f-f339-4710-9e00-4b5f81fd008c	Animalia	Chordata	Aves	Passeriformes	Pycnonotidae	Arizelocichla	Arizelocichla fusciceps		SPECIES	Arizelocichla fusciceps (Shelley, 1893)			TZ	Ndundulu Forest	Iringa Region	PRESENT		2e7df380-8356-4533-bcb3-5459e23c794e	-7.8	36.5							2007-03-23	23	3	2007	6100812	6100812	PRESERVED_SPECIMEN	NHMD	AV	NHMD123841				CC_BY_4_0		Kiure, Jacob			2026-03-18T07:45:46.238Z		TAXON_MATCH_HIGHERRANK
4164077320	e5c5cad9-b987-4bb4-b07b-85488c5fdd80	944adac8-708f-40d1-b52d-72963578f430	Animalia	Chordata	Aves	Passeriformes	Pycnonotidae	Alophoixus	Alophoixus frater		SPECIES	Alophoixus frater (Sharpe, 1877)			PH	Pinigisan, Mt. Mantalingajan	Mimaropa	PRESENT		2e7df380-8356-4533-bcb3-5459e23c794e	8.613686	117.702725							1961-09-17	17	9	1961	6094308	6094308	PRESERVED_SPECIMEN	NHMD	AV	NHMD136167				CC_BY_4_0		Petersen, Erik;Andersen, Søren;Oaney, William			2026-03-18T07:45:44.164Z		COORDINATE_ROUNDED;CONTINENT_COORDINATE_MISMATCH
4164077306	e5c5cad9-b987-4bb4-b07b-85488c5fdd80	5766d705-7518-474c-90c0-f456434a7431	Animalia	Chordata	Aves	Passeriformes	Pycnonotidae	Pycnonotus	Pycnonotus atriceps		SPECIES	Brachypodius atriceps (Temminck, 1822)			PH	Pinigisan, Mt. Mantalingajan	Mimaropa	PRESENT		2e7df380-8356-4533-bcb3-5459e23c794e	8.613686	117.702725							1961-09-16	16	9	1961	10988392	2486134	PRESERVED_SPECIMEN	NHMD	AV	NHMD136150				CC_BY_4_0		Petersen, Erik;Andersen, Søren;Oaney, William			2026-03-18T07:45:44.158Z		COORDINATE_ROUNDED;CONTINENT_COORDINATE_MISMATCH;TAXON_MATCH_HIGHERRANK
4164077290	e5c5cad9-b987-4bb4-b07b-85488c5fdd80	b149a70b-8886-4b63-95b9-75cde051ac5b	Animalia	Chordata	Aves	Passeriformes	Pycnonotidae	Arizelocichla	Arizelocichla fusciceps		SPECIES	Arizelocichla fusciceps (Shelley, 1893)			TZ	Ndundulu Forest	Iringa Region	PRESENT		2e7df380-8356-4533-bcb3-5459e23c794e	-7.8	36.5							2007-03-08	8	3	2007	6100812	6100812	PRESERVED_SPECIMEN	NHMD	AV	NHMD123859				CC_BY_4_0		Kiure, Jacob			2026-03-18T07:45:41.215Z		TAXON_MATCH_HIGHERRANK
4164077286	e5c5cad9-b987-4bb4-b07b-85488c5fdd80	cc2c7390-fb28-410b-90f8-c72aa88179fd	Animalia	Chordata	Aves	Passeriformes	Pycnonotidae	Pycnonotus	Pycnonotus barbatus	tricolor	SUBSPECIES	Pycnonotus barbatus tricolor			NG	Igbetti	Oyo State	PRESENT		2e7df380-8356-4533-bcb3-5459e23c794e	9.636667	4.138625							1958-10-03	3	10	1958	6542538	2486147	PRESERVED_SPECIMEN	NHMD	AV	NHMD137539				CC_BY_4_0		Volsøe, Helge			2026-03-18T07:45:41.214Z		COORDINATE_ROUNDED
4164077277	e5c5cad9-b987-4bb4-b07b-85488c5fdd80	68342747-92c3-4761-916c-2fbcbcd9b25d	Animalia	Chordata	Aves	Passeriformes	Pycnonotidae	Arizelocichla	Arizelocichla fusciceps		SPECIES	Arizelocichla fusciceps (Shelley, 1893)			TZ	Uluguru Mts.		PRESENT		2e7df380-8356-4533-bcb3-5459e23c794e	-7.0	39.666667							1961-01-12	12	1	1961	6100812	6100812	PRESERVED_SPECIMEN	NHMD	AV	NHMD120836				CC_BY_4_0		Andersen, Thorkild			2026-03-18T07:45:44.156Z		COORDINATE_ROUNDED;CONTINENT_COORDINATE_MISMATCH;TAXON_MATCH_HIGHERRANK
4164077256	e5c5cad9-b987-4bb4-b07b-85488c5fdd80	c56e79f2-1b5d-4896-bb17-4b40888ced3f	Animalia	Chordata	Aves	Passeriformes	Pycnonotidae	Arizelocichla	Arizelocichla milanjensis	striifacies	SUBSPECIES	Arizelocichla milanjensis striifacies			TZ	West Kilombero Forest Reserve		PRESENT		2e7df380-8356-4533-bcb3-5459e23c794e	-8.029722	36.349722							1991			1991	6540503	7340424	PRESERVED_SPECIMEN	NHMD	AV	NHMD121788				CC_BY_4_0		Hansen, Louis André			2026-03-18T07:45:41.209Z		COORDINATE_ROUNDED
4164077232	e5c5cad9-b987-4bb4-b07b-85488c5fdd80	1d321dd0-4989-4080-b14f-e8b466217a31	Animalia	Chordata	Aves	Passeriformes	Pycnonotidae	Eurillas	Eurillas virens	virens	SUBSPECIES	Eurillas virens virens (Cassin, 1857)			TZ	Mahale Mts.	Kigoma Region	PRESENT		2e7df380-8356-4533-bcb3-5459e23c794e	-6.166667	29.75							2004-08-19	19	8	2004	7340349	7340348	PRESERVED_SPECIMEN	NHMD	AV	NHMD129706				CC_BY_4_0		Kiure, Jacob			2026-03-18T07:45:46.230Z		COORDINATE_ROUNDED
4164077217	e5c5cad9-b987-4bb4-b07b-85488c5fdd80	4a3fb752-9150-4576-8312-3c726c8cb213	Animalia	Chordata	Aves	Passeriformes	Pycnonotidae	Phyllastrephus	Phyllastrephus cabanisi	placidus	SUBSPECIES	Phyllastrephus cabanisi placidus			TZ	Mt. Kilimanjaro		PRESENT		2e7df380-8356-4533-bcb3-5459e23c794e									1967-06-15	15	6	1967	6540392	2486087	PRESERVED_SPECIMEN	NHMD	AV	NHMD124832				CC_BY_4_0		Salanti, M.			2026-03-18T07:45:58.061Z		
4164077203	e5c5cad9-b987-4bb4-b07b-85488c5fdd80	684321ca-5ed1-4989-964a-7c3aed05b58d	Animalia	Chordata	Aves	Passeriformes	Pycnonotidae	Arizelocichla	Arizelocichla masukuensis		SPECIES	Arizelocichla masukuensis (Shelley, 1897)			TZ	Maguli FR		PRESENT		2e7df380-8356-4533-bcb3-5459e23c794e	-9.493889	34.175833							2008-12-11	11	12	2008	7340439	7340439	PRESERVED_SPECIMEN	NHMD	AV	NHMD126847				CC_BY_4_0		Kiure, Jacob			2026-03-18T07:45:41.203Z		COORDINATE_ROUNDED;TAXON_MATCH_HIGHERRANK
4164077201	e5c5cad9-b987-4bb4-b07b-85488c5fdd80	39061d4b-e488-4afc-9f97-5015d8a4ca21	Animalia	Chordata	Aves	Passeriformes	Pycnonotidae	Eurillas	Eurillas virens	virens	SUBSPECIES	Eurillas virens virens (Cassin, 1857)			TZ	Minziro		PRESENT		2e7df380-8356-4533-bcb3-5459e23c794e	-1.0	31.579722							1953-12-23	23	12	1953	7340349	7340348	PRESERVED_SPECIMEN	NHMD	AV	NHMD120852				CC_BY_4_0		Andersen, Thorkild			2026-03-18T07:45:58.060Z		COORDINATE_ROUNDED
4164077194	e5c5cad9-b987-4bb4-b07b-85488c5fdd80	ea268884-13a1-4e09-ad8b-51bffe9579d7	Animalia	Chordata	Aves	Passeriformes	Pycnonotidae	Phyllastrephus	Phyllastrephus icterinus		SPECIES	Phyllastrephus icterinus (Bonaparte, 1850)			NG	Osomba	Cross River State	PRESENT		2e7df380-8356-4533-bcb3-5459e23c794e	5.45	8.63							1959-02-15	15	2	1959	2486106	2486106	PRESERVED_SPECIMEN	NHMD	AV	NHMD137532				CC_BY_4_0		Volsøe, Helge			2026-03-18T07:45:41.203Z		
4164077188	e5c5cad9-b987-4bb4-b07b-85488c5fdd80	ae7a7e26-399c-49d6-81d9-a3c16e92a658	Animalia	Chordata	Aves	Passeriformes	Pycnonotidae	Arizelocichla	Arizelocichla fusciceps		SPECIES	Arizelocichla fusciceps (Shelley, 1893)			TZ	Poroto Mts FR		PRESENT		2e7df380-8356-4533-bcb3-5459e23c794e	-9.016944	33.75							2009-01-04	4	1	2009	6100812	6100812	PRESERVED_SPECIMEN	NHMD	AV	NHMD126864				CC_BY_4_0		Kiure, Jacob			2026-03-18T07:45:41.200Z		COORDINATE_ROUNDED;TAXON_MATCH_HIGHERRANK
4164077181	e5c5cad9-b987-4bb4-b07b-85488c5fdd80	37a75405-6add-4c44-b99a-3dbbc6183b98	Animalia	Chordata	Aves	Passeriformes	Pycnonotidae	Arizelocichla	Arizelocichla masukuensis	roehli	SUBSPECIES	Arizelocichla masukuensis roehli (Reichenow, 1905)			TZ	Nguru South Forest Reserve		PRESENT		2e7df380-8356-4533-bcb3-5459e23c794e	-6.05	37.479722							2005-03-16	16	3	2005	6086770	7340439	PRESERVED_SPECIMEN	NHMD	AV	NHMD126338				CC_BY_4_0		Kiure, Jacob			2026-03-18T07:45:41.199Z		COORDINATE_ROUNDED
4164077158	e5c5cad9-b987-4bb4-b07b-85488c5fdd80	9426b3c0-7f02-4264-bc39-31af43c5acb8	Animalia	Chordata	Aves	Passeriformes	Pycnonotidae	Phyllastrephus	Phyllastrephus cabanisi	placidus	SUBSPECIES	Phyllastrephus cabanisi placidus			TZ	Ukami Forest		PRESENT		2e7df380-8356-4533-bcb3-5459e23c794e	-7.88	36.419722							2003			2003	6540392	2486087	PRESERVED_SPECIMEN	NHMD	AV	NHMD123025				CC_BY_4_0		Kiure, Jacob			2026-03-18T07:45:46.225Z		COORDINATE_ROUNDED
4164077155	e5c5cad9-b987-4bb4-b07b-85488c5fdd80	2c989fa5-c839-4101-8e72-3960a2946f9b	Animalia	Chordata	Aves	Passeriformes	Pycnonotidae	Chlorocichla	Chlorocichla flaviventris	centralis	SUBSPECIES	Chlorocichla flaviventris centralis Reichenow, 1887			TZ	Ukami Forest		PRESENT		2e7df380-8356-4533-bcb3-5459e23c794e	-7.88	36.419722							2003-03-19	19	3	2003	6086621	2486173	PRESERVED_SPECIMEN	NHMD	AV	NHMD125002				CC_BY_4_0		Kiure, Jacob			2026-03-18T07:45:44.145Z		COORDINATE_ROUNDED
4164077145	e5c5cad9-b987-4bb4-b07b-85488c5fdd80	3ced5dfb-46d0-4e37-b34b-f3630a0701fa	Animalia	Chordata	Aves	Passeriformes	Pycnonotidae	Pycnonotus	Pycnonotus barbatus	layardi	SUBSPECIES	Pycnonotus barbatus layardi			TZ	Mt. Kilimanjaro		PRESENT		2e7df380-8356-4533-bcb3-5459e23c794e									1967-03-06	6	3	1967	6094955	2486147	PRESERVED_SPECIMEN	NHMD	AV	NHMD119540				CC_BY_4_0		Salanti, M.			2026-03-18T07:45:46.224Z		
4164077134	e5c5cad9-b987-4bb4-b07b-85488c5fdd80	6f8a57bf-6633-4990-9122-a37a617d04c2	Animalia	Chordata	Aves	Passeriformes	Pycnonotidae	Phyllastrephus	Phyllastrephus cabanisi	placidus	SUBSPECIES	Phyllastrephus cabanisi placidus			TZ	Nguru South Forest Reserve	Morogoro Region	PRESENT		2e7df380-8356-4533-bcb3-5459e23c794e	-6.2	37.516667							2003-06-19	19	6	2003	6540392	2486087	PRESERVED_SPECIMEN	NHMD	AV	NHMD129675				CC_BY_4_0		Kiure, Jacob			2026-03-18T07:45:41.193Z		COORDINATE_ROUNDED
4164077073	e5c5cad9-b987-4bb4-b07b-85488c5fdd80	b8f1dc08-8e26-4bdc-8bef-f65ec4be41f8	Animalia	Chordata	Aves	Passeriformes	Pycnonotidae	Arizelocichla	Arizelocichla fusciceps		SPECIES	Arizelocichla fusciceps (Shelley, 1893)			TZ	Liwili Kitesa Forest Reserve		PRESENT		2e7df380-8356-4533-bcb3-5459e23c794e	-11.399722	34.9							2006-02-03	3	2	2006	6100812	6100812	PRESERVED_SPECIMEN	NHMD	AV	NHMD123834				CC_BY_4_0		Kiure, Jacob			2026-03-18T07:45:46.218Z		COORDINATE_ROUNDED;TAXON_MATCH_HIGHERRANK
4164077052	e5c5cad9-b987-4bb4-b07b-85488c5fdd80	15761a95-2d10-4f95-bd0c-2e8862c37906	Animalia	Chordata	Aves	Passeriformes	Pycnonotidae	Arizelocichla	Arizelocichla masukuensis	roehli	SUBSPECIES	Arizelocichla masukuensis roehli (Reichenow, 1905)			TZ	Mafwemiro Forest		PRESENT		2e7df380-8356-4533-bcb3-5459e23c794e	-6.829722	36.569722							2002-11-26	26	11	2002	6086770	7340439	PRESERVED_SPECIMEN	NHMD	AV	NHMD122769				CC_BY_4_0		Fjeldså, Jon			2026-03-18T07:45:46.216Z		COORDINATE_ROUNDED
4164076995	e5c5cad9-b987-4bb4-b07b-85488c5fdd80	f349d1b8-1225-4f55-a155-9a85be203f51	Animalia	Chordata	Aves	Passeriformes	Pycnonotidae	Phyllastrephus	Phyllastrephus albigula		SPECIES	Phyllastrephus albigula (Grote, 1919)			TZ	Nguru South Forest Reserve		PRESENT		2e7df380-8356-4533-bcb3-5459e23c794e	-6.05	37.479722							2003-06-19	19	6	2003	6086037	6086037	PRESERVED_SPECIMEN	NHMD	AV	NHMD124922				CC_BY_4_0		Kiure, Jacob			2026-03-18T07:45:41.170Z		COORDINATE_ROUNDED
4164076992	e5c5cad9-b987-4bb4-b07b-85488c5fdd80	9fe534ae-ce9c-4c68-8756-3867131fc031	Animalia	Chordata	Aves	Passeriformes	Pycnonotidae	Eurillas	Eurillas virens	zombensis	SUBSPECIES	Eurillas virens zombensis (Shelley, 1894)			TZ	Nguru South Forest Reserve		PRESENT		2e7df380-8356-4533-bcb3-5459e23c794e	-6.05	37.479722							2004-10-13	13	10	2004	6086343	7340348	PRESERVED_SPECIMEN	NHMD	AV	NHMD126326				CC_BY_4_0		Kiure, Jacob			2026-03-18T07:45:44.127Z		COORDINATE_ROUNDED
4164076982	e5c5cad9-b987-4bb4-b07b-85488c5fdd80	fa57d82d-b8f1-4a8a-be9a-3ae730691e9b	Animalia	Chordata	Aves	Passeriformes	Pycnonotidae	Pycnonotus	Pycnonotus barbatus	layardi	SUBSPECIES	Pycnonotus barbatus layardi			TZ	Ndundulu Forest	Iringa Region	PRESENT		2e7df380-8356-4533-bcb3-5459e23c794e	-7.8	36.5							2007-08-20	20	8	2007	6094955	2486147	PRESERVED_SPECIMEN	NHMD	AV	NHMD129666				CC_BY_4_0		Kiure, Jacob			2026-03-18T07:45:58.033Z		
4164076978	e5c5cad9-b987-4bb4-b07b-85488c5fdd80	f3a387f1-92fd-4033-9ffd-69892a1becb6	Animalia	Chordata	Aves	Passeriformes	Pycnonotidae	Chlorocichla	Chlorocichla flaviventris	centralis	SUBSPECIES	Chlorocichla flaviventris centralis Reichenow, 1887			TZ	Ndundulu Forest	Iringa Region	PRESENT		2e7df380-8356-4533-bcb3-5459e23c794e	-7.8	36.5							2007-08-26	26	8	2007	6086621	2486173	PRESERVED_SPECIMEN	NHMD	AV	NHMD125003				CC_BY_4_0		Kiure, Jacob			2026-03-18T07:45:46.209Z		
4164076963	e5c5cad9-b987-4bb4-b07b-85488c5fdd80	d71b060d-981c-4dba-90a7-0ac6cbec05b4	Animalia	Chordata	Aves	Passeriformes	Pycnonotidae	Criniger	Criniger calurus	emini	SUBSPECIES	Criniger calurus emini Chapin, 1948			CD	Katungulu		PRESENT		2e7df380-8356-4533-bcb3-5459e23c794e	-1.915556	28.537778							2008-03-03	3	3	2008	7472964	5230289	PRESERVED_SPECIMEN	NHMD	AV	NHMD127257				CC_BY_4_0		Kizungu, B.			2026-03-18T07:45:44.125Z		COORDINATE_ROUNDED
4164076949	e5c5cad9-b987-4bb4-b07b-85488c5fdd80	b8f3fe21-2a11-4b98-9046-adc5e5c65124	Animalia	Chordata	Aves	Passeriformes	Pycnonotidae	Hypsipetes	Hypsipetes everetti	haynaldi	SUBSPECIES	Hypsipetes everetti haynaldi (W.Blasius, 1890)			PH	Tarawakan, Tawi Tawi Isl.	Autonomous Region in Muslim Mindanao	PRESENT		2e7df380-8356-4533-bcb3-5459e23c794e	5.106217	119.863425							1961-10-24	24	10	1961	6093912	7342046	PRESERVED_SPECIMEN	NHMD	AV	NHMD135884				CC_BY_4_0		Petersen, Erik;Andersen, Søren;Oaney, William			2026-03-18T07:45:41.162Z		COORDINATE_ROUNDED
4164076923	e5c5cad9-b987-4bb4-b07b-85488c5fdd80	a038449a-2212-4a53-a4fe-f4de3cf4f3ee	Animalia	Chordata	Aves	Passeriformes	Pycnonotidae	Alophoixus	Alophoixus frater		SPECIES	Alophoixus frater (Sharpe, 1877)			PH	Pinigisan, Mt. Mantalingajan	Mimaropa	PRESENT		2e7df380-8356-4533-bcb3-5459e23c794e	8.613686	117.702725							1961-08-31	31	8	1961	6094308	6094308	PRESERVED_SPECIMEN	NHMD	AV	NHMD136166				CC_BY_4_0		Petersen, Erik;Andersen, Søren;Oaney, William			2026-03-18T07:45:41.158Z		COORDINATE_ROUNDED;CONTINENT_COORDINATE_MISMATCH
4164076915	e5c5cad9-b987-4bb4-b07b-85488c5fdd80	910044cb-f9bc-4960-bec7-1a1d96871f72	Animalia	Chordata	Aves	Passeriformes	Pycnonotidae	Eurillas	Eurillas virens	zombensis	SUBSPECIES	Eurillas virens zombensis (Shelley, 1894)			TZ	Kanga Forest Reserve		PRESENT		2e7df380-8356-4533-bcb3-5459e23c794e	-6.0	37.7							2003-11-20	20	11	2003	6086343	7340348	PRESERVED_SPECIMEN	NHMD	AV	NHMD126320				CC_BY_4_0		Kiure, Jacob			2026-03-18T07:45:41.153Z		
4164076845	e5c5cad9-b987-4bb4-b07b-85488c5fdd80	f49a5d38-0fad-410b-a3c8-a9c60ba2f5e2	Animalia	Chordata	Aves	Passeriformes	Pycnonotidae	Phyllastrephus	Phyllastrephus debilis	rabai	SUBSPECIES	Phyllastrephus debilis rabai Hartert & Someren, 1921			TZ	Mt. Kanga Forest Reserve		PRESENT		2e7df380-8356-4533-bcb3-5459e23c794e	-6.0	37.7							2003-05-16	16	5	2003	5846134	2486088	PRESERVED_SPECIMEN	NHMD	AV	NHMD124912				CC_BY_4_0		Kiure, Jacob			2026-03-18T07:45:46.196Z		
4164076802	e5c5cad9-b987-4bb4-b07b-85488c5fdd80	fbed1130-8c03-4feb-9c63-fab2982e393a	Animalia	Chordata	Aves	Passeriformes	Pycnonotidae	Phyllastrephus	Phyllastrephus terrestris	suahelicus	SUBSPECIES	Phyllastrephus terrestris suahelicus Reichenow, 1904			TZ	Soga, Kisarawe Distr. 500', 150m		PRESENT		2e7df380-8356-4533-bcb3-5459e23c794e	-6.829722	38.869722							1961-09-13	13	9	1961	6086295	2486094	PRESERVED_SPECIMEN	NHMD	AV	NHMD122000				CC_BY_4_0		Andersen, Thorkild			2026-03-18T07:45:41.111Z		COORDINATE_ROUNDED
4164076775	e5c5cad9-b987-4bb4-b07b-85488c5fdd80	442ef92b-994c-4895-a57e-202701e5e1ee	Animalia	Chordata	Aves	Passeriformes	Pycnonotidae	Phyllastrephus	Phyllastrephus fischeri		SPECIES	Phyllastrephus fischeri (Reichenow, 1879)			TZ	Mikindani		PRESENT		2e7df380-8356-4533-bcb3-5459e23c794e	-10.279722	40.119722							1965-04-11	11	4	1965	2486097	2486097	PRESERVED_SPECIMEN	NHMD	AV	NHMD122018				CC_BY_4_0		Andersen, Thorkild			2026-03-18T07:45:58.011Z	StillImage	COORDINATE_ROUNDED
4164076769	e5c5cad9-b987-4bb4-b07b-85488c5fdd80	a4112c27-b9fa-4d7c-8946-b899cc87767b	Animalia	Chordata	Aves	Passeriformes	Pycnonotidae	Phyllastrephus	Phyllastrephus flavostriatus	tenuirostris	SUBSPECIES	Phyllastrephus flavostriatus tenuirostris (Fischer & Reichenow, 1884)			TZ	Kanga Forest Reserve		PRESENT		2e7df380-8356-4533-bcb3-5459e23c794e	-6.0	37.7							2003-11-25	25	11	2003	6086107	2486089	PRESERVED_SPECIMEN	NHMD	AV	NHMD126311				CC_BY_4_0		Kiure, Jacob			2026-03-18T07:45:58.011Z		
4164076766	e5c5cad9-b987-4bb4-b07b-85488c5fdd80	ab980fe8-0a21-46f1-abc5-1fcfcb53c1da	Animalia	Chordata	Aves	Passeriformes	Pycnonotidae	Pycnonotus	Pycnonotus barbatus	tricolor	SUBSPECIES	Pycnonotus barbatus tricolor				unnamed locality		PRESENT		2e7df380-8356-4533-bcb3-5459e23c794e									1958-10-21	21	10	1958	6542538	2486147	PRESERVED_SPECIMEN	NHMD	AV	NHMD130755				CC_BY_4_0					2026-03-18T07:45:46.189Z		
4164076759	e5c5cad9-b987-4bb4-b07b-85488c5fdd80	d261f912-410b-4344-9fa1-4d22308e8cf9	Animalia	Chordata	Aves	Passeriformes	Pycnonotidae	Andropadus	Andropadus importunus	hypoxanthus	SUBSPECIES	Andropadus importunus hypoxanthus Sharpe, 1876			TZ	Mikindani		PRESENT		2e7df380-8356-4533-bcb3-5459e23c794e	-10.279722	40.119722							1962-07-27	27	7	1962	6086920	2486162	PRESERVED_SPECIMEN	NHMD	AV	NHMD120840				CC_BY_4_0		Andersen, Thorkild			2026-03-18T07:45:46.187Z		COORDINATE_ROUNDED
4164076715	e5c5cad9-b987-4bb4-b07b-85488c5fdd80	b3e656b1-0c38-49bf-a25e-3b0f24d5d5a0	Animalia	Chordata	Aves	Passeriformes	Pycnonotidae	Arizelocichla	Arizelocichla nigriceps	nigriceps	SUBSPECIES	Arizelocichla nigriceps nigriceps (Shelley, 1889)			TZ	Marang Forest Reserve		PRESENT		2e7df380-8356-4533-bcb3-5459e23c794e	-3.73	35.63							2004-04-01	1	4	2004	7340427	7340426	PRESERVED_SPECIMEN	NHMD	AV	NHMD123519				CC_BY_4_0		Kiure, Jacob			2026-03-18T07:45:58.004Z		
4164076714	e5c5cad9-b987-4bb4-b07b-85488c5fdd80	bde6afb8-0577-4ba7-bc4b-a93ad021cc22	Animalia	Chordata	Aves	Passeriformes	Pycnonotidae	Eurillas	Eurillas virens	zombensis	SUBSPECIES	Eurillas virens zombensis (Shelley, 1894)			TZ	Ndundulu Forest	Iringa Region	PRESENT		2e7df380-8356-4533-bcb3-5459e23c794e	-7.8	36.5							2007-06-24	24	6	2007	6086343	7340348	PRESERVED_SPECIMEN	NHMD	AV	NHMD125037				CC_BY_4_0		Kiure, Jacob			2026-03-18T07:45:46.185Z		
4164076699	e5c5cad9-b987-4bb4-b07b-85488c5fdd80	e91ea00a-a1f8-47d4-a499-e86aed4e0c3d	Animalia	Chordata	Aves	Passeriformes	Pycnonotidae	Thapsinillas	Thapsinillas affinis		SPECIES	Thapsinillas affinis (Hombron & Jacquinot, 1841)			ID	Gunung Sere above Tapaya Village		PRESENT		2e7df380-8356-4533-bcb3-5459e23c794e	-1.623967	127.708667							2013-11-24	24	11	2013	6100816	6100816	PRESERVED_SPECIMEN	NHMD	AV	NHMD136313				CC_BY_4_0		Kennedy, Jonathan			2026-03-18T07:45:46.183Z		COORDINATE_ROUNDED;TAXON_MATCH_HIGHERRANK
4164076694	e5c5cad9-b987-4bb4-b07b-85488c5fdd80	a9228361-bcd2-432c-8e9f-6e741b5e8ee5	Animalia	Chordata	Aves	Passeriformes	Pycnonotidae	Arizelocichla	Arizelocichla masukuensis	roehli	SUBSPECIES	Arizelocichla masukuensis roehli (Reichenow, 1905)			TZ	Nguru South Forest Reserve		PRESENT		2e7df380-8356-4533-bcb3-5459e23c794e	-6.05	37.479722							2003-06-17	17	6	2003	6086770	7340439	PRESERVED_SPECIMEN	NHMD	AV	NHMD122882				CC_BY_4_0		Kiure, Jacob			2026-03-18T07:45:41.086Z		COORDINATE_ROUNDED
4164076681	e5c5cad9-b987-4bb4-b07b-85488c5fdd80	61bff116-f7d3-4c75-ae0d-c7b9bbc664d1	Animalia	Chordata	Aves	Passeriformes	Pycnonotidae	Pycnonotus	Pycnonotus barbatus	layardi	SUBSPECIES	Pycnonotus barbatus layardi			TZ	Derema Forest reserve		PRESENT		2e7df380-8356-4533-bcb3-5459e23c794e	-5.469722	37.479722							2005-05-24	24	5	2005	6094955	2486147	PRESERVED_SPECIMEN	NHMD	AV	NHMD125080				CC_BY_4_0		Kiure, Jacob			2026-03-18T07:45:46.181Z		COORDINATE_ROUNDED
4164076667	e5c5cad9-b987-4bb4-b07b-85488c5fdd80	0981e5d5-8299-4937-bf28-7027b4b82a2b	Animalia	Chordata	Aves	Passeriformes	Pycnonotidae	Phyllastrephus	Phyllastrephus flavostriatus	tenuirostris	SUBSPECIES	Phyllastrephus flavostriatus tenuirostris (Fischer & Reichenow, 1884)			TZ	Nguru Mts.		PRESENT		2e7df380-8356-4533-bcb3-5459e23c794e	-6.0	37.5							1949-01-03	3	1	1949	6086107	2486089	PRESERVED_SPECIMEN	NHMD	AV	NHMD122005				CC_BY_4_0		Andersen, Thorkild			2026-03-18T07:45:57.999Z		
4164076649	e5c5cad9-b987-4bb4-b07b-85488c5fdd80	37850df6-ee0e-4236-aa23-2031b60fc1c5	Animalia	Chordata	Aves	Passeriformes	Pycnonotidae	Arizelocichla	Arizelocichla fusciceps		SPECIES	Arizelocichla fusciceps (Shelley, 1893)			TZ	Maguli FR		PRESENT		2e7df380-8356-4533-bcb3-5459e23c794e	-9.493889	34.175833							2008-12-08	8	12	2008	6100812	6100812	PRESERVED_SPECIMEN	NHMD	AV	NHMD126866				CC_BY_4_0		Kiure, Jacob			2026-03-18T07:45:57.998Z		COORDINATE_ROUNDED;TAXON_MATCH_HIGHERRANK
4164076642	e5c5cad9-b987-4bb4-b07b-85488c5fdd80	501aba49-5adf-421b-b540-0e0d776a5f37	Animalia	Chordata	Aves	Passeriformes	Pycnonotidae	Eurillas	Eurillas virens	zombensis	SUBSPECIES	Eurillas virens zombensis (Shelley, 1894)			TZ	Mt. Kanga Forest Reserve		PRESENT		2e7df380-8356-4533-bcb3-5459e23c794e	-6.0	37.7							2003-11-21	21	11	2003	6086343	7340348	PRESERVED_SPECIMEN	NHMD	AV	NHMD125013				CC_BY_4_0		Kiure, Jacob			2026-03-18T07:45:46.176Z		
4164076603	e5c5cad9-b987-4bb4-b07b-85488c5fdd80	f1632bea-ce18-4417-b06a-91d0efd291eb	Animalia	Chordata	Aves	Passeriformes	Pycnonotidae	Phyllastrephus	Phyllastrephus cabanisi	placidus	SUBSPECIES	Phyllastrephus cabanisi placidus			TZ	Kanga Forest Reserve		PRESENT		2e7df380-8356-4533-bcb3-5459e23c794e	-6.0	37.7							2003-11-28	28	11	2003	6540392	2486087	PRESERVED_SPECIMEN	NHMD	AV	NHMD126294				CC_BY_4_0		Kiure, Jacob			2026-03-18T07:45:44.079Z		
4164076566	e5c5cad9-b987-4bb4-b07b-85488c5fdd80	85ed1de7-f009-476c-8dbe-b128733608f6	Animalia	Chordata	Aves	Passeriformes	Pycnonotidae	Pycnonotus	Pycnonotus barbatus	layardi	SUBSPECIES	Pycnonotus barbatus layardi			TZ	Mikindani		PRESENT		2e7df380-8356-4533-bcb3-5459e23c794e	-10.279722	40.119722							1966-06-27	27	6	1966	6094955	2486147	PRESERVED_SPECIMEN	NHMD	AV	NHMD118501				CC_BY_4_0		Andersen, Thorkild			2026-03-18T07:45:44.073Z		COORDINATE_ROUNDED
4164076555	e5c5cad9-b987-4bb4-b07b-85488c5fdd80	c895f49a-2702-4c9a-845f-3a0b0639b188	Animalia	Chordata	Aves	Passeriformes	Pycnonotidae	Phyllastrephus	Phyllastrephus albigula		SPECIES	Phyllastrephus albigula (Grote, 1919)			TZ	Shume Forest		PRESENT		2e7df380-8356-4533-bcb3-5459e23c794e	-4.67	38.25							2009-06-28	28	6	2009	6086037	6086037	PRESERVED_SPECIMEN	NHMD	AV	NHMD127049				CC_BY_4_0		Kiure, Jacob			2026-03-18T07:45:41.064Z		
4164076513	e5c5cad9-b987-4bb4-b07b-85488c5fdd80	e88adbb1-c3a3-4abe-8755-618d969efdb7	Animalia	Chordata	Aves	Passeriformes	Pycnonotidae	Phyllastrephus	Phyllastrephus cabanisi	placidus	SUBSPECIES	Phyllastrephus cabanisi placidus			TZ	Kanga Forest Reserve		PRESENT		2e7df380-8356-4533-bcb3-5459e23c794e	-6.0	37.7							2003-11-24	24	11	2003	6540392	2486087	PRESERVED_SPECIMEN	NHMD	AV	NHMD126291				CC_BY_4_0		Kiure, Jacob			2026-03-18T07:45:57.988Z		
4164076507	e5c5cad9-b987-4bb4-b07b-85488c5fdd80	3b368246-7033-4d82-bc9a-3d04c992ed87	Animalia	Chordata	Aves	Passeriformes	Pycnonotidae	Chlorocichla	Chlorocichla flaviventris	centralis	SUBSPECIES	Chlorocichla flaviventris centralis Reichenow, 1887			TZ	Soga, Kisarawe Distr. 500', 150m		PRESENT		2e7df380-8356-4533-bcb3-5459e23c794e	-6.829722	38.869722							1961-04-11	11	4	1961	6086621	2486173	PRESERVED_SPECIMEN	NHMD	AV	NHMD120890				CC_BY_4_0		Andersen, Thorkild			2026-03-18T07:45:41.058Z		COORDINATE_ROUNDED
4164076504	e5c5cad9-b987-4bb4-b07b-85488c5fdd80	2660a43d-bc0c-4557-b511-762a99bde709	Animalia	Chordata	Aves	Passeriformes	Pycnonotidae	Eurillas	Eurillas virens	zombensis	SUBSPECIES	Eurillas virens zombensis (Shelley, 1894)			TZ	Kalambo River Forest Reserve		PRESENT		2e7df380-8356-4533-bcb3-5459e23c794e	-7.869722	30.95							2007-12-17	17	12	2007	6086343	7340348	PRESERVED_SPECIMEN	NHMD	AV	NHMD125040				CC_BY_4_0		Kiure, Jacob			2026-03-18T07:45:46.163Z		COORDINATE_ROUNDED
4164076502	e5c5cad9-b987-4bb4-b07b-85488c5fdd80	c2115c08-e529-4669-b218-0218d5f2360e	Animalia	Chordata	Aves	Passeriformes	Pycnonotidae	Phyllastrephus	Phyllastrephus cabanisi	placidus	SUBSPECIES	Phyllastrephus cabanisi placidus			TZ	Kanga Forest Reserve		PRESENT		2e7df380-8356-4533-bcb3-5459e23c794e	-6.0	37.7							2003-11-24	24	11	2003	6540392	2486087	PRESERVED_SPECIMEN	NHMD	AV	NHMD126293				CC_BY_4_0		Kiure, Jacob			2026-03-18T07:45:46.162Z		
4164076435	e5c5cad9-b987-4bb4-b07b-85488c5fdd80	234fdb05-2ab2-4dcf-92f2-1aa654afb5ff	Animalia	Chordata	Aves	Passeriformes	Pycnonotidae	Arizelocichla	Arizelocichla masukuensis	roehli	SUBSPECIES	Arizelocichla masukuensis roehli (Reichenow, 1905)			TZ	Nguru South Forest Reserve		PRESENT		2e7df380-8356-4533-bcb3-5459e23c794e	-6.05	37.479722							2004-10-07	7	10	2004	6086770	7340439	PRESERVED_SPECIMEN	NHMD	AV	NHMD126344				CC_BY_4_0		Kiure, Jacob			2026-03-18T07:45:57.981Z		COORDINATE_ROUNDED
4164076393	e5c5cad9-b987-4bb4-b07b-85488c5fdd80	41e003c0-083c-4358-ad03-c81e2d0fa2d0	Animalia	Chordata	Aves	Passeriformes	Pycnonotidae	Phyllastrephus	Phyllastrephus cabanisi	placidus	SUBSPECIES	Phyllastrephus cabanisi placidus			TZ	Nguru South Forest Reserve		PRESENT		2e7df380-8356-4533-bcb3-5459e23c794e	-6.05	37.479722							2005-03-17	17	3	2005	6540392	2486087	PRESERVED_SPECIMEN	NHMD	AV	NHMD126283				CC_BY_4_0		Kiure, Jacob			2026-03-18T07:45:41.030Z		COORDINATE_ROUNDED
4164076392	e5c5cad9-b987-4bb4-b07b-85488c5fdd80	675635c3-5eb5-4cb6-87df-c9f38ab722f3	Animalia	Chordata	Aves	Passeriformes	Pycnonotidae	Eurillas	Eurillas virens	zombensis	SUBSPECIES	Eurillas virens zombensis (Shelley, 1894)			TZ	Ndundulu Forest	Iringa Region	PRESENT		2e7df380-8356-4533-bcb3-5459e23c794e	-7.8	36.5							2006-12-26	26	12	2006	6086343	7340348	PRESERVED_SPECIMEN	NHMD	AV	NHMD129201				CC_BY_4_0		Kiure, Jacob			2026-03-18T07:45:57.978Z		
4164076383	e5c5cad9-b987-4bb4-b07b-85488c5fdd80	3666e10a-d4eb-4e2d-a980-bf497b58963b	Animalia	Chordata	Aves	Passeriformes	Pycnonotidae	Pycnonotus	Pycnonotus goiavier	suluensis	SUBSPECIES	Pycnonotus goiavier suluensis Mearns, 1909			PH	Cabanglasan	Mindanao	PRESENT		2e7df380-8356-4533-bcb3-5459e23c794e	8.071944	125.299167							1951-10-28	28	10	1951	6094616	2486144	PRESERVED_SPECIMEN	NHMD	AV	NHMD134239				CC_BY_4_0					2026-03-18T07:45:44.057Z		COORDINATE_ROUNDED
4164076372	e5c5cad9-b987-4bb4-b07b-85488c5fdd80	62ee24aa-5d80-40e5-8b0a-7dd586c75835	Animalia	Chordata	Aves	Passeriformes	Pycnonotidae	Arizelocichla	Arizelocichla masukuensis		SPECIES	Arizelocichla masukuensis (Shelley, 1897)			TZ	Kungwe Forest	Kigoma Region	PRESENT		2e7df380-8356-4533-bcb3-5459e23c794e	-6.13	29.799722							2004-08-29	29	8	2004	7340439	7340439	PRESERVED_SPECIMEN	NHMD	AV	NHMD124999				CC_BY_4_0		Kiure, Jacob			2026-03-18T07:45:44.056Z		COORDINATE_ROUNDED;TAXON_MATCH_HIGHERRANK
4164076319	e5c5cad9-b987-4bb4-b07b-85488c5fdd80	844ad6ce-be43-41d9-ae2d-437161a8924a	Animalia	Chordata	Aves	Passeriformes	Pycnonotidae	Arizelocichla	Arizelocichla milanjensis	striifacies	SUBSPECIES	Arizelocichla milanjensis striifacies			TZ	Ndundulu Forest	Iringa Region	PRESENT		2e7df380-8356-4533-bcb3-5459e23c794e	-7.8	36.5							2006-12-24	24	12	2006	6540503	7340424	PRESERVED_SPECIMEN	NHMD	AV	NHMD125057				CC_BY_4_0		Kiure, Jacob			2026-03-18T07:45:44.052Z		
4164076318	e5c5cad9-b987-4bb4-b07b-85488c5fdd80	3c07bdcb-7289-4150-85ae-089902e6748f	Animalia	Chordata	Aves	Passeriformes	Pycnonotidae	Eurillas	Eurillas virens	zombensis	SUBSPECIES	Eurillas virens zombensis (Shelley, 1894)			TZ	West of Ruipa river		PRESENT		2e7df380-8356-4533-bcb3-5459e23c794e	-8.119722	36.33							1995-11-28	28	11	1995	6086343	7340348	PRESERVED_SPECIMEN	NHMD	AV	NHMD121912				CC_BY_4_0		Bolding Kristensen, Jan			2026-03-18T07:45:57.972Z		COORDINATE_ROUNDED
4164076309	e5c5cad9-b987-4bb4-b07b-85488c5fdd80	711ab4e3-c3b6-4630-ab62-1967871f1481	Animalia	Chordata	Aves	Passeriformes	Pycnonotidae	Hypsipetes	Hypsipetes rufigularis		SPECIES	Hypsipetes rufigularis (Sharpe, 1877)			PH	Tuod	Mindanao	PRESENT		2e7df380-8356-4533-bcb3-5459e23c794e	8.343889	124.359444							1951-09-26	26	9	1951	6093941	6093941	PRESERVED_SPECIMEN	NHMD	AV	NHMD134303				CC_BY_4_0					2026-03-18T07:45:57.971Z		COORDINATE_ROUNDED
4164076304	e5c5cad9-b987-4bb4-b07b-85488c5fdd80	167d564e-7e25-46e6-aa18-da2dab84d49e	Animalia	Chordata	Aves	Passeriformes	Pycnonotidae	Phyllastrephus	Phyllastrephus cabanisi	placidus	SUBSPECIES	Phyllastrephus cabanisi placidus			TZ	Liwili Kitesa Forest Reserve		PRESENT		2e7df380-8356-4533-bcb3-5459e23c794e	-11.399722	34.9							2006-01-08	8	1	2006	6540392	2486087	PRESERVED_SPECIMEN	NHMD	AV	NHMD124868				CC_BY_4_0		Kiure, Jacob			2026-03-18T07:45:46.146Z		COORDINATE_ROUNDED
4164076290	e5c5cad9-b987-4bb4-b07b-85488c5fdd80	76054808-1f22-4410-ab5f-a00775e9d098	Animalia	Chordata	Aves	Passeriformes	Pycnonotidae	Phyllastrephus	Phyllastrephus cabanisi	cabanisi	SUBSPECIES	Phyllastrephus cabanisi cabanisi (Sharpe, 1882)			TZ	Mt Rungwe Forest Reserve		PRESENT		2e7df380-8356-4533-bcb3-5459e23c794e	-9.13	33.669722							1980-08-23	23	8	1980	7340319	2486087	PRESERVED_SPECIMEN	NHMD	AV	NHMD124825				CC_BY_4_0		Jensen, Flemming			2026-03-18T07:45:44.049Z		COORDINATE_ROUNDED
4164076271	e5c5cad9-b987-4bb4-b07b-85488c5fdd80	24158348-c1b8-49e8-9e9e-a8ba84901e4a	Animalia	Chordata	Aves	Passeriformes	Pycnonotidae	Arizelocichla	Arizelocichla fusciceps		SPECIES	Arizelocichla fusciceps (Shelley, 1893)			TZ	Maguli FR		PRESENT		2e7df380-8356-4533-bcb3-5459e23c794e	-9.493889	34.175833							2008-12-09	9	12	2008	6100812	6100812	PRESERVED_SPECIMEN	NHMD	AV	NHMD126861				CC_BY_4_0		Kiure, Jacob			2026-03-18T07:45:46.142Z		COORDINATE_ROUNDED;TAXON_MATCH_HIGHERRANK
4164076257	e5c5cad9-b987-4bb4-b07b-85488c5fdd80	a751074d-22ca-4875-81e6-c7cbf3893d0c	Animalia	Chordata	Aves	Passeriformes	Pycnonotidae	Arizelocichla	Arizelocichla masukuensis	roehli	SUBSPECIES	Arizelocichla masukuensis roehli (Reichenow, 1905)			TZ	Nguru South Forest Reserve		PRESENT		2e7df380-8356-4533-bcb3-5459e23c794e	-6.05	37.479722							2003-06-18	18	6	2003	6086770	7340439	PRESERVED_SPECIMEN	NHMD	AV	NHMD122877				CC_BY_4_0		Kiure, Jacob			2026-03-18T07:45:44.045Z		COORDINATE_ROUNDED
4164076249	e5c5cad9-b987-4bb4-b07b-85488c5fdd80	9f679424-893f-4b2c-aed2-8ce665b8ba89	Animalia	Chordata	Aves	Passeriformes	Pycnonotidae	Phyllastrephus	Phyllastrephus flavostriatus	alfredi	SUBSPECIES	Phyllastrephus flavostriatus alfredi			TZ	Mbizi Forest Reserve		PRESENT		2e7df380-8356-4533-bcb3-5459e23c794e	-7.889722	31.68							1997-02-01	1	2	1997	6540367	2486089	PRESERVED_SPECIMEN	NHMD	AV	NHMD122404				CC_BY_4_0		Stephenson, B.			2026-03-18T07:45:44.044Z		COORDINATE_ROUNDED
4164076246	e5c5cad9-b987-4bb4-b07b-85488c5fdd80	c2f5e5df-5175-4ad6-9899-5ab6b5d32317	Animalia	Chordata	Aves	Passeriformes	Pycnonotidae	Arizelocichla	Arizelocichla fusciceps		SPECIES	Arizelocichla fusciceps (Shelley, 1893)			TZ	Ndundulu Forest	Iringa Region	PRESENT		2e7df380-8356-4533-bcb3-5459e23c794e	-7.8	36.5							2007-02-28	28	2	2007	6100812	6100812	PRESERVED_SPECIMEN	NHMD	AV	NHMD123838				CC_BY_4_0		Kiure, Jacob			2026-03-18T07:45:57.967Z		TAXON_MATCH_HIGHERRANK
4164076207	e5c5cad9-b987-4bb4-b07b-85488c5fdd80	b3e473cd-bb91-4631-86df-08f079621016	Animalia	Chordata	Aves	Passeriformes	Pycnonotidae	Arizelocichla	Arizelocichla milanjensis	striifacies	SUBSPECIES	Arizelocichla milanjensis striifacies			TZ	Ukami Forest		PRESENT		2e7df380-8356-4533-bcb3-5459e23c794e	-7.88	36.419722							2003-03-06	6	3	2003	6540503	7340424	PRESERVED_SPECIMEN	NHMD	AV	NHMD125060				CC_BY_4_0		Kiure, Jacob			2026-03-18T07:45:44.036Z		COORDINATE_ROUNDED
4164076166	e5c5cad9-b987-4bb4-b07b-85488c5fdd80	9e6c4017-6988-45ca-aba7-4e48bd049c9a	Animalia	Chordata	Aves	Passeriformes	Pycnonotidae	Hypsipetes	Hypsipetes everetti	everetti	SUBSPECIES	Hypsipetes everetti everetti (Tweeddale, 1877)			PH	Tubajon Bay		PRESENT		2e7df380-8356-4533-bcb3-5459e23c794e	10.319722	125.559722							1951-07-17	17	7	1951	7342047	7342046	PRESERVED_SPECIMEN	NHMD	AV	NHMD135003				CC_BY_4_0		Wolff, Torben			2026-03-18T07:45:57.958Z		COORDINATE_ROUNDED
4164076155	e5c5cad9-b987-4bb4-b07b-85488c5fdd80	f193e8f3-a4e8-4b69-924f-ae4178b24721	Animalia	Chordata	Aves	Passeriformes	Pycnonotidae	Arizelocichla	Arizelocichla masukuensis	roehli	SUBSPECIES	Arizelocichla masukuensis roehli (Reichenow, 1905)			TZ	Ukami Forest		PRESENT		2e7df380-8356-4533-bcb3-5459e23c794e	-7.88	36.419722							2003-02-27	27	2	2003	6086770	7340439	PRESERVED_SPECIMEN	NHMD	AV	NHMD124974				CC_BY_4_0		Kiure, Jacob			2026-03-18T07:45:46.130Z		COORDINATE_ROUNDED
4164076146	e5c5cad9-b987-4bb4-b07b-85488c5fdd80	1d4cf589-1339-4235-b4a8-c867751c8fdc	Animalia	Chordata	Aves	Passeriformes	Pycnonotidae	Andropadus	Andropadus importunus	hypoxanthus	SUBSPECIES	Andropadus importunus hypoxanthus Sharpe, 1876			TZ	Nambiga Teak Nursery		PRESENT		2e7df380-8356-4533-bcb3-5459e23c794e	-10.55	36.47							1995-12-06	6	12	1995	6086920	2486162	PRESERVED_SPECIMEN	NHMD	AV	NHMD121905				CC_BY_4_0		Fjeldså, Jon			2026-03-18T07:45:46.129Z		
4164076139	e5c5cad9-b987-4bb4-b07b-85488c5fdd80	46edd72c-622f-41c4-b9cc-862407ad8bc9	Animalia	Chordata	Aves	Passeriformes	Pycnonotidae	Phyllastrephus	Phyllastrephus flavostriatus	tenuirostris	SUBSPECIES	Phyllastrephus flavostriatus tenuirostris (Fischer & Reichenow, 1884)			TZ	Nguru South Forest Reserve		PRESENT		2e7df380-8356-4533-bcb3-5459e23c794e	-6.05	37.479722							2004-10-16	16	10	2004	6086107	2486089	PRESERVED_SPECIMEN	NHMD	AV	NHMD123778				CC_BY_4_0		Kiure, Jacob			2026-03-18T07:45:44.029Z		COORDINATE_ROUNDED
4164076117	e5c5cad9-b987-4bb4-b07b-85488c5fdd80	9fe611af-24bd-4bfd-8cd8-1557689629cd	Animalia	Chordata	Aves	Passeriformes	Pycnonotidae	Pycnonotus	Pycnonotus barbatus	layardi	SUBSPECIES	Pycnonotus barbatus layardi			TZ	Mt. Kilimanjaro		PRESENT		2e7df380-8356-4533-bcb3-5459e23c794e									1967-03-06	6	3	1967	6094955	2486147	PRESERVED_SPECIMEN	NHMD	AV	NHMD119538				CC_BY_4_0		Salanti, M.			2026-03-18T07:45:40.969Z		
4164076086	e5c5cad9-b987-4bb4-b07b-85488c5fdd80	f930bb03-039a-48fe-a636-a27af6aedc1f	Animalia	Chordata	Aves	Passeriformes	Pycnonotidae	Arizelocichla	Arizelocichla masukuensis	roehli	SUBSPECIES	Arizelocichla masukuensis roehli (Reichenow, 1905)			TZ	Ukami Forest		PRESENT		2e7df380-8356-4533-bcb3-5459e23c794e	-7.88	36.419722							2003-02-28	28	2	2003	6086770	7340439	PRESERVED_SPECIMEN	NHMD	AV	NHMD124973				CC_BY_4_0		Kiure, Jacob			2026-03-18T07:45:46.125Z		COORDINATE_ROUNDED
4164076067	e5c5cad9-b987-4bb4-b07b-85488c5fdd80	a633b6d5-6b86-4871-9ba1-6965f6323135	Animalia	Chordata	Aves	Passeriformes	Pycnonotidae	Eurillas	Eurillas virens	zombensis	SUBSPECIES	Eurillas virens zombensis (Shelley, 1894)			TZ	Ndundulu Forest	Iringa Region	PRESENT		2e7df380-8356-4533-bcb3-5459e23c794e	-7.8	36.5							2007-06-07	7	6	2007	6086343	7340348	PRESERVED_SPECIMEN	NHMD	AV	NHMD125032				CC_BY_4_0		Kiure, Jacob			2026-03-18T07:45:44.023Z		
4164076061	e5c5cad9-b987-4bb4-b07b-85488c5fdd80	8c5d1209-fbdd-4571-ab16-55514c165bc0	Animalia	Chordata	Aves	Passeriformes	Pycnonotidae	Phyllastrephus	Phyllastrephus cabanisi	placidus	SUBSPECIES	Phyllastrephus cabanisi placidus			TZ	Ndundulu Forest	Iringa Region	PRESENT		2e7df380-8356-4533-bcb3-5459e23c794e	-7.8	36.5							2007-01-15	15	1	2007	6540392	2486087	PRESERVED_SPECIMEN	NHMD	AV	NHMD124881				CC_BY_4_0		Kiure, Jacob			2026-03-18T07:45:44.022Z		
4164075992	e5c5cad9-b987-4bb4-b07b-85488c5fdd80	3d169eb9-bace-4d7c-a43f-284f9e04d87e	Animalia	Chordata	Aves	Passeriformes	Pycnonotidae	Arizelocichla	Arizelocichla masukuensis	roehli	SUBSPECIES	Arizelocichla masukuensis roehli (Reichenow, 1905)			TZ	Ukami Forest		PRESENT		2e7df380-8356-4533-bcb3-5459e23c794e	-7.88	36.419722							2003			2003	6086770	7340439	PRESERVED_SPECIMEN	NHMD	AV	NHMD123013				CC_BY_4_0		Kiure, Jacob			2026-03-18T07:45:57.942Z		COORDINATE_ROUNDED
4164075969	e5c5cad9-b987-4bb4-b07b-85488c5fdd80	5cbbd33d-44a2-485f-9b71-0a93202e60db	Animalia	Chordata	Aves	Passeriformes	Pycnonotidae	Eurillas	Eurillas latirostris	latirostris	SUBSPECIES	Eurillas latirostris latirostris (Strickland, 1844)			SS	Gilo		PRESENT		2e7df380-8356-4533-bcb3-5459e23c794e	4.0308	32.845325							1980-11-11	11	11	1980	6086380	7340356	PRESERVED_SPECIMEN	NHMD	AV	NHMD129183				CC_BY_4_0		Jensen, Flemming			2026-03-18T07:45:46.117Z		
4164075914	e5c5cad9-b987-4bb4-b07b-85488c5fdd80	4d8f62a7-292e-4a26-9b89-bd38fcc7d1d9	Animalia	Chordata	Aves	Passeriformes	Pycnonotidae	Arizelocichla	Arizelocichla fusciceps		SPECIES	Arizelocichla fusciceps (Shelley, 1893)			TZ	Ndundulu Forest	Iringa Region	PRESENT		2e7df380-8356-4533-bcb3-5459e23c794e	-7.8	36.5							2007-03-08	8	3	2007	6100812	6100812	PRESERVED_SPECIMEN	NHMD	AV	NHMD123860				CC_BY_4_0		Kiure, Jacob			2026-03-18T07:45:40.944Z		TAXON_MATCH_HIGHERRANK
4164075913	e5c5cad9-b987-4bb4-b07b-85488c5fdd80	dbb217b3-e3b8-4727-9c1f-df5abe02fa52	Animalia	Chordata	Aves	Passeriformes	Pycnonotidae	Arizelocichla	Arizelocichla masukuensis	masukuensis	SUBSPECIES	Arizelocichla masukuensis masukuensis (Shelley, 1897)			TZ	Mt Rungwe Forest Reserve		PRESENT		2e7df380-8356-4533-bcb3-5459e23c794e	-9.13	33.669722							1980-08-28	28	8	1980	6086761	7340439	PRESERVED_SPECIMEN	NHMD	AV	NHMD124994				CC_BY_4_0		Jensen, Flemming			2026-03-18T07:45:40.946Z		COORDINATE_ROUNDED
4164075910	e5c5cad9-b987-4bb4-b07b-85488c5fdd80	1321cbd5-1b51-4ac7-bc9e-b427c197ec5b	Animalia	Chordata	Aves	Passeriformes	Pycnonotidae	Arizelocichla	Arizelocichla fusciceps		SPECIES	Arizelocichla fusciceps (Shelley, 1893)			TZ	Mt Rungwe Forest Reserve		PRESENT		2e7df380-8356-4533-bcb3-5459e23c794e	-9.13	33.669722							1980-08-22	22	8	1980	6100812	6100812	PRESERVED_SPECIMEN	NHMD	AV	NHMD124821				CC_BY_4_0		Jensen, Flemming			2026-03-18T07:45:44.009Z		COORDINATE_ROUNDED;TAXON_MATCH_HIGHERRANK
4164075895	e5c5cad9-b987-4bb4-b07b-85488c5fdd80	e13b1a4f-83f2-4106-9b93-65ccda0f1960	Animalia	Chordata	Aves	Passeriformes	Pycnonotidae	Phyllastrephus	Phyllastrephus flavostriatus	alfredi	SUBSPECIES	Phyllastrephus flavostriatus alfredi			TZ	Mbizi Forest Reserve		PRESENT		2e7df380-8356-4533-bcb3-5459e23c794e	-7.889722	31.68							2008-03-08	8	3	2008	6540367	2486089	PRESERVED_SPECIMEN	NHMD	AV	NHMD125800				CC_BY_4_0		Kiure, Jacob			2026-03-18T07:45:40.943Z		COORDINATE_ROUNDED
4164075894	e5c5cad9-b987-4bb4-b07b-85488c5fdd80	cc338423-e6df-4094-b86d-a22b6044a75a	Animalia	Chordata	Aves	Passeriformes	Pycnonotidae	Arizelocichla	Arizelocichla masukuensis	roehli	SUBSPECIES	Arizelocichla masukuensis roehli (Reichenow, 1905)			TZ	Mt Kiboriani Forest Reserve		PRESENT		2e7df380-8356-4533-bcb3-5459e23c794e	-6.28	36.479722							2004-01-21	21	1	2004	6086770	7340439	PRESERVED_SPECIMEN	NHMD	AV	NHMD123550				CC_BY_4_0		Kiure, Jacob			2026-03-18T07:45:40.943Z		COORDINATE_ROUNDED
4164075863	e5c5cad9-b987-4bb4-b07b-85488c5fdd80	ba102cf6-4bc6-426f-bf7b-f3de8ce7a1f5	Animalia	Chordata	Aves	Passeriformes	Pycnonotidae	Arizelocichla	Arizelocichla masukuensis	roehli	SUBSPECIES	Arizelocichla masukuensis roehli (Reichenow, 1905)			TZ	Ndundulu Forest	Iringa Region	PRESENT		2e7df380-8356-4533-bcb3-5459e23c794e	-7.8	36.5							2007-03-21	21	3	2007	6086770	7340439	PRESERVED_SPECIMEN	NHMD	AV	NHMD124949				CC_BY_4_0		Kiure, Jacob			2026-03-18T07:45:40.939Z		
4164075845	e5c5cad9-b987-4bb4-b07b-85488c5fdd80	619da1af-fee8-44e9-aa9e-24d06acafc54	Animalia	Chordata	Aves	Passeriformes	Pycnonotidae	Hypsipetes	Hypsipetes everetti	haynaldi	SUBSPECIES	Hypsipetes everetti haynaldi (W.Blasius, 1890)			PH	Tarawakan, Tawi Tawi Isl.	Autonomous Region in Muslim Mindanao	PRESENT		2e7df380-8356-4533-bcb3-5459e23c794e	5.106217	119.863425							1961-10-21	21	10	1961	6093912	7342046	PRESERVED_SPECIMEN	NHMD	AV	NHMD135886				CC_BY_4_0		Petersen, Erik;Andersen, Søren;Oaney, William			2026-03-18T07:45:57.929Z		COORDINATE_ROUNDED
4164075787	e5c5cad9-b987-4bb4-b07b-85488c5fdd80	7e95c349-b855-4ed2-9649-f384fc5a74bd	Animalia	Chordata	Aves	Passeriformes	Pycnonotidae	Eurillas	Eurillas latirostris	latirostris	SUBSPECIES	Eurillas latirostris latirostris (Strickland, 1844)			CD	Tshibati		PRESENT		2e7df380-8356-4533-bcb3-5459e23c794e	-2.2125	28.775556							2004-08-21	21	8	2004	6086380	7340356	PRESERVED_SPECIMEN	NHMD	AV	NHMD127269				CC_BY_4_0		Kizungu, B.			2026-03-18T07:45:43.996Z		COORDINATE_ROUNDED
4164075775	e5c5cad9-b987-4bb4-b07b-85488c5fdd80	150d96ed-2140-4492-aeca-a544c22a455d	Animalia	Chordata	Aves	Passeriformes	Pycnonotidae	Phyllastrephus	Phyllastrephus terrestris	suahelicus	SUBSPECIES	Phyllastrephus terrestris suahelicus Reichenow, 1904			TZ	Soga, Kisarawe Distr. 500', 150m		PRESENT		2e7df380-8356-4533-bcb3-5459e23c794e	-6.829722	38.869722							1961-08-24	24	8	1961	6086295	2486094	PRESERVED_SPECIMEN	NHMD	AV	NHMD122001				CC_BY_4_0		Andersen, Thorkild			2026-03-18T07:45:57.923Z		COORDINATE_ROUNDED
4164075765	e5c5cad9-b987-4bb4-b07b-85488c5fdd80	95d00ba7-c9ba-4513-bd69-de0ed0853bde	Animalia	Chordata	Aves	Passeriformes	Pycnonotidae	Phyllastrephus	Phyllastrephus cabanisi	placidus	SUBSPECIES	Phyllastrephus cabanisi placidus			TZ	Mahenge Scrub Forest Reserve		PRESENT		2e7df380-8356-4533-bcb3-5459e23c794e	-8.68	36.74							1994-12-02	2	12	1994	6540392	2486087	PRESERVED_SPECIMEN	NHMD	AV	NHMD121825				CC_BY_4_0		Fjeldså, Jon			2026-03-18T07:45:46.101Z		
4164075762	e5c5cad9-b987-4bb4-b07b-85488c5fdd80	fbfd9df1-9345-41da-b5bd-22de23a19f6e	Animalia	Chordata	Aves	Passeriformes	Pycnonotidae	Arizelocichla	Arizelocichla milanjensis	striifacies	SUBSPECIES	Arizelocichla milanjensis striifacies			TZ	Nguru South Forest Reserve		PRESENT		2e7df380-8356-4533-bcb3-5459e23c794e	-6.05	37.479722							2003-06-22	22	6	2003	6540503	7340424	PRESERVED_SPECIMEN	NHMD	AV	NHMD122888				CC_BY_4_0		Kiure, Jacob			2026-03-18T07:45:46.101Z		COORDINATE_ROUNDED
4164075759	e5c5cad9-b987-4bb4-b07b-85488c5fdd80	c79bbb19-e1d8-4e87-8595-dfcdc7e1fc46	Animalia	Chordata	Aves	Passeriformes	Pycnonotidae	Arizelocichla	Arizelocichla fusciceps		SPECIES	Arizelocichla fusciceps (Shelley, 1893)			TZ	Uluguru Mts.		PRESENT		2e7df380-8356-4533-bcb3-5459e23c794e	-7.0	39.666667							1961-06-05	5	6	1961	6100812	6100812	PRESERVED_SPECIMEN	NHMD	AV	NHMD120832				CC_BY_4_0		Andersen, Thorkild			2026-03-18T07:45:57.922Z		COORDINATE_ROUNDED;CONTINENT_COORDINATE_MISMATCH;TAXON_MATCH_HIGHERRANK
4164075745	e5c5cad9-b987-4bb4-b07b-85488c5fdd80	2a28919b-13ab-4f10-a527-9ecc24ac93d9	Animalia	Chordata	Aves	Passeriformes	Pycnonotidae	Eurillas	Eurillas virens	zombensis	SUBSPECIES	Eurillas virens zombensis (Shelley, 1894)			TZ	Ukami Forest		PRESENT		2e7df380-8356-4533-bcb3-5459e23c794e	-7.88	36.419722							2003-02-25	25	2	2003	6086343	7340348	PRESERVED_SPECIMEN	NHMD	AV	NHMD123016				CC_BY_4_0		Kiure, Jacob			2026-03-18T07:45:46.100Z		COORDINATE_ROUNDED
4164075738	e5c5cad9-b987-4bb4-b07b-85488c5fdd80	e05e4a3e-2423-4ae9-98b6-1cba9902a11b	Animalia	Chordata	Aves	Passeriformes	Pycnonotidae	Arizelocichla	Arizelocichla masukuensis	roehli	SUBSPECIES	Arizelocichla masukuensis roehli (Reichenow, 1905)			TZ	Ukami Forest		PRESENT		2e7df380-8356-4533-bcb3-5459e23c794e	-7.88	36.419722							2003-03-08	8	3	2003	6086770	7340439	PRESERVED_SPECIMEN	NHMD	AV	NHMD122999				CC_BY_4_0		Kiure, Jacob			2026-03-18T07:45:46.099Z		COORDINATE_ROUNDED
4164075724	e5c5cad9-b987-4bb4-b07b-85488c5fdd80	96e75134-3d06-477d-8d43-8fca6933cd08	Animalia	Chordata	Aves	Passeriformes	Pycnonotidae	Phyllastrephus	Phyllastrephus cabanisi	placidus	SUBSPECIES	Phyllastrephus cabanisi placidus			TZ	Kindoroko		PRESENT		2e7df380-8356-4533-bcb3-5459e23c794e	-3.75	37.75							2009-05-07	7	5	2009	6540392	2486087	PRESERVED_SPECIMEN	NHMD	AV	NHMD127052				CC_BY_4_0		Kiure, Jacob			2026-03-18T07:45:46.097Z		
4164075716	e5c5cad9-b987-4bb4-b07b-85488c5fdd80	a17d9dc6-4380-49bf-a21a-929c5838897a	Animalia	Chordata	Aves	Passeriformes	Pycnonotidae	Pycnonotus	Pycnonotus barbatus	layardi	SUBSPECIES	Pycnonotus barbatus layardi			TZ	North Pangani River		PRESENT		2e7df380-8356-4533-bcb3-5459e23c794e	-5.429722	38.979722							1967-10-27	27	10	1967	6094955	2486147	PRESERVED_SPECIMEN	NHMD	AV	NHMD119537				CC_BY_4_0		Salanti, M.			2026-03-18T07:45:40.917Z		COORDINATE_ROUNDED
4164075662	e5c5cad9-b987-4bb4-b07b-85488c5fdd80	ffd7dde3-735d-4ee5-88d6-e6ee550ffb69	Animalia	Chordata	Aves	Passeriformes	Pycnonotidae	Criniger	Criniger calurus	emini	SUBSPECIES	Criniger calurus emini Chapin, 1948			CD	Karambi		PRESENT		2e7df380-8356-4533-bcb3-5459e23c794e	-1.873611	28.453611							2008-02-24	24	2	2008	7472964	5230289	PRESERVED_SPECIMEN	NHMD	AV	NHMD127215				CC_BY_4_0		Kizungu, B.			2026-03-18T07:45:40.911Z		COORDINATE_ROUNDED
4164075653	e5c5cad9-b987-4bb4-b07b-85488c5fdd80	ff751c72-8e5f-40f9-ad18-4283d778d5ee	Animalia	Chordata	Aves	Passeriformes	Pycnonotidae	Phyllastrephus	Phyllastrephus flavostriatus	uzungwensis	SUBSPECIES	Phyllastrephus flavostriatus uzungwensis Jensen & Stuart, 1982			TZ	Ukami Forest		PRESENT		2e7df380-8356-4533-bcb3-5459e23c794e	-7.88	36.419722							2003			2003	6086093	2486089	PRESERVED_SPECIMEN	NHMD	AV	NHMD123084				CC_BY_4_0		Kiure, Jacob			2026-03-18T07:45:43.983Z		COORDINATE_ROUNDED
4164075618	e5c5cad9-b987-4bb4-b07b-85488c5fdd80	55768d6d-a613-40a4-bde1-9807cac4f5d4	Animalia	Chordata	Aves	Passeriformes	Pycnonotidae	Hemixos	Hemixos flavala		SPECIES	Hemixos flavala Blyth, 1845				Captivity		PRESENT		2e7df380-8356-4533-bcb3-5459e23c794e													2486188	2486188	PRESERVED_SPECIMEN	NHMD	AV	NHMD137905				CC_BY_4_0					2026-03-18T07:45:57.913Z		
4164075617	e5c5cad9-b987-4bb4-b07b-85488c5fdd80	11d876bd-38ef-4843-88a7-7b2342a4b8d6	Animalia	Chordata	Aves	Passeriformes	Pycnonotidae	Arizelocichla	Arizelocichla fusciceps		SPECIES	Arizelocichla fusciceps (Shelley, 1893)			TZ	Maguli FR		PRESENT		2e7df380-8356-4533-bcb3-5459e23c794e	-9.493889	34.175833							2008-12-13	13	12	2008	6100812	6100812	PRESERVED_SPECIMEN	NHMD	AV	NHMD126863				CC_BY_4_0		Kiure, Jacob			2026-03-18T07:45:57.910Z		COORDINATE_ROUNDED;TAXON_MATCH_HIGHERRANK
4164075599	e5c5cad9-b987-4bb4-b07b-85488c5fdd80	104bc153-5b8b-44a2-9826-c26252a67730	Animalia	Chordata	Aves	Passeriformes	Pycnonotidae	Pycnonotus	Pycnonotus urostictus	philippensis	SUBSPECIES	Poliolophus urostictus philippensis Hachisuka, 1934			PH	Agay	Mindanao	PRESENT		2e7df380-8356-4533-bcb3-5459e23c794e	9.051667	125.585833							1952-01-08	8	1	1952	11027194	2486143	PRESERVED_SPECIMEN	NHMD	AV	NHMD134256				CC_BY_4_0					2026-03-18T07:45:46.085Z		COORDINATE_ROUNDED
4164075536	e5c5cad9-b987-4bb4-b07b-85488c5fdd80	7667d20c-857d-4887-be51-4b4767360513	Animalia	Chordata	Aves	Passeriformes	Pycnonotidae	Arizelocichla	Arizelocichla milanjensis	striifacies	SUBSPECIES	Arizelocichla milanjensis striifacies			TZ	Ukami Forest		PRESENT		2e7df380-8356-4533-bcb3-5459e23c794e	-7.88	36.419722							2003-03-18	18	3	2003	6540503	7340424	PRESERVED_SPECIMEN	NHMD	AV	NHMD125062				CC_BY_4_0		Kiure, Jacob			2026-03-18T07:45:40.888Z		COORDINATE_ROUNDED
4164075515	e5c5cad9-b987-4bb4-b07b-85488c5fdd80	7beef907-bba0-4881-8100-8cf315188aaf	Animalia	Chordata	Aves	Passeriformes	Pycnonotidae	Pycnonotus	Pycnonotus melanicterus		SPECIES	Pycnonotus melanicterus (Gmelin, 1789)			KH	Kampot		PRESENT		2e7df380-8356-4533-bcb3-5459e23c794e	7.325	104.379							1961			1961	2486145	2486145	PRESERVED_SPECIMEN	NHMD	AV	NHMD132986				CC_BY_4_0		Skafte, Ulrik			2026-03-18T07:45:43.972Z		COUNTRY_COORDINATE_MISMATCH;CONTINENT_COORDINATE_MISMATCH;TAXON_MATCH_HIGHERRANK
4164075510	e5c5cad9-b987-4bb4-b07b-85488c5fdd80	51b77022-18a2-40a0-b175-ff8a7b314f4a	Animalia	Chordata	Aves	Passeriformes	Pycnonotidae	Eurillas	Eurillas virens	zombensis	SUBSPECIES	Eurillas virens zombensis (Shelley, 1894)			TZ	Kalambo River Forest Reserve		PRESENT		2e7df380-8356-4533-bcb3-5459e23c794e	-7.869722	30.95							2007-12-17	17	12	2007	6086343	7340348	PRESERVED_SPECIMEN	NHMD	AV	NHMD125044				CC_BY_4_0		Kiure, Jacob			2026-03-18T07:45:46.079Z		COORDINATE_ROUNDED
4164075496	e5c5cad9-b987-4bb4-b07b-85488c5fdd80	827f1de1-2b6c-4cf7-b2a4-d38ed5bdba97	Animalia	Chordata	Aves	Passeriformes	Pycnonotidae	Arizelocichla	Arizelocichla masukuensis	roehli	SUBSPECIES	Arizelocichla masukuensis roehli (Reichenow, 1905)			TZ	Mt Kiboriani Forest Reserve		PRESENT		2e7df380-8356-4533-bcb3-5459e23c794e	-6.28	36.479722							2004-01-22	22	1	2004	6086770	7340439	PRESERVED_SPECIMEN	NHMD	AV	NHMD123551				CC_BY_4_0		Kiure, Jacob			2026-03-18T07:45:46.079Z		COORDINATE_ROUNDED
4164075470	e5c5cad9-b987-4bb4-b07b-85488c5fdd80	932b4cb4-d521-41df-96ab-f204b1ff664c	Animalia	Chordata	Aves	Passeriformes	Pycnonotidae	Pycnonotus	Pycnonotus goiavier	suluensis	SUBSPECIES	Pycnonotus goiavier suluensis Mearns, 1909			PH	Opol	Mindanao	PRESENT		2e7df380-8356-4533-bcb3-5459e23c794e	8.52	124.573333							1951-08-25	25	8	1951	6094616	2486144	PRESERVED_SPECIMEN	NHMD	AV	NHMD134236				CC_BY_4_0					2026-03-18T07:45:46.074Z		COORDINATE_ROUNDED
4164075467	e5c5cad9-b987-4bb4-b07b-85488c5fdd80	8a847201-6956-48ca-a358-a8cdf01235c6	Animalia	Chordata	Aves	Passeriformes	Pycnonotidae	Eurillas	Eurillas latirostris	australis	SUBSPECIES	Eurillas latirostris australis (Moreau, 1941)			TZ	Mbizi Forest Reserve	Rukwa Region	PRESENT		2e7df380-8356-4533-bcb3-5459e23c794e	-7.616667	31.5							2008-03-01	1	3	2008	9004172	7340356	PRESERVED_SPECIMEN	NHMD	AV	NHMD129723				CC_BY_4_0		Kiure, Jacob			2026-03-18T07:45:57.898Z		COORDINATE_ROUNDED
4164075466	e5c5cad9-b987-4bb4-b07b-85488c5fdd80	8013ceb1-b155-418c-8629-08b0e5dd4717	Animalia	Chordata	Aves	Passeriformes	Pycnonotidae	Pycnonotus	Pycnonotus goiavier	suluensis	SUBSPECIES	Pycnonotus goiavier suluensis Mearns, 1909			PH	Sapamoro	Mindanao	PRESENT		2e7df380-8356-4533-bcb3-5459e23c794e	7.266944	122.196944							1961-12-16	16	12	1961	6094616	2486144	PRESERVED_SPECIMEN	NHMD	AV	NHMD135271				CC_BY_4_0		Noona Dan Expedition			2026-03-18T07:45:46.075Z		COORDINATE_ROUNDED
4164075459	e5c5cad9-b987-4bb4-b07b-85488c5fdd80	ad97e30c-170b-43b6-9822-5a18d418eb72	Animalia	Chordata	Aves	Passeriformes	Pycnonotidae	Chlorocichla	Chlorocichla flaviventris	centralis	SUBSPECIES	Chlorocichla flaviventris centralis Reichenow, 1887			TZ	Lossongonoi Plateau		PRESENT		2e7df380-8356-4533-bcb3-5459e23c794e	-4.059722	37.13							2006-07-27	27	7	2006	6086621	2486173	PRESERVED_SPECIMEN	NHMD	AV	NHMD126330				CC_BY_4_0		Kiure, Jacob			2026-03-18T07:45:46.069Z		COORDINATE_ROUNDED
4164075423	e5c5cad9-b987-4bb4-b07b-85488c5fdd80	f4c88ad4-3a09-4ce2-b8d1-2390c8097cda	Animalia	Chordata	Aves	Passeriformes	Pycnonotidae	Phyllastrephus	Phyllastrephus cabanisi	placidus	SUBSPECIES	Phyllastrephus cabanisi placidus			TZ	Poroto Mts FR		PRESENT		2e7df380-8356-4533-bcb3-5459e23c794e	-9.016944	33.75							2008-12-19	19	12	2008	6540392	2486087	PRESERVED_SPECIMEN	NHMD	AV	NHMD126690				CC_BY_4_0		Kiure, Jacob			2026-03-18T07:45:43.960Z		COORDINATE_ROUNDED
4164075377	e5c5cad9-b987-4bb4-b07b-85488c5fdd80	34e6e665-09ff-4f9d-b792-a1df94e1b966	Animalia	Chordata	Aves	Passeriformes	Pycnonotidae	Arizelocichla	Arizelocichla masukuensis	roehli	SUBSPECIES	Arizelocichla masukuensis roehli (Reichenow, 1905)			TZ	Ndundulu Forest	Iringa Region	PRESENT		2e7df380-8356-4533-bcb3-5459e23c794e	-7.8	36.5							2007-07-20	20	7	2007	6086770	7340439	PRESERVED_SPECIMEN	NHMD	AV	NHMD129193				CC_BY_4_0		Kiure, Jacob			2026-03-18T07:45:46.062Z		
4164075355	e5c5cad9-b987-4bb4-b07b-85488c5fdd80	17552947-453b-4682-a768-89a1884ffde3	Animalia	Chordata	Aves	Passeriformes	Pycnonotidae	Andropadus	Andropadus importunus	hypoxanthus	SUBSPECIES	Andropadus importunus hypoxanthus Sharpe, 1876			TZ	Mikindani		PRESENT		2e7df380-8356-4533-bcb3-5459e23c794e	-10.279722	40.119722							1966-07-14	14	7	1966	6086920	2486162	PRESERVED_SPECIMEN	NHMD	AV	NHMD118496				CC_BY_4_0		Andersen, Thorkild			2026-03-18T07:45:43.952Z		COORDINATE_ROUNDED
4164075333	e5c5cad9-b987-4bb4-b07b-85488c5fdd80	ca8e89f7-5164-4e71-b2ab-ef79a0c15e83	Animalia	Chordata	Aves	Passeriformes	Pycnonotidae	Arizelocichla	Arizelocichla fusciceps		SPECIES	Arizelocichla fusciceps (Shelley, 1893)			TZ	Mangalisa Forest		PRESENT		2e7df380-8356-4533-bcb3-5459e23c794e	-7.17	36.43							1999-12-20	20	12	1999	6100812	6100812	PRESERVED_SPECIMEN	NHMD	AV	NHMD123818				CC_BY_4_0		Kiure, Jacob			2026-03-18T07:45:40.867Z		TAXON_MATCH_HIGHERRANK
4164075324	e5c5cad9-b987-4bb4-b07b-85488c5fdd80	b305d765-e602-4b01-9f19-d2e84d38ff8b	Animalia	Chordata	Aves	Passeriformes	Pycnonotidae	Arizelocichla	Arizelocichla fusciceps		SPECIES	Arizelocichla fusciceps (Shelley, 1893)			TZ	Ndundulu Forest	Iringa Region	PRESENT		2e7df380-8356-4533-bcb3-5459e23c794e	-7.8	36.5							2007-02-27	27	2	2007	6100812	6100812	PRESERVED_SPECIMEN	NHMD	AV	NHMD129214				CC_BY_4_0		Kiure, Jacob			2026-03-18T07:45:40.866Z		TAXON_MATCH_HIGHERRANK
4164075276	e5c5cad9-b987-4bb4-b07b-85488c5fdd80	73fb4277-394b-413e-a940-c8e05bbfcac0	Animalia	Chordata	Aves	Passeriformes	Pycnonotidae	Hypsipetes	Hypsipetes guimarasensis		SPECIES	Hypsipetes guimarasensis (Steere, 1890)			PH	Dalasag		PRESENT		2e7df380-8356-4533-bcb3-5459e23c794e									1955-02-05	5	2	1955	6093946	6093946	PRESERVED_SPECIMEN	NHMD	AV	NHMD135149				CC_BY_4_0		Rabor, D.			2026-03-18T07:45:40.862Z		
4164075275	e5c5cad9-b987-4bb4-b07b-85488c5fdd80	55132048-5523-4b0d-8d9b-3e70d195140d	Animalia	Chordata	Aves	Passeriformes	Pycnonotidae	Chlorocichla	Chlorocichla flaviventris	centralis	SUBSPECIES	Chlorocichla flaviventris centralis Reichenow, 1887			TZ	Lossongonoi Plateau		PRESENT		2e7df380-8356-4533-bcb3-5459e23c794e	-4.059722	37.13							2006-08-13	13	8	2006	6086621	2486173	PRESERVED_SPECIMEN	NHMD	AV	NHMD125004				CC_BY_4_0		Kiure, Jacob			2026-03-18T07:45:57.880Z		COORDINATE_ROUNDED
4164075271	e5c5cad9-b987-4bb4-b07b-85488c5fdd80	ff4684ed-953c-48f8-8148-269327e948e4	Animalia	Chordata	Aves	Passeriformes	Pycnonotidae	Arizelocichla	Arizelocichla fusciceps		SPECIES	Arizelocichla fusciceps (Shelley, 1893)			TZ	Maguli FR		PRESENT		2e7df380-8356-4533-bcb3-5459e23c794e	-9.493889	34.175833							2008-12-07	7	12	2008	6100812	6100812	PRESERVED_SPECIMEN	NHMD	AV	NHMD126859				CC_BY_4_0		Kiure, Jacob			2026-03-18T07:45:40.862Z		COORDINATE_ROUNDED;TAXON_MATCH_HIGHERRANK
4164075251	e5c5cad9-b987-4bb4-b07b-85488c5fdd80	596415a0-1ab2-4a3f-a344-c84dbdbc5c6c	Animalia	Chordata	Aves	Passeriformes	Pycnonotidae	Phyllastrephus	Phyllastrephus strepitans		SPECIES	Phyllastrephus strepitans (Reichenow, 1879)			TZ	Soga, Kisarawe Distr. 500', 150m		PRESENT		2e7df380-8356-4533-bcb3-5459e23c794e	-6.829722	38.869722							1961-04-19	19	4	1961	2486084	2486084	PRESERVED_SPECIMEN	NHMD	AV	NHMD122010				CC_BY_4_0		Andersen, Thorkild			2026-03-18T07:45:40.860Z		COORDINATE_ROUNDED
4164075243	e5c5cad9-b987-4bb4-b07b-85488c5fdd80	8ff3ad85-98ec-4d39-b43c-9839bdd90c12	Animalia	Chordata	Aves	Passeriformes	Pycnonotidae	Phyllastrephus	Phyllastrephus icterinus		SPECIES	Phyllastrephus icterinus (Bonaparte, 1850)			CD	Katungulu		PRESENT		2e7df380-8356-4533-bcb3-5459e23c794e	-1.915556	28.537778							2008-03-01	1	3	2008	2486106	2486106	PRESERVED_SPECIMEN	NHMD	AV	NHMD127242				CC_BY_4_0		Kizungu, B.			2026-03-18T07:45:46.045Z		COORDINATE_ROUNDED
4164075234	e5c5cad9-b987-4bb4-b07b-85488c5fdd80	720918cd-1e05-4a59-9256-3fd7c383541d	Animalia	Chordata	Aves	Passeriformes	Pycnonotidae	Eurillas	Eurillas virens	zombensis	SUBSPECIES	Eurillas virens zombensis (Shelley, 1894)			TZ	Nguru South Forest Reserve	Morogoro Region	PRESENT		2e7df380-8356-4533-bcb3-5459e23c794e	-6.05	37.479722							2004-10-03	3	10	2004	6086343	7340348	PRESERVED_SPECIMEN	NHMD	AV	NHMD126324				CC_BY_4_0		Kiure, Jacob			2026-03-18T07:45:57.874Z		COORDINATE_ROUNDED
4164075233	e5c5cad9-b987-4bb4-b07b-85488c5fdd80	b977d0dd-9d6f-41d8-91e3-1cfbf26167b2	Animalia	Chordata	Aves	Passeriformes	Pycnonotidae	Alophoixus	Alophoixus frater		SPECIES	Alophoixus frater (Sharpe, 1877)			PH	Pinigisan, Mt. Mantalingajan	Mimaropa	PRESENT		2e7df380-8356-4533-bcb3-5459e23c794e	8.613686	117.702725							1961-09-19	19	9	1961	6094308	6094308	PRESERVED_SPECIMEN	NHMD	AV	NHMD136163				CC_BY_4_0		Petersen, Erik;Andersen, Søren;Oaney, William			2026-03-18T07:45:57.874Z		COORDINATE_ROUNDED;CONTINENT_COORDINATE_MISMATCH
4164075205	e5c5cad9-b987-4bb4-b07b-85488c5fdd80	7b2e8df0-ec0e-4680-8bc1-79ab8c914a0c	Animalia	Chordata	Aves	Passeriformes	Pycnonotidae	Pycnonotus	Pycnonotus urostictus	philippensis	SUBSPECIES	Poliolophus urostictus philippensis Hachisuka, 1934			PH	Agay	Mindanao	PRESENT		2e7df380-8356-4533-bcb3-5459e23c794e	9.051667	125.585833							1952-01-14	14	1	1952	11027194	2486143	PRESERVED_SPECIMEN	NHMD	AV	NHMD134259				CC_BY_4_0					2026-03-18T07:45:40.854Z		COORDINATE_ROUNDED
4164075171	e5c5cad9-b987-4bb4-b07b-85488c5fdd80	4e67c068-55ed-47a4-9afe-9b82e96dafd5	Animalia	Chordata	Aves	Passeriformes	Pycnonotidae	Arizelocichla	Arizelocichla fusciceps		SPECIES	Arizelocichla fusciceps (Shelley, 1893)			TZ	Mafwemiro Forest		PRESENT		2e7df380-8356-4533-bcb3-5459e23c794e	-6.829722	36.569722							2002-12-01	1	12	2002	6100812	6100812	PRESERVED_SPECIMEN	NHMD	AV	NHMD122800				CC_BY_4_0		Fjeldså, Jon			2026-03-18T07:45:43.940Z		COORDINATE_ROUNDED;TAXON_MATCH_HIGHERRANK
4164075138	e5c5cad9-b987-4bb4-b07b-85488c5fdd80	c4f5e037-2170-4277-8ea2-d3b1459afbd8	Animalia	Chordata	Aves	Passeriformes	Pycnonotidae	Arizelocichla	Arizelocichla milanjensis	striifacies	SUBSPECIES	Arizelocichla milanjensis striifacies			TZ	Nguru South Forest Reserve		PRESENT		2e7df380-8356-4533-bcb3-5459e23c794e	-6.05	37.479722							2003-06-18	18	6	2003	6540503	7340424	PRESERVED_SPECIMEN	NHMD	AV	NHMD125046				CC_BY_4_0		Kiure, Jacob			2026-03-18T07:45:43.938Z		COORDINATE_ROUNDED
4164075079	e5c5cad9-b987-4bb4-b07b-85488c5fdd80	309dd778-9b5a-4ddf-a736-7057400a9497	Animalia	Chordata	Aves	Passeriformes	Pycnonotidae	Phyllastrephus	Phyllastrephus cabanisi	placidus	SUBSPECIES	Phyllastrephus cabanisi placidus			TZ	Kanga Forest Reserve		PRESENT		2e7df380-8356-4533-bcb3-5459e23c794e	-6.0	37.7							2003-11-23	23	11	2003	6540392	2486087	PRESERVED_SPECIMEN	NHMD	AV	NHMD126296				CC_BY_4_0		Kiure, Jacob			2026-03-18T07:45:46.027Z		
4164075075	e5c5cad9-b987-4bb4-b07b-85488c5fdd80	69bbfb85-d683-4cc1-88e8-a6821e11ea50	Animalia	Chordata	Aves	Passeriformes	Pycnonotidae	Phyllastrephus	Phyllastrephus cabanisi	placidus	SUBSPECIES	Phyllastrephus cabanisi placidus			TZ	Ndundulu Forest	Iringa Region	PRESENT		2e7df380-8356-4533-bcb3-5459e23c794e	-7.8	36.5							2007-07-12	12	7	2007	6540392	2486087	PRESERVED_SPECIMEN	NHMD	AV	NHMD124892				CC_BY_4_0		Kiure, Jacob			2026-03-18T07:45:40.830Z		
4164075063	e5c5cad9-b987-4bb4-b07b-85488c5fdd80	992c0763-c392-4c43-bd7f-7514bd3b3b2a	Animalia	Chordata	Aves	Passeriformes	Pycnonotidae	Arizelocichla	Arizelocichla nigriceps	nigriceps	SUBSPECIES	Arizelocichla nigriceps nigriceps (Shelley, 1889)			TZ	Marang Forest Reserve	Arusha Region	PRESENT		2e7df380-8356-4533-bcb3-5459e23c794e	-3.73	35.63							2004-04-03	3	4	2004	7340427	7340426	PRESERVED_SPECIMEN	NHMD	AV	NHMD129782				CC_BY_4_0		Kiure, Jacob			2026-03-18T07:45:43.923Z		
4164074974	e5c5cad9-b987-4bb4-b07b-85488c5fdd80	bceff66b-13f5-4e28-a580-f6214c61db72	Animalia	Chordata	Aves	Passeriformes	Pycnonotidae	Arizelocichla	Arizelocichla masukuensis		SPECIES	Arizelocichla masukuensis (Shelley, 1897)			TZ	Poroto Mts FR		PRESENT		2e7df380-8356-4533-bcb3-5459e23c794e	-9.016944	33.75							2009-01-04	4	1	2009	7340439	7340439	PRESERVED_SPECIMEN	NHMD	AV	NHMD126857				CC_BY_4_0		Kiure, Jacob			2026-03-18T07:45:57.847Z		COORDINATE_ROUNDED;TAXON_MATCH_HIGHERRANK
4164074966	e5c5cad9-b987-4bb4-b07b-85488c5fdd80	a2574757-42f1-4d24-a12d-32399e0982d4	Animalia	Chordata	Aves	Passeriformes	Pycnonotidae	Phyllastrephus	Phyllastrephus cabanisi	placidus	SUBSPECIES	Phyllastrephus cabanisi placidus			TZ	Maguli FR		PRESENT		2e7df380-8356-4533-bcb3-5459e23c794e	-9.493889	34.175833							2008-12-04	4	12	2008	6540392	2486087	PRESERVED_SPECIMEN	NHMD	AV	NHMD126833				CC_BY_4_0		Kiure, Jacob			2026-03-18T07:45:46.016Z		COORDINATE_ROUNDED
4164074957	e5c5cad9-b987-4bb4-b07b-85488c5fdd80	2dbfb45c-dfd3-4bb3-b136-5a574e75f74a	Animalia	Chordata	Aves	Passeriformes	Pycnonotidae	Arizelocichla	Arizelocichla masukuensis	roehli	SUBSPECIES	Arizelocichla masukuensis roehli (Reichenow, 1905)			TZ	Ukami Forest		PRESENT		2e7df380-8356-4533-bcb3-5459e23c794e	-7.88	36.419722							2003			2003	6086770	7340439	PRESERVED_SPECIMEN	NHMD	AV	NHMD123003				CC_BY_4_0		Kiure, Jacob			2026-03-18T07:45:57.845Z		COORDINATE_ROUNDED
4164074952	e5c5cad9-b987-4bb4-b07b-85488c5fdd80	e190c3e0-858f-4679-9329-ecbdf51195b3	Animalia	Chordata	Aves	Passeriformes	Pycnonotidae	Arizelocichla	Arizelocichla fusciceps		SPECIES	Arizelocichla fusciceps (Shelley, 1893)			TZ	Uluguru Mts.		PRESENT		2e7df380-8356-4533-bcb3-5459e23c794e	-7.0	39.666667							1962-06-19	19	6	1962	6100812	6100812	PRESERVED_SPECIMEN	NHMD	AV	NHMD120833				CC_BY_4_0		Andersen, Thorkild			2026-03-18T07:45:57.840Z		COORDINATE_ROUNDED;CONTINENT_COORDINATE_MISMATCH;TAXON_MATCH_HIGHERRANK
4164074898	e5c5cad9-b987-4bb4-b07b-85488c5fdd80	a77ceaaf-30df-46f9-8733-3684bd76b16a	Animalia	Chordata	Aves	Passeriformes	Pycnonotidae	Hypsipetes	Hypsipetes everetti	everetti	SUBSPECIES	Hypsipetes everetti everetti (Tweeddale, 1877)			PH	Cabanglasan	Mindanao	PRESENT		2e7df380-8356-4533-bcb3-5459e23c794e	8.071944	125.299167							1951-10-21	21	10	1951	7342047	7342046	PRESERVED_SPECIMEN	NHMD	AV	NHMD134289				CC_BY_4_0					2026-03-18T07:45:46.010Z		COORDINATE_ROUNDED
4164074880	e5c5cad9-b987-4bb4-b07b-85488c5fdd80	de8d04a1-fbe0-42bb-91d7-096ba78429d1	Animalia	Chordata	Aves	Passeriformes	Pycnonotidae	Arizelocichla	Arizelocichla milanjensis	striifacies	SUBSPECIES	Arizelocichla milanjensis striifacies			TZ	Ndundulu Forest	Iringa Region	PRESENT		2e7df380-8356-4533-bcb3-5459e23c794e	-7.8	36.5							2006-12-26	26	12	2006	6540503	7340424	PRESERVED_SPECIMEN	NHMD	AV	NHMD125058				CC_BY_4_0		Kiure, Jacob			2026-03-18T07:45:57.832Z		
4164074868	e5c5cad9-b987-4bb4-b07b-85488c5fdd80	1d388efa-973b-4180-a68c-31cb444a58a0	Animalia	Chordata	Aves	Passeriformes	Pycnonotidae	Pycnonotus	Pycnonotus barbatus	layardi	SUBSPECIES	Pycnonotus barbatus layardi			TZ	Ndundulu Forest	Iringa Region	PRESENT		2e7df380-8356-4533-bcb3-5459e23c794e	-7.8	36.5							2007-07-20	20	7	2007	6094955	2486147	PRESERVED_SPECIMEN	NHMD	AV	NHMD125075				CC_BY_4_0		Kiure, Jacob			2026-03-18T07:45:40.791Z	StillImage	
4164074842	e5c5cad9-b987-4bb4-b07b-85488c5fdd80	5450ce33-e57c-4e9b-9717-4354c0a6a479	Animalia	Chordata	Aves	Passeriformes	Pycnonotidae	Arizelocichla	Arizelocichla masukuensis	roehli	SUBSPECIES	Arizelocichla masukuensis roehli (Reichenow, 1905)			TZ	Nguru South Forest Reserve		PRESENT		2e7df380-8356-4533-bcb3-5459e23c794e	-6.05	37.479722							2004-10-08	8	10	2004	6086770	7340439	PRESERVED_SPECIMEN	NHMD	AV	NHMD124963				CC_BY_4_0		Kiure, Jacob			2026-03-18T07:45:46.005Z		COORDINATE_ROUNDED
4164074830	e5c5cad9-b987-4bb4-b07b-85488c5fdd80	024b9e9d-6324-4089-9705-225f5c6632b5	Animalia	Chordata	Aves	Passeriformes	Pycnonotidae	Eurillas	Eurillas latirostris	australis	SUBSPECIES	Eurillas latirostris australis (Moreau, 1941)			TZ	Mbizi Forest Reserve		PRESENT		2e7df380-8356-4533-bcb3-5459e23c794e	-7.889722	31.68							2008-03-01	1	3	2008	9004172	7340356	PRESERVED_SPECIMEN	NHMD	AV	NHMD125792				CC_BY_4_0		Kiure, Jacob			2026-03-18T07:45:43.909Z		COORDINATE_ROUNDED
4164074823	e5c5cad9-b987-4bb4-b07b-85488c5fdd80	7eb4b21b-7287-427f-937b-cb499d0fdda5	Animalia	Chordata	Aves	Passeriformes	Pycnonotidae	Arizelocichla	Arizelocichla masukuensis	roehli	SUBSPECIES	Arizelocichla masukuensis roehli (Reichenow, 1905)			TZ	Nguru South Forest Reserve		PRESENT		2e7df380-8356-4533-bcb3-5459e23c794e	-6.2	37.516667							2005-03-17	17	3	2005	6086770	7340439	PRESERVED_SPECIMEN	NHMD	AV	NHMD129744				CC_BY_4_0		Kiure, Jacob			2026-03-18T07:45:45.999Z		COORDINATE_ROUNDED
4164074814	e5c5cad9-b987-4bb4-b07b-85488c5fdd80	3a643ec0-0b27-4bdd-bce8-2cc7b8c99189	Animalia	Chordata	Aves	Passeriformes	Pycnonotidae	Arizelocichla	Arizelocichla fusciceps		SPECIES	Arizelocichla fusciceps (Shelley, 1893)			TZ	Mafwemiro Forest		PRESENT		2e7df380-8356-4533-bcb3-5459e23c794e	-6.829722	36.569722							2000-04-04	4	4	2000	6100812	6100812	PRESERVED_SPECIMEN	NHMD	AV	NHMD122518				CC_BY_4_0		Kiure, Jacob			2026-03-18T07:45:40.785Z		COORDINATE_ROUNDED;TAXON_MATCH_HIGHERRANK
4164074792	e5c5cad9-b987-4bb4-b07b-85488c5fdd80	658d935e-3efb-465d-80de-6b307d256d71	Animalia	Chordata	Aves	Passeriformes	Pycnonotidae	Eurillas	Eurillas virens	zombensis	SUBSPECIES	Eurillas virens zombensis (Shelley, 1894)			TZ	Amani		PRESENT		2e7df380-8356-4533-bcb3-5459e23c794e	-5.099722	38.63							1980-07-14	14	7	1980	6086343	7340348	PRESERVED_SPECIMEN	NHMD	AV	NHMD125039				CC_BY_4_0		Jensen, Flemming			2026-03-18T07:45:45.994Z		COORDINATE_ROUNDED
4164074774	e5c5cad9-b987-4bb4-b07b-85488c5fdd80	3c82f8f9-6b1b-4cec-bddc-694ad4f58464	Animalia	Chordata	Aves	Passeriformes	Pycnonotidae	Eurillas	Eurillas virens	zombensis	SUBSPECIES	Eurillas virens zombensis (Shelley, 1894)			TZ	Kanga Forest Reserve	Morogoro Region	PRESENT		2e7df380-8356-4533-bcb3-5459e23c794e	-6.0	37.7							2003-05-19	19	5	2003	6086343	7340348	PRESERVED_SPECIMEN	NHMD	AV	NHMD129710				CC_BY_4_0		Kiure, Jacob			2026-03-18T07:45:43.897Z		
4164074763	e5c5cad9-b987-4bb4-b07b-85488c5fdd80	94c2ac16-9037-420f-ad5f-01e5ae98c35a	Animalia	Chordata	Aves	Passeriformes	Pycnonotidae	Arizelocichla	Arizelocichla nigriceps		SPECIES	Arizelocichla nigriceps (Shelley, 1889)			TZ	Poroto Mts FR		PRESENT		2e7df380-8356-4533-bcb3-5459e23c794e	-9.016667	33.75							2008-03-27	27	3	2008	7340426	7340426	PRESERVED_SPECIMEN	NHMD	AV	NHMD129007				CC_BY_4_0		Kiure, Jacob			2026-03-18T07:45:57.760Z		COORDINATE_ROUNDED
4164074723	e5c5cad9-b987-4bb4-b07b-85488c5fdd80	f2f0c5cf-167f-402b-9d0a-3fef089433d9	Animalia	Chordata	Aves	Passeriformes	Pycnonotidae	Eurillas	Eurillas virens	zombensis	SUBSPECIES	Eurillas virens zombensis (Shelley, 1894)			TZ	Kanga Forest Reserve		PRESENT		2e7df380-8356-4533-bcb3-5459e23c794e	-6.0	37.7							2003-05-25	25	5	2003	6086343	7340348	PRESERVED_SPECIMEN	NHMD	AV	NHMD122891				CC_BY_4_0		Kiure, Jacob			2026-03-18T07:45:40.772Z		
4164074657	e5c5cad9-b987-4bb4-b07b-85488c5fdd80	d799c878-ba41-4266-bfb0-123a83b58ead	Animalia	Chordata	Aves	Passeriformes	Pycnonotidae	Arizelocichla	Arizelocichla fusciceps		SPECIES	Arizelocichla fusciceps (Shelley, 1893)			TZ	Uluguru Mts.		PRESENT		2e7df380-8356-4533-bcb3-5459e23c794e	-7.0	39.666667							1962-05-19	19	5	1962	6100812	6100812	PRESERVED_SPECIMEN	NHMD	AV	NHMD120831				CC_BY_4_0		Andersen, Thorkild			2026-03-18T07:45:57.703Z		COORDINATE_ROUNDED;CONTINENT_COORDINATE_MISMATCH;TAXON_MATCH_HIGHERRANK
4164074647	e5c5cad9-b987-4bb4-b07b-85488c5fdd80	1444a17c-3435-4cd5-b311-c68b35a1eef2	Animalia	Chordata	Aves	Passeriformes	Pycnonotidae	Phyllastrephus	Phyllastrephus flavostriatus	alfredi	SUBSPECIES	Phyllastrephus flavostriatus alfredi			TZ	Mbizi Forest Reserve		PRESENT		2e7df380-8356-4533-bcb3-5459e23c794e	-7.889722	31.68							2008-03-08	8	3	2008	6540367	2486089	PRESERVED_SPECIMEN	NHMD	AV	NHMD125797				CC_BY_4_0		Kiure, Jacob			2026-03-18T07:45:57.701Z		COORDINATE_ROUNDED
4164074640	e5c5cad9-b987-4bb4-b07b-85488c5fdd80	668587f7-9222-4646-b323-36d96305744c	Animalia	Chordata	Aves	Passeriformes	Pycnonotidae	Phyllastrephus	Phyllastrephus cabanisi	placidus	SUBSPECIES	Phyllastrephus cabanisi placidus			TZ	Nguru South Forest Reserve		PRESENT		2e7df380-8356-4533-bcb3-5459e23c794e	-6.05	37.479722							2004-10-08	8	10	2004	6540392	2486087	PRESERVED_SPECIMEN	NHMD	AV	NHMD126287				CC_BY_4_0		Kiure, Jacob			2026-03-18T07:45:43.884Z		COORDINATE_ROUNDED
4164074637	e5c5cad9-b987-4bb4-b07b-85488c5fdd80	0bbbb669-e8e4-4842-ab9a-feba82658f4c	Animalia	Chordata	Aves	Passeriformes	Pycnonotidae	Arizelocichla	Arizelocichla masukuensis	roehli	SUBSPECIES	Arizelocichla masukuensis roehli (Reichenow, 1905)			TZ	Nguru South Forest Reserve		PRESENT		2e7df380-8356-4533-bcb3-5459e23c794e	-6.05	37.479722							2003-06-17	17	6	2003	6086770	7340439	PRESERVED_SPECIMEN	NHMD	AV	NHMD122875				CC_BY_4_0		Kiure, Jacob			2026-03-18T07:45:57.700Z		COORDINATE_ROUNDED
4164074636	e5c5cad9-b987-4bb4-b07b-85488c5fdd80	22a4de37-fac0-4eff-a9ef-2f185923f847	Animalia	Chordata	Aves	Passeriformes	Pycnonotidae	Arizelocichla	Arizelocichla masukuensis	roehli	SUBSPECIES	Arizelocichla masukuensis roehli (Reichenow, 1905)			TZ	Ndundulu Forest	Iringa Region	PRESENT		2e7df380-8356-4533-bcb3-5459e23c794e	-7.8	36.5							2007-01-01	1	1	2007	6086770	7340439	PRESERVED_SPECIMEN	NHMD	AV	NHMD129188				CC_BY_4_0		Kiure, Jacob			2026-03-18T07:45:45.960Z		
4164074631	e5c5cad9-b987-4bb4-b07b-85488c5fdd80	4b5d1f35-7015-4273-91f2-d1aa7d40982e	Animalia	Chordata	Aves	Passeriformes	Pycnonotidae	Eurillas	Eurillas latirostris	latirostris	SUBSPECIES	Eurillas latirostris latirostris (Strickland, 1844)			CD	Karambi		PRESENT		2e7df380-8356-4533-bcb3-5459e23c794e	-1.873611	28.453611							2008-02-23	23	2	2008	6086380	7340356	PRESERVED_SPECIMEN	NHMD	AV	NHMD127208				CC_BY_4_0		Kizungu, B.			2026-03-18T07:45:43.884Z		COORDINATE_ROUNDED
4164074626	e5c5cad9-b987-4bb4-b07b-85488c5fdd80	885c6623-b1bb-4c92-9927-9c98dc6e2a83	Animalia	Chordata	Aves	Passeriformes	Pycnonotidae	Eurillas	Eurillas virens	zombensis	SUBSPECIES	Eurillas virens zombensis (Shelley, 1894)			TZ	Uluguru Mts.		PRESENT		2e7df380-8356-4533-bcb3-5459e23c794e	-7.0	39.666667							1961-02-04	4	2	1961	6086343	7340348	PRESERVED_SPECIMEN	NHMD	AV	NHMD120853				CC_BY_4_0		Andersen, Thorkild			2026-03-18T07:45:45.959Z		COORDINATE_ROUNDED;CONTINENT_COORDINATE_MISMATCH
4164074597	e5c5cad9-b987-4bb4-b07b-85488c5fdd80	22367961-bc8c-4bf3-874f-3598291db4f6	Animalia	Chordata	Aves	Passeriformes	Pycnonotidae	Eurillas	Eurillas virens	zombensis	SUBSPECIES	Eurillas virens zombensis (Shelley, 1894)			TZ	Kanga Forest Reserve		PRESENT		2e7df380-8356-4533-bcb3-5459e23c794e	-6.0	37.7							2003-05-19	19	5	2003	6086343	7340348	PRESERVED_SPECIMEN	NHMD	AV	NHMD122895				CC_BY_4_0		Kiure, Jacob			2026-03-18T07:45:40.745Z		
4164074585	e5c5cad9-b987-4bb4-b07b-85488c5fdd80	7a7b514a-53a9-4a95-bffd-a539216f21e3	Animalia	Chordata	Aves	Passeriformes	Pycnonotidae	Arizelocichla	Arizelocichla milanjensis	striifacies	SUBSPECIES	Arizelocichla milanjensis striifacies			TZ	Ndundulu Forest	Iringa Region	PRESENT		2e7df380-8356-4533-bcb3-5459e23c794e	-7.8	36.5							2007-01-22	22	1	2007	6540503	7340424	PRESERVED_SPECIMEN	NHMD	AV	NHMD129209				CC_BY_4_0		Kiure, Jacob			2026-03-18T07:45:45.954Z		
4164074553	e5c5cad9-b987-4bb4-b07b-85488c5fdd80	230a1e83-9c52-4c79-aa96-56ef20a7fb6b	Animalia	Chordata	Aves	Passeriformes	Pycnonotidae	Arizelocichla	Arizelocichla masukuensis	roehli	SUBSPECIES	Arizelocichla masukuensis roehli (Reichenow, 1905)			TZ	Uluguru Mts.		PRESENT		2e7df380-8356-4533-bcb3-5459e23c794e	-7.0	39.666667							1961-01-29	29	1	1961	6086770	7340439	PRESERVED_SPECIMEN	NHMD	AV	NHMD120817				CC_BY_4_0		Andersen, Thorkild			2026-03-18T07:45:57.689Z		COORDINATE_ROUNDED;CONTINENT_COORDINATE_MISMATCH
4164074535	e5c5cad9-b987-4bb4-b07b-85488c5fdd80	4735f2d1-3329-461f-a937-8ee4d8475387	Animalia	Chordata	Aves	Passeriformes	Pycnonotidae	Arizelocichla	Arizelocichla fusciceps		SPECIES	Arizelocichla fusciceps (Shelley, 1893)			TZ	Ijogo FR		PRESENT		2e7df380-8356-4533-bcb3-5459e23c794e									2010-01-11	11	1	2010	6100812	6100812	PRESERVED_SPECIMEN	NHMD	AV	NHMD128921				CC_BY_4_0		Kiure, Jacob			2026-03-18T07:45:45.947Z		TAXON_MATCH_HIGHERRANK
4164074533	e5c5cad9-b987-4bb4-b07b-85488c5fdd80	48183c59-a71d-4f45-8838-fef47f9fab01	Animalia	Chordata	Aves	Passeriformes	Pycnonotidae	Arizelocichla	Arizelocichla fusciceps		SPECIES	Arizelocichla fusciceps (Shelley, 1893)			TZ	Ndundulu Forest	Iringa Region	PRESENT		2e7df380-8356-4533-bcb3-5459e23c794e	-7.8	36.5							2007-01-31	31	1	2007	6100812	6100812	PRESERVED_SPECIMEN	NHMD	AV	NHMD129689				CC_BY_4_0		Kiure, Jacob			2026-03-18T07:45:40.734Z		TAXON_MATCH_HIGHERRANK
4164074520	e5c5cad9-b987-4bb4-b07b-85488c5fdd80	4db11953-bb18-48e0-a5bb-cd9f7c3d303e	Animalia	Chordata	Aves	Passeriformes	Pycnonotidae	Andropadus	Andropadus importunus	hypoxanthus	SUBSPECIES	Andropadus importunus hypoxanthus Sharpe, 1876			TZ	Mikindani		PRESENT		2e7df380-8356-4533-bcb3-5459e23c794e	-10.279722	40.119722							1965-03-27	27	3	1965	6086920	2486162	PRESERVED_SPECIMEN	NHMD	AV	NHMD120843				CC_BY_4_0		Andersen, Thorkild			2026-03-18T07:45:45.946Z		COORDINATE_ROUNDED
4164074519	e5c5cad9-b987-4bb4-b07b-85488c5fdd80	b26252b0-bc8d-4981-adb1-b5200d5da531	Animalia	Chordata	Aves	Passeriformes	Pycnonotidae	Arizelocichla	Arizelocichla fusciceps		SPECIES	Arizelocichla fusciceps (Shelley, 1893)			TZ	Nguru South Forest Reserve		PRESENT		2e7df380-8356-4533-bcb3-5459e23c794e	-6.05	37.479722							2004-10-08	8	10	2004	6100812	6100812	PRESERVED_SPECIMEN	NHMD	AV	NHMD124819				CC_BY_4_0		Kiure, Jacob			2026-03-18T07:45:45.946Z	StillImage	COORDINATE_ROUNDED;TAXON_MATCH_HIGHERRANK
4164074511	e5c5cad9-b987-4bb4-b07b-85488c5fdd80	bbbb3fb7-ba14-4248-a23f-1cd8a5a53d23	Animalia	Chordata	Aves	Passeriformes	Pycnonotidae	Phyllastrephus	Phyllastrephus cabanisi	placidus	SUBSPECIES	Phyllastrephus cabanisi placidus			TZ	Nguru South Forest Reserve		PRESENT		2e7df380-8356-4533-bcb3-5459e23c794e	-6.05	37.479722							2003-06-12	12	6	2003	6540392	2486087	PRESERVED_SPECIMEN	NHMD	AV	NHMD122910				CC_BY_4_0		Kiure, Jacob			2026-03-18T07:45:40.730Z		COORDINATE_ROUNDED
4164074508	e5c5cad9-b987-4bb4-b07b-85488c5fdd80	9a66e19b-c1ed-4ff4-8420-32f49d9a3bab	Animalia	Chordata	Aves	Passeriformes	Pycnonotidae	Arizelocichla	Arizelocichla masukuensis	roehli	SUBSPECIES	Arizelocichla masukuensis roehli (Reichenow, 1905)			TZ	Nguru South Forest Reserve		PRESENT		2e7df380-8356-4533-bcb3-5459e23c794e	-6.2	37.516667							2003-06-12	12	6	2003	6086770	7340439	PRESERVED_SPECIMEN	NHMD	AV	NHMD129731				CC_BY_4_0		Kiure, Jacob			2026-03-18T07:45:45.945Z		COORDINATE_ROUNDED
4164074489	e5c5cad9-b987-4bb4-b07b-85488c5fdd80	89c49aa9-07ba-433e-9f9e-4b6d366e128c	Animalia	Chordata	Aves	Passeriformes	Pycnonotidae	Arizelocichla	Arizelocichla masukuensis	roehli	SUBSPECIES	Arizelocichla masukuensis roehli (Reichenow, 1905)			TZ	Ukami Forest		PRESENT		2e7df380-8356-4533-bcb3-5459e23c794e	-7.88	36.419722							2003			2003	6086770	7340439	PRESERVED_SPECIMEN	NHMD	AV	NHMD123012				CC_BY_4_0		Kiure, Jacob			2026-03-18T07:45:45.943Z		COORDINATE_ROUNDED
4164074484	e5c5cad9-b987-4bb4-b07b-85488c5fdd80	c7dadea7-ce62-4b27-8d48-44f47104903a	Animalia	Chordata	Aves	Passeriformes	Pycnonotidae	Pycnonotus	Pycnonotus barbatus	layardi	SUBSPECIES	Pycnonotus barbatus layardi			MW	Gala Estate		PRESENT		2e7df380-8356-4533-bcb3-5459e23c794e	-15.490922	35.197733							1962-08-24	24	8	1962	6094955	2486147	PRESERVED_SPECIMEN	NHMD	AV	NHMD137520				CC_BY_4_0		Grüner, Sven			2026-03-18T07:45:57.628Z		COORDINATE_ROUNDED
4164074461	e5c5cad9-b987-4bb4-b07b-85488c5fdd80	2457e29c-e5a0-4397-bbd1-3d5efa213cb8	Animalia	Chordata	Aves	Passeriformes	Pycnonotidae	Phyllastrephus	Phyllastrephus debilis	rabai	SUBSPECIES	Phyllastrephus debilis rabai Hartert & Someren, 1921			TZ	Nguru South Forest Reserve	Morogoro Region	PRESENT		2e7df380-8356-4533-bcb3-5459e23c794e	-6.2	37.516667							2003-06-19	19	6	2003	5846134	2486088	PRESERVED_SPECIMEN	NHMD	AV	NHMD129677				CC_BY_4_0		Kiure, Jacob			2026-03-18T07:45:45.942Z		COORDINATE_ROUNDED
4164074429	e5c5cad9-b987-4bb4-b07b-85488c5fdd80	d4870c7f-6cf1-4e97-a064-3f4e5a539c29	Animalia	Chordata	Aves	Passeriformes	Pycnonotidae	Eurillas	Eurillas latirostris	latirostris	SUBSPECIES	Eurillas latirostris latirostris (Strickland, 1844)			CD	Karambi		PRESENT		2e7df380-8356-4533-bcb3-5459e23c794e	-1.873611	28.453611							2008-02-24	24	2	2008	6086380	7340356	PRESERVED_SPECIMEN	NHMD	AV	NHMD127216				CC_BY_4_0		Kizungu, B.			2026-03-18T07:45:57.584Z		COORDINATE_ROUNDED
4164074427	e5c5cad9-b987-4bb4-b07b-85488c5fdd80	851b27b1-7de0-4656-aa27-94b02386f9e8	Animalia	Chordata	Aves	Passeriformes	Pycnonotidae	Arizelocichla	Arizelocichla masukuensis	roehli	SUBSPECIES	Arizelocichla masukuensis roehli (Reichenow, 1905)			TZ	Nguru South Forest Reserve		PRESENT		2e7df380-8356-4533-bcb3-5459e23c794e	-6.05	37.479722							2004-10-08	8	10	2004	6086770	7340439	PRESERVED_SPECIMEN	NHMD	AV	NHMD126332				CC_BY_4_0		Kiure, Jacob			2026-03-18T07:45:45.939Z		COORDINATE_ROUNDED
4164074406	e5c5cad9-b987-4bb4-b07b-85488c5fdd80	e7c9bb31-b7f1-443b-b64a-3f821f2ce88a	Animalia	Chordata	Aves	Passeriformes	Pycnonotidae	Criniger	Criniger calurus	emini	SUBSPECIES	Criniger calurus emini Chapin, 1948			CD	Laylay		PRESENT		2e7df380-8356-4533-bcb3-5459e23c794e	-1.902222	28.506389							2008-02-27	27	2	2008	7472964	5230289	PRESERVED_SPECIMEN	NHMD	AV	NHMD127229				CC_BY_4_0		Kizungu, B.			2026-03-18T07:45:43.865Z		COORDINATE_ROUNDED
4164074394	e5c5cad9-b987-4bb4-b07b-85488c5fdd80	58679048-128f-4c7d-b058-b850490b5b03	Animalia	Chordata	Aves	Passeriformes	Pycnonotidae	Eurillas	Eurillas virens	zombensis	SUBSPECIES	Eurillas virens zombensis (Shelley, 1894)			TZ	West of Ruipa river		PRESENT		2e7df380-8356-4533-bcb3-5459e23c794e	-8.119722	36.33							1995-11-22	22	11	1995	6086343	7340348	PRESERVED_SPECIMEN	NHMD	AV	NHMD121910				CC_BY_4_0		Bolding Kristensen, Jan			2026-03-18T07:45:40.706Z		COORDINATE_ROUNDED
4164074392	e5c5cad9-b987-4bb4-b07b-85488c5fdd80	2eb6e76f-6f2f-4c3a-a213-2f6e2059df22	Animalia	Chordata	Aves	Passeriformes	Pycnonotidae	Arizelocichla	Arizelocichla fusciceps		SPECIES	Arizelocichla fusciceps (Shelley, 1893)			TZ	Mafwemiro Forest		PRESENT		2e7df380-8356-4533-bcb3-5459e23c794e	-6.829722	36.569722							2002-11-22	22	11	2002	6100812	6100812	PRESERVED_SPECIMEN	NHMD	AV	NHMD122802				CC_BY_4_0		Fjeldså, Jon			2026-03-18T07:45:45.938Z		COORDINATE_ROUNDED;TAXON_MATCH_HIGHERRANK
4164074375	e5c5cad9-b987-4bb4-b07b-85488c5fdd80	bc326888-51bf-495e-9a5f-ae4ffb220483	Animalia	Chordata	Aves	Passeriformes	Pycnonotidae	Phyllastrephus	Phyllastrephus cabanisi	placidus	SUBSPECIES	Phyllastrephus cabanisi placidus			TZ	Uluguru Mts.		PRESENT		2e7df380-8356-4533-bcb3-5459e23c794e	-7.0	39.666667							1962-03-06	6	3	1962	6540392	2486087	PRESERVED_SPECIMEN	NHMD	AV	NHMD121983				CC_BY_4_0		Andersen, Thorkild			2026-03-18T07:45:45.936Z		COORDINATE_ROUNDED;CONTINENT_COORDINATE_MISMATCH
4164074357	e5c5cad9-b987-4bb4-b07b-85488c5fdd80	8051a42d-5ab4-41c2-b3b9-207fc5e43fba	Animalia	Chordata	Aves	Passeriformes	Pycnonotidae	Hypsipetes	Hypsipetes everetti	everetti	SUBSPECIES	Hypsipetes everetti everetti (Tweeddale, 1877)			PH	Agay	Mindanao	PRESENT		2e7df380-8356-4533-bcb3-5459e23c794e	9.051667	125.585833							1952-01-13	13	1	1952	7342047	7342046	PRESERVED_SPECIMEN	NHMD	AV	NHMD134286				CC_BY_4_0					2026-03-18T07:45:40.701Z		COORDINATE_ROUNDED
4164074342	e5c5cad9-b987-4bb4-b07b-85488c5fdd80	c877a77b-b2fe-4e9e-baf9-7ebb130f9543	Animalia	Chordata	Aves	Passeriformes	Pycnonotidae	Arizelocichla	Arizelocichla milanjensis	striifacies	SUBSPECIES	Arizelocichla milanjensis striifacies			TZ	Ndundulu Forest	Iringa Region	PRESENT		2e7df380-8356-4533-bcb3-5459e23c794e	-7.8	36.5							2007-09-16	16	9	2007	6540503	7340424	PRESERVED_SPECIMEN	NHMD	AV	NHMD129741				CC_BY_4_0		Kiure, Jacob			2026-03-18T07:45:45.931Z		
4164074340	e5c5cad9-b987-4bb4-b07b-85488c5fdd80	e4f6b65a-5c64-45c5-9db0-ea34ccdefb1e	Animalia	Chordata	Aves	Passeriformes	Pycnonotidae	Pycnonotus	Pycnonotus atriceps		SPECIES	Brachypodius atriceps (Temminck, 1822)			PH	Pinigisan, Mt. Mantalingajan	Mimaropa	PRESENT		2e7df380-8356-4533-bcb3-5459e23c794e	8.613686	117.702725							1961-09-16	16	9	1961	10988392	2486134	PRESERVED_SPECIMEN	NHMD	AV	NHMD136151				CC_BY_4_0		Petersen, Erik;Andersen, Søren;Oaney, William			2026-03-18T07:45:57.571Z		COORDINATE_ROUNDED;CONTINENT_COORDINATE_MISMATCH;TAXON_MATCH_HIGHERRANK
4164074309	e5c5cad9-b987-4bb4-b07b-85488c5fdd80	3f03195b-7858-4b3d-b188-5b8653c1bb8c	Animalia	Chordata	Aves	Passeriformes	Pycnonotidae	Hypsipetes	Hypsipetes guimarasensis		SPECIES	Hypsipetes guimarasensis (Steere, 1890)			PH	San Antonio	Central Visayas	PRESENT		2e7df380-8356-4533-bcb3-5459e23c794e									1952-09-21	21	9	1952	6093946	6093946	PRESERVED_SPECIMEN	NHMD	AV	NHMD135147				CC_BY_4_0		Rabor, D.			2026-03-18T07:45:43.857Z		
4164074300	e5c5cad9-b987-4bb4-b07b-85488c5fdd80	b3df9984-b44e-4f2d-915f-136043b9c69d	Animalia	Chordata	Aves	Passeriformes	Pycnonotidae	Pycnonotus	Pycnonotus barbatus	layardi	SUBSPECIES	Pycnonotus barbatus layardi			MW	Namadzi		PRESENT		2e7df380-8356-4533-bcb3-5459e23c794e	-15.633708	35.166942							1962-07-09	9	7	1962	6094955	2486147	PRESERVED_SPECIMEN	NHMD	AV	NHMD137519				CC_BY_4_0		Grüner			2026-03-18T07:45:40.695Z		COORDINATE_ROUNDED
4164074280	e5c5cad9-b987-4bb4-b07b-85488c5fdd80	ececa1ef-97a6-4a13-8b5d-644394b35a86	Animalia	Chordata	Aves	Passeriformes	Pycnonotidae	Arizelocichla	Arizelocichla milanjensis	striifacies	SUBSPECIES	Arizelocichla milanjensis striifacies			TZ	Mt. Kilimanjaro		PRESENT		2e7df380-8356-4533-bcb3-5459e23c794e									1967-09-15	15	9	1967	6540503	7340424	PRESERVED_SPECIMEN	NHMD	AV	NHMD119551				CC_BY_4_0		Salanti, M.			2026-03-18T07:45:40.692Z		
4164074279	e5c5cad9-b987-4bb4-b07b-85488c5fdd80	fe2c3f70-e2fa-45af-9810-96e95e0642f5	Animalia	Chordata	Aves	Passeriformes	Pycnonotidae	Phyllastrephus	Phyllastrephus cabanisi	placidus	SUBSPECIES	Phyllastrephus cabanisi placidus			TZ	Nguru South Forest Reserve		PRESENT		2e7df380-8356-4533-bcb3-5459e23c794e	-6.05	37.479722							2003-06-11	11	6	2003	6540392	2486087	PRESERVED_SPECIMEN	NHMD	AV	NHMD122904				CC_BY_4_0		Kiure, Jacob			2026-03-18T07:45:40.692Z		COORDINATE_ROUNDED
4164074274	e5c5cad9-b987-4bb4-b07b-85488c5fdd80	542b85c2-7997-4893-96d8-57c4d46a403c	Animalia	Chordata	Aves	Passeriformes	Pycnonotidae	Pycnonotus	Pycnonotus barbatus	layardi	SUBSPECIES	Pycnonotus barbatus layardi			TZ	Lossongonoi Plateau		PRESENT		2e7df380-8356-4533-bcb3-5459e23c794e	-4.059722	37.13							2006-08-17	17	8	2006	6094955	2486147	PRESERVED_SPECIMEN	NHMD	AV	NHMD125081				CC_BY_4_0		Kiure, Jacob			2026-03-18T07:45:43.854Z		COORDINATE_ROUNDED
4164074273	e5c5cad9-b987-4bb4-b07b-85488c5fdd80	0b2b326a-893d-40eb-9304-088c59823552	Animalia	Chordata	Aves	Passeriformes	Pycnonotidae	Phyllastrephus	Phyllastrephus cabanisi	placidus	SUBSPECIES	Phyllastrephus cabanisi placidus			TZ	Nguru South Forest Reserve		PRESENT		2e7df380-8356-4533-bcb3-5459e23c794e	-6.05	37.479722							2003-06-13	13	6	2003	6540392	2486087	PRESERVED_SPECIMEN	NHMD	AV	NHMD122908				CC_BY_4_0		Kiure, Jacob			2026-03-18T07:45:45.925Z		COORDINATE_ROUNDED
4164074242	e5c5cad9-b987-4bb4-b07b-85488c5fdd80	989d0965-78fd-4b67-bc4c-4194bbe3b0f5	Animalia	Chordata	Aves	Passeriformes	Pycnonotidae	Arizelocichla	Arizelocichla fusciceps		SPECIES	Arizelocichla fusciceps (Shelley, 1893)			TZ	Maguli FR		PRESENT		2e7df380-8356-4533-bcb3-5459e23c794e	-9.493889	34.175833							2008-11-24	24	11	2008	6100812	6100812	PRESERVED_SPECIMEN	NHMD	AV	NHMD126860				CC_BY_4_0		Kiure, Jacob			2026-03-18T07:45:57.489Z		COORDINATE_ROUNDED;TAXON_MATCH_HIGHERRANK
4164074218	e5c5cad9-b987-4bb4-b07b-85488c5fdd80	27552238-21a1-4d1a-8fb0-87682801faa2	Animalia	Chordata	Aves	Passeriformes	Pycnonotidae	Hypsipetes	Hypsipetes everetti	haynaldi	SUBSPECIES	Hypsipetes everetti haynaldi (W.Blasius, 1890)			PH	Tarawakan, Tawi Tawi Isl.	Autonomous Region in Muslim Mindanao	PRESENT		2e7df380-8356-4533-bcb3-5459e23c794e	5.106217	119.863425							1961-10-20	20	10	1961	6093912	7342046	PRESERVED_SPECIMEN	NHMD	AV	NHMD135879				CC_BY_4_0		Petersen, Erik;Andersen, Søren;Oaney, William			2026-03-18T07:45:43.849Z		COORDINATE_ROUNDED
4164074217	e5c5cad9-b987-4bb4-b07b-85488c5fdd80	9510a541-612e-4b92-88b4-f4b494a1c233	Animalia	Chordata	Aves	Passeriformes	Pycnonotidae	Thapsinillas	Thapsinillas affinis		SPECIES	Thapsinillas affinis (Hombron & Jacquinot, 1841)			ID	Gunung Sere above Tapaya Village		PRESENT		2e7df380-8356-4533-bcb3-5459e23c794e									2013-11-23	23	11	2013	6100816	6100816	PRESERVED_SPECIMEN	NHMD	AV	NHMD135184				CC_BY_4_0		Reeve, Andrew			2026-03-18T07:45:43.849Z		TAXON_MATCH_HIGHERRANK
4164074185	e5c5cad9-b987-4bb4-b07b-85488c5fdd80	76107175-8553-483c-9eff-24611b78b88b	Animalia	Chordata	Aves	Passeriformes	Pycnonotidae	Arizelocichla	Arizelocichla milanjensis	striifacies	SUBSPECIES	Arizelocichla milanjensis striifacies			TZ	Ndundulu Forest	Iringa Region	PRESENT		2e7df380-8356-4533-bcb3-5459e23c794e	-7.8	36.5							2006-12-30	30	12	2006	6540503	7340424	PRESERVED_SPECIMEN	NHMD	AV	NHMD129728				CC_BY_4_0		Kiure, Jacob			2026-03-18T07:45:40.678Z		
4164074167	e5c5cad9-b987-4bb4-b07b-85488c5fdd80	67173bca-a277-41d6-819d-478600d0f4f6	Animalia	Chordata	Aves	Passeriformes	Pycnonotidae	Pycnonotus	Pycnonotus barbatus	layardi	SUBSPECIES	Pycnonotus barbatus layardi			TZ	Mikindani		PRESENT		2e7df380-8356-4533-bcb3-5459e23c794e	-10.279722	40.119722							1966-06-28	28	6	1966	6094955	2486147	PRESERVED_SPECIMEN	NHMD	AV	NHMD132598				CC_BY_4_0		Andersen, Thorkild			2026-03-18T07:45:45.917Z		COORDINATE_ROUNDED
4164074156	e5c5cad9-b987-4bb4-b07b-85488c5fdd80	56803e7d-3367-4f14-9730-803961e23608	Animalia	Chordata	Aves	Passeriformes	Pycnonotidae	Arizelocichla	Arizelocichla masukuensis	roehli	SUBSPECIES	Arizelocichla masukuensis roehli (Reichenow, 1905)			TZ	Ijogo FR		PRESENT		2e7df380-8356-4533-bcb3-5459e23c794e									2010-01-11	11	1	2010	6086770	7340439	PRESERVED_SPECIMEN	NHMD	AV	NHMD128920				CC_BY_4_0		Kiure, Jacob			2026-03-18T07:45:57.466Z		
4164074110	e5c5cad9-b987-4bb4-b07b-85488c5fdd80	7866b509-a1e5-4ca3-8675-d9ea2f410d3c	Animalia	Chordata	Aves	Passeriformes	Pycnonotidae	Phyllastrephus	Phyllastrephus cabanisi	placidus	SUBSPECIES	Phyllastrephus cabanisi placidus			TZ	Marang Forest Reserve	Arusha Region	PRESENT		2e7df380-8356-4533-bcb3-5459e23c794e	-3.73	35.63							2004-04-01	1	4	2004	6540392	2486087	PRESERVED_SPECIMEN	NHMD	AV	NHMD123431				CC_BY_4_0		Kiure, Jacob			2026-03-18T07:45:57.460Z		
4164074108	e5c5cad9-b987-4bb4-b07b-85488c5fdd80	b17857d2-a812-448b-9865-6c140d27b7fa	Animalia	Chordata	Aves	Passeriformes	Pycnonotidae	Eurillas	Eurillas virens	zombensis	SUBSPECIES	Eurillas virens zombensis (Shelley, 1894)			TZ	Kanga Forest Reserve	Morogoro Region	PRESENT		2e7df380-8356-4533-bcb3-5459e23c794e	-6.0	37.7							2003-11-21	21	11	2003	6086343	7340348	PRESERVED_SPECIMEN	NHMD	AV	NHMD129713				CC_BY_4_0		Kiure, Jacob			2026-03-18T07:45:57.460Z		
4164074105	e5c5cad9-b987-4bb4-b07b-85488c5fdd80	35bf5b88-4a67-40c3-bcf0-82b9f5179b08	Animalia	Chordata	Aves	Passeriformes	Pycnonotidae	Phyllastrephus	Phyllastrephus cabanisi	placidus	SUBSPECIES	Phyllastrephus cabanisi placidus			TZ	Mafwemiro Forest	Dodoma Region	PRESENT		2e7df380-8356-4533-bcb3-5459e23c794e	-6.93333	36.58333							2002-11-21	21	11	2002	6540392	2486087	PRESERVED_SPECIMEN	NHMD	AV	NHMD129657				CC_BY_4_0		Fjeldså, Jon			2026-03-18T07:45:43.838Z		
4164074100	e5c5cad9-b987-4bb4-b07b-85488c5fdd80	91293724-f84b-43a3-b836-91e460731a51	Animalia	Chordata	Aves	Passeriformes	Pycnonotidae	Pycnonotus	Pycnonotus barbatus	layardi	SUBSPECIES	Pycnonotus barbatus layardi			TZ	Mikindani		PRESENT		2e7df380-8356-4533-bcb3-5459e23c794e	-10.279722	40.119722							1966-06-28	28	6	1966	6094955	2486147	PRESERVED_SPECIMEN	NHMD	AV	NHMD132599				CC_BY_4_0		Andersen, Thorkild			2026-03-18T07:45:57.458Z		COORDINATE_ROUNDED
4164074092	e5c5cad9-b987-4bb4-b07b-85488c5fdd80	789d0337-f7c0-4464-9c33-be5a822f1416	Animalia	Chordata	Aves	Passeriformes	Pycnonotidae	Arizelocichla	Arizelocichla masukuensis	roehli	SUBSPECIES	Arizelocichla masukuensis roehli (Reichenow, 1905)			TZ	Nguru South Forest Reserve		PRESENT		2e7df380-8356-4533-bcb3-5459e23c794e	-6.2	37.516667							2004-10-15	15	10	2004	6086770	7340439	PRESERVED_SPECIMEN	NHMD	AV	NHMD129734				CC_BY_4_0		Kiure, Jacob			2026-03-18T07:45:43.836Z		COORDINATE_ROUNDED
4164074056	e5c5cad9-b987-4bb4-b07b-85488c5fdd80	772ceeab-5379-4e64-adff-e5ca1e9cf708	Animalia	Chordata	Aves	Passeriformes	Pycnonotidae	Arizelocichla	Arizelocichla fusciceps		SPECIES	Arizelocichla fusciceps (Shelley, 1893)			TZ	Uluguru Mts.		PRESENT		2e7df380-8356-4533-bcb3-5459e23c794e	-7.0	39.666667							1961-01-10	10	1	1961	6100812	6100812	PRESERVED_SPECIMEN	NHMD	AV	NHMD120835				CC_BY_4_0		Andersen, Thorkild			2026-03-18T07:45:45.906Z		COORDINATE_ROUNDED;CONTINENT_COORDINATE_MISMATCH;TAXON_MATCH_HIGHERRANK
4164074051	e5c5cad9-b987-4bb4-b07b-85488c5fdd80	a5cc39ba-0a8f-4c89-9434-174c2baf7107	Animalia	Chordata	Aves	Passeriformes	Pycnonotidae	Eurillas	Eurillas virens	zombensis	SUBSPECIES	Eurillas virens zombensis (Shelley, 1894)			TZ	Kilindi Forest Reserve		PRESENT		2e7df380-8356-4533-bcb3-5459e23c794e	-5.57	37.569722							2005-05-11	11	5	2005	6086343	7340348	PRESERVED_SPECIMEN	NHMD	AV	NHMD125017				CC_BY_4_0		Kiure, Jacob			2026-03-18T07:45:57.453Z		COORDINATE_ROUNDED
4164074049	e5c5cad9-b987-4bb4-b07b-85488c5fdd80	caa3922e-e1fa-4b08-b857-fbdd942ff67c	Animalia	Chordata	Aves	Passeriformes	Pycnonotidae	Phyllastrephus	Phyllastrephus cabanisi	placidus	SUBSPECIES	Phyllastrephus cabanisi placidus			TZ	Nguru South Forest Reserve	Morogoro Region	PRESENT		2e7df380-8356-4533-bcb3-5459e23c794e	-6.2	37.516667							2004-10-09	9	10	2004	6540392	2486087	PRESERVED_SPECIMEN	NHMD	AV	NHMD129671				CC_BY_4_0		Kiure, Jacob			2026-03-18T07:45:40.655Z		COORDINATE_ROUNDED
4164074023	e5c5cad9-b987-4bb4-b07b-85488c5fdd80	2a90afae-39d4-4b29-84b7-ded5292e1a6c	Animalia	Chordata	Aves	Passeriformes	Pycnonotidae	Arizelocichla	Arizelocichla fusciceps		SPECIES	Arizelocichla fusciceps (Shelley, 1893)			TZ	Maguli FR		PRESENT		2e7df380-8356-4533-bcb3-5459e23c794e	-9.493889	34.175833							2008-12-08	8	12	2008	6100812	6100812	PRESERVED_SPECIMEN	NHMD	AV	NHMD126867				CC_BY_4_0		Kiure, Jacob			2026-03-18T07:45:45.902Z		COORDINATE_ROUNDED;TAXON_MATCH_HIGHERRANK
4164074017	e5c5cad9-b987-4bb4-b07b-85488c5fdd80	9b15f243-4f21-4a39-a1b4-842c4b89ab9c	Animalia	Chordata	Aves	Passeriformes	Pycnonotidae	Eurillas	Eurillas virens	virens	SUBSPECIES	Eurillas virens virens (Cassin, 1857)			CD	Chiriba		PRESENT		2e7df380-8356-4533-bcb3-5459e23c794e	-2.046389	28.595556							2008-03-06	6	3	2008	7340349	7340348	PRESERVED_SPECIMEN	NHMD	AV	NHMD127263				CC_BY_4_0		Kizungu, B.			2026-03-18T07:45:43.831Z		COORDINATE_ROUNDED
4164073999	e5c5cad9-b987-4bb4-b07b-85488c5fdd80	331b4cd5-49bd-4777-be51-3f8948930873	Animalia	Chordata	Aves	Passeriformes	Pycnonotidae	Pycnonotus	Pycnonotus barbatus		SPECIES	Pycnonotus barbatus (Desfontaines, 1789)			TZ	Kalambo River Forest Reserve		PRESENT		2e7df380-8356-4533-bcb3-5459e23c794e	-7.869722	30.95							2007-12-18	18	12	2007	2486147	2486147	PRESERVED_SPECIMEN	NHMD	AV	NHMD125068				CC_BY_4_0		Kiure, Jacob			2026-03-18T07:45:45.901Z		COORDINATE_ROUNDED
4164073983	e5c5cad9-b987-4bb4-b07b-85488c5fdd80	9a2a7b8a-c67c-4bc3-9cb5-b9d88573a534	Animalia	Chordata	Aves	Passeriformes	Pycnonotidae	Phyllastrephus	Phyllastrephus albigula		SPECIES	Phyllastrephus albigula (Grote, 1919)			TZ	Nguru South Forest Reserve		PRESENT		2e7df380-8356-4533-bcb3-5459e23c794e	-6.05	37.479722							2003-06-19	19	6	2003	6086037	6086037	PRESERVED_SPECIMEN	NHMD	AV	NHMD122920				CC_BY_4_0		Kiure, Jacob			2026-03-18T07:45:40.649Z		COORDINATE_ROUNDED
4164073966	e5c5cad9-b987-4bb4-b07b-85488c5fdd80	6323c5be-2839-46ed-ba3d-e6254c858d81	Animalia	Chordata	Aves	Passeriformes	Pycnonotidae	Eurillas	Eurillas virens	zombensis	SUBSPECIES	Eurillas virens zombensis (Shelley, 1894)			TZ	West of Ruipa river		PRESENT		2e7df380-8356-4533-bcb3-5459e23c794e	-8.119722	36.33							1995-11-26	26	11	1995	6086343	7340348	PRESERVED_SPECIMEN	NHMD	AV	NHMD121908				CC_BY_4_0		Bolding Kristensen, Jan			2026-03-18T07:45:45.899Z		COORDINATE_ROUNDED
4164073927	e5c5cad9-b987-4bb4-b07b-85488c5fdd80	a11153f1-6cb4-4a64-a31f-c330300628ca	Animalia	Chordata	Aves	Passeriformes	Pycnonotidae	Arizelocichla	Arizelocichla milanjensis	striifacies	SUBSPECIES	Arizelocichla milanjensis striifacies			TZ	Ukami Forest		PRESENT		2e7df380-8356-4533-bcb3-5459e23c794e	-7.88	36.419722							2003-03-17	17	3	2003	6540503	7340424	PRESERVED_SPECIMEN	NHMD	AV	NHMD125061				CC_BY_4_0		Kiure, Jacob			2026-03-18T07:45:43.824Z		COORDINATE_ROUNDED
4164073908	e5c5cad9-b987-4bb4-b07b-85488c5fdd80	4e0c0ffb-b753-4b68-ad3b-d5dee61a3bba	Animalia	Chordata	Aves	Passeriformes	Pycnonotidae	Pycnonotus	Pycnonotus urostictus	philippensis	SUBSPECIES	Poliolophus urostictus philippensis Hachisuka, 1934			PH	Tuod	Mindanao	PRESENT		2e7df380-8356-4533-bcb3-5459e23c794e	8.343889	124.359444							1951-09-18	18	9	1951	11027194	2486143	PRESERVED_SPECIMEN	NHMD	AV	NHMD134252				CC_BY_4_0					2026-03-18T07:45:40.635Z		COORDINATE_ROUNDED
4164073907	e5c5cad9-b987-4bb4-b07b-85488c5fdd80	9cdc0996-589d-4488-a157-4ddadca5a0f6	Animalia	Chordata	Aves	Passeriformes	Pycnonotidae	Arizelocichla	Arizelocichla masukuensis	roehli	SUBSPECIES	Arizelocichla masukuensis roehli (Reichenow, 1905)			TZ	Nguru South Forest Reserve		PRESENT		2e7df380-8356-4533-bcb3-5459e23c794e	-6.2	37.516667							2003-06-14	14	6	2003	6086770	7340439	PRESERVED_SPECIMEN	NHMD	AV	NHMD129757				CC_BY_4_0		Kiure, Jacob			2026-03-18T07:45:45.891Z		COORDINATE_ROUNDED
4164073904	e5c5cad9-b987-4bb4-b07b-85488c5fdd80	15f0c782-5d96-4497-ab66-dac6a9e9818f	Animalia	Chordata	Aves	Passeriformes	Pycnonotidae	Phyllastrephus	Phyllastrephus cabanisi	placidus	SUBSPECIES	Phyllastrephus cabanisi placidus			TZ	Maguli FR		PRESENT		2e7df380-8356-4533-bcb3-5459e23c794e	-9.493889	34.175833							2008-11-22	22	11	2008	6540392	2486087	PRESERVED_SPECIMEN	NHMD	AV	NHMD129179				CC_BY_4_0		Kiure, Jacob			2026-03-18T07:45:45.891Z		COORDINATE_ROUNDED
4164073903	e5c5cad9-b987-4bb4-b07b-85488c5fdd80	9080ef8e-9ee4-448b-bb99-843536142428	Animalia	Chordata	Aves	Passeriformes	Pycnonotidae	Pycnonotus	Pycnonotus barbatus	layardi	SUBSPECIES	Pycnonotus barbatus layardi			TZ	Lossongonoi Plateau	Manyara Region	PRESENT		2e7df380-8356-4533-bcb3-5459e23c794e	-4.713889	37.142222							2006-08-17	17	8	2006	6094955	2486147	PRESERVED_SPECIMEN	NHMD	AV	NHMD129661				CC_BY_4_0		Kiure, Jacob			2026-03-18T07:45:43.819Z		COORDINATE_ROUNDED
4164073889	e5c5cad9-b987-4bb4-b07b-85488c5fdd80	1a60947e-4f44-4cb8-9270-bd33117b84a2	Animalia	Chordata	Aves	Passeriformes	Pycnonotidae	Phyllastrephus	Phyllastrephus flavostriatus	tenuirostris	SUBSPECIES	Phyllastrephus flavostriatus tenuirostris (Fischer & Reichenow, 1884)			TZ	Nguru South Forest Reserve		PRESENT		2e7df380-8356-4533-bcb3-5459e23c794e	-6.05	37.479722							2003-06-02	2	6	2003	6086107	2486089	PRESERVED_SPECIMEN	NHMD	AV	NHMD123782				CC_BY_4_0		Kiure, Jacob			2026-03-18T07:45:57.390Z		COORDINATE_ROUNDED
4164073866	e5c5cad9-b987-4bb4-b07b-85488c5fdd80	47fc3882-eec1-4f06-83c3-6fef98ceec30	Animalia	Chordata	Aves	Passeriformes	Pycnonotidae	Phyllastrephus	Phyllastrephus cabanisi	sucosus	SUBSPECIES	Phyllastrephus cabanisi sucosus Reichenow, 1903			SS	Gilo		PRESENT		2e7df380-8356-4533-bcb3-5459e23c794e	4.0308	32.845325							1980-11-18	18	11	1980	6086217	2486087	PRESERVED_SPECIMEN	NHMD	AV	NHMD127296				CC_BY_4_0		Jensen, Flemming			2026-03-18T07:45:57.389Z		
4164073857	e5c5cad9-b987-4bb4-b07b-85488c5fdd80	ef93ed79-a223-478f-8028-ea469710e204	Animalia	Chordata	Aves	Passeriformes	Pycnonotidae	Phyllastrephus	Phyllastrephus cabanisi	placidus	SUBSPECIES	Phyllastrephus cabanisi placidus			TZ	Maguli FR		PRESENT		2e7df380-8356-4533-bcb3-5459e23c794e	-9.493889	34.175833							2008-11-22	22	11	2008	6540392	2486087	PRESERVED_SPECIMEN	NHMD	AV	NHMD126691				CC_BY_4_0		Kiure, Jacob			2026-03-18T07:45:40.627Z		COORDINATE_ROUNDED
4164073856	e5c5cad9-b987-4bb4-b07b-85488c5fdd80	2a2bcaf3-fb43-4b29-8982-4b89ff78506c	Animalia	Chordata	Aves	Passeriformes	Pycnonotidae	Arizelocichla	Arizelocichla fusciceps		SPECIES	Arizelocichla fusciceps (Shelley, 1893)			TZ	Nguru South Forest Reserve		PRESENT		2e7df380-8356-4533-bcb3-5459e23c794e	-6.05	37.479722							2004-10-02	2	10	2004	6100812	6100812	PRESERVED_SPECIMEN	NHMD	AV	NHMD124817				CC_BY_4_0		Kiure, Jacob			2026-03-18T07:45:43.817Z		COORDINATE_ROUNDED;TAXON_MATCH_HIGHERRANK
4164073848	e5c5cad9-b987-4bb4-b07b-85488c5fdd80	c0f35a48-dc1f-4509-867c-9bd7acb0dc9d	Animalia	Chordata	Aves	Passeriformes	Pycnonotidae	Hypsipetes	Hypsipetes everetti	everetti	SUBSPECIES	Hypsipetes everetti everetti (Tweeddale, 1877)			PH	Cabanglasan	Mindanao	PRESENT		2e7df380-8356-4533-bcb3-5459e23c794e	8.071944	125.299167							1951-10-29	29	10	1951	7342047	7342046	PRESERVED_SPECIMEN	NHMD	AV	NHMD134295				CC_BY_4_0					2026-03-18T07:45:40.625Z		COORDINATE_ROUNDED
4164073840	e5c5cad9-b987-4bb4-b07b-85488c5fdd80	58f1d33c-7022-4ae4-bab7-bab5c529a17a	Animalia	Chordata	Aves	Passeriformes	Pycnonotidae	Eurillas	Eurillas curvirostris	curvirostris	SUBSPECIES	Eurillas curvirostris curvirostris (Cassin, 1859)			CG	Laylay		PRESENT		2e7df380-8356-4533-bcb3-5459e23c794e	-1.902222	28.506389							2008-02-26	26	2	2008	6086401	7340361	PRESERVED_SPECIMEN	NHMD	AV	NHMD127223				CC_BY_4_0		Kizungu, B.			2026-03-18T07:45:43.813Z		COORDINATE_ROUNDED;COUNTRY_COORDINATE_MISMATCH
4164073812	e5c5cad9-b987-4bb4-b07b-85488c5fdd80	20118439-2fdd-4872-b48b-f4e1c71a2804	Animalia	Chordata	Aves	Passeriformes	Pycnonotidae	Arizelocichla	Arizelocichla masukuensis	roehli	SUBSPECIES	Arizelocichla masukuensis roehli (Reichenow, 1905)			TZ	Mafwemiro Forest		PRESENT		2e7df380-8356-4533-bcb3-5459e23c794e	-6.829722	36.569722							2002-11-24	24	11	2002	6086770	7340439	PRESERVED_SPECIMEN	NHMD	AV	NHMD122767				CC_BY_4_0		Kiure, Jacob			2026-03-18T07:45:40.617Z		COORDINATE_ROUNDED
4164073787	e5c5cad9-b987-4bb4-b07b-85488c5fdd80	5d79b2ff-3bb8-42c8-b35e-0c23a3f65d9b	Animalia	Chordata	Aves	Passeriformes	Pycnonotidae	Arizelocichla	Arizelocichla masukuensis	roehli	SUBSPECIES	Arizelocichla masukuensis roehli (Reichenow, 1905)			TZ	Nguru South Forest Reserve		PRESENT		2e7df380-8356-4533-bcb3-5459e23c794e	-6.05	37.479722							2004-10-16	16	10	2004	6086770	7340439	PRESERVED_SPECIMEN	NHMD	AV	NHMD124968				CC_BY_4_0		Kiure, Jacob			2026-03-18T07:45:43.807Z		COORDINATE_ROUNDED
4164073757	e5c5cad9-b987-4bb4-b07b-85488c5fdd80	9e4f8ed9-1197-4b90-bdf5-91b87000b9e1	Animalia	Chordata	Aves	Passeriformes	Pycnonotidae	Phyllastrephus	Phyllastrephus cabanisi	sucosus	SUBSPECIES	Phyllastrephus cabanisi sucosus Reichenow, 1903			SS	Gilo		PRESENT		2e7df380-8356-4533-bcb3-5459e23c794e	4.0308	32.845325							1980-11-24	24	11	1980	6086217	2486087	PRESERVED_SPECIMEN	NHMD	AV	NHMD137414				CC_BY_4_0		Jensen, Flemming			2026-03-18T07:45:43.803Z		
4164073752	e5c5cad9-b987-4bb4-b07b-85488c5fdd80	25dc3bac-73d5-4878-9c82-3cf0e5d570dd	Animalia	Chordata	Aves	Passeriformes	Pycnonotidae	Arizelocichla	Arizelocichla fusciceps		SPECIES	Arizelocichla fusciceps (Shelley, 1893)			TZ	Ndundulu Forest	Iringa Region	PRESENT		2e7df380-8356-4533-bcb3-5459e23c794e	-7.8	36.5							2007-03-30	30	3	2007	6100812	6100812	PRESERVED_SPECIMEN	NHMD	AV	NHMD129697				CC_BY_4_0		Kiure, Jacob			2026-03-18T07:45:45.870Z		TAXON_MATCH_HIGHERRANK
4164073736	e5c5cad9-b987-4bb4-b07b-85488c5fdd80	25d753d9-74de-445c-b0b1-8c368b70fc5f	Animalia	Chordata	Aves	Passeriformes	Pycnonotidae	Arizelocichla	Arizelocichla masukuensis	roehli	SUBSPECIES	Arizelocichla masukuensis roehli (Reichenow, 1905)			TZ	Nguru South Forest Reserve		PRESENT		2e7df380-8356-4533-bcb3-5459e23c794e	-6.05	37.479722							2004-10-13	13	10	2004	6086770	7340439	PRESERVED_SPECIMEN	NHMD	AV	NHMD126331				CC_BY_4_0		Kiure, Jacob			2026-03-18T07:45:40.598Z		COORDINATE_ROUNDED
4164073713	e5c5cad9-b987-4bb4-b07b-85488c5fdd80	181aa0e0-1a1d-4602-a47a-e642e99cc820	Animalia	Chordata	Aves	Passeriformes	Pycnonotidae	Phyllastrephus	Phyllastrephus cabanisi	placidus	SUBSPECIES	Phyllastrephus cabanisi placidus			TZ	Ukami Forest		PRESENT		2e7df380-8356-4533-bcb3-5459e23c794e	-7.88	36.419722							2003-03-04	4	3	2003	6540392	2486087	PRESERVED_SPECIMEN	NHMD	AV	NHMD123026				CC_BY_4_0		Kiure, Jacob			2026-03-18T07:45:57.333Z		COORDINATE_ROUNDED
4164073702	e5c5cad9-b987-4bb4-b07b-85488c5fdd80	d94395b6-8a12-4482-a33c-79bf16b0af98	Animalia	Chordata	Aves	Passeriformes	Pycnonotidae	Phyllastrephus	Phyllastrephus strepitans		SPECIES	Phyllastrephus strepitans (Reichenow, 1879)			TZ	Soga, Kisarawe Distr. 500', 150m		PRESENT		2e7df380-8356-4533-bcb3-5459e23c794e	-6.829722	38.869722							1962-01-29	29	1	1962	2486084	2486084	PRESERVED_SPECIMEN	NHMD	AV	NHMD122011				CC_BY_4_0		Andersen, Thorkild			2026-03-18T07:45:40.595Z		COORDINATE_ROUNDED
4164073697	e5c5cad9-b987-4bb4-b07b-85488c5fdd80	9702e8f9-f9e7-45e4-bc69-6bfb0f87de97	Animalia	Chordata	Aves	Passeriformes	Pycnonotidae	Arizelocichla	Arizelocichla masukuensis		SPECIES	Arizelocichla masukuensis (Shelley, 1897)			TZ	Poroto Mts FR		PRESENT		2e7df380-8356-4533-bcb3-5459e23c794e	-9.016944	33.75							2008-01-25	25	1	2008	7340439	7340439	PRESERVED_SPECIMEN	NHMD	AV	NHMD126849				CC_BY_4_0		Kiure, Jacob			2026-03-18T07:45:45.865Z		COORDINATE_ROUNDED;TAXON_MATCH_HIGHERRANK
4164073686	e5c5cad9-b987-4bb4-b07b-85488c5fdd80	87d05cfd-52e3-4bf6-9d87-a6365eb22fbf	Animalia	Chordata	Aves	Passeriformes	Pycnonotidae	Phyllastrephus	Phyllastrephus flavostriatus	tenuirostris	SUBSPECIES	Phyllastrephus flavostriatus tenuirostris (Fischer & Reichenow, 1884)			TZ	Nguru South Forest Reserve		PRESENT		2e7df380-8356-4533-bcb3-5459e23c794e	-6.05	37.479722							2004-10-15	15	10	2004	6086107	2486089	PRESERVED_SPECIMEN	NHMD	AV	NHMD123763				CC_BY_4_0		Kiure, Jacob			2026-03-18T07:45:45.866Z		COORDINATE_ROUNDED
4164073671	e5c5cad9-b987-4bb4-b07b-85488c5fdd80	bb7fc1c4-f165-42f6-aea1-4d5613abc19e	Animalia	Chordata	Aves	Passeriformes	Pycnonotidae	Eurillas	Eurillas virens	zombensis	SUBSPECIES	Eurillas virens zombensis (Shelley, 1894)			TZ	West of Ruipa river		PRESENT		2e7df380-8356-4533-bcb3-5459e23c794e	-8.119722	36.33							1995-11-27	27	11	1995	6086343	7340348	PRESERVED_SPECIMEN	NHMD	AV	NHMD121907				CC_BY_4_0		Bolding Kristensen, Jan			2026-03-18T07:45:43.798Z		COORDINATE_ROUNDED
4164073670	e5c5cad9-b987-4bb4-b07b-85488c5fdd80	df737da5-9e42-4ea3-8f9c-0f3ed3f4a081	Animalia	Chordata	Aves	Passeriformes	Pycnonotidae	Arizelocichla	Arizelocichla fusciceps		SPECIES	Arizelocichla fusciceps (Shelley, 1893)			TZ	Poroto Mts FR		PRESENT		2e7df380-8356-4533-bcb3-5459e23c794e	-9.016667	33.75							2008-04-01	1	4	2008	6100812	6100812	PRESERVED_SPECIMEN	NHMD	AV	NHMD125818				CC_BY_4_0		Kiure, Jacob			2026-03-18T07:45:43.797Z		COORDINATE_ROUNDED;TAXON_MATCH_HIGHERRANK
4164073644	e5c5cad9-b987-4bb4-b07b-85488c5fdd80	4ec2ba05-de32-4072-863b-daf54ef96631	Animalia	Chordata	Aves	Passeriformes	Pycnonotidae	Eurillas	Eurillas latirostris	latirostris	SUBSPECIES	Eurillas latirostris latirostris (Strickland, 1844)			TZ	Mahale Mts.		PRESENT		2e7df380-8356-4533-bcb3-5459e23c794e	-6.199722	29.829722							2004-08-18	18	8	2004	6086380	7340356	PRESERVED_SPECIMEN	NHMD	AV	NHMD124900				CC_BY_4_0		Kiure, Jacob			2026-03-18T07:45:40.587Z	StillImage	COORDINATE_ROUNDED
4164073625	e5c5cad9-b987-4bb4-b07b-85488c5fdd80	da0ca6cf-39be-4381-aed4-bb189db73adf	Animalia	Chordata	Aves	Passeriformes	Pycnonotidae	Arizelocichla	Arizelocichla masukuensis	roehli	SUBSPECIES	Arizelocichla masukuensis roehli (Reichenow, 1905)			TZ	Mt. Kanga Forest Reserve		PRESENT		2e7df380-8356-4533-bcb3-5459e23c794e	-6.0	37.7							2003-11-25	25	11	2003	6086770	7340439	PRESERVED_SPECIMEN	NHMD	AV	NHMD124980				CC_BY_4_0		Kiure, Jacob			2026-03-18T07:45:40.581Z		
4164073616	e5c5cad9-b987-4bb4-b07b-85488c5fdd80	426fabf0-2dde-4eba-9db1-3450c7690145	Animalia	Chordata	Aves	Passeriformes	Pycnonotidae	Arizelocichla	Arizelocichla masukuensis	roehli	SUBSPECIES	Arizelocichla masukuensis roehli (Reichenow, 1905)			TZ	Ndundulu Forest	Iringa Region	PRESENT		2e7df380-8356-4533-bcb3-5459e23c794e	-7.8	36.5							2007-01-19	19	1	2007	6086770	7340439	PRESERVED_SPECIMEN	NHMD	AV	NHMD129189				CC_BY_4_0		Kiure, Jacob			2026-03-18T07:45:40.578Z		
4164073603	e5c5cad9-b987-4bb4-b07b-85488c5fdd80	6a488036-6d4c-464d-860d-51a5819a7f11	Animalia	Chordata	Aves	Passeriformes	Pycnonotidae	Phyllastrephus	Phyllastrephus albigula		SPECIES	Phyllastrephus albigula (Grote, 1919)			TZ	Nguru South Forest Reserve		PRESENT		2e7df380-8356-4533-bcb3-5459e23c794e	-6.05	37.479722							2003-05-19	19	5	2003	6086037	6086037	PRESERVED_SPECIMEN	NHMD	AV	NHMD122918				CC_BY_4_0		Kiure, Jacob			2026-03-18T07:45:45.853Z		COORDINATE_ROUNDED
4164073593	e5c5cad9-b987-4bb4-b07b-85488c5fdd80	c9a54938-5974-4521-b698-d757eab343cf	Animalia	Chordata	Aves	Passeriformes	Pycnonotidae	Phyllastrephus	Phyllastrephus cabanisi	placidus	SUBSPECIES	Phyllastrephus cabanisi placidus			TZ	Mt. Kilimanjaro		PRESENT		2e7df380-8356-4533-bcb3-5459e23c794e	-3.049722	37.349722							1967-06-15	15	6	1967	6540392	2486087	PRESERVED_SPECIMEN	NHMD	AV	NHMD124834				CC_BY_4_0		Salanti, M.			2026-03-18T07:45:49.393Z		COORDINATE_ROUNDED
4164073585	e5c5cad9-b987-4bb4-b07b-85488c5fdd80	14496e8e-013f-48c1-872f-211a888d03bf	Animalia	Chordata	Aves	Passeriformes	Pycnonotidae	Arizelocichla	Arizelocichla masukuensis	roehli	SUBSPECIES	Arizelocichla masukuensis roehli (Reichenow, 1905)			TZ	Ndundulu Forest	Iringa Region	PRESENT		2e7df380-8356-4533-bcb3-5459e23c794e	-7.8	36.5							2007-07-06	6	7	2007	6086770	7340439	PRESERVED_SPECIMEN	NHMD	AV	NHMD129755				CC_BY_4_0		Kiure, Jacob			2026-03-18T07:45:45.850Z		
4164073581	e5c5cad9-b987-4bb4-b07b-85488c5fdd80	bd393070-33ad-4b72-89d3-fd6da4e7f722	Animalia	Chordata	Aves	Passeriformes	Pycnonotidae	Arizelocichla	Arizelocichla masukuensis	roehli	SUBSPECIES	Arizelocichla masukuensis roehli (Reichenow, 1905)			TZ	Ukami Forest		PRESENT		2e7df380-8356-4533-bcb3-5459e23c794e	-7.88	36.419722							2003-03-08	8	3	2003	6086770	7340439	PRESERVED_SPECIMEN	NHMD	AV	NHMD122996				CC_BY_4_0		Kiure, Jacob			2026-03-18T07:45:49.391Z		COORDINATE_ROUNDED
4164073563	e5c5cad9-b987-4bb4-b07b-85488c5fdd80	13c07509-4ce7-4f14-a3ac-4bfe66cef7e0	Animalia	Chordata	Aves	Passeriformes	Pycnonotidae	Phyllastrephus	Phyllastrephus flavostriatus	uzungwensis	SUBSPECIES	Phyllastrephus flavostriatus uzungwensis Jensen & Stuart, 1982			TZ	Ndundulu Forest	Iringa Region	PRESENT		2e7df380-8356-4533-bcb3-5459e23c794e	-7.8	36.5							2006-12-28	28	12	2006	6086093	2486089	PRESERVED_SPECIMEN	NHMD	AV	NHMD123874				CC_BY_4_0		Ferdinand, Joh.			2026-03-18T07:45:43.785Z		
4164073542	e5c5cad9-b987-4bb4-b07b-85488c5fdd80	c80e8c58-c1cf-4fc3-a793-51806873ff57	Animalia	Chordata	Aves	Passeriformes	Pycnonotidae	Phyllastrephus	Phyllastrephus albigula		SPECIES	Phyllastrephus albigula (Grote, 1919)			TZ	Nguru South Forest Reserve		PRESENT		2e7df380-8356-4533-bcb3-5459e23c794e	-6.05	37.479722							2005-03-18	18	3	2005	6086037	6086037	PRESERVED_SPECIMEN	NHMD	AV	NHMD124916				CC_BY_4_0		Kiure, Jacob			2026-03-18T07:45:49.389Z		COORDINATE_ROUNDED
4164073520	e5c5cad9-b987-4bb4-b07b-85488c5fdd80	658e1149-ef28-49dc-ae09-388a69e85cc9	Animalia	Chordata	Aves	Passeriformes	Pycnonotidae	Arizelocichla	Arizelocichla masukuensis	roehli	SUBSPECIES	Arizelocichla masukuensis roehli (Reichenow, 1905)			TZ	Mt. Kanga Forest Reserve		PRESENT		2e7df380-8356-4533-bcb3-5459e23c794e	-6.0	37.7							2003-11-23	23	11	2003	6086770	7340439	PRESERVED_SPECIMEN	NHMD	AV	NHMD124979				CC_BY_4_0		Kiure, Jacob			2026-03-18T07:45:45.834Z		
4164073517	e5c5cad9-b987-4bb4-b07b-85488c5fdd80	fb915ba4-90e2-4881-898c-bdebf5eaf2f6	Animalia	Chordata	Aves	Passeriformes	Pycnonotidae	Eurillas	Eurillas virens	zombensis	SUBSPECIES	Eurillas virens zombensis (Shelley, 1894)			TZ	Kanga Forest Reserve		PRESENT		2e7df380-8356-4533-bcb3-5459e23c794e	-6.0	37.7							2003-11-20	20	11	2003	6086343	7340348	PRESERVED_SPECIMEN	NHMD	AV	NHMD126316				CC_BY_4_0		Kiure, Jacob			2026-03-18T07:45:45.834Z		
4164073500	e5c5cad9-b987-4bb4-b07b-85488c5fdd80	404aae99-ab32-4855-9f1e-31d79c7f6707	Animalia	Chordata	Aves	Passeriformes	Pycnonotidae	Arizelocichla	Arizelocichla fusciceps		SPECIES	Arizelocichla fusciceps (Shelley, 1893)			TZ	Mdandu Forest Reserve		PRESENT		2e7df380-8356-4533-bcb3-5459e23c794e	-9.579722	34.83							2003-11-11	11	11	2003	6100812	6100812	PRESERVED_SPECIMEN	NHMD	AV	NHMD126328				CC_BY_4_0		Kiure, Jacob			2026-03-18T07:45:49.385Z		COORDINATE_ROUNDED;TAXON_MATCH_HIGHERRANK
4164073493	e5c5cad9-b987-4bb4-b07b-85488c5fdd80	ce33b2af-b93c-4208-8098-99253de1b006	Animalia	Chordata	Aves	Passeriformes	Pycnonotidae	Arizelocichla	Arizelocichla masukuensis	roehli	SUBSPECIES	Arizelocichla masukuensis roehli (Reichenow, 1905)			TZ	Mt Kiboriani Forest Reserve		PRESENT		2e7df380-8356-4533-bcb3-5459e23c794e	-6.28	36.479722							2004-01-22	22	1	2004	6086770	7340439	PRESERVED_SPECIMEN	NHMD	AV	NHMD123554				CC_BY_4_0		Kiure, Jacob			2026-03-18T07:45:40.561Z		COORDINATE_ROUNDED
4164073485	e5c5cad9-b987-4bb4-b07b-85488c5fdd80	fbbf178d-a056-49ec-ba4b-5cb499b8ef4c	Animalia	Chordata	Aves	Passeriformes	Pycnonotidae	Arizelocichla	Arizelocichla masukuensis	roehli	SUBSPECIES	Arizelocichla masukuensis roehli (Reichenow, 1905)			TZ	Nguru South Forest Reserve		PRESENT		2e7df380-8356-4533-bcb3-5459e23c794e	-6.2	37.516667							2003-06-13	13	6	2003	6086770	7340439	PRESERVED_SPECIMEN	NHMD	AV	NHMD129760				CC_BY_4_0		Kiure, Jacob			2026-03-18T07:45:43.778Z		COORDINATE_ROUNDED
4164073476	e5c5cad9-b987-4bb4-b07b-85488c5fdd80	79b4c0e7-4150-477f-a9bd-a14f3dfdb615	Animalia	Chordata	Aves	Passeriformes	Pycnonotidae	Bleda	Bleda syndactylus	woosnami	SUBSPECIES	Bleda syndactylus woosnami Ogilvie-Grant, 1907			CD	Katungulu		PRESENT		2e7df380-8356-4533-bcb3-5459e23c794e	-1.915556	28.537778							2008-03-01	1	3	2008	6086855	7340458	PRESERVED_SPECIMEN	NHMD	AV	NHMD127248				CC_BY_4_0		Kizungu, B.			2026-03-18T07:45:49.382Z		COORDINATE_ROUNDED
4164073474	e5c5cad9-b987-4bb4-b07b-85488c5fdd80	7bd45c27-ba2e-4dec-b922-a3edec72f034	Animalia	Chordata	Aves	Passeriformes	Pycnonotidae	Arizelocichla	Arizelocichla milanjensis	striifacies	SUBSPECIES	Arizelocichla milanjensis striifacies			TZ	Nguru South Forest Reserve	Morogoro Region	PRESENT		2e7df380-8356-4533-bcb3-5459e23c794e	-6.05	37.479722							2004-10-05	5	10	2004	6540503	7340424	PRESERVED_SPECIMEN	NHMD	AV	NHMD125047				CC_BY_4_0		Kiure, Jacob			2026-03-18T07:45:43.777Z		COORDINATE_ROUNDED
4164073440	e5c5cad9-b987-4bb4-b07b-85488c5fdd80	777143ae-4a55-4df7-88de-d7c0634da977	Animalia	Chordata	Aves	Passeriformes	Pycnonotidae	Arizelocichla	Arizelocichla masukuensis	roehli	SUBSPECIES	Arizelocichla masukuensis roehli (Reichenow, 1905)			TZ	Ukami Forest		PRESENT		2e7df380-8356-4533-bcb3-5459e23c794e	-7.88	36.419722							2003-03-01	1	3	2003	6086770	7340439	PRESERVED_SPECIMEN	NHMD	AV	NHMD124976				CC_BY_4_0		Kiure, Jacob			2026-03-18T07:45:40.553Z		COORDINATE_ROUNDED
4164073434	e5c5cad9-b987-4bb4-b07b-85488c5fdd80	de4d11fa-85f9-4aad-b37b-4d15e9471288	Animalia	Chordata	Aves	Passeriformes	Pycnonotidae	Arizelocichla	Arizelocichla fusciceps		SPECIES	Arizelocichla fusciceps (Shelley, 1893)			TZ	Mafwemiro Forest	Dodoma Region	PRESENT		2e7df380-8356-4533-bcb3-5459e23c794e	-6.93333	36.58333							2002-12-02	2	12	2002	6100812	6100812	PRESERVED_SPECIMEN	NHMD	AV	NHMD129696				CC_BY_4_0		Fjeldså, Jon			2026-03-18T07:45:49.377Z		TAXON_MATCH_HIGHERRANK
4164073427	e5c5cad9-b987-4bb4-b07b-85488c5fdd80	0cca69fd-72cd-4e42-bb5e-6777965f630b	Animalia	Chordata	Aves	Passeriformes	Pycnonotidae	Atimastillas	Atimastillas flavicollis	flavigula	SUBSPECIES	Atimastillas flavicollis flavigula (Cabanis, 1880)			TZ	Bunanzi		PRESENT		2e7df380-8356-4533-bcb3-5459e23c794e	-1.22	31.399722							1950-06-10	10	6	1950	6086519	7340389	PRESERVED_SPECIMEN	NHMD	AV	NHMD120881				CC_BY_4_0		Andersen, Thorkild			2026-03-18T07:45:49.377Z	StillImage	COORDINATE_ROUNDED
4164073425	e5c5cad9-b987-4bb4-b07b-85488c5fdd80	a80708e5-c337-4d69-8042-9921ffd52eee	Animalia	Chordata	Aves	Passeriformes	Pycnonotidae	Phyllastrephus	Phyllastrephus flavostriatus	uzungwensis	SUBSPECIES	Phyllastrephus flavostriatus uzungwensis Jensen & Stuart, 1982			TZ	Ndundulu Forest	Iringa Region	PRESENT		2e7df380-8356-4533-bcb3-5459e23c794e	-7.8	36.5							2007-06-10	10	6	2007	6086093	2486089	PRESERVED_SPECIMEN	NHMD	AV	NHMD124812				CC_BY_4_0		Kiure, Jacob			2026-03-18T07:45:49.376Z		
4164073422	e5c5cad9-b987-4bb4-b07b-85488c5fdd80	3f0c1f32-6611-43cd-8426-2107871010da	Animalia	Chordata	Aves	Passeriformes	Pycnonotidae	Phyllastrephus	Phyllastrephus cabanisi	placidus	SUBSPECIES	Phyllastrephus cabanisi placidus			TZ	Ukami Forest		PRESENT		2e7df380-8356-4533-bcb3-5459e23c794e	-7.88	36.419722							2003			2003	6540392	2486087	PRESERVED_SPECIMEN	NHMD	AV	NHMD123027				CC_BY_4_0		Kiure, Jacob			2026-03-18T07:45:40.551Z		COORDINATE_ROUNDED
4164073412	e5c5cad9-b987-4bb4-b07b-85488c5fdd80	eca84518-82cb-442e-ad28-3af516f85b80	Animalia	Chordata	Aves	Passeriformes	Pycnonotidae	Thapsinillas	Thapsinillas affinis		SPECIES	Thapsinillas affinis (Hombron & Jacquinot, 1841)			ID	Buru loc.1 (230 m)	Buru	PRESENT		2e7df380-8356-4533-bcb3-5459e23c794e	-3.192222	126.0775							2011-01-31	31	1	2011	6100816	6100816	PRESERVED_SPECIMEN	NHMD	AV	NHMD129614				CC_BY_4_0		Jønsson, Knud			2026-03-18T07:45:40.550Z		COORDINATE_ROUNDED;TAXON_MATCH_HIGHERRANK
4164073408	e5c5cad9-b987-4bb4-b07b-85488c5fdd80	41617977-ac5f-4cf9-8328-ab06d349dcc0	Animalia	Chordata	Aves	Passeriformes	Pycnonotidae	Hypsipetes	Hypsipetes everetti	everetti	SUBSPECIES	Hypsipetes everetti everetti (Tweeddale, 1877)			PH	Cabanglasan	Mindanao	PRESENT		2e7df380-8356-4533-bcb3-5459e23c794e	8.071944	125.299167							1951-10-26	26	10	1951	7342047	7342046	PRESERVED_SPECIMEN	NHMD	AV	NHMD134292				CC_BY_4_0					2026-03-18T07:45:49.375Z		COORDINATE_ROUNDED
4164073401	e5c5cad9-b987-4bb4-b07b-85488c5fdd80	f35db6e3-18f8-427f-9fd0-a88db74a822e	Animalia	Chordata	Aves	Passeriformes	Pycnonotidae	Eurillas	Eurillas virens	zombensis	SUBSPECIES	Eurillas virens zombensis (Shelley, 1894)			TZ	Chita Forest Reserve		PRESENT		2e7df380-8356-4533-bcb3-5459e23c794e	-8.5	35.919722							1984-10-24	24	10	1984	6086343	7340348	PRESERVED_SPECIMEN	NHMD	AV	NHMD125025				CC_BY_4_0		Pedersen, Gitte			2026-03-18T07:45:45.822Z		COORDINATE_ROUNDED
4164073398	e5c5cad9-b987-4bb4-b07b-85488c5fdd80	ecd32186-5e21-4e9a-8173-681a296258dc	Animalia	Chordata	Aves	Passeriformes	Pycnonotidae	Arizelocichla	Arizelocichla masukuensis	roehli	SUBSPECIES	Arizelocichla masukuensis roehli (Reichenow, 1905)			TZ	Nguru South Forest Reserve		PRESENT		2e7df380-8356-4533-bcb3-5459e23c794e	-6.05	37.479722							2005-03-16	16	3	2005	6086770	7340439	PRESERVED_SPECIMEN	NHMD	AV	NHMD126337				CC_BY_4_0		Kiure, Jacob			2026-03-18T07:45:45.821Z		COORDINATE_ROUNDED
4164073366	e5c5cad9-b987-4bb4-b07b-85488c5fdd80	27a7edc8-ce0b-43aa-864a-09836e2cc037	Animalia	Chordata	Aves	Passeriformes	Pycnonotidae	Phyllastrephus	Phyllastrephus albigularis		SPECIES	Phyllastrephus albigularis (Sharpe, 1882)			SS	Talanga Forest		PRESENT		2e7df380-8356-4533-bcb3-5459e23c794e	4.029236	32.751611							1980-12-06	6	12	1980	2486093	2486093	PRESERVED_SPECIMEN	NHMD	AV	NHMD129165				CC_BY_4_0		Jensen, Flemming			2026-03-18T07:45:40.531Z		COORDINATE_ROUNDED
4164073356	e5c5cad9-b987-4bb4-b07b-85488c5fdd80	7d9425e8-bd85-4400-8b38-dd6788e8fece	Animalia	Chordata	Aves	Passeriformes	Pycnonotidae	Atimastillas	Atimastillas flavicollis	flavicollis	SUBSPECIES	Atimastillas flavicollis flavicollis (Swainson, 1837)			NG	Mt at Igbetti	Oyo State	PRESENT		2e7df380-8356-4533-bcb3-5459e23c794e									1958-10-03	3	10	1958	7340390	7340389	PRESERVED_SPECIMEN	NHMD	AV	NHMD137545				CC_BY_4_0		Volsøe, Helge			2026-03-18T07:45:49.370Z		
4164073340	e5c5cad9-b987-4bb4-b07b-85488c5fdd80	801e4741-1504-4f8c-9d20-134917b31114	Animalia	Chordata	Aves	Passeriformes	Pycnonotidae	Hypsipetes	Hypsipetes philippinus	saturatior	SUBSPECIES	Hypsipetes philippinus saturatior (Hartert, 1916)			PH	Kaatoan	Mindanao	PRESENT		2e7df380-8356-4533-bcb3-5459e23c794e	8.049	124.98							1951-11-14	14	11	1951	6093854	7342036	PRESERVED_SPECIMEN	NHMD	AV	NHMD134280				CC_BY_4_0					2026-03-18T07:45:45.816Z		
4164073321	e5c5cad9-b987-4bb4-b07b-85488c5fdd80	43e8c2b2-b5f3-45bf-8a02-096c23a14f31	Animalia	Chordata	Aves	Passeriformes	Pycnonotidae	Eurillas	Eurillas virens	virens	SUBSPECIES	Eurillas virens virens (Cassin, 1857)			CD	Laylay		PRESENT		2e7df380-8356-4533-bcb3-5459e23c794e	-1.902222	28.506389							2008-02-26	26	2	2008	7340349	7340348	PRESERVED_SPECIMEN	NHMD	AV	NHMD127225				CC_BY_4_0		Kizungu, B.			2026-03-18T07:45:49.368Z		COORDINATE_ROUNDED
4164073313	e5c5cad9-b987-4bb4-b07b-85488c5fdd80	6eaaff3a-bddd-4301-9951-064629a3c2d9	Animalia	Chordata	Aves	Passeriformes	Pycnonotidae	Hypsipetes	Hypsipetes philippinus	saturatior	SUBSPECIES	Hypsipetes philippinus saturatior (Hartert, 1916)			PH	Opol	Mindanao	PRESENT		2e7df380-8356-4533-bcb3-5459e23c794e	8.52	124.573333							1951-08-26	26	8	1951	6093854	7342036	PRESERVED_SPECIMEN	NHMD	AV	NHMD134276				CC_BY_4_0					2026-03-18T07:45:43.763Z		COORDINATE_ROUNDED
4164073275	e5c5cad9-b987-4bb4-b07b-85488c5fdd80	bf8f4992-32cb-4403-a0b6-ac06089bccd6	Animalia	Chordata	Aves	Passeriformes	Pycnonotidae	Pycnonotus	Pycnonotus barbatus	tricolor	SUBSPECIES	Pycnonotus barbatus tricolor			TZ	Bunanzi		PRESENT		2e7df380-8356-4533-bcb3-5459e23c794e	-1.22	31.399722							1950-05-29	29	5	1950	6542538	2486147	PRESERVED_SPECIMEN	NHMD	AV	NHMD120809				CC_BY_4_0		Andersen, Thorkild			2026-03-18T07:45:43.759Z		COORDINATE_ROUNDED
4164073257	e5c5cad9-b987-4bb4-b07b-85488c5fdd80	8fd0aa9c-d0a5-4165-8771-3a174fa513b8	Animalia	Chordata	Aves	Passeriformes	Pycnonotidae	Eurillas	Eurillas latirostris	latirostris	SUBSPECIES	Eurillas latirostris latirostris (Strickland, 1844)			TZ	Mahale Mts.		PRESENT		2e7df380-8356-4533-bcb3-5459e23c794e	-6.199722	29.829722							2004-08-15	15	8	2004	6086380	7340356	PRESERVED_SPECIMEN	NHMD	AV	NHMD124902				CC_BY_4_0		Kiure, Jacob			2026-03-18T07:45:49.360Z		COORDINATE_ROUNDED
4164073253	e5c5cad9-b987-4bb4-b07b-85488c5fdd80	ece523a1-4388-4a2e-91eb-289b3ec60292	Animalia	Chordata	Aves	Passeriformes	Pycnonotidae	Eurillas	Eurillas latirostris	latirostris	SUBSPECIES	Eurillas latirostris latirostris (Strickland, 1844)			TZ	Mahale Mts.	Kigoma Region	PRESENT		2e7df380-8356-4533-bcb3-5459e23c794e	-6.166667	29.75							2004-08-16	16	8	2004	6086380	7340356	PRESERVED_SPECIMEN	NHMD	AV	NHMD129720				CC_BY_4_0		Kiure, Jacob			2026-03-18T07:45:43.757Z		COORDINATE_ROUNDED
4164073224	e5c5cad9-b987-4bb4-b07b-85488c5fdd80	4edb1e93-52e3-47c8-845b-8ed436a77011	Animalia	Chordata	Aves	Passeriformes	Pycnonotidae	Phyllastrephus	Phyllastrephus albigula		SPECIES	Phyllastrephus albigula (Grote, 1919)			TZ	Nguru South Forest Reserve		PRESENT		2e7df380-8356-4533-bcb3-5459e23c794e	-6.05	37.479722							2003-06-21	21	6	2003	6086037	6086037	PRESERVED_SPECIMEN	NHMD	AV	NHMD124919				CC_BY_4_0		Kiure, Jacob			2026-03-18T07:45:45.802Z		COORDINATE_ROUNDED
4164073200	e5c5cad9-b987-4bb4-b07b-85488c5fdd80	db581adb-b7ac-449b-b6d8-7978a2d33630	Animalia	Chordata	Aves	Passeriformes	Pycnonotidae	Phyllastrephus	Phyllastrephus albigularis	albigularis	SUBSPECIES	Phyllastrephus albigularis albigularis (Sharpe, 1882)			SS	Talanga Forest		PRESENT		2e7df380-8356-4533-bcb3-5459e23c794e	4.029236	32.751611							1980-12-04	4	12	1980	7340305	2486093	PRESERVED_SPECIMEN	NHMD	AV	NHMD127301				CC_BY_4_0		Jensen, Flemming			2026-03-18T07:45:43.752Z		COORDINATE_ROUNDED
4164073161	e5c5cad9-b987-4bb4-b07b-85488c5fdd80	4df18b4c-a2c0-447d-a04f-535e80c581f9	Animalia	Chordata	Aves	Passeriformes	Pycnonotidae	Arizelocichla	Arizelocichla masukuensis	roehli	SUBSPECIES	Arizelocichla masukuensis roehli (Reichenow, 1905)			TZ	Nguru South Forest Reserve		PRESENT		2e7df380-8356-4533-bcb3-5459e23c794e	-6.05	37.479722							2004-10-08	8	10	2004	6086770	7340439	PRESERVED_SPECIMEN	NHMD	AV	NHMD124966				CC_BY_4_0		Kiure, Jacob			2026-03-18T07:45:40.492Z		COORDINATE_ROUNDED
4164073160	e5c5cad9-b987-4bb4-b07b-85488c5fdd80	ce5aa137-ac25-4ca9-9dee-007763c54783	Animalia	Chordata	Aves	Passeriformes	Pycnonotidae	Phyllastrephus	Phyllastrephus albigula		SPECIES	Phyllastrephus albigula (Grote, 1919)			TZ	Nguru South Forest Reserve		PRESENT		2e7df380-8356-4533-bcb3-5459e23c794e	-6.05	37.479722											6086037	6086037	PRESERVED_SPECIMEN	NHMD	AV	NHMD122915				CC_BY_4_0		Kiure, Jacob			2026-03-18T07:45:45.790Z		COORDINATE_ROUNDED
4164073143	e5c5cad9-b987-4bb4-b07b-85488c5fdd80	dbe6b3e1-9e0e-4c05-8ec2-6f04f9a6ec73	Animalia	Chordata	Aves	Passeriformes	Pycnonotidae	Arizelocichla	Arizelocichla masukuensis	roehli	SUBSPECIES	Arizelocichla masukuensis roehli (Reichenow, 1905)			TZ	Nguru South Forest Reserve	Morogoro Region	PRESENT		2e7df380-8356-4533-bcb3-5459e23c794e	-6.2	37.516667							2003-06-14	14	6	2003	6086770	7340439	PRESERVED_SPECIMEN	NHMD	AV	NHMD129737				CC_BY_4_0		Kiure, Jacob			2026-03-18T07:45:40.490Z		COORDINATE_ROUNDED
4164073117	e5c5cad9-b987-4bb4-b07b-85488c5fdd80	7eace8db-aefd-428c-b1f0-8ffcc148ad97	Animalia	Chordata	Aves	Passeriformes	Pycnonotidae	Eurillas	Eurillas virens	zombensis	SUBSPECIES	Eurillas virens zombensis (Shelley, 1894)			TZ	Ukami Forest		PRESENT		2e7df380-8356-4533-bcb3-5459e23c794e	-7.88	36.419722							2003-02-25	25	2	2003	6086343	7340348	PRESERVED_SPECIMEN	NHMD	AV	NHMD123014				CC_BY_4_0		Kiure, Jacob			2026-03-18T07:45:49.348Z		COORDINATE_ROUNDED
4164073070	e5c5cad9-b987-4bb4-b07b-85488c5fdd80	b7d09914-647d-4ea0-bae1-e4b417636049	Animalia	Chordata	Aves	Passeriformes	Pycnonotidae	Arizelocichla	Arizelocichla milanjensis	striifacies	SUBSPECIES	Arizelocichla milanjensis striifacies			TZ	Amani		PRESENT		2e7df380-8356-4533-bcb3-5459e23c794e	-5.099722	38.63							1980-07-14	14	7	1980	6540503	7340424	PRESERVED_SPECIMEN	NHMD	AV	NHMD125052				CC_BY_4_0		Jensen, Flemming			2026-03-18T07:45:40.475Z		COORDINATE_ROUNDED
4164073067	e5c5cad9-b987-4bb4-b07b-85488c5fdd80	763c351c-3cb0-4cb0-a0da-9951cfa17913	Animalia	Chordata	Aves	Passeriformes	Pycnonotidae	Phyllastrephus	Phyllastrephus cabanisi	placidus	SUBSPECIES	Phyllastrephus cabanisi placidus			TZ	Nguru South Forest Reserve		PRESENT		2e7df380-8356-4533-bcb3-5459e23c794e	-6.05	37.479722							2003-06-22	22	6	2003	6540392	2486087	PRESERVED_SPECIMEN	NHMD	AV	NHMD122906				CC_BY_4_0		Kiure, Jacob			2026-03-18T07:45:49.344Z		COORDINATE_ROUNDED
4164073015	e5c5cad9-b987-4bb4-b07b-85488c5fdd80	359df69a-bec8-4ba3-a28d-6f5d465f2bb3	Animalia	Chordata	Aves	Passeriformes	Pycnonotidae	Pycnonotus	Pycnonotus goiavier	suluensis	SUBSPECIES	Pycnonotus goiavier suluensis Mearns, 1909			PH	Agay	Mindanao	PRESENT		2e7df380-8356-4533-bcb3-5459e23c794e	9.051667	125.585833							1952-01-07	7	1	1952	6094616	2486144	PRESERVED_SPECIMEN	NHMD	AV	NHMD134238				CC_BY_4_0					2026-03-18T07:45:45.772Z		COORDINATE_ROUNDED
4164072999	e5c5cad9-b987-4bb4-b07b-85488c5fdd80	9fe002d2-5d89-434e-9130-3665b9fa2030	Animalia	Chordata	Aves	Passeriformes	Pycnonotidae	Criniger	Criniger calurus	emini	SUBSPECIES	Criniger calurus emini Chapin, 1948			CD	Karambi		PRESENT		2e7df380-8356-4533-bcb3-5459e23c794e	-1.873611	28.453611							2008-02-23	23	2	2008	7472964	5230289	PRESERVED_SPECIMEN	NHMD	AV	NHMD127199				CC_BY_4_0		Kizungu, B.			2026-03-18T07:45:43.731Z		COORDINATE_ROUNDED
4164072995	e5c5cad9-b987-4bb4-b07b-85488c5fdd80	aa89fa06-a2c9-4f67-b9c0-3a479b52c4ba	Animalia	Chordata	Aves	Passeriformes	Pycnonotidae	Arizelocichla	Arizelocichla fusciceps		SPECIES	Arizelocichla fusciceps (Shelley, 1893)			TZ	Mt Rungwe Forest Reserve		PRESENT		2e7df380-8356-4533-bcb3-5459e23c794e	-9.13	33.669722							2002-04-02	2	4	2002	6100812	6100812	PRESERVED_SPECIMEN	NHMD	AV	NHMD122603				CC_BY_4_0		Kiure, Jacob			2026-03-18T07:45:40.463Z		COORDINATE_ROUNDED;TAXON_MATCH_HIGHERRANK
4164072990	e5c5cad9-b987-4bb4-b07b-85488c5fdd80	001b2d7f-6e51-4b3c-8f7e-65071f467269	Animalia	Chordata	Aves	Passeriformes	Pycnonotidae	Arizelocichla	Arizelocichla milanjensis	striifacies	SUBSPECIES	Arizelocichla milanjensis striifacies			TZ	Ndundulu Forest	Iringa Region	PRESENT		2e7df380-8356-4533-bcb3-5459e23c794e	-7.8	36.5							2007-07-11	11	7	2007	6540503	7340424	PRESERVED_SPECIMEN	NHMD	AV	NHMD129730				CC_BY_4_0		Kiure, Jacob			2026-03-18T07:45:45.769Z		
4164072988	e5c5cad9-b987-4bb4-b07b-85488c5fdd80	77539d69-4f81-4efa-9d34-67be343ce437	Animalia	Chordata	Aves	Passeriformes	Pycnonotidae	Arizelocichla	Arizelocichla masukuensis	roehli	SUBSPECIES	Arizelocichla masukuensis roehli (Reichenow, 1905)			TZ	Ukami Forest		PRESENT		2e7df380-8356-4533-bcb3-5459e23c794e	-7.88	36.419722							2003			2003	6086770	7340439	PRESERVED_SPECIMEN	NHMD	AV	NHMD123005				CC_BY_4_0		Kiure, Jacob			2026-03-18T07:45:43.730Z		COORDINATE_ROUNDED
4164072981	e5c5cad9-b987-4bb4-b07b-85488c5fdd80	839f28ab-bc64-4a54-adc9-70358b5b2d09	Animalia	Chordata	Aves	Passeriformes	Pycnonotidae	Phyllastrephus	Phyllastrephus albigula		SPECIES	Phyllastrephus albigula (Grote, 1919)			TZ	Nguru South Forest Reserve	Morogoro Region	PRESENT		2e7df380-8356-4533-bcb3-5459e23c794e	-6.2	37.516667							2005-03-21	21	3	2005	6086037	6086037	PRESERVED_SPECIMEN	NHMD	AV	NHMD129665				CC_BY_4_0		Kiure, Jacob			2026-03-18T07:45:49.336Z		COORDINATE_ROUNDED
4164072972	e5c5cad9-b987-4bb4-b07b-85488c5fdd80	b7acbbd2-6165-4790-b606-05e1ffa784f7	Animalia	Chordata	Aves	Passeriformes	Pycnonotidae	Hypsipetes	Hypsipetes philippinus	saturatior	SUBSPECIES	Hypsipetes philippinus saturatior (Hartert, 1916)			PH	Tuod	Mindanao	PRESENT		2e7df380-8356-4533-bcb3-5459e23c794e	8.343889	124.359444							1951-09-14	14	9	1951	6093854	7342036	PRESERVED_SPECIMEN	NHMD	AV	NHMD134277				CC_BY_4_0					2026-03-18T07:45:40.458Z		COORDINATE_ROUNDED
4164072970	e5c5cad9-b987-4bb4-b07b-85488c5fdd80	36b59cf9-37d6-4e18-8c75-36d80b9502a3	Animalia	Chordata	Aves	Passeriformes	Pycnonotidae	Arizelocichla	Arizelocichla fusciceps		SPECIES	Arizelocichla fusciceps (Shelley, 1893)			TZ	Ndundulu Forest	Iringa Region	PRESENT		2e7df380-8356-4533-bcb3-5459e23c794e	-7.8	36.5							2007-02-24	24	2	2007	6100812	6100812	PRESERVED_SPECIMEN	NHMD	AV	NHMD123849				CC_BY_4_0		Kiure, Jacob			2026-03-18T07:45:45.766Z		TAXON_MATCH_HIGHERRANK
4164072949	e5c5cad9-b987-4bb4-b07b-85488c5fdd80	d7c35ba4-215b-4241-8f33-2bae95b2f723	Animalia	Chordata	Aves	Passeriformes	Pycnonotidae	Arizelocichla	Arizelocichla masukuensis	roehli	SUBSPECIES	Arizelocichla masukuensis roehli (Reichenow, 1905)			TZ	Nguru South Forest Reserve		PRESENT		2e7df380-8356-4533-bcb3-5459e23c794e	-6.2	37.516667							2003-06-13	13	6	2003	6086770	7340439	PRESERVED_SPECIMEN	NHMD	AV	NHMD129748				CC_BY_4_0		Kiure, Jacob			2026-03-18T07:45:43.726Z		COORDINATE_ROUNDED
4164072940	e5c5cad9-b987-4bb4-b07b-85488c5fdd80	7ef000f6-7857-45d8-87d6-5abab070f9b5	Animalia	Chordata	Aves	Passeriformes	Pycnonotidae	Arizelocichla	Arizelocichla fusciceps		SPECIES	Arizelocichla fusciceps (Shelley, 1893)			TZ	Mt Rungwe Forest Reserve		PRESENT		2e7df380-8356-4533-bcb3-5459e23c794e	-9.13	33.669722							2002-03-29	29	3	2002	6100812	6100812	PRESERVED_SPECIMEN	NHMD	AV	NHMD122602				CC_BY_4_0		Kiure, Jacob			2026-03-18T07:45:49.334Z		COORDINATE_ROUNDED;TAXON_MATCH_HIGHERRANK
4164072939	e5c5cad9-b987-4bb4-b07b-85488c5fdd80	32828e2a-7c92-4861-85d6-26e077a12753	Animalia	Chordata	Aves	Passeriformes	Pycnonotidae	Phyllastrephus	Phyllastrephus cabanisi	sucosus	SUBSPECIES	Phyllastrephus cabanisi sucosus Reichenow, 1903			SS	Gilo		PRESENT		2e7df380-8356-4533-bcb3-5459e23c794e	4.0308	32.845325							1980-11-10	10	11	1980	6086217	2486087	PRESERVED_SPECIMEN	NHMD	AV	NHMD127299				CC_BY_4_0		Jensen, Flemming			2026-03-18T07:45:40.449Z		
4164072930	e5c5cad9-b987-4bb4-b07b-85488c5fdd80	66c70ba6-aacc-44f4-a783-3eea4429748f	Animalia	Chordata	Aves	Passeriformes	Pycnonotidae	Alophoixus	Alophoixus frater		SPECIES	Alophoixus frater (Sharpe, 1877)			PH	Makagwa, Palawan	Mimaropa	PRESENT		2e7df380-8356-4533-bcb3-5459e23c794e	8.748578	117.735811							1961-09-26	26	9	1961	6094308	6094308	PRESERVED_SPECIMEN	NHMD	AV	NHMD136165				CC_BY_4_0		Petersen, Erik;Andersen, Søren;Oaney, William			2026-03-18T07:45:49.332Z		COORDINATE_ROUNDED
4164072921	e5c5cad9-b987-4bb4-b07b-85488c5fdd80	8d74f817-1729-41b5-a87c-d782f470d6b6	Animalia	Chordata	Aves	Passeriformes	Pycnonotidae	Phyllastrephus	Phyllastrephus albigula		SPECIES	Phyllastrephus albigula (Grote, 1919)			TZ	Nguru South Forest Reserve		PRESENT		2e7df380-8356-4533-bcb3-5459e23c794e	-6.05	37.479722							2003-06-19	19	6	2003	6086037	6086037	PRESERVED_SPECIMEN	NHMD	AV	NHMD122913				CC_BY_4_0		Kiure, Jacob			2026-03-18T07:45:49.331Z		COORDINATE_ROUNDED
4164072911	e5c5cad9-b987-4bb4-b07b-85488c5fdd80	bd64e5c1-2952-4ddd-878e-9ecdee0398c8	Animalia	Chordata	Aves	Passeriformes	Pycnonotidae	Arizelocichla	Arizelocichla masukuensis	roehli	SUBSPECIES	Arizelocichla masukuensis roehli (Reichenow, 1905)			TZ	Ukwiva Forest Reserve		PRESENT		2e7df380-8356-4533-bcb3-5459e23c794e	-7.099722	36.669722							2002-09-19	19	9	2002	6086770	7340439	PRESERVED_SPECIMEN	NHMD	AV	NHMD122770				CC_BY_4_0		Kiure, Jacob			2026-03-18T07:45:43.722Z		COORDINATE_ROUNDED
4164072890	e5c5cad9-b987-4bb4-b07b-85488c5fdd80	cf33c543-dec4-49fb-a8f2-d0bf215d5bd1	Animalia	Chordata	Aves	Passeriformes	Pycnonotidae	Arizelocichla	Arizelocichla masukuensis	roehli	SUBSPECIES	Arizelocichla masukuensis roehli (Reichenow, 1905)			TZ	Uluguru Mts.		PRESENT		2e7df380-8356-4533-bcb3-5459e23c794e	-7.0	39.666667							1965-07-01	1	7	1965	6086770	7340439	PRESERVED_SPECIMEN	NHMD	AV	NHMD120824				CC_BY_4_0		Andersen, Thorkild			2026-03-18T07:45:49.328Z		COORDINATE_ROUNDED;CONTINENT_COORDINATE_MISMATCH
4164072884	e5c5cad9-b987-4bb4-b07b-85488c5fdd80	45227e2c-e9bc-4903-a8e7-10667ac18f51	Animalia	Chordata	Aves	Passeriformes	Pycnonotidae	Eurillas	Eurillas virens	zombensis	SUBSPECIES	Eurillas virens zombensis (Shelley, 1894)			TZ	Ndundulu Forest	Iringa Region	PRESENT		2e7df380-8356-4533-bcb3-5459e23c794e	-7.8	36.5							2007-06-07	7	6	2007	6086343	7340348	PRESERVED_SPECIMEN	NHMD	AV	NHMD129194				CC_BY_4_0		Kiure, Jacob			2026-03-18T07:45:40.433Z		
4164072881	e5c5cad9-b987-4bb4-b07b-85488c5fdd80	116e3733-e28f-4641-a62a-b0b6b91c2a7d	Animalia	Chordata	Aves	Passeriformes	Pycnonotidae	Pycnonotus	Pycnonotus barbatus	layardi	SUBSPECIES	Pycnonotus barbatus layardi			TZ	Ndundulu Forest	Iringa Region	PRESENT		2e7df380-8356-4533-bcb3-5459e23c794e	-7.8	36.5							2007-06-23	23	6	2007	6094955	2486147	PRESERVED_SPECIMEN	NHMD	AV	NHMD125077				CC_BY_4_0		Kiure, Jacob			2026-03-18T07:45:40.432Z		
4164072864	e5c5cad9-b987-4bb4-b07b-85488c5fdd80	d214dce7-3eeb-4ea9-b587-955c8c9e54f7	Animalia	Chordata	Aves	Passeriformes	Pycnonotidae	Hypsipetes	Hypsipetes everetti	everetti	SUBSPECIES	Hypsipetes everetti everetti (Tweeddale, 1877)			PH	Cabanglasan	Mindanao	PRESENT		2e7df380-8356-4533-bcb3-5459e23c794e	8.071944	125.299167							1951-10-16	16	10	1951	7342047	7342046	PRESERVED_SPECIMEN	NHMD	AV	NHMD134301				CC_BY_4_0					2026-03-18T07:45:40.430Z		COORDINATE_ROUNDED
4164072826	e5c5cad9-b987-4bb4-b07b-85488c5fdd80	4a23fe4d-914a-46b1-a069-4dad9ffadb2e	Animalia	Chordata	Aves	Passeriformes	Pycnonotidae	Phyllastrephus	Phyllastrephus cabanisi	placidus	SUBSPECIES	Phyllastrephus cabanisi placidus			TZ	Lossongonoi Plateau	Manyara Region	PRESENT		2e7df380-8356-4533-bcb3-5459e23c794e	-4.713889	37.142222							2006-08-17	17	8	2006	6540392	2486087	PRESERVED_SPECIMEN	NHMD	AV	NHMD129669				CC_BY_4_0		Kiure, Jacob			2026-03-18T07:45:45.753Z		COORDINATE_ROUNDED
4164072818	e5c5cad9-b987-4bb4-b07b-85488c5fdd80	5c059db5-859a-41c8-83e6-ef28b5d42c98	Animalia	Chordata	Aves	Passeriformes	Pycnonotidae	Arizelocichla	Arizelocichla fusciceps		SPECIES	Arizelocichla fusciceps (Shelley, 1893)			TZ	Mdandu Forest Reserve		PRESENT		2e7df380-8356-4533-bcb3-5459e23c794e	-9.579722	34.83							2003-11-08	8	11	2003	6100812	6100812	PRESERVED_SPECIMEN	NHMD	AV	NHMD123830				CC_BY_4_0		Kiure, Jacob			2026-03-18T07:45:49.321Z	StillImage	COORDINATE_ROUNDED;TAXON_MATCH_HIGHERRANK
4164072817	e5c5cad9-b987-4bb4-b07b-85488c5fdd80	567bafb8-2a28-4f86-8b61-82a9474b94e4	Animalia	Chordata	Aves	Passeriformes	Pycnonotidae	Phyllastrephus	Phyllastrephus cabanisi	placidus	SUBSPECIES	Phyllastrephus cabanisi placidus			TZ	Liwili Kitesa Forest Reserve		PRESENT		2e7df380-8356-4533-bcb3-5459e23c794e	-11.399722	34.9							2006-01-02	2	1	2006	6540392	2486087	PRESERVED_SPECIMEN	NHMD	AV	NHMD124870				CC_BY_4_0		Kiure, Jacob			2026-03-18T07:45:49.321Z		COORDINATE_ROUNDED
4164072806	e5c5cad9-b987-4bb4-b07b-85488c5fdd80	6b50576a-89d3-4da0-b877-7d207feba33f	Animalia	Chordata	Aves	Passeriformes	Pycnonotidae	Arizelocichla	Arizelocichla masukuensis	roehli	SUBSPECIES	Arizelocichla masukuensis roehli (Reichenow, 1905)			TZ	Nguru South Forest Reserve		PRESENT		2e7df380-8356-4533-bcb3-5459e23c794e	-6.05	37.479722							2004-10-08	8	10	2004	6086770	7340439	PRESERVED_SPECIMEN	NHMD	AV	NHMD126341				CC_BY_4_0		Kiure, Jacob			2026-03-18T07:45:43.710Z		COORDINATE_ROUNDED
4164072801	e5c5cad9-b987-4bb4-b07b-85488c5fdd80	3804e01f-a298-45e9-9273-69851b74830e	Animalia	Chordata	Aves	Passeriformes	Pycnonotidae	Arizelocichla	Arizelocichla fusciceps		SPECIES	Arizelocichla fusciceps (Shelley, 1893)			TZ	Nguru Mts.		PRESENT		2e7df380-8356-4533-bcb3-5459e23c794e	-6.0	37.5							1949-01-06	6	1	1949	6100812	6100812	PRESERVED_SPECIMEN	NHMD	AV	NHMD120829				CC_BY_4_0		Andersen, Thorkild			2026-03-18T07:45:49.320Z		TAXON_MATCH_HIGHERRANK
4164072781	e5c5cad9-b987-4bb4-b07b-85488c5fdd80	b0b0dd88-e376-470d-9550-123324883f85	Animalia	Chordata	Aves	Passeriformes	Pycnonotidae	Phyllastrephus	Phyllastrephus cabanisi	placidus	SUBSPECIES	Phyllastrephus cabanisi placidus			TZ	Nguru South Forest Reserve	Morogoro Region	PRESENT		2e7df380-8356-4533-bcb3-5459e23c794e	-6.2	37.516667							2003-06-12	12	6	2003	6540392	2486087	PRESERVED_SPECIMEN	NHMD	AV	NHMD129674				CC_BY_4_0		Kiure, Jacob			2026-03-18T07:45:49.319Z		COORDINATE_ROUNDED
4164072770	e5c5cad9-b987-4bb4-b07b-85488c5fdd80	6ed65ebd-7e2e-47a9-af8d-88831759c65a	Animalia	Chordata	Aves	Passeriformes	Pycnonotidae	Arizelocichla	Arizelocichla masukuensis	roehli	SUBSPECIES	Arizelocichla masukuensis roehli (Reichenow, 1905)			TZ	Liwili Kitesa Forest Reserve		PRESENT		2e7df380-8356-4533-bcb3-5459e23c794e	-11.399722	34.9							2006-02-02	2	2	2006	6086770	7340439	PRESERVED_SPECIMEN	NHMD	AV	NHMD124960				CC_BY_4_0		Kiure, Jacob			2026-03-18T07:45:45.748Z		COORDINATE_ROUNDED
4164072761	e5c5cad9-b987-4bb4-b07b-85488c5fdd80	c19d9daa-6805-4a61-a76e-ebf6e7b528a4	Animalia	Chordata	Aves	Passeriformes	Pycnonotidae	Arizelocichla	Arizelocichla masukuensis	roehli	SUBSPECIES	Arizelocichla masukuensis roehli (Reichenow, 1905)			TZ	Ndundulu Forest	Iringa Region	PRESENT		2e7df380-8356-4533-bcb3-5459e23c794e	-7.8	36.5							2007-01-23	23	1	2007	6086770	7340439	PRESERVED_SPECIMEN	NHMD	AV	NHMD129186				CC_BY_4_0		Kiure, Jacob			2026-03-18T07:45:40.407Z		
4164072758	e5c5cad9-b987-4bb4-b07b-85488c5fdd80	ac076f44-029a-456b-ae56-0c3e47912212	Animalia	Chordata	Aves	Passeriformes	Pycnonotidae	Hypsipetes	Hypsipetes everetti	everetti	SUBSPECIES	Hypsipetes everetti everetti (Tweeddale, 1877)			PH	Agay	Mindanao	PRESENT		2e7df380-8356-4533-bcb3-5459e23c794e	9.051667	125.585833							1952-03-01	1	3	1952	7342047	7342046	PRESERVED_SPECIMEN	NHMD	AV	NHMD134283				CC_BY_4_0					2026-03-18T07:45:40.407Z		COORDINATE_ROUNDED
4164072731	e5c5cad9-b987-4bb4-b07b-85488c5fdd80	b74410a4-c494-44db-9339-9b2cf8dc8580	Animalia	Chordata	Aves	Passeriformes	Pycnonotidae	Phyllastrephus	Phyllastrephus cabanisi	placidus	SUBSPECIES	Phyllastrephus cabanisi placidus			TZ	Nguru South Forest Reserve	Morogoro Region	PRESENT		2e7df380-8356-4533-bcb3-5459e23c794e	-6.2	37.516667							2004-10-13	13	10	2004	6540392	2486087	PRESERVED_SPECIMEN	NHMD	AV	NHMD129663				CC_BY_4_0		Kiure, Jacob			2026-03-18T07:45:43.706Z		COORDINATE_ROUNDED
4164072727	e5c5cad9-b987-4bb4-b07b-85488c5fdd80	cb9598da-9116-4dd2-b39f-6b7739f8e327	Animalia	Chordata	Aves	Passeriformes	Pycnonotidae	Bleda	Bleda syndactylus	woosnami	SUBSPECIES	Bleda syndactylus woosnami Ogilvie-Grant, 1907			SS	Talanga Forest		PRESENT		2e7df380-8356-4533-bcb3-5459e23c794e	4.029236	32.751611							1980-12-06	6	12	1980	6086855	7340458	PRESERVED_SPECIMEN	NHMD	AV	NHMD129181				CC_BY_4_0		Jensen, Flemming			2026-03-18T07:45:43.705Z		COORDINATE_ROUNDED
4164072726	e5c5cad9-b987-4bb4-b07b-85488c5fdd80	c759436a-279c-4ce7-8168-b66a98ac89fc	Animalia	Chordata	Aves	Passeriformes	Pycnonotidae	Pycnonotus	Pycnonotus cinereifrons		SPECIES	Pycnonotus cinereifrons (Tweeddale, 1878)			PH	Uring-Uring, Ipolote Bay, Palawan	Mimaropa	PRESENT		2e7df380-8356-4533-bcb3-5459e23c794e	8.775228	117.827308							1961-08-18	18	8	1961	6094562	6094562	PRESERVED_SPECIMEN	NHMD	AV	NHMD136157				CC_BY_4_0		Petersen, Erik;Andersen, Søren;Oaney, William			2026-03-18T07:45:40.398Z		COORDINATE_ROUNDED
4164072704	e5c5cad9-b987-4bb4-b07b-85488c5fdd80	44f23db7-a2ad-467a-b13f-ccf26bd6ac73	Animalia	Chordata	Aves	Passeriformes	Pycnonotidae	Eurillas	Eurillas virens	zombensis	SUBSPECIES	Eurillas virens zombensis (Shelley, 1894)			TZ	Amani		PRESENT		2e7df380-8356-4533-bcb3-5459e23c794e	-5.099722	38.63							1980-07-08	8	7	1980	6086343	7340348	PRESERVED_SPECIMEN	NHMD	AV	NHMD125038				CC_BY_4_0		Jensen, Flemming			2026-03-18T07:45:40.392Z		COORDINATE_ROUNDED
4164072701	e5c5cad9-b987-4bb4-b07b-85488c5fdd80	7cc6b1df-3d4e-46c6-8654-94775d58b992	Animalia	Chordata	Aves	Passeriformes	Pycnonotidae	Phyllastrephus	Phyllastrephus flavostriatus	tenuirostris	SUBSPECIES	Phyllastrephus flavostriatus tenuirostris (Fischer & Reichenow, 1884)			TZ	Nguru South Forest Reserve		PRESENT		2e7df380-8356-4533-bcb3-5459e23c794e	-6.05	37.479722							2004-10-13	13	10	2004	6086107	2486089	PRESERVED_SPECIMEN	NHMD	AV	NHMD123781				CC_BY_4_0		Kiure, Jacob			2026-03-18T07:45:49.311Z		COORDINATE_ROUNDED
4164072699	e5c5cad9-b987-4bb4-b07b-85488c5fdd80	eac06478-b2e1-4721-8a22-0b59ffdc3d23	Animalia	Chordata	Aves	Passeriformes	Pycnonotidae	Eurillas	Eurillas virens	zombensis	SUBSPECIES	Eurillas virens zombensis (Shelley, 1894)			TZ	Nguru South Forest Reserve		PRESENT		2e7df380-8356-4533-bcb3-5459e23c794e	-6.05	37.479722							2004-10-16	16	10	2004	6086343	7340348	PRESERVED_SPECIMEN	NHMD	AV	NHMD125012				CC_BY_4_0		Kiure, Jacob			2026-03-18T07:45:43.703Z		COORDINATE_ROUNDED
4164072691	e5c5cad9-b987-4bb4-b07b-85488c5fdd80	12976fe6-2fd3-4c3f-9ee8-422983fd943d	Animalia	Chordata	Aves	Passeriformes	Pycnonotidae	Eurillas	Eurillas virens	zombensis	SUBSPECIES	Eurillas virens zombensis (Shelley, 1894)			TZ	Kalambo River Forest Reserve		PRESENT		2e7df380-8356-4533-bcb3-5459e23c794e	-7.869722	30.95							2007-11-22	22	11	2007	6086343	7340348	PRESERVED_SPECIMEN	NHMD	AV	NHMD129197				CC_BY_4_0		Kiure, Jacob			2026-03-18T07:45:40.389Z		COORDINATE_ROUNDED
4164072683	e5c5cad9-b987-4bb4-b07b-85488c5fdd80	b6255d5c-8752-43e9-a60d-cad9dc90e32d	Animalia	Chordata	Aves	Passeriformes	Pycnonotidae	Arizelocichla	Arizelocichla fusciceps		SPECIES	Arizelocichla fusciceps (Shelley, 1893)			TZ	Mdandu Forest Reserve		PRESENT		2e7df380-8356-4533-bcb3-5459e23c794e	-9.579722	34.83							2003-11-12	12	11	2003	6100812	6100812	PRESERVED_SPECIMEN	NHMD	AV	NHMD123828				CC_BY_4_0		Kiure, Jacob			2026-03-18T07:45:43.701Z		COORDINATE_ROUNDED;TAXON_MATCH_HIGHERRANK
4164072681	e5c5cad9-b987-4bb4-b07b-85488c5fdd80	68af75a0-9361-4006-b0f9-f23b90505c14	Animalia	Chordata	Aves	Passeriformes	Pycnonotidae	Phyllastrephus	Phyllastrephus cabanisi	placidus	SUBSPECIES	Phyllastrephus cabanisi placidus			TZ	Lossongonoi Plateau		PRESENT		2e7df380-8356-4533-bcb3-5459e23c794e	-4.059722	37.13							2006-08-12	12	8	2006	6540392	2486087	PRESERVED_SPECIMEN	NHMD	AV	NHMD124897				CC_BY_4_0		Kiure, Jacob			2026-03-18T07:45:43.701Z		COORDINATE_ROUNDED
4164072661	e5c5cad9-b987-4bb4-b07b-85488c5fdd80	2b900944-6c89-4b8c-94e7-c5910674e6d5	Animalia	Chordata	Aves	Passeriformes	Pycnonotidae	Arizelocichla	Arizelocichla fusciceps		SPECIES	Arizelocichla fusciceps (Shelley, 1893)			TZ	Ndundulu Forest	Iringa Region	PRESENT		2e7df380-8356-4533-bcb3-5459e23c794e	-7.8	36.5							2007-02-25	25	2	2007	6100812	6100812	PRESERVED_SPECIMEN	NHMD	AV	NHMD123855				CC_BY_4_0		Kiure, Jacob			2026-03-18T07:45:45.737Z		TAXON_MATCH_HIGHERRANK
4164072652	e5c5cad9-b987-4bb4-b07b-85488c5fdd80	d4cc90aa-4932-4200-8523-a5c626900d30	Animalia	Chordata	Aves	Passeriformes	Pycnonotidae	Arizelocichla	Arizelocichla masukuensis	roehli	SUBSPECIES	Arizelocichla masukuensis roehli (Reichenow, 1905)			TZ	Mt Kiboriani Forest Reserve		PRESENT		2e7df380-8356-4533-bcb3-5459e23c794e	-6.283333	36.483333							2004-01-23	23	1	2004	6086770	7340439	PRESERVED_SPECIMEN	NHMD	AV	NHMD129779				CC_BY_4_0		Kiure, Jacob			2026-03-18T07:45:45.737Z		COORDINATE_ROUNDED
4164072624	e5c5cad9-b987-4bb4-b07b-85488c5fdd80	1062ee29-5d45-4257-a026-c03688bd78db	Animalia	Chordata	Aves	Passeriformes	Pycnonotidae	Phyllastrephus	Phyllastrephus flavostriatus	uzungwensis	SUBSPECIES	Phyllastrephus flavostriatus uzungwensis Jensen & Stuart, 1982			TZ	Mwanihana Forest		PRESENT		2e7df380-8356-4533-bcb3-5459e23c794e	-7.8	36.869722							1982-07-24	24	7	1982	6086093	2486089	PRESERVED_SPECIMEN	NHMD	AV	NHMD128820				CC_BY_4_0		Msuya, C.			2026-03-18T07:45:43.697Z		COORDINATE_ROUNDED
4164072611	e5c5cad9-b987-4bb4-b07b-85488c5fdd80	9d90649f-664f-44c2-a64d-fe503152f735	Animalia	Chordata	Aves	Passeriformes	Pycnonotidae	Arizelocichla	Arizelocichla fusciceps		SPECIES	Arizelocichla fusciceps (Shelley, 1893)			TZ	Mafwemiro Forest		PRESENT		2e7df380-8356-4533-bcb3-5459e23c794e	-6.829722	36.569722							2000-02-23	23	2	2000	6100812	6100812	PRESERVED_SPECIMEN	NHMD	AV	NHMD122515				CC_BY_4_0		Kiure, Jacob			2026-03-18T07:45:45.731Z		COORDINATE_ROUNDED;TAXON_MATCH_HIGHERRANK
4164072600	e5c5cad9-b987-4bb4-b07b-85488c5fdd80	618efe03-4896-4d00-a08d-4dec530e22ce	Animalia	Chordata	Aves	Passeriformes	Pycnonotidae	Arizelocichla	Arizelocichla fusciceps		SPECIES	Arizelocichla fusciceps (Shelley, 1893)			TZ	Mdandu Forest Reserve		PRESENT		2e7df380-8356-4533-bcb3-5459e23c794e	-9.579722	34.83							2003-11-03	3	11	2003	6100812	6100812	PRESERVED_SPECIMEN	NHMD	AV	NHMD126327				CC_BY_4_0		Kiure, Jacob			2026-03-18T07:45:40.370Z		COORDINATE_ROUNDED;TAXON_MATCH_HIGHERRANK
4164072599	e5c5cad9-b987-4bb4-b07b-85488c5fdd80	95bc5614-a29f-4da5-aeba-27aae2a2e382	Animalia	Chordata	Aves	Passeriformes	Pycnonotidae	Phyllastrephus	Phyllastrephus fischeri		SPECIES	Phyllastrephus fischeri (Reichenow, 1879)			TZ	Mikindani		PRESENT		2e7df380-8356-4533-bcb3-5459e23c794e	-10.279722	40.119722							1963-08-03	3	8	1963	2486097	2486097	PRESERVED_SPECIMEN	NHMD	AV	NHMD122013				CC_BY_4_0		Andersen, Thorkild			2026-03-18T07:45:49.300Z		COORDINATE_ROUNDED
4164072593	e5c5cad9-b987-4bb4-b07b-85488c5fdd80	160f7c14-ae3f-409d-8401-9762cf419667	Animalia	Chordata	Aves	Passeriformes	Pycnonotidae	Phyllastrephus	Phyllastrephus fischeri		SPECIES	Phyllastrephus fischeri (Reichenow, 1879)			TZ	Pugu Hills		PRESENT		2e7df380-8356-4533-bcb3-5459e23c794e	-6.88	39.08							2008-05-17	17	5	2008	2486097	2486097	PRESERVED_SPECIMEN	NHMD	AV	NHMD125808				CC_BY_4_0		Kiure, Jacob			2026-03-18T07:45:49.299Z		
4164072537	e5c5cad9-b987-4bb4-b07b-85488c5fdd80	c767644a-4963-4e3e-adc0-54561bfba656	Animalia	Chordata	Aves	Passeriformes	Pycnonotidae	Phyllastrephus	Phyllastrephus cabanisi	placidus	SUBSPECIES	Phyllastrephus cabanisi placidus			TZ	Uluguru Mts.		PRESENT		2e7df380-8356-4533-bcb3-5459e23c794e	-7.0	39.666667							1959-10-20	20	10	1959	6540392	2486087	PRESERVED_SPECIMEN	NHMD	AV	NHMD122028				CC_BY_4_0		Andersen, Thorkild			2026-03-18T07:45:45.723Z		COORDINATE_ROUNDED;CONTINENT_COORDINATE_MISMATCH
4164072517	e5c5cad9-b987-4bb4-b07b-85488c5fdd80	89788075-86c4-4609-afec-a852a7ffc8f7	Animalia	Chordata	Aves	Passeriformes	Pycnonotidae	Eurillas	Eurillas virens	zombensis	SUBSPECIES	Eurillas virens zombensis (Shelley, 1894)			TZ	Ndundulu Forest	Iringa Region	PRESENT		2e7df380-8356-4533-bcb3-5459e23c794e	-7.8	36.5											6086343	7340348	PRESERVED_SPECIMEN	NHMD	AV	NHMD126236				CC_BY_4_0		Svendsen, Jens			2026-03-18T07:45:45.722Z		
4164072495	e5c5cad9-b987-4bb4-b07b-85488c5fdd80	f35c1714-ff13-4ec0-aa0f-a62f85e963dd	Animalia	Chordata	Aves	Passeriformes	Pycnonotidae	Arizelocichla	Arizelocichla masukuensis	roehli	SUBSPECIES	Arizelocichla masukuensis roehli (Reichenow, 1905)			TZ	Nguru South Forest Reserve		PRESENT		2e7df380-8356-4533-bcb3-5459e23c794e	-6.05	37.479722							2003-06-14	14	6	2003	6086770	7340439	PRESERVED_SPECIMEN	NHMD	AV	NHMD124985				CC_BY_4_0		Kiure, Jacob			2026-03-18T07:45:40.350Z		COORDINATE_ROUNDED
4164072480	e5c5cad9-b987-4bb4-b07b-85488c5fdd80	2161588d-dbc5-4e03-8df2-ba006fd445d1	Animalia	Chordata	Aves	Passeriformes	Pycnonotidae	Arizelocichla	Arizelocichla masukuensis	roehli	SUBSPECIES	Arizelocichla masukuensis roehli (Reichenow, 1905)			TZ	Nguru South Forest Reserve		PRESENT		2e7df380-8356-4533-bcb3-5459e23c794e	-6.05	37.479722							2005-03-16	16	3	2005	6086770	7340439	PRESERVED_SPECIMEN	NHMD	AV	NHMD126335				CC_BY_4_0		Kiure, Jacob			2026-03-18T07:45:49.291Z		COORDINATE_ROUNDED
4164072479	e5c5cad9-b987-4bb4-b07b-85488c5fdd80	bfdeeea9-1220-49b2-b3cb-406fb02a94a5	Animalia	Chordata	Aves	Passeriformes	Pycnonotidae	Andropadus	Andropadus importunus	hypoxanthus	SUBSPECIES	Andropadus importunus hypoxanthus Sharpe, 1876			TZ	Soga, Kisarawe Distr. 500', 150m		PRESENT		2e7df380-8356-4533-bcb3-5459e23c794e	-6.829722	38.869722							1961-08-04	4	8	1961	6086920	2486162	PRESERVED_SPECIMEN	NHMD	AV	NHMD120848				CC_BY_4_0		Andersen, Thorkild			2026-03-18T07:45:40.344Z		COORDINATE_ROUNDED
4164072473	e5c5cad9-b987-4bb4-b07b-85488c5fdd80	02e8bcf4-92f2-498c-b122-e59605a287c3	Animalia	Chordata	Aves	Passeriformes	Pycnonotidae	Phyllastrephus	Phyllastrephus cerviniventris		SPECIES	Phyllastrephus cerviniventris Shelley, 1894			TZ	Uluguru Mts.		PRESENT		2e7df380-8356-4533-bcb3-5459e23c794e	-7.0	39.666667							1982-04-25	25	4	1982	2486105	2486105	PRESERVED_SPECIMEN	NHMD	AV	NHMD124909				CC_BY_4_0		Mmari, C.			2026-03-18T07:45:49.289Z		COORDINATE_ROUNDED;CONTINENT_COORDINATE_MISMATCH
4164072464	e5c5cad9-b987-4bb4-b07b-85488c5fdd80	11fa1fa1-6fde-4ff3-9693-a4c951725591	Animalia	Chordata	Aves	Passeriformes	Pycnonotidae	Thapsinillas	Thapsinillas affinis		SPECIES	Thapsinillas affinis (Hombron & Jacquinot, 1841)			ID	Gunung Sere above Tapaya Village		PRESENT		2e7df380-8356-4533-bcb3-5459e23c794e	-1.623967	127.708667							2013-11-22	22	11	2013	6100816	6100816	PRESERVED_SPECIMEN	NHMD	AV	NHMD135185				CC_BY_4_0		Reeve, Andrew			2026-03-18T07:45:43.683Z		COORDINATE_ROUNDED;TAXON_MATCH_HIGHERRANK
4164072463	e5c5cad9-b987-4bb4-b07b-85488c5fdd80	683cc08f-b06f-425a-81c3-bc11e3b73704	Animalia	Chordata	Aves	Passeriformes	Pycnonotidae	Pycnonotus	Pycnonotus urostictus	philippensis	SUBSPECIES	Poliolophus urostictus philippensis Hachisuka, 1934			PH	Tuod	Mindanao	PRESENT		2e7df380-8356-4533-bcb3-5459e23c794e	8.343889	124.359444							1951-09-16	16	9	1951	11027194	2486143	PRESERVED_SPECIMEN	NHMD	AV	NHMD134255				CC_BY_4_0					2026-03-18T07:45:49.288Z		COORDINATE_ROUNDED
4164072451	e5c5cad9-b987-4bb4-b07b-85488c5fdd80	a3116237-95b2-418d-b7c0-5b24e705b938	Animalia	Chordata	Aves	Passeriformes	Pycnonotidae	Arizelocichla	Arizelocichla masukuensis	masukuensis	SUBSPECIES	Arizelocichla masukuensis masukuensis (Shelley, 1897)			TZ	Poroto Mts FR		PRESENT		2e7df380-8356-4533-bcb3-5459e23c794e	-9.016667	33.75							2008-03-23	23	3	2008	6086761	7340439	PRESERVED_SPECIMEN	NHMD	AV	NHMD125816				CC_BY_4_0		Kiure, Jacob			2026-03-18T07:45:43.681Z		COORDINATE_ROUNDED
4164072442	e5c5cad9-b987-4bb4-b07b-85488c5fdd80	3eab1489-b506-426f-9d85-b303c102f30b	Animalia	Chordata	Aves	Passeriformes	Pycnonotidae	Phyllastrephus	Phyllastrephus cabanisi	placidus	SUBSPECIES	Phyllastrephus cabanisi placidus			TZ	Ukami Forest		PRESENT		2e7df380-8356-4533-bcb3-5459e23c794e	-7.88	36.419722							2003-03-14	14	3	2003	6540392	2486087	PRESERVED_SPECIMEN	NHMD	AV	NHMD123024				CC_BY_4_0		Kiure, Jacob			2026-03-18T07:45:49.286Z		COORDINATE_ROUNDED
4164072389	e5c5cad9-b987-4bb4-b07b-85488c5fdd80	bc2c5103-baae-4a10-81c5-2942f9cd5505	Animalia	Chordata	Aves	Passeriformes	Pycnonotidae	Arizelocichla	Arizelocichla masukuensis	roehli	SUBSPECIES	Arizelocichla masukuensis roehli (Reichenow, 1905)			TZ	Ukwiva Forest Reserve		PRESENT		2e7df380-8356-4533-bcb3-5459e23c794e	-7.099722	36.669722							2002-09-09	9	9	2002	6086770	7340439	PRESERVED_SPECIMEN	NHMD	AV	NHMD122766				CC_BY_4_0		Kiure, Jacob			2026-03-18T07:45:43.676Z		COORDINATE_ROUNDED
4164072363	e5c5cad9-b987-4bb4-b07b-85488c5fdd80	8531e51d-f548-4809-9b04-d75233aec510	Animalia	Chordata	Aves	Passeriformes	Pycnonotidae	Phyllastrephus	Phyllastrephus cabanisi	placidus	SUBSPECIES	Phyllastrephus cabanisi placidus			TZ	Nguru South Forest Reserve	Morogoro Region	PRESENT		2e7df380-8356-4533-bcb3-5459e23c794e	-6.2	37.516667							2003-06-12	12	6	2003	6540392	2486087	PRESERVED_SPECIMEN	NHMD	AV	NHMD129673				CC_BY_4_0		Kiure, Jacob			2026-03-18T07:45:43.674Z		COORDINATE_ROUNDED
4164072361	e5c5cad9-b987-4bb4-b07b-85488c5fdd80	5a430fb4-6c7f-4fa0-972d-c024526c3427	Animalia	Chordata	Aves	Passeriformes	Pycnonotidae	Eurillas	Eurillas latirostris	latirostris	SUBSPECIES	Eurillas latirostris latirostris (Strickland, 1844)			SS	Gilo		PRESENT		2e7df380-8356-4533-bcb3-5459e23c794e	4.0308	32.845325							1980-11-12	12	11	1980	6086380	7340356	PRESERVED_SPECIMEN	NHMD	AV	NHMD137410				CC_BY_4_0		Jensen, Flemming			2026-03-18T07:45:45.708Z		
4164072355	e5c5cad9-b987-4bb4-b07b-85488c5fdd80	e5e4ea59-a94f-4b34-87a0-d21d65b82ea3	Animalia	Chordata	Aves	Passeriformes	Pycnonotidae	Arizelocichla	Arizelocichla masukuensis		SPECIES	Arizelocichla masukuensis (Shelley, 1897)			TZ	Ukami Forest		PRESENT		2e7df380-8356-4533-bcb3-5459e23c794e	-7.88	36.419722							2003-02-27	27	2	2003	7340439	7340439	PRESERVED_SPECIMEN	NHMD	AV	NHMD131173				CC_BY_4_0		Kiure, Jacob			2026-03-18T07:45:45.708Z		COORDINATE_ROUNDED
4164072344	e5c5cad9-b987-4bb4-b07b-85488c5fdd80	7a7f688b-2346-4d9a-ade5-3b01552931b1	Animalia	Chordata	Aves	Passeriformes	Pycnonotidae	Arizelocichla	Arizelocichla milanjensis	striifacies	SUBSPECIES	Arizelocichla milanjensis striifacies			TZ	Ndundulu Forest	Iringa Region	PRESENT		2e7df380-8356-4533-bcb3-5459e23c794e	-7.8	36.5							2006-12-29	29	12	2006	6540503	7340424	PRESERVED_SPECIMEN	NHMD	AV	NHMD125054				CC_BY_4_0		Kiure, Jacob			2026-03-18T07:45:49.277Z		
4164072338	e5c5cad9-b987-4bb4-b07b-85488c5fdd80	fc44d423-08d9-49db-9dcf-164f516f6042	Animalia	Chordata	Aves	Passeriformes	Pycnonotidae	Arizelocichla	Arizelocichla masukuensis	roehli	SUBSPECIES	Arizelocichla masukuensis roehli (Reichenow, 1905)			TZ	Nguru South Forest Reserve		PRESENT		2e7df380-8356-4533-bcb3-5459e23c794e	-6.05	37.479722							2003-06-14	14	6	2003	6086770	7340439	PRESERVED_SPECIMEN	NHMD	AV	NHMD122883				CC_BY_4_0		Kiure, Jacob			2026-03-18T07:45:40.315Z		COORDINATE_ROUNDED
4164072336	e5c5cad9-b987-4bb4-b07b-85488c5fdd80	b4d0f9dc-fb3c-4bc8-9b78-0c8c123ab48e	Animalia	Chordata	Aves	Passeriformes	Pycnonotidae	Eurillas	Eurillas latirostris	latirostris	SUBSPECIES	Eurillas latirostris latirostris (Strickland, 1844)			SS	Gilo		PRESENT		2e7df380-8356-4533-bcb3-5459e23c794e	4.0308	32.845325							1980-11-10	10	11	1980	6086380	7340356	PRESERVED_SPECIMEN	NHMD	AV	NHMD137411				CC_BY_4_0		Jensen, Flemming			2026-03-18T07:45:43.672Z		
4164072309	e5c5cad9-b987-4bb4-b07b-85488c5fdd80	a345ba23-0126-4c97-9840-d81cf4975578	Animalia	Chordata	Aves	Passeriformes	Pycnonotidae	Phyllastrephus	Phyllastrephus cabanisi	cabanisi	SUBSPECIES	Phyllastrephus cabanisi cabanisi (Sharpe, 1882)			TZ	Kungwe Forest	Kigoma Region	PRESENT		2e7df380-8356-4533-bcb3-5459e23c794e	-6.13	29.799722							2004-08-23	23	8	2004	7340319	2486087	PRESERVED_SPECIMEN	NHMD	AV	NHMD124848				CC_BY_4_0		Kiure, Jacob			2026-03-18T07:45:45.704Z		COORDINATE_ROUNDED
4164072305	e5c5cad9-b987-4bb4-b07b-85488c5fdd80	4dfe7bd1-fedc-46b1-a83b-3c21cce1c909	Animalia	Chordata	Aves	Passeriformes	Pycnonotidae	Arizelocichla	Arizelocichla fusciceps		SPECIES	Arizelocichla fusciceps (Shelley, 1893)			TZ	Ndundulu Forest	Iringa Region	PRESENT		2e7df380-8356-4533-bcb3-5459e23c794e	-7.8	36.5							2007-06-11	11	6	2007	6100812	6100812	PRESERVED_SPECIMEN	NHMD	AV	NHMD124818				CC_BY_4_0		Kiure, Jacob			2026-03-18T07:45:40.305Z		TAXON_MATCH_HIGHERRANK
4164071286	e5c5cad9-b987-4bb4-b07b-85488c5fdd80	18a7b2aa-76c1-4ab8-83a9-b7dfa5205a4e	Animalia	Chordata	Aves	Passeriformes	Pycnonotidae	Phyllastrephus	Phyllastrephus flavostriatus	uzungwensis	SUBSPECIES	Phyllastrephus flavostriatus uzungwensis Jensen & Stuart, 1982			TZ	Ndundulu Forest	Iringa Region	PRESENT		2e7df380-8356-4533-bcb3-5459e23c794e	-7.8	36.5							2007-09-09	9	9	2007	6086093	2486089	PRESERVED_SPECIMEN	NHMD	AV	NHMD129172				CC_BY_4_0		Kiure, Jacob			2026-03-18T07:45:45.702Z		
4164071276	e5c5cad9-b987-4bb4-b07b-85488c5fdd80	bba51138-dec2-473e-8346-61de772b3955	Animalia	Chordata	Aves	Passeriformes	Pycnonotidae	Arizelocichla	Arizelocichla masukuensis		SPECIES	Arizelocichla masukuensis (Shelley, 1897)			TZ	Kungwe Forest	Kigoma Region	PRESENT		2e7df380-8356-4533-bcb3-5459e23c794e	-6.13	29.799722							2004-08-29	29	8	2004	7340439	7340439	PRESERVED_SPECIMEN	NHMD	AV	NHMD124996				CC_BY_4_0		Kiure, Jacob			2026-03-18T07:45:40.303Z		COORDINATE_ROUNDED;TAXON_MATCH_HIGHERRANK
4164071239	e5c5cad9-b987-4bb4-b07b-85488c5fdd80	30e55d13-cbf2-476d-8d79-e347d506e800	Animalia	Chordata	Aves	Passeriformes	Pycnonotidae	Thapsinillas	Thapsinillas affinis	affinis	SUBSPECIES	Thapsinillas affinis affinis (Hombron & Jacquinot, 1841)			ID	Sawai, Seram		PRESENT		2e7df380-8356-4533-bcb3-5459e23c794e	-2.96895	129.185233							2012-02-01	1	2	2012	9104663	6100816	PRESERVED_SPECIMEN	NHMD	AV	NHMD131349				CC_BY_4_0		Jønsson, Knud;Fabre, Pierre-Henri;Poulsen, Michael;Reeve, Andrew;Haryoko, Tri			2026-03-18T07:45:43.663Z		COORDINATE_ROUNDED
4164071234	e5c5cad9-b987-4bb4-b07b-85488c5fdd80	e64199f2-f956-46fd-9ccf-15d8753f3d45	Animalia	Chordata	Aves	Passeriformes	Pycnonotidae	Phyllastrephus	Phyllastrephus cabanisi	placidus	SUBSPECIES	Phyllastrephus cabanisi placidus			TZ	Uluguru Mts.		PRESENT		2e7df380-8356-4533-bcb3-5459e23c794e	-7.0	39.666667							1962-03-02	2	3	1962	6540392	2486087	PRESERVED_SPECIMEN	NHMD	AV	NHMD122020				CC_BY_4_0		Andersen, Thorkild			2026-03-18T07:45:43.661Z		COORDINATE_ROUNDED;CONTINENT_COORDINATE_MISMATCH
4164071224	e5c5cad9-b987-4bb4-b07b-85488c5fdd80	026be7c4-ebe3-4335-854e-b98dba9c4f48	Animalia	Chordata	Aves	Passeriformes	Pycnonotidae	Arizelocichla	Arizelocichla masukuensis	roehli	SUBSPECIES	Arizelocichla masukuensis roehli (Reichenow, 1905)			TZ	Mt Kiboriani Forest Reserve		PRESENT		2e7df380-8356-4533-bcb3-5459e23c794e	-6.283333	36.483333							2004-01-30	30	1	2004	6086770	7340439	PRESERVED_SPECIMEN	NHMD	AV	NHMD129777				CC_BY_4_0		Kiure, Jacob			2026-03-18T07:45:40.279Z		COORDINATE_ROUNDED
4164071191	e5c5cad9-b987-4bb4-b07b-85488c5fdd80	554cd76a-7b2d-433a-b960-c12c7f33bd34	Animalia	Chordata	Aves	Passeriformes	Pycnonotidae	Chlorocichla	Chlorocichla flaviventris	centralis	SUBSPECIES	Chlorocichla flaviventris centralis Reichenow, 1887			TZ	Mikindani		PRESENT		2e7df380-8356-4533-bcb3-5459e23c794e	-10.279722	40.119722							1966-07-15	15	7	1966	6086621	2486173	PRESERVED_SPECIMEN	NHMD	AV	NHMD118499				CC_BY_4_0		Andersen, Thorkild			2026-03-18T07:45:45.693Z		COORDINATE_ROUNDED
4164071169	e5c5cad9-b987-4bb4-b07b-85488c5fdd80	e7730e1e-42b9-4c71-980c-bef3a73559ce	Animalia	Chordata	Aves	Passeriformes	Pycnonotidae	Andropadus	Andropadus importunus	hypoxanthus	SUBSPECIES	Andropadus importunus hypoxanthus Sharpe, 1876			TZ	Mikindani		PRESENT		2e7df380-8356-4533-bcb3-5459e23c794e	-10.279722	40.119722							1963-07-28	28	7	1963	6086920	2486162	PRESERVED_SPECIMEN	NHMD	AV	NHMD120839				CC_BY_4_0		Andersen, Thorkild			2026-03-18T07:45:45.691Z		COORDINATE_ROUNDED
4164071168	e5c5cad9-b987-4bb4-b07b-85488c5fdd80	4bf16dc2-17c2-46c8-918b-81c34726dcaf	Animalia	Chordata	Aves	Passeriformes	Pycnonotidae	Phyllastrephus	Phyllastrephus cabanisi	placidus	SUBSPECIES	Phyllastrephus cabanisi placidus			TZ	Uluguru Mts.		PRESENT		2e7df380-8356-4533-bcb3-5459e23c794e	-7.0	39.666667							1961-02-03	3	2	1961	6540392	2486087	PRESERVED_SPECIMEN	NHMD	AV	NHMD122026				CC_BY_4_0		Andersen, Thorkild			2026-03-18T07:45:45.691Z		COORDINATE_ROUNDED;CONTINENT_COORDINATE_MISMATCH
4164071167	e5c5cad9-b987-4bb4-b07b-85488c5fdd80	f5b8eea8-acdb-45aa-a821-f86015e1830e	Animalia	Chordata	Aves	Passeriformes	Pycnonotidae	Phyllastrephus	Phyllastrephus flavostriatus	uzungwensis	SUBSPECIES	Phyllastrephus flavostriatus uzungwensis Jensen & Stuart, 1982			TZ	Ndundulu Forest	Iringa Region	PRESENT		2e7df380-8356-4533-bcb3-5459e23c794e	-7.8	36.5							2007-09-09	9	9	2007	6086093	2486089	PRESERVED_SPECIMEN	NHMD	AV	NHMD129171				CC_BY_4_0		Kiure, Jacob			2026-03-18T07:45:49.260Z		
4164071161	e5c5cad9-b987-4bb4-b07b-85488c5fdd80	cfe011c4-6416-4331-9e43-c19379d0abe2	Animalia	Chordata	Aves	Passeriformes	Pycnonotidae	Phyllastrephus	Phyllastrephus flavostriatus	uzungwensis	SUBSPECIES	Phyllastrephus flavostriatus uzungwensis Jensen & Stuart, 1982			TZ	Ndundulu Forest	Iringa Region	PRESENT		2e7df380-8356-4533-bcb3-5459e23c794e	-7.8	36.5							2007-09-11	11	9	2007	6086093	2486089	PRESERVED_SPECIMEN	NHMD	AV	NHMD129684				CC_BY_4_0		Kiure, Jacob			2026-03-18T07:45:49.259Z		
4164071156	e5c5cad9-b987-4bb4-b07b-85488c5fdd80	32fc3e8d-43a4-4fc1-bfe0-993eb4b7722e	Animalia	Chordata	Aves	Passeriformes	Pycnonotidae	Pycnonotus	Pycnonotus cinereifrons		SPECIES	Pycnonotus cinereifrons (Tweeddale, 1878)			PH	Uring-Uring, Ipolote Bay, Palawan	Mimaropa	PRESENT		2e7df380-8356-4533-bcb3-5459e23c794e	8.775228	117.827308							1961-08-15	15	8	1961	6094562	6094562	PRESERVED_SPECIMEN	NHMD	AV	NHMD136156				CC_BY_4_0		Petersen, Erik;Andersen, Søren;Oaney, William			2026-03-18T07:45:43.654Z		COORDINATE_ROUNDED
4164071102	e5c5cad9-b987-4bb4-b07b-85488c5fdd80	7c58503e-ee9c-4924-b06c-bd67a620c42c	Animalia	Chordata	Aves	Passeriformes	Pycnonotidae	Phyllastrephus	Phyllastrephus albigularis	albigularis	SUBSPECIES	Phyllastrephus albigularis albigularis (Sharpe, 1882)			SS	Talanga Forest		PRESENT		2e7df380-8356-4533-bcb3-5459e23c794e	4.029236	32.751611							1980-11-30	30	11	1980	7340305	2486093	PRESERVED_SPECIMEN	NHMD	AV	NHMD137408				CC_BY_4_0		Jensen, Flemming			2026-03-18T07:45:43.652Z		COORDINATE_ROUNDED
4164071065	e5c5cad9-b987-4bb4-b07b-85488c5fdd80	ca7209f6-111c-409d-8f0e-cf722a90a668	Animalia	Chordata	Aves	Passeriformes	Pycnonotidae	Pycnonotus	Pycnonotus barbatus	tricolor	SUBSPECIES	Pycnonotus barbatus tricolor			TZ	Mt Kiboriani Forest Reserve		PRESENT		2e7df380-8356-4533-bcb3-5459e23c794e	-6.28	36.479722							2008-11-06	6	11	2008	6542538	2486147	PRESERVED_SPECIMEN	NHMD	AV	NHMD129227				CC_BY_4_0		Kiure, Jacob			2026-03-18T07:45:49.253Z		COORDINATE_ROUNDED
4164071062	e5c5cad9-b987-4bb4-b07b-85488c5fdd80	5d9da692-ca8c-4dfb-9174-8a4d7fa692d9	Animalia	Chordata	Aves	Passeriformes	Pycnonotidae	Phyllastrephus	Phyllastrephus fischeri		SPECIES	Phyllastrephus fischeri (Reichenow, 1879)			TZ	Mikindani		PRESENT		2e7df380-8356-4533-bcb3-5459e23c794e	-10.279722	40.119722							1965-03-29	29	3	1965	2486097	2486097	PRESERVED_SPECIMEN	NHMD	AV	NHMD122017				CC_BY_4_0		Andersen, Thorkild			2026-03-18T07:45:40.223Z		COORDINATE_ROUNDED
4164071055	e5c5cad9-b987-4bb4-b07b-85488c5fdd80	90e48eaa-d069-4b42-ab3b-d2dcf2ec65ce	Animalia	Chordata	Aves	Passeriformes	Pycnonotidae	Thapsinillas	Thapsinillas affinis	affinis	SUBSPECIES	Thapsinillas affinis affinis (Hombron & Jacquinot, 1841)			ID	Sawai, Seram		PRESENT		2e7df380-8356-4533-bcb3-5459e23c794e	-2.96895	129.185233							2012-02-02	2	2	2012	9104663	6100816	PRESERVED_SPECIMEN	NHMD	AV	NHMD131350				CC_BY_4_0		Jønsson, Knud;Fabre, Pierre-Henri;Poulsen, Michael;Reeve, Andrew;Haryoko, Tri			2026-03-18T07:45:49.251Z		COORDINATE_ROUNDED
4164071031	e5c5cad9-b987-4bb4-b07b-85488c5fdd80	6e886426-2696-4c53-aa58-045b27167995	Animalia	Chordata	Aves	Passeriformes	Pycnonotidae	Phyllastrephus	Phyllastrephus debilis	rabai	SUBSPECIES	Phyllastrephus debilis rabai Hartert & Someren, 1921			TZ	Mogana		PRESENT		2e7df380-8356-4533-bcb3-5459e23c794e									1953-01-25	25	1	1953	5846134	2486088	PRESERVED_SPECIMEN	NHMD	AV	NHMD122033				CC_BY_4_0		Andersen, Thorkild			2026-03-18T07:45:49.250Z		
4164071003	e5c5cad9-b987-4bb4-b07b-85488c5fdd80	fcf989d8-6612-457b-b282-b4cbccd94b0b	Animalia	Chordata	Aves	Passeriformes	Pycnonotidae	Eurillas	Eurillas latirostris	australis	SUBSPECIES	Eurillas latirostris australis (Moreau, 1941)			TZ	Mbizi Forest Reserve		PRESENT		2e7df380-8356-4533-bcb3-5459e23c794e	-7.889722	31.68							2008-02-29	29	2	2008	9004172	7340356	PRESERVED_SPECIMEN	NHMD	AV	NHMD128972				CC_BY_4_0		Kiure, Jacob			2026-03-18T07:45:49.248Z		COORDINATE_ROUNDED
4164070996	e5c5cad9-b987-4bb4-b07b-85488c5fdd80	95fe7861-6f7a-4448-b9b4-915579d519d1	Animalia	Chordata	Aves	Passeriformes	Pycnonotidae	Arizelocichla	Arizelocichla masukuensis	roehli	SUBSPECIES	Arizelocichla masukuensis roehli (Reichenow, 1905)			TZ	Nguru South Forest Reserve		PRESENT		2e7df380-8356-4533-bcb3-5459e23c794e	-6.05	37.479722							2004-10-07	7	10	2004	6086770	7340439	PRESERVED_SPECIMEN	NHMD	AV	NHMD124970				CC_BY_4_0		Kiure, Jacob			2026-03-18T07:45:40.210Z		COORDINATE_ROUNDED
4164070953	e5c5cad9-b987-4bb4-b07b-85488c5fdd80	91d9ae13-e53e-45c9-8a19-f3f29aa702ce	Animalia	Chordata	Aves	Passeriformes	Pycnonotidae	Phyllastrephus	Phyllastrephus cabanisi	placidus	SUBSPECIES	Phyllastrephus cabanisi placidus			TZ	Ndundulu Forest	Iringa Region	PRESENT		2e7df380-8356-4533-bcb3-5459e23c794e	-7.8	36.5							2007-07-12	12	7	2007	6540392	2486087	PRESERVED_SPECIMEN	NHMD	AV	NHMD124895				CC_BY_4_0		Kiure, Jacob			2026-03-18T07:45:43.635Z		
4164070939	e5c5cad9-b987-4bb4-b07b-85488c5fdd80	9f825bdd-a10c-4387-ae23-60e91905e957	Animalia	Chordata	Aves	Passeriformes	Pycnonotidae	Pycnonotus	Pycnonotus barbatus	tricolor	SUBSPECIES	Pycnonotus barbatus tricolor			TZ	Kungwe Forest	Kigoma Region	PRESENT		2e7df380-8356-4533-bcb3-5459e23c794e	-6.13	29.799722							2004-08-28	28	8	2004	6542538	2486147	PRESERVED_SPECIMEN	NHMD	AV	NHMD125072				CC_BY_4_0		Kiure, Jacob			2026-03-18T07:45:49.241Z	StillImage	COORDINATE_ROUNDED
4164070875	e5c5cad9-b987-4bb4-b07b-85488c5fdd80	ac6d1821-5c19-4cb8-aba5-295924f5569f	Animalia	Chordata	Aves	Passeriformes	Pycnonotidae	Eurillas	Eurillas virens	zombensis	SUBSPECIES	Eurillas virens zombensis (Shelley, 1894)			TZ	Nguru South Forest Reserve		PRESENT		2e7df380-8356-4533-bcb3-5459e23c794e	-6.05	37.479722							2003-05-25	25	5	2003	6086343	7340348	PRESERVED_SPECIMEN	NHMD	AV	NHMD122893				CC_BY_4_0		Kiure, Jacob			2026-03-18T07:45:43.622Z		COORDINATE_ROUNDED
4164070870	e5c5cad9-b987-4bb4-b07b-85488c5fdd80	c4b1d8c6-0a3f-4134-9615-4f87b2d64256	Animalia	Chordata	Aves	Passeriformes	Pycnonotidae	Phyllastrephus	Phyllastrephus albigularis		SPECIES	Phyllastrephus albigularis (Sharpe, 1882)				unnamed locality		PRESENT		2e7df380-8356-4533-bcb3-5459e23c794e													2486093	2486093	PRESERVED_SPECIMEN	NHMD	AV	NHMD137400				CC_BY_4_0					2026-03-18T07:45:40.169Z		
4164070859	e5c5cad9-b987-4bb4-b07b-85488c5fdd80	d6c2eca1-09b4-4aa3-8813-c05b8ff19e5d	Animalia	Chordata	Aves	Passeriformes	Pycnonotidae	Arizelocichla	Arizelocichla masukuensis	roehli	SUBSPECIES	Arizelocichla masukuensis roehli (Reichenow, 1905)			TZ	Nguru South Forest Reserve		PRESENT		2e7df380-8356-4533-bcb3-5459e23c794e	-6.05	37.479722							2003-06-12	12	6	2003	6086770	7340439	PRESERVED_SPECIMEN	NHMD	AV	NHMD122886				CC_BY_4_0		Kiure, Jacob			2026-03-18T07:45:45.662Z		COORDINATE_ROUNDED
4164070800	e5c5cad9-b987-4bb4-b07b-85488c5fdd80	9ea486f0-63c0-4f41-83f0-ad867ce1cf21	Animalia	Chordata	Aves	Passeriformes	Pycnonotidae	Arizelocichla	Arizelocichla masukuensis	masukuensis	SUBSPECIES	Arizelocichla masukuensis masukuensis (Shelley, 1897)			TZ	Mt Rungwe Forest Reserve		PRESENT		2e7df380-8356-4533-bcb3-5459e23c794e	-9.13	33.669722							1980-08-26	26	8	1980	6086761	7340439	PRESERVED_SPECIMEN	NHMD	AV	NHMD124995				CC_BY_4_0		Jensen, Flemming			2026-03-18T07:45:43.616Z		COORDINATE_ROUNDED
4164070749	e5c5cad9-b987-4bb4-b07b-85488c5fdd80	f098de61-14ab-4bc4-aa32-42b936e1ef58	Animalia	Chordata	Aves	Passeriformes	Pycnonotidae	Phyllastrephus	Phyllastrephus cabanisi	placidus	SUBSPECIES	Phyllastrephus cabanisi placidus			TZ	Lossongonoi Plateau	Manyara Region	PRESENT		2e7df380-8356-4533-bcb3-5459e23c794e	-4.713889	37.142222							2006-08-17	17	8	2006	6540392	2486087	PRESERVED_SPECIMEN	NHMD	AV	NHMD129668				CC_BY_4_0		Kiure, Jacob			2026-03-18T07:45:43.611Z		COORDINATE_ROUNDED
4164070737	e5c5cad9-b987-4bb4-b07b-85488c5fdd80	ffc63c53-8bb6-4c1a-a0c3-e2a6d7928168	Animalia	Chordata	Aves	Passeriformes	Pycnonotidae	Arizelocichla	Arizelocichla masukuensis	roehli	SUBSPECIES	Arizelocichla masukuensis roehli (Reichenow, 1905)			TZ	Nguru South Forest Reserve		PRESENT		2e7df380-8356-4533-bcb3-5459e23c794e	-6.2	37.516667							2004-10-15	15	10	2004	6086770	7340439	PRESERVED_SPECIMEN	NHMD	AV	NHMD129742				CC_BY_4_0		Kiure, Jacob			2026-03-18T07:45:45.652Z		COORDINATE_ROUNDED
4164070731	e5c5cad9-b987-4bb4-b07b-85488c5fdd80	67bc6af3-f310-4c09-be7f-2e0b3e7ec118	Animalia	Chordata	Aves	Passeriformes	Pycnonotidae	Arizelocichla	Arizelocichla milanjensis	striifacies	SUBSPECIES	Arizelocichla milanjensis striifacies			TZ	North Pare Mts.		PRESENT		2e7df380-8356-4533-bcb3-5459e23c794e	-3.75	37.669722							1959-07-29	29	7	1959	6540503	7340424	PRESERVED_SPECIMEN	NHMD	AV	NHMD120880				CC_BY_4_0		Andersen, Thorkild			2026-03-18T07:45:40.121Z		COORDINATE_ROUNDED
4164070709	e5c5cad9-b987-4bb4-b07b-85488c5fdd80	7147b865-2610-420a-af01-45f65415b186	Animalia	Chordata	Aves	Passeriformes	Pycnonotidae	Phyllastrephus	Phyllastrephus flavostriatus	uzungwensis	SUBSPECIES	Phyllastrephus flavostriatus uzungwensis Jensen & Stuart, 1982			TZ	Ndundulu Forest	Iringa Region	PRESENT		2e7df380-8356-4533-bcb3-5459e23c794e	-7.8	36.5							2007-06-10	10	6	2007	6086093	2486089	PRESERVED_SPECIMEN	NHMD	AV	NHMD124808				CC_BY_4_0		Kiure, Jacob			2026-03-18T07:45:43.608Z		
4164070697	e5c5cad9-b987-4bb4-b07b-85488c5fdd80	d87b9f44-c4ea-4e38-9967-bfc5b9a3fbef	Animalia	Chordata	Aves	Passeriformes	Pycnonotidae	Arizelocichla	Arizelocichla milanjensis	striifacies	SUBSPECIES	Arizelocichla milanjensis striifacies			TZ	Ukami Forest		PRESENT		2e7df380-8356-4533-bcb3-5459e23c794e	-7.88	36.419722							2003			2003	6540503	7340424	PRESERVED_SPECIMEN	NHMD	AV	NHMD123020				CC_BY_4_0		Kiure, Jacob			2026-03-18T07:45:40.113Z		COORDINATE_ROUNDED
4164070696	e5c5cad9-b987-4bb4-b07b-85488c5fdd80	edeee224-a304-4d31-be95-f269abcd3c9b	Animalia	Chordata	Aves	Passeriformes	Pycnonotidae	Phyllastrephus	Phyllastrephus flavostriatus	uzungwensis	SUBSPECIES	Phyllastrephus flavostriatus uzungwensis Jensen & Stuart, 1982			TZ	Ndundulu Forest	Iringa Region	PRESENT		2e7df380-8356-4533-bcb3-5459e23c794e	-7.8	36.5							2007-09-08	8	9	2007	6086093	2486089	PRESERVED_SPECIMEN	NHMD	AV	NHMD124809				CC_BY_4_0		Kiure, Jacob			2026-03-18T07:45:40.111Z		
4164070691	e5c5cad9-b987-4bb4-b07b-85488c5fdd80	1a338020-cd13-4ec2-8a04-94d5111fd2ea	Animalia	Chordata	Aves	Passeriformes	Pycnonotidae	Phyllastrephus	Phyllastrephus cabanisi	placidus	SUBSPECIES	Phyllastrephus cabanisi placidus			TZ	Liwili Kitesa Forest Reserve		PRESENT		2e7df380-8356-4533-bcb3-5459e23c794e	-11.399722	34.9							2006-01-18	18	1	2006	6540392	2486087	PRESERVED_SPECIMEN	NHMD	AV	NHMD124869				CC_BY_4_0		Kiure, Jacob			2026-03-18T07:45:45.648Z		COORDINATE_ROUNDED
4164070675	e5c5cad9-b987-4bb4-b07b-85488c5fdd80	525fee39-015e-4550-9417-4abb26ac5794	Animalia	Chordata	Aves	Passeriformes	Pycnonotidae	Arizelocichla	Arizelocichla fusciceps		SPECIES	Arizelocichla fusciceps (Shelley, 1893)			TZ	Ndundulu Forest	Iringa Region	PRESENT		2e7df380-8356-4533-bcb3-5459e23c794e	-7.8	36.5							2007-02-25	25	2	2007	6100812	6100812	PRESERVED_SPECIMEN	NHMD	AV	NHMD123866				CC_BY_4_0		Kiure, Jacob			2026-03-18T07:45:45.646Z		TAXON_MATCH_HIGHERRANK
4164070645	e5c5cad9-b987-4bb4-b07b-85488c5fdd80	0653edb8-75ad-4247-b5fa-287e072d8755	Animalia	Chordata	Aves	Passeriformes	Pycnonotidae	Andropadus	Andropadus importunus	hypoxanthus	SUBSPECIES	Andropadus importunus hypoxanthus Sharpe, 1876			TZ	Lindi		PRESENT		2e7df380-8356-4533-bcb3-5459e23c794e	-10.0	39.72							1966-08-29	29	8	1966	6086920	2486162	PRESERVED_SPECIMEN	NHMD	AV	NHMD119530				CC_BY_4_0		Salanti, M.			2026-03-18T07:45:40.099Z		
4164070628	e5c5cad9-b987-4bb4-b07b-85488c5fdd80	0b03353c-8bb9-42f1-89fa-6aaf7874dba8	Animalia	Chordata	Aves	Passeriformes	Pycnonotidae	Andropadus	Andropadus importunus	hypoxanthus	SUBSPECIES	Andropadus importunus hypoxanthus Sharpe, 1876			TZ	Soga, Kisarawe Distr. 500', 150m		PRESENT		2e7df380-8356-4533-bcb3-5459e23c794e	-6.829722	38.869722							1961-07-30	30	7	1961	6086920	2486162	PRESERVED_SPECIMEN	NHMD	AV	NHMD120847				CC_BY_4_0		Andersen, Thorkild			2026-03-18T07:45:49.215Z		COORDINATE_ROUNDED
4164070624	e5c5cad9-b987-4bb4-b07b-85488c5fdd80	0e3c49b9-aacc-4e07-b54b-91ff5847b101	Animalia	Chordata	Aves	Passeriformes	Pycnonotidae	Eurillas	Eurillas virens	zombensis	SUBSPECIES	Eurillas virens zombensis (Shelley, 1894)			TZ	Ukami Forest		PRESENT		2e7df380-8356-4533-bcb3-5459e23c794e	-7.88	36.419722							2003-03-07	7	3	2003	6086343	7340348	PRESERVED_SPECIMEN	NHMD	AV	NHMD125018				CC_BY_4_0		Kiure, Jacob			2026-03-18T07:45:49.215Z		COORDINATE_ROUNDED
4164070583	e5c5cad9-b987-4bb4-b07b-85488c5fdd80	6726cd59-f46b-4db3-93b2-2d5d78a757d6	Animalia	Chordata	Aves	Passeriformes	Pycnonotidae	Thapsinillas	Thapsinillas affinis		SPECIES	Thapsinillas affinis (Hombron & Jacquinot, 1841)			ID	Gunung Sere above Tapaya Village		PRESENT		2e7df380-8356-4533-bcb3-5459e23c794e	-1.623967	127.708667							2013-11-25	25	11	2013	6100816	6100816	PRESERVED_SPECIMEN	NHMD	AV	NHMD136323				CC_BY_4_0		Kennedy, Jonathan			2026-03-18T07:45:45.636Z		COORDINATE_ROUNDED;TAXON_MATCH_HIGHERRANK
4164070542	e5c5cad9-b987-4bb4-b07b-85488c5fdd80	9bfcbe53-38a1-4471-b45a-4af5bdef4e6e	Animalia	Chordata	Aves	Passeriformes	Pycnonotidae	Bleda	Bleda syndactylus	woosnami	SUBSPECIES	Bleda syndactylus woosnami Ogilvie-Grant, 1907			CD	Andwani, Kivu		PRESENT		2e7df380-8356-4533-bcb3-5459e23c794e									1950-09-25	25	9	1950	6086855	7340458	PRESERVED_SPECIMEN	NHMD	AV	NHMD129031				CC_BY_4_0		de Wilde, J.			2026-03-18T07:45:45.633Z		
4164070529	e5c5cad9-b987-4bb4-b07b-85488c5fdd80	41120f5f-906f-4bd1-acfe-6b1a676323ce	Animalia	Chordata	Aves	Passeriformes	Pycnonotidae	Arizelocichla	Arizelocichla masukuensis		SPECIES	Arizelocichla masukuensis (Shelley, 1897)			TZ	Kungwe Forest	Kigoma Region	PRESENT		2e7df380-8356-4533-bcb3-5459e23c794e	-6.13	29.799722							2004-08-31	31	8	2004	7340439	7340439	PRESERVED_SPECIMEN	NHMD	AV	NHMD124997				CC_BY_4_0		Kiure, Jacob			2026-03-18T07:45:49.205Z		COORDINATE_ROUNDED;TAXON_MATCH_HIGHERRANK
4164070501	e5c5cad9-b987-4bb4-b07b-85488c5fdd80	8145d529-5c98-4783-84c3-9a5d6d857b1a	Animalia	Chordata	Aves	Passeriformes	Pycnonotidae	Eurillas	Eurillas virens	virens	SUBSPECIES	Eurillas virens virens (Cassin, 1857)			TZ	Mahale Mts.		PRESENT		2e7df380-8356-4533-bcb3-5459e23c794e	-6.199722	29.829722							2004-08-07	7	8	2004	7340349	7340348	PRESERVED_SPECIMEN	NHMD	AV	NHMD125024				CC_BY_4_0		Kiure, Jacob			2026-03-18T07:45:43.581Z	StillImage	COORDINATE_ROUNDED
4164070484	e5c5cad9-b987-4bb4-b07b-85488c5fdd80	f70ceb76-62e4-4240-8321-a50895883dd6	Animalia	Chordata	Aves	Passeriformes	Pycnonotidae	Phyllastrephus	Phyllastrephus flavostriatus	uzungwensis	SUBSPECIES	Phyllastrephus flavostriatus uzungwensis Jensen & Stuart, 1982			TZ	Chita Forest Reserve		PRESENT		2e7df380-8356-4533-bcb3-5459e23c794e	-8.5	35.919722							1984-10-30	30	10	1984	6086093	2486089	PRESERVED_SPECIMEN	NHMD	AV	NHMD123759				CC_BY_4_0		Jensen, Flemming			2026-03-18T07:45:45.626Z		COORDINATE_ROUNDED
4164070472	e5c5cad9-b987-4bb4-b07b-85488c5fdd80	e635389b-ae74-4036-8aec-ce844c1f67e8	Animalia	Chordata	Aves	Passeriformes	Pycnonotidae	Arizelocichla	Arizelocichla milanjensis	striifacies	SUBSPECIES	Arizelocichla milanjensis striifacies			TZ	Ukami Forest		PRESENT		2e7df380-8356-4533-bcb3-5459e23c794e	-7.88	36.419722							2003-03-22	22	3	2003	6540503	7340424	PRESERVED_SPECIMEN	NHMD	AV	NHMD125063				CC_BY_4_0		Kiure, Jacob			2026-03-18T07:45:40.058Z		COORDINATE_ROUNDED
4164070425	e5c5cad9-b987-4bb4-b07b-85488c5fdd80	9af9d928-d29c-4364-beb9-6895c1fe8061	Animalia	Chordata	Aves	Passeriformes	Pycnonotidae	Eurillas	Eurillas latirostris		SPECIES	Eurillas latirostris (Strickland, 1844)			TZ	Mahale Mts.		PRESENT		2e7df380-8356-4533-bcb3-5459e23c794e	-6.199722	29.829722							2004-08-18	18	8	2004	7340356	7340356	PRESERVED_SPECIMEN	NHMD	AV	NHMD124907				CC_BY_4_0		Kiure, Jacob			2026-03-18T07:45:40.050Z		COORDINATE_ROUNDED
4164070423	e5c5cad9-b987-4bb4-b07b-85488c5fdd80	b6ea1868-a851-4569-8140-8e6cad44a386	Animalia	Chordata	Aves	Passeriformes	Pycnonotidae	Eurillas	Eurillas virens	zombensis	SUBSPECIES	Eurillas virens zombensis (Shelley, 1894)			TZ	Ukami Forest		PRESENT		2e7df380-8356-4533-bcb3-5459e23c794e	-7.88	36.419722							2003-03-05	5	3	2003	6086343	7340348	PRESERVED_SPECIMEN	NHMD	AV	NHMD123017				CC_BY_4_0		Kiure, Jacob			2026-03-18T07:45:45.623Z		COORDINATE_ROUNDED
4164070412	e5c5cad9-b987-4bb4-b07b-85488c5fdd80	c06ae900-1e73-42c8-8325-92014b7beb02	Animalia	Chordata	Aves	Passeriformes	Pycnonotidae	Arizelocichla	Arizelocichla masukuensis	roehli	SUBSPECIES	Arizelocichla masukuensis roehli (Reichenow, 1905)			TZ	Mafwemiro Forest		PRESENT		2e7df380-8356-4533-bcb3-5459e23c794e	-6.783333	36.533333							2002-11-21	21	11	2002	6086770	7340439	PRESERVED_SPECIMEN	NHMD	AV	NHMD129761				CC_BY_4_0		Fjeldså, Jon			2026-03-18T07:45:43.573Z		COORDINATE_ROUNDED
4164070393	e5c5cad9-b987-4bb4-b07b-85488c5fdd80	c00ff0a5-dd9d-4d38-96aa-e2a104b9485c	Animalia	Chordata	Aves	Passeriformes	Pycnonotidae	Pycnonotus	Pycnonotus urostictus	philippensis	SUBSPECIES	Poliolophus urostictus philippensis Hachisuka, 1934			PH	Tuod	Mindanao	PRESENT		2e7df380-8356-4533-bcb3-5459e23c794e	8.343889	124.359444							1951-09-18	18	9	1951	11027194	2486143	PRESERVED_SPECIMEN	NHMD	AV	NHMD134254				CC_BY_4_0					2026-03-18T07:45:40.043Z		COORDINATE_ROUNDED
4164070391	e5c5cad9-b987-4bb4-b07b-85488c5fdd80	d6859f13-05e6-4cb0-8c1b-9a6357836b36	Animalia	Chordata	Aves	Passeriformes	Pycnonotidae	Phyllastrephus	Phyllastrephus cabanisi	placidus	SUBSPECIES	Phyllastrephus cabanisi placidus			TZ	Nguru South Forest Reserve		PRESENT		2e7df380-8356-4533-bcb3-5459e23c794e	-6.05	37.479722							2004-10-07	7	10	2004	6540392	2486087	PRESERVED_SPECIMEN	NHMD	AV	NHMD124854				CC_BY_4_0		Kiure, Jacob			2026-03-18T07:45:45.621Z		COORDINATE_ROUNDED
4164070383	e5c5cad9-b987-4bb4-b07b-85488c5fdd80	be4721c3-9686-4363-a026-8fd72cf8dd8b	Animalia	Chordata	Aves	Passeriformes	Pycnonotidae	Phyllastrephus	Phyllastrephus cabanisi	placidus	SUBSPECIES	Phyllastrephus cabanisi placidus			TZ	Nguru South Forest Reserve		PRESENT		2e7df380-8356-4533-bcb3-5459e23c794e	-6.05	37.479722							2004-10-08	8	10	2004	6540392	2486087	PRESERVED_SPECIMEN	NHMD	AV	NHMD126289				CC_BY_4_0		Kiure, Jacob			2026-03-18T07:45:49.193Z		COORDINATE_ROUNDED
4164070358	e5c5cad9-b987-4bb4-b07b-85488c5fdd80	1ca5631c-0699-40ed-8c94-f47eebd4e8de	Animalia	Chordata	Aves	Passeriformes	Pycnonotidae	Phyllastrephus	Phyllastrephus cabanisi	placidus	SUBSPECIES	Phyllastrephus cabanisi placidus			TZ	Nguru South Forest Reserve		PRESENT		2e7df380-8356-4533-bcb3-5459e23c794e	-6.05	37.479722							2004-10-08	8	10	2004	6540392	2486087	PRESERVED_SPECIMEN	NHMD	AV	NHMD124855				CC_BY_4_0		Kiure, Jacob			2026-03-18T07:45:40.036Z		COORDINATE_ROUNDED
4164070325	e5c5cad9-b987-4bb4-b07b-85488c5fdd80	1d37357c-11f5-4eb1-bca8-d044e737e8d8	Animalia	Chordata	Aves	Passeriformes	Pycnonotidae	Pycnonotus	Pycnonotus barbatus		SPECIES	Pycnonotus barbatus (Desfontaines, 1789)			TZ	Mbizi Forest Reserve		PRESENT		2e7df380-8356-4533-bcb3-5459e23c794e	-7.889722	31.68							2008-03-03	3	3	2008	2486147	2486147	PRESERVED_SPECIMEN	NHMD	AV	NHMD125821				CC_BY_4_0		Kiure, Jacob			2026-03-18T07:45:43.565Z		COORDINATE_ROUNDED
4164070321	e5c5cad9-b987-4bb4-b07b-85488c5fdd80	d027eed1-591e-4703-8856-8e73bf53edee	Animalia	Chordata	Aves	Passeriformes	Pycnonotidae	Phyllastrephus	Phyllastrephus cabanisi	placidus	SUBSPECIES	Phyllastrephus cabanisi placidus			TZ	Liwili Kitesa Forest Reserve		PRESENT		2e7df380-8356-4533-bcb3-5459e23c794e	-11.399722	34.9							2006-01-18	18	1	2006	6540392	2486087	PRESERVED_SPECIMEN	NHMD	AV	NHMD124864				CC_BY_4_0		Kiure, Jacob			2026-03-18T07:45:49.190Z		COORDINATE_ROUNDED
4164070303	e5c5cad9-b987-4bb4-b07b-85488c5fdd80	85c43abe-3418-41f1-86b4-9e92a110f8e3	Animalia	Chordata	Aves	Passeriformes	Pycnonotidae	Phyllastrephus	Phyllastrephus cabanisi	placidus	SUBSPECIES	Phyllastrephus cabanisi placidus			TZ	Ndundulu Forest	Iringa Region	PRESENT		2e7df380-8356-4533-bcb3-5459e23c794e	-7.8	36.5							2007-03-04	4	3	2007	6540392	2486087	PRESERVED_SPECIMEN	NHMD	AV	NHMD124884				CC_BY_4_0		Kiure, Jacob			2026-03-18T07:45:49.187Z		
4164070273	e5c5cad9-b987-4bb4-b07b-85488c5fdd80	b9b13c38-18f3-4991-9437-21cc2ea6967d	Animalia	Chordata	Aves	Passeriformes	Pycnonotidae	Eurillas	Eurillas virens	zombensis	SUBSPECIES	Eurillas virens zombensis (Shelley, 1894)			TZ	Ndundulu Forest	Iringa Region	PRESENT		2e7df380-8356-4533-bcb3-5459e23c794e	-7.8	36.5							2007-06-21	21	6	2007	6086343	7340348	PRESERVED_SPECIMEN	NHMD	AV	NHMD125034				CC_BY_4_0		Kiure, Jacob			2026-03-18T07:45:40.011Z		
4164070256	e5c5cad9-b987-4bb4-b07b-85488c5fdd80	8d5391a9-955f-40ea-9a5c-473a43248571	Animalia	Chordata	Aves	Passeriformes	Pycnonotidae	Phyllastrephus	Phyllastrephus cabanisi	placidus	SUBSPECIES	Phyllastrephus cabanisi placidus			TZ	Nguru South Forest Reserve		PRESENT		2e7df380-8356-4533-bcb3-5459e23c794e	-6.05	37.479722							2003-06-14	14	6	2003	6540392	2486087	PRESERVED_SPECIMEN	NHMD	AV	NHMD122902				CC_BY_4_0		Kiure, Jacob			2026-03-18T07:45:45.610Z		COORDINATE_ROUNDED
4164070218	e5c5cad9-b987-4bb4-b07b-85488c5fdd80	34c6ea2e-6df0-49da-bb99-263ecd69cc0e	Animalia	Chordata	Aves	Passeriformes	Pycnonotidae	Eurillas	Eurillas virens	zombensis	SUBSPECIES	Eurillas virens zombensis (Shelley, 1894)			TZ	Kanga Forest Reserve		PRESENT		2e7df380-8356-4533-bcb3-5459e23c794e	-6.0	37.7							2003-11-20	20	11	2003	6086343	7340348	PRESERVED_SPECIMEN	NHMD	AV	NHMD126321				CC_BY_4_0		Kiure, Jacob			2026-03-18T07:45:40Z		
4164070186	e5c5cad9-b987-4bb4-b07b-85488c5fdd80	410b9e2b-e0c7-47fa-a1f0-2ea5baf9dc98	Animalia	Chordata	Aves	Passeriformes	Pycnonotidae	Eurillas	Eurillas virens	zombensis	SUBSPECIES	Eurillas virens zombensis (Shelley, 1894)			TZ	Ndundulu Forest	Iringa Region	PRESENT		2e7df380-8356-4533-bcb3-5459e23c794e	-7.8	36.5							2007-01-19	19	1	2007	6086343	7340348	PRESERVED_SPECIMEN	NHMD	AV	NHMD129664				CC_BY_4_0		Kiure, Jacob			2026-03-18T07:45:39.985Z		
4164070182	e5c5cad9-b987-4bb4-b07b-85488c5fdd80	5d3cdf8d-38a2-44c2-b805-b24446eb2efb	Animalia	Chordata	Aves	Passeriformes	Pycnonotidae	Arizelocichla	Arizelocichla fusciceps		SPECIES	Arizelocichla fusciceps (Shelley, 1893)			TZ	Mt Kiboriani Forest Reserve		PRESENT		2e7df380-8356-4533-bcb3-5459e23c794e	-6.28	36.479722							2004-01-29	29	1	2004	6100812	6100812	PRESERVED_SPECIMEN	NHMD	AV	NHMD123637				CC_BY_4_0		Kiure, Jacob			2026-03-18T07:45:43.548Z		COORDINATE_ROUNDED;TAXON_MATCH_HIGHERRANK
4164070126	e5c5cad9-b987-4bb4-b07b-85488c5fdd80	8e5a8065-e26f-41e7-aa93-6c339e3ac0a1	Animalia	Chordata	Aves	Passeriformes	Pycnonotidae	Arizelocichla	Arizelocichla milanjensis	striifacies	SUBSPECIES	Arizelocichla milanjensis striifacies			TZ	Ukwiva Forest Reserve		PRESENT		2e7df380-8356-4533-bcb3-5459e23c794e	-7.099722	36.669722							2002-09-20	20	9	2002	6540503	7340424	PRESERVED_SPECIMEN	NHMD	AV	NHMD122790				CC_BY_4_0		Kiure, Jacob			2026-03-18T07:45:49.173Z		COORDINATE_ROUNDED
4164070074	e5c5cad9-b987-4bb4-b07b-85488c5fdd80	bad4bada-21c5-45fe-9eb3-d865917ff1b9	Animalia	Chordata	Aves	Passeriformes	Pycnonotidae	Phyllastrephus	Phyllastrephus flavostriatus	tenuirostris	SUBSPECIES	Phyllastrephus flavostriatus tenuirostris (Fischer & Reichenow, 1884)			TZ	Nguru South Forest Reserve		PRESENT		2e7df380-8356-4533-bcb3-5459e23c794e	-6.05	37.479722							2003-06-11	11	6	2003	6086107	2486089	PRESERVED_SPECIMEN	NHMD	AV	NHMD123795				CC_BY_4_0		Kiure, Jacob			2026-03-18T07:45:49.169Z		COORDINATE_ROUNDED
4164070070	e5c5cad9-b987-4bb4-b07b-85488c5fdd80	e01daa69-d64b-48d3-b4fa-2340059b9a1e	Animalia	Chordata	Aves	Passeriformes	Pycnonotidae	Phyllastrephus	Phyllastrephus flavostriatus	tenuirostris	SUBSPECIES	Phyllastrephus flavostriatus tenuirostris (Fischer & Reichenow, 1884)			TZ	Kilindi Forest Reserve		PRESENT		2e7df380-8356-4533-bcb3-5459e23c794e	-5.57	37.569722							2005-05-19	19	5	2005	6086107	2486089	PRESERVED_SPECIMEN	NHMD	AV	NHMD123769				CC_BY_4_0		Kiure, Jacob			2026-03-18T07:45:43.536Z		COORDINATE_ROUNDED
4164070036	e5c5cad9-b987-4bb4-b07b-85488c5fdd80	ef3a1997-88fe-4dce-b57b-a86856dbf9cc	Animalia	Chordata	Aves	Passeriformes	Pycnonotidae	Arizelocichla	Arizelocichla milanjensis	striifacies	SUBSPECIES	Arizelocichla milanjensis striifacies			TZ	Ndundulu Forest	Iringa Region	PRESENT		2e7df380-8356-4533-bcb3-5459e23c794e	-7.8	36.5							2006-12-30	30	12	2006	6540503	7340424	PRESERVED_SPECIMEN	NHMD	AV	NHMD129729				CC_BY_4_0		Kiure, Jacob			2026-03-18T07:45:49.166Z		
4164070016	e5c5cad9-b987-4bb4-b07b-85488c5fdd80	6df87d17-509a-449f-9e73-b1e6ea6c3d6a	Animalia	Chordata	Aves	Passeriformes	Pycnonotidae	Hypsipetes	Hypsipetes everetti	everetti	SUBSPECIES	Hypsipetes everetti everetti (Tweeddale, 1877)			PH	Cabanglasan	Mindanao	PRESENT		2e7df380-8356-4533-bcb3-5459e23c794e	8.071944	125.299167							1951-10-19	19	10	1951	7342047	7342046	PRESERVED_SPECIMEN	NHMD	AV	NHMD134296				CC_BY_4_0					2026-03-18T07:45:45.588Z		COORDINATE_ROUNDED
4164070008	e5c5cad9-b987-4bb4-b07b-85488c5fdd80	cf5d1a52-b9ce-4a9b-8a4c-c052a6c43e35	Animalia	Chordata	Aves	Passeriformes	Pycnonotidae	Phyllastrephus	Phyllastrephus flavostriatus	uzungwensis	SUBSPECIES	Phyllastrephus flavostriatus uzungwensis Jensen & Stuart, 1982			TZ	Ukami Forest		PRESENT		2e7df380-8356-4533-bcb3-5459e23c794e	-7.88	36.419722							2003-03-05	5	3	2003	6086093	2486089	PRESERVED_SPECIMEN	NHMD	AV	NHMD123761				CC_BY_4_0		Kiure, Jacob			2026-03-18T07:45:39.952Z		COORDINATE_ROUNDED
4164069980	e5c5cad9-b987-4bb4-b07b-85488c5fdd80	6dd25d41-eea1-4c0a-9add-c567fa29518e	Animalia	Chordata	Aves	Passeriformes	Pycnonotidae	Arizelocichla	Arizelocichla fusciceps		SPECIES	Arizelocichla fusciceps (Shelley, 1893)			TZ	Uluguru Mts.		PRESENT		2e7df380-8356-4533-bcb3-5459e23c794e	-7.0	39.666667							1962-05-05	5	5	1962	6100812	6100812	PRESERVED_SPECIMEN	NHMD	AV	NHMD120830				CC_BY_4_0		Andersen, Thorkild			2026-03-18T07:45:45.585Z	StillImage	COORDINATE_ROUNDED;CONTINENT_COORDINATE_MISMATCH;TAXON_MATCH_HIGHERRANK
4164069918	e5c5cad9-b987-4bb4-b07b-85488c5fdd80	783d3e04-ee3d-4eec-9a57-81b6f0777bbc	Animalia	Chordata	Aves	Passeriformes	Pycnonotidae	Bleda	Bleda syndactylus	woosnami	SUBSPECIES	Bleda syndactylus woosnami Ogilvie-Grant, 1907			SS	Talanga Forest		PRESENT		2e7df380-8356-4533-bcb3-5459e23c794e	4.029236	32.751611							1980-12-04	4	12	1980	6086855	7340458	PRESERVED_SPECIMEN	NHMD	AV	NHMD129182				CC_BY_4_0		Jensen, Flemming			2026-03-18T07:45:49.157Z		COORDINATE_ROUNDED
4164069898	e5c5cad9-b987-4bb4-b07b-85488c5fdd80	277cb2f8-9439-4912-ad5f-cd8cb35ea766	Animalia	Chordata	Aves	Passeriformes	Pycnonotidae	Phyllastrephus	Phyllastrephus flavostriatus	tenuirostris	SUBSPECIES	Phyllastrephus flavostriatus tenuirostris (Fischer & Reichenow, 1884)			TZ	Nguru South Forest Reserve		PRESENT		2e7df380-8356-4533-bcb3-5459e23c794e	-6.05	37.479722							2003-06-11	11	6	2003	6086107	2486089	PRESERVED_SPECIMEN	NHMD	AV	NHMD122899				CC_BY_4_0		Kiure, Jacob			2026-03-18T07:45:45.576Z		COORDINATE_ROUNDED
4164069890	e5c5cad9-b987-4bb4-b07b-85488c5fdd80	91012638-585b-4d53-9bc7-caf419bfdcc5	Animalia	Chordata	Aves	Passeriformes	Pycnonotidae	Bleda	Bleda syndactylus	woosnami	SUBSPECIES	Bleda syndactylus woosnami Ogilvie-Grant, 1907			SS	Talanga Forest		PRESENT		2e7df380-8356-4533-bcb3-5459e23c794e	4.029236	32.751611							1980-11-29	29	11	1980	6086855	7340458	PRESERVED_SPECIMEN	NHMD	AV	NHMD129180				CC_BY_4_0		Jensen, Flemming			2026-03-18T07:45:39.931Z		COORDINATE_ROUNDED
4164069880	e5c5cad9-b987-4bb4-b07b-85488c5fdd80	00df0506-38c0-45b5-b64e-2d5079b0335c	Animalia	Chordata	Aves	Passeriformes	Pycnonotidae	Hypsipetes	Hypsipetes everetti	everetti	SUBSPECIES	Hypsipetes everetti everetti (Tweeddale, 1877)			PH	Cabanglasan	Mindanao	PRESENT		2e7df380-8356-4533-bcb3-5459e23c794e	8.071944	125.299167							1951-10-17	17	10	1951	7342047	7342046	PRESERVED_SPECIMEN	NHMD	AV	NHMD134302				CC_BY_4_0					2026-03-18T07:45:45.574Z		COORDINATE_ROUNDED
4164069868	e5c5cad9-b987-4bb4-b07b-85488c5fdd80	72b258fd-1bee-42fa-8bd4-65287c55dd34	Animalia	Chordata	Aves	Passeriformes	Pycnonotidae	Arizelocichla	Arizelocichla masukuensis		SPECIES	Arizelocichla masukuensis (Shelley, 1897)			TZ	Poroto Mts FR		PRESENT		2e7df380-8356-4533-bcb3-5459e23c794e	-9.016944	33.75							2008-12-26	26	12	2008	7340439	7340439	PRESERVED_SPECIMEN	NHMD	AV	NHMD126850				CC_BY_4_0		Kiure, Jacob			2026-03-18T07:45:43.520Z		COORDINATE_ROUNDED;TAXON_MATCH_HIGHERRANK
4164069824	e5c5cad9-b987-4bb4-b07b-85488c5fdd80	124e4624-a34d-4767-b98c-6bba279713ce	Animalia	Chordata	Aves	Passeriformes	Pycnonotidae	Chlorocichla	Chlorocichla flaviventris	centralis	SUBSPECIES	Chlorocichla flaviventris centralis Reichenow, 1887			TZ	Nambiga Teak Nursery		PRESENT		2e7df380-8356-4533-bcb3-5459e23c794e	-10.55	36.47							1995-12-06	6	12	1995	6086621	2486173	PRESERVED_SPECIMEN	NHMD	AV	NHMD121906				CC_BY_4_0		Bolding Kristensen, Jan			2026-03-18T07:45:45.570Z		
4164069813	e5c5cad9-b987-4bb4-b07b-85488c5fdd80	b6d07ed8-9401-41dc-b1e5-b3346288d9e4	Animalia	Chordata	Aves	Passeriformes	Pycnonotidae	Arizelocichla	Arizelocichla nigriceps	nigriceps	SUBSPECIES	Arizelocichla nigriceps nigriceps (Shelley, 1889)			TZ	Marang Forest Reserve	Arusha Region	PRESENT		2e7df380-8356-4533-bcb3-5459e23c794e	-3.73	35.63							2004-04-01	1	4	2004	7340427	7340426	PRESERVED_SPECIMEN	NHMD	AV	NHMD123518				CC_BY_4_0		Kiure, Jacob			2026-03-18T07:45:39.915Z		
4164069757	e5c5cad9-b987-4bb4-b07b-85488c5fdd80	6821898b-2709-4831-b657-c6277be4bd36	Animalia	Chordata	Aves	Passeriformes	Pycnonotidae	Phyllastrephus	Phyllastrephus albigula		SPECIES	Phyllastrephus albigula (Grote, 1919)			TZ	Nguru South Forest Reserve		PRESENT		2e7df380-8356-4533-bcb3-5459e23c794e	-6.05	37.479722							2004-10-13	13	10	2004	6086037	6086037	PRESERVED_SPECIMEN	NHMD	AV	NHMD124915				CC_BY_4_0		Kiure, Jacob			2026-03-18T07:45:43.501Z		COORDINATE_ROUNDED
4164069753	e5c5cad9-b987-4bb4-b07b-85488c5fdd80	30c0407f-e97b-4690-aab4-047f2e9a15bf	Animalia	Chordata	Aves	Passeriformes	Pycnonotidae	Arizelocichla	Arizelocichla masukuensis	roehli	SUBSPECIES	Arizelocichla masukuensis roehli (Reichenow, 1905)			TZ	Nguru South Forest Reserve		PRESENT		2e7df380-8356-4533-bcb3-5459e23c794e	-6.05	37.479722							2004-10-13	13	10	2004	6086770	7340439	PRESERVED_SPECIMEN	NHMD	AV	NHMD126345				CC_BY_4_0		Kiure, Jacob			2026-03-18T07:45:45.565Z		COORDINATE_ROUNDED
4164069749	e5c5cad9-b987-4bb4-b07b-85488c5fdd80	5175e29c-bed2-44e2-8a3f-2f47afa769cc	Animalia	Chordata	Aves	Passeriformes	Pycnonotidae	Phyllastrephus	Phyllastrephus cabanisi	placidus	SUBSPECIES	Phyllastrephus cabanisi placidus			TZ	Ndundulu Forest	Iringa Region	PRESENT		2e7df380-8356-4533-bcb3-5459e23c794e	-7.8	36.5							2007-01-22	22	1	2007	6540392	2486087	PRESERVED_SPECIMEN	NHMD	AV	NHMD129662				CC_BY_4_0		Kiure, Jacob			2026-03-18T07:45:43.500Z		
4164069746	e5c5cad9-b987-4bb4-b07b-85488c5fdd80	2d868ef2-fe36-4d5b-811e-ccd4fb9920f4	Animalia	Chordata	Aves	Passeriformes	Pycnonotidae	Arizelocichla	Arizelocichla masukuensis	roehli	SUBSPECIES	Arizelocichla masukuensis roehli (Reichenow, 1905)			TZ	Udzungwa Scarp Forest		PRESENT		2e7df380-8356-4533-bcb3-5459e23c794e	-8.373333	35.978611							1996-10-24	24	10	1996	6086770	7340439	PRESERVED_SPECIMEN	NHMD	AV	NHMD121945				CC_BY_4_0		Stephenson, B.			2026-03-18T07:45:39.905Z		COORDINATE_ROUNDED
4164069726	e5c5cad9-b987-4bb4-b07b-85488c5fdd80	5f7275b7-cfab-4b49-9dce-7da0cdc2457e	Animalia	Chordata	Aves	Passeriformes	Pycnonotidae	Phyllastrephus	Phyllastrephus cabanisi	placidus	SUBSPECIES	Phyllastrephus cabanisi placidus			TZ	Lossongonoi Plateau		PRESENT		2e7df380-8356-4533-bcb3-5459e23c794e	-4.059722	37.13							2006-08-17	17	8	2006	6540392	2486087	PRESERVED_SPECIMEN	NHMD	AV	NHMD126290				CC_BY_4_0		Kiure, Jacob			2026-03-18T07:45:49.141Z		COORDINATE_ROUNDED
4164069706	e5c5cad9-b987-4bb4-b07b-85488c5fdd80	7914ede9-f306-410f-b614-69f7bf29ec2c	Animalia	Chordata	Aves	Passeriformes	Pycnonotidae	Hypsipetes	Hypsipetes rufigularis		SPECIES	Hypsipetes rufigularis (Sharpe, 1877)			PH	Tuod	Mindanao	PRESENT		2e7df380-8356-4533-bcb3-5459e23c794e	8.343889	124.359444							1951-09-28	28	9	1951	6093941	6093941	PRESERVED_SPECIMEN	NHMD	AV	NHMD134304				CC_BY_4_0					2026-03-18T07:45:43.494Z		COORDINATE_ROUNDED
4164069680	e5c5cad9-b987-4bb4-b07b-85488c5fdd80	2815287e-5bc6-480f-af8a-4edfa28b45e8	Animalia	Chordata	Aves	Passeriformes	Pycnonotidae	Phyllastrephus	Phyllastrephus flavostriatus	tenuirostris	SUBSPECIES	Phyllastrephus flavostriatus tenuirostris (Fischer & Reichenow, 1884)			TZ	Nguru South Forest Reserve		PRESENT		2e7df380-8356-4533-bcb3-5459e23c794e	-6.05	37.479722							2004-10-16	16	10	2004	6086107	2486089	PRESERVED_SPECIMEN	NHMD	AV	NHMD123775				CC_BY_4_0		Kiure, Jacob			2026-03-18T07:45:43.491Z		COORDINATE_ROUNDED
4164069678	e5c5cad9-b987-4bb4-b07b-85488c5fdd80	338d6785-1b42-4a73-b2fc-055fbb2e60f1	Animalia	Chordata	Aves	Passeriformes	Pycnonotidae	Phyllastrephus	Phyllastrephus icterinus		SPECIES	Phyllastrephus icterinus (Bonaparte, 1850)			CD	Katungulu		PRESENT		2e7df380-8356-4533-bcb3-5459e23c794e	-1.915556	28.537778							2008-03-01	1	3	2008	2486106	2486106	PRESERVED_SPECIMEN	NHMD	AV	NHMD127244				CC_BY_4_0		Kizungu, B.			2026-03-18T07:45:43.490Z		COORDINATE_ROUNDED
4164069677	e5c5cad9-b987-4bb4-b07b-85488c5fdd80	4c4fe402-8873-454f-8c0f-fdff8c0feb7c	Animalia	Chordata	Aves	Passeriformes	Pycnonotidae	Phyllastrephus	Phyllastrephus flavostriatus	kungwensis	SUBSPECIES	Phyllastrephus flavostriatus kungwensis Moreau, 1941			TZ	Kungwe Forest	Kigoma Region	PRESENT		2e7df380-8356-4533-bcb3-5459e23c794e	-6.13	29.799722							2004-08-31	31	8	2004	6086101	2486089	PRESERVED_SPECIMEN	NHMD	AV	NHMD123757				CC_BY_4_0		Kiure, Jacob			2026-03-18T07:45:49.136Z	StillImage	COORDINATE_ROUNDED
4164069642	e5c5cad9-b987-4bb4-b07b-85488c5fdd80	0b85a562-75a5-4fa8-90c4-51a0e2f7f79b	Animalia	Chordata	Aves	Passeriformes	Pycnonotidae	Arizelocichla	Arizelocichla milanjensis	striifacies	SUBSPECIES	Arizelocichla milanjensis striifacies			TZ	Nguru South Forest Reserve		PRESENT		2e7df380-8356-4533-bcb3-5459e23c794e	-6.05	37.479722							2003-06-22	22	6	2003	6540503	7340424	PRESERVED_SPECIMEN	NHMD	AV	NHMD125049				CC_BY_4_0		Kiure, Jacob			2026-03-18T07:45:43.487Z		COORDINATE_ROUNDED
4164069618	e5c5cad9-b987-4bb4-b07b-85488c5fdd80	925916e6-769c-43aa-b25b-e0e927b55eb1	Animalia	Chordata	Aves	Passeriformes	Pycnonotidae	Arizelocichla	Arizelocichla fusciceps		SPECIES	Arizelocichla fusciceps (Shelley, 1893)			TZ	Ndundulu Forest	Iringa Region	PRESENT		2e7df380-8356-4533-bcb3-5459e23c794e	-7.8	36.5							2007-03-16	16	3	2007	6100812	6100812	PRESERVED_SPECIMEN	NHMD	AV	NHMD123847				CC_BY_4_0		Kiure, Jacob			2026-03-18T07:45:43.485Z		TAXON_MATCH_HIGHERRANK
4164069613	e5c5cad9-b987-4bb4-b07b-85488c5fdd80	2c396e05-1aaf-4c33-8f58-51b2ec36b7ae	Animalia	Chordata	Aves	Passeriformes	Pycnonotidae	Phyllastrephus	Phyllastrephus flavostriatus	tenuirostris	SUBSPECIES	Phyllastrephus flavostriatus tenuirostris (Fischer & Reichenow, 1884)			TZ	Nguru South Forest Reserve	Morogoro Region	PRESENT		2e7df380-8356-4533-bcb3-5459e23c794e	-6.2	37.516667							2003-06-13	13	6	2003	6086107	2486089	PRESERVED_SPECIMEN	NHMD	AV	NHMD129679				CC_BY_4_0		Kiure, Jacob			2026-03-18T07:45:39.884Z		COORDINATE_ROUNDED
4164069607	e5c5cad9-b987-4bb4-b07b-85488c5fdd80	ff4e79a8-4c93-4838-aee0-0b72595df5a3	Animalia	Chordata	Aves	Passeriformes	Pycnonotidae	Arizelocichla	Arizelocichla masukuensis	roehli	SUBSPECIES	Arizelocichla masukuensis roehli (Reichenow, 1905)			TZ	Nguru South Forest Reserve		PRESENT		2e7df380-8356-4533-bcb3-5459e23c794e	-6.05	37.479722							2005-03-16	16	3	2005	6086770	7340439	PRESERVED_SPECIMEN	NHMD	AV	NHMD124941				CC_BY_4_0		Kiure, Jacob			2026-03-18T07:45:45.552Z		COORDINATE_ROUNDED
4164069582	e5c5cad9-b987-4bb4-b07b-85488c5fdd80	f0effea7-836d-48b8-9131-7314d407b5dd	Animalia	Chordata	Aves	Passeriformes	Pycnonotidae	Phyllastrephus	Phyllastrephus cabanisi	placidus	SUBSPECIES	Phyllastrephus cabanisi placidus			TZ	Kanga Forest Reserve		PRESENT		2e7df380-8356-4533-bcb3-5459e23c794e	-6.0	37.7							2003-11-27	27	11	2003	6540392	2486087	PRESERVED_SPECIMEN	NHMD	AV	NHMD126295				CC_BY_4_0		Kiure, Jacob			2026-03-18T07:45:39.877Z		
4164069576	e5c5cad9-b987-4bb4-b07b-85488c5fdd80	5a256ce2-a88d-47af-8670-c2ec50f9fb4a	Animalia	Chordata	Aves	Passeriformes	Pycnonotidae	Arizelocichla	Arizelocichla milanjensis	striifacies	SUBSPECIES	Arizelocichla milanjensis striifacies			TZ	Kindoroko		PRESENT		2e7df380-8356-4533-bcb3-5459e23c794e	-3.75	37.75							2009-05-11	11	5	2009	6540503	7340424	PRESERVED_SPECIMEN	NHMD	AV	NHMD127044				CC_BY_4_0		Kiure, Jacob			2026-03-18T07:45:39.875Z		
4164069573	e5c5cad9-b987-4bb4-b07b-85488c5fdd80	ae4d63b0-deeb-46e7-8a3b-0666f621f7f1	Animalia	Chordata	Aves	Passeriformes	Pycnonotidae	Eurillas	Eurillas latirostris		SPECIES	Eurillas latirostris (Strickland, 1844)			TZ	Mahale Mts.		PRESENT		2e7df380-8356-4533-bcb3-5459e23c794e	-6.199722	29.829722							2004-08-18	18	8	2004	7340356	7340356	PRESERVED_SPECIMEN	NHMD	AV	NHMD124906				CC_BY_4_0		Kiure, Jacob			2026-03-18T07:45:45.550Z		COORDINATE_ROUNDED
4164069572	e5c5cad9-b987-4bb4-b07b-85488c5fdd80	1284bf3d-b885-44f6-b4be-d65495768d84	Animalia	Chordata	Aves	Passeriformes	Pycnonotidae	Eurillas	Eurillas virens	zombensis	SUBSPECIES	Eurillas virens zombensis (Shelley, 1894)			TZ	Ukami Forest		PRESENT		2e7df380-8356-4533-bcb3-5459e23c794e	-7.88	36.419722							2003-03-06	6	3	2003	6086343	7340348	PRESERVED_SPECIMEN	NHMD	AV	NHMD123018				CC_BY_4_0		Kiure, Jacob			2026-03-18T07:45:49.128Z		COORDINATE_ROUNDED
4164069560	e5c5cad9-b987-4bb4-b07b-85488c5fdd80	ca43f152-3b47-4727-8bad-f2969844b41a	Animalia	Chordata	Aves	Passeriformes	Pycnonotidae	Arizelocichla	Arizelocichla fusciceps		SPECIES	Arizelocichla fusciceps (Shelley, 1893)			TZ	Ndundulu Forest	Iringa Region	PRESENT		2e7df380-8356-4533-bcb3-5459e23c794e	-7.8	36.5							2007-03-30	30	3	2007	6100812	6100812	PRESERVED_SPECIMEN	NHMD	AV	NHMD123864				CC_BY_4_0		Kiure, Jacob			2026-03-18T07:45:49.125Z		TAXON_MATCH_HIGHERRANK
4164069499	e5c5cad9-b987-4bb4-b07b-85488c5fdd80	549cba7d-2a08-4b85-9ff7-2daebb873e0e	Animalia	Chordata	Aves	Passeriformes	Pycnonotidae	Arizelocichla	Arizelocichla fusciceps		SPECIES	Arizelocichla fusciceps (Shelley, 1893)			TZ	Njoge FR		PRESENT		2e7df380-8356-4533-bcb3-5459e23c794e	-5.92	36.819722							2010-03-24	24	3	2010	6100812	6100812	PRESERVED_SPECIMEN	NHMD	AV	NHMD128923				CC_BY_4_0		Kiure, Jacob			2026-03-18T07:45:43.467Z		COORDINATE_ROUNDED;TAXON_MATCH_HIGHERRANK
4164069498	e5c5cad9-b987-4bb4-b07b-85488c5fdd80	88546058-0c2c-4936-87d5-f4922bfd1014	Animalia	Chordata	Aves	Passeriformes	Pycnonotidae	Eurillas	Eurillas latirostris	australis	SUBSPECIES	Eurillas latirostris australis (Moreau, 1941)			TZ	Mbizi Forest Reserve		PRESENT		2e7df380-8356-4533-bcb3-5459e23c794e	-7.889722	31.68							2008-02-27	27	2	2008	9004172	7340356	PRESERVED_SPECIMEN	NHMD	AV	NHMD125791				CC_BY_4_0		Kiure, Jacob			2026-03-18T07:45:49.121Z		COORDINATE_ROUNDED
4164069482	e5c5cad9-b987-4bb4-b07b-85488c5fdd80	1df60423-f72d-4496-974b-1a8d6cf4f062	Animalia	Chordata	Aves	Passeriformes	Pycnonotidae	Arizelocichla	Arizelocichla masukuensis	roehli	SUBSPECIES	Arizelocichla masukuensis roehli (Reichenow, 1905)			TZ	Nguru South Forest Reserve		PRESENT		2e7df380-8356-4533-bcb3-5459e23c794e	-6.2	37.516667							2003-06-13	13	6	2003	6086770	7340439	PRESERVED_SPECIMEN	NHMD	AV	NHMD129732				CC_BY_4_0		Kiure, Jacob			2026-03-18T07:45:43.467Z		COORDINATE_ROUNDED
4164069475	e5c5cad9-b987-4bb4-b07b-85488c5fdd80	480a1f68-96bf-457c-833c-4d357dfbaee0	Animalia	Chordata	Aves	Passeriformes	Pycnonotidae	Phyllastrephus	Phyllastrephus cabanisi	placidus	SUBSPECIES	Phyllastrephus cabanisi placidus			TZ	Uluguru Mts.		PRESENT		2e7df380-8356-4533-bcb3-5459e23c794e	-7.0	39.666667							1961-01-26	26	1	1961	6540392	2486087	PRESERVED_SPECIMEN	NHMD	AV	NHMD122022				CC_BY_4_0		Andersen, Thorkild			2026-03-18T07:45:45.541Z		COORDINATE_ROUNDED;CONTINENT_COORDINATE_MISMATCH
4164069471	e5c5cad9-b987-4bb4-b07b-85488c5fdd80	1c9e5ed1-7e19-4d4f-9896-13ae60f4d8a7	Animalia	Chordata	Aves	Passeriformes	Pycnonotidae	Phyllastrephus	Phyllastrephus albigularis	albigularis	SUBSPECIES	Phyllastrephus albigularis albigularis (Sharpe, 1882)			SS	Talanga Forest		PRESENT		2e7df380-8356-4533-bcb3-5459e23c794e	4.029236	32.751611							1980-12-06	6	12	1980	7340305	2486093	PRESERVED_SPECIMEN	NHMD	AV	NHMD137409				CC_BY_4_0		Jensen, Flemming			2026-03-18T07:45:45.540Z		COORDINATE_ROUNDED
4164069462	e5c5cad9-b987-4bb4-b07b-85488c5fdd80	85941b7f-e848-49b9-8f0b-efd07872ee59	Animalia	Chordata	Aves	Passeriformes	Pycnonotidae	Arizelocichla	Arizelocichla masukuensis	roehli	SUBSPECIES	Arizelocichla masukuensis roehli (Reichenow, 1905)			TZ	Ukami Forest		PRESENT		2e7df380-8356-4533-bcb3-5459e23c794e	-7.88	36.419722							2003			2003	6086770	7340439	PRESERVED_SPECIMEN	NHMD	AV	NHMD123001				CC_BY_4_0		Kiure, Jacob			2026-03-18T07:45:39.852Z		COORDINATE_ROUNDED
4164069454	e5c5cad9-b987-4bb4-b07b-85488c5fdd80	d7748b2e-43df-496c-bef9-73448bef9cdc	Animalia	Chordata	Aves	Passeriformes	Pycnonotidae	Arizelocichla	Arizelocichla masukuensis	roehli	SUBSPECIES	Arizelocichla masukuensis roehli (Reichenow, 1905)			TZ	Nguru South Forest Reserve		PRESENT		2e7df380-8356-4533-bcb3-5459e23c794e	-6.05	37.479722							2003-06-13	13	6	2003	6086770	7340439	PRESERVED_SPECIMEN	NHMD	AV	NHMD122874				CC_BY_4_0		Kiure, Jacob			2026-03-18T07:45:39.850Z		COORDINATE_ROUNDED
4164069422	e5c5cad9-b987-4bb4-b07b-85488c5fdd80	1729babe-5741-4cfa-aff1-2837f6a3341c	Animalia	Chordata	Aves	Passeriformes	Pycnonotidae	Arizelocichla	Arizelocichla masukuensis	roehli	SUBSPECIES	Arizelocichla masukuensis roehli (Reichenow, 1905)			TZ	Nguru South Forest Reserve		PRESENT		2e7df380-8356-4533-bcb3-5459e23c794e	-6.2	37.516667							2005-03-17	17	3	2005	6086770	7340439	PRESERVED_SPECIMEN	NHMD	AV	NHMD129751				CC_BY_4_0		Kiure, Jacob			2026-03-18T07:45:43.460Z		COORDINATE_ROUNDED
4164069408	e5c5cad9-b987-4bb4-b07b-85488c5fdd80	4568df92-2ee4-4bb3-b4d7-e5578e250811	Animalia	Chordata	Aves	Passeriformes	Pycnonotidae	Phyllastrephus	Phyllastrephus flavostriatus	tenuirostris	SUBSPECIES	Phyllastrephus flavostriatus tenuirostris (Fischer & Reichenow, 1884)			TZ	Mt. Kanga Forest Reserve		PRESENT		2e7df380-8356-4533-bcb3-5459e23c794e	-6.0	37.7							2003-05-19	19	5	2003	6086107	2486089	PRESERVED_SPECIMEN	NHMD	AV	NHMD123786				CC_BY_4_0		Kiure, Jacob			2026-03-18T07:45:39.845Z		
4164069399	e5c5cad9-b987-4bb4-b07b-85488c5fdd80	8a8c8160-767d-4add-9990-e042161a3d46	Animalia	Chordata	Aves	Passeriformes	Pycnonotidae	Arizelocichla	Arizelocichla fusciceps		SPECIES	Arizelocichla fusciceps (Shelley, 1893)			TZ	Ndundulu Forest	Iringa Region	PRESENT		2e7df380-8356-4533-bcb3-5459e23c794e	-7.8	36.5							2007-03-07	7	3	2007	6100812	6100812	PRESERVED_SPECIMEN	NHMD	AV	NHMD123843				CC_BY_4_0		Kiure, Jacob			2026-03-18T07:45:43.457Z		TAXON_MATCH_HIGHERRANK
4164069365	e5c5cad9-b987-4bb4-b07b-85488c5fdd80	6fc741d8-f73f-4a9a-9ce5-37f98aa6ab95	Animalia	Chordata	Aves	Passeriformes	Pycnonotidae	Arizelocichla	Arizelocichla nigriceps	nigriceps	SUBSPECIES	Arizelocichla nigriceps nigriceps (Shelley, 1889)			TZ	Mt. Kilimanjaro		PRESENT		2e7df380-8356-4533-bcb3-5459e23c794e									1967-08-15	15	8	1967	7340427	7340426	PRESERVED_SPECIMEN	NHMD	AV	NHMD119536				CC_BY_4_0		Salanti, M.			2026-03-18T07:45:39.824Z		
4164069352	e5c5cad9-b987-4bb4-b07b-85488c5fdd80	49979255-b789-473a-9127-d76a216058b8	Animalia	Chordata	Aves	Passeriformes	Pycnonotidae	Arizelocichla	Arizelocichla fusciceps		SPECIES	Arizelocichla fusciceps (Shelley, 1893)			TZ	Maguli FR		PRESENT		2e7df380-8356-4533-bcb3-5459e23c794e	-9.493889	34.175833							2008-12-02	2	12	2008	6100812	6100812	PRESERVED_SPECIMEN	NHMD	AV	NHMD126868				CC_BY_4_0		Kiure, Jacob			2026-03-18T07:45:49.110Z		COORDINATE_ROUNDED;TAXON_MATCH_HIGHERRANK
4164069343	e5c5cad9-b987-4bb4-b07b-85488c5fdd80	85599eab-2154-49c7-8ad9-dda881e30e88	Animalia	Chordata	Aves	Passeriformes	Pycnonotidae	Pycnonotus	Pycnonotus goiavier	suluensis	SUBSPECIES	Pycnonotus goiavier suluensis Mearns, 1909			PH	Opol	Mindanao	PRESENT		2e7df380-8356-4533-bcb3-5459e23c794e	8.52	124.573333							1951-08-22	22	8	1951	6094616	2486144	PRESERVED_SPECIMEN	NHMD	AV	NHMD134244				CC_BY_4_0					2026-03-18T07:45:39.826Z		COORDINATE_ROUNDED
4164069338	e5c5cad9-b987-4bb4-b07b-85488c5fdd80	6cf73ef4-543e-4031-b2cf-33ec4a4ffaa7	Animalia	Chordata	Aves	Passeriformes	Pycnonotidae	Phyllastrephus	Phyllastrephus flavostriatus	uzungwensis	SUBSPECIES	Phyllastrephus flavostriatus uzungwensis Jensen & Stuart, 1982			TZ	Ndundulu Forest	Iringa Region	PRESENT		2e7df380-8356-4533-bcb3-5459e23c794e	-7.8	36.5							2007-07-28	28	7	2007	6086093	2486089	PRESERVED_SPECIMEN	NHMD	AV	NHMD124810				CC_BY_4_0		Kiure, Jacob			2026-03-18T07:45:49.107Z		
4164069322	e5c5cad9-b987-4bb4-b07b-85488c5fdd80	59375d28-1512-4ebf-8723-eed05b597569	Animalia	Chordata	Aves	Passeriformes	Pycnonotidae	Arizelocichla	Arizelocichla masukuensis	roehli	SUBSPECIES	Arizelocichla masukuensis roehli (Reichenow, 1905)			TZ	Ndundulu Forest	Iringa Region	PRESENT		2e7df380-8356-4533-bcb3-5459e23c794e	-7.8	36.5							2007-03-29	29	3	2007	6086770	7340439	PRESERVED_SPECIMEN	NHMD	AV	NHMD124935				CC_BY_4_0		Kiure, Jacob			2026-03-18T07:45:49.104Z		
4164069307	e5c5cad9-b987-4bb4-b07b-85488c5fdd80	3b08ea46-86a2-425c-b3f6-1986afb522f5	Animalia	Chordata	Aves	Passeriformes	Pycnonotidae	Arizelocichla	Arizelocichla fusciceps		SPECIES	Arizelocichla fusciceps (Shelley, 1893)			TZ	Ndundulu Forest	Iringa Region	PRESENT		2e7df380-8356-4533-bcb3-5459e23c794e	-7.8	36.5							2007-03-23	23	3	2007	6100812	6100812	PRESERVED_SPECIMEN	NHMD	AV	NHMD129692				CC_BY_4_0		Kiure, Jacob			2026-03-18T07:45:43.448Z		TAXON_MATCH_HIGHERRANK
4164069250	e5c5cad9-b987-4bb4-b07b-85488c5fdd80	b4a41ba3-46e6-4502-8370-97a5e456109c	Animalia	Chordata	Aves	Passeriformes	Pycnonotidae	Arizelocichla	Arizelocichla masukuensis	roehli	SUBSPECIES	Arizelocichla masukuensis roehli (Reichenow, 1905)			TZ	Liwili Kitesa Forest Reserve		PRESENT		2e7df380-8356-4533-bcb3-5459e23c794e	-11.399722	34.9							2006-02-02	2	2	2006	6086770	7340439	PRESERVED_SPECIMEN	NHMD	AV	NHMD124945				CC_BY_4_0		Kiure, Jacob			2026-03-18T07:45:49.100Z		COORDINATE_ROUNDED
4164069227	e5c5cad9-b987-4bb4-b07b-85488c5fdd80	a712d949-b18c-4207-8ed9-7dd2f6358434	Animalia	Chordata	Aves	Passeriformes	Pycnonotidae	Arizelocichla	Arizelocichla fusciceps		SPECIES	Arizelocichla fusciceps (Shelley, 1893)			TZ	Ndundulu Forest	Iringa Region	PRESENT		2e7df380-8356-4533-bcb3-5459e23c794e	-7.8	36.5							2007-02-26	26	2	2007	6100812	6100812	PRESERVED_SPECIMEN	NHMD	AV	NHMD123846				CC_BY_4_0		Kiure, Jacob			2026-03-18T07:45:49.098Z		TAXON_MATCH_HIGHERRANK
4164069226	e5c5cad9-b987-4bb4-b07b-85488c5fdd80	9ed5e437-95bc-4aa9-90a9-2fe7b5ede0ac	Animalia	Chordata	Aves	Passeriformes	Pycnonotidae	Hypsipetes	Hypsipetes mindorensis		SPECIES	Hypsipetes mindorensis (Steere, 1890)			PH	Alcate	Mimaropa	PRESENT		2e7df380-8356-4533-bcb3-5459e23c794e									1954-04-22	22	4	1954	6093905	6093905	PRESERVED_SPECIMEN	NHMD	AV	NHMD135144				CC_BY_4_0		Rabor, D.			2026-03-18T07:45:49.099Z		
4164069223	e5c5cad9-b987-4bb4-b07b-85488c5fdd80	a7a3ac89-a6c5-420c-8ea4-dba0caadef41	Animalia	Chordata	Aves	Passeriformes	Pycnonotidae	Pycnonotus	Pycnonotus barbatus	tricolor	SUBSPECIES	Pycnonotus barbatus tricolor			KE	Camp II SE Bardanat		PRESENT		2e7df380-8356-4533-bcb3-5459e23c794e									1947-09-07	7	9	1947	6542538	2486147	PRESERVED_SPECIMEN	NHMD	AV	NHMD137696				CC_BY_4_0		Bræstrup, F.			2026-03-18T07:45:45.517Z		
4164069216	e5c5cad9-b987-4bb4-b07b-85488c5fdd80	d65005e3-a7f9-4667-8e25-5d909646517e	Animalia	Chordata	Aves	Passeriformes	Pycnonotidae	Phyllastrephus	Phyllastrephus albigula		SPECIES	Phyllastrephus albigula (Grote, 1919)			TZ	Nguru South Forest Reserve		PRESENT		2e7df380-8356-4533-bcb3-5459e23c794e	-6.05	37.479722							2005-03-19	19	3	2005	6086037	6086037	PRESERVED_SPECIMEN	NHMD	AV	NHMD124924				CC_BY_4_0		Kiure, Jacob			2026-03-18T07:45:49.097Z		COORDINATE_ROUNDED
4164069182	e5c5cad9-b987-4bb4-b07b-85488c5fdd80	f72f1fba-c21c-40b5-8732-49f70bc5eb1a	Animalia	Chordata	Aves	Passeriformes	Pycnonotidae	Phyllastrephus	Phyllastrephus cabanisi	placidus	SUBSPECIES	Phyllastrephus cabanisi placidus			TZ	Ndundulu Forest	Iringa Region	PRESENT		2e7df380-8356-4533-bcb3-5459e23c794e	-7.8	36.5							2007-01-23	23	1	2007	6540392	2486087	PRESERVED_SPECIMEN	NHMD	AV	NHMD124883				CC_BY_4_0		Kiure, Jacob			2026-03-18T07:45:39.673Z		
4164069145	e5c5cad9-b987-4bb4-b07b-85488c5fdd80	cecbba05-f1fe-4539-9cd2-ab57d0476617	Animalia	Chordata	Aves	Passeriformes	Pycnonotidae	Eurillas	Eurillas virens	zombensis	SUBSPECIES	Eurillas virens zombensis (Shelley, 1894)			TZ	Nguru South Forest Reserve		PRESENT		2e7df380-8356-4533-bcb3-5459e23c794e	-6.05	37.479722							2004-10-16	16	10	2004	6086343	7340348	PRESERVED_SPECIMEN	NHMD	AV	NHMD125010				CC_BY_4_0		Kiure, Jacob			2026-03-18T07:45:39.664Z		COORDINATE_ROUNDED
4164069136	e5c5cad9-b987-4bb4-b07b-85488c5fdd80	0d408776-c6c7-4209-8dca-fd879107604d	Animalia	Chordata	Aves	Passeriformes	Pycnonotidae	Chlorocichla	Chlorocichla flaviventris	centralis	SUBSPECIES	Chlorocichla flaviventris centralis Reichenow, 1887			TZ	Mikindani		PRESENT		2e7df380-8356-4533-bcb3-5459e23c794e	-10.279722	40.119722							1965-04-06	6	4	1965	6086621	2486173	PRESERVED_SPECIMEN	NHMD	AV	NHMD120889				CC_BY_4_0		Andersen, Thorkild			2026-03-18T07:45:43.433Z		COORDINATE_ROUNDED
4164069105	e5c5cad9-b987-4bb4-b07b-85488c5fdd80	5018225f-cf90-4407-9dc7-6faf17deaa5b	Animalia	Chordata	Aves	Passeriformes	Pycnonotidae	Arizelocichla	Arizelocichla nigriceps	nigriceps	SUBSPECIES	Arizelocichla nigriceps nigriceps (Shelley, 1889)			TZ	Marang Forest Reserve		PRESENT		2e7df380-8356-4533-bcb3-5459e23c794e	-3.73	35.63							2004-04-01	1	4	2004	7340427	7340426	PRESERVED_SPECIMEN	NHMD	AV	NHMD123520				CC_BY_4_0		Kiure, Jacob			2026-03-18T07:45:39.658Z		
4164069104	e5c5cad9-b987-4bb4-b07b-85488c5fdd80	759497a0-e5e9-4f24-9cbb-fba4f04dd189	Animalia	Chordata	Aves	Passeriformes	Pycnonotidae	Phyllastrephus	Phyllastrephus flavostriatus	tenuirostris	SUBSPECIES	Phyllastrephus flavostriatus tenuirostris (Fischer & Reichenow, 1884)			TZ	Nguru South Forest Reserve		PRESENT		2e7df380-8356-4533-bcb3-5459e23c794e	-6.05	37.479722							2005-03-12	12	3	2005	6086107	2486089	PRESERVED_SPECIMEN	NHMD	AV	NHMD123767				CC_BY_4_0		Kiure, Jacob			2026-03-18T07:45:43.432Z		COORDINATE_ROUNDED
4164069103	e5c5cad9-b987-4bb4-b07b-85488c5fdd80	efbab42e-00b4-439a-bc86-3e09911de0f1	Animalia	Chordata	Aves	Passeriformes	Pycnonotidae	Arizelocichla	Arizelocichla masukuensis	roehli	SUBSPECIES	Arizelocichla masukuensis roehli (Reichenow, 1905)			TZ	Liwili Kitesa Forest Reserve		PRESENT		2e7df380-8356-4533-bcb3-5459e23c794e	-11.399722	34.9							2006-01-09	9	1	2006	6086770	7340439	PRESERVED_SPECIMEN	NHMD	AV	NHMD124957				CC_BY_4_0		Kiure, Jacob			2026-03-18T07:45:49.087Z		COORDINATE_ROUNDED
4164069076	e5c5cad9-b987-4bb4-b07b-85488c5fdd80	280e4c57-da31-4ffc-a9dc-04cbd69ccfdd	Animalia	Chordata	Aves	Passeriformes	Pycnonotidae	Phyllastrephus	Phyllastrephus cabanisi	placidus	SUBSPECIES	Phyllastrephus cabanisi placidus			TZ	Nguru South Forest Reserve		PRESENT		2e7df380-8356-4533-bcb3-5459e23c794e	-6.05	37.479722							2003-06-22	22	6	2003	6540392	2486087	PRESERVED_SPECIMEN	NHMD	AV	NHMD124853				CC_BY_4_0		Kiure, Jacob			2026-03-18T07:45:39.654Z		COORDINATE_ROUNDED
4164069057	e5c5cad9-b987-4bb4-b07b-85488c5fdd80	125e75b6-3d86-476f-ab2a-c9ceda7c7a14	Animalia	Chordata	Aves	Passeriformes	Pycnonotidae	Eurillas	Eurillas latirostris		SPECIES	Eurillas latirostris (Strickland, 1844)			TZ	Mahale Mts.		PRESENT		2e7df380-8356-4533-bcb3-5459e23c794e	-6.199722	29.829722							2004-08-15	15	8	2004	7340356	7340356	PRESERVED_SPECIMEN	NHMD	AV	NHMD124905				CC_BY_4_0		Kiure, Jacob			2026-03-18T07:45:39.653Z		COORDINATE_ROUNDED
4164069051	e5c5cad9-b987-4bb4-b07b-85488c5fdd80	69a45bf1-fa82-4fcb-9c41-aa8fffb9a45f	Animalia	Chordata	Aves	Passeriformes	Pycnonotidae	Phyllastrephus	Phyllastrephus cabanisi	placidus	SUBSPECIES	Phyllastrephus cabanisi placidus			TZ	Ndundulu Forest	Iringa Region	PRESENT		2e7df380-8356-4533-bcb3-5459e23c794e	-7.8	36.5							2007-06-13	13	6	2007	6540392	2486087	PRESERVED_SPECIMEN	NHMD	AV	NHMD124880				CC_BY_4_0		Kiure, Jacob			2026-03-18T07:45:39.651Z		
4164069014	e5c5cad9-b987-4bb4-b07b-85488c5fdd80	fbee475f-e30a-41eb-85f6-dbdf8bcdf91d	Animalia	Chordata	Aves	Passeriformes	Pycnonotidae	Pycnonotus	Pycnonotus barbatus	layardi	SUBSPECIES	Pycnonotus barbatus layardi			TZ	Morogoro		PRESENT		2e7df380-8356-4533-bcb3-5459e23c794e	-6.829722	37.75							1948-05-28	28	5	1948	6094955	2486147	PRESERVED_SPECIMEN	NHMD	AV	NHMD120806				CC_BY_4_0		Andersen, Thorkild			2026-03-18T07:45:39.627Z		COORDINATE_ROUNDED
4164069004	e5c5cad9-b987-4bb4-b07b-85488c5fdd80	50a00cd9-b1ff-45a1-8313-379663a88208	Animalia	Chordata	Aves	Passeriformes	Pycnonotidae	Arizelocichla	Arizelocichla masukuensis	roehli	SUBSPECIES	Arizelocichla masukuensis roehli (Reichenow, 1905)			TZ	Ukami Forest		PRESENT		2e7df380-8356-4533-bcb3-5459e23c794e	-7.88	36.419722							2003			2003	6086770	7340439	PRESERVED_SPECIMEN	NHMD	AV	NHMD123006				CC_BY_4_0		Kiure, Jacob			2026-03-18T07:45:43.423Z		COORDINATE_ROUNDED
4164068987	e5c5cad9-b987-4bb4-b07b-85488c5fdd80	3386ebce-6c92-443a-af8e-8ce7732ae0d6	Animalia	Chordata	Aves	Passeriformes	Pycnonotidae	Eurillas	Eurillas virens	zombensis	SUBSPECIES	Eurillas virens zombensis (Shelley, 1894)			TZ	Ukami Forest		PRESENT		2e7df380-8356-4533-bcb3-5459e23c794e	-7.88	36.419722							2003-03-06	6	3	2003	6086343	7340348	PRESERVED_SPECIMEN	NHMD	AV	NHMD125027				CC_BY_4_0		Kiure, Jacob			2026-03-18T07:45:39.584Z		COORDINATE_ROUNDED
4164068984	e5c5cad9-b987-4bb4-b07b-85488c5fdd80	0bb5e75b-aa78-4142-a635-076b1c9ff9c5	Animalia	Chordata	Aves	Passeriformes	Pycnonotidae	Arizelocichla	Arizelocichla fusciceps		SPECIES	Arizelocichla fusciceps (Shelley, 1893)			TZ	Ndundulu Forest	Iringa Region	PRESENT		2e7df380-8356-4533-bcb3-5459e23c794e	-7.8	36.5							2007-03-03	3	3	2007	6100812	6100812	PRESERVED_SPECIMEN	NHMD	AV	NHMD129210				CC_BY_4_0		Kiure, Jacob			2026-03-18T07:45:43.422Z		TAXON_MATCH_HIGHERRANK
4164068953	e5c5cad9-b987-4bb4-b07b-85488c5fdd80	1c2f98b7-fa73-46dc-8ef3-82404fd2e9f3	Animalia	Chordata	Aves	Passeriformes	Pycnonotidae	Arizelocichla	Arizelocichla fusciceps		SPECIES	Arizelocichla fusciceps (Shelley, 1893)			TZ	Mafwemiro Forest		PRESENT		2e7df380-8356-4533-bcb3-5459e23c794e	-6.829722	36.569722							2000-02-23	23	2	2000	6100812	6100812	PRESERVED_SPECIMEN	NHMD	AV	NHMD122516				CC_BY_4_0		Kiure, Jacob			2026-03-18T07:45:39.575Z		COORDINATE_ROUNDED;TAXON_MATCH_HIGHERRANK
4164068952	e5c5cad9-b987-4bb4-b07b-85488c5fdd80	dd3a136a-d2a2-46ae-a6ef-d2c511770387	Animalia	Chordata	Aves	Passeriformes	Pycnonotidae	Phyllastrephus	Phyllastrephus cabanisi	placidus	SUBSPECIES	Phyllastrephus cabanisi placidus			TZ	Ukami Forest		PRESENT		2e7df380-8356-4533-bcb3-5459e23c794e	-7.88	36.419722							2003-03-02	2	3	2003	6540392	2486087	PRESERVED_SPECIMEN	NHMD	AV	NHMD124875				CC_BY_4_0		Kiure, Jacob			2026-03-18T07:45:43.419Z		COORDINATE_ROUNDED
4164068937	e5c5cad9-b987-4bb4-b07b-85488c5fdd80	811bd2f2-c0cc-4c24-a700-088915afcf9b	Animalia	Chordata	Aves	Passeriformes	Pycnonotidae	Arizelocichla	Arizelocichla masukuensis	roehli	SUBSPECIES	Arizelocichla masukuensis roehli (Reichenow, 1905)			TZ	Kilindi Forest Reserve		PRESENT		2e7df380-8356-4533-bcb3-5459e23c794e	-5.57	37.569722							2005-05-14	14	5	2005	6086770	7340439	PRESERVED_SPECIMEN	NHMD	AV	NHMD124938				CC_BY_4_0		Kiure, Jacob			2026-03-18T07:45:43.418Z		COORDINATE_ROUNDED
4164068928	e5c5cad9-b987-4bb4-b07b-85488c5fdd80	2d4ab39b-6c38-4614-8fa2-01939e616ee0	Animalia	Chordata	Aves	Passeriformes	Pycnonotidae	Phyllastrephus	Phyllastrephus flavostriatus	tenuirostris	SUBSPECIES	Phyllastrephus flavostriatus tenuirostris (Fischer & Reichenow, 1884)			TZ	Kanga Forest Reserve		PRESENT		2e7df380-8356-4533-bcb3-5459e23c794e	-6.0	37.7							2003-11-25	25	11	2003	6086107	2486089	PRESERVED_SPECIMEN	NHMD	AV	NHMD126308				CC_BY_4_0		Kiure, Jacob			2026-03-18T07:45:49.071Z		
4164068927	e5c5cad9-b987-4bb4-b07b-85488c5fdd80	6ed70e45-d91f-463a-bc7f-ab902f9b43eb	Animalia	Chordata	Aves	Passeriformes	Pycnonotidae	Phyllastrephus	Phyllastrephus cabanisi	placidus	SUBSPECIES	Phyllastrephus cabanisi placidus			TZ	Poroto Mts FR		PRESENT		2e7df380-8356-4533-bcb3-5459e23c794e	-9.016667	33.75							2008-04-02	2	4	2008	6540392	2486087	PRESERVED_SPECIMEN	NHMD	AV	NHMD125809				CC_BY_4_0		Kiure, Jacob			2026-03-18T07:45:39.571Z		COORDINATE_ROUNDED
4164068904	e5c5cad9-b987-4bb4-b07b-85488c5fdd80	62cc2881-c0e3-4c03-973a-9a72acbbc20c	Animalia	Chordata	Aves	Passeriformes	Pycnonotidae	Phyllastrephus	Phyllastrephus debilis	rabai	SUBSPECIES	Phyllastrephus debilis rabai Hartert & Someren, 1921			TZ	Nguru South Forest Reserve	Morogoro Region	PRESENT		2e7df380-8356-4533-bcb3-5459e23c794e	-6.2	37.516667							2003-06-14	14	6	2003	5846134	2486088	PRESERVED_SPECIMEN	NHMD	AV	NHMD129680				CC_BY_4_0		Kiure, Jacob			2026-03-18T07:45:43.415Z		COORDINATE_ROUNDED
4164068892	e5c5cad9-b987-4bb4-b07b-85488c5fdd80	daa8b5d7-7e0c-4cca-b81f-67ce9e895cf4	Animalia	Chordata	Aves	Passeriformes	Pycnonotidae	Phyllastrephus	Phyllastrephus cabanisi	placidus	SUBSPECIES	Phyllastrephus cabanisi placidus			TZ	Liwili Kitesa Forest Reserve		PRESENT		2e7df380-8356-4533-bcb3-5459e23c794e	-11.399722	34.9							2006-01-02	2	1	2006	6540392	2486087	PRESERVED_SPECIMEN	NHMD	AV	NHMD124862				CC_BY_4_0		Kiure, Jacob			2026-03-18T07:45:45.486Z		COORDINATE_ROUNDED
4164068848	e5c5cad9-b987-4bb4-b07b-85488c5fdd80	760a16cb-2651-4700-9396-966b97674557	Animalia	Chordata	Aves	Passeriformes	Pycnonotidae	Phyllastrephus	Phyllastrephus cabanisi	placidus	SUBSPECIES	Phyllastrephus cabanisi placidus			TZ	Ndundulu Forest	Iringa Region	PRESENT		2e7df380-8356-4533-bcb3-5459e23c794e	-7.8	36.5							2007-06-19	19	6	2007	6540392	2486087	PRESERVED_SPECIMEN	NHMD	AV	NHMD124893				CC_BY_4_0		Kiure, Jacob			2026-03-18T07:45:49.065Z		
4164068839	e5c5cad9-b987-4bb4-b07b-85488c5fdd80	22ef6810-9ec1-4b12-81f8-fba83a82f06f	Animalia	Chordata	Aves	Passeriformes	Pycnonotidae	Arizelocichla	Arizelocichla milanjensis	striifacies	SUBSPECIES	Arizelocichla milanjensis striifacies			TZ	Uluguru Mts.		PRESENT		2e7df380-8356-4533-bcb3-5459e23c794e	-7.0	39.666667							1962-06-19	19	6	1962	6540503	7340424	PRESERVED_SPECIMEN	NHMD	AV	NHMD120874				CC_BY_4_0		Andersen, Thorkild			2026-03-18T07:45:45.481Z		COORDINATE_ROUNDED;CONTINENT_COORDINATE_MISMATCH
4164068760	e5c5cad9-b987-4bb4-b07b-85488c5fdd80	bb493ac6-cc00-4ef1-9ce5-dd91891f00d3	Animalia	Chordata	Aves	Passeriformes	Pycnonotidae	Arizelocichla	Arizelocichla masukuensis	roehli	SUBSPECIES	Arizelocichla masukuensis roehli (Reichenow, 1905)			TZ	Ukami Forest		PRESENT		2e7df380-8356-4533-bcb3-5459e23c794e	-7.88	36.419722							2003			2003	6086770	7340439	PRESERVED_SPECIMEN	NHMD	AV	NHMD123004				CC_BY_4_0		Kiure, Jacob			2026-03-18T07:45:49.058Z		COORDINATE_ROUNDED
4164068754	e5c5cad9-b987-4bb4-b07b-85488c5fdd80	1c346034-325e-4645-9a14-9e92465a0463	Animalia	Chordata	Aves	Passeriformes	Pycnonotidae	Phyllastrephus	Phyllastrephus debilis	rabai	SUBSPECIES	Phyllastrephus debilis rabai Hartert & Someren, 1921			TZ	Mt. Kanga Forest Reserve		PRESENT		2e7df380-8356-4533-bcb3-5459e23c794e	-6.0	37.7							2003-11-21	21	11	2003	5846134	2486088	PRESERVED_SPECIMEN	NHMD	AV	NHMD124910				CC_BY_4_0		Kiure, Jacob			2026-03-18T07:45:43.398Z		
4164068752	e5c5cad9-b987-4bb4-b07b-85488c5fdd80	1daa798b-d947-4603-a52d-825975226ad9	Animalia	Chordata	Aves	Passeriformes	Pycnonotidae	Arizelocichla	Arizelocichla fusciceps		SPECIES	Arizelocichla fusciceps (Shelley, 1893)			TZ	Mt Kiboriani Forest Reserve		PRESENT		2e7df380-8356-4533-bcb3-5459e23c794e	-6.28	36.479722							2004-01-30	30	1	2004	6100812	6100812	PRESERVED_SPECIMEN	NHMD	AV	NHMD123638				CC_BY_4_0		Kiure, Jacob			2026-03-18T07:45:45.469Z		COORDINATE_ROUNDED;TAXON_MATCH_HIGHERRANK
4164068740	e5c5cad9-b987-4bb4-b07b-85488c5fdd80	1bf17ff7-c3d7-4948-ae24-96bfeaad152f	Animalia	Chordata	Aves	Passeriformes	Pycnonotidae	Eurillas	Eurillas virens	zombensis	SUBSPECIES	Eurillas virens zombensis (Shelley, 1894)			TZ	Kanga Forest Reserve	Morogoro Region	PRESENT		2e7df380-8356-4533-bcb3-5459e23c794e	-6.0	37.7							2003-11-21	21	11	2003	6086343	7340348	PRESERVED_SPECIMEN	NHMD	AV	NHMD129708				CC_BY_4_0		Kiure, Jacob			2026-03-18T07:45:45.468Z		
4164068678	e5c5cad9-b987-4bb4-b07b-85488c5fdd80	5ff087ba-d046-4c0d-a6b0-848260c00b0c	Animalia	Chordata	Aves	Passeriformes	Pycnonotidae	Arizelocichla	Arizelocichla milanjensis	striifacies	SUBSPECIES	Arizelocichla milanjensis striifacies			TZ	Ukami Forest		PRESENT		2e7df380-8356-4533-bcb3-5459e23c794e	-7.88	36.419722							2003-03-06	6	3	2003	6540503	7340424	PRESERVED_SPECIMEN	NHMD	AV	NHMD125059				CC_BY_4_0		Kiure, Jacob			2026-03-18T07:45:39.524Z		COORDINATE_ROUNDED
4164068631	e5c5cad9-b987-4bb4-b07b-85488c5fdd80	68469f4a-4a19-4f73-af7b-e2f3a318e971	Animalia	Chordata	Aves	Passeriformes	Pycnonotidae	Phyllastrephus	Phyllastrephus cabanisi	placidus	SUBSPECIES	Phyllastrephus cabanisi placidus			TZ	Liwili Kitesa Forest Reserve		PRESENT		2e7df380-8356-4533-bcb3-5459e23c794e	-11.399722	34.9							2005-12-29	29	12	2005	6540392	2486087	PRESERVED_SPECIMEN	NHMD	AV	NHMD124871				CC_BY_4_0		Kiure, Jacob			2026-03-18T07:45:39.518Z		COORDINATE_ROUNDED
4164068626	e5c5cad9-b987-4bb4-b07b-85488c5fdd80	6f74c2a5-44bf-49d8-98d2-6e6a0d87bbad	Animalia	Chordata	Aves	Passeriformes	Pycnonotidae	Arizelocichla	Arizelocichla masukuensis	roehli	SUBSPECIES	Arizelocichla masukuensis roehli (Reichenow, 1905)			TZ	Ndundulu Forest	Iringa Region	PRESENT		2e7df380-8356-4533-bcb3-5459e23c794e	-7.8	36.5							2007-02-14	14	2	2007	6086770	7340439	PRESERVED_SPECIMEN	NHMD	AV	NHMD129745				CC_BY_4_0		Kiure, Jacob			2026-03-18T07:45:45.456Z		
4164068610	e5c5cad9-b987-4bb4-b07b-85488c5fdd80	18ce360c-16b2-4914-a08e-0a5b25bd73f4	Animalia	Chordata	Aves	Passeriformes	Pycnonotidae	Arizelocichla	Arizelocichla masukuensis	roehli	SUBSPECIES	Arizelocichla masukuensis roehli (Reichenow, 1905)			TZ	Ndundulu Forest	Iringa Region	PRESENT		2e7df380-8356-4533-bcb3-5459e23c794e	-7.8	36.5							2007-06-21	21	6	2007	6086770	7340439	PRESERVED_SPECIMEN	NHMD	AV	NHMD124971				CC_BY_4_0		Kiure, Jacob			2026-03-18T07:45:43.383Z		
4164068606	e5c5cad9-b987-4bb4-b07b-85488c5fdd80	38eb85fe-543f-41d3-b6a1-85269be5f3cc	Animalia	Chordata	Aves	Passeriformes	Pycnonotidae	Phyllastrephus	Phyllastrephus flavostriatus	tenuirostris	SUBSPECIES	Phyllastrephus flavostriatus tenuirostris (Fischer & Reichenow, 1884)			TZ	Pugu Hills		PRESENT		2e7df380-8356-4533-bcb3-5459e23c794e	-6.88	39.08							2008-05-26	26	5	2008	6086107	2486089	PRESERVED_SPECIMEN	NHMD	AV	NHMD125803				CC_BY_4_0		Kiure, Jacob			2026-03-18T07:45:39.513Z		
4164068600	e5c5cad9-b987-4bb4-b07b-85488c5fdd80	65d66b63-a69e-49e5-92eb-bc2d9d702a48	Animalia	Chordata	Aves	Passeriformes	Pycnonotidae	Pycnonotus	Pycnonotus barbatus	layardi	SUBSPECIES	Pycnonotus barbatus layardi			TZ	Lossongonoi Plateau		PRESENT		2e7df380-8356-4533-bcb3-5459e23c794e	-4.059722	37.13							2006-07-27	27	7	2006	6094955	2486147	PRESERVED_SPECIMEN	NHMD	AV	NHMD125082				CC_BY_4_0		Kiure, Jacob			2026-03-18T07:45:39.512Z		COORDINATE_ROUNDED
4164068583	e5c5cad9-b987-4bb4-b07b-85488c5fdd80	11363287-02f3-4a42-bf77-55cca90ce3e4	Animalia	Chordata	Aves	Passeriformes	Pycnonotidae	Arizelocichla	Arizelocichla nigriceps	usambarae	SUBSPECIES	Arizelocichla nigriceps usambarae (Grote, 1919)			TZ	Chome-Shengena FR		PRESENT		2e7df380-8356-4533-bcb3-5459e23c794e	-4.3	37.93							2009-05-21	21	5	2009	6086710	7340426	PRESERVED_SPECIMEN	NHMD	AV	NHMD127046				CC_BY_4_0		Kiure, Jacob			2026-03-18T07:45:43.381Z		
4164068578	e5c5cad9-b987-4bb4-b07b-85488c5fdd80	f5c0e218-678a-441c-99a6-fef92f6784e3	Animalia	Chordata	Aves	Passeriformes	Pycnonotidae	Phyllastrephus	Phyllastrephus cabanisi	placidus	SUBSPECIES	Phyllastrephus cabanisi placidus			TZ	Kilindi Forest Reserve		PRESENT		2e7df380-8356-4533-bcb3-5459e23c794e	-5.57	37.569722							2005-05-18	18	5	2005	6540392	2486087	PRESERVED_SPECIMEN	NHMD	AV	NHMD124874				CC_BY_4_0		Kiure, Jacob			2026-03-18T07:45:43.380Z		COORDINATE_ROUNDED
4164068577	e5c5cad9-b987-4bb4-b07b-85488c5fdd80	6b93828b-4fdc-4d39-8d69-16d087e23b8a	Animalia	Chordata	Aves	Passeriformes	Pycnonotidae	Eurillas	Eurillas virens	zombensis	SUBSPECIES	Eurillas virens zombensis (Shelley, 1894)			TZ	Ndundulu Forest	Iringa Region	PRESENT		2e7df380-8356-4533-bcb3-5459e23c794e	-7.8	36.5							2006-12-28	28	12	2006	6086343	7340348	PRESERVED_SPECIMEN	NHMD	AV	NHMD125020				CC_BY_4_0		Kiure, Jacob			2026-03-18T07:45:45.452Z		
4164068556	e5c5cad9-b987-4bb4-b07b-85488c5fdd80	f1ec5e7e-9368-48d0-9f77-7a2e09f39af9	Animalia	Chordata	Aves	Passeriformes	Pycnonotidae	Arizelocichla	Arizelocichla nigriceps	nigriceps	SUBSPECIES	Arizelocichla nigriceps nigriceps (Shelley, 1889)			TZ	Salanga/Bereko Forest Reserve		PRESENT		2e7df380-8356-4533-bcb3-5459e23c794e	-4.469722	35.77							2002-02-09	9	2	2002	7340427	7340426	PRESERVED_SPECIMEN	NHMD	AV	NHMD122601				CC_BY_4_0		Kiure, Jacob			2026-03-18T07:45:49.040Z		COORDINATE_ROUNDED
4164068523	e5c5cad9-b987-4bb4-b07b-85488c5fdd80	d3156fca-f1e4-4849-80a9-e2ef5a655f4b	Animalia	Chordata	Aves	Passeriformes	Pycnonotidae	Phyllastrephus	Phyllastrephus strepitans		SPECIES	Phyllastrephus strepitans (Reichenow, 1879)			TZ	North Pare Mts.		PRESENT		2e7df380-8356-4533-bcb3-5459e23c794e	-3.75	37.669722							1959-06-06	6	6	1959	2486084	2486084	PRESERVED_SPECIMEN	NHMD	AV	NHMD122012				CC_BY_4_0		Andersen, Thorkild			2026-03-18T07:45:43.376Z		COORDINATE_ROUNDED
4164068507	e5c5cad9-b987-4bb4-b07b-85488c5fdd80	77714735-8878-42ae-8cf2-92f400812d99	Animalia	Chordata	Aves	Passeriformes	Pycnonotidae	Criniger	Criniger calurus	emini	SUBSPECIES	Criniger calurus emini Chapin, 1948			CD	Laylay		PRESENT		2e7df380-8356-4533-bcb3-5459e23c794e	-1.902222	28.506389							2008-02-26	26	2	2008	7472964	5230289	PRESERVED_SPECIMEN	NHMD	AV	NHMD127221				CC_BY_4_0		Kizungu, B.			2026-03-18T07:45:49.037Z		COORDINATE_ROUNDED
4164068498	e5c5cad9-b987-4bb4-b07b-85488c5fdd80	6466231b-f46d-4335-bb71-72be32f1eb8d	Animalia	Chordata	Aves	Passeriformes	Pycnonotidae	Phyllastrephus	Phyllastrephus cabanisi	placidus	SUBSPECIES	Phyllastrephus cabanisi placidus			TZ	Ukami Forest		PRESENT		2e7df380-8356-4533-bcb3-5459e23c794e	-7.88	36.419722							2003			2003	6540392	2486087	PRESERVED_SPECIMEN	NHMD	AV	NHMD123028				CC_BY_4_0		Kiure, Jacob			2026-03-18T07:45:45.446Z		COORDINATE_ROUNDED
4164068491	e5c5cad9-b987-4bb4-b07b-85488c5fdd80	4c7a301b-d031-4a00-8fae-915cd78c8006	Animalia	Chordata	Aves	Passeriformes	Pycnonotidae	Eurillas	Eurillas virens	zombensis	SUBSPECIES	Eurillas virens zombensis (Shelley, 1894)			TZ	Ndundulu Forest	Iringa Region	PRESENT		2e7df380-8356-4533-bcb3-5459e23c794e	-7.8	36.5							2007-06-10	10	6	2007	6086343	7340348	PRESERVED_SPECIMEN	NHMD	AV	NHMD129704				CC_BY_4_0		Kiure, Jacob			2026-03-18T07:45:49.036Z		
4164068489	e5c5cad9-b987-4bb4-b07b-85488c5fdd80	31b499d4-32cc-467f-b5b0-ffb761f3b669	Animalia	Chordata	Aves	Passeriformes	Pycnonotidae	Phyllastrephus	Phyllastrephus debilis	rabai	SUBSPECIES	Phyllastrephus debilis rabai Hartert & Someren, 1921			TZ	Mt. Kanga Forest Reserve		PRESENT		2e7df380-8356-4533-bcb3-5459e23c794e	-6.0	37.7							1992-10-15	15	10	1992	5846134	2486088	PRESERVED_SPECIMEN	NHMD	AV	NHMD121812				CC_BY_4_0		Fjeldså, Jon			2026-03-18T07:45:49.036Z		
4164068487	e5c5cad9-b987-4bb4-b07b-85488c5fdd80	7d14425e-4850-4f94-8697-48b3db5cbe04	Animalia	Chordata	Aves	Passeriformes	Pycnonotidae	Phyllastrephus	Phyllastrephus cabanisi	placidus	SUBSPECIES	Phyllastrephus cabanisi placidus			TZ	Chita Forest Reserve		PRESENT		2e7df380-8356-4533-bcb3-5459e23c794e	-8.5	35.919722							1984-11-04	4	11	1984	6540392	2486087	PRESERVED_SPECIMEN	NHMD	AV	NHMD124828				CC_BY_4_0		Jensen, Flemming			2026-03-18T07:45:45.445Z		COORDINATE_ROUNDED
4164068475	e5c5cad9-b987-4bb4-b07b-85488c5fdd80	715f9ccc-4a61-4987-bfd1-0949ddcd5037	Animalia	Chordata	Aves	Passeriformes	Pycnonotidae	Hypsipetes	Hypsipetes philippinus	saturatior	SUBSPECIES	Hypsipetes philippinus saturatior (Hartert, 1916)			PH	Cabanglasan	Mindanao	PRESENT		2e7df380-8356-4533-bcb3-5459e23c794e	8.071944	125.299167							1951-10-16	16	10	1951	6093854	7342036	PRESERVED_SPECIMEN	NHMD	AV	NHMD134269				CC_BY_4_0					2026-03-18T07:45:49.034Z		COORDINATE_ROUNDED
4164068471	e5c5cad9-b987-4bb4-b07b-85488c5fdd80	0eae5865-9671-487a-8db5-f70aed87a0ae	Animalia	Chordata	Aves	Passeriformes	Pycnonotidae	Phyllastrephus	Phyllastrephus fischeri		SPECIES	Phyllastrephus fischeri (Reichenow, 1879)			TZ	Pugu Hills		PRESENT		2e7df380-8356-4533-bcb3-5459e23c794e	-6.88	39.08							2008-05-15	15	5	2008	2486097	2486097	PRESERVED_SPECIMEN	NHMD	AV	NHMD128976				CC_BY_4_0		Kiure, Jacob			2026-03-18T07:45:49.034Z		
4164068439	e5c5cad9-b987-4bb4-b07b-85488c5fdd80	f8ab8c61-df38-4673-878b-ec40b245c793	Animalia	Chordata	Aves	Passeriformes	Pycnonotidae	Phyllastrephus	Phyllastrephus cabanisi	placidus	SUBSPECIES	Phyllastrephus cabanisi placidus			TZ	Nguru South Forest Reserve		PRESENT		2e7df380-8356-4533-bcb3-5459e23c794e	-6.05	37.479722							2005-03-13	13	3	2005	6540392	2486087	PRESERVED_SPECIMEN	NHMD	AV	NHMD126285				CC_BY_4_0		Kiure, Jacob			2026-03-18T07:45:45.442Z		COORDINATE_ROUNDED
4164068416	e5c5cad9-b987-4bb4-b07b-85488c5fdd80	d4a0d1b2-33a3-4b24-b4cc-e9b7669d240d	Animalia	Chordata	Aves	Passeriformes	Pycnonotidae	Hypsipetes	Hypsipetes rufigularis		SPECIES	Hypsipetes rufigularis (Sharpe, 1877)			PH	Sapamoro	Mindanao	PRESENT		2e7df380-8356-4533-bcb3-5459e23c794e	7.266944	122.196944							1961-12-16	16	12	1961	6093941	6093941	PRESERVED_SPECIMEN	NHMD	AV	NHMD135262				CC_BY_4_0		Noona Dan Expedition			2026-03-18T07:45:45.440Z		COORDINATE_ROUNDED
4164068410	e5c5cad9-b987-4bb4-b07b-85488c5fdd80	b0b9a6e4-7f01-46fb-8dca-7e7cc5c69dfe	Animalia	Chordata	Aves	Passeriformes	Pycnonotidae	Phyllastrephus	Phyllastrephus debilis	rabai	SUBSPECIES	Phyllastrephus debilis rabai Hartert & Someren, 1921			TZ	Pugu Hills		PRESENT		2e7df380-8356-4533-bcb3-5459e23c794e	-6.88	39.08							2008-05-24	24	5	2008	5846134	2486088	PRESERVED_SPECIMEN	NHMD	AV	NHMD125814				CC_BY_4_0		Kiure, Jacob			2026-03-18T07:45:39.303Z		
4164068404	e5c5cad9-b987-4bb4-b07b-85488c5fdd80	717a02c5-7617-4f87-a9db-b3506ace7b41	Animalia	Chordata	Aves	Passeriformes	Pycnonotidae	Eurillas	Eurillas virens		SPECIES	Eurillas virens (Cassin, 1857)			TZ	Ukami Forest		PRESENT		2e7df380-8356-4533-bcb3-5459e23c794e	-7.88	36.419722							2003-03-02	2	3	2003	7340348	7340348	PRESERVED_SPECIMEN	NHMD	AV	NHMD133239				CC_BY_4_0		Kiure, Jacob			2026-03-18T07:45:39.305Z		COORDINATE_ROUNDED
4164068396	e5c5cad9-b987-4bb4-b07b-85488c5fdd80	f1fe6cdf-34da-4a9f-99ce-a2a8a6af453c	Animalia	Chordata	Aves	Passeriformes	Pycnonotidae	Arizelocichla	Arizelocichla milanjensis	striifacies	SUBSPECIES	Arizelocichla milanjensis striifacies			TZ	Kindoroko		PRESENT		2e7df380-8356-4533-bcb3-5459e23c794e	-3.75	37.75							2009-05-07	7	5	2009	6540503	7340424	PRESERVED_SPECIMEN	NHMD	AV	NHMD127045				CC_BY_4_0		Kiure, Jacob			2026-03-18T07:45:39.300Z		
4164068362	e5c5cad9-b987-4bb4-b07b-85488c5fdd80	07c4e524-fe27-49c0-9a4d-16980963a472	Animalia	Chordata	Aves	Passeriformes	Pycnonotidae	Arizelocichla	Arizelocichla masukuensis	roehli	SUBSPECIES	Arizelocichla masukuensis roehli (Reichenow, 1905)			TZ	Nguru South Forest Reserve		PRESENT		2e7df380-8356-4533-bcb3-5459e23c794e	-6.2	37.516667							2005-03-17	17	3	2005	6086770	7340439	PRESERVED_SPECIMEN	NHMD	AV	NHMD129743				CC_BY_4_0		Kiure, Jacob			2026-03-18T07:45:43.354Z		COORDINATE_ROUNDED
4164068349	e5c5cad9-b987-4bb4-b07b-85488c5fdd80	fa5e6c5f-bf6a-4ef1-b7ed-6613c2eb14c9	Animalia	Chordata	Aves	Passeriformes	Pycnonotidae	Arizelocichla	Arizelocichla milanjensis	striifacies	SUBSPECIES	Arizelocichla milanjensis striifacies			TZ	Ndundulu Forest	Iringa Region	PRESENT		2e7df380-8356-4533-bcb3-5459e23c794e	-7.8	36.5							2006-12-29	29	12	2006	6540503	7340424	PRESERVED_SPECIMEN	NHMD	AV	NHMD125056				CC_BY_4_0		Kiure, Jacob			2026-03-18T07:45:39.246Z	StillImage	
4164068323	e5c5cad9-b987-4bb4-b07b-85488c5fdd80	45efd1c9-da34-438c-bb42-73ea41fd7d79	Animalia	Chordata	Aves	Passeriformes	Pycnonotidae	Arizelocichla	Arizelocichla fusciceps		SPECIES	Arizelocichla fusciceps (Shelley, 1893)			TZ	Ndundulu Forest	Iringa Region	PRESENT		2e7df380-8356-4533-bcb3-5459e23c794e	-7.8	36.5							2007-03-25	25	3	2007	6100812	6100812	PRESERVED_SPECIMEN	NHMD	AV	NHMD123850				CC_BY_4_0		Kiure, Jacob			2026-03-18T07:45:49.024Z		TAXON_MATCH_HIGHERRANK
4164068321	e5c5cad9-b987-4bb4-b07b-85488c5fdd80	bd06dcb0-91fa-4f89-97bd-accc55a08a15	Animalia	Chordata	Aves	Passeriformes	Pycnonotidae	Phyllastrephus	Phyllastrephus cabanisi	cabanisi	SUBSPECIES	Phyllastrephus cabanisi cabanisi (Sharpe, 1882)			TZ	Kalambo River Forest Reserve		PRESENT		2e7df380-8356-4533-bcb3-5459e23c794e	-7.869722	30.95							2007-12-06	6	12	2007	7340319	2486087	PRESERVED_SPECIMEN	NHMD	AV	NHMD124837				CC_BY_4_0		Kiure, Jacob			2026-03-18T07:45:49.024Z		COORDINATE_ROUNDED
4164068307	e5c5cad9-b987-4bb4-b07b-85488c5fdd80	34e606b9-5876-4c9f-92c4-815713ca2d7d	Animalia	Chordata	Aves	Passeriformes	Pycnonotidae	Phyllastrephus	Phyllastrephus cabanisi	placidus	SUBSPECIES	Phyllastrephus cabanisi placidus			TZ	Liwili Kitesa Forest Reserve		PRESENT		2e7df380-8356-4533-bcb3-5459e23c794e	-11.399722	34.9							2006-02-03	3	2	2006	6540392	2486087	PRESERVED_SPECIMEN	NHMD	AV	NHMD124872				CC_BY_4_0		Kiure, Jacob			2026-03-18T07:45:45.429Z		COORDINATE_ROUNDED
4164068280	e5c5cad9-b987-4bb4-b07b-85488c5fdd80	d6f15c77-2fb6-4d8f-ba51-6c88723352ca	Animalia	Chordata	Aves	Passeriformes	Pycnonotidae	Arizelocichla	Arizelocichla masukuensis	roehli	SUBSPECIES	Arizelocichla masukuensis roehli (Reichenow, 1905)			TZ	Nguru South Forest Reserve		PRESENT		2e7df380-8356-4533-bcb3-5459e23c794e	-6.2	37.516667							2003-06-18	18	6	2003	6086770	7340439	PRESERVED_SPECIMEN	NHMD	AV	NHMD129736				CC_BY_4_0		Kiure, Jacob			2026-03-18T07:45:39.238Z		COORDINATE_ROUNDED
4164068278	e5c5cad9-b987-4bb4-b07b-85488c5fdd80	e13ee166-9def-42f0-9da1-e909c01ec97f	Animalia	Chordata	Aves	Passeriformes	Pycnonotidae	Phyllastrephus	Phyllastrephus flavostriatus	tenuirostris	SUBSPECIES	Phyllastrephus flavostriatus tenuirostris (Fischer & Reichenow, 1884)			TZ	Mt. Kanga Forest Reserve		PRESENT		2e7df380-8356-4533-bcb3-5459e23c794e	-6.0	37.7							2003-11-21	21	11	2003	6086107	2486089	PRESERVED_SPECIMEN	NHMD	AV	NHMD123787				CC_BY_4_0		Kiure, Jacob			2026-03-18T07:45:39.238Z		
4164068261	e5c5cad9-b987-4bb4-b07b-85488c5fdd80	730e27d8-ee19-40eb-b5f7-a2abf7641d51	Animalia	Chordata	Aves	Passeriformes	Pycnonotidae	Arizelocichla	Arizelocichla masukuensis		SPECIES	Arizelocichla masukuensis (Shelley, 1897)			TZ	Maguli FR		PRESENT		2e7df380-8356-4533-bcb3-5459e23c794e	-9.493889	34.175833							2008-11-26	26	11	2008	7340439	7340439	PRESERVED_SPECIMEN	NHMD	AV	NHMD126856				CC_BY_4_0		Kiure, Jacob			2026-03-18T07:45:49.019Z		COORDINATE_ROUNDED;TAXON_MATCH_HIGHERRANK
4164068228	e5c5cad9-b987-4bb4-b07b-85488c5fdd80	9c81b921-d339-431c-b2c2-92c40e968735	Animalia	Chordata	Aves	Passeriformes	Pycnonotidae	Phyllastrephus	Phyllastrephus cabanisi	placidus	SUBSPECIES	Phyllastrephus cabanisi placidus			TZ	Ukami Forest		PRESENT		2e7df380-8356-4533-bcb3-5459e23c794e	-7.88	36.419722							2003-03-02	2	3	2003	6540392	2486087	PRESERVED_SPECIMEN	NHMD	AV	NHMD133241				CC_BY_4_0		Kiure, Jacob			2026-03-18T07:45:43.339Z		COORDINATE_ROUNDED
4164068226	e5c5cad9-b987-4bb4-b07b-85488c5fdd80	af945e27-df05-4c73-b3f3-a4bf34c173dd	Animalia	Chordata	Aves	Passeriformes	Pycnonotidae	Phyllastrephus	Phyllastrephus debilis	rabai	SUBSPECIES	Phyllastrephus debilis rabai Hartert & Someren, 1921			TZ	Pugu Hills	Pwani Region	PRESENT		2e7df380-8356-4533-bcb3-5459e23c794e	-6.883333	39.083333							2008-05-16	16	5	2008	5846134	2486088	PRESERVED_SPECIMEN	NHMD	AV	NHMD129685				CC_BY_4_0		Kiure, Jacob			2026-03-18T07:45:45.424Z		COORDINATE_ROUNDED
4164068225	e5c5cad9-b987-4bb4-b07b-85488c5fdd80	30d8f23a-bf36-4502-ba58-4f51663c331c	Animalia	Chordata	Aves	Passeriformes	Pycnonotidae	Phyllastrephus	Phyllastrephus strepitans		SPECIES	Phyllastrephus strepitans (Reichenow, 1879)			TZ	Mt. Kilimanjaro		PRESENT		2e7df380-8356-4533-bcb3-5459e23c794e									1967-06-15	15	6	1967	2486084	2486084	PRESERVED_SPECIMEN	NHMD	AV	NHMD119542				CC_BY_4_0		Salanti, M.			2026-03-18T07:45:39.195Z		
4164068223	e5c5cad9-b987-4bb4-b07b-85488c5fdd80	241b6159-dffe-435a-b670-eaddccc27283	Animalia	Chordata	Aves	Passeriformes	Pycnonotidae	Pycnonotus	Pycnonotus urostictus	philippensis	SUBSPECIES	Poliolophus urostictus philippensis Hachisuka, 1934			PH	Tuod	Mindanao	PRESENT		2e7df380-8356-4533-bcb3-5459e23c794e	8.343889	124.359444							1951-09-20	20	9	1951	11027194	2486143	PRESERVED_SPECIMEN	NHMD	AV	NHMD134248				CC_BY_4_0					2026-03-18T07:45:43.339Z		COORDINATE_ROUNDED
4164068215	e5c5cad9-b987-4bb4-b07b-85488c5fdd80	3921ad57-b492-4e80-9829-6e29f4478b37	Animalia	Chordata	Aves	Passeriformes	Pycnonotidae	Andropadus	Andropadus importunus	hypoxanthus	SUBSPECIES	Andropadus importunus hypoxanthus Sharpe, 1876			TZ	Soga, Kisarawe Distr. 500', 150m		PRESENT		2e7df380-8356-4533-bcb3-5459e23c794e	-6.829722	38.869722							1961-04-06	6	4	1961	6086920	2486162	PRESERVED_SPECIMEN	NHMD	AV	NHMD120851				CC_BY_4_0		Andersen, Thorkild			2026-03-18T07:45:49.015Z		COORDINATE_ROUNDED
4164068213	e5c5cad9-b987-4bb4-b07b-85488c5fdd80	c295cc55-a3d4-4fbe-90fa-12b5f20ccd52	Animalia	Chordata	Aves	Passeriformes	Pycnonotidae	Eurillas	Eurillas virens	zombensis	SUBSPECIES	Eurillas virens zombensis (Shelley, 1894)			TZ	Amani		PRESENT		2e7df380-8356-4533-bcb3-5459e23c794e	-5.099722	38.63							2009-07-14	14	7	2009	6086343	7340348	PRESERVED_SPECIMEN	NHMD	AV	NHMD127054				CC_BY_4_0		Kiure, Jacob			2026-03-18T07:45:45.422Z		COORDINATE_ROUNDED
4164068212	e5c5cad9-b987-4bb4-b07b-85488c5fdd80	021eb9e8-5d7c-4f3e-a3ed-7bab09265e3c	Animalia	Chordata	Aves	Passeriformes	Pycnonotidae	Pycnonotus	Pycnonotus barbatus	layardi	SUBSPECIES	Pycnonotus barbatus layardi			TZ	Morogoro		PRESENT		2e7df380-8356-4533-bcb3-5459e23c794e	-6.829722	37.75							1948-03-24	24	3	1948	6094955	2486147	PRESERVED_SPECIMEN	NHMD	AV	NHMD120808				CC_BY_4_0		Andersen, Thorkild			2026-03-18T07:45:45.422Z		COORDINATE_ROUNDED
4164068206	e5c5cad9-b987-4bb4-b07b-85488c5fdd80	f55a2228-d804-4921-96c4-9b426d600541	Animalia	Chordata	Aves	Passeriformes	Pycnonotidae	Eurillas	Eurillas virens	virens	SUBSPECIES	Eurillas virens virens (Cassin, 1857)			TZ	Mahale Mts.		PRESENT		2e7df380-8356-4533-bcb3-5459e23c794e	-6.199722	29.829722							2004-08-07	7	8	2004	7340349	7340348	PRESERVED_SPECIMEN	NHMD	AV	NHMD125006				CC_BY_4_0		Kiure, Jacob			2026-03-18T07:45:43.337Z		COORDINATE_ROUNDED
4164068192	e5c5cad9-b987-4bb4-b07b-85488c5fdd80	e45f9f58-f45c-4995-9ed1-43ed131a6ed7	Animalia	Chordata	Aves	Passeriformes	Pycnonotidae	Eurillas	Eurillas virens	zombensis	SUBSPECIES	Eurillas virens zombensis (Shelley, 1894)			TZ	Ndundulu Forest	Iringa Region	PRESENT		2e7df380-8356-4533-bcb3-5459e23c794e	-7.8	36.5							2007-06-07	7	6	2007	6086343	7340348	PRESERVED_SPECIMEN	NHMD	AV	NHMD129196				CC_BY_4_0		Kiure, Jacob			2026-03-18T07:45:43.335Z		
4164068188	e5c5cad9-b987-4bb4-b07b-85488c5fdd80	b322ce44-e62b-4283-9049-640a4fa175cf	Animalia	Chordata	Aves	Passeriformes	Pycnonotidae	Hypsipetes	Hypsipetes philippinus	saturatior	SUBSPECIES	Hypsipetes philippinus saturatior (Hartert, 1916)			PH	Kaatoan	Mindanao	PRESENT		2e7df380-8356-4533-bcb3-5459e23c794e	8.049	124.98							1951-11-13	13	11	1951	6093854	7342036	PRESERVED_SPECIMEN	NHMD	AV	NHMD134265				CC_BY_4_0					2026-03-18T07:45:45.421Z		
4164068170	e5c5cad9-b987-4bb4-b07b-85488c5fdd80	c054847b-233d-44fe-95b9-75a6deddbad3	Animalia	Chordata	Aves	Passeriformes	Pycnonotidae	Arizelocichla	Arizelocichla masukuensis	roehli	SUBSPECIES	Arizelocichla masukuensis roehli (Reichenow, 1905)			TZ	Nguru South Forest Reserve		PRESENT		2e7df380-8356-4533-bcb3-5459e23c794e	-6.05	37.479722							2005-03-16	16	3	2005	6086770	7340439	PRESERVED_SPECIMEN	NHMD	AV	NHMD124930				CC_BY_4_0		Kiure, Jacob			2026-03-18T07:45:45.419Z		COORDINATE_ROUNDED
4164068168	e5c5cad9-b987-4bb4-b07b-85488c5fdd80	3cc36ece-cb1d-43ec-b366-d0abd8c7f93f	Animalia	Chordata	Aves	Passeriformes	Pycnonotidae	Phyllastrephus	Phyllastrephus debilis	rabai	SUBSPECIES	Phyllastrephus debilis rabai Hartert & Someren, 1921			TZ	Lindi		PRESENT		2e7df380-8356-4533-bcb3-5459e23c794e	-10.0	39.72							1966-09-09	9	9	1966	5846134	2486088	PRESERVED_SPECIMEN	NHMD	AV	NHMD119486				CC_BY_4_0		Salanti, M.			2026-03-18T07:45:39.187Z		
4164068157	e5c5cad9-b987-4bb4-b07b-85488c5fdd80	6f11cdec-c4a1-4c0d-93e1-bed5b144d14a	Animalia	Chordata	Aves	Passeriformes	Pycnonotidae	Arizelocichla	Arizelocichla masukuensis	roehli	SUBSPECIES	Arizelocichla masukuensis roehli (Reichenow, 1905)			TZ	Ndundulu Forest	Iringa Region	PRESENT		2e7df380-8356-4533-bcb3-5459e23c794e	-7.8	36.5							2007-01-19	19	1	2007	6086770	7340439	PRESERVED_SPECIMEN	NHMD	AV	NHMD129735				CC_BY_4_0		Kiure, Jacob			2026-03-18T07:45:39.183Z		
4164068156	e5c5cad9-b987-4bb4-b07b-85488c5fdd80	302cc819-e43e-4414-a5e9-916a50f82ff9	Animalia	Chordata	Aves	Passeriformes	Pycnonotidae	Pycnonotus	Pycnonotus barbatus		SPECIES	Pycnonotus barbatus (Desfontaines, 1789)			TZ	Kalambo River Forest Reserve		PRESENT		2e7df380-8356-4533-bcb3-5459e23c794e	-7.869722	30.95							2007-12-13	13	12	2007	2486147	2486147	PRESERVED_SPECIMEN	NHMD	AV	NHMD125070				CC_BY_4_0		Kiure, Jacob			2026-03-18T07:45:45.418Z		COORDINATE_ROUNDED
4164068112	e5c5cad9-b987-4bb4-b07b-85488c5fdd80	08e1bab9-124e-49f7-8876-6244be3c34c2	Animalia	Chordata	Aves	Passeriformes	Pycnonotidae	Eurillas	Eurillas gracilis	ugandae	SUBSPECIES	Eurillas gracilis ugandae (Someren, 1915)			SS	Gilo		PRESENT		2e7df380-8356-4533-bcb3-5459e23c794e	4.0308	32.845325							1980-11-23	23	11	1980	6086430	7340368	PRESERVED_SPECIMEN	NHMD	AV	NHMD127300				CC_BY_4_0		Jensen, Flemming			2026-03-18T07:45:43.324Z		
4164068064	e5c5cad9-b987-4bb4-b07b-85488c5fdd80	0e34fddc-709e-4235-9f4e-5d69659fd8d3	Animalia	Chordata	Aves	Passeriformes	Pycnonotidae	Arizelocichla	Arizelocichla masukuensis	roehli	SUBSPECIES	Arizelocichla masukuensis roehli (Reichenow, 1905)			TZ	Kanga Forest Reserve	Morogoro Region	PRESENT		2e7df380-8356-4533-bcb3-5459e23c794e	-6.0	37.7							2003-11-24	24	11	2003	6086770	7340439	PRESERVED_SPECIMEN	NHMD	AV	NHMD129749				CC_BY_4_0		Kiure, Jacob			2026-03-18T07:45:39.126Z		
4164068055	e5c5cad9-b987-4bb4-b07b-85488c5fdd80	3eb19907-a4f4-493f-b957-28534de6fff3	Animalia	Chordata	Aves	Passeriformes	Pycnonotidae	Arizelocichla	Arizelocichla masukuensis	roehli	SUBSPECIES	Arizelocichla masukuensis roehli (Reichenow, 1905)			TZ	Mdandu Forest Reserve		PRESENT		2e7df380-8356-4533-bcb3-5459e23c794e	-9.579722	34.83							2003-11-11	11	11	2003	6086770	7340439	PRESERVED_SPECIMEN	NHMD	AV	NHMD124993				CC_BY_4_0		Kiure, Jacob			2026-03-18T07:45:43.299Z		COORDINATE_ROUNDED
4164068051	e5c5cad9-b987-4bb4-b07b-85488c5fdd80	adf79f63-2da1-4030-bf41-91076166d228	Animalia	Chordata	Aves	Passeriformes	Pycnonotidae	Arizelocichla	Arizelocichla masukuensis	roehli	SUBSPECIES	Arizelocichla masukuensis roehli (Reichenow, 1905)			TZ	Nguru South Forest Reserve		PRESENT		2e7df380-8356-4533-bcb3-5459e23c794e	-6.2	37.516667							2003-06-17	17	6	2003	6086770	7340439	PRESERVED_SPECIMEN	NHMD	AV	NHMD129762				CC_BY_4_0		Kiure, Jacob			2026-03-18T07:45:49.001Z		COORDINATE_ROUNDED
4164068042	e5c5cad9-b987-4bb4-b07b-85488c5fdd80	55287a10-4c59-4e50-9387-b58d11663fcf	Animalia	Chordata	Aves	Passeriformes	Pycnonotidae	Eurillas	Eurillas virens	zombensis	SUBSPECIES	Eurillas virens zombensis (Shelley, 1894)			TZ	Kanga Forest Reserve		PRESENT		2e7df380-8356-4533-bcb3-5459e23c794e	-6.0	37.7							2003-05-21	21	5	2003	6086343	7340348	PRESERVED_SPECIMEN	NHMD	AV	NHMD122894				CC_BY_4_0		Kiure, Jacob			2026-03-18T07:45:45.408Z		
4164068008	e5c5cad9-b987-4bb4-b07b-85488c5fdd80	3fd57a7b-1cba-4853-913b-3eeb84dc555a	Animalia	Chordata	Aves	Passeriformes	Pycnonotidae	Phyllastrephus	Phyllastrephus albigula		SPECIES	Phyllastrephus albigula (Grote, 1919)			TZ	Nguru South Forest Reserve		PRESENT		2e7df380-8356-4533-bcb3-5459e23c794e	-6.05	37.479722							2005-03-24	24	3	2005	6086037	6086037	PRESERVED_SPECIMEN	NHMD	AV	NHMD125165				CC_BY_4_0		Kiure, Jacob			2026-03-18T07:45:39.112Z		COORDINATE_ROUNDED
4164067984	e5c5cad9-b987-4bb4-b07b-85488c5fdd80	5f2282ae-cbb2-4c29-a50d-542db067d8fe	Animalia	Chordata	Aves	Passeriformes	Pycnonotidae	Phyllastrephus	Phyllastrephus cabanisi	placidus	SUBSPECIES	Phyllastrephus cabanisi placidus			TZ	Ndundulu Forest	Iringa Region	PRESENT		2e7df380-8356-4533-bcb3-5459e23c794e	-7.8	36.5							2007-01-03	3	1	2007	6540392	2486087	PRESERVED_SPECIMEN	NHMD	AV	NHMD124885				CC_BY_4_0		Kiure, Jacob			2026-03-18T07:45:39.107Z		
4164067977	e5c5cad9-b987-4bb4-b07b-85488c5fdd80	2f493d5d-4176-4060-b056-3e62cf75910f	Animalia	Chordata	Aves	Passeriformes	Pycnonotidae	Eurillas	Eurillas virens		SPECIES	Eurillas virens (Cassin, 1857)			TZ	Pugu Hills		PRESENT		2e7df380-8356-4533-bcb3-5459e23c794e	-6.88	39.08							2008-05-15	15	5	2008	7340348	7340348	PRESERVED_SPECIMEN	NHMD	AV	NHMD128998				CC_BY_4_0		Kiure, Jacob			2026-03-18T07:45:48.996Z		
4164067970	e5c5cad9-b987-4bb4-b07b-85488c5fdd80	3494380d-48c4-4ec9-9927-6bfc31a89aed	Animalia	Chordata	Aves	Passeriformes	Pycnonotidae	Phyllastrephus	Phyllastrephus cabanisi	placidus	SUBSPECIES	Phyllastrephus cabanisi placidus			TZ	Nguru South Forest Reserve		PRESENT		2e7df380-8356-4533-bcb3-5459e23c794e	-6.05	37.479722							2005-03-21	21	3	2005	6540392	2486087	PRESERVED_SPECIMEN	NHMD	AV	NHMD124849				CC_BY_4_0		Kiure, Jacob			2026-03-18T07:45:45.401Z		COORDINATE_ROUNDED
4164067965	e5c5cad9-b987-4bb4-b07b-85488c5fdd80	c41f0db6-766e-4a30-ba4c-8ae2db9c1b55	Animalia	Chordata	Aves	Passeriformes	Pycnonotidae	Phyllastrephus	Phyllastrephus cabanisi	placidus	SUBSPECIES	Phyllastrephus cabanisi placidus			TZ	Ndundulu Forest	Iringa Region	PRESENT		2e7df380-8356-4533-bcb3-5459e23c794e	-7.8	36.5							2007-09-15	15	9	2007	6540392	2486087	PRESERVED_SPECIMEN	NHMD	AV	NHMD124888				CC_BY_4_0		Kiure, Jacob			2026-03-18T07:45:43.282Z		
4164067954	e5c5cad9-b987-4bb4-b07b-85488c5fdd80	2ea10ade-2679-4c0a-9c20-8a5ea073736f	Animalia	Chordata	Aves	Passeriformes	Pycnonotidae	Phyllastrephus	Phyllastrephus debilis	rabai	SUBSPECIES	Phyllastrephus debilis rabai Hartert & Someren, 1921			TZ	Nguru South Forest Reserve	Morogoro Region	PRESENT		2e7df380-8356-4533-bcb3-5459e23c794e	-6.2	37.516667							2003-06-14	14	6	2003	5846134	2486088	PRESERVED_SPECIMEN	NHMD	AV	NHMD129676				CC_BY_4_0		Kiure, Jacob			2026-03-18T07:45:43.280Z		COORDINATE_ROUNDED
4164067921	e5c5cad9-b987-4bb4-b07b-85488c5fdd80	47e7faba-be3a-4adc-bfe5-584a6e92d19f	Animalia	Chordata	Aves	Passeriformes	Pycnonotidae	Pycnonotus	Pycnonotus urostictus	philippensis	SUBSPECIES	Poliolophus urostictus philippensis Hachisuka, 1934			PH	Tubajon Bay		PRESENT		2e7df380-8356-4533-bcb3-5459e23c794e	10.319722	125.559722							1951-07-19	19	7	1951	11027194	2486143	PRESERVED_SPECIMEN	NHMD	AV	NHMD135004				CC_BY_4_0					2026-03-18T07:45:45.398Z		COORDINATE_ROUNDED
4164067887	e5c5cad9-b987-4bb4-b07b-85488c5fdd80	6236f676-b0a9-411e-8ac5-0b2704014f2b	Animalia	Chordata	Aves	Passeriformes	Pycnonotidae	Phyllastrephus	Phyllastrephus cabanisi	sucosus	SUBSPECIES	Phyllastrephus cabanisi sucosus Reichenow, 1903			SS	Gilo		PRESENT		2e7df380-8356-4533-bcb3-5459e23c794e	4.0308	32.845325							1980-11-10	10	11	1980	6086217	2486087	PRESERVED_SPECIMEN	NHMD	AV	NHMD137405				CC_BY_4_0		Jensen, Flemming			2026-03-18T07:45:48.990Z		
4164067876	e5c5cad9-b987-4bb4-b07b-85488c5fdd80	3408c590-e333-458e-bf5b-2713ab65c853	Animalia	Chordata	Aves	Passeriformes	Pycnonotidae	Phyllastrephus	Phyllastrephus cabanisi	placidus	SUBSPECIES	Phyllastrephus cabanisi placidus			TZ	Maguli FR		PRESENT		2e7df380-8356-4533-bcb3-5459e23c794e	-9.493889	34.175833							2008-12-09	9	12	2008	6540392	2486087	PRESERVED_SPECIMEN	NHMD	AV	NHMD126840				CC_BY_4_0		Kiure, Jacob			2026-03-18T07:45:45.395Z		COORDINATE_ROUNDED
4164067875	e5c5cad9-b987-4bb4-b07b-85488c5fdd80	63e9a887-7e58-4368-88d5-229ee605c882	Animalia	Chordata	Aves	Passeriformes	Pycnonotidae	Eurillas	Eurillas latirostris	latirostris	SUBSPECIES	Eurillas latirostris latirostris (Strickland, 1844)			TZ	Mahale Mts.		PRESENT		2e7df380-8356-4533-bcb3-5459e23c794e	-6.199722	29.829722							1949-10-12	12	10	1949	6086380	7340356	PRESERVED_SPECIMEN	NHMD	AV	NHMD120854				CC_BY_4_0		Andersen, Thorkild			2026-03-18T07:45:39.052Z		COORDINATE_ROUNDED
4164067859	e5c5cad9-b987-4bb4-b07b-85488c5fdd80	5c6f2072-3de1-4364-9be9-9b2c32a5c829	Animalia	Chordata	Aves	Passeriformes	Pycnonotidae	Arizelocichla	Arizelocichla masukuensis	roehli	SUBSPECIES	Arizelocichla masukuensis roehli (Reichenow, 1905)			TZ	Mt. Kanga Forest Reserve		PRESENT		2e7df380-8356-4533-bcb3-5459e23c794e	-6.0	37.7							2003-11-24	24	11	2003	6086770	7340439	PRESERVED_SPECIMEN	NHMD	AV	NHMD124986				CC_BY_4_0		Kiure, Jacob			2026-03-18T07:45:38.961Z		
4164067854	e5c5cad9-b987-4bb4-b07b-85488c5fdd80	1fc3d63d-9722-4f9b-b5a3-d9295b2a892a	Animalia	Chordata	Aves	Passeriformes	Pycnonotidae	Pycnonotus	Pycnonotus barbatus	tricolor	SUBSPECIES	Pycnonotus barbatus tricolor			TZ	Mt Kiboriani Forest Reserve		PRESENT		2e7df380-8356-4533-bcb3-5459e23c794e	-6.28	36.479722							2008-11-06	6	11	2008	6542538	2486147	PRESERVED_SPECIMEN	NHMD	AV	NHMD126686				CC_BY_4_0		Kiure, Jacob			2026-03-18T07:45:48.989Z		COORDINATE_ROUNDED
4164067844	e5c5cad9-b987-4bb4-b07b-85488c5fdd80	d28eade4-c4d8-40f8-9419-d81abd5ac94f	Animalia	Chordata	Aves	Passeriformes	Pycnonotidae	Chlorocichla	Chlorocichla flaviventris	centralis	SUBSPECIES	Chlorocichla flaviventris centralis Reichenow, 1887			TZ	Mikindani		PRESENT		2e7df380-8356-4533-bcb3-5459e23c794e	-10.279722	40.119722							1965-03-31	31	3	1965	6086621	2486173	PRESERVED_SPECIMEN	NHMD	AV	NHMD120886				CC_BY_4_0		Andersen, Thorkild			2026-03-18T07:45:38.958Z		COORDINATE_ROUNDED
4164067833	e5c5cad9-b987-4bb4-b07b-85488c5fdd80	61b94f25-6057-41ef-b60d-2df160dba9e6	Animalia	Chordata	Aves	Passeriformes	Pycnonotidae	Pycnonotus	Pycnonotus melanoleucos		SPECIES	Microtarsus melanoleucos Eyton, 1839			MY	unnamed locality		PRESENT		2e7df380-8356-4533-bcb3-5459e23c794e													9175261	2486133	PRESERVED_SPECIMEN	NHMD	AV	NHMD137858				CC_BY_4_0		Aschlund			2026-03-18T07:45:38.958Z		
4164067816	e5c5cad9-b987-4bb4-b07b-85488c5fdd80	14be83ce-a054-4a8e-9fb4-0dab5cc383aa	Animalia	Chordata	Aves	Passeriformes	Pycnonotidae	Hypsipetes	Hypsipetes everetti	everetti	SUBSPECIES	Hypsipetes everetti everetti (Tweeddale, 1877)			PH	Agay	Mindanao	PRESENT		2e7df380-8356-4533-bcb3-5459e23c794e	9.051667	125.585833							1952-03-01	1	3	1952	7342047	7342046	PRESERVED_SPECIMEN	NHMD	AV	NHMD134299				CC_BY_4_0					2026-03-18T07:45:48.986Z		COORDINATE_ROUNDED
4164067793	e5c5cad9-b987-4bb4-b07b-85488c5fdd80	5b955bcd-3fd7-44f0-adeb-c7c7ed8ccf3e	Animalia	Chordata	Aves	Passeriformes	Pycnonotidae	Phyllastrephus	Phyllastrephus debilis	rabai	SUBSPECIES	Phyllastrephus debilis rabai Hartert & Someren, 1921			TZ	Mt. Kanga Forest Reserve		PRESENT		2e7df380-8356-4533-bcb3-5459e23c794e	-6.0	37.7							1992-10-15	15	10	1992	5846134	2486088	PRESERVED_SPECIMEN	NHMD	AV	NHMD121811				CC_BY_4_0		Fjeldså, Jon			2026-03-18T07:45:43.216Z		
4164067786	e5c5cad9-b987-4bb4-b07b-85488c5fdd80	e19abe8d-e5be-48dc-b634-f7e151e89c7f	Animalia	Chordata	Aves	Passeriformes	Pycnonotidae	Phyllastrephus	Phyllastrephus cabanisi	placidus	SUBSPECIES	Phyllastrephus cabanisi placidus			TZ	Ukami Forest		PRESENT		2e7df380-8356-4533-bcb3-5459e23c794e	-7.88	36.419722							2003-03-14	14	3	2003	6540392	2486087	PRESERVED_SPECIMEN	NHMD	AV	NHMD123023				CC_BY_4_0		Kiure, Jacob			2026-03-18T07:45:45.388Z		COORDINATE_ROUNDED
4164067783	e5c5cad9-b987-4bb4-b07b-85488c5fdd80	edb7f73b-8ee4-48d9-8264-846142676e79	Animalia	Chordata	Aves	Passeriformes	Pycnonotidae	Phyllastrephus	Phyllastrephus flavostriatus	tenuirostris	SUBSPECIES	Phyllastrephus flavostriatus tenuirostris (Fischer & Reichenow, 1884)			TZ	Pugu Hills		PRESENT		2e7df380-8356-4533-bcb3-5459e23c794e	-6.88	39.08							2008-05-26	26	5	2008	6086107	2486089	PRESERVED_SPECIMEN	NHMD	AV	NHMD125806				CC_BY_4_0		Kiure, Jacob			2026-03-18T07:45:38.793Z		
4164067773	e5c5cad9-b987-4bb4-b07b-85488c5fdd80	5be618e3-764f-4756-85b6-6feb05d9b127	Animalia	Chordata	Aves	Passeriformes	Pycnonotidae	Pycnonotus	Pycnonotus barbatus	layardi	SUBSPECIES	Pycnonotus barbatus layardi			TZ	Soga, Kisarawe Distr. 500', 150m		PRESENT		2e7df380-8356-4533-bcb3-5459e23c794e	-6.829722	38.869722							1962-02-06	6	2	1962	6094955	2486147	PRESERVED_SPECIMEN	NHMD	AV	NHMD120815				CC_BY_4_0		Andersen, Thorkild			2026-03-18T07:45:48.983Z		COORDINATE_ROUNDED
4164067761	e5c5cad9-b987-4bb4-b07b-85488c5fdd80	433b8e1f-f1f6-4830-8591-8d7f98e4d7fa	Animalia	Chordata	Aves	Passeriformes	Pycnonotidae	Arizelocichla	Arizelocichla milanjensis	striifacies	SUBSPECIES	Arizelocichla milanjensis striifacies			TZ	Uluguru Mts.		PRESENT		2e7df380-8356-4533-bcb3-5459e23c794e	-7.0	39.666667							1962-03-18	18	3	1962	6540503	7340424	PRESERVED_SPECIMEN	NHMD	AV	NHMD120872				CC_BY_4_0		Andersen, Thorkild			2026-03-18T07:45:48.982Z		COORDINATE_ROUNDED;CONTINENT_COORDINATE_MISMATCH
4164067747	e5c5cad9-b987-4bb4-b07b-85488c5fdd80	fd36bff3-b8e7-4446-afac-18a0920cd04a	Animalia	Chordata	Aves	Passeriformes	Pycnonotidae	Eurillas	Eurillas gracilis	ugandae	SUBSPECIES	Eurillas gracilis ugandae (Someren, 1915)			CG	Lungula river near Semliki		PRESENT		2e7df380-8356-4533-bcb3-5459e23c794e									1952-05-13	13	5	1952	6086430	7340368	PRESERVED_SPECIMEN	NHMD	AV	NHMD137536				CC_BY_4_0		de Wilde, J.			2026-03-18T07:45:43.207Z		
4164067743	e5c5cad9-b987-4bb4-b07b-85488c5fdd80	cfa8a13d-20d1-49b1-81ec-347524e7cbb3	Animalia	Chordata	Aves	Passeriformes	Pycnonotidae	Phyllastrephus	Phyllastrephus flavostriatus	tenuirostris	SUBSPECIES	Phyllastrephus flavostriatus tenuirostris (Fischer & Reichenow, 1884)			TZ	Kilindi Forest Reserve		PRESENT		2e7df380-8356-4533-bcb3-5459e23c794e	-5.57	37.569722							2005-05-21	21	5	2005	6086107	2486089	PRESERVED_SPECIMEN	NHMD	AV	NHMD123785				CC_BY_4_0		Kiure, Jacob			2026-03-18T07:45:48.981Z		COORDINATE_ROUNDED
4164067726	e5c5cad9-b987-4bb4-b07b-85488c5fdd80	6f8ce4c8-e9f7-442d-a054-ac9c892796d7	Animalia	Chordata	Aves	Passeriformes	Pycnonotidae	Arizelocichla	Arizelocichla fusciceps		SPECIES	Arizelocichla fusciceps (Shelley, 1893)			TZ	Ndundulu Forest	Iringa Region	PRESENT		2e7df380-8356-4533-bcb3-5459e23c794e	-7.8	36.5							2007-03-27	27	3	2007	6100812	6100812	PRESERVED_SPECIMEN	NHMD	AV	NHMD123840				CC_BY_4_0		Kiure, Jacob			2026-03-18T07:45:45.382Z		TAXON_MATCH_HIGHERRANK
4164067698	e5c5cad9-b987-4bb4-b07b-85488c5fdd80	7e50e167-0f39-49cc-97cd-7212f98fadf3	Animalia	Chordata	Aves	Passeriformes	Pycnonotidae	Arizelocichla	Arizelocichla masukuensis	roehli	SUBSPECIES	Arizelocichla masukuensis roehli (Reichenow, 1905)			TZ	Ndundulu Forest	Iringa Region	PRESENT		2e7df380-8356-4533-bcb3-5459e23c794e	-7.8	36.5							2007-01-23	23	1	2007	6086770	7340439	PRESERVED_SPECIMEN	NHMD	AV	NHMD124950				CC_BY_4_0		Kiure, Jacob			2026-03-18T07:45:43.152Z		
4164067689	e5c5cad9-b987-4bb4-b07b-85488c5fdd80	040a7fb8-d14d-4e72-bb0c-4ec3ecbfc6ba	Animalia	Chordata	Aves	Passeriformes	Pycnonotidae	Phyllastrephus	Phyllastrephus albigula		SPECIES	Phyllastrephus albigula (Grote, 1919)			TZ	Nguru South Forest Reserve		PRESENT		2e7df380-8356-4533-bcb3-5459e23c794e	-6.05	37.479722							2005-03-21	21	3	2005	6086037	6086037	PRESERVED_SPECIMEN	NHMD	AV	NHMD124923				CC_BY_4_0		Kiure, Jacob			2026-03-18T07:45:43.149Z		COORDINATE_ROUNDED
4164067682	e5c5cad9-b987-4bb4-b07b-85488c5fdd80	1bcfda50-1117-4107-b490-531606b67b89	Animalia	Chordata	Aves	Passeriformes	Pycnonotidae	Phyllastrephus	Phyllastrephus albigula		SPECIES	Phyllastrephus albigula (Grote, 1919)			TZ	Amani		PRESENT		2e7df380-8356-4533-bcb3-5459e23c794e	-5.099722	38.63							1980-07-08	8	7	1980	6086037	6086037	PRESERVED_SPECIMEN	NHMD	AV	NHMD124925				CC_BY_4_0		Jensen, Flemming			2026-03-18T07:45:48.977Z		COORDINATE_ROUNDED
4164067669	e5c5cad9-b987-4bb4-b07b-85488c5fdd80	b4f09d8f-6573-4cbf-8e7b-cca05bce5101	Animalia	Chordata	Aves	Passeriformes	Pycnonotidae	Pycnonotus	Pycnonotus goiavier	suluensis	SUBSPECIES	Pycnonotus goiavier suluensis Mearns, 1909			PH	Kaatoan	Mindanao	PRESENT		2e7df380-8356-4533-bcb3-5459e23c794e	8.049	124.98							1951-11-17	17	11	1951	6094616	2486144	PRESERVED_SPECIMEN	NHMD	AV	NHMD134242				CC_BY_4_0					2026-03-18T07:45:48.976Z		
4164067645	e5c5cad9-b987-4bb4-b07b-85488c5fdd80	e7e97957-6af2-4297-8569-0fafb9bf5c41	Animalia	Chordata	Aves	Passeriformes	Pycnonotidae	Arizelocichla	Arizelocichla masukuensis	roehli	SUBSPECIES	Arizelocichla masukuensis roehli (Reichenow, 1905)			TZ	Ukami Forest		PRESENT		2e7df380-8356-4533-bcb3-5459e23c794e	-7.88	36.419722							2003-03-01	1	3	2003	6086770	7340439	PRESERVED_SPECIMEN	NHMD	AV	NHMD124975				CC_BY_4_0		Kiure, Jacob			2026-03-18T07:45:45.376Z		COORDINATE_ROUNDED
4164067639	e5c5cad9-b987-4bb4-b07b-85488c5fdd80	cd7dafc6-babf-4bd4-9b89-af80393e5c7a	Animalia	Chordata	Aves	Passeriformes	Pycnonotidae	Eurillas	Eurillas virens	zombensis	SUBSPECIES	Eurillas virens zombensis (Shelley, 1894)			TZ	Nguru South Forest Reserve	Morogoro Region	PRESENT		2e7df380-8356-4533-bcb3-5459e23c794e	-6.2	37.516667							2004-10-15	15	10	2004	6086343	7340348	PRESERVED_SPECIMEN	NHMD	AV	NHMD129715				CC_BY_4_0		Kiure, Jacob			2026-03-18T07:45:38.741Z		COORDINATE_ROUNDED
4164067637	e5c5cad9-b987-4bb4-b07b-85488c5fdd80	d2599019-f967-4e5c-824c-1fe72dc656f3	Animalia	Chordata	Aves	Passeriformes	Pycnonotidae	Phyllastrephus	Phyllastrephus cabanisi	placidus	SUBSPECIES	Phyllastrephus cabanisi placidus			TZ	Ndundulu Forest	Iringa Region	PRESENT		2e7df380-8356-4533-bcb3-5459e23c794e	-7.8	36.5							2007-01-03	3	1	2007	6540392	2486087	PRESERVED_SPECIMEN	NHMD	AV	NHMD124882				CC_BY_4_0		Kiure, Jacob			2026-03-18T07:45:48.975Z		
4164067601	e5c5cad9-b987-4bb4-b07b-85488c5fdd80	09f61e6b-ff53-4013-84d8-3f2ef4abf1cb	Animalia	Chordata	Aves	Passeriformes	Pycnonotidae	Pycnonotus	Pycnonotus barbatus		SPECIES	Pycnonotus barbatus (Desfontaines, 1789)			TZ	Mbizi Forest Reserve		PRESENT		2e7df380-8356-4533-bcb3-5459e23c794e	-7.889722	31.68							2008-03-01	1	3	2008	2486147	2486147	PRESERVED_SPECIMEN	NHMD	AV	NHMD125824				CC_BY_4_0		Kiure, Jacob			2026-03-18T07:45:43.092Z		COORDINATE_ROUNDED
4164067592	e5c5cad9-b987-4bb4-b07b-85488c5fdd80	b89349d9-074d-4e6f-b156-66521bb2100c	Animalia	Chordata	Aves	Passeriformes	Pycnonotidae	Phyllastrephus	Phyllastrephus fischeri		SPECIES	Phyllastrephus fischeri (Reichenow, 1879)			TZ	Mikindani		PRESENT		2e7df380-8356-4533-bcb3-5459e23c794e	-10.279722	40.119722							1965-03-29	29	3	1965	2486097	2486097	PRESERVED_SPECIMEN	NHMD	AV	NHMD122016				CC_BY_4_0		Andersen, Thorkild			2026-03-18T07:45:43.090Z		COORDINATE_ROUNDED
4164067589	e5c5cad9-b987-4bb4-b07b-85488c5fdd80	35febaa6-c467-4c35-84d4-dfef4965092f	Animalia	Chordata	Aves	Passeriformes	Pycnonotidae	Phyllastrephus	Phyllastrephus cabanisi	placidus	SUBSPECIES	Phyllastrephus cabanisi placidus			TZ	Njoge FR		PRESENT		2e7df380-8356-4533-bcb3-5459e23c794e	-5.92	36.819722							2010-03-25	25	3	2010	6540392	2486087	PRESERVED_SPECIMEN	NHMD	AV	NHMD128919				CC_BY_4_0		Kiure, Jacob			2026-03-18T07:45:38.732Z		COORDINATE_ROUNDED
4164067586	e5c5cad9-b987-4bb4-b07b-85488c5fdd80	91bc3a64-241b-46e3-bbf8-a08c62945904	Animalia	Chordata	Aves	Passeriformes	Pycnonotidae	Eurillas	Eurillas latirostris	australis	SUBSPECIES	Eurillas latirostris australis (Moreau, 1941)			TZ	Mbizi Forest Reserve		PRESENT		2e7df380-8356-4533-bcb3-5459e23c794e	-7.889722	31.68							1997-02-01	1	2	1997	9004172	7340356	PRESERVED_SPECIMEN	NHMD	AV	NHMD122406				CC_BY_4_0		Moyer, David			2026-03-18T07:45:48.971Z		COORDINATE_ROUNDED
4164067570	e5c5cad9-b987-4bb4-b07b-85488c5fdd80	5e86d3b8-92c7-43aa-a530-6752ea7f12ec	Animalia	Chordata	Aves	Passeriformes	Pycnonotidae	Eurillas	Eurillas virens	zombensis	SUBSPECIES	Eurillas virens zombensis (Shelley, 1894)			TZ	Kanga Forest Reserve	Morogoro Region	PRESENT		2e7df380-8356-4533-bcb3-5459e23c794e	-6.0	37.7							2003-05-19	19	5	2003	6086343	7340348	PRESERVED_SPECIMEN	NHMD	AV	NHMD129711				CC_BY_4_0		Kiure, Jacob			2026-03-18T07:45:43.087Z		
4164067563	e5c5cad9-b987-4bb4-b07b-85488c5fdd80	339eca8e-1acb-4dba-8de2-426246c5d42d	Animalia	Chordata	Aves	Passeriformes	Pycnonotidae	Arizelocichla	Arizelocichla masukuensis	roehli	SUBSPECIES	Arizelocichla masukuensis roehli (Reichenow, 1905)			TZ	Amani		PRESENT		2e7df380-8356-4533-bcb3-5459e23c794e	-5.099722	38.63							1980-07-18	18	7	1980	6086770	7340439	PRESERVED_SPECIMEN	NHMD	AV	NHMD124990				CC_BY_4_0		Jensen, Flemming			2026-03-18T07:45:43.083Z		COORDINATE_ROUNDED
4164067541	e5c5cad9-b987-4bb4-b07b-85488c5fdd80	b22c7bf3-fa71-4597-a8e1-1c0ad2e1d329	Animalia	Chordata	Aves	Passeriformes	Pycnonotidae	Pycnonotus	Pycnonotus aurigaster	aurigaster	SUBSPECIES	Pycnonotus aurigaster aurigaster (Vieillot, 1818)			ID	Unknown		PRESENT		2e7df380-8356-4533-bcb3-5459e23c794e									1820-09-06	6	9	1820	6094795	2486121	PRESERVED_SPECIMEN	NHMD	AV	NHMD137873				CC_BY_4_0		Diard			2026-03-18T07:45:43.087Z		
4164067527	e5c5cad9-b987-4bb4-b07b-85488c5fdd80	08c3c894-444d-4188-b714-2318a370209a	Animalia	Chordata	Aves	Passeriformes	Pycnonotidae	Phyllastrephus	Phyllastrephus flavostriatus	tenuirostris	SUBSPECIES	Phyllastrephus flavostriatus tenuirostris (Fischer & Reichenow, 1884)			TZ	Nguru South Forest Reserve	Morogoro Region	PRESENT		2e7df380-8356-4533-bcb3-5459e23c794e	-6.2	37.516667							2003-06-15	15	6	2003	6086107	2486089	PRESERVED_SPECIMEN	NHMD	AV	NHMD129688				CC_BY_4_0		Kiure, Jacob			2026-03-18T07:45:48.967Z		COORDINATE_ROUNDED
4164067511	e5c5cad9-b987-4bb4-b07b-85488c5fdd80	36674c78-69bf-4937-acf6-b73636d03e5a	Animalia	Chordata	Aves	Passeriformes	Pycnonotidae	Phyllastrephus	Phyllastrephus cabanisi	sucosus	SUBSPECIES	Phyllastrephus cabanisi sucosus Reichenow, 1903			SS	Gilo		PRESENT		2e7df380-8356-4533-bcb3-5459e23c794e	4.0308	32.845325							1980-11-13	13	11	1980	6086217	2486087	PRESERVED_SPECIMEN	NHMD	AV	NHMD127297				CC_BY_4_0		Jensen, Flemming			2026-03-18T07:45:38.705Z		
4164067428	e5c5cad9-b987-4bb4-b07b-85488c5fdd80	9598db02-3139-403d-951a-62c09e660ef3	Animalia	Chordata	Aves	Passeriformes	Pycnonotidae	Eurillas	Eurillas latirostris	latirostris	SUBSPECIES	Eurillas latirostris latirostris (Strickland, 1844)			TZ	Mahale Mts.		PRESENT		2e7df380-8356-4533-bcb3-5459e23c794e	-6.199722	29.829722							2004-08-14	14	8	2004	6086380	7340356	PRESERVED_SPECIMEN	NHMD	AV	NHMD124903				CC_BY_4_0		Kiure, Jacob			2026-03-18T07:45:45.352Z		COORDINATE_ROUNDED
4164067417	e5c5cad9-b987-4bb4-b07b-85488c5fdd80	a9e4a261-787c-47e2-87fa-42da19a14938	Animalia	Chordata	Aves	Passeriformes	Pycnonotidae	Phyllastrephus	Phyllastrephus cabanisi	placidus	SUBSPECIES	Phyllastrephus cabanisi placidus			TZ	Nguru South Forest Reserve	Morogoro Region	PRESENT		2e7df380-8356-4533-bcb3-5459e23c794e	-6.2	37.516667							2003-06-11	11	6	2003	6540392	2486087	PRESERVED_SPECIMEN	NHMD	AV	NHMD129667				CC_BY_4_0		Kiure, Jacob			2026-03-18T07:45:45.351Z		COORDINATE_ROUNDED
4164067335	e5c5cad9-b987-4bb4-b07b-85488c5fdd80	f0ece995-9aa8-446e-bd99-963ae231dc40	Animalia	Chordata	Aves	Passeriformes	Pycnonotidae	Arizelocichla	Arizelocichla milanjensis	striifacies	SUBSPECIES	Arizelocichla milanjensis striifacies			TZ	Ukwiva Forest Reserve		PRESENT		2e7df380-8356-4533-bcb3-5459e23c794e	-7.099722	36.669722							2002-09-20	20	9	2002	6540503	7340424	PRESERVED_SPECIMEN	NHMD	AV	NHMD122789				CC_BY_4_0		Kiure, Jacob			2026-03-18T07:45:48.954Z		COORDINATE_ROUNDED
4164067313	e5c5cad9-b987-4bb4-b07b-85488c5fdd80	8b76096a-6b3e-468e-a3d5-f3f634a76e6b	Animalia	Chordata	Aves	Passeriformes	Pycnonotidae	Pycnonotus	Pycnonotus barbatus	layardi	SUBSPECIES	Pycnonotus barbatus layardi			BW	Ghanzi, Kalahari		PRESENT		2e7df380-8356-4533-bcb3-5459e23c794e	-21.690599	21.630945							1955-07-11	11	7	1955	6094955	2486147	PRESERVED_SPECIMEN	NHMD	AV	NHMD133030				CC_BY_4_0		Upton, R.			2026-03-18T07:45:43Z		
4164067306	e5c5cad9-b987-4bb4-b07b-85488c5fdd80	e2fd13e5-c4b2-41c1-bf90-da2c8d9d57cd	Animalia	Chordata	Aves	Passeriformes	Pycnonotidae	Phyllastrephus	Phyllastrephus cabanisi	placidus	SUBSPECIES	Phyllastrephus cabanisi placidus			TZ	Uluguru Mts.		PRESENT		2e7df380-8356-4533-bcb3-5459e23c794e	-7.0	39.666667							1961-02-03	3	2	1961	6540392	2486087	PRESERVED_SPECIMEN	NHMD	AV	NHMD122025				CC_BY_4_0		Andersen, Thorkild			2026-03-18T07:45:48.952Z		COORDINATE_ROUNDED;CONTINENT_COORDINATE_MISMATCH
4164067292	e5c5cad9-b987-4bb4-b07b-85488c5fdd80	d7d88247-e409-4adc-aa05-2b6468681af2	Animalia	Chordata	Aves	Passeriformes	Pycnonotidae	Hypsipetes	Hypsipetes philippinus	saturatior	SUBSPECIES	Hypsipetes philippinus saturatior (Hartert, 1916)			PH	Mt. Hilong-Hilong	Mindanao	PRESENT		2e7df380-8356-4533-bcb3-5459e23c794e	9.084308	125.697197							1952-02-03	3	2	1952	6093854	7342036	PRESERVED_SPECIMEN	NHMD	AV	NHMD134270				CC_BY_4_0					2026-03-18T07:45:45.341Z		COORDINATE_ROUNDED
4164067280	e5c5cad9-b987-4bb4-b07b-85488c5fdd80	b50bef71-3001-4d8a-a527-44764554b1cf	Animalia	Chordata	Aves	Passeriformes	Pycnonotidae	Phyllastrephus	Phyllastrephus cabanisi	placidus	SUBSPECIES	Phyllastrephus cabanisi placidus			TZ	Marang Forest Reserve		PRESENT		2e7df380-8356-4533-bcb3-5459e23c794e	-3.73	35.63							2004-03-27	27	3	2004	6540392	2486087	PRESERVED_SPECIMEN	NHMD	AV	NHMD123430				CC_BY_4_0		Kiure, Jacob			2026-03-18T07:45:38.645Z		
4164067272	e5c5cad9-b987-4bb4-b07b-85488c5fdd80	9b1459e8-c389-42fb-b970-dcf00bf61855	Animalia	Chordata	Aves	Passeriformes	Pycnonotidae	Eurillas	Eurillas virens	zombensis	SUBSPECIES	Eurillas virens zombensis (Shelley, 1894)			TZ	Kilindi Forest Reserve		PRESENT		2e7df380-8356-4533-bcb3-5459e23c794e	-5.57	37.569722							2005-05-18	18	5	2005	6086343	7340348	PRESERVED_SPECIMEN	NHMD	AV	NHMD125030				CC_BY_4_0		Kiure, Jacob			2026-03-18T07:45:45.338Z		COORDINATE_ROUNDED
4164067270	e5c5cad9-b987-4bb4-b07b-85488c5fdd80	1d8e3c72-c60c-46e1-a1c2-f94908105bc3	Animalia	Chordata	Aves	Passeriformes	Pycnonotidae	Atimastillas	Atimastillas flavicollis	flavicollis	SUBSPECIES	Atimastillas flavicollis flavicollis (Swainson, 1837)			NG	Abeokuta, 10 mi W 	Ogun State	PRESENT		2e7df380-8356-4533-bcb3-5459e23c794e	7.14998	3.20334							1958-10-21	21	10	1958	7340390	7340389	PRESERVED_SPECIMEN	NHMD	AV	NHMD137546				CC_BY_4_0		Volsøe, Helge			2026-03-18T07:45:48.950Z		
4164067244	e5c5cad9-b987-4bb4-b07b-85488c5fdd80	e5122c63-bbf6-4184-b72c-ed21d281a282	Animalia	Chordata	Aves	Passeriformes	Pycnonotidae	Arizelocichla	Arizelocichla masukuensis	roehli	SUBSPECIES	Arizelocichla masukuensis roehli (Reichenow, 1905)			TZ	Mafwemiro Forest		PRESENT		2e7df380-8356-4533-bcb3-5459e23c794e	-6.783333	36.533333							2002-11-21	21	11	2002	6086770	7340439	PRESERVED_SPECIMEN	NHMD	AV	NHMD129754				CC_BY_4_0		Fjeldså, Jon			2026-03-18T07:45:48.948Z		COORDINATE_ROUNDED
4164067227	e5c5cad9-b987-4bb4-b07b-85488c5fdd80	c049a2c1-d7ab-4081-bb17-a8c6daca2318	Animalia	Chordata	Aves	Passeriformes	Pycnonotidae	Eurillas	Eurillas virens	zombensis	SUBSPECIES	Eurillas virens zombensis (Shelley, 1894)			TZ	Nguru South Forest Reserve		PRESENT		2e7df380-8356-4533-bcb3-5459e23c794e	-6.05	37.479722							2004-10-13	13	10	2004	6086343	7340348	PRESERVED_SPECIMEN	NHMD	AV	NHMD126323				CC_BY_4_0		Kiure, Jacob			2026-03-18T07:45:42.961Z		COORDINATE_ROUNDED
4164067206	e5c5cad9-b987-4bb4-b07b-85488c5fdd80	2a049253-52fa-4a0e-8586-331a84a4c37a	Animalia	Chordata	Aves	Passeriformes	Pycnonotidae	Arizelocichla	Arizelocichla masukuensis	roehli	SUBSPECIES	Arizelocichla masukuensis roehli (Reichenow, 1905)			TZ	Ndundulu Forest	Iringa Region	PRESENT		2e7df380-8356-4533-bcb3-5459e23c794e	-7.8	36.5							2007-01-01	1	1	2007	6086770	7340439	PRESERVED_SPECIMEN	NHMD	AV	NHMD129187				CC_BY_4_0		Kiure, Jacob			2026-03-18T07:45:45.331Z		
4164067201	e5c5cad9-b987-4bb4-b07b-85488c5fdd80	f7b5efd5-8962-4b11-a691-dc480cf9ae12	Animalia	Chordata	Aves	Passeriformes	Pycnonotidae	Arizelocichla	Arizelocichla fusciceps		SPECIES	Arizelocichla fusciceps (Shelley, 1893)			TZ	Mafwemiro Forest		PRESENT		2e7df380-8356-4533-bcb3-5459e23c794e	-6.829722	36.569722							2000-04-04	4	4	2000	6100812	6100812	PRESERVED_SPECIMEN	NHMD	AV	NHMD122519				CC_BY_4_0		Kiure, Jacob			2026-03-18T07:45:48.944Z		COORDINATE_ROUNDED;TAXON_MATCH_HIGHERRANK
4164067182	e5c5cad9-b987-4bb4-b07b-85488c5fdd80	6b9b41c5-67ae-46c5-9e94-e9ad4ff81aa5	Animalia	Chordata	Aves	Passeriformes	Pycnonotidae	Pycnonotus	Pycnonotus cinereifrons		SPECIES	Pycnonotus cinereifrons (Tweeddale, 1878)			PH	Uring-Uring, Ipolote Bay, Palawan	Mimaropa	PRESENT		2e7df380-8356-4533-bcb3-5459e23c794e	8.775228	117.827308							1961-08-24	24	8	1961	6094562	6094562	PRESERVED_SPECIMEN	NHMD	AV	NHMD136158				CC_BY_4_0		Petersen, Erik;Andersen, Søren;Oaney, William			2026-03-18T07:45:45.329Z		COORDINATE_ROUNDED
4164067177	e5c5cad9-b987-4bb4-b07b-85488c5fdd80	c311ef03-a144-49f1-b0b2-6a7e37f3c707	Animalia	Chordata	Aves	Passeriformes	Pycnonotidae	Arizelocichla	Arizelocichla fusciceps		SPECIES	Arizelocichla fusciceps (Shelley, 1893)			TZ	Ndundulu Forest	Iringa Region	PRESENT		2e7df380-8356-4533-bcb3-5459e23c794e	-7.8	36.5							2007-06-12	12	6	2007	6100812	6100812	PRESERVED_SPECIMEN	NHMD	AV	NHMD124820				CC_BY_4_0		Kiure, Jacob			2026-03-18T07:45:38.620Z		TAXON_MATCH_HIGHERRANK
4164067164	e5c5cad9-b987-4bb4-b07b-85488c5fdd80	3749712e-0f85-4914-a061-d44610812ec3	Animalia	Chordata	Aves	Passeriformes	Pycnonotidae	Arizelocichla	Arizelocichla fusciceps		SPECIES	Arizelocichla fusciceps (Shelley, 1893)			TZ	Ndundulu Forest	Iringa Region	PRESENT		2e7df380-8356-4533-bcb3-5459e23c794e	-7.8	36.5							2007-03-31	31	3	2007	6100812	6100812	PRESERVED_SPECIMEN	NHMD	AV	NHMD123868				CC_BY_4_0		Kiure, Jacob			2026-03-18T07:45:42.924Z		TAXON_MATCH_HIGHERRANK
4164067148	e5c5cad9-b987-4bb4-b07b-85488c5fdd80	d29aeeb1-2654-41eb-803a-5a4cba9985f8	Animalia	Chordata	Aves	Passeriformes	Pycnonotidae	Phyllastrephus	Phyllastrephus cabanisi	placidus	SUBSPECIES	Phyllastrephus cabanisi placidus			TZ	Liwili Kitesa Forest Reserve		PRESENT		2e7df380-8356-4533-bcb3-5459e23c794e	-11.399722	34.9							2005-12-29	29	12	2005	6540392	2486087	PRESERVED_SPECIMEN	NHMD	AV	NHMD124865				CC_BY_4_0		Kiure, Jacob			2026-03-18T07:45:48.939Z		COORDINATE_ROUNDED
4164067133	e5c5cad9-b987-4bb4-b07b-85488c5fdd80	da66b412-160b-4db0-80c6-a3211f784543	Animalia	Chordata	Aves	Passeriformes	Pycnonotidae	Phyllastrephus	Phyllastrephus cabanisi	placidus	SUBSPECIES	Phyllastrephus cabanisi placidus			TZ	Ndundulu Forest	Iringa Region	PRESENT		2e7df380-8356-4533-bcb3-5459e23c794e	-7.8	36.5							2007-03-24	24	3	2007	6540392	2486087	PRESERVED_SPECIMEN	NHMD	AV	NHMD129678				CC_BY_4_0		Kiure, Jacob			2026-03-18T07:45:48.938Z		
4164067127	e5c5cad9-b987-4bb4-b07b-85488c5fdd80	65140aa3-ba70-4ea2-ada2-7039f55207b4	Animalia	Chordata	Aves	Passeriformes	Pycnonotidae	Phyllastrephus	Phyllastrephus cabanisi	placidus	SUBSPECIES	Phyllastrephus cabanisi placidus			TZ	Maguli FR		PRESENT		2e7df380-8356-4533-bcb3-5459e23c794e	-9.493889	34.175833							2008-12-14	14	12	2008	6540392	2486087	PRESERVED_SPECIMEN	NHMD	AV	NHMD129178				CC_BY_4_0		Kiure, Jacob			2026-03-18T07:45:38.600Z		COORDINATE_ROUNDED
4164067124	e5c5cad9-b987-4bb4-b07b-85488c5fdd80	bf601f94-3c84-4c26-adfa-3733882c1666	Animalia	Chordata	Aves	Passeriformes	Pycnonotidae	Eurillas	Eurillas latirostris	latirostris	SUBSPECIES	Eurillas latirostris latirostris (Strickland, 1844)			TZ	Mahale Mts.	Kigoma Region	PRESENT		2e7df380-8356-4533-bcb3-5459e23c794e	-6.166667	29.75							2004-08-16	16	8	2004	6086380	7340356	PRESERVED_SPECIMEN	NHMD	AV	NHMD129721				CC_BY_4_0		Kiure, Jacob			2026-03-18T07:45:48.938Z		COORDINATE_ROUNDED
4164067119	e5c5cad9-b987-4bb4-b07b-85488c5fdd80	e69a0510-d406-4ec2-85c3-16fe420beea4	Animalia	Chordata	Aves	Passeriformes	Pycnonotidae	Arizelocichla	Arizelocichla masukuensis	roehli	SUBSPECIES	Arizelocichla masukuensis roehli (Reichenow, 1905)			TZ	Ukami Forest		PRESENT		2e7df380-8356-4533-bcb3-5459e23c794e	-7.88	36.419722							2003-02-25	25	2	2003	6086770	7340439	PRESERVED_SPECIMEN	NHMD	AV	NHMD122998				CC_BY_4_0		Kiure, Jacob			2026-03-18T07:45:42.919Z		COORDINATE_ROUNDED
4164067094	e5c5cad9-b987-4bb4-b07b-85488c5fdd80	8fcf6600-a3ff-4acf-8c4b-229bdc4f6e52	Animalia	Chordata	Aves	Passeriformes	Pycnonotidae	Arizelocichla	Arizelocichla masukuensis	roehli	SUBSPECIES	Arizelocichla masukuensis roehli (Reichenow, 1905)			TZ	Nguru South Forest Reserve	Morogoro Region	PRESENT		2e7df380-8356-4533-bcb3-5459e23c794e	-6.05	37.479722							2004-10-03	3	10	2004	6086770	7340439	PRESERVED_SPECIMEN	NHMD	AV	NHMD126342				CC_BY_4_0		Kiure, Jacob			2026-03-18T07:45:38.589Z		COORDINATE_ROUNDED
4164067093	e5c5cad9-b987-4bb4-b07b-85488c5fdd80	fd188f96-91e8-4377-b91a-dbf6ce5cffef	Animalia	Chordata	Aves	Passeriformes	Pycnonotidae	Arizelocichla	Arizelocichla milanjensis	striifacies	SUBSPECIES	Arizelocichla milanjensis striifacies			TZ	Udzungwa Scarp Forest		PRESENT		2e7df380-8356-4533-bcb3-5459e23c794e	-8.373333	35.978611							1996-10-24	24	10	1996	6540503	7340424	PRESERVED_SPECIMEN	NHMD	AV	NHMD121941				CC_BY_4_0		Fjeldså, Jon			2026-03-18T07:45:45.321Z		COORDINATE_ROUNDED
4164067062	e5c5cad9-b987-4bb4-b07b-85488c5fdd80	ba5733fd-e5d1-4cda-801a-b6ca76e86ed5	Animalia	Chordata	Aves	Passeriformes	Pycnonotidae	Eurillas	Eurillas virens		SPECIES	Eurillas virens (Cassin, 1857)			TZ	Ukami Forest		PRESENT		2e7df380-8356-4533-bcb3-5459e23c794e	-7.88	36.419722							2003-02-26	26	2	2003	7340348	7340348	PRESERVED_SPECIMEN	NHMD	AV	NHMD133229				CC_BY_4_0		Kiure, Jacob			2026-03-18T07:45:45.318Z		COORDINATE_ROUNDED
4164067045	e5c5cad9-b987-4bb4-b07b-85488c5fdd80	451dd1ff-c4b0-491b-bf89-98fee947f2c5	Animalia	Chordata	Aves	Passeriformes	Pycnonotidae	Phyllastrephus	Phyllastrephus fischeri		SPECIES	Phyllastrephus fischeri (Reichenow, 1879)			TZ	Nambiga Teak Nursery		PRESENT		2e7df380-8356-4533-bcb3-5459e23c794e	-10.55	36.47							1995-12-08	8	12	1995	2486097	2486097	PRESERVED_SPECIMEN	NHMD	AV	NHMD121899				CC_BY_4_0		Fjeldså, Jon			2026-03-18T07:45:38.575Z		
4164066996	e5c5cad9-b987-4bb4-b07b-85488c5fdd80	c59eaa5e-e563-4c00-aab9-999929a71de4	Animalia	Chordata	Aves	Passeriformes	Pycnonotidae	Eurillas	Eurillas virens	zombensis	SUBSPECIES	Eurillas virens zombensis (Shelley, 1894)			TZ	Kalambo River Forest Reserve		PRESENT		2e7df380-8356-4533-bcb3-5459e23c794e	-7.869722	30.95							2007-11-28	28	11	2007	6086343	7340348	PRESERVED_SPECIMEN	NHMD	AV	NHMD125043				CC_BY_4_0		Kiure, Jacob			2026-03-18T07:45:45.311Z		COORDINATE_ROUNDED
4164066991	e5c5cad9-b987-4bb4-b07b-85488c5fdd80	58235b51-fdec-4569-93d1-23041b35fae1	Animalia	Chordata	Aves	Passeriformes	Pycnonotidae	Pycnonotus	Pycnonotus goiavier	suluensis	SUBSPECIES	Pycnonotus goiavier suluensis Mearns, 1909			PH	Opol	Mindanao	PRESENT		2e7df380-8356-4533-bcb3-5459e23c794e	8.52	124.573333							1951-08-23	23	8	1951	6094616	2486144	PRESERVED_SPECIMEN	NHMD	AV	NHMD134232				CC_BY_4_0					2026-03-18T07:45:42.906Z		COORDINATE_ROUNDED
4164066980	e5c5cad9-b987-4bb4-b07b-85488c5fdd80	a8a6f5cc-db29-4fa4-8dde-bb950375c468	Animalia	Chordata	Aves	Passeriformes	Pycnonotidae	Phyllastrephus	Phyllastrephus cabanisi	placidus	SUBSPECIES	Phyllastrephus cabanisi placidus			TZ	Uluguru Mts.		PRESENT		2e7df380-8356-4533-bcb3-5459e23c794e	-7.0	39.666667							1961-02-03	3	2	1961	6540392	2486087	PRESERVED_SPECIMEN	NHMD	AV	NHMD122029				CC_BY_4_0		Andersen, Thorkild			2026-03-18T07:45:42.905Z		COORDINATE_ROUNDED;CONTINENT_COORDINATE_MISMATCH
4164066957	e5c5cad9-b987-4bb4-b07b-85488c5fdd80	3efb73fb-2e63-4458-895d-f29411d2d779	Animalia	Chordata	Aves	Passeriformes	Pycnonotidae	Arizelocichla	Arizelocichla fusciceps		SPECIES	Arizelocichla fusciceps (Shelley, 1893)			TZ	Ndundulu Forest	Iringa Region	PRESENT		2e7df380-8356-4533-bcb3-5459e23c794e	-7.8	36.5							2007-02-13	13	2	2007	6100812	6100812	PRESERVED_SPECIMEN	NHMD	AV	NHMD123851				CC_BY_4_0		Kiure, Jacob			2026-03-18T07:45:38.553Z		TAXON_MATCH_HIGHERRANK
4164066955	e5c5cad9-b987-4bb4-b07b-85488c5fdd80	a7098475-c34e-4ace-9bee-179349d3fd4b	Animalia	Chordata	Aves	Passeriformes	Pycnonotidae	Pycnonotus	Pycnonotus aurigaster	aurigaster	SUBSPECIES	Pycnonotus aurigaster aurigaster (Vieillot, 1818)			DK	Captivity (Zoologisk Have, København)	Region Hovedstaden	PRESENT		2e7df380-8356-4533-bcb3-5459e23c794e													6094795	2486121	PRESERVED_SPECIMEN	NHMD	AV	NHMD138018				CC_BY_4_0					2026-03-18T07:45:48.922Z		
4164066936	e5c5cad9-b987-4bb4-b07b-85488c5fdd80	ae5ceacc-91a9-4e13-8519-2af8bec4ae2e	Animalia	Chordata	Aves	Passeriformes	Pycnonotidae	Phyllastrephus	Phyllastrephus cerviniventris		SPECIES	Phyllastrephus cerviniventris Shelley, 1894			TZ	Kihansi Forest		PRESENT		2e7df380-8356-4533-bcb3-5459e23c794e	-8.399722	36.349722											2486105	2486105	PRESERVED_SPECIMEN	NHMD	AV	NHMD121829				CC_BY_4_0		Howell, Kim			2026-03-18T07:45:48.919Z		COORDINATE_ROUNDED
4164066935	e5c5cad9-b987-4bb4-b07b-85488c5fdd80	53c4bc17-58e8-45fa-be2f-0c302e2483fa	Animalia	Chordata	Aves	Passeriformes	Pycnonotidae	Arizelocichla	Arizelocichla fusciceps		SPECIES	Arizelocichla fusciceps (Shelley, 1893)			TZ	Ndundulu Forest	Iringa Region	PRESENT		2e7df380-8356-4533-bcb3-5459e23c794e	-7.8	36.5											6100812	6100812	PRESERVED_SPECIMEN	NHMD	AV	NHMD126237				CC_BY_4_0		Svendsen, Jens			2026-03-18T07:45:45.305Z		TAXON_MATCH_HIGHERRANK
4164066934	e5c5cad9-b987-4bb4-b07b-85488c5fdd80	f6870b28-1393-4b75-9b07-4f9617fdc87e	Animalia	Chordata	Aves	Passeriformes	Pycnonotidae	Phyllastrephus	Phyllastrephus cabanisi	cabanisi	SUBSPECIES	Phyllastrephus cabanisi cabanisi (Sharpe, 1882)			TZ	Mt Rungwe Forest Reserve		PRESENT		2e7df380-8356-4533-bcb3-5459e23c794e	-9.13	33.669722							1980-08-26	26	8	1980	7340319	2486087	PRESERVED_SPECIMEN	NHMD	AV	NHMD124826				CC_BY_4_0		Jensen, Flemming			2026-03-18T07:45:45.305Z		COORDINATE_ROUNDED
4164066932	e5c5cad9-b987-4bb4-b07b-85488c5fdd80	6fe2d191-aedb-458b-a290-9f27becf93db	Animalia	Chordata	Aves	Passeriformes	Pycnonotidae	Arizelocichla	Arizelocichla masukuensis	roehli	SUBSPECIES	Arizelocichla masukuensis roehli (Reichenow, 1905)			TZ	Nguru South Forest Reserve		PRESENT		2e7df380-8356-4533-bcb3-5459e23c794e	-6.05	37.479722							2003-06-02	2	6	2003	6086770	7340439	PRESERVED_SPECIMEN	NHMD	AV	NHMD122881				CC_BY_4_0		Kiure, Jacob			2026-03-18T07:45:38.550Z		COORDINATE_ROUNDED
4164066921	e5c5cad9-b987-4bb4-b07b-85488c5fdd80	80dccf5b-a730-44e3-ab51-e6e52f874fea	Animalia	Chordata	Aves	Passeriformes	Pycnonotidae	Arizelocichla	Arizelocichla masukuensis	roehli	SUBSPECIES	Arizelocichla masukuensis roehli (Reichenow, 1905)			TZ	Nguru South Forest Reserve		PRESENT		2e7df380-8356-4533-bcb3-5459e23c794e	-6.2	37.516667							2003-06-12	12	6	2003	6086770	7340439	PRESERVED_SPECIMEN	NHMD	AV	NHMD129738				CC_BY_4_0		Kiure, Jacob			2026-03-18T07:45:48.918Z		COORDINATE_ROUNDED
4164066909	e5c5cad9-b987-4bb4-b07b-85488c5fdd80	9d2032af-8f5c-4023-8ccc-291af1e2ec41	Animalia	Chordata	Aves	Passeriformes	Pycnonotidae	Phyllastrephus	Phyllastrephus flavostriatus	uzungwensis	SUBSPECIES	Phyllastrephus flavostriatus uzungwensis Jensen & Stuart, 1982			TZ	Ndundulu Forest	Iringa Region	PRESENT		2e7df380-8356-4533-bcb3-5459e23c794e	-7.8	36.5							2006-12-28	28	12	2006	6086093	2486089	PRESERVED_SPECIMEN	NHMD	AV	NHMD123873				CC_BY_4_0		Kiure, Jacob			2026-03-18T07:45:45.303Z		
4164066901	e5c5cad9-b987-4bb4-b07b-85488c5fdd80	97bd25ae-6e0a-4632-9e72-f9a3aa997e74	Animalia	Chordata	Aves	Passeriformes	Pycnonotidae	Phyllastrephus	Phyllastrephus flavostriatus	tenuirostris	SUBSPECIES	Phyllastrephus flavostriatus tenuirostris (Fischer & Reichenow, 1884)			TZ	Pugu Hills	Pwani Region	PRESENT		2e7df380-8356-4533-bcb3-5459e23c794e	-6.883333	39.083333							2008-05-17	17	5	2008	6086107	2486089	PRESERVED_SPECIMEN	NHMD	AV	NHMD129687				CC_BY_4_0		Kiure, Jacob			2026-03-18T07:45:42.899Z		COORDINATE_ROUNDED
4164066896	e5c5cad9-b987-4bb4-b07b-85488c5fdd80	57191fd8-e34f-4a2d-88c8-533e4fadd392	Animalia	Chordata	Aves	Passeriformes	Pycnonotidae	Pycnonotus	Pycnonotus atriceps		SPECIES	Brachypodius atriceps (Temminck, 1822)			PH	Makagwa, Palawan	Mimaropa	PRESENT		2e7df380-8356-4533-bcb3-5459e23c794e	8.748578	117.735811							1961-09-26	26	9	1961	10988392	2486134	PRESERVED_SPECIMEN	NHMD	AV	NHMD136154				CC_BY_4_0		Petersen, Erik;Andersen, Søren;Oaney, William			2026-03-18T07:45:45.302Z		COORDINATE_ROUNDED;TAXON_MATCH_HIGHERRANK
4164066893	e5c5cad9-b987-4bb4-b07b-85488c5fdd80	6b66c940-4ea2-4341-8736-6369effeb8ca	Animalia	Chordata	Aves	Passeriformes	Pycnonotidae	Eurillas	Eurillas latirostris	latirostris	SUBSPECIES	Eurillas latirostris latirostris (Strickland, 1844)			TZ	Mahale Mts.	Kigoma Region	PRESENT		2e7df380-8356-4533-bcb3-5459e23c794e	-6.166667	29.75							2004-08-16	16	8	2004	6086380	7340356	PRESERVED_SPECIMEN	NHMD	AV	NHMD129725				CC_BY_4_0		Kiure, Jacob			2026-03-18T07:45:42.899Z		COORDINATE_ROUNDED
4164066878	e5c5cad9-b987-4bb4-b07b-85488c5fdd80	14b5814b-d1b6-4ea3-ad87-7ddaef4ac1f7	Animalia	Chordata	Aves	Passeriformes	Pycnonotidae	Arizelocichla	Arizelocichla milanjensis	striifacies	SUBSPECIES	Arizelocichla milanjensis striifacies			TZ	Uluguru Mts.		PRESENT		2e7df380-8356-4533-bcb3-5459e23c794e	-7.0	39.666667							1961-02-28	28	2	1961	6540503	7340424	PRESERVED_SPECIMEN	NHMD	AV	NHMD120878				CC_BY_4_0		Andersen, Thorkild			2026-03-18T07:45:48.916Z		COORDINATE_ROUNDED;CONTINENT_COORDINATE_MISMATCH
4164066871	e5c5cad9-b987-4bb4-b07b-85488c5fdd80	d89ccd00-b68c-4856-b85c-8818a4524f2e	Animalia	Chordata	Aves	Passeriformes	Pycnonotidae	Arizelocichla	Arizelocichla nigriceps	nigriceps	SUBSPECIES	Arizelocichla nigriceps nigriceps (Shelley, 1889)			TZ	Mt. Kilimanjaro		PRESENT		2e7df380-8356-4533-bcb3-5459e23c794e									1967-06-15	15	6	1967	7340427	7340426	PRESERVED_SPECIMEN	NHMD	AV	NHMD119535				CC_BY_4_0		Salanti, M.			2026-03-18T07:45:42.897Z		
4164066844	e5c5cad9-b987-4bb4-b07b-85488c5fdd80	9dc91553-7243-4e97-89e1-a4082a21719d	Animalia	Chordata	Aves	Passeriformes	Pycnonotidae	Arizelocichla	Arizelocichla masukuensis	roehli	SUBSPECIES	Arizelocichla masukuensis roehli (Reichenow, 1905)			TZ	Ukwiva Forest Reserve		PRESENT		2e7df380-8356-4533-bcb3-5459e23c794e	-7.099722	36.669722							2002-09-19	19	9	2002	6086770	7340439	PRESERVED_SPECIMEN	NHMD	AV	NHMD122772				CC_BY_4_0		Kiure, Jacob			2026-03-18T07:45:42.895Z		COORDINATE_ROUNDED
4164066831	e5c5cad9-b987-4bb4-b07b-85488c5fdd80	6f995f61-f5f2-4a30-8280-6dd3e3b05604	Animalia	Chordata	Aves	Passeriformes	Pycnonotidae	Eurillas	Eurillas virens	virens	SUBSPECIES	Eurillas virens virens (Cassin, 1857)			TZ	Mahale Mts.		PRESENT		2e7df380-8356-4533-bcb3-5459e23c794e	-6.199722	29.829722							2004-08-09	9	8	2004	7340349	7340348	PRESERVED_SPECIMEN	NHMD	AV	NHMD125031				CC_BY_4_0		Kiure, Jacob			2026-03-18T07:45:38.523Z		COORDINATE_ROUNDED
4164066803	e5c5cad9-b987-4bb4-b07b-85488c5fdd80	25c79499-d9dc-4252-858c-703575a7d6b1	Animalia	Chordata	Aves	Passeriformes	Pycnonotidae	Phyllastrephus	Phyllastrephus cabanisi	placidus	SUBSPECIES	Phyllastrephus cabanisi placidus			TZ	Nguru South Forest Reserve		PRESENT		2e7df380-8356-4533-bcb3-5459e23c794e	-6.05	37.479722							2003-06-18	18	6	2003	6540392	2486087	PRESERVED_SPECIMEN	NHMD	AV	NHMD122905				CC_BY_4_0		Kiure, Jacob			2026-03-18T07:45:38.515Z		COORDINATE_ROUNDED
4164066800	e5c5cad9-b987-4bb4-b07b-85488c5fdd80	be9f5b54-61bf-45d4-a63e-763ec9c5e8f3	Animalia	Chordata	Aves	Passeriformes	Pycnonotidae	Arizelocichla	Arizelocichla milanjensis	striifacies	SUBSPECIES	Arizelocichla milanjensis striifacies			TZ	Nguru South Forest Reserve		PRESENT		2e7df380-8356-4533-bcb3-5459e23c794e	-6.05	37.479722							2005-03-19	19	3	2005	6540503	7340424	PRESERVED_SPECIMEN	NHMD	AV	NHMD125163				CC_BY_4_0		Kiure, Jacob			2026-03-18T07:45:38.513Z		COORDINATE_ROUNDED
4164066787	e5c5cad9-b987-4bb4-b07b-85488c5fdd80	91e2bb53-b408-43f0-949b-41b51fe0a86f	Animalia	Chordata	Aves	Passeriformes	Pycnonotidae	Phyllastrephus	Phyllastrephus cabanisi	placidus	SUBSPECIES	Phyllastrephus cabanisi placidus			TZ	Maguli FR		PRESENT		2e7df380-8356-4533-bcb3-5459e23c794e	-9.493889	34.175833							2008-11-22	22	11	2008	6540392	2486087	PRESERVED_SPECIMEN	NHMD	AV	NHMD126697				CC_BY_4_0		Kiure, Jacob			2026-03-18T07:45:38.508Z		COORDINATE_ROUNDED
4164066757	e5c5cad9-b987-4bb4-b07b-85488c5fdd80	04fd0321-c450-4cf0-8b1d-7d13d11dd463	Animalia	Chordata	Aves	Passeriformes	Pycnonotidae	Phyllastrephus	Phyllastrephus flavostriatus	uzungwensis	SUBSPECIES	Phyllastrephus flavostriatus uzungwensis Jensen & Stuart, 1982			TZ	Ndundulu Forest	Iringa Region	PRESENT		2e7df380-8356-4533-bcb3-5459e23c794e	-7.8	36.5							2007-09-09	9	9	2007	6086093	2486089	PRESERVED_SPECIMEN	NHMD	AV	NHMD129170				CC_BY_4_0		Kiure, Jacob			2026-03-18T07:45:38.502Z		
4164066746	e5c5cad9-b987-4bb4-b07b-85488c5fdd80	e4d253ba-386e-44c7-b408-29134cb26327	Animalia	Chordata	Aves	Passeriformes	Pycnonotidae	Hypsipetes	Hypsipetes everetti	everetti	SUBSPECIES	Hypsipetes everetti everetti (Tweeddale, 1877)			PH	Agay	Mindanao	PRESENT		2e7df380-8356-4533-bcb3-5459e23c794e	9.051667	125.585833							1952-01-10	10	1	1952	7342047	7342046	PRESERVED_SPECIMEN	NHMD	AV	NHMD134288				CC_BY_4_0					2026-03-18T07:45:48.906Z		COORDINATE_ROUNDED
4164066744	e5c5cad9-b987-4bb4-b07b-85488c5fdd80	f808148f-0778-4664-b75a-36edaaa7c9ad	Animalia	Chordata	Aves	Passeriformes	Pycnonotidae	Hypsipetes	Hypsipetes guimarasensis		SPECIES	Hypsipetes guimarasensis (Steere, 1890)			PH	Palinpinon	Central Visayas	PRESENT		2e7df380-8356-4533-bcb3-5459e23c794e									1955-08-19	19	8	1955	6093946	6093946	PRESERVED_SPECIMEN	NHMD	AV	NHMD135150				CC_BY_4_0		Rabor, D.			2026-03-18T07:45:45.285Z		
4164066736	e5c5cad9-b987-4bb4-b07b-85488c5fdd80	d9eb10d8-2046-4724-964f-13954cab76c1	Animalia	Chordata	Aves	Passeriformes	Pycnonotidae	Phyllastrephus	Phyllastrephus debilis	rabai	SUBSPECIES	Phyllastrephus debilis rabai Hartert & Someren, 1921			TZ	Pugu Hills		PRESENT		2e7df380-8356-4533-bcb3-5459e23c794e	-6.88	39.08							2008-05-24	24	5	2008	5846134	2486088	PRESERVED_SPECIMEN	NHMD	AV	NHMD125812				CC_BY_4_0		Kiure, Jacob			2026-03-18T07:45:45.285Z		
4164066727	e5c5cad9-b987-4bb4-b07b-85488c5fdd80	b9f0faee-a87c-44ae-bf9f-c953058ee5af	Animalia	Chordata	Aves	Passeriformes	Pycnonotidae	Andropadus	Andropadus importunus	insularis	SUBSPECIES	Andropadus importunus insularis Hartlaub, 1861			TZ	Lossongonoi Plateau		PRESENT		2e7df380-8356-4533-bcb3-5459e23c794e	-4.059722	37.13							2006-08-04	4	8	2006	6086927	2486162	PRESERVED_SPECIMEN	NHMD	AV	NHMD125005				CC_BY_4_0		Kiure, Jacob			2026-03-18T07:45:45.284Z	StillImage	COORDINATE_ROUNDED
4164066721	e5c5cad9-b987-4bb4-b07b-85488c5fdd80	c546a7bf-9227-40da-ac17-57dfe299697d	Animalia	Chordata	Aves	Passeriformes	Pycnonotidae	Phyllastrephus	Phyllastrephus cabanisi	placidus	SUBSPECIES	Phyllastrephus cabanisi placidus			TZ	Mt. Kilimanjaro		PRESENT		2e7df380-8356-4533-bcb3-5459e23c794e									1967-06-15	15	6	1967	6540392	2486087	PRESERVED_SPECIMEN	NHMD	AV	NHMD124833				CC_BY_4_0		Salanti, M.			2026-03-18T07:45:38.487Z		
4164066682	e5c5cad9-b987-4bb4-b07b-85488c5fdd80	47d97274-2eca-4aab-94f9-a0e9345d0507	Animalia	Chordata	Aves	Passeriformes	Pycnonotidae	Phyllastrephus	Phyllastrephus flavostriatus	tenuirostris	SUBSPECIES	Phyllastrephus flavostriatus tenuirostris (Fischer & Reichenow, 1884)			TZ	Nguru South Forest Reserve		PRESENT		2e7df380-8356-4533-bcb3-5459e23c794e	-6.05	37.479722							2003-06-02	2	6	2003	6086107	2486089	PRESERVED_SPECIMEN	NHMD	AV	NHMD123791				CC_BY_4_0		Kiure, Jacob			2026-03-18T07:45:48.900Z		COORDINATE_ROUNDED
4164066667	e5c5cad9-b987-4bb4-b07b-85488c5fdd80	613cd1d0-f7c5-4c55-8345-c3e1cb68d972	Animalia	Chordata	Aves	Passeriformes	Pycnonotidae	Pycnonotus	Pycnonotus barbatus	layardi	SUBSPECIES	Pycnonotus barbatus layardi			BW	Ngamiland		PRESENT		2e7df380-8356-4533-bcb3-5459e23c794e	-19.7	22.8							1955-05-22	22	5	1955	6094955	2486147	PRESERVED_SPECIMEN	NHMD	AV	NHMD133031				CC_BY_4_0		Upton, R.			2026-03-18T07:45:42.880Z		
4164066584	e5c5cad9-b987-4bb4-b07b-85488c5fdd80	9e2bf355-e02e-461d-a777-966db1cfd7ef	Animalia	Chordata	Aves	Passeriformes	Pycnonotidae	Phyllastrephus	Phyllastrephus fischeri		SPECIES	Phyllastrephus fischeri (Reichenow, 1879)			TZ	West of Ruipa river		PRESENT		2e7df380-8356-4533-bcb3-5459e23c794e	-8.119722	36.33							1995-11-29	29	11	1995	2486097	2486097	PRESERVED_SPECIMEN	NHMD	AV	NHMD121903				CC_BY_4_0		Bolding Kristensen, Jan			2026-03-18T07:45:48.890Z		COORDINATE_ROUNDED
4164066566	e5c5cad9-b987-4bb4-b07b-85488c5fdd80	b10e3bbb-9532-438e-84b6-80ade66665ac	Animalia	Chordata	Aves	Passeriformes	Pycnonotidae	Phyllastrephus	Phyllastrephus cabanisi	placidus	SUBSPECIES	Phyllastrephus cabanisi placidus			TZ	Ukami Forest		PRESENT		2e7df380-8356-4533-bcb3-5459e23c794e	-7.88	36.419722							2003-03-16	16	3	2003	6540392	2486087	PRESERVED_SPECIMEN	NHMD	AV	NHMD124889				CC_BY_4_0		Kiure, Jacob			2026-03-18T07:45:48.888Z		COORDINATE_ROUNDED
4164066550	e5c5cad9-b987-4bb4-b07b-85488c5fdd80	90837bdd-e720-454c-8a83-a35d242ec7e4	Animalia	Chordata	Aves	Passeriformes	Pycnonotidae	Phyllastrephus	Phyllastrephus cabanisi	placidus	SUBSPECIES	Phyllastrephus cabanisi placidus			TZ	Nguru South Forest Reserve		PRESENT		2e7df380-8356-4533-bcb3-5459e23c794e	-6.05	37.479722							2004-10-14	14	10	2004	6540392	2486087	PRESERVED_SPECIMEN	NHMD	AV	NHMD124857				CC_BY_4_0		Kiure, Jacob			2026-03-18T07:45:42.868Z		COORDINATE_ROUNDED
4164066531	e5c5cad9-b987-4bb4-b07b-85488c5fdd80	b50245bc-3ee6-4b8d-bafb-3144e509910b	Animalia	Chordata	Aves	Passeriformes	Pycnonotidae	Criniger	Criniger calurus	calurus	SUBSPECIES	Criniger calurus calurus (Cassin, 1856)			NG	Osomba	Cross River State	PRESENT		2e7df380-8356-4533-bcb3-5459e23c794e	5.45	8.63							1959-02-17	17	2	1959	8299205	5230289	PRESERVED_SPECIMEN	NHMD	AV	NHMD137551				CC_BY_4_0		Volsøe, Helge			2026-03-18T07:45:48.886Z		
4164066499	e5c5cad9-b987-4bb4-b07b-85488c5fdd80	913e742a-4b6e-4e1f-afd6-dce5e7998751	Animalia	Chordata	Aves	Passeriformes	Pycnonotidae	Phyllastrephus	Phyllastrephus debilis	rabai	SUBSPECIES	Phyllastrephus debilis rabai Hartert & Someren, 1921			TZ	Pugu Hills		PRESENT		2e7df380-8356-4533-bcb3-5459e23c794e	-6.88	39.08							2008-05-17	17	5	2008	5846134	2486088	PRESERVED_SPECIMEN	NHMD	AV	NHMD125813				CC_BY_4_0		Kiure, Jacob			2026-03-18T07:45:48.882Z	StillImage	
4164066497	e5c5cad9-b987-4bb4-b07b-85488c5fdd80	7efdc45b-0996-4d29-bc44-b46578619a74	Animalia	Chordata	Aves	Passeriformes	Pycnonotidae	Eurillas	Eurillas curvirostris	curvirostris	SUBSPECIES	Eurillas curvirostris curvirostris (Cassin, 1859)			CG	Laylay		PRESENT		2e7df380-8356-4533-bcb3-5459e23c794e	-1.902222	28.506389							2008-02-28	28	2	2008	6086401	7340361	PRESERVED_SPECIMEN	NHMD	AV	NHMD127237				CC_BY_4_0		Kizungu, B.			2026-03-18T07:45:48.881Z		COORDINATE_ROUNDED;COUNTRY_COORDINATE_MISMATCH
4164066491	e5c5cad9-b987-4bb4-b07b-85488c5fdd80	de21f62a-a09b-45ca-86a6-ba1d6d3be867	Animalia	Chordata	Aves	Passeriformes	Pycnonotidae	Bleda	Bleda syndactylus	woosnami	SUBSPECIES	Bleda syndactylus woosnami Ogilvie-Grant, 1907			US	Monroe County	Georgia	PRESENT		2e7df380-8356-4533-bcb3-5459e23c794e													6086855	7340458	PRESERVED_SPECIMEN	NHMD	AV	NHMD129033				CC_BY_4_0					2026-03-18T07:45:48.881Z		
4164066438	e5c5cad9-b987-4bb4-b07b-85488c5fdd80	e9b887c2-9274-48a7-a272-53ddf0d4baab	Animalia	Chordata	Aves	Passeriformes	Pycnonotidae	Arizelocichla	Arizelocichla milanjensis	striifacies	SUBSPECIES	Arizelocichla milanjensis striifacies			TZ	Uluguru Mts.		PRESENT		2e7df380-8356-4533-bcb3-5459e23c794e	-7.0	39.666667							1961-06-04	4	6	1961	6540503	7340424	PRESERVED_SPECIMEN	NHMD	AV	NHMD120877				CC_BY_4_0		Andersen, Thorkild			2026-03-18T07:45:48.877Z		COORDINATE_ROUNDED;CONTINENT_COORDINATE_MISMATCH
4164066411	e5c5cad9-b987-4bb4-b07b-85488c5fdd80	9f707c29-6a9d-44fe-8293-5a9d4e03e465	Animalia	Chordata	Aves	Passeriformes	Pycnonotidae	Pycnonotus	Pycnonotus barbatus	layardi	SUBSPECIES	Pycnonotus barbatus layardi			TZ	Mikindani		PRESENT		2e7df380-8356-4533-bcb3-5459e23c794e	-10.279722	40.119722							1962-11-14	14	11	1962	6094955	2486147	PRESERVED_SPECIMEN	NHMD	AV	NHMD120812				CC_BY_4_0		Andersen, Thorkild			2026-03-18T07:45:45.255Z		COORDINATE_ROUNDED
4164066404	e5c5cad9-b987-4bb4-b07b-85488c5fdd80	524d9ef5-dc1a-4f68-8057-d699e99dd37e	Animalia	Chordata	Aves	Passeriformes	Pycnonotidae	Phyllastrephus	Phyllastrephus terrestris	suahelicus	SUBSPECIES	Phyllastrephus terrestris suahelicus Reichenow, 1904			TZ	Kidugallo		PRESENT		2e7df380-8356-4533-bcb3-5459e23c794e	-6.78	38.2							1952-11-12	12	11	1952	6086295	2486094	PRESERVED_SPECIMEN	NHMD	AV	NHMD122002				CC_BY_4_0		Andersen, Thorkild			2026-03-18T07:45:42.848Z		
4164066403	e5c5cad9-b987-4bb4-b07b-85488c5fdd80	8f0954cf-a50a-424e-a0f4-ef1dab0b9076	Animalia	Chordata	Aves	Passeriformes	Pycnonotidae	Pycnonotus	Pycnonotus barbatus	layardi	SUBSPECIES	Pycnonotus barbatus layardi			TZ	Lindi		PRESENT		2e7df380-8356-4533-bcb3-5459e23c794e	-10.0	39.72							1966-06-28	28	6	1966	6094955	2486147	PRESERVED_SPECIMEN	NHMD	AV	NHMD119541				CC_BY_4_0		Salanti, M.			2026-03-18T07:45:42.849Z		
4164066363	e5c5cad9-b987-4bb4-b07b-85488c5fdd80	1e6ece12-6e3f-4795-8d96-d28f3d778050	Animalia	Chordata	Aves	Passeriformes	Pycnonotidae	Chlorocichla	Chlorocichla flaviventris	centralis	SUBSPECIES	Chlorocichla flaviventris centralis Reichenow, 1887			TZ	Lindi		PRESENT		2e7df380-8356-4533-bcb3-5459e23c794e	-10.0	39.72							1966-08-28	28	8	1966	6086621	2486173	PRESERVED_SPECIMEN	NHMD	AV	NHMD119532				CC_BY_4_0		Salanti, M.			2026-03-18T07:45:48.869Z		
4164066292	e5c5cad9-b987-4bb4-b07b-85488c5fdd80	a67e93e5-d4ee-495d-b684-6728aceca127	Animalia	Chordata	Aves	Passeriformes	Pycnonotidae	Arizelocichla	Arizelocichla masukuensis	roehli	SUBSPECIES	Arizelocichla masukuensis roehli (Reichenow, 1905)			TZ	Ukami Forest		PRESENT		2e7df380-8356-4533-bcb3-5459e23c794e	-7.88	36.419722							2003-02-26	26	2	2003	6086770	7340439	PRESERVED_SPECIMEN	NHMD	AV	NHMD129740				CC_BY_4_0		Kiure, Jacob			2026-03-18T07:45:45.245Z		COORDINATE_ROUNDED
4164066256	e5c5cad9-b987-4bb4-b07b-85488c5fdd80	0d7f1ff6-16bd-478c-b9a6-fdbcb4cf4dee	Animalia	Chordata	Aves	Passeriformes	Pycnonotidae	Phyllastrephus	Phyllastrephus flavostriatus	alfredi	SUBSPECIES	Phyllastrephus flavostriatus alfredi			TZ	Mbizi Forest Reserve		PRESENT		2e7df380-8356-4533-bcb3-5459e23c794e	-7.889722	31.68							1997-02-01	1	2	1997	6540367	2486089	PRESERVED_SPECIMEN	NHMD	AV	NHMD122405				CC_BY_4_0		Stephenson, B.			2026-03-18T07:45:38.352Z		COORDINATE_ROUNDED
4164066230	e5c5cad9-b987-4bb4-b07b-85488c5fdd80	a2ace54b-0e27-4c97-8caa-5699460adda0	Animalia	Chordata	Aves	Passeriformes	Pycnonotidae	Arizelocichla	Arizelocichla milanjensis	striifacies	SUBSPECIES	Arizelocichla milanjensis striifacies			TZ	Uluguru Mts.		PRESENT		2e7df380-8356-4533-bcb3-5459e23c794e	-7.0	39.666667							1962-05-19	19	5	1962	6540503	7340424	PRESERVED_SPECIMEN	NHMD	AV	NHMD120875				CC_BY_4_0		Andersen, Thorkild			2026-03-18T07:45:48.859Z		COORDINATE_ROUNDED;CONTINENT_COORDINATE_MISMATCH
4164066216	e5c5cad9-b987-4bb4-b07b-85488c5fdd80	9ce51647-1e4b-48f8-a69f-220fc9ef4e57	Animalia	Chordata	Aves	Passeriformes	Pycnonotidae	Chlorocichla	Chlorocichla flaviventris	centralis	SUBSPECIES	Chlorocichla flaviventris centralis Reichenow, 1887			TZ	Mikindani		PRESENT		2e7df380-8356-4533-bcb3-5459e23c794e	-10.279722	40.119722							1965-03-31	31	3	1965	6086621	2486173	PRESERVED_SPECIMEN	NHMD	AV	NHMD120888				CC_BY_4_0		Andersen, Thorkild			2026-03-18T07:45:42.826Z		COORDINATE_ROUNDED
4164066166	e5c5cad9-b987-4bb4-b07b-85488c5fdd80	258fe753-d249-4c6e-abed-4a462073f2d7	Animalia	Chordata	Aves	Passeriformes	Pycnonotidae	Phyllastrephus	Phyllastrephus flavostriatus	tenuirostris	SUBSPECIES	Phyllastrephus flavostriatus tenuirostris (Fischer & Reichenow, 1884)			TZ	Uluguru Mts.		PRESENT		2e7df380-8356-4533-bcb3-5459e23c794e	-7.0	39.666667							1962-03-12	12	3	1962	6086107	2486089	PRESERVED_SPECIMEN	NHMD	AV	NHMD122006				CC_BY_4_0		Andersen, Thorkild			2026-03-18T07:45:48.853Z		COORDINATE_ROUNDED;CONTINENT_COORDINATE_MISMATCH
4164066140	e5c5cad9-b987-4bb4-b07b-85488c5fdd80	b5b276c8-37b7-410f-bbd1-ad1b6a33512f	Animalia	Chordata	Aves	Passeriformes	Pycnonotidae	Arizelocichla	Arizelocichla fusciceps		SPECIES	Arizelocichla fusciceps (Shelley, 1893)			TZ	Ndundulu Forest	Iringa Region	PRESENT		2e7df380-8356-4533-bcb3-5459e23c794e	-7.8	36.5							2007-02-25	25	2	2007	6100812	6100812	PRESERVED_SPECIMEN	NHMD	AV	NHMD123854				CC_BY_4_0		Kiure, Jacob			2026-03-18T07:45:48.850Z		TAXON_MATCH_HIGHERRANK
4164066104	e5c5cad9-b987-4bb4-b07b-85488c5fdd80	2207f11b-18f3-4781-9431-e9849df36a27	Animalia	Chordata	Aves	Passeriformes	Pycnonotidae	Arizelocichla	Arizelocichla fusciceps		SPECIES	Arizelocichla fusciceps (Shelley, 1893)			TZ	Mdandu Forest Reserve		PRESENT		2e7df380-8356-4533-bcb3-5459e23c794e	-9.579722	34.83							2003-11-12	12	11	2003	6100812	6100812	PRESERVED_SPECIMEN	NHMD	AV	NHMD123833				CC_BY_4_0		Kiure, Jacob			2026-03-18T07:45:42.811Z		COORDINATE_ROUNDED;TAXON_MATCH_HIGHERRANK
4164066094	e5c5cad9-b987-4bb4-b07b-85488c5fdd80	096d4cfe-1960-4678-b738-25ad9c52f696	Animalia	Chordata	Aves	Passeriformes	Pycnonotidae	Phyllastrephus	Phyllastrephus cabanisi	placidus	SUBSPECIES	Phyllastrephus cabanisi placidus			TZ	Maguli FR		PRESENT		2e7df380-8356-4533-bcb3-5459e23c794e	-9.493889	34.175833							2008-12-14	14	12	2008	6540392	2486087	PRESERVED_SPECIMEN	NHMD	AV	NHMD126837				CC_BY_4_0		Kiure, Jacob			2026-03-18T07:45:48.847Z		COORDINATE_ROUNDED
4164066089	e5c5cad9-b987-4bb4-b07b-85488c5fdd80	560b1c30-55dd-4c8c-b5ab-2985e9c99b19	Animalia	Chordata	Aves	Passeriformes	Pycnonotidae	Arizelocichla	Arizelocichla milanjensis	striifacies	SUBSPECIES	Arizelocichla milanjensis striifacies			TZ	Ndundulu Forest	Iringa Region	PRESENT		2e7df380-8356-4533-bcb3-5459e23c794e	-7.8	36.5							2007-07-20	20	7	2007	6540503	7340424	PRESERVED_SPECIMEN	NHMD	AV	NHMD129206				CC_BY_4_0		Kiure, Jacob			2026-03-18T07:45:38.303Z		
4164066069	e5c5cad9-b987-4bb4-b07b-85488c5fdd80	5cec1c07-8821-4272-b26c-dbd10534717a	Animalia	Chordata	Aves	Passeriformes	Pycnonotidae	Arizelocichla	Arizelocichla fusciceps		SPECIES	Arizelocichla fusciceps (Shelley, 1893)			TZ	Liwili Kitesa Forest Reserve		PRESENT		2e7df380-8356-4533-bcb3-5459e23c794e	-11.399722	34.9							2006-01-28	28	1	2006	6100812	6100812	PRESERVED_SPECIMEN	NHMD	AV	NHMD123836				CC_BY_4_0		Kiure, Jacob			2026-03-18T07:45:48.843Z		COORDINATE_ROUNDED;TAXON_MATCH_HIGHERRANK
4164066048	e5c5cad9-b987-4bb4-b07b-85488c5fdd80	9d17c52b-5220-4ce7-83d0-af6f6df794df	Animalia	Chordata	Aves	Passeriformes	Pycnonotidae	Phyllastrephus	Phyllastrephus flavostriatus	uzungwensis	SUBSPECIES	Phyllastrephus flavostriatus uzungwensis Jensen & Stuart, 1982			TZ	Ndundulu Forest	Iringa Region	PRESENT		2e7df380-8356-4533-bcb3-5459e23c794e	-7.8	36.5							2007-01-24	24	1	2007	6086093	2486089	PRESERVED_SPECIMEN	NHMD	AV	NHMD129167				CC_BY_4_0		Kiure, Jacob			2026-03-18T07:45:48.842Z		
4164066041	e5c5cad9-b987-4bb4-b07b-85488c5fdd80	fc3acfff-7832-4471-ab07-26ccb34a24e3	Animalia	Chordata	Aves	Passeriformes	Pycnonotidae	Hypsipetes	Hypsipetes philippinus	saturatior	SUBSPECIES	Hypsipetes philippinus saturatior (Hartert, 1916)			PH	Tuod	Mindanao	PRESENT		2e7df380-8356-4533-bcb3-5459e23c794e	8.343889	124.359444							1951-09-15	15	9	1951	6093854	7342036	PRESERVED_SPECIMEN	NHMD	AV	NHMD134272				CC_BY_4_0					2026-03-18T07:45:42.803Z		COORDINATE_ROUNDED
4164065989	e5c5cad9-b987-4bb4-b07b-85488c5fdd80	aba29d58-ce66-4a0d-8845-0b6ad879c738	Animalia	Chordata	Aves	Passeriformes	Pycnonotidae	Eurillas	Eurillas latirostris	latirostris	SUBSPECIES	Eurillas latirostris latirostris (Strickland, 1844)			TZ	Mahale Mts.	Kigoma Region	PRESENT		2e7df380-8356-4533-bcb3-5459e23c794e	-6.166667	29.75							2004-08-16	16	8	2004	6086380	7340356	PRESERVED_SPECIMEN	NHMD	AV	NHMD129717				CC_BY_4_0		Kiure, Jacob			2026-03-18T07:45:42.796Z		COORDINATE_ROUNDED
4164065975	e5c5cad9-b987-4bb4-b07b-85488c5fdd80	09fb0b44-a13c-4022-878b-60143026ed4e	Animalia	Chordata	Aves	Passeriformes	Pycnonotidae	Pycnonotus	Pycnonotus barbatus		SPECIES	Pycnonotus barbatus (Desfontaines, 1789)			TZ	Mbizi Forest Reserve		PRESENT		2e7df380-8356-4533-bcb3-5459e23c794e	-7.889722	31.68							2008-03-06	6	3	2008	2486147	2486147	PRESERVED_SPECIMEN	NHMD	AV	NHMD125820				CC_BY_4_0		Kiure, Jacob			2026-03-18T07:45:42.794Z		COORDINATE_ROUNDED
4164065913	e5c5cad9-b987-4bb4-b07b-85488c5fdd80	1dd0eda7-cfd6-4aeb-b3fa-4d47c5f42849	Animalia	Chordata	Aves	Passeriformes	Pycnonotidae	Hypsipetes	Hypsipetes philippinus	saturatior	SUBSPECIES	Hypsipetes philippinus saturatior (Hartert, 1916)			PH	Tuod	Mindanao	PRESENT		2e7df380-8356-4533-bcb3-5459e23c794e	8.343889	124.359444							1951-09-16	16	9	1951	6093854	7342036	PRESERVED_SPECIMEN	NHMD	AV	NHMD134279				CC_BY_4_0					2026-03-18T07:45:42.786Z		COORDINATE_ROUNDED
4164065906	e5c5cad9-b987-4bb4-b07b-85488c5fdd80	5c0fd845-7433-44a8-8ec5-da3599d774ae	Animalia	Chordata	Aves	Passeriformes	Pycnonotidae	Iole	Iole palawanensis		SPECIES	Iole palawanensis (Tweeddale, 1878)			PH	Pinigisan, Mt. Mantalingajan	Mimaropa	PRESENT		2e7df380-8356-4533-bcb3-5459e23c794e	8.613686	117.702725							1961-09-02	2	9	1961	5846197	5846197	PRESERVED_SPECIMEN	NHMD	AV	NHMD136155				CC_BY_4_0		Petersen, Erik;Andersen, Søren;Oaney, William			2026-03-18T07:45:48.827Z		COORDINATE_ROUNDED;CONTINENT_COORDINATE_MISMATCH
4164065903	e5c5cad9-b987-4bb4-b07b-85488c5fdd80	8f24e387-0843-45cd-8ff0-936d3a3eca4f	Animalia	Chordata	Aves	Passeriformes	Pycnonotidae	Eurillas	Eurillas virens	zombensis	SUBSPECIES	Eurillas virens zombensis (Shelley, 1894)			TZ	Kanga Forest Reserve		PRESENT		2e7df380-8356-4533-bcb3-5459e23c794e	-6.0	37.7							2003-11-20	20	11	2003	6086343	7340348	PRESERVED_SPECIMEN	NHMD	AV	NHMD126319				CC_BY_4_0		Kiure, Jacob			2026-03-18T07:45:45.209Z		
4164065895	e5c5cad9-b987-4bb4-b07b-85488c5fdd80	0a5e59f0-663f-4448-8c59-335ccad86278	Animalia	Chordata	Aves	Passeriformes	Pycnonotidae	Pycnonotus	Pycnonotus barbatus	tricolor	SUBSPECIES	Pycnonotus barbatus tricolor			NG	near Meko [Idofa], 42 miles W Abeokuta	Ogun State	PRESENT		2e7df380-8356-4533-bcb3-5459e23c794e	7.424728	2.934594							1958-10-19	19	10	1958	6542538	2486147	PRESERVED_SPECIMEN	NHMD	AV	NHMD137540				CC_BY_4_0		Volsøe, Helge			2026-03-18T07:45:48.825Z		COORDINATE_ROUNDED
4164065882	e5c5cad9-b987-4bb4-b07b-85488c5fdd80	7e84fd58-2e64-4ac7-a5f6-b74f0178a8c8	Animalia	Chordata	Aves	Passeriformes	Pycnonotidae	Phyllastrephus	Phyllastrephus flavostriatus	uzungwensis	SUBSPECIES	Phyllastrephus flavostriatus uzungwensis Jensen & Stuart, 1982			TZ	Ukami Forest		PRESENT		2e7df380-8356-4533-bcb3-5459e23c794e	-7.88	36.419722							2003			2003	6086093	2486089	PRESERVED_SPECIMEN	NHMD	AV	NHMD123080				CC_BY_4_0		Kiure, Jacob			2026-03-18T07:45:42.784Z		COORDINATE_ROUNDED
4164065880	e5c5cad9-b987-4bb4-b07b-85488c5fdd80	01af6f02-bccb-4faf-88e1-6fda43b2d14c	Animalia	Chordata	Aves	Passeriformes	Pycnonotidae	Hypsipetes	Hypsipetes everetti	everetti	SUBSPECIES	Hypsipetes everetti everetti (Tweeddale, 1877)			PH	Agay	Mindanao	PRESENT		2e7df380-8356-4533-bcb3-5459e23c794e	9.051667	125.585833							1952-03-02	2	3	1952	7342047	7342046	PRESERVED_SPECIMEN	NHMD	AV	NHMD134300				CC_BY_4_0					2026-03-18T07:45:42.784Z		COORDINATE_ROUNDED
4164065857	e5c5cad9-b987-4bb4-b07b-85488c5fdd80	2de88e5e-b0a5-4675-9f74-7412549d1596	Animalia	Chordata	Aves	Passeriformes	Pycnonotidae	Pycnonotus	Pycnonotus barbatus	layardi	SUBSPECIES	Pycnonotus barbatus layardi			TZ	Kigwembimbi		PRESENT		2e7df380-8356-4533-bcb3-5459e23c794e	-7.75	35.669722							1996-09-19	19	9	1996	6094955	2486147	PRESERVED_SPECIMEN	NHMD	AV	NHMD122407				CC_BY_4_0		Stephenson, B.			2026-03-18T07:45:42.784Z		COORDINATE_ROUNDED
4164065849	e5c5cad9-b987-4bb4-b07b-85488c5fdd80	2bc1cec4-df25-4909-8dba-f55da26af054	Animalia	Chordata	Aves	Passeriformes	Pycnonotidae	Eurillas	Eurillas curvirostris	curvirostris	SUBSPECIES	Eurillas curvirostris curvirostris (Cassin, 1859)			CG	Karambi		PRESENT		2e7df380-8356-4533-bcb3-5459e23c794e	-1.873611	28.453611							2008-02-23	23	2	2008	6086401	7340361	PRESERVED_SPECIMEN	NHMD	AV	NHMD127209				CC_BY_4_0		Kizungu, B.			2026-03-18T07:45:38.240Z		COORDINATE_ROUNDED;COUNTRY_COORDINATE_MISMATCH
4164065846	e5c5cad9-b987-4bb4-b07b-85488c5fdd80	50a346fe-a54e-42e5-b357-7003d9c5fe08	Animalia	Chordata	Aves	Passeriformes	Pycnonotidae	Phyllastrephus	Phyllastrephus flavostriatus	tenuirostris	SUBSPECIES	Phyllastrephus flavostriatus tenuirostris (Fischer & Reichenow, 1884)			TZ	Pugu Hills		PRESENT		2e7df380-8356-4533-bcb3-5459e23c794e	-6.88	39.08							2008-05-17	17	5	2008	6086107	2486089	PRESERVED_SPECIMEN	NHMD	AV	NHMD125805				CC_BY_4_0		Kiure, Jacob			2026-03-18T07:45:42.783Z		
4164065845	e5c5cad9-b987-4bb4-b07b-85488c5fdd80	6081c2dc-13be-447e-89d0-8af802848a85	Animalia	Chordata	Aves	Passeriformes	Pycnonotidae	Phyllastrephus	Phyllastrephus cabanisi	placidus	SUBSPECIES	Phyllastrephus cabanisi placidus			TZ	Ukami Forest		PRESENT		2e7df380-8356-4533-bcb3-5459e23c794e	-7.88	36.419722							2003-02-28	28	2	2003	6540392	2486087	PRESERVED_SPECIMEN	NHMD	AV	NHMD124877				CC_BY_4_0		Kiure, Jacob			2026-03-18T07:45:45.206Z		COORDINATE_ROUNDED
4164065822	e5c5cad9-b987-4bb4-b07b-85488c5fdd80	dd60d6fa-2a50-42f9-8949-da7cf82a89c9	Animalia	Chordata	Aves	Passeriformes	Pycnonotidae	Arizelocichla	Arizelocichla masukuensis	roehli	SUBSPECIES	Arizelocichla masukuensis roehli (Reichenow, 1905)			TZ	Ukami Forest		PRESENT		2e7df380-8356-4533-bcb3-5459e23c794e	-7.88	36.419722							2003			2003	6086770	7340439	PRESERVED_SPECIMEN	NHMD	AV	NHMD123008				CC_BY_4_0		Kiure, Jacob			2026-03-18T07:45:38.196Z		COORDINATE_ROUNDED
4164065819	e5c5cad9-b987-4bb4-b07b-85488c5fdd80	89f82267-6171-4d69-b4a3-1f56b1c915b6	Animalia	Chordata	Aves	Passeriformes	Pycnonotidae	Arizelocichla	Arizelocichla milanjensis	striifacies	SUBSPECIES	Arizelocichla milanjensis striifacies			TZ	Ndundulu Forest	Iringa Region	PRESENT		2e7df380-8356-4533-bcb3-5459e23c794e	-7.8	36.5							2007-01-23	23	1	2007	6540503	7340424	PRESERVED_SPECIMEN	NHMD	AV	NHMD129733				CC_BY_4_0		Kiure, Jacob			2026-03-18T07:45:42.778Z		
4164065816	e5c5cad9-b987-4bb4-b07b-85488c5fdd80	c77d1c41-3c3c-4aea-a7b2-55b8f2bb54f5	Animalia	Chordata	Aves	Passeriformes	Pycnonotidae	Phyllastrephus	Phyllastrephus fischeri		SPECIES	Phyllastrephus fischeri (Reichenow, 1879)			TZ	Mikindani		PRESENT		2e7df380-8356-4533-bcb3-5459e23c794e	-10.279722	40.119722							1965-04-07	7	4	1965	2486097	2486097	PRESERVED_SPECIMEN	NHMD	AV	NHMD122014				CC_BY_4_0		Andersen, Thorkild			2026-03-18T07:45:48.816Z		COORDINATE_ROUNDED
4164065800	e5c5cad9-b987-4bb4-b07b-85488c5fdd80	8b0e1727-9116-478b-b68f-d813be58a126	Animalia	Chordata	Aves	Passeriformes	Pycnonotidae	Eurillas	Eurillas gracilis	ugandae	SUBSPECIES	Eurillas gracilis ugandae (Someren, 1915)			CG	left bank of Mangbeleu [Mongbwalu] river		PRESENT		2e7df380-8356-4533-bcb3-5459e23c794e									1949-02-07	7	2	1949	6086430	7340368	PRESERVED_SPECIMEN	NHMD	AV	NHMD137535				CC_BY_4_0		de Wilde, J.			2026-03-18T07:45:38.193Z		
4164065798	e5c5cad9-b987-4bb4-b07b-85488c5fdd80	84c692c0-5b19-4de4-9645-2290533272c8	Animalia	Chordata	Aves	Passeriformes	Pycnonotidae	Pycnonotus	Pycnonotus goiavier	suluensis	SUBSPECIES	Pycnonotus goiavier suluensis Mearns, 1909			PH	Sapamoro	Mindanao	PRESENT		2e7df380-8356-4533-bcb3-5459e23c794e	7.266944	122.196944							1961-12-16	16	12	1961	6094616	2486144	PRESERVED_SPECIMEN	NHMD	AV	NHMD135270				CC_BY_4_0		Noona Dan Expedition			2026-03-18T07:45:45.200Z		COORDINATE_ROUNDED
4164065786	e5c5cad9-b987-4bb4-b07b-85488c5fdd80	bce9e795-b78c-4b57-891e-525a4028cf38	Animalia	Chordata	Aves	Passeriformes	Pycnonotidae	Arizelocichla	Arizelocichla masukuensis	roehli	SUBSPECIES	Arizelocichla masukuensis roehli (Reichenow, 1905)			TZ	Nguru South Forest Reserve		PRESENT		2e7df380-8356-4533-bcb3-5459e23c794e	-6.05	37.479722							2003-06-13	13	6	2003	6086770	7340439	PRESERVED_SPECIMEN	NHMD	AV	NHMD122871				CC_BY_4_0		Kiure, Jacob			2026-03-18T07:45:45.199Z		COORDINATE_ROUNDED
4164065720	e5c5cad9-b987-4bb4-b07b-85488c5fdd80	7031363e-3677-4ad4-be57-20c274e85f0d	Animalia	Chordata	Aves	Passeriformes	Pycnonotidae	Phyllastrephus	Phyllastrephus cabanisi	placidus	SUBSPECIES	Phyllastrephus cabanisi placidus			TZ	Chita Forest Reserve		PRESENT		2e7df380-8356-4533-bcb3-5459e23c794e	-8.5	35.919722							1984-10-30	30	10	1984	6540392	2486087	PRESERVED_SPECIMEN	NHMD	AV	NHMD124827				CC_BY_4_0		Jensen, Flemming			2026-03-18T07:45:42.765Z		COORDINATE_ROUNDED
4164065684	e5c5cad9-b987-4bb4-b07b-85488c5fdd80	d82104f0-10c1-4026-8a0a-226b6ec225b6	Animalia	Chordata	Aves	Passeriformes	Pycnonotidae	Chlorocichla	Chlorocichla flaviventris	centralis	SUBSPECIES	Chlorocichla flaviventris centralis Reichenow, 1887			TZ	Lindi		PRESENT		2e7df380-8356-4533-bcb3-5459e23c794e	-10.0	39.72							1966-08-31	31	8	1966	6086621	2486173	PRESERVED_SPECIMEN	NHMD	AV	NHMD119531				CC_BY_4_0		Salanti, M.			2026-03-18T07:45:48.803Z		
4164065681	e5c5cad9-b987-4bb4-b07b-85488c5fdd80	6a76792a-d8db-4849-a35e-89a4431762a3	Animalia	Chordata	Aves	Passeriformes	Pycnonotidae	Phyllastrephus	Phyllastrephus flavostriatus	uzungwensis	SUBSPECIES	Phyllastrephus flavostriatus uzungwensis Jensen & Stuart, 1982			TZ	Ukami Forest		PRESENT		2e7df380-8356-4533-bcb3-5459e23c794e	-7.88	36.419722							2003-03-03	3	3	2003	6086093	2486089	PRESERVED_SPECIMEN	NHMD	AV	NHMD123762				CC_BY_4_0		Kiure, Jacob			2026-03-18T07:45:45.185Z		COORDINATE_ROUNDED
4164065680	e5c5cad9-b987-4bb4-b07b-85488c5fdd80	27e19a41-14a6-4147-813d-fddcc3aa0fe8	Animalia	Chordata	Aves	Passeriformes	Pycnonotidae	Pycnonotus	Pycnonotus urostictus	philippensis	SUBSPECIES	Poliolophus urostictus philippensis Hachisuka, 1934			PH	Agay	Mindanao	PRESENT		2e7df380-8356-4533-bcb3-5459e23c794e	9.051667	125.585833							1952-02-29	29	2	1952	11027194	2486143	PRESERVED_SPECIMEN	NHMD	AV	NHMD134258				CC_BY_4_0					2026-03-18T07:45:42.760Z		COORDINATE_ROUNDED
4164065678	e5c5cad9-b987-4bb4-b07b-85488c5fdd80	a1c296b4-d07b-4d65-8888-803111b84730	Animalia	Chordata	Aves	Passeriformes	Pycnonotidae	Hypsipetes	Hypsipetes everetti	haynaldi	SUBSPECIES	Hypsipetes everetti haynaldi (W.Blasius, 1890)			PH	Tarawakan, Tawi Tawi Isl.	Autonomous Region in Muslim Mindanao	PRESENT		2e7df380-8356-4533-bcb3-5459e23c794e	5.106217	119.863425							1961-10-26	26	10	1961	6093912	7342046	PRESERVED_SPECIMEN	NHMD	AV	NHMD135883				CC_BY_4_0		Petersen, Erik;Andersen, Søren;Oaney, William			2026-03-18T07:45:48.802Z		COORDINATE_ROUNDED
4164065649	e5c5cad9-b987-4bb4-b07b-85488c5fdd80	2a6a3ed6-2af7-4aab-a541-636f2b9fda39	Animalia	Chordata	Aves	Passeriformes	Pycnonotidae	Eurillas	Eurillas virens	zombensis	SUBSPECIES	Eurillas virens zombensis (Shelley, 1894)			TZ	Nguru South Forest Reserve		PRESENT		2e7df380-8356-4533-bcb3-5459e23c794e	-6.05	37.479722							2004-10-14	14	10	2004	6086343	7340348	PRESERVED_SPECIMEN	NHMD	AV	NHMD125011				CC_BY_4_0		Kiure, Jacob			2026-03-18T07:45:48.799Z		COORDINATE_ROUNDED
4164065639	e5c5cad9-b987-4bb4-b07b-85488c5fdd80	83a204ab-34c6-4aa6-80ce-70f6f2483791	Animalia	Chordata	Aves	Passeriformes	Pycnonotidae	Arizelocichla	Arizelocichla masukuensis	roehli	SUBSPECIES	Arizelocichla masukuensis roehli (Reichenow, 1905)			TZ	Ndundulu Forest	Iringa Region	PRESENT		2e7df380-8356-4533-bcb3-5459e23c794e	-7.8	36.5							2007-01-14	14	1	2007	6086770	7340439	PRESERVED_SPECIMEN	NHMD	AV	NHMD124947				CC_BY_4_0		Kiure, Jacob			2026-03-18T07:45:45.181Z		
4164065637	e5c5cad9-b987-4bb4-b07b-85488c5fdd80	290e07a7-08a5-499a-b71e-c916677c3e71	Animalia	Chordata	Aves	Passeriformes	Pycnonotidae	Andropadus	Andropadus importunus	hypoxanthus	SUBSPECIES	Andropadus importunus hypoxanthus Sharpe, 1876			TZ	Mikindani		PRESENT		2e7df380-8356-4533-bcb3-5459e23c794e	-10.279722	40.119722							1965-04-11	11	4	1965	6086920	2486162	PRESERVED_SPECIMEN	NHMD	AV	NHMD120842				CC_BY_4_0		Andersen, Thorkild			2026-03-18T07:45:45.181Z		COORDINATE_ROUNDED
4164065630	e5c5cad9-b987-4bb4-b07b-85488c5fdd80	4db48997-447b-4246-b856-bbe242891990	Animalia	Chordata	Aves	Passeriformes	Pycnonotidae	Phyllastrephus	Phyllastrephus debilis		SPECIES	Phyllastrephus debilis (W.L.Sclater, 1899)			TZ	Pugu Hills		PRESENT		2e7df380-8356-4533-bcb3-5459e23c794e	-6.88	39.08							2008-05-24	24	5	2008	2486088	2486088	PRESERVED_SPECIMEN	NHMD	AV	NHMD129163				CC_BY_4_0		Kiure, Jacob			2026-03-18T07:45:45.179Z		
4164065629	e5c5cad9-b987-4bb4-b07b-85488c5fdd80	3d05eada-0295-4b1a-9854-a4a77f0ffeec	Animalia	Chordata	Aves	Passeriformes	Pycnonotidae	Hypsipetes	Hypsipetes everetti	everetti	SUBSPECIES	Hypsipetes everetti everetti (Tweeddale, 1877)			PH	Cabanglasan	Mindanao	PRESENT		2e7df380-8356-4533-bcb3-5459e23c794e	8.071944	125.299167							1951-10-21	21	10	1951	7342047	7342046	PRESERVED_SPECIMEN	NHMD	AV	NHMD134290				CC_BY_4_0					2026-03-18T07:45:45.179Z		COORDINATE_ROUNDED
4164065567	e5c5cad9-b987-4bb4-b07b-85488c5fdd80	07dad108-b2cc-4b05-99fb-d8c49dee796d	Animalia	Chordata	Aves	Passeriformes	Pycnonotidae	Arizelocichla	Arizelocichla fusciceps		SPECIES	Arizelocichla fusciceps (Shelley, 1893)			TZ	Mangalisa Forest		PRESENT		2e7df380-8356-4533-bcb3-5459e23c794e	-7.17	36.43							1999-12-20	20	12	1999	6100812	6100812	PRESERVED_SPECIMEN	NHMD	AV	NHMD123825				CC_BY_4_0		Kiure, Jacob			2026-03-18T07:45:42.742Z		TAXON_MATCH_HIGHERRANK
4164065557	e5c5cad9-b987-4bb4-b07b-85488c5fdd80	d5bcd116-2cd1-4864-a375-12f8349b56c6	Animalia	Chordata	Aves	Passeriformes	Pycnonotidae	Phyllastrephus	Phyllastrephus flavostriatus	tenuirostris	SUBSPECIES	Phyllastrephus flavostriatus tenuirostris (Fischer & Reichenow, 1884)			TZ	Nguru South Forest Reserve		PRESENT		2e7df380-8356-4533-bcb3-5459e23c794e	-6.05	37.479722							2004-10-16	16	10	2004	6086107	2486089	PRESERVED_SPECIMEN	NHMD	AV	NHMD123780				CC_BY_4_0		Kiure, Jacob			2026-03-18T07:45:48.791Z		COORDINATE_ROUNDED
4164065546	e5c5cad9-b987-4bb4-b07b-85488c5fdd80	80949d58-90e6-44dd-a4bd-77b52cd2b75d	Animalia	Chordata	Aves	Passeriformes	Pycnonotidae	Phyllastrephus	Phyllastrephus debilis	rabai	SUBSPECIES	Phyllastrephus debilis rabai Hartert & Someren, 1921			TZ	Uluguru Mts.		PRESENT		2e7df380-8356-4533-bcb3-5459e23c794e	-7.0	39.666667							1948-08-10	10	8	1948	5846134	2486088	PRESERVED_SPECIMEN	NHMD	AV	NHMD122034				CC_BY_4_0		Andersen, Thorkild			2026-03-18T07:45:45.172Z		COORDINATE_ROUNDED;CONTINENT_COORDINATE_MISMATCH
4164065534	e5c5cad9-b987-4bb4-b07b-85488c5fdd80	7aa5ef42-0d60-4491-bf02-dd125fa0d30f	Animalia	Chordata	Aves	Passeriformes	Pycnonotidae	Phyllastrephus	Phyllastrephus cabanisi	placidus	SUBSPECIES	Phyllastrephus cabanisi placidus			TZ	Mafwemiro Forest		PRESENT		2e7df380-8356-4533-bcb3-5459e23c794e	-6.829722	36.569722							2002-11-25	25	11	2002	6540392	2486087	PRESERVED_SPECIMEN	NHMD	AV	NHMD122773				CC_BY_4_0		Kiure, Jacob			2026-03-18T07:45:38.073Z		COORDINATE_ROUNDED
4164065530	e5c5cad9-b987-4bb4-b07b-85488c5fdd80	f026be95-97f5-4748-adc9-81b2909375f7	Animalia	Chordata	Aves	Passeriformes	Pycnonotidae	Pycnonotus	Pycnonotus goiavier	suluensis	SUBSPECIES	Pycnonotus goiavier suluensis Mearns, 1909			PH	Opol	Mindanao	PRESENT		2e7df380-8356-4533-bcb3-5459e23c794e	8.52	124.573333							1951-08-22	22	8	1951	6094616	2486144	PRESERVED_SPECIMEN	NHMD	AV	NHMD134245				CC_BY_4_0					2026-03-18T07:45:45.170Z		COORDINATE_ROUNDED
4164065515	e5c5cad9-b987-4bb4-b07b-85488c5fdd80	ee367a97-104b-46c5-8742-5cc9cde35530	Animalia	Chordata	Aves	Passeriformes	Pycnonotidae	Eurillas	Eurillas latirostris	latirostris	SUBSPECIES	Eurillas latirostris latirostris (Strickland, 1844)			SS	Talanga Forest		PRESENT		2e7df380-8356-4533-bcb3-5459e23c794e	4.029236	32.751611							1980-12-13	13	12	1980	6086380	7340356	PRESERVED_SPECIMEN	NHMD	AV	NHMD129185				CC_BY_4_0		Jensen, Flemming			2026-03-18T07:45:42.738Z		COORDINATE_ROUNDED
4164065491	e5c5cad9-b987-4bb4-b07b-85488c5fdd80	8e70e66b-03e4-4cc4-9d5d-f9084da4cbbb	Animalia	Chordata	Aves	Passeriformes	Pycnonotidae	Phyllastrephus	Phyllastrephus flavostriatus	tenuirostris	SUBSPECIES	Phyllastrephus flavostriatus tenuirostris (Fischer & Reichenow, 1884)			TZ	Nguru South Forest Reserve		PRESENT		2e7df380-8356-4533-bcb3-5459e23c794e	-6.05	37.479722							2003-06-03	3	6	2003	6086107	2486089	PRESERVED_SPECIMEN	NHMD	AV	NHMD122901				CC_BY_4_0		Kiure, Jacob			2026-03-18T07:45:42.735Z		COORDINATE_ROUNDED
4164065489	e5c5cad9-b987-4bb4-b07b-85488c5fdd80	e1a313dd-ddc0-41d4-a214-68ea64388109	Animalia	Chordata	Aves	Passeriformes	Pycnonotidae	Arizelocichla	Arizelocichla masukuensis		SPECIES	Arizelocichla masukuensis (Shelley, 1897)			TZ	Kungwe Forest	Kigoma Region	PRESENT		2e7df380-8356-4533-bcb3-5459e23c794e	-6.13	29.799722							2004-08-22	22	8	2004	7340439	7340439	PRESERVED_SPECIMEN	NHMD	AV	NHMD125000				CC_BY_4_0		Kiure, Jacob			2026-03-18T07:45:48.784Z		COORDINATE_ROUNDED;TAXON_MATCH_HIGHERRANK
4164065479	e5c5cad9-b987-4bb4-b07b-85488c5fdd80	478a6e82-6c3a-4209-836f-60a58adc461b	Animalia	Chordata	Aves	Passeriformes	Pycnonotidae	Phyllastrephus	Phyllastrephus flavostriatus	tenuirostris	SUBSPECIES	Phyllastrephus flavostriatus tenuirostris (Fischer & Reichenow, 1884)			TZ	Nguru South Forest Reserve		PRESENT		2e7df380-8356-4533-bcb3-5459e23c794e	-6.05	37.479722							2004-10-14	14	10	2004	6086107	2486089	PRESERVED_SPECIMEN	NHMD	AV	NHMD123777				CC_BY_4_0		Kiure, Jacob			2026-03-18T07:45:42.733Z		COORDINATE_ROUNDED
4164065469	e5c5cad9-b987-4bb4-b07b-85488c5fdd80	a10ba949-fc4e-459a-a17a-0cb942c02bdd	Animalia	Chordata	Aves	Passeriformes	Pycnonotidae	Eurillas	Eurillas virens	zombensis	SUBSPECIES	Eurillas virens zombensis (Shelley, 1894)			TZ	Kanga Forest Reserve		PRESENT		2e7df380-8356-4533-bcb3-5459e23c794e	-6.0	37.7							2003-05-19	19	5	2003	6086343	7340348	PRESERVED_SPECIMEN	NHMD	AV	NHMD122889				CC_BY_4_0		Kiure, Jacob			2026-03-18T07:45:42.732Z		
4164065427	e5c5cad9-b987-4bb4-b07b-85488c5fdd80	497eeb10-60cf-4ad3-8b88-609299988623	Animalia	Chordata	Aves	Passeriformes	Pycnonotidae	Phyllastrephus	Phyllastrephus albigula		SPECIES	Phyllastrephus albigula (Grote, 1919)			TZ	Nguru South Forest Reserve		PRESENT		2e7df380-8356-4533-bcb3-5459e23c794e	-6.05	37.479722							2005-03-17	17	3	2005	6086037	6086037	PRESERVED_SPECIMEN	NHMD	AV	NHMD126303				CC_BY_4_0		Kiure, Jacob			2026-03-18T07:45:42.728Z		COORDINATE_ROUNDED
4164065409	e5c5cad9-b987-4bb4-b07b-85488c5fdd80	f00ce8db-0354-4aef-b101-b04f91478713	Animalia	Chordata	Aves	Passeriformes	Pycnonotidae	Phyllastrephus	Phyllastrephus cabanisi	placidus	SUBSPECIES	Phyllastrephus cabanisi placidus			TZ	Nguru South Forest Reserve		PRESENT		2e7df380-8356-4533-bcb3-5459e23c794e	-6.05	37.479722							2004-10-15	15	10	2004	6540392	2486087	PRESERVED_SPECIMEN	NHMD	AV	NHMD124852				CC_BY_4_0		Kiure, Jacob			2026-03-18T07:45:38.034Z		COORDINATE_ROUNDED
4164065404	e5c5cad9-b987-4bb4-b07b-85488c5fdd80	404ac225-d94a-448f-ac1f-97087931d6b5	Animalia	Chordata	Aves	Passeriformes	Pycnonotidae	Phyllastrephus	Phyllastrephus fischeri		SPECIES	Phyllastrephus fischeri (Reichenow, 1879)			TZ	Chita Forest Reserve		PRESENT		2e7df380-8356-4533-bcb3-5459e23c794e	-8.5	35.919722							1984-11-02	2	11	1984	2486097	2486097	PRESERVED_SPECIMEN	NHMD	AV	NHMD124844				CC_BY_4_0		Jensen, Flemming			2026-03-18T07:45:48.777Z		COORDINATE_ROUNDED
4164065395	e5c5cad9-b987-4bb4-b07b-85488c5fdd80	052e1f7d-348f-4998-846c-9c5d712e7642	Animalia	Chordata	Aves	Passeriformes	Pycnonotidae	Arizelocichla	Arizelocichla milanjensis	striifacies	SUBSPECIES	Arizelocichla milanjensis striifacies			TZ	Mt. Kilimanjaro		PRESENT		2e7df380-8356-4533-bcb3-5459e23c794e									1967-06-15	15	6	1967	6540503	7340424	PRESERVED_SPECIMEN	NHMD	AV	NHMD119533				CC_BY_4_0		Salanti, M.			2026-03-18T07:45:48.776Z		
4164065381	e5c5cad9-b987-4bb4-b07b-85488c5fdd80	bc3f5d7d-54e2-440c-9759-4dbf18d263a5	Animalia	Chordata	Aves	Passeriformes	Pycnonotidae	Phyllastrephus	Phyllastrephus cabanisi	placidus	SUBSPECIES	Phyllastrephus cabanisi placidus			TZ	Nguru South Forest Reserve		PRESENT		2e7df380-8356-4533-bcb3-5459e23c794e	-6.05	37.479722							2003-06-12	12	6	2003	6540392	2486087	PRESERVED_SPECIMEN	NHMD	AV	NHMD122907				CC_BY_4_0		Kiure, Jacob			2026-03-18T07:45:42.722Z		COORDINATE_ROUNDED
4164065335	e5c5cad9-b987-4bb4-b07b-85488c5fdd80	9fcc9af3-44c5-48aa-9bb4-1a2d7aabc2c7	Animalia	Chordata	Aves	Passeriformes	Pycnonotidae	Arizelocichla	Arizelocichla masukuensis	roehli	SUBSPECIES	Arizelocichla masukuensis roehli (Reichenow, 1905)			TZ	Liwili Kitesa Forest Reserve		PRESENT		2e7df380-8356-4533-bcb3-5459e23c794e	-11.399722	34.9							2006-01-22	22	1	2006	6086770	7340439	PRESERVED_SPECIMEN	NHMD	AV	NHMD124955				CC_BY_4_0		Kiure, Jacob			2026-03-18T07:45:37.997Z		COORDINATE_ROUNDED
4164065314	e5c5cad9-b987-4bb4-b07b-85488c5fdd80	9045996f-1ea9-4074-9dda-bfa1e3e44dda	Animalia	Chordata	Aves	Passeriformes	Pycnonotidae	Eurillas	Eurillas virens	zombensis	SUBSPECIES	Eurillas virens zombensis (Shelley, 1894)			TZ	Ndundulu Forest	Iringa Region	PRESENT		2e7df380-8356-4533-bcb3-5459e23c794e	-7.8	36.5							2007-07-07	7	7	2007	6086343	7340348	PRESERVED_SPECIMEN	NHMD	AV	NHMD129727				CC_BY_4_0		Kiure, Jacob			2026-03-18T07:45:42.713Z		
4164065293	e5c5cad9-b987-4bb4-b07b-85488c5fdd80	ab269c6d-5b63-49cf-a059-b09033086537	Animalia	Chordata	Aves	Passeriformes	Pycnonotidae	Pycnonotus	Pycnonotus goiavier	suluensis	SUBSPECIES	Pycnonotus goiavier suluensis Mearns, 1909			PH	Opol	Mindanao	PRESENT		2e7df380-8356-4533-bcb3-5459e23c794e	8.52	124.573333							1951-09-05	5	9	1951	6094616	2486144	PRESERVED_SPECIMEN	NHMD	AV	NHMD134240				CC_BY_4_0					2026-03-18T07:45:48.769Z		COORDINATE_ROUNDED
4164065290	e5c5cad9-b987-4bb4-b07b-85488c5fdd80	2ae9cc37-5aea-4710-b967-8295b4733d89	Animalia	Chordata	Aves	Passeriformes	Pycnonotidae	Eurillas	Eurillas latirostris	latirostris	SUBSPECIES	Eurillas latirostris latirostris (Strickland, 1844)			TZ	Mahale Mts.	Kigoma Region	PRESENT		2e7df380-8356-4533-bcb3-5459e23c794e	-6.166667	29.75							2004-08-17	17	8	2004	6086380	7340356	PRESERVED_SPECIMEN	NHMD	AV	NHMD129724				CC_BY_4_0		Kiure, Jacob			2026-03-18T07:45:48.768Z		COORDINATE_ROUNDED
4164065281	e5c5cad9-b987-4bb4-b07b-85488c5fdd80	3f3bfdce-b84c-4a0a-a24f-286ad165b65e	Animalia	Chordata	Aves	Passeriformes	Pycnonotidae	Phyllastrephus	Phyllastrephus cabanisi	placidus	SUBSPECIES	Phyllastrephus cabanisi placidus			TZ	Ndundulu Forest	Iringa Region	PRESENT		2e7df380-8356-4533-bcb3-5459e23c794e	-7.8	36.5							2007-01-18	18	1	2007	6540392	2486087	PRESERVED_SPECIMEN	NHMD	AV	NHMD129655				CC_BY_4_0		Kiure, Jacob			2026-03-18T07:45:37.976Z		
4164065259	e5c5cad9-b987-4bb4-b07b-85488c5fdd80	f0ac943f-71ce-402f-9c5b-545d414778f3	Animalia	Chordata	Aves	Passeriformes	Pycnonotidae	Phyllastrephus	Phyllastrephus cabanisi		SPECIES	Phyllastrephus cabanisi (Sharpe, 1882)			TZ	Ukami Forest		PRESENT		2e7df380-8356-4533-bcb3-5459e23c794e	-7.88	36.419722							2003-03-05	5	3	2003	2486087	2486087	PRESERVED_SPECIMEN	NHMD	AV	NHMD131214				CC_BY_4_0		Kiure, Jacob			2026-03-18T07:45:42.706Z		COORDINATE_ROUNDED
4164065211	e5c5cad9-b987-4bb4-b07b-85488c5fdd80	31d9e9c9-8d79-4874-9ffc-4eed7f08b4b6	Animalia	Chordata	Aves	Passeriformes	Pycnonotidae	Phyllastrephus	Phyllastrephus cabanisi	placidus	SUBSPECIES	Phyllastrephus cabanisi placidus			TZ	Nguru South Forest Reserve		PRESENT		2e7df380-8356-4533-bcb3-5459e23c794e	-6.05	37.479722							2003-06-13	13	6	2003	6540392	2486087	PRESERVED_SPECIMEN	NHMD	AV	NHMD124851				CC_BY_4_0		Kiure, Jacob			2026-03-18T07:45:37.956Z		COORDINATE_ROUNDED
4164065199	e5c5cad9-b987-4bb4-b07b-85488c5fdd80	4e32a7eb-31de-48b2-b393-baebe03afb3a	Animalia	Chordata	Aves	Passeriformes	Pycnonotidae	Pycnonotus	Pycnonotus barbatus	layardi	SUBSPECIES	Pycnonotus barbatus layardi			MW	Namadzi		PRESENT		2e7df380-8356-4533-bcb3-5459e23c794e	-15.633708	35.166942							1962			1962	6094955	2486147	PRESERVED_SPECIMEN	NHMD	AV	NHMD137522				CC_BY_4_0		Grüner			2026-03-18T07:45:48.762Z		COORDINATE_ROUNDED
4164065188	e5c5cad9-b987-4bb4-b07b-85488c5fdd80	4290df20-57c8-440b-b32a-ecabdb38ec3f	Animalia	Chordata	Aves	Passeriformes	Pycnonotidae	Eurillas	Eurillas virens	zombensis	SUBSPECIES	Eurillas virens zombensis (Shelley, 1894)			TZ	Nguru South Forest Reserve		PRESENT		2e7df380-8356-4533-bcb3-5459e23c794e	-6.05	37.479722							2004-10-14	14	10	2004	6086343	7340348	PRESERVED_SPECIMEN	NHMD	AV	NHMD125009				CC_BY_4_0		Kiure, Jacob			2026-03-18T07:45:37.951Z		COORDINATE_ROUNDED
4164065172	e5c5cad9-b987-4bb4-b07b-85488c5fdd80	eefc1156-0e50-4aa8-ac5c-6a0c018f6dbd	Animalia	Chordata	Aves	Passeriformes	Pycnonotidae	Arizelocichla	Arizelocichla fusciceps		SPECIES	Arizelocichla fusciceps (Shelley, 1893)			TZ	Mdandu Forest Reserve		PRESENT		2e7df380-8356-4533-bcb3-5459e23c794e	-9.579722	34.83							2003-11-08	8	11	2003	6100812	6100812	PRESERVED_SPECIMEN	NHMD	AV	NHMD123817				CC_BY_4_0		Kiure, Jacob			2026-03-18T07:45:48.759Z		COORDINATE_ROUNDED;TAXON_MATCH_HIGHERRANK
4164065153	e5c5cad9-b987-4bb4-b07b-85488c5fdd80	00fe05a0-b726-4448-be6b-6ca551494992	Animalia	Chordata	Aves	Passeriformes	Pycnonotidae	Arizelocichla	Arizelocichla nigriceps	nigriceps	SUBSPECIES	Arizelocichla nigriceps nigriceps (Shelley, 1889)			TZ	Mbulu Mts.		PRESENT		2e7df380-8356-4533-bcb3-5459e23c794e	-3.779722	35.529722							1959-06-23	23	6	1959	7340427	7340426	PRESERVED_SPECIMEN	NHMD	AV	NHMD120827				CC_BY_4_0		Andersen, Thorkild			2026-03-18T07:45:37.936Z		COORDINATE_ROUNDED
4164065102	e5c5cad9-b987-4bb4-b07b-85488c5fdd80	5b008911-d8a8-4641-b94f-c473fe57ea9d	Animalia	Chordata	Aves	Passeriformes	Pycnonotidae	Eurillas	Eurillas virens	zombensis	SUBSPECIES	Eurillas virens zombensis (Shelley, 1894)			TZ	Nguru South Forest Reserve		PRESENT		2e7df380-8356-4533-bcb3-5459e23c794e	-6.05	37.479722							2004-10-13	13	10	2004	6086343	7340348	PRESERVED_SPECIMEN	NHMD	AV	NHMD126325				CC_BY_4_0		Kiure, Jacob			2026-03-18T07:45:42.690Z		COORDINATE_ROUNDED
4164065080	e5c5cad9-b987-4bb4-b07b-85488c5fdd80	1077817e-e734-4743-882c-18833d76a005	Animalia	Chordata	Aves	Passeriformes	Pycnonotidae	Arizelocichla	Arizelocichla fusciceps		SPECIES	Arizelocichla fusciceps (Shelley, 1893)			TZ	Ndundulu Forest	Iringa Region	PRESENT		2e7df380-8356-4533-bcb3-5459e23c794e	-7.8	36.5							2007-07-06	6	7	2007	6100812	6100812	PRESERVED_SPECIMEN	NHMD	AV	NHMD129699				CC_BY_4_0		Kiure, Jacob			2026-03-18T07:45:45.131Z		TAXON_MATCH_HIGHERRANK
4164065033	e5c5cad9-b987-4bb4-b07b-85488c5fdd80	eee3cd27-1e38-4b2d-ad25-85a79f8955cb	Animalia	Chordata	Aves	Passeriformes	Pycnonotidae	Phyllastrephus	Phyllastrephus fischeri		SPECIES	Phyllastrephus fischeri (Reichenow, 1879)			TZ	Pugu Hills		PRESENT		2e7df380-8356-4533-bcb3-5459e23c794e	-6.88	39.08							2008-05-15	15	5	2008	2486097	2486097	PRESERVED_SPECIMEN	NHMD	AV	NHMD125807				CC_BY_4_0		Kiure, Jacob			2026-03-18T07:45:42.684Z		
4164065006	e5c5cad9-b987-4bb4-b07b-85488c5fdd80	8cdb40f5-4265-4ca9-9454-ee474e45cf94	Animalia	Chordata	Aves	Passeriformes	Pycnonotidae	Arizelocichla	Arizelocichla fusciceps		SPECIES	Arizelocichla fusciceps (Shelley, 1893)			TZ	Mafwemiro Forest		PRESENT		2e7df380-8356-4533-bcb3-5459e23c794e	-6.829722	36.569722							2000-03-21	21	3	2000	6100812	6100812	PRESERVED_SPECIMEN	NHMD	AV	NHMD122517				CC_BY_4_0		Kiure, Jacob			2026-03-18T07:45:48.743Z		COORDINATE_ROUNDED;TAXON_MATCH_HIGHERRANK
4164064997	e5c5cad9-b987-4bb4-b07b-85488c5fdd80	263202cc-9637-4716-a6a4-7336c4fe700e	Animalia	Chordata	Aves	Passeriformes	Pycnonotidae	Arizelocichla	Arizelocichla milanjensis	striifacies	SUBSPECIES	Arizelocichla milanjensis striifacies			TZ	Ndundulu Forest	Iringa Region	PRESENT		2e7df380-8356-4533-bcb3-5459e23c794e	-7.8	36.5							2007-01-22	22	1	2007	6540503	7340424	PRESERVED_SPECIMEN	NHMD	AV	NHMD125055				CC_BY_4_0		Kiure, Jacob			2026-03-18T07:45:48.743Z		
4164064996	e5c5cad9-b987-4bb4-b07b-85488c5fdd80	28306224-e954-42ec-acab-344a50e9cbee	Animalia	Chordata	Aves	Passeriformes	Pycnonotidae	Phyllastrephus	Phyllastrephus cabanisi	placidus	SUBSPECIES	Phyllastrephus cabanisi placidus			TZ	Ndundulu Forest	Iringa Region	PRESENT		2e7df380-8356-4533-bcb3-5459e23c794e	-7.8	36.5							2007-01-01	1	1	2007	6540392	2486087	PRESERVED_SPECIMEN	NHMD	AV	NHMD129175				CC_BY_4_0		Kiure, Jacob			2026-03-18T07:45:45.121Z		
4164064984	e5c5cad9-b987-4bb4-b07b-85488c5fdd80	22926031-ac3b-48b3-ad4e-5fe9082a7584	Animalia	Chordata	Aves	Passeriformes	Pycnonotidae	Phyllastrephus	Phyllastrephus cabanisi	placidus	SUBSPECIES	Phyllastrephus cabanisi placidus			TZ	Udzungwa Mts.		PRESENT		2e7df380-8356-4533-bcb3-5459e23c794e	-8.52	35.869722							1994-10-11	11	10	1994	6540392	2486087	PRESERVED_SPECIMEN	NHMD	AV	NHMD124886				CC_BY_4_0		Rahner, Marcel			2026-03-18T07:45:48.742Z		COORDINATE_ROUNDED
4164064971	e5c5cad9-b987-4bb4-b07b-85488c5fdd80	52a271ee-33b0-4dfc-b657-b8fbc0940100	Animalia	Chordata	Aves	Passeriformes	Pycnonotidae	Arizelocichla	Arizelocichla masukuensis	roehli	SUBSPECIES	Arizelocichla masukuensis roehli (Reichenow, 1905)			TZ	Uluguru Mts.		PRESENT		2e7df380-8356-4533-bcb3-5459e23c794e	-7.0	39.666667							1961-02-13	13	2	1961	6086770	7340439	PRESERVED_SPECIMEN	NHMD	AV	NHMD120820				CC_BY_4_0		Andersen, Thorkild			2026-03-18T07:45:48.741Z		COORDINATE_ROUNDED;CONTINENT_COORDINATE_MISMATCH
4164064966	e5c5cad9-b987-4bb4-b07b-85488c5fdd80	a5639f3c-4195-4260-8bfb-9a9affee8554	Animalia	Chordata	Aves	Passeriformes	Pycnonotidae	Arizelocichla	Arizelocichla masukuensis	roehli	SUBSPECIES	Arizelocichla masukuensis roehli (Reichenow, 1905)			TZ	Mt Kiboriani Forest Reserve		PRESENT		2e7df380-8356-4533-bcb3-5459e23c794e	-6.28	36.479722							2004-01-22	22	1	2004	6086770	7340439	PRESERVED_SPECIMEN	NHMD	AV	NHMD123549				CC_BY_4_0		Kiure, Jacob			2026-03-18T07:45:48.740Z		COORDINATE_ROUNDED
4164064958	e5c5cad9-b987-4bb4-b07b-85488c5fdd80	6d005eec-e742-4066-b1dc-12e41434ace2	Animalia	Chordata	Aves	Passeriformes	Pycnonotidae	Arizelocichla	Arizelocichla masukuensis	roehli	SUBSPECIES	Arizelocichla masukuensis roehli (Reichenow, 1905)			TZ	Nguru South Forest Reserve		PRESENT		2e7df380-8356-4533-bcb3-5459e23c794e	-6.05	37.479722							2005-03-18	18	3	2005	6086770	7340439	PRESERVED_SPECIMEN	NHMD	AV	NHMD124929				CC_BY_4_0		Kiure, Jacob			2026-03-18T07:45:37.876Z		COORDINATE_ROUNDED
4164064938	e5c5cad9-b987-4bb4-b07b-85488c5fdd80	98138b93-b933-4ddb-a572-99d290069906	Animalia	Chordata	Aves	Passeriformes	Pycnonotidae	Eurillas	Eurillas virens	zombensis	SUBSPECIES	Eurillas virens zombensis (Shelley, 1894)			TZ	Kalambo River Forest Reserve		PRESENT		2e7df380-8356-4533-bcb3-5459e23c794e	-7.869722	30.95							2007-11-28	28	11	2007	6086343	7340348	PRESERVED_SPECIMEN	NHMD	AV	NHMD129199				CC_BY_4_0		Kiure, Jacob			2026-03-18T07:45:45.115Z		COORDINATE_ROUNDED
4164064912	e5c5cad9-b987-4bb4-b07b-85488c5fdd80	49332ec2-0a50-433b-8355-8fcc8b1498a1	Animalia	Chordata	Aves	Passeriformes	Pycnonotidae	Arizelocichla	Arizelocichla nigriceps	kikuyuensis	SUBSPECIES	Arizelocichla nigriceps kikuyuensis			CD	Tshibati		PRESENT		2e7df380-8356-4533-bcb3-5459e23c794e	-2.2125	28.775556							2004-08-23	23	8	2004	6540523	7340426	PRESERVED_SPECIMEN	NHMD	AV	NHMD127287				CC_BY_4_0		Kizungu, B.			2026-03-18T07:45:37.867Z		COORDINATE_ROUNDED
4164064882	e5c5cad9-b987-4bb4-b07b-85488c5fdd80	8b8cd132-42da-43e6-91fc-1811e36cafeb	Animalia	Chordata	Aves	Passeriformes	Pycnonotidae	Arizelocichla	Arizelocichla milanjensis	striifacies	SUBSPECIES	Arizelocichla milanjensis striifacies			TZ	Nguru South Forest Reserve		PRESENT		2e7df380-8356-4533-bcb3-5459e23c794e	-6.05	37.479722							2005-03-21	21	3	2005	6540503	7340424	PRESERVED_SPECIMEN	NHMD	AV	NHMD126348				CC_BY_4_0		Kiure, Jacob			2026-03-18T07:45:45.113Z		COORDINATE_ROUNDED
4164064881	e5c5cad9-b987-4bb4-b07b-85488c5fdd80	6952ab5e-d650-4131-bb35-aaf578194025	Animalia	Chordata	Aves	Passeriformes	Pycnonotidae	Pycnonotus	Pycnonotus barbatus	layardi	SUBSPECIES	Pycnonotus barbatus layardi			TZ	Mikindani		PRESENT		2e7df380-8356-4533-bcb3-5459e23c794e	-10.279722	40.119722							1962-07-20	20	7	1962	6094955	2486147	PRESERVED_SPECIMEN	NHMD	AV	NHMD120811				CC_BY_4_0		Andersen, Thorkild			2026-03-18T07:45:37.855Z		COORDINATE_ROUNDED
4164064874	e5c5cad9-b987-4bb4-b07b-85488c5fdd80	9e179421-738c-4abc-aaa9-d1c62d69b723	Animalia	Chordata	Aves	Passeriformes	Pycnonotidae	Eurillas	Eurillas latirostris	latirostris	SUBSPECIES	Eurillas latirostris latirostris (Strickland, 1844)			SS	Gilo		PRESENT		2e7df380-8356-4533-bcb3-5459e23c794e	4.0308	32.845325							1980-11-15	15	11	1980	6086380	7340356	PRESERVED_SPECIMEN	NHMD	AV	NHMD137413				CC_BY_4_0		Jensen, Flemming			2026-03-18T07:45:45.111Z		
4164064859	e5c5cad9-b987-4bb4-b07b-85488c5fdd80	da7cb9fc-8229-4b3f-8973-ff78429f0bcc	Animalia	Chordata	Aves	Passeriformes	Pycnonotidae	Phyllastrephus	Phyllastrephus flavostriatus	tenuirostris	SUBSPECIES	Phyllastrephus flavostriatus tenuirostris (Fischer & Reichenow, 1884)			TZ	Mt. Kanga Forest Reserve		PRESENT		2e7df380-8356-4533-bcb3-5459e23c794e	-6.0	37.7							2003-11-20	20	11	2003	6086107	2486089	PRESERVED_SPECIMEN	NHMD	AV	NHMD123771				CC_BY_4_0		Kiure, Jacob			2026-03-18T07:45:48.733Z		
4164064853	e5c5cad9-b987-4bb4-b07b-85488c5fdd80	ac69ca11-c3a1-49ff-93c6-f0f89edd9e6e	Animalia	Chordata	Aves	Passeriformes	Pycnonotidae	Phyllastrephus	Phyllastrephus flavostriatus	kungwensis	SUBSPECIES	Phyllastrephus flavostriatus kungwensis Moreau, 1941			TZ	Mahale Mts.		PRESENT		2e7df380-8356-4533-bcb3-5459e23c794e	-6.199722	29.829722							1949-10-15	15	10	1949	6086101	2486089	PRESERVED_SPECIMEN	NHMD	AV	NHMD122007				CC_BY_4_0		Andersen, Thorkild			2026-03-18T07:45:37.844Z		COORDINATE_ROUNDED
4164064850	e5c5cad9-b987-4bb4-b07b-85488c5fdd80	96626328-cb74-48c4-9a4c-0ed6cbcff8ec	Animalia	Chordata	Aves	Passeriformes	Pycnonotidae	Eurillas	Eurillas virens	zombensis	SUBSPECIES	Eurillas virens zombensis (Shelley, 1894)			TZ	Kanga Forest Reserve		PRESENT		2e7df380-8356-4533-bcb3-5459e23c794e	-6.0	37.7							2003-05-21	21	5	2003	6086343	7340348	PRESERVED_SPECIMEN	NHMD	AV	NHMD122890				CC_BY_4_0		Kiure, Jacob			2026-03-18T07:45:37.844Z		
4164064847	e5c5cad9-b987-4bb4-b07b-85488c5fdd80	d093acac-fdbb-4974-a1f6-2ddedb97fcd6	Animalia	Chordata	Aves	Passeriformes	Pycnonotidae	Phyllastrephus	Phyllastrephus debilis	rabai	SUBSPECIES	Phyllastrephus debilis rabai Hartert & Someren, 1921			TZ	Kidugallo		PRESENT		2e7df380-8356-4533-bcb3-5459e23c794e	-6.78	38.2							1952-06-19	19	6	1952	5846134	2486088	PRESERVED_SPECIMEN	NHMD	AV	NHMD122032				CC_BY_4_0		Andersen, Thorkild			2026-03-18T07:45:48.732Z		
4164064843	e5c5cad9-b987-4bb4-b07b-85488c5fdd80	7db26f7e-c329-4d2d-8d46-9e04239bc767	Animalia	Chordata	Aves	Passeriformes	Pycnonotidae	Pycnonotus	Pycnonotus urostictus	philippensis	SUBSPECIES	Poliolophus urostictus philippensis Hachisuka, 1934			PH	Tubajon Bay		PRESENT		2e7df380-8356-4533-bcb3-5459e23c794e	10.319722	125.559722							1951-07-17	17	7	1951	11027194	2486143	PRESERVED_SPECIMEN	NHMD	AV	NHMD135005				CC_BY_4_0		Jacobsen, P.			2026-03-18T07:45:37.841Z		COORDINATE_ROUNDED
4164064825	e5c5cad9-b987-4bb4-b07b-85488c5fdd80	f23f08cc-2b25-4eaf-9416-497bf910f9ea	Animalia	Chordata	Aves	Passeriformes	Pycnonotidae	Phyllastrephus	Phyllastrephus albigula		SPECIES	Phyllastrephus albigula (Grote, 1919)			TZ	Nguru South Forest Reserve	Morogoro Region	PRESENT		2e7df380-8356-4533-bcb3-5459e23c794e	-6.2	37.516667							2003-06-18	18	6	2003	6086037	6086037	PRESERVED_SPECIMEN	NHMD	AV	NHMD129691				CC_BY_4_0		Kiure, Jacob			2026-03-18T07:45:37.838Z		COORDINATE_ROUNDED
4164064797	e5c5cad9-b987-4bb4-b07b-85488c5fdd80	4ea6266f-6dcc-495f-b5b9-28aa017930d9	Animalia	Chordata	Aves	Passeriformes	Pycnonotidae	Andropadus	Andropadus importunus	hypoxanthus	SUBSPECIES	Andropadus importunus hypoxanthus Sharpe, 1876			TZ	Soga, Kisarawe Distr. 500', 150m		PRESENT		2e7df380-8356-4533-bcb3-5459e23c794e	-6.829722	38.869722							1961-06-24	24	6	1961	6086920	2486162	PRESERVED_SPECIMEN	NHMD	AV	NHMD120845				CC_BY_4_0		Andersen, Thorkild			2026-03-18T07:45:48.728Z		COORDINATE_ROUNDED
4164064786	e5c5cad9-b987-4bb4-b07b-85488c5fdd80	77a251d9-5419-4b2e-b88e-3ac9dbbcbf00	Animalia	Chordata	Aves	Passeriformes	Pycnonotidae	Phyllastrephus	Phyllastrephus fischeri		SPECIES	Phyllastrephus fischeri (Reichenow, 1879)			TZ	West of Ruipa river		PRESENT		2e7df380-8356-4533-bcb3-5459e23c794e	-8.119722	36.33							1995-11-22	22	11	1995	2486097	2486097	PRESERVED_SPECIMEN	NHMD	AV	NHMD121900				CC_BY_4_0		Fjeldså, Jon			2026-03-18T07:45:48.727Z		COORDINATE_ROUNDED
4164064779	e5c5cad9-b987-4bb4-b07b-85488c5fdd80	546ebe06-c328-4d99-b18b-7b18df593530	Animalia	Chordata	Aves	Passeriformes	Pycnonotidae	Hypsipetes	Hypsipetes everetti	haynaldi	SUBSPECIES	Hypsipetes everetti haynaldi (W.Blasius, 1890)			PH	Lapid Lapid	Autonomous Region in Muslim Mindanao	PRESENT		2e7df380-8356-4533-bcb3-5459e23c794e	5.093722	119.841683							1961-11-20	20	11	1961	6093912	7342046	PRESERVED_SPECIMEN	NHMD	AV	NHMD135881				CC_BY_4_0		Petersen, Erik;Andersen, Søren;Oaney, William			2026-03-18T07:45:37.816Z		COORDINATE_ROUNDED
4164064777	e5c5cad9-b987-4bb4-b07b-85488c5fdd80	582ac297-80a6-4cff-96bf-bbb5cc56df92	Animalia	Chordata	Aves	Passeriformes	Pycnonotidae	Pycnonotus	Pycnonotus barbatus	tricolor	SUBSPECIES	Pycnonotus barbatus tricolor			TZ	Mt Kiboriani Forest Reserve		PRESENT		2e7df380-8356-4533-bcb3-5459e23c794e	-6.28	36.479722							2008-11-09	9	11	2008	6542538	2486147	PRESERVED_SPECIMEN	NHMD	AV	NHMD129226				CC_BY_4_0		Kiure, Jacob			2026-03-18T07:45:37.815Z		COORDINATE_ROUNDED
4164064759	e5c5cad9-b987-4bb4-b07b-85488c5fdd80	6bbd4b1d-5ff0-40fd-81c7-42eb6e47ec0c	Animalia	Chordata	Aves	Passeriformes	Pycnonotidae	Arizelocichla	Arizelocichla masukuensis		SPECIES	Arizelocichla masukuensis (Shelley, 1897)			TZ	Liwili Kitesa Forest Reserve		PRESENT		2e7df380-8356-4533-bcb3-5459e23c794e	-11.399722	34.9							2006-01-22	22	1	2006	7340439	7340439	PRESERVED_SPECIMEN	NHMD	AV	NHMD124944				CC_BY_4_0		Kiure, Jacob			2026-03-18T07:45:48.722Z		COORDINATE_ROUNDED
4164064742	e5c5cad9-b987-4bb4-b07b-85488c5fdd80	1179d5d2-3a0b-429e-bc7a-c5bebee5370d	Animalia	Chordata	Aves	Passeriformes	Pycnonotidae	Phyllastrephus	Phyllastrephus flavostriatus	tenuirostris	SUBSPECIES	Phyllastrephus flavostriatus tenuirostris (Fischer & Reichenow, 1884)			TZ	Pugu Hills		PRESENT		2e7df380-8356-4533-bcb3-5459e23c794e	-6.88	39.08							2008-05-17	17	5	2008	6086107	2486089	PRESERVED_SPECIMEN	NHMD	AV	NHMD125802				CC_BY_4_0		Kiure, Jacob			2026-03-18T07:45:45.098Z		
4164064721	e5c5cad9-b987-4bb4-b07b-85488c5fdd80	d5b126cb-ef23-43a1-a0f9-b58d595bad6a	Animalia	Chordata	Aves	Passeriformes	Pycnonotidae	Arizelocichla	Arizelocichla masukuensis	roehli	SUBSPECIES	Arizelocichla masukuensis roehli (Reichenow, 1905)			TZ	Mdandu Forest Reserve		PRESENT		2e7df380-8356-4533-bcb3-5459e23c794e	-9.579722	34.83							2003-11-11	11	11	2003	6086770	7340439	PRESERVED_SPECIMEN	NHMD	AV	NHMD124991				CC_BY_4_0		Kiure, Jacob			2026-03-18T07:45:42.652Z		COORDINATE_ROUNDED
4164064705	e5c5cad9-b987-4bb4-b07b-85488c5fdd80	2012131b-3f63-473d-979a-e41252757e21	Animalia	Chordata	Aves	Passeriformes	Pycnonotidae	Pycnonotus	Pycnonotus atriceps		SPECIES	Brachypodius atriceps (Temminck, 1822)			PH	Pinigisan, Mt. Mantalingajan	Mimaropa	PRESENT		2e7df380-8356-4533-bcb3-5459e23c794e	8.613686	117.702725							1961-09-16	16	9	1961	10988392	2486134	PRESERVED_SPECIMEN	NHMD	AV	NHMD136152				CC_BY_4_0		Petersen, Erik;Andersen, Søren;Oaney, William			2026-03-18T07:45:45.095Z		COORDINATE_ROUNDED;CONTINENT_COORDINATE_MISMATCH;TAXON_MATCH_HIGHERRANK
4164064698	e5c5cad9-b987-4bb4-b07b-85488c5fdd80	42c11262-0bd9-44d2-b557-f9bf67143c89	Animalia	Chordata	Aves	Passeriformes	Pycnonotidae	Phyllastrephus	Phyllastrephus cabanisi	placidus	SUBSPECIES	Phyllastrephus cabanisi placidus			TZ	Maguli FR		PRESENT		2e7df380-8356-4533-bcb3-5459e23c794e	-9.493889	34.175833							2008-01-14	14	1	2008	6540392	2486087	PRESERVED_SPECIMEN	NHMD	AV	NHMD126836				CC_BY_4_0		Kiure, Jacob			2026-03-18T07:45:42.649Z		COORDINATE_ROUNDED
4164064687	e5c5cad9-b987-4bb4-b07b-85488c5fdd80	dded00b4-a4f9-4b09-a57a-0f9055bc03fc	Animalia	Chordata	Aves	Passeriformes	Pycnonotidae	Phyllastrephus	Phyllastrephus flavostriatus	tenuirostris	SUBSPECIES	Phyllastrephus flavostriatus tenuirostris (Fischer & Reichenow, 1884)			TZ	Amani		PRESENT		2e7df380-8356-4533-bcb3-5459e23c794e	-5.099722	38.63							2009-07-13	13	7	2009	6086107	2486089	PRESERVED_SPECIMEN	NHMD	AV	NHMD127051				CC_BY_4_0		Kiure, Jacob			2026-03-18T07:45:42.648Z		COORDINATE_ROUNDED
4164064655	e5c5cad9-b987-4bb4-b07b-85488c5fdd80	f41117f5-ff0b-4d4d-815a-045d7aabf94c	Animalia	Chordata	Aves	Passeriformes	Pycnonotidae	Arizelocichla	Arizelocichla masukuensis	roehli	SUBSPECIES	Arizelocichla masukuensis roehli (Reichenow, 1905)			TZ	Nguru South Forest Reserve		PRESENT		2e7df380-8356-4533-bcb3-5459e23c794e	-6.05	37.479722							2004-10-13	13	10	2004	6086770	7340439	PRESERVED_SPECIMEN	NHMD	AV	NHMD126343				CC_BY_4_0		Kiure, Jacob			2026-03-18T07:45:48.714Z		COORDINATE_ROUNDED
4164064628	e5c5cad9-b987-4bb4-b07b-85488c5fdd80	b86679ae-9e25-4d16-90a0-b21c11a6cfae	Animalia	Chordata	Aves	Passeriformes	Pycnonotidae	Phyllastrephus	Phyllastrephus flavostriatus	uzungwensis	SUBSPECIES	Phyllastrephus flavostriatus uzungwensis Jensen & Stuart, 1982			TZ	Ndundulu Forest	Iringa Region	PRESENT		2e7df380-8356-4533-bcb3-5459e23c794e	-7.8	36.5							2007-09-09	9	9	2007	6086093	2486089	PRESERVED_SPECIMEN	NHMD	AV	NHMD129653				CC_BY_4_0		Kiure, Jacob			2026-03-18T07:45:42.639Z		
4164064570	e5c5cad9-b987-4bb4-b07b-85488c5fdd80	93600a9a-b438-4947-b04c-1f403c266bb0	Animalia	Chordata	Aves	Passeriformes	Pycnonotidae	Phyllastrephus	Phyllastrephus cabanisi	cabanisi	SUBSPECIES	Phyllastrephus cabanisi cabanisi (Sharpe, 1882)			TZ	Kalambo River Forest Reserve		PRESENT		2e7df380-8356-4533-bcb3-5459e23c794e	-7.869722	30.95							2007-11-22	22	11	2007	7340319	2486087	PRESERVED_SPECIMEN	NHMD	AV	NHMD124835				CC_BY_4_0		Kiure, Jacob			2026-03-18T07:45:48.707Z	StillImage	COORDINATE_ROUNDED
4164064564	e5c5cad9-b987-4bb4-b07b-85488c5fdd80	395a8a77-721b-4889-9c8a-05afb02015df	Animalia	Chordata	Aves	Passeriformes	Pycnonotidae	Phyllastrephus	Phyllastrephus flavostriatus	tenuirostris	SUBSPECIES	Phyllastrephus flavostriatus tenuirostris (Fischer & Reichenow, 1884)			TZ	Nguru South Forest Reserve	Morogoro Region	PRESENT		2e7df380-8356-4533-bcb3-5459e23c794e	-6.2	37.516667							2003-06-19	19	6	2003	6086107	2486089	PRESERVED_SPECIMEN	NHMD	AV	NHMD129683				CC_BY_4_0		Kiure, Jacob			2026-03-18T07:45:45.074Z		COORDINATE_ROUNDED
4164064541	e5c5cad9-b987-4bb4-b07b-85488c5fdd80	62fc727f-31b6-44d6-b6e8-2839c1990d17	Animalia	Chordata	Aves	Passeriformes	Pycnonotidae	Arizelocichla	Arizelocichla masukuensis		SPECIES	Arizelocichla masukuensis (Shelley, 1897)			TZ	Ukami Forest		PRESENT		2e7df380-8356-4533-bcb3-5459e23c794e	-7.88	36.419722							2003-02-27	27	2	2003	7340439	7340439	PRESERVED_SPECIMEN	NHMD	AV	NHMD133242				CC_BY_4_0		Kiure, Jacob			2026-03-18T07:45:42.628Z		COORDINATE_ROUNDED
4164064537	e5c5cad9-b987-4bb4-b07b-85488c5fdd80	f1802677-ec60-4a0c-a44b-1e69c2871c45	Animalia	Chordata	Aves	Passeriformes	Pycnonotidae	Phyllastrephus	Phyllastrephus albigula		SPECIES	Phyllastrephus albigula (Grote, 1919)			TZ	Nguru South Forest Reserve		PRESENT		2e7df380-8356-4533-bcb3-5459e23c794e	-6.05	37.479722							2005-03-16	16	3	2005	6086037	6086037	PRESERVED_SPECIMEN	NHMD	AV	NHMD124921				CC_BY_4_0		Kiure, Jacob			2026-03-18T07:45:48.705Z		COORDINATE_ROUNDED
4164064533	e5c5cad9-b987-4bb4-b07b-85488c5fdd80	e312107f-976c-4db3-9b06-67578f106541	Animalia	Chordata	Aves	Passeriformes	Pycnonotidae	Phyllastrephus	Phyllastrephus cabanisi	placidus	SUBSPECIES	Phyllastrephus cabanisi placidus			TZ	Ndundulu Forest	Iringa Region	PRESENT		2e7df380-8356-4533-bcb3-5459e23c794e	-7.8	36.5							2007-03-03	3	3	2007	6540392	2486087	PRESERVED_SPECIMEN	NHMD	AV	NHMD124887				CC_BY_4_0		Kiure, Jacob			2026-03-18T07:45:42.626Z		
4164064524	e5c5cad9-b987-4bb4-b07b-85488c5fdd80	627531e7-6ac8-46b8-8800-a9dce129bb90	Animalia	Chordata	Aves	Passeriformes	Pycnonotidae	Arizelocichla	Arizelocichla masukuensis		SPECIES	Arizelocichla masukuensis (Shelley, 1897)			TZ	Maguli FR		PRESENT		2e7df380-8356-4533-bcb3-5459e23c794e	-9.493889	34.175833							2008-12-01	1	12	2008	7340439	7340439	PRESERVED_SPECIMEN	NHMD	AV	NHMD126851				CC_BY_4_0		Kiure, Jacob			2026-03-18T07:45:48.703Z		COORDINATE_ROUNDED;TAXON_MATCH_HIGHERRANK
4164064519	e5c5cad9-b987-4bb4-b07b-85488c5fdd80	5adbdc7f-f256-474b-b65c-f7bda3302221	Animalia	Chordata	Aves	Passeriformes	Pycnonotidae	Eurillas	Eurillas virens	zombensis	SUBSPECIES	Eurillas virens zombensis (Shelley, 1894)			TZ	Ndundulu Forest	Iringa Region	PRESENT		2e7df380-8356-4533-bcb3-5459e23c794e	-7.8	36.5							2007-06-29	29	6	2007	6086343	7340348	PRESERVED_SPECIMEN	NHMD	AV	NHMD129195				CC_BY_4_0		Kiure, Jacob			2026-03-18T07:45:45.069Z		
4164064517	e5c5cad9-b987-4bb4-b07b-85488c5fdd80	cc6ae62e-16eb-46cf-87ca-af87bfe6f1d1	Animalia	Chordata	Aves	Passeriformes	Pycnonotidae	Eurillas	Eurillas virens	zombensis	SUBSPECIES	Eurillas virens zombensis (Shelley, 1894)			TZ	Ukami Forest		PRESENT		2e7df380-8356-4533-bcb3-5459e23c794e	-7.88	36.419722							2003-03-07	7	3	2003	6086343	7340348	PRESERVED_SPECIMEN	NHMD	AV	NHMD125019				CC_BY_4_0		Kiure, Jacob			2026-03-18T07:45:45.068Z		COORDINATE_ROUNDED
4164064509	e5c5cad9-b987-4bb4-b07b-85488c5fdd80	f26e87bb-ba99-4d7a-9ca1-6cd710575fa4	Animalia	Chordata	Aves	Passeriformes	Pycnonotidae	Phyllastrephus	Phyllastrephus cabanisi	placidus	SUBSPECIES	Phyllastrephus cabanisi placidus			TZ	Ukami Forest		PRESENT		2e7df380-8356-4533-bcb3-5459e23c794e	-7.88	36.419722							2003-03-14	14	3	2003	6540392	2486087	PRESERVED_SPECIMEN	NHMD	AV	NHMD133231				CC_BY_4_0		Kiure, Jacob			2026-03-18T07:45:42.626Z		COORDINATE_ROUNDED
4164064498	e5c5cad9-b987-4bb4-b07b-85488c5fdd80	bd17d762-cc32-4b6a-9e93-554b8b117452	Animalia	Chordata	Aves	Passeriformes	Pycnonotidae	Arizelocichla	Arizelocichla fusciceps		SPECIES	Arizelocichla fusciceps (Shelley, 1893)			TZ	Mafwemiro Forest		PRESENT		2e7df380-8356-4533-bcb3-5459e23c794e	-6.829722	36.569722							2002-11-27	27	11	2002	6100812	6100812	PRESERVED_SPECIMEN	NHMD	AV	NHMD122762				CC_BY_4_0		Bolding Kristensen, Jan			2026-03-18T07:45:48.702Z	StillImage	COORDINATE_ROUNDED;TAXON_MATCH_HIGHERRANK
4164064495	e5c5cad9-b987-4bb4-b07b-85488c5fdd80	d1ab31ae-5d18-431c-8d0e-42e64507b309	Animalia	Chordata	Aves	Passeriformes	Pycnonotidae	Pycnonotus	Pycnonotus goiavier	suluensis	SUBSPECIES	Pycnonotus goiavier suluensis Mearns, 1909			PH	Opol	Mindanao	PRESENT		2e7df380-8356-4533-bcb3-5459e23c794e	8.52	124.573333							1951-09-07	7	9	1951	6094616	2486144	PRESERVED_SPECIMEN	NHMD	AV	NHMD134234				CC_BY_4_0					2026-03-18T07:45:48.703Z		COORDINATE_ROUNDED
4164064476	e5c5cad9-b987-4bb4-b07b-85488c5fdd80	a069c14f-7c1b-4982-8e09-8e5e963e4688	Animalia	Chordata	Aves	Passeriformes	Pycnonotidae	Hypsipetes	Hypsipetes philippinus	saturatior	SUBSPECIES	Hypsipetes philippinus saturatior (Hartert, 1916)			PH	Tuod	Mindanao	PRESENT		2e7df380-8356-4533-bcb3-5459e23c794e	8.343889	124.359444							1951-09-20	20	9	1951	6093854	7342036	PRESERVED_SPECIMEN	NHMD	AV	NHMD134273				CC_BY_4_0					2026-03-18T07:45:42.621Z		COORDINATE_ROUNDED
4164064453	e5c5cad9-b987-4bb4-b07b-85488c5fdd80	7a97304a-2b3e-4c93-9e6c-608509726ccd	Animalia	Chordata	Aves	Passeriformes	Pycnonotidae	Eurillas	Eurillas latirostris	australis	SUBSPECIES	Eurillas latirostris australis (Moreau, 1941)			TZ	Mbizi Forest Reserve		PRESENT		2e7df380-8356-4533-bcb3-5459e23c794e	-7.889722	31.68							2008-02-29	29	2	2008	9004172	7340356	PRESERVED_SPECIMEN	NHMD	AV	NHMD128973				CC_BY_4_0		Kiure, Jacob			2026-03-18T07:45:48.699Z		COORDINATE_ROUNDED
4164064411	e5c5cad9-b987-4bb4-b07b-85488c5fdd80	09242732-3235-47aa-a641-2c8600d0bae6	Animalia	Chordata	Aves	Passeriformes	Pycnonotidae	Eurillas	Eurillas virens	virens	SUBSPECIES	Eurillas virens virens (Cassin, 1857)			TZ	Mahale Mts.	Kigoma Region	PRESENT		2e7df380-8356-4533-bcb3-5459e23c794e	-6.166667	29.75							2004-08-19	19	8	2004	7340349	7340348	PRESERVED_SPECIMEN	NHMD	AV	NHMD129707				CC_BY_4_0		Kiure, Jacob			2026-03-18T07:45:37.682Z		COORDINATE_ROUNDED
4164064400	e5c5cad9-b987-4bb4-b07b-85488c5fdd80	c7ccff95-607b-4ca8-a222-1ab987d22f9e	Animalia	Chordata	Aves	Passeriformes	Pycnonotidae	Phyllastrephus	Phyllastrephus albigula		SPECIES	Phyllastrephus albigula (Grote, 1919)			TZ	Nguru South Forest Reserve	Morogoro Region	PRESENT		2e7df380-8356-4533-bcb3-5459e23c794e	-6.2	37.516667							2003-06-21	21	6	2003	6086037	6086037	PRESERVED_SPECIMEN	NHMD	AV	NHMD129690				CC_BY_4_0		Kiure, Jacob			2026-03-18T07:45:45.055Z		COORDINATE_ROUNDED
4164064334	e5c5cad9-b987-4bb4-b07b-85488c5fdd80	ff92d6f8-f0b7-4364-8bb0-b1c237778516	Animalia	Chordata	Aves	Passeriformes	Pycnonotidae	Phyllastrephus	Phyllastrephus flavostriatus	tenuirostris	SUBSPECIES	Phyllastrephus flavostriatus tenuirostris (Fischer & Reichenow, 1884)			TZ	Nguru South Forest Reserve		PRESENT		2e7df380-8356-4533-bcb3-5459e23c794e	-6.05	37.479722							2004-10-15	15	10	2004	6086107	2486089	PRESERVED_SPECIMEN	NHMD	AV	NHMD123764				CC_BY_4_0		Kiure, Jacob			2026-03-18T07:45:37.642Z		COORDINATE_ROUNDED
4164064329	e5c5cad9-b987-4bb4-b07b-85488c5fdd80	bdfe8b02-8708-4123-b6a5-84738a2c1045	Animalia	Chordata	Aves	Passeriformes	Pycnonotidae	Phyllastrephus	Phyllastrephus flavostriatus	uzungwensis	SUBSPECIES	Phyllastrephus flavostriatus uzungwensis Jensen & Stuart, 1982			TZ	Ukami Forest		PRESENT		2e7df380-8356-4533-bcb3-5459e23c794e	-7.88	36.419722							2003			2003	6086093	2486089	PRESERVED_SPECIMEN	NHMD	AV	NHMD123082				CC_BY_4_0		Kiure, Jacob			2026-03-18T07:45:48.689Z		COORDINATE_ROUNDED
4164064277	e5c5cad9-b987-4bb4-b07b-85488c5fdd80	16dd5407-b093-4216-b3a2-c01eb2ab788f	Animalia	Chordata	Aves	Passeriformes	Pycnonotidae	Phyllastrephus	Phyllastrephus flavostriatus	uzungwensis	SUBSPECIES	Phyllastrephus flavostriatus uzungwensis Jensen & Stuart, 1982			TZ	Ndundulu Forest	Iringa Region	PRESENT		2e7df380-8356-4533-bcb3-5459e23c794e	-7.8	36.5							2007-09-08	8	9	2007	6086093	2486089	PRESERVED_SPECIMEN	NHMD	AV	NHMD124811				CC_BY_4_0		Kiure, Jacob			2026-03-18T07:45:42.596Z	StillImage	
4164064273	e5c5cad9-b987-4bb4-b07b-85488c5fdd80	54ad12d0-a93e-4a46-8ad7-3de95fef4f9f	Animalia	Chordata	Aves	Passeriformes	Pycnonotidae	Arizelocichla	Arizelocichla milanjensis	striifacies	SUBSPECIES	Arizelocichla milanjensis striifacies			TZ	Uluguru Mts.		PRESENT		2e7df380-8356-4533-bcb3-5459e23c794e	-7.0	39.666667							1962-06-02	2	6	1962	6540503	7340424	PRESERVED_SPECIMEN	NHMD	AV	NHMD120871				CC_BY_4_0		Andersen, Thorkild			2026-03-18T07:45:37.616Z		COORDINATE_ROUNDED;CONTINENT_COORDINATE_MISMATCH
4164064271	e5c5cad9-b987-4bb4-b07b-85488c5fdd80	7f6220c6-d104-4cd1-9aa2-4f136fd855f4	Animalia	Chordata	Aves	Passeriformes	Pycnonotidae	Phyllastrephus	Phyllastrephus flavostriatus	tenuirostris	SUBSPECIES	Phyllastrephus flavostriatus tenuirostris (Fischer & Reichenow, 1884)			TZ	Kanga Forest Reserve		PRESENT		2e7df380-8356-4533-bcb3-5459e23c794e	-6.0	37.7							2003-11-27	27	11	2003	6086107	2486089	PRESERVED_SPECIMEN	NHMD	AV	NHMD126312				CC_BY_4_0		Kiure, Jacob			2026-03-18T07:45:37.616Z		
4164064261	e5c5cad9-b987-4bb4-b07b-85488c5fdd80	b1929ca0-66f0-493d-bd37-cd9d2f7e9924	Animalia	Chordata	Aves	Passeriformes	Pycnonotidae	Arizelocichla	Arizelocichla masukuensis	roehli	SUBSPECIES	Arizelocichla masukuensis roehli (Reichenow, 1905)			TZ	Ukami Forest		PRESENT		2e7df380-8356-4533-bcb3-5459e23c794e	-7.88	36.419722							2003			2003	6086770	7340439	PRESERVED_SPECIMEN	NHMD	AV	NHMD123009				CC_BY_4_0		Kiure, Jacob			2026-03-18T07:45:42.593Z		COORDINATE_ROUNDED
4164064250	e5c5cad9-b987-4bb4-b07b-85488c5fdd80	ff040b7b-2c92-4678-aac5-1b77cf8294de	Animalia	Chordata	Aves	Passeriformes	Pycnonotidae	Phyllastrephus	Phyllastrephus cabanisi	placidus	SUBSPECIES	Phyllastrephus cabanisi placidus			TZ	Maguli FR		PRESENT		2e7df380-8356-4533-bcb3-5459e23c794e	-9.493889	34.175833							2008-11-22	22	11	2008	6540392	2486087	PRESERVED_SPECIMEN	NHMD	AV	NHMD126835				CC_BY_4_0		Kiure, Jacob			2026-03-18T07:45:48.682Z		COORDINATE_ROUNDED
4164064242	e5c5cad9-b987-4bb4-b07b-85488c5fdd80	6d9b8698-f3c2-417d-883f-fcbc3026c387	Animalia	Chordata	Aves	Passeriformes	Pycnonotidae	Hypsipetes	Hypsipetes guimarasensis		SPECIES	Hypsipetes guimarasensis (Steere, 1890)			PH	San Antonio	Central Visayas	PRESENT		2e7df380-8356-4533-bcb3-5459e23c794e									1952-09-21	21	9	1952	6093946	6093946	PRESERVED_SPECIMEN	NHMD	AV	NHMD135146				CC_BY_4_0		Rabor, D.			2026-03-18T07:45:48.681Z		
4164064235	e5c5cad9-b987-4bb4-b07b-85488c5fdd80	b51b77e3-9388-4248-9e1f-65ed9d5d5cc4	Animalia	Chordata	Aves	Passeriformes	Pycnonotidae	Eurillas	Eurillas virens	virens	SUBSPECIES	Eurillas virens virens (Cassin, 1857)			TZ	Mahale Mts.		PRESENT		2e7df380-8356-4533-bcb3-5459e23c794e	-6.199722	29.829722							2004-08-07	7	8	2004	7340349	7340348	PRESERVED_SPECIMEN	NHMD	AV	NHMD125033				CC_BY_4_0		Kiure, Jacob			2026-03-18T07:45:42.588Z		COORDINATE_ROUNDED
4164064231	e5c5cad9-b987-4bb4-b07b-85488c5fdd80	a2a72737-e5ab-4c06-9cd2-a50649970318	Animalia	Chordata	Aves	Passeriformes	Pycnonotidae	Arizelocichla	Arizelocichla masukuensis	roehli	SUBSPECIES	Arizelocichla masukuensis roehli (Reichenow, 1905)			TZ	Nguru South Forest Reserve		PRESENT		2e7df380-8356-4533-bcb3-5459e23c794e	-6.2	37.516667							2005-03-17	17	3	2005	6086770	7340439	PRESERVED_SPECIMEN	NHMD	AV	NHMD129747				CC_BY_4_0		Kiure, Jacob			2026-03-18T07:45:37.593Z		COORDINATE_ROUNDED
4164064230	e5c5cad9-b987-4bb4-b07b-85488c5fdd80	2fab731b-bbcf-4a3c-930d-253284440ff3	Animalia	Chordata	Aves	Passeriformes	Pycnonotidae	Arizelocichla	Arizelocichla masukuensis		SPECIES	Arizelocichla masukuensis (Shelley, 1897)			TZ	Kungwe Forest	Kigoma Region	PRESENT		2e7df380-8356-4533-bcb3-5459e23c794e	-6.13	29.799722							2004-08-22	22	8	2004	7340439	7340439	PRESERVED_SPECIMEN	NHMD	AV	NHMD125001				CC_BY_4_0		Kiure, Jacob			2026-03-18T07:45:45.033Z		COORDINATE_ROUNDED;TAXON_MATCH_HIGHERRANK
4164064219	e5c5cad9-b987-4bb4-b07b-85488c5fdd80	36f6a998-906c-4648-bfac-c764f9b1812b	Animalia	Chordata	Aves	Passeriformes	Pycnonotidae	Arizelocichla	Arizelocichla fusciceps		SPECIES	Arizelocichla fusciceps (Shelley, 1893)			TZ	Mangalisa Forest		PRESENT		2e7df380-8356-4533-bcb3-5459e23c794e	-7.17	36.43							1999-12-20	20	12	1999	6100812	6100812	PRESERVED_SPECIMEN	NHMD	AV	NHMD123829				CC_BY_4_0		Kiure, Jacob			2026-03-18T07:45:37.590Z		TAXON_MATCH_HIGHERRANK
4164064214	e5c5cad9-b987-4bb4-b07b-85488c5fdd80	b44ba017-efdb-4821-aba5-e4cfe5659c5b	Animalia	Chordata	Aves	Passeriformes	Pycnonotidae	Arizelocichla	Arizelocichla fusciceps		SPECIES	Arizelocichla fusciceps (Shelley, 1893)			TZ	Liwili Kitesa Forest Reserve		PRESENT		2e7df380-8356-4533-bcb3-5459e23c794e	-11.399722	34.9							2006-02-03	3	2	2006	6100812	6100812	PRESERVED_SPECIMEN	NHMD	AV	NHMD123835				CC_BY_4_0		Kiure, Jacob			2026-03-18T07:45:37.587Z		COORDINATE_ROUNDED;TAXON_MATCH_HIGHERRANK
4164064202	e5c5cad9-b987-4bb4-b07b-85488c5fdd80	011b5848-814f-43f9-845f-c16e96445871	Animalia	Chordata	Aves	Passeriformes	Pycnonotidae	Phyllastrephus	Phyllastrephus flavostriatus	uzungwensis	SUBSPECIES	Phyllastrephus flavostriatus uzungwensis Jensen & Stuart, 1982			TZ	Ukami Forest		PRESENT		2e7df380-8356-4533-bcb3-5459e23c794e	-7.88	36.419722							2003-03-19	19	3	2003	6086093	2486089	PRESERVED_SPECIMEN	NHMD	AV	NHMD124813				CC_BY_4_0		Kiure, Jacob			2026-03-18T07:45:42.586Z		COORDINATE_ROUNDED
4164064187	e5c5cad9-b987-4bb4-b07b-85488c5fdd80	a6f12930-4438-4345-8fb3-303e73ade77d	Animalia	Chordata	Aves	Passeriformes	Pycnonotidae	Phyllastrephus	Phyllastrephus cabanisi		SPECIES	Phyllastrephus cabanisi (Sharpe, 1882)			TZ	Ukami Forest		PRESENT		2e7df380-8356-4533-bcb3-5459e23c794e	-7.88	36.419722							2003-02-28	28	2	2003	2486087	2486087	PRESERVED_SPECIMEN	NHMD	AV	NHMD131215				CC_BY_4_0		Kiure, Jacob			2026-03-18T07:45:42.584Z		COORDINATE_ROUNDED
4164064169	e5c5cad9-b987-4bb4-b07b-85488c5fdd80	89d3442d-924a-4d0c-9719-e869c927cb75	Animalia	Chordata	Aves	Passeriformes	Pycnonotidae	Phyllastrephus	Phyllastrephus cabanisi	placidus	SUBSPECIES	Phyllastrephus cabanisi placidus			TZ	Ukami Forest		PRESENT		2e7df380-8356-4533-bcb3-5459e23c794e	-7.88	36.419722							2003-02-26	26	2	2003	6540392	2486087	PRESERVED_SPECIMEN	NHMD	AV	NHMD124878				CC_BY_4_0		Kiure, Jacob			2026-03-18T07:45:42.582Z		COORDINATE_ROUNDED
4164064164	e5c5cad9-b987-4bb4-b07b-85488c5fdd80	98e35db6-fe9f-44bc-9218-5888396b9be2	Animalia	Chordata	Aves	Passeriformes	Pycnonotidae	Eurillas	Eurillas virens	zombensis	SUBSPECIES	Eurillas virens zombensis (Shelley, 1894)			TZ	Ndundulu Forest	Iringa Region	PRESENT		2e7df380-8356-4533-bcb3-5459e23c794e	-7.8	36.5							2007-01-14	14	1	2007	6086343	7340348	PRESERVED_SPECIMEN	NHMD	AV	NHMD129705				CC_BY_4_0		Kiure, Jacob			2026-03-18T07:45:37.561Z		
4164064097	e5c5cad9-b987-4bb4-b07b-85488c5fdd80	0e4de98e-921d-4e5e-a69f-84662025d5a6	Animalia	Chordata	Aves	Passeriformes	Pycnonotidae	Arizelocichla	Arizelocichla masukuensis		SPECIES	Arizelocichla masukuensis (Shelley, 1897)			TZ	Maguli FR		PRESENT		2e7df380-8356-4533-bcb3-5459e23c794e	-9.493889	34.175833							2008-12-08	8	12	2008	7340439	7340439	PRESERVED_SPECIMEN	NHMD	AV	NHMD126698				CC_BY_4_0		Kiure, Jacob			2026-03-18T07:45:45.022Z		COORDINATE_ROUNDED;TAXON_MATCH_HIGHERRANK
4164064088	e5c5cad9-b987-4bb4-b07b-85488c5fdd80	dcd710c8-f187-4852-bb3c-243bd64af62a	Animalia	Chordata	Aves	Passeriformes	Pycnonotidae	Hypsipetes	Hypsipetes everetti	everetti	SUBSPECIES	Hypsipetes everetti everetti (Tweeddale, 1877)			PH	Cabanglasan	Mindanao	PRESENT		2e7df380-8356-4533-bcb3-5459e23c794e	8.071944	125.299167							1951-10-16	16	10	1951	7342047	7342046	PRESERVED_SPECIMEN	NHMD	AV	NHMD134298				CC_BY_4_0					2026-03-18T07:45:45.021Z		COORDINATE_ROUNDED
4164064087	e5c5cad9-b987-4bb4-b07b-85488c5fdd80	290ade68-d704-418a-889c-162d0c6dab4b	Animalia	Chordata	Aves	Passeriformes	Pycnonotidae	Phyllastrephus	Phyllastrephus albigula		SPECIES	Phyllastrephus albigula (Grote, 1919)			TZ	Nguru South Forest Reserve		PRESENT		2e7df380-8356-4533-bcb3-5459e23c794e	-6.05	37.479722							2005-03-13	13	3	2005	6086037	6086037	PRESERVED_SPECIMEN	NHMD	AV	NHMD124920				CC_BY_4_0		Kiure, Jacob			2026-03-18T07:45:48.666Z	StillImage	COORDINATE_ROUNDED
4164064084	e5c5cad9-b987-4bb4-b07b-85488c5fdd80	7c4e6cfb-f9fa-4a85-802a-6bbc1a01fd7c	Animalia	Chordata	Aves	Passeriformes	Pycnonotidae	Arizelocichla	Arizelocichla nigriceps	nigriceps	SUBSPECIES	Arizelocichla nigriceps nigriceps (Shelley, 1889)			TZ	Marang Forest Reserve	Arusha Region	PRESENT		2e7df380-8356-4533-bcb3-5459e23c794e	-3.73	35.63							2004-03-28	28	3	2004	7340427	7340426	PRESERVED_SPECIMEN	NHMD	AV	NHMD123432				CC_BY_4_0		Kiure, Jacob			2026-03-18T07:45:45.021Z		
4164064063	e5c5cad9-b987-4bb4-b07b-85488c5fdd80	5ac1db54-8e13-4cc2-9a05-70caa59ac451	Animalia	Chordata	Aves	Passeriformes	Pycnonotidae	Pycnonotus	Pycnonotus barbatus	layardi	SUBSPECIES	Pycnonotus barbatus layardi			TZ	Ndundulu Forest	Iringa Region	PRESENT		2e7df380-8356-4533-bcb3-5459e23c794e	-7.8	36.5							2007-03-24	24	3	2007	6094955	2486147	PRESERVED_SPECIMEN	NHMD	AV	NHMD125079				CC_BY_4_0		Kiure, Jacob			2026-03-18T07:45:48.664Z		
4164064033	e5c5cad9-b987-4bb4-b07b-85488c5fdd80	deb8f373-9508-4249-b604-683667265f1c	Animalia	Chordata	Aves	Passeriformes	Pycnonotidae	Arizelocichla	Arizelocichla masukuensis	roehli	SUBSPECIES	Arizelocichla masukuensis roehli (Reichenow, 1905)			TZ	Nguru South Forest Reserve		PRESENT		2e7df380-8356-4533-bcb3-5459e23c794e	-6.05	37.479722							2004-10-07	7	10	2004	6086770	7340439	PRESERVED_SPECIMEN	NHMD	AV	NHMD124962				CC_BY_4_0		Kiure, Jacob			2026-03-18T07:45:37.511Z		COORDINATE_ROUNDED
4164064025	e5c5cad9-b987-4bb4-b07b-85488c5fdd80	9bb6a355-dfe4-4a3d-bb66-a8a2d139ed39	Animalia	Chordata	Aves	Passeriformes	Pycnonotidae	Arizelocichla	Arizelocichla masukuensis	roehli	SUBSPECIES	Arizelocichla masukuensis roehli (Reichenow, 1905)			TZ	Ukami Forest		PRESENT		2e7df380-8356-4533-bcb3-5459e23c794e	-7.88	36.419722							2003			2003	6086770	7340439	PRESERVED_SPECIMEN	NHMD	AV	NHMD123010				CC_BY_4_0		Kiure, Jacob			2026-03-18T07:45:37.506Z		COORDINATE_ROUNDED
4164063918	e5c5cad9-b987-4bb4-b07b-85488c5fdd80	848adb90-0700-490a-b115-78365b463642	Animalia	Chordata	Aves	Passeriformes	Pycnonotidae	Pycnonotus	Pycnonotus barbatus	layardi	SUBSPECIES	Pycnonotus barbatus layardi			TZ	Mikindani		PRESENT		2e7df380-8356-4533-bcb3-5459e23c794e	-10.279722	40.119722							1966-06-25	25	6	1966	6094955	2486147	PRESERVED_SPECIMEN	NHMD	AV	NHMD118500				CC_BY_4_0		Andersen, Thorkild			2026-03-18T07:45:37.467Z		COORDINATE_ROUNDED
4164063908	e5c5cad9-b987-4bb4-b07b-85488c5fdd80	bf772cb2-e0e7-4ac8-b8e1-d3c2bca0d226	Animalia	Chordata	Aves	Passeriformes	Pycnonotidae	Andropadus	Andropadus importunus	hypoxanthus	SUBSPECIES	Andropadus importunus hypoxanthus Sharpe, 1876			TZ	Morogoro		PRESENT		2e7df380-8356-4533-bcb3-5459e23c794e	-6.829722	37.75							1948-07-14	14	7	1948	6086920	2486162	PRESERVED_SPECIMEN	NHMD	AV	NHMD120857				CC_BY_4_0		Andersen, Thorkild			2026-03-18T07:45:42.548Z		COORDINATE_ROUNDED
4164063893	e5c5cad9-b987-4bb4-b07b-85488c5fdd80	602c235d-8ec6-4e13-9cc1-20adacaa6674	Animalia	Chordata	Aves	Passeriformes	Pycnonotidae	Phyllastrephus	Phyllastrephus cabanisi	cabanisi	SUBSPECIES	Phyllastrephus cabanisi cabanisi (Sharpe, 1882)			TZ	Kalambo River Forest Reserve		PRESENT		2e7df380-8356-4533-bcb3-5459e23c794e	-7.869722	30.95							2007-12-17	17	12	2007	7340319	2486087	PRESERVED_SPECIMEN	NHMD	AV	NHMD124836				CC_BY_4_0		Kiure, Jacob			2026-03-18T07:45:45.004Z		COORDINATE_ROUNDED
4164063880	e5c5cad9-b987-4bb4-b07b-85488c5fdd80	ae1c16c5-99dc-47d7-ac48-f0c5d53e04a3	Animalia	Chordata	Aves	Passeriformes	Pycnonotidae	Phyllastrephus	Phyllastrephus cabanisi	placidus	SUBSPECIES	Phyllastrephus cabanisi placidus			TZ	Lossongonoi Plateau	Manyara Region	PRESENT		2e7df380-8356-4533-bcb3-5459e23c794e	-4.469722	35.77							2006-08-17	17	8	2006	6540392	2486087	PRESERVED_SPECIMEN	NHMD	AV	NHMD129654				CC_BY_4_0		Kiure, Jacob			2026-03-18T07:45:42.544Z		COORDINATE_ROUNDED
4164063878	e5c5cad9-b987-4bb4-b07b-85488c5fdd80	0aa65828-4e88-4b1a-bba7-49e7a83c8d17	Animalia	Chordata	Aves	Passeriformes	Pycnonotidae	Arizelocichla	Arizelocichla milanjensis	striifacies	SUBSPECIES	Arizelocichla milanjensis striifacies			TZ	Ndundulu Forest	Iringa Region	PRESENT		2e7df380-8356-4533-bcb3-5459e23c794e	-7.8	36.5							2007-06-19	19	6	2007	6540503	7340424	PRESERVED_SPECIMEN	NHMD	AV	NHMD125066				CC_BY_4_0		Kiure, Jacob			2026-03-18T07:45:42.543Z		
4164063831	e5c5cad9-b987-4bb4-b07b-85488c5fdd80	2ce457b5-c68c-4636-a267-df606006b23d	Animalia	Chordata	Aves	Passeriformes	Pycnonotidae	Arizelocichla	Arizelocichla fusciceps		SPECIES	Arizelocichla fusciceps (Shelley, 1893)			TZ	Ndundulu Forest	Iringa Region	PRESENT		2e7df380-8356-4533-bcb3-5459e23c794e	-7.8	36.5							2007-02-19	19	2	2007	6100812	6100812	PRESERVED_SPECIMEN	NHMD	AV	NHMD129212				CC_BY_4_0		Kiure, Jacob			2026-03-18T07:45:42.533Z		TAXON_MATCH_HIGHERRANK
4164063822	e5c5cad9-b987-4bb4-b07b-85488c5fdd80	614c2e03-cc3a-4846-8f14-a2211aee5e74	Animalia	Chordata	Aves	Passeriformes	Pycnonotidae	Phyllastrephus	Phyllastrephus cabanisi	cabanisi	SUBSPECIES	Phyllastrephus cabanisi cabanisi (Sharpe, 1882)			TZ	Kalambo River Forest Reserve		PRESENT		2e7df380-8356-4533-bcb3-5459e23c794e	-7.869722	30.95							2007-11-22	22	11	2007	7340319	2486087	PRESERVED_SPECIMEN	NHMD	AV	NHMD124842				CC_BY_4_0		Kiure, Jacob			2026-03-18T07:45:44.996Z		COORDINATE_ROUNDED
4164063819	e5c5cad9-b987-4bb4-b07b-85488c5fdd80	241b0d4c-bef2-4227-8d1e-f39e885cebcf	Animalia	Chordata	Aves	Passeriformes	Pycnonotidae	Chlorocichla	Chlorocichla laetissima		SPECIES	Chlorocichla laetissima (Sharpe, 1899)				unnamed locality		PRESENT		2e7df380-8356-4533-bcb3-5459e23c794e													2486174	2486174	PRESERVED_SPECIMEN	NHMD	AV	NHMD133038				CC_BY_4_0					2026-03-18T07:45:37.400Z		
4164063796	e5c5cad9-b987-4bb4-b07b-85488c5fdd80	8df518b2-c003-4f17-8202-ef4dc6c859a2	Animalia	Chordata	Aves	Passeriformes	Pycnonotidae	Phyllastrephus	Phyllastrephus albigula		SPECIES	Phyllastrephus albigula (Grote, 1919)			TZ	Nguru South Forest Reserve		PRESENT		2e7df380-8356-4533-bcb3-5459e23c794e	-6.05	37.479722							2005-03-13	13	3	2005	6086037	6086037	PRESERVED_SPECIMEN	NHMD	AV	NHMD124918				CC_BY_4_0		Kiure, Jacob			2026-03-18T07:45:42.530Z		COORDINATE_ROUNDED
4164063790	e5c5cad9-b987-4bb4-b07b-85488c5fdd80	6213ab3e-bcb1-4add-bd76-b29615151530	Animalia	Chordata	Aves	Passeriformes	Pycnonotidae	Arizelocichla	Arizelocichla masukuensis	roehli	SUBSPECIES	Arizelocichla masukuensis roehli (Reichenow, 1905)			TZ	Nguru South Forest Reserve		PRESENT		2e7df380-8356-4533-bcb3-5459e23c794e	-6.05	37.479722							2003-06-21	21	6	2003	6086770	7340439	PRESERVED_SPECIMEN	NHMD	AV	NHMD122887				CC_BY_4_0		Kiure, Jacob			2026-03-18T07:45:42.529Z		COORDINATE_ROUNDED
4164063785	e5c5cad9-b987-4bb4-b07b-85488c5fdd80	2e68bf99-6f75-4020-b23a-ad6d7fca3ff2	Animalia	Chordata	Aves	Passeriformes	Pycnonotidae	Arizelocichla	Arizelocichla masukuensis	roehli	SUBSPECIES	Arizelocichla masukuensis roehli (Reichenow, 1905)			TZ	Nguru South Forest Reserve		PRESENT		2e7df380-8356-4533-bcb3-5459e23c794e	-6.05	37.479722							2003-06-17	17	6	2003	6086770	7340439	PRESERVED_SPECIMEN	NHMD	AV	NHMD122884				CC_BY_4_0		Kiure, Jacob			2026-03-18T07:45:42.527Z		COORDINATE_ROUNDED
4164063781	e5c5cad9-b987-4bb4-b07b-85488c5fdd80	7dc805b3-c10f-46d0-9e1b-a4fabf2e1086	Animalia	Chordata	Aves	Passeriformes	Pycnonotidae	Andropadus	Andropadus importunus	hypoxanthus	SUBSPECIES	Andropadus importunus hypoxanthus Sharpe, 1876			TZ	Mikindani		PRESENT		2e7df380-8356-4533-bcb3-5459e23c794e	-10.279722	40.119722							1966-07-15	15	7	1966	6086920	2486162	PRESERVED_SPECIMEN	NHMD	AV	NHMD118497				CC_BY_4_0		Andersen, Thorkild			2026-03-18T07:45:42.526Z		COORDINATE_ROUNDED
4164063710	e5c5cad9-b987-4bb4-b07b-85488c5fdd80	f81c7712-34c6-4eb0-bd74-2ce173bb2e3c	Animalia	Chordata	Aves	Passeriformes	Pycnonotidae	Arizelocichla	Arizelocichla masukuensis	roehli	SUBSPECIES	Arizelocichla masukuensis roehli (Reichenow, 1905)			TZ	Liwili Kitesa Forest Reserve		PRESENT		2e7df380-8356-4533-bcb3-5459e23c794e	-11.399722	34.9							2006-01-01	1	1	2006	6086770	7340439	PRESERVED_SPECIMEN	NHMD	AV	NHMD124959				CC_BY_4_0		Kiure, Jacob			2026-03-18T07:45:48.629Z		COORDINATE_ROUNDED
4164063709	e5c5cad9-b987-4bb4-b07b-85488c5fdd80	45d0b34a-d3ae-42d9-9fd1-33acc4a31930	Animalia	Chordata	Aves	Passeriformes	Pycnonotidae	Phyllastrephus	Phyllastrephus flavostriatus	alfredi	SUBSPECIES	Phyllastrephus flavostriatus alfredi			TZ	Mbizi Forest Reserve		PRESENT		2e7df380-8356-4533-bcb3-5459e23c794e	-7.889722	31.68							2008-03-08	8	3	2008	6540367	2486089	PRESERVED_SPECIMEN	NHMD	AV	NHMD125799				CC_BY_4_0		Kiure, Jacob			2026-03-18T07:45:44.987Z		COORDINATE_ROUNDED
4164063694	e5c5cad9-b987-4bb4-b07b-85488c5fdd80	3cf765cf-f7f1-4fca-8b19-3a5e78f3d092	Animalia	Chordata	Aves	Passeriformes	Pycnonotidae	Phyllastrephus	Phyllastrephus fischeri		SPECIES	Phyllastrephus fischeri (Reichenow, 1879)			TZ	West of Ruipa river		PRESENT		2e7df380-8356-4533-bcb3-5459e23c794e	-8.119722	36.33							1995-12-01	1	12	1995	2486097	2486097	PRESERVED_SPECIMEN	NHMD	AV	NHMD121898				CC_BY_4_0		Bolding Kristensen, Jan			2026-03-18T07:45:37.300Z		COORDINATE_ROUNDED
4164063659	e5c5cad9-b987-4bb4-b07b-85488c5fdd80	a8369823-2100-4079-afbf-ba15e98ddbe4	Animalia	Chordata	Aves	Passeriformes	Pycnonotidae	Pycnonotus	Pycnonotus barbatus	tricolor	SUBSPECIES	Pycnonotus barbatus tricolor			KE	Telek Road (Camp III)		PRESENT		2e7df380-8356-4533-bcb3-5459e23c794e									1947-09-15	15	9	1947	6542538	2486147	PRESERVED_SPECIMEN	NHMD	AV	NHMD137695				CC_BY_4_0		Bræstrup, F.			2026-03-18T07:45:37.273Z		
4164063599	e5c5cad9-b987-4bb4-b07b-85488c5fdd80	e9728e8f-c8fc-4403-b55a-51e6957d0576	Animalia	Chordata	Aves	Passeriformes	Pycnonotidae	Hypsipetes	Hypsipetes guimarasensis		SPECIES	Hypsipetes guimarasensis (Steere, 1890)			PH	Bondo	Central Visayas	PRESENT		2e7df380-8356-4533-bcb3-5459e23c794e									1954-02-14	14	2	1954	6093946	6093946	PRESERVED_SPECIMEN	NHMD	AV	NHMD135145				CC_BY_4_0		Rabor, D.			2026-03-18T07:45:37.240Z		
4164063534	e5c5cad9-b987-4bb4-b07b-85488c5fdd80	73d20c25-1479-42f4-8500-14327ddee252	Animalia	Chordata	Aves	Passeriformes	Pycnonotidae	Chlorocichla	Chlorocichla flaviventris	centralis	SUBSPECIES	Chlorocichla flaviventris centralis Reichenow, 1887			TZ	Mikindani		PRESENT		2e7df380-8356-4533-bcb3-5459e23c794e	-10.279722	40.119722							1962-08-05	5	8	1962	6086621	2486173	PRESERVED_SPECIMEN	NHMD	AV	NHMD120884				CC_BY_4_0		Andersen, Thorkild			2026-03-18T07:45:37.197Z		COORDINATE_ROUNDED
4164063529	e5c5cad9-b987-4bb4-b07b-85488c5fdd80	3a5e8239-bf87-430e-9e99-c4409954faf7	Animalia	Chordata	Aves	Passeriformes	Pycnonotidae	Phyllastrephus	Phyllastrephus cabanisi	cabanisi	SUBSPECIES	Phyllastrephus cabanisi cabanisi (Sharpe, 1882)			TZ	Kalambo River Forest Reserve		PRESENT		2e7df380-8356-4533-bcb3-5459e23c794e	-7.869722	30.95							2007-12-18	18	12	2007	7340319	2486087	PRESERVED_SPECIMEN	NHMD	AV	NHMD124839				CC_BY_4_0		Kiure, Jacob			2026-03-18T07:45:44.970Z		COORDINATE_ROUNDED
4164063488	e5c5cad9-b987-4bb4-b07b-85488c5fdd80	18bd4af3-d228-468e-b657-a6664a155793	Animalia	Chordata	Aves	Passeriformes	Pycnonotidae	Arizelocichla	Arizelocichla masukuensis	roehli	SUBSPECIES	Arizelocichla masukuensis roehli (Reichenow, 1905)			TZ	Nguru South Forest Reserve		PRESENT		2e7df380-8356-4533-bcb3-5459e23c794e	-6.05	37.479722							2003-06-17	17	6	2003	6086770	7340439	PRESERVED_SPECIMEN	NHMD	AV	NHMD122873				CC_BY_4_0		Kiure, Jacob			2026-03-18T07:45:44.967Z		COORDINATE_ROUNDED
4164063457	e5c5cad9-b987-4bb4-b07b-85488c5fdd80	c7b3702d-19c2-40af-91c6-a9b5db4672f5	Animalia	Chordata	Aves	Passeriformes	Pycnonotidae	Arizelocichla	Arizelocichla masukuensis	roehli	SUBSPECIES	Arizelocichla masukuensis roehli (Reichenow, 1905)			TZ	Mt. Kanga Forest Reserve		PRESENT		2e7df380-8356-4533-bcb3-5459e23c794e	-6.0	37.7							2003-11-24	24	11	2003	6086770	7340439	PRESERVED_SPECIMEN	NHMD	AV	NHMD124988				CC_BY_4_0		Kiure, Jacob			2026-03-18T07:45:42.483Z		
4164063444	e5c5cad9-b987-4bb4-b07b-85488c5fdd80	42c78c45-8ff1-49d6-840d-e2a47e7de1e5	Animalia	Chordata	Aves	Passeriformes	Pycnonotidae	Eurillas	Eurillas virens	zombensis	SUBSPECIES	Eurillas virens zombensis (Shelley, 1894)			TZ	Kilindi Forest Reserve		PRESENT		2e7df380-8356-4533-bcb3-5459e23c794e	-5.57	37.569722							2005-05-14	14	5	2005	6086343	7340348	PRESERVED_SPECIMEN	NHMD	AV	NHMD125015				CC_BY_4_0		Kiure, Jacob			2026-03-18T07:45:44.962Z		COORDINATE_ROUNDED
4164063414	e5c5cad9-b987-4bb4-b07b-85488c5fdd80	8ccd50e8-2d6d-4843-a314-eaaba0027ece	Animalia	Chordata	Aves	Passeriformes	Pycnonotidae	Arizelocichla	Arizelocichla masukuensis	roehli	SUBSPECIES	Arizelocichla masukuensis roehli (Reichenow, 1905)			TZ	Ndundulu Forest	Iringa Region	PRESENT		2e7df380-8356-4533-bcb3-5459e23c794e	-7.8	36.5							2007-06-07	7	6	2007	6086770	7340439	PRESERVED_SPECIMEN	NHMD	AV	NHMD129192				CC_BY_4_0		Kiure, Jacob			2026-03-18T07:45:37.097Z		
4164063413	e5c5cad9-b987-4bb4-b07b-85488c5fdd80	6d6b6473-b48d-49fc-affb-48d7c241c75e	Animalia	Chordata	Aves	Passeriformes	Pycnonotidae	Arizelocichla	Arizelocichla milanjensis	striifacies	SUBSPECIES	Arizelocichla milanjensis striifacies			TZ	Ndundulu Forest	Iringa Region	PRESENT		2e7df380-8356-4533-bcb3-5459e23c794e	-7.8	36.5							2006-12-29	29	12	2006	6540503	7340424	PRESERVED_SPECIMEN	NHMD	AV	NHMD129207				CC_BY_4_0		Kiure, Jacob			2026-03-18T07:45:37.110Z		
4164063401	e5c5cad9-b987-4bb4-b07b-85488c5fdd80	42c9a8aa-d4f8-46d4-a6ae-83ee98e9ee44	Animalia	Chordata	Aves	Passeriformes	Pycnonotidae	Phyllastrephus	Phyllastrephus cabanisi	placidus	SUBSPECIES	Phyllastrephus cabanisi placidus			TZ	Ndundulu Forest	Iringa Region	PRESENT		2e7df380-8356-4533-bcb3-5459e23c794e	-7.8	36.5							2007-06-21	21	6	2007	6540392	2486087	PRESERVED_SPECIMEN	NHMD	AV	NHMD124894				CC_BY_4_0		Kiure, Jacob			2026-03-18T07:45:37.076Z		
4164063395	e5c5cad9-b987-4bb4-b07b-85488c5fdd80	6a2547a8-8d98-4792-bbdb-dc76eee65ba8	Animalia	Chordata	Aves	Passeriformes	Pycnonotidae	Phyllastrephus	Phyllastrephus cabanisi	placidus	SUBSPECIES	Phyllastrephus cabanisi placidus			TZ	Liwili Kitesa Forest Reserve		PRESENT		2e7df380-8356-4533-bcb3-5459e23c794e	-11.399722	34.9							2006-01-15	15	1	2006	6540392	2486087	PRESERVED_SPECIMEN	NHMD	AV	NHMD124863				CC_BY_4_0		Kiure, Jacob			2026-03-18T07:45:44.956Z		COORDINATE_ROUNDED
4164063370	e5c5cad9-b987-4bb4-b07b-85488c5fdd80	b07a2abd-8bdf-4433-af00-e4d7bce02a75	Animalia	Chordata	Aves	Passeriformes	Pycnonotidae	Arizelocichla	Arizelocichla fusciceps		SPECIES	Arizelocichla fusciceps (Shelley, 1893)			TZ	Mt Kiboriani Forest Reserve		PRESENT		2e7df380-8356-4533-bcb3-5459e23c794e	-6.28	36.479722							2004-01-31	31	1	2004	6100812	6100812	PRESERVED_SPECIMEN	NHMD	AV	NHMD123823				CC_BY_4_0		Kiure, Jacob			2026-03-18T07:45:37.059Z		COORDINATE_ROUNDED;TAXON_MATCH_HIGHERRANK
4164063349	e5c5cad9-b987-4bb4-b07b-85488c5fdd80	9c6802eb-f472-417d-b482-e2d8b587db1b	Animalia	Chordata	Aves	Passeriformes	Pycnonotidae	Phyllastrephus	Phyllastrephus cabanisi	placidus	SUBSPECIES	Phyllastrephus cabanisi placidus			TZ	Kilindi Forest Reserve		PRESENT		2e7df380-8356-4533-bcb3-5459e23c794e	-5.57	37.569722							2005-05-18	18	5	2005	6540392	2486087	PRESERVED_SPECIMEN	NHMD	AV	NHMD124873				CC_BY_4_0		Kiure, Jacob			2026-03-18T07:45:37.025Z		COORDINATE_ROUNDED
4164063347	e5c5cad9-b987-4bb4-b07b-85488c5fdd80	ba796517-c395-4f4a-a660-690bccf0613d	Animalia	Chordata	Aves	Passeriformes	Pycnonotidae	Phyllastrephus	Phyllastrephus cabanisi	placidus	SUBSPECIES	Phyllastrephus cabanisi placidus			TZ	Ukami Forest		PRESENT		2e7df380-8356-4533-bcb3-5459e23c794e	-7.88	36.419722							2003-02-28	28	2	2003	6540392	2486087	PRESERVED_SPECIMEN	NHMD	AV	NHMD124876				CC_BY_4_0		Kiure, Jacob			2026-03-18T07:45:37.024Z		COORDINATE_ROUNDED
4164063341	e5c5cad9-b987-4bb4-b07b-85488c5fdd80	9fbdbf37-29ff-4779-8564-9fb6c046dd44	Animalia	Chordata	Aves	Passeriformes	Pycnonotidae	Arizelocichla	Arizelocichla fusciceps		SPECIES	Arizelocichla fusciceps (Shelley, 1893)			TZ	Ndundulu Forest	Iringa Region	PRESENT		2e7df380-8356-4533-bcb3-5459e23c794e	-7.8	36.5							2007-02-25	25	2	2007	6100812	6100812	PRESERVED_SPECIMEN	NHMD	AV	NHMD123867				CC_BY_4_0		Kiure, Jacob			2026-03-18T07:45:48.602Z		TAXON_MATCH_HIGHERRANK
4164063324	e5c5cad9-b987-4bb4-b07b-85488c5fdd80	2b36991f-5668-4538-8aa3-0ed4ad939270	Animalia	Chordata	Aves	Passeriformes	Pycnonotidae	Arizelocichla	Arizelocichla nigriceps	nigriceps	SUBSPECIES	Arizelocichla nigriceps nigriceps (Shelley, 1889)			TZ	Marang Forest Reserve	Arusha Region	PRESENT		2e7df380-8356-4533-bcb3-5459e23c794e	-3.73	35.63							2004-04-01	1	4	2004	7340427	7340426	PRESERVED_SPECIMEN	NHMD	AV	NHMD123435				CC_BY_4_0		Kiure, Jacob			2026-03-18T07:45:42.470Z	StillImage	
4039125816	e5c5cad9-b987-4bb4-b07b-85488c5fdd80	b40e4ed5-8ffb-4aa5-a147-dc9aa638da97	Animalia	Chordata	Aves	Passeriformes	Pycnonotidae	Pycnonotus	Pycnonotus cafer		SPECIES	Pycnonotus cafer (Linnaeus, 1766)						PRESENT		2e7df380-8356-4533-bcb3-5459e23c794e													2486131	2486131	PRESERVED_SPECIMEN	NHMD	AV	NHMD1182558				CC_BY_4_0					2026-03-18T07:45:44.353Z		
4039125703	e5c5cad9-b987-4bb4-b07b-85488c5fdd80	e75c2b0b-ed18-4171-baed-e59b65bb79e6	Animalia	Chordata	Aves	Passeriformes	Pycnonotidae	Alophoixus	Alophoixus phaeocephalus		SPECIES	Alophoixus phaeocephalus (Hartlaub, 1844)			MY	Malacca		PRESENT		2e7df380-8356-4533-bcb3-5459e23c794e	2.19194	102.25583	5000.0						1848-09-27	27	9	1848	2486196	2486196	PRESERVED_SPECIMEN	NHMD	AV	NHMD1180193				CC_BY_4_0		Aschlund			2026-03-18T07:45:48.482Z		
4039125537	e5c5cad9-b987-4bb4-b07b-85488c5fdd80	fc3a7ff9-9e08-4f97-b116-e25f2994ad80	Animalia	Chordata	Aves	Passeriformes	Pycnonotidae	Pycnonotus	Pycnonotus zeylanicus		SPECIES	Pycnonotus zeylanicus (Gmelin, 1789)			MY	Malacca		PRESENT		2e7df380-8356-4533-bcb3-5459e23c794e	2.19194	102.25583	5000.0						1840-04-07	7	4	1840	2486118	2486118	PRESERVED_SPECIMEN	NHMD	AV	NHMD1182560				CC_BY_4_0		Aschlund			2026-03-18T07:45:41.434Z		
4039124817	e5c5cad9-b987-4bb4-b07b-85488c5fdd80	62678445-9212-478b-9b03-4f2f6aaf79ae	Animalia	Chordata	Aves	Passeriformes	Pycnonotidae	Pycnonotus	Pycnonotus capensis		SPECIES	Pycnonotus capensis (Linnaeus, 1766)				South Africa		PRESENT		2e7df380-8356-4533-bcb3-5459e23c794e									1828-09-29	29	9	1828	2486138	2486138	PRESERVED_SPECIMEN	NHMD	AV	NHMD1182559				CC_BY_4_0		Ecklon			2026-03-18T07:45:44.252Z		
4039123272	e5c5cad9-b987-4bb4-b07b-85488c5fdd80	2e6b9e6b-d7b5-435a-b753-9beba98f04be	Animalia	Chordata	Aves	Passeriformes	Pycnonotidae	Pycnonotus	Pycnonotus bimaculatus		SPECIES	Pycnonotus bimaculatus (Horsfield, 1821)			ID	Java		PRESENT		2e7df380-8356-4533-bcb3-5459e23c794e	-7.4	110.0	550000.0						1830-07-20	20	7	1830	2486136	2486136	PRESERVED_SPECIMEN	NHMD	AV	NHMD1182557				CC_BY_4_0		Wöldike			2026-03-18T07:45:45.622Z		
4039122524	e5c5cad9-b987-4bb4-b07b-85488c5fdd80	c70b3b2d-e5cc-44d0-a83e-d7c041e82d99	Animalia	Chordata	Aves	Passeriformes	Pycnonotidae	Pycnonotus	Pycnonotus sinensis		SPECIES	Pycnonotus sinensis (Gmelin, 1789)						PRESENT		2e7df380-8356-4533-bcb3-5459e23c794e													2486150	2486150	PRESERVED_SPECIMEN	NHMD	AV	NHMD1179743				CC_BY_4_0					2026-03-18T07:45:48.153Z		
4039121927	e5c5cad9-b987-4bb4-b07b-85488c5fdd80	aa57268f-039c-4408-a0e4-79982f0dbcf7	Animalia	Chordata	Aves	Passeriformes	Pycnonotidae	Pycnonotus	Pycnonotus barbatus		SPECIES	Pycnonotus barbatus (Desfontaines, 1789)			MA	Morocco		PRESENT		2e7df380-8356-4533-bcb3-5459e23c794e									1833-10-15	15	10	1833	2486147	2486147	PRESERVED_SPECIMEN	NHMD	AV	NHMD1182556				CC_BY_4_0		Schousboe			2026-03-18T07:45:48.648Z		
3314907853	e5c5cad9-b987-4bb4-b07b-85488c5fdd80	d16966a1-afd9-4382-8148-ca7e546ee3d7	Animalia	Chordata	Aves	Passeriformes	Pycnonotidae	Pycnonotus	Pycnonotus cafer		SPECIES	Pycnonotus cafer (Linnaeus, 1766)			DK	Captivity, Rungsted	Region Hovedstaden	PRESENT		2e7df380-8356-4533-bcb3-5459e23c794e									1942-10-11	11	10	1942	2486131	2486131	PRESERVED_SPECIMEN	NHMD	AV	NHMD226837				CC_BY_4_0		Løppenthin, Bernt			2026-03-18T07:45:49.312Z		
3314895731	e5c5cad9-b987-4bb4-b07b-85488c5fdd80	25d30a5b-cd5e-497c-8726-bdba90755e6b	Animalia	Chordata	Aves	Passeriformes	Pycnonotidae	Arizelocichla	Arizelocichla milanjensis	striifacies	SUBSPECIES	Arizelocichla milanjensis striifacies			TZ	Udzungwa Scarp Forest	Iringa Region	PRESENT		2e7df380-8356-4533-bcb3-5459e23c794e	-8.366667	35.978611							1996-10-24	24	10	1996	6540503	7340424	PRESERVED_SPECIMEN	NHMD	AV	NHMD304697				CC_BY_4_0		Fjeldså, Jon			2026-03-18T07:45:41.417Z		COORDINATE_ROUNDED
3314890703	e5c5cad9-b987-4bb4-b07b-85488c5fdd80	1890eac2-cdc4-4f29-9165-0ba13ba79486	Animalia	Chordata	Aves	Passeriformes	Pycnonotidae	Pycnonotus	Pycnonotus jocosus	hainanensis	SUBSPECIES	Pycnonotus jocosus hainanensis (Hachisuka, 1939)			CN	Haikou	Qinghai Sheng	PRESENT		2e7df380-8356-4533-bcb3-5459e23c794e	20.05	110.35							1906			1906	6095074	2486151	PRESERVED_SPECIMEN	NHMD	AV	NHMD225572				CC_BY_4_0		Kliene, Charles;Raaschou, Th.			2026-03-18T07:45:45.703Z		
