Catalog #,Tissue #,Family - Full Name,Preparator #,Genus - Full Name,Species - Full Name,Country - Full Name,State - Full Name,County - Full Name,Locality,DecimalLatitude,DecimalLongitude,Collection Date,Preparations,Collection Object - Remarks,Collector (orig),Collectors - Last Name,Collectors - First Name,Collectors - Middle Initial,Specimen Attribute - Age,Age Category,Specimen Attribute - Bursa,Specimen Attribute - Fat,Specimen Attribute - Gonads,Specimen Attribute - Molt,Specimen Attribute - Sex,Skull Oss.
15200,,Pycnonotidae,,Pycnonotus,goiavier,Philippines,Unplaced,Zamboanga Sibugay,Malaugas,,,04/04/23,Skin - 1,donated to KU Museum,"Taylor, E.H.",Taylor,E.,H.,,,,,,,M,
15201,,Pycnonotidae,,Pycnonotus,goiavier,Philippines,Unplaced,Zamboanga Sibugay,Malaugas,,,,Skin - 1,donated to KU Museum,"Taylor, E.H.",Taylor,E.,H.,,,,,,,U,
29518,,Pycnonotidae,,Phyllastrephus,fischeri,,,,"Karura Forest, Nairobi",-1.16667,36.83333,08/22/1949,Skin - 1,gonads drawn on tag,"Clade, C.E.",Clade,C.,E.,Adult,,,,testes minute,,M,100%
33046,,Pycnonotidae,429,Pycnonotus,jocosus,,,,N/A,,,,Skeleton - 1,captive bird,"WOOLFENDEN, G.  E.",Woolfenden,G.,E.,,,,,,,U,
40019,,Pycnonotidae,,Pycnonotus,cafer,Pakistan,,,"Lahore, 20 mi NW",,,03/31/1961,Skin - 1,,"Maldonado, A.",Maldonado,A.,,,,,,,,F,
40020,,Pycnonotidae,,Pycnonotus,cafer,Pakistan,,,"Lahore, 20 mi NW",,,03/31/1961,Skin - 1,,"Maldonado, A.",Maldonado,A.,,,,,,,,M,
40991,,Pycnonotidae,3518,Alophoixus,ochraceus,Malaysia,Borneo,,"Tenom, 5.5 mi SW",,,12/23/1962,Skeleton - 1,,"Thompson, M.C.",Thompson,M.,C.,,,,,,,F,
40993,,Pycnonotidae,3559,Pycnonotus,goiavier,Malaysia,Borneo,,Tenom,,,01/01/63,Skeleton - 1,,"Thompson, M.C.",Thompson,M.,C.,,,,,testes enlarged,,M,
40994,,Pycnonotidae,3560,Pycnonotus,goiavier,Malaysia,Borneo,,Tenom,,,01/01/63,Skeleton - 1,,"Thompson, M.C.",Thompson,M.,C.,,,,light,ovary granular,,F,
40995,,Pycnonotidae,3567,Pycnonotus,goiavier,Malaysia,Borneo,,Tenom,,,01/02/63,Skeleton - 1,,"Thompson, M.C.",Thompson,M.,C.,,,,light,testes small,,M,
40996,,Pycnonotidae,3569,Pycnonotus,goiavier,Malaysia,Borneo,,Tenom,,,01/02/63,Skeleton - 1,,"Thompson, M.C.",Thompson,M.,C.,,,,light,ovary granular,,F,
40998,,Pycnonotidae,3571,Pycnonotus,goiavier,Malaysia,Borneo,,Tenom,,,01/02/62,Skeleton - 1,,"Thompson, M.C.",Thompson,M.,C.,,,,light,testes 9 x 7 mm,,M,
40999,,Pycnonotidae,3572,Pycnonotus,goiavier,Malaysia,Borneo,,Tenom,,,01/02/63,Skeleton - 1,,"Thompson, M.C.",Thompson,M.,C.,,,,light,ovary granular,,F,
41024,,Pycnonotidae,3353,Alophoixus,bres,Malaysia,Borneo,,"Cocoa Research Station, ca. 2 mi SW, Quoin Hill, Tawau Residency",,,11/27/1962,Skeleton - 1,,"Thompson, M.C.",Thompson,M.,C.,,,,,,,M,
41025,,Pycnonotidae,3354,Alophoixus,bres,Malaysia,Borneo,,"Cocoa Research Station, ca. 2 mi SW, Quoin Hill, Tawau Residency",,,11/27/1962,Skeleton - 1,,"Thompson, M.C.",Thompson,M.,C.,,,,,,,F,
41026,,Pycnonotidae,3110,Alophoixus,phaeocephalus,Malaysia,Borneo,,"Kalbakan, 12 mi. N; Tawau Residency",,,10/20/1962,Skeleton - 1,,"Thompson, M.C.",Thompson,M.,C.,,,,,,,M,
41027,,Pycnonotidae,3125,Alophoixus,phaeocephalus,Malaysia,Borneo,,"Kalbakan, 12 mi. N; Tawau Residency",,,10/22/1962,Skeleton - 1,,"Thompson, M.C.",Thompson,M.,C.,,,,,,,F,
41028,,Pycnonotidae,3155,Alophoixus,phaeocephalus,Malaysia,Borneo,,"Kalbakan, 12 mi. N; Tawau Residency",,,10/26/1962,Skeleton - 1,,"Thompson, M.C.",Thompson,M.,C.,,,,,,,F,
41029,,Pycnonotidae,3109,Setornis,criniger,Malaysia,Borneo,,"Kalabakan, 12 mi. N; Tawau Residency",,,10/20/1962,Skeleton - 1,,"Thompson, M.C.",Thompson,M.,C.,,,,,,,M,
41030,,Pycnonotidae,3337,Setornis,criniger,Malaysia,Borneo,,"Cocoa Research Station, ca. 2 mi SW, Quoin Hill, Tawau Residency",,,11/27/1962,Skeleton - 1,,"Thompson, M.C.",Thompson,M.,C.,,,,,,,F,
41031,,Pycnonotidae,3129,Setornis,criniger,Malaysia,Borneo,,"Kalabakan, 12 mi. N; Tawau Residency",,,10/22/1962,Skeleton - 1,,"Thompson, M.C.",Thompson,M.,C.,,,,,,,M,
41032,,Pycnonotidae,3357,Pycnonotus,erythropthalmos,Malaysia,Borneo,,"Cocoa Research Station, ca. 2 mi SW, Quoin Hill, Tawau Residency",,,11/27/1962,Skeleton - 1,,"Thompson, M.C.",Thompson,M.,C.,,,,,,,F,
41033,,Pycnonotidae,3405,Pycnonotus,erythropthalmos,Malaysia,Borneo,,"Cocoa Research Station, ca. 2 mi SW, Quoin Hill, Tawau Residency",,,12/01/62,Skeleton - 1,,"Thompson, M.C.",Thompson,M.,C.,,,,,testes small,,M,
41034,,Pycnonotidae,3402,Pycnonotus,brunneus,Malaysia,Borneo,,"Cocoa Research Station, ca. 2 mi SW, Quoin Hill, Tawau Residency",,,12/01/62,Skeleton - 1,,"Thompson, M.C.",Thompson,M.,C.,,,,,testes small,,M,
41035,,Pycnonotidae,3403,Pycnonotus,brunneus,Malaysia,Borneo,,"Cocoa Research Station, ca. 2 mi SW, Quoin Hill, Tawau Residency",,,12/01/62,Skeleton - 1,,"Thompson, M.C.",Thompson,M.,C.,,,,,testes small,,M,
41036,,Pycnonotidae,3404,Pycnonotus,brunneus,Malaysia,Borneo,,"Cocoa Research Station, ca. 2 mi SW, Quoin Hill, Tawau Residency",,,12/01/62,Skeleton - 1,,"Thompson, M.C.",Thompson,M.,C.,,,,,testes small,,M,
41149,,Pycnonotidae,3591,Pycnonotus,plumosus,Philippines,Palawan,,"Culion Island, 6.5 mi SW Culion",,,06/11/62,Skeleton - 1,,"Thompson, M.C.",Thompson,M.,C.,,,,,,,M,
41151,,Pycnonotidae,3591,Pycnonotus,plumosus,Philippines,Palawan,,"Busuanga Island, San Nicholas, 6 km NE",,,05/27/1962,Skeleton - 1,,"Thompson, M.C.",Thompson,M.,C.,,,,,,,M,
41152,,Pycnonotidae,3591,Pycnonotus,plumosus,Philippines,Palawan,,"Busuanga Island, San Nicholas, 6 km NE",,,05/29/1962,Skeleton - 1,,"Thompson, M.C.",Thompson,M.,C.,,,,,,,M,
41153,,Pycnonotidae,3591,Pycnonotus,plumosus,Philippines,Palawan,,"Busuanga Island, San Nicholas, 6 km NE",,,05/29/1962,Skeleton - 1,,"Thompson, M.C.",Thompson,M.,C.,,,,,,,F,
41154,,Pycnonotidae,3591,Pycnonotus,plumosus,Philippines,Palawan,,"Busuanga Island, San Nicholas, 6 km NE",,,05/30/1962,Skeleton - 1,,"Thompson, M.C.",Thompson,M.,C.,,,,,,,M,
41155,,Pycnonotidae,3341,Alophoixus,finschii,Malaysia,Borneo,,"Cocoa Research Station, ca. 2 mi SW, Quoin Hill, Tawan",,,11/27/1962,Skeleton - 1,,"Thompson, M.C.",Thompson,M.,C.,,,,,,,M,
41156,,Pycnonotidae,3341,Alophoixus,bres,Philippines,Palawan,,"Busuanga Island, San Nicholas, 6 km NE",,,05/25/1962,Skeleton - 1,,"Thompson, M.C.",Thompson,M.,C.,,,,,,,U,
41273,,Pycnonotidae,,Pycnonotus,atriceps,Philippines,Palawan,,"Palawan Island, Macagua, Brooke's Point",,,04/02/62,Skin - 1,,"Rabor, D.S",Rabor,D.,S.,,,,,,,M,
41274,,Pycnonotidae,,Pycnonotus,atriceps,Philippines,Palawan,,"Palawan Island, Macagua, Brooke's Point",,,04/07/62,Skin - 1,,"Rabor, D.S",Rabor,D.,S.,,,,,,,F,
41275,,Pycnonotidae,,Pycnonotus,atriceps,Philippines,Palawan,,"Palawan Island, Pinigisan, Mantalingajan Range, Brooke's Point",,,04/21/1962,Skin - 1,,"Rabor, D.S",Rabor,D.,S.,,,,,,,M,
41276,,Pycnonotidae,,Pycnonotus,atriceps,Philippines,Palawan,,"Palawan Island, Tarabanan, Conception, Puerto Princese",,,05/07/62,Skin - 1,,"Rabor, D.S",Rabor,D.,S.,,,,,,,M,
41277,,Pycnonotidae,,Pycnonotus,atriceps,Philippines,Palawan,,"Palawan Island, Tarabanan, Conception, Puerto Princese",,,05/15/1962,Skin - 1,,"Rabor, D.S",Rabor,D.,S.,,,,,,,F,
41278,,Pycnonotidae,,Pycnonotus,plumosus,Philippines,Palawan,,"Palawan Island, Macagua, Brooke's Point",,,04/02/62,Skin - 1,,"Rabor, D.S.",Rabor,D.,S.,,,,,ovary active,,F,
41279,,Pycnonotidae,,Pycnonotus,plumosus,Philippines,Palawan,,"Palawan Island, Macagua, Brooke's Point",,,04/03/62,Skin - 1,,"Rabor, D.S.",Rabor,D.,S.,,,,,,,F,
41280,,Pycnonotidae,,Pycnonotus,plumosus,Philippines,Palawan,,"Palawan Island, Macagua, Brooke's Point",,,04/21/1962,Skin - 1,,"Rabor, D.S.",Rabor,D.,S.,,,,,,,M,
41281,,Pycnonotidae,,Pycnonotus,plumosus,Philippines,Palawan,,"Palawan Island, Macagua, Brooke's Point",,,04/21/1962,Skin - 1,,"Rabor, D.S.",Rabor,D.,S.,,,,,,,F,
41282,,Pycnonotidae,,Pycnonotus,plumosus,Philippines,Palawan,,"Palawan Island, Malabusog, Tinitian Roxas",,,04/27/1962,Skin - 1,,"Rabor, D.S.",Rabor,D.,S.,,,,,,,M,
41283,,Pycnonotidae,,Pycnonotus,plumosus,Philippines,Palawan,,"Culion Island, Culion, 6.5 km SW",,,06/09/62,Skin - 1,,"Thompson, M.C.",Thompson,M.,C.,,,,,,,M,
41284,,Pycnonotidae,,Alophoixus,bres,Philippines,Palawan,,"Palawan Island, Macagua, Brook's Point",,,03/29/1962,Skin - 1,,"Rabor, D.S.",Rabor,D.,S.,,,,,testis enlarged,,M,
41285,,Pycnonotidae,,Alophoixus,bres,Philippines,Palawan,,"Palawan Island, Macagua, Brook's Point",,,04/04/62,Skin - 1,,"Rabor, D.S.",Rabor,D.,S.,,,,,,,M,
41286,,Pycnonotidae,,Alophoixus,bres,Philippines,Palawan,,"Palawan Island, Macagua, Brook's Point",,,04/04/62,Skin - 1,,,,,,,,,,ovary active,,F,
41287,,Pycnonotidae,,Alophoixus,bres,Philippines,Palawan,,"Palawan Island, Minagas Point, Dalawan Bay",,,04/26/1962,Skin - 1,,"Thompson, M.C. and Gonzales, R.",Thompson,M.,C.,,,,,testis enlarged,,M,
41287,,Pycnonotidae,,Alophoixus,bres,Philippines,Palawan,,"Palawan Island, Minagas Point, Dalawan Bay",,,04/26/1962,Skin - 1,,"Thompson, M.C. and Gonzales, R.",Gonzales,R.,B.,,,,,testis enlarged,,M,
41288,,Pycnonotidae,,Iole,palawanensis,Philippines,Palawan,,"Palawan Island, Pinigisan, Mantalingisjan Range, Brooke's Point",,,04/12/62,Skin - 1,,"Rabor, D.S.",Rabor,D.,S.,,,,,testis enlarged,,M,
41289,,Pycnonotidae,,Iole,palawanensis,Philippines,Palawan,,"Palawan Island, Malabusog, Roxas, Tinitian",,,04/28/1962,Skin - 1,,"Rabor, D.S.",Rabor,D.,S.,,,,,,,M,
41290,,Pycnonotidae,,Iole,palawanensis,Philippines,Palawan,,"Palawan Island, Tarabanan Conception, Puerta Princesa",,,05/08/62,Skin - 1,,"Rabor, D.S.",Rabor,D.,S.,,,,,,,F,
41291,,Pycnonotidae,,Iole,palawanensis,Philippines,Palawan,,"Palawan Island, Tarabanan Conception, Puerta Princesa",,,05/16/1962,Skin - 1,,"Rabor, D.S.",Rabor,D.,S.,,,,,testis enlarged,,M,
43231,,Pycnonotidae,3547,Pycnonotus,goiavier,Malaysia,Borneo,,Tenom,,,12/31/1962,Skin - 1,,"Thompson, M.C.",Thompson,M.,C.,,,,light,ovary minute,,F,
43232,,Pycnonotidae,3548,Pycnonotus,goiavier,Malaysia,Borneo,,Tenom,,,12/31/1962,Skin - 1,,"Thompson, M.C.",Thompson,M.,C.,,,,light,testes 9 x 6 mm,,M,
43233,,Pycnonotidae,3557,Pycnonotus,goiavier,Malaysia,Borneo,,Tenom,,,01/01/63,Skin - 1,,"Thompson, M.C.",Thompson,M.,C.,,,,light,ovary minute,,F,
43234,,Pycnonotidae,3566,Pycnonotus,goiavier,Malaysia,Borneo,,Tenom,,,01/02/63,Skin - 1,,"Thompson, M.C.",Thompson,M.,C.,,,,light,ovary granular,,F,
43235,,Pycnonotidae,3568,Pycnonotus,goiavier,Malaysia,Borneo,,Tenom,,,01/02/63,Skin - 1,,"Thompson, M.C.",Thompson,M.,C.,,,,light,testis 9 x 7 mm,,M,
43236,,Pycnonotidae,3553,Pycnonotus,plumosus,Malaysia,Borneo,,Tenom,,,01/01/63,Skin - 1,,"Thompson, M.C.",Thompson,M.,C.,,,,light,testis 6 x 5 mm,,M,
43237,,Pycnonotidae,3554,Pycnonotus,plumosus,Malaysia,Borneo,,Tenom,,,01/01/63,Skin - 1,,"Thompson, M.C.",Thompson,M.,C.,,,,light,testes small,,M,
43238,,Pycnonotidae,3577,Pycnonotus,plumosus,Malaysia,Borneo,,Tenom,,,01/04/63,Skin - 1,,"Thompson, M.C.",Thompson,M.,C.,,,,light,testes 6 x 4 mm,rectrices only,M,
43239,,Pycnonotidae,3578,Pycnonotus,plumosus,Malaysia,Borneo,,Tenom,,,01/04/63,Skin - 1,,"Thompson, M.C.",Thompson,M.,C.,,,,light,testes 5 x 4 mm,,M,
43240,,Pycnonotidae,2638,Pycnonotus,brunneus,Malaysia,Borneo,,"Cocoa Research Station, Quoin Hill, Tawan",,,07/22/1962,Skin - 1,,"Thompson, M.C.",Thompson,M.,C.,Immature,,,medium,,,F,
43241,,Pycnonotidae,2868,Pycnonotus,brunneus,Malaysia,Borneo,,"Cocoa Research Station, Quoin Hill, Tawan",,,09/04/62,Skin - 1,,"Thompson, M.C.",Thompson,M.,C.,,,,light,testes 6 x 4 mm,,M,
43242,,Pycnonotidae,2953,Pycnonotus,brunneus,Malaysia,Borneo,,"Cocoa Research Station, Quoin Hill, Tawan",,,09/25/1962,Skin - 1,,"Thompson, M.C.",Thompson,M.,C.,,,,medium,testes small,rectrices only,M,
43243,,Pycnonotidae,3422,Pycnonotus,brunneus,Malaysia,Borneo,,"Cocoa Research Station, Quoin Hill, Tawan",,,12/02/62,Skin - 1,,"Thompson, M.C.",Thompson,M.,C.,,,,light,testes small,,M,
43244,,Pycnonotidae,3469,Pycnonotus,simplex,Malaysia,Borneo,,"Tenom, 5.5 mi SW",,,12/19/1962,Skin - 1,,"Thompson, M.C.",Thompson,M.,C.,,,,light,ovary granular,,F,
43245,,Pycnonotidae,2958,Pycnonotus,erythropthalmos,Malaysia,Borneo,,"Cocoa Research Station, Quoin Hill, Tawan",,,09/25/1962,Skin - 1,,"Thompson, M.C.",Thompson,M.,C.,,,,medium,testes 7 x 5 mm,,M,
43246,,Pycnonotidae,3419,Pycnonotus,erythropthalmos,Malaysia,Borneo,,"Cocoa Research Station, Quoin Hill, Tawan",,,12/02/62,Skin - 1,,"Thompson, M.C.",Thompson,M.,C.,,,,light,testes small,,M,
43247,,Pycnonotidae,3420,Pycnonotus,erythropthalmos,Malaysia,Borneo,,"Cocoa Research Station, Quoin Hill, Tawan",,,12/02/62,Skin - 1,,"Thompson, M.C.",Thompson,M.,C.,,,,light,testis minute,,M,
43248,,Pycnonotidae,3271,Alophoixus,bres,Malaysia,Borneo,,"12 mi N Kalabakan, Tawau Residency",,,11/13/1962,Skin - 1,,"Thompson, M.C.",Thompson,M.,C.,,,,light,testes small,,M,
43249,,Pycnonotidae,3250,Alophoixus,bres,Malaysia,Borneo,,"12 mi N Kalabakan, Tawau Residency",,,11/11/62,Skin - 1,,"Thompson, M.C.",Thompson,M.,C.,,,,light,ovary granular,,F,
43250,,Pycnonotidae,3127,Alophoixus,bres,Malaysia,Borneo,,"12 mi N Kalabakan, Tawau Residency",,,10/22/1962,Skin - 1,,"Thompson, M.C.",Thompson,M.,C.,,,,light,testes small,,M,
43251,,Pycnonotidae,3489,Alophoixus,ochraceus,Malaysia,Borneo,,"Tenom, 5.5 mi SW",,,12/21/1962,Skin - 1,,"Thompson, M.C.",Thompson,M.,C.,,,,light,ovary granular,,F,
43252,,Pycnonotidae,3491,Alophoixus,ochraceus,Malaysia,Borneo,,"Tenom, 5.5 mi SW",,,12/21/1962,Skin - 1,,"Thompson, M.C.",Thompson,M.,C.,,,,light,testes 4 x 3 mm,,M,
43253,,Pycnonotidae,3038,Alophoixus,phaeocephalus,Malaysia,Borneo,,"Kalabakan, 12 mi N, Tawau Residency",,,10/14/1962,Skin - 1,,"Thompson, M.C.",Thompson,M.,C.,,,,medium,testes small,,M,
43254,,Pycnonotidae,3039,Alophoixus,phaeocephalus,Malaysia,Borneo,,"Kalabakan, 12 mi N, Tawau Residency",,,10/14/1962,Skin - 1,,"Thompson, M.C.",Thompson,M.,C.,,,,light,ovary granular,,F,
43255,,Pycnonotidae,3063,Alophoixus,phaeocephalus,Malaysia,Borneo,,"Kalabakan, 12 mi N, Tawau Residency",,,10/17/1962,Skin - 1,,"Thompson, M.C.",Thompson,M.,C.,,,,light,ovary granular,,F,
43256,,Pycnonotidae,3071,Alophoixus,phaeocephalus,Malaysia,Borneo,,"Kalabakan, 12 mi N, Tawau Residency",,,10/17/1962,Skin - 1,,"Thompson, M.C.",Thompson,M.,C.,,,,medium,testes small,,M,
43257,,Pycnonotidae,3080,Alophoixus,phaeocephalus,Malaysia,Borneo,,"Kalabakan, 12 mi N, Tawau Residency",,,10/19/1962,Skin - 1,,"Thompson, M.C.",Thompson,M.,C.,,,,light,testes small,,M,
43258,,Pycnonotidae,3135,Alophoixus,phaeocephalus,Malaysia,Borneo,,"Kalabakan, 12 mi N, Tawau Residency",,,10/23/1962,Skin - 1,,"Thompson, M.C.",Thompson,M.,C.,,,,light,ovary granular,,F,
43259,,Pycnonotidae,2798,Alophoixus,finschii,Malaysia,Borneo,,"Cocoa Research Station, Quoin Hill, Tawau.",,,08/23/1962,Skin - 1,,"Thompson, M.C.",Thompson,M.,C.,,,,medium,testes 5 x 4 mm,,M,
43260,,Pycnonotidae,2799,Alophoixus,finschii,Malaysia,Borneo,,"Cocoa Research Station, Quoin Hill, Tawau.",,,08/23/1962,Skin - 1,,"Thompson, M.C.",Thompson,M.,C.,,,,moderate,ovary granular,,F,
43261,,Pycnonotidae,3023,Tricholestes,criniger,Malaysia,Borneo,,"Katabakan, 12 mi N, Tawau Residency",,,10/13/1962,Skin - 1,,"Thompson, M.C.",Thompson,M.,C.,,,,light,testes small,,M,
43262,,Pycnonotidae,3029,Tricholestes,criniger,Malaysia,Borneo,,"Katabakan, 12 mi N, Tawau Residency",,,10/13/1962,Skin - 1,,"Thompson, M.C.",Thompson,M.,C.,,,,medium,ovary minute,,F,
43263,,Pycnonotidae,3055,Tricholestes,criniger,Malaysia,Borneo,,"Katabakan, 12 mi N, Tawau Residency",,,10/16/1962,Skin - 1,,"Thompson, M.C.",Thompson,M.,C.,,,,light,testes small,,M,
43264,,Pycnonotidae,3081,Tricholestes,criniger,Malaysia,Borneo,,"Katabakan, 12 mi N, Tawau Residency",,,10/19/1962,Skin - 1,,"Thompson, M.C.",Thompson,M.,C.,,,,light,ovary granular,heavy,F,
43265,,Pycnonotidae,3082,Tricholestes,criniger,Malaysia,Borneo,,"Katabakan, 12 mi N, Tawau Residency",,,10/19/1962,Skin - 1,,"Thompson, M.C.",Thompson,M.,C.,,,,light,ovary minute,,F,
43266,,Pycnonotidae,2781,Ixos,malaccensis,Malaysia,Borneo,,"Cocoa Research Station, Quoin Hill, Tawau",,,08/20/1962,Skin - 1,,"Thompson, M.C.",Thompson,M.,C.,,,,light,testes 8 x 5 mm,,M,
43267,,Pycnonotidae,2818,Iole,olivacea,Malaysia,Borneo,,"Cocoa Research Station, Quoin Hill, Tawau",,,08/27/1962,Skin - 1,,"Thompson, M.C.",Thompson,M.,C.,,,,light,testes 5 x 3 mm,,M,
43268,,Pycnonotidae,3466,Hemixos,flavala,Malaysia,Borneo,,"Tenom, 5.5 mi SW",,,12/19/1962,Skin - 1,,"Thompson, M.C.",Thompson,M.,C.,,,,light,testes 4 x 3 mm,,M,
43269,,Pycnonotidae,3477,Hemixos,flavala,Malaysia,Borneo,,"Tenom, 5.5 mi SW",,,12/20/1962,Skin - 1,,"Thompson, M.C.",Thompson,M.,C.,,,,,testes 5 x 4 mm,,M,light
43839,,Pycnonotidae,B.F. 925,Pycnonotus,sinensis,Taiwan,Formosa,,"Hua-Lien, Hua-Lies Hsien",,,03/23/1960,Skin - 1,received in exchange with Smithsonian in April 1964,,,,,,,,,,,F,
43840,,Pycnonotidae,B.F. 925,Pycnonotus,sinensis,Taiwan,Formosa,,"Hua-Lien, Hua-Lies Hsien",,,03/29/1960,Skin - 1,received in exchange with Smithsonian in April 1964,,,,,,,,,,,M,
43841,,Pycnonotidae,B.F. 3095,Hypsipetes,leucocephalus,Taiwan,,,"Hsin-sheh, Tai-chung Hsien, Formosa",,,02/09/61,Skin - 1,received in exchange with Smithsonian in April 1964,,,,,,,,,,,M,
48860,,Pycnonotidae,,Pycnonotus,cyaniventris,Thailand,,,"Songkhla, Nathawi",,,10/06/62,Skin - 1,,"Elbel, R.E.",Elbel,R.,E.,,,,,,,M,
48861,,Pycnonotidae,,Pycnonotus,jocosus,Thailand,,,"Ranong, kapoe, Muangkluang",,,12/29/1962,Skin - 1,,"Elbel, R.E.",Elbel,R.,E.,,,,,,,M,
48862,,Pycnonotidae,,Pycnonotus,finlaysoni,Thailand,,,"Phang, Nga Muang, Thai Chang",,,08/25/1962,Skin - 1,,"Elbel, R.E.",Elbel,R.,E.,,,,,,,M,
48863,,Pycnonotidae,,Pycnonotus,goiavier,Thailand,,,"Songkhla, Khao Rup Champ",,,10/23/1961,Skin - 1,,"Elbel, R.E.",Elbel,R.,E.,,,,,,,M,
48864,,Pycnonotidae,,Pycnonotus,goiavier,Thailand,,,"Songkhla, Khao Rup Champ",,,11/04/61,Skin - 1,,"Elbel, R.E.",Elbel,R.,E.,,,,,,,M,
70449,,Pycnonotidae,MS-93,Hypsipetes,madagascariensis,,,,"Dhanaulti, 1.0 mi. N; Kemoi",,,07/16/1974,Skeleton - 1,,"Waltner, R. C & S. A. Hussain",Waltner,R.,C.,,,,,,,M,
70449,,Pycnonotidae,MS-93,Hypsipetes,madagascariensis,,,,"Dhanaulti, 1.0 mi. N; Kemoi",,,07/16/1974,Skeleton - 1,,"Waltner, R. C & S. A. Hussain",Hussain,S.,A.,,,,,,,M,
70452,,Pycnonotidae,MS 32,Pycnonotus,cafer,,,,"Dehra Dun, 2.5 mi. N, 2.5 mi. E; Maldeota",,,06/23/1974,Skeleton - 1,,,,,,,,,,follicle enlarged,,F,
70477,,Pycnonotidae,,Pycnonotus,cafer,,,,"Keserwalla, 1.5 mi N and 4 mi E Dehra Dun",,,08/01/74,Skeleton - 1,,,,,,,,,,,,M,
70512,,Pycnonotidae,,Phyllastrephus,strepitans,Kenya,,,"Kongelai, W Pokot District",,,12/31/1975,Skin - 1,,"Thompson, M.C.",Thompson,M.,C.,Adult,,,light,ovary small,,F,100%
70561,,Pycnonotidae,,Phyllastrephus,strepitans,Kenya,West Pokot District,,Kongelai,,,01/01/76,Skeleton - 1,,"Thompson, M.C.",Thompson,M.,C.,,,,,ovary enlarged,,F,
70583,,Pycnonotidae,,Pycnonotus,barbatus,Kenya,West Pokot District,,Kongelai,,,01/01/76,Skeleton - 1,,"Thompson, M.C.",Thompson,M.,C.,,,,,ovary small,,F,
70584,,Pycnonotidae,,Pycnonotus,barbatus,Kenya,West Pokot District,,Kongelai,,,01/01/76,Skeleton - 1,,"Thompson, M.C.",Thompson,M.,C.,,,,,ovary small,,F,
70585,,Pycnonotidae,,Pycnonotus,barbatus,Kenya,West Pokot District,,Kongelai,,,01/01/76,Skeleton - 1,NUMBER 98 IN INDEX COLLECTION,"Thompson, M.C.",Thompson,M.,C.,,,,,testes small,,M,
70606,,Pycnonotidae,,Phyllastrephus,strepitans,Kenya,West Pokot District,,Kongelai,,,01/01/76,Skeleton - 1,,"Thompson, M.C.",Thompson,M.,C.,,,,,testes small,,M,
70839,,Pycnonotidae,,Andropadus,tephrolaemus,Kenya,,,"Kimothon, E Mt. Elgon",,,01/11/76,Skeleton - 1,,"Thompson, M.C.",Thompson,M.,C.,,,,,ovary small,,F,
70866,,Pycnonotidae,,Phyllastrephus,hypochloris,Kenya,,,"Kimothon, E Mt. Elgon",,,01/12/76,Skin - 1,gonads drawn on tag,"Thompson, M.C.",Thompson,M.,C.,,,,,testes small,,M,
70919,,Pycnonotidae,,Eurillas,latirostris,,,,"Kakamega Forest, W. Kenya",,,01/21/1975,Skeleton - 1,,"Thompson, M.C.",Thompson,M.,C.,,,,,,,F,
70999,,Pycnonotidae,,Eurillas,latirostris,Kenya,,,"near Endebess, E Mt. Elgon",,,01/15/1976,Skeleton - 1,,"Thompson, M.C.",Thompson,M.,C.,,,,,testes small,,M,
71041,,Pycnonotidae,,Pycnonotus,barbatus,,,,"E Mt. Elgon, near Endebess",,,01/16/1976,Skin - 1,,"Thompson, M.C.",Thompson,M.,C.,,,,light,OVARY SLIGHTLY ENLARGED,,F,100%
71056,,Pycnonotidae,,Andropadus,gracilirostris,Kenya,,,Kakamega Forest,,,07/01/75,Skeleton - 1,,"Thompson, M.C.",Thompson,M.,C.,,,,,,,U,
71102,,Pycnonotidae,,Eurillas,latirostris,Kenya,,,"Kimothon, E Mt. Elgon",,,01/18/1976,Skin - 1,,"Thompson, M.C.",Thompson,M.,C.,,,,light,ovary small,,F,unossified
71117,,Pycnonotidae,,Pycnonotus,barbatus,Kenya,,,"Kongelai, W Pokot District",,,01/06/76,Skin - 1,,"Thompson, M.C.",Thompson,M.,C.,,,,,ovary smooth,,F,100%
71139,,Pycnonotidae,,Pycnonotus,barbatus,Kenya,,,"Kongelai, W Pokot District",,,01/02/76,Skeleton - 1,,"Thompson, M.C.",Thompson,M.,C.,,,,,,,F,
71140,,Pycnonotidae,,Pycnonotus,barbatus,Kenya,,,"Kongelai, W Pokot District",,,01/02/76,Skeleton - 1,,"Thompson, M.C.",Thompson,M.,C.,,,,,,,F,
71233,,Pycnonotidae,599,Hypsipetes,madagascariensis,,,,"34 mi S and 11 mi E Mussoorie, near Dhanaulti",,,12/10/73,Skin - 1,,"Waltner, R.C.",Waltner,R.,C.,,,,medium,testis not enlarged,,M,100%
80540,,Pycnonotidae,758,Eurillas,virens,,,,Kakamega Forest,,,,Skeleton - 1,TAKEN IN SEPTEMBER OR OCTOBER,"WILLIAMS, J.  G.",Williams,John,G.,,,,,,,M,
81195,,Pycnonotidae,S-927,Pycnonotus,leucogenys,Pakistan,,,"Cambellpur District, Chinji",,,01/26/1975,Skeleton - 1,,"SIBLEY, F.  C.",Sibley,Fred,C.,,,,,testes 1 mm,,M,
92579,,Pycnonotidae,OK 183,Hemixos,castanonotus,China,Hunan,Dongan,Dongan Shun Huang Shan National Park,26.409,111.035,08/29/2002,Alcoholic - 1,preserved with formaldehyde,netted,,,,,,,,,heavy body,U,
92583,,Pycnonotidae,BWB 508,Hemixos,castanonotus,China,Hunan,Dongan,Dongan Shun Huang Shan National Park,26.409,111.035,08/28/2002,Alcoholic - 1,preserved with formaldehyde,netted,,,,,,,,,moderate on chest & back,U,
92585,,Pycnonotidae,BWB 523,Ixos,mcclellandii,China,Hunan,Dongan,Dongan Shun Huang Shan National Park,26.409,111.035,08/30/2002,Alcoholic - 1,preserved with formaldehyde,netted,,,,,,,,,light body,U,
92587,,Pycnonotidae,BWB 546,Spizixos,semitorques,China,Hunan,Dongan,Dongan Shun Huang Shan National Park,26.409,111.035,09/03/02,Alcoholic - 1,preserved with formaldehyde,netted,,,,,,,,,light body,U,
92621,6643,Pycnonotidae,BWB 488,Hemixos,castanonotus,China,Hunan,Dongan,Dongan Shun Huang Shan National Park,26.409,111.035,08/23/2002,Skin - 1; Tissue - 100,lower montane bamboo-evergreen forest,netted,,,,,,none,none,testes 10 x 6 mm,light body,M,100%
92622,6642,Pycnonotidae,BWB 487,Hemixos,castanonotus,China,Hunan,Dongan,Dongan Shun Huang Shan National Park,26.409,111.035,08/23/2002,Skin - 1; Tissue - 100,lower montane bamboo-evergreen forest,netted,,,,,,none,none,"ovary mass 8 x 6 mm, lg. Ovum 1 mm; brood patch 30 mm",light body,F,100%
92623,6690,Pycnonotidae,OK 181,Hemixos,castanonotus,China,Hunan,Dongan,Dongan Shun Huang Shan National Park,26.409,111.035,08/29/2002,Skin - 1; Tissue - 100,lower montane bamboo-evergreen forest,netted,,,,,,none,light,"ovary mass 6 x 3 mm, granular",heavy body,F,100%
92624,6651,Pycnonotidae,GC 120,Hemixos,castanonotus,China,Hunan,Dongan,Dongan Shun Huang Shan National Park,26.409,111.035,08/25/2002,Skin - 1; Tissue - 100,lower montane bamboo-evergreen forest,netted,,,,,,,light,not found,,U,
92625,6685,Pycnonotidae,,Ixos,mcclellandii,China,Hunan,Dongan,Dongan Shun Huang Shan National Park,26.409,111.035,08/29/2002,Skin - 1; Tissue - 100,lower montane bamboo-evergreen forest,netted,,,,,,,little,ovary mass 13 x 5 mm; many yolks,none,F,100%
92626,6696,Pycnonotidae,BWB 524,Ixos,mcclellandii,China,Hunan,Dongan,Dongan Shun Huang Shan National Park,26.409,111.035,08/30/2002,Skin - 1; Tissue - 100,lower montane bamboo-evergreen forest,netted,,,,,,none,light,ovary mass 9 x 6 mm; lg. Ovum 2 mm,light body,F,100%
92627,6688,Pycnonotidae,GC 128,Ixos,mcclellandii,China,Hunan,Dongan,Dongan Shun Huang Shan National Park,26.409,111.035,08/29/2002,Skin - 1; Tissue - 100,lower montane bamboo-evergreen forest,netted,,,,,,,little,testes 12 x 8 mm,none,M,100%
92628,6647,Pycnonotidae,GC 116,Hypsipetes,leucocephalus,China,Hunan,Dongan,Dongan Shun Huang Shan National Park,26.409,111.035,08/25/2002,Skin - 1; Tissue - 100,lower montane bamboo-evergreen forest,netted,,,,,,,light,testes 7.5 x 1.5 mm,heavy body,M,
92629,6659,Pycnonotidae,BWB 499,Spizixos,semitorques,China,Hunan,Dongan,Dongan Shun Huang Shan National Park,26.409,111.035,08/26/2002,Skin - 1; Tissue - 100,lower montane bamboo-evergreen forest,netted,,,,,,8 x 4 mm,none,ovary mass 8 x 2 mm,light body; # 2 primary,F,unoss.
92716,6671,Pycnonotidae,BWB 507,Hemixos,castanonotus,China,Hunan,Dongan,Dongan Shun Huang Shan National Park,26.409,111.035,08/27/2002,Skeleton - 1; Tissue - 100,lower montane bamboo-evergreen forest,netted,,,,,,none,none,testes 2 x 1 mm,"wing & tail; light on chest, back & head",M,100%
92723,6680,Pycnonotidae,OK 179,Hemixos,castanonotus,China,Hunan,Dongan,Dongan Shun Huang Shan National Park,26.409,111.035,08/28/2002,Skeleton - 1; Tissue - 100,lower montane bamboo-evergreen forest,netted,,,,,,none,light,ovary mass 6 x 3 mm,heavy on back & head,F,100%
92724,6693,Pycnonotidae,OK 182,Hemixos,castanonotus,China,Hunan,Dongan,Dongan Shun Huang Shan National Park,26.409,111.035,08/29/2002,Skeleton - 1; Tissue - 100,lower montane bamboo-evergreen forest,netted,,,,,,8 x 4 mm,light,testes 1.5 x 1 mm,all over,M,5%
93416,9998,Pycnonotidae,ATP 2004-51,Hemixos,castanonotus,China,Guangxi,,Diding Headwater Nature Preserve,,,09/22/2004,Skin - 1; Tissue - 100,primary evergreen forest; parasite # 147,"Peterson, A.T.",Peterson,A.,T.,,,8 x 3 mm,light,ovary minute,general,f,10%
93417,10208,Pycnonotidae,GC 2004-29,Ixos,mcclellandii,China,Guangxi,,Diding Headwater Nature Preserve,,,10/04/04,Skin - 1; Tissue - 100,primary evergreen forest; parasite # 521,netted,,,,,,none,light,"ovary 3 x 1.5 mm, granular",no wing or tail,f,100%
93418,10184,Pycnonotidae,AN 456,Ixos,mcclellandii,China,Guangxi,,Diding Headwater Nature Preserve,,,10/02/04,Skin - 1; Tissue - 100,primary evergreen forest; parasite # 458,netted,,,,,,8 x 5 mm,light,testes 1.5 mm,"heavy body, especially on head",m,unoss.
93419,9993,Pycnonotidae,ATP 2004-49,Ixos,mcclellandii,China,Guangxi,,Diding Headwater Nature Preserve,,,09/22/2004,Skin - 1; Tissue - 100,primary evergreen forest; parasite # 137,netted,,,,,,,moderate,testes 7 x 5 mm,general,m,100%
93420,10029,Pycnonotidae,AN 402,Alophoixus,pallidus,China,Guangxi,,Diding Headwater Nature Preserve,,,09/23/2004,Skin - 1; Tissue - 100,primary evergreen forest; parasite # 189,netted,,,,,,none,light,testes 4 x 2 mm,light body,m,100%
93421,9921,Pycnonotidae,ATP 2004-1,Alophoixus,pallidus,China,Guangxi,,Diding Headwater Nature Preserve,,,09/19/2004,Skin - 1; Tissue - 100,primary evergreen forest; parasite # 14,netted,,,,,,9 x 5 mm,moderate,"ovary mass 8 x 4 mm,smooth",general body,f,10%
93422,10111,Pycnonotidae,AN 430,Alophoixus,pallidus,China,Guangxi,,Diding Headwater Nature Preserve,,,09/28/2004,Skin - 1; Tissue - 100,primary evergreen forest; parasite # 327,netted,,,,,,none,light,"ovary 4 x 2 mm, granular",heavy body; also tail,f,100%
93425,10023,Pycnonotidae,GC 2004-3,Hemixos,castanonotus,China,Guangxi,,Diding Headwater Nature Preserve,,,09/23/2004,Alcoholic - 1; Tissue - 100,primary evergreen forest; parasite # 186,netted,,,,,,,,,,u,
95038,,Pycnonotidae,LASG 43,Eurillas,virens,Equatorial Guinea,Centro Sur,,"Monte Alen Nacional Park, ASOC",1.65,10.28333,06/02/02,Skeleton - 1,,netted,,,,,,none,none,testes 1 x 1 mm,none,M,100%
95045,,Pycnonotidae,LASG 47,Eurillas,latirostris,Equatorial Guinea,Centro Sur,,"Monte Alen Nacional Park, ASOC",1.65,10.28333,06/03/02,Alcoholic - 1,preserved with 70 % ethanol,netted,,,,,,,,,,U,
95876,8669,Pycnonotidae,LASG 88,Thescelocichla,leucopleura,Equatorial Guinea,Centro Sur,,"Monte Alen National Park, Rio Lobo",1.571667,10.388333,06/13/2002,Skin - 1; Tissue - 100,"tissue samples of this individual at Yale, ANSP, & KU",netted,,,,,,none,moderate,testes 5 x 4 mm,none,M,100%
95918,8573,Pycnonotidae,LASG 62,Bleda,notatus,Equatorial Guinea,Centro Sur,,"Monte Alen National Park, Rio Lobo",1.571667,10.388333,06/08/02,Skin - 1; Tissue - 100,"tissue samples of this individual at Yale, ANSP, & KU",netted,,,,,,none,moderate,testes 2 x 1 mm,light in back and wings,M,100%
95934,8320,Pycnonotidae,LASG 1,Eurillas,latirostris,Equatorial Guinea,Centro Sur,,"Monte Alen National Park, Monte Alen",1.661667,10.29,05/24/2002,Skin - 1; Tissue - 100,"tissue samples of this individual at Yale, ANSP, & KU",netted,,,,,,none,light on neck,testes > 1 mm,none,M,25%
95935,8330,Pycnonotidae,Rigo 4,Eurillas,latirostris,Equatorial Guinea,Centro Sur,,"Monte Alen National Park, Monte Alen",1.661667,10.29,05/25/2002,Skin - 1; Tissue - 100,"tissue samples of this individual at Yale, ANSP, & KU",netted,,,,,,,,,,M,
95936,8340,Pycnonotidae,Rigo 5,Eurillas,latirostris,Equatorial Guinea,Centro Sur,,"Monte Alen National Park, Monte Alen",1.661667,10.29,05/25/2002,Skin - 1; Tissue - 100,"tissue samples of this individual at Yale, ANSP, & KU",netted,,,,,,,,ovary mass 4 x 3 mm,,F,
95937,8323,Pycnonotidae,LASG 2,Eurillas,latirostris,Equatorial Guinea,Centro Sur,,"Monte Alen National Park, Monte Alen",1.661667,10.29,05/25/2002,Skin - 1; Tissue - 100,"tissue samples of this individual at Yale, ANSP, & KU",netted,,,,,,none,none,testes 3 x 2 mm,light molt in wings,M,100%
95938,8331,Pycnonotidae,LASG 4,Eurillas,latirostris,Equatorial Guinea,Centro Sur,,"Monte Alen National Park, Monte Alen",1.661667,10.29,05/25/2002,Skin - 1; Tissue - 100,"tissue samples of this individual at Yale, ANSP, & KU",netted,,,,,,9 x 5 mm,moderate,ovary mass 3 x 1 mm,light body,F,10%
95939,8337,Pycnonotidae,LASG 5,Eurillas,latirostris,Equatorial Guinea,Centro Sur,,"Monte Alen National Park, Monte Alen",1.661667,10.29,05/25/2002,Skin - 1; Tissue - 100,"tissue samples of this individual at Yale, ANSP, & KU",netted,,,,,,6 x 3 mm,moderate,testes 1 mm,light body,M,80%
95940,8347,Pycnonotidae,LASG 7,Eurillas,latirostris,Equatorial Guinea,Centro Sur,,"Monte Alen National Park, Monte Alen",1.661667,10.29,05/25/2002,Skin - 1; Tissue - 100,"tissue samples of this individual at Yale, ANSP, & KU",netted,,,,,,6 x 2 mm,light,testes > 1 mm,light molt in wings,M,80%
95941,8324,Pycnonotidae,LASG 3,Eurillas,latirostris,Equatorial Guinea,Centro Sur,,"Monte Alen National Park, Monte Alen",1.661667,10.29,05/25/2002,Skin - 1; Tissue - 100,"tissue samples of this individual at Yale, ANSP, & KU",netted,,,,,,none,light on neck,testes 3 x 2 mm,light wing & on back,M,100%
95942,8350,Pycnonotidae,Rigo 6,Eurillas,latirostris,Equatorial Guinea,Centro Sur,,"Monte Alen National Park, Monte Alen",1.661667,10.29,05/25/2002,Skin - 1; Tissue - 100,"tissue samples of this individual at Yale, ANSP, & KU",netted,,,,,,,none,ovary mass 10 x 2 mm,,F,
95943,8373,Pycnonotidae,LASG 12,Eurillas,latirostris,Equatorial Guinea,Centro Sur,,"Monte Alen National Park, Monte Alen",1.661667,10.29,05/27/2002,Skin - 1; Tissue - 100,"tissue samples of this individual at Yale, ANSP, & KU",netted,,,,,,none,,testes 2 x 1 mm,none,M,100%
95944,8382,Pycnonotidae,Rigo 8,Eurillas,latirostris,Equatorial Guinea,Centro Sur,,"Monte Alen National Park, Monte Alen",1.661667,10.29,05/27/2002,Skin - 1; Tissue - 100,"tissue samples of this individual at Yale, ANSP, & KU",netted,,,,,,,none,ovary mass 3 x 2 mm,,F,
95945,8395,Pycnonotidae,LASG 16,Eurillas,latirostris,Equatorial Guinea,Centro Sur,,"Monte Alen National Park, Monte Alen",1.661667,10.29,05/27/2002,Skin - 1; Tissue - 100,"tissue samples of this individual at Yale, ANSP, & KU",netted,,,,,,none,moderate,ovary mass 3 x 1 mm,none,F,100%
95946,8415,Pycnonotidae,LASG 20,Eurillas,latirostris,Equatorial Guinea,Centro Sur,,"Monte Alen National Park, Monte Alen",1.661667,10.29,05/28/2002,Skin - 1; Tissue - 100,"tissue samples of this individual at Yale, ANSP, & KU",netted,,,,,,none,none,testes 1 x 1 mm,heavy tail molt,M,100%
95947,8475,Pycnonotidae,LASG 33,Eurillas,latirostris,Equatorial Guinea,Centro Sur,,"Monte Alen National Park, Monte Alen",1.661667,10.29,06/01/02,Skin - 1; Tissue - 100,"tissue samples of this individual at Yale, ANSP, & KU",netted,,,,,,none,moderate,testes 1 x 1 mm,none,M,100%
95948,8540,Pycnonotidae,LASG 52,Eurillas,latirostris,Equatorial Guinea,Centro Sur,,"Monte Alen National Park, Monte Alen",1.661667,10.29,06/04/02,Skin - 1; Tissue - 100,"tissue samples of this individual at Yale, ANSP, & KU",netted,,,,,,none,none,ovary mass 4 x 3 mm,light in tail,F,100%
95949,8551,Pycnonotidae,LASG 56,Eurillas,latirostris,Equatorial Guinea,Centro Sur,,"Monte Alen National Park, Monte Alen",1.661667,10.29,06/05/02,Skin - 1; Tissue - 100,"tissue samples of this individual at Yale, ANSP, & KU",netted,,,,,,none,moderate,"ovary mass 7 x 6 mm, ova 1 mm",none,F,100%
95950,8594,Pycnonotidae,LASG 67,Eurillas,latirostris,Equatorial Guinea,Centro Sur,,"Monte Alen National Park, Rio Lobo",1.571667,10.388333,06/09/02,Skin - 1; Tissue - 100,"tissue samples of this individual at Yale, ANSP, & KU",netted,,,,,,none,moderate,ovary mass 7 x 5 mm,none,F,100%
95951,8683,Pycnonotidae,LASG 91,Eurillas,latirostris,Equatorial Guinea,Centro Sur,,"Monte Alen National Park, Rio Lobo",1.571667,10.388333,06/14/2002,Skin - 1; Tissue - 100,"tissue samples of this individual at Yale, ANSP, & KU",netted,,,,,,none,none,testes 1 x 1 mm,none,M,100%
95952,8565,Pycnonotidae,LASG 60,Phyllastrephus,xavieri,Equatorial Guinea,Centro Sur,,"Monte Alen National Park, Rio Lobo",1.571667,10.388333,06/08/02,Skin - 1; Tissue - 100,"tissue samples of this individual at Yale, ANSP, & KU",netted,,,,,,,,testes 2 x 1 mm,,M,100%
95953,8362,Pycnonotidae,LASG 10,Eurillas,virens,Equatorial Guinea,Centro Sur,,"Monte Alen National Park, Monte Alen",1.661667,10.29,05/26/2002,Skin - 1; Tissue - 100,"tissue samples of this individual at Yale, ANSP, & KU",netted,,,,,,,light,testes 2 x 1 mm,none,M,100%
95954,8379,Pycnonotidae,LASG 12,Eurillas,virens,Equatorial Guinea,Centro Sur,,"Monte Alen National Park, Monte Alen",1.661667,10.29,05/27/2002,Skin - 1; Tissue - 100,,netted,,,,,,none,none,ovary mass 3 x 1 mm,none,F,100%
95955,8416,Pycnonotidae,LA 1,Eurillas,virens,Equatorial Guinea,Centro Sur,,"Monte Alen National Park, Monte Alen",1.661667,10.29,05/28/2002,Skin - 1; Tissue - 100,"tissue samples of this individual at Yale, ANSP, & KU",netted,,,,,,none,light,ovary mass 2 x 2 mm,none,F,100%
95956,8559,Pycnonotidae,Rigo 10,Eurillas,virens,Equatorial Guinea,Centro Sur,,"Monte Alen National Park, Monte Alen",1.661667,10.29,06/05/02,Skin - 1; Tissue - 100,"tissue samples of this individual at Yale, ANSP, & KU",netted,,,,,,,,testes 2 x 1 mm,,M,100%
95957,8470,Pycnonotidae,LASG 32,Eurillas,virens,Equatorial Guinea,Centro Sur,,"Monte Alen National Park, Monte Alen",1.661667,10.29,06/01/02,Skin - 1; Tissue - 100,"tissue samples of this individual at Yale, ANSP, & KU",netted,,,,,,none,none,testes 4 x 2 mm,none,M,100%
95958,8506,Pycnonotidae,LASG 41,Eurillas,virens,Equatorial Guinea,Centro Sur,,"Monte Alen National Park, Monte Alen",1.661667,10.29,06/02/02,Skin - 1; Tissue - 100,"tissue samples of this individual at Yale, ANSP, & KU",netted,,,,,,none,moderate,ovary mass 6 x 4 mm,none,F,100%
95959,8509,Pycnonotidae,LASG 42,Eurillas,virens,Equatorial Guinea,Centro Sur,,"Monte Alen National Park, Monte Alen",1.661667,10.29,06/02/02,Skin - 1; Tissue - 100,"tissue samples of this individual at Yale, ANSP, & KU",netted,,,,,,none,moderate,"ovary mass 7 x 6 mm, ova 1.5 mm",none,F,100%
95960,8543,Pycnonotidae,LASG 53,Eurillas,virens,Equatorial Guinea,Centro Sur,,"Monte Alen National Park, Monte Alen",1.661667,10.29,06/04/02,Skin - 1; Tissue - 100,"tissue samples of this individual at Yale, ANSP, & KU",netted,,,,,,none,none,ovary mass 5 x 4 mm,none,F,100%
95961,8545,Pycnonotidae,LASG 54,Eurillas,virens,Equatorial Guinea,Centro Sur,,"Monte Alen National Park, Monte Alen",1.661667,10.29,06/05/02,Skin - 1; Tissue - 100,"tissue samples of this individual at Yale, ANSP, & KU",netted,,,,,,none,light,testes 7 x 4 mm,light on rump,M,100%
95962,8556,Pycnonotidae,LASG 57,Eurillas,virens,Equatorial Guinea,Centro Sur,,"Monte Alen National Park, Monte Alen",1.661667,10.29,06/05/02,Skin - 1; Tissue - 100,"tissue samples of this individual at Yale, ANSP, & KU",netted,,,,,,none,none,testes 5 x 4 mm,none,M,100%
95963,8629,Pycnonotidae,LASG 77,Eurillas,virens,Equatorial Guinea,Centro Sur,,"Monte Alen National Park, Rio Lobo",1.571667,10.388333,06/11/02,Skin - 1; Tissue - 100,"tissue samples of this individual at Yale, ANSP, & KU",netted,,,,,,none,none,testes 0.5 x 0.5 mm,none,M,100%
96268,not taken,Pycnonotidae,MBR 6761,Pycnonotus,jocosus,China,Guangxi,,Shiwandashan National Nature Preserve,21.84,107.88,05/04/05,Alcoholic - 1,parasite # 783; preserved with ethanol,netted,,,,,,,,,none,u,
96279,not taken,Pycnonotidae,MBR 6713,Hemixos,castanonotus,China,Guangxi,,Shiwandashan National Nature Preserve,21.84,107.88,04/25/2005,Alcoholic - 1,parasite # 992; preserved with ethanol,netted,,,,,,,,,none,u,
96282,not taken,Pycnonotidae,MBR 6715,Alophoixus,pallidus,China,Guangxi,,Shiwandashan National Nature Preserve,21.84,107.88,04/25/2005,Alcoholic - 1,preserved with ethanol; parasite # 657; scanned in 2020 for o-Vert project; KU loan 2019-7,netted,,,,,,,,,none,u,
96303,,Pycnonotidae,ATP 2004-126,Ixos,mcclellandii,China,Guangxi,,Diding Headwater Nature Preserve,,,09/29/2004,Alcoholic - 1,preserved with ethanol; parasite # 357,netted,,,,,,,,,,u,
96304,10107,Pycnonotidae,GC 2004-17,Ixos,mcclellandii,China,Guangxi,,Diding Headwater Nature Preserve,,,09/28/2004,Alcoholic - 1; Tissue - 100,preserved with ethanol; parasite # 324,netted,,,,,,,,,,u,
96305,,Pycnonotidae,ATP 2004-140,Ixos,mcclellandii,China,Guangxi,,Diding Headwater Nature Preserve,,,09/30/2004,Alcoholic - 1,preserved with ethanol; parasite # 394,netted,,,,,,,,,,u,
96306,,Pycnonotidae,ATP 2004-141,Ixos,mcclellandii,China,Guangxi,,Diding Headwater Nature Preserve,,,09/30/2004,Alcoholic - 1,preserved with ethanol; parasite # 395,netted,,,,,,,,,,u,
96307,,Pycnonotidae,ATP 2004-30,Alophoixus,pallidus,China,Guangxi,,Diding Headwater Nature Preserve,,,09/20/2004,Alcoholic - 1,preserved with ethanol; parasite # 85,netted,,,,,,,,,,u,
96425,10337,Pycnonotidae,MBR 6699,Hypsipetes,leucocephalus,China,Guangxi,,Shiwandashan National Nature Preserve,21.86,107.84,04/23/2005,Skin - 1; Tissue - 100,with another in fruiting tree at edge of secondary forest; parasite # 936,"Robbins, M.B.",Robbins,Mark,B.,,,none,none,"testes 11 x 6.5 mm, seminal vesicles enlarged",none,m,100%
96426,10425,Pycnonotidae,MBR 6750,Hypsipetes,leucocephalus,China,Guangxi,,Shiwandashan National Nature Preserve,21.86,107.84,05/03/05,Skin - 1; Tissue - 100,singing in dead tree at edge of secondary forest; parasite # 799,"Robbins, M.B.",Robbins,Mark,B.,,,none,light,"testes 11 x 6 mm, seminal vesicles enlarged",none,m,100%
96427,10313,Pycnonotidae,MBR 6687,Pycnonotus,sinensis,China,Guangxi,,Shiwandashan National Nature Preserve,21.84,107.88,04/20/2005,Skin - 1; Tissue - 100,secondary forest; parasite # 901,netted,,,,,,none,light,"ovary mass 6 x 3.5 mm, ova < 1 mm",none,f,100%
96428,10382,Pycnonotidae,TJD 6250,Pycnonotus,sinensis,China,Guangxi,,Shiwandashan National Nature Preserve,21.84,107.88,04/27/2005,Skin - 1; Tissue - 100,secondary forest; parasite # 687,netted,,,,,,none,none,testes 5.5 x 5 mm,none,m,100%
96429,10317,Pycnonotidae,TJD 6215,Pycnonotus,jocosus,China,Guangxi,,Shiwandashan National Nature Preserve,21.84,107.88,04/20/2005,Skin - 1; Tissue - 100,secondary forest; parasite # 906,netted,,,,,,none,light,testes 6.5 x 3.5 mm (dark),none,m,100%
96430,10347,Pycnonotidae,MBR 6704,Pycnonotus,jocosus,China,Guangxi,,Shiwandashan National Nature Preserve,21.84,107.88,04/23/2005,Skin - 1; Tissue - 100,secondary forest; parasite # 946,netted,,,,,,none,none,"ovary mass 6 x 3 mm, ova < 1 mm",none,f,100%
96431,10438,Pycnonotidae,MBR 6758,Pycnonotus,jocosus,China,Guangxi,,Shiwandashan National Nature Preserve,21.84,107.88,05/05/05,Skin - 1; Tissue - 100,secondary forest; parasite # 776,netted,,,,,,none,none,"testes 7 x 5 mm, seminal vesicles enlarged",none,m,100%
96432,10353,Pycnonotidae,MBR 6706,Alophoixus,pallidus,China,Guangxi,,Shiwandashan National Nature Preserve,21.84,107.88,04/24/2005,Skin - 1; Tissue - 100,secondary forest; parasite # 967,netted,,,,,,none,none,"testes 13 x 6.5 mm, seminal vesicles enlarged",none,m,100%
96433,10266,Pycnonotidae,TJD 6189,Alophoixus,pallidus,China,Guangxi,,Shiwandashan National Nature Preserve,21.84,107.88,04/16/2005,Skin - 1; Tissue - 100,secondary forest; parasite # 762,netted,,,,,,none,none,testes 10 x 6 mm,light overall,m,100%
96434,10263,Pycnonotidae,MBR 6663,Alophoixus,pallidus,China,Guangxi,,Shiwandashan National Nature Preserve,21.84,107.88,04/16/2005,Skin - 1; Tissue - 100,secondary forest; parasite # 709,netted,,,,,,none,none,"testes 10 x 6 mm, seminal vesicles 10 x 6 mm",none,m,100%
96435,10259,Pycnonotidae,TJD 6185,Alophoixus,pallidus,China,Guangxi,,Shiwandashan National Nature Preserve,21.84,107.88,04/16/2005,Skin - 1; Tissue - 100,secondary forest; parasite # 705,netted,,,,,,none,none,"ovary mass 9.5 x 5.5 mm; lg. ovum 2 mm, oviduct 3 mm",trace body,f,100%
96436,10348,Pycnonotidae,TJD 6232,Alophoixus,pallidus,China,Guangxi,,Shiwandashan National Nature Preserve,21.84,107.88,04/23/2005,Skin - 1; Tissue - 100,secondary forest; parasite # 950,netted,,,,,,none,none,"ovary mass 8.5 x 5 mm, lg. ovum 1 mm, oviduct 2 mm",none,f,100%
96437,10307,Pycnonotidae,TJD 6210,Hemixos,castanonotus,China,Guangxi,,Shiwandashan National Nature Preserve,21.84,107.88,04/20/2005,Skin - 1; Tissue - 100,secondary forest; parasite # 890,netted,,,,,,none,none,"ovary mass 9.5 x 5 mm, lg. ovum 2 mm in diameter",no body,f,100%
96438,10327,Pycnonotidae,MBR 6694,Hemixos,castanonotus,China,Guangxi,,Shiwandashan National Nature Preserve,21.84,107.88,04/21/2005,Skin - 1; Tissue - 100,secondary forest; parasite # 920,netted,,,,,,none,moderate,"ovary mass 4 x 2 mm, ova < 1 mm; oviduct straight",none,f,100%
96439,10273,Pycnonotidae,MBR 6668,Hemixos,castanonotus,China,Guangxi,,Shiwandashan National Nature Preserve,21.84,107.88,04/17/2005,Skin - 1; Tissue - 100,secondary forest; parasite # 811,netted,,,,,,none,none,testes 8 x 5 mm,central rectrices in molt,m,100%
96440,10275,Pycnonotidae,TJD 6194,Hemixos,castanonotus,China,Guangxi,,Shiwandashan National Nature Preserve,21.84,107.88,04/17/2005,Skin - 1; Tissue - 100,secondary forest; parasite # 824,netted,,,,,,none,none,testes 6 x 4 mm,trace,m,100%
96441,10294,Pycnonotidae,MBR 6678,Hemixos,castanonotus,China,Guangxi,,Shiwandashan National Nature Preserve,21.84,107.88,04/19/2005,Skin - 1; Tissue - 100,secondary forest; parasite # 864,netted,,,,,,none,none,testes 10 x 6 mm,none,m,100%
96442,10310,Pycnonotidae,MBR 6686,Hemixos,castanonotus,China,Guangxi,,Shiwandashan National Nature Preserve,21.84,107.88,04/20/2005,Skin - 1; Tissue - 100,secondary forest; parasite # 894,netted,,,,,,none,light,testes 9 x 6 mm,none,m,100%
96443,10439,Pycnonotidae,MBR 6759,Hemixos,castanonotus,China,Guangxi,,Shiwandashan National Nature Preserve,21.84,107.88,05/04/05,Skin - 1; Tissue - 100,secondary forest; parasite # 779,netted,,,,,,none,none,"testes 9 x 6 mm, seminal vesicles enlarged",none,m,100%
96444,10455,Pycnonotidae,TJD 6289,Hemixos,castanonotus,China,Guangxi,,Shiwandashan National Nature Preserve,21.84,107.88,05/06/05,Skin - 1; Tissue - 100,secondary forest; parasite # 1042,netted,,,,,,,,"ovary mass 5 x 4 mm, ova & oviduct minute",none,f,
96454,10383,Pycnonotidae,MBR 6727,Ixos,mcclellandii,China,Guangxi,,Shiwandashan National Nature Preserve,21.84,107.88,04/27/2005,Skin - 1; Tissue - 100,secondary forest; parasite # 688,netted,,,,,,none,none,"ovary mass 8 x 6 mm, lg. ovum 1.5 x 1.5 mm; oviduct straight",none,f,100%
96455,10269,Pycnonotidae,MBR 6666,Ixos,mcclellandii,China,Guangxi,,Shiwandashan National Nature Preserve,21.84,107.88,04/16/2005,Skin - 1; Tissue - 100,secondary forest; parasite # 810,netted,,,,,,none,none,testes 10 x 5.5 mm; seminal vesicles enlarged,none,m,100%
96456,10268,Pycnonotidae,TJD 6190,Ixos,mcclellandii,China,Guangxi,,Shiwandashan National Nature Preserve,21.84,107.88,04/16/2005,Skin - 1; Tissue - 100,secondary forest; parasite # 809,netted,,,,,,none,trace,"ovary mass 10 x 6 mm, lg. ovum 2 mm, oviduct 3 mm",trace body,f,100%
96612,10106,Pycnonotidae,ATP 2004-113,Ixos,mcclellandii,China,Guangxi,,Diding Headwater Nature Preserve,23.122,105.963,09/28/2004,Skin - 1; Tissue - 100,primary evergreen forest; parasite # 325,netted,,,,,,,light,,overall,u,unoss.
96613,10154,Pycnonotidae,GC 24,Ixos,mcclellandii,China,Guangxi,,Diding Headwater Nature Preserve,23.122,105.963,09/30/2004,Skin - 1; Tissue - 100,primary evergreen forest; parasite # 386,netted,,,,,,,light,"ovary mass 3 x 2 mm, smooth",tail & wings,f,
96614,10223,Pycnonotidae,GC 2004-32,Ixos,mcclellandii,China,Guangxi,,Diding Headwater Nature Preserve,23.122,105.963,10/05/04,Skin - 1; Tissue - 100,primary evergreen forest; parasite # 557,netted,,,,,,,light,,all over; including flight feathers,u,80%
96615,10216,Pycnonotidae,AN 576,Alophoixus,pallidus,China,Guangxi,,Diding Headwater Nature Preserve,23.122,105.963,10/05/04,Skin - 1; Tissue - 100,primary evergreen forest; parasite # 531,netted,,,,,,12 x 8 mm,light,"ovary mass 4 x 2 mm, smooth",heavy body & tail,f,50%
96616,10213,Pycnonotidae,GC 30,Alophoixus,pallidus,China,Guangxi,,Diding Headwater Nature Preserve,23.122,105.963,10/05/04,Skin - 1; Tissue - 100,primary evergreen forest; parasite # 526,netted,,,,,,,,testes 1.0 x 1.5 mm,heavy wing & tail,m,
96617,10138,Pycnonotidae,AN 439,Alophoixus,pallidus,China,Guangxi,,Diding Headwater Nature Preserve,23.122,105.963,09/30/2004,Skin - 1; Tissue - 100,primary evergreen forest; parasite # 368,netted,,,,,,10 x 6 mm,light,"ovary mass 3 x 2 mm, smooth","full body, tail & wing",f,unoss.
96618,10220,Pycnonotidae,ATP 2004-160,Pycnonotus,jocosus,China,Guangxi,,Diding Headwater Nature Preserve,23.122,105.963,10/05/04,Skin - 1; Tissue - 100,primary evergreen forest; parasite # 543,netted,,,,,,none,moderate,testes 3 x 2 mm,light overall,m,100%
96975,10418,Pycnonotidae,MBR 6747,Alophoixus,pallidus,China,Guangxi,,Shiwandashan National Nature Preserve,21.84,107.88,05/02/05,Skeleton - 1; Tissue - 100,secondary forest; parasite # 793,netted,,,,,,no,none,testes 8 x 5 mm,none,m,100%
97145,21861,Pycnonotidae,RMB 5562,Hypsipetes,philippinus,Philippines,Occidental Mindoro,,"Lubang Island, Lubang Municipality; Barangay Vigo",13.795,120.158333,12/14/2005,Tissue - 100,secondary forest,netted,,,,,,,,,,u,
97146,11006,Pycnonotidae,JAE 392,Hypsipetes,philippinus,Philippines,Quezon,,"Polillo Island, Polillo Municipality, Barangay Salipsip",14.838333,121.916667,12/19/2005,Alcoholic - 1; Tissue - 100,secondary forest,netted,,,,,,,,,,u,
97147,11007,Pycnonotidae,JAE 393,Hypsipetes,philippinus,Philippines,Quezon,,"Polillo Island, Polillo Municipality, Barangay Salipsip",14.838333,121.916667,12/19/2005,Alcoholic - 1; Tissue - 100,secondary forest,netted,,,,,,,,,,u,
97148,11008,Pycnonotidae,JAE 442,Hypsipetes,philippinus,Philippines,Quezon,,"Polillo Island, Burdeos Municipality, Barangay Poblacion, Sitio Bulalon, Mapanghi Cave",14.823333,121.966667,12/20/2005,Alcoholic - 1; Tissue - 100,secondary forest,netted,,,,,,,,,,u,
97156,10877,Pycnonotidae,ATP 2006-43,Hypsipetes,amaurotis,Philippines,Cagayan,,"Camiguin Norte Island, Calayan Municipality, Barangay Balatubat, Limandok",18.929,121.899,03/09/06,Alcoholic - 1; Tissue - 100,"selectively logged, lower montane forest",netted,,,,,,,,,,u,
97201,10308,Pycnonotidae,MBR 6685,Hemixos,castanonotus,China,Guangxi,,Shiwandashan National Nature Preserve,21.84,107.88,04/20/2005,Skeleton - 1; Tissue - 100,parasite # 892,netted,,,,,,,,"ovary mass 7 x 6 mm, lg. ovum 2 x 2 mm, oviduct 2 mm & convoluted",,f,100%
97202,10346,Pycnonotidae,TJD 6231,Pycnonotus,jocosus,China,Guangxi,,Shiwandashan National Nature Preserve,21.84,107.88,04/23/2005,Skeleton - 1; Tissue - 100,parasite # 948,netted,,,,,,no,light,ovary mass 21 x 10.5 mm,no body,f,100%
97251,10907,Pycnonotidae,ATP 2006-74,Hypsipetes,amaurotis,Philippines,Cagayan,,"Babuyan Claro Island, Muncipality Calayan, Asked",19.51322222,121.9120278,03/14/2006,Skin - 1; Tissue - 100,,"Fernandez, R.",Fernandez,R.,,,,,light,"ovary mass 10 x 7 mm, lg. ovum 2 mm",none,f,100%
97252,10941,Pycnonotidae,ATP 2006-111,Hypsipetes,amaurotis,Philippines,Cagayan,,"Calayan Island, Muncipality Calayan, Barangay Magsidel, Macarra",19.294,121.409,03/18/2006,Skin - 1; Tissue - 100,second growth; cloacal swab,local hunter,,,,,,,light,testes 10 x 5 mm,none,m,100%
97253,10920,Pycnonotidae,ATP 2006-88,Hypsipetes,amaurotis,Philippines,Cagayan,,"Calayan Island, Muncipality Calayan, Barangay Magsidel, Macarra",19.294,121.409,03/17/2006,Skin - 1; Tissue - 100,second growth; cloacal swab,local hunter,,,,,,,light,testes 8 xx 5 mm,none,m,100%
97254,10915,Pycnonotidae,ATP 2006-82,Hypsipetes,amaurotis,Philippines,Cagayan,,"Calayan Island, Muncipality Calayan, Barangay Magsidel, Macarra",19.294,121.409,03/16/2006,Skin - 1; Tissue - 100,second growth; cloacal swab,local hunter,,,,,,,moderate,testes 10 x 6 mm,none,m,100%
97255,10926,Pycnonotidae,ATP 2006-94,Hypsipetes,amaurotis,Philippines,Cagayan,,"Calayan Island, Muncipality Calayan, Barangay Magsidel, Macarra",19.294,121.409,03/17/2006,Skin - 1; Tissue - 100,second growth; cloacal swab,local hunter,,,,,,,light,testes 10 x 7 mm,none,m,100%
97256,10910,Pycnonotidae,ATP 2006-77,Hypsipetes,amaurotis,Philippines,Cagayan,,"Calayan Island, Muncipality Calayan, Barangay Magsidel, Macarra",19.294,121.409,03/16/2006,Skin - 1; Tissue - 100,second growth; cloacal swab,local hunter,,,,,,,light,testes 8 x 4 mm,none,m,100%
97257,10961,Pycnonotidae,ATP 2006-131,Hypsipetes,amaurotis,Philippines,Cagayan,,"Calayan Island, Muncipality Calayan, Barangay Magsidel, Longog",19.331,121.439,03/19/2006,Skin - 1; Tissue - 100,second growth; cloacal swab,local hunter,,,,,,,moderate,testes 10 x 6 mm,none,m,100%
97258,10966,Pycnonotidae,ATP 2006-136,Hypsipetes,amaurotis,Philippines,Cagayan,,"Calayan Island, Muncipality Calayan, Barangay Magsidel, Longog",19.331,121.439,03/19/2006,Skin - 1; Tissue - 100,second growth; cloacal swab,local hunter,,,,,,,moderate,testes 13 x 7 mm,none,m,100%
97259,10984,Pycnonotidae,ATP 2006-154,Hypsipetes,amaurotis,Philippines,Cagayan,,"Calayan Island, Muncipality Calayan, Barangay Magsidel, Longog",19.331,121.439,03/21/2006,Skin - 1; Tissue - 100,second growth; cloacal swab,local hunter,,,,,,,light,"ovary mass 13 x 7 mm, lg. ovum 2 x 2 mm",light on cheeks,f,100%
97260,10971,Pycnonotidae,ATP 2006-141,Hypsipetes,amaurotis,Philippines,Cagayan,,"Calayan Island, Muncipality Calayan, Barangay Magsidel, Longog",19.331,121.439,03/20/2006,Skin - 1; Tissue - 100,second growth; cloacal swab,local hunter,,,,,,,light,testes 10 x 8 mm,on cheeks,m,100%
97261,10884,Pycnonotidae,ATP 2006-50,Hypsipetes,amaurotis,Philippines,Cagayan,,"Camiguin Norte Island, Calayan Municipality, Barangay Balatubat, Limandok",18.929,121.899,03/09/06,Skin - 1; Tissue - 100,selectively logged lower montane forest; cloacal swab,netted,,,,,,,light,testes 5 x 2 mm,none,m,100%
97262,10888,Pycnonotidae,ATP 2006-54,Hypsipetes,amaurotis,Philippines,Cagayan,,"Camiguin Norte Island, Calayan Municipality, Barangay Balatubat, Limandok",18.929,121.899,03/09/06,Skin - 1; Tissue - 100,selectively logged lower montane forest; cloacal swab,netted,,,,,,,light,testes 3 x 2 mm,cheeks & rectrices,m,100%
97263,10849,Pycnonotidae,ATP 2006-13,Hypsipetes,amaurotis,Philippines,Cagayan,,"Camiguin Norte Island, Calayan Municipality, Barangay Balatubat, Limandok",18.929,121.899,03/06/06,Skin - 1; Tissue - 100,selectively logged lower montane forest; cloacal swab,netted,,,,,,,moderate,"ovary mass 15 x 6 mm, lg. ovum 1 mm",none,f,100%
97389,10035,Pycnonotidae,ATP 2004-77,Ixos,mcclellandii,China,Guangxi,Jingxi,Diding Headwater Nature Preserve,,,09/24/2004,Skin - 1; Tissue - 100,evergreen forest; parasite # 199,netted,,,,,,7 x 7 mm,,"ovary mass 8 x 4 mm, lg. ovum 1 mm",all over body,f,10%
97402,11140,Pycnonotidae,BWB 923,Ixos,mcclellandii,China,Guizhou,Suiyang,Kuan Kuo Shui Nature Reserve,28.226,107.1595,04/21/2006,Skin - 1; Tissue - 100,lower montane mixed deciduous forest; parasite # 1233,"Benz, B.W.",Benz,Brett,W.,,,no,light,testes 10 x 6 mm,none,m,100%
97403,11184,Pycnonotidae,RLB 880,Ixos,mcclellandii,China,Guizhou,Suiyang,Kuan Kuo Shui Nature Reserve,28.226,107.1595,04/24/2006,Skin - 1; Tissue - 100,lower montane mixed deciduous forest; parasite # 1290,netted,,,,,,no,light,testes 6 x 4 mm,none,m,100%
97404,11201,Pycnonotidae,BWB 956,Ixos,mcclellandii,China,Guizhou,Suiyang,Kuan Kuo Shui Nature Reserve,28.226,107.1595,04/24/2006,Skin - 1; Tissue - 100,lower montane mixed deciduous forest; parasite # 1313,netted,,,,,,no,none,"ovary mass 9 x 5 mm, granular",none,f,100%
97405,11153,Pycnonotidae,BWB 933,Pycnonotus,xanthorrhous,China,Guizhou,Suiyang,Kuan Kuo Shui Nature Reserve,28.226,107.1595,04/22/2006,Skin - 1; Tissue - 100,lower montane mixed deciduous forest,netted,,,,,,no,moderate,testes 8 x 4 mm,none,m,100%
97416,11304,Pycnonotidae,BWB 1003,Ixos,mcclellandii,China,Guizhou,Daozhen,Dashahe Nature Preserve,29.1668333,107.575,05/03/06,Skin - 1; Tissue - 100,secondary scrub; parasite # 1492,netted,,,,,,no,none,testes 5 x 3 mm,none,m,100%
97417,11316,Pycnonotidae,RLB 934,Pycnonotus,xanthorrhous,China,Guizhou,Daozhen,Dashahe Nature Preserve,29.1668333,107.575,05/03/06,Skin - 1; Tissue - 100,secondary scrub; parasite # 1517,netted,,,,,,no,moderate,testes 5 mm,none,m,100%
97418,11285,Pycnonotidae,RLB 997,Pycnonotus,xanthorrhous,China,Guizhou,Daozhen,Dashahe Nature Preserve,29.1668333,107.575,05/02/06,Skin - 1; Tissue - 100,secondary scrub; parasite # 1468,netted,,,,,,no,light,testes 6 x 3 mm,none,m,100%
97419,11323,Pycnonotidae,BWB 1011,Spizixos,semitorques,China,Guizhou,Daozhen,Dashahe Nature Preserve,29.1668333,107.575,05/04/06,Skin - 1; Tissue - 100,secondary scrub; parasite # 1534,"Benz, B.W.",Benz,Brett,W.,,,no,light,testes 2 x 1 mm,none,m,100%
97420,11343,Pycnonotidae,RLB 944,Spizixos,semitorques,China,Guizhou,Daozhen,Dashahe Nature Preserve,29.1668333,107.575,05/05/06,Skin - 1; Tissue - 100,secondary scrub; parasite # 1554,netted,,,,,,no,moderate,testes 7 x 4 mm,none,m,100%
97421,11325,Pycnonotidae,RLB 939,Spizixos,semitorques,China,Guizhou,Daozhen,Dashahe Nature Preserve,29.1668333,107.575,05/04/06,Skin - 1; Tissue - 100,secondary scrub; parasite # 1541,"Boyd, R.L.",Boyd,R.,L.,,,no,heavy,testes 4 x 3 mm,none,m,100%
98128,9922,Pycnonotidae,ATP 2004-2,Alophoixus,pallidus,China,Guangxi,,Diding Headwater Nature Preserve,,,09/19/2004,Skeleton - 1; Tissue - 100,evergreen forest,netted,,,,,,,,,general body,u,
98130,9961,Pycnonotidae,ATP 2004-26,Alophoixus,pallidus,China,Guangxi,,Diding Headwater Nature Preserve,,,09/20/2004,Skeleton - 1; Tissue - 100,evergreen forest; parasite # 80,netted,,,,,,,,testes 2 x 1 mm,general body,m,100%
98170,10856,Pycnonotidae,ATP 2006-21,Hypsipetes,amaurotis,Philippines,Cagayan,,"Camiguin Norte Island, Calayan Municipality, Barangay Balatubat, Limandok",18.929,121.899,03/06/06,Skeleton - 1; Tissue - 100,selectively logged lower montane forest,netted,,,,,,no,,"ovary mass 10 x 5 mm, granular",none,f,100%
98172,10927,Pycnonotidae,ATP 2006-95,Hypsipetes,amaurotis,Philippines,Cagayan,,"Calayan Island, Muncipality Calayan, Barangay Magsidel, Macarra",19.294,121.409,03/17/2006,Skeleton - 1; Tissue - 100,secondary forest,netted,,,,,,,light,testes 10 x 6 mm,none,m,100%
98209,10362,Pycnonotidae,TJD 6239,Alophoixus,pallidus,China,Guangxi,,Shiwandashan National Nature Preserve,21.86,107.84,04/25/2005,Skeleton - 1; Tissue - 100,secondary forest; parasite # 656,netted,,,,,,no,none,testes 7 x 5 mm,no body,m,100%
98212,10374,Pycnonotidae,MBR 6722,Ixos,mcclellandii,China,Guangxi,,Shiwandashan National Nature Preserve,21.86,107.84,04/26/2005,Skeleton - 1; Wingspread - 1; Tissue - 100,secondary forest; parasite # 675,netted,,,,,,,,testes 6 x 3 mm,,m,100%
98315,15290,Pycnonotidae,CHO-B-30,Hypsipetes,philippinus,Philippines,Antique,,"Panay Island, Barangay Aningalan, Muncipality of San Remigio",10.812,122.182,10/11/06,Alcoholic - 1; Tissue - 100,in second growth,netted,,,,,,,,,,u,
98339,15277,Pycnonotidae,CHO-B-17,Hypsipetes,amaurotis,Philippines,Cagayan,,"Dalupiri Island, Muncipality of Calayan, Manolong Creek",19.102,121.223,09/17/2006,Alcoholic - 1; Tissue - 100,,netted,,,,,,,,,heavy molt on back,u,
98682,15281,Pycnonotidae,CHO-B-21,Hypsipetes,philippinus,Philippines,Antique,,"Panay Island, San Remigio Municipality, Barangay Aningalan",10.812,122.182,10/11/06,Skin - 1; Tissue - 100,in second growth,netted,,,,,,,light,"ovary mass 4 x 2 mm, granular",none,f,100%
98683,15280,Pycnonotidae,CHO-B-20,Hypsipetes,philippinus,Philippines,Antique,,"Panay Island, San Remigio Municipality, Barangay Aningalan",10.812,122.182,10/11/06,Skin - 1; Tissue - 100,in second growth,netted,,,,,,,light,"ovary mass 6 x 3 mm, granular",none,f,100%
98684,15322,Pycnonotidae,CHO-B-62,Hypsipetes,philippinus,Philippines,Antique,,"Panay Island, San Remigio Municipality, Barangay Aningalan",10.812,122.182,10/14/2006,Skin - 1; Tissue - 100,in second growth,netted,,,,,,,light,ovary mass 6 x 3 mm,none,f,100%
98685,15343,Pycnonotidae,CHO-B-83,Hypsipetes,philippinus,Philippines,Antique,,"Panay Island, San Remigio Municipality, Barangay Aningalan",10.812,122.182,10/17/2006,Skin - 1; Tissue - 100,in second growth,netted,,,,,,,light,testes 4 x 2 mm,none,m,100%
98686,15356,Pycnonotidae,CHO-B-96,Hypsipetes,philippinus,Philippines,Antique,,"Panay Island, San Remigio Municipality, Barangay Aningalan",10.812,122.182,10/19/2006,Skin - 1; Tissue - 100,in second growth,netted,,,,,,,light,testes 2 x 1 mm,none,m,100%
98687,15800,Pycnonotidae,CHO-B-104,Hypsipetes,philippinus,Philippines,Antique,,"Panay Island, San Remigio Municipality, Barangay Aningalan",10.812,122.182,10/20/2006,Skin - 1; Tissue - 100,in second growth; mass make be incorrect,netted,,,,,,,light,ovary mass 5 x 3 mm,none,f,100%
98688,15809,Pycnonotidae,CHO-B-113,Hypsipetes,philippinus,Philippines,Antique,,"Panay Island, San Remigio Municipality, Barangay Aningalan",10.812,122.182,10/22/2006,Skin - 1; Tissue - 100,in second growth,netted,,,,,,,light,testes 4 x 2 mm,none,m,100%
98689,15827,Pycnonotidae,CHO-B-131,Hypsipetes,philippinus,Philippines,Antique,,"Panay Island, San Remigio Municipality, Barangay Aningalan",10.812,122.182,10/25/2006,Skin - 1; Tissue - 100,in second growth,netted,,,,,,,light,"ovary 10 x 4 mm, lg. ovum 1 x 1 mm",none,f,100%
98731,15261,Pycnonotidae,CHO-B-1,Hypsipetes,amaurotis,Philippines,Cagayan,,"Dalupiri Island, Calayan Municipality, Nipa Creek",19.102,121.223,09/12/06,Skin - 1; Tissue - 100,in gallery forest,"Fernandez, J.",Fernandez,J.,,,,,light,testes 5 x 3 mm,none,m,100%
98732,15264,Pycnonotidae,CHO-B-4,Hypsipetes,amaurotis,Philippines,Cagayan,,"Dalupiri Island, Calayan Municipality, Nipa Creek",19.102,121.223,09/13/2006,Skin - 1; Tissue - 100,in gallery forest,"Fernandez, J.",Fernandez,J.,,,,,light,testes 10 x 5 mm,none,m,100%
98733,15271,Pycnonotidae,CHO-B-11,Hypsipetes,amaurotis,Philippines,Cagayan,,"Dalupiri Island, Calayan Municipality, Nipa Creek",19.102,121.223,09/13/2006,Skin - 1; Tissue - 100,in gallery forest,"Fernandez, J.",Fernandez,J.,,,,,light,testes 5 x 2 mm,none,m,100%
98734,15273,Pycnonotidae,CHO-B-13,Hypsipetes,amaurotis,Philippines,Cagayan,,"Dalupiri Island, Calayan Municipality, Manolong Creek",19.102,121.223,09/16/2006,Skin - 1; Tissue - 100,in gallery forest,"Fernandez, J.",Fernandez,J.,,`,,,light,,none,u,100%
98875,12480,Pycnonotidae,CHO-B-176,Hypsipetes,amaurotis,Philippines,Cagayan,,"Camiguin Norte Island, Municipality of Calayan, Barangay Balatubat, Kauringan",18.902,121.908,02/09/07,Alcoholic - 1; Tissue - 100,second growth; preserved with formaldehyde,netted,,,,,,,,,,u,
98876,12587,Pycnonotidae,REF 27,Hypsipetes,philippinus,Philippines,Occidental Mindoro,,"Mindoro Island, Municipality Paluan, Barangay Harrison, Sitio Ulasan",,,03/01/07,Alcoholic - 1; Tissue - 100,preserved with formaldehyde,netted,,,,,,,,,none,u,
98891,12634,Pycnonotidae,CHO-B-278,Pycnonotus,atriceps,Philippines,Palawan,,"Palawan Island, Puerto Princesa, Barangay Irawan; Irawan Watershed",9.8371667,118.6411667,03/16/2007,Alcoholic - 1; Tissue - 100,preserved with ethanol,netted,,,,,,,,,none,u,
98892,12638,Pycnonotidae,CHO-B-281,Alophoixus,bres,Philippines,Palawan,,"Palawan Island, Puerto Princesa, Barangay Irawan; Irawan Watershed",9.8371667,118.6411667,03/16/2007,Alcoholic - 1; Tissue - 100,preserved with ethanol,netted,,,,,,,,,none,u,
98959,12449,Pycnonotidae,CHO-B-145,Hypsipetes,amaurotis,Philippines,Cagayan,,"Camiguin Norte Island, Municipality of Calayan, Barangay Balatubat, Kauringan",18.902,121.908,02/07/07,Skin - 1; Tissue - 100,second growth,local resident,,,,,,,light,testes 3 x 1 mm,none,m,100%
98960,12463,Pycnonotidae,CHO-B-159,Hypsipetes,amaurotis,Philippines,Cagayan,,"Camiguin Norte Island, Municipality of Calayan, Barangay Balatubat, Kauringan",18.902,121.908,02/08/07,Skin - 1; Tissue - 100,second growth,netted,,,,,,,light,ovary mass 12 x 5 mm,on cheek,f,100%
98961,12450,Pycnonotidae,CHO-B-146,Hypsipetes,amaurotis,Philippines,Cagayan,,"Camiguin Norte Island, Municipality of Calayan, Barangay Balatubat, Kauringan",18.902,121.908,02/07/07,Skin - 1; Tissue - 100,second growth,netted,,,,,,,light,testes 3 x 2 mm,none,m,100%
98962,12447,Pycnonotidae,CHO-B-143,Hypsipetes,amaurotis,Philippines,Cagayan,,"Camiguin Norte Island, Municipality of Calayan, Barangay Balatubat, Kauringan",18.902,121.908,02/07/07,Skin - 1; Tissue - 100,second growth,local resident,,,,,,,heavy,testes 2 x 1 mm,none,m,100%
98963,12466,Pycnonotidae,CHO-B-162,Hypsipetes,amaurotis,Philippines,Cagayan,,"Camiguin Norte Island, Municipality of Calayan, Barangay Balatubat, Kauringan",18.902,121.908,02/08/07,Skin - 1; Tissue - 100,second growth,netted,,,,,,,light,ovary mass 10 x 4 mm,on cheeks,f,100%
98964,12538,Pycnonotidae,CHO-B-234,Hypsipetes,amaurotis,Philippines,Cagayan,,"Camiguin Norte Island, Municipality of Calayan, Barangay Balatubat, Kauringan",18.902,121.908,02/13/2007,Skin - 1; Tissue - 100,second growth,netted,,,,,,,moderate,testes 4 x 2 mm,none,m,100%
98965,12549,Pycnonotidae,CHO-B-245,Hypsipetes,amaurotis,Philippines,Cagayan,,"Camiguin Norte Island, Municipality of Calayan, Barangay Balatubat, Kauringan",18.902,121.908,02/14/2007,Skin - 1; Tissue - 100,second growth,local resident,,,,,,,heavy,testes 2 x 1 mm,none,m,100%
98966,12550,Pycnonotidae,CHO-B-246,Hypsipetes,amaurotis,Philippines,Cagayan,,"Camiguin Norte Island, Municipality of Calayan, Barangay Balatubat, Kauringan",18.902,121.908,02/14/2007,Skin - 1; Tissue - 100,second growth,local resident,,,,,,,moderate,testes 3 x 2 mm,none,m,100%
99062,12584,Pycnonotidae,REF 24,Hypsipetes,philippinus,Philippines,Occidental Mindoro,,"Mindoro Island, Paluan Municipality, Barangay Harrison, Matingaram, Sitio Ulasan",13.446,120.425,03/01/07,Skin - 1; Tissue - 100,secondary forest,netted,,,,,,,light,testes 5 x 3 mm,none,m,100%
99063,12590,Pycnonotidae,REF 30,Hypsipetes,philippinus,Philippines,Occidental Mindoro,,"Mindoro Island, Paluan Municipality, Barangay Harrison, Matingaram, Sitio Ulasan",13.446,120.425,03/04/07,Skin - 1; Tissue - 100,secondary forest,netted,,,,,,,moderate,testes 10 x 7 mm,,m,100%
99064,12563,Pycnonotidae,REF 3,Hypsipetes,philippinus,Philippines,Occidental Mindoro,,"Mindoro Island, Paluan Municipality, Barangay Harrison, Matingaram, Sitio Ulasan",13.446,120.425,02/23/2007,Skin - 1; Tissue - 100,secondary forest,netted,,,,,,,moderate,testes 10 x 7 mm,none,m,100%
99065,12569,Pycnonotidae,REF 9,Hypsipetes,philippinus,Philippines,Occidental Mindoro,,"Mindoro Island, Paluan Municipality, Barangay Harrison, Matingaram, Sitio Ulasan",13.446,120.425,02/25/2007,Skin - 1; Tissue - 100,secondary forest,netted,,,,,,,light,testes 8 x 5 mm,none,m,100%
99066,12580,Pycnonotidae,REF 20,Hypsipetes,philippinus,Philippines,Occidental Mindoro,,"Mindoro Island, Paluan Municipality, Barangay Harrison, Matingaram, Sitio Ulasan",13.446,120.425,02/27/2007,Skin - 1; Tissue - 100,secondary forest,netted,,,,,,,light,ovary mass 20 x 10 mm,none,f,100%
99074,12581,Pycnonotidae,REF 21,Hypsipetes,philippinus,Philippines,Occidental Mindoro,,"Mindoro Island, Paluan Municipality, Barangay Harrison, Matingaram, Sitio Ulasan",13.446,120.425,02/28/2007,Skin - 1; Tissue - 100,secondary forest,netted,,,,,,,light,"ovary mass 10 x 7 mm, lg. ovum 2 x 2 mm",none,f,100%
99075,12582,Pycnonotidae,REF 22,Hypsipetes,philippinus,Philippines,Occidental Mindoro,,"Mindoro Island, Paluan Municipality, Barangay Harrison, Matingaram, Sitio Ulasan",13.446,120.425,02/28/2007,Skin - 1; Tissue - 100,secondary forest,netted,,,,,,,light,testes 15 x 6 mm,none,m,100%
99076,12566,Pycnonotidae,REF 6,Hypsipetes,philippinus,Philippines,Occidental Mindoro,,"Mindoro Island, Paluan Municipality, Barangay Harrison, Matingaram, Sitio Ulasan",13.446,120.425,02/25/2007,Skin - 1; Tissue - 100,secondary forest,netted,,,,,,,moderate,testes 10 x 6 mm,none,m,100%
99077,12567,Pycnonotidae,REF 7,Hypsipetes,philippinus,Philippines,Occidental Mindoro,,"Mindoro Island, Paluan Municipality, Barangay Harrison, Matingaram, Sitio Ulasan",13.446,120.425,02/25/2007,Skin - 1; Tissue - 100,secondary forest,netted,,,,,,,light,testes 10 x 4 mm,none,m,100%
99078,12568,Pycnonotidae,REF 8,Hypsipetes,philippinus,Philippines,Occidental Mindoro,,"Mindoro Island, Paluan Municipality, Barangay Harrison, Matingaram, Sitio Ulasan",13.446,120.425,02/25/2007,Skin - 1; Tissue - 100,secondary forest,netted,,,,,,,light,ovary mass 8 x 4 mm,light on left wing,f,100%
99139,12775,Pycnonotidae,RGM 944,Iole,palawanensis,Philippines,Palawan,,"Palawan Island, Mantalingajan Range, ca. 20 km SW Brooke's Point",8.7503333,117.6896667,03/29/2007,Skin - 1; Tissue - 100,primary forest ridge,netted,,,,,,,light,testes 9 x 6 mm,none,m,100%
99140,12812,Pycnonotidae,REF 32,Iole,palawanensis,Philippines,Palawan,,"Palawan Island, Mantalingajan Range, ca. 20 km SW Brooke's Point",8.7503333,117.6896667,03/31/2007,Skin - 1; Tissue - 100,primary forest ridge,netted,,,,,,,light,testes 5 x 3 mm,none,m,100%
99141,12813,Pycnonotidae,REF 33,Iole,palawanensis,Philippines,Palawan,,"Palawan Island, Mantalingajan Range, ca. 20 km SW Brooke's Point",8.7503333,117.6896667,03/31/2007,Skin - 1; Tissue - 100,primary forest ridge,netted,,,,,,,light,ovary mass 7 x 4 mm,none,f,100%
99142,12755,Pycnonotidae,RGM 924,Alophoixus,bres,Philippines,Palawan,,"Palawan Island, Mantalingajan Range, ca. 20 km SW Brooke's Point",8.7503333,117.6896667,03/28/2007,Skin - 1; Tissue - 100,primary forest ridge,netted,,,,,,no,light,"ovary mass 9 x 7 mm, lg. ovum 1 mm, oviduct 3 mm & convoluted",none,f,100%
99143,12791,Pycnonotidae,RGM 960,Alophoixus,bres,Philippines,Palawan,,"Palawan Island, Mantalingajan Range, ca. 20 km SW Brooke's Point",8.7503333,117.6896667,03/29/2007,Skin - 1; Tissue - 100,primary forest ridge,netted,,,,,,no,light,testes 11 x 8 mm,none,m,100%
99144,12784,Pycnonotidae,RGM 953,Alophoixus,bres,Philippines,Palawan,,"Palawan Island, Mantalingajan Range, ca. 20 km SW Brooke's Point",8.7503333,117.6896667,03/29/2007,Skin - 1; Tissue - 100,primary forest ridge,netted,,,,,,no,light,"ovary mass 6 x 5 mm, lg. ovum 1 mm, oviduct 1 mm, straight",none,f,100%
99145,12795,Pycnonotidae,RGM 964,Alophoixus,bres,Philippines,Palawan,,"Palawan Island, Mantalingajan Range, ca. 20 km SW Brooke's Point",8.7503333,117.6896667,03/30/2007,Skin - 1; Tissue - 100,primary forest ridge,netted,,,,,,,light,"ovary mass 10 x 4 mm, lg. ovum 1 mm",none,f,100%
99146,12803,Pycnonotidae,RGM 972,Alophoixus,bres,Philippines,Palawan,,"Palawan Island, Mantalingajan Range, ca. 20 km SW Brooke's Point",8.7503333,117.6896667,03/30/2007,Skin - 1; Tissue - 100,primary forest ridge,netted,,,,,,no,light,testes 12 x 7 mm,none,m,100%
99147,12798,Pycnonotidae,RGM 967,Alophoixus,bres,Philippines,Palawan,,"Palawan Island, Mantalingajan Range, ca. 20 km SW Brooke's Point",8.7503333,117.6896667,03/30/2007,Skin - 1; Tissue - 100,primary forest ridge,netted,,,,,,no,light,testes 9 x 7 mm,none,m,100%
99148,12800,Pycnonotidae,RGM 969,Alophoixus,bres,Philippines,Palawan,,"Palawan Island, Mantalingajan Range, ca. 20 km SW Brooke's Point",8.7503333,117.6896667,03/30/2007,Skin - 1; Tissue - 100,primary forest ridge,netted,,,,,,,light,testes 8 x 5 mm,none,m,100%
99149,12821,Pycnonotidae,REF 41,Alophoixus,bres,Philippines,Palawan,,"Palawan Island, Mantalingajan Range, ca. 20 km SW Brooke's Point",8.7503333,117.6896667,04/01/07,Skin - 1; Tissue - 100,,netted,,,,,,,light,"ovary mass 8 x 5 mm, lg. ovum 1 x 1 mm",none,f,100%
99178,12593,Pycnonotidae,RGM 863,Alophoixus,bres,Philippines,Palawan,,"Palawan Island, Puerto Princesa, Barangay Irawan, Irawan watershed",9.8371667,118.6411667,03/14/2007,Skin - 1; Tissue - 100,overgrown plantation,netted,,,,,,no,trace,testes 9 x 7 mm,none,m,100%
99179,12607,Pycnonotidae,RGM 874,Alophoixus,bres,Philippines,Palawan,,"Palawan Island, Puerto Princesa, Barangay Irawan, Irawan watershed",9.8371667,118.6411667,03/15/2007,Skin - 1; Tissue - 100,overgrown plantation,netted,,,,,,,light,testes 8 x 4 mm,none,m,100%
99180,12689,Pycnonotidae,RGM 896,Alophoixus,bres,Philippines,Palawan,,"Palawan Island, Puerto Princesa, Barangay Irawan, Irawan watershed",9.8371667,118.6411667,03/19/2007,Skin - 1; Tissue - 100,overgrown plantation,netted,,,,,,,light,testes 8 x 5 mm,none,m,100%
99181,12648,Pycnonotidae,RGM 887,Alophoixus,bres,Philippines,Palawan,,"Palawan Island, Puerto Princesa, Barangay Irawan, Irawan watershed",9.8371667,118.6411667,03/17/2007,Skin - 1; Tissue - 100,secondary forest,netted,,,,,,no,trace,testes 8 x 5 mm,none,m,100%
99182,12604,Pycnonotidae,CHO-B-259,Alophoixus,bres,Philippines,Palawan,,"Palawan Island, Puerto Princesa, Barangay Irawan, Irawan watershed",9.8371667,118.6411667,03/15/2007,Skin - 1; Tissue - 100,secondary forest,netted,,,,,,,moderate,"ovary mass 5 x 4 mm, lg. ovum 0.5 x 0.5 mm",moderate,f,100%
99183,12672,Pycnonotidae,CHO-B-308,Alophoixus,bres,Philippines,Palawan,,"Palawan Island, Puerto Princesa, Barangay Irawan, Irawan watershed",9.8371667,118.6411667,03/18/2007,Skin - 1; Tissue - 100,secondary forest,netted,,,,,,,none,testes 9 x 5 mm,none,m,100%
99184,12651,Pycnonotidae,CHO-B-290,Alophoixus,bres,Philippines,Palawan,,"Palawan Island, Puerto Princesa, Barangay Irawan, Irawan watershed",9.8371667,118.6411667,03/17/2007,Skin - 1; Tissue - 100,secondary forest,netted,,,,,,,none,testes 3 x 2 mm,none,m,100%
99185,12681,Pycnonotidae,CHO-B-317,Alophoixus,bres,Philippines,Palawan,,"Palawan Island, Puerto Princesa, Barangay Irawan, Irawan watershed",9.8371667,118.6411667,03/18/2007,Skin - 1; Tissue - 100,secondary forest,netted,,,,,,,light,testes 9 x 6 mm,none,m,100%
99186,12683,Pycnonotidae,CHO-B-319,Alophoixus,bres,Philippines,Palawan,,"Palawan Island, Puerto Princesa, Barangay Irawan, Irawan watershed",9.8371667,118.6411667,03/18/2007,Skin - 1; Tissue - 100,secondary forest,netted,,,,,,,light,testes 9 x 4 mm,none,m,100%
99187,12703,Pycnonotidae,CHO-B-331,Alophoixus,bres,Philippines,Palawan,,"Palawan Island, Puerto Princesa, Barangay Irawan, Irawan watershed",9.8371667,118.6411667,03/19/2007,Skin - 1; Tissue - 100,secondary forest,netted,,,,,,,light,ovary mass 6 x 3 mm,none,f,100%
99188,12694,Pycnonotidae,CHO-B-322,Alophoixus,bres,Philippines,Palawan,,"Palawan Island, Puerto Princesa, Barangay Irawan, Irawan watershed",9.8371667,118.6411667,03/19/2007,Skin - 1; Tissue - 100,secondary forest,netted,,,,,,,light,testes 10 x 6 mm,none,m,100%
99189,12666,Pycnonotidae,CHO-B-303,Alophoixus,bres,Philippines,Palawan,,"Palawan Island, Puerto Princesa, Barangay Irawan, Irawan watershed",9.8371667,118.6411667,03/17/2007,Skin - 1; Tissue - 100,secondary forest,netted,,,,,,,light,testes 3 x 2 mm,none,m,100%
99190,12668,Pycnonotidae,CHO-B-305,Alophoixus,bres,Philippines,Palawan,,"Palawan Island, Puerto Princesa, Barangay Irawan, Irawan watershed",9.8371667,118.6411667,03/17/2007,Skin - 1; Tissue - 100,secondary forest,netted,,,,,,,light,testes 8 x 4 mm,none,m,100%
99191,12682,Pycnonotidae,CHO-B-318,Alophoixus,bres,Philippines,Palawan,,"Palawan Island, Puerto Princesa, Barangay Irawan, Irawan watershed",9.8371667,118.6411667,03/18/2007,Skin - 1; Tissue - 100,secondary forest,netted,,,,,,,light,"ovary mass 10 x 6 mm, lg. ovum 1 x 1 mm",none,f,100%
99192,12654,Pycnonotidae,CHO-B-293,Iole,palawanensis,Philippines,Palawan,,"Palawan Island, Puerto Princesa, Barangay Irawan, Irawan watershed",9.8371667,118.6411667,03/17/2007,Skin - 1; Tissue - 100,secondary forest,netted,,,,,,,light,testes 8 x 4 mm,none,m,100%
99193,12618,Pycnonotidae,RGM 879,Iole,palawanensis,Philippines,Palawan,,"Palawan Island, Puerto Princesa, Barangay Irawan, Irawan watershed",9.8371667,118.6411667,03/16/2007,Skin - 1; Tissue - 100,overgrown plantation,netted,,,,,,no,trace,"ovary mass 9 x 7 mm, yolked egg, 5 mm; oviduct enlarged",none,f,100%
99194,12660,Pycnonotidae,RGM 888,Pycnonotus,plumosus,Philippines,Palawan,,"Palawan Island, Puerto Princesa, Barangay Irawan, Irawan watershed",9.8371667,118.6411667,03/17/2007,Skin - 1; Tissue - 100,secondary forest,netted,,,,,,no,trace,testes 6 x 5 mm,none,m,100%
99195,12705,Pycnonotidae,CHO-B-333,Pycnonotus,plumosus,Philippines,Palawan,,"Palawan Island, Puerto Princesa, Barangay Irawan, Irawan watershed",9.8371667,118.6411667,03/19/2007,Skin - 1; Tissue - 100,secondary forest,netted,,,,,,,trace,"ovary mass 5 x 4 mm, ova minute, oviduct straight, < 1 mm",body,f,100%
99196,12667,Pycnonotidae,CHO-B-304,Pycnonotus,plumosus,Philippines,Palawan,,"Palawan Island, Puerto Princesa, Barangay Irawan, Irawan watershed",9.8371667,118.6411667,03/17/2007,Skin - 1; Tissue - 100,secondary forest,netted,,,,,,,heavy,ovary mass 10 x 6 mm,none,f,100%
99197,12641,Pycnonotidae,CHO-B-283,Pycnonotus,atriceps,Philippines,Palawan,,"Palawan Island, Puerto Princesa, Barangay Irawan, Irawan watershed",9.8371667,118.6411667,03/16/2007,Skin - 1; Tissue - 100,secondary forest,netted,,,,,,,heavy,"ovary mass 4 x 3 mm, lg. ovum 1 x 1 mm",none,f,100%
99198,12639,Pycnonotidae,CHO-B-282,Pycnonotus,atriceps,Philippines,Palawan,,"Palawan Island, Puerto Princesa, Barangay Irawan, Irawan watershed",9.8371667,118.6411667,03/16/2007,Skin - 1; Tissue - 100,secondary forest,netted,,,,,,,light,testes 5 x 3 mm,in tail,m,100%
99199,12642,Pycnonotidae,CHO-B-284,Pycnonotus,atriceps,Philippines,Palawan,,"Palawan Island, Puerto Princesa, Barangay Irawan, Irawan watershed",9.8371667,118.6411667,03/16/2007,Skin - 1; Tissue - 100,secondary forest,netted,,,,,,,light,testes 7 x 4 mm,none,m,100%
99200,12633,Pycnonotidae,RGM 882,Pycnonotus,atriceps,Philippines,Palawan,,"Palawan Island, Puerto Princesa, Barangay Irawan, Irawan watershed",9.8371667,118.6411667,03/16/2007,Skin - 1; Tissue - 100,secondary forest,netted,,,,,,no,trace,testes 8 x 6 mm,none,m,100%
99268,12448,Pycnonotidae,CHO-B-144,Hypsipetes,amaurotis,Philippines,Cagayan,,"Camiguin Norte Island, Municipality of Calayan, Barangay Balatubat, Kauringan",18.902,121.908,02/07/07,Skin - 1; Tissue - 100,second growth,shot by local hunter,,,,,,,heavy,testes 4 x 2 mm,none,m,100%
99269,12485,Pycnonotidae,CHO-B-181,Hypsipetes,amaurotis,Philippines,Cagayan,,"Camiguin Norte Island, Municipality of Calayan, Barangay Balatubat, Kauringan",18.902,121.908,02/09/07,Skin - 1; Tissue - 100,second growth,shot by local hunter,,,,,,,light,ovary mass 12 x 4 mm,on both sides of cheek,f,100%
99270,12482,Pycnonotidae,CHO-B-178,Hypsipetes,amaurotis,Philippines,Cagayan,,"Camiguin Norte Island, Municipality of Calayan, Barangay Balatubat, Kauringan",18.902,121.908,02/09/07,Skin - 1; Tissue - 100,second growth,shot by local hunter,,,,,,,light,ovary mass 13 x 6 mm,none,f,100%
99271,12510,Pycnonotidae,CHO-B-206,Hypsipetes,amaurotis,Philippines,Cagayan,,"Camiguin Norte Island, Municipality of Calayan, Barangay Balatubat, Kauringan",18.902,121.908,02/10/07,Skin - 1; Tissue - 100,second growth,shot by local hunter,,,,,,,light,"ovary mass 15 x 10 mm, lg. ovum 1 x 1 mm",none,f,100%
99272,12516,Pycnonotidae,CHO-B-212,Hypsipetes,amaurotis,Philippines,Cagayan,,"Camiguin Norte Island, Municipality of Calayan, Barangay Balatubat, Kauringan",18.902,121.908,02/11/07,Skin - 1; Tissue - 100,second growth,shot by local hunter,,,,,,,,not recorded,none,u,
99273,12513,Pycnonotidae,CHO-B-209,Hypsipetes,amaurotis,Philippines,Cagayan,,"Camiguin Norte Island, Municipality of Calayan, Barangay Balatubat, Kauringan",18.902,121.908,02/11/07,Skin - 1; Tissue - 100,second growth,shot by local hunter,,,,,,,moderate,ovary mass 15 x 10 mm,none,f,100%
99274,12546,Pycnonotidae,CHO-B-242,Hypsipetes,amaurotis,Philippines,Cagayan,,"Camiguin Norte Island, Municipality of Calayan, Barangay Balatubat, Kauringan",18.902,121.908,02/14/2007,Skin - 1; Tissue - 100,second growth,shot by local hunter,,,,,,,light,testes 2 x 1 mm,none,m,100%
99275,12547,Pycnonotidae,CHO-B-243,Hypsipetes,amaurotis,Philippines,Cagayan,,"Camiguin Norte Island, Municipality of Calayan, Barangay Balatubat, Kauringan",18.902,121.908,02/14/2007,Skin - 1; Tissue - 100,second growth,shot by local hunter,,,,,,,light,testes 4 x 3 mm,none,m,100%
99276,12548,Pycnonotidae,CHO-B-244,Hypsipetes,amaurotis,Philippines,Cagayan,,"Camiguin Norte Island, Municipality of Calayan, Barangay Balatubat, Kauringan",18.902,121.908,02/14/2007,Skin - 1; Tissue - 100,second growth,shot by local hunter,,,,,,,heavy,ovary mass 8 x 4 mm,cheeks & breast,f,100%
99277,12552,Pycnonotidae,CHO-B-248,Hypsipetes,amaurotis,Philippines,Cagayan,,"Camiguin Norte Island, Municipality of Calayan, Barangay Balatubat, Kauringan",18.902,121.908,02/14/2007,Skin - 1; Tissue - 100,second growth,shot by local hunter,,,,,,,light,testes 2 x 1 mm,none,m,100%
99278,12551,Pycnonotidae,CHO-B-247,Hypsipetes,amaurotis,Philippines,Cagayan,,"Camiguin Norte Island, Municipality of Calayan, Barangay Balatubat, Kauringan",18.902,121.908,02/14/2007,Skin - 1; Tissue - 100,second growth,shot by local hunter,,,,,,,heavy,testes 2 x 1 mm,none,m,100%
99289,15325,Pycnonotidae,CHO-B-65,Hypsipetes,philippinus,Philippines,Antique,,"Panay Island, Barangay Aningalan, Muncipality of San Remigio",10.812,122.182,10/15/2006,Skeleton - 1; Tissue - 100,second growth,netted,,,,,,,,testes 2 x 1 mm,none,m,
99350,11296,Pycnonotidae,RLB 928,Spizixos,semitorques,China,Guizhou,Daozhen,Dashahe Nature Preserve,29.1668333,107.575,05/02/06,Skeleton - 1; Tissue - 100,secondary scrub; parasite # 1485,netted,,,,,,no,light,testes 4 x 3 mm,none,m,100%
99353,11359,Pycnonotidae,RLB 950,Spizixos,semitorques,China,Guizhou,Daozhen,Dashahe Nature Preserve,29.1668333,107.575,05/05/06,Skeleton - 1; Tissue - 100,secondary scrub; parasite # 1573,netted,,,,,,no,light,testes 3 x 2 mm,none,m,100%
99360,11303,Pycnonotidae,BWB 1002,Ixos,mcclellandii,China,Guizhou,Daozhen,Dashahe Nature Preserve,29.1668333,107.575,05/03/06,Skeleton - 1; Tissue - 100,secondary scrub; parasite # 1499,netted,,,,,,,none,testes 7 x 4 mm,none,m,100%
99362,11338,Pycnonotidae,BWB 1016,Spizixos,semitorques,China,Guizhou,Daozhen,Dashahe Nature Preserve,29.1668333,107.575,05/04/06,Skeleton - 1; Tissue - 100,secondary scrub; parasite # 1538,netted,,,,,,,none,testes 2 x 1 mm,none,m,100%
99366,15313,Pycnonotidae,CHO-B-53,Hypsipetes,philippinus,Philippines,Antique,,"Panay Island, Barangay Aningalan, Muncipality of San Remigio",10.812,122.182,10/13/2006,Skeleton - 1; Tissue - 100,secondary forest,netted,,,,,,,light,"ovary mass 8 x 4 mm, granular",none,f,100%
99378,12487,Pycnonotidae,CHO-B-183,Hypsipetes,amaurotis,Philippines,Cagayan,,"Camiguin Norte Island, Municipality of Calayan, Barangay Balatubat, Kauringan",18.902,121.908,02/10/07,Skeleton - 1; Tissue - 100,second growth forest,netted,,,,,,,moderate,ovary 7 x 4 mm,none,f,100%
99383,12617,Pycnonotidae,CHO-B-265,Alophoixus,bres,Philippines,Palawan,,"Palawan Island, Puerto Princesa, Barangay Irawan, Irawan watershed",9.8371667,118.6411667,03/16/2007,Skeleton - 1; Tissue - 100,second growth forest,netted,,,,,,,light,"ovary mass 10 x 8 mm, ovum 2 mm",none,f,100%
99384,12632,Pycnonotidae,CHO-B-277,Pycnonotus,atriceps,Philippines,Palawan,,"Palawan Island, Puerto Princesa, Barangay Irawan, Irawan watershed",9.8371667,118.6411667,03/16/2007,Skeleton - 1; Tissue - 100,second growth forest,netted,,,,,,,light,testes 8 x 5 mm,none,m,100%
99391,12701,Pycnonotidae,CHO-B-329,Alophoixus,bres,Philippines,Palawan,,"Palawan Island, Puerto Princesa, Barangay Irawan, Irawan watershed",9.8371667,118.6411667,03/19/2007,Skeleton - 1; Tissue - 100,second growth forest,netted,,,,,,,none,testes 4 x 3 mm,none,m,100%
99417,13801,Pycnonotidae,RLB 1100,Spizixos,semitorques,China,Guizhou,Libo,"Libo, 8 km N",25.484,107.881,04/08/07,Alcoholic - 1; Tissue - 100,secondary forest; parasite # 1976; fixed with ethanol,netted,,,,,,,,,,u,
99427,13760,Pycnonotidae,RLB 1088,Spizixos,semitorques,China,Guizhou,Libo,"Libo, 8 km N",25.484,107.881,04/05/07,Alcoholic - 1; Tissue - 100,secondary forest; parasite # 1885; fixed with formaldehyde,netted,,,,,,,,,,u,
99428,13670,Pycnonotidae,RLB 1048,Spizixos,semitorques,China,Guizhou,Libo,"Libo, 8 km N",25.484,107.881,04/01/07,Alcoholic - 1; Tissue - 100,secondary forest; parasite # 1757; fixed with formaldehyde,netted,,,,,,,,,,u,
99435,13710,Pycnonotidae,RLB 1064,Pycnonotus,xanthorrhous,China,Guizhou,Libo,"Libo, 8 km N",25.484,107.881,04/03/07,Alcoholic - 1; Tissue - 100,secondary forest; parasite # 1807; fixed with formaldehyde,netted,,,,,,,,,,u,
99436,13761,Pycnonotidae,AN 764,Pycnonotus,xanthorrhous,China,Guizhou,Libo,"Libo, 8 km N",25.484,107.881,04/05/07,Alcoholic - 1; Tissue - 100,secondary forest; parasite # 1883; fixed with formaldehyde,netted,,,,,,,,,,u,
99438,13694,Pycnonotidae,AN 732,Hemixos,castanonotus,China,Guizhou,Libo,"Libo, 8 km N",25.484,107.881,04/02/07,Alcoholic - 1; Tissue - 100,secondary forest; parasite # 1779; fixed with formaldehyde,netted,,,,,,,light,,,u,
99718,13601,Pycnonotidae,AN 678,Spizixos,semitorques,China,Guizhou,Libo,"Libo, 8 km N",25.48465,107.8818,03/28/2007,Skin - 1; Tissue - 100,secondary forest; parasite # 1655,netted,,,,,,no,light,"ovary mass 6 x 4 mm, lg. ovum 0.5 mm",none,f,100%
99719,13607,Pycnonotidae,RLB 1020,Spizixos,semitorques,China,Guizhou,Libo,"Libo, 8 km N",25.48465,107.8818,03/29/2007,Skin - 1; Tissue - 100,secondary forest; parasite # 1663,netted,,,,,,no,moderate,"ovary mass 8 x 4 mm, lg. ovum 2 mm",none,f,100%
99720,13649,Pycnonotidae,RLB 1039,Spizixos,semitorques,China,Guizhou,Libo,"Libo, 8 km N",25.48465,107.8818,03/31/2007,Skin - 1; Tissue - 100,secondary forest; parasite # 1724,netted,,,,,,no,moderate,testes 3 mm,none,m,100%
99721,13672,Pycnonotidae,RLB 1049,Spizixos,semitorques,China,Guizhou,Libo,"Libo, 8 km N",25.48465,107.8818,04/01/07,Skin - 1; Tissue - 100,secondary forest; parasite # 1756,netted,,,,,,no,empty,testes < 1 mm,none,m,100%
99722,13700,Pycnonotidae,RLB 1061,Spizixos,semitorques,China,Guizhou,Libo,"Libo, 8 km N",25.48465,107.8818,04/02/07,Skin - 1; Tissue - 100,secondary forest; parasite # 1797,netted,,,,,,no,moderate,"ovary mass 3 x 2 mm, ova < 1 mm",none,f,100%
99723,13704,Pycnonotidae,SEB 600,Spizixos,semitorques,China,Guizhou,Libo,"Libo, 8 km N",25.48465,107.8818,04/02/07,Skin - 1; Tissue - 100,secondary forest; parasite # 1800,netted,,,,,,,light,"ovary mass 5 x 5 mm, granular",none,f,100%
99724,13711,Pycnonotidae,RLB 1065,Spizixos,semitorques,China,Guizhou,Libo,"Libo, 8 km N",25.48465,107.8818,04/03/07,Skin - 1; Tissue - 100,secondary forest; parasite # 1816,netted,,,,,,no,light,testes 1.5 x 1 mm,none,m,100%
99725,13708,Pycnonotidae,AN 738,Spizixos,semitorques,China,Guizhou,Libo,"Libo, 8 km N",25.48465,107.8818,04/03/07,Skin - 1; Tissue - 100,secondary forest; parasite # 1811,netted,,,,,,no,light,"ovary mass 5 x 3 mm, smooth",none,f,100%
99726,13709,Pycnonotidae,AN 739,Spizixos,semitorques,China,Guizhou,Libo,"Libo, 8 km N",25.48465,107.8818,04/03/07,Skin - 1; Tissue - 100,secondary forest; parasite # 1817,netted,,,,,,no,light,testes 2 x 1 mm,none,m,100%
99727,13749,Pycnonotidae,RLB 1083,Spizixos,semitorques,China,Guizhou,Libo,"Libo, 8 km N",25.48465,107.8818,04/05/07,Skin - 1; Tissue - 100,secondary forest; parasite # 1864,netted,,,,,,no,moderate,testes 4 x 2 mm,none,m,100%
99728,13742,Pycnonotidae,RLB 1079,Pycnonotus,sinensis,China,Guizhou,Libo,"Libo, 8 km N",25.48465,107.8818,04/05/07,Skin - 1; Tissue - 100,secondary forest; parasite # 1859,netted,,,,,,no,moderate,"ovary mass 5 x 3 mm, ova < 1 mm",none,f,100%
99729,13706,Pycnonotidae,AN 737,Pycnonotus,sinensis,China,Guizhou,Libo,"Libo, 8 km N",25.48465,107.8818,04/03/07,Skin - 1; Tissue - 100,reeds along paddies; parasite # 1804,netted,,,,,,no,moderate,"ovary mass 7 x 5 mm, granular",light body & on neck,f,100%
99730,13715,Pycnonotidae,AN 741,Pycnonotus,sinensis,China,Guizhou,Libo,"Libo, 8 km N",25.48465,107.8818,04/03/07,Skin - 1; Tissue - 100,reeds along paddies; parasite # 1828,netted,,,,,,no,light,"ovary mass 6 x 4 mm, granular",none,f,100%
99731,,Pycnonotidae,AN 705,Pycnonotus,xanthorrhous,China,Guizhou,Libo,"Libo, 8 km N",25.48465,107.8818,03/31/2007,Skin - 1,reeds along paddies; parasite # 1723,netted,,,,,,no,light,"testes 5 x 3 mm, gray",isolated body,m,100%
99732,13691,Pycnonotidae,AN 730,Pycnonotus,xanthorrhous,China,Guizhou,Libo,"Libo, 8 km N",25.48465,107.8818,04/02/07,Skin - 1; Tissue - 100,reeds along paddies; parasite # 1775,netted,,,,,,no,light,"testes 6 x 3 mm, gray",none,m,100%
99733,13752,Pycnonotidae,AN 761,Pycnonotus,xanthorrhous,China,Guizhou,Libo,"Libo, 8 km N",25.48465,107.8818,04/05/07,Skin - 1; Tissue - 100,reeds along paddies; parasite # 1873,netted,,,,,,no,moderate,"ovary mass 4 x 3 mm, granular",none,f,100%
99734,13747,Pycnonotidae,RLB 1081,Pycnonotus,xanthorrhous,China,Guizhou,Libo,"Libo, 8 km N",25.48465,107.8818,04/05/07,Skin - 1; Tissue - 100,reeds along paddies; parasite # 1865,netted,,,,,,no,light,"testes 4 x 3 mm, dark",none,m,100%
99735,13713,Pycnonotidae,RLB 1067,Pycnonotus,xanthorrhous,China,Guizhou,Libo,"Libo, 8 km N",25.48465,107.8818,04/03/07,Skin - 1; Tissue - 100,reeds along paddies; parasite # 1805,netted,,,,,,no,light,"ovary mass 5 x 3 m, ova < 1 mm",none,f,100%
99736,13707,Pycnonotidae,RLB 1063,Pycnonotus,xanthorrhous,China,Guizhou,Libo,"Libo, 8 km N",25.48465,107.8818,04/03/07,Skin - 1; Tissue - 100,reeds along paddies; parasite # 1806,netted,,,,,,no,moderate,"ovary mass 10 x 5 mm, lg. ovum 1.5 mm",none,f,100%
99737,13728,Pycnonotidae,SEB 601,Pycnonotus,xanthorrhous,China,Guizhou,Libo,"Libo, 8 km N",25.48465,107.8818,04/03/07,Skin - 1; Tissue - 100,reeds along paddies; parasite # 1834,netted,,,,,,,light,testes 3 x 3 mm,none,m,100%
99738,13827,Pycnonotidae,RLB 1113,Hemixos,castanonotus,China,Guizhou,Libo,"Libo, 8 km N",25.48465,107.8818,04/10/07,Skin - 1; Tissue - 100,secondary forest; parasite # 2022,netted,,,,,,no,light,testes 8 x 4 mm,none,m,100%
99739,13695,Pycnonotidae,RLB 1057,Hemixos,castanonotus,China,Guizhou,Libo,"Libo, 8 km N",25.48465,107.8818,04/02/07,Skin - 1; Tissue - 100,secondary forest; parasite # 1780,netted,,,,,,no,heavy,testes 3 x 2 mm,none,m,100%
99740,13815,Pycnonotidae,AN 793,Hemixos,castanonotus,China,Guizhou,Libo,"Libo, 8 km N",25.48465,107.8818,04/09/07,Skin - 1; Tissue - 100,secondary forest; parasite # 1988,netted,,,,,,no,light,"testes 11 x 7 mm, sem. Vesicles enlarged",none,m,100%
99741,13599,Pycnonotidae,RLB 1017,Hemixos,castanonotus,China,Guizhou,Libo,"Libo, 8 km N",25.48465,107.8818,03/28/2007,Skin - 1; Tissue - 100,secondary forest; parasite # 1646,netted,,,,,,no,heavy,"ovary mass 10 x 4 mm, lg. ova 1 mm",none,f,100%
99742,13647,Pycnonotidae,RLB 1038,Hemixos,castanonotus,China,Guizhou,Libo,"Libo, 8 km N",25.48465,107.8818,03/31/2007,Skin - 1; Tissue - 100,secondary forest; parasite # 1714,netted,,,,,,no,moderate,"ovary mass 8 x 4 mm, lg. ovum 1.5 mm",none,f,100%
99743,13648,Pycnonotidae,AN 704,Hemixos,castanonotus,China,Guizhou,Libo,"Libo, 8 km N",25.48465,107.8818,03/31/2007,Skin - 1; Tissue - 100,secondary forest; parasite # 1720,netted,,,,,,no,light,"ovary mass 9 x 5 mm, granular, lg. ovum 0.5 mm",none,f,100%
99744,13758,Pycnonotidae,RLB 1086,Ixos,mcclellandii,China,Guizhou,Libo,"Libo, 8 km N",25.48465,107.8818,04/05/07,Skin - 1; Tissue - 100,secondary forest; parasite # 1882,netted,,,,,,no,moderate,"ovary mass 6 x 4 mm, ova < 1 mm",none,f,100%
99745,13885,Pycnonotidae,RLB 1142,Hypsipetes,leucocephalus,China,Guizhou,Libo,"Libo, 8 km N",25.48465,107.8818,04/14/2007,Skin - 1; Skeleton - 1; Tissue - 100,secondary forest; parasite # 2145,netted,,,,,,no,moderate,"testes 10 x 7 mm, sem. Vesicles enlarged",none,m,100%
99949,13669,Pycnonotidae,AN 716,Hemixos,castanonotus,China,Guizhou,Libo,"Libo, 8 km N",25.48465,107.8818,04/01/07,Skeleton - 1; Tissue - 100,secondary forest; parasite # 1754,netted,,,,,,no,light,testes 5 x 2 mm,none,m,100%
99954,13750,Pycnonotidae,AN 759,Pycnonotus,xanthorrhous,China,Guizhou,Libo,"Libo, 8 km N",25.48465,107.8818,04/05/07,Skeleton - 1; Tissue - 100,secondary forest; parasite # 1868,netted,,,,,,no,light,"ovary mass 6 x 4 mm, granular",none,f,100%
99961,13814,Pycnonotidae,AN 792,Hemixos,castanonotus,China,Guizhou,Libo,"Libo, 8 km N",25.48465,107.8818,04/09/07,Skeleton - 1; Tissue - 100,secondary forest; parasite # 1989,netted,,,,,,no,heavy,testes 4 x 3 mm,heavy on back; left 2 outer rectrices,m,100%
100422,,Pycnonotidae,MCT 2361,Pycnonotus,atriceps,Philippines,Palawan,,"Palawan Island, Puerto Princesa, 73 km N",,,05/10/62,Skin - 1,,"Thompson, Max C.",Thompson,M.,C.,,,,light,TESTES ENLARGED,,M,
101215,,Pycnonotidae,RSC 1513,Pycnonotus,cafer,Samoa,,,"above Apia, UPOLU ISLAND",,,08/01/66,Skin - 1,,"Crossin, Richard S.",Crossin,R.,S.,Adult,,,moderate,TESTES 3 X 2 MM,,M,
104133,,Pycnonotidae,LNH 1521,Pycnonotus,cafer,American Samoa,,,Pago PagoTUTUILA ISLAND,,,08/30/1966,Skin - 1,,"HUBER, LAWRENCE N.",Huber,Lawrence,N.,,,,light,"OVARY 6 X 4 MM, OVA GRANULAR, OVIDUCT USED IN PAST",,F,100%
104134,,Pycnonotidae,RSC 3188,Pycnonotus,cafer,Samoa,,,"3 mi SW Apia, UPOLU ISLAND",,,04/13/1969,Skin - 1,,"Crossin, Richard S.",Crossin,R.,S.,Adult,,,none,TESTES 1.5 X 1 MM,HEAVY FLIGHT AND CONTOUR MOLT,M,
104135,,Pycnonotidae,RSC 4236,Pycnonotus,cafer,Samoa,,,"Apia, UPOLU ISLAND",,,06/24/1971,Skin - 1,,"Crossin, Richard S.",Crossin,R.,S.,,,,none,TESTES 3 X 2 MM,,M,100%
104136,,Pycnonotidae,RSC 1512,Pycnonotus,cafer,Samoa,,,"above Apia, UPOLU ISLAND",,,08/01/66,Skin - 1,,"Crossin, Richard S.",Crossin,R.,S.,Adult,,,light,TESTES 3 X 2 MM,,M,
104137,,Pycnonotidae,RSC 1514,Pycnonotus,cafer,Samoa,,,UPOLU ISLAND,,,08/01/66,Skin - 1,,"Crossin, Richard S.",Crossin,R.,S.,Immature,,,moderate,TESTES 3 X 2 MM,,M,
104138,,Pycnonotidae,RSC 1719,Pycnonotus,cafer,Fiji Islands,,,"City of Suva, Viti Levu",,,02/10/67,Skin - 1,,"Crossin, Richard S.",Crossin,R.,S.,,,,light,TESTES 4 X 3 MM,,M,
107015,,Pycnonotidae,,Pycnonotus,xanthopygos,Lebanon,,,"Beirut, AUB Campus",,,06/21/1968,Skin - 1,,"ATALLAH, SANA",Atallah,S.,,,,,,TESTES 8 X 7 MM,,M,
107647,,Pycnonotidae,RSC 1515,Pycnonotus,cafer,Samoa,,,UPOLU ISLAND,,,08/01/66,Skin - 1,,"Bulmer, W.",Bulmer,W.,,,,,light,TESTES 2 X 1.5 MM,LIGHT THROAT MOLT,M,
109179,,Pycnonotidae,,Pycnonotus,barbatus,Tanzania,,,Loliondo,,,07/12/70,Skin - 1,,,,,,,,,,ovary not enlarged,,F,
109180,,Pycnonotidae,5370,Pycnonotus,barbatus,South Africa,Transvaal,,7 mi. E Pretoria,,,08/18/1967,Skin - 1,,"Mumford, R. E.",Mumford,R.,E.,,,,,ovary small,,F,
109181,,Pycnonotidae,,Pycnonotus,barbatus,Tanzania,,,Loliondo,,,07/12/70,Skin - 1,,,,,,,,,,ovary not enlarged,,F,
109182,,Pycnonotidae,,Pycnonotus,barbatus,,,,"Kyanguli Area, Kalama Location, Machakos District",,,12/15/1972,Skin - 1,Hard Way Expedition,,,,,,,,,ovary enlarged,,F,
109183,,Pycnonotidae,,Pycnonotus,barbatus,,,,"Kyanguli Area, Kalama Location, Machakos District",,,11/30/1972,Skin - 1,Hard Way Expedition,,,,,,,,,ovary enlarged,,F,
110301,12785,Pycnonotidae,RGM 954,Alophoixus,bres,Philippines,Palawan,,"Palawan Island, Mantalingajan Range, ca. 20 km SW Brooke's Point",8.7503333,117.6896667,03/29/2007,Skeleton - 1; Tissue - 100,,netted,,,,,,4 x 3 mm,trace,"ovary mass 5 x 4 mm, granular, oviduct < 1 mm, straight",none,f,90%
110303,12806,Pycnonotidae,RGM 975,Pycnonotus,plumosus,Philippines,Palawan,,"Palawan Island, Mantalingajan Range, ca. 20 km SW Brooke's Point",8.7503333,117.6896667,03/30/2007,Skeleton - 1; Tissue - 100,,netted,,,,,,no,trace,testes 7 x 5 mm,body,m,100%
110307,13602,Pycnonotidae,RLB 1018,Pycnonotus,xanthorrhous,China,Guizhou,Libo,"Libo, 8 km N",25.484,107.881,03/28/2007,Skeleton - 1; Tissue - 100,edge of rice paddies; parasite # 1656,netted,,,,,,no,light,testes 3 x 1.5 mm,one side of tail,m,100%
110309,13655,Pycnonotidae,RLB 1041,Ixos,mcclellandii,China,Guizhou,Libo,"Libo, 8 km N",25.484,107.881,03/31/2007,Skeleton - 1; Tissue - 100, parasite # 1737,netted,,,,,,no,moderate,testes 7 x 3 mm,none,m,100%
110311,13675,Pycnonotidae,RLB 1050,Hemixos,castanonotus,China,Guizhou,Libo,"Libo, 8 km N",25.484,107.881,04/01/07,Skeleton - 1; Tissue - 100, parasite # 1759,netted,,,,,,,light,"ovary mass 5 x 3 mm, ova 1 mm",none,f,100%
110314,13712,Pycnonotidae,RLB 1066,Spizixos,semitorques,China,Guizhou,Libo,"Libo, 8 km N",25.484,107.881,04/03/07,Skeleton - 1; Tissue - 100,parasite # 1820,netted,,,,,,no,light,testes 2 x 1 mm,none,m,100%
110322,12585,Pycnonotidae,REF 25,Hypsipetes,philippinus,Philippines,Occidental Mindoro,,"Mindoro Island, Municipality Paluan, Barangay Harrison, Sitio Ulasan",,,03/01/07,Skeleton - 1; Tissue - 100,,netted,,,,,,,light,ovary mass 10 x 5 mm,none,f,90%
110323,12586,Pycnonotidae,REF 26,Hypsipetes,philippinus,Philippines,Occidental Mindoro,,"Mindoro Island, Municipality Paluan, Barangay Harrison, Sitio Ulasan",,,03/01/07,Skeleton - 1; Tissue - 100,,netted,,,,,,,light,testes 5 x 3 mm,none,m,70%
110325,13659,Pycnonotidae,AN 709,Spizixos,semitorques,China,Guizhou,Libo,"Libo, 8 km N",25.484,107.881,03/31/2007,Skeleton - 1; Tissue - 100,in second growth forest; parasite # 1738,netted,,,,,,no,light,testes 3 x 2 mm,none,m,100%
110328,13591,Pycnonotidae,AN 672,Ixos,mcclellandii,China,Guizhou,Libo,"Libo, 8 km N",25.484,107.881,03/28/2007,Skeleton - 1; Tissue - 100,in second growth forest; parasite # 1634,netted,,,,,,no,heavy,"ovary mass 9 x 5 mm, lg. ova 1 mm",none,f,100%
110334,13714,Pycnonotidae,AN 740,Spizixos,semitorques,China,Guizhou,Libo,"Libo, 8 km N",25.484,107.881,04/03/07,Skeleton - 1; Tissue - 100,in second growth forest; parasite # 1815,netted,,,,,,no,light,testes 3 x 2 mm,none,m,100%
110344,14339,Pycnonotidae,REF 69,Hypsipetes,everetti,Philippines,Camiguin,,"Camiguin Sur Island, Municipality Mambajao, Brgy. Pandan, Sitio Campana",9.1780167,124.7197,06/01/07,Alcoholic - 1; Tissue - 100,,netted,,,,,,,,,none,u,
110345,14340,Pycnonotidae,REF 70,Hypsipetes,everetti,Philippines,Camiguin,,"Camiguin Sur Island, Municipality Mambajao, Brgy. Pandan, Sitio Campana",9.1780167,124.7197,06/01/07,Alcoholic - 1; Tissue - 100,,netted,,,,,,,,,none,u,
110349,13943,Pycnonotidae,REF 193,Hypsipetes,everetti,Philippines,Camiguin,,"Camiguin Sur Island, Municipality Mambajao, Brgy. Pandan, Sitio Campana",9.1780167,124.7197,06/12/07,Alcoholic - 1; Tissue - 100,,netted,,,,,,,,,none,u,
110350,13999,Pycnonotidae,REF 249,Hypsipetes,everetti,Philippines,Camiguin,,"Camiguin Sur Island, Municipality Mambajao, Brgy. Pandan, Sitio Pamahawan",9.1925167,124.70845,06/13/2007,Tissue - 100,,netted,,,,,,,,,none,u,
110351,14024,Pycnonotidae,REF 274,Hypsipetes,everetti,Philippines,Camiguin,,"Camiguin Sur Island, Municipality Mambajao, Brgy. Pandan, Sitio Pamahawan",9.1925167,124.70845,06/20/2007,Alcoholic - 1; Tissue - 100,,netted,,,,,,,,,none,u,
110374,14070,Pycnonotidae,REF 319,Pycnonotus,urostictus,Philippines,Dinagat,,"Dinagat Island, Municipality Loreto, Brgy. Santiago, Sitio Cambinliu, Sudlon",10.3436833,125.6181167,08/06/07,Alcoholic - 1; Tissue - 100,,netted,,,,,,,,,none,u,
110375,14246,Pycnonotidae,REF 464,Pycnonotus,urostictus,Philippines,Eastern Samar,,"Samar Island, Municipality Taft, Brgy. San Rafael",11.8291167,125.27665,10/18/2007,Alcoholic - 1; Tissue - 100,,netted,,,,,,,,,,u,
110451,14347,Pycnonotidae,REF 77,Hypsipetes,everetti,Philippines,Camiguin,,"Camiguin Sur Island, Municipality Mambajao, Brgy. Pandan, Sitio Campana",9.1780167,124.7197,06/01/07,Skin - 1; Tissue - 100,secondary forest,netted,,,,,,,light,"ovary mass 8 x 4 mm, lg. ovum 2 x 2 mm",no,f,100%
110452,14329,Pycnonotidae,REF 59,Hypsipetes,everetti,Philippines,Camiguin,,"Camiguin Sur Island, Municipality Mambajao, Brgy. Pandan, Sitio Campana",9.1780167,124.7197,06/01/07,Skin - 1; Tissue - 100,secondary forest,netted,,,,,,,heavy,"ovary mass 15 x 8 mm, lg. ovum 1 x 1 mm",no,m,100%
110453,14333,Pycnonotidae,REF 63,Hypsipetes,everetti,Philippines,Camiguin,,"Camiguin Sur Island, Municipality Mambajao, Brgy. Pandan, Sitio Campana",9.1780167,124.7197,06/01/07,Skin - 1; Tissue - 100,secondary forest,netted,,,,,,,light,testes 10 x 4 mm,no,m,100%
110454,14334,Pycnonotidae,REF 64,Hypsipetes,everetti,Philippines,Camiguin,,"Camiguin Sur Island, Municipality Mambajao, Brgy. Pandan, Sitio Campana",9.1780167,124.7197,06/01/07,Skin - 1; Tissue - 100,secondary forest,netted,,,,,,,light,lg. ovum 8 x 8 mm,no,f,100%
110455,14332,Pycnonotidae,REF 62,Hypsipetes,everetti,Philippines,Camiguin,,"Camiguin Sur Island, Municipality Mambajao, Brgy. Pandan, Sitio Campana",9.1780167,124.7197,06/01/07,Skin - 1; Tissue - 100,secondary forest,netted,,,,,,,,,no,u,100%
110456,14388,Pycnonotidae,REF 118,Hypsipetes,everetti,Philippines,Camiguin,,"Camiguin Sur Island, Municipality Mambajao, Brgy. Pandan, Sitio Campana",9.1780167,124.7197,06/02/07,Skin - 1; Tissue - 100,secondary forest,netted,,,,,,,light,testes 20 x 6 mm,,m,100%
110457,14392,Pycnonotidae,REF 122,Hypsipetes,everetti,Philippines,Camiguin,,"Camiguin Sur Island, Municipality Mambajao, Brgy. Pandan, Sitio Campana",9.1780167,124.7197,06/05/07,Skin - 1; Tissue - 100,secondary forest,netted,,,,,,,light,testes 10 x 6 mm,no,m,100%
110458,14359,Pycnonotidae,REF 89,Hypsipetes,everetti,Philippines,Camiguin,,"Camiguin Sur Island, Municipality Mambajao, Brgy. Pandan, Sitio Campana",9.1780167,124.7197,06/02/07,Skin - 1; Tissue - 100,secondary forest,netted,,,,,,,light,egg 30 x 25,no,f,100%
110459,12944,Pycnonotidae,REF 153,Hypsipetes,everetti,Philippines,Camiguin,,"Camiguin Sur Island, Municipality Mambajao, Brgy. Pandan, Sitio Campana",9.1780167,124.7197,06/06/07,Skin - 1; Tissue - 100,secondary forest,netted,,,,,,,light,lg. ovum 5 x 5 mm,no,f,100%
110460,13923,Pycnonotidae,REF 173,Hypsipetes,everetti,Philippines,Camiguin,,"Camiguin Sur Island, Municipality Mambajao, Brgy. Pandan, Sitio Campana",9.1780167,124.7197,06/08/07,Skin - 1; Tissue - 100,secondary forest,netted,,,,,,,light,ovary mass 6 x 3 mm,no,f,100%
110461,13920,Pycnonotidae,REF 170,Hypsipetes,everetti,Philippines,Camiguin,,"Camiguin Sur Island, Municipality Mambajao, Brgy. Pandan, Sitio Campana",9.1780167,124.7197,06/08/07,Skin - 1; Tissue - 100,secondary forest,netted,,,,,,,light,ovary mass 6 x 3 mm,no,f,100%
110462,13916,Pycnonotidae,REF 166,Hypsipetes,everetti,Philippines,Camiguin,,"Camiguin Sur Island, Municipality Mambajao, Brgy. Pandan, Sitio Campana",9.1780167,124.7197,06/08/07,Skin - 1; Tissue - 100,secondary forest,netted,,,,,,,light,testes 20 x 6 mm,no,m,100%
110463,12956,Pycnonotidae,REF 165,Hypsipetes,everetti,Philippines,Camiguin,,"Camiguin Sur Island, Municipality Mambajao, Brgy. Pandan, Sitio Campana",9.1780167,124.7197,06/08/07,Skin - 1; Tissue - 100,secondary forest,netted,,,,,,,light,ovary mass 5 x 3 mm,no,f,100%
110464,13940,Pycnonotidae,REF 190,Hypsipetes,everetti,Philippines,Camiguin,,"Camiguin Sur Island, Municipality Mambajao, Brgy. Pandan, Sitio Campana",9.1780167,124.7197,06/11/07,Skin - 1; Tissue - 100,secondary forest,netted,,,,,,,heavy,ovary mass 6 x 4 mm,no,f,100%
110465,13946,Pycnonotidae,REF 196,Hypsipetes,everetti,Philippines,Camiguin,,"Camiguin Sur  Island, Municipality Mambajao, Brgy. Pandan, Sitio Pamahawan",9.1925167,124.70845,06/13/2007,Skin - 1; Tissue - 100,secondary forest,netted,,,,,,,light,testes 8 x 4 mm,no,m,100%
110466,13947,Pycnonotidae,REF 197,Hypsipetes,everetti,Philippines,Camiguin,,"Camiguin Sur  Island, Municipality Mambajao, Brgy. Pandan, Sitio Pamahawan",9.1925167,124.70845,06/13/2007,Skin - 1; Tissue - 100,secondary forest,netted,,,,,,,light,"ovary mass 8 x 4 mm, lg. ovum 2 x 2 mm",no,f,100%
110467,13953,Pycnonotidae,REF 203,Hypsipetes,everetti,Philippines,Camiguin,,"Camiguin Sur  Island, Municipality Mambajao, Brgy. Pandan, Sitio Pamahawan",9.1925167,124.70845,06/13/2007,Skin - 1; Tissue - 100,secondary forest,netted,,,,,,,light,ovary mass 6 x 4 mm,no,f,100%
110468,13959,Pycnonotidae,REF 209,Hypsipetes,everetti,Philippines,Camiguin,,"Camiguin Sur  Island, Municipality Mambajao, Brgy. Pandan, Sitio Pamahawan",9.1925167,124.70845,06/14/2007,Skin - 1; Tissue - 100,secondary forest,netted,,,,,,,light,"ovary mass 10 x 5 mm, lg. ovum 1 x 1 mm",no,f,100%
110469,13968,Pycnonotidae,REF 218,Hypsipetes,everetti,Philippines,Camiguin,,"Camiguin Sur  Island, Municipality Mambajao, Brgy. Pandan, Sitio Pamahawan",9.1925167,124.70845,06/14/2007,Skin - 1; Tissue - 100,secondary forest,netted,,,,,,,light,ovary mass 6 x 4 mm,no,f,100%
110470,13958,Pycnonotidae,REF 208,Hypsipetes,everetti,Philippines,Camiguin,,"Camiguin Sur  Island, Municipality Mambajao, Brgy. Pandan, Sitio Pamahawan",9.1925167,124.70845,06/14/2007,Skin - 1; Tissue - 100,secondary forest,netted,,,,,,,heavy,lg. ovum 8 x 8 mm,right wing,f,100%
110471,13995,Pycnonotidae,REF 245,Hypsipetes,everetti,Philippines,Camiguin,,"Camiguin Sur  Island, Municipality Mambajao, Brgy. Pandan, Sitio Pamahawan",9.1925167,124.70845,06/17/2007,Skin - 1; Tissue - 100,secondary forest,netted,,,,,,,light,ovary mass 10 x 5 mm,no,f,100%
110472,14005,Pycnonotidae,REF 255,Hypsipetes,everetti,Philippines,Camiguin,,"Camiguin Sur  Island, Municipality Mambajao, Brgy. Pandan, Sitio Pamahawan",9.1925167,124.70845,06/18/2007,Skin - 1; Tissue - 100,,shot,,,,,,,light,ovary mass 10 x 4 mm,,f,100%
110473,14019,Pycnonotidae,REF 269,Hypsipetes,everetti,Philippines,Camiguin,,"Camiguin Sur  Island, Municipality Mambajao, Brgy. Pandan, Sitio Pamahawan",9.1925167,124.70845,06/19/2007,Skin - 1; Tissue - 100,,netted,,,,,,,light,testes 15 x 8 mm,no,m,100%
110474,14009,Pycnonotidae,REF 259,Hypsipetes,everetti,Philippines,Camiguin,,"Camiguin Sur  Island, Municipality Mambajao, Brgy. Pandan, Sitio Pamahawan",9.1925167,124.70845,06/18/2007,Skin - 1; Tissue - 100,,netted,,,,,,,light,testes 5 x 3 mm,no,m,100%
110574,14076,Pycnonotidae,REF 325,Hypsipetes,everetti,Philippines,Dinagat,,"Dinagat Island, Muncipality of Loreto, Brgy. Santiago, Sitio Cambinliw, Sudlon",10.3436833,125.6181167,08/08/07,Skin - 1; Tissue - 100,secondary forest,netted,,,,,,,light,testes 15 x 6 mm,molt in wings,m,100%
110575,14077,Pycnonotidae,REF 326,Hypsipetes,everetti,Philippines,Dinagat,,"Dinagat Island, Muncipality of Loreto, Brgy. Santiago, Sitio Cambinliw, Sudlon",10.3436833,125.6181167,08/08/07,Skin - 1; Tissue - 100,secondary forest,netted,,,,,,,light,testes 1 x 0.5 mm,"heavy on both wings, throat",m,100%
110576,14073,Pycnonotidae,REF 322,Hypsipetes,everetti,Philippines,Dinagat,,"Dinagat Island, Muncipality of Loreto, Brgy. Santiago, Sitio Cambinliw, Sudlon",10.3436833,125.6181167,08/07/07,Skin - 1; Tissue - 100,secondary forest,netted,,,,,,,light,testes 10 x 5 mm,empty,m,100%
110584,14038,Pycnonotidae,REF 287,Pycnonotus,urostictus,Philippines,Dinagat,,"Dinagat Island, Muncipality of Loreto, Brgy. Santiago, Sitio Cambinliw, Sudlon",10.3436833,125.6181167,07/29/2007,Skin - 1; Tissue - 100,secondary forest,netted,,,,,,,light,testes 3 x 3 mm,no,m,100%
110585,14052,Pycnonotidae,REF 301,Pycnonotus,urostictus,Philippines,Dinagat,,"Dinagat Island, Muncipality of Loreto, Brgy. Santiago, Sitio Cambinliw, Sudlon",10.3436833,125.6181167,08/01/07,Skin - 1; Tissue - 100,secondary forest,netted,,,,,,,light,testes 4 x 4 mm,no,m,100%
110586,14072,Pycnonotidae,REF 321,Pycnonotus,urostictus,Philippines,Dinagat,,"Dinagat Island, Muncipality of Loreto, Brgy. Santiago, Sitio Cambinliw, Sudlon",10.3436833,125.6181167,08/06/07,Skin - 1; Tissue - 100,secondary forest,netted,,,,,,,light,testes 4 x 3 mm,light on forehead,m,100%
110587,14074,Pycnonotidae,REF 323,Pycnonotus,urostictus,Philippines,Dinagat,,"Dinagat Island, Muncipality of Loreto, Brgy. Santiago, Sitio Cambinliw, Sudlon",10.3436833,125.6181167,08/07/07,Skin - 1; Tissue - 100,secondary forest,netted,,,,,,,light,testes 3 x 2 mm,no,m,100%
110618,14184,Pycnonotidae,REF 402,Hypsipetes,everetti,Philippines,Eastern Samar,,"Samar Island, Muncipality of Taft, Brgy. San Rafael",11.8174,125.2778833,10/07/07,Skin - 1; Tissue - 100,secondary forest; tissue may be conpromised as a result of ethanol used,netted,,,,,,,light,ovary mass 6 x 3 mm,heavy on chest,f,100%
110619,14185,Pycnonotidae,REF 403,Hypsipetes,everetti,Philippines,Eastern Samar,,"Samar Island, Muncipality of Taft, Brgy. San Rafael",11.8174,125.2778833,10/08/07,Skin - 1; Tissue - 100,secondary forest; tissue may be conpromised as a result of ethanol used,netted,,,,,,,light,testes 2 x 1 mm,"heavy on abdomen, chest",m,100%
110620,14186,Pycnonotidae,REF 404,Hypsipetes,everetti,Philippines,Eastern Samar,,"Samar Island, Muncipality of Taft, Brgy. San Rafael",11.8174,125.2778833,10/08/07,Skin - 1; Tissue - 100,secondary forest; tissue may be conpromised as a result of ethanol used,netted,,,,,,,light,testes 3 x 2 mm,no,m,100%
110621,14187,Pycnonotidae,REF 405,Hypsipetes,everetti,Philippines,Eastern Samar,,"Samar Island, Muncipality of Taft, Brgy. San Rafael",11.8174,125.2778833,10/08/07,Skin - 1; Tissue - 100,secondary forest; tissue may be conpromised as a result of ethanol used,netted,,,,,,,light,not taken,no,m,100%
110622,14244,Pycnonotidae,REF 462,Hypsipetes,everetti,Philippines,Eastern Samar,,"Samar Island, Muncipality of Taft, Brgy. San Rafael",11.8291167,125.27665,10/17/2007,Skin - 1; Tissue - 100,secondary forest; tissue may be conpromised as a result of ethanol used,netted,,,,,,,light,testes 3 x 2 mm,no,m,100%
110634,14278,Pycnonotidae,REF 496,Pycnonotus,urostictus,Philippines,Eastern Samar,,"Samar Island, Muncipality of Taft, Brgy. San Rafael",12.3375,125.0381667,10/27/2007,Skin - 1; Tissue - 100,primary forest; tissue may be conpromised as a result of ethanol used,netted,,,,,,,light,ovary 5 x 3 mm,light on both wings,f,100%
110635,14276,Pycnonotidae,REF 494,Pycnonotus,urostictus,Philippines,Eastern Samar,,"Samar Island, Muncipality of Taft, Brgy. San Rafael",12.3375,125.0381667,10/25/2007,Skin - 1; Tissue - 100,primary forest; tissue may be conpromised as a result of ethanol used,netted,,,,,,,light,,no,u,50%
110661,14122,Pycnonotidae,REF 340,Pycnonotus,urostictus,Philippines,Eastern Samar,,"Samar Island, Muncipality of Taft, Brgy. San Rafael",11.8174,125.2778833,10/03/07,Skin - 1; Tissue - 100,secondary forest; tissue may be conpromised as a result of ethanol used,netted,,,,,,,light,ovary mass 4 x 3 mm,no,f,100%
110662,14150,Pycnonotidae,REF 368,Pycnonotus,urostictus,Philippines,Eastern Samar,,"Samar Island, Muncipality of Taft, Brgy. San Rafael",11.8174,125.2778833,10/04/07,Skin - 1; Tissue - 100,secondary forest; tissue may be conpromised as a result of ethanol used,netted,,,,,,,light,testes 2 x 1 mm,no,m,100%
110663,14125,Pycnonotidae,REF 343,Pycnonotus,urostictus,Philippines,Eastern Samar,,"Samar Island, Muncipality of Taft, Brgy. San Rafael",11.8174,125.2778833,10/04/07,Skin - 1; Tissue - 100,secondary forest; tissue may be conpromised as a result of ethanol used,netted,,,,,,,light,testes 2 x 1 mm,light on both wings,m,100%
110664,14154,Pycnonotidae,REF 372,Pycnonotus,urostictus,Philippines,Eastern Samar,,"Samar Island, Muncipality of Taft, Brgy. San Rafael",11.8174,125.2778833,10/05/07,Skin - 1; Tissue - 100,secondary forest; tissue may be conpromised as a result of ethanol used,netted,,,,,,,light,testes 3 x 2 mm,no,m,100%
110665,14168,Pycnonotidae,REF 386,Pycnonotus,urostictus,Philippines,Eastern Samar,,"Samar Island, Muncipality of Taft, Brgy. San Rafael",11.8174,125.2778833,10/06/07,Skin - 1; Tissue - 100,secondary forest; tissue may be conpromised as a result of ethanol used,netted,,,,,,,light,ovary mass 4 x 3 mm,no,f,100%
110666,14158,Pycnonotidae,REF 376,Pycnonotus,urostictus,Philippines,Eastern Samar,,"Samar Island, Muncipality of Taft, Brgy. San Rafael",11.8174,125.2778833,10/06/07,Skin - 1; Tissue - 100,secondary forest; tissue may be conpromised as a result of ethanol used,netted,,,,,,,light,testes 2 x 1 mm,no,m,100%
110667,14222,Pycnonotidae,REF 440,Pycnonotus,urostictus,Philippines,Eastern Samar,,"Samar Island, Muncipality of Taft, Brgy. San Rafael",11.8291167,125.27665,10/14/2007,Skin - 1; Tissue - 100,secondary forest; tissue may be conpromised as a result of ethanol used,netted,,,,,,,light,ovary mass 4 x 2 mm,no,f,100%
110668,14238,Pycnonotidae,REF 456,Pycnonotus,urostictus,Philippines,Eastern Samar,,"Samar Island, Muncipality of Taft, Brgy. San Rafael",11.8291167,125.27665,10/16/2007,Skin - 1; Tissue - 100,"secondary  forest; mass data suspect, not included; tissue may be conpromised as a result of ethanol used",netted,,,,,,,light,ovary mass 4 x 3 mm,light on both wings,f,100%
110669,14200,Pycnonotidae,REF 418,Pycnonotus,urostictus,Philippines,Eastern Samar,,"Samar Island, Muncipality of Taft, Brgy. San Rafael",11.8174,125.2778833,10/09/07,Skin - 1,secondary  forest; tissue may be conpromised as a result of ethanol used,netted,,,,,,,not taken,,,u,100%
110670,14235,Pycnonotidae,REF 453,Pycnonotus,urostictus,Philippines,Eastern Samar,,"Samar Island, Muncipality of Taft, Brgy. San Rafael",11.8291167,125.27665,10/15/2007,Skin - 1; Tissue - 100,secondary  forest; tissue may be conpromised as a result of ethanol used,netted,,,,,,,light,testes 2 x 1 mm,light on both wings,m,100%
110671,14233,Pycnonotidae,REF 451,Pycnonotus,urostictus,Philippines,Eastern Samar,,"Samar Island, Muncipality of Taft, Brgy. San Rafael",11.8291167,125.27665,10/15/2007,Skin - 1; Tissue - 100,secondary  forest; tissue may be conpromised as a result of ethanol used,netted,,,,,,,light,testes 1 x 0.5 mm,heavy tail,m,100%
110672,14223,Pycnonotidae,REF 441,Pycnonotus,goiavier,Philippines,Eastern Samar,,"Samar Island, Muncipality of Taft, Brgy. San Rafael",11.8291167,125.27665,10/15/2007,Skin - 1; Tissue - 100,secondary  forest; tissue may be conpromised as a result of ethanol used,netted,,,,,,,light,testes 2 x 1 mm,light on both wings,f,100%
110742,14250,Pycnonotidae,REF 468,Hypsipetes,philippinus,Philippines,Eastern Samar,,"Samar Island, Muncipality of Taft, Brgy. San Rafael",11.8291167,125.27665,10/18/2007,Skin - 1; Tissue - 100,secondary forest; tissue may be conpromised as a result of ethanol used,netted,,,,,,,light,ovary 5 x 3 mm,heavy tail; light in wings and chest,f,100%
110764,14286,Pycnonotidae,REF 504,Hypsipetes,everetti,Philippines,Leyte,,"Leyte Island, Tubod River, Baybay City, Sitio San Vicente, Brgy. Kilim",10.74136,124.84216,11/02/07,Tissue - 100,primary forest,netted,,,,,,,light,testes 3 x 1 mm,light on both wings,m,100%
110765,14301,Pycnonotidae,REF 519,Hypsipetes,philippinus,Philippines,Leyte,,"Leyte Island, Tubod River, Baybay City, Sitio San Vicente, Brgy. Kilim",10.74136,124.84216,11/03/07,Skin - 1; Tissue - 100,primary forest,netted,,,,,,,,testes 1 x 1 mm,both wings,m,100%
111071,15588,Pycnonotidae,MCT 7084,Phyllastrephus,icterinus,Ghana,Western,,Ankasa Conservation Area,5.281667,-2.64,10/29/2007,Skin - 1; Tissue - 100,selectively logged rain forest,netted,,,,,,,no,"ovary 5 x 4 mm, old brood patch",,f,100%
111072,15592,Pycnonotidae,EAB 134,Phyllastrephus,icterinus,Ghana,Western,,Ankasa Conservation Area,5.281667,-2.64,10/29/2007,Skin - 1; Tissue - 100,selectively logged rain forest,netted,,,,,,no,no,ovary 4 x 2 mm,"on back, wings, neck",f,100%
111073,15613,Pycnonotidae,EAB 141,Phyllastrephus,icterinus,Ghana,Western,,Ankasa Conservation Area,5.281667,-2.64,10/30/2007,Skin - 1; Tissue - 100,selectively logged rain forest,netted,,,,,,no,no,ovary mass 8 x 4 mm,neck,f,100%
111074,15599,Pycnonotidae,EAB 137,Phyllastrephus,icterinus,Ghana,Western,,Ankasa Conservation Area,5.281667,-2.64,10/30/2007,Skin - 1; Tissue - 100,selectively logged rain forest,netted,,,,,,no,no,testes 10 x 6 mm,no,m,100%
111075,15616,Pycnonotidae,MCT 7094,Phyllastrephus,icterinus,Ghana,Western,,Ankasa Conservation Area,5.281667,-2.64,10/30/2007,Skin - 1; Tissue - 100,selectively logged rain forest,netted,,,,,,,no,testes 10 x 5 mm,,m,100%
111076,15681,Pycnonotidae,EAB 172,Phyllastrephus,icterinus,Ghana,Western,,Ankasa Conservation Area,5.281667,-2.64,11/03/07,Skin - 1; Tissue - 100,selectively logged rain forest,netted,,,,,,no,no,ovary 3 x 1.5 mm,no,f,100%
111077,15643,Pycnonotidae,MCT 7103,Phyllastrephus,icterinus,Ghana,Western,,Ankasa Conservation Area,5.281667,-2.64,11/01/07,Skin - 1; Tissue - 100,selectively logged rain forest,netted,,,,,,,no,"ovary 10 x 8 mm, old brood patch",,f,100%
111078,15642,Pycnonotidae,MBR 7256,Phyllastrephus,icterinus,Ghana,Western,,Ankasa Conservation Area,5.281667,-2.64,11/01/07,Skin - 1; Tissue - 100,selectively logged rain forest,netted,,,,,,no,no,testes 8 x 5 mm,light body; # 4 primary,m,100%
111079,15564,Pycnonotidae,MBR 7231,Eurillas,latirostris,Ghana,Western,,Ankasa Conservation Area,5.281667,-2.64,10/27/2007,Skin - 1; Tissue - 100,selectively logged rain forest,netted,,,,,,7 x 3 mm,no,"ovary mass 4 x 2 mm, ova < 1 mm",moderate body,f,unoss.
111080,15557,Pycnonotidae,MBR 7228,Eurillas,latirostris,Ghana,Western,,Ankasa Conservation Area,5.281667,-2.64,10/27/2007,Skin - 1; Tissue - 100,selectively logged rain forest,netted,,,,,,no,no,lg. ovum 5 x 5 mm,no,f,100%
111081,15556,Pycnonotidae,MCT 7072,Eurillas,latirostris,Ghana,Western,,Ankasa Conservation Area,5.281667,-2.64,10/27/2007,Skin - 1; Tissue - 100,selectively logged rain forest,netted,,,,,,,no,"ovary mass 10 x 5 mm, lg. ovum 1 mm",,f,100%
111082,15548,Pycnonotidae,EAB 111,Eurillas,latirostris,Ghana,Western,,Ankasa Conservation Area,5.281667,-2.64,10/27/2007,Skin - 1; Tissue - 100,selectively logged rain forest,netted,,,,,,no,on feather tracts,"ovary mass 5 x 4 mm, lg. ovum 1.5 mm",no,f,100%
111083,15605,Pycnonotidae,MCT 7090,Eurillas,latirostris,Ghana,Western,,Ankasa Conservation Area,5.281667,-2.64,10/30/2007,Skin - 1; Tissue - 100,selectively logged rain forest,netted,,,,,,,no,testes 6 x 4 mm,light body,m,100%
111084,15607,Pycnonotidae,MCT 7091,Eurillas,latirostris,Ghana,Western,,Ankasa Conservation Area,5.281667,-2.64,10/30/2007,Skin - 1; Tissue - 100,selectively logged rain forest,netted,,,,,,,no,ovary 5 x 5 mm,,f,100%
111085,15639,Pycnonotidae,MCT 7102,Eurillas,latirostris,Ghana,Western,,Ankasa Conservation Area,5.281667,-2.64,11/01/07,Skin - 1; Tissue - 100,selectively logged rain forest,netted,,,,,,,no,testes 5 x 4 mm,,m,100%
111086,15651,Pycnonotidae,MBR 7258,Eurillas,latirostris,Ghana,Western,,Ankasa Conservation Area,5.281667,-2.64,11/01/07,Skin - 1; Tissue - 100,selectively logged rain forest,netted,,,,,,no,no,"ovary mass 6 x 2 mm, lg. ova 2 x 2 mm, oviduct 2 mm in diameter & slightly convoluted",light on breast,f,100%
111087,15713,Pycnonotidae,EAB 185,Eurillas,latirostris,Ghana,Western,,Ankasa Conservation Area,5.281667,-2.64,11/04/07,Skin - 1; Tissue - 100,selectively logged rain forest,netted,,,,,,3 x 2 mm,light,ovary 5 x 4 mm,on neck & nape,f,100%
111088,15736,Pycnonotidae,EAB 195,Eurillas,latirostris,Ghana,Western,,Ankasa Conservation Area,5.281667,-2.64,11/06/07,Skin - 1; Tissue - 100,selectively logged rain forest,netted,,,,,,6 x 2 mm,no,ovary 3 x 2 mm,on nape,f,< 20 %
111089,15666,Pycnonotidae,MCT 7110,Eurillas,virens,Ghana,Western,,Ankasa Conservation Area,5.281667,-2.64,11/02/07,Skin - 1; Tissue - 100,selectively logged rain forest,netted,,,,,,,no,ovary minute,,f,unoss.
111090,15735,Pycnonotidae,MCT 7134,Eurillas,virens,Ghana,Western,,Ankasa Conservation Area,5.281667,-2.64,11/06/07,Skin - 1; Tissue - 100,selectively logged rain forest,netted,,,,,,,no,"ovary 6 x 5 mm, granular",,f,100%
111091,15709,Pycnonotidae,MCT 7126,Eurillas,virens,Ghana,Western,,Ankasa Conservation Area,5.281667,-2.64,11/04/07,Skin - 1; Tissue - 100,selectively logged rain forest,netted,,,,,,,no,testes minute,no,m,100%
111092,15731,Pycnonotidae,EAB 194,Eurillas,virens,Ghana,Western,,Ankasa Conservation Area,5.281667,-2.64,11/06/07,Skin - 1; Tissue - 100,selectively logged rain forest,netted,,,,,,no,light,ovary mass 7 x 4 mm,no,f,100%
111093,15551,Pycnonotidae,MBR 7226,Eurillas,virens,Ghana,Western,,Ankasa Conservation Area,5.281667,-2.64,10/27/2007,Skin - 1; Tissue - 100,selectively logged rain forest,"Robbins, M.B.",Robbins,Mark,B.,,,no,no,testes 7 x 5 mm,heavy body; #1 & 2 primaries,m,100%
111094,15705,Pycnonotidae,EAB 182,Eurillas,virens,Ghana,Western,,Ankasa Conservation Area,5.281667,-2.64,11/04/07,Skin - 1; Tissue - 100,selectively logged rain forest,netted,,,,,,3 x 1 mm,no,testes 3 x 2 mm,neck,m,100%
111115,15724,Pycnonotidae,MBR 7278,Bleda,eximius,Ghana,Western,,Ankasa Conservation Area,5.281667,-2.64,11/05/07,Skin - 1; Tissue - 100,selectively logged rain forest,netted,,,,,,no,no,testes 8 x 6 mm,light on back,m,100%
111116,15717,Pycnonotidae,MBR 7276,Bleda,eximius,Ghana,Western,,Ankasa Conservation Area,5.281667,-2.64,11/05/07,Skin - 1; Tissue - 100,selectively logged rain forest,netted,,,,,,no,no,testes 10 x 6 mm,light body,m,100%
111117,15659,Pycnonotidae,MCT 7108,Bleda,eximius,Ghana,Western,,Ankasa Conservation Area,5.281667,-2.64,11/02/07,Skin - 1; Tissue - 100,selectively logged rain forest,netted,,,,,,,no,testes 15 x 4 mm,,m,100%
111118,15697,Pycnonotidae,MCT 7120,Bleda,eximius,Ghana,Western,,Ankasa Conservation Area,5.281667,-2.64,11/04/07,Skin - 1; Tissue - 100,selectively logged rain forest,netted,,,,,,,no,testes 5 x 4 mm,,m,100%
111119,15748,Pycnonotidae,RJW 59,Bleda,eximius,Ghana,Western,,Ankasa Conservation Area,5.281667,-2.64,11/07/07,Skin - 1; Tissue - 100,selectively logged rain forest,netted,,,,,,6 x 4 mm,no,ovary 10 x 4 mm,,f,100%
111120,15646,Pycnonotidae,MCT 7104,Bleda,canicapillus,Ghana,Western,,Ankasa Conservation Area,5.281667,-2.64,11/01/07,Skin - 1; Tissue - 100,selectively logged rain forest,netted,,,,,,,no,"ovary 8 x 4 mm, granular",no,f,100%
111121,15641,Pycnonotidae,MBR 7255,Bleda,canicapillus,Ghana,Western,,Ankasa Conservation Area,5.281667,-2.64,11/01/07,Skin - 1; Tissue - 100,selectively logged rain forest,netted,,,,,,no,no,testes 5 x 3 mm,"light on head, none elsewhere",m,100%
111122,15645,Pycnonotidae,EAB 155,Bleda,canicapillus,Ghana,Western,,Ankasa Conservation Area,5.281667,-2.64,11/01/07,Skin - 1; Tissue - 100,selectively logged rain forest,netted,,,,,,7 x 3 mm,no,testes 1.5 x 1 mm,heavy,m,< 10 %
111123,15706,Pycnonotidae,MCT 7124,Bleda,canicapillus,Ghana,Western,,Ankasa Conservation Area,5.281667,-2.64,11/04/07,Skin - 1; Tissue - 100,selectively logged rain forest,netted,,,,,,,no,testes 4 x 3 mm,,m,100%
111124,15553,Pycnonotidae,EAB 113,Bleda,canicapillus,Ghana,Western,,Ankasa Conservation Area,5.281667,-2.64,10/27/2007,Skin - 1; Tissue - 100,selectively logged rain forest,netted,,,,,,no,no,testes 4 x 3 mm,no,m,100%
111125,15561,Pycnonotidae,MBR 7230,Bleda,canicapillus,Ghana,Western,,Ankasa Conservation Area,5.281667,-2.64,10/27/2007,Skin - 1; Tissue - 100,selectively logged rain forest,netted,,,,,,no,no,testes 10 x 5 mm,no,m,100%
111126,15552,Pycnonotidae,MCT 7070,Bleda,canicapillus,Ghana,Western,,Ankasa Conservation Area,5.281667,-2.64,10/27/2007,Skin - 1; Tissue - 100,selectively logged rain forest,netted,,,,,,,no,ovary 10 x 5 mm,,f,100%
111127,15632,Pycnonotidae,EAB 147,Bleda,syndactylus,Ghana,Western,,Ankasa Conservation Area,5.281667,-2.64,10/27/2007,Skin - 1; Tissue - 100,selectively logged rain forest,netted,,,,,,no,no,testes 8 x 4 mm,no,m,100%
111128,15675,Pycnonotidae,EAB 171,Bleda,syndactylus,Ghana,Western,,Ankasa Conservation Area,5.281667,-2.64,11/03/07,Skin - 1; Tissue - 100,selectively logged rain forest,netted,,,,,,no,no,ovary mass 7 x 4 mm,no,f,100%
111129,15710,Pycnonotidae,MBR 7273,Bleda,syndactylus,Ghana,Western,,Ankasa Conservation Area,5.281667,-2.64,11/04/07,Skin - 1; Tissue - 100,selectively logged rain forest,netted,,,,,,no,no,"ovary mass 6 x 3 mm, ova < 1 mm",heavy body; # 1 & 2 primaries,f,100%
111130,15672,Pycnonotidae,MCT 7112,Bleda,syndactylus,Ghana,Western,,Ankasa Conservation Area,5.281667,-2.64,11/02/07,Skin - 1; Tissue - 100,selectively logged rain forest,netted,,,,,,,no,"ovary 5 x 4 mm, granular",,f,100%
111131,15657,Pycnonotidae,MCT 7107,Bleda,syndactylus,Ghana,Western,,Ankasa Conservation Area,5.281667,-2.64,11/02/07,Skin - 1; Tissue - 100,selectively logged rain forest,netted,,,,,,,no,testes minute,,m,100%
111132,15671,Pycnonotidae,EAB 169,Criniger,calurus,Ghana,Western,,Ankasa Conservation Area,5.281667,-2.64,11/02/07,Skin - 1; Tissue - 100,selectively logged rain forest,netted,,,,,,no,no,testes 1.5 x 1 mm,no,m,10%
111133,15694,Pycnonotidae,RJW 57,Criniger,calurus,Ghana,Western,,Ankasa Conservation Area,5.281667,-2.64,11/03/07,Skin - 1; Tissue - 100,selectively logged rain forest,netted,,,,,,no,light,lg. ovum 10 x 10 mm,,f,100%
111134,15687,Pycnonotidae,RJW 56,Criniger,calurus,Ghana,Western,,Ankasa Conservation Area,5.281667,-2.64,11/03/07,Skin - 1; Tissue - 100,selectively logged rain forest,netted,,,,,,no,no,testes 14 x 8 mm,,m,100%
111135,15729,Pycnonotidae,MCT 7132,Criniger,calurus,Ghana,Western,,Ankasa Conservation Area,5.281667,-2.64,11/07/07,Skin - 1; Tissue - 100,selectively logged rain forest,netted,,,,,,,no,ovary 6 x 5 mm,light wing & body,f,100%
111136,15591,Pycnonotidae,MCT 7085,Criniger,calurus,Ghana,Western,,Ankasa Conservation Area,5.281667,-2.64,10/29/2007,Skin - 1; Tissue - 100,selectively logged rain forest,netted,,,,,,,no,"ovary 5 x 2 mm, smooth","body, wing",f,100%
111137,15622,Pycnonotidae,EAB 145,Criniger,calurus,Ghana,Western,,Ankasa Conservation Area,5.281667,-2.64,10/31/2007,Skin - 1; Tissue - 100,selectively logged rain forest,netted,,,,,,4 x 2 mm,no,ovary 4 x 3 mm,no,f,90%
111138,15612,Pycnonotidae,RJW 52,Criniger,calurus,Ghana,Western,,Ankasa Conservation Area,5.281667,-2.64,10/30/2007,Skin - 1; Tissue - 100,selectively logged rain forest,netted,,,,,,no,light,testes 10 x 6 mm,,m,100%
111139,15596,Pycnonotidae,MBR 7242,Criniger,olivaceus,Ghana,Western,,Ankasa Conservation Area,5.281667,-2.64,10/29/2007,Skin - 1; Tissue - 100,selectively logged rain forest,netted,,,,,,no,light,"ovary mass 8 x 4 mm, ova < 1 mm",no,f,100%
111140,15708,Pycnonotidae,MCT 7125,Criniger,olivaceus,Ghana,Western,,Ankasa Conservation Area,5.281667,-2.64,11/04/07,Skin - 1; Tissue - 100,selectively logged rain forest,netted,,,,,,,light,testes 5 x 4 mm,,m,100%
111141,15667,Pycnonotidae,EAB 168,Criniger,barbatus,Ghana,Western,,Ankasa Conservation Area,5.281667,-2.64,11/02/07,Skin - 1; Tissue - 100,selectively logged rain forest,netted,,,,,,no,no,testes 8 x 5 mm,"wings, back, neck, head",m,100%
111142,15670,Pycnonotidae,RJW 55,Criniger,barbatus,Ghana,Western,,Ankasa Conservation Area,5.281667,-2.64,11/02/07,Skin - 1; Tissue - 100,selectively logged rain forest,netted,,,,,,no,no,testes 10 x 6 mm,light body; outermost primaries,m,95%
111143,15765,Pycnonotidae,RJW 62,Criniger,barbatus,Ghana,Western,,Ankasa Conservation Area,5.281667,-2.64,11/08/07,Skin - 1; Tissue - 100,selectively logged rain forest,netted,,,,,,no,no,ovary 6 x 4 mm,"head, body, neck, coverts",f,unoss.
111144,15722,Pycnonotidae,MBR 7277,Criniger,barbatus,Ghana,Western,,Ankasa Conservation Area,5.281667,-2.64,11/05/07,Skin - 1; Tissue - 100,selectively logged rain forest,netted,,,,,,no,no,testes 7 x 5 mm,no,m,100%
111145,15628,Pycnonotidae,EAB 146,Criniger,barbatus,Ghana,Western,,Ankasa Conservation Area,5.281667,-2.64,10/31/2007,Skin - 1; Tissue - 100,selectively logged rain forest,netted,,,,,,no,no,testes 8 x 5 mm,"neck, head",m,100%
111146,15585,Pycnonotidae,MCT 7083,Criniger,barbatus,Ghana,Western,,Ankasa Conservation Area,5.281667,-2.64,10/29/2007,Skin - 1; Tissue - 100,selectively logged rain forest,netted,,,,,,,no,testes minute,body,m,100%
111147,15767,Pycnonotidae,MCT 7147,Chlorocichla,simplex,Ghana,Western,,Ankasa Conservation Area,5.281667,-2.64,11/08/07,Skin - 1; Tissue - 100,second growth at edge of reserve,netted,,,,,,,no,"ovary 5 x 4 mm, granular",no,f,100%
111148,15794,Pycnonotidae,MBR 7301,Chlorocichla,simplex,Ghana,Western,,Ankasa Conservation Area,5.281667,-2.64,11/09/07,Skin - 1; Tissue - 100,second growth at edge of reserve; photographed,netted,,,,,,8 x 3 mm,,testes 3 x 1 mm,"light on back, none elsewhere",m,90%
111150,15578,Pycnonotidae,MBR 7238,Thescelocichla,leucopleura,Ghana,Western,,Ankasa Conservation Area,5.281667,-2.64,10/29/2007,Skin - 1; Tissue - 100,with another individual in palm-lined stream in selectively logged rain forest,"Robbins, M.B.",Robbins,Mark,B.,,,8 x 3.5 mm,no,"ovary mass 8 x 4 mm, ova < 1 mm",light body; molt in primaries & secondaries,f,100%
111151,15653,Pycnonotidae,MBR 7259,Ixonotus,guttatus,Ghana,Western,,Ankasa Conservation Area,5.281667,-2.64,11/02/07,Skin - 1; Tissue - 100,with 4+ others in fruiting tree in selectively logged rain forest,"Robbins, M.B.",Robbins,Mark,B.,,,no,light,"lg. ovum 2 x 2 mm, oviduct 4 mm in diameter & not convoluted",light body,f,100%
111152,15361,Pycnonotidae,EAB 21,Pycnonotus,barbatus,Ghana,Upper West,,Gbele Resource Reserve,10.493333,-1.973333,10/15/2007,Skin - 1; Tissue - 100,woodland/savanna,netted,,,,,,no,no,testes 8 x 5 mm,,m,100%
111153,15370,Pycnonotidae,MCT 7007,Pycnonotus,barbatus,Ghana,Upper West,,Gbele Resource Reserve,10.493333,-1.973333,10/15/2007,Skin - 1; Tissue - 100,woodland/savanna,netted,,,,,,,,ovary granular,no,f,100%
111154,15376,Pycnonotidae,EAB 25,Pycnonotus,barbatus,Ghana,Upper West,,Gbele Resource Reserve,10.493333,-1.973333,10/15/2007,Skin - 1; Tissue - 100,woodland/savanna,netted,,,,,,no,no,testes 8 x 5 mm,light body,m,100%
111181,,Pycnonotidae,EAB 30,Pycnonotus,barbatus,Ghana,Upper West,,Gbele Resource Reserve,10.493333,-1.973333,10/16/2007,Alcoholic - 1,savanna/woodland,netted,,,,,,,,,,u,
111188,,Pycnonotidae,EAB 124,Phyllastrephus,icterinus,Ghana,Western,,Ankasa Conservation Area,5.281667,-2.64,10/29/2007,Alcoholic - 1,selectively logged rain forest,netted,,,,,,,,,no,u,
111189,,Pycnonotidae,EAB 117,Eurillas,latirostris,Ghana,Western,,Ankasa Conservation Area,5.281667,-2.64,10/28/2007,Alcoholic - 1,selectively logged rain forest,netted,,,,,,,,,no,u,
111190,,Pycnonotidae,EAB 116,Eurillas,latirostris,Ghana,Western,,Ankasa Conservation Area,5.281667,-2.64,10/28/2007,Alcoholic - 1,selectively logged rain forest,netted,,,,,,,,,,u,
111192,,Pycnonotidae,EAB 130,Criniger,olivaceus,Ghana,Western,,Ankasa Conservation Area,5.281667,-2.64,10/29/2007,Alcoholic - 1,selectively logged rain forest,netted,,,,,,,,,no,u,
111193,,Pycnonotidae,EAB 122,Bleda,eximius,Ghana,Western,,Ankasa Conservation Area,5.281667,-2.64,10/28/2007,Alcoholic - 1,selectively logged rain forest,netted,,,,,,,,,no,u,
111196,,Pycnonotidae,RJW 60,Eurillas,virens,Ghana,Western,,Ankasa Conservation Area,5.281667,-2.64,11/07/07,Alcoholic - 1,selectively logged rain forest,netted,,,,,,,,,no,u,
111197,,Pycnonotidae,EAB 186,Bleda,eximius,Ghana,Western,,Ankasa Conservation Area,5.281667,-2.64,11/05/07,Alcoholic - 1,selectively logged rain forest,netted,,,,,,,,,no,u,
111198,,Pycnonotidae,EAB 165,Bleda,syndactylus,Ghana,Western,,Ankasa Conservation Area,5.281667,-2.64,11/02/07,Alcoholic - 1,selectively logged rain forest,netted,,,,,,,,,"wing, tail, back",u,
111204,,Pycnonotidae,RJW 53,Criniger,barbatus,Ghana,Western,,Ankasa Conservation Area,5.281667,-2.64,11/02/07,Alcoholic - 1,selectively logged rain forest,netted,,,,,,,,,"light head, secondary coverts; 7-9 primaries",u,
111310,12377,Pycnonotidae,RGM 831,Pycnonotus,simplex,Malaysia,Sarawak,,"Tatau District, 25 km S Bintulu, Samarakan",2.9418333,113.0336667,01/30/2007,Skin - 1; Tissue - 100,logged forest,netted,,,,,,no,trace,testes 8 x 6 mm,no,m,100%
111312,12318,Pycnonotidae,RGM 772,Pycnonotus,erythrophthalmus,Malaysia,Sarawak,,"Tatau District, 25 km S Bintulu, Samarakan",2.9418333,113.0336667,01/22/2007,Skin - 1; Tissue - 100,logged forest,netted,,,,,,no,trace,testes 6 x 4 mm,body,m,100%
111313,12378,Pycnonotidae,RGM 832,Pycnonotus,erythrophthalmus,Malaysia,Sarawak,,"Tatau District, 25 km S Bintulu, Samarakan",2.9418333,113.0336667,01/30/2007,Skin - 1; Tissue - 100,logged forest,netted,,,,,,,,testes 6 x 3 mm,body,m,
111314,12389,Pycnonotidae,RGM 843,Alophoixus,bres,Malaysia,Sarawak,,"Tatau District, 25 km S Bintulu, Samarakan",2.9418333,113.0336667,02/01/07,Skin - 1; Tissue - 100,logged forest,netted,,,,,,no,trace,testes 9 x 7 mm,no,m,100%
111316,12322,Pycnonotidae,RGM 776,Tricholestes,criniger,Malaysia,Sarawak,,"Tatau District, 25 km S Bintulu, Samarakan",2.9418333,113.0336667,01/23/2007,Skin - 1; Tissue - 100,logged forest,netted,,,,,,no,trace,"ovary mass 4 x 3 mm, lg. ovum 1 mm, oviduct 2 mm, straight",no,f,50%
111317,12373,Pycnonotidae,RGM 827,Tricholestes,criniger,Malaysia,Sarawak,,"Tatau District, 25 km S Bintulu, Samarakan",2.9418333,113.0336667,01/30/2007,Skin - 1; Tissue - 100,logged forest,netted,,,,,,no,no,testes 5 x 4 mm,no,m,100%
111318,12375,Pycnonotidae,RGM 829,Alophoixus,phaeocephalus,Malaysia,Sarawak,,"Tatau District, 25 km S Bintulu, Samarakan",2.9418333,113.0336667,01/30/2007,Skin - 1; Tissue - 100,logged forest,netted,,,,,,no,trace,"ovary mass 8 x 7 mm, lg. ovum 1 mm, oviduct 4 mm & convoluted",no,f,100%
111319,12340,Pycnonotidae,RGM 794,Alophoixus,phaeocephalus,Malaysia,Sarawak,,"Tatau District, 25 km S Bintulu, Samarakan",2.9418333,113.0336667,01/25/2007,Skin - 1; Tissue - 100,logged forest,netted,,,,,,no,trace,testes 5 x 4 mm,body,m,100%
111325,12350,Pycnonotidae,RGM 804,Pycnonotus,plumosus,Malaysia,Sarawak,,"Tatau District, 25 km S Bintulu, Samarakan",2.9418333,113.0336667,01/26/2007,Skin - 1; Tissue - 100,Acacia plantation,netted,,,,,,no,trace,testes 6 x 4 mm,no,m,100%
111326,12367,Pycnonotidae,RGM 821,Pycnonotus,plumosus,Malaysia,Sarawak,,"Tatau District, 25 km S Bintulu, Samarakan",2.9418333,113.0336667,01/29/2007,Skin - 1; Tissue - 100,Acacia plantation,netted,,,,,,no,trace,"ovary mass 8 x 7 mm, lg. ovum 1 mm, oviduct 2 mm, convoluted",no,f,100%
111327,12390,Pycnonotidae,RGM 844,Pycnonotus,brunneus,Malaysia,Sarawak,,"Tatau District, 25 km S Bintulu, Samarakan",2.9418333,113.0336667,02/01/07,Skin - 1; Tissue - 100,logged forest,netted,,,,,,no,trace,testes 7 x 5 mm,no,m,100%
111328,12379,Pycnonotidae,RGM 833,Pycnonotus,brunneus,Malaysia,Sarawak,,"Tatau District, 25 km S Bintulu, Samarakan",2.9418333,113.0336667,01/31/2007,Skin - 1; Tissue - 100,logged forest,netted,,,,,,,,testes 8 x 5 mm,body,m,100%
111329,12402,Pycnonotidae,RGM 856,Pycnonotus,eutilotus,Malaysia,Sarawak,,"Tatau District, 25 km S Bintulu, Samarakan",2.9418333,113.0336667,02/03/07,Skin - 1; Tissue - 100,logged forest,netted,,,,,,4 x 2 mm,trace,"ovary mass 5 x 4 mm, smooth",no,f,75%
111330,12321,Pycnonotidae,RGM 775,Pycnonotus,eutilotus,Malaysia,Sarawak,,"Tatau District, 25 km S Bintulu, Samarakan",2.9418333,113.0336667,01/23/2007,Skin - 1; Tissue - 100,logged forest,netted,,,,,,no,trace,"2 yolked eggs (12 x 10 mm, 6 x 5 mm), oviduct convoluted, 6 mm",no,f,100%
111331,12331,Pycnonotidae,RGM 785,Iole,olivacea,Malaysia,Sarawak,,"Tatau District, 25 km S Bintulu, Samarakan",2.9418333,113.0336667,01/24/2007,Skin - 1; Tissue - 100,logged forest,netted,,,,,,no,light,"ovary 7 x 6 mm, lg. ovum 1 mm, oviduct 4 mm & convoluted",no,f,100%
111332,12366,Pycnonotidae,RGM 820,Iole,olivacea,Malaysia,Sarawak,,"Tatau District, 25 km S Bintulu, Samarakan",2.9418333,113.0336667,01/29/2007,Skin - 1; Tissue - 100,logged forest,netted,,,,,,,no,ovary 8 x 6 mm,no,f,100%
111333,12319,Pycnonotidae,RGM 773,Pycnonotus,atriceps,Malaysia,Sarawak,,"Tatau District, 25 km S Bintulu, Samarakan",2.9418333,113.0336667,01/22/2007,Skin - 1; Tissue - 100,logged forest,netted,,,,,,no,trace,testes 8 x 6 mm,no,m,100%
111334,12317,Pycnonotidae,RGM 771,Pycnonotus,atriceps,Malaysia,Sarawak,,"Tatau District, 25 km S Bintulu, Samarakan",2.9418333,113.0336667,01/22/2007,Skin - 1; Tissue - 100,logged forest,netted,,,,,,,trace,testes 8 x 6 mm,no,m,100%
111335,12332,Pycnonotidae,RGM 786,Pycnonotus,atriceps,Malaysia,Sarawak,,"Tatau District, 25 km S Bintulu, Samarakan",2.9418333,113.0336667,01/24/2007,Skin - 1; Tissue - 100,logged forest,netted,,,,,,no,light,testes 8 x 6 mm,no,m,100%
111336,12406,Pycnonotidae,RGM 860,Pycnonotus,melanoleucos,Malaysia,Sarawak,,"Tatau District, 25 km S Bintulu, Samarakan",2.9418333,113.0336667,02/03/07,Skin - 1; Tissue - 100,logged forest,netted,,,,,,no,moderate,testes 5 x 4 mm,no,m,100%
111409,14454,Pycnonotidae,CHO-B-377,Hypsipetes,siquijorensis,Philippines,Romblon,,"Tablas Island, Muncipality Calatrava, Brgy. Balogo, Sitio Pequeno",12.60523,122.04552,01/07/08,Skin - 1; Tissue - 100,second growth,netted,,,,,,,light,ovary mass 8 x 4 mm,no,f,100%
111410,14448,Pycnonotidae,CHO-B-371,Hypsipetes,siquijorensis,Philippines,Romblon,,"Tablas Island, Muncipality Calatrava, Brgy. Balogo, Sitio Pequeno",12.60523,122.04552,01/06/08,Skin - 1; Tissue - 100,second growth,sling shot,,,,,,,moderate,testes 4 x 2 mm,no,m,100%
111411,14467,Pycnonotidae,CHO-B-390,Hypsipetes,siquijorensis,Philippines,Romblon,,"Tablas Island, Muncipality Calatrava, Brgy. Balogo, Sitio Pequeno",12.60523,122.04552,01/08/08,Skin - 1; Tissue - 100,second growth,netted,,,,,,,light,testes 2 x 1.5 mm,"back, rump",m,100%
111412,14480,Pycnonotidae,CHO-B-403,Hypsipetes,siquijorensis,Philippines,Romblon,,"Tablas Island, Muncipality Calatrava, Brgy. Balogo, Sitio Pequeno",12.60523,122.04552,01/09/08,Skin - 1; Tissue - 100,second growth,netted,,,,,,,light,testes 3 x 2 mm,no,m,100%
111413,14479,Pycnonotidae,CHO-B-402,Hypsipetes,siquijorensis,Philippines,Romblon,,"Tablas Island, Muncipality Calatrava, Brgy. Balogo, Sitio Pequeno",12.60523,122.04552,01/09/08,Skin - 1; Tissue - 100,second growth,netted,,,,,,,light,testes 3 x 2 mm,no,m,100%
111414,14475,Pycnonotidae,CHO-B-398,Hypsipetes,siquijorensis,Philippines,Romblon,,"Tablas Island, Muncipality Calatrava, Brgy. Balogo, Sitio Pequeno",12.60523,122.04552,01/09/08,Skin - 1; Tissue - 100,second growth,netted,,,,,,,heavy,ovary 8 x 3 mm,no,f,100%
111448,14460,Pycnonotidae,CHO-B-383,Hypsipetes,siquijorensis,Philippines,Romblon,,"Tablas Island, Muncipality Calatrava, Brgy. Balogo, Sitio Pequeno",12.60523,122.04552,01/07/08,Alcoholic - 1; Tissue - 100,,netted,,,,,,,,,no,u,
112100,17939,Pycnonotidae,CHO 518,Hypsipetes,amaurotis,Philippines,Batanes,,"Batan Island; Municipality of Ivana; Barangay Salagao, Sitio Imnadyed",20.383,121.934,06/10/08,Alcoholic - 1; Tissue - 100,second growth; cloacal swab,"Oliveros, C.",Oliveros,C.,,,,,,,"wings, tail, legs, underparts, upperparts, crown, face",u,
112102,17924,Pycnonotidae,CHO 503,Hypsipetes,amaurotis,Philippines,Batanes,,Sabtang Island; Barangay Chavayan,20.285,121.871,06/06/08,Alcoholic - 1; Tissue - 100,"second growth, cloacal swab","Oliveros, C.",Oliveros,C.,,,,,,,"breast, left wing, back",u,
112103,17908,Pycnonotidae,CHO 487,Hypsipetes,amaurotis,Philippines,Batanes,,"Batan Island; Municipality of Basco; Barangay San Antonio, Sitio Chadpidan",20.47,121.991,05/31/2008,Alcoholic - 1; Tissue - 100,"second growth, cloacal swab","Oliveros, C.",Oliveros,C.,,,,,,,no,u,
112104,17872,Pycnonotidae,CHO 451,Hypsipetes,amaurotis,Philippines,Batanes,,"Batan Island; Municipality of Basco; Barangay San Antonio, Sitio Chadpidan",20.47,121.991,05/28/2008,Alcoholic - 1; Tissue - 100,"second growth, cloacal swab","Oliveros, C.",Oliveros,C.,,,,,,,none,u,
112126,17975,Pycnonotidae,CHO 554,Hypsipetes,philippinus,Philippines,Camarines Norte,,"Luzon Island; Municipality Labo; Barangay Tulay na Lupa, Mt Labo",14.039,122.786,06/24/2008,Alcoholic - 1; Tissue - 100,"second growth, cloacal swab","Oliveros, C.",Oliveros,C.,,,,,,,none,u,
112133,18153,Pycnonotidae,CHO 673,Pycnonotus,urostictus,Philippines,Zamboanga City,,"Mindanao Island; Barangay Pasanonca, Sitio Canucutan, Zamboanga City, Pasanoca National Park",6.9780333,122.0660833,07/11/08,Alcoholic - 1; Tissue - 100,"riverine forest, cloacal swab","Oliveros, C.",Oliveros,C.,,,,,,,none,u,
112152,18128,Pycnonotidae,PAH 480,Pycnonotus,urostictus,Philippines,Zamboanga City,,"Mindanao Island; Barangay Pasanonca, Sitio Canucutan, Zamboanga City, Pasanoca National Park",6.9780333,122.0660833,07/10/08,Alcoholic - 1; Tissue - 100,"riverine forest, cloacal swab, ectoparasites saved",netted,,,,,,,,,wing,u,
112168,18172,Pycnonotidae,PAH 498,Pycnonotus,urostictus,Philippines,Zamboanga City,,"Mindanao Island; Barangay Baluno, Zamboanga City, Pasanoca National Park",7.0184833,122.02725,07/13/2008,Alcoholic - 1; Tissue - 100,secondary forest; cloacal swab,netted,,,,,,,,,little on the head,u,
112169,18173,Pycnonotidae,PAH 499,Pycnonotus,urostictus,Philippines,Zamboanga City,,"Mindanao Island; Barangay Baluno, Zamboanga City, Pasanoca National Park",7.0184833,122.02725,07/13/2008,Alcoholic - 1; Tissue - 100,secondary forest; cloacal swab,netted,,,,,,,,,"wings, breast",u,
112201,15788,Pycnonotidae,MBR 7299,Criniger,calurus,Ghana,Western,,Ankasha Conservation Area,5.281667,-2.64,11/09/07,Skeleton - 1; Tissue - 100,secondary rain forest,netted,,,,,,no,,"ovary mass 4 x 2 mm, ova < 1 mm",light body molt on belly,f,100%
112234,17882,Pycnonotidae,CHO 461,Hypsipetes,amaurotis,Philippines,Batanes,,Batan Island; Municipality Basco; Barangay San Antonio; Sitio Chadpidan,20.47,121.991,05/28/2008,Skin - 1; Tissue - 100,2nd growth; cloacal swab,netted,,,,,,,light,ovary 4 x 10mm; largest ova 1 mm,none,f,100%
112237,17885,Pycnonotidae,CHO 464,Hypsipetes,amaurotis,Philippines,Batanes,,Batan Island; Municipality Basco; Barangay San Antonio; Sitio Chadpidan,20.47,121.991,05/29/2008,Skin - 1; Tissue - 100,2nd growth; cloacal swab; prep by J. Fernandez,netted,,,,,,,light,testes 0.5 x 1 mm,"breast, wings",m,30%
112238,17886,Pycnonotidae,CHO 465,Hypsipetes,amaurotis,Philippines,Batanes,,Batan Island; Municipality Basco; Barangay San Antonio; Sitio Chadpidan,20.47,121.991,05/29/2008,Skin - 1; Tissue - 100,2nd growth; cloacal swab,netted,,,,,,,light,"ovary 4 x 8 mm, largest ova 1 mm",none,f,100%
112239,17887,Pycnonotidae,CHO 466,Hypsipetes,amaurotis,Philippines,Batanes,,Batan Island; Municipality Basco; Barangay San Antonio; Sitio Chadpidan,20.47,121.991,05/29/2008,Skin - 1; Tissue - 100,2nd growth; cloacal swab; prep by J. Fernandez,netted,,,,,,,light,testes 6 x 10 mm,wings,m,100%
112241,17889,Pycnonotidae,CHO 468,Hypsipetes,amaurotis,Philippines,Batanes,,Batan Island; Municipality Basco; Barangay San Antonio; Sitio Chadpidan,20.47,121.991,05/29/2008,Skin - 1; Tissue - 100,2nd growth; cloacal swab; prep by J. Fernandez,netted,,,,,,,light,"ovary 3 x 9 mm, largest ova 1 mm",none,f,100%
112305,15581,Pycnonotidae,EAB 125,Phyllastrephus,icterinus,Ghana,Western,,Ankasa Conservation Area,5.281667,-2.64,10/29/2007,Skeleton - 1; Tissue - 100,selectively logged rain forest,netted,,,,,,no,no,ovary mass 8 x 4 mm,no,f,100%
112306,15582,Pycnonotidae,EAB 127,Criniger,barbatus,Ghana,Western,,Ankasa Conservation Area,5.281667,-2.64,10/29/2007,Skeleton - 1; Tissue - 100,selectively logged rain forest,netted,,,,,,no,no,ovary mass 8 x 4 mm,no,f,100%
112308,15586,Pycnonotidae,EAB 131,Phyllastrephus,icterinus,Ghana,Western,,Ankasa Conservation Area,5.281667,-2.64,10/29/2007,Skeleton - 1; Tissue - 100,selectively logged rain forest,netted,,,,,,5 x 2 mm,no,testes 1 x 1 mm,no,m,75%
112309,15589,Pycnonotidae,EAB 133,Criniger,calurus,Ghana,Western,,Ankasa Conservation Area,5.281667,-2.64,10/29/2007,Skeleton - 1; Tissue - 100,selectively logged rain forest,netted,,,,,,no,no,"ovary mass 11 x 5 mm, lg. ovum 2 mm",no,f,100%
112311,15621,Pycnonotidae,EAB 144,Eurillas,latirostris,Ghana,Western,,Ankasa Conservation Area,5.281667,-2.64,10/31/2007,Skeleton - 1; Tissue - 100,selectively logged rain forest,netted,,,,,,no,no,"ovary mass 10 x 5 mm, lg. ovum 2 mm, oviduct convoluted",no,f,100%
112312,15635,Pycnonotidae,EAB 149,Phyllastrephus,icterinus,Ghana,Western,,Ankasa Conservation Area,5.281667,-2.64,10/31/2007,Skeleton - 1; Tissue - 100,selectively logged rain forest,netted,,,,,,no,no,ovary mass 6 x 2 mm,no,f,100%
112314,15644,Pycnonotidae,EAB 154,Bleda,canicapillus,Ghana,Western,,Ankasa Conservation Area,5.281667,-2.64,11/01/07,Skeleton - 1; Tissue - 100,selectively logged rain forest,netted,,,,,,no,no,testes 4 x 3 mm,no,m,100%
112320,15674,Pycnonotidae,EAB 170,Bleda,syndactylus,Ghana,Western,,Ankasa Conservation Area,5.281667,-2.64,11/03/07,Skeleton - 1; Tissue - 100,selectively logged rain forest,netted,,,,,,no,no,testes 3 x 2 mm,no,m,100%
112323,15711,Pycnonotidae,EAB 184,Criniger,olivaceus,Ghana,Western,,Ankasa Conservation Area,5.281667,-2.64,11/04/07,Skeleton - 1; Tissue - 100,selectively logged rain forest,netted,,,,,,no,light,testes 7 x 5 mm,no,m,100%
112326,15723,Pycnonotidae,EAB 191,Bleda,eximius,Ghana,Western,,Ankasa Conservation Area,5.281667,-2.64,11/05/07,Skeleton - 1; Tissue - 100,selectively logged rain forest,netted,,,,,,no,light,testes 3 x 1 mm,no,m,100%
112366,17937,Pycnonotidae,CHO 516,Hypsipetes,amaurotis,Philippines,Batanes,,"Batan Island; Municipality Ivana; Barangay Salagao, Sitio Imnadyed",20.383,121.934,06/10/08,Skin - 1; Tissue - 100,second growth,netted,,,,,,,light,testes 11 x 6 mm,no,m,100%
112367,17943,Pycnonotidae,CHO 522,Hypsipetes,amaurotis,Philippines,Batanes,,"Batan Island; Municipality Ivana; Barangay Salagao, Sitio Imnadyed",20.383,121.934,06/10/08,Skin - 1; Tissue - 100,second growth,netted,,,,,,,moderate,"ovary mass 5 x 4 mm, lg. ovum 2 x 2 mm",no,f,100%
112375,17927,Pycnonotidae,CHO 506,Hypsipetes,amaurotis,Philippines,Batanes,,Sabtang Island; Barangay Chavayan,20.285,121.871,06/06/08,Skin - 1; Tissue - 100,second growth,netted,,,,juv.,,,moderate,testes 1 x 1 mm,everywhere,m,5%
112376,17926,Pycnonotidae,CHO 505,Hypsipetes,amaurotis,Philippines,Batanes,,Sabtang Island; Barangay Chavayan,20.285,121.871,06/06/08,Skin - 1; Tissue - 100,second growth,netted,,,,,,,light,testes 10 x 5 mm,"breast, back, & wings",m,100%
112385,18105,Pycnonotidae,CHO 643,Pycnonotus,urostictus,Philippines,,,"Mindanao Island, City of Zamboanga; Brgy. Pasonanca, Sitio Canucutan",6.9780333,122.0660833,07/09/08,Skin - 1; Tissue - 100,riverine forest,netted,,,,,,3 x 2 mm,moderate,testes 1 x 1 mm,"breast, back, neck, wings, underparts",m,15%
112386,18131,Pycnonotidae,CHO 659,Pycnonotus,urostictus,Philippines,,,"Mindanao Island, City of Zamboanga; Brgy. Pasonanca, Sitio Canucutan",6.9780333,122.0660833,07/10/08,Skin - 1; Tissue - 100,riverine forest,netted,,,,,,,light,testes 3 x 3 mm,"breast, back, tail and neck",m,100%
112387,18132,Pycnonotidae,PAH 482,Pycnonotus,urostictus,Philippines,,,"Mindanao Island, City of Zamboanga; Brgy. Pasonanca, Sitio Canucutan",6.9780333,122.0660833,07/10/08,Skin - 1; Tissue - 100,riverine forest,netted,,,,,,5 x 3 mm,,testes 2 x 2 mm,wing & tail,m,
112388,18181,Pycnonotidae,CHO 689,Pycnonotus,urostictus,Philippines,,,"Mindanao Island, City of Zamboanga; Brgy. Pasonanca, Pasonanca Nat. Park",7.0184833,122.02725,07/14/2008,Skin - 1; Tissue - 100,second growth,netted,,,,,,,light,testes 2 x 2 mm,back,m,100%
112389,18203,Pycnonotidae,PAH 506,Hypsipetes,rufigularis,Philippines,,,"Mindanao Island, City of Zamboanga; Brgy. Pasonanca, Pasonanca Nat. Park",7.0184833,122.02725,07/15/2008,Skin - 1; Tissue - 100,second forest,netted,,,,,,no,light,testes 2 x 2 mm,wing,m,100%
112390,18213,Pycnonotidae,CHO 713,Hypsipetes,rufigularis,Philippines,,,"Mindanao Island, City of Zamboanga; Brgy. Pasonanca, Pasonanca Nat. Park",7.0184833,122.02725,07/16/2008,Skin - 1; Tissue - 100,second forest,netted,,,,,,,moderate,testes 3 x 2 mm,all over,m,100%
112391,18239,Pycnonotidae,PAH 518,Hypsipetes,rufigularis,Philippines,,,"Mindanao Island, City of Zamboanga; Brgy. Pasonanca, Pasonanca Nat. Park",7.0184833,122.02725,07/18/2008,Skin - 1; Tissue - 100,second forest,netted,,,,,,15 x 10 mm,light,testes 1 x 1 mm,,m,unoss.
112503,17957,Pycnonotidae,CHO 536,Hypsipetes,philippinus,Philippines,Camarines Norte,,"Luzon Island; Municipality Labo; Barangay Tulay na Lupa, Mt. Labo",14.039,122.786,06/22/2008,Skin - 1; Tissue - 100,second growth forest,netted,,,,,,,moderate,lg. ovum 10 x 10 mm,no,f,100%
112504,17980,Pycnonotidae,CHO 559,Hypsipetes,philippinus,Philippines,Camarines Norte,,"Luzon Island; Municipality Labo; Barangay Tulay na Lupa, Mt. Labo",14.039,122.786,06/25/2008,Skin - 1; Tissue - 100,second growth forest,netted,,,,,,no,moderate,"ovary mass 9 x 8 mm, lg. ovum 3 x 3 mm",no,f,100%
112505,17985,Pycnonotidae,CHO 564,Hypsipetes,philippinus,Philippines,Camarines Norte,,"Luzon Island; Municipality Labo; Barangay Tulay na Lupa, Mt. Labo",14.039,122.786,06/25/2008,Skin - 1; Tissue - 100,second growth forest,netted,,,,,,,moderate,ovary mass 8 x 6 mm,breast and wings,f,100%
112506,17986,Pycnonotidae,CHO 565,Hypsipetes,philippinus,Philippines,Camarines Norte,,"Luzon Island; Municipality Labo; Barangay Tulay na Lupa, Mt. Labo",14.039,122.786,06/25/2008,Skin - 1; Tissue - 100,second growth forest,netted,,,,,,no,light,"ovary mass 14 x 8 mm, lg. ovum 5 mm, oviduct enlarged & convoluted",no,f,100%
112507,18051,Pycnonotidae,PAH 430,Hypsipetes,philippinus,Philippines,Camarines Norte,,"Luzon Island; Municipality Labo; Barangay Tulay na Lupa, Mt. Labo",14.039,122.786,06/21/2008,Skin - 1; Tissue - 100,second growth forest,netted,,,,,,no,light,ovary mass 7 x 5 mm,no,f,100%
112508,17947,Pycnonotidae,CHO 526,Hypsipetes,philippinus,Philippines,Camarines Norte,,"Luzon Island; Municipality Labo; Barangay Tulay na Lupa, Mt. Labo",14.039,122.786,06/21/2008,Skin - 1; Tissue - 100,second growth forest,netted,,,,,,,moderate,testes 9 x 5 mm,wings,m,100%
112509,18050,Pycnonotidae,CHO 629,Hypsipetes,philippinus,Philippines,Camarines Norte,,"Luzon Island; Municipality Labo; Barangay Tulay na Lupa, Mt. Labo",14.039,122.786,07/01/08,Skin - 1; Tissue - 100,second growth forest,netted,,,,,,,,testes 8 x 5 mm,no,m,100%
112510,18092,Pycnonotidae,PAH 466,Hypsipetes,philippinus,Philippines,Camarines Norte,,"Luzon Island; Municipality Labo; Barangay Tulay na Lupa, Mt. Labo",14.039,122.786,07/02/08,Skin - 1; Tissue - 100,second growth forest,netted,,,,,,10 x 10 mm,light,ovary 3 x 2 mm,no,f,unoss.
112514,18039,Pycnonotidae,CHO 618,Pycnonotus,urostictus,Philippines,Camarines Norte,,"Luzon Island; Municipality Labo; Barangay Tulay na Lupa, Mt. Labo",14.039,122.786,06/30/2008,Skin - 1; Tissue - 100,second growth forest,netted,,,,,,7 x 5 mm,light,testes 2 x 1.5 mm,all over,m,15%
112945,17712,Pycnonotidae,RGM 1047,Pycnonotus,plumosus,Malaysia,Sabah,,"Padas Damit, Masikuan, ca. 25.5 km W Beaufort",5.3278333,115.5135,06/03/08,Skin - 1; Tissue - 100,edge of swamp forest,netted,,,,,,no,trace,testes 6 x 5 mm,body,m,100%
112960,17746,Pycnonotidae,RGM 1081,Pycnonotus,flavescens,Malaysia,Sabah,,"Meligan Range, ca. 58.5 km SSE Spitang",4.5745,115.696,06/09/08,Skin - 1; Tissue - 100,recently logged montane forest,netted,,,,,,no,trace,"ovary mass 5 x 4 mm, lg. ovum 1 mm, oviduct 4 mm & convoluted",tail,f,100%
112961,17725,Pycnonotidae,RGM 1060,Pycnonotus,goiavier,Malaysia,Sabah,,"Meligan Range, ca. 58.5 km SSE Spitang",4.5745,115.696,06/06/08,Skin - 1; Tissue - 100,recently logged montane forest,netted,,,,,,no,trace,testes 8 x 6 mm,light body,m,100%
112962,17740,Pycnonotidae,RGM 1075,Hemixos,flavala,Malaysia,Sabah,,"Meligan Range, ca. 58.5 km SSE Spitang",4.5745,115.696,06/08/08,Skin - 1; Tissue - 100,recently logged montane forest,netted,,,,,,no,light,testes 8 x 5 mm,no,m,100%
112963,17729,Pycnonotidae,RGM 1064,Alophoixus,ochraceus,Malaysia,Sabah,,"Meligan Range, ca. 58.5 km SSE Spitang",4.5745,115.696,06/07/08,Skin - 1; Tissue - 100,recently logged montane forest,netted,,,,,,no,trace,testes 6 x 4 mm,heavy body,m,100%
112990,17707,Pycnonotidae,RGM 1042,Pycnonotus,plumosus,Malaysia,Sabah,,"Penampang, Inabong, 14.5 km SSE Kola Kinabalu",5.8636667,116.1315,06/01/08,Skin - 1; Tissue - 100,old secondary forest,netted,,,,,,no,light,testes 4 x 3 mm,P2,m,100%
112991,17701,Pycnonotidae,RGM 1036,Alophoixus,bres,Malaysia,Sabah,,"Penampang, Inabong, 14.5 km SSE Kola Kinabalu",5.8636667,116.1315,05/31/2008,Skin - 1; Tissue - 100,old secondary forest,netted,,,,,,no,trace,testes 8 x 6 mm,no,m,100%
112996,17796,Pycnonotidae,RGM 1131,Alophoixus,ochraceus,Malaysia,Sabah,,"Kinabalu Park Headquarters, ca. 52 km E Kota Kinabalu",6.0056667,116.5425,06/21/2008,Skin - 1; Tissue - 100,primary montane forest,netted,,,,,,no,trace,"ovary mass 7 x 5 mm, granular, oviduct 3 mm & convoluted",no,f,100%
113005,17765,Pycnonotidae,RGM 1100,Iole,olivacea,Malaysia,Sabah,,"Crocker Range Park, Ulu Kimanis substation, ca. 53.5 km S Kota Kinabalu",5.5046667,116.0165,06/15/2008,Skin - 1; Tissue - 100,secondary forest,netted,,,,,,no,trace,testes 2 x 1 mm,no,m,100%
113006,17788,Pycnonotidae,RGM 1123,Pycnonotus,erythrophthalmus,Malaysia,Sabah,,"Crocker Range Park, Ulu Kimanis substation, ca. 53.5 km S Kota Kinabalu",5.5046667,116.0165,06/18/2008,Skin - 1; Tissue - 100,secondary forest,netted,,,,,,no,trace,"ovary mass 4 x 3 mm, granular, oviduct 1 mm, straight",wing & tail,f,100%
113007,17780,Pycnonotidae,RGM 1115,Pycnonotus,brunneus,Malaysia,Sabah,,"Crocker Range Park, Ulu Kimanis substation, ca. 53.5 km S Kota Kinabalu",5.5046667,116.0165,06/17/2008,Skin - 1; Tissue - 100,secondary forest,netted,,,,,,no,light,"ovary mass 4 x 3 mm, granular, oviduct 1 mm & straight","wing, tail, and body",f,100%
113008,17777,Pycnonotidae,RGM 1112,Pycnonotus,simplex,Malaysia,Sabah,,"Crocker Range Park, Ulu Kimanis substation, ca. 53.5 km S Kota Kinabalu",5.5046667,116.0165,06/16/2008,Skin - 1; Tissue - 100,secondary forest,netted,,,,,,no,trace,testes 2 x 1 mm,wing & tail,m,100%
113009,17791,Pycnonotidae,RGM 1126,Ixos,malaccensis,Malaysia,Sabah,,"Crocker Range Park, Ulu Kimanis substation, ca. 53.5 km S Kota Kinabalu",5.5046667,116.0165,06/18/2008,Skin - 1; Tissue - 100,secondary forest,netted,,,,,,no,trace,"ovary mass 6 x 5 mm, granular, oviduct 3 mm & convoluted",,f,100%
113010,17764,Pycnonotidae,RGM 1099,Alophoixus,bres,Malaysia,Sabah,,"Crocker Range Park, Ulu Kimanis substation, ca. 53.5 km S Kota Kinabalu",5.5046667,116.0165,06/15/2008,Skin - 1; Tissue - 100,secondary forest,netted,,,,,,no,trace,testes 4 x 3  mm,no,m,100%
113011,17773,Pycnonotidae,RGM 1108,Alophoixus,phaeocephalus,Malaysia,Sabah,,"Crocker Range Park, Ulu Kimanis substation, ca. 53.5 km S Kota Kinabalu",5.5046667,116.0165,06/16/2008,Skin - 1; Tissue - 100,secondary forest,netted,,,,,,no,trace,testes 3 x 2 mm,no,m,100%
113034,17708,Pycnonotidae,RGM 1043,Pycnonotus,plumosus,Malaysia,Sabah,,"Penampang, Inabong, 14.5 km SSE Kola Kinabalu",5.8636667,116.1315,06/01/08,Skin - 1; Tissue - 100,secondary forest,netted,,,,,,no,light,testes 2 x 1  mm,P2 and body,m,100%
113035,12334,Pycnonotidae,RGM 788,Pycnonotus,erythropthalmos,Malaysia,Sarawak,,"Tatau District, 25 km S Bintulu, Samarakan",2.9418333,113.0336667,01/24/2007,Skeleton - 1; Tissue - 100,logged forest,netted,,,,,,no,trace,testes 4 x 3 mm,body,m,100%
113041,12396,Pycnonotidae,RGM 850,Alophoixus,phaeocephalus,Malaysia,Sarawak,,"Tatau District, 25 km S Bintulu, Samarakan",2.9418333,113.0336667,02/02/07,Skeleton - 1; Tissue - 100,logged forest,netted,,,,,,no,no,testes 4 x 3 mm,no,m,90%
113047,14458,Pycnonotidae,CHO-B-381,Hypsipetes,siquijorensis,Philippines,Romblon,,"Tablas Island, Muncipality Calatrava, Brgy. Balogo, Sitio Pequeno",12.60523,122.04552,01/07/08,Skeleton - 1; Tissue - 100,second growth,netted,,,,,,,light,testes 3 x 2 mm,no,m,100%
113054,17869,Pycnonotidae,CHO 448,Hypsipetes,amaurotis,Philippines,Batanes,,"Batan Island; Municipality of Basco; Barangay San Antonio, Sitio Chadpidan",20.47,121.991,05/28/2008,Skeleton - 1; Tissue - 100,second growth,netted,,,,,,,light,testes 7 x 4 mm,no,m,100%
113059,17901,Pycnonotidae,CHO 480,Hypsipetes,amaurotis,Philippines,Batanes,,"Batan Island; Municipality of Basco; Barangay San Antonio, Sitio Chadpidan",20.47,121.991,05/30/2008,Skeleton - 1; Tissue - 100,second growth,netted,,,,,,,,testes 12 x 6 mm,,m,100%
113060,17902,Pycnonotidae,CHO 481,Hypsipetes,amaurotis,Philippines,Batanes,,"Batan Island; Municipality of Basco; Barangay San Antonio, Sitio Chadpidan",20.47,121.991,05/30/2008,Skeleton - 1; Tissue - 100,second growth,netted,,,,,,,,testes 11 x 5 mm,,m,100%
113061,17903,Pycnonotidae,CHO 482,Hypsipetes,amaurotis,Philippines,Batanes,,"Batan Island; Municipality of Basco; Barangay San Antonio, Sitio Chadpidan",20.47,121.991,05/30/2008,Skeleton - 1; Tissue - 100,second growth,netted,,,,,,,,ovary mass 7 x 3 mm,,f,100%
113063,17918,Pycnonotidae,CHO 497,Hypsipetes,amaurotis,Philippines,Batanes,,Sabtang Island; Barangay Chavayan,20.285,121.871,06/05/08,Skeleton - 1; Tissue - 100,second growth,netted,,,,,,,light,ovary 8 x 4 mm,no,f,100%
113083,18165,Pycnonotidae,PAH 492,Pycnonotus,urostictus,Philippines,,,"Mindanao Island; Barangay Pasanonca, Sitio Canucutan, Zamboanga City, Pasanoca National Park",7.0184833,122.02725,07/13/2008,Skeleton - 1; Tissue - 100,secondary forest,netted,,,,,,no,light,testes 2 x 1 mm,no,m,100%
113085,12361,Pycnonotidae,RGM 815,Pycnonotus,atriceps,Malaysia,Sarawak,,"Tatau District, 25 km S Bintulu, Samarakan",2.9418333,113.0336667,01/27/2007,Skeleton - 1; Tissue - 100,logged forest,netted,,,,,,,trace,"ovary mass 12 x 9 mm, yolking egg (6 mm), oviduct 5 mm & convoluted",no,f,100%
113146,19055,Pycnonotidae,CHO 797,Hypsipetes,philippinus,Philippines,Agusan del Sur,,"Mindanao Island; Mun. San Francisco, Brgy. Bayugan 2; Mt. Magdiwata",8.473,125.986,11/01/08,Skin - 1; Tissue - 100,second growth forest,netted,,,,,,,light,ovary mass 10 x 5 mm,"wings, belly",f,100%
113147,19000,Pycnonotidae,CHO 742,Hypsipetes,philippinus,Philippines,Agusan del Sur,,"Mindanao Island; Mun. San Francisco, Brgy. Bayugan 2; Mt. Magdiwata",8.473,125.986,10/26/2008,Skin - 1; Tissue - 100,second growth forest,netted,,,,,,,light,testes 2 x 1 mm,back & wings,m,100%
113148,19002,Pycnonotidae,CHO 744,Pycnonotus,urostictus,Philippines,Agusan del Sur,,"Mindanao Island; Mun. San Francisco, Brgy. Bayugan 2; Mt. Magdiwata",8.473,125.986,10/26/2008,Skin - 1; Tissue - 100,second growth forest,netted,,,,,,,light,testes 2 x 1 mm,"wing, head, breast, belly, tail, & back",m,100%
113149,19004,Pycnonotidae,CHO 746,Pycnonotus,urostictus,Philippines,Agusan del Sur,,"Mindanao Island; Mun. San Francisco, Brgy. Bayugan 2; Mt. Magdiwata",8.473,125.986,10/27/2008,Skin - 1; Tissue - 100,second growth forest,netted,,,,,,,light,testes 2 x 1 mm,all over,m,100%
113150,19037,Pycnonotidae,CHO 779,Pycnonotus,urostictus,Philippines,Agusan del Sur,,"Mindanao Island; Mun. San Francisco, Brgy. Bayugan 2; Mt. Magdiwata",8.473,125.986,10/29/2008,Skin - 1; Tissue - 100,second growth forest,netted,,,,,,,light,testes 1 x 1 mm,tail,m,100%
113210,19779,Pycnonotidae,MJA 473,Bleda,canicapillus,Sierra Leone,Eastern Province,,Kambui Hills Forest Reserve,8.006667,-11.14,05/09/09,Alcoholic - 1; Tissue - 100,humid primary forest,netted,,,,,,,,,primaries,u,
113211,19763,Pycnonotidae,MJA 457,Phyllastrephus,albigularis,Sierra Leone,Eastern Province,,Kambui Hills Forest Reserve,8.006667,-11.14,05/07/09,Alcoholic - 1; Tissue - 100,humid primary forest,netted,,,,,,,,,no,u,
113214,19772,Pycnonotidae,MJA 466,Eurillas,virens,Sierra Leone,Eastern Province,,Kambui Hills Forest Reserve,8.006667,-11.14,05/09/09,Alcoholic - 1; Tissue - 100,farm bush,netted,,,,,,,,,light body,u,
113238,20031,Pycnonotidae,MJA 565,Phyllastrephus,scandens,Sierra Leone,Northern Province,,Outamba-Kilimi National Park,9.675,-12.176667,05/24/2009,Alcoholic - 1; Tissue - 100,gallery forest,netted,,,,,,,,,no,u,
113347,18136,Pycnonotidae,CHO 660,Pycnonotus,urostictus,Philippines,,,"Mindanao Island; Barangay Pasanonca, Sitio Canucutan, Zamboanga City, Pasanoca National Park",6.9780333,122.0660833,07/11/08,Skeleton - 1; Tissue - 100,,netted,,,,,,no,moderate,testes 1 x 1 mm,,m,60%
113351,18222,Pycnonotidae,CHO 719,Pycnonotus,urostictus,Philippines,,,"Mindanao Island; Barangay Pasanonca, Sitio Canucutan, Zamboanga City, Pasanoca National Park",7.0184833,122.02725,07/17/2008,Skeleton - 1; Tissue - 100,advanced second growth,netted,,,,,,no,moderate,ovary 3 x 3 mm,"crown, nape, neck, back, breast, belly",f,100%
113355,19026,Pycnonotidae,CHO 768,Pycnonotus,urostictus,Philippines,Agusan del Sur,,"Mindanao Island; Mun. San Francisco, Barangay Bayugan 2; Mt. Magdiwata",8.473,125.9863,10/28/2008,Skeleton - 1; Tissue - 100,,netted,,,,,,,light,testes 1 x 1 mm,entire body,m,20%
113356,19060,Pycnonotidae,CHO 802,Hypsipetes,philippinus,Philippines,Agusan del Sur,,"Mindanao Island; Mun. San Francisco, Barangay Bayugan 2; Mt. Magdiwata",8.473,125.9863,11/01/08,Skeleton - 1; Tissue - 100,second growth,netted,,,,,,,light,testes 2 x 1 mm,"wings, tail, back",m,100%
113364,17970,Pycnonotidae,CHO 549,Hypsipetes,philippinus,Philippines,Camarines Norte,,"Luzon Island; Municipality Labo; Barangay Tulay na Lupa, Mt. Labo",14.039,122.786,06/24/2008,Skeleton - 1; Tissue - 100,second growth,netted,,,,,,,light,"ovary mass 8 x 6 mm, lg. ovum 3 x 2 mm",no,f,100%
113369,19167,Pycnonotidae,CHO 909,Hypsipetes,philippinus,Philippines,Misamis Oriental,,"Mindanao Island; Gingoog City, Brgy Lunotan, Sitio San Isidro, Mt. Balatukan",8.722,125.003,11/20/2008,Skeleton - 1; Tissue - 100,mid-montane forest,netted,,,,,,,light,lg. ova 7 x 4 mm,wings & tail,f,100%
113382,14419,Pycnonotidae,REF 149,Hypsipetes,everetti,Philippines,Camiguin,,"Camiguin Sur Island, Municipality Mambajao, Brgy. Pandan, Sitio Campana",9.1780167,124.7197,06/06/07,Skeleton - 1; Tissue - 100,secondary forest,netted,,,,,,,light,testes 15 x 8 mm,no,m,100%
113389,13969,Pycnonotidae,REF 219,Hypsipetes,everetti,Philippines,Camiguin,,"Camiguin Sur Island, Municipality Mambajao, Brgy. Pandan, Sitio Pamabawan",9.1925167,124.70845,06/15/2007,Skeleton - 1; Tissue - 100,,netted,,,,,,,,,no,u,
113390,13978,Pycnonotidae,REF 228,Hypsipetes,everetti,Philippines,Camiguin,,"Camiguin Sur Island, Municipality Mambajao, Brgy. Pandan, Sitio Pamabawan",9.1925167,124.70845,06/16/2007,Skeleton - 1; Tissue - 100,,netted,,,,,,,light,testes 10 x 5 mm,no,m,100%
113391,13986,Pycnonotidae,REF 236,Hypsipetes,everetti,Philippines,Camiguin,,"Camiguin Sur Island, Municipality Mambajao, Brgy. Pandan, Sitio Pamabawan",9.1925167,124.70845,06/16/2007,Skeleton - 1; Tissue - 100,,netted,,,,,,,light,testes 6 x 4 mm,no,m,100%
113395,14172,Pycnonotidae,REF 390,Pycnonotus,urostictus,Philippines,,,"Samar Island, Municipality Taft, Brgy. San Rafael",11.8291167,125.27665,10/06/07,Skeleton - 1; Tissue - 100,tissue may be conpromised as a result of ethanol used,netted,,,,,,,light,,light on chest,u,100%
113677,19011,Pycnonotidae,CHO 753,Pycnonotus,urostictus,Philippines,Agusan del Sur,,"Mindanao Island; Mun. San Francisco, Brgy. Bayugan 2; Mt. Magdiwata",8.473,125.9863,10/27/2008,Alcoholic - 1; Tissue - 100,netted in second growth forest,netted,,,,,,,,,general body molt,u,
113682,19038,Pycnonotidae,CHO 780,Pycnonotus,urostictus,Philippines,Agusan del Sur,,"Mindanao Island; Mun. San Francisco, Brgy. Bayugan 2; Mt. Magdiwata",8.473,125.9863,10/28/2008,Alcoholic - 1; Tissue - 100,netted in second growth forest,netted,,,,,,,,,"general body, wing and tail molt",u,
113685,19059,Pycnonotidae,CHO 801,Hypsipetes,philippinus,Philippines,Agusan del Sur,,"Mindanao Island; Mun. San Francisco, Brgy. Bayugan 2; Mt. Magdiwata",8.473,125.9863,11/01/08,Alcoholic - 1; Tissue - 100,netted in second growth forest,netted,,,,,,,,,molt on back and tail,u,
113700,19135,Pycnonotidae,CHO 877,Hypsipetes,philippinus,Philippines,Misamis Oriental,,Mindanao Island; Gingoog City; Brgy. Lumotan; Sitio San Isidro; Mt. Balatukan,8.7325,125.0035,11/17/2008,Alcoholic - 1; Tissue - 100,netted in mid-montane forest,netted,,,,,,,,,"general body, wing and tail molt",u,
113741,19249,Pycnonotidae,CHO 991,Pycnonotus,goiavier,Philippines,Zamboanga City,,Mindanao Island; Brgy. Tolosa; Sitio Santa Clara; Pasonanca Natural Park,7.1078,122.1194,04/09/09,Alcoholic - 1; Tissue - 100,netted in second growth forest,netted,,,,,,,,,on breast,,
113744,19272,Pycnonotidae,CHO 1014,Pycnonotus,urostictus,Philippines,Zamboanga City,,Mindanao Island; Brgy. Pasonanca; Pasonanca Natural Park,6.9769,122.06754,04/12/09,Alcoholic - 1; Tissue - 100,netted in second growth forest,netted,,,,,,,,,none,,
114481,20979,Pycnonotidae,CHO 1359,Hypsipetes,philippinus,Philippines,Bohol,,"Bohol Island, Sierra Bullones Municipality, Rajah Sikatuna Protected Landscape",9.76375,124.27911,08/09/09,Alcoholic - 1; Tissue - 100,netted in secondary forest on limestone,netted,,,,,,,,,moderate body,,
114504,20347,Pycnonotidae,LASGP 261,Pycnonotus,urostictus,Philippines,Aurora,,"Luzon Island, Municipality of Maria Aurora, Barangay Villa Aurora, Sitio Damani",15.6671333,121.3051833,06/08/09,Alcoholic - 1; Tissue - 100,netted in second growth forest,netted,,,,,,,,,,,
114509,19284,Pycnonotidae,CHO 1026,Hypsipetes,philippinus,Philippines,Occidental Mindoro,,"Lubang Island, Municipality of Lubang, Barangay Vigo, Sitio Dangay",13.79985,120.16397,04/24/2009,Alcoholic - 1; Tissue - 100,netted in second growth forest,netted,,,,,,,,,on breast and belly,,
114518,20219,Pycnonotidae,LASGP 168,Hypsipetes,philippinus,Philippines,Aurora,,"Luzon Island, Municipality of Maria Aurora, Barangay Villa Aurora, Sitio Damani",15.6851,121.3406833,05/23/2009,Alcoholic - 1; Tissue - 100,netted in lowland rainforest,netted,,,,,,,,,,,
114558,19382,Pycnonotidae,CHO 1124,Hypsipetes,philippinus,Philippines,Aurora,,"Luzon Island, Municipality of Casiguan, Barangay Casapsapan",16.2896,122.1914167,07/01/09,Alcoholic - 1; Tissue - 100,,netted,,,,,,,,,none,u,
114585,19645,Pycnonotidae,CHO 1197,Hypsipetes,philippinus,Philippines,Aurora,,"Luzon Island, Municipality of San Luis, ca. 12 km WSW of Baler",15.6436167,121.5148667,06/20/2009,Skin - 1; Tissue - 100,secondary montane forest,netted,,,,,,,light,ovary mass 8 x 8 mm,no,f,100%
114586,19653,Pycnonotidae,CHO 1205,Hypsipetes,philippinus,Philippines,Aurora,,"Luzon Island, Municipality of San Luis, ca. 12 km WSW of Baler",15.6436167,121.5148667,06/21/2009,Skin - 1; Tissue - 100,secondary montane forest,netted,,,,,,,moderate,"ovary mass 9 x 9 mm, lg. ovum 2 x 2 mm",no,f,100%
114587,19647,Pycnonotidae,CHO 1199,Hypsipetes,philippinus,Philippines,Aurora,,"Luzon Island, Municipality of San Luis, ca. 12 km WSW of Baler",15.6436167,121.5148667,06/20/2009,Skin - 1; Tissue - 100,secondary montane forest,netted,,,,,,,heavy,ovary mass 7 x 4 mm,"belly, tail, neck",f,100%
114638,26574,Pycnonotidae,RMB 12806,Hypsipetes,philippinus,Philippines,Aurora,,"Luzon Island, Municipality of San Luis, Sitio Minoli",15.68,121.529,06/13/2009,Alcoholic - 1; Tissue - 100,in net over stream; Parasite # P-2714,netted,,,,,,,,,,u,
114639,26567,Pycnonotidae,RMB 12687,Hypsipetes,philippinus,Philippines,Aurora,,"Luzon Island, Municipality of San Luis, Sitio Minoli",15.68,121.529,06/11/09,Alcoholic - 1; Tissue - 100,in net over stream; Parasite # P-2653,netted,,,,,,,,,,u,
114640,26572,Pycnonotidae,RMB 12804,Hypsipetes,philippinus,Philippines,Aurora,,"Luzon Island, Municipality of San Luis, Sitio Minoli",15.68,121.529,06/13/2009,Alcoholic - 1; Tissue - 100,in net over stream; Parasite # P-2707,netted,,,,,,,,,,u,
114685,20353,Pycnonotidae,LASGP 266,Pycnonotus,urostictus,Philippines,Aurora,,"Luzon Island, Municipality of Baler, ASCOT campus",15.7431667,121.5756667,06/10/09,Skin - 1; Tissue - 100,secondary forest,netted,,,,,,no,moderate,"ovary mass 4 x 3 mm, smooth",,f,30%
114686,20352,Pycnonotidae,LASGP 265,Pycnonotus,urostictus,Philippines,Aurora,,"Luzon Island, Municipality of Baler, ASCOT campus",15.7431667,121.5756667,06/10/09,Skin - 1; Tissue - 100,secondary forest,netted,,,,,,,light,testes 6 x 3 mm,no,m,100%
114687,21770,Pycnonotidae,CHO 1237,Pycnonotus,urostictus,Philippines,Aurora,,"Luzon Island, Municipality Casiguran",16.2896,122.1914167,06/28/2009,Skin - 1; Tissue - 100,secondary forest,netted,,,,,,,moderate,testes 6 x 4  mm,"back, rump, belly, breast",m,100%
114688,19375,Pycnonotidae,CHO 1117,Pycnonotus,urostictus,Philippines,Aurora,,"Luzon Island, Municipality Casiguran",16.2896,122.1914167,06/30/2009,Skin - 1; Tissue - 100,secondary forest,netted,,,,,,,moderate,testes 6 x 4 mm,rump,m,100%
114689,21771,Pycnonotidae,CHO 1238,Pycnonotus,urostictus,Philippines,Aurora,,"Luzon Island, Municipality Casiguran",16.2896,122.1914167,06/28/2009,Skin - 1; Tissue - 100,secondary forest,netted,,,,,,,light,testes 5 x 4 mm,heavy entire body,m,100%
114718,19190,Pycnonotidae,CHO 932,Pycnonotus,goiavier,Philippines,Zamboanga City,,Mindanao Island; Brgy. Tolosa; Sitio Santa Clara; Pasonanca Natural Park,7.1078,122.1194,04/08/09,Skin - 1; Tissue - 100,young second growth,netted,,,,,,,light,,no,u,100%
114719,19250,Pycnonotidae,CHO 992,Pycnonotus,goiavier,Philippines,Zamboanga City,,Mindanao Island; Brgy. Tolosa; Sitio Santa Clara; Pasonanca Natural Park,7.1078,122.1194,04/09/09,Skin - 1; Tissue - 100,second growth,shot,,,,,,no,light,testes 8 x 5 mm,tail & back,m,100%
114720,19188,Pycnonotidae,CHO 930,Pycnonotus,urostictus,Philippines,Zamboanga City,,Mindanao Island; Brgy. Tolosa; Sitio Santa Clara; Pasonanca Natural Park,7.1078,122.1194,04/08/09,Skin - 1; Tissue - 100,second growth,netted,,,,,,,light,ovary mass 10 x 6 mm,no,f,100%
114888,26585,Pycnonotidae,RMB 12731,Pycnonotus,urostictus,Philippines,Aurora,,"Luzon Island, Sitio Minoli",15.742,121.576,06/13/2009,Alcoholic - 1; Tissue - 100,taken out of shrubs above stream; Parasite # P-2670; lower GI tract removed,R.M.Brown,Brown,R.,M.,,,,,,,u,
114976,17769,Pycnonotidae,RGM 1104,Iole,olivacea,Malaysia,Sabah,,"Crocker Range Park, Ulu Kimenis substation, ca. 53.5 km S Kota Kinabalu",5.5046667,116.0131667,06/15/2008,Skeleton - 1; Tissue - 100,secondary forest,netted,,,,,,no,light,testes 7 x 5 mm,wing & body,m,100%
115069,19767,Pycnonotidae,MJA 461,Bleda,eximius,Sierra Leone,Eastern,,Kambui Hills Forest Reserve,8.006667,-11.14,05/08/09,Skin - 1; Tissue - 100,primary forest,netted,,,,,,no,no,ovary mass 5 x 4 mm,body,f,100%
115070,19732,Pycnonotidae,MFOR 377,Bleda,eximius,Sierra Leone,Eastern,,Kambui Hills Forest Reserve,8.006667,-11.14,05/08/09,Skin - 1; Tissue - 100,primary forest,netted,,,,,,no,light,testes 6 x 3 mm,no,m,100%
115071,19665,Pycnonotidae,MFOR 350,Phyllastrephus,albigularis,Sierra Leone,Eastern,,Kambui Hills Forest Reserve,8.006667,-11.14,05/03/09,Skin - 1; Tissue - 100,secondary forest,netted,,,,,,no,light,testes 1 x 1 mm,primary,m,100%
115072,19684,Pycnonotidae,IALL 4,Phyllastrephus,albigularis,Sierra Leone,Eastern,,Kambui Hills Forest Reserve,8.006667,-11.14,05/03/09,Skin - 1; Tissue - 100,secondary forest,netted,,,,,,6 x 3 mm,,testes 2 x 1 mm,all over body; primaries,m,70%
115073,19711,Pycnonotidae,MJA 445,Phyllastrephus,albigularis,Sierra Leone,Eastern,,Kambui Hills Forest Reserve,8.006667,-11.14,05/04/09,Skin - 1; Tissue - 100,secondary forest,netted,,,,,,no,no,testes 2 x 1 mm,no,m,100%
115074,19735,Pycnonotidae,MFOR 380,Eurillas,virens,Sierra Leone,Eastern,,Kambui Hills Forest Reserve,8.006667,-11.14,05/09/09,Skin - 1; Tissue - 100,farm bush,netted,,,,,,3 x 2 mm,heavy,testes 1 x 1 mm,no body; molt in primaries,m,100%
115075,19753,Pycnonotidae,IALL 33,Eurillas,virens,Sierra Leone,Eastern,,Kambui Hills Forest Reserve,8.006667,-11.14,05/09/09,Skin - 1; Tissue - 100,farm bush,netted,,,,,,no,yes,testes 2 x 1 mm,no,m,100%
115076,19681,Pycnonotidae,IALL 1,Eurillas,virens,Sierra Leone,Eastern,,Kambui Hills Forest Reserve,8.006667,-11.14,05/02/09,Skin - 1; Tissue - 100,secondary forest,netted,,,,,,1 x 1 mm,heavy,testes 1 x 1 mm,heavy body,m,70%
115077,19707,Pycnonotidae,MJA 441,Eurillas,virens,Sierra Leone,Eastern,,Kambui Hills Forest Reserve,8.006667,-11.14,05/03/09,Skin - 1; Tissue - 100,secondary forest,netted,,,,,,4 x 3 mm,moderate,testes 1 x 1 mm,no,m,90%
115078,19663,Pycnonotidae,MFOR 348,Eurillas,virens,Sierra Leone,Eastern,,Kambui Hills Forest Reserve,8.006667,-11.14,05/03/09,Skin - 1; Tissue - 100,secondary forest,netted,,,,,,6 x 4  mm,,testes 2 x 1 mm,no,m,50%
115079,19687,Pycnonotidae,IALL 7,Eurillas,virens,Sierra Leone,Eastern,,Kambui Hills Forest Reserve,8.006667,-11.14,05/04/09,Skin - 1; Tissue - 100,secondary forest,netted,,,,,,5 x 4 mm,yes,testes 2 x 1 mm,,m,100%
115080,19679,Pycnonotidae,MFOR 364,Eurillas,virens,Sierra Leone,Eastern,,Kambui Hills Forest Reserve,8.006667,-11.14,05/06/09,Skin - 1; Tissue - 100,second growth,netted,,,,,,7 x 4 mm,heavy,testes 1 x 1 mm,light body; primary,m,90%
115081,19718,Pycnonotidae,MFOR 452,Eurillas,curvirostris,Sierra Leone,Eastern,,Kambui Hills Forest Reserve,8.006667,-11.14,05/06/09,Skin - 1; Tissue - 100,farm bush; id needs to be confirmed,netted,,,,,,no,moderate,"ovary mass 5 x 3 mm, ova 1 mm",heavy body; wing,f,100%
115082,19697,Pycnonotidae,IALL 17,Eurillas,latirostris,Sierra Leone,Eastern,,Kambui Hills Forest Reserve,8.006667,-11.14,05/06/09,Skin - 1; Tissue - 100,secondary forest,netted,,,,,,no,no,"ovary mass 5 x 4 mm, ova 1 x 1 mm",no,f,100%
115083,19790,Pycnonotidae,MFOR 395,Eurillas,latirostris,Sierra Leone,Eastern,,Kambui Hills Forest Reserve,8.006667,-11.14,05/11/09,Skin - 1; Tissue - 100,secondary forest,netted,,,,,,no,no,"ovary mass 6 x 4 mm, ova < 1 mm",light body (neck),f,100%
115084,19685,Pycnonotidae,IALL 5,Eurillas,latirostris,Sierra Leone,Eastern,,Kambui Hills Forest Reserve,8.006667,-11.14,05/03/09,Skin - 1; Tissue - 100,secondary forest,netted,,,,,,no,light in neck,testes 6 x 5 mm,general body,m,100%
115085,19708,Pycnonotidae,MJA 442,Eurillas,latirostris,Sierra Leone,Eastern,,Kambui Hills Forest Reserve,8.006667,-11.14,05/04/09,Skin - 1; Tissue - 100,secondary forest,netted,,,,,,no,no,testes 1 x 1 mm,primary & body,m,100%
115087,21038,Pycnonotidae,LASGP 326,Hypsipetes,philippinus,Philippines,Nueva Vizcaya,,"Luzon Island, Mt. Palali",16.4378667,121.2248833,01/08/10,Alcoholic - 1; Tissue - 100,netted in montane forest,netted,,,,,,,,,none,u,
115103,19742,Pycnonotidae,IALL 22,Phyllastrephus,icterinus,Sierra Leone,Eastern,,Kambui Hills Forest Reserve,8.006667,-11.14,05/07/09,Skin - 1; Tissue - 100,primary forest,netted,,,,,,no,no,"ovary mass 5 x 4 mm, ova 1 x 1 mm",general body; secondaries,f,80%
115104,19719,Pycnonotidae,MJA 453,Phyllastrephus,icterinus,Sierra Leone,Eastern,,Kambui Hills Forest Reserve,8.006667,-11.14,05/07/09,Skin - 1; Tissue - 100,primary forest,netted,,,,,,no,no,testes 2 x 1 mm,primary & tail,m,100%
115105,19760,Pycnonotidae,IALL 40,Phyllastrephus,icterinus,Sierra Leone,Eastern,,Kambui Hills Forest Reserve,8.006667,-11.14,05/09/09,Skin - 1; Tissue - 100,primary forest,netted,,,,,,no,,testes 3 x 1 mm,all over body,m,80%
115106,19782,Pycnonotidae,MFOR 387,Phyllastrephus,icterinus,Sierra Leone,Eastern,,Kambui Hills Forest Reserve,8.006667,-11.14,05/09/09,Skin - 1; Tissue - 100,primary forest,netted,,,,,,5 x 2 mm,light,testes 1 x 1 mm,secondaries,m,100%
115107,19777,Pycnonotidae,MJA 471,Phyllastrephus,icterinus,Sierra Leone,Eastern,,Kambui Hills Forest Reserve,8.006667,-11.14,05/09/09,Skin - 1; Tissue - 100,primary forest,netted,,,,,,no,no,testes 2 x 1 mm,primary,m,100%
115108,19740,Pycnonotidae,MFOR 385,Phyllastrephus,icterinus,Sierra Leone,Eastern,,Kambui Hills Forest Reserve,8.006667,-11.14,05/09/09,Skin - 1; Tissue - 100,primary forest,netted,,,,,,10 x 4 mm,light,"ovary mass 2 x 1 mm, ova < 1 mm",no,f,50%
115109,19828,Pycnonotidae,MJA 482,Phyllastrephus,icterinus,Sierra Leone,Eastern,,Kambui Hills Forest Reserve,8.006667,-11.14,05/10/09,Skin - 1; Tissue - 100,primary forest,netted,,,,,,no,no,testes 2 x 1 mm,heavy body,m,100%
115110,19824,Pycnonotidae,MJA 478,Phyllastrephus,icterinus,Sierra Leone,Eastern,,Kambui Hills Forest Reserve,8.006667,-11.14,05/10/09,Skin - 1; Tissue - 100,primary forest,netted,,,,,,no,no,testes 3 x 1 mm,no,m,100%
115111,19730,Pycnonotidae,MFOR 375,Bleda,canicapillus,Sierra Leone,Eastern,,Kambui Hills Forest Reserve,8.006667,-11.14,05/08/09,Skin - 1; Tissue - 100,primary forest,netted,,,,,,no,light,testes 3 x 1 mm,primaries & tail,m,100%
115112,19811,Pycnonotidae,IALL 51,Bleda,canicapillus,Sierra Leone,Eastern,,Kambui Hills Forest Reserve,8.006667,-11.14,05/11/09,Skin - 1; Tissue - 100,primary forest,netted,,,,,,5 x 2 mm,no,"ovary mass 3 x 3 mm, ova < 1 mm",all over body,f,100%
115113,19759,Pycnonotidae,IALL 40,Bleda,canicapillus,Sierra Leone,Eastern,,Kambui Hills Forest Reserve,8.006667,-11.14,05/09/09,Skin - 1; Tissue - 100,primary forest,netted,,,,,,no,no,testes 2 x 2 mm,no,m,100%
115114,19781,Pycnonotidae,MFOR 386,Bleda,canicapillus,Sierra Leone,Eastern,,Kambui Hills Forest Reserve,8.006667,-11.14,05/09/09,Skin - 1; Tissue - 100,primary forest,netted,,,,,,7 x 4 mm,light,testes 1 x 1 mm,body,m,100%
115115,19809,Pycnonotidae,IALL 49,Bleda,canicapillus,Sierra Leone,Eastern,,Kambui Hills Forest Reserve,8.006667,-11.14,05/11/09,Skin - 1; Tissue - 100,primary forest,netted,,,,,,no,no,testes 2 x 1 mm,back & ventral regions,m,80%
115116,19693,Pycnonotidae,IALL 13,Bleda,canicapillus,Sierra Leone,Eastern,,Kambui Hills Forest Reserve,8.006667,-11.14,05/05/09,Skin - 1; Tissue - 100,primary forest,netted,,,,,,no,no,"ovary mass 6 x 4 mm, ova 1 x 1 mm",no,f,100%
115117,19802,Pycnonotidae,IALL 42,Criniger,barbatus,Sierra Leone,Eastern,,Kambui Hills Forest Reserve,8.006667,-11.14,05/10/09,Skin - 1; Tissue - 100,primary forest,netted,,,,,,no,no,"ovary mass 6 x 3 mm, ova < 1 mm",secondaries and tail,f,90%
115118,19804,Pycnonotidae,IALL 44,Criniger,barbatus,Sierra Leone,Eastern,,Kambui Hills Forest Reserve,8.006667,-11.14,05/10/09,Skin - 1; Tissue - 100,primary forest,netted,,,,,,5 x 3 mm,,testes 2 x 2 mm,"wing, tail, & body",m,90%
115119,19769,Pycnonotidae,MJA 463,Criniger,barbatus,Sierra Leone,Eastern,,Kambui Hills Forest Reserve,8.006667,-11.14,05/08/09,Skin - 1; Tissue - 100,primary forest,netted,,,,,,no,no,testes 2 x 1 mm,light body,m,100%
115120,19747,Pycnonotidae,IALL 27,Criniger,barbatus,Sierra Leone,Eastern,,Kambui Hills Forest Reserve,8.006667,-11.14,05/05/09,Skin - 1; Tissue - 100,primary forest,netted,,,,,,8 x 4 mm,no,testes 3 x 1 mm,secondaries; all over body,m,80%
115121,19722,Pycnonotidae,MFOR 367,Criniger,barbatus,Sierra Leone,Eastern,,Kambui Hills Forest Reserve,8.006667,-11.14,05/07/09,Skin - 1; Tissue - 100,primary forest,netted,,,,,,no,,"ovary mass 6 x 5 mm, ova < 1 mm",light body,f,100%
115122,19741,Pycnonotidae,IALL 21,Criniger,barbatus,Sierra Leone,Eastern,,Kambui Hills Forest Reserve,8.006667,-11.14,05/07/09,Skin - 1; Tissue - 100,primary forest,netted,,,,,,no,no,"ovary mass 6 x 4 mm, ova 1 x 1 mm","secondaries, ventrally, flanks",f,100%
115123,19720,Pycnonotidae,MJA 454,Criniger,barbatus,Sierra Leone,Eastern,,Kambui Hills Forest Reserve,8.006667,-11.14,05/07/09,Skin - 1; Tissue - 100,primary forest,netted,,,,,,no,no,testes 1 x 1 mm,no,m,100%
115126,19783,Pycnonotidae,MFOR 388,Criniger,calurus,Sierra Leone,Eastern,,Kambui Hills Forest Reserve,8.006667,-11.14,05/10/09,Skin - 1; Tissue - 100,primary forest,netted,,,,,,no,light,testes 2 x 2 mm,no,m,100%
115127,19833,Pycnonotidae,MJA 487,Bleda,syndactylus,Sierra Leone,Eastern,,Kambui Hills Forest Reserve,8.006667,-11.14,05/11/09,Skin - 1; Tissue - 100,farm bush,netted,,,,,,no,no,"ovary mass 7 x 4 mm, ova 1 mm",body,f,100%
115128,19764,Pycnonotidae,MJA 458,Bleda,syndactylus,Sierra Leone,Eastern,,Kambui Hills Forest Reserve,8.006667,-11.14,05/07/09,Skin - 1; Tissue - 100,primary forest,netted,,,,,,no,no,testes 2 x 1 mm,body,m,100%
115129,19743,Pycnonotidae,IALL 23,Bleda,syndactylus,Sierra Leone,Eastern,,Kambui Hills Forest Reserve,8.006667,-11.14,05/07/09,Skin - 1; Tissue - 100,primary forest,netted,,,,,,no,no,testes 1 x 1 mm,no,m,100%
115232,19867,Pycnonotidae,MFOR 412,Bleda,canicapillus,Sierra Leone,Northern,,Outamba-Kilimi National Park,9.675,-12.176667,05/16/2009,Skin - 1; Tissue - 100,gallery forest,netted,,,,,,no,no,"ovary mass 10 x 8 mm, lg. ovum 8 x 7 mm, ova 1 x 1 mm",no,f,100%
115233,19895,Pycnonotidae,IALL 75,Bleda,canicapillus,Sierra Leone,Northern,,Outamba-Kilimi National Park,9.675,-12.176667,05/18/2009,Skin - 1; Tissue - 100,gallery forest,netted,,,,,,2 x 2 mm,yes,"ovary mass 7 x 5 mm, ova < 1 mm",all over body,f,100%
115234,19801,Pycnonotidae,IALL 41,Bleda,syndactylus,Sierra Leone,Northern,,Outamba-Kilimi National Park,9.675,-12.176667,05/10/09,Skin - 1; Tissue - 100,primary forest,netted,,,,,,8 x 5 mm,,testes 2 x 1 mm,secondaries,m,80%
115243,20009,Pycnonotidae,IALL 109,Eurillas,virens,Sierra Leone,Northern,,Outamba-Kilimi National Park,9.675,-12.176667,05/23/2009,Skin - 1; Tissue - 100,gallery forest,netted,,,,,,no,yes,testes 1 x 1 mm,primaries,m,100%
115244,20010,Pycnonotidae,IALL 110,Eurillas,virens,Sierra Leone,Northern,,Outamba-Kilimi National Park,9.675,-12.176667,05/23/2009,Skin - 1; Tissue - 100,gallery forest,netted,,,,,,3 x 2 mm,yes,ovary mass 3 x 1 mm,"primaries, secondaries",f,90%
115245,20050,Pycnonotidae,IALL 124,Eurillas,virens,Sierra Leone,Northern,,Outamba-Kilimi National Park,9.675,-12.176667,05/25/2009,Skin - 1; Tissue - 100,gallery forest,netted,,,,,,5 x 3 mm,yes,ovary mass 2 x 1 mm,all over body,f,70%
115246,20043,Pycnonotidae,MFOR 468,Eurillas,virens,Sierra Leone,Northern,,Outamba-Kilimi National Park,9.675,-12.176667,05/25/2009,Skin - 1; Tissue - 100,gallery forest,netted,,,,,,no,no,"ovary mass 6 x 4 mm, ova 1 x 1 mm",primaries,f,100%
115252,19984,Pycnonotidae,MFOR 449,Pycnonotus,barbatus,Sierra Leone,Northern,,Outamba-Kilimi National Park,9.675,-12.176667,05/22/2009,Skin - 1; Tissue - 100,open woodland,netted,,,,,,7 x 3 mm,no,testes 3 x 1 mm,no,m,90%
115253,19983,Pycnonotidae,MFOR 448,Pycnonotus,barbatus,Sierra Leone,Northern,,Outamba-Kilimi National Park,9.675,-12.176667,05/22/2009,Skin - 1; Tissue - 100,open woodland,netted,,,,,,no,no,"ovary mass 5 x 3 mm, ova 1 x 1 mm",heavy body,f,100%
115254,20051,Pycnonotidae,MFOR 472,Pycnonotus,barbatus,Sierra Leone,Northern,,Outamba-Kilimi National Park,9.675,-12.176667,05/25/2009,Skin - 1; Tissue - 100,open woodland,netted,,,,,,5 x 3 mm,no,ovary mass 4 x 2 mm,light,f,95%
115255,20029,Pycnonotidae,MJA 563,Pycnonotus,barbatus,Sierra Leone,Northern,,Outamba-Kilimi National Park,9.675,-12.176667,05/24/2009,Skin - 1; Tissue - 100,open woodland,netted,,,,,,no,no,testes 2 x 1 mm,moderate body,m,75%
115256,20028,Pycnonotidae,MJA 562,Pycnonotus,barbatus,Sierra Leone,Northern,,Outamba-Kilimi National Park,9.675,-12.176667,05/24/2009,Skin - 1; Tissue - 100,open woodland,netted,,,,,,no,no,ovary mass 7 x 2 mm,light,f,100%
115257,20014,Pycnonotidae,IALL 114,Pycnonotus,barbatus,Sierra Leone,Northern,,Outamba-Kilimi National Park,9.675,-12.176667,05/24/2009,Skin - 1; Tissue - 100,open woodland,netted,,,,,,no,yes,"ovary mass 11 x 6 mm, ova < 1 mm",all over body,f,100%
115258,20020,Pycnonotidae,IALL 120,Pycnonotus,barbatus,Sierra Leone,Northern,,Outamba-Kilimi National Park,9.675,-12.176667,05/25/2009,Skin - 1; Tissue - 100,open woodland,netted,,,,,,no,yes,"ovary mass 5  x 3 mm, ova < 1 mm",no,f,100%
115259,19989,Pycnonotidae,MFOR 454,Pycnonotus,barbatus,Sierra Leone,Northern,,Outamba-Kilimi National Park,9.675,-12.176667,05/23/2009,Skin - 1; Tissue - 100,open woodland,netted,,,,,,no,no,"testes 8 x 4 mm, seminal vesicles 7 x 4 mm",moderate body,m,100%
115260,19937,Pycnonotidae,MFOR 442,Pycnonotus,barbatus,Sierra Leone,Northern,,Outamba-Kilimi National Park,9.675,-12.176667,05/21/2009,Skin - 1; Tissue - 100,open woodland,netted,,,,,,no,no,"ovary mass 8 x 5 mm, ova 1 x 1 mm",light on back,f,100%
115304,20017,Pycnonotidae,IALL 117,Phyllastrephus,scandens,Sierra Leone,Northern,,Outamba-Kilimi National Park,9.675,-12.176667,05/24/2009,Skin - 1; Tissue - 100,gallery forest,netted,,,,,,11 x 6 mm,,testes 1 x 1 mm,no,m,100%
115305,19998,Pycnonotidae,MFOR 463,Phyllastrephus,scandens,Sierra Leone,Northern,,Outamba-Kilimi National Park,9.675,-12.176667,05/24/2009,Skin - 1; Tissue - 100,gallery forest,netted,,,,,,8 x 6 mm,no,testes 1 x 1 mm,no,m,50%
115376,19770,Pycnonotidae,MJA 464,Bleda,syndactylus,Sierra Leone,Eastern,,Kambui Hills Forest Reserve,8.006667,-11.14,05/08/09,Skeleton - 1; Tissue - 100,primary forest,netted,,,,,,no,no,"ovary mass 7 x 3 mm, ova < 1 mm","body, wing, tail",f,100%
115378,19776,Pycnonotidae,MJA 470,Eurillas,latirostris,Sierra Leone,Eastern,,Kambui Hills Forest Reserve,8.006667,-11.14,05/09/09,Skeleton - 1; Tissue - 100,farm bush,netted,,,,,,no,no,"ovary mass 6 x 3 mm, ova < 1 mm",primary,f,100%
115381,19731,Pycnonotidae,MFOR 376,Phyllastrephus,icterinus,Sierra Leone,Eastern,,Kambui Hills Forest Reserve,8.006667,-11.14,05/08/09,Skeleton - 1; Tissue - 100,primary forest,netted,,,,,,no,light,testes 3 x 2 mm,no,m,100%
115389,19851,Pycnonotidae,MJA 505,Pycnonotus,barbatus,Sierra Leone,Northern,,Outamba-Kilimi National Park,9.675,-12.176667,05/17/2009,Skeleton - 1; Tissue - 100,open woodland,netted,,,,,,,light,testes 4 x 3 mm,"tail, wing, body",m,100%
116053,21761,Pycnonotidae,CHO 1228,Hypsipetes,philippinus,Philippines,,,"Luzon Is., Aurora Province,  Municipality of San Luis",15.6536667,121.5073333,06/21/2009,Alcoholic - 1; Tissue - 100,parasitology number P-2818,,,,,,,,,,,u,
116099,23129,Pycnonotidae,MBR 7619,Alophoixus,ochraceus,Vietnam,Dong Nai,,Vinh Cuu Reserve,11.3808833,107.0625,04/09/10,Alcoholic - 1; Tissue - 100,secondary forest,netted,,,,,,,,,no,u,
116206,21125,Pycnonotidae,LASGP 423,Pycnonotus,goiavier,Philippines,Nueva Vizcaya,,"Luzon Island, Mt. Palali, Brgy. Maddiangat",16.4746333,121.2008333,01/19/2010,Skin - 1; Tissue - 100,Early secondary reforestation area,netted,,,,,,none,medium,3 x 2 mm,"nape, back",m,100%
116207,21126,Pycnonotidae,LASGP 424,Pycnonotus,goiavier,Philippines,Nueva Vizcaya,,"Luzon Island, Mt. Palali, Brgy. Maddiangat",16.4746333,121.2008333,01/19/2010,Skin - 1; Tissue - 100,grassland area at edge of Gmelina plantation,netted,,,,,,none,light,testes 4.5 x 2 mm,left wing,m,100%
116208,21129,Pycnonotidae,LASGP 427,Pycnonotus,goiavier,Philippines,Nueva Vizcaya,,"Luzon Island, Mt. Palali, Brgy. Maddiangat",16.4746333,121.2008333,01/19/2010,Skin - 1; Tissue - 100,reforested area,netted,,,,,,none,medium,ovary 5 x 5 mm,none,f,100%
116212,19267,Pycnonotidae,CHO 1009,Pycnonotus,urostictus,Philippines,Zamboanga del Sur,,"Mindanao Island, Pasonanca Natural Park, Brgy. Pasonanca",6.9769,122.06754,04/11/09,Skin - 1; Tissue - 100,Advanced second growth forest (reforestation),netted,,,,,,,moderate,testes 6 x 4 mm,none,m,100%
116216,19165,Pycnonotidae,CHO 907,Pycnonotus,goiavier,Philippines,Misamis Oriental,,"Mindanao Island, Mt. Balatukan, Gingoog City, Brgy. Lunotan, Sitio San Isidro",8.7224,125.0039,11/21/2008,Skin - 1; Tissue - 100,Disturbed mid-montane forest,netted,,,,,,,moderate,ovary 3 x 6 mm,"wings, back, crown",f,20%
116217,19161,Pycnonotidae,CHO 903,Pycnonotus,goiavier,Philippines,Misamis Oriental,,"Mindanao Island, Mt. Balatukan, Gingoog City, Brgy. Lunotan, Sitio San Isidro",8.7224,125.0039,11/21/2008,Skin - 1; Tissue - 100,Disturbed mid-montane forest,netted,,,,,,,light,testes 1 x 2 mm,wing,m,10%
116223,19148,Pycnonotidae,CHO 890,Hypsipetes,philippinus,Philippines,Misamis Oriental,,"Mindanao Island, Mt. Balatukan, Gingoog City, Brgy. Lunotan, Sitio San Isidro",8.7224,125.0039,11/20/2008,Skin - 1; Tissue - 100,Disturbed mid-montane forest,netted,,,,,,,light,testes 2 x 4 mm,"wing, belly",m,100%
116225,19133,Pycnonotidae,CHO 875,Hypsipetes,philippinus,Philippines,Misamis Oriental,,"Mindanao Island, Mt. Balatukan, Gingoog City, Brgy. Lunotan, Sitio San Isidro",8.7325,125.0035,11/16/2008,Skin - 1; Tissue - 100,Mid-montane forest,netted,,,,,,8 x 10 mm,light,ovary 3 x 6 mm,"tail, belly, breast, throat, nape, crown",f,20%
116226,19130,Pycnonotidae,CHO 872,Hypsipetes,philippinus,Philippines,Misamis Oriental,,"Mindanao Island, Mt. Balatukan, Gingoog City, Brgy. Lunotan, Sitio San Isidro",8.7325,125.0035,11/15/2008,Skin - 1; Tissue - 100,Mid-montane forest,netted,,,,,,,light,testes 1 x 3 mm,"tail, belly, wings, back",m,90%
116243,19211,Pycnonotidae,CHO 953,Hypsipetes,rufigularis,Philippines,Zamboanga del Sur,,"Mindanao Island, Pasonanca Natural Park, Brgy. La Paz, Sitio Nancy",7.08534,122.02678,04/01/09,Skin - 1; Tissue - 100,Advanced secondary growth forest,netted,,,,,,,moderate,"ovary 10 x 6 mm, largest ovum 2 x 2 mm",none,f,100%
116393,19320,Pycnonotidae,CHO 1062,Hypsipetes,philippinus,Philippines,Occidental Mindoro,,"Lubang Island, Barangay Vigo, Sitio Dangay",13.79985,120.16397,04/26/2009,Skin - 1; Tissue - 100,Secondary growth forest,netted,,,,,,,light,testes 8 x 5 mm,"breast, belly, tail, rump, back, neck, wings",m,100%
116394,19293,Pycnonotidae,CHO 1035,Hypsipetes,philippinus,Philippines,Occidental Mindoro,,"Lubang Island, Barangay Vigo, Sitio Dangay",13.79985,120.16397,04/25/2009,Skin - 1; Tissue - 100,Secondary growth forest,netted,,,,,,,light,"ovary 10 x 6 mm, largest ovum 5 x 4 mm",none,f,100%
116395,19298,Pycnonotidae,CHO 1040,Hypsipetes,philippinus,Philippines,Occidental Mindoro,,"Lubang Island, Barangay Vigo, Sitio Dangay",13.79985,120.16397,04/25/2009,Skin - 1; Tissue - 100,Secondary growth forest,netted,,,,,,,light,"ovary 6 x 5 mm, largest ovum 6 x 4 mm",none,f,100%
116396,19292,Pycnonotidae,CHO 1034,Hypsipetes,philippinus,Philippines,Occidental Mindoro,,"Lubang Island, Barangay Vigo, Sitio Dangay",13.79985,120.16397,04/25/2009,Skin - 1; Tissue - 100,Secondary growth forest,netted,,,,,,,moderate,"ovary 8 x 6 mm, largest ovum 2 x 2 mm",breast,f,100%
116397,19277,Pycnonotidae,CHO 1019,Hypsipetes,philippinus,Philippines,Occidental Mindoro,,"Lubang Island, Barangay Vigo, Sitio Dangay",13.79985,120.16397,04/24/2009,Skin - 1; Tissue - 100,Secondary growth forest,netted,,,,,,,moderate,ovary 6 x 8 mm,"breast, thigh, back, neck, belly",f,100%
116398,19276,Pycnonotidae,CHO 1018,Hypsipetes,philippinus,Philippines,Occidental Mindoro,,"Lubang Island, Barangay Vigo, Sitio Dangay",13.79985,120.16397,04/24/2009,Skin - 1; Tissue - 100,Secondary growth forest,netted,,,,,,,moderate,"ovary 6 x 10 mm, largest ovum 4 x 5 mm",none,f,100%
116407,20270,Pycnonotidae,LASGP 208,Hypsipetes,philippinus,Philippines,Aurora,,"Luzon Island, Aurora Memorial National Park",15.6671333,121.3051833,05/29/2009,Skin - 1; Tissue - 100,Montane forest,netted,,,,,,none,medium,testes 15 x 9 mm,rump,m,100%
116409,20328,Pycnonotidae,RGM 1219,Pycnonotus,urostictus,Philippines,Aurora,,"Luzon Island, Municipality of Baler, ASCOT campus",15.7431667,121.5756667,06/05/09,Skin - 1; Tissue - 100,Secondary growth forest,netted,,,,,,4 x 3 mm,trace,"ovary 2 x 1 mm, smooth, oviduct <1mm, straight",tail,f,25%
116410,20338,Pycnonotidae,LASGP 256,Pycnonotus,urostictus,Philippines,Aurora,,"Luzon Island, Municipality of Baler, ASCOT campus",15.7431667,121.5756667,06/07/09,Skin - 1; Tissue - 100,Secondary growth forest,netted,,,,,,none,light,"ovary 5 x 3 mm, ovum > 1 mm",,f,30%
116411,20325,Pycnonotidae,RGM 1218,Pycnonotus,urostictus,Philippines,Aurora,,"Luzon Island, Municipality of Baler, ASCOT campus",15.7431667,121.5756667,06/05/09,Skin - 1; Tissue - 100,Secondary growth forest,netted,,,,,,none,trace,"ovary 10 x 7 mm, 5 mm yolking egg, oviduct enlarged, convoluted",none,f,100%
116412,20327,Pycnonotidae,LASGP 249,Pycnonotus,urostictus,Philippines,Aurora,,"Luzon Island, Municipality of Baler, ASCOT campus",15.7431667,121.5756667,06/05/09,Skin - 1; Tissue - 100,Secondary growth forest,netted,,,,,,none,medium,testes 5 x 4 mm,none,m,100%
116413,20329,Pycnonotidae,LASGP 250,Hypsipetes,philippinus,Philippines,Aurora,,"Luzon Island, Municipality of Baler, ASCOT campus",15.7431667,121.5756667,06/05/09,Skin - 1; Tissue - 100,Secondary growth forest,netted,,,,,,none,medium,"ovary 4 x 3 mm, ovum > 1 mm",none,f,100%
116418,20164,Pycnonotidae,LASGP 128,Pycnonotus,urostictus,Philippines,Aurora,,"Luzon Island, Aurora Memorial National Park",15.6851,121.3406833,05/19/2009,Skin - 1; Tissue - 100,Secondary growth forest,netted,,,,,,none,heavy,testes 7 x 5 mm,"heavy on wings, neck and chest",m,100%
116419,20182,Pycnonotidae,RGM 1180,Hypsipetes,philippinus,Philippines,Aurora,,"Luzon Island, Aurora Memorial National Park",15.6851,121.3406833,05/22/2009,Skin - 1; Tissue - 100,caught at night by herpers in secondary growth forest,,,,,,,3 x 3 mm,trace,"ovary 2 x 1 mm smooth, oviduct < 1 mm, straight","heavy wing, tail and body molt",f,0%
116420,20207,Pycnonotidae,RGM 1189,Hypsipetes,philippinus,Philippines,Aurora,,"Luzon Island, Aurora Memorial National Park",15.6851,121.3406833,05/23/2009,Skin - 1; Tissue - 100,Secondary growth forest,netted,,,,,,none,trace,testes 9 x 6 mm,body,m,100%
116421,20252,Pycnonotidae,LASGP 192,Hypsipetes,philippinus,Philippines,Aurora,,"Luzon Island, Aurora Memorial National Park",15.6851,121.3406833,05/26/2009,Skin - 1; Tissue - 100,Secondary growth forest,netted,,,,,,8 x 4 mm,medium,ovary 2 x 2 mm,all over body,f,unossified
116422,20161,Pycnonotidae,LASGP 125,Hypsipetes,philippinus,Philippines,Aurora,,"Luzon Island, Aurora Memorial National Park",15.6851,121.3406833,05/19/2009,Skin - 1; Tissue - 100,Secondary growth forest,netted,,,,,,,medium,"ovary 6 x 5 mm, ovum 1 mm",none,f,100%
116423,20251,Pycnonotidae,LASGP 191,Hypsipetes,philippinus,Philippines,Aurora,,"Luzon Island, Aurora Memorial National Park",15.6851,121.3406833,05/26/2009,Skin - 1; Tissue - 100,Secondary growth forest,netted,,,,,,none,medium,"ovary 9 x 5 mm, ovum 1 mm",light on wings and neck,f,100%
116424,20174,Pycnonotidae,RGM 1177,Hypsipetes,philippinus,Philippines,Aurora,,"Luzon Island, Aurora Memorial National Park",15.6851,121.3406833,05/21/2009,Skin - 1; Tissue - 100,Secondary growth forest,netted,,,,,,none,light,"ovary 7 x 6 mm, largest ovum 2 mm, ruptured ovum, oviduct 7 mm, convoluted",none,f,100%
116425,20202,Pycnonotidae,LASGP 154,Hypsipetes,philippinus,Philippines,Aurora,,"Luzon Island, Aurora Memorial National Park",15.6851,121.3406833,05/22/2009,Skin - 1; Tissue - 100,Secondary growth forest,netted,,,,,,none,light,"ovary 8 x 5 mm, ovum 3 mm",none,f,100%
116490,21123,Pycnonotidae,LASGP 421,Hypsipetes,philippinus,Philippines,Nueva Vizcaya,,"Luzon Island, Mt. Palali, Brgy. Maddiangat",16.4746333,121.2008333,01/18/2010,Skin - 1; Tissue - 100,disturbed secondary forest,shot,,,,,,none,heavy,ovary 5 x 4 mm,none,f,100%
116491,21107,Pycnonotidae,LASGP 405,Hypsipetes,philippinus,Philippines,Nueva Vizcaya,,"Luzon Island, Mt. Palali, Brgy. Maddiangat",16.4622833,121.2197667,01/15/2010,Skin - 1; Tissue - 100,secondary lowland forest,netted,,,,,,none,medium,testes 3 x 2 mm,none,m,100%
116492,21104,Pycnonotidae,LASGP 402,Hypsipetes,philippinus,Philippines,Nueva Vizcaya,,"Luzon Island, Mt. Palali, Brgy. Maddiangat",16.4622833,121.2197667,01/15/2010,Skin - 1; Tissue - 100,secondary lowland forest,netted,,,,,,none,medium,ovary 7 x 4 mm,none,f,100% ossified
116493,21096,Pycnonotidae,LASGP 394,Hypsipetes,philippinus,Philippines,Nueva Vizcaya,,"Luzon Island, Mt. Palali, Brgy. Maddiangat",16.4622833,121.2197667,01/14/2010,Skin - 1; Tissue - 100,secondary lowland forest,netted,,,,,,3 x 3 mm,medium,ovary 6 x 4.5 mm,tail,f,100%
116494,21100,Pycnonotidae,LASGP 398,Hypsipetes,philippinus,Philippines,Nueva Vizcaya,,"Luzon Island, Mt. Palali, Brgy. Maddiangat",16.4622833,121.2197667,01/15/2010,Skin - 1; Tissue - 100,secondary lowland forest,netted,,,,,,none,medium,"ovary 7 x 4 mm, smooth",light on neck,f,100%
116495,21099,Pycnonotidae,LASGP 397,Hypsipetes,philippinus,Philippines,Nueva Vizcaya,,"Luzon Island, Mt. Palali, Brgy. Maddiangat",16.4622833,121.2197667,01/14/2010,Skin - 1; Tissue - 100,secondary lowland forest,netted,,,,,,none,light,testes 3 x 2 mm,none,m,100%
116526,21018,Pycnonotidae,LASGP 306,Hypsipetes,philippinus,Philippines,Nueva Vizcaya,,"Luzon Island, Mt. Palali, Brgy. Maddiangat",16.4378667,121.2248833,01/06/10,Skin - 1; Tissue - 100,montane forest,netted,,,,,,none,heavy,testes 2 x 1 mm,none,m,100%
116527,20987,Pycnonotidae,LASGP 275,Hypsipetes,philippinus,Philippines,Nueva Vizcaya,,"Luzon Island, Mt. Palali, Brgy. Maddiangat",16.4378667,121.2248833,01/04/10,Skin - 1; Tissue - 100,montane forest,netted,,,,,,,medium,ovary 6 x 4 mm,none,f,100%
116528,21026,Pycnonotidae,LASGP 314,Hypsipetes,philippinus,Philippines,Nueva Vizcaya,,"Luzon Island, Mt. Palali, Brgy. Maddiangat",16.4378667,121.2248833,01/06/10,Skin - 1; Tissue - 100,montane forest,netted,,,,,,none,heavy,testes 2 x 1.5 mm,none,m,100%
116529,21047,Pycnonotidae,LASGP 345,Hypsipetes,philippinus,Philippines,Nueva Vizcaya,,"Luzon Island, Mt. Palali, Brgy. Maddiangat",16.4378667,121.2248833,01/09/10,Skin - 1; Tissue - 100,montane forest,netted,,,,,,none,heavy,ovary 6 x 5 mm,none,f,100%
116530,20990,Pycnonotidae,LASGP 278,Hypsipetes,philippinus,Philippines,Nueva Vizcaya,,"Luzon Island, Mt. Palali, Brgy. Maddiangat",16.4378667,121.2248833,01/04/10,Skin - 1; Tissue - 100,montane forest,netted,,,,,,none,medium,ovary 6 x 5 mm,none,f,100%
116531,21009,Pycnonotidae,LASGP 297,Hypsipetes,philippinus,Philippines,Nueva Vizcaya,,"Luzon Island, Mt. Palali, Brgy. Maddiangat",16.4378667,121.2248833,01/05/10,Skin - 1; Tissue - 100,montane forest,netted,,,,,,none,heavy,ovary 6 x 3 mm,none,f,100%
116532,21008,Pycnonotidae,LASGP 296,Hypsipetes,philippinus,Philippines,Nueva Vizcaya,,"Luzon Island, Mt. Palali, Brgy. Maddiangat",16.4378667,121.2248833,01/05/10,Skin - 1; Tissue - 100,montane forest,netted,,,,,,none,heavy,ovary 6 x 5 mm,none,f,100%
116533,21033,Pycnonotidae,LASGP 321,Hypsipetes,philippinus,Philippines,Nueva Vizcaya,,"Luzon Island, Mt. Palali, Brgy. Maddiangat",16.4378667,121.2248833,01/07/10,Skin - 1; Tissue - 100,montane forest,netted,,,,,,none,heavy,ovary 7.5 x 3.5 mm,none,f,100%
116602,19394,Pycnonotidae,CHO 1136,Hypsipetes,philippinus,Philippines,Negros Occidental,,"Negros Island, Mt. Bungol",10.67433,123.18858,07/15/2009,Skin - 1; Tissue - 100,montane forest,netted,,,,,,,moderate,testes 10 x 7 mm,"wings, breast, thigh, rump, back, nape, neck",m,100%
116603,20865,Pycnonotidae,CHO 1245,Hypsipetes,philippinus,Philippines,Negros Occidental,,"Negros Island, Mt. Bungol",10.67433,123.18858,07/16/2009,Skin - 1; Tissue - 100,montane forest,netted,,,,,,,heavy,ovary 8 x 6 mm,"breast, back",f,100%
116604,20871,Pycnonotidae,CHO 1251,Hypsipetes,philippinus,Philippines,Negros Occidental,,"Negros Island, Mt. Bungol",10.67433,123.18858,07/18/2009,Skin - 1; Tissue - 100,montane forest,netted,,,,,,,light,"ovary 10 x 10 mm, largest ovum 2 x 2 mm",none,f,100%
116608,20937,Pycnonotidae,CHO 1317,Pycnonotus,urostictus,Philippines,Bohol,,"Bohol Island, Rajah Sikatuna Protected Landscape, Municipality of Sierra Bullones",9.76375,124.27911,08/06/09,Skin - 1; Tissue - 100,cultivated lowland area,netted,,,,,,,light,testes 7 x 5 mm,none,m,100%
116612,20976,Pycnonotidae,CHO 1356,Hypsipetes,philippinus,Philippines,Bohol,,"Bohol Island, Rajah Sikatuna Protected Landscape, Municipality of Sierra Bullones",9.76375,124.27911,08/09/09,Skin - 1; Tissue - 100,secondary lowland limestone forest,netted,,,,,,5 x 8 mm,light,ovary 1 x 2 mm,"tail, wings",f,20%
116613,20974,Pycnonotidae,CHO 1354,Hypsipetes,philippinus,Philippines,Bohol,,"Bohol Island, Rajah Sikatuna Protected Landscape, Municipality of Sierra Bullones",9.76375,124.27911,08/09/09,Skin - 1; Tissue - 100,secondary lowland limestone forest,netted,,,,,,,light,testes 8 x 6 mm,heavy all over body,m,100%
116742,23179,Pycnonotidae,EAGT 361,Alophoixus,ochraceus,Vietnam,Dong Nai,,Vinh Cuu Reserve,11.3808833,107.0625,04/04/10,Skin - 1; Tissue - 100,in secondary forest; area had been subjected to aerial bombing during 1960s -early 70s,netted,,,,,,,moderate,testes 8 x 4 mm,light body; rectrices,m,100%
116743,23116,Pycnonotidae,MBR 7606,Alophoixus,ochraceus,Vietnam,Dong Nai,,Vinh Cuu Reserve,11.3808833,107.0625,04/07/10,Skin - 1; Tissue - 100,in secondary forest; area had been subjected to aerial bombing during 1960s -early 70s,netted,,,,,,no,no,"ovary mass 6 x 4 mm, ova < 1 mm, oviduct straight",central rectrix,f,100%
116744,23117,Pycnonotidae,MBR 7607,Alophoixus,ochraceus,Vietnam,Dong Nai,,Vinh Cuu Reserve,11.3808833,107.0625,04/08/10,Skin - 1; Tissue - 100,in secondary forest; area had been subjected to aerial bombing during 1960s -early 70s,netted,,,,,,no,no,testes 10 x 5 mm,no,m,100%
116745,23166,Pycnonotidae,NHR 2713,Alophoixus,ochraceus,Vietnam,Dong Nai,,Vinh Cuu Reserve,11.3808833,107.0625,04/10/10,Skin - 1; Tissue - 100,in secondary forest; area had been subjected to aerial bombing during 1960s -early 70s,netted,,,,,,no,no,"ovary mass 7 x 5 mm, most ova 1 x 1 mm, oviduct straight & 1 mm in diameter",no,f,100%
116746,23137,Pycnonotidae,MBR 7627,Alophoixus,ochraceus,Vietnam,Dong Nai,,Vinh Cuu Reserve,11.3808833,107.0625,04/11/10,Skin - 1; Tissue - 100,in secondary forest; area had been subjected to aerial bombing during 1960s -early 70s,netted,,,,,,no,no,"testes 9 x 5 mm, seminal vesicles enlarged",no,m,100%
116806,23254,Pycnonotidae,EAGT 392,Pycnonotus,finlaysoni,Vietnam,Dong Nai,,Vinh Cuu Reserve,11.2649333,106.98775,04/21/2010,Skin - 1; Tissue - 100,in secondary forest; area had been subjected to aerial bombing during 1960s -early 70s,netted,,,,,,,moderate,"ovary mass 8 x 4 mm, ova 1.5 x 1.5 mm",light body and wing,f,100%
116807,23320,Pycnonotidae,MBR 7673,Pycnonotus,finlaysoni,Vietnam,Dong Nai,,Vinh Cuu Reserve,11.2649333,106.98775,04/21/2010,Skin - 1; Tissue - 100,in secondary forest; area had been subjected to aerial bombing during 1960s -early 70s,netted,,,,,,no,moderate,"ovary mass 5 x 2.5 mm, ova < 1 mm, oviduct straight",no,f,100%
116808,23325,Pycnonotidae,MBR 7676,Pycnonotus,finlaysoni,Vietnam,Dong Nai,,Vinh Cuu Reserve,11.2649333,106.98775,04/22/2010,Skin - 1; Tissue - 100,in secondary forest; area had been subjected to aerial bombing during 1960s -early 70s,netted,,,,,,no,light,"ovary mass 5 x 3 mm, ova < 1 mm, oviduct straight",no,f,100%
116809,23326,Pycnonotidae,MBR 7677,Pycnonotus,finlaysoni,Vietnam,Dong Nai,,Vinh Cuu Reserve,11.2649333,106.98775,04/22/2010,Skin - 1; Tissue - 100,in secondary forest; area had been subjected to aerial bombing during 1960s -early 70s,netted,,,,,,no,light,testes 3 x 2 mm,no,m,100%
116810,23224,Pycnonotidae,NHR 2769,Pycnonotus,finlaysoni,Vietnam,Dong Nai,,Vinh Cuu Reserve,11.2649333,106.98775,04/22/2010,Skin - 1; Tissue - 100,in secondary forest; area had been subjected to aerial bombing during 1960s -early 70s,netted,,,,,,no,light,testes 3 x 2.5 mm,no,m,100%
116811,23339,Pycnonotidae,EAGT 398,Pycnonotus,finlaysoni,Vietnam,Dong Nai,,Vinh Cuu Reserve,11.2649333,106.98775,04/22/2010,Skin - 1; Tissue - 100,in secondary forest; area had been subjected to aerial bombing during 1960s -early 70s,netted,,,,,,,moderate,"ovary mass 5 x 3 mm, ova < 1 mm",no,f,100%
116812,23345,Pycnonotidae,NHR 2777,Pycnonotus,finlaysoni,Vietnam,Dong Nai,,Vinh Cuu Reserve,11.2649333,106.98775,04/24/2010,Skin - 1; Tissue - 100,in secondary forest; area had been subjected to aerial bombing during 1960s -early 70s,netted,,,,,,no,light,"ovary  mass 6 x 4 mm, lg. ovum 1.5 x 1.5 mm, oviduct slightly convoluted, 2.5 mm in diameter",light on crown,f,100%
116813,23319,Pycnonotidae,EAGT 394,Pycnonotus,melanicterus,Vietnam,Dong Nai,,Vinh Cuu Reserve,11.2649333,106.98775,04/21/2010,Skin - 1; Tissue - 100,in secondary forest; area had been subjected to aerial bombing during 1960s -early 70s,netted,,,,,,,moderate,"testes 6 x 4.5 mm, bright yellow",no,m,100%
116814,23221,Pycnonotidae,NHR 2766,Pycnonotus,melanicterus,Vietnam,Dong Nai,,Vinh Cuu Reserve,11.2649333,106.98775,04/21/2010,Skin - 1; Tissue - 100,in secondary forest; area had been subjected to aerial bombing during 1960s -early 70s,netted,,,,,,no,moderate,"ovary mass 5 x 4  mm, most ova 1.5 x 1.5 mm",no,f,100%
116823,23235,Pycnonotidae,EAGT 384,Alophoixus,ochraceus,Vietnam,Dong Nai,,Vinh Cuu Reserve,11.2649333,106.98775,04/18/2010,Skin - 1; Tissue - 100,in secondary forest; area had been subjected to aerial bombing during 1960s -early 70s,netted,,,,,,,no,testes 4 x 2 mm,no,m,100%
116824,23248,Pycnonotidae,MBR 7667,Alophoixus,ochraceus,Vietnam,Dong Nai,,Vinh Cuu Reserve,11.2649333,106.98775,04/20/2010,Skin - 1; Tissue - 100,in secondary forest; area had been subjected to aerial bombing during 1960s -early 70s,netted,,,,,,no,no,"ovary mass 9 x 4 mm, ova < 1 mm, oviduct straight",no,f,100%
116825,23203,Pycnonotidae,NHR 2748,Iole,propinqua,Vietnam,Dong Nai,,Vinh Cuu Reserve,11.2649333,106.98775,04/17/2010,Skin - 1; Tissue - 100,in secondary forest; area had been subjected to aerial bombing during 1960s -early 70s,netted,,,,,,no,light,testes 3 x 2 mm,light on breast,m,100%
116826,23255,Pycnonotidae,MBR 7670,Iole,propinqua,Vietnam,Dong Nai,,Vinh Cuu Reserve,11.2649333,106.98775,04/21/2010,Skin - 1; Tissue - 100,in secondary forest; area had been subjected to aerial bombing during 1960s -early 70s,netted,,,,,,no,light,testes 3 x 2 mm,no,m,100%
116827,23318,Pycnonotidae,MBR 7672,Iole,propinqua,Vietnam,Dong Nai,,Vinh Cuu Reserve,11.2649333,106.98775,04/21/2010,Skin - 1; Tissue - 100,in secondary forest; area had been subjected to aerial bombing during 1960s -early 70s,netted,,,,,,no,light,"ovary mass 5 x 3 mm, ova < 1 mm, oviduct straight",no,f,100%
116828,23337,Pycnonotidae,EAGT 401,Iole,propinqua,Vietnam,Dong Nai,,Vinh Cuu Reserve,11.2649333,106.98775,04/23/2010,Skin - 1; Tissue - 100,in secondary forest; area had been subjected to aerial bombing during 1960s -early 70s,netted,,,,,,,light,"ovary mass 6 x 4 mm, ova < 1 mm; brood patch present",no,f,100%
116829,23343,Pycnonotidae,EAGT 403,Iole,propinqua,Vietnam,Dong Nai,,Vinh Cuu Reserve,11.2649333,106.98775,04/24/2010,Skin - 1; Tissue - 100,in secondary forest; area had been subjected to aerial bombing during 1960s -early 70s,netted,,,,,,,no,"ovary mass 6 x 4 mm, smooth",no,f,100%
116830,23341,Pycnonotidae,NHR 2776,Iole,propinqua,Vietnam,Dong Nai,,Vinh Cuu Reserve,11.2649333,106.98775,04/24/2010,Skin - 1; Tissue - 100,in secondary forest; area had been subjected to aerial bombing during 1960s -early 70s,netted,,,,,,no,no,testes 6 x 4 mm,no,m,100%
116831,23342,Pycnonotidae,MBR 7684,Iole,propinqua,Vietnam,Dong Nai,,Vinh Cuu Reserve,11.2649333,106.98775,04/24/2010,Skin - 1; Tissue - 100,in secondary forest; area had been subjected to aerial bombing during 1960s -early 70s,netted,,,,,,no,no,"ovary mass 4 x 3 mm, ova < 1 mm",no,f,100%
116832,23346,Pycnonotidae,MBR 7686,Pycnonotus,blanfordi,Vietnam,Dong Nai,,Vinh Cuu Reserve,11.2649333,106.98775,04/24/2010,Skin - 1; Tissue - 100,in secondary forest; area had been subjected to aerial bombing during 1960s -early 70s,netted,,,,,,no,light,"ovary mass 4 x 3 mm, ova < 1 mm",light body,f,100%
116873,19270,Pycnonotidae,CHO 1012,Pycnonotus,urostictus,Philippines,Zamboanga City,,Mindanao Island; Brgy. Pasonanca; Pasonanca Natural Park,6.9769,122.06754,04/12/09,Skeleton - 1; Tissue - 100,second growth forest,netted,,,,,,no,light,ovary mass 7 x 6 mm,no,f,100%
116874,19288,Pycnonotidae,CHO 1030,Hypsipetes,philippinus,Philippines,Occidental Mindoro,,"Lubang Island, Municipality of Lubang, Barangay Vigo, Sitio Dangay",13.79985,120.16397,04/24/2009,Skeleton - 1; Tissue - 100,second growth forest,netted,,,,,,,light,testes 8 x 5 mm,no,m,100%
116907,20248,Pycnonotidae,LASGP 186,Hypsipetes,philippinus,Philippines,Aurora,,"Luzon Island, Municipality of Maria Aurora, Barangay Villa Aurora, Sitio Damani",15.6851,121.3406833,05/26/2009,Skeleton - 1; Tissue - 100,"humid, lowland forest",netted,,,,,,no,moderate,ovary mass 10 x 8 mm,no,f,40%
116919,20346,Pycnonotidae,LASGP 262,Pycnonotus,urostictus,Philippines,Aurora,,"Luzon Island, Municipality of Baler, Barangay Zabali, ASCOT Campus",15.7431667,121.5756667,06/09/09,Skeleton - 1; Tissue - 100,secondary lowland forest,netted,,,,,,,moderate,testes 8 x 5 mm,no,m,
116923,21041,Pycnonotidae,LASGP 329,Hypsipetes,philippinus,Philippines,Nueva Vizcaya,,"Luzon Island, Mt. Palali, Brgy. Maddiangat",16.4378667,121.2248833,01/08/10,Skeleton - 1; Tissue - 100,montane forest,netted,,,,,,no,heavy,testes 2 x 1 mm,no,m,100%
117415,24353,Pycnonotidae,MJA 728,Pycnonotus,cafer,Fiji,,,"Viti Levu, 14 km S Rakiraki",-17.488333,178.108333,12/03/10,Skin - 1; Tissue - 100,"humid, secondary forest",netted,,,,,,no,light,"ovary mass 5 x 5 mm, lg. ovum 2 mm, brood patch",no,f,100%
117433,22523,Pycnonotidae,MJA 580,Pycnonotus,cafer,Fiji,,,"Viti Levu, Suva, Univ. of South Pacific",-18.1506667,178.4538333,11/10/09,Skin - 1; Tissue - 100,garden,netted,,,,,,no,,"ovary 5 x 4 mm, lg. ovum 2 x 1 mm, brood patch",no,f,100%
118620,25576,Pycnonotidae,RMJ 022,Hypsipetes,philippinus,Philippines,Bulacan,,"Luzon Island, Angat Watershead",15.0333,121.2032,06/10/11,Skin - 1; Tissue - 100,"forest, parasite p-4035",net capture,,,,,,no,no,"ovary 6 x 4 mm, ova 1 mm",no,f,100%
118621,25558,Pycnonotidae,RMJ 015,Hypsipetes,philippinus,Philippines,Bulacan,,"Luzon Island, Angat Watershead",15.0333,121.2032,06/09/11,Skin - 1; Tissue - 100,forest,net capture,,,,,,no,no,testes 12 x 8 mm,body,m,100%
118644,25530,Pycnonotidae,CHO 1403,Hypsipetes,philippinus,Philippines,Bulacan,,"Luzon Island, Angat Watershead",14.9312,121.2076,06/02/11,Skin - 1; Tissue - 100,second growth; bamboo forest,net capture,,,,,,no,moderate fat,testes 14 x 5 mm,no,m,100%
118645,25526,Pycnonotidae,RMJ 003,Hypsipetes,philippinus,Philippines,Bulacan,,"Luzon Island, Angat Watershead",14.9312,121.2076,06/03/11,Skin - 1; Tissue - 100,bamboo forest,net capture,,,,,,no,no,testes 9 x 6 mm,body,m,100%
118646,25528,Pycnonotidae,CHO 1402,Hypsipetes,philippinus,Philippines,Bulacan,,"Luzon Island, Angat Watershead",14.9312,121.2076,06/03/11,Skin - 1; Tissue - 100,second growth; bamboo forest,net capture,,,,,,no,light,ovary 9 x 6 mm; ova 1.5 mm; oviduct enlarged and conviluted,body,f,100%
118647,25532,Pycnonotidae,RCU 206,Hypsipetes,philippinus,Philippines,Bulacan,,"Luzon Island, Angat Watershead",14.9312,121.2076,06/04/11,Skin - 1; Tissue - 100,lowland forest,net capture,,,,,,no,light,testes 9 x 5 mm,"body, wing",m,100%
119063,23426,Pycnonotidae,NHR 2910,Hypsipetes,leucocephalus,Vietnam,Dien Bien,,Muong Nhe Nature Reserve,22.386,102.238,03/22/2011,Skin - 1; Tissue - 100,in secondary forest,netted,,,,,,no,no,testes 11 x 5 mm,no,m,100%
119071,25584,Pycnonotidae,PAH 865,Hypsipetes,philippinus,Philippines,Bulacan,,"Luzon Island, Angat Watershead",15.0333,121.2032,06/11/11,Alcoholic - 1; Tissue - 100,"forest, parasite p-4061",net,,,,,,,,,"body, wing",u,
119080,25537,Pycnonotidae,PAA 2494,Hypsipetes,philippinus,Philippines,Bulacan,,"Luzon Island, Angat Watershead",14.9312,121.2076,05/30/2011,Alcoholic - 1; Tissue - 100,forest w/ bamboo,,,,,,,,,,,,
119083,,Pycnonotidae,PAA 2509,Hypsipetes,philippinus,Philippines,Bulacan,,"Luzon Island, Angat Watershead",14.9312,121.2076,06/02/11,Alcoholic - 1,forest w/ bamboo,,,,,,,,,,,,
119084,,Pycnonotidae,PAA 2510,Hypsipetes,philippinus,Philippines,Bulacan,,"Luzon Island, Angat Watershead",14.9312,121.2076,06/02/11,Alcoholic - 1,forest w/ bamboo,,,,,,,,,,,,
119088,25542,Pycnonotidae,PAA 2514,Pycnonotus,urostictus,Philippines,Bulacan,,"Luzon Island, Angat Watershead",14.9312,121.2076,06/02/11,Alcoholic - 1; Tissue - 100,forest w/ bamboo,,,,,,,,,,,,
119118,27027,Pycnonotidae,RMJ 212,Hypsipetes,philippinus,Philippines,Quezon,,"Polillo Island, Burdeos",14.839,121.917,08/03/11,Alcoholic - 1; Tissue - 100,secondary forest,shot,,,,,,,,,body,,
119120,26997,Pycnonotidae,PAH 1025,Pycnonotus,urostictus,Philippines,Quezon,,"Polillo Island, Burdeos",14.888,121.938,,Alcoholic - 1; Tissue - 100,"secondary forest, parasite P-4754",net,,,,,,,,,no,,
119122,27000,Pycnonotidae,PAH 1028,Hypsipetes,philippinus,Philippines,Quezon,,"Polillo Island, Burdeos",14.888,121.938,,Alcoholic - 1; Tissue - 100,"secondary forest, parasite P-4755",net,,,,,,,,,no,,
119123,26998,Pycnonotidae,PAH 1026,Pycnonotus,urostictus,Philippines,Quezon,,"Polillo Island, Burdeos",14.888,121.938,,Alcoholic - 1; Tissue - 100,secondary forest,net,,,,,,,,,,,
119131,27023,Pycnonotidae,PAH 1051,Pycnonotus,urostictus,Philippines,Quezon,,"Polillo Island, Burdeos",14.888,121.938,08/01/11,Alcoholic - 1; Tissue - 100,secondary forest,net,,,,,,,,,"wing, body",,
119134,25855,Pycnonotidae,CHO 1474,Hypsipetes,philippinus,Philippines,Cagayan,,"Luzon Island, Gonzaga, Mt. Cagua",18.226,122.108,07/11/11,Alcoholic - 1; Tissue - 100,secondary forest,net,,,,,,,,,,,
119135,25924,Pycnonotidae,CHO 1494,Hypsipetes,philippinus,Philippines,Cagayan,,"Luzon Island, Gonzaga, Mt. Cagua",18.215,122.117,07/15/2011,Alcoholic - 1; Tissue - 100,montane forest,net,,,,,,,,,no,,
119146,25926,Pycnonotidae,RMJ 145,Pycnonotus,urostictus,Philippines,Cagayan,,"Luzon Island, Gonzaga, Mt. Cagua",18.219,122.111,07/15/2011,Alcoholic - 1; Tissue - 100,"secondary forest, killed in net by Spilornis cheela",net,,,,,,,,,no,,
119151,25995,Pycnonotidae,RMJ 171,Pycnonotus,goiavier,Philippines,Cagayan,,"Luzon Island, Gonzaga, Mt. Cagua",18.236,122.104,07/23/2011,Alcoholic - 1; Tissue - 100,"grassland, p-4721",shot,,,,,,,,,"wing, body",,
119160,25807,Pycnonotidae,PAH 954,Hypsipetes,philippinus,Philippines,Cagayan,,"Luzon Island, Gonzaga, Mt. Cagua",18.219,122.111,07/08/11,Alcoholic - 1; Tissue - 100,"forest, parasite p-4405",net,,,,,,,,,no,,
119162,25883,Pycnonotidae,PAH 979,Pycnonotus,urostictus,Philippines,Cagayan,,"Luzon Island, Gonzaga, Mt. Cagua",18.219,122.111,07/13/2011,Alcoholic - 1; Tissue - 100,"forest, parasite p-4546",net,,,,,,,,,no,,
119181,25334,Pycnonotidae,RCU 179,Hypsipetes,philippinus,Philippines,Bulacan,,"Luzon Island, Angat Watershead, Brgy. Kabayugan",14.9339833,121.2074,11/02/10,Skin - 1; Tissue - 100,secondary lowland dipterocarp forest,net,,,,,,,heavy,overy 9 x 5 mm,no,f,
119285,23511,Pycnonotidae,EAGT 452,Pycnonotus,melanicterus,Vietnam,Dien Bien,,Muong Nhe Nature Reserve,22.386,102.238,03/29/2011,Skin - 1; Tissue - 100,in secondary forest,netted,,,,,,,light,"ovary mass 6 x 5 mm, lg. ovum 1.5 mm",light in neck and flanks,f,100%
119286,23508,Pycnonotidae,EAGT 449,Pycnonotus,melanicterus,Vietnam,Dien Bien,,Muong Nhe Nature Reserve,22.386,102.238,03/28/2011,Skin - 1; Tissue - 100,in secondary forest; photographed,netted,,,,,,,moderate,testes 6 x 4 mm,very light general body,m,100%
119287,23586,Pycnonotidae,NHR 2963,Pycnonotus,melanicterus,Vietnam,Dien Bien,,Muong Nhe Nature Reserve,22.386,102.238,03/30/2011,Skin - 1; Tissue - 100,in secondary forest,netted,,,,,,no,no,testes 4 x 2 mm,no,m,100%
119288,23550,Pycnonotidae,MBR 8050,Pycnonotus,melanicterus,Vietnam,Dien Bien,,Muong Nhe Nature Reserve,22.386,102.238,03/30/2011,Skin - 1; Tissue - 100,in secondary forest,netted,,,,,,no,light,testes 6 x 3 mm,no,m,100%
119289,23565,Pycnonotidae,NHR 2942,Alophoixus,pallidus,Vietnam,Dien Bien,,Muong Nhe Nature Reserve,22.386,102.238,03/27/2011,Skin - 1; Tissue - 100,in secondary forest,netted,,,,,,no,no,testes 8 x 5 mm,no,m,100%
119296,23488,Pycnonotidae,MBR 8023,Hemixos,flavala,Vietnam,Dien Bien,,Muong Nhe Nature Reserve,22.386,102.238,03/25/2011,Skin - 1; Tissue - 100,in secondary forest,netted,,,,,,no,no,testes 7.5 x 5 mm,no,m,100%
119298,23591,Pycnonotidae,NHR 2975,Pycnonotus,jocosus,Vietnam,Dien Bien,,Muong Nhe Nature Reserve,22.386,102.238,03/31/2011,Skin - 1; Tissue - 100,in secondary forest,netted,,,,,,no,no,testes 3 x 2 mm,no,m,100%
119299,23510,Pycnonotidae,EAGT 451,Pycnonotus,aurigaster,Vietnam,Dien Bien,,Muong Nhe Nature Reserve,22.386,102.238,03/29/2011,Skin - 1; Tissue - 100,in secondary forest; photographed,netted,,,,,,,light,testes 3 x 2 mm,light general,m,100%
119422,25683,Pycnonotidae,CHO 1431,Hypsipetes,philippinus,Philippines,Ilocos Norte,,"Luzon Island, Adams, Mt. Pao",18.43,120.859,06/24/2011,Skin - 1; Tissue - 100,montane forest,net,,,,,,no,light,testes 10 x 6 mm,"body, wing",m,100%
119423,25605,Pycnonotidae,RMJ 032,Hypsipetes,philippinus,Philippines,Ilocos Norte,,"Luzon Island, Adams, Mt. Pao",18.438,120.878,06/16/2011,Skin - 1; Tissue - 100,"forest, parasite p-4077",net,,,,,,no,no,testes 9 x 6 mm,no,m,100%
119424,25640,Pycnonotidae,CHO 1416,Hypsipetes,philippinus,Philippines,Ilocos Norte,,"Luzon Island, Adams, Mt. Pao",18.438,120.878,06/16/2011,Skin - 1; Tissue - 100,"forest, parasite p-4153",net,,,,,,no,moderate,ovary 10 x 5 mm,wing,f,100%
119425,25646,Pycnonotidae,PAH 892,Hypsipetes,philippinus,Philippines,Ilocos Norte,,"Luzon Island, Adams, Mt. Pao",18.438,120.878,06/20/2011,Skin - 1; Tissue - 100,"forest, parasite p-4165",net,,,,,,no,light,testes 8 x 7 mm,no,m,100%
119426,25652,Pycnonotidae,RMJ 048,Hypsipetes,philippinus,Philippines,Ilocos Norte,,"Luzon Island, Adams, Mt. Pao",18.438,120.878,06/20/2011,Skin - 1; Tissue - 100,"forest, parasite p-4171",net,,,,,,9 x 5 mm,light,ovary 2 x 1 mm,no,f,20%
119427,25644,Pycnonotidae,RMJ 045,Hypsipetes,philippinus,Philippines,Ilocos Norte,,"Luzon Island, Adams, Mt. Pao",18.438,120.878,06/20/2011,Skin - 1; Tissue - 100,"forest, parasite p-4162",net,,,,,,7 x 5 mm,no,ovary 1 x 1 mm,"body, wing tail",f,15%
119428,25645,Pycnonotidae,CHO 1418,Hypsipetes,philippinus,Philippines,Ilocos Norte,,"Luzon Island, Adams, Mt. Pao",18.438,120.878,06/20/2011,Skin - 1; Tissue - 100,"forest, parasite p-4166",net,,,,,,6 x 4 mm,light,ovary 2 x 3 smooth,body,f,15%
119429,25643,Pycnonotidae,RMJ 044,Hypsipetes,philippinus,Philippines,Ilocos Norte,,"Luzon Island, Adams, Mt. Pao",18.438,120.878,06/20/2011,Skin - 1; Tissue - 100,"forest, parasite p-4159",net,,,,,,no,no,ovary 2 x 3 smooth,body,f,100%
119511,25692,Pycnonotidae,CHO 1434,Hypsipetes,philippinus,Philippines,Ilocos Norte,,"Luzon Island, Adams, Mt Cabacan",18.449,120.894,06/26/2011,Skin - 1; Tissue - 100,"secondary forest, parasite p-4241",net,,,,,,no,light,testes 8 x 6 mm,"body, tail",m,100%
119512,25689,Pycnonotidae,RMJ 061,Hypsipetes,philippinus,Philippines,Ilocos Norte,,"Luzon Island, Adams, Mt Cabacan",18.449,120.894,06/26/2011,Skin - 1; Tissue - 100,"secondary forest,",net,,,,,,7 x 6 mm,light,ovary 3 x 2 mm,"body, tail",f,30%
119513,25697,Pycnonotidae,CHO 1436,Hypsipetes,philippinus,Philippines,Ilocos Norte,,"Luzon Island, Adams, Mt Cabacan",18.449,120.894,06/26/2011,Skin - 1; Tissue - 100,"secondary forest, p-4246",net,,,,,,8 x 4 mm,light,ovary 2 x 2 mm smooth,body,f,15%
119514,25663,Pycnonotidae,CHO 1423,Hypsipetes,philippinus,Philippines,Ilocos Norte,,"Luzon Island, Adams, Mt Pao",18.438,120.878,06/21/2011,Skin - 1; Tissue - 100,"forest, p-4132",net,,,,,,no,light,ovary 7 x 4 mm,no,f,100%
119515,25657,Pycnonotidae,PAH 895,Hypsipetes,philippinus,Philippines,Ilocos Norte,,"Luzon Island, Adams, Mt Pao",18.438,120.878,06/21/2011,Skin - 1; Tissue - 100,"forest, parasite p-4178",net,,,,,,no,light,testes 12 x 10 mm,no,m,100%
119516,25656,Pycnonotidae,CHO 1422,Hypsipetes,philippinus,Philippines,Ilocos Norte,,"Luzon Island, Adams, Mt Pao",18.438,120.878,06/21/2011,Skin - 1; Tissue - 100,"forest, parasite p-4177",net,,,,,,no,light,"ovary 9 x 4 mm, oviduct enlarged",body,f,100%
119517,25674,Pycnonotidae,CHO 1429,Hypsipetes,philippinus,Philippines,Ilocos Norte,,"Luzon Island, Adams, Mt Pao",18.438,120.878,06/23/2011,Skin - 1; Tissue - 100,"forest, parasite p-4212",net,,,,,,no,light,"ovary 8 x 4 mm, ova 1.5 mm",body,f,100%
119565,25816,Pycnonotidae,CHO 1462,Pycnonotus,urostictus,Philippines,Cagayan,,"Luzon Island, Gonzaga, Mt. Cagua",18.219,122.111,07/08/11,Skin - 1; Tissue - 100,"forest, parasite p-4415",net,,,,,,no,light,testes 6 x 4 mm,wing,m,100%
119566,25812,Pycnonotidae,RMJ 105,Pycnonotus,urostictus,Philippines,Cagayan,,"Luzon Island, Gonzaga, Mt. Cagua",18.219,122.111,07/08/11,Skin - 1; Tissue - 100,"forest, parasite p-4411",net,,,,,,no,no,testes 10 x 6 mm,no,m,100%
119567,25853,Pycnonotidae,PAH 969,Pycnonotus,urostictus,Philippines,Cagayan,,"Luzon Island, Gonzaga, Mt. Cagua",18.219,122.111,07/11/11,Skin - 1; Tissue - 100,"forest, parasite p-4411",net,,,,,,no,light,testes 7 x 5 mm,no,m,100%
119568,25922,Pycnonotidae,CHO 1493,Pycnonotus,urostictus,Philippines,Cagayan,,"Luzon Island, Gonzaga, Mt. Cagua",18.219,122.111,07/15/2011,Skin - 1; Tissue - 100,"forest, parasite p-4599",net,,,,,,no,light,testes 5 x 5 mm,no,m,100%
119592,25968,Pycnonotidae,PAH 1012,Pycnonotus,urostictus,Philippines,Cagayan,,"Luzon Island, Gonzaga, Mt. Cagua",18.236,122.104,07/21/2011,Skin - 1; Tissue - 100,"secondary forest, parasite p-4672",net,,,,,,no,light,testes 6 x 6 mm,no,m,100%
119593,25972,Pycnonotidae,PAH 1014,Pycnonotus,urostictus,Philippines,Cagayan,,"Luzon Island, Gonzaga, Mt. Cagua",18.236,122.104,07/21/2011,Skin - 1; Tissue - 100,"secondary forest, parasite p-4684",net,,,,,,no,light,testes 4 x 3 mm,no,m,100%
119611,27001,Pycnonotidae,PAH 1029,Pycnonotus,urostictus,Philippines,Quezon,,"Polillo Island, Burdeos",14.888,121.938,07/30/2011,Skin - 1; Tissue - 100,"secondary forest, parasite p-4760",net,,,,,,no,light,ovary 6 x 4 mm,"tail, body",f,100%
119612,27012,Pycnonotidae,PAH 1040,Pycnonotus,urostictus,Philippines,Quezon,,"Polillo Island, Burdeos",14.888,121.938,07/31/2011,Skin - 1; Tissue - 100,"secondary forest, parasite p-4780",net,,,,,,no,light,testes 6 x 4 mm,"tail, body",m,100%
119613,26936,Pycnonotidae,RMJ 185,Pycnonotus,urostictus,Philippines,Quezon,,"Polillo Island, Burdeos",14.888,121.938,07/30/2011,Skin - 1; Tissue - 100,"secondary forest, parasite p-4756",net,,,,,,no,light,"ovary 4 x 2 mm, ova minute",body,f,100%
119622,26933,Pycnonotidae,RMJ 182,Hypsipetes,philippinus,Philippines,Quezon,,"Polillo Island, Burdeos",14.888,121.938,07/30/2011,Skin - 1; Tissue - 100,"secondary forest, parasite p-4747",net,,,,,,no,light,"ovary 5 x 4 mm, ova minute","body, tail, molt",f,100%
119624,26937,Pycnonotidae,RMJ 186,Hypsipetes,philippinus,Philippines,Quezon,,"Polillo Island, Burdeos",14.888,121.938,07/30/2011,Skin - 1; Tissue - 100,"secondary forest, parasite p-4757",net,,,,,,5 x 3 mm,no,testes 1 x 1 mm,no,m,20%
119701,25422,Pycnonotidae,MBR 8083,Alophoixus,pallidus,Vietnam,Dien Bien,,Muong Nhe Nature Reserve,22.361,102.224,04/07/11,Skin - 1; Tissue - 100,secondary forest,netted,,,,,,no,no,testes 6.5 x 3.5 mm,no,m,100%
119702,25418,Pycnonotidae,EAGT 466,Alophoixus,pallidus,Vietnam,Dien Bien,,Muong Nhe Nature Reserve,22.361,102.224,04/06/11,Skin - 1; Tissue - 100,secondary forest,netted,,,,,,,no,testes 9 x 6 mm,light body,m,100%
119703,25437,Pycnonotidae,MBR 8090,Alophoixus,pallidus,Vietnam,Dien Bien,,Muong Nhe Nature Reserve,22.361,102.224,04/08/11,Skin - 1; Tissue - 100,secondary forest,netted,,,,,,no,no,"testes 11 x 5 mm, seminal vesicles enlarged",no,m,100%
119710,26993,Pycnonotidae,PAH 1021,Hypsipetes,philippinus,Philippines,Quezon,,"Polillo Island, Burdeos",14.888,121.938,07/30/2011,Skin - 1; Tissue - 100,"secondary forest, parasite P-4746",net,,,,,,no,light,testes 12 x 10 mm,body,m,100%
119790,25798,Pycnonotidae,RMJ 099,Hypsipetes,philippinus,Philippines,Cagayan,,"Luzon Island, Gonzaga, Mt. Cagua",18.219,122.111,07/07/11,Skin - 1; Tissue - 100,"forest, parasite P-4393",net,,,,,,no,light,testes 10 x 7 mm,no,m,100%
119791,25814,Pycnonotidae,PAH 957,Hypsipetes,philippinus,Philippines,Cagayan,,"Luzon Island, Gonzaga, Mt. Cagua",18.219,122.111,07/08/11,Skin - 1; Tissue - 100,"forest, parasite P-4417",net,,,,,,no,light,testes 15 x 12 mm,no,m,100%
119792,25847,Pycnonotidae,CHO 1471,Hypsipetes,philippinus,Philippines,Cagayan,,"Luzon Island, Gonzaga, Mt. Cagua",18.219,122.111,07/10/11,Skin - 1; Tissue - 100,"forest, parasite P-4480",net,,,,,,no,moderate,testes 11 x 6 mm,body,m,100%
119793,25837,Pycnonotidae,RMJ 114,Hypsipetes,philippinus,Philippines,Cagayan,,"Luzon Island, Gonzaga, Mt. Cagua",18.219,122.111,07/10/11,Skin - 1; Tissue - 100,"forest, parasite P-4465",net,,,,,,no,light,ovary 9 x 5 mm,no,f,100%
119794,25881,Pycnonotidae,CHO 1484,Hypsipetes,philippinus,Philippines,Cagayan,,"Luzon Island, Gonzaga, Mt. Cagua",18.219,122.111,07/13/2011,Skin - 1; Tissue - 100,"forest, parasite P-4543",net,,,,,,no,light,ovary 10 x 5 mm,no,f,100%
119795,25882,Pycnonotidae,RMJ 129,Hypsipetes,philippinus,Philippines,Cagayan,,"Luzon Island, Gonzaga, Mt. Cagua",18.219,122.111,07/13/2011,Skin - 1; Tissue - 100,"forest, parasite P-4544",net,,,,,,no,light,"ovary 7 x 5 mm, ova 1 mm",body,f,100%
119796,25896,Pycnonotidae,CHO 1487,Hypsipetes,philippinus,Philippines,Cagayan,,"Luzon Island, Gonzaga, Mt. Cagua",18.219,122.111,07/14/2011,Skin - 1; Tissue - 100,"forest, parasite P-4566",net,,,,,,no,light,"ovary 5 x 5 mm, egg 25 x 18 mm",no,f,100%
119809,25967,Pycnonotidae,RMJ 159,Pycnonotus,urostictus,Philippines,Cagayan,,"Luzon Island, Gonzaga, Mt. Cagua",18.236,122.104,07/21/2011,Skin - 1; Tissue - 100,"secondary forest, parasite P-4671",net,,,,,,bursa 5 x 4 mm,light,ovary 3 x 1 smooth,body,f,20%
119810,25990,Pycnonotidae,CHO 1513,Pycnonotus,goiavier,Philippines,Cagayan,,"Luzon Island, Gonzaga, Mt. Cagua",18.236,122.104,07/22/2011,Skin - 1; Tissue - 100,"grassland, parasite P-4719",net,,,,,,bursa 5 x 9 mm,light,destroyed by shot,"wing, tail, body",u,5%
120301,26704,Pycnonotidae,JCN 227,Pycnonotus,nigricans,Botswana,,,Kgalogadi District; 6.4 km SW Kalahari Rest.,-23.53,22.547,08/23/2011,Skin - 1; Tissue - 100,woodland,netted,,,,,,no,no,testes 2.9 x 1.9 mm,no,m,100%
120343,26656,Pycnonotidae,JCN 149,Pycnonotus,tricolor,Botswana,,,"Northwest District, 200 m west of Kasane Road & border of Chobe River",-17.789,-25.156,08/12/11,Skin - 1; Tissue - 100,woodland,snare trap,,,,,,no,,"ovary mass 6.9 x 3.3 mm, ova < 1 mm",no,f,100%
120369,26631,Pycnonotidae,JCN 124,Pycnonotus,nigricans,Botswana,,,Central District; 17 km NE Rakops,-20.879,24.364,08/07/11,Skin - 1; Tissue - 100,woodland,netted,,,,,,no,no,"ovary mass 7.9 x 3.7 mm, ova < 1 mm",no,f,75%
120540,27908,Pycnonotidae,DRP 159,Ixos,mcclellandii,Vietnam,Lao Cai,,Van Ban Nature Reserve,21.949,104.255,03/20/2012,Skin - 1; Tissue - 100,along ridge crest in secondary forest;,netted,,,,,,no,no,testes 8 x5 mm,no,m,100%
120541,27956,Pycnonotidae,MBR 8192,Ixos,mcclellandii,Vietnam,Lao Cai,,Van Ban Nature Reserve,21.949,104.255,03/23/2012,Skin - 1; Tissue - 100,along ridge crest in secondary forest;,netted,,,,,,6 x 3 mm,moderate,"ovary mass 9 x 4.5 mm, ova < 1 mm, oviduct straight",no,f,100%
120542,27979,Pycnonotidae,NHR 3129,Ixos,mcclellandii,Vietnam,Lao Cai,,Van Ban Nature Reserve,21.949,104.255,03/24/2012,Skin - 1; Tissue - 100,along ridge crest in secondary forest; photographed,netted,,,,,,3 x 2 mm,light,testes 4 x 3 mm,light on head,m,25%
120543,28054,Pycnonotidae,NHR 3160,Ixos,mcclellandii,Vietnam,Lao Cai,,Van Ban Nature Reserve,21.949,104.255,03/29/2012,Skin - 1; Tissue - 100,along ridge crest in secondary forest,netted,,,,,,4 x 2 mm,light,testes 7 x 5 mm,no,m,100%
120544,28074,Pycnonotidae,DRP 204,Ixos,mcclellandii,Vietnam,Lao Cai,,Van Ban Nature Reserve,21.949,104.255,03/30/2012,Skin - 1; Tissue - 100,along ridge crest in secondary forest,netted,,,,,,no,very,"ovary mass 7 x 5 mm, ova 1 mm, oviduct 1.5 mm in diameter","light on neck, rump, secondaries",f,100%
120545,28123,Pycnonotidae,MBR 8254,Ixos,mcclellandii,Vietnam,Lao Cai,,Van Ban Nature Reserve,21.949,104.255,04/03/12,Skin - 1; Tissue - 100,along ridge crest in secondary forest; photographed,netted,,,,,,5 x 2 mm,moderate,"ovary mass 8 x 4 mm, ova < 1 mm",light on lower back,f,100%
120546,28125,Pycnonotidae,NHR 3190,Spizixos,canifrons,Vietnam,Lao Cai,,Van Ban Nature Reserve,21.949,104.255,04/03/12,Skin - 1; Tissue - 100,along ridge crest in secondary forest; photographed,netted,,,,,,no,light,testes 6 x 5 mm,no,m,100%
120634,28147,Pycnonotidae,DRP 226,Alophoixus,pallidus,Vietnam,Lao Cai,,Van Ban Nature Reserve,21.968,104.261,04/08/12,Skin - 1; Tissue - 100,selectively logged broadleaf evergreen forest,netted,,,,,,no,moderate,"testes 11 x 6 mm, seminal vesicles enlarged",light body molt,m,100%
120635,28148,Pycnonotidae,MBR 8264,Alophoixus,pallidus,Vietnam,Lao Cai,,Van Ban Nature Reserve,21.968,104.261,04/08/12,Skin - 1; Tissue - 100,selectively logged broadleaf evergreen forest,netted,,,,,,no,no,"testes 12 x 6 mm, seminal vesicles enlarged",no,m,100%
120636,28144,Pycnonotidae,NHR 3197,Alophoixus,pallidus,Vietnam,Lao Cai,,Van Ban Nature Reserve,21.968,104.261,04/08/12,Skin - 1; Tissue - 100,selectively logged broadleaf evergreen forest,netted,,,,,,no,no,"ovary mass 7 x 6 mm, 2 collapsed ova, lg. ovum 3 x 3 mm, oviduct 3 mm in diameter and convoluted",no,f,100%
120637,28163,Pycnonotidae,NHR 3203,Alophoixus,pallidus,Vietnam,Lao Cai,,Van Ban Nature Reserve,21.968,104.261,04/11/12,Skin - 1; Tissue - 100,selectively logged broadleaf evergreen forest,netted,,,,,,no,light,testes 10 x 5 mm,no,m,100%
120638,28157,Pycnonotidae,DRP 231,Alophoixus,pallidus,Vietnam,Lao Cai,,Van Ban Nature Reserve,21.968,104.261,04/10/12,Skin - 1; Tissue - 100,selectively logged broadleaf evergreen forest,netted,,,,,,no,light,testes 13 x 6 mm,no,m,100%
120639,28156,Pycnonotidae,DRP 230,Alophoixus,pallidus,Vietnam,Lao Cai,,Van Ban Nature Reserve,21.968,104.261,04/10/12,Skin - 1; Tissue - 100,selectively logged broadleaf evergreen forest,netted,,,,,,no,no,"testes 9 x 6 mm, seminal vesicles enlarged",light on wing,m,100%
120674,not taken,Pycnonotidae,MBR 8252,Ixos,mcclellandii,Vietnam,Lao Cai,,Van Ban Nature Reserve,21.949,104.255,04/03/12,Alcoholic - 1,scrub along ridge crest,netted,,,,,,,,,no,u,
120698,27315,Pycnonotidae,CHO 1656,Pycnonotus,goiavier,Philippines,Cebu,,"Cebu Island, Argao, Mt. Lantoy",9.901,123.53,12/07/11,Alcoholic - 1; Tissue - 100,second growth forest,net,,,,,,,,,"body, wing, tail",u,
120703,28204,Pycnonotidae,PAH 1087,Pycnonotus,urostictus,Philippines,Bohol,,"Bohol Island, Bilar, Duangon Spring",9.72,124.126,05/14/2012,Alcoholic - 1; Tissue - 100,"parasite P-4843, karst forest",net,,,,,,,,,no,u,
120706,28211,Pycnonotidae,PAH 1094,Hypsipetes,philippinus,Philippines,Bohol,,"Bohol Island, Bilar, Duangon Spring",9.72,124.126,05/14/2012,Alcoholic - 1; Tissue - 100,karst forest,net,,,,,,,,,no,u,
120707,28212,Pycnonotidae,PAH 1095,Pycnonotus,urostictus,Philippines,Bohol,,"Bohol Island, Bilar, Duangon Spring",9.72,124.126,05/14/2012,Alcoholic - 1; Tissue - 100,karst forest,net,,,,,,,,,no,u,
120719,28357,Pycnonotidae,MNJ 56,Hypsipetes,philippinus,Philippines,Agusan del Norte,,"Mindanao Island, Agusan del Norte, Mt. Hilong-Hilong",9.075,125.665,06/09/12,Alcoholic - 1; Tissue - 100,"parasite p-5117, secondary forest",net,,,,,,,,,no,u,
120725,28458,Pycnonotidae,KRI 67,Pycnonotus,goiavier,Philippines,,,"Mindanao Island, Agusan del Norte, Mt. Hilong-Hilong",9.064,125.642,06/17/2012,Alcoholic - 1; Tissue - 100,"parasite p-5367, secondary forest",net,,,,,,,,,no,u,
120737,28623,Pycnonotidae,KRI 137,Pycnonotus,goiavier,Philippines,Misamis Oriental,,"Mindanao Island, Mt. Lumot",8.722,125.076,07/13/2012,Alcoholic - 1; Tissue - 100,"parasite-5691, secondary  forest",net,,,,,,,,,body,u,
120748,30007,Pycnonotidae,RMB 17523,Hypsipetes,rufigularis,Philippines,Zamboanga del Sur,,"Mindanao Island, Pasonanca Natural Park, Dos Rios",7.0074,122.0655,10/06/12,Alcoholic - 1; Tissue - 100,,net,,,,,,,,,,u,
120749,30008,Pycnonotidae,RMB 17524,Hypsipetes,rufigularis,Philippines,Zamboanga del Sur,,"Mindanao Island, Pasonanca Natural Park, Dos Rios",7.0074,122.0655,10/06/12,Alcoholic - 1; Tissue - 100,,net,,,,,,,,,,u,
120750,30009,Pycnonotidae,RMB 17525,Pycnonotus,urostictus,Philippines,Zamboanga del Sur,,"Mindanao Island, Pasonanca Natural Park, Dos Rios",7.0074,122.0655,10/06/12,Alcoholic - 1; Tissue - 100,,net,,,,,,,,,,u,
120763,29027,Pycnonotidae,MJA 1046,Eurillas,latirostris,Democratic Republic of the Congo,Equateur,,"Boende, 4.2 km N",-0.241,20.883,06/09/12,Alcoholic - 1; Tissue - 100,in primary forest,netted,,,,,,,,,no,u,
120767,29043,Pycnonotidae,CHO 1720,Eurillas,virens,Democratic Republic of the Congo,Equateur,,"Boende, 4.2 km N",-0.241,20.883,06/10/12,Alcoholic - 1; Tissue - 100,in primary forest,netted,,,,,,,,,no,u,
120768,29044,Pycnonotidae,CHO 1721,Bleda,ugandae,Democratic Republic of the Congo,Equateur,,"Boende, 4.2 km N",-0.241,20.883,06/10/12,Alcoholic - 1; Tissue - 100,in primary forest,netted,,,,,,,,,no,u,
120769,29045,Pycnonotidae,CHO 1722,Phyllastrephus,icterinus,Democratic Republic of the Congo,Equateur,,"Boende, 4.2 km N",-0.241,20.883,06/10/12,Alcoholic - 1; Tissue - 100,in primary forest,netted,,,,,,,,,all over body,u,
120770,29062,Pycnonotidae,CHO 1729,Criniger,calurus,Democratic Republic of the Congo,Equateur,,"Boende, 4.2 km N",-0.241,20.883,06/12/12,Alcoholic - 1; Tissue - 100,in primary forest,netted,,,,,,,,,tail,u,
120779,29102,Pycnonotidae,MJA 1089,Bleda,ugandae,Democratic Republic of the Congo,Equateur,,"Boende, 4.2 km N",-0.241,20.883,06/16/2012,Alcoholic - 1; Tissue - 100,in primary forest,netted,,,,,,,,,no,u,
120781,29157,Pycnonotidae,MJA 1119,Bleda,notatus,Democratic Republic of the Congo,Bas Congo,,Luki Biosphere Reserve,-5.621,13.098,06/25/2012,Alcoholic - 1; Tissue - 100,mature lowland forest,netted,,,,,,,,,no,u,
120783,29159,Pycnonotidae,MJA 1121,Phyllastrephus,icterinus,Democratic Republic of the Congo,Bas Congo,,Luki Biosphere Reserve,-5.621,13.098,06/25/2012,Alcoholic - 1; Tissue - 100,mature lowland forest,netted,,,,,,,,,no,u,
120786,29181,Pycnonotidae,MJA 1133,Eurillas,latirostris,Democratic Republic of the Congo,Bas Congo,,Luki Biosphere Reserve,-5.621,13.098,06/26/2012,Alcoholic - 1; Tissue - 100,mature lowland forest,netted,,,,,,,,,no,u,
120787,29206,Pycnonotidae,MJA 1145,Eurillas,latirostris,Democratic Republic of the Congo,Bas Congo,,Luki Biosphere Reserve,-5.621,13.098,06/28/2012,Alcoholic - 1; Tissue - 100,mature lowland forest,netted,,,,,,,,,light on breast,u,
120793,29209,Pycnonotidae,MJA 1148,Bleda,syndactylus,Democratic Republic of the Congo,Bas Congo,,Luki Biosphere Reserve,-5.621,13.098,06/28/2012,Alcoholic - 1; Tissue - 100,mature lowland forest,netted,,,,,,,,,no,u,
120873,29219,Pycnonotidae,MJA 1153,Bleda,syndactylus,Democratic Republic of the Congo,Bas-Congo,,Luki Biosphere Reserve,-5.6215,13.0982,06/29/2012,Skin - 1; Tissue - 100,mature lowland forest,netted,,,,,,no,no,"ovary mass 7 x 4 mm, lg. ovum 1 mm",no,f,100%
120874,29213,Pycnonotidae,CHO 1788,Bleda,syndactylus,Democratic Republic of the Congo,Bas-Congo,,Luki Biosphere Reserve,-5.6215,13.0982,06/29/2012,Skin - 1; Tissue - 100,mature lowland forest,netted,,,,,,no,light,testes 1 x 1 mm,tail,m,40%
120875,29227,Pycnonotidae,CHO 1795,Bleda,syndactylus,Democratic Republic of the Congo,Bas-Congo,,Luki Biosphere Reserve,-5.6215,13.0982,06/30/2012,Skin - 1; Tissue - 100,mature lowland forest,netted,,,,,,3 x 2 mm,light,testes minute,on back,m,50%
120876,29124,Pycnonotidae,MJA 1101,Bleda,notatus,Democratic Republic of the Congo,Bas-Congo,,Luki Biosphere Reserve,-5.6215,13.0982,06/23/2012,Skin - 1; Tissue - 100,mature lowland forest,netted,,,,,,no,light,testes 2 mm,no,m,100%
120877,29133,Pycnonotidae,CHO 1759,Bleda,notatus,Democratic Republic of the Congo,Bas-Congo,,Luki Biosphere Reserve,-5.6215,13.0982,06/24/2012,Skin - 1; Tissue - 100,mature lowland forest,netted,,,,,,no,light,testes 1 x 1 mm,no,m,100%
120878,29168,Pycnonotidae,CHO 1771,Bleda,notatus,Democratic Republic of the Congo,Bas-Congo,,Luki Biosphere Reserve,-5.6215,13.0982,06/25/2012,Skin - 1; Tissue - 100,mature lowland forest,netted,,,,,,no,light,ovary mass 6 x 2 mm,"wings, breast, back, crown",f,100%
120879,29163,Pycnonotidae,MJA 1123,Bleda,notatus,Democratic Republic of the Congo,Bas-Congo,,Luki Biosphere Reserve,-5.6215,13.0982,06/26/2012,Skin - 1; Tissue - 100,mature lowland forest,netted,,,,,,8 x 4 mm,no,testes 1 mm,wing,m,50%
120880,29218,Pycnonotidae,CHO 1790,Bleda,notatus,Democratic Republic of the Congo,Bas-Congo,,Luki Biosphere Reserve,-5.6215,13.0982,06/29/2012,Skin - 1; Tissue - 100,mature lowland forest,netted,,,,,,no,light,testes minute,"belly, crown",m,100%
120881,29184,Pycnonotidae,MJA 1135,Bleda,notatus,Democratic Republic of the Congo,Bas-Congo,,Luki Biosphere Reserve,-5.6215,13.0982,06/27/2012,Skin - 1; Tissue - 100,mature lowland forest,netted,,,,,,no,no,testes 2 x 1 mm,no,m,100%
120882,29006,Pycnonotidae,CHO 1707,Bleda,syndactylus,Democratic Republic of the Congo,Equateur,,"Boende, 4.2 km north",-0.241,20.883,06/08/12,Skin - 1; Tissue - 100,primary forest,netted,,,,,,no,light,testes 6 x 5 mm,no,m,100%
120883,29008,Pycnonotidae,MJA 1035,Bleda,syndactylus,Democratic Republic of the Congo,Equateur,,"Boende, 4.2 km north",-0.241,20.883,06/08/12,Skin - 1; Tissue - 100,primary forest,netted,,,,,,,no,"ovary mass 10 x 7 mm, lg. ovum 5 mm, oviduct enlarged",no,f,100%
120884,29013,Pycnonotidae,MJA 1037,Bleda,syndactylus,Democratic Republic of the Congo,Equateur,,"Boende, 4.2 km north",-0.241,20.883,06/09/12,Skin - 1; Tissue - 100,primary forest,netted,,,,,,no,no,testes 7 x 5 mm,no,m,100%
120885,29035,Pycnonotidae,CHO 1717,Bleda,syndactylus,Democratic Republic of the Congo,Equateur,,"Boende, 4.2 km north",-0.241,20.883,06/10/12,Skin - 1; Tissue - 100,primary forest,netted,,,,,,no,light,ovary mass 6 x 5 mm,no,f,100%
120886,29010,Pycnonotidae,CHO 1708,Bleda,ugandae,Democratic Republic of the Congo,Equateur,,"Boende, 4.2 km north",-0.241,20.883,06/08/12,Skin - 1; Tissue - 100,primary forest,netted,,,,,,3 x 2 mm,light,testes 3 x 1 mm,no,m,70%
120887,29011,Pycnonotidae,MJA 1036,Bleda,ugandae,Democratic Republic of the Congo,Equateur,,"Boende, 4.2 km north",-0.241,20.883,06/08/12,Skin - 1; Tissue - 100,primary forest,netted,,,,,,no,no,testes 3 x 2 mm,no,m,100%
120888,29055,Pycnonotidae,CHO 1726,Bleda,ugandae,Democratic Republic of the Congo,Equateur,,"Boende, 4.2 km north",-0.241,20.883,06/12/12,Skin - 1; Tissue - 100,primary forest,netted,,,,,,no,light,"ovary 5 x 3 mm, oviduct enlarged",no,f,100%
120889,29072,Pycnonotidae,CHO 1735,Bleda,ugandae,Democratic Republic of the Congo,Equateur,,"Boende, 4.2 km north",-0.241,20.883,06/13/2012,Skin - 1; Tissue - 100,primary forest,netted,,,,,,no,light,testes 2 x 1.5 mm,no,m,100%
120890,29085,Pycnonotidae,MJA 1077,Bleda,ugandae,Democratic Republic of the Congo,Equateur,,"Boende, 4.2 km north",-0.241,20.883,06/14/2012,Skin - 1; Tissue - 100,primary forest,netted,,,,,,no,no,testes 8 x 6 mm,no,m,100%
120891,29080,Pycnonotidae,MJA 1075,Bleda,ugandae,Democratic Republic of the Congo,Equateur,,"Boende, 4.2 km north",-0.241,20.883,06/14/2012,Skin - 1; Tissue - 100,primary forest,netted,,,,,,no,no,"ovary mass 10 x 4 mm, lg. ovum 2 mm",tail,f,100%
120892,29105,Pycnonotidae,MJA 1091,Bleda,ugandae,Democratic Republic of the Congo,Equateur,,"Boende, 13.8 km northeast",-0.165,20.925,06/16/2012,Skin - 1; Tissue - 100,primary forest,netted,,,,,,no,no,testes 2 x 1 mm,no,m,100%
120893,29089,Pycnonotidae,CHO 1740,Bleda,ugandae,Democratic Republic of the Congo,Equateur,,"Boende, 13.8 km northeast",-0.165,20.925,06/15/2012,Skin - 1; Tissue - 100,primary forest,netted,,,,,,no,light,ovary mass 6 x 3 mm,"light on neck, back",f,100%
120894,29092,Pycnonotidae,CHO 1741,Bleda,ugandae,Democratic Republic of the Congo,Equateur,,"Boende, 13.8 km northeast",-0.165,20.925,06/15/2012,Skin - 1; Tissue - 100,primary forest,netted,,,,,,no,light,ovary mass 5 x 2 mm,light on throat,f,100%
120895,29096,Pycnonotidae,CHO 1793,Bleda,ugandae,Democratic Republic of the Congo,Equateur,,"Boende, 13.8 km northeast",-0.165,20.925,06/15/2012,Skin - 1; Tissue - 100,primary forest,netted,,,,,,no,light,testes 7 x 5 mm,"wings, throat",m,100%
120897,29115,Pycnonotidae,CHO 1749,Baeopogon,clamans,Democratic Republic of the Congo,Equateur,,"Boende, 13.8 km northeast",-0.165,20.925,06/16/2012,Skin - 1; Tissue - 100,primary forest,netted,,,,,,no,light,testes 3 x 2 mm,no,m,100%
120899,29110,Pycnonotidae,MJA 1095,Criniger,calurus,Democratic Republic of the Congo,Equateur,,"Boende, 13.8 km northeast",-0.165,20.925,06/16/2012,Skin - 1; Tissue - 100,primary forest,netted,,,,,,no,no,"ovary mass 5 x 3 mm, smooth",no,f,100%
120900,29149,Pycnonotidae,CHO 1764,Criniger,ndussumensis,Democratic Republic of the Congo,Bas-Congo,,Luki Biosphere Reserve,-5.621,13.098,06/25/2012,Skin - 1; Tissue - 100,mature lowland forest,netted,,,,,,no,light,ovary mass 5 x 3 mm,"tail, breast, back",f,100%
120901,29130,Pycnonotidae,CHO 1757,Criniger,ndussumensis,Democratic Republic of the Congo,Bas-Congo,,Luki Biosphere Reserve,-5.621,13.098,06/24/2012,Skin - 1; Tissue - 100,mature lowland forest; reidentification from calurus made by Jacob Cooper in June 2017,netted,,,,,,5 x 3 mm,light,testes minute,back,m,10%
120902,29226,Pycnonotidae,CHO 1794,Criniger,ndussumensis,Democratic Republic of the Congo,Bas-Congo,,Luki Biosphere Reserve,-5.621,13.098,06/30/2012,Skin - 1; Tissue - 100,mature lowland forest,netted,,,,,,no,light,testes 1 x 1 mm,,m,100%
120903,29067,Pycnonotidae,CHO 1733,Criniger,calurus,Democratic Republic of the Congo,Equateur,,"Boende, 4.2 km north",-0.241,20.883,06/12/12,Skin - 1; Tissue - 100,primary forest,netted,,,,,,no,light,"egg, 22 x 14 mm, in oviduct",tail,f,100%
120904,29021,Pycnonotidae,MJA 1041,Criniger,calurus,Democratic Republic of the Congo,Equateur,,"Boende, 4.2 km north",-0.241,20.883,06/09/12,Skin - 1; Tissue - 100,primary forest,netted,,,,,,4 x 2 mm,trace,ovary mass 5 x 3 mm,no,f,50%
120907,29069,Pycnonotidae,MJA 1068,Baeopogon,clamans,Democratic Republic of the Congo,Equateur,,"Boende, 4.2 km north",-0.241,20.883,06/12/12,Skin - 1; Tissue - 100,primary forest,netted,,,,,,no,no,testes 4 x 2 mm,no,m,100%
120917,29077,Pycnonotidae,MJA 1073,Eurillas,virens,Democratic Republic of the Congo,Equateur,,"Boende, 4.2 km north",-0.241,20.883,06/14/2012,Skin - 1; Tissue - 100,primary forest,netted,,,,,,no,no,testes 8 x 6 mm,body,m,100%
120918,29084,Pycnonotidae,YJNU 3,Eurillas,virens,Democratic Republic of the Congo,Equateur,,"Boende, 4.2 km north",-0.241,20.883,06/14/2012,Skin - 1; Tissue - 100,primary forest,netted,,,,,,no,light,ovary mass 10 x 5 mm,no,f,100%
120919,29023,Pycnonotidae,MJA 1042,Eurillas,virens,Democratic Republic of the Congo,Equateur,,"Boende, 4.2 km north",-0.241,20.883,06/09/12,Skin - 1; Tissue - 100,primary forest,netted,,,,,,no,light,testes 7 x 4 mm,no,m,100%
120920,29015,Pycnonotidae,CHO 1711,Eurillas,virens,Democratic Republic of the Congo,Equateur,,"Boende, 4.2 km north",-0.241,20.883,06/09/12,Skin - 1; Tissue - 100,primary forest,netted,,,,,,no,light,testes 6 x 5 mm,no,m,100%
120921,29036,Pycnonotidae,MJA 1052,Eurillas,virens,Democratic Republic of the Congo,Equateur,,"Boende, 4.2 km north",-0.241,20.883,06/10/12,Skin - 1; Tissue - 100,primary forest,netted,,,,,,no,no,"ovary mass 7 x 4 mm, lg. ovum 2 mm",no,f,100%
120930,29791,Pycnonotidae,CHO 1800,Chlorocichla,falkensteini,Democratic Republic of the Congo,Bas-Congo,,Luki Biosphere Reserve,-5.621,13.098,06/30/2012,Skin - 1,forest edge garden,netted,,,,,,3 x 3 mm,light,ovary mass 4 x 2 mm,rump,f,60%
120931,29237,Pycnonotidae,MJA 1163,Chlorocichla,falkensteini,Democratic Republic of the Congo,Bas-Congo,,Luki Biosphere Reserve,-5.621,13.098,06/30/2012,Skin - 1,forest edge garden,netted,,,,,,no,no,testes 2 x 1 mm,body,m,100%
120941,29132,Pycnonotidae,CHO 1758,Eurillas,virens,Democratic Republic of the Congo,Bas-Congo,,Luki Biosphere Reserve,-5.621,13.098,06/24/2012,Skin - 1; Tissue - 100,mature secondary forest,netted,,,,,,no,light,testes 2.5 x 2 mm,no,m,100%
120942,29140,Pycnonotidae,TL 1,Eurillas,virens,Democratic Republic of the Congo,Bas-Congo,,Luki Biosphere Reserve,-5.621,13.098,06/24/2012,Skin - 1; Tissue - 100,mature secondary forest,netted,,,,,,no,moderate,testes 2 x 2 mm,no,m,100%
120943,29119,Pycnonotidae,MJA 1099,Eurillas,virens,Democratic Republic of the Congo,Kinshasa,,Mona Paradis Jardin Botanique,-4.483,15.356,06/20/2012,Skin - 1; Tissue - 100,botanical garden,netted,,,,,,no,light,testes 2 x 2 mm,no,m,100%
120944,29117,Pycnonotidae,CHO 1751,Eurillas,virens,Democratic Republic of the Congo,Kinshasa,,Mona Paradis Jardin Botanique,-4.483,15.356,06/20/2012,Skin - 1; Tissue - 100,botanical garden,netted,,,,,,no,light,testes 3 x 2 mm,"light on breast, neck",m,100%
120945,29177,Pycnonotidae,LKN 1,Eurillas,virens,Democratic Republic of the Congo,Bas-Congo,,Luki Biosphere Reserve,-5.621,13.098,06/26/2012,Skin - 1; Tissue - 100,mature lowland forest,netted,,,,,,no,,testes 5 x 4 mm,no,m,100%
120946,29122,Pycnonotidae,MJA 1100,Eurillas,latirostris,Democratic Republic of the Congo,Bas-Congo,,Luki Biosphere Reserve,-5.621,13.098,06/23/2012,Skin - 1; Tissue - 100,mature lowland forest,netted,,,,,,no,,ovary mass 6 x 4 mm,heavy wing & tail,f,100%
120947,29123,Pycnonotidae,CHO 1754,Eurillas,latirostris,Democratic Republic of the Congo,Bas-Congo,,Luki Biosphere Reserve,-5.621,13.098,06/23/2012,Skin - 1; Tissue - 100,mature lowland forest,netted,,,,,,3 x 2 mm,moderate,testes 1 x 1 mm,wing,m,90%
120948,29162,Pycnonotidae,CHO 1769,Eurillas,latirostris,Democratic Republic of the Congo,Bas-Congo,,Luki Biosphere Reserve,-5.621,13.098,06/26/2012,Skin - 1; Tissue - 100,mature lowland forest,netted,,,,,,no,light,ovary mass 4 x 2.5 mm,"tail, wings, crown",f,100%
120949,29189,Pycnonotidae,TL 3,Eurillas,latirostris,Democratic Republic of the Congo,Bas-Congo,,Luki Biosphere Reserve,-5.621,13.098,06/27/2012,Skin - 1; Tissue - 100,mature lowland forest,netted,,,,,,no,light,ovary mass 5 x 1.5 mm,no,f,95%
120950,29186,Pycnonotidae,LKN 3,Eurillas,latirostris,Democratic Republic of the Congo,Bas-Congo,,Luki Biosphere Reserve,-5.621,13.098,06/27/2012,Skin - 1; Tissue - 100,mature lowland forest,netted,,,,,,,light,ovary mass 3 x 3 mm,no,f,100%
120951,29202,Pycnonotidae,CHO 1786,Eurillas,gracilis,Democratic Republic of the Congo,Bas-Congo,,Luki Biosphere Reserve,-5.621,13.098,06/28/2012,Skin - 1; Tissue - 100,mature lowland forest,netted,,,,,,2 x 2 mm,light,testes 2 x 2 mm,no,m,100%
120952,29178,Pycnonotidae,CHO 1776,Eurillas,gracilis,Democratic Republic of the Congo,Bas-Congo,,Luki Biosphere Reserve,-5.621,13.098,06/26/2012,Skin - 1; Tissue - 100,mature lowland forest,netted,,,,,,no,light,testes 3 x 2 mm,no,m,100%
120953,29216,Pycnonotidae,MJA 1152,Eurillas,gracilis,Democratic Republic of the Congo,Bas-Congo,,Luki Biosphere Reserve,-5.621,13.098,06/29/2012,Skin - 1; Tissue - 100,mature lowland forest,netted,,,,,,3 x 1 mm,no,"ovary mass 5 x 3 mm, ova < 1 mm",no,f,100%
120954,29070,Pycnonotidae,CHO 1734,Eurillas,gracilis,Democratic Republic of the Congo,Equateur,,"Boende, 4.2 km north",-0.291,20.883,06/12/12,Skin - 1; Tissue - 100,primary forest,netted,,,,,,no,moderate,ovary mass 6 x 3 mm,"wings, breast, crown",f,100%
120955,29012,Pycnonotidae,CHO 1709,Eurillas,latirostris,Democratic Republic of the Congo,Equateur,,"Boende, 4.2 km north",-0.291,20.883,06/08/12,Skin - 1; Tissue - 100,primary forest,netted,,,,,,no,light,testes 8 x 5 mm,"breast, light on back",m,100%
120956,29019,Pycnonotidae,MJA 1040,Eurillas,latirostris,Democratic Republic of the Congo,Equateur,,"Boende, 4.2 km north",-0.291,20.883,06/09/12,Skin - 1; Tissue - 100,primary forest,netted,,,,,,no,no,"ovary mass 5 x 4 mm, ova 1 mm",no,f,100%
120957,29041,Pycnonotidae,YN 2,Eurillas,latirostris,Democratic Republic of the Congo,Equateur,,"Boende, 4.2 km north",-0.291,20.883,06/10/12,Skin - 1; Tissue - 100,primary forest,netted,,,,,,no,light,testes 7 x 5 mm,no,m,100%
120958,29098,Pycnonotidae,CHO 1744,Eurillas,latirostris,Democratic Republic of the Congo,Equateur,,"Boende, 4.2 km north",-0.291,20.883,06/15/2012,Skin - 1; Tissue - 100,primary forest,netted,,,,,,no,light,testes 7 x 4 mm,no,m,100%
120959,29097,Pycnonotidae,MJA 1085,Eurillas,latirostris,Democratic Republic of the Congo,Equateur,,"Boende, 4.2 km north",-0.291,20.883,06/15/2012,Skin - 1; Tissue - 100,primary forest,netted,,,,,,no,light,fully formed egg & enlarged oviduct,no,f,100%
120983,29003,Pycnonotidae,CHO 1706,Phyllastrephus,icterinus,Democratic Republic of the Congo,Equateur,,"Boende, 4.2 km north",-0.241,20.883,06/08/12,Skin - 1; Tissue - 100,primary forest,netted,,,,,,3 x 2 mm,light,testes 0.5 x 0.5 mm,no,m,70%
120984,29002,Pycnonotidae,MJA 1031,Phyllastrephus,icterinus,Democratic Republic of the Congo,Equateur,,"Boende, 4.2 km north",-0.241,20.883,06/08/12,Skin - 1; Tissue - 100,primary forest,netted,,,,,,no,no,ovary mass 5 x 3 mm,"primaries, tail, & body",f,100%
120985,29113,Pycnonotidae,CHO 1748,Phyllastrephus,icterinus,Democratic Republic of the Congo,Equateur,,"Boende, 4.2 km north",-0.241,20.883,06/16/2012,Skin - 1; Tissue - 100,primary forest,netted,,,,,,no,light,testes 0.5 x 0.5 mm,light on face,m,100%
120986,29037,Pycnonotidae,MJA 1053,Phyllastrephus,icterinus,Democratic Republic of the Congo,Equateur,,"Boende, 4.2 km north",-0.241,20.883,06/10/12,Skin - 1; Tissue - 100,primary forest,netted,,,,,,no,no,testes 3 x 2 mm,no,m,100%
120987,29065,Pycnonotidae,CHO 1732,Phyllastrephus,icterinus,Democratic Republic of the Congo,Equateur,,"Boende, 4.2 km north",-0.241,20.883,06/12/12,Skin - 1; Tissue - 100,primary forest,netted,,,,,,no,light,"ovary mass 4 x 2 mm, smooth",no,f,100%
120988,29047,Pycnonotidae,MJA 1056,Phyllastrephus,icterinus,Democratic Republic of the Congo,Equateur,,"Boende, 4.2 km north",-0.241,20.883,06/11/12,Skin - 1; Tissue - 100,primary forest,netted,,,,,,no,no,testes 3 x 2 mm,no,m,100%
120991,29222,Pycnonotidae,LKN 4,Phyllastrephus,icterinus,Democratic Republic of the Congo,Bas-Congo,,Luki Biosphere Reserve,-5.621,13.098,06/29/2012,Skin - 1; Tissue - 100,mature lowland forest,netted,,,,,,no,light,testes minute,no,m,100%
120992,29154,Pycnonotidae,TL 2,Phyllastrephus,icterinus,Democratic Republic of the Congo,Bas-Congo,,Luki Biosphere Reserve,-5.621,13.098,06/25/2012,Skin - 1; Tissue - 100,mature lowland forest,netted,,,,,,no,light,ovary mass 4 x 2.5 mm,no,f,90%
120993,29166,Pycnonotidae,MJA 1125,Phyllastrephus,icterinus,Democratic Republic of the Congo,Bas-Congo,,Luki Biosphere Reserve,-5.621,13.098,06/26/2012,Skin - 1; Tissue - 100,mature lowland forest,netted,,,,,,no,no,"ovary mass 3 x 3 mm, smooth",no,f,100%
120994,29169,Pycnonotidae,CHO 1772,Phyllastrephus,icterinus,Democratic Republic of the Congo,Bas-Congo,,Luki Biosphere Reserve,-5.621,13.098,06/26/2012,Skin - 1; Tissue - 100,mature lowland forest,netted,,,,,,no,light,testes 1 x 1 mm,no,m,100%
120995,29203,Pycnonotidae,TL 4,Phyllastrephus,xavieri,Democratic Republic of the Congo,Bas-Congo,,Luki Biosphere Reserve,-5.621,13.098,06/28/2012,Skin - 1; Tissue - 100,mature lowland forest,netted,,,,,,no,light,testes 2 x 2 mm,no,m,100%
121450,12499,Pycnonotidae,CHO-B-195,Hypsipetes,amaurotis,Philippines,Cagayan,,"Camiguin Norte Island, Municipality of Calayan, Barangay Balatubat, Kauringan",18.902,121.908,02/10/07,Skeleton - 1; Tissue - 100,in 2nd growth,local resident,,,,,,,light,ovary mass 5 x 3 mm,"chest, back, neck",f,100%
121702,27344,Pycnonotidae,CHO 1686,Hypsipetes,philippinus,Philippines,,,Cebu Island: Mt Lantoy,9.901,123.53,12/11/11,Skin - 1; Tissue - 100,secondary forest,netted,,,,,,no,light,testes 1 x 1 mm,"back, rump, & belly",m,100%
121703,27332,Pycnonotidae,CHO 1674,Hypsipetes,philippinus,Philippines,,,Cebu Island: Mt Lantoy,9.901,123.53,12/09/11,Skin - 1; Tissue - 100,secondary forest,netted,,,,,,5 x 4 mm,light,testes 1 x 1 mm,"chin, breast, wings, belly, rump, & nape",m,40%
121704,27323,Pycnonotidae,CHO 1665,Hypsipetes,philippinus,Philippines,,,Cebu Island: Mt Lantoy,9.901,123.53,12/08/11,Skin - 1; Tissue - 100,secondary forest,netted,,,,,,4 x 3 mm,light,"ovary mass 3 x 2 mm, smooth","throat, breast, belly, legs, tail,rump & back",f,90%
121705,27292,Pycnonotidae,CHO 1634,Hypsipetes,philippinus,Philippines,,,Cebu Island: Mt Lantoy,9.901,123.53,12/06/11,Skin - 1; Tissue - 100,secondary forest,netted,,,,,,no,light,testes 2 x 1 mm,throat & crown,m,100%
121706,27293,Pycnonotidae,CHO 1635,Hypsipetes,philippinus,Philippines,,,Cebu Island: Mt Lantoy,9.901,123.53,12/06/11,Skin - 1; Tissue - 100,secondary forest,netted,,,,,,no,light,testes 1.5 x 1.5 mm,no,m,100%
121707,27289,Pycnonotidae,CHO 1631,Hypsipetes,philippinus,Philippines,,,Cebu Island: Mt Lantoy,9.901,123.53,12/06/11,Skin - 1; Tissue - 100,secondary forest,netted,,,,,,no,light,testes 2 x 1 mm,light on back,m,100%
121755,27311,Pycnonotidae,CHO 1653,Pycnonotus,goiavier,Philippines,,,Cebu Island: Mt Lantoy,9.901,123.53,12/07/11,Skin - 1; Tissue - 100,secondary forest,netted,,,,,,3 x 2 mm,light,testes 1 x 1 mm,"chin, throat, belly,tail, neck & legs",m,50%
121756,27291,Pycnonotidae,CHO 1633,Pycnonotus,goiavier,Philippines,,,Cebu Island: Mt Lantoy,9.901,123.53,12/06/11,Skin - 1; Tissue - 100,secondary forest,netted,,,,,,no,light,ovary mass 6 x 3 mm,"all over body, tail, wings",f,100%
121757,27314,Pycnonotidae,CHO 1655,Pycnonotus,goiavier,Philippines,,,Cebu Island: Mt Lantoy,9.901,123.53,12/07/11,Skin - 1; Tissue - 100,secondary forest,netted,,,,,,2 x 1 mm,light,ovary 3 x 2 mm,all over body,f,100%
121812,27227,Pycnonotidae,CHO 1569,Hypsipetes,philippinus,Philippines,,,"Negros Island; Cuervos de Negros Range, Dauin",9.238,123.202,11/22/2011,Skin - 1; Tissue - 100,second growth forest,netted,,,,,,no,light,ovary mass 7 x 3 mm,no,f,100%
121813,27225,Pycnonotidae,CHO 1567,Hypsipetes,philippinus,Philippines,,,"Negros Island; Cuervos de Negros Range, Dauin",9.238,123.202,11/22/2011,Skin - 1; Tissue - 100,second growth forest,netted,,,,,,no,light,testes 5 x 3 mm,no,m,100%
121814,27226,Pycnonotidae,CHO 1568,Hypsipetes,philippinus,Philippines,,,"Negros Island; Cuervos de Negros Range, Dauin",9.238,123.202,11/22/2011,Skin - 1; Tissue - 100,second growth forest,netted,,,,,,5 x 4 mm,light,testess 3 x 2 mm,crown & throat,m,100%
121846,27269,Pycnonotidae,CHO 1611,Hypsipetes,siquijorensis,Philippines,,,Siquijor Island; Mt. Bandilaan Nature Park,9.187,123.58,11/29/2011,Skin - 1; Tissue - 100,mature second growth forest,netted,,,,,,no,moderate,ovary mass 5 x 4 mm,no,f,100%
121847,27236,Pycnonotidae,CHO 1578,Hypsipetes,siquijorensis,Philippines,,,Siquijor Island; Mt. Bandilaan Nature Park,9.187,123.58,11/26/2011,Skin - 1; Tissue - 100,mature second growth forest,netted,,,,,,5 x 4 mm,light,testes 2 x 1 mm,all over body,m,90%
121848,27235,Pycnonotidae,CHO 1577,Hypsipetes,siquijorensis,Philippines,,,Siquijor Island; Mt. Bandilaan Nature Park,9.187,123.58,11/26/2011,Skin - 1; Tissue - 100,mature second growth forest,netted,,,,,,no,light,ovary mass 6 x 3 mm,no,f,
121849,27282,Pycnonotidae,CHO 1624,Hypsipetes,siquijorensis,Philippines,,,"Siquijor Island, Cantabon",9.188,123.57,12/01/11,Skin - 1; Tissue - 100,in scrub,netted,,,,,,no,light,ovary mass 5 x 3 mm,no,f,100%
121850,27283,Pycnonotidae,CHO 1625,Hypsipetes,siquijorensis,Philippines,,,"Siquijor Island, Cantabon",9.188,123.57,12/01/11,Skin - 1; Tissue - 100,in scrub,netted,,,,,,no,light,ovary mass 6 x 4 mm,light on rump,f,100%
121851,27276,Pycnonotidae,CHO 1618,Hypsipetes,siquijorensis,Philippines,,,"Siquijor Island, Cantabon",9.188,123.57,11/30/2011,Skin - 1; Tissue - 100,in scrub,netted,,,,,,no,light,testes 1.5 x 1 mm,"heavy on breast, back & face",m,100%
121924,28184,Pycnonotidae,PAH 1069,Pycnonotus,urostictus,Philippines,,,"Bohol Island, Bilar, Duangon Spring",9.72,124.126,05/11/12,Skin - 1; Tissue - 100,karst forest; parasite # 4796,netted,,,,,,no,light,testes 6 x 5 mm,body,m,100%
121925,28179,Pycnonotidae,PAH 1065,Pycnonotus,urostictus,Philippines,,,"Bohol Island, Bilar, Duangon Spring",9.72,124.126,05/10/12,Skin - 1; Tissue - 100,"young, secondary karst forest; parasite # 4787",netted,,,,,,,light,"ovary mass 2 x 1 mm, smooth","head, body, wing",f,unoss.
121944,28188,Pycnonotidae,HLO 139,Hypsipetes,philippinus,Philippines,,,"Bohol Island, Bilar, Duangon Spring",9.72,124.126,05/12/12,Skin - 1; Tissue - 100,"young, secondary karst forest; parasite # 4805",netted,,,,,,no,no,"ovary mass 25 x 20 mm, lg. ovum 20 x 20 mm",no,f,100%
121945,28185,Pycnonotidae,PAH 1069,Hypsipetes,philippinus,Philippines,,,"Bohol Island, Bilar, Duangon Spring",9.72,124.126,05/11/12,Skin - 1; Tissue - 100,"young, secondary karst forest; parasite # 4800",netted,,,,,,5 x 4 mm,light,testes 2 x 1 mm,body,m,unoss.
121946,28218,Pycnonotidae,PAH 1101,Hypsipetes,philippinus,Philippines,,,"Bohol Island, Valencia, Omjon",9.726,124.224,05/19/2012,Skin - 1; Tissue - 100,"young, secondary karst forest; parasite # 4864",netted,,,,,,no,light,testes 12 x 10 mm,no,m,100%
121947,28251,Pycnonotidae,PAH 1131,Hypsipetes,philippinus,Philippines,,,"Bohol Island, Valencia, Omjon",9.726,124.224,05/26/2012,Skin - 1; Tissue - 100,"young, secondary karst forest; parasite # 4912",netted,,,,,,no,light,"ovary mass 8 x 6 mm, oviduct enlarged",no,f,100%
121948,28249,Pycnonotidae,HLO 143,Hypsipetes,philippinus,Philippines,,,"Bohol Island, Valencia, Omjon",9.726,124.224,05/25/2012,Skin - 1; Tissue - 100,"young, secondary karst forest; parasite # 4911",netted,,,,,,no,light,"ovary mass 12 x 10 mm, ova 2 x 2 mm",no,f,100%
121949,28246,Pycnonotidae,PAH 1127,Hypsipetes,philippinus,Philippines,,,"Bohol Island, Valencia, Omjon",9.726,124.224,05/25/2012,Skin - 1; Tissue - 100,"young, secondary karst forest; parasite # 4907",netted,,,,,,,light,ovary mass 8 x 6 mm,no,f,100%
122004,28547,Pycnonotidae,KRI 100,Hypsipetes,philippinus,Philippines,Misamis Oriental,,"Mindanao Island, Mt. Lumot",8.694,125.024,07/04/12,Skin - 1; Tissue - 100,second growth forest; parasite # 5547,netted,,,,,,no,light,testes 10 x 7 mm,,m,100%
122005,28509,Pycnonotidae,MNJ 109,Hypsipetes,philippinus,Philippines,Misamis Oriental,,"Mindanao Island, Mt. Lumot",8.695,125.025,07/01/12,Skin - 1; Tissue - 100,second growth forest; parasite # 5450,netted,,,,,,no,light,testes 10 x 5.5 mm,no,m,100%
122006,28508,Pycnonotidae,MNJ 106,Hypsipetes,philippinus,Philippines,Misamis Oriental,,"Mindanao Island, Mt. Lumot",8.695,125.025,07/01/12,Skin - 1; Tissue - 100,second growth forest; parasite # 5449,netted,,,,,,no,heavy,"ovary mass 7 x 4 mm, lg. ovum 26.5 x 17 mm",no,f,100%
122007,28524,Pycnonotidae,MNJ 117,Hypsipetes,philippinus,Philippines,Misamis Oriental,,"Mindanao Island, Mt. Lumot",8.695,125.025,07/02/12,Skin - 1; Tissue - 100,second growth forest; parasite # 5492,netted,,,,,,no,moderate,testes 9 x 6 mm,no,m,100%
122008,28579,Pycnonotidae,MNJ 144,Hypsipetes,philippinus,Philippines,Misamis Oriental,,"Mindanao Island, Mt. Lumot",8.695,125.025,07/07/12,Skin - 1; Tissue - 100,second growth forest,netted,,,,,,no,moderate,"ovary mass 10 x 4 mm, ova 2 x 2 mm, oviduct enlarged 2 mm in diameter",no,f,100%
122009,28266,Pycnonotidae,PAH 1145,Hypsipetes,philippinus,Philippines,Agusan del Norte,,"Mindanao Island, Mt. Hilong-Hilong",9.079,125.665,06/04/12,Skin - 1; Tissue - 100,second growth forest; parasite # 4932,netted,,,,,,no,light,testes 12 x 10 mm,no,m,100%
122010,28267,Pycnonotidae,KRI 2,Hypsipetes,philippinus,Philippines,Agusan del Norte,,"Mindanao Island, Mt. Hilong-Hilong",9.079,125.665,06/04/12,Skin - 1; Tissue - 100,second growth forest; parasite # 4931,netted,,,,,,,,testes 9 x 5 mm,,m,
122011,28268,Pycnonotidae,MNJ 30,Hypsipetes,philippinus,Philippines,Agusan del Norte,,"Mindanao Island, Mt. Hilong-Hilong",9.079,125.665,06/04/12,Skin - 1; Tissue - 100,second growth forest; parasite # 4933,netted,,,,,,no,moderate,"ovary mass 9 x 8 mm, ova 2 x 2 mm, oviduct enlarged 3 mm",,f,100%
122012,28348,Pycnonotidae,MNJ 53,Hypsipetes,philippinus,Philippines,Agusan del Norte,,"Mindanao Island, Mt. Hilong-Hilong",9.079,125.665,06/08/12,Skin - 1; Tissue - 100,second growth forest; parasite # 5095,netted,,,,,,no,moderate,"ovary mass 8.5 x 6 mm, ova 1 x 1 mm, oviduct enlarged 3 mm in diameter",no,f,100%
122013,28349,Pycnonotidae,KRI 25,Hypsipetes,philippinus,Philippines,Agusan del Norte,,"Mindanao Island, Mt. Hilong-Hilong",9.079,125.665,06/08/12,Skin - 1; Tissue - 100,second growth forest; parasite # 5094,netted,,,,,,no,,ova 1 x 1 mm,no,f,100%
122014,28355,Pycnonotidae,MNJ 55,Hypsipetes,philippinus,Philippines,Agusan del Norte,,"Mindanao Island, Mt. Hilong-Hilong",9.079,125.665,06/09/12,Skin - 1; Tissue - 100,second growth forest; parasite # 5116,netted,,,,,,no,light,testes 10 x 6.5 mm,no,m,85%
122015,28373,Pycnonotidae,PAH 1189,Hypsipetes,philippinus,Philippines,Agusan del Norte,,"Mindanao Island, Mt. Hilong-Hilong",9.079,125.665,06/13/2012,Skin - 1; Tissue - 100,second growth forest; parasite # 5197,netted,,,,,,no,light,"ovary mass 25 x 15 mm, ova 12, 5, 2 mm",no,f,100%
122016,28281,Pycnonotidae,MNJ 34,Hypsipetes,philippinus,Philippines,Agusan del Norte,,"Mindanao Island, Mt. Hilong-Hilong",9.079,125.665,06/05/12,Skin - 1; Tissue - 100,second growth forest; parasite # 4961,netted,,,,,,no,moderate,testes 12 x 8 mm,no,m,100%
122052,28446,Pycnonotidae,PAH 1212,Pycnonotus,goiavier,Philippines,Agusan del Norte,,"Mindanao Island, Mt. Hilong-Hilong",9.065,125.642,06/19/2012,Skin - 1; Tissue - 100,second growth; parasite # 5355,netted,,,,,,no,light,testes 8 x 6 mm,body,m,100%
122053,28476,Pycnonotidae,MNJ 88,Pycnonotus,goiavier,Philippines,Agusan del Norte,,"Mindanao Island, Mt. Hilong-Hilong",9.065,125.642,06/20/2012,Skin - 1; Tissue - 100,second growth; parasite # 5397,netted,,,,,,no,heavy,"ovary mass 17 x 10 mm, ova 12 x 10 mm, oviduct 5 mm in diameter",no,f,100%
122054,28463,Pycnonotidae,KRI 69,Pycnonotus,goiavier,Philippines,Agusan del Norte,,"Mindanao Island, Mt. Hilong-Hilong",9.065,125.642,06/20/2012,Skin - 1; Tissue - 100,second growth; parasite # 5373,netted,,,,,,no,light,testes 7 x 4 mm,"head, abdomen",m,100%
122055,28484,Pycnonotidae,KRI 76,Pycnonotus,goiavier,Philippines,Agusan del Norte,,"Mindanao Island, Mt. Hilong-Hilong",9.065,125.642,06/21/2012,Skin - 1; Tissue - 100,second growth; parasite # 5408,netted,,,,,,no,light,testes 8 x 5 mm,no,m,50%
122056,28488,Pycnonotidae,MNJ 92,Pycnonotus,goiavier,Philippines,Agusan del Norte,,"Mindanao Island, Mt. Hilong-Hilong",9.065,125.642,06/21/2012,Skin - 1; Tissue - 100,second growth; parasite # 5411,netted,,,,,,no,light,"ovary mass 6 x 4 mm, ova 1 x 1 mm",wings,f,100%
122073,28591,Pycnonotidae,MNJ 150,Pycnonotus,goiavier,Philippines,Misamis Oriental,,"Mindanao Island, Mt. Lumot",8.695,125.025,07/08/12,Skin - 1; Tissue - 100,montane forest,netted,,,,,,no,moderate,testes 8 x 4.5 mm,no,f,100%
122074,28600,Pycnonotidae,MNJ 154,Pycnonotus,goiavier,Philippines,Misamis Oriental,,"Mindanao Island, Mt. Lumot",8.695,125.025,07/09/12,Skin - 1; Tissue - 100,montane forest; parasite # 5650,netted,,,,,,10 x 3 mm,heavy,ovary mass 4 x 4 mm,no,f,50%
122075,28626,Pycnonotidae,KRI 139,Pycnonotus,goiavier,Philippines,Misamis Oriental,,"Mindanao Island, Mt. Lumot",8.721,125.076,07/13/2012,Skin - 1; Tissue - 100,mature second growth; parasite # 5693,netted,,,,,,10 x 4 mm,light,testes 3 x 1 mm,"neck, abdomen, legs, tail",m,25%
122076,28622,Pycnonotidae,MNJ 165,Pycnonotus,goiavier,Philippines,Misamis Oriental,,"Mindanao Island, Mt. Lumot",8.721,125.076,07/13/2012,Skin - 1; Tissue - 100,mature second growth; parasite # 5689,shot with air gun,,,,,,no,heavy,testes 5 x 3.5 mm,wing,m,100%
122077,28632,Pycnonotidae,KRI 142,Pycnonotus,urostictus,Philippines,Misamis Oriental,,"Mindanao Island, Mt. Lumot",8.721,125.076,07/14/2012,Skin - 1; Tissue - 100,mature second growth; parasite # 5703,netted,,,,,,no,light,testes 8 x 5 mm,no,m,100%
122078,28629,Pycnonotidae,KRI 141,Pycnonotus,urostictus,Philippines,Misamis Oriental,,"Mindanao Island, Mt. Lumot",8.721,125.076,07/13/2012,Skin - 1; Tissue - 100,mature second growth; parasite # 5699,netted,,,,,,no,light,testes 9 x 5 mm,no,m,100%
122079,28644,Pycnonotidae,MNJ 176,Pycnonotus,urostictus,Philippines,Misamis Oriental,,"Mindanao Island, Mt. Lumot",8.721,125.076,07/16/2012,Skin - 1; Tissue - 100,mature second growth; parasite # 5742,netted,,,,,,no,light,testes 5.5 x 3 mm,"wing, body",m,100%
122080,28653,Pycnonotidae,MNJ 180,Pycnonotus,urostictus,Philippines,Misamis Oriental,,"Mindanao Island, Mt. Lumot",8.721,125.076,07/17/2012,Skin - 1; Tissue - 100,mature second growth; parasite # 5759,netted,,,,,,no,light,ovary mass 2.5 x 2 mm,"wing, body",f,90%
122081,28277,Pycnonotidae,MNJ 32,Pycnonotus,urostictus,Philippines,Agusan del Norte,,"Mindanao Island, Mt. Hilong-Hilong",9.079,125.665,06/05/12,Skin - 1; Tissue - 100,secondary forest; parasite # 4942,netted,,,,,,no,light,testes 6 x 5 mm,no,m,90%
122082,28325,Pycnonotidae,MNJ 46,Pycnonotus,urostictus,Philippines,Agusan del Norte,,"Mindanao Island, Mt. Hilong-Hilong",9.079,125.665,06/09/12,Skin - 1; Tissue - 100,secondary forest; parasite # 5049,netted,,,,,,no,light,testes 4 x 3 mm,no,m,100%
122083,28276,Pycnonotidae,KRI 5,Pycnonotus,urostictus,Philippines,Agusan del Norte,,"Mindanao Island, Mt. Hilong-Hilong",9.079,125.665,06/05/12,Skin - 1; Tissue - 100,secondary forest; parasite # 4943,netted,,,,,,,,testes 6 x 3 mm,,m,
122084,28465,Pycnonotidae,MNJ 86,Pycnonotus,urostictus,Philippines,Agusan del Norte,,"Mindanao Island, Mt. Hilong-Hilong",9.065,125.642,06/20/2012,Skin - 1; Tissue - 100,secondary forest; parasite # 5385,netted,,,,,,no,moderate,"ovary mass 5 x 4 mm, ova 6 x 5.5 mm; oviduct 5 mm in diameter",wing & tail,f,100%
122284,29956,Pycnonotidae,RCU 484,Pycnonotus,urostictus,Philippines,,,"Mindanao Island, City of Zamboanga, Labuyo Station, Pasonanca National Park",7.164,122.096,09/27/2012,Skin - 1; Tissue - 100,,netted,,,,,,,heavy,ovary mass 7 x 4 mm,all over,f,100%
122343,29996,Pycnonotidae,RCU 524,Hypsipetes,rufigularis,Philippines,Zamboanga del Sur,,"Mindanao Island, Pasonanco National Park, Dos Rios",7.007,122.065,10/08/12,Skin - 1; Tissue - 100,,netted,,,,,,,light,ovary mass 6 x 4 mm,,f,100%
122344,29997,Pycnonotidae,RCU 525,Hypsipetes,rufigularis,Philippines,Zamboanga del Sur,,"Mindanao Island, Pasonanco National Park, Dos Rios",7.007,122.065,10/08/12,Skin - 1; Tissue - 100,,netted,,,,,,,heavy,testes 3 x 2 mm,,m,100%
122378,31022,Pycnonotidae,TJD 6448,Hypsipetes,mindorensis,Philippines,Occidental Mindoro,,"Mindoro Island, Sablayan Prison and Penal Farm, Libuao Lake",12.818,120.897,07/19/2013,Skin - 1; Tissue - 100,edge of secondary forest; parasite # 6111,netted,,,,,,no,no,testes 21 x 1 mm (dark),light body,m,100%
122379,31023,Pycnonotidae,CHO 1857,Hypsipetes,mindorensis,Philippines,Occidental Mindoro,,"Mindoro Island, Sablayan Prison and Penal Farm, Libuao Lake",12.818,120.897,07/19/2013,Skin - 1; Tissue - 100,edge of secondary forest; parasite # 6110,netted,,,,,,6 x 6 mm,light,testes minute,heavy all over body,m,10%
122380,31018,Pycnonotidae,TJD 6445,Hypsipetes,mindorensis,Philippines,Occidental Mindoro,,"Mindoro Island, Sablayan Prison and Penal Farm, Libuao Lake",12.818,120.897,07/19/2013,Skin - 1; Tissue - 100,edge of secondary forest; parasite # 6106,netted,,,,,,no,no,"ovary mass 3.5 x 1.5 mm, ova & oviduct minute",heavy,f,75%
122381,31021,Pycnonotidae,CHO 1856,Hypsipetes,mindorensis,Philippines,Occidental Mindoro,,"Mindoro Island, Sablayan Prison and Penal Farm, Libuao Lake",12.818,120.897,07/19/2013,Skin - 1; Tissue - 100,edge of secondary forest; parasite # 6108,netted,,,,,,6 x 3 mm,light,testes minute,all over body; tail,m,10%
122382,31032,Pycnonotidae,CHO 1861,Hypsipetes,mindorensis,Philippines,Occidental Mindoro,,"Mindoro Island, Sablayan Prison and Penal Farm, Libuao Lake",12.818,120.897,07/21/2013,Skin - 1; Tissue - 100,edge of secondary forest; parasite # 6152,netted,,,,,,no,light,ovary mass 3 x 3 mm,"no wing or tail, but molt all over body",f,100%
122383,31033,Pycnonotidae,TJD 6454,Hypsipetes,mindorensis,Philippines,Occidental Mindoro,,"Mindoro Island, Sablayan Prison and Penal Farm, Libuao Lake",12.818,120.897,07/22/2013,Skin - 1; Tissue - 100,edge of secondary forest; parasite # 6162,netted,,,,,,no,no,"ovary mass 8.5 x 5 mm, lg. ovum 1 mm, oviduct 2 mm",light body,f,100%
122384,31028,Pycnonotidae,TJD 6451,Hypsipetes,mindorensis,Philippines,Occidental Mindoro,,"Mindoro Island, Sablayan Prison and Penal Farm, Libuao Lake",12.818,120.897,07/20/2013,Skin - 1; Tissue - 100,edge of secondary forest; parasite # 6120,netted,,,,,,no,no,testes 3 x 1.5 mm,heavy all over,m,100%
122435,30511,Pycnonotidae,MJA 1224,Pycnonotus,cafer,Fiji,,,"Eastern Division; Ovalau Island, Viro",-17.665,178.742,01/25/2013,Skin - 1; Tissue - 100,in village,netted,,,,,,no,moderate,testes 5 x 4 mm,no,m,100%
122741,30527,Pycnonotidae,MJA 1240,Pycnonotus,cafer,Fiji,,,"Eastern Division; Ovalau Island, Viro",-17.665,178.726,01/26/2013,Alcoholic - 1; Tissue - 100,village,netted,,,,,,,,,wing,u,
122758,not taken,Pycnonotidae,MBR 8507,Pycnonotus,flavescens,Vietnam,Kon Tum,,Ngoc Linh Nature Reserve,15.089,107.856,03/23/2013,Alcoholic - 1,"humid, secondary forest",netted,,,,,,,,,no,u,
122923,30708,Pycnonotidae,MBR 8492,Pycnonotus,flavescens,Vietnam,Kon Tum,,Ngoc Linh Nature Reserve,15.089,107.856,03/20/2013,Skin - 1; Tissue - 100,secondary broadleaf forest,netted,,,,,,no,no,"testes 10 x 4 mm, seminal vesicles enlarged",no,m,100%
122924,30748,Pycnonotidae,MBR 8504,Pycnonotus,flavescens,Vietnam,Kon Tum,,Ngoc Linh Nature Reserve,15.089,107.856,03/22/2013,Skin - 1; Tissue - 100,secondary broadleaf forest; photographed,netted,,,,,,no,no,testes 9 x 4.5 mm,no,m,100%
122954,30844,Pycnonotidae,MBR 8541,Ixos,mcclelandii,Vietnam,Kon Tum,,Ngoc Linh Nature Reserve,15.083,107.852,03/30/2013,Skin - 1; Tissue - 100,along ridge dominated with bamboo,netted,,,,,,8 x 3 mm,no,"ovary mass 2 x 1 mm, smooth",light on lower back,f,100 %; recently completed
122962,30729,Pycnonotidae,DRP 454 ,Ixos,mcclelandii,Vietnam,Kon Tum,,Ngoc Linh Nature Reserve,15.089,107.856,03/21/2013,Skin - 1; Tissue - 100,secondary forest,netted,,,,,,no,moderate,"ovary mass 10.5 x 8 mm, ova 3.8 mm, oviduct 5.5 mm & convoluted",no,f,100%
122965,30854,Pycnonotidae,DRP 490,Ixos,mcclelandii,Vietnam,Kon Tum,,Ngoc Linh Nature Reserve,15.11,107.824,04/01/13,Skin - 1; Tissue - 100,mixed pine/broadleaf forest along ridge,netted,,,,,,no,moderate,"testes 13 x 6 mm, seminal vesicles enlarged",no,m,100%
122971,30889,Pycnonotidae,MBR 8555,Hypsipetes,leucocephalus,Vietnam,Kon Tum,,Ngoc Linh Nature Reserve,15.11,107.824,04/04/13,Skin - 1; Tissue - 100,mixed pine/broadleaf forest along ridge,netted,,,,,,no,light,oviduct 2 mm in diameter & slightly convoluted; brood patch present; lg. ovum 2.5 x 2.5 mm,no,f,100%
122999,30915,Pycnonotidae,DRP 509,Alophoixus,pallidus,Vietnam,Kon Tum,,Ngoc Linh Nature Reserve,15.11,107.824,04/07/13,Skin - 1; Tissue - 100,mixed pine/broadleaf forest along ridge,netted,,,,,,no,no,testes 11 x 7 mm,no,m,100%
123000,30901,Pycnonotidae,MBR 8560,Alophoixus,pallidus,Vietnam,Kon Tum,,Ngoc Linh Nature Reserve,15.11,107.824,04/05/13,Skin - 1; Tissue - 100,mixed pine/broadleaf forest along ridge,netted,,,,,,no,no,"testes 12 x 7 mm, seminal vesicles enlarged",no,m,100%
123044,31220,Pycnonotidae,CHO 1813,Alophoixus,pallidus,Cambodia,Kampot,,Bokor National Park,10.6809,104.0462,12/07/12,Skin - 1; Tissue - 100,"old, second growth forest",netted,,,,,,no,light,testes 2 x 1 mm,no,m,100%
123045,31245,Pycnonotidae,RGM 1545,Alophoixus,pallidus,Cambodia,Kampot,,Bokor National Park,10.6809,104.0462,12/07/12,Skin - 1; Tissue - 100,"old, second growth forest",netted,,,,,,no,trace,testes 2 x 2 mm,no,m,100%
123046,31237,Pycnonotidae,RGM 1542,Alophoixus,pallidus,Cambodia,Kampot,,Bokor National Park,10.6809,104.0462,12/06/12,Skin - 1; Tissue - 100,"old, second growth forest",netted,,,,,,no,trace,testes 2 x 1 mm,no,m,100%
123047,31219,Pycnonotidae,RGM 1534,Alophoixus,pallidus,Cambodia,Kampot,,Bokor National Park,10.6809,104.0462,12/05/12,Skin - 1; Tissue - 100,"old, second growth forest",netted,,,,,,no,trace,testes 2 x 1 mm,no,m,100%
123087,28456,Pycnonotidae,KRI 65,Pycnonotus,goiavier,Philippines,,,"Mindanao Island, Agusan del Norte, Mt. Hilong-Hilong",9.064,125.642,06/19/2012,Skeleton - 1; Tissue - 100,"parasite p-5361, secondary forest",netted,,,,,,,,ova 1 & 2 mm,,f,80%
123088,28457,Pycnonotidae,KRI 66,Pycnonotus,philippinensis,Philippines,,,"Mindanao Island, Agusan del Norte, Mt. Hilong-Hilong",9.064,125.642,06/19/2012,Skeleton - 1; Tissue - 100,"parasite p-5363, secondary forest",netted,,,,,,,moderate,testes 5 x 3 mm,,m,100%
123090,28475,Pycnonotidae,KRI 74,Pycnonotus,urostictus,Philippines,,,"Mindanao Island, Agusan del Norte, Mt. Hilong-Hilong",9.064,125.642,06/20/2012,Skeleton - 1; Tissue - 100,"parasite p-5298, secondary forest",netted,,,,,,,light,testes 5 x 3 mm,,m,100%
123099,28624,Pycnonotidae,KRI 138,Pycnonotus,goaivier,Philippines,Misamis Oriental,,"Mindanao Island, Mt. Lumot",8.7216,125.0764,07/13/2012,Skeleton - 1; Tissue - 100,"parasite p-5692, secondary forest",netted,,,,,,,,testes 8 x 4 mm,"head, abdomen, wings",m,
123106,28370,Pycnonotidae,PAH 1188,Hypsipetes,philippinus,Philippines,Agusan del Norte,,"Mindanao Island, Agusan del Norte, Mt. Hilong-Hilong",9.075,125.665,06/12/12,Skeleton - 1; Tissue - 100,parasite # 5195; secondary forest,netted,,,,,,no,light,testes 10 x 8 mm,no,m,
123373,31599,Pycnonotidae,HH 273,Hypsipetes,everetti,Philippines,Eastern Samar,,"Samar Island, Municipality Taft, Brgy. San Rafael, Kadak-en River",11.812,125.296,06/09/14,Skin - 1; Tissue - 100,secondary dipterocarp forest,netted,,,,,,,light,testes 13 x 7 mm,no,m,100%
123374,31597,Pycnonotidae,JPM 134,Hypsipetes,everetti,Philippines,Eastern Samar,,"Samar Island, Municipality Taft, Brgy. San Rafael, Kadak-en River",11.812,125.296,06/09/14,Skin - 1; Tissue - 100,secondary dipterocarp forest,netted,,,,,,,light,"ovary mass 9 x 4 mm, granulated","tail, back, & neck",f,100%
123405,31638,Pycnonotidae,LCC 172,Hypsipetes,everetti,Philippines,Eastern Samar,,"Samar Island, Municipality Taft, Brgy. San Rafael, DENR Field Station",11.828,125.276,06/16/2014,Skin - 1; Tissue - 100,secondary dipterocarp forest,,,,,,,no,no,testes 10 x 6 mm,light in wings,m,100%
123406,31655,Pycnonotidae,LCC 191,Hypsipetes,everetti,Philippines,Eastern Samar,,"Samar Island, Municipality Taft, Brgy. San Rafael, DENR Field Station",11.828,125.276,06/19/2014,Skin - 1; Tissue - 100,secondary dipterocarp forest,netted,,,,,,no,light,ovary mass 11 x 8 mm; lg. ovum 4 x 3 mm,light on back & wings,f,100%
123454,31723,Pycnonotidae,LCC 229,Pycnonotus,goiavier,Philippines,Western Samar,,"Samar Island, Municipality San Jose de Buan, Mt. Huraw, camp # 1",12.052,125.034,07/04/14,Skin - 1; Tissue - 100,secondary dipterocarp forest,netted,,,,,,no,no,testes 5 x 3 mm,light wings & back,m,100%
123455,31732,Pycnonotidae,JPM 186,Pycnonotus,goiavier,Philippines,Western Samar,,"Samar Island, Municipality San Jose de Buan, Mt. Huraw, camp # 1",12.052,125.034,07/05/14,Skin - 1; Tissue - 100,secondary dipterocarp forest,netted,,,,,,,light,testes 2 x 1 mm,light tail and vent,m,unoss.
123456,31693,Pycnonotidae,LCC 212,Pycnonotus,urostictus,Philippines,Western Samar,,"Samar Island, Municipality San Jose de Buan, Mt. Huraw, camp # 1",12.052,125.034,06/29/2014,Skin - 1; Tissue - 100,secondary dipterocarp forest,netted,,,,,,no,no,testes 7 x 4 mm,light wing and back,m,100%
123473,31684,Pycnonotidae,JDM 165,Hypsipetes,philippinus,Philippines,Western Samar,,"Samar Island, Municipality San Jose de Buan, Mt. Huraw, camp # 1",12.052,125.034,06/28/2014,Skin - 1; Tissue - 100,secondary dipterocarp forest,netted,,,,,,,light,testes 7 x 7 mm,light on back,m,100%
123474,31686,Pycnonotidae,BP 1,Hypsipetes,philippinus,Philippines,Western Samar,,"Samar Island, Municipality San Jose de Buan, Mt. Huraw, camp # 1",12.052,125.034,06/28/2014,Skin - 1; Tissue - 100,secondary dipterocarp forest,netted,,,,,,,no,"ovary mass 10 x 5 mm, granular",,f,100%
123475,31685,Pycnonotidae,LCC 208,Hypsipetes,philippinus,Philippines,Western Samar,,"Samar Island, Municipality San Jose de Buan, Mt. Huraw, camp # 1",12.052,125.034,06/28/2014,Skin - 1; Tissue - 100,secondary dipterocarp forest,netted,,,,,,,no,"ovary mass 11 x 7 mm, granular",,f,100%
123476,31709,Pycnonotidae,JDM 175,Hypsipetes,philippinus,Philippines,Western Samar,,"Samar Island, Municipality San Jose de Buan, Mt. Huraw, camp # 1",12.052,125.034,06/30/2014,Skin - 1; Tissue - 100,secondary dipterocarp forest,netted,,,,,,,light,"ovary mass 8 x 5 mm, granular",no,f,100%
123477,31711,Pycnonotidae,JDM 176,Hypsipetes,philippinus,Philippines,Western Samar,,"Samar Island, Municipality San Jose de Buan, Mt. Huraw, camp # 1",12.052,125.034,07/01/14,Skin - 1; Tissue - 100,secondary dipterocarp forest,netted,,,,,,,light,"ovary mass 8 x 4 mm, granular",no,f,100%
123478,31716,Pycnonotidae,JDM 178,Hypsipetes,philippinus,Philippines,Western Samar,,"Samar Island, Municipality San Jose de Buan, Mt. Huraw, camp # 1",12.052,125.034,07/02/14,Skin - 1; Tissue - 100,secondary dipterocarp forest,netted,,,,,,,light,testes 10 x 6 mm,no,m,100%
123479,31718,Pycnonotidae,JDM 179,Hypsipetes,philippinus,Philippines,Western Samar,,"Samar Island, Municipality San Jose de Buan, Mt. Huraw, camp # 1",12.052,125.034,07/03/14,Skin - 1; Tissue - 100,secondary dipterocarp forest,netted,,,,,,,light,testes 11 x 6 mm,"breast, legs, back",m,100%
123480,31721,Pycnonotidae,LCC 228,Hypsipetes,philippinus,Philippines,Western Samar,,"Samar Island, Municipality San Jose de Buan, Mt. Huraw, camp # 1",12.052,125.034,07/04/14,Skin - 1; Tissue - 100,secondary dipterocarp forest,netted,,,,,,no,light,testes 11 x 7 mm,"light back, wing, and tail",m,100%
123481,31722,Pycnonotidae,JDM 181,Hypsipetes,philippinus,Philippines,Western Samar,,"Samar Island, Municipality San Jose de Buan, Mt. Huraw, camp # 1",12.052,125.034,07/04/14,Skin - 1; Tissue - 100,secondary dipterocarp forest,netted,,,,,,,light,"ovary mass 8 x 5 mm, granular",heavy across entire body,f,100%
123482,31691,Pycnonotidae,JDM 167,Pycnonotus,urostictus,Philippines,Western Samar,,"Samar Island, Municipality San Jose de Buan, Mt. Huraw, camp # 1",12.052,125.034,06/29/2014,Skin - 1; Tissue - 100,secondary dipterocarp forest,netted,,,,,,,light,testes 7 x 6 mm,,m,100%
123489,31681,Pycnonotidae,JDM 163,Hypsipetes,everetti,Philippines,Western Samar,,"Samar Island, Municipality San Jose de Buan, Mt. Huraw, camp # 1",12.052,125.034,06/27/2014,Skin - 1; Tissue - 100,secondary dipterocarp forest,netted,,,,,,,light,"ovary mass 8 x 6 mm, granular",light throughout body,f,80%
123490,31692,Pycnonotidae,JDM 168,Hypsipetes,everetti,Philippines,Western Samar,,"Samar Island, Municipality San Jose de Buan, Mt. Huraw, camp # 1",12.052,125.034,06/29/2014,Skin - 1; Tissue - 100,secondary dipterocarp forest,netted,,,,,,,light,testes 11 x 8 mm,,m,100%
123491,31712,Pycnonotidae,LCC 223,Hypsipetes,everetti,Philippines,Western Samar,,"Samar Island, Municipality San Jose de Buan, Mt. Huraw, camp # 1",12.052,125.034,07/01/14,Skin - 1; Tissue - 100,secondary dipterocarp forest,netted,,,,,,no,no,"ovary mass 9 x 4 mm, granular",,f,100%
123510,31753,Pycnonotidae,LCC 181,Pycnonotus,urostictus,Philippines,Eastern Samar,,"Samar Island, Municipality Taft, Brgy. San Rafael, DENR Field Station",11.828,125.276,06/17/2014,Alcoholic - 1; Tissue - 100,,netted,,,,,,,,,,u,
123515,31706,Pycnonotidae,LCC 220,Hypsipetes,everetti,Philippines,Western Samar,,"Samar Island, Municipality San Jose de Buan, Mt. Huraw, camp # 1",12.052,125.034,06/29/2014,Alcoholic - 1; Tissue - 100,,netted,,,,,,,,,,u,
130380,8318,Pycnonotidae,NHR 1036,Eurillas,latirostris,Equatorial Guinea,Centro Sur,,"Monte Alen National Park, Monte Alen",1.661667,10.29,05/24/2002,Tissue - 100; Skin - 1,Yale # 141,,,,,,,9 x 4 mm,light,testes 1 x 1 mm,heavy on back and neck; P9 on both wings; no tail molt,male,75%
130383,8321,Pycnonotidae,NHR 1038,Eurillas,latirostris,Equatorial Guinea,Centro Sur,,"Monte Alen National Park, Monte Alen",1.661667,10.29,05/24/2002,Tissue - 100; Skin - 1,Yale # 144,,,,,,,5 x 3 mm,light,testes 1 x 1 mm,no,male,75%
130384,8322,Pycnonotidae,JDL 101,Eurillas,latirostris,Equatorial Guinea,,,"Centro Sur, Rio Lobo at Asoc",1.571,10.388,,Tissue - 100,Yale # 145,,,,,,,,,,,,
130385,8325,Pycnonotidae,NHR 1039,Eurillas,latirostris,Equatorial Guinea,Centro Sur,,"Monte Alen National Park, Monte Alen",1.661667,10.29,05/25/2002,Tissue - 100; Skin - 1,Yale # 148,,,,,,,5 x 3 mm,light,testes 1 x 1 mm,no,male,75%
130386,8326,Pycnonotidae,NHR 1040,Eurillas,latirostris,Equatorial Guinea,Centro Sur,,"Monte Alen National Park, Monte Alen",1.661667,10.29,05/25/2002,Tissue - 100; Skin - 1,Yale # 149,,,,,,,no,light,testes 2 x 1 mm,no,male,oss.
130387,8327,Pycnonotidae,JDL 102,Eurillas,latirostris,Equatorial Guinea,,,"Centro Sur, Rio Lobo at Asoc",1.571,10.388,,Tissue - 100,Yale # 150,,,,,,,,,,,,
130391,8332,Pycnonotidae,NHR 1042,Eurillas,latirostris,Equatorial Guinea,Centro Sur,,"Monte Alen National Park, Monte Alen",1.661667,10.29,05/25/2002,Tissue - 100; Skin - 1,Yale # 155,,,,,,,5 x 3 mm,moderate,"ovary mass 3 x 2 mm, smooth",no,female,25%
130392,8333,Pycnonotidae,KZ 951,Eurillas,latirostris,Equatorial Guinea,,,"Centro Sur, Rio Lobo at Asoc",1.571,10.388,,Tissue - 100,Yale # 156,,,,,,,,,,,,
130393,8334,Pycnonotidae,NHR 1043,Eurillas,latirostris,Equatorial Guinea,Centro Sur,,"Monte Alen National Park, Monte Alen",1.661667,10.29,05/25/2002,Tissue - 100; Skin - 1,Yale # 157,,,,,,,4 x 3 mm,light,testes 0.5 x 0.5 mm,no,male,50%
130395,8336,Pycnonotidae,NHR 1044,Eurillas,latirostris,Equatorial Guinea,Centro Sur,,"Monte Alen National Park, Monte Alen",1.661667,10.29,05/25/2002,Tissue - 100; Skin - 1,Yale # 159,,,,,,,no,light,"ovary mass 8 x 4 mm, ova minute",no,female,oss.
130396,8338,Pycnonotidae,NHR 1045,Eurillas,latirostris,Equatorial Guinea,Centro Sur,,"Monte Alen National Park, Monte Alen",1.661667,10.29,05/25/2002,Tissue - 100; Skin - 1,Yale # 161,,,,,,,no,light,testes 1 x 1 mm,"P9-10, both wings; S5 right wing; no tail molt; light body",male,oss. 
130397,8339,Pycnonotidae,KZ 952,Eurillas,latirostris,Equatorial Guinea,,,"Centro Sur, Rio Lobo at Asoc",1.571,10.388,,Tissue - 100,Yale # 162,,,,,,,,,,,,
130404,8348,Pycnonotidae,JDL 105,Eurillas,latirostris,Equatorial Guinea,,,"Centro Sur, Rio Lobo at Asoc",1.571,10.388,,Tissue - 100,Yale # 171,,,,,,,,,,,,
130405,8349,Pycnonotidae,NHR 1049,Eurillas,latirostris,Equatorial Guinea,Centro Sur,,"Monte Alen National Park, Monte Alen",1.661667,10.29,05/25/2002,Tissue - 100; Skin - 1,Yale # 172,,,,,,,no,light,"ovary mass 3 x 2 mm, smooth",no,female,oss.
130407,8351,Pycnonotidae,KZ 954,Eurillas,latirostris,Equatorial Guinea,,,"Centro Sur, Rio Lobo at Asoc",1.571,10.388,,Tissue - 100,Yale # 174,,,,,,,,,,,,
130411,8357,Pycnonotidae,JDL 106,Phyllastrephus,xavieri,Equatorial Guinea,,,"Centro Sur, Rio Lobo at Asoc",1.571,10.388,,Tissue - 100,Yale # 180,,,,,,,,,,,,
130415,8360,Pycnonotidae,JDL 107,Eurillas,latirostris,Equatorial Guinea,,,"Centro Sur, Rio Lobo at Asoc",1.571,10.388,,Tissue - 100,Yale # 183,,,,,,,,,,,,
130416,8361,Pycnonotidae,NHR 1053,Eurillas,virens,Equatorial Guinea,Centro Sur,,"Monte Alen National Park, Monte Alen",1.661667,10.29,05/26/2002,Tissue - 100; Skin - 1,Yale # 184,,,,,,,no,light,"ovary mass 7 x 5 mm, ova 1 x 1 mm",no,female,oss.
130419,8365,Pycnonotidae,NHR 1055,Eurillas,latirostris,Equatorial Guinea,Centro Sur,,"Monte Alen National Park, Monte Alen",1.661667,10.29,05/26/2002,Tissue - 100; Skin - 1,Yale # 189,,,,,,,3 x 3 mm,light,"ovary mass 3 x 3 mm, smooth",no,female,oss.
130420,8368,Pycnonotidae,JDL 108,Eurillas,latirostris,Equatorial Guinea,,,"Centro Sur, Rio Lobo at Asoc",1.571,10.388,,Tissue - 100,Yale # 192,,,,,,,,,,,,
130421,8369,Pycnonotidae,NHR 1056,Eurillas,latirostris,Equatorial Guinea,Centro Sur,,"Monte Alen National Park, Monte Alen",1.661667,10.29,05/26/2002,Tissue - 100; Skin - 1,Yale # 193,,,,,,,no,light,"ovary mass 4 x 2 mm, smooth",no,female,oss. 
130423,8370,Pycnonotidae,KZ 959,Eurillas,latirostris,Equatorial Guinea,,,"Centro Sur, Rio Lobo at Asoc",1.571,10.388,,Tissue - 100,Yale # 194,,,,,,,,,,,,
130425,8372,Pycnonotidae,NHR 1058,Eurillas,virens,Equatorial Guinea,Centro Sur,,"Monte Alen National Park, Monte Alen",1.661667,10.29,05/27/2002,Tissue - 100; Skin - 1,Yale # 196,,,,,,,no,light,testes 5 x 2 mm,no,male,oss.
130427,8375,Pycnonotidae,NHR 1059,Eurillas,latirostris,Equatorial Guinea,Centro Sur,,"Monte Alen National Park, Monte Alen",1.661667,10.29,05/27/2002,Tissue - 100; Skin - 1,Yale # 199,,,,,,,8 x 4 mm,moderate,"ovary mass 3 x 2 mm, smooth",no,female,50%
130432,8380,Pycnonotidae,NHR 1061,Eurillas,latirostris,Equatorial Guinea,Centro Sur,,"Monte Alen National Park, Monte Alen",1.661667,10.29,05/27/2002,Tissue - 100; Skin - 1,Yale # 204,,,,,,,no,moderate,testes 2 x 1 mm,no,male,oss. 
130435,8384,Pycnonotidae,NHR 1063,Eurillas,latirostris,Equatorial Guinea,Centro Sur,,"Monte Alen National Park, Monte Alen",1.661667,10.29,05/27/2002,Tissue - 100; Skin - 1,Yale # 208,,,,,,,6 x 4 mm,moderate,testes 2 x 1 mm,no,male,75%
130437,8386,Pycnonotidae,NHR 1064,Eurillas,latirostris,Equatorial Guinea,Centro Sur,,"Monte Alen National Park, Monte Alen",1.661667,10.29,05/27/2002,Tissue - 100; Skin - 1,Yale # 211,,,,,,,no,light,"ovary mass 6 x 3 mm, ova minute","P1, P7 on both wings; no tail or body",female,oss.
130438,8387,Pycnonotidae,KZ 964,Eurillas,virens,Equatorial Guinea,,,"Centro Sur, Rio Lobo at Asoc",1.571,10.388,,Tissue - 100,Yale # 212,,,,,,,,,,,,
130439,8389,Pycnonotidae,NHR 1065,Eurillas,latirostris,Equatorial Guinea,Centro Sur,,"Monte Alen National Park, Monte Alen",1.661667,10.29,05/27/2002,Tissue - 100; Skin - 1,Yale # 214,,,,,,,no,light,"ovary mass 8 x 4 mm, ova minute",no,female,oss.
130441,8390,Pycnonotidae,JDL 110,Eurillas,latirostris,Equatorial Guinea,,,"Centro Sur, Rio Lobo at Asoc",1.571,10.388,,Tissue - 100,Yale # 215,,,,,,,,,,,,
130443,8393,Pycnonotidae,KZ 966,Eurillas,virens,Equatorial Guinea,,,"Centro Sur, Rio Lobo at Asoc",1.571,10.388,,Tissue - 100,Yale # 219,,,,,,,,,,,,
130451,8400,Pycnonotidae,JDL 112,Eurillas,virens,Equatorial Guinea,,,"Centro Sur, Rio Lobo at Asoc",1.571,10.388,,Tissue - 100,Yale # 226,,,,,,,,,,,,
130452,8401,Pycnonotidae,NHR 1068,Eurillas,virens,Equatorial Guinea,Centro Sur,,"Monte Alen National Park, Monte Alen",1.661667,10.29,05/28/2002,Tissue - 100; Skin - 1,Yale # 227,,,,,,,no,light,"testes 3 x 2 mm, gray",no,male,oss.
130456,8406,Pycnonotidae,NHR 1070,Eurillas,gracilis,Equatorial Guinea,Centro Sur,,"Monte Alen National Park, Monte Alen",1.661667,10.29,05/28/2002,Tissue - 100; Skin - 1,Yale # 232,,,,,,,4 x 3 mm,light,"testes 2 x 1 mm, black",no,male,50%
130463,8413,Pycnonotidae,NHR 1073,Eurillas,gracilis,Equatorial Guinea,Centro Sur,,"Monte Alen National Park, Monte Alen",1.661667,10.29,05/28/2002,Tissue - 100; Skin - 1,Yale # 239,,,,,,,,light,"ovary mass 7 x 4 mm, most ova 1 x 1 mm",no,female,oss.
130464,8414,Pycnonotidae,KZ 973,Phyllastrephus,icterinus,Equatorial Guinea,,,"Centro Sur, Rio Lobo at Asoc",1.571,10.388,,Tissue - 100,Yale # 240,,,,,,,,,,,,
130467,8419,Pycnonotidae,NHR 1075,Eurillas,latirostris,Equatorial Guinea,Centro Sur,,"Monte Alen National Park, Monte Alen",1.661667,10.29,05/28/2002,Tissue - 100; Skin - 1,Yale # 246,,,,,,,no,light,"ovary mass 8 x 6 mm, ova 1 x 1 mm",no,female,oss.
130469,8421,Pycnonotidae,LA 002,Eurillas,latirostris,Equatorial Guinea,,,"Centro Sur, Rio Lobo at Asoc",1.571,10.388,,Tissue - 100,Yale # 249,,,,,,,,,,,,
130470,8422,Pycnonotidae,NHR 1076,Criniger,chloronotus,Equatorial Guinea,Centro Sur,,"Monte Alen National Park, Monte Alen",1.661667,10.29,05/29/2002,Tissue - 100; Skin - 1,Yale # 250,,Rice,Nathan,H.,,,no,light,testes 2 x 2 mm,no,male,oss.
130475,8428,Pycnonotidae,NHR 1078,Eurillas,virens,Equatorial Guinea,Centro Sur,,"Monte Alen National Park, Monte Alen",1.661667,10.29,05/29/2002,Tissue - 100; Skin - 1,Yale # 257,,,,,,,no,light,"testes 3 x 2 mm, one cream, one black",no,male,oss.
130478,8431,Pycnonotidae,KZ 978,Eurillas,gracilis,Equatorial Guinea,,,"Centro Sur, Rio Lobo at Asoc",1.571,10.388,,Tissue - 100,Yale # 260,,,,,,,,,,,,
130481,8434,Pycnonotidae,NHR 1081,Eurillas,latirostris,Equatorial Guinea,Centro Sur,,"Monte Alen National Park, Monte Alen",1.661667,10.29,05/29/2002,Tissue - 100; Skin - 1,Yale # 263,,,,,,,no,light,"ovary mass 5 x 4 mm, ova 1 x 1 mm",no,female,oss.
130482,8436,Pycnonotidae,NHR 1082,Eurillas,latirostris,Equatorial Guinea,Centro Sur,,"Monte Alen National Park, Monte Alen",1.661667,10.29,05/29/2002,Tissue - 100; Skin - 1,Yale # 265,,,,,,,8 x 4 mm,light,testes 1 x 1 mm,S2-3; no tail or body,male,25%
130496,8450,Pycnonotidae,KZ 983,Andropadus,gracilirostris,Equatorial Guinea,,,"Centro Sur, Rio Lobo at Asoc",1.571,10.388,,Tissue - 100,Yale # 282,,,,,,,,,,,,
130515,8472,Pycnonotidae,NHR 1097,Eurillas,virens,Equatorial Guinea,Centro Sur,,"Monte Alen National Park, Monte Alen",1.661667,10.29,06/01/02,Tissue - 100; Skin - 1,Yale # 307,,,,,,,no,light,"testes 2 x 2 mm, black",no,male,oss. 
130518,8476,Pycnonotidae,JDL 125,Thescelocichla,leucopleura,Equatorial Guinea,,,"Centro Sur, Rio Lobo at Asoc",1.571,10.388,,Tissue - 100,Yale # 311,,,,,,,,,,,,
130519,8477,Pycnonotidae,KZ 992,Thescelocichla,leucopleura,Equatorial Guinea,,,"Centro Sur, Rio Lobo at Asoc",1.571,10.388,,Tissue - 100,Yale # 312,,,,,,,,,,,,
130526,8484,Pycnonotidae,NHR 1101,Eurillas,latirostris,Equatorial Guinea,Centro Sur,,"Monte Alen National Park, Monte Alen",1.661667,10.29,06/01/02,Tissue - 100; Skin - 1,Yale # 321,,,,,,,6 x 4 mm,moderate,testes 2 x 1 mm,no,male,oss.
130546,8507,Pycnonotidae,NHR 1111,Eurillas,latirostris,Equatorial Guinea,Centro Sur,,"Monte Alen National Park, Monte Alen",1.661667,10.29,06/02/02,Tissue - 100; Skin - 1,Yale # 348,,,,,,,no,light,"ovary mass 9 x 5 mm, ova 1 x 1 mm",no,female,oss.
130547,8508,Pycnonotidae,NHR 1112,Eurillas,latirostris,Equatorial Guinea,Centro Sur,,"Monte Alen National Park, Monte Alen",1.661667,10.29,06/02/02,Tissue - 100; Skin - 1,Yale # 350,,,,,,,3 x 2 mm,light,"ovary mass 4 x 3 mm, smooth",no,female,25%
130551,8512,Pycnonotidae,NHR 1113,Eurillas,latirostris,Equatorial Guinea,Centro Sur,,"Monte Alen National Park, Monte Alen",1.661667,10.29,06/02/02,Tissue - 100; Skin - 1,Yale # 354,,,,,,,no,light,"ovary mass 6 x 3 mm, ova minute",no,female,oss.
130552,8513,Pycnonotidae,LASG 43,Eurillas,virens,Equatorial Guinea,,,"Centro Sur, Rio Lobo at Asoc",1.571,10.388,,Tissue - 100,Yale # 355,,,,,,,,,,,,
130563,8523,Pycnonotidae,LASG 47,Eurillas,latirostris,Equatorial Guinea,,,"Centro Sur, Rio Lobo at Asoc",1.571,10.388,,Tissue - 100,Yale # 367,,,,,,,,,,,,
130569,8529,Pycnonotidae,KZ 1010,Andropadus,gracilirostris,Equatorial Guinea,,,"Centro Sur, Rio Lobo at Asoc",1.571,10.388,,Tissue - 100,Yale # 373,,,,,,,,,,,,
130576,8538,Pycnonotidae,JDL 135,Eurillas,latirostris,Equatorial Guinea,,,"Centro Sur, Rio Lobo at Asoc",1.571,10.388,,Tissue - 100,Yale # 382,,,,,,,,,,,,
130584,8548,Pycnonotidae,JDL 137,Eurillas,virens,Equatorial Guinea,,,"Centro Sur, Rio Lobo at Asoc",1.571,10.388,,Tissue - 100,Yale # 394,,,,,,,,,,,,
130586,8550,Pycnonotidae,NHR 1126,Eurillas,virens,Equatorial Guinea,Centro Sur,,"Monte Alen National Park, Monte Alen",1.661667,10.29,06/05/02,Tissue - 100; Skin - 1,Yale # 396,,,,,,,no,light,testes 7 x 4 mm,no,male,oss.
130588,8553,Pycnonotidae,JDL 138,Eurillas,latirostris,Equatorial Guinea,,,"Centro Sur, Rio Lobo at Asoc",1.571,10.388,,Tissue - 100,Yale # 400,,,,,,,,,,,,
130593,8560,Pycnonotidae,NHR 1130,Eurillas,latirostris,Equatorial Guinea,,,"Centro Sur, Rio Lobo at Asoc",1.571,10.388,06/07/02,Tissue - 100; Skin - 1,Yale # 407,,,,,,,no,light,testes 2 x 1 mm,no,male,oss.
130598,8567,Pycnonotidae,NHR 1135,Criniger,chloronotus,Equatorial Guinea,,,"Centro Sur, Rio Lobo at Asoc",1.571,10.388,06/08/02,Tissue - 100; Skin - 1,Yale # 414,,,,,,,no,light,testes 4 x 3 mm,P6 right wing; no body or tail ,male,oss.
130599,8568,Pycnonotidae,JDL 139,Phyllastrephus,xavieri,Equatorial Guinea,,,"Centro Sur, Rio Lobo at Asoc",1.571,10.388,,Tissue - 100,Yale # 415,,,,,,,,,,,,
130603,8574,Pycnonotidae,KZ 1020,Baeopogon,indicator,Equatorial Guinea,,,"Centro Sur, Rio Lobo at Asoc",1.571,10.388,,Tissue - 100,Yale # 422,,,,,,,,,,,,
130624,8599,Pycnonotidae,KZ 1027,Calyptocichla,serina,Equatorial Guinea,,,"Centro Sur, Rio Lobo at Asoc",1.571,10.388,,Tissue - 100,Yale # 449,,,,,,,,,,,,
130627,8600,Pycnonotidae,KZ 1028,Baeopogon,clamans,Equatorial Guinea,,,"Centro Sur, Rio Lobo at Asoc",1.571,10.388,,Tissue - 100,Yale # 450,,,,,,,,,,,,
130633,8609,Pycnonotidae,KZ 1030,Bleda,notatus,Equatorial Guinea,,,"Centro Sur, Rio Lobo at Asoc",1.571,10.388,,Tissue - 100,Yale # 459,,,,,,,,,,,,
130664,8647,Pycnonotidae,JDL 155,Eurillas,virens,Equatorial Guinea,,,"Centro Sur, Rio Lobo at Asoc",1.571,10.388,,Tissue - 100,Yale # 504,,,,,,,,,,,,
130665,8648,Pycnonotidae,NHR 1165,Bleda,notatus,Equatorial Guinea,,,"Centro Sur, Rio Lobo at Asoc",1.571,10.388,06/12/02,Tissue - 100; Skin - 1,Yale # 505,,,,,,,7 x 4 mm,light,"ovary mass 6 x 4 mm, ova 1 x 1 mm",no,female,oss.
130683,8671,Pycnonotidae,NHR 1174,Thescelocichla,leucopleura,Equatorial Guinea,,,"Centro Sur, Rio Lobo at Asoc",1.571,10.388,06/13/2002,Tissue - 100; Skin - 1,Yale # 531,,,,,,,no,light,"ovary mass 7 x 4 mm,  largest three ova 2 X 2mm, oviduct convoluted 3mm",no,female,oss.
130692,8680,Pycnonotidae,NHR 1179,Eurillas,gracilis,Equatorial Guinea,,,"Centro Sur, Rio Lobo at Asoc",1.571,10.388,06/14/2002,Tissue - 100; Skin - 1,Yale # 544,,,,,,,no,light,"ovary mass 7 x 4 mm, ova 1 x 1 mm",no,female,oss.
130695,8684,Pycnonotidae,NHR 1180,Eurillas,latirostris,Equatorial Guinea,,,"Centro Sur, Rio Lobo at Asoc",1.571,10.388,06/14/2002,Tissue - 100; Skin - 1,Yale # 550,,,,,,,6 x 3 mm,light,testes 6 x 3 mm,no,male,oss.
130696,8685,Pycnonotidae,JDL 160,Thescelocichla,leucopleura,Equatorial Guinea,,,"Centro Sur, Rio Lobo at Asoc",1.571,10.388,,Tissue - 100,Yale # 551,,,,,,,,,,,,
130703,8691,Pycnonotidae,KZ 1065,Ixonotus,guttatus,Equatorial Guinea,,,"Centro Sur, Rio Lobo at Asoc",1.571,10.388,,Tissue - 100,Yale # 561,,,,,,,,,,,,
130707,8697,Pycnonotidae,NHR 1185,Eurillas,latirostris,Equatorial Guinea,,,"Centro Sur, Rio Lobo at Asoc",1.571,10.388,06/15/2002,Tissue - 100; Skin - 1,Yale # 567,,,,,,,no,light,testes 2 x 1 mm,no,male,oss.
130712,8701,Pycnonotidae,KZ 1066,Andropadus,ansorgei,Equatorial Guinea,,,"Centro Sur, Rio Lobo at Asoc",1.571,10.388,,Tissue - 100,Yale # 571,,,,,,,,,,,,
123628,10109,Pycnonotidae,GC 2004-18,Alophoixus,pallidus,China,Guangxi,,N/A,,,,Tissue - 100,,,,,,,,,,,,,
124228,13650,Pycnonotidae,AN 705,Pycnonotus,xanthorrhous,China,,,N/A,,,,Tissue - 100,loan 2010-36,,,,,,,,,,,,
124244,13887,Pycnonotidae,RLB 1143,Pycnonotus,xanthorrhous,China,,,N/A,,,,Tissue - 100,voucher in China,,,,,,,,,,,,
124251,13896,Pycnonotidae,RLB 1148,Spizixos,semitorques,China,,,N/A,,,,Tissue - 100,voucher in China,,,,,,,,,,,,
124253,13899,Pycnonotidae,RLB 1149,Hypsipetes,mcclellandii,China,,,N/A,,,,Tissue - 100,voucher in China,,,,,,,,,,,,
124255,13900,Pycnonotidae,AN 834,Hemixos,castanonotus,China,,,N/A,,,,Tissue - 100,voucher in China,,,,,,,,,,,,
124677,15083,Pycnonotidae,FS 184,Eurillas,virens,Cameroon,,,Banyang Mbo.,,,,Tissue - 100,"voucher in Humboldt-Univ., Berlin, Germany",,,,,,,,,,,,
124678,15084,Pycnonotidae,FS 284,Criniger,calurus,Cameroon,,,Banyang Mbo.,,,,Tissue - 100,"voucher in Humboldt-Univ., Berlin, Germany",,,,,,,,,,,,
124679,15085,Pycnonotidae,FS 65,Phyllastrephus,xavieri,Cameroon,,,Banyang Mbo.,,,,Tissue - 100,"voucher in Humboldt-Univ., Berlin, Germany",,,,,,,,,,,,
124740,15140,Pycnonotidae,FS 161,Hemixos,flavala,Myanmar,,,Kyi Tan,,,,Tissue - 100,"voucher in Humboldt-Univ., Berlin, Germany",,,,,,,,,,,,
124741,15141,Pycnonotidae,FS 51,Hypsipetes,mcclellandii,,,,"Myanmar,Jed Lwe",,,,Tissue - 100,"voucher in Humboldt-Univ., Berlin, Germany",,,,,,,,,,,,
125705,17808,Pycnonotidae,SP 22149,Pycnonotus,plumosus,Malaysia,Sabah,,N/A,,,,Tissue - 100,subsamples from Sabah Parks collection,,,,,,,,,,,,
125706,17809,Pycnonotidae,SP 22151,Pycnonotus,plumosus,Malaysia,Sabah,,N/A,,,,Tissue - 100,subsamples from Sabah Parks collection,,,,,,,,,,,,
126514,21920,Pycnonotidae,RGM 1309,Alophoixus,phaeocephalus,Malaysia,Sarawak,,Gununy Pueh,1.801,109.712,01/11/10,Tissue - 100; Skin - 1,secondary forest,,,,,,,no,light,"egg in oviduct, 16 x 13 mm; yolking egg, 9 mm",no,female,100%
126515,21921,Pycnonotidae,RGM 1310,Alophoixus,bres,Malaysia,Sarawak,,Gununy Pueh,1.801,109.712,01/11/10,Tissue - 100; Skin - 1,secondary forest,,,,,,,no,trace,testes 9 x 6 mm,no,male,100%
126522,21928,Pycnonotidae,RGM 1317,Pycnonotus,atriceps,Malaysia,Sarawak,,Gununy Pueh,1.801,109.712,01/12/10,Tissue - 100; Skin - 1,secondary forest,,,,,,,no,trace,"ovary mass 10 x 6 mm, yolking egg, 4 mm; ruptured follicle; oviduct convoluted & enlarged",body & tail,female,100%
126528,21933,Pycnonotidae,RGM 1322,Pycnonotus,eutilotus,Malaysia,Sarawak,,Gununy Pueh,1.801,109.712,01/14/2010,Tissue - 100; Skin - 1,"in primary, limestone forest",,,,,,,no,trace,testes 9 x 6 mm,no,male,100%
126531,21936,Pycnonotidae,RGM 1325,Pycnonotus,erythropthalmos,Malaysia,Sarawak,,Gununy Pueh,1.801,109.712,01/15/2010,Tissue - 100; Skin - 1,secondary forest,,,,,,,no,no,testes 8 x 5 mm,no,male,100%
126532,21937,Pycnonotidae,RGM 1326,Pycnonotus,erythropthalmos,Malaysia,Sarawak,,Gununy Pueh,1.801,109.712,01/15/2010,Tissue - 100; Skin - 1,secondary forest,,,,,,,no,no,testes 5 x 4 mm,body,male,100%
127054,23144,Pycnonotidae,NHR 2691,Alophoixus,ochraceus,Vietnam,Dong Nai,,Vinh Cuu Reserve,11.3808833,107.0625,04/07/10,Tissue - 100; Skin - 1,,,,,,,,no,light,"ovary mass 7 x 5 mm, granular",no,female,oss.
127055,23147,Pycnonotidae,NHR 2694,Alophoixus,ochraceus,Vietnam,Dong Nai,,Vinh Cuu Reserve,11.3808833,107.0625,04/07/10,Tissue - 100; Skin - 1,,,,,,,,no,light,"ovary mass 9 x 6 mm, ova 1 x 1 mm, oviduct straight",no,female,oss.
127075,23200,Pycnonotidae,NHR 2745,Pycnonotus,finlaysoni,Vietnam,Dong Nai,,Vinh Cuu Reserve,11.2649333,106.98775,04/16/2010,Tissue - 100; Skin - 1,,,,,,,,no,light,"ovary mass 6 x 4 mm, ova 0.5 x 0.5 mm, oviduct straight",no,female,oss.
127080,23217,Pycnonotidae,NHR 2762,Pycnonotus,melanicterus,Vietnam,Dong Nai,,Vinh Cuu Reserve,11.2649333,106.98775,04/21/2010,Tissue - 100; Skin - 1,,,,,,,,no,moderate,testes 5 x 3 mm,no wing or body; missing R2-4,male,oss.
127081,23218,Pycnonotidae,NHR 2763,Iole,propinqua,Vietnam,Dong Nai,,Vinh Cuu Reserve,11.2649333,106.98775,04/21/2010,Tissue - 100; Skin - 1,,,,,,,,no,light,testes 3 x 1.5 mm,no,male,oss.
127083,23222,Pycnonotidae,NHR 2767,Pycnonotus,blanfordi,Vietnam,Dong Nai,,Vinh Cuu Reserve,11.2649333,106.98775,04/22/2010,Tissue - 100; Skin - 1,,,,,,,,no,no,testes 5 x 3 mm,no,male,oss.
127107,23351,Pycnonotidae,SAB 3,Pycnonotus,finlaysoni,Vietnam,Dong Nai,,Vinh Cuu Reserve,11.2649333,106.98775,04/24/2010,Tissue - 100; Skin - 1,,,,,,,,no,light,testes 2 x 2 mm,no,male,100%
127283,24422,Pycnonotidae,RGM 1371,Alophoixus,phaeocephalus,Malaysia,Sarawak,,"Gunung Mulu, Deer Cave",4.023,114.821,07/12/10,Tissue - 100; Skin - 1,limestone forest,,,,,,,no,trace,testes 3 x 2 mm,no,male,100%
127291,24430,Pycnonotidae,RGM 1379,Alophoixus,bres,Malaysia,Sarawak,,"Gunung Mulu, Deer Cave",4.023,114.821,07/13/2010,Tissue - 100; Skin - 1,limestone forest,,,,,,,no,trace,testes 1 x 1 mm,no,male,100%
127295,24434,Pycnonotidae,RGM 1383,Pycnonotus,plumosus,Malaysia,Sarawak,,"Gunung Mulu, park headquarters",4.042,114.814,07/14/2010,Tissue - 100; Skin - 1,edge of limestone forest,,,,,,,no,trace,testes 5 x 4 mm,wing,male,100%
127302,24441,Pycnonotidae,RGM 1390,Pycnonotus,plumosus,Malaysia,Sarawak,,"Gunung Mulu, park headquarters",4.042,114.814,07/15/2010,Tissue - 100; Skin - 1,edge of limestone forest,,,,,,,no,trace,testes 4 x 3 mm,wing,male,100%
127306,24445,Pycnonotidae,RGM 1394,Pycnonotus,eutilotus,Malaysia,Sarawak,,"Gunung Mulu, Deer Cave",4.023,114.821,07/16/2010,Tissue - 100; Skin - 1,limestone forest,,,,,,,no,trace,"ovary mass 5 x 1 mm, smooth",no,female,100%
127308,24447,Pycnonotidae,RGM 1396,Pycnonotus,simplex,Malaysia,Sarawak,,"Gunung Mulu, Deer Cave",4.023,114.821,07/16/2010,Tissue - 100; Skin - 1,"in primary, limestone forest",,,,,,,no,light,"ovary mass 5 x 3 mm, granular, oviduct 1 mm, straight",no,female,100%
127963,25440,Pycnonotidae,EAGT 473,Alophoixus,pallidus,Vietnam,Dien Bien,,Muong Nhe Nature Reserve,22.361,102.224,04/08/11,Tissue - 100; Skin - 1,,,,,,,,,light,"ovary mass 6 x 4 mm, smooth",heavy on back & rectrices,female,100%
127966,25448,Pycnonotidae,EAGT 477,Alophoixus,pallidus,Vietnam,Dien Bien,,Muong Nhe Nature Reserve,22.361,102.224,04/09/11,Tissue - 100; Skin - 1,,,,,,,,,light,testes 7 x 5 mm,light overall,male,100%
128087,26724,Pycnonotidae,JCN 150,Pycnonotus,tricolor,Botswana,,,Northwest District; 200 m W of Kasare Road and border of Chobe River,-17.789,25.156,08/12/11,Tissue - 100; Skin - 1,Botswana National Museum,,,,,,,no,,"ovary mass 7.1 x 4.4 mm, ova < 1 mm",no,female,100%
128135,27040,Pycnonotidae,RCU 108,Hypsipetes,philippinus,Philippines,,,"Luzon,Batangas,Lipa,N 13 58.565,E 121 14.388,650m",,,,Tissue - 100,voucher at Philippine National Museum,,,,,,,,,,,,
128140,27045,Pycnonotidae,RCU 113,Hypsipetes,philippinus,Philippines,,,"Luzon,Batangas,Lipa,N 13 58.565,E 121 14.388,650m",,,,Tissue - 100,voucher at Philippine National Museum,,,,,,,,,,,,
128145,27050,Pycnonotidae,RCU 118,Hypsipetes,philippinus,Philippines,,,"Luzon,Batangas,Lipa,N 13 58.565,E 121 14.388,650m",,,,Tissue - 100,voucher at Philippine National Museum,,,,,,,,,,,,
128147,27052,Pycnonotidae,RCU 120,Hypsipetes,philippinus,Philippines,,,"Luzon,Batangas,Lipa,N 13 58.565,E 121 14.388,650m",,,,Tissue - 100,voucher at Philippine National Museum,,,,,,,,,,,,
128152,27057,Pycnonotidae,RCU 125,Hypsipetes,philippinus,Philippines,,,"Luzon,Batangas,Lipa,N 13 58.565,E 121 14.388,650m",,,,Tissue - 100,voucher at Philippine National Museum,,,,,,,,,,,,
128155,27060,Pycnonotidae,RCU 128,Hypsipetes,philippinus,Philippines,,,"Luzon,Batangas,Lipa,N 13 58.565,E 121 14.388,650m",,,,Tissue - 100,voucher at Philippine National Museum,,,,,,,,,,,,
128156,27061,Pycnonotidae,RCU 129,Hypsipetes,philippinus,Philippines,,,"Luzon,Batangas,Lipa,N 13 58.565,E 121 14.388,650m",,,,Tissue - 100,voucher at Philippine National Museum,,,,,,,,,,,,
128162,27067,Pycnonotidae,RCU 135,Hypsipetes,philippinus,Philippines,,,"Luzon,Batangas,Lipa,N 13 58.565,E 121 14.388,650m",,,,Tissue - 100,voucher at Philippine National Museum,,,,,,,,,,,,
128168,27073,Pycnonotidae,RCU 141,Hypsipetes,philippinus,Philippines,,,"Samar,Western Samar,Marabut,N 11 11.74,E 125 10.972,50m",,,,Tissue - 100,voucher at Philippine National Museum,,,,,,,,,,,,
128169,27074,Pycnonotidae,RCU 142,Hypsipetes,philippinus,Philippines,,,"Samar,Western Samar,Marabut,N 11 11.74,E 125 10.972,50m",,,,Tissue - 100,voucher at Philippine National Museum,,,,,,,,,,,,
128172,27077,Pycnonotidae,RCU 145,Hypsipetes,philippinus,Philippines,,,"Samar,Western Samar,Marabut,N 11 11.74,E 125 10.972,50m",,,,Tissue - 100,voucher at Philippine National Museum,,,,,,,,,,,,
128180,27085,Pycnonotidae,RCU 209,Hypsipetes,philippinus,Philippines,,,"Alabat,Quezon",,,,Tissue - 100,voucher at Philippine National Museum,,,,,,,,,,,,
128182,27087,Pycnonotidae,RCU 211,Hypsipetes,philippinus,Philippines,,,"Alabat,Quezon",,,,Tissue - 100,voucher at Philippine National Museum,,,,,,,,,,,,
128187,27092,Pycnonotidae,RCU 216,Hypsipetes,philippinus,Philippines,,,"Alabat,Quezon",,,,Tissue - 100,voucher at Philippine National Museum,,,,,,,,,,,,
128193,27098,Pycnonotidae,RCU 222,Hypsipetes,philippinus,Philippines,,,"Alabat,Quezon",,,,Tissue - 100,voucher at Philippine National Museum,,,,,,,,,,,,
128196,27101,Pycnonotidae,RCU 228,Hypsipetes,philippinus,Philippines,,,"Alabat,Quezon",,,,Tissue - 100,voucher at Philippine National Museum,,,,,,,,,,,,
128197,27102,Pycnonotidae,RCU 229,Hypsipetes,philippinus,Philippines,,,"Alabat,Quezon",,,,Tissue - 100,voucher at Philippine National Museum,,,,,,,,,,,,
128215,27120,Pycnonotidae,RCU 003,Hypsipetes,philippinus,Philippines,,,"Luzon,Aurora,ASCOT",,,,Tissue - 100,voucher at Philippine National Museum,,,,,,,,,,,,
128216,27121,Pycnonotidae,RCU 004,Hypsipetes,philippinus,Philippines,,,"Luzon,Aurora,ASCOT",,,,Tissue - 100,voucher at Philippine National Museum,,,,,,,,,,,,
128222,27127,Pycnonotidae,RCU 010,Pycnonotus,urostictus,Philippines,,,"Luzon,Aurora,ASCOT",,,,Tissue - 100,voucher at Philippine National Museum,,,,,,,,,,,,
128223,27128,Pycnonotidae,RCU 011,Pycnonotus,urostictus,Philippines,,,"Luzon,Aurora,ASCOT",,,,Tissue - 100,voucher at Philippine National Museum,,,,,,,,,,,,
128228,27133,Pycnonotidae,RCU 016,Pycnonotus,urostictus,Philippines,,,"Luzon,Aurora,ASCOT",,,,Tissue - 100,voucher at Philippine National Museum,,,,,,,,,,,,
128230,27135,Pycnonotidae,RCU 018,Pycnonotus,urostictus,Philippines,,,"Luzon,Aurora,ASCOT",,,,Tissue - 100,voucher at Philippine National Museum,,,,,,,,,,,,
128233,27138,Pycnonotidae,RCU 021,Hypsipetes,philippinus,Philippines,,,"Luzon,Aurora,ASCOT",,,,Tissue - 100,voucher at Philippine National Museum,,,,,,,,,,,,
128234,27139,Pycnonotidae,RCU 022,Pycnonotus,goiavier,Philippines,,,"Luzon,Aurora,ASCOT",,,,Tissue - 100,voucher at Philippine National Museum,,,,,,,,,,,,
128236,27141,Pycnonotidae,RCU 024,Pycnonotus,urostictus,Philippines,,,"Luzon,Aurora,ASCOT",,,,Tissue - 100,voucher at Philippine National Museum,,,,,,,,,,,,
128238,27143,Pycnonotidae,RCU 026,Pycnonotus,urostictus,Philippines,,,"Luzon,Aurora,ASCOT",,,,Tissue - 100,voucher at Philippine National Museum,,,,,,,,,,,,
128252,27157,Pycnonotidae,RCU 047,Pycnonotus,goiavier,Philippines,,,"Luzon,Laguna,Calamba",,,,Tissue - 100,voucher at Philippine National Museum,,,,,,,,,,,,
128253,27158,Pycnonotidae,RCU 048,Hypsipetes,philippinus,Philippines,,,"Luzon,Laguna,Calamba",,,,Tissue - 100,voucher at Philippine National Museum,,,,,,,,,,,,
128263,27168,Pycnonotidae,RCU 058,Hypsipetes,philippinus,Philippines,Mindanao,,"Davao del  Sur,Kiblawan,N 06 30 08,E 125 10 7",,,,Tissue - 100,voucher at Philippine National Museum,,,,,,,,,,,,
128266,27171,Pycnonotidae,RCU 061,Hypsipetes,philippinus,Philippines,Mindanao,,"Davao del  Sur,Kiblawan,N 06 30 08,E 125 10 7",,,,Tissue - 100,voucher at Philippine National Museum,,,,,,,,,,,,
128267,27172,Pycnonotidae,RCU 062,Hypsipetes,philippinus,Philippines,Mindanao,,"Davao del  Sur,Kiblawan,N 06 30 08,E 125 10 7",,,,Tissue - 100,voucher at Philippine National Museum,,,,,,,,,,,,
128315,27381,Pycnonotidae,RCU 277,Pycnonotus,urostictus,Philippines,,,Siargao Is,,,,Tissue - 100,,,,,,,,,,,,,
128316,27382,Pycnonotidae,RCU 278,Pycnonotus,urostictus,Philippines,,,Siargao Is,,,,Tissue - 100,,,,,,,,,,,,,
128354,27420,Pycnonotidae,RCU 316,Pycnonotus,urostictus,Philippines,,,Siargao Is,,,,Tissue - 100,,,,,,,,,,,,,
128361,27427,Pycnonotidae,RCU 330,Pycnonotus,urostictus,Philippines,,,Siargao Is,,,,Tissue - 100,,,,,,,,,,,,,
128364,27430,Pycnonotidae,RCU 333,Pycnonotus,urostictus,Philippines,,,Siargao Is,,,,Tissue - 100,,,,,,,,,,,,,
128365,27431,Pycnonotidae,RCU 334,Pycnonotus,urostictus,Philippines,,,Siargao Is,,,,Tissue - 100,,,,,,,,,,,,,
128367,27433,Pycnonotidae,RCU 336,Pycnonotus,urostictus,Philippines,,,Siargao Is,,,,Tissue - 100,,,,,,,,,,,,,
128368,27434,Pycnonotidae,RCU 337,Pycnonotus,urostictus,Philippines,,,Siargao Is,,,,Tissue - 100,,,,,,,,,,,,,
128377,27443,Pycnonotidae,RCU 346,Pycnonotus,urostictus,Philippines,,,Siargao Is,,,,Tissue - 100,,,,,,,,,,,,,
128380,27446,Pycnonotidae,NMP 203,Hypsipetes,everetti,Philippines,,,Leyta Is,,,,Tissue - 100,,,,,,,,,,,,,
128387,27453,Pycnonotidae,NMP 210,Hypsipetes,philippinus,Philippines,,,Leyta Is,,,,Tissue - 100,,,,,,,,,,,,,
128393,27459,Pycnonotidae,NMP 216,Hypsipetes,philippinus,Philippines,,,Leyta Is,,,,Tissue - 100,,,,,,,,,,,,,
128406,27472,Pycnonotidae,NMP 229,Hypsipetes,philippinus,Philippines,,,Leyta Is,,,,Tissue - 100,,,,,,,,,,,,,
128416,27482,Pycnonotidae,NMP 239,Hypsipetes,philippinus,Philippines,,,Leyta Is,,,,Tissue - 100,,,,,,,,,,,,,
128420,27486,Pycnonotidae,NMP 243,Hypsipetes,philippinus,Philippines,,,Leyta Is,,,,Tissue - 100,,,,,,,,,,,,,
128422,27488,Pycnonotidae,NMP 245,Hypsipetes,philippinus,Philippines,,,Leyta Is,,,,Tissue - 100,,,,,,,,,,,,,
128424,27490,Pycnonotidae,NMP 247,Hypsipetes,philippinus,Philippines,,,Leyta Is,,,,Tissue - 100,,,,,,,,,,,,,
128425,27491,Pycnonotidae,NMP 248,Hypsipetes,philippinus,Philippines,,,Leyta Is,,,,Tissue - 100,,,,,,,,,,,,,
128426,27492,Pycnonotidae,NMP 249,Hypsipetes,philippinus,Philippines,,,Leyta Is,,,,Tissue - 100,,,,,,,,,,,,,
128428,27494,Pycnonotidae,NMP 251,Hypsipetes,philippinus,Philippines,,,Leyta Is,,,,Tissue - 100,,,,,,,,,,,,,
128436,27502,Pycnonotidae,NMP 259,Hypsipetes,philippinus,Philippines,,,Leyta Is,,,,Tissue - 100,,,,,,,,,,,,,
128623,28180,Pycnonotidae,PAH 1066,Pycnonotus,urostictus,Philippines,,,"Bohol Island, Bilar, Duangon Spring",9.72,124.126,05/10/12,Tissue - 100; Skeleton - 1,all samples from this site preserved in RNA later,,,,,,,no,light,not recorded,"body, wing, tail",female,100%
128631,28250,Pycnonotidae,PAH 1130,Hypsipetes,philippinus,Philippines,,,"Bohol Island, Valencia, Omjon",9.72,124.224,05/25/2012,Tissue - 100; Skeleton - 1,,,,,,,,no,light,testes 10 x 8 mm,no,male,100%
128696,29237,Pycnonotidae,MJA 1163,Chlorocichla,falkensteini,Democratic Republic of the Congo,,,N/A,,,,Tissue - 100,,,,,,,,,,,,,
128851,30661,Pycnonotidae,DRP 436,Ixos,mcclelandii,Vietnam,Kon Tum,,Ngoc Linh Nature Reserve,15.089,107.856,03/18/2013,Tissue - 100; Skin - 1,"irides red; bill dark brown, lighter at base of mandible; tarsi pinkish, light brown",,,,,,,no,moderate,"ovary mass 11.7 x 7.1 mm, ovum 1.5 mm; oviduct enlarged & convoluted",no,female,100%
128873,30704,Pycnonotidae,NHR 3311,Pycnonotus,flavescens,Vietnam,Kon Tum,,Ngoc Linh Nature Reserve,15.089,107.856,03/20/2013,Tissue - 100; Skin - 1,,,,,,,,,light,"ovary mass 9 x 5 mm, ova 1 x 1 mm, oviduct thin & straight",no,female,oss.
128875,30709,Pycnonotidae,NHR 3313,Ixos,mcclellandii,Vietnam,Kon Tum,,Ngoc Linh Nature Reserve,15.089,107.856,03/20/2013,Tissue - 100; Skin - 1,irides brown; bill dark brown; tarsi brown,,,,,,,no,no,"testes 11 x 6 mm, seminal vesicles enlarged",no,male,100%
128880,30715,Pycnonotidae,DRP 450,Pycnonotus,flavescens,Vietnam,Kon Tum,,Ngoc Linh Nature Reserve,15.089,107.856,03/20/2013,Tissue - 100; Skin - 1,,,,,,,,5 x 2 mm,moderate,testes 6 x 3 mm,no,male,100%
128883,30721,Pycnonotidae,MBR 8495,Ixos,mcclellandii,Vietnam,Kon Tum,,Ngoc Linh Nature Reserve,15.089,107.856,03/21/2013,Tissue - 100; Skin - 1,voucher left in Vietnam; irides red; tarsi brown; bill dark brown,,,,,,,no,light,"ovary mass 10 x 4.5 mm, ova < 1 mm, oviduct 2 mm in diameter and straight",no,female,100%
128896,30749,Pycnonotidae,NHR 3329,Pycnonotus,flavescens,Vietnam,Kon Tum,,Ngoc Linh Nature Reserve,15.089,107.856,03/22/2013,Tissue - 100; Skin - 1,,,,,,,,no,no,"testes 9 x 4 mm, seminal vesicles enlarged",no,male,oss.
128898,30750,Pycnonotidae,DRP 460,Pycnonotus,flavescens,Vietnam,Kon Tum,,Ngoc Linh Nature Reserve,15.089,107.856,03/22/2013,Tissue - 100; Skin - 1,grassy scrub dominated by 1-2 in height ferns,,,,,,,no,moderate,"ovary mass 6.4 x 5 mm, oviduct 1.9 mm in width",light on leg,female,50%
128943,30850,Pycnonotidae,DRP 488,Ixos,mcclellandii,Vietnam,Kon Tum,,Ngoc Linh Nature Reserve,15.083,107.852,03/30/2013,Tissue - 100; Skin - 1,irides dark red; bill dark brown; tarsi violet-brown; yellow toe pads; mouth lining dull pink,,,,,,,no,heavy in furcula,testes 5.5 x 3.3 mm,no,male,100%
128958,30885,Pycnonotidae,DRP 501,Hypsipetes,leucocephalus,Vietnam,Kon Tum,,Ngoc Linh Nature Reserve,15.11,107.824,04/04/13,Tissue - 100; Skin - 1,,,,,,,,no,very ,"testes 11 x 6 mm, enlarged seminal vesicles",no,male,80%
128963,30895,Pycnonotidae,NHR 3383,Alophoixus,pallidus,Vietnam,Kon Tum,,Ngoc Linh Nature Reserve,15.11,107.824,04/05/13,Tissue - 100; Skin - 1,,,,,,,,no,light,"testes 10 x 5 mm, seminal vesicles enlarged",no,male,oss.
128971,30913,Pycnonotidae,NHR 3390,Hypsipetes,leucocephalus,Vietnam,Kon Tum,,Ngoc Linh Nature Reserve,15.11,107.824,04/07/13,Tissue - 100; Skin - 1,,,,,,,,no,light,"ovary mass 11 x 5 mm; lg. 2 ova, 3 x 3 mm; oviduct straight, 2 mm in diameter",no,female,oss.
129002,31114,Pycnonotidae,CHO 1893,Ixos,virescens,Indonesia,Java,,N/A,,,,Tissue - 100,,,,,,,,,,,,,
129006,31126,Pycnonotidae,CHO 1902,Ixos,virescens,Indonesia,Java,,N/A,,,,Tissue - 100,,,,,,,,,,,,,
129010,31141,Pycnonotidae,CHO 1910,Ixos,virescens,Indonesia,Java,,N/A,,,,Tissue - 100,,,,,,,,,,,,,
129017,31154,Pycnonotidae,CHO 1918,Pycnonotus,goiavier,Indonesia,Java,,N/A,,,,Tissue - 100,,,,,,,,,,,,,
129049,31225,Pycnonotidae,CSP 1,Alophoixus,ochraceus,Cambodia,,,N/A,,,,Tissue - 100,,,,,,,,,,,,,
129052,31244,Pycnonotidae,CHO 1813,Alophoixus,ochraceus,Cambodia,Kampot,,Bokor National Park,10.6809,104.0462,12/07/12,Tissue - 100; Skin - 1,,,,,,,,no,light,testes 2 x 1 mm,no,male,100%
129169,31708,Pycnonotidae,JDM 174,Hypsipetes,philippinus,Philippines,,,N/A,,,,Tissue - 100; Skeleton - 1,,,,,,,,,,,,,
131492,32370,Pycnonotidae,MBR 8888,Eurillas,virens,Cameroon,Southwest Region,,"Korup National Park, Chimpanzee Camp",5.0708,8.8598,03/11/15,Skin - 1; Tissue - 100,primary forest,,,,,,,no,light,"ovary mass 7 x 3.5 mm, ova 1 x 1 mm",heavy body,female,100%
131493,32371,Pycnonotidae,JCC 149,Eurillas,virens,Cameroon,Southwest Region,,"Korup National Park, Chimpanzee Camp",5.0708,8.8598,03/11/15,Tissue - 100; Skin - 1,primary forest,,,,,,,no,no,"ovary mass 8 x 5 mm, lg. ovum 1 x 1 mm; oviduct straight",P8-9; light body,female,100%
131494,32326,Pycnonotidae,ATP 2015-7,Eurillas,virens,Cameroon,Southwest Region,,"Korup National Park, Chimpanzee Camp",5.0708,8.8598,03/09/15,Skin - 1; Tissue - 100,primary forest,,,,,,,no,light,testes 9 x 6 mm,light overall,male,100%
131495,32379,Pycnonotidae,ATP 2015-23,Eurillas,virens,Cameroon,Southwest Region,,"Korup National Park, Chimpanzee Camp",5.0708,8.8598,03/11/15,Skin - 1; Tissue - 100,primary forest,,,,,,,no,light,"ovary mass 3 x 2 mm, lg. ovum 1 mm",light overall; secondaries in molt,female,100%
131496,32381,Pycnonotidae,ATP 2015-24,Eurillas,virens,Cameroon,Southwest Region,,"Korup National Park, Chimpanzee Camp",5.0708,8.8598,03/12/15,Tissue - 100; Skin - 1,primary forest,,,,,,,no,light,testes 8 x 6 mm,moderate all over,male,100%
131497,32380,Pycnonotidae,KRI 175,Eurillas,virens,Cameroon,Southwest Region,,"Korup National Park, Chimpanzee Camp",5.0708,8.8598,03/12/15,Skin - 1; Tissue - 100,primary forest,,,,,,,no,no,testes 8 x 5 mm,abdomen,male,100%
131498,32477,Pycnonotidae,ATP 2015-57,Eurillas,virens,Cameroon,,,"South West Region, Rumpi Hills, 2.8 km NNW Dikome Balue",4.928,9.244,03/20/2015,Tissue - 100; Skin - 1,"secondary, submontane forest",,,,,,,no,moderate,testes 3 x 2 mm,no,male,100%
131499,32476,Pycnonotidae,MBR 8918,Eurillas,virens,Cameroon,,,"South West Region, Rumpi Hills, 2.8 km NNW Dikome Balue",4.928,9.244,03/20/2015,Tissue - 100; Skin - 1,"secondary, submontane forest",,,,,,,no,no,testes 5 x 3 mm,no,male,100%
131500,32468,Pycnonotidae,JCC 164,Eurillas,virens,Cameroon,,,"South West Region, Rumpi Hills, 2.8 km NNW Dikome Balue",4.928,9.244,03/20/2015,Tissue - 100; Skin - 1,"secondary, submontane forest",,,,,,,no,no,"testes 4 x 3 mm, gray",no,male,100%
131501,32486,Pycnonotidae,JCC 166,Eurillas,virens,Cameroon,,,"South West Region, Rumpi Hills, 2.8 km NNW Dikome Balue",4.928,9.244,03/21/2015,Skin - 1; Tissue - 100,"secondary, submontane forest",,,,,,,no,very light,ovary mass 12 x 8 mm; lg. ovum 2 mm in diameter; oviduct 4 mm in diameter,no,female,100%
131502,32491,Pycnonotidae,JCC 167,Eurillas,virens,Cameroon,,,"South West Region, Rumpi Hills, 2.8 km NNW Dikome Balue",4.928,9.244,03/21/2015,Tissue - 100; Skin - 1,"secondary, submontane forest",,,,,,,no,no,ovary mass 13 x 5 mm; lg. ovum 3 mm ,no,female,100%
131503,32454,Pycnonotidae,MBR 8910,Arizelocichla,tephrolaema,Cameroon,,,"South West Region, Rumpi Hills, 2.8 km NNW Dikome Balue",4.928,9.244,03/19/2015,Skin - 1; Tissue - 100,"secondary, submontane forest",,,,,,,no,light,testes 3 x 1 mm,no,male,100%
131504,32470,Pycnonotidae,MBR 8915,Arizelocichla,tephrolaema,Cameroon,,,"South West Region, Rumpi Hills, 2.8 km NNW Dikome Balue",4.928,9.244,03/20/2015,Skin - 1; Tissue - 100,"secondary, submontane forest",,,,,,,no,moderate,testes 2 x 2 mm,no,male,100%
131505,32437,Pycnonotidae,ATP 2015-46,Arizelocichla,tephrolaema,Cameroon,,,"South West Region, Rumpi Hills, 2.8 km NNW Dikome Balue",4.928,9.244,03/19/2015,Skin - 1; Tissue - 100,"secondary, submontane forest",,,,,,,no,light,testes 3 x 2 mm,# 4 secondary,male,100%
131506,32458,Pycnonotidae,KRI 191,Arizelocichla,tephrolaema,Cameroon,,,"South West Region, Rumpi Hills, 2.8 km NNW Dikome Balue",4.928,9.244,03/20/2015,Tissue - 100; Skin - 1,"secondary, submontane forest",,,,,,,no,moderate,testes 5 x 2 mm,on neck,male,100%
131507,32459,Pycnonotidae,JCC 163,Arizelocichla,tephrolaema,Cameroon,,,"South West Region, Rumpi Hills, 2.8 km NNW Dikome Balue",4.928,9.244,03/20/2015,Skin - 1; Tissue - 100,"secondary, submontane forest",,,,,,,no,no,ovary mass 12 x 8 mm; lg. ovum 2 mm; oviduct 4 mm in diameter & convoluted,,female,100%
131508,32479,Pycnonotidae,MBR 8919,Arizelocichla,montana,Cameroon,,,"South West Region, Rumpi Hills, 2.8 km NNW Dikome Balue",4.928,9.244,03/20/2015,Tissue - 100; Skin - 1,"secondary, submontane forest",,,,,,,no,moderate,"ovary mass 7 x 3 mm, ova < 1 mm",no,female,100%
131509,32434,Pycnonotidae,KRI 184,Arizelocichla,montana,Cameroon,,,"South West Region, Rumpi Hills, 2.8 km NNW Dikome Balue",4.928,9.244,03/18/2015,Tissue - 100; Skin - 1,"secondary, submontane forest",,,,,,,no,no,"ovary mass 10 x 3 mm, ova < 1 mm",no,female,100%
131510,32450,Pycnonotidae,JCC 161,Arizelocichla,montana,Cameroon,,,"South West Region, Rumpi Hills, 2.8 km NNW Dikome Balue",4.928,9.244,03/19/2015,Skin - 1; Tissue - 100,"secondary, submontane forest",,,,,,,no,no,testes 4 x 3 mm,no,male,100%
131511,32451,Pycnonotidae,MBR 8909,Pycnonotus,barbatus,Cameroon,,,"South West Region, Rumpi Hills, 2.8 km NNW Dikome Balue",4.928,9.244,03/19/2015,Skin - 1; Tissue - 100,"secondary, submontane forest",,,,,,,no,no,testes 10 x 5 mm,no wing or tail,male,100%
131512,32407,Pycnonotidae,ATP 2015-35,Pycnonotus,barbatus,Cameroon,,,"South West Region, Rumpi Hills, 2.8 km NNW Dikome Balue",4.928,9.244,03/19/2015,Tissue - 100; Skin - 1,"secondary, submontane forest",,,,,,,no,light,testes 6 x 3 mm,light over entire body; P5 & rectrices,male,100%
131513,32524,Pycnonotidae,MBR 8934,Phyllastrephus,poensis,Cameroon,,,"South West Region, Rumpi Hills, 2.8 km NNW Dikome Balue",4.928,9.244,03/23/2015,Skin - 1; Tissue - 100,"secondary, submontane forest",,,,,,,no,light,testes 1 mm,heavy tail; no wing; heavy body,male,100%
131514,32475,Pycnonotidae,JCC 165,Phyllastrephus,poensis,Cameroon,,,"South West Region, Rumpi Hills, 2.8 km NNW Dikome Balue",4.928,9.244,03/20/2015,Skin - 1; Tissue - 100,"secondary, submontane forest",,,,,,,no,no,testes 4 x 3 mm,P1-3; T5-7; S4-5,male,100%
131515,32494,Pycnonotidae,ATP 2015-65,Phyllastrephus,poensis,Cameroon,,,"South West Region, Rumpi Hills, 2.8 km NNW Dikome Balue",4.928,9.244,03/22/2015,Tissue - 100; Skin - 1,"secondary, submontane forest",,,,,,,no,light,testes 3 x 2 mm,light on back,male,100%
131516,32495,Pycnonotidae,KRI 197,Phyllastrephus,poensis,Cameroon,,,"South West Region, Rumpi Hills, 2.8 km NNW Dikome Balue",4.928,9.244,03/22/2015,Tissue - 100; Skin - 1,"secondary, submontane forest",,,,,,,no,no,"ovary mass 8 x 4 mm, ova 1 mm; oviduct convoluted",all over,female,100%
131517,32522,Pycnonotidae,KRI 202,Phyllastrephus,poensis,Cameroon,,,"South West Region, Rumpi Hills, 2.8 km NNW Dikome Balue",4.928,9.244,03/23/2015,Skin - 1; Tissue - 100,"secondary, submontane forest",,,,,,,no,no,"ovary mass 5 x 3 mm, ova granular","body, wings & head",female,100%
131518,32318,Pycnonotidae,ATP 2015-4,Criniger,calurus,Cameroon,Southwest Region,,"Korup National Park, Chimpanzee Camp",5.0708,8.8598,03/09/15,Skin - 1; Tissue - 100,primary forest,,,,,,,4 x 3 mm,very light,testes 1 x 1 mm,no,male,60%
131519,32332,Pycnonotidae,MBR 8877,Criniger,calurus,Cameroon,Southwest Region,,"Korup National Park, Chimpanzee Camp",5.0708,8.8598,03/09/15,Skin - 1; Tissue - 100,primary forest,,,,,juv.,,4 x 2 mm,no,"ovary mass 5 x 2.5 mm, ova < 1 mm",P5-7; entire tail; havey body,female,50%
131520,32319,Pycnonotidae,KRI 163,Criniger,calurus,Cameroon,Southwest Region,,"Korup National Park, Chimpanzee Camp",5.0708,8.8598,03/09/15,Skin - 1; Tissue - 100,primary forest,,,,,juv.,,5 x 3 mm,no,"ovary mass 5 x 3 mm, granular",no,female,50%
131521,32325,Pycnonotidae,AS 2,Criniger,calurus,Cameroon,Southwest Region,,"Korup National Park, Chimpanzee Camp",5.0708,8.8598,03/09/15,Tissue - 100; Skin - 1,primary forest,,,,,,,no,light,"ovary mass 3 x 1 mm, ova < 1 mm",light body; central rectrices; outer 3 primaries,female,30%
131522,32312,Pycnonotidae,ATP 2015-1,Phyllastrephus,xavieri,Cameroon,Southwest Region,,"Korup National Park, Chimpanzee Camp",5.0708,8.8598,03/08/15,Skin - 1; Tissue - 100,primary forest,,,,,,,no,very light,testes 2 x 1 mm,moderate on lower back; light on head,male,80%
131523,32300,Pycnonotidae,JCC 138,Phyllastrephus,icterinus,Cameroon,Southwest Region,,"Korup National Park, Chimpanzee Camp",5.0708,8.8598,03/07/15,Tissue - 100; Skin - 1,primary forest,,,,,,,no,no,"ovary mass 9 x 4 mm, lg. ovum 1 x 1 mm",no,female,100%
131524,32402,Pycnonotidae,MBR 8899,Phyllastrephus,icterinus,Cameroon,Southwest Region,,"Korup National Park, Chimpanzee Camp",5.0708,8.8598,03/13/2015,Skin - 1; Tissue - 100,primary forest,,,,,,,no,no,"ovary mass 7 x 2.5 mm, ova < 1 mm",moderate body,female,100%
131525,32299,Pycnonotidae,MBR 8865,Bleda,notatus,Cameroon,Southwest Region,,"Korup National Park, Chimpanzee Camp",5.0708,8.8598,03/07/15,Skin - 1; Tissue - 100,primary forest,,,,,,,no,no,testes 3 x 2 mm,light body,male,100%
131526,32350,Pycnonotidae,MBR 8881,Bleda,notatus,Cameroon,Southwest Region,,"Korup National Park, Chimpanzee Camp",5.0708,8.8598,03/10/15,Tissue - 100; Skin - 1,primary forest,,,,,juv.,,4.5 x 2.5 mm,no,"ovary mass 5 x 2.5 mm, smooth",no,female,100%
131527,32340,Pycnonotidae,JCC 145,Bleda,notatus,Cameroon,Southwest Region,,"Korup National Park, Chimpanzee Camp",5.0708,8.8598,03/09/15,Skin - 1; Tissue - 100,primary forest,,,,,,,no,no,"ovary mass 6 x 4 mm, granular",light body,female,100%
131528,32347,Pycnonotidae,JCC 146,Bleda,notatus,Cameroon,Southwest Region,,"Korup National Park, Chimpanzee Camp",5.0708,8.8598,03/10/15,Tissue - 100; Skin - 1,primary forest,,,,,,,no,no,testes 2 x 1 mm,no,male,100%
131529,32361,Pycnonotidae,JCC 147,Bleda,notatus,Cameroon,Southwest Region,,"Korup National Park, Chimpanzee Camp",5.0708,8.8598,03/10/15,Tissue - 100; Skin - 1,primary forest,,,,,,,no,no,"ovary mass 8 x 5 mm, lg. ovum 1 x 1 mm","P8-9, S6; moderate body",female,100%
131530,32383,Pycnonotidae,,Bleda,notatus,Cameroon,Southwest Region,,"Korup National Park, Chimpanzee Camp",5.0708,8.8598,03/12/15,Skin - 1; Tissue - 100,primary forest,,,,,juv.,,5 x  2 mm,light,ovary mass 6 x 3 mm,"secondaries, 6-8",female,25%
131531,32308,Pycnonotidae,MBR 8871,Bleda,syndactylus,Cameroon,Southwest Region,,"Korup National Park, Chimpanzee Camp",5.0708,8.8598,03/08/15,Skin - 1; Tissue - 100,primary forest,,,,,juv.,,6 x 2.5 mm,,testes 1 mm,light body,male,100%
131532,32382,Pycnonotidae,AM 2015-12,Bleda,syndactylus,Cameroon,Southwest Region,,"Korup National Park, Chimpanzee Camp",5.0708,8.8598,03/12/15,Skin - 1; Tissue - 100,primary forest,,,,,juv.,,5 x 3 mm,,testes 2 x 1 mm,no wing or tail,male,100%
131533,32322,Pycnonotidae,YC 1,Bleda,syndactylus,Cameroon,Southwest Region,,"Korup National Park, Chimpanzee Camp",5.0708,8.8598,03/09/15,Skin - 1; Tissue - 100,primary forest,,,,,,,no,,"ovary mass 7 x 4 mm, ova 1 mm",no,female,100%
131534,32354,Pycnonotidae,MBR 8882,Eurillas,latirostris,Cameroon,Southwest Region,,"Korup National Park, Chimpanzee Camp",5.0708,8.8598,03/10/15,Skin - 1; Tissue - 100,primary forest,,,,,,,no,no,testes 2 x 1 mm,no,male,100%
131535,32320,Pycnonotidae,JCC 143,Eurillas,latirostris,Cameroon,Southwest Region,,"Korup National Park, Chimpanzee Camp",5.0708,8.8598,03/09/15,Tissue - 100; Skin - 1,primary forest,,,,,,,no,no,"ovary 4 x 2 mm, granular",moderate on body,female,unoss.
131536,32346,Pycnonotidae,ATP 2015-14,Eurillas,latirostris,Cameroon,Southwest Region,,"Korup National Park, Chimpanzee Camp",5.0708,8.8598,03/10/15,Tissue - 100; Skin - 1,primary forest,,,,,,,no,very light,testes 3 x 2 mm,light over entire body,male,100%
131537,32373,Pycnonotidae,ATP 2015-21,Eurillas,latirostris,Cameroon,Southwest Region,,"Korup National Park, Chimpanzee Camp",5.0708,8.8598,03/11/15,Tissue - 100; Skin - 1,primary forest,,,,,,,no,light,testes 3 x 2 mm,no,male,100%
131538,32515,Pycnonotidae,JCC 170,Eurillas,latirostris,Cameroon,,,"South West Region, Rumpi Hills, 2.8 km NNW Dikome Balue",4.928,9.244,03/23/2015,Tissue - 100; Skin - 1,primary forest,,,,,,,no,no,testes 3 x 2 mm,no,male,100%
131539,32439,Pycnonotidae,MBR 8906,Eurillas,latirostris,Cameroon,,,"South West Region, Rumpi Hills, 2.8 km NNW Dikome Balue",4.928,9.244,03/19/2015,Skin - 1; Tissue - 100,primary forest,,,,,,,no,light,testes 3 x 1 mm,no,male,100%
131547,32301,Pycnonotidae,MBR 8866,Criniger,chloronotus,Cameroon,Southwest Region,,"Korup National Park, Chimpanzee Camp",5.0708,8.8598,03/07/15,Tissue - 100; Skin - 1,primary forest,,,,,,,no,no,testes 5 x 3 mm,no,male,100%
131548,32292,Pycnonotidae,JCC 135,Criniger,chloronotus,Cameroon,Southwest Region,,"Korup National Park, Chimpanzee Camp",5.0708,8.8598,03/06/15,Skin - 1; Tissue - 100,primary forest,,,,,,,no,no,"testes 6 x 3 mm, seminal vesicles enlarged",no,male,100%
131549,32403,Pycnonotidae,JCC 153,Criniger,chloronotus,Cameroon,Southwest Region,,"Korup National Park, Chimpanzee Camp",5.0708,8.8598,03/13/2015,Tissue - 100; Skin - 1,primary forest,,,,,,,no,no,testes 5 x 3 mm,no,male,100%
131550,32392,Pycnonotidae,JCC 152,Criniger,chloronotus,Cameroon,Southwest Region,,"Korup National Park, Chimpanzee Camp",5.0708,8.8598,03/13/2015,Skin - 1; Tissue - 100,primary forest,,,,,,,no,no,"ovary mass 6 x 4 mm, granular","P8-9; S6, S9; tail molt; light body",female,100%
131551,32342,Pycnonotidae,AM 2015-109,Criniger,chloronotus,Cameroon,Southwest Region,,"Korup National Park, Chimpanzee Camp",5.0708,8.8598,03/09/15,Tissue - 100; Skin - 1,primary forest,,,,,,,no,light,ovary mass 12 x 6 mm,no wing or tail,female,100%
131610,32394,Pycnonotidae,MBR 8895,Criniger,chloronotus,Cameroon,Southwest Region,,"Korup National Park, Chimpanzee Camp",5.0708,8.8598,03/13/2015,Alcoholic - 1; Tissue - 100,primary forest; irides red; maxilla slate-gray; mandible gray; tarsi gray,,,,,,,,,,S1-2; heavy tail & body,,
131617,32473,Pycnonotidae,MBR 8917,Arizelocichla,tephrolaema,Cameroon,,,"South West Region, Rumpi Hills, 2.8 km NNW Dikome Balue",4.928,9.244,03/20/2015,Tissue - 100; Alcoholic - 1,"secondary, submontane forest; irides brown; bill black; tarsi olive with yellow toe pads",,,,,,,,,,no,,
131618,32499,Pycnonotidae,MBR 8925,Phyllastrephus,poensis,Cameroon,,,"South West Region, Rumpi Hills, 2.8 km NNW Dikome Balue",4.928,9.244,03/22/2015,Tissue - 100; Alcoholic - 1,"secondary, submontane forest; irides brown; bill black; tarsi olive with yellow toe pads",,,,,,,,,,heavy tail molt; no body molt,,
131619,32500,Pycnonotidae,MBR 8926,Arizelocichla,montana,Cameroon,,,"South West Region, Rumpi Hills, 2.8 km NNW Dikome Balue",4.928,9.244,03/22/2015,Alcoholic - 1; Tissue - 100,"secondary, submontane forest; irides red; bill black; tarsi grayish-brown",,,,,,,,,,no,,
131645,23327,Pycnonotidae,EAGT 397,Iole,propinqua,Vietnam,Dong Nai,,Vinh Cuu Reserve,11.2649333,106.98775,04/22/2010,Skin - 1; Tissue - 100,irides grayish-white; maxilla dark brown; manbible gray; tarsi light brown,,,,,,,,light,"ovary mass 7 x 4 mm, ova 1.2 x 1.2 mm",no,female,100%
131885,32961,Pycnonotidae,TJD 6607,Eurillas,latirostris,Equatorial Guinea,Bioko Sur,,Moka Research Station,3.361,8.662,01/20/2016,Alcoholic - 1; Tissue - 100,"in humid montane forest edge; bill black, tomia dusky yellow; irides dark brown; tarsi dusky yellow",,,,,,,,,,,unknown,
131888,32965,Pycnonotidae,TJD 6614,Phyllastrephus,poensis,Equatorial Guinea,Bioko Sur,,Moka Research Station,3.361,8.662,01/26/2016,Alcoholic - 1; Tissue - 100,irides brown; tarsi gray; bill black with paler tomia; montane forest edge,,,,,,,,,,,unknown,
131889,32942,Pycnonotidae,TJD 6626,Bleda,notatus,Equatorial Guinea,Bioko Sur,,Moka Research Station,3.361,8.662,01/27/2016,Tissue - 100; Alcoholic - 1,"maxilla dark gray, mandible blue-gray",,,,,,,,,,,unknown,
131890,32946,Pycnonotidae,TJD 6630,Arizelocichla,tephrolaema,Equatorial Guinea,Bioko Sur,,Moka Research Station,3.361,8.662,01/28/2016,Alcoholic - 1; Tissue - 100,montane forest edge,,,,,,,,,,,unknown,
131895,32934,Pycnonotidae,TJD 6613,Eurillas,virens,Equatorial Guinea,Bioko Sur,,Moka Research Station,3.361,8.662,01/24/2016,Alcoholic - 1; Tissue - 100,irides dark brown; tarsi brown; bill blackish; montane forest edge,,,,,,,,,,,unknown,
131898,33005,Pycnonotidae,REF 000,Pycnonotus,urostictus,Philippines,Eastern Samar,,"Sitio Makasael, Barangay Guinmaayuhan, Municipality Balanguiga, Kaantulan Creek",11.2074,125.367,04/03/16,Skin - 1; Tissue - 100,soft part colors in field catalog,,,,,,,,,testes 6 x 4.5 mm,no,male,100%
131899,33014,Pycnonotidae,REF 09,Pycnonotus,urostictus,Philippines,Eastern Samar,,"Sitio Makasael, Barangay Guinmaayuhan, Municipality Balanguiga, Kaantulan Creek",11.2074,125.367,04/03/16,Tissue - 100; Skin - 1,soft part colors recorded in field catalog,,,,,,,,,"ovary mass 15 x 10 mm, lg. ovum 1 x 1 mm",no,female,100%
131908,33027,Pycnonotidae,REF 22,Hypsipetes,philippinus,Philippines,Eastern Samar,,"Sitio Makasael, Barangay Guinmaayuhan, Municipality Balanguiga, Kaantulan Creek",11.2074,125.367,04/04/16,Tissue - 100; Skin - 1,soft part colors recorded in field catalog,,,,,,,,,testes 9 x 5 mm,no,male,90%
131909,33026,Pycnonotidae,REF 21,Hypsipetes,philippinus,Philippines,Eastern Samar,,"Sitio Makasael, Barangay Guinmaayuhan, Municipality Balanguiga, Kaantulan Creek",11.2074,125.367,04/04/16,Tissue - 100; Skin - 1,soft part colors recorded in field catalog,,,,,,,,,testes 8 x 4 mm,no,male,100%
131910,33025,Pycnonotidae,REF 20,Hypsipetes,philippinus,Philippines,Eastern Samar,,"Sitio Makasael, Barangay Guinmaayuhan, Municipality Balanguiga, Kaantulan Creek",11.2074,125.367,04/04/16,Skin - 1; Tissue - 100,soft part colors recorded in field catalog,,,,,,,,,testes 10 x 5 mm,no,male,100%
131911,33028,Pycnonotidae,REF 23,Hypsipetes,philippinus,Philippines,Eastern Samar,,"Sitio Makasael, Barangay Guinmaayuhan, Municipality Balanguiga, Kaantulan Creek",11.2074,125.367,04/04/16,Tissue - 100; Skin - 1,soft part colors recorded in field catalog,,,,,,,,,"ovary mass 9 x 8 mm, lg. ovum 1 x 1 mm",no,female,100%
131912,33050,Pycnonotidae,REF 45,Hypsipetes,philippinus,Philippines,Eastern Samar,,"Sitio Makasael, Barangay Guinmaayuhan, Municipality Balanguiga, Kaantulan Creek",11.2074,125.367,04/07/16,Tissue - 100; Skin - 1,soft part colors recorded in field catalog,,,,,,,,,testes 11 x 7 mm,no,male,100%
131913,33044,Pycnonotidae,REF 39,Pycnonotus,urostictus,Philippines,Eastern Samar,,"Sitio Makasael, Barangay Guinmaayuhan, Municipality Balanguiga, Kaantulan Creek",11.2074,125.367,04/06/16,Skin - 1; Tissue - 100,soft part colors recorded in field catalog,,,,,,,,,testes 6 x 3 mm,no,male,100%
131914,33054,Pycnonotidae,REF 49,Pycnonotus,urostictus,Philippines,Eastern Samar,,"Sitio Makasael, Barangay Guinmaayuhan, Municipality Balanguiga, Kaantulan Creek",11.2074,125.367,04/08/16,Tissue - 100; Skin - 1,soft part colors recorded in field catalog,,,,,,,,,testes 5 x 3.5 mm,no,male,100%
131915,33056,Pycnonotidae,REF 51,Pycnonotus,urostictus,Philippines,Eastern Samar,,"Sitio Makasael, Barangay Guinmaayuhan, Municipality Balanguiga, Kaantulan Creek",11.2074,125.367,04/08/16,Tissue - 100; Skin - 1,soft part colors recorded in field catalog,,,,,,,,,"ovary mass 7 x 4 mm, lg. ovum 1 x 1 mm",,female,100%
131916,33066,Pycnonotidae,REF 61,Pycnonotus,urostictus,Philippines,Eastern Samar,,"Sitio Makasael, Barangay Guinmaayuhan, Municipality Balanguiga, Kaantulan Creek",11.2074,125.367,04/10/16,Skin - 1; Tissue - 100,soft part colors recorded in field catalog,,,,,,,,,testes 4 x 3 mm,no,male,100%
131917,33039,Pycnonotidae,REF 34,Hypsipetes,everetti,Philippines,Eastern Samar,,"Sitio Makasael, Barangay Guinmaayuhan, Municipality Balanguiga, Kaantulan Creek",11.2074,125.367,04/05/16,Tissue - 100; Skin - 1,soft part colors recorded in field catalog,,,,,,,,,"large unshelled egg, 23 x 11 mm",no,female,100%
131918,33040,Pycnonotidae,REF 35,Hypsipetes,everetti,Philippines,Eastern Samar,,"Sitio Makasael, Barangay Guinmaayuhan, Municipality Balanguiga, Kaantulan Creek",11.2074,125.367,04/05/16,Skin - 1; Tissue - 100,soft part colors recorded in field catalog,,,,,,,,,testes 9 x 6 mm,no,male,100%
131985,33072,Pycnonotidae,REF 67,Hypsipetes,philippinus,Philippines,Eastern Samar,,"Sitio Makasael, Barangay Guinmaayuhan, Municipality Balanguiga, Kaantulan Creek",11.2074,125.367,04/12/16,Tissue - 100; Skin - 1,soft part colors are in field catalog,,,,,,,,,"ovary mass 7 x 4 mm, lg. ovum 1 x 1 mm",no,female,100%
131986,33080,Pycnonotidae,REF 75,Hypsipetes,philippinus,Philippines,Western Leyte,,"Barangay Dinaayon, Municipality Burauen Leyte, Makaturog River",10.978,124.791,04/17/2016,Skin - 1; Tissue - 100,soft part colors are in field catalog,,,,,,,,,testes 10 x 6 mm,no,male,100%
131987,33082,Pycnonotidae,REF 77,Hypsipetes,philippinus,Philippines,Western Leyte,,"Barangay Dinaayon, Municipality Burauen Leyte, Makaturog River",10.978,124.791,04/17/2016,Skin - 1; Tissue - 100,soft part colors are in field catalog,,,,,,,,,testes 11 x 7mm,no,male,100%
131988,33083,Pycnonotidae,REF 78,Hypsipetes,philippinus,Philippines,Western Leyte,,"Barangay Dinaayon, Municipality Burauen Leyte, Makaturog River",10.978,124.791,04/17/2016,Skin - 1; Tissue - 100,soft part colors are in field catalog,,,,,,,,,"ovary mass 11 x 6 mm, lg. ovum 1 x 1 mm",no,female,100%
131989,33089,Pycnonotidae,REF 84,Hypsipetes,philippinus,Philippines,Western Leyte,,"Barangay Dinaayon, Municipality Burauen Leyte, Makaturog River",10.978,124.791,04/17/2016,Skin - 1; Tissue - 100,soft part colors are in field catalog,,,,,,,,,"ovary mass 11 x 6 mm, lg. ovum 2 x 2 mm",no,female,100%
131990,33090,Pycnonotidae,REF 85,Hypsipetes,philippinus,Philippines,Western Leyte,,"Barangay Dinaayon, Municipality Burauen Leyte, Makaturog River",10.978,124.791,04/17/2016,Tissue - 100; Skin - 1,soft part colors are in field catalog,,,,,,,,,testes 8 x 5 mm,no,male,100%
131991,33091,Pycnonotidae,REF 86,Hypsipetes,philippinus,Philippines,Western Leyte,,"Barangay Dinaayon, Municipality Burauen Leyte, Makaturog River",10.978,124.791,04/17/2016,Tissue - 100; Skin - 1,soft part colors are in field catalog,,,,,,,,,ovary mass 10 x 4 mm,no,female,100%
131992,33093,Pycnonotidae,REF 88,Hypsipetes,philippinus,Philippines,Western Leyte,,"Barangay Dinaayon, Municipality Burauen Leyte, Makaturog River",10.978,124.791,04/18/2016,Tissue - 100; Skin - 1,soft part colors are in field catalog,,,,,,,,,"ovary mass 12 x 8 mm, lg. ovum 3 x 3 mm",no,female,100%
131993,33094,Pycnonotidae,REF 89,Hypsipetes,philippinus,Philippines,Western Leyte,,"Barangay Dinaayon, Municipality Burauen Leyte, Makaturog River",10.978,124.791,04/18/2016,Tissue - 100; Skin - 1,soft part colors are in field catalog,,,,,,,,,testes 9 x 6 mm,no,male,100%
131997,33088,Pycnonotidae,REF 83,Pycnonotus,urostictus,Philippines,Western Leyte,,"Barangay Dinaayon, Municipality Burauen Leyte, Makaturog River",10.978,124.791,04/17/2016,Tissue - 100; Skin - 1,soft part colors are in field catalog,,,,,,,,,testes 5 x 3 mm,no,male,100%
131998,33098,Pycnonotidae,REF 93,Pycnonotus,urostictus,Philippines,Western Leyte,,"Barangay Dinaayon, Municipality Burauen Leyte, Makaturog River",10.978,124.791,04/18/2016,Skin - 1; Tissue - 100,soft part colors are in field catalog,,,,,,,,,testes 4 x 3 mm,no,male,100%
131999,33117,Pycnonotidae,REF 112,Pycnonotus,urostictus,Philippines,Western Leyte,,"Barangay Dinaayon, Municipality Burauen Leyte, Makaturog River",10.978,124.791,04/21/2016,Skin - 1; Tissue - 100,soft part colors are in field catalog,,,,,,,,,ovary mass 5 x 3 mm,,female,100%
132204,32939,Pycnonotidae,TJD 6623,Bleda,notatus,Equatorial Guinea,Bioko Sur,,"Ureka, ca. 2 km north",3.272,8.581,01/27/2016,Skin - 1; Tissue - 100,"humid, lowland forest",,,,,,,6.5 x 4 mm,no,testes 2 x 1 mm,moderate body,male,unoss.
132206,32951,Pycnonotidae,TJD 6634,Phyllastrephus,icterinus,Equatorial Guinea,Bioko Sur,,"Ureka, ca. 2 km north",3.272,8.581,01/29/2016,Skin - 1; Tissue - 100,humid lowland forest,,,,,,,no,heavy,testes 8 x 4.5 mm,light body,male,100%
132212,32866,Pycnonotidae,TJD 6543,Eurillas,latirostris,Equatorial Guinea,Bioko Sur,,Moka Research Station,3.361,8.662,01/18/2016,Skin - 1; Tissue - 100,"humid, montane forest",,,,,,,4 x 3 mm,light,"ovary mass 5 x 4 mm, ova & oviduct minute",moderate body,female,25%
132218,32872,Pycnonotidae,TJD 6549,Eurillas,latirostris,Equatorial Guinea,Bioko Sur,,Moka Research Station,3.361,8.662,01/18/2016,Tissue - 100; Skin - 1,"humid, montane forest",,,,,,,no,trace,testes 8 x 5 mm,light body,male,100%
132219,32873,Pycnonotidae,TJD 6550,Phyllastrephus,poensis,Equatorial Guinea,Bioko Sur,,Moka Research Station,3.361,8.662,01/18/2016,Tissue - 100; Skin - 1,"humid, montane forest",,,,,,,no,no,testes 10 x 7 mm,moderate overall molt,male,100%
132222,32877,Pycnonotidae,TJD 6554,Eurillas,latirostris,Equatorial Guinea,Bioko Sur,,Moka Research Station,3.361,8.662,01/18/2016,Skin - 1; Tissue - 100,"humid, montane forest",,,,,,,no,no,testes 4 x 2 mm,"moderate head, neck & back",male,100%
132232,32885,Pycnonotidae,TJD 6562,Eurillas,latirostris,Equatorial Guinea,Bioko Sur,,Moka Research Station,3.361,8.662,01/18/2016,Skin - 1; Tissue - 100,"humid, montane forest",,,,,,,no,light,ovary mass 6 x 3.5 mm,moderate body,female,100%
132239,32901,Pycnonotidae,TJD 6578,Phyllastrephus,poensis,Equatorial Guinea,Bioko Sur,,Moka Research Station,3.361,8.662,01/22/2016,Tissue - 100; Skin - 1,"humid, montane forest edge",,,,,,,no,trace,"ovary mass 7 x 4.5 mm, ova & oviduct minute",light body,female,100%
132240,32899,Pycnonotidae,TJD 6576,Eurillas,virens,Equatorial Guinea,Bioko Sur,,Moka Research Station,3.361,8.662,01/22/2016,Skin - 1; Tissue - 100,"humid, montane forest edge",,,,,,,3 x 2 mm,light,testes 1.5 x 1 mm,no body,male,90%
132241,32908,Pycnonotidae,TJD 6586,Eurillas,latirostris,Equatorial Guinea,Bioko Sur,,Mirador Moca,3.369,8.665,01/23/2016,Tissue - 100; Skin - 1,"humid, montane forest",,,,,,,no,no,testes 6 x 4 mm,moderate body,male,100%
132242,32907,Pycnonotidae,TJD 6584,Eurillas,latirostris,Equatorial Guinea,Bioko Sur,,Mirador Moca,3.369,8.665,01/23/2016,Skin - 1; Tissue - 100,"humid, montane forest ",,,,,,,no,no,testes 6 x 4.5 mm,light body,male,100%
132243,32908,Pycnonotidae,TJD 6585,Eurillas,latirostris,Equatorial Guinea,Bioko Sur,,Mirador Moca,3.369,8.665,01/23/2016,Tissue - 100; Skin - 1,"humid, montane forest ",,,,,,,no,no,"ovary mass 10 x 4.5 mm, lg. ovum 1.5 mm; oviduct 4 mm in diameter",trace body,female,100%
132244,32906,Pycnonotidae,TJD 6583,Eurillas,latirostris,Equatorial Guinea,Bioko Sur,,Mirador Moca,3.369,8.665,01/23/2016,Tissue - 100; Skin - 1,"humid, montane forest",,,,,,,no,light,testes 7 x 5.5 mm,moderate overall ,male,100%
132245,32902,Pycnonotidae,TJD 6589,Eurillas,virens,Equatorial Guinea,Bioko Sur,,Mirador Moca,3.369,8.665,01/23/2016,Skin - 1; Tissue - 100,"humid, montane forest",,,,,,,no,no,"ovary mass 9 x 4.5 mm, lg. ovum 2 mm; oviduct 4 mm in diameter & convoluted",no body,female,100%
132246,32910,Pycnonotidae,TJD 6587,Arizelocichla,tephrolaema,Equatorial Guinea,Bioko Sur,,Moka Research Station,3.361,8.662,01/23/2016,Tissue - 100; Skin - 1,"humid, montane forest edge",,,,,,,12 x 5 mm,no,testes 1 x 1 mm,moderate overall,male,unoss.
132247,32914,Pycnonotidae,TJD 6591,Eurillas,virens,Equatorial Guinea,Bioko Sur,,Moka Research Station,3.361,8.662,01/24/2016,Tissue - 100; Skin - 1,"humid, montane forest edge",,,,,,,no,no,"ovary mass 6 x 3 mm, ova & oviduct minute",no body,female,100%
132249,32918,Pycnonotidae,TJD 6595,Phyllastrephus,poensis,Equatorial Guinea,Bioko Sur,,Moka Research Station,3.361,8.662,01/25/2016,Skin - 1; Tissue - 100,"humid, montane forest edge",,,,,,,no,no,"ovary mass 12 x 6 mm, lg. ovum 2 mm; oviduct 6 mm in diameter & convoluted",no body,female,100%
132250,32922,Pycnonotidae,TJD 6599,Arizelocichla,tephrolaema,Equatorial Guinea,Bioko Sur,,Moka Research Station,3.361,8.662,01/25/2016,Tissue - 100; Skin - 1,"humid, montane forest edge",,,,,,,no,no,testes 3 x 2 mm,light body,male,100%
132267,32936,Pycnonotidae,TJD 6620,Arizelocichla,tephrolaema,Equatorial Guinea,Bioko Sur,,Moka Research Station,3.361,8.662,01/27/2016,Skin - 1; Tissue - 100,montane forest edge,,,,,,,7 x 5 mm,no,"ovary mass 2 x 1 mm, smooth",moderate body,female,10%
132270,32930,Pycnonotidae,TJD 6618,Eurillas,virens,Equatorial Guinea,Bioko Sur,,"Ureka, 2 km north",3.271,8.581,01/26/2016,Skin - 1; Tissue - 100,humid forest,,,,,,,no,no,testes 5 x 4 mm,light body,male,100%
132363,32952,Pycnonotidae,JCC 179,Eurillas,curvirostris,Equatorial Guinea,Bioko Sur,,Camp Hormigas,3.329,8.479,01/24/2016,Tissue - 100; Skin - 1,submontane stunted forest,,,,,,,no,light,testes 7 x 4 mm,no,male,100%
132494,21945,Pycnonotidae,RGM 1448,Pycnonotus,goaivier,Malaysia,Sarawak,,"Kelabit Highlands, Bario",3.7325,115.5069,07/15/2011,Skin - 1; Tissue - 100,secondary Kerangas forest,,,,,,,3 x 3 mm,trace,testes 1 x 1 mm,body,male,25%
132495,21946,Pycnonotidae,RGM 1449,Pycnonotus,simplex,Malaysia,Sarawak,,"Kelabit Highlands, Bario",3.7325,115.5069,07/16/2011,Skin - 1; Tissue - 100,secondary Kerangas forest,,,,,,,no,trace,testes 4 x 3 mm,wing,male,100%
132504,21955,Pycnonotidae,RGM 1458,Alophoixus,ochraceus,Malaysia,Sarawak,,"Kelabit Highlands, Bario, Pa'ukat",3.774,115.4764,07/20/2011,Skin - 1; Tissue - 100,secondary forest,,,,,,,no,no,testes 4 x 3 mm,wing,male,100%
132507,21958,Pycnonotidae,RGM 1461,Alophoixus,ochraceus,Malaysia,Sarawak,,"Kelabit Highlands, Bario, Pa'ukat",3.774,115.4764,07/20/2011,Tissue - 100; Skin - 1,secondary forest,,,,,,,no,trace,"ovary mass 4 x 3 mm, granular, oviduct < 1 mm & straight",no,female,100%
132513,21964,Pycnonotidae,RGM 1467,Hemixos,flavala,Malaysia,Sarawak,,"Kelabit Highlands, Bario, Pa'ukat",3.774,115.4764,07/22/2011,Skin - 1; Tissue - 100,secondary forest,,,,,,,no,trace,"ovary mass 7 x 6 mm, lg. ovum 2 mm, oviduct enlarged & convoluted",body,female,100%
132522,21973,Pycnonotidae,RGM 1476,Hemixos,flavala,Malaysia,Sarawak,,"Kelabit Highlands, Bario, Pa'ukat",3.774,115.4764,07/24/2011,Tissue - 100; Skin - 1,secondary forest,,,,,,,no,trace,"ovary mass 8 x 7 mm, lg. ovum 2 mm, oviduct enlarged & convoluted","wing, tail & body",female,100%
132524,21975,Pycnonotidae,RGM 1478,Pycnonotus,melanicterus,Malaysia,Sarawak,,"Kelabit Highlands, Bario, Pa'ukat",3.774,115.4764,07/24/2011,Tissue - 100; Skin - 1,secondary forest,,,,,,,no,trace,"ovary mass 9 x 6 mm, lg. ovum 4 mm, yolking egg, oviduct enlarged & convoluted",no,female,100%
132525,21976,Pycnonotidae,RGM 1479,Pycnonotus,melanicterus,Malaysia,Sarawak,,"Kelabit Highlands, Bario, Pa'ukat",3.774,115.4764,07/24/2011,Tissue - 100; Skin - 1,secondary forest,,,,,,,no,trace,testes 6 x 4 mm,"tail, wing & body",male,100%
133880,34559,Pycnonotidae,JCC 18-1,Phyllastrephus,poensis,Cameroon,Southwest Region,,"Mount Cameroon, northeast flank",4.255,9.268,02/10/18,Skin - 1; Tissue - 100,submontane forest,,,,,,,no,no,testes 1 x 1 mm,no,male,40%
133881,34570,Pycnonotidae,MBR 9383,Phyllastrephus,poensis,Cameroon,Southwest Region,,"Mount Cameroon, northeast flank",4.255,9.268,02/11/18,Skin - 1; Tissue - 100,submontane forest,,,,,,,no,no,"ovary mass 5 x 2.5 mm, ova < 1 mm",,female,100%
133882,34596,Pycnonotidae,MBR 9397,Phyllastrephus,poensis,Cameroon,Southwest Region,,"Mount Cameroon, northeast flank",4.255,9.268,02/12/18,Tissue - 100; Skin - 1,submontane forest,,,,,,,no,no,"ovary mass 7 x 3.5 mm, ova < 1 mm",P2; heavy body,female,100%
133883,34600,Pycnonotidae,JCC 18-16,Arizelocichla,montana,Cameroon,Southwest Region,,"Mount Cameroon, northeast flank",4.255,9.268,02/13/2018,Tissue - 100; Skin - 1,submontane forest,,,,,,,no,no,"ovary mass 8 x 6 mm, granular; lg. ovum 2 x 2 mm; oviduct 4 mm in diameter",no,female,100%
133899,34601,Pycnonotidae,MBR 9399,Phyllastrephus,poliocephalus,Cameroon,Southwest Region,,"Mount Cameroon, northeast flank",4.255,9.268,02/13/2018,Tissue - 100; Skin - 1,Submontane forest,,,,,,,no,no,"ovary mass 7 x 3 mm, ova < 1 mm",primaries & secondaries; heavy body,female,100%
133900,34582,Pycnonotidae,JCC 18-8,Arizelocichla,tephrolaema,Cameroon,Southwest Region,,"Mount Cameroon, northeast flank",4.255,9.268,02/11/18,Tissue - 100; Skin - 1,Submontane forest,,,,,,,no,light,ovary mass 10 x 7 mm; ova 2 x 2 mm; oviduct 4 mm,P4-6; right tertials,female,100%
133901,34576,Pycnonotidae,BF 2,Arizelocichla,tephrolaema,Cameroon,Southwest Region,,"Mount Cameroon, northeast flank",4.255,9.268,02/11/18,Tissue - 100; Skin - 1,Submontane forest,,,,,,,no,no,"ovary mass 8 x 4 mm, ova 1 x 1 mm",heavy body,female,100%
133902,34593,Pycnonotidae,BF 4,Arizelocichla,tephrolaema,Cameroon,Southwest Region,,"Mount Cameroon, northeast flank",4.255,9.268,02/12/18,Skin - 1; Tissue - 100,Submontane forest,,,,,,,no,no,testes 3 x 1.5 mm,heavy body,male,100%
133906,34561,Pycnonotidae,JCC 18-2,Eurillas,latirostris,Cameroon,Southwest Region,,"Mount Cameroon, northeast flank",4.255,9.268,02/10/18,Skin - 1; Tissue - 100,Submontane forest,,,,,,,no,no,testes 2 x 1 mm,P1-6 left; P1-4 right; molt in tail; heavy body,male,100%
133907,34624,Pycnonotidae,BF 5,Eurillas,latirostris,Cameroon,Southwest Region,,"Mount Cameroon, northeast flank",4.255,9.268,02/15/2018,Tissue - 100; Skin - 1,Submontane forest,,,,,,,no,no,testes 1 x 0.5 mm,in wing & tail; no body,male,100%
133922,34639,Pycnonotidae,BF 7,Bleda,syndactylus,Cameroon,Littoral,,Nlonako,4.911,9.98,02/22/2018,Tissue - 100; Skin - 1,Submontane forest,,,,,,,no,no,testes 4 x 3 mm,no,male,100%
133923,34570,Pycnonotidae,BF 12,Bleda,syndactylus,Cameroon,Littoral,,Nlonako,4.911,9.98,02/24/2018,Skin - 1; Tissue - 100,Submontane forest,,,,,,,no,no,testes 5 x 3 mm,no,male,100%
133924,34650,Pycnonotidae,MBR 9428,Bleda,syndactylus,Cameroon,Littoral,,Nlonako,4.911,9.98,02/23/2018,Skin - 1; Tissue - 100,Submontane forest,,,,,,,4 x 2 mm,no,testes 1 mm,no,male,100%
133925,34675,Pycnonotidae,MBR 9441,Eurillas,latirostris,Cameroon,Littoral,,Nlonako,4.911,9.98,02/24/2018,Tissue - 100; Skin - 1,Submontane forest,,,,,,,no,no,testes 3 x 2 mm,no,male,100%
133926,34666,Pycnonotidae,JCC 18-37,Eurillas,latirostris,Cameroon,Littoral,,Nlonako,4.911,9.98,02/24/2018,Tissue - 100; Skin - 1,Submontane forest,,,,,,,no,no,testes 2 x 2 mm ,,male,100%
133927,34664,Pycnonotidae,BF 11 ,Eurillas,latirostris,Cameroon,Littoral,,Nlonako,4.911,9.98,02/24/2018,Skin - 1; Tissue - 100,Submontane forest,,,,,,,no,no,testes 2 x 1 mm,no,male,100%
133938,34676,Pycnonotidae,JCC 18-41,Eurillas,virens,Cameroon,Littoral,,Nlonako,4.911,9.98,02/24/2018,Tissue - 100; Skin - 1,Submontane forest,,,,,,,no,no,"ovary mass 6 x 5 mm, ova 2 x 2 mm; oviduct 2 mm in diameter",no,female,100%
133939,34672,Pycnonotidae,JCC 18-39,Eurillas,virens,Cameroon,Littoral,,Nlonako,4.911,9.98,02/24/2018,Tissue - 100; Skin - 1,Submontane forest,,,,,,,no,no,testes 6 x 4 mm,no,male,100%
133940,34678,Pycnonotidae,BF 13,Eurillas,virens,Cameroon,Littoral,,Nlonako,4.911,9.98,02/25/2018,Skin - 1; Tissue - 100,Submontane forest,,,,,,,no,no,testes 7 x 4 mm,no,male,100%
134866,30117,Pycnonotidae,LASG 1009,Bleda,canicapillus,Liberia,,,"NE Sapo National Park, Sione County",5.3,-8.262,05/31/2019,Skin - 1; Tissue - 1,primary forest,,,,,,,no,moderate,testes 2 x 1 mm,light in dorsum,male,100%
134867,30122,Pycnonotidae,LASG 1012,Bleda,canicapillus,Liberia,,,"NE Sapo National Park, Sione County",5.3,-8.262,05/31/2019,Skin - 1; Tissue - 1,primary forest,,,,,,,no,light,testes 2 x 1 mm,light in neck and wings,male,100%
134868,30187,Pycnonotidae,LASG 1049,Bleda,syndactylus,Liberia,,,"NE Sapo National Park, Sione County",5.3,-8.262,06/03/19,Skin - 1; Tissue - 1,primary forest,,,,,,,no,light,"ovary mass 4 x 3 mm, smooth",light on wings and rump,female,100%
134869,30114,Pycnonotidae,MFOR 767,Bleda,syndactylus,Liberia,,,"NE Sapo National Park, Sione County",5.3,-8.262,05/31/2019,Skin - 1; Tissue - 1,primary forest,,,,,,,no,no,testes 2 x 1 mm,no,male,100%
134870,30119,Pycnonotidae,MFOR 769,Bleda,canicapillus,Liberia,,,"NE Sapo National Park, Sione County",5.3,-8.262,05/31/2019,Skin - 1; Tissue - 1,primary forest,,,,,,,no,light,"ovary mass 5 x 3 mm, smooth",no,female,100%
134871,30135,Pycnonotidae,MFOR 775,Bleda,eximius,Liberia,,,"NE Sapo National Park, Sione County",5.3,-8.262,06/01/19,Skin - 1; Tissue - 1,primary forest,,,,,,,no,light,"ovary mass 9 x 6 mm, ova 1 mm",no,female,100%
134872,30173,Pycnonotidae,MFOR 790,Bleda,canicapillus,Liberia,,,"NE Sapo National Park, Sione County",5.3,-8.262,06/03/19,Tissue - 1; Skin - 1,primary forest,,,,,,,no,light,testes 1.5 x 1 mm,no,male,100%
134873,30182,Pycnonotidae,MFOR 793,Bleda,canicapillus,Liberia,,,"NE Sapo National Park, Sione County",5.3,-8.262,06/03/19,Skin - 1; Tissue - 1,primary forest,,,,,,,no,no,"ovary mass 6 x 4 mm, ova 1 x 1 mm",no,female,100%
134903,30153,Pycnonotidae,LASG 1031,Criniger,olivaceus,Liberia,,,"NE Sapo National Park, Sione County",5.3,-8.262,06/02/19,Tissue - 1; Skin - 1,primary forest,,,,,,,no,light,testes 2 x 1 mm,light in legs,male,100%
134904,30165,Pycnonotidae,LASG 1038,Criniger,olivaceus,Liberia,,,"NE Sapo National Park, Sione County",5.3,-8.262,06/02/19,Tissue - 1; Skin - 1,primary forest,,,,,,,no,light,"ovary mass 3 x 1 mm, smooth",no,female,100%
134905,30185,Pycnonotidae,LASG 1048,Criniger,calurus,Liberia,,,"NE Sapo National Park, Sione County",5.3,-8.262,06/03/19,Skin - 1; Tissue - 1,primary forest,,,,,,,no,no,testes 1 x 1 mm,no,male,100%
134906,30170,Pycnonotidae,MFOR 789,Criniger,calurus,Liberia,,,"NE Sapo National Park, Sione County",5.3,-8.262,06/03/19,Skin - 1; Tissue - 1,primary forest,,,,,,,no,light,"ovary mass 7 x 5 mm, ova < 1 mm, granular",no,female,100%
134908,30103,Pycnonotidae,LASG 1001,Criniger,barbatus,Liberia,,,"NE Sapo National Park, Sione County",5.3,-8.262,05/30/2019,Tissue - 1; Skin - 1,primary forest,,,,,,,no,no,"ovary mass 10 x 5 mm, ova > 1 mm",light in wings,female,100%
134909,30125,Pycnonotidae,LASG 1014,Criniger,barbatus,Liberia,,,"NE Sapo National Park, Sione County",5.3,-8.262,05/31/2019,Tissue - 1; Skin - 1,primary forest,,,,,,,no,light,testes 2 x 1 mm,light in neck,male,100%
134910,30154,Pycnonotidae,LASG 1032,Criniger,barbatus,Liberia,,,"NE Sapo National Park, Sione County",5.3,-8.262,06/02/19,Tissue - 1; Skin - 1,primary forest,,,,,,,no,no,testes 2 x 1 mm,no,male,100%
135182,30111,Pycnonotidae,LASG 1006,Eurillas,latirostris,Liberia,,,"NE Sapo National Park, Sione County",5.3,-8.262,05/31/2019,Skin - 1; Tissue - 1,primary forest,,,,,,,no,moderate,testes 3 x 2 mm,no,male,100%
135183,30131,Pycnonotidae,LASG 1018,Eurillas,latirostris,Liberia,,,"NE Sapo National Park, Sione County",5.3,-8.262,05/31/2019,Skin - 1; Tissue - 1,primary forest,,,,,,,no,light,testes 2 x 1 mm,light in neck,male,100%
135184,30149,Pycnonotidae,LASG 1028,Eurillas,latirostris,Liberia,,,"NE Sapo National Park, Sione County",5.3,-8.262,06/02/19,Tissue - 1; Skin - 1,primary forest,,,,,,,no,moderate,ovary mass 7 x 3 mm,no,female,100%
135185,30150,Pycnonotidae,LASG 1029,Eurillas,latirostris,Liberia,,,"NE Sapo National Park, Sione County",5.3,-8.262,06/02/19,Skin - 1; Tissue - 1,primary forest,,,,,,,no,moderate,"ovary mass 5 x 4 mm, ova < 1 mm",light in neck and rump,female,100%
135186,30144,Pycnonotidae,MFOR 778,Eurillas,latirostris,Liberia,,,"NE Sapo National Park, Sione County",5.3,-8.262,06/02/19,Tissue - 1; Skin - 1,primary forest,,,,,,,no,no,"ovary mass 7 x 4 mm, ova < 1 mm",no,female,100%
135187,30118,Pycnonotidae,LASG 1010,Eurillas,latirostris,Liberia,,,"NE Sapo National Park, Sione County",5.3,-8.262,05/31/2019,Skin - 1; Tissue - 1,primary forest,,,,,,,4 x 2 mm,moderate,testes 1 mm,moderate in dorsum,male,60%
135188,30156,Pycnonotidae,LASG 1033,Eurillas,virens,Liberia,,,"NE Sapo National Park, Sione County",5.3,-8.262,06/02/19,Skin - 1; Tissue - 1,primary forest,,,,,,,no,light,"ovary mass 5 x 4 mm, smooth",light in rump,female,100%
135189,30196,Pycnonotidae,LASG 1054,Eurillas,virens,Liberia,,,"NE Sapo National Park, Sione County",5.3,-8.262,06/04/19,Skin - 1; Tissue - 1,primary forest,,,,,,,no,no,"ovary mass 2 x 1 mm, smooth",no,female,100%
135190,30195,Pycnonotidae,LASG 1053,Eurillas,virens,Liberia,,,"NE Sapo National Park, Sione County",5.3,-8.262,06/04/19,Skin - 1; Tissue - 1,primary forest,,,,,,,no,no,"ovary mass 2 x 1 mm, smooth",heavy molt on rump,female,100%
135197,30110,Pycnonotidae,LASG 1005,Phyllastrephus,icterinus,Liberia,,,"NE Sapo National Park, Sione County",5.3,-8.262,05/31/2019,Skin - 1; Tissue - 1,primary forest,,,,,,,5 x 4 mm,no,"ovary mass 3 x 2 mm, smooth",no,female,60%
135198,30167,Pycnonotidae,LASG 1039,Phyllastrephus,icterinus,Liberia,,,"NE Sapo National Park, Sione County",5.3,-8.262,06/02/19,Skin - 1; Tissue - 1,primary forest,,,,,,,no,moderate,ovary mass 2 x 1 mm,no,female,90%
135199,30174,Pycnonotidae,LASG 1043,Phyllastrephus,icterinus,Liberia,,,"NE Sapo National Park, Sione County",5.3,-8.262,06/02/19,Tissue - 1; Skin - 1,primary forest,,,,,,,no,moderate,"ovary mass 4 x 4 mm, smooth",heavy body,female,100%
135200,30175,Pycnonotidae,MFOR 791,Phyllastrephus,icterinus,Liberia,,,"NE Sapo National Park, Sione County",5.3,-8.262,06/03/19,Tissue - 1; Skin - 1,primary forest,,,,,,,no,no,testes 4 x 3 mm,no,male,100%
135201,30116,Pycnonotidae,MFOR 768,Phyllastrephus,icterinus,Liberia,,,"NE Sapo National Park, Sione County",5.3,-8.262,05/31/2019,Skin - 1; Tissue - 1,"primary forest; tail missing, either lost when netting or during preparation",,,,,,,no,light,"ovary mass 5 x 3 mm, ova < 1 mm",no,female,100%
135219,30328,Pycnonotidae,LASG 1126,Phyllastrephus,icterinus,Liberia,Grand Gedeh,,"John Wolo, north of Sapo National Park",5.553,-8.267,06/14/2019,Tissue - 1; Skin - 1,primary rain forest,,,,,,,no,light,"ovary mass 5 x 4 mm, smooth",no,female,100%
135220,30332,Pycnonotidae,LASG 1128,Phyllastrephus,icterinus,Liberia,Grand Gedeh,,"John Wolo, north of Sapo National Park",5.553,-8.267,06/14/2019,Skin - 1; Tissue - 1,primary rain forest,,,,,,,no,light,testes 2.5 x 1 mm,light body,male,100%
135221,30325,Pycnonotidae,MFOR 845,Phyllastrephus,icterinus,Liberia,Grand Gedeh,,"John Wolo, north of Sapo National Park",5.553,-8.267,06/14/2019,Tissue - 1; Skin - 1,primary rain forest,,,,,,,no,no,"ovary mass 6 x 4 mm, ova < 1 mm",no,female,100%
135222,30327,Pycnonotidae,MFOR 846,Phyllastrephus,icterinus,Liberia,Grand Gedeh,,"John Wolo, north of Sapo National Park",5.553,-8.267,06/14/2019,Skin - 1; Tissue - 1,primary rain forest,,,,,,,no,light,"ovary mass 7 x 4 mm, ova < 1 mm",no,female,100%
135231,30358,Pycnonotidae,LASG 1143,Eurillas,gracilis,Liberia,Grand Gedeh,,"John Wolo, north of Sapo National Park",5.553,-8.267,06/16/2019,Tissue - 1; Skin - 1,primary rain forest,,,,,,,no,light,"ovary mass 4 x 2 mm, smooth",moderate body,female,100%
135232,30346,Pycnonotidae,LASG 1136,Eurillas,latirostris,Liberia,Grand Gedeh,,"John Wolo, north of Sapo National Park",5.553,-8.267,06/16/2019,Skin - 1; Tissue - 1,primary rain forest,,,,,,,no,light,"ovary mass 3 x 3 mm, smooth",light in chest,female,90%
135233,30320,Pycnonotidae,LASG 1121,Eurillas,latirostris,Liberia,Grand Gedeh,,"John Wolo, north of Sapo National Park",5.553,-8.267,06/14/2019,Skin - 1; Tissue - 1,primary rain forest,,,,,,,no,light,testes < 1 mm,moderate body,male,95%
135234,30334,Pycnonotidae,LASG 1130,Eurillas,virens,Liberia,Grand Gedeh,,"John Wolo, north of Sapo National Park",5.553,-8.267,06/14/2019,Skin - 1; Tissue - 1,primary rain forest,,,,,,,no,light,testes 3 x 1 mm,no,male,100%
135235,30329,Pycnonotidae,MFOR 847,Eurillas,virens,Liberia,Grand Gedeh,,"John Wolo, north of Sapo National Park",5.553,-8.267,06/14/2019,Tissue - 1; Skin - 1,primary rain forest,,,,,,,no,light,testes 4 x 4 mm,no,male,100%
135236,30373,Pycnonotidae,BM 37,Eurillas,virens,Liberia,Grand Gedeh,,"John Wolo, north of Sapo National Park",5.553,-8.267,06/17/2019,Tissue - 1; Skin - 1,primary rain forest,,,,,,,no,light,testes 3 x 2 mm,no,male,100%
135237,30367,Pycnonotidae,BM 35,Eurillas,virens,Liberia,Grand Gedeh,,"John Wolo, north of Sapo National Park",5.553,-8.267,06/17/2019,Skin - 1; Tissue - 1,primary rain forest,,,,,,,no,light,ovary mass 6 x 4 mm,,female,100%
135238,30384,Pycnonotidae,BM 40,Eurillas,virens,Liberia,Grand Gedeh,,"John Wolo, north of Sapo National Park",5.553,-8.267,06/17/2019,Tissue - 1; Skin - 1,primary rain forest,,,,,,,no,,testes 1 x 0.5 mm,no,male,100%
135249,30347,Pycnonotidae,MFOR 855,Criniger,calurus,Liberia,Grand Gedeh,,"John Wolo, north of Sapo National Park",5.553,-8.267,06/16/2019,Tissue - 1; Skin - 1,primary rain forest,,,,,,,4 x 4 mm,no,testes 1.5 x 1.5 mm,no,male,55%
135253,30102,Pycnonotidae,MFOR 762,Criniger,barbatus,Liberia,,,"NE Sapo National Park, Sione County",5.3,-8.262,05/30/2019,Tissue - 1; Skin - 1,primary forest,,,,,,,no,light,testes 2 x 1 mm,no,male,100%
135254,30105,Pycnonotidae,MFOR 763,Criniger,barbatus,Liberia,,,"NE Sapo National Park, Sione County",5.3,-8.262,05/30/2019,Skin - 1; Tissue - 1,primary forest,,,,,,,no,light,testes 2 x 1 mm,no,male,100%
135255,30109,Pycnonotidae,MFOR 765,Criniger,barbatus,Liberia,,,"NE Sapo National Park, Sione County",5.3,-8.262,05/31/2019,Skin - 1; Tissue - 1,primary forest,,,,,,,no,light,testes 2 x 1 mm,no,male,100%
135278,30319,Pycnonotidae,MFOR 843,Bleda,syndactylus,Liberia,Grand Gedeh,,"John Wolo, north of Sapo National Park",5.553,-8.267,06/14/2019,Skin - 1; Tissue - 1,primary forest,,,,,,,no,no,"ovary mass 11 x 6 mm, ova 1 x 1 mm",no,female,100%
135279,30345,Pycnonotidae,MFOR 854,Bleda,syndactylus,Liberia,Grand Gedeh,,"John Wolo, north of Sapo National Park",5.553,-8.267,06/16/2019,Skin - 1; Tissue - 1,primary forest,,,,,,,no,no,"ovary mass 11 x 5 mm, ova 2.5 x 2.5 mm",no,female,100%
135280,30372,Pycnonotidae,MFOR 862,Bleda,syndactylus,Liberia,Grand Gedeh,,"John Wolo, north of Sapo National Park",5.553,-8.267,06/16/2019,Skin - 1; Tissue - 1,primary forest,,,,,,,no,no,testes 4 x 3 mm,no,male,100%
135281,30361,Pycnonotidae,LASG 1145,Bleda,syndactylus,Liberia,Grand Gedeh,,"John Wolo, north of Sapo National Park",5.553,-8.267,06/16/2019,Tissue - 1; Skin - 1,primary forest,,,,,,,no,light,testes 1 x 0.5 mm,light in neck & head,male,100%
135282,30363,Pycnonotidae,LASG 1146,Bleda,syndactylus,Liberia,Grand Gedeh,,"John Wolo, north of Sapo National Park",5.553,-8.267,06/16/2019,Tissue - 1; Skin - 1,primary forest,,,,,,,no,light,"ovary mass 9 x 4 mm, smooth",light in head and neck,female,100%
135283,30365,Pycnonotidae,LASG 1147,Bleda,syndactylus,Liberia,Grand Gedeh,,"John Wolo, north of Sapo National Park",5.553,-8.267,06/16/2019,Tissue - 1; Skin - 1,primary forest,,,,,,,no,light,"ovary mass 4 x 3 mm, smooth",light in neck and head,female,100%
135284,30376,Pycnonotidae,LASG 1151,Bleda,canicapillus,Liberia,Grand Gedeh,,"John Wolo, north of Sapo National Park",5.553,-8.267,06/17/2019,Skin - 1; Tissue - 1,primary forest,,,,,,,no,light,testes 1 x 0.5 mm,light body,male,100%
135285,30311,Pycnonotidae,LASG 1116,Bleda,canicapillus,Liberia,Grand Gedeh,,"John Wolo, north of Sapo National Park",5.553,-8.267,06/14/2019,Tissue - 1; Skin - 1,primary forest,,,,,,,no,light,"ovary mass 7 x 4 mm, ova 1 mm",heavy in rump & legs,female,100%
135286,30342,Pycnonotidae,MFOR 853,Bleda,canicapillus,Liberia,Grand Gedeh,,"John Wolo, north of Sapo National Park",5.553,-8.267,06/15/2019,Tissue - 1; Skin - 1,primary forest,,,,,,,no,no,testes 2 x 2 mm,no,male,100%
135287,30315,Pycnonotidae,MFOR 841,Bleda,eximius,Liberia,Grand Gedeh,,"John Wolo, north of Sapo National Park",5.553,-8.267,06/14/2019,Tissue - 1; Skin - 1,primary forest,,,,,,,no,light,"ovary mass 5 x 4 mm, ova < 1 mm",light in head and back,female,100%
135288,30366,Pycnonotidae,MFOR 860,Bleda,eximius,Liberia,Grand Gedeh,,"John Wolo, north of Sapo National Park",5.553,-8.267,06/16/2019,Skin - 1; Tissue - 1,primary forest,,,,,,,no,light,"ovary mass 7 x 4 mm, ova 2.5 x 2.5 mm",no,female,100%
135289,30371,Pycnonotidae,LASG 1149,Bleda,eximius,Liberia,Grand Gedeh,,"John Wolo, north of Sapo National Park",5.553,-8.267,06/16/2019,Tissue - 1; Skin - 1,primary forest,,,,,,,no,light,testes 1 x 0.5 mm,no,male,100%
135290,30336,Pycnonotidae,LASG 1131,Bleda,eximius,Liberia,Grand Gedeh,,"John Wolo, north of Sapo National Park",5.553,-8.267,06/14/2019,Skin - 1; Tissue - 1,primary forest,,,,,,,no,moderate,testes 4 x 2 mm,heavy in rump; light in neck,male,100%
135291,30379,Pycnonotidae,BF 39,Bleda,eximius,Liberia,Grand Gedeh,,"John Wolo, north of Sapo National Park",5.553,-8.267,06/17/2019,Tissue - 1; Skin - 1,primary forest,,,,,,,no,,"ovary mass 5 x 4 mm, ova 1 mm",no,female,100%
135299,30292,Pycnonotidae,LASG 1105,Bleda,syndactylus,Liberia,,,"Putu Mountains, north of Sapo National Park, Grand Gedeh County",5.666,-8.164,06/11/19,Skin - 1; Tissue - 1,secondary forest and farms,,,,,,,no,light,testes 1 x 1 mm,light in neck,male,100%
135300,30270,Pycnonotidae,LASG 1093,Bleda,eximius,Liberia,,,"Putu Mountains, north of Sapo National Park, Grand Gedeh County",5.666,-8.164,06/10/19,Skin - 1; Tissue - 1,secondary forest and farms,,,,,,,no,light,"ovary mass6.5 x 5 mm, ova 1.5 mm",moderate molt in rump,female,100%
135301,30223,Pycnonotidae,LASG 1068,Bleda,canicapillus,Liberia,,,"Putu Mountains, north of Sapo National Park, Grand Gedeh County",5.666,-8.164,06/07/19,Skin - 1; Tissue - 1,secondary forest and farms,,,,,,,no,moderate,"ovary mass 5 x 4 mm, ova > 1 mm",light in rump,female,100%
135302,30250,Pycnonotidae,LASG 1083,Bleda,canicapillus,Liberia,,,"Putu Mountains, north of Sapo National Park, Grand Gedeh County",5.666,-8.164,06/09/19,Skin - 1; Tissue - 1,secondary forest and farms,,,,,,,no,light,"ovary mass 6 x 4 mm, smooth",no,female,100%
135303,30268,Pycnonotidae,LASG 1092,Bleda,canicapillus,Liberia,,,"Putu Mountains, north of Sapo National Park, Grand Gedeh County",5.666,-8.164,06/10/19,Skin - 1; Tissue - 1,secondary forest and farms,,,,,,,no,light,ovary mass 4 x 3 mm,light in rump,female,100%
135331,30277,Pycnonotidae,LASG 1097,Criniger,calurus,Liberia,,,"Putu Mountains, north of Sapo National Park, Grand Gedeh County",5.666,-8.164,06/10/19,Tissue - 1; Skin - 1,secondary forest and farms,,,,,,,no,light,"ovary mass 8 x 3 mm, ova 1 mm",no,female,100%
135332,30251,Pycnonotidae,LASG 1084,Phyllastrephus,albigularis,Liberia,,,"Putu Mountains, north of Sapo National Park, Grand Gedeh County",5.666,-8.164,06/09/19,Skin - 1; Tissue - 1,secondary forest and farms,,,,,,,no,light,testes 5 x 4 mm,no,male,100%
135333,30260,Pycnonotidae,MFOR 822,Phyllastrephus,albigularis,Liberia,,,"Putu Mountains, north of Sapo National Park, Grand Gedeh County",5.666,-8.164,06/10/19,Tissue - 1; Skin - 1,secondary forest and farms,,,,,,,no,light,"ovary mass 8 x 5 mm, ova < 1 mm",P7 in molt; tail molt,female,100%
135347,30219,Pycnonotidae,LASG 1065,Eurillas,latirostris,Liberia,,,"Putu Mountains, north of Sapo National Park, Grand Gedeh County",5.666,-8.164,06/07/19,Tissue - 1; Skin - 1,secondary forest and farms,,,,,,,no,light,testes 1 x 0.5 mm,heavy in rump,male,100%
135348,30222,Pycnonotidae,LASG 1067,Eurillas,latirostris,Liberia,,,"Putu Mountains, north of Sapo National Park, Grand Gedeh County",5.666,-8.164,06/07/19,Skin - 1; Tissue - 1,secondary forest and farms,,,,,,,no,heavy,testes 1 x 1 mm,light in rump,male,100%
135349,30226,Pycnonotidae,LASG 1070,Eurillas,latirostris,Liberia,,,"Putu Mountains, north of Sapo National Park, Grand Gedeh County",5.666,-8.164,06/07/19,Skin - 1; Tissue - 1,secondary forest and farms,,,,,,,3 x 1 mm,light,testes 1 x 0.5 mm,heavy in rump,male,80%
135350,30211,Pycnonotidae,MFOR 802,Eurillas,latirostris,Liberia,,,"Putu Mountains, north of Sapo National Park, Grand Gedeh County",5.666,-8.164,06/07/19,Skin - 1; Tissue - 1,secondary forest and farms,,,,,,,no,light,testes 3 x 2 mm,no,male,100%
135351,30221,Pycnonotidae,MFOR 806,Eurillas,latirostris,Liberia,,,"Putu Mountains, north of Sapo National Park, Grand Gedeh County",5.666,-8.164,06/07/19,Tissue - 1; Skin - 1,secondary forest and farms,,,,,,,no,light,testes 2 x 1 mm,no,male,100%
135352,30232,Pycnonotidae,MFOR 810,Eurillas,virens,Liberia,,,"Putu Mountains, north of Sapo National Park, Grand Gedeh County",5.666,-8.164,06/08/19,Skin - 1; Tissue - 1,secondary forest and farms,,,,,,,no,moderate,"ovary mass 9 x 5 mm, ova 1 x 1 mm",no,female,100%
135353,30229,Pycnonotidae,LASG 1072,Eurillas,virens,Liberia,,,"Putu Mountains, north of Sapo National Park, Grand Gedeh County",5.666,-8.164,06/08/19,Skin - 1; Tissue - 1,secondary forest and farms,,,,,,,no,light,testes 3 x 2 mm,,male,100%
135354,30231,Pycnonotidae,LASG 1073,Eurillas,virens,Liberia,,,"Putu Mountains, north of Sapo National Park, Grand Gedeh County",5.666,-8.164,06/08/19,Tissue - 1; Skin - 1,secondary forest and farms,,,,,,,3 x 2 mm,moderate,testes < 1 mm,heavy molt in rump; light in wings,male,80%
135355,30314,Pycnonotidae,LASG 1118,Eurillas,latirostris,Liberia,Grand Gedeh,,"John Wolo, north of Sapo National Park",5.553,-8.267,06/14/2019,Tissue - 1; Skin - 1,primary forest,,,,,,,no,light,testes 1 x 1 mm,light body,male,100%
135370,30288,Pycnonotidae,MFOR 831,Phyllastrephus,icterinus,Liberia,,,"Putu Mountains, north of Sapo National Park, Grand Gedeh County",5.666,-8.164,06/11/19,Skin - 1; Tissue - 1,secondary forest and farms,,,,,,,no,light,"ovary mass 6 x 4 mm, ova 1 x 1 mm",no,female,100%
135371,30299,Pycnonotidae,MFOR 835,Phyllastrephus,icterinus,Liberia,,,"Putu Mountains, north of Sapo National Park, Grand Gedeh County",5.666,-8.164,06/12/19,Skin - 1; Tissue - 1,secondary forest and farms,,,,,,,no,no,testes 3 x 2 mm,no,male,100%
135372,30287,Pycnonotidae,LASG 1102,Phyllastrephus,icterinus,Liberia,,,"Putu Mountains, north of Sapo National Park, Grand Gedeh County",5.666,-8.164,06/11/19,Skin - 1; Tissue - 1,secondary forest and farms,,,,,,,NO,NO,testes 2.5 x 1 mm,no,male,100%
135373,30293,Pycnonotidae,LASG 1106,Phyllastrephus,icterinus,Liberia,,,"Putu Mountains, north of Sapo National Park, Grand Gedeh County",5.666,-8.164,06/11/19,Tissue - 1; Skin - 1,secondary forest and farms,,,,,,,no,light,"ovary mass 4 x 2 mm, smooth",light in neck,female,100%
135382,30395,Pycnonotidae,LASG 1160,Pycnonotus,barbatus,Liberia,,,"RIA Highway, Disco Hill; Margibi County",6.25,-10.417,06/21/2019,Tissue - 1; Skin - 1,open scrubland,,,,,,,no,heavy,"ovary mass 9 x 6 mm, ova 2 mm",light in rump,female,100%
135383,35921,Pycnonotidae,MFOR 880,Pycnonotus,barbatus,Liberia,,,"RIA Highway, Disco Hill; Margibi County",6.25,-10.417,06/21/2019,Skin - 1; Tissue - 1,open scrubland,,,,,,,6 x 4 mm,no,testes 3 x 2 mm,"heavy body, wing & tail",male,10%
135384,35907,Pycnonotidae,MFOR 874,Pycnonotus,barbatus,Liberia,,,"RIA Highway, Disco Hill; Margibi County",6.25,-10.417,06/21/2019,Skin - 1; Tissue - 1,open scrubland,,,,,,,no,moderate,testes 12 x 7 mm,no,male,100%
135385,35393,Pycnonotidae,LASG 1159,Pycnonotus,barbatus,Liberia,,,"RIA Highway, Disco Hill; Margibi County",6.25,-10.417,06/21/2019,Tissue - 1; Skin - 1,open scrubland,,,,,,,no,light,ovary mass 20 x 10 mm; lg. ovum 8 mm,no,female,100%
135396,35915,Pycnonotidae,MFOR 877,Eurillas,virens,Liberia,,,"RIA Highway, Disco Hill; Margibi County",6.25,-10.417,06/21/2019,Skin - 1; Tissue - 1,open scrubland,,,,,,,no,no,testes 5 x 4 mm,no,male,100%
135397,35917,Pycnonotidae,MFOR 878,Eurillas,virens,Liberia,,,"RIA Highway, Disco Hill; Margibi County",6.25,-10.417,06/21/2019,Skin - 1; Tissue - 1,open scrubland,,,,,,,5 x 4 mm,no,testes 1 x 1 mm,no,male,40%
135398,35905,Pycnonotidae,LASG 1165,Eurillas,virens,Liberia,,,"RIA Highway, Disco Hill; Margibi County",6.25,-10.417,06/21/2019,Tissue - 1; Skin - 1,open scrubland,,,,,,,no,heavy,"ovary mass 4 x 2 mm, smooth",no,female,100%
135399,35901,Pycnonotidae,LASG 1163,Eurillas,virens,Liberia,,,"RIA Highway, Disco Hill; Margibi County",6.25,-10.417,06/21/2019,Skin - 1; Tissue - 1,open scrubland,,,,,,,3 x 2 mm,heavy,"ovary mass 3 x 2 mm, smooth",no,female,50%
135400,35910,Pycnonotidae,LASG 1168,Eurillas,virens,Liberia,,,"RIA Highway, Disco Hill; Margibi County",6.25,-10.417,06/21/2019,Tissue - 1; Skin - 1,open scrubland,,,,,,,3 x 1 mm,moderate,"ovary mass 4 x 2 mm, smooth",heavy body,female,60%
135401,35914,Pycnonotidae,LASG 1171,Eurillas,latirostris,Liberia,,,"RIA Highway, Disco Hill; Margibi County",6.25,-10.417,06/21/2019,Skin - 1; Tissue - 1,open scrubland,,,,,,,4 x 2 mm,moderate,testes < 1 mm,no,male,50%
135402,35919,Pycnonotidae,MFOR 879,Chlorocichla,simplex,Liberia,,,"RIA Highway, Disco Hill; Margibi County",6.25,-10.417,06/21/2019,Tissue - 1; Skin - 1,open scrubland,,,,,,,no,no,testes 6 x 5 mm,no,male,100%
135403,30397,Pycnonotidae,MFOR 879,Chlorocichla,simplex,Liberia,,,"RIA Highway, Disco Hill; Margibi County",6.25,-10.417,06/21/2019,Tissue - 1; Skin - 1,open scrubland,,,,,,,no,light,"ovary mass 6 x 3 mm, ova 1 mm",no,female,100%
135430,30343,Pycnonotidae,LASG 1134,Bleda,canicapillus,Liberia,Grand Gedeh,,"John Wolo, north of Sapo National Park",5.553,-8.267,06/15/2019,Skin - 1; Tissue - 1,secondary forest and farms,,,,,,,no,light,"ovary mass 6 x 5 mm, ova 1 mm",light in neck,female,100%
135440,30179,Pycnonotidae,BF 16,Bleda,canicapillus,Liberia,,,"NE Sapo National Park, Sione County",5.3,-8.262,06/03/19,Tissue - 1; Alcoholic - 1,primary forest,,,,,,,,,,body,,
135442,30183,Pycnonotidae,BF 18,Eurillas,latirostris,Liberia,,,"NE Sapo National Park, Sione County",5.3,-8.262,06/04/19,Tissue - 1; Alcoholic - 1,primary forest,,,,,,,,,,body,,
135443,30203,Pycnonotidae,BF 20,Eurillas,virens,Liberia,,,"NE Sapo National Park, Sione County",5.3,-8.262,06/05/19,Tissue - 1; Alcoholic - 1,primary forest,,,,,,,,,,,,
135444,30204,Pycnonotidae,BF 21,Criniger,calurus,Liberia,,,"NE Sapo National Park, Sione County",5.3,-8.262,06/05/19,Tissue - 1; Alcoholic - 1,primary forest,,,,,,,,,,,,
135453,30284,Pycnonotidae,BF 30,Phyllastrephus,icterinus,Liberia,,,"Putu Mountains, north of Sapo National Park, Grand Gedeh County",5.666,-8.164,06/11/19,Tissue - 1; Alcoholic - 1,secondary forest,,,,,,,,,,no,,
135454,30305,Pycnonotidae,BF 31,Phyllastrephus,albigularis,Liberia,,,"Putu Mountains, north of Sapo National Park, Grand Gedeh County",5.666,-8.164,06/12/19,Alcoholic - 1; Tissue - 1,secondary forest,,,,,,,,,,no,,
135455,30352,Pycnonotidae,BF 33,Bleda,syndactylus,Liberia,,,"Putu Mountains, north of Sapo National Park, Grand Gedeh County",5.666,-8.164,06/16/2019,Alcoholic - 1; Tissue - 1,primary forest,,,,,,,,,,light,,
135456,30377,Pycnonotidae,BF 38,Bleda,eximius,Liberia,,,"Putu Mountains, north of Sapo National Park, Grand Gedeh County",5.666,-8.164,06/17/2019,Alcoholic - 1; Tissue - 1,primary forest,,,,,,,,,,,,
135777,,Pycnonotidae,JDVA 1146,Pycnonotus,urostictus,Philippines,Sorsogo,,"Luzon Island, Mt. Cawayan",12.6991,-124.0818,01/26/2017,Alcoholic - 1,,,Alvarez,J. D. V.,,,,,,,,,
136572,38494,Pycnonotidae,REM 109,Pycnonotus,barbatus,Liberia,,,"Mt. Nimba, Grassfield",7.492,-8.581,04/17/2023,Skin - 1; Tissue - 1,in grass/forest ecotone,,,,,,,4 x 3 mm,moderate,testes 1.5 mm,no,male,50%
136573,38548,Pycnonotidae,TJD 6577,Pycnonotus,barbatus,Liberia,,,"Mt. Nimba, Grassfield",7.492,-8.581,04/20/2023,Tissue - 1; Skin - 1,in grass/forest ecotone,,,,,,,no,no,testes 3 x 2 mm,no body,male,100%
136574,38527,Pycnonotidae,LESR 112,Pycnonotus,barbatus,Liberia,,,"Mt. Nimba, Grassfield",7.492,-8.581,04/18/2023,Tissue - 1; Skin - 1,in grass/forest ecotone,,,,,,,11 x 7 mm,no,"ovary mass 7 x 2 mm, ova < 1 mm",no,female,100%
136575,38474,Pycnonotidae,LESR 95,Pycnonotus,barbatus,Liberia,,,"Mt. Nimba, Grassfield",7.492,-8.581,04/16/2023,Skin - 1; Tissue - 1,in grass/forest ecotone,,,,,,,no,no,"ovary mass 7 x 3 mm, ova < 1 mm",trace,female,40%
136594,38549,Pycnonotidae,REM 125,Eurillas,latirostris,Liberia,,,"Mt. Nimba, Grassfield",7.492,-8.581,04/20/2023,Skin - 1; Tissue - 1,in grass/forest ecotone,,,,,,,6 x 3 mm,no,"ovary mass 3 x 2 mm, ova < 1 mm",light on back,female,70%
136595,38450,Pycnonotidae,LESR 87,Chlorocichla,simplex,Liberia,,,"Mt. Nimba, Grassfield",7.492,-8.581,04/15/2023,Tissue - 1; Skin - 1,in grass/forest ecotone,,,,,,,no,light,"ovary mass 12 x5 mm, ova 1 x 1 mm,  oviduct 4 mm",light body,female,100%
136962,38476,Pycnonotidae,REM 101,Criniger,calurus,Liberia,,,"Mt. Nimba, Grassfield",7.492,-8.581,04/16/2023,Skin - 1; Tissue - 1,in grass/forest ecotone,,,,,,,7 x 3 mm,no,3 mm,no,male,65%
137036,38583,Pycnonotidae,LESR 4,Eurillas,virens,Liberia,,,"Mt. Nimba, south ridge",7.479,-8.544,03/30/2023,Skin - 1; Tissue - 1,secondary forest,,,,,,,no,light,testes 1 x 1 mm,no,male,100%
137037,38607,Pycnonotidae,LESR 10,Eurillas,virens,Liberia,,,"Mt. Nimba, south ridge",7.479,-8.544,03/31/2023,Skin - 1; Tissue - 1,secondary forest,,,,,,,no,moderate,"ovary mass 6 x 3 mm, oviduct 14 x 0.5 mm",moderate body,female,90%
137038,38210,Pycnonotidae,LESR 11,Eurillas,virens,Liberia,,,"Mt. Nimba, south ridge",7.479,-8.544,04/01/23,Tissue - 1; Skin - 1,secondary forest,,,,,,,no,light,testes 0.5 x 0.5 mm,moderate body,male,80%
137039,38222,Pycnonotidae,REM 14,Eurillas,virens,Liberia,,,"Mt. Nimba, south ridge",7.479,-8.544,04/01/23,Skin - 1; Tissue - 1,secondary forest,,,,,,,,light,testes 1 x 1 mm,light in neck and head,male,100%
137040,38233,Pycnonotidae,REM 17,Eurillas,virens,Liberia,,,"Mt. Nimba, south ridge",7.479,-8.544,04/02/23,Tissue - 1; Skin - 1,secondary forest,,,,,,,no,light,"testes 1.5 x 1 mm, smooth",heavy body,male,80%
137041,38240,Pycnonotidae,TJD 6471,Eurillas,curvirostris,Liberia,,,"Mt. Nimba, south ridge",7.479,-8.544,04/02/23,Skin - 1; Tissue - 1,secondary forest,,,,,,,no,no,testes 1 x 1 mm,light body,male,100%
137042,38243,Pycnonotidae,LESR 21,Eurillas,virens,Liberia,,,"Mt. Nimba, south ridge",7.479,-8.544,04/02/23,Tissue - 1; Skin - 1,secondary forest,,,,,,,no,light,testes 1 x 1 mm,no,male,100%
137043,38268,Pycnonotidae,TJD 6482,Eurillas,virens,Liberia,,,"Mt. Nimba, south ridge",7.479,-8.544,04/04/23,Skin - 1; Tissue - 1,secondary forest,,,,,,,no,trace,"ovary mass 7 x 3.5 mm, ova and oviduct minute",moderate body,female,50%
137044,38266,Pycnonotidae,REM 28,Eurillas,virens,Liberia,,,"Mt. Nimba, south ridge",7.479,-8.544,04/04/23,Skin - 1; Tissue - 1,secondary forest,,,,,,,,moderate,"ovary 4 mm, ova < 1 mm",no,female,35%
137045,38279,Pycnonotidae,REM 32,Eurillas,virens,Liberia,,,"Mt. Nimba, south ridge",7.479,-8.544,04/04/23,Tissue - 1; Skin - 1,secondary forest,,,,,,,,light,"ovary mass 8 x 3.5 mm, ova < 1 mm, oviduct 8 x 1 mm",heavy body,female,100%
137046,38286,Pycnonotidae,REM 35,Eurillas,virens,Liberia,,,"Mt. Nimba, south ridge",7.479,-8.544,04/04/23,Tissue - 1; Skin - 1,secondary forest,,,,,,,,light,testes 1 mm,heavy body,male,100%
137047,38282,Pycnonotidae,REM 33,Eurillas,virens,Liberia,,,"Mt. Nimba, south ridge",7.479,-8.544,04/04/23,Tissue - 1; Skin - 1,secondary forest,,,,,,,,no,testes 1 mm,moderate body,male,100%
137048,38272,Pycnonotidae,LESR 30,Eurillas,latirostris,Liberia,,,"Mt. Nimba, south ridge",7.479,-8.544,04/04/23,Tissue - 1; Skin - 1,secondary forest,,,,,,,no,light,"ovary mass 8 x 4 mm, ova 1 x 1 mm",light body,female,100%
137049,38294,Pycnonotidae,TJD 6489,Eurillas,latirostris,Liberia,,,"Mt. Nimba, south ridge",7.479,-8.544,04/05/23,Tissue - 1; Skin - 1,secondary forest,,,,,,,no,no,"ovary mass 8 x 4 mm, ova & oviduct minute",trace body,female,100%
137050,38211,Pycnonotidae,REM 11,Eurillas,latirostris,Liberia,,,"Mt. Nimba, south ridge",7.479,-8.544,04/01/23,Skin - 1; Tissue - 1,secondary forest,,,,,,,,light,testes 1 mm,moderate body; extensive tail,male,80%
137051,38608,Pycnonotidae,TJD 6458,Eurillas,latirostris,Liberia,,,"Mt. Nimba, south ridge",7.479,-8.544,04/01/23,Skin - 1; Tissue - 1,secondary forest,,,,,,,3 x 2 mm,trace,"ovary mass 2 x 2 mm, ova & oviduct minute",light body,female,50%
137069,38242,Pycnonotidae,REM 20,Chlorocichla,simplex,Liberia,,,"Mt. Nimba, south ridge",7.479,-8.544,04/02/23,Tissue - 1; Skin - 1,secondary forest,,,,,,,,light,testes 2 x 1 mm,very heavy body,male,100%
137070,38302,Pycnonotidae,TJD 6492,Chlorocichla,simplex,Liberia,,,"Mt. Nimba, south ridge",7.479,-8.544,04/05/23,Tissue - 1; Skin - 1,secondary forest,,,,,,,7 x 4 mm,trace,"ovary mass 3 x 1 mm, smooth",light body,female,10%
137071,38301,Pycnonotidae,LESR 39,Phyllastrephus,scandens,Liberia,,,"Mt. Nimba, south ridge",7.479,-8.544,04/05/23,Skin - 1; Tissue - 1,secondary forest,,,,,,,no,light,"ovary mass 10 x 4 mm, ova 1 x 1 mm",light body,female,90%
137072,38605,Pycnonotidae,TJD 6456,Phyllastrephus,scandens,Liberia,,,"Mt. Nimba, south ridge",7.479,-8.544,03/31/2023,Skin - 1; Tissue - 1,secondary forest,,,,,,,no,no,"ovary mass 8.5 x 4 mm, lg. ovum 2 mm, oviduct minute",moderate body,female,100%
137073,38601,Pycnonotidae,REM 9,Phyllastrephus,scandens,Liberia,,,"Mt. Nimba, south ridge",7.479,-8.544,03/31/2023,Tissue - 1; Skin - 1,secondary forest,,,,,,,,light,testes 3 x 1 mm,no,male,100%
137234,38367,Pycnonotidae,REM 62,Bleda,syndactylus,Liberia,,,"Mt. Nimba, Yiti Valley",7.47,-8.558,04/09/23,Tissue - 1; Skin - 1,lowland forest,,,,,,,no,light,"ovary mass 8 x 3 mm, ova < 1 mm",moderate on head and neck,female,100%
137235,38430,Pycnonotidae,REM 84,Bleda,syndactylus,Liberia,,,"Mt. Nimba, Yiti Valley",7.47,-8.558,04/13/2023,Skin - 1; Tissue - 1,lowland forest,,,,,,,4 x 2 mm,no,"ovary mass 7 x 3 mm, ova 1 mm",moderate on back and head,female,85%
137236,38409,Pycnonotidae,TJD 6530,Bleda,syndactylus,Liberia,,,"Mt. Nimba, Yiti Valley",7.47,-8.558,04/12/23,Skin - 1; Tissue - 1,lowland forest,,,,,,,no,trace,testes 2 x 1 mm,light body,male,100%
137237,38327,Pycnonotidae,TJD 6502,Bleda,syndactylus,Liberia,,,"Mt. Nimba, Yiti Valley",7.47,-8.558,04/07/23,Tissue - 1; Skin - 1,lowland forest,,,,,,,no,no,testes 2.5 x 1 mm,light body,male,100%
137238,38318,Pycnonotidae,LESR 45,Bleda,syndactylus,Liberia,,,"Mt. Nimba, Yiti Valley",7.47,-8.558,04/07/23,Skin - 1; Tissue - 1,lowland forest,,,,,,,no,no,testes 2 x 1 mm,no,male,90%
137239,38407,Pycnonotidae,LESR 73,Bleda,syndactylus,Liberia,,,"Mt. Nimba, Yiti Valley",7.47,-8.558,04/12/23,Skin - 1; Tissue - 1,lowland forest,,,,,,,10 x 4 mm,light,"ovary mass 5 x 3 mm, ova < 1mm",moderate body,female,30%
137240,38398,Pycnonotidae,LESR 70,Bleda,syndactylus,Liberia,,,"Mt. Nimba, Yiti Valley",7.47,-8.558,04/11/23,Skin - 1; Tissue - 1,lowland forest,,,,,,,4 x 2 mm,light,testes 1.5 x 1.5 mm,light body,male,90%
137241,38366,Pycnonotidae,YAJ 1,Bleda,syndactylus,Liberia,,,"Mt. Nimba, Yiti Valley",7.47,-8.558,04/09/23,Tissue - 1; Skin - 1,lowland forest,,,,,,,no,no,testes 1 x 1 mm,trace body,male,100%
137242,38381,Pycnonotidae,ANG 2,Bleda,syndactylus,Liberia,,,"Mt. Nimba, Yiti Valley",7.47,-8.558,04/10/23,Skin - 1; Tissue - 1,lowland forest,,,,,,,no,light,"ovary mass 8 x 4 mm, ova and oviduct minute",light body,female,100%
137243,38365,Pycnonotidae,TJD 6516,Criniger,barbatus,Liberia,,,"Mt. Nimba, Yiti Valley",7.47,-8.558,04/09/23,Skin - 1; Tissue - 1,lowland forest,,,,,,,8 x 6 mm,no,testes 2 x 1 mm,light body,male,unoss.
137244,38360,Pycnonotidae,LESR 58,Criniger,barbatus,Liberia,,,"Mt. Nimba, Yiti Valley",7.47,-8.558,04/09/23,Tissue - 1; Skin - 1,lowland forest,,,,,,,no,light,"ovary mass 8 x 6 mm, ova < 1 mm",light body,female,80%
137245,38363,Pycnonotidae,REM 61,Criniger,barbatus,Liberia,,,"Mt. Nimba, Yiti Valley",7.47,-8.558,04/09/23,Tissue - 1; Skin - 1,lowland forest,,,,,,,,moderate,"testes 1 mm, black",light on neck & head,male,100%
137246,38326,Pycnonotidae,REM 48,Criniger,barbatus,Liberia,,,"Mt. Nimba, Yiti Valley",7.47,-8.558,04/07/23,Skin - 1; Tissue - 1,lowland forest,,,,,,,,moderate,testes 1.5 x 1 mm,moderate back and head,male,100%
137247,38408,Pycnonotidae,REM 76,Criniger,barbatus,Liberia,,,"Mt. Nimba, Yiti Valley",7.47,-8.558,04/12/23,Tissue - 1; Skin - 1,lowland forest,,,,,,,3 x 1 mm,light,"ovary mass 6.5 x 4 mm, ova < 1 mm",heavy body,female,90%
137248,38427,Pycnonotidae,REM 83,Bleda,canicapillus,Liberia,,,"Mt. Nimba, Yiti Valley",7.47,-8.558,04/12/23,Skin - 1; Tissue - 1,lowland forest,,,,,,,no,no,"ovary mass 7 x 3 mm, ova < 1 mm",moderate on back,female,100%
137249,38311,Pycnonotidae,REM 43,Bleda,canicapillus,Liberia,,,"Mt. Nimba, Yiti Valley",7.47,-8.558,04/07/23,Tissue - 1; Skin - 1,lowland forest,,,,,,,no,light,"ovary mass 8 x 3 mm, ova < 1 mm",no,female,100%
137250,38403,Pycnonotidae,LESR 72,Bleda,canicapillus,Liberia,,,"Mt. Nimba, Yiti Valley",7.47,-8.558,04/11/23,Skin - 1; Tissue - 1,lowland forest,,,,,,,no,light,"ovary mass 5 x 4 mm, ova < 1 mm",moderate body,female,40%
137251,38322,Pycnonotidae,TJD 6500,Bleda,eximius,Liberia,,,"Mt. Nimba, Yiti Valley",7.47,-8.558,04/07/23,Skin - 1; Tissue - 1,lowland forest,,,,,,,no,no,"ovary mass 11.5 x 8 mm, lg. ovum 2 mm, oviduct 3 mm in diameter",light body,female,100%
137252,38429,Pycnonotidae,LESR 81,Bleda,eximius,Liberia,,,"Mt. Nimba, Yiti Valley",7.47,-8.558,04/13/2023,Skin - 1; Tissue - 1,lowland forest,,,,,,,9 x 6 mm,no,"ovary mass 7 x 4 mm, ova < 1 mm",light body,female,50%
137253,38420,Pycnonotidae,REM 81,Bleda,eximius,Liberia,,,"Mt. Nimba, Yiti Valley",7.47,-8.558,04/12/23,Skin - 1; Tissue - 1,lowland forest,,,,,,,no,no,"ovary mass 7 x 4 mm, ova 1 mm",light body,female,100%
137254,38397,Pycnonotidae,TJD 6526,Phyllastrephus,icterinus,Liberia,,,"Mt. Nimba, Yiti Valley",7.47,-8.558,04/11/23,Tissue - 1; Skin - 1,lowland forest,,,,,,,5 x 4 mm,light,"ovary mass 3 x 1 mm, smooth",trace body,female,unoss.
137255,38361,Pycnonotidae,TJD 6515,Phyllastrephus,icterinus,Liberia,,,"Mt. Nimba, Yiti Valley",7.47,-8.558,04/09/23,Tissue - 1; Skin - 1,lowland forest,,,,,,,no,no,testes 2 x 1 mm,light body,male,100%
137256,38401,Pycnonotidae,LESR 71,Phyllastrephus,icterinus,Liberia,,,"Mt. Nimba, Yiti Valley",7.47,-8.558,04/11/23,Skin - 1; Tissue - 1,lowland forest,,,,,,,no,light,"ovary mass 4 x 2 mm, ova < 1 mm",,female,50%
137257,38362,Pycnonotidae,REM 60,Phyllastrephus,icterinus,Liberia,,,"Mt. Nimba, Yiti Valley",7.47,-8.558,04/09/23,Skin - 1; Tissue - 1,lowland forest,,,,,,,no,moderate,testes 1.5 x 1 mm,light on head and back,male,100%
137258,38320,Pycnonotidae,REM 46,Phyllastrephus,icterinus,Liberia,,,"Mt. Nimba, Yiti Valley",7.47,-8.558,04/07/23,Tissue - 1; Skin - 1,lowland forest,,,,,,,no,light,testes 1.5 x 1 mm,light body,male,100%
137259,38402,Pycnonotidae,REM 74,Phyllastrephus,icterinus,Liberia,,,"Mt. Nimba, Yiti Valley",7.47,-8.558,04/11/23,Skin - 1; Tissue - 1,lowland forest,,,,,,,no,light,"ovary mass 6 x 2 mm, ova < 1 mm",no,female,90%
137260,38323,Pycnonotidae,REM 47,Criniger,olivaceus,Liberia,,,"Mt. Nimba, Yiti Valley",7.47,-8.558,04/07/23,Tissue - 1; Skin - 1,lowland forest,,,,,,,no,moderate,testes 1.5 x 1 mm,,male,100%
137261,38369,Pycnonotidae,REM 63,Criniger,olivaceus,Liberia,,,"Mt. Nimba, Yiti Valley",7.47,-8.558,04/09/23,Skin - 1; Tissue - 1,lowland forest,,,,,,,no,no,testes 1.5 x 1.5 mm,light on head ,male,100%
137262,38324,Pycnonotidae,LESR 47,Criniger,olivaceus,Liberia,,,"Mt. Nimba, Yiti Valley",7.47,-8.558,04/07/23,Tissue - 1; Skin - 1,lowland forest,,,,,,,2 x 1 mm,light,"ovary 8 x 4 mm, ova < 1mm",light body,female,80%
137263,38423,Pycnonotidae,TJD 6534,Criniger,olivaceus,Liberia,,,"Mt. Nimba, Yiti Valley",7.47,-8.558,04/12/23,Tissue - 1; Skin - 1,lowland forest,,,,,,,no,no,testes 2 x 2 mm,trace body,male,100%
137264,38422,Pycnonotidae,TJD 6533,Criniger,calurus,Liberia,,,"Mt. Nimba, Yiti Valley",7.47,-8.558,04/12/23,Tissue - 1; Skin - 1,lowland forest,,,,,,,no,no,"ovary mass 8.5 x 5 mm, ova & oviduct minute",moderate body,female,100%
137283,38334,Pycnonotidae,REM 51,Eurillas,virens,Liberia,,,"Mt. Nimba, Yiti Valley",7.47,-8.558,04/08/23,Tissue - 1; Skin - 1,lowland forest,,,,,,,no,moderate,testes 1 x 0.5 mm,light body,male,65%
137284,38351,Pycnonotidae,REM 56,Eurillas,latirostris,Liberia,,,"Mt. Nimba, Yiti Valley",7.47,-8.558,04/09/23,Tissue - 1; Skin - 1,lowland forest,,,,,,,no,heavy,"ovary mass 7 x 4 mm, ova < 1mm",light on head and back; extensive tail molt,female,100%
137285,38332,Pycnonotidae,TJD 6505,Eurillas,latirostris,Liberia,,,"Mt. Nimba, Yiti Valley",7.47,-8.558,04/08/23,Skin - 1; Tissue - 1,lowland forest,,,,,,,no,no,"ovary mass 5 x 3.5 mm, ova minute, oviduct 3 mm in diameter",heavy body,female,100%
137311,,Pycnonotidae,LESR 64,Criniger,barbatus,Liberia,,,"Mt. Nimba, Yiti Valley",7.47,-8.558,04/10/23,Alcoholic - 1,lowland forest,,,,,,,,,,,,
138017,40443,Pycnonotidae,,Pycnonotus,barbatus,Gabon,Estuaire,Komo-Mondah,ENEF Campus,0.61294201,9.31954896,04/26/2025,Alcoholic; Tissue - 100; Tissue - 100,,,,,,unknown,,unknown,unknown,unknown,unknown,unknown,unknown
138022,40448,Pycnonotidae,ACP_314,Eurillas,virens,Gabon,Estuaire,Komo-Mondah,ENEF Campus,0.61244303,9.31931502,04/26/2025,Skin; Tissue - 100; Tissue - 100; Ectoparasite - 1,ectos checked and found,,,,,unknown,,none,none,"ovary: 5 x 3 mm, granular",p1 (ca. 50 % grown) and p2 (ca. 10 % grown) symmetrical,female,50 % ossified
138028,40454,Pycnonotidae,,Eurillas,virens,Gabon,Estuaire,Komo-Mondah,ENEF Campus,0.61244303,9.31931502,04/27/2025,Skin; Tissue - 100; Tissue - 100; Endoparasite - 1,,,,,,unknown,,6.7 x 3.4 mm,light,"left testis 2.84 x 1.55 mm (dark), right testis 2.44 x 1.72 mm (light)",p1 (ca. 90 % grown) and p2 (ca. 50 % grown),male,10 % ossified
138035,40461,Pycnonotidae,ACP_318,Pycnonotus,barbatus,Gabon,Estuaire,Komo-Mondah,ENEF Campus,0.61244303,9.31931502,04/27/2025,Skin; Tissue - 100; Tissue - 100; Endoparasite - 1,,,,,,adult,,none,moderate,"testes, left: 9 x 6 mm",light body,male,100 % ossified
138036,40462,Pycnonotidae,,Eurillas,virens,Gabon,Estuaire,Komo-Mondah,ENEF Campus,0.61244303,9.31931502,04/27/2025,Skin; Tissue - 100; Tissue - 100,,,,,,subadult,,unknown,moderate,unknown,"p5 50 % grown (right), p6 50 % grown (left), r3–6 symmetrically, moderate back molt, trace lower breast molt, p1 (left), s1 (right)",unknown,50 % ossified
138049,40475,Pycnonotidae,MLB_1226,Pycnonotus,barbatus,Gabon,Estuaire,Komo-Mondah,ENEF Campus,0.61161901,9.32013704,04/28/2025,Skin; Tissue - 100; Tissue - 100; Ectoparasite - 1,ectos checked and found,,,,,adult,,none,none,"testes, left: 9 x 5 mm, grayish","left secondary 6 80 % grown, right secondary 2 retained, no tail molt, light body molt on lower back",male,50 % ossified
138057,40483,Pycnonotidae,LHD_2511,Eurillas,virens,Gabon,Estuaire,Komo-Mondah,ENEF Campus,0.61161901,9.32013704,04/28/2025,Alcoholic; Tissue - 100; Tissue - 100; Skin - 1; Ectoparasite - 1,ectos found,,,,,unknown,,unknown,unknown,unknown,unknown,unknown,unknown
138058,40484,Pycnonotidae,,Pycnonotus,barbatus,Gabon,Estuaire,Komo-Mondah,ENEF Campus,0.613119,9.319896,04/28/2025,Alcoholic; Tissue - 100; Tissue - 100; Skin - 1,,,,,,chick,,unknown,unknown,unknown,unknown,unknown,unknown
138059,40485,Pycnonotidae,,Pycnonotus,barbatus,Gabon,Estuaire,Komo-Mondah,ENEF Campus,0.61096799,9.32087498,04/28/2025,Alcoholic; Tissue - 100; Tissue - 100,ectos checked and not found,,,,,unknown,,unknown,unknown,unknown,unknown,unknown,unknown
138069,40495,Pycnonotidae,,Eurillas,virens,Gabon,Estuaire,Komo-Mondah,ENEF Campus,0.61244303,9.31931502,04/29/2025,Alcoholic; Tissue - 100; Tissue - 100; Ectoparasite - 1,ectos found,,,,,unknown,,unknown,unknown,unknown,unknown,unknown,unknown
138080,40506,Pycnonotidae,,Pycnonotus,barbatus,Gabon,Estuaire,Komo-Mondah,ENEF Campus,0.613119,9.319896,04/29/2025,Skin; Tissue - 100; Tissue - 100,"ectos not checked, wingspan 300 mm",,,,,subadult,,9 x 5 mm,heavy,"testes: minute, dark","wing coverts growing, heavy breast and back",male,10 % ossified
138082,40508,Pycnonotidae,MLB_1233,Pycnonotus,barbatus,Gabon,Estuaire,Komo-Mondah,ENEF Campus,0.613119,9.319896,04/29/2025,Alcoholic; Tissue - 100; Tissue - 100; Skin - 1,,,,,,subadult,,unknown,unknown,unknown,"no wing molt, most rectricies missing, moderate body molt",unknown,unknown
138091,40517,Pycnonotidae,,Eurillas,virens,Gabon,Ngounie,Tsamba-Maghotsi,"Ovigui River, Bikourou Village",-1.429971,10.589071,05/02/25,Skin; Tissue - 100; Tissue - 100,"wingspan 246 mm, ectos not found",,,,,unknown,,unknown,light,testes: 1.7 x 1.5 mm,unknown,male,unknown
138092,40518,Pycnonotidae,,Chlorocichla,simplex,Gabon,Ngounie,Tsamba-Maghotsi,"Ovigui River, Bikourou Village",-1.428636,10.592079,05/02/25,Alcoholic; Tissue - 100; Tissue - 100,"wingspan 326 mm, ectos not found",,,,,unknown,,unknown,unknown,unknown,unknown,unknown,unknown
138093,40519,Pycnonotidae,ACP_330,Eurillas,virens,Gabon,Ngounie,Tsamba-Maghotsi,"Ovigui River, Bikourou Village",-1.431235,10.591862,05/02/25,Skin; Tissue - 100; Tissue - 100,ectos not found,,,,,adult,,none,light,testes: 3.3 x 2.3 mm,none,male,100 % ossified
138098,40524,Pycnonotidae,ACP_332,Chlorocichla,simplex,Gabon,Ngounie,Tsamba-Maghotsi,"Ovigui River, Bikourou Village",-1.430788,10.592037,05/02/25,Skin; Tissue - 100; Tissue - 100,"ectos not found, wingspan 326 mm",,,,,adult,,none,light,"testes, left: 5 x 2 mm",none,male,100 % ossified
138107,40533,Pycnonotidae,LHD_2525,Pycnonotus,barbatus,Gabon,Ngounie,Tsamba-Maghotsi,"Ovigui River, Bikourou Village",-1.431235,10.591862,05/02/25,Alcoholic; Tissue - 100; Tissue - 100,,,,,,unknown,,unknown,unknown,unknown,none,unknown,unknown
138108,40534,Pycnonotidae,LHD_2526,Chlorocichla,simplex,Gabon,Ngounie,Tsamba-Maghotsi,"Ovigui River, Bikourou Village",-1.431235,10.591862,05/02/25,Alcoholic; Tissue - 100; Tissue - 100,,,,,,unknown,,unknown,unknown,unknown,none,unknown,unknown
138116,40542,Pycnonotidae,LHD_2530,Eurillas,latirostris,Gabon,Ngounie,Tsamba-Maghotsi,"Ovigui River, Bikourou Village",-1.428636,10.592079,05/03/25,Skin; Tissue - 100; Tissue - 100,,,,,,subadult,,12 x 6 mm,light,"testes, left: 1 x 1 mm",none,male,ca. 10 % ossified
138117,40543,Pycnonotidae,ACP_338,Bleda,notatus,Gabon,Ngounie,Tsamba-Maghotsi,"Ovigui River, Bikourou Village",-1.436129,10.584805,05/03/25,Skin; Tissue - 100; Tissue - 100,wingspan 295 mm,,,,,adult,,none,light,"testes, left: 2.1 x 1.7 mm","light body, p10",male,100 % ossified
138120,40546,Pycnonotidae,,Eurillas,latirostris,Gabon,Ngounie,Tsamba-Maghotsi,"Ovigui River, Bikourou Village",-1.436129,10.584805,05/03/25,Alcoholic; Tissue - 100; Tissue - 100,wingspan 230 mm,,,,,unknown,,unknown,unknown,unknown,unknown,unknown,unknown
138121,40547,Pycnonotidae,,Eurillas,latirostris,Gabon,Ngounie,Tsamba-Maghotsi,"Ovigui River, Bikourou Village",-1.430788,10.592037,05/03/25,Alcoholic; Tissue - 100; Tissue - 100,wingspan 235 mm,,,,,unknown,,unknown,unknown,unknown,unknown,unknown,unknown
138128,40554,Pycnonotidae,,Eurillas,latirostris,Gabon,Ngounie,Tsamba-Maghotsi,"Ovigui River, Bikourou Village",-1.436129,10.584805,05/03/25,Alcoholic; Tissue - 100; Tissue - 100,,,,,,unknown,,unknown,unknown,unknown,unknown,unknown,unknown
138129,40555,Pycnonotidae,,Bleda,notatus,Gabon,Ngounie,Tsamba-Maghotsi,"Ovigui River, Bikourou Village",-1.436129,10.584805,05/03/25,Alcoholic; Tissue - 100; Tissue - 100; Skin - 1,wingspan 285 mm,,,,,unknown,,unknown,unknown,unknown,"moderate body, p9, p8, p1, p2, and s5 growing symmetrical, rects adventitious",unknown,unknown
138135,40561,Pycnonotidae,,Bleda,notatus,Gabon,Ngounie,Tsamba-Maghotsi,"Ovigui River, Bikourou Village",-1.436129,10.584805,05/03/25,Skin; Tissue - 100; Tissue - 100,wingspan 174 mm,,,,,adult,,none,none,ovary: 4.76 x 3.30,none,female,100 % ossified
138144,40570,Pycnonotidae,,Eurillas,virens,Gabon,Ngounie,Tsamba-Maghotsi,"Ovigui River, Bikourou Village",-1.429283,10.591157,05/04/25,Alcoholic; Tissue - 100; Tissue - 100,wingspan 231 mm,,,,,unknown,,unknown,unknown,unknown,none,unknown,unknown
138145,40571,Pycnonotidae,,Bleda,notatus,Gabon,Ngounie,Tsamba-Maghotsi,"Ovigui River, Bikourou Village",-1.436129,10.584805,05/04/25,Alcoholic; Tissue - 100; Tissue - 100; Skin - 1,wingspan 270 mm,,,,,unknown,,unknown,unknown,unknown,none,unknown,unknown
138146,40572,Pycnonotidae,,Eurillas,virens,Gabon,Ngounie,Tsamba-Maghotsi,"Ovigui River, Bikourou Village",-1.436129,10.584805,05/04/25,Alcoholic; Tissue - 100; Tissue - 100,wingspan 220 mm,,,,,unknown,,unknown,unknown,unknown,unknown,unknown,unknown
138147,40573,Pycnonotidae,,Eurillas,virens,Gabon,Ngounie,Tsamba-Maghotsi,"Ovigui River, Bikourou Village",-1.436129,10.584805,05/04/25,Alcoholic; Tissue - 100; Tissue - 100,wingspan 225 mm,,,,,unknown,,unknown,unknown,unknown,none,unknown,unknown
138153,40579,Pycnonotidae,LHD_2535,Eurillas,latirostris,Gabon,Ngounie,Tsamba-Maghotsi,"Ovigui River, Bikourou Village",-1.430788,10.592037,05/04/25,Skin; Tissue - 100; Tissue - 100,wingspan 240 mm,,,,,subadult,,none,moderate,"testes, left: 1 x 1 mm",none,male,50 % ossified
138157,40583,Pycnonotidae,,Eurillas,virens,Gabon,Ngounie,Tsamba-Maghotsi,"Ovigui River, Bikourou Village",-1.436129,10.584805,05/04/25,Alcoholic; Tissue - 100; Tissue - 100,wingspan 220 mm,,,,,unknown,,unknown,unknown,unknown,p4 and s1 growing symmetrical,unknown,unknown
138162,40588,Pycnonotidae,ACP_347,Eurillas,ansorgei,Gabon,Ngounie,Tsamba-Maghotsi,"Ovigui River, Bikourou Village",-1.436129,10.584805,05/04/25,Skin; Tissue - 100; Tissue - 100,wingspan 227 mm,,,,,adult,,none,light,"ovary: 10.26 x 6.88 mm, largest ovum 2.88 x 2.60 mm",none,female,100 % ossified
138166,40592,Pycnonotidae,,Eurillas,latirostris,Gabon,Ngounie,Tsamba-Maghotsi,"Ovigui River, Bikourou Village",-1.429283,10.591157,05/04/25,Skin; Tissue - 100; Tissue - 100,wingspan 272 mm,,,,,subadult,,unknown,unknown,testes: 1.42 x 1.18 mm,unknown,male,10 % ossified
138169,40595,Pycnonotidae,ACP_349,Phyllastrephus,icterinus,Gabon,Ngounie,Tsamba-Maghotsi,"Ovigui River, Bikourou Village",-1.436129,10.584805,05/04/25,Skin; Tissue - 100; Tissue - 100,wingspan 255 mm,,,,,adult,,none,light,"testes, left: 1.88 x 1.34 mm",light body,male,100 % ossified
138170,40596,Pycnonotidae,,Eurillas,latirostris,Gabon,Ngounie,Tsamba-Maghotsi,"Ovigui River, Bikourou Village",-1.436129,10.584805,05/04/25,Skin; Tissue - 100; Tissue - 100,wingspan 240 mm,,,,,subadult,,unknown,light,ovary: 4.5 x 2.2 mm,unknown,female,25 % ossified
138174,40600,Pycnonotidae,,Eurillas,virens,Gabon,Ngounie,Tsamba-Maghotsi,"Ovigui River, Bikourou Village",-1.435927,10.582339,05/05/25,Skin; Tissue - 100; Tissue - 100,wingspan 220 mm,,,,,unknown,,none,unknown,"testes, left: 5 x 4 mm",unknown,male,unknown
138179,40605,Pycnonotidae,,Eurillas,virens,Gabon,Ngounie,Tsamba-Maghotsi,"Ovigui River, Bikourou Village",-1.430788,10.592037,05/05/25,Alcoholic; Tissue - 100; Tissue - 100,wingspan 233 mm,,,,,unknown,,unknown,unknown,unknown,none,unknown,unknown
138185,40611,Pycnonotidae,,Eurillas,latirostris,Gabon,Ngounie,Tsamba-Maghotsi,"Ovigui River, Bikourou Village",-1.436129,10.584805,05/05/25,Alcoholic; Tissue - 100; Tissue - 100,,,,,,unknown,,unknown,unknown,unknown,light body,unknown,unknown
138188,40614,Pycnonotidae,,Eurillas,latirostris,Gabon,Ngounie,Tsamba-Maghotsi,"Ovigui River, Bikourou Village",-1.436129,10.584805,05/05/25,Alcoholic; Tissue - 100; Tissue - 100,,,,,,unknown,,unknown,unknown,unknown,"moderate body, p1 growing on right wing",unknown,unknown
138190,40616,Pycnonotidae,LHD_2545,Thescelocichla,leucopleura,Gabon,Ngounie,Tsamba-Maghotsi,"Ovigui River, Bikourou Village",-1.431235,10.591862,05/05/25,Skin; Tissue - 100; Tissue - 100,wingspan 353 mm,,,,,unknown,,none,light,"testes, left: 5 x 4 mm, dark",light body,male,80 % ossified
138193,40619,Pycnonotidae,ACP_354,Eurillas,virens,Gabon,Ngounie,Tsamba-Maghotsi,"Ovigui River, Bikourou Village",-1.436129,10.584805,05/05/25,Skin; Tissue - 100; Tissue - 100,"dead in bag, wingspan 253 mm",,,,,adult,,none,none,"testes, left: 4 x 3 mm",none,male,100 % ossified
138210,40636,Pycnonotidae,,Pycnonotus,barbatus,Gabon,Ngounie,Tsamba-Maghotsi,"Ovigui River, Bikourou Village",-1.504708,10.504953,05/07/25,Alcoholic; Tissue - 100; Tissue - 100,wingspan 302 mm,,,,,unknown,,unknown,unknown,unknown,mild in lesser coverts,unknown,unknown
138211,40637,Pycnonotidae,ACP_362,Pycnonotus,barbatus,Gabon,Ngounie,Tsamba-Maghotsi,"Ovigui River, Bikourou Village",-1.504708,10.504953,05/07/25,Skin; Tissue - 100; Tissue - 100,wingspan 301 mm,,,,,adult,,none,light,"testes, left: 9 x 6 mm",none,male,95 % ossified (windows)
138220,40646,Pycnonotidae,,Bleda,notatus,Gabon,Ngounie,Tsamba-Maghotsi,"Mayombo Massif, Mount Koumouna-Bouali",-1.40925,10.57009,05/07/25,Alcoholic; Tissue - 100; Tissue - 100,wingspan 281 mm,,,,,unknown,,unknown,unknown,unknown,"light body, symmetrical wing",unknown,unknown
138222,40648,Pycnonotidae,,Bleda,notatus,Gabon,Ngounie,Tsamba-Maghotsi,"Mayombo Massif, Mount Koumouna-Bouali",-1.40925,10.57009,05/07/25,Alcoholic; Tissue - 100; Tissue - 100,wingspan 300 mm,,,,,unknown,,unknown,unknown,unknown,none,unknown,unknown
138226,40652,Pycnonotidae,,Bleda,syndactylus,Gabon,Ngounie,Tsamba-Maghotsi,"Mayombo Massif, Mount Koumouna-Bouali",-1.40925,10.57009,05/07/25,Skin; Tissue - 100; Tissue - 100; Skin - 1,wingspan 355 mm,,,,,adult,,none,none,testes minute,"p8 75 % grown, p9 10 % grown, p10 in pin, s3 25 % grown, symmetrical; rects in sheath, light body throughout, heavy on lower back",male,100 % ossified
138227,40653,Pycnonotidae,,Atimastillas,flavicollis,Gabon,Ngounie,Tsamba-Maghotsi,"Mayombo Massif, Mount Koumouna-Bouali",-1.40925,10.57009,05/07/25,Alcoholic; Tissue - 100; Tissue - 100,wingspan 326 mm,,,,,unknown,,unknown,unknown,unknown,unknown,unknown,unknown
138233,40659,Pycnonotidae,,Atimastillas,flavicollis,Gabon,Ngounie,Tsamba-Maghotsi,"Ovigui River, Bougounga Savannah",-1.505497,10.507255,05/07/25,Skin; Tissue - 100; Tissue - 100,,,,,,unknown,,none,unknown,"testes, left: 3 x 2 mm","p9 and p10 75 % grown symmetrical, s6 on left 50 % grown, moderate body on lower back",male,unknown
138240,40666,Pycnonotidae,,Bleda,notatus,Gabon,Ngounie,Tsamba-Maghotsi,"Mayombo Massif, Mount Koumouna-Bouali",-1.40925,10.57009,05/07/25,Skin; Tissue - 100; Tissue - 100,"wingspan 306 mm, tissued within 6 hours",,,,,adult,,none,unknown,"testes, left: 1.5 x 1 mm",none,male,100 % ossified
138246,40672,Pycnonotidae,,Eurillas,latirostris,Gabon,Ngounie,Tsamba-Maghotsi,"Ovigui River, Bougounga Savannah",-1.505497,10.507255,05/08/25,Alcoholic; Tissue - 100; Tissue - 100; Skin - 1,,,,,,unknown,,unknown,unknown,unknown,unknown,unknown,unknown
138257,40683,Pycnonotidae,,Chlorocichla,simplex,Gabon,Ngounie,Tsamba-Maghotsi,"Ovigui River, Bikourou Village",-1.429283,10.591157,05/08/25,Skin; Tissue - 100; Tissue - 100,wingspan 296 mm,,,,,adult,,none,none,"ovary: 8 x 5 mm, largest ovum 3 mm in diameter, oviduct 3 mm, convoluted","right p6 75 % grown, left p6 90 % grown, left s7 60 % grown",female,100 % ossified
138276,40702,Pycnonotidae,MAJ_009,Eurillas,latirostris,Gabon,Ngounie,Tsamba-Maghotsi,"Ovigui River, Bougounga Savannah",-1.505497,10.507255,05/09/25,Alcoholic; Tissue - 100; Tissue - 100; Skin - 1,wingspan 271 mm,,,,,unknown,,unknown,unknown,unknown,light body,unknown,unknown