LocalityString,Country,State,County,Lat,Lon,Correction Status,Precision,Error Polygon,Error Polygon (circular polygon),Multiplot,AviList,Source,Specimen.number,n_specimens,Code
"""West Africa""",Gabon,,,-0.593924,11.801804,yes,,,,,Ixonotus guttatus,University of Cambridge Museum of Zoology,UMZC 27/Pyc/7/a/1,1,5
"10 1/2 km N, 1 km E Ziggida",Liberia,,,8.140209,-9.499732,yes,,,,,Bleda eximius,"Louisiana State University, Museum of Natural Science","153033, 153034, 153035",3,2
26 km SW Goaso,Ghana,,,6.637383,-2.684518,no,High(80),unavailable,"6.637383,-2.684518,Distance SouthWest of GOASO|Unavailable|Unavailable|High(80)",,Bleda canicapillus,"Louisiana State University, Museum of Natural Science","174619, 174620, 174621, 174622, 174623, 174624, 174625, 174626, 174627, 174628",10,2
Abrobonko; Fante,Ghana,,,5.1,-1.316667,no,,,,,Pycnonotus barbatus,University of Cambridge Museum of Zoology,UMZC 27/Pyc/11/d/13,1,2
"Aceh Province, Aceh Tenggara Regency, Meloewak; ca. 35 miles SE Blangkedjeren and 60 miles WNW Medan",Indonesia,,,3.636841,97.699458,no,High(88),unavailable,"3.636841,97.699458,Distance SouthEast of BLANGKEDJEREN|Unavailable|Unavailable|High(88),3.917134,97.858339,Distance WNW of MEDAN|Unavailable|Unavailable|High(80)",,"Pycnonotus tympanistrigus, Iole crypta, Ixos malaccensis, Rubigula squamata",ANSP,"139812, 139755, 139754, 139814",4,2
"Aceh Province, Central Aceh Regency, Tretet",Indonesia,,,4.6667,96.85,yes,Low(36),Unavailable,"4.686,96.8518,TRETET|Unavailable|Unavailable|Low(36),4.6667,96.85,TRETET|Unavailable|Unavailable|Low(36),4,97,ACEH|Unavailable|Unavailable|Low(34)",,Pycnonotus snouckaerti,ANSP,"108714, 108715",2,2
"Aceh Province, Gayo Lues Regency, Bivouac 1, on route to Mt. Leuser; ca. 5 miles SE BlangNAnga",Indonesia,,,3.90451,97.387188,yes,Low(34),,"-8.0219,112.3807,LUES|Unavailable|Unavailable|Low(34),4,97,ACEH|Unavailable|Unavailable|Low(34)",,Ixos sumatranus,ANSP,"139747, 139748, 139749, 139750, 139751, 139752",6,3
"Aceh Province, Gayo Lues Regency, BlangNAnga; ca. 20 miles E Blangkejeren",Indonesia,,,3.997048,97.630181,yes,High(87),Unavailable,"3.575154,97.271142,Distance East of BLANGKEJEREN|Unavailable|Unavailable|High(87),3.997048,97.630181,Distance East of BLANGKEJEREN|Unavailable|Unavailable|High(87),3.983249,97.625076,Distance East of BLANGKEJEREN|Unavailable|Unavailable|High(87)",,Ixos sumatranus,ANSP,139746,1,2
"Aceh Province, Gayo Lues Regency, Bur Blang Beke",Indonesia,,,3.8145,97.2752,yes,Low(44),Unavailable,"3.8145,97.2752,BUR BLANG BEKE|Unavailable|Unavailable|Low(44),4.6387,95.5855,BLANG|Unavailable|Unavailable|Low(35),5.5853,95.3833,BLANG|Unavailable|Unavailable|Low(35),5.1013,97.5384,BLANG|Unavailable|Unavailable|Low(35),5.1712,96.3463,BLANG|Unavailable|Unavailable|Low(35),4,97,ACEH|Unavailable|Unavailable|Low(34),-8.0219,112.3807,LUES|Unavailable|Unavailable|Low(34),-2.216667,134.133333,BUR|Unavailable|Unavailable|Low(33)",,Pycnonotus snouckaerti,ANSP,139784,1,2
"Aceh Province, Gayo Lues Regency, Koengke; ca. 20 miles SE Blangkejeren",Indonesia,,,3.791256,97.54472,yes,High(87),Unavailable,"3.369357,97.185721,Distance SouthEast of BLANGKEJEREN|Unavailable|Unavailable|High(87),3.791256,97.54472,Distance SouthEast of BLANGKEJEREN|Unavailable|Unavailable|High(87),3.777456,97.539616,Distance SouthEast of BLANGKEJEREN|Unavailable|Unavailable|High(87)",,"Pycnonotus snouckaerti, Pycnonotus tympanistrigus",ANSP,"139785, 139813",2,2
"Aceh Province, Southeast Aceh Regency, Kutacane",Indonesia,,,3.5052,97.8175,no,Low(38),unavailable,"3.5052,97.8175,KUTACANE|Unavailable|Unavailable|Low(38),3.522112,97.796253,KUTACANE|Unavailable|Unavailable|Low(38),3.3667,97.8833,KUTACANE|Unavailable|Unavailable|Low(38),4,97,ACEH|Unavailable|Unavailable|Low(34)",,Ixos malaccensis,ANSP,139753,1,2
Ahokwa,Ghana,,,6.249351,-1.498987,yes,,,,,Eurillas virens,Field1,"1_NA_4808, 1_NA_4809, 1_NA_4810, 1_NA_4811, 1_NA_4812, 1_NA_4813, 1_NA_4814, 1_NA_4815, 1_NA_4816, 1_NA_4817, 1_NA_4818, 1_NA_4819, 1_NA_4820, 1_NA_4821, 1_NA_4822, 1_NA_4824, 1_NA_4825, 1_NA_4826, 1_NA_4827, 1_NA_4828, 1_NA_4832, 1_NA_4833, 1_NA_4834, 1_NA_4835, 1_NA_4786, 1_NA_4787, 1_NA_4788, 1_NA_4790, 1_NA_4791",29,2
Ahokwa,Ghana,,,6.249351,-1.498987,no,,,,,"Bleda canicapillus, Eurillas curvirostris, Phyllastrephus albigularis",Field1,"1_NA_1120, 1_NA_1121, 1_NA_1123, 1_NA_1124, 1_NA_1113, 1_NA_1114, 1_NA_1125, 1_NA_1126, 1_NA_1127, 1_NA_4198, 1_NA_4195, 1_NA_4196, 1_NA_8078, 1_NA_8079, 1_NA_8080, 1_NA_8081, 1_NA_8075, 1_NA_8076, 1_NA_8077",19,2
Ahokwa,Ghana,,,6.249351,-1.498987,no,,,,,Pycnonotus barbatus,Field1,1_NA_8584,1,2
Altos de Nsork National Park,Equatorial Guinea,,,1.129846,11.266032,no,Low(35),unavailable,"1.129846,11.266032,NSORK|Unavailable|Unavailable|Low(35)",,"Bleda notatus, Bleda syndactylus, Eurillas latirostris",Field1,"1_NA_1315, 1_NA_1330, 1_NA_1260, 1_NA_1193, 1_NA_1335, 1_NA_1320, 1_NA_1316, 1_NA_1319, 1_NA_1321, 1_NA_1325, 1_NA_1337, 1_NA_1334, 1_NA_1323, 1_NA_1318, 1_NA_1322, 1_NA_1317, 1_NA_1329, 1_NA_1328, 1_NA_1314, 1_NA_1326, 1_NA_1331, 1_NA_1333, 1_NA_1324, 1_NA_1327, 1_NA_1336, 1_NA_1332, 1_NA_1422, 1_NA_1420, 1_NA_1419, 1_NA_1418, 1_NA_1423, 1_NA_1421, 1_NA_4486, 1_NA_4644, 1_NA_4650, 1_NA_4679, 1_NA_4676, 1_NA_4685, 1_NA_4682, 1_NA_4582, 1_NA_4635, 1_NA_4496, 1_NA_4687, 1_NA_4669, 1_NA_4264, 1_NA_4653, 1_NA_4684, 1_NA_4671, 1_NA_4670, 1_NA_4680, 1_NA_4672, 1_NA_4668, 1_NA_4673, 1_NA_4656, 1_NA_4655, 1_NA_4675, 1_NA_4681, 1_NA_4657, 1_NA_4642, 1_NA_4643, 1_NA_4637, 1_NA_4638, 1_NA_4647, 1_NA_4678, 1_NA_4646, 1_NA_4640, 1_NA_4634, 1_NA_4641, 1_NA_4639, 1_NA_4645, 1_NA_4636, 1_NA_4665, 1_NA_4664, 1_NA_4666, 1_NA_4667, 1_NA_4660, 1_NA_4662, 1_NA_4663, 1_NA_4694, 1_NA_4688, 1_NA_4689, 1_NA_4691, 1_NA_4686, 1_NA_4692, 1_NA_4652, 1_NA_4674, 1_NA_4677, 1_NA_4654, 1_NA_4661, 1_NA_4693",90,3
Altos de Nsork National Park,Equatorial Guinea,,,1.129846,11.266032,no,,,,,Eurillas latirostris,Field1,"1_NA_4543, 1_NA_4618, 1_NA_4658",3,3
"Amnat Charoen Province, Chanuman District, Chanuman",Thailand,,,16.233556,105.0005,yes,Low(43),Unavailable,"15.858511,104.628834,AMNAT CHAROEN|Unavailable|Unavailable|Low(43),15.878641,104.642837,AMNAT CHAROEN|Unavailable|Unavailable|Low(43),15.916667,104.75,AMNAT CHAROEN|Unavailable|Unavailable|Low(43),15.916,104.75,AMNAT CHAROEN|Unavailable|Unavailable|Low(43),15.85,104.6333,AMNAT CHAROEN|Unavailable|Unavailable|Low(43),16.233556,105.0005,CHANUMAN|Unavailable|Unavailable|Low(38),15.694762,104.648457,AMNAT|Unavailable|Unavailable|Low(35)",,"Iole propinqua, Pycnonotus conradi",ANSP,"127148, 127149, 127150, 127167",4,2
"Bahagian Song, Lanjak Entimau Wildlife Sanctuary HQ at Nanga Blok",Malaysia,,,1.467226,112.078271,yes,Low(34),,"2.016667,112.55,SONG|Unavailable|Unavailable|Low(34),1.833333,112.666667,SONG|Unavailable|Unavailable|Low(34),2.0167,112.5333,SONG|Unavailable|Unavailable|Low(34),2.7175,102.2387,BAHAGIA|Unavailable|Unavailable|Low(24)",,Alophoixus phaeocephalus,"Louisiana State University, Museum of Natural Science",198351,1,3
"Bahagian Song, Lanjak Entimau Wildlife Sanctuary at Nanga Joh",Malaysia,,,1.467226,112.078271,no,Low(34),unavailable,"2.016667,112.55,SONG|Unavailable|Unavailable|Low(34),1.833333,112.666667,SONG|Unavailable|Unavailable|Low(34),2.0167,112.5333,SONG|Unavailable|Unavailable|Low(34),1.5734,103.7942,JOH|Unavailable|Unavailable|Low(33),2.7175,102.2387,BAHAGIA|Unavailable|Unavailable|Low(24)",,Alophoixus phaeocephalus,"Louisiana State University, Museum of Natural Science",198352,1,3
"Baisha Li Autonomous County, Hainan",China,,,19.230556,109.4475,yes,Low(36),Unavailable,"27.788646,102.307174,HAINAN|Unavailable|Unavailable|Low(36),22.853333,113.657158,BAISHA|Unavailable|Unavailable|Low(36),23.573921,111.858467,BAISHA|Unavailable|Unavailable|Low(36),23.809486,111.801023,BAISHA|Unavailable|Unavailable|Low(36),19.230556,109.4475,BAISHA|Unavailable|Unavailable|Low(36),19.178794,109.449519,BAISHA|Unavailable|Unavailable|Low(36),30.464995,104.14923,BAISHA|Unavailable|Unavailable|Low(36),23.344292,113.367413,BAISHA|Unavailable|Unavailable|Low(36),21.15,110.533333,BAISHA|Unavailable|Unavailable|Low(36),23.920145,113.552516,BAISHA|Unavailable|Unavailable|Low(36),27.6625,110.195,BAISHA|Unavailable|Unavailable|Low(36),26.355,111.150278,BAISHA|Unavailable|Unavailable|Low(36),21.449244,110.914705,BAISHA|Unavailable|Unavailable|Low(36),21.790274,110.561474,BAISHA|Unavailable|Unavailable|Low(36),21.739651,110.687211,BAISHA|Unavailable|Unavailable|Low(36),27.766524,105.37625,BAISHA|Unavailable|Unavailable|Low(36),25.673985,115.649847,BAISHA|Unavailable|Unavailable|Low(36),20.266667,110.272778,BAISHA|Unavailable|Unavailable|Low(36),28.401,88.401,BAISHA|Unavailable|Unavailable|Low(36),24.634172,113.503357,BAISHA|Unavailable|Unavailable|Low(36),29.602,89.502,BAISHA|Unavailable|Unavailable|Low(36),23.053864,113.223395,HAINAN|Unavailable|Unavailable|Low(36),26.613955,113.456339,BAISHA|Unavailable|Unavailable|Low(36),34.327778,113.250833,BAISHA|Unavailable|Unavailable|Low(36),23.049936,112.439335,BAISHA|Unavailable|Unavailable|Low(36),24.247778,113.451667,BAISHA|Unavailable|Unavailable|Low(36),19.167938,109.47244,BAISHA|Unavailable|Unavailable|Low(36),25.961427,117.836948,BAISHA|Unavailable|Unavailable|Low(36),30.257528,118.571631,BAISHA|Unavailable|Unavailable|Low(36),29.6,89.5,BAISHA|Unavailable|Unavailable|Low(36),28.4,88.4,BAISHA|Unavailable|Unavailable|Low(36),29.926042,119.452578,BAISHA|Unavailable|Unavailable|Low(36),18.939444,109.484167,HAINAN|Unavailable|Unavailable|Low(36)",,Pycnonotus sinensis,"Museum of Biology,Sun Yat-sen University","SYS0002793, SYS0002775, SYS0002774, SYS0002813, SYS0002809, SYS0002800",6,3
"Bangkok Province, BANGKOK",Thailand,,,13.753,100.501,yes,Low(37),Unavailable,"14.283333,100.5,BANGKOK|Unavailable|Unavailable|Low(37),13.533333,100.602135,BANGKOK|Unavailable|Unavailable|Low(37),13.753979,100.501444,BANGKOK|Unavailable|Unavailable|Low(37),13.78,100.621,BANGKOK|Unavailable|Unavailable|Low(37),13.753,100.501,BANGKOK|Unavailable|Unavailable|Low(37),13.780363,100.621917,BANGKOK|Unavailable|Unavailable|Low(37)",,Pycnonotus conradi,ANSP,108467,1,4
"Bangkok Province, Bangkok",Thailand,,,13.753,100.501,no,Low(37),unavailable,"14.283333,100.5,BANGKOK|Unavailable|Unavailable|Low(37),13.533333,100.602135,BANGKOK|Unavailable|Unavailable|Low(37),13.753979,100.501444,BANGKOK|Unavailable|Unavailable|Low(37),13.78,100.621,BANGKOK|Unavailable|Unavailable|Low(37),13.753,100.501,BANGKOK|Unavailable|Unavailable|Low(37),13.780363,100.621917,BANGKOK|Unavailable|Unavailable|Low(37)",,Pycnonotus conradi,ANSP,"82915, 82916, 82917, 87044",4,4
"Bawangling, Hainan",China,,,19.067692,109.18697,yes,Low(40),,"19.11084,109.081647,BAWANGLING|Unavailable|Unavailable|Low(40),30.788672,112.741673,BAWANGLING|Unavailable|Unavailable|Low(40),39.445452,106.891317,HAINAN|Unavailable|Unavailable|Low(36),23.053864,113.223395,HAINAN|Unavailable|Unavailable|Low(36),47.232,126.979,HAINAN|Unavailable|Unavailable|Low(36),33.0427,119.982,HAINAN|Unavailable|Unavailable|Low(36),44.5657,129.49,HAINAN|Unavailable|Unavailable|Low(36),19.25,109.75,HAINAN|Unavailable|Unavailable|Low(36),27.788646,102.307174,HAINAN|Unavailable|Unavailable|Low(36),18.939444,109.484167,HAINAN|Unavailable|Unavailable|Low(36),23.056503,116.212551,WANGLING|Unavailable|Unavailable|Low(25),23.1798,108.994,WANGLING|Unavailable|Unavailable|Low(25),23.790097,116.658079,WANGLING|Unavailable|Unavailable|Low(25),30.246398,112.92862,WANGLING|Unavailable|Unavailable|Low(25),25.463798,115.782752,WANGLING|Unavailable|Unavailable|Low(25),30.066667,116.116667,WANGLING|Unavailable|Unavailable|Low(25),23.2276,110.958,WANGLING|Unavailable|Unavailable|Low(25),23.6405,110.303,WANGLING|Unavailable|Unavailable|Low(25),26.0047,108.555,WANGLING|Unavailable|Unavailable|Low(25),23.4679,110.473,WANGLING|Unavailable|Unavailable|Low(25),34.8168,105.625,WANGLING|Unavailable|Unavailable|Low(25),34.473823,112.51678,WANGLING|Unavailable|Unavailable|Low(25),23.7223,110.936,WANGLING|Unavailable|Unavailable|Low(25),23.6679,110.219,WANGLING|Unavailable|Unavailable|Low(25),23.524,109.361,WANGLING|Unavailable|Unavailable|Low(25),27.2262,113.43,WANGLING|Unavailable|Unavailable|Low(25),22.1626,110.29,WANGLING|Unavailable|Unavailable|Low(25),23.1226,109.664,WANGLING|Unavailable|Unavailable|Low(25),29.842565,103.487594,WANGLIN|Unavailable|Unavailable|Low(24),34.1402,105.213,WANGLIN|Unavailable|Unavailable|Low(24),30.199317,115.452264,WANGLIN|Unavailable|Unavailable|Low(24),21.9907,107.691,WANGLIN|Unavailable|Unavailable|Low(24),26.770068,118.913897,WANGLIN|Unavailable|Unavailable|Low(24)",,Pycnonotus sinensis,"Museum of Biology,Sun Yat-sen University",SYS0002782,1,3
Beni Suef,Egypt,,,29.074409,31.097848,yes,High(84),Unavailable,"29.091218,31.070978,BENI SUEF|Unavailable|Unavailable|High(84),28.9,30.6,BENI SUEF|Unavailable|Unavailable|High(84),28.9,30.6,BENI SUEF|Unavailable|Unavailable|High(84),29.074409,31.097848,BENI SUEF|Unavailable|Unavailable|High(84),29.074409,31.097848,BENI SUEF|Unavailable|Unavailable|High(84)",,Pycnonotus barbatus,University of Cambridge Museum of Zoology,UMZC 27/Pyc/11/d/20,1,3
"Bie Province, Techioso, Cuanza River",Angola,,,-11.8,17.616667,yes,Low(42),Unavailable,"-9.347207,13.152053,CUANZA RIVER|Unavailable|Unavailable|Low(42),-11.8,17.616667,TECHIOSO|Unavailable|Unavailable|Low(38),-9.194735,20.95916,CUANZA|Unavailable|Unavailable|Low(36),-11.096127,17.444917,CUANZA|Unavailable|Unavailable|Low(36),-9.043015,15.901682,CUANZA|Unavailable|Unavailable|Low(36),-8.80924,15.642537,CUANZA|Unavailable|Unavailable|Low(36),-8.659952,15.176164,CUANZA|Unavailable|Unavailable|Low(36),-8.173659,14.862392,CUANZA|Unavailable|Unavailable|Low(36),-11.966667,15.283333,CUANZA|Unavailable|Unavailable|Low(36),-11.916667,17.7,CUANZA|Unavailable|Unavailable|Low(36),-6.011241,14.145942,CUANZA|Unavailable|Unavailable|Low(36),-8.900238,15.849866,CUANZA|Unavailable|Unavailable|Low(36),-6.045517,14.07735,CUANZA|Unavailable|Unavailable|Low(36),-9.347,13.151,CUANZA|Unavailable|Unavailable|Low(36),-9.347207,13.152053,CUANZA|Unavailable|Unavailable|Low(36),-10.818311,14.770481,CUANZA|Unavailable|Unavailable|Low(36),-12,17.666667,CUANZA|Unavailable|Unavailable|Low(36),-10.836536,17.208436,CUANZA|Unavailable|Unavailable|Low(36),-9.04988,15.871574,CUANZA|Unavailable|Unavailable|Low(36),-11.483711,17.510063,CUANZA|Unavailable|Unavailable|Low(36),-9.115803,18.253842,CUANZA|Unavailable|Unavailable|Low(36),-9.720458,15.951048,CUANZA|Unavailable|Unavailable|Low(36),-9.044972,15.979936,CUANZA|Unavailable|Unavailable|Low(36),-12.34989,17.303102,BIE|Unavailable|Unavailable|Low(33),-12.383333,16.933333,BIE|Unavailable|Unavailable|Low(33),-8.625558,14.698727,BIE|Unavailable|Unavailable|Low(33)",,Atimastillas flavigula,ANSP,"89124, 89125",2,2
Bioko Island (BBPP),Equatorial Guinea,,,3.358784,8.661,yes,Low(35),Unavailable,"3.350442,8.662766,BIOKO|Unavailable|Unavailable|Low(35),3.5833,8.75,BIOKO|Unavailable|Unavailable|Low(35),3.5,8.7,BIOKO|Unavailable|Unavailable|Low(35)",,"Arizelocichla tephrolaema, Eurillas latirostris",Field1,"1_NA_820, 1_NA_4697, 1_NA_4698, 1_NA_4333, 1_NA_4700, 1_NA_4696, 1_NA_4695",7,2
Bioko Island (BBPP),Equatorial Guinea,,,3.358784,8.661,no,,,,,Eurillas virens,Field1,1_NA_4784,1,2
Bioko Island (Caldera de Luba),Equatorial Guinea,,,3.352776,8.512328,yes,Low(35),,"3.5833,8.75,BIOKO|Unavailable|Unavailable|Low(35),3.5,8.7,BIOKO|Unavailable|Unavailable|Low(35),3.350442,8.662766,BIOKO|Unavailable|Unavailable|Low(35),3.45,8.55,LUBA|Unavailable|Unavailable|Low(34),3.456831,8.554647,LUBA|Unavailable|Unavailable|Low(34)",,"Bleda notatus, Eurillas latirostris",Field1,"1_NA_1192, 1_NA_4318, 1_NA_4319, 1_NA_4248, 1_NA_4246, 1_NA_4244, 1_NA_4245, 1_NA_4247",8,3
Bioko Island (Caldera de Luba),Equatorial Guinea,,,3.352776,8.512328,no,,,,,Eurillas virens,Field1,"1_NA_4726, 1_NA_4738",2,3
Bioko Island (Caldera de Luba),Equatorial Guinea,,,3.352776,8.512328,no,,,,,Eurillas virens,Field1,1_NA_4737,1,3
Bioko Island (Moka),Equatorial Guinea,,,3.350442,8.662766,no,Low(35),unavailable,"3.350442,8.662766,BIOKO|Unavailable|Unavailable|Low(35),3.5833,8.75,BIOKO|Unavailable|Unavailable|Low(35),3.5,8.7,BIOKO|Unavailable|Unavailable|Low(35),3.333333,8.666667,MOKA|Unavailable|Unavailable|Low(34)",,"Eurillas latirostris, Eurillas virens",Field1,"1_NA_4320, 1_NA_4206, 1_NA_4323, 1_NA_4462, 1_NA_4205, 1_NA_4321, 1_NA_4243, 1_NA_4768, 1_NA_4736",9,2
Bois Sec,Mauritius,,,-20.441389,57.510278,no,High(83),unavailable,"-20.441389,57.510278,BOIS SEC|Unavailable|Unavailable|High(83)",,Hypsipetes olivaceus,University of Cambridge Museum of Zoology,"UMZC 27/Pyc/6/c/23, UMZC 27/Pyc/6/c/19, UMZC 27/Pyc/6/c/21, UMZC 27/Pyc/6/c/20, UMZC 27/Pyc/6/c/22",5,2
Borneo,Malaysia,,,2.361686,111.912598,yes,High(81),Unavailable,"4,115,BORNEO|Unavailable|Unavailable|High(81),1,114,BORNEO|Unavailable|Unavailable|High(81)",,Setornis criniger,ANSP,61333,1,6
Bountai,Laos,,,21.39,102.06,no,,,,,Rubigula flaviventris,University of Michigan Museum of Zoology,68994,1,4
Brong-Ahafo Region,Ghana,,,7.75,-1.5,no,High(93),unavailable,"7.75,-1.5,BRONG-AHAFO REGION|Unavailable|Unavailable|High(93)",,Eurillas curvirostris,"Louisiana State University, Museum of Natural Science","174583, 174584, 174585, 174586, 174587",5,4
"Centro Sur, Monte Alen",Equatorial Guinea,,,1.666693,10.305264,yes,Low(40),,"1.666693,10.305264,MONTE ALEN|Unavailable|Unavailable|Low(40),1.5,10.416667,CENTRO SUR|Unavailable|Unavailable|Low(40),1.5,10.5,CENTRO SUR|Unavailable|Unavailable|Low(40),2.08576,11.000008,ALEN|Unavailable|Unavailable|Low(34),1.964587,11.320696,ALEN|Unavailable|Unavailable|Low(34),2.094908,11.017171,ALEN|Unavailable|Unavailable|Low(34),1.909751,10.299772,ALEN|Unavailable|Unavailable|Low(34),1.023491,10.993784,ALEN|Unavailable|Unavailable|Low(34),1.189924,9.833941,ALEN|Unavailable|Unavailable|Low(34),2.116153,10.384419,ALEN|Unavailable|Unavailable|Low(34),1.95344,11.146528,ALEN|Unavailable|Unavailable|Low(34),1.654797,10.316589,ALEN|Unavailable|Unavailable|Low(34),1.563255,10.798657,ALEN|Unavailable|Unavailable|Low(34),1.742644,11.134455,ALEN|Unavailable|Unavailable|Low(34),1.648498,11.099335,ALEN|Unavailable|Unavailable|Low(34),1.898057,10.754401,ALEN|Unavailable|Unavailable|Low(34),1.856073,11.366086,ALEN|Unavailable|Unavailable|Low(34),1.784876,10.625502,ALEN|Unavailable|Unavailable|Low(34)",,Eurillas gracilis,ANSP,"190212, 190213, 190214",3,2
"Chanthaburi Province, CHANTABOON;",Thailand,,,12.858,102.154,yes,Low(50),Unavailable,"12.858,102.154,CHANTHABURI PROVINCE|Unavailable|Unavailable|Low(50),12.857983,102.154339,CHANTHABURI|Unavailable|Unavailable|Low(41),12.5833,102.1333,CHANTHABURI|Unavailable|Unavailable|Low(41),12.609611,102.104472,CHANTHABURI|Unavailable|Unavailable|Low(41),12.858,102.154,CHANTHABURI|Unavailable|Unavailable|Low(41)",,Iole propinqua,ANSP,112595,1,4
"Chiang Mai Province, Chiang Dao District, Doi Chiang Dao",Thailand,,,19.397389,98.888296,yes,Medium(60),,"18.787044,99.004682,(g3)Chiang Mai|Unavailable|7773|Medium(60)",,"Hemixos flavala, Iole propinqua",ANSP,"112631, 112632, 112634, 112591",4,3
"Chiang Mai Province, Chiang Mai",Thailand,,,18.787044,99.004682,no,Medium(60),unavailable,"18.787044,99.004682,(g3)Chiang Mai|Unavailable|7773|Medium(60)",,Pycnonotus conradi,ANSP,112578,1,4
"Chiang Mai Province, Chiang Mai; Doi Suthep",Thailand,,,18.816731,98.891729,yes,Medium(60),,"18.787044,99.004682,(g3)Chiang Mai|Unavailable|7773|Medium(60)",,Iole propinqua,ANSP,"87011, 87013",2,3
"Chiang Rai Province, Chiang Saen District, Chiang Saen",Thailand,,,20.275111,100.086889,yes,Low(49),Unavailable,"19.9167,99.9167,CHIANG RAI PROVINCE|Unavailable|Unavailable|Low(49),20.275111,100.086889,CHIANG SAEN|Unavailable|Unavailable|Low(41),20.2833,100.15,CHIANG SAEN|Unavailable|Unavailable|Low(41),20.14675,99.852556,CHIANG SAEN|Unavailable|Unavailable|Low(41),19.886074,99.826645,CHIANG RAI|Unavailable|Unavailable|Low(40),19.908584,99.8325,CHIANG RAI|Unavailable|Unavailable|Low(40),19.9333,99.85,CHIANG RAI|Unavailable|Unavailable|Low(40),19.9167,99.9167,CHIANG RAI|Unavailable|Unavailable|Low(40),19.916667,99.916667,CHIANG RAI|Unavailable|Unavailable|Low(40),12.853658,101.300354,RAI|Unavailable|Unavailable|Low(33),19.066667,100.25,RAI|Unavailable|Unavailable|Low(33)",,Iole propinqua,ANSP,87012,1,3
"Chiela (Landana), Cabinda",Angola,,,-5.239829,12.150499,yes,Low(37),Unavailable,"-9.15,14.95,CABINDA|Unavailable|Unavailable|Low(37),-5.55,12.2,CABINDA|Unavailable|Unavailable|Low(37),-8.341502,17.008385,CABINDA|Unavailable|Unavailable|Low(37),-12.083333,15.533333,CABINDA|Unavailable|Unavailable|Low(37),-16.1,17.65,CABINDA|Unavailable|Unavailable|Low(37),-5.233333,12.133333,LANDANA|Unavailable|Unavailable|Low(37),-8.166667,18.116667,CABINDA|Unavailable|Unavailable|Low(37),-11.533333,14.2,CABINDA|Unavailable|Unavailable|Low(37),-7.322386,15.088764,CABINDA|Unavailable|Unavailable|Low(37),-4.934231,12.405319,CABINDA|Unavailable|Unavailable|Low(37),-5.453481,12.373098,CABINDA|Unavailable|Unavailable|Low(37),-5.5667,12.2,CABINDA|Unavailable|Unavailable|Low(37),-4.934,12.238,CABINDA|Unavailable|Unavailable|Low(37),-12.633333,14.6,CABINDA|Unavailable|Unavailable|Low(37),-10.069773,14.986565,CABINDA|Unavailable|Unavailable|Low(37),-8.348854,14.31965,CABINDA|Unavailable|Unavailable|Low(37),-8.977467,14.668007,CABINDA|Unavailable|Unavailable|Low(37),-5.383333,12.283333,CHIELA|Unavailable|Unavailable|Low(36)",,Phyllastrephus icterinus,"Lubango Museum, Angola",30126A,1,3
Chirinda Forest; Mt. Selinda,Zimbabwe,,,-20.450843,32.71354,yes,Low(43),,"-20.450843,32.71354,MOUNT SELINDA|Unavailable|Unavailable|Low(43),-20.4167,32.7167,MOUNT SELINDA|Unavailable|Unavailable|Low(43),-17.929406,31.993767,CHIRINDA|Unavailable|Unavailable|Low(38),-19.233333,32.233333,CHIRINDA|Unavailable|Unavailable|Low(38),-20.08566,31.473487,CHIRINDA|Unavailable|Unavailable|Low(38),-19.098607,31.680261,CHIRINDA|Unavailable|Unavailable|Low(38)",,Phyllastrephus flavostriatus,University of Cambridge Museum of Zoology,UMZC 27/Pyc/10/g/3,1,3
Chitokoloki,Zambia,,,-13.8333,23.2167,yes,High(86),Unavailable,"-13.829735,23.217228,CHITOKOLOKI|Unavailable|Unavailable|High(86),-13.8333,23.2167,CHITOKOLOKI|Unavailable|Unavailable|High(86)",,"Chlorocichla flaviventris, Pycnonotus barbatus",Field1,"1_NA_2100, 1_NA_2101, 1_NA_8589, 1_NA_8595",4,2
"Coast Province, Mombasa, Mombasa",Kenya,,,-4.054655,39.663588,yes,Low(44),Unavailable,"-2,39.75,COAST PROVINCE|Unavailable|Unavailable|Low(44),-3,39.5,COAST PROVINCE|Unavailable|Unavailable|Low(44),-4.054655,39.663588,MOMBASA|Unavailable|Unavailable|Low(37),-1.710817,37.871106,MOMBASA|Unavailable|Unavailable|Low(37),-1.689943,37.920036,MOMBASA|Unavailable|Unavailable|Low(37),-4,39.666667,MOMBASA|Unavailable|Unavailable|Low(37),-4.0667,39.6667,MOMBASA|Unavailable|Unavailable|Low(37),-1.686184,37.913436,MOMBASA|Unavailable|Unavailable|Low(37),-4,39.666,MOMBASA|Unavailable|Unavailable|Low(37),-3,39.5,COAST|Unavailable|Unavailable|Low(35),-2,39.75,COAST|Unavailable|Unavailable|Low(35)",,Phyllastrephus fischeri,ANSP,95957,1,4
"Coast Province, Tana River, Mwina",Kenya,,,-2.062955,40.176864,yes,Low(44),Unavailable,"-2,39.75,COAST PROVINCE|Unavailable|Unavailable|Low(44),-3,39.5,COAST PROVINCE|Unavailable|Unavailable|Low(44),-1.533,39.416,TANA RIVER|Unavailable|Unavailable|Low(40),-1.533333,39.416667,TANA RIVER|Unavailable|Unavailable|Low(40),-2.054151,40.065575,MWINA|Unavailable|Unavailable|Low(35),-3,39.5,COAST|Unavailable|Unavailable|Low(35),-2,39.75,COAST|Unavailable|Unavailable|Low(35),-2.062955,40.176864,MWINA|Unavailable|Unavailable|Low(35),-0.789614,37.2658,TANA|Unavailable|Unavailable|Low(34),-0.764416,37.313701,TANA|Unavailable|Unavailable|Low(34),0.682474,38.423519,TANA|Unavailable|Unavailable|Low(34),-2.535638,40.531424,TANA|Unavailable|Unavailable|Low(34)",,Phyllastrephus fischeri,ANSP,95958,1,2
"Coast Province, Tana River, Pumwani, along the Tana River",Kenya,,,-1.194931,39.988982,yes,Low(44),Unavailable,"-2,39.75,COAST PROVINCE|Unavailable|Unavailable|Low(44),-3,39.5,COAST PROVINCE|Unavailable|Unavailable|Low(44),-1.533,39.416,TANA RIVER|Unavailable|Unavailable|Low(40),-1.533333,39.416667,TANA RIVER|Unavailable|Unavailable|Low(40),-1.612605,40.082955,PUMWANI|Unavailable|Unavailable|Low(37),-1.194931,39.988982,PUMWANI|Unavailable|Unavailable|Low(37),-1.28185,36.845625,PUMWANI|Unavailable|Unavailable|Low(37),-1.283333,36.85,PUMWANI|Unavailable|Unavailable|Low(37),-3.093885,40.010713,PUMWANI|Unavailable|Unavailable|Low(37),-3.101886,40.033076,PUMWANI|Unavailable|Unavailable|Low(37),-3,39.5,COAST|Unavailable|Unavailable|Low(35),-2,39.75,COAST|Unavailable|Unavailable|Low(35),0.682474,38.423519,TANA|Unavailable|Unavailable|Low(34),-2.535638,40.531424,TANA|Unavailable|Unavailable|Low(34),-0.764416,37.313701,TANA|Unavailable|Unavailable|Low(34),-0.789614,37.2658,TANA|Unavailable|Unavailable|Low(34)",,Phyllastrephus fischeri,ANSP,"95959, 95960",2,4
"Coast Province, Taita-Taveta, Kasigau",Kenya,,,-3.826404,38.662372,yes,Low(44),Unavailable,"-2,39.75,COAST PROVINCE|Unavailable|Unavailable|Low(44),-3,39.5,COAST PROVINCE|Unavailable|Unavailable|Low(44),-3.875378,38.654582,KASIGAU|Unavailable|Unavailable|Low(37),-3.816667,38.666667,KASIGAU|Unavailable|Unavailable|Low(37),-3.826404,38.662372,KASIGAU|Unavailable|Unavailable|Low(37),-3.5,37.7,TAVETA|Unavailable|Unavailable|Low(36),-3.3833,37.6667,TAVETA|Unavailable|Unavailable|Low(36),-3.394046,37.674877,TAVETA|Unavailable|Unavailable|Low(36),-2,39.75,COAST|Unavailable|Unavailable|Low(35),1.744672,36.183329,TAITA|Unavailable|Unavailable|Low(35),-3,39.5,COAST|Unavailable|Unavailable|Low(35),-3.30065,38.354104,TAITA|Unavailable|Unavailable|Low(35)",,Phyllastrephus strepitans,ANSP,"95925, 95926",2,3
"Coast Province, Taita-Taveta, Mgama",Kenya,,,-3.554626,38.302091,yes,Low(44),Unavailable,"-2,39.75,COAST PROVINCE|Unavailable|Unavailable|Low(44),-3,39.5,COAST PROVINCE|Unavailable|Unavailable|Low(44),-3.3833,37.6667,TAVETA|Unavailable|Unavailable|Low(36),-3.5,37.7,TAVETA|Unavailable|Unavailable|Low(36),-3.394046,37.674877,TAVETA|Unavailable|Unavailable|Low(36),-2,39.75,COAST|Unavailable|Unavailable|Low(35),-3,39.5,COAST|Unavailable|Unavailable|Low(35),-3.30065,38.354104,TAITA|Unavailable|Unavailable|Low(35),-3.554626,38.302091,MGAMA|Unavailable|Unavailable|Low(35),-3.600361,38.251408,MGAMA|Unavailable|Unavailable|Low(35),1.744672,36.183329,TAITA|Unavailable|Unavailable|Low(35)",,Phyllastrephus strepitans,ANSP,"95927, 95928, 95929",3,3
"Coast Province, Taita-Taveta, Taita Hills",Kenya,,,-3.404303,38.327977,yes,Low(44),Unavailable,"-2,39.75,COAST PROVINCE|Unavailable|Unavailable|Low(44),-3,39.5,COAST PROVINCE|Unavailable|Unavailable|Low(44),-3.404303,38.327977,TAITA HILLS|Unavailable|Unavailable|Low(41),-3.3833,37.6667,TAVETA|Unavailable|Unavailable|Low(36),-3.5,37.7,TAVETA|Unavailable|Unavailable|Low(36),-3.394046,37.674877,TAVETA|Unavailable|Unavailable|Low(36),-3,39.5,COAST|Unavailable|Unavailable|Low(35),-3.30065,38.354104,TAITA|Unavailable|Unavailable|Low(35),1.744672,36.183329,TAITA|Unavailable|Unavailable|Low(35),-2,39.75,COAST|Unavailable|Unavailable|Low(35)",,Phyllastrephus cerviniventris,ANSP,95993,1,4
"Coast Province, Taita-Taveta, Taveta",Kenya,,,-3.394046,37.674877,yes,Low(44),Unavailable,"-2,39.75,COAST PROVINCE|Unavailable|Unavailable|Low(44),-3,39.5,COAST PROVINCE|Unavailable|Unavailable|Low(44),-3.3833,37.6667,TAVETA|Unavailable|Unavailable|Low(36),-3.5,37.7,TAVETA|Unavailable|Unavailable|Low(36),-3.394046,37.674877,TAVETA|Unavailable|Unavailable|Low(36),-3,39.5,COAST|Unavailable|Unavailable|Low(35),-3.30065,38.354104,TAITA|Unavailable|Unavailable|Low(35),1.744672,36.183329,TAITA|Unavailable|Unavailable|Low(35),-2,39.75,COAST|Unavailable|Unavailable|Low(35)",,Phyllastrephus strepitans,ANSP,"95930, 95931",2,2
"Coast Province, Taita-Taveta, Tsavo",Kenya,,,-2.997825,38.458455,yes,Low(44),Unavailable,"-2,39.75,COAST PROVINCE|Unavailable|Unavailable|Low(44),-3,39.5,COAST PROVINCE|Unavailable|Unavailable|Low(44),-3.394046,37.674877,TAVETA|Unavailable|Unavailable|Low(36),-3.5,37.7,TAVETA|Unavailable|Unavailable|Low(36),-3.3833,37.6667,TAVETA|Unavailable|Unavailable|Low(36),1.744672,36.183329,TAITA|Unavailable|Unavailable|Low(35),-2.977811,38.519962,TSAVO|Unavailable|Unavailable|Low(35),-3.049672,38.445239,TSAVO|Unavailable|Unavailable|Low(35),-2.548671,38.25809,TSAVO|Unavailable|Unavailable|Low(35),-3,39.5,COAST|Unavailable|Unavailable|Low(35),-3.30065,38.354104,TAITA|Unavailable|Unavailable|Low(35),-3.000268,38.470705,TSAVO|Unavailable|Unavailable|Low(35),-2,39.75,COAST|Unavailable|Unavailable|Low(35),-2.997825,38.458455,TSAVO|Unavailable|Unavailable|Low(35),-2.9833,38.4667,TSAVO|Unavailable|Unavailable|Low(35),-3.055937,37.912719,TSAVO|Unavailable|Unavailable|Low(35)",,"Phyllastrephus cerviniventris, Phyllastrephus strepitans",ANSP,"95994, 95932, 95933, 95934, 95935, 95936, 95937, 95938",8,2
Comoros,Comoros,,,-11.725832,43.366843,yes,High(82),,"-12,43.833333,COMOROS|Unavailable|Unavailable|High(82)",,Hypsipetes parvirostris,ANSP,52171,1,4
"Conghua, Guangzhou",China,,,23.546193,113.597272,yes,Medium(59),,"23.114299,113.257897,(g3)Guangzhou|Unavailable|12000|Medium(59)",,Pycnonotus sinensis,"Museum of Biology,Sun Yat-sen University","SYS0002733, SYS0002730, SYS0002741, SYS0002792",4,4
Coonoor,India,,,11.347027,76.795321,no,High(82),unavailable,"11.347027,76.795321,COONOOR|Unavailable|Unavailable|High(82),11.308562,76.90456,COONOOR|Unavailable|Unavailable|High(82),11.35,76.816667,COONOOR|Unavailable|Unavailable|High(82)",,"Hypsipetes ganeesa, Acritillas indica",University of Cambridge Museum of Zoology,"UMZC 27/Pyc/6/j/25, UMZC 27/Pyc/6/j/24, UMZC 27/Pyc/6/j/20, UMZC 27/Pyc/6/i/5, UMZC 27/Pyc/6/i/4, UMZC 27/Pyc/6/i/2",6,3
"Crocker Range Park, Ulu Kimanis Station, 53.5 km S Kota Kinabalu",Malaysia,,,5.554533,115.968503,yes,High(88),Unavailable,"5.491409,116.0724,Distance South of KOTA KINABALU|Unavailable|Unavailable|High(88),5.549843,116.166667,Distance South of KOTA KINABALU|Unavailable|Unavailable|High(88),5.099802,100.3833,Distance South of KOTA|Unavailable|Unavailable|High(79),4.947286,100.435245,Distance South of KOTA|Unavailable|Unavailable|High(79),5.602001,102.251272,Distance South of KOTA|Unavailable|Unavailable|High(79),5.099835,100.383333,Distance South of KOTA|Unavailable|Unavailable|High(79),2.035466,102.156,Distance South of KOTA|Unavailable|Unavailable|High(79),2.066466,102.1667,Distance South of KOTA|Unavailable|Unavailable|High(79)",,Alophoixus phaeocephalus,"Louisiana State University, Museum of Natural Science","181666, 181667",2,2
"Crocker Range, approximately 15 km NW Keningau",Malaysia,,,5.433649,116.063926,yes,High(83),Unavailable,"5.433649,116.063926,Distance NorthWest of KENINGAU|Unavailable|Unavailable|High(83),5.345849,116.15374,Distance NorthWest of KENINGAU|Unavailable|Unavailable|High(83)",,Alophoixus ruficrissus,"Louisiana State University, Museum of Natural Science",165854,1,2
"Dali Township, QiongzhongLi and Miano Autonomous Country, Hainan",China,,,18.754017,109.941644,yes,Low(36),Unavailable,"18.939444,109.484167,HAINAN|Unavailable|Unavailable|Low(36),23.053864,113.223395,HAINAN|Unavailable|Unavailable|Low(36),27.788646,102.307174,HAINAN|Unavailable|Unavailable|Low(36),34.66,108.991111,DALI|Unavailable|Unavailable|Low(34),34.538609,103.316241,DALI|Unavailable|Unavailable|Low(34),25.265667,116.667984,DALI|Unavailable|Unavailable|Low(34),27.333889,112.450278,DALI|Unavailable|Unavailable|Low(34),31.050764,113.789858,DALI|Unavailable|Unavailable|Low(34),21.975054,110.704667,DALI|Unavailable|Unavailable|Low(34),22.537912,113.121077,DALI|Unavailable|Unavailable|Low(34),23.14974,112.836458,DALI|Unavailable|Unavailable|Low(34),30.269448,122.14205,DALI|Unavailable|Unavailable|Low(34),30.650931,105.665657,DALI|Unavailable|Unavailable|Low(34),28.61917,105.403745,DALI|Unavailable|Unavailable|Low(34),23.31167,113.32973,DALI|Unavailable|Unavailable|Low(34),30.769556,107.822566,DALI|Unavailable|Unavailable|Low(34),35.561389,110.917222,DALI|Unavailable|Unavailable|Low(34),33.462765,104.978557,DALI|Unavailable|Unavailable|Low(34),31.338589,118.410471,DALI|Unavailable|Unavailable|Low(34),31.301877,108.684387,DALI|Unavailable|Unavailable|Low(34),31.298518,109.13224,DALI|Unavailable|Unavailable|Low(34),25.9389,107.478,DALI|Unavailable|Unavailable|Low(34),30.915074,118.725126,DALI|Unavailable|Unavailable|Low(34),29.007651,116.788175,DALI|Unavailable|Unavailable|Low(34),34.795863,109.938948,DALI|Unavailable|Unavailable|Low(34),19.261329,110.431408,DALI|Unavailable|Unavailable|Low(34),18.754017,109.941644,DALI|Unavailable|Unavailable|Low(34),19.038333,109.84,QIONGZHONG|Unavailable|Unavailable|Low(27),22.071066,112.80956,ZHONGLI|Unavailable|Unavailable|Low(24),23.25076,109.618747,ZHONGLI|Unavailable|Unavailable|Low(24),27.43997,117.824727,ZHONGLI|Unavailable|Unavailable|Low(24),28.730309,119.986579,ZHONGLI|Unavailable|Unavailable|Low(24),43.015577,129.739625,ZHONGLI|Unavailable|Unavailable|Low(24)",,Pycnonotus sinensis,"Museum of Biology,Sun Yat-sen University","SYS0002783, SYS0002802, SYS0002807, SYS0002771",4,2
"Danum Valley, Sabah, Borneo",Malaysia,,,4.958493,117.691002,yes,Low(36),,"1,114,BORNEO|Unavailable|Unavailable|Low(36),4,115,BORNEO|Unavailable|Unavailable|Low(36),3.7698,100.9879,SABAH|Unavailable|Unavailable|Low(35),5.5,117,SABAH|Unavailable|Unavailable|Low(35)",,"Alophoixus phaeocephalus, Iole charlottae, Pycnonotus brunneus, Pycnonotus goiavier, Pycnonotus plumosus, Tricholestes criniger",Field1,"1_NA_450, 1_NA_5871, 1_NA_8603, 1_NA_8604, 1_NA_8605, 1_NA_8606, 1_NA_8607, 1_NA_9941, 1_NA_9942, 1_NA_9943",10,3
Darjeeling,India,,,27.038683,88.264057,yes,High(85),,"27.034784,88.266117,DARJEELING|Unavailable|Unavailable|High(85),27.0333,88.3333,DARJEELING|Unavailable|Unavailable|High(85),26.75,88.25,DARJEELING|Unavailable|Unavailable|High(85),27.031651,88.260273,(g3)Darjeeling|Unavailable|1368|Medium(60)",,Rubigula flaviventris,Royal Ontario Museum,"CG 1881, No 1086; 456",1,3
Darjeeling,India,,,27.038683,88.264057,no,High(85),unavailable,"27.034784,88.266117,DARJEELING|Unavailable|Unavailable|High(85),27.0333,88.3333,DARJEELING|Unavailable|Unavailable|High(85),26.75,88.25,DARJEELING|Unavailable|Unavailable|High(85),27.031651,88.260273,(g3)Darjeeling|Unavailable|1368|Medium(60)",,"Hemixos flavala, Ixos mcclellandii",University of Cambridge Museum of Zoology,"UMZC 27/Pyc/6/h/5, UMZC 27/Pyc/6/l/9, UMZC 27/Pyc/6/l/6",3,3
"Dinghu Mountian, Zhaoqing City, Guangdong",China,,,23.165967,112.542132,yes,Medium(59),,"22.517421,113.365399,(g3)Guangdong|Unavailable|5000|Medium(59)",,Pycnonotus sinensis,"Museum of Biology,Sun Yat-sen University",SYS0002757,1,3
Dompim,Ghana,,,5.2121263634003085,-2.1906924049458163,no,,,,,"Criniger calurus, Eurillas gracilis, Eurillas latirostris, Eurillas virens, Phyllastrephus icterinus",Field1,"1_NA_2835, 1_NA_4203, 1_NA_4204, 1_NA_4202, 1_NA_4701, 1_NA_4713, 1_NA_4714, 1_NA_4720, 1_NA_4721, 1_NA_4722, 1_NA_4723, 1_NA_4702, 1_NA_4703, 1_NA_4704, 1_NA_4705, 1_NA_4706, 1_NA_4707, 1_NA_4708, 1_NA_4709, 1_NA_4710, 1_NA_4711, 1_NA_4712, 1_NA_4715, 1_NA_4716, 1_NA_4717, 1_NA_4718, 1_NA_4719, 1_NA_4805, 1_NA_4823, 1_NA_4831, 1_NA_4785, 1_NA_4789, 1_NA_4792, 1_NA_4829, 1_NA_4830, 1_NA_4793, 1_NA_4794, 1_NA_4795, 1_NA_4796, 1_NA_4797, 1_NA_4798, 1_NA_4799, 1_NA_4800, 1_NA_4801, 1_NA_4802, 1_NA_4803, 1_NA_4804, 1_NA_4806, 1_NA_4807, 1_NA_8157, 1_NA_8158, 1_NA_8154",52,2
Dompim,Ghana,,,5.2121263634003085,-2.1906924049458163,no,High(81),unavailable,"5.153673,-2.074867,DOMPIM|Unavailable|Unavailable|High(81),5.103436,-1.673214,DOMPIM|Unavailable|Unavailable|High(81),5.393311,-1.971763,DOMPIM|Unavailable|Unavailable|High(81)",,"Bleda canicapillus, Chlorocichla simplex, Criniger barbatus, Eurillas curvirostris, Phyllastrephus icterinus",Field1,"1_NA_1116, 1_NA_1117, 1_NA_1118, 1_NA_1119, 1_NA_1122, 1_NA_1115, 1_NA_2111, 1_NA_2110, 1_NA_2829, 1_NA_2822, 1_NA_2823, 1_NA_2824, 1_NA_2825, 1_NA_2830, 1_NA_2827, 1_NA_2828, 1_NA_2826, 1_NA_4197, 1_NA_8155, 1_NA_8156",20,2
"Dongfang City, Hainan",China,,,19.097265,108.652585,yes,Low(38),Unavailable,"22.258965,112.863904,DONGFANG|Unavailable|Unavailable|Low(38),22.457497,112.5815,DONGFANG|Unavailable|Unavailable|Low(38),18.41451,109.623964,DONGFANG|Unavailable|Unavailable|Low(38),30.037846,120.428881,DONGFANG|Unavailable|Unavailable|Low(38),18.993611,108.840833,DONGFANG|Unavailable|Unavailable|Low(38),30.644466,108.400404,DONGFANG|Unavailable|Unavailable|Low(38),29.98657,120.018173,DONGFANG|Unavailable|Unavailable|Low(38),19.052778,108.930833,DONGFANG|Unavailable|Unavailable|Low(38),19.23,108.624167,DONGFANG|Unavailable|Unavailable|Low(38),21.813056,112.305833,DONGFANG|Unavailable|Unavailable|Low(38),19.349489,109.010378,DONGFANG|Unavailable|Unavailable|Low(38),19.853881,109.390316,DONGFANG|Unavailable|Unavailable|Low(38),19.732501,109.314023,DONGFANG|Unavailable|Unavailable|Low(38),31.064,103.865,DONGFANG|Unavailable|Unavailable|Low(38),28.7544,120.165,DONGFANG|Unavailable|Unavailable|Low(38),25.9429,106.636,DONGFANG|Unavailable|Unavailable|Low(38),30.837,107.058,DONGFANG|Unavailable|Unavailable|Low(38),30.8322,104.3,DONGFANG|Unavailable|Unavailable|Low(38),27.3632,102.599,DONGFANG|Unavailable|Unavailable|Low(38),27.8266,103.333,DONGFANG|Unavailable|Unavailable|Low(38),28.216,102.015,DONGFANG|Unavailable|Unavailable|Low(38),18.939444,109.484167,HAINAN|Unavailable|Unavailable|Low(36),27.788646,102.307174,HAINAN|Unavailable|Unavailable|Low(36),33.0427,119.982,HAINAN|Unavailable|Unavailable|Low(36),39.445452,106.891317,HAINAN|Unavailable|Unavailable|Low(36),44.5657,129.49,HAINAN|Unavailable|Unavailable|Low(36),47.232,126.979,HAINAN|Unavailable|Unavailable|Low(36),23.053864,113.223395,HAINAN|Unavailable|Unavailable|Low(36),19.25,109.75,HAINAN|Unavailable|Unavailable|Low(36),30.28233,115.571748,DONGFAN|Unavailable|Unavailable|Low(24),34.6866,111.316,DONGFAN|Unavailable|Unavailable|Low(24),23.8607,109.367,DONGFAN|Unavailable|Unavailable|Low(24),32.123223,106.512131,DONGFAN|Unavailable|Unavailable|Low(24)",,Pycnonotus sinensis,"Museum of Biology,Sun Yat-sen University","SYS0002798, SYS0002799, SYS0002810",3,3
"East Trail, Borneo",Malaysia,,,4.966,117.808,no,Low(36),unavailable,"4,115,BORNEO|Unavailable|Unavailable|Low(36),1,114,BORNEO|Unavailable|Unavailable|Low(36)",,"Rubigula erythropthalmos, Pycnonotus simplex",Field1,"1_NA_5956, 1_NA_8608",2,2
East Usambara Mountains,Tanzania,,,-4.984891,38.635669,no,,,,,Eurillas virens,Field1,"1_NA_4844, 1_NA_4845, 1_NA_4846",3,4
East Usambara Mountains,Tanzania,,,-4.984891,38.635669,no,,,,,Eurillas virens,Field1,"1_NA_4847, 1_NA_4848, 1_NA_4849, 1_NA_4850, 1_NA_4851, 1_NA_4852, 1_NA_4853, 1_NA_4854, 1_NA_4855, 1_NA_4856, 1_NA_4857, 1_NA_4858, 1_NA_4859, 1_NA_4860, 1_NA_4861, 1_NA_4862, 1_NA_4863",17,4
East Usambara Mountains,United Republic of Tanzania,,,-4.984891,38.635669,yes,Low(48),,"-4.75,38.5,USAMBARA MOUNTAINS|Unavailable|Unavailable|Low(48),-4.942272,38.351798,USAMBARA|Unavailable|Unavailable|Low(38)",,"Arizelocichla masukuensis, Arizelocichla striifacies, Phyllastrephus albigula, Phyllastrephus cabanisi, Phyllastrephus fischeri, Phyllastrephus flavostriatus",Field1,"1_NA_781, 1_NA_783, 1_NA_784, 1_NA_785, 1_NA_786, 1_NA_787, 1_NA_788, 1_NA_789, 1_NA_790, 1_NA_791, 1_NA_792, 1_NA_795, 1_NA_796, 1_NA_797, 1_NA_798, 1_NA_799, 1_NA_800, 1_NA_807, 1_NA_808, 1_NA_809, 1_NA_8063, 1_NA_8055, 1_NA_8056, 1_NA_8057, 1_NA_8058, 1_NA_8059, 1_NA_8060, 1_NA_8061, 1_NA_8062, 1_NA_8086, 1_NA_8091, 1_NA_8092, 1_NA_8093, 1_NA_8094, 1_NA_8095, 1_NA_8096, 1_NA_8102, 1_NA_8103, 1_NA_8129, 1_NA_8130, 1_NA_8131, 1_NA_8132, 1_NA_8134, 1_NA_8135, 1_NA_8136, 1_NA_8137, 1_NA_8138, 1_NA_8133",48,4
"Eastern , LUNDAZI RIVER",Zambia,,,-12.063667,32.346935,yes,Low(37),,"-12.063667,32.346935,LUNDAZI|Unavailable|Unavailable|Low(37),-10.632955,28.74304,LUNDAZI|Unavailable|Unavailable|Low(37),-12.292923,33.178201,LUNDAZI|Unavailable|Unavailable|Low(37),-13.666667,32,EASTERN|Unavailable|Unavailable|Low(37),-12.3167,33.1833,LUNDAZI|Unavailable|Unavailable|Low(37),-13.666,32,EASTERN|Unavailable|Unavailable|Low(37),-12.501088,32.720744,LUNDAZI|Unavailable|Unavailable|Low(37)",,Phyllastrephus cerviniventris,ANSP,"166744, 166745, 166746",3,4
"Eastern Province, Meru, Meru",Kenya,,,0.05,37.6333,yes,Low(46),Unavailable,"0.0833,38,EASTERN PROVINCE|Unavailable|Unavailable|Low(46),0,38,EASTERN PROVINCE|Unavailable|Unavailable|Low(46),0,38,EASTERN|Unavailable|Unavailable|Low(37),0.0833,38,EASTERN|Unavailable|Unavailable|Low(37),1.714608,35.14365,MERU|Unavailable|Unavailable|Low(34),0.05,37.566667,MERU|Unavailable|Unavailable|Low(34),0.05,37.6333,MERU|Unavailable|Unavailable|Low(34),0.05,37.566,MERU|Unavailable|Unavailable|Low(34),0.046256,37.655868,MERU|Unavailable|Unavailable|Low(34)",,Stelgidillas gracilirostris,ANSP,"89131, 89132, 89133, 89134",4,3
"Eastern Province, Mwanda Peak",Zambia,,,-10.706217,33.56548,yes,Low(46),Unavailable,"-13.666667,32,EASTERN PROVINCE|Unavailable|Unavailable|Low(46),-13.666,32,EASTERN PROVINCE|Unavailable|Unavailable|Low(46),-13.666667,32,EASTERN|Unavailable|Unavailable|Low(37),-13.666,32,EASTERN|Unavailable|Unavailable|Low(37),-15.766667,23.533333,MWANDA|Unavailable|Unavailable|Low(36),-9.699542,32.558432,MWANDA|Unavailable|Unavailable|Low(36),-14.766667,23.716667,MWANDA|Unavailable|Unavailable|Low(36),-15.433333,22.883333,MWANDA|Unavailable|Unavailable|Low(36),-14.533333,23.4,MWANDA|Unavailable|Unavailable|Low(36),-12.716667,32.066667,MWANDA|Unavailable|Unavailable|Low(36),-11.411427,29.394712,MWANDA|Unavailable|Unavailable|Low(36)",,Phyllastrephus cerviniventris,ANSP,"166737, 166738, 166739",3,3
Eastern Region: Obudu Plateau,Nigeria,,,6.468836,9.344269,yes,Low(37),Unavailable,"9.166667,9.75,PLATEAU|Unavailable|Unavailable|Low(37),6.668185,9.164528,OBUDU|Unavailable|Unavailable|Low(35),6.66737,9.17157,OBUDU|Unavailable|Unavailable|Low(35),6.543865,9.053723,OBUDU|Unavailable|Unavailable|Low(35)",,Arizelocichla tephrolaema,"Louisiana State University, Museum of Natural Science",25182,1,4
"Eastern, CHINHI",Zambia,,,-12.0167,33.1500,no,Low(37),unavailable,"-13.666667,32,EASTERN|Unavailable|Unavailable|Low(37),-13.666,32,EASTERN|Unavailable|Unavailable|Low(37)",,Phyllastrephus cerviniventris,ANSP,"166740, 166741, 166742",3,4
"Fangcheng, Guangxi",China,,,21.69295,108.363358,yes,Medium(59),,"22.517421,113.365399,(g3)Guangdong|Unavailable|5000|Medium(59)",,Pycnonotus sinensis,"Museum of Biology,Sun Yat-sen University",SYS0002738,1,4
Gambari,Nigeria,,,8.266667,4.333333,no,High(82),unavailable,"8.266667,4.333333,GAMBARI|Unavailable|Unavailable|High(82)",,Phyllastrephus icterinus,University of Cambridge Museum of Zoology,UMZC 27/Pyc/10/j/1,1,2
"Gbudwe, Yambio, Ri Rangu",South Sudan,,,4.728905,28.360393,yes,Low(36),,"4.570833,28.394167,YAMBIO|Unavailable|Unavailable|Low(36)",,Atimastillas flavigula,ANSP,104489,1,2
Gleneagles Estate; Inyangani,Zimbabwe,,,-18.3083,32.9083,no,Low(40),unavailable,"-17.865833,30.905278,GLENEAGLES|Unavailable|Unavailable|Low(40),-18.295503,32.841839,INYANGANI|Unavailable|Unavailable|Low(39),-18.366667,32.75,NYANGANI|Unavailable|Unavailable|Low(25),-17.233333,30.866667,NYANGANI|Unavailable|Unavailable|Low(25),-18.215861,32.741136,INYANGA|Unavailable|Unavailable|Low(24),-18.552776,28.185194,INYANGA|Unavailable|Unavailable|Low(24),-18.25,32.733333,INYANGA|Unavailable|Unavailable|Low(24),-18.2167,32.7667,INYANGA|Unavailable|Unavailable|Low(24)",,Phyllastrephus flavostriatus,University of Cambridge Museum of Zoology,UMZC 27/Pyc/10/g/3A,1,3
Grande Comore,Comoros,,,-11.731366,43.371508,yes,High(88),,"-11.586111,43.333056,GRANDE COMORE|Unavailable|Unavailable|High(88),-11.583333,43.333333,GRANDE COMORE|Unavailable|Unavailable|High(88),-11.5833,43.3333,GRANDE COMORE|Unavailable|Unavailable|High(88)",,Hypsipetes parvirostris,"Royal Belgian Institute of Natural Sciences, Brussels","RBINS 8781, RBINS 8781 B",2,4
Guangzhou,China,,,23.116667,113.233333,no,High(84),unavailable,"23.116667,113.233333,GUANGZHOU|Unavailable|Unavailable|High(84),23.373269,113.512192,GUANGZHOU|Unavailable|Unavailable|High(84),27.381639,114.134262,GUANGZHOU|Unavailable|Unavailable|High(84),23.116667,113.25,GUANGZHOU|Unavailable|Unavailable|High(84),29.3129,117.039,GUANGZHOU|Unavailable|Unavailable|High(84),23.114299,113.257897,(g3)Guangzhou|Unavailable|12000|Medium(59)",,Pycnonotus sinensis,"Museum of Biology,Sun Yat-sen University",SYS0002750,1,4
"Gunong Inas, Larut/Bintang Range, Perak",Malaysia,,,5.499691,100.834367,yes,Low(43),Unavailable,"5.260424,100.930205,BINTANG RANGE|Unavailable|Unavailable|Low(43),5.499691,100.834367,GUNONG INAS|Unavailable|Unavailable|Low(41),3.5031,102.4339,BINTANG|Unavailable|Unavailable|Low(37),6.192983,100.346052,GUNONG|Unavailable|Unavailable|Low(36),5.983333,102.35,GUNONG|Unavailable|Unavailable|Low(36),5.9713,102.360855,GUNONG|Unavailable|Unavailable|Low(36),5,101,PERAK|Unavailable|Unavailable|Low(35),4.8,100.75,LARUT|Unavailable|Unavailable|Low(35)",,"Hemixos cinereus, Ixos mcclellandii",University of Cambridge Museum of Zoology,"UMZC 27/Pyc/6/h/15, UMZC 27/Pyc/6/h/13, UMZC 27/Pyc/6/h/14, UMZC 27/Pyc/6/l/11, UMZC 27/Pyc/6/l/10",5,3
Hainan,China,,,19,109.5,yes,High(81),Unavailable,"44.5657,129.49,HAINAN|Unavailable|Unavailable|High(81),47.232,126.979,HAINAN|Unavailable|Unavailable|High(81),19.25,109.75,HAINAN|Unavailable|Unavailable|High(81),33.0427,119.982,HAINAN|Unavailable|Unavailable|High(81),18.939444,109.484167,HAINAN|Unavailable|Unavailable|High(81),27.788646,102.307174,HAINAN|Unavailable|Unavailable|High(81),39.445452,106.891317,HAINAN|Unavailable|Unavailable|High(81),23.053864,113.223395,HAINAN|Unavailable|Unavailable|High(81),39.445452,106.891317,HAINAN|Unavailable|Unavailable|High(81),31.887878,121.179504,HAINAN|Unavailable|Unavailable|High(81),34.98,116.542,HAINAN|Unavailable|Unavailable|High(81),32.491667,120.455556,HAINAN|Unavailable|Unavailable|High(81),27.7986,102.309,HAINAN|Unavailable|Unavailable|High(81),35.81725,100.340527,HAINAN|Unavailable|Unavailable|High(81),32.494324,120.454529,HAINAN|Unavailable|Unavailable|High(81),19,109.5,HAINAN|Unavailable|Unavailable|High(81)",,Pycnonotus sinensis,"Museum of Biology,Sun Yat-sen University","SYS0002794, SYS0002773",2,4
"Haut-Lomami, Bukama",Democratic Republic of Congo,,,-9.20443,25.85475,no,Low(36),unavailable,"-1.816667,22.633333,LOMAMI|Unavailable|Unavailable|Low(36),-9.2,25.85,BUKAMA|Unavailable|Unavailable|Low(36),-3.516667,26.9,BUKAMA|Unavailable|Unavailable|Low(36),-2.383333,23.566667,LOMAMI|Unavailable|Unavailable|Low(36),0.766667,24.266667,LOMAMI|Unavailable|Unavailable|Low(36),-0.016667,20.416667,LOMAMI|Unavailable|Unavailable|Low(36),-3.933333,23.416667,LOMAMI|Unavailable|Unavailable|Low(36)",,Atimastillas flavigula,ANSP,89126,1,2
"Hill-Darrah-Braidwood Trail, Borneo",Malaysia,,,4.963922,117.802937,yes,Low(36),,"4,115,BORNEO|Unavailable|Unavailable|Low(36),1,114,BORNEO|Unavailable|Unavailable|Low(36)",,Rubigula erythropthalmos,Field1,"1_NA_5957, 1_NA_5958",2,3
Hormigas Camp,Equatorial Guinea,,,3.33,8.53,no,,,,,Bleda notatus,"Louisiana State University, Museum of Natural Science",230832,1,2
Ile Maurice,Mauritius,,,-20.3,57.583333,no,High(86),unavailable,"-20.3,57.583333,ILE MAURICE|Unavailable|Unavailable|High(86)",,Hypsipetes olivaceus,"Royal Belgian Institute of Natural Sciences, Brussels",RBINS 9148,1,4
Ile de la Réunion,Reunion,,,-21.0833,55.5833,yes,Low(40),Unavailable,"-20.900742,55.536504,LA RÉUNION|Unavailable|Unavailable|Low(40),-21.1,55.6,LA RÉUNION|Unavailable|Unavailable|Low(40),-21.1,55.6,RÉUNION|Unavailable|Unavailable|Low(37),-21.066667,55.266667,RÉUNION|Unavailable|Unavailable|Low(37),-21.1,55.6,RÉUNION|Unavailable|Unavailable|Low(37),-21.0833,55.5833,RÉUNION|Unavailable|Unavailable|Low(37),-20.900742,55.536504,RÉUNION|Unavailable|Unavailable|Low(37),-20.999681,55.67236,UNION|Unavailable|Unavailable|Low(35)",,Hypsipetes borbonicus,"Royal Belgian Institute of Natural Sciences, Brussels",RBINS 9148 A,1,4
India,India,,,22,79,no,High(80),unavailable,"22,79,INDIA|Unavailable|Unavailable|High(80),23.015333,75.362613,INDIA|Unavailable|Unavailable|High(80),20,77,INDIA|Unavailable|Unavailable|High(80)",,Pycnonotus cafer,Royal Ontario Museum,"B 3957b; WR 24, 1492",1,6
"Ituri Province, Saidi’s Village; Irumu-Avakubi Road, 10 miles W of Epulu River Ferry",Democratic Republic of Congo,,,1.249996,28.204423,no,High(80),unavailable,"1.249996,28.204423,Distance West of EPULU|Unavailable|Unavailable|High(80)",,Phyllastrephus xavieri,ANSP,"122242, 122243",2,3
Java,Indonesia,,,-7.4,110,no,High(79),unavailable,"-7.4,110,JAVA|Unavailable|Unavailable|High(79),-7.491667,110.004444,JAVA|Unavailable|Unavailable|High(79)",,Rubigula squamata,ANSP,17109,1,6
Java,Indonesia,,,-7.121972,107.63896,yes,High(79),,"-7.4,110,JAVA|Unavailable|Unavailable|High(79),-7.491667,110.004444,JAVA|Unavailable|Unavailable|High(79)",,Ixos virescens,"Royal Belgian Institute of Natural Sciences, Brussels",RBINS 2003,1,5
Jepore,India,,,17.9258,73.6575,no,High(82),unavailable,"18.8563,82.571604,JEYPORE|Unavailable|Unavailable|High(82),26.913312,75.787872,JEYPORE|Unavailable|Unavailable|High(82),18.85,82.583333,JEYPORE|Unavailable|Unavailable|High(82),26.916182,75.81568,JEYPORE|Unavailable|Unavailable|High(82)",,Hypsipetes ganeesa,University of Cambridge Museum of Zoology,UMZC 27/Pyc/6/j/27,1,4
"Jiangsu Province, Jiangyin",China,,,31.916667,120.233333,yes,Low(38),Unavailable,"31.916667,120.233333,JIANGYIN|Unavailable|Unavailable|Low(38),25.460223,119.315981,JIANGYIN|Unavailable|Unavailable|Low(38),31.826803,120.301254,JIANGYIN|Unavailable|Unavailable|Low(38),31.905063,120.26851,JIANGYIN|Unavailable|Unavailable|Low(38),33,119.833333,JIANGSU|Unavailable|Unavailable|Low(37),22.884986,113.1583,JIANGYI|Unavailable|Unavailable|Low(24),23.9123,109.114,JIANGYI|Unavailable|Unavailable|Low(24),29.211616,115.772628,JIANGYI|Unavailable|Unavailable|Low(24),26.072,101.909,JIANGYI|Unavailable|Unavailable|Low(24),35.4728,108.172,JIANGYI|Unavailable|Unavailable|Low(24),29.1833,115.75,JIANGYI|Unavailable|Unavailable|Low(24),26.7011,108.401,JIANGYI|Unavailable|Unavailable|Low(24)",,Pycnonotus sinensis,ANSP,"105553, 105554, 105555, 105556, 105557, 105558, 105559, 105560",8,3
"Jiujiang Town, Foshan City,Guangdong",China,,,22.831832,112.993623,yes,Medium(59),,"22.517421,113.365399,(g3)Guangdong|Unavailable|5000|Medium(59)",,Pycnonotus sinensis,"Museum of Biology,Sun Yat-sen University",SYS0002790,1,2
Kakamega Forest,Kenya,,,0.266,34.898,no,High(90),unavailable,"0.266,34.898,KAKAMEGA FOREST|Unavailable|Unavailable|High(90),0.264333,34.889119,KAKAMEGA FOREST|Unavailable|Unavailable|High(90)",,Arizelocichla masukuensis,"Louisiana State University, Museum of Natural Science","26012, 26013",2,3
"Kakum National Park, Abrafo, Kuntan Trail",Ghana,,,5.349973,-1.382087,yes,Low(36),,"5.330781,-1.380509,ABRAFO|Unavailable|Unavailable|Low(36),5.103964,-1.31721,KAKUM|Unavailable|Unavailable|Low(35)",,Bleda canicapillus,"Louisiana State University, Museum of Natural Science",160475,1,2
"Kamituga, Kivu, Zaïre",DRC,,,-3.055278,28.181944,yes,Low(38),Unavailable,"-3.055278,28.181944,KAMITUGA|Unavailable|Unavailable|Low(38),-2.5,28,KIVU|Unavailable|Unavailable|Low(34)",,Phyllastrephus hypochloris,"Royal Belgian Institute of Natural Sciences, Brussels","RBINS 62624, RBINS 62625",2,2
"Kanchanaburi Province, Si Sawat District, Si Sawat",Thailand,,,14.661829,99.123042,yes,Medium(62),,"14.0202,99.526618,(g3)Kanchanaburi|Unavailable|6906|Medium(62)",,Pycnonotus conradi,ANSP,114812,1,4
"Kandulula, Kivu, Zaïre",DRC,,,-3.10788,28.385964,yes,Low(34),,"-2.5,28,KIVU|Unavailable|Unavailable|Low(34)",,Phyllastrephus hypochloris,"Royal Belgian Institute of Natural Sciences, Brussels",RBINS 66958,1,3
"Kashebere, Kivu, Zaïre",DRC,,,-1.31349,28.67523,no,Low(34),unavailable,"-2.5,28,KIVU|Unavailable|Unavailable|Low(34)",,Phyllastrephus hypochloris,"Royal Belgian Institute of Natural Sciences, Brussels",RBINS 59871,1,2
"Kawaigan, Minolo, Puerto Galera",Phillippines,,,13.503771,120.951624,no,Medium(63),unavailable,"13.503771,120.951624,(g3)Puerto Galera|Unavailable|2605|Medium(63)",,Pycnonotus goiavier,NMNH Philippines, PNM 16091,1,4
"Kemo, Sibut",Central African Republic,,,5.731507,19.086249,yes,Low(35),,"5.718013,19.073889,SIBUT|Unavailable|Unavailable|Low(35),5.7667,19.1,SIBUT|Unavailable|Unavailable|Low(35),5.025245,19.258826,KEMO|Unavailable|Unavailable|Low(34),6.133333,20.35,KEMO|Unavailable|Unavailable|Low(34),5.866667,19.2,KEMO|Unavailable|Unavailable|Low(34),5.75,19.0833,KEMO|Unavailable|Unavailable|Low(34)",,Atimastillas flavigula,ANSP,122698,1,2
Khun Tan mountain range,Thailand,,,19.833528,100.258584,no,Low(38),unavailable,"19.833528,100.258584,KHUN TAN|Unavailable|Unavailable|Low(38)",,Iole propinqua,ANSP,"112593, 112594",2,4
"Kinabalu Park, Sayap substation, approximately 18 km N park headquarters",Malaysia,,,6.164063,116.565385,yes,Low(43),,"6.1345,116.6375,KINABALU PARK|Unavailable|Unavailable|Low(43),5.9749,116.0724,KINABALU|Unavailable|Unavailable|Low(38)",,Alophoixus ruficrissus,"Louisiana State University, Museum of Natural Science","168299, 168300, 168301, 168302",4,2
"Kinabalu Park, headquarters",Malaysia,,,6.005517,116.542257,yes,Low(43),,"6.1345,116.6375,KINABALU PARK|Unavailable|Unavailable|Low(43),5.9749,116.0724,KINABALU|Unavailable|Unavailable|Low(38)",,Alophoixus ruficrissus,"Louisiana State University, Museum of Natural Science","181643, 181644",2,2
"Kon Tum, Ngoc Linh Nature Reserve",Vietnam,,,15.068362,107.976264,yes,Low(39),Unavailable,"21.343247,106.070724,NGOC LINH|Unavailable|Unavailable|Low(39),15.0667,107.9833,NGOC LINH|Unavailable|Unavailable|Low(39),15.068362,107.976264,NGOC LINH|Unavailable|Unavailable|Low(39),14.383333,107.983333,KON TUM|Unavailable|Unavailable|Low(37),14.25,108.783333,KON TUM|Unavailable|Unavailable|Low(37),14.383333,107.95,KON TUM|Unavailable|Unavailable|Low(37),14.354515,108.007592,KON TUM|Unavailable|Unavailable|Low(37),14.35,108,KON TUM|Unavailable|Unavailable|Low(37),14.75,107.916667,KON TUM|Unavailable|Unavailable|Low(37)",,Alophoixus pallidus,ANSP,195028,1,3
"Krabi Province, Khao Phanom Bencha",Thailand,,,8.239722,98.93825,yes,Low(48),Unavailable,"8.352778,98.947333,KHAO PHANOM BENCHA|Unavailable|Unavailable|Low(48),8.496611,98.947306,KHAO PHANOM BENCHA|Unavailable|Unavailable|Low(48),8.539111,98.934583,KHAO PHANOM BENCHA|Unavailable|Unavailable|Low(48),8.376278,98.839222,KHAO PHANOM BENCHA|Unavailable|Unavailable|Low(48),8.239722,98.93825,KHAO PHANOM BENCHA|Unavailable|Unavailable|Low(48),8.198,99.008,KRABI PROVINCE|Unavailable|Unavailable|Low(44),8.655722,98.7355,KHAO PHANOM|Unavailable|Unavailable|Low(41),8.284056,98.93825,KHAO PHANOM|Unavailable|Unavailable|Low(41),8.731722,98.769083,KHAO PHANOM|Unavailable|Unavailable|Low(41),8.265489,99.051242,KHAO PHANOM|Unavailable|Unavailable|Low(41),8.590583,98.702833,KHAO PHANOM|Unavailable|Unavailable|Low(41),8.674722,98.747306,KHAO PHANOM|Unavailable|Unavailable|Low(41),8.809528,98.821778,KHAO PHANOM|Unavailable|Unavailable|Low(41),8.85475,98.812667,PHANOM|Unavailable|Unavailable|Low(36),8.820389,98.810861,PHANOM|Unavailable|Unavailable|Low(36),8.198,99.008,KRABI|Unavailable|Unavailable|Low(35),8.072574,98.910516,KRABI|Unavailable|Unavailable|Low(35),8.0667,98.8667,KRABI|Unavailable|Unavailable|Low(35),8.197928,99.008589,KRABI|Unavailable|Unavailable|Low(35),13.671278,101.939417,KHAO PHAN|Unavailable|Unavailable|Low(26),8.938139,99.758639,KHAO PHA|Unavailable|Unavailable|Low(25),15.801167,101.223694,KHAO PHA|Unavailable|Unavailable|Low(25),8.934556,99.74225,KHAO PHA|Unavailable|Unavailable|Low(25),15.809,101.252694,KHAO PHA|Unavailable|Unavailable|Low(25),8.518139,99.384361,KHAO PHA|Unavailable|Unavailable|Low(25),8.446639,99.41425,KHAO PHA|Unavailable|Unavailable|Low(25),14.814444,101.657167,KHAO PHA|Unavailable|Unavailable|Low(25)",,Ixos malaccensis,ANSP,"127587, 127588, 127589, 127590, 127591",5,3
"Lampang Province, Lampang District, Lampang [Nakhon Lampang]",Thailand,,,18.288895,99.505473,yes,Low(46),Unavailable,"18.3333,99.5,LAMPANG PROVINCE|Unavailable|Unavailable|Low(46),18.292318,99.49277,NAKHON LAMPANG|Unavailable|Unavailable|Low(44),18.27975,99.473056,LAMPANG|Unavailable|Unavailable|Low(37),18.292318,99.49277,LAMPANG|Unavailable|Unavailable|Low(37),18.333333,99.5,LAMPANG|Unavailable|Unavailable|Low(37),18.2667,99.5,LAMPANG|Unavailable|Unavailable|Low(37),18.266667,99.516667,LAMPANG|Unavailable|Unavailable|Low(37),18.3333,99.5,LAMPANG|Unavailable|Unavailable|Low(37),8.391017,99.822028,NAKHON|Unavailable|Unavailable|Low(36)",,Pycnonotus conradi,ANSP,"114815, 114816",2,3
"Lechang City, Guangdong",China,,,25.131714,113.344285,yes,Medium(59),,"22.517421,113.365399,(g3)Guangdong|Unavailable|5000|Medium(59)",,Pycnonotus sinensis,"Museum of Biology,Sun Yat-sen University","SYS0002803, SYS0002804",2,3
"Lingnan campus, Guangdong",China,,,23.096603488073026,113.29894172389152,no,Medium(59),unavailable,"22.517421,113.365399,(g3)Guangdong|Unavailable|5000|Medium(59)",,Pycnonotus sinensis,"Museum of Biology,Sun Yat-sen University",SYS0002690,1,2
"Litoral, Rio Campo",Equatorial Guinea,,,2.338125,9.822115,yes,Low(39),Unavailable,"2.166667,10.033333,RIO CAMPO|Unavailable|Unavailable|Low(39),2.338125,9.822115,RIO CAMPO|Unavailable|Unavailable|Low(39),2.35,9.816667,RIO CAMPO|Unavailable|Unavailable|Low(39),1.5,9.75,LITORAL|Unavailable|Unavailable|Low(37),2.35,9.816667,CAMPO|Unavailable|Unavailable|Low(35),1.237186,9.818695,CAMPO|Unavailable|Unavailable|Low(35)",,Calyptocichla serinus,ANSP,"191046, 191047",2,2
"Luhega Forest Reserve, Ihambui Stream, 1.5 km E Uhafiwa",Tanzania,,,-8.509922,35.858599,yes,,,,,Arizelocichla masukuensis,"Louisiana State University, Museum of Natural Science","138934, 138935",2,2
Mawanda,Zambia,,,-14.54941,30.90981,no,,,,,Phyllastrephus cerviniventris,ANSP,166743,1,2
Makutu Mts,Zambia,,,-10.450528,33.199419,yes,Low(36),,"-10.383333,33.266667,MAKUTU|Unavailable|Unavailable|Low(36)",,Phyllastrephus cerviniventris,University of Cambridge Museum of Zoology,UMZC 27/Pyc/10/c/1,1,4
Malacca,Malaysia,,,2.329166,102.35471,yes,High(82),,"2.191944,102.255833,MALACCA|Unavailable|Unavailable|High(82),2.2333,102.2333,MALACCA|Unavailable|Unavailable|High(82),2.25,102.25,MALACCA|Unavailable|Unavailable|High(82)",,"Iole finschii, Iole crypta, Ixos malaccensis",ANSP,"51959, 51943, 51940",3,4
"Malanje Province, 42 km N Calandula",Angola,,,-8.741983,15.976932,yes,High(84),Unavailable,"-11.658213,16.013516,Distance North of CALANDULA|Unavailable|Unavailable|High(84),-8.203839,15.4325,Distance North of CALANDULA|Unavailable|Unavailable|High(84),-12.470584,15.883333,Distance North of CALANDULA|Unavailable|Unavailable|High(84),-8.680203,17.871029,Distance North of CALANDULA|Unavailable|Unavailable|High(84),-8.741983,15.976932,Distance North of CALANDULA|Unavailable|Unavailable|High(84),-8.712118,15.954899,Distance North of CALANDULA|Unavailable|Unavailable|High(84),-8.558407,18.011308,Distance North of CALANDULA|Unavailable|Unavailable|High(84),-8.291402,15.94849,Distance North of CALANDULA|Unavailable|Unavailable|High(84),-13.087269,19.616667,Distance North of CALANDULA|Unavailable|Unavailable|High(84),-8.720491,15.95,Distance North of CALANDULA|Unavailable|Unavailable|High(84)",,Neolestes torquatus,ANSP,191914,1,2
"Maluku Province, Buru Island; Bara",Indonesia,,,-3.260161,126.482458,yes,Low(41),,"-3.4,126.65,BURU ISLAND|Unavailable|Unavailable|Low(41),-4,128,MALUKU|Unavailable|Unavailable|Low(36),-3.8932,119.8266,MALUKU|Unavailable|Unavailable|Low(36),-4,129,MALUKU|Unavailable|Unavailable|Low(36),-8.7093,120.2643,BURU|Unavailable|Unavailable|Low(34),-8.549,118.3929,BARA|Unavailable|Unavailable|Low(34),-8.8409,121.2215,BURU|Unavailable|Unavailable|Low(34),-6.115,106.315278,BARA|Unavailable|Unavailable|Low(34),-3.141786,126.228098,BARA|Unavailable|Unavailable|Low(34),-7.1172,113.3017,BARA|Unavailable|Unavailable|Low(34),-8.7081,116.3659,BARA|Unavailable|Unavailable|Low(34),-5.6069,120.4417,BARA|Unavailable|Unavailable|Low(34),-8.5328,118.3761,BARA|Unavailable|Unavailable|Low(34),-4.3328,135.0055,BURU|Unavailable|Unavailable|Low(34),-4.2245,134.9481,BURU|Unavailable|Unavailable|Low(34),-3.4,126.65,BURU|Unavailable|Unavailable|Low(34),-7.955556,110.203333,BARA|Unavailable|Unavailable|Low(34),0.9,103.5,BURU|Unavailable|Unavailable|Low(34),-8.333,124.1396,BARA|Unavailable|Unavailable|Low(34),-3.410723,126.659431,BURU|Unavailable|Unavailable|Low(34),1.397106,99.654378,BARA|Unavailable|Unavailable|Low(34),-6.8542,115.2682,BARA|Unavailable|Unavailable|Low(34)",,Hypsipetes mysticalis,ANSP,51960,1,4
"Mambere-Kadei, Berberati, Berberati",Central African Republic,,,4.258271,15.788318,yes,Low(43),Unavailable,"4.5,16,MAMBERE-KADEI|Unavailable|Unavailable|Low(43),4.5,16,MAMBERE-KADEI|Unavailable|Unavailable|Low(43),4.258271,15.788318,BERBERATI|Unavailable|Unavailable|Low(39),7.756,15.5893,MAMBERE|Unavailable|Unavailable|Low(37),3.516675,16.047624,MAMBERE|Unavailable|Unavailable|Low(37),4.413954,16.751529,MAMBERE|Unavailable|Unavailable|Low(37),5.567803,15.457906,MAMBERE|Unavailable|Unavailable|Low(37),4.147034,17.368707,MAMBERE|Unavailable|Unavailable|Low(37),3.516667,16.05,KADEI|Unavailable|Unavailable|Low(35)",,Baeopogon indicator,ANSP,122699,1,2
Manjakatompo,Madagascar,,,-18.967713,47.26902,yes,High(87),,"-19.324569,47.427119,MANJAKATOMPO|Unavailable|Unavailable|High(87),-18.967713,47.26902,MANJAKATOMPO|Unavailable|Unavailable|High(87)",,Hypsipetes madagascariensis,University of Michigan Museum of Zoology,98579,1,2
Marlborough; Harare,Zimbabwe,,,-17.746809,31.008061,yes,Low(41),Unavailable,"-18.324247,32.001105,MARLBOROUGH|Unavailable|Unavailable|Low(41),-17.746809,31.008061,MARLBOROUGH|Unavailable|Unavailable|Low(41),-17.836111,31.040833,SALISBURY|Unavailable|Unavailable|Low(39),-17.817778,31.044722,SALISBURY|Unavailable|Unavailable|Low(39),-17.8333,31.05,SALISBURY|Unavailable|Unavailable|Low(39)",,Pycnonotus barbatus,University of Cambridge Museum of Zoology,UMZC 27/Pyc/11/d/16,1,2
"Matuguinao, Samar Island",Philippines,,,12.183333,124.983333,yes,Low(42),Unavailable,"12,125,SAMAR ISLAND|Unavailable|Unavailable|Low(42),12.1446,124.8856,MATUGUINAO|Unavailable|Unavailable|Low(40),12.183333,124.983333,MATUGUINAO|Unavailable|Unavailable|Low(40),11.833333,125,SAMAR|Unavailable|Unavailable|Low(35),12,125,SAMAR|Unavailable|Unavailable|Low(35),12,125,SAMAR|Unavailable|Unavailable|Low(35),11.8333,125,SAMAR|Unavailable|Unavailable|Low(35)",,Hypsipetes philippinus,"UPLB Museum of Natural History, Philippines"," MNH 4092,  MNH 4104",2,4
Mayukwayukwa,Zambia,,,-14.541650772510113,24.214081405661084,no,,,,,Pycnonotus barbatus,Field1,1_NA_8591,1,2
Mayukwayukwa,Zambia,,,-14.541650772510113,24.214081405661084,no,,,,,Pycnonotus barbatus,Field1,"1_NA_8590, 1_NA_8592, 1_NA_8593, 1_NA_8594, 1_NA_8585, 1_NA_8586, 1_NA_8587, 1_NA_8588, 1_NA_8602",9,2
"Meilong County, Shanwei City, Guangdong",China,,,22.785785,115.374009,yes,Medium(59),,"22.517421,113.365399,(g3)Guangdong|Unavailable|5000|Medium(59)",,Pycnonotus sinensis,"Museum of Biology,Sun Yat-sen University","SYS0002805, SYS0002788",2,3
"Meligan Range, Ulu Lanhon, 58.5 km SSE Sipitang",Malaysia,,,4.594151,115.751406,yes,High(83),Unavailable,"4.594151,115.751406,Distance SSE of SIPITANG|Unavailable|Unavailable|High(83),4.260815,115.867974,Distance SSE of SIPITANG|Unavailable|Unavailable|High(83),4.544117,115.73469,Distance SSE of SIPITANG|Unavailable|Unavailable|High(83)",,Alophoixus ruficrissus,"Louisiana State University, Museum of Natural Science","181569, 181570, 181571",3,3
"Mendolong, approximatley 31 km SE Sipitang",Malaysia,,,4.916505,115.766198,yes,High(83),,"4.551865,115.865456,Distance SouthEast of SIPITANG|Unavailable|Unavailable|High(83),4.885198,115.748886,Distance SouthEast of SIPITANG|Unavailable|Unavailable|High(83),4.835165,115.732171,Distance SouthEast of SIPITANG|Unavailable|Unavailable|High(83)",,Alophoixus ruficrissus,"Louisiana State University, Museum of Natural Science",176700,1,2
Mirador Moka,Equatorial Guinea,,,3.333333,8.666667,no,Low(34),unavailable,"3.333333,8.666667,MOKA|Unavailable|Unavailable|Low(34)",,Arizelocichla tephrolaema,"Louisiana State University, Museum of Natural Science","190028, 190029",2,2
Moka Research Station,Equatorial Guinea,,,3.358867,8.660906,yes,Low(34),,"3.333333,8.666667,MOKA|Unavailable|Unavailable|Low(34)",,Arizelocichla tephrolaema,"Louisiana State University, Museum of Natural Science","190027, 190031",2,2
"Mount Meru, E side",Tanzania,,,-3.247023,36.828897,yes,Low(40),Unavailable,"-3.233333,36.75,MOUNT MERU|Unavailable|Unavailable|Low(40),-3.216667,36.666667,MERU|Unavailable|Unavailable|Low(34),-3.233333,36.75,MERU|Unavailable|Unavailable|Low(34),-3.326734,36.900834,MERU|Unavailable|Unavailable|Low(34)",,Pycnonotus barbatus,University of Michigan Museum of Zoology,94957,1,3
"Mt Chitagal (12°35'48.1""S 35°15'09.5""E)",Mozambique,,,-12.596694,35.252639,no,Low(38),unavailable,"-12.595833,35.252222,CHITAGAL|Unavailable|Unavailable|Low(38)",,"Eurillas virens, Phyllastrephus cabanisi",Field1,"1_NA_4842, 1_NA_8082, 1_NA_8085",3,3
"Mt Sanga (12°22'57.4""S 35°20'03.1""E)",Mozambique,,,-12.382611,35.334194,no,Low(35),unavailable,"9.437856,-0.950314,SANGA|Unavailable|Unavailable|Low(35),6.430494,0.190272,SANGA|Unavailable|Unavailable|Low(35)",,Eurillas virens,Field1,"1_NA_4840, 1_NA_4841",2,3
"Mt Sanga (12°22'57.4""S 35°20'03.1""E)",Mozambique,,,-12.382611,35.334194,no,Low(35),unavailable,"-18.625278,35.326389,SANGA|Unavailable|Unavailable|Low(35),-18.833333,35.866667,SANGA|Unavailable|Unavailable|Low(35),-17.414167,34.38,SANGA|Unavailable|Unavailable|Low(35),-13.683333,35.066667,SANGA|Unavailable|Unavailable|Low(35),-12.384722,35.334167,SANGA|Unavailable|Unavailable|Low(35),-12.405278,35.4125,SANGA|Unavailable|Unavailable|Low(35),-12.302654,35.431903,SANGA|Unavailable|Unavailable|Low(35),-12.499722,35.427778,SANGA|Unavailable|Unavailable|Low(35),-13.1,35.316667,SANGA|Unavailable|Unavailable|Low(35)",,Phyllastrephus cabanisi,Field1,1_NA_8084,1,3
"Mt. Kanyi, Sipatung River, 3.3 km W of Kg Sebako, Sematan (logged good quality forest)",Malaysia,,,1.6833056997812768,109.65000839888337,no,Medium(40),unavailable,"1.8,109.736827,Distance West of %SEMATAN%|Unavailable|Unavailable|Medium(40),1.8333,109.703459,Distance West of %SEMATAN%|Unavailable|Unavailable|Medium(40)",,Alophoixus phaeocephalus,"Louisiana State University, Museum of Natural Science","187857, 187860, 187861",3,3
"Mt. Kanyi, approximately 4 km W Kampung Sebako",Malaysia,,,1.6833056997812768,109.65000839888337,no,High(89),unavailable,"1.73638,109.701111,Distance West of KAMPUNG SEBAKO|Unavailable|Unavailable|High(89)",,Alophoixus phaeocephalus,"Louisiana State University, Museum of Natural Science","187858, 187859",2,3
"Mt. Lucia, approximately 8 km N Tawau Hills Park headquarters",Malaysia,,,4.470886,117.938754,yes,High(91),Unavailable,"4.539001,117.9167,Distance North of TAWAU HILLS PARK|Unavailable|Unavailable|High(91),4.322102,117.8871,Distance North of TAWAU|Unavailable|Unavailable|High(80),4.339002,117.9,Distance North of TAWAU|Unavailable|Unavailable|High(80),4.655634,117.666667,Distance North of TAWAU|Unavailable|Unavailable|High(80)",,"Alophoixus phaeocephalus, Alophoixus ruficrissus","Louisiana State University, Museum of Natural Science","176707, 176701",2,3
Mt. Trus Madi,Malaysia,,,5.55,116.516667,no,High(90),unavailable,"5.55,116.516667,MOUNT TRUS MADI|Unavailable|Unavailable|High(90)",,Alophoixus ruficrissus,"Louisiana State University, Museum of Natural Science","176702, 176703, 176704",3,3
"Mt. Trus Madi, 17 km ESE Tambunan",Malaysia,,,5.657856,116.542649,yes,High(83),Unavailable,"5.607856,116.559304,Distance ESE of TAMBUNAN|Unavailable|Unavailable|High(83),5.607856,116.509304,Distance ESE of TAMBUNAN|Unavailable|Unavailable|High(83),5.657856,116.542649,Distance ESE of TAMBUNAN|Unavailable|Unavailable|High(83),5.607889,116.509337,Distance ESE of TAMBUNAN|Unavailable|Unavailable|High(83)",,Alophoixus ruficrissus,"Louisiana State University, Museum of Natural Science","165855, 165856",2,2
"Mulambalamba, Kivu, Zaïre",DRC,,,-3.35,28.75,no,Low(34),unavailable,"-2.5,28,KIVU|Unavailable|Unavailable|Low(34),-1.35,25.833333,MULAMBA|Unavailable|Unavailable|Low(24),-2.516667,27.166667,MULAMBA|Unavailable|Unavailable|Low(24),0.5,28.383333,MULAMBA|Unavailable|Unavailable|Low(24),-1.4,25.55,MULAMBA|Unavailable|Unavailable|Low(24),-3.583333,26.683333,MULAMBA|Unavailable|Unavailable|Low(24),-6.133333,22.65,MULAMBA|Unavailable|Unavailable|Low(24),-9.116667,23.666667,MULAMBA|Unavailable|Unavailable|Low(24),-2.716667,28.566667,MULAMBA|Unavailable|Unavailable|Low(24),-6.216667,24.333333,MULAMBA|Unavailable|Unavailable|Low(24),-6.866667,24.05,MULAMBA|Unavailable|Unavailable|Low(24),-6.983333,24.383333,MULAMBA|Unavailable|Unavailable|Low(24)",,Phyllastrephus hypochloris,"Royal Belgian Institute of Natural Sciences, Brussels",RBINS 70301,1,3
"Mulu National Park, Deer Cave",Malaysia,,,4.0247,114.8228,no,,,,,Alophoixus phaeocephalus,"Louisiana State University, Museum of Natural Science","186212, 186213",2,2
"Mulu National Park, headquarters",Malaysia,,,4.042487,114.811771,yes,,,,,Alophoixus phaeocephalus,"Louisiana State University, Museum of Natural Science",186214,1,2
"Mwenga, Kivu, Zaïre",DRC,,,-3.038611,28.4325,yes,Low(36),Unavailable,"-10.695833,26.699722,MWENGA|Unavailable|Unavailable|Low(36),-3.038611,28.4325,MWENGA|Unavailable|Unavailable|Low(36),-2.5,28,KIVU|Unavailable|Unavailable|Low(34)",,Phyllastrephus hypochloris,"Royal Belgian Institute of Natural Sciences, Brussels","RBINS 71069, RBINS 71070",2,2
"Nakhon Nayok Province, Nakhon Nayok",Thailand,,,14.204631,101.212948,yes,Low(51),Unavailable,"14.1667,101.1,NAKHON NAYOK PROVINCE|Unavailable|Unavailable|Low(51),14.1667,101.1,NAKHON NAYOK|Unavailable|Unavailable|Low(42),14.204631,101.212948,NAKHON NAYOK|Unavailable|Unavailable|Low(42),14.166667,101.1,NAKHON NAYOK|Unavailable|Unavailable|Low(42),14.25,101.2,NAKHON NAYOK|Unavailable|Unavailable|Low(42),14.2773,101.233794,NAKHON NAYOK|Unavailable|Unavailable|Low(42),8.391017,99.822028,NAKHON|Unavailable|Unavailable|Low(36),14.204631,101.212948,NAYOK|Unavailable|Unavailable|Low(35)",,Iole propinqua,ANSP,112596,1,2
NULL,Equatorial Guinea,,,,,no,,,,,Eurillas latirostris,Field1,"1_NA_4651, 1_NA_4649, 1_NA_4259, 1_NA_4550",4,NA
NULL,Ghana,,,,,no,,,,,Eurillas latirostris,Field1,"1_NA_4547, 1_NA_4548, 1_NA_4564",3,NA
Nagar,India,,,27.923195,78.550412,no,High(80),unavailable,"27.923195,78.550412,NAGAR|Unavailable|Unavailable|High(80),27.186511,77.862929,NAGAR|Unavailable|Unavailable|High(80),29.126737,76.7264,NAGAR|Unavailable|Unavailable|High(80),28.140804,77.942688,NAGAR|Unavailable|Unavailable|High(80),27.844124,77.788886,NAGAR|Unavailable|Unavailable|High(80),27.106501,77.668983,NAGAR|Unavailable|Unavailable|High(80),26.889696,78.08287,NAGAR|Unavailable|Unavailable|High(80),30.299776,76.567327,NAGAR|Unavailable|Unavailable|High(80),32.13808,77.173933,NAGAR|Unavailable|Unavailable|High(80),25.619657,79.245521,NAGAR|Unavailable|Unavailable|High(80),23.266667,82.45,NAGAR|Unavailable|Unavailable|High(80),33.021441,74.471661,NAGAR|Unavailable|Unavailable|High(80),13.824249,75.030696,NAGAR|Unavailable|Unavailable|High(80),26.464186,75.203823,NAGAR|Unavailable|Unavailable|High(80),25.900159,75.825735,NAGAR|Unavailable|Unavailable|High(80),27.424172,77.099838,NAGAR|Unavailable|Unavailable|High(80),24.069317,79.466307,NAGAR|Unavailable|Unavailable|High(80),26.729993,82.675047,NAGAR|Unavailable|Unavailable|High(80),28.046478,78.416747,NAGAR|Unavailable|Unavailable|High(80),27.967998,79.064712,NAGAR|Unavailable|Unavailable|High(80),26.967694,82.43488,NAGAR|Unavailable|Unavailable|High(80),31.23222,77.067354,NAGAR|Unavailable|Unavailable|High(80),29.89577,79.334708,NAGAR|Unavailable|Unavailable|High(80),24.991769,81.073532,NAGAR|Unavailable|Unavailable|High(80),29.994127,78.773643,NAGAR|Unavailable|Unavailable|High(80),27.595985,79.607539,NAGAR|Unavailable|Unavailable|High(80),25.98161,82.392395,NAGAR|Unavailable|Unavailable|High(80),19.011705,78.101604,NAGAR|Unavailable|Unavailable|High(80),27.967096,77.685947,NAGAR|Unavailable|Unavailable|High(80),26.713301,80.965811,NAGAR|Unavailable|Unavailable|High(80),24.126128,82.852236,NAGAR|Unavailable|Unavailable|High(80),27.558491,81.61926,NAGAR|Unavailable|Unavailable|High(80),26.957901,81.115336,NAGAR|Unavailable|Unavailable|High(80)",,Pycnonotus cafer,Royal Ontario Museum,"T 8136, 462, 29, 22",1,NA
"Nanxiong City,Guangdong",China,,,25.120835,114.307133,yes,Medium(59),,"22.517421,113.365399,(g3)Guangdong|Unavailable|5000|Medium(59)",,Pycnonotus sinensis,"Museum of Biology,Sun Yat-sen University",SYS0002724,1,4
"Nature Trail, Borneo",Malaysia,,,4.968283,117.809631,yes,Low(36),,"4,115,BORNEO|Unavailable|Unavailable|Low(36),1,114,BORNEO|Unavailable|Unavailable|Low(36)",,Alophoixus phaeocephalus,Field1,"1_NA_451, 1_NA_452",2,2
"Naujan Lake, Mindoro",Philippines,,,13.170147,121.347019,yes,Low(37),,"12.9304,121.0947,MINDORO|Unavailable|Unavailable|Low(37),14.662121,121.030999,MINDORO|Unavailable|Unavailable|Low(37),16.9158,120.4092,MINDORO|Unavailable|Unavailable|Low(37),17.559226,120.349376,MINDORO|Unavailable|Unavailable|Low(37),12.8333,121.0833,MINDORO|Unavailable|Unavailable|Low(37),15.05,120.066667,MINDORO|Unavailable|Unavailable|Low(37),17.562021,120.355611,MINDORO|Unavailable|Unavailable|Low(37),16.911068,120.412269,MINDORO|Unavailable|Unavailable|Low(37),13.323283,121.302818,NAUJAN|Unavailable|Unavailable|Low(36),13.35,121.25,NAUJAN|Unavailable|Unavailable|Low(36),13.25,121.2,NAUJAN|Unavailable|Unavailable|Low(36),11.6497,122.1014,NAUJAN|Unavailable|Unavailable|Low(36)",,Hypsipetes mindorensis,Royal Ontario Museum,"JHF 22596, JJM 205",1,4
Newcastle; Natal,South Africa,,,-27.757956,29.931803,yes,Low(39),,"-23.476474,27.891995,NEWCASTLE|Unavailable|Unavailable|Low(39),-27.99321,25.619144,NEWCASTLE|Unavailable|Unavailable|Low(39),-27.208296,25.020365,NEWCASTLE|Unavailable|Unavailable|Low(39),-32.140441,26.863833,NEWCASTLE|Unavailable|Unavailable|Low(39),-24.137173,27.300405,NEWCASTLE|Unavailable|Unavailable|Low(39),-27.75,29.933333,NEWCASTLE|Unavailable|Unavailable|Low(39),-27.7424,23.414255,NEWCASTLE|Unavailable|Unavailable|Low(39),-27.767442,23.402737,NEWCASTLE|Unavailable|Unavailable|Low(39),-28.36774,29.955845,NEWCASTLE|Unavailable|Unavailable|Low(39),-27.75,29.9167,NEWCASTLE|Unavailable|Unavailable|Low(39),-27.801236,29.879362,NEWCASTLE|Unavailable|Unavailable|Low(39),-27.757956,29.931803,NEWCASTLE|Unavailable|Unavailable|Low(39),-27.770902,29.978255,NEWCASTLE|Unavailable|Unavailable|Low(39),-29,30,NATAL|Unavailable|Unavailable|Low(35),-29.866667,31.05,NATAL|Unavailable|Unavailable|Low(35),-29,30,NATAL|Unavailable|Unavailable|Low(35),-26.429855,28.16055,NATAL|Unavailable|Unavailable|Low(35),-28.388578,27.228258,NATAL|Unavailable|Unavailable|Low(35),-22.909428,29.399831,NATAL|Unavailable|Unavailable|Low(35)",,Pycnonotus barbatus,University of Cambridge Museum of Zoology,"UMZC 27/Pyc/11/d/6, UMZC 27/Pyc/11/d/7, UMZC 27/Pyc/11/d/19",3,3
Ngurdoto [Momela],Tanzania,,,-3.291527,36.927382,yes,,,,,"Phyllastrephus fischeri, Pycnonotus barbatus",University of Cambridge Museum of Zoology,"UMZC 27/Pyc/10/f/1, UMZC 27/Pyc/11/d/18",2,3
"Ningming County, Chongzuo City, Guangxi",China,,,22.411667,107.359167,yes,Low(38),Unavailable,"23.3345,110.223,NINGMING|Unavailable|Unavailable|Low(38),22.168236,107.007296,NINGMING|Unavailable|Unavailable|Low(38),22.465414,107.396221,CHONGZUO|Unavailable|Unavailable|Low(38),29.1,89.6,CHONGZUO|Unavailable|Unavailable|Low(38),22.018671,107.278662,NINGMING|Unavailable|Unavailable|Low(38),22.12058,107.12538,NINGMING|Unavailable|Unavailable|Low(38),29.1,89.6,CHONGZUO|Unavailable|Unavailable|Low(38),22.1333,107.1,NINGMING|Unavailable|Unavailable|Low(38),22.4667,107.5333,CHONGZUO|Unavailable|Unavailable|Low(38),22.411667,107.359167,CHONGZUO|Unavailable|Unavailable|Low(38),26.8497,109.352,GUANGXI|Unavailable|Unavailable|Low(37),32.091419,120.242049,GUANGXI|Unavailable|Unavailable|Low(37),24,109,GUANGXI|Unavailable|Unavailable|Low(37)",,Pycnonotus sinensis,"Museum of Biology,Sun Yat-sen University",SYS0002796,1,3
"Njesi Plateau (12°49'35.6""S 35°11'25.6""E)",Mozambique,,,-12.826556,35.190444,no,,,,,Eurillas virens,Field1,"1_NA_4836, 1_NA_4837, 1_NA_4838, 1_NA_4839",4,1
"Njesi Plateau (12°49'35.6""S 35°11'25.6""E)",Mozambique,,,-12.826556,35.190444,no,,,,,"Arizelocichla milanjensis, Phyllastrephus cabanisi",Field1,"1_NA_801, 1_NA_8083",2,1
"Njesi Plateau (12°49'35.6""S 35°11'25.6""E)",Mozambique,,,-12.826556,35.190444,no,,,,,Eurillas virens,Field1,1_NA_4843,1,1
"North Maluku Province, Obi Islands; Obi Island",Indonesia,,,-1.538936,127.668767,yes,Low(42),Unavailable,"-0.25,127.5,NORTH MALUKU|Unavailable|Unavailable|Low(42),-1.41167,127.668601,OBI ISLANDS|Unavailable|Unavailable|Low(41),-4,128,MALUKU|Unavailable|Unavailable|Low(36),-3.8932,119.8266,MALUKU|Unavailable|Unavailable|Low(36),-4,129,MALUKU|Unavailable|Unavailable|Low(36),-1.554037,127.77245,OBI|Unavailable|Unavailable|Low(33)",,Hypsipetes lucasi,ANSP,51961,1,4
"North Maluku Province, South Halmahera Regency, Bacan Islands",Indonesia,,,-0.62351,127.528634,yes,Medium(59),,"0.956061,127.838826,(g3)Halmahera|Unavailable|274560|Medium(59)",,Hypsipetes chloris,ANSP,"136780, 136781",2,4
"North Sumatra Province, South Nias Regency, Batu Islands; Tanahmasa Island",Indonesia,,,-0.087937,98.419157,yes,Low(43),Unavailable,"2,99,NORTH SUMATRA|Unavailable|Unavailable|Low(43),-7.723611,108.945833,BATU|Unavailable|Unavailable|Low(34),-3.0363,119.7986,BATU|Unavailable|Unavailable|Low(34),-7.806111,110.685556,BATU|Unavailable|Unavailable|Low(34),2.4985,96.4085,BATU|Unavailable|Unavailable|Low(34),-3.6959,120.3861,BATU|Unavailable|Unavailable|Low(34),-6.928,110.5513,BATU|Unavailable|Unavailable|Low(34),1.6394,125.0144,BATU|Unavailable|Unavailable|Low(34),-3.1116,119.9353,BATU|Unavailable|Unavailable|Low(34),-3.5136,118.9821,BATU|Unavailable|Unavailable|Low(34),-0.366667,116.35,BATU|Unavailable|Unavailable|Low(34),-6.916667,110.55,BATU|Unavailable|Unavailable|Low(34),-2.9194,120.1818,BATU|Unavailable|Unavailable|Low(34),-7.399722,111.011111,BATU|Unavailable|Unavailable|Low(34),-8.102222,110.999444,BATU|Unavailable|Unavailable|Low(34),-7.986111,111.011389,BATU|Unavailable|Unavailable|Low(34),0.5464,101.0694,BATU|Unavailable|Unavailable|Low(34),-5.3836,120.3901,BATU|Unavailable|Unavailable|Low(34),-7.8308,113.2851,BATU|Unavailable|Unavailable|Low(34),-7.8414,113.2941,BATU|Unavailable|Unavailable|Low(34),-8.638,115.1315,BATU|Unavailable|Unavailable|Low(34),-3.0045,119.6979,BATU|Unavailable|Unavailable|Low(34),-5.3323,120.0439,BATU|Unavailable|Unavailable|Low(34),-2.126944,130.348333,BATU|Unavailable|Unavailable|Low(34),-3.495,118.9763,BATU|Unavailable|Unavailable|Low(34),-7.87,112.528333,BATU|Unavailable|Unavailable|Low(34),-3.633333,120.033333,BATU|Unavailable|Unavailable|Low(34),-7.501667,111.04,BATU|Unavailable|Unavailable|Low(34),1.1215,97.6181,NIAS|Unavailable|Unavailable|Low(34),-7.6984,111.9212,BATU|Unavailable|Unavailable|Low(34),-7.5367,111.6535,BATU|Unavailable|Unavailable|Low(34),-6.1873,106.8875,TANAHMAS|Unavailable|Unavailable|Low(25),-6.9611,110.4069,TANAHMAS|Unavailable|Unavailable|Low(25)",,Iole crypta,ANSP,56534,1,4
"Nyanza Province, Siaya, Yala River",Kenya,,,0.000692,34.434826,yes,Low(45),Unavailable,"-0.5,34.5,NYANZA PROVINCE|Unavailable|Unavailable|Low(45),-0.5,34.5,NYANZA PROVINCE|Unavailable|Unavailable|Low(45),-0.5,34.5,NYANZA|Unavailable|Unavailable|Low(36),-0.5,34.5,NYANZA|Unavailable|Unavailable|Low(36),0.060701,34.28806,SIAYA|Unavailable|Unavailable|Low(35),-0.016667,34.283333,SIAYA|Unavailable|Unavailable|Low(35),0.066667,34.316667,SIAYA|Unavailable|Unavailable|Low(35),-0.016,34.283,SIAYA|Unavailable|Unavailable|Low(35),0.055631,34.143535,YALA|Unavailable|Unavailable|Low(34),0.094382,34.536023,YALA|Unavailable|Unavailable|Low(34)",,"Eurillas ansorgei, Baeopogon indicator, Chlorocichla laetissima",ANSP,"96091, 95916, 95917, 96059, 96060, 96062, 96064, 96065, 96066, 96067",10,4
"Okeho, 60 mi. NW Ibadan",Nigeria,,,8.045358,3.340363,yes,High(81),,"7.994502,3.283382,Distance NorthWest of IBADAN|Unavailable|Unavailable|High(81),8.050268,3.294065,Distance NorthWest of IBADAN|Unavailable|Unavailable|High(81),11.461599,3.392673,Distance NorthWest of IBADAN|Unavailable|Unavailable|High(81),7.296902,2.586116,Distance NorthWest of IBADAN|Unavailable|Unavailable|High(81),11.000441,11.459645,Distance NorthWest of IBADAN|Unavailable|Unavailable|High(81),7.141951,2.147103,Distance NorthWest of IBADAN|Unavailable|Unavailable|High(81),8.000239,3.310767,Distance NorthWest of IBADAN|Unavailable|Unavailable|High(81),7.864353,3.755484,Distance NorthWest of IBADAN|Unavailable|Unavailable|High(81),7.896348,2.875586,Distance NorthWest of IBADAN|Unavailable|Unavailable|High(81),7.854617,2.84262,Distance NorthWest of IBADAN|Unavailable|Unavailable|High(81)",,Atimastillas flavicollis,"Louisiana State University, Museum of Natural Science",23584,1,2
Oyala,Equatorial Guinea,,,1.621619,10.833914,no,High(80),unavailable,"1.621619,10.833914,OYALA|Unavailable|Unavailable|High(80)",,"Bleda notatus, Bleda syndactylus, Criniger calurus, Criniger chloronotus, Criniger ndussumensis, Eurillas ansorgei, Eurillas curvirostris, Eurillas latirostris, Eurillas virens, Phyllastrephus icterinus, Phyllastrephus xavieri, Stelgidillas gracilirostris",Field1,"1_NA_1216, 1_NA_1263, 1_NA_1280, 1_NA_1178, 1_NA_1267, 1_NA_1204, 1_NA_1162, 1_NA_1147, 1_NA_1288, 1_NA_1169, 1_NA_1179, 1_NA_1198, 1_NA_1154, 1_NA_1155, 1_NA_1221, 1_NA_1250, 1_NA_1176, 1_NA_1223, 1_NA_1144, 1_NA_1184, 1_NA_1237, 1_NA_1158, 1_NA_1129, 1_NA_1148, 1_NA_1185, 1_NA_1278, 1_NA_1230, 1_NA_1238, 1_NA_1308, 1_NA_1226, 1_NA_1172, 1_NA_1209, 1_NA_1291, 1_NA_1244, 1_NA_1189, 1_NA_1242, 1_NA_1301, 1_NA_1313, 1_NA_1245, 1_NA_1286, 1_NA_1275, 1_NA_1156, 1_NA_1133, 1_NA_1167, 1_NA_1153, 1_NA_1265, 1_NA_1231, 1_NA_1213, 1_NA_1235, 1_NA_1159, 1_NA_1222, 1_NA_1199, 1_NA_1297, 1_NA_1135, 1_NA_1217, 1_NA_1180, 1_NA_1274, 1_NA_1181, 1_NA_1186, 1_NA_1307, 1_NA_1194, 1_NA_1234, 1_NA_1303, 1_NA_1173, 1_NA_1200, 1_NA_1246, 1_NA_1224, 1_NA_1262, 1_NA_1130, 1_NA_1295, 1_NA_1306, 1_NA_1195, 1_NA_1149, 1_NA_1143, 1_NA_1304, 1_NA_1219, 1_NA_1160, 1_NA_1196, 1_NA_1210, 1_NA_1239, 1_NA_1266, 1_NA_1253, 1_NA_1218, 1_NA_1279, 1_NA_1283, 1_NA_1229, 1_NA_1271, 1_NA_1170, 1_NA_1247, 1_NA_1171, 1_NA_1220, 1_NA_1136, 1_NA_1161, 1_NA_1214, 1_NA_1255, 1_NA_1137, 1_NA_1284, 1_NA_1168, 1_NA_1311, 1_NA_1248, 1_NA_1174, 1_NA_1276, 1_NA_1197, 1_NA_1233, 1_NA_1163, 1_NA_1139, 1_NA_1152, 1_NA_1259, 1_NA_1236, 1_NA_1201, 1_NA_1134, 1_NA_1187, 1_NA_1272, 1_NA_1261, 1_NA_1146, 1_NA_1298, 1_NA_1227, 1_NA_1138, 1_NA_1205, 1_NA_1281, 1_NA_1240, 1_NA_1182, 1_NA_1145, 1_NA_1287, 1_NA_1190, 1_NA_1202, 1_NA_1310, 1_NA_1269, 1_NA_1188, 1_NA_1150, 1_NA_1289, 1_NA_1292, 1_NA_1254, 1_NA_1151, 1_NA_1300, 1_NA_1256, 1_NA_1258, 1_NA_1132, 1_NA_1183, 1_NA_1225, 1_NA_1191, 1_NA_1215, 1_NA_1302, 1_NA_1309, 1_NA_1228, 1_NA_1232, 1_NA_1177, 1_NA_1203, 1_NA_1312, 1_NA_1211, 1_NA_1212, 1_NA_1164, 1_NA_1296, 1_NA_1140, 1_NA_1166, 1_NA_1141, 1_NA_1290, 1_NA_1251, 1_NA_1241, 1_NA_1142, 1_NA_1257, 1_NA_1206, 1_NA_1207, 1_NA_1208, 1_NA_1270, 1_NA_1273, 1_NA_1243, 1_NA_1285, 1_NA_1299, 1_NA_1277, 1_NA_1131, 1_NA_1165, 1_NA_1128, 1_NA_1264, 1_NA_1282, 1_NA_1268, 1_NA_1293, 1_NA_1305, 1_NA_1252, 1_NA_1294, 1_NA_1157, 1_NA_1175, 1_NA_1249, 1_NA_1353, 1_NA_1344, 1_NA_1346, 1_NA_1343, 1_NA_1367, 1_NA_1369, 1_NA_1368, 1_NA_1364, 1_NA_1373, 1_NA_1375, 1_NA_1424, 1_NA_1402, 1_NA_1404, 1_NA_1405, 1_NA_1406, 1_NA_1417, 1_NA_1410, 1_NA_1408, 1_NA_1340, 1_NA_1339, 1_NA_1342, 1_NA_1389, 1_NA_1390, 1_NA_1388, 1_NA_1376, 1_NA_1414, 1_NA_1409, 1_NA_1415, 1_NA_1400, 1_NA_1398, 1_NA_1345, 1_NA_1347, 1_NA_1350, 1_NA_1370, 1_NA_1371, 1_NA_1391, 1_NA_1361, 1_NA_1377, 1_NA_1394, 1_NA_1355, 1_NA_1341, 1_NA_1378, 1_NA_1379, 1_NA_1365, 1_NA_1392, 1_NA_1363, 1_NA_1362, 1_NA_1381, 1_NA_1356, 1_NA_1383, 1_NA_1366, 1_NA_1380, 1_NA_1385, 1_NA_1360, 1_NA_1354, 1_NA_1358, 1_NA_1357, 1_NA_1386, 1_NA_1348, 1_NA_1351, 1_NA_1412, 1_NA_1403, 1_NA_1413, 1_NA_1416, 1_NA_1411, 1_NA_1407, 1_NA_1349, 1_NA_1401, 1_NA_1352, 1_NA_1338, 1_NA_1399, 1_NA_1397, 1_NA_1395, 1_NA_1372, 1_NA_1396, 1_NA_1374, 1_NA_1387, 1_NA_1393, 1_NA_1384, 1_NA_1382, 1_NA_1359, 1_NA_2833, 1_NA_2832, 1_NA_2831, 1_NA_2840, 1_NA_2839, 1_NA_2836, 1_NA_2837, 1_NA_2838, 1_NA_2841, 1_NA_2843, 1_NA_2842, 1_NA_4192, 1_NA_4194, 1_NA_4193, 1_NA_4405, 1_NA_4221, 1_NA_4232, 1_NA_4249, 1_NA_4251, 1_NA_4304, 1_NA_4312, 1_NA_4215, 1_NA_4212, 1_NA_4313, 1_NA_4315, 1_NA_4406, 1_NA_4210, 1_NA_4209, 1_NA_4242, 1_NA_4305, 1_NA_4250, 1_NA_4390, 1_NA_4279, 1_NA_4273, 1_NA_4274, 1_NA_4287, 1_NA_4297, 1_NA_4282, 1_NA_4280, 1_NA_4283, 1_NA_4276, 1_NA_4272, 1_NA_4266, 1_NA_4301, 1_NA_4385, 1_NA_4349, 1_NA_4376, 1_NA_4296, 1_NA_4377, 1_NA_4252, 1_NA_4373, 1_NA_4456, 1_NA_4211, 1_NA_4370, 1_NA_4538, 1_NA_4619, 1_NA_4620, 1_NA_4600, 1_NA_4429, 1_NA_4610, 1_NA_4592, 1_NA_4555, 1_NA_4627, 1_NA_4541, 1_NA_4632, 1_NA_4546, 1_NA_4631, 1_NA_4537, 1_NA_4539, 1_NA_4428, 1_NA_4602, 1_NA_4611, 1_NA_4612, 1_NA_4621, 1_NA_4545, 1_NA_4561, 1_NA_4626, 1_NA_4540, 1_NA_4560, 1_NA_4622, 1_NA_4427, 1_NA_4554, 1_NA_4558, 1_NA_4535, 1_NA_4628, 1_NA_4575, 1_NA_4576, 1_NA_4559, 1_NA_4396, 1_NA_4260, 1_NA_4501, 1_NA_4445, 1_NA_4505, 1_NA_4290, 1_NA_4363, 1_NA_4291, 1_NA_4409, 1_NA_4295, 1_NA_4288, 1_NA_4269, 1_NA_4292, 1_NA_4400, 1_NA_4231, 1_NA_4208, 1_NA_4444, 1_NA_4362, 1_NA_4417, 1_NA_4594, 1_NA_4584, 1_NA_4411, 1_NA_4294, 1_NA_4410, 1_NA_4332, 1_NA_4699, 1_NA_4235, 1_NA_4237, 1_NA_4361, 1_NA_4284, 1_NA_4285, 1_NA_4277, 1_NA_4309, 1_NA_4327, 1_NA_4262, 1_NA_4270, 1_NA_4289, 1_NA_4261, 1_NA_4271, 1_NA_4365, 1_NA_4265, 1_NA_4268, 1_NA_4328, 1_NA_4267, 1_NA_4241, 1_NA_4366, 1_NA_4367, 1_NA_4453, 1_NA_4586, 1_NA_4392, 1_NA_4387, 1_NA_4302, 1_NA_4484, 1_NA_4329, 1_NA_4234, 1_NA_4659, 1_NA_4213, 1_NA_4306, 1_NA_4310, 1_NA_4455, 1_NA_4343, 1_NA_4216, 1_NA_4316, 1_NA_4375, 1_NA_4683, 1_NA_4311, 1_NA_4240, 1_NA_4454, 1_NA_4238, 1_NA_4476, 1_NA_4324, 1_NA_4393, 1_NA_4482, 1_NA_4474, 1_NA_4325, 1_NA_4478, 1_NA_4382, 1_NA_4403, 1_NA_4460, 1_NA_4470, 1_NA_4386, 1_NA_4461, 1_NA_4690, 1_NA_4648, 1_NA_4493, 1_NA_4331, 1_NA_4388, 1_NA_4344, 1_NA_4227, 1_NA_4300, 1_NA_4299, 1_NA_4342, 1_NA_4334, 1_NA_4338, 1_NA_4439, 1_NA_4337, 1_NA_4214, 1_NA_4345, 1_NA_4465, 1_NA_4336, 1_NA_4412, 1_NA_4413, 1_NA_4437, 1_NA_4364, 1_NA_4389, 1_NA_4404, 1_NA_4391, 1_NA_4397, 1_NA_4399, 1_NA_4383, 1_NA_4395, 1_NA_4407, 1_NA_4394, 1_NA_4401, 1_NA_4436, 1_NA_4374, 1_NA_4352, 1_NA_4379, 1_NA_4438, 1_NA_4378, 1_NA_4258, 1_NA_4353, 1_NA_4360, 1_NA_4355, 1_NA_4354, 1_NA_4217, 1_NA_4356, 1_NA_4358, 1_NA_4330, 1_NA_4347, 1_NA_4307, 1_NA_4469, 1_NA_4350, 1_NA_4351, 1_NA_4458, 1_NA_4341, 1_NA_4340, 1_NA_4314, 1_NA_4449, 1_NA_4408, 1_NA_4303, 1_NA_4236, 1_NA_4286, 1_NA_4233, 1_NA_4308, 1_NA_4466, 1_NA_4322, 1_NA_4317, 1_NA_4348, 1_NA_4239, 1_NA_4326, 1_NA_4381, 1_NA_4398, 1_NA_4524, 1_NA_4359, 1_NA_4228, 1_NA_4525, 1_NA_4529, 1_NA_4526, 1_NA_4442, 1_NA_4527, 1_NA_4528, 1_NA_4281, 1_NA_4534, 1_NA_4523, 1_NA_4357, 1_NA_4480, 1_NA_4522, 1_NA_4229, 1_NA_4419, 1_NA_4433, 1_NA_4435, 1_NA_4422, 1_NA_4218, 1_NA_4434, 1_NA_4418, 1_NA_4464, 1_NA_4421, 1_NA_4414, 1_NA_4431, 1_NA_4430, 1_NA_4415, 1_NA_4426, 1_NA_4432, 1_NA_4446, 1_NA_4441, 1_NA_4440, 1_NA_4468, 1_NA_4443, 1_NA_4450, 1_NA_4225, 1_NA_4226, 1_NA_4568, 1_NA_4595, 1_NA_4511, 1_NA_4588, 1_NA_4423, 1_NA_4504, 1_NA_4384, 1_NA_4598, 1_NA_4624, 1_NA_4614, 1_NA_4587, 1_NA_4499, 1_NA_4585, 1_NA_4488, 1_NA_4489, 1_NA_4593, 1_NA_4491, 1_NA_4346, 1_NA_4490, 1_NA_4579, 1_NA_4475, 1_NA_4578, 1_NA_4479, 1_NA_4512, 1_NA_4519, 1_NA_4590, 1_NA_4420, 1_NA_4510, 1_NA_4463, 1_NA_4589, 1_NA_4521, 1_NA_4596, 1_NA_4532, 1_NA_4335, 1_NA_4275, 1_NA_4494, 1_NA_4606, 1_NA_4502, 1_NA_4591, 1_NA_4467, 1_NA_4608, 1_NA_4581, 1_NA_4508, 1_NA_4416, 1_NA_4507, 1_NA_4230, 1_NA_4530, 1_NA_4542, 1_NA_4605, 1_NA_4629, 1_NA_4452, 1_NA_4623, 1_NA_4633, 1_NA_4603, 1_NA_4503, 1_NA_4599, 1_NA_4506, 1_NA_4509, 1_NA_4339, 1_NA_4424, 1_NA_4517, 1_NA_4448, 1_NA_4615, 1_NA_4533, 1_NA_4583, 1_NA_4597, 1_NA_4483, 1_NA_4549, 1_NA_4556, 1_NA_4531, 1_NA_4553, 1_NA_4451, 1_NA_4520, 1_NA_4293, 1_NA_4263, 1_NA_4473, 1_NA_4513, 1_NA_4518, 1_NA_4425, 1_NA_4514, 1_NA_4516, 1_NA_4515, 1_NA_4472, 1_NA_4500, 1_NA_4402, 1_NA_4498, 1_NA_4372, 1_NA_4368, 1_NA_4457, 1_NA_4477, 1_NA_4369, 1_NA_4207, 1_NA_4371, 1_NA_4447, 1_NA_4380, 1_NA_4485, 1_NA_4481, 1_NA_4459, 1_NA_4497, 1_NA_4487, 1_NA_4492, 1_NA_4495, 1_NA_4278, 1_NA_4219, 1_NA_4471, 1_NA_4630, 1_NA_4607, 1_NA_4604, 1_NA_4601, 1_NA_4617, 1_NA_4609, 1_NA_4613, 1_NA_4616, 1_NA_4565, 1_NA_4567, 1_NA_4574, 1_NA_4573, 1_NA_4557, 1_NA_4551, 1_NA_4563, 1_NA_4544, 1_NA_4552, 1_NA_4562, 1_NA_4577, 1_NA_4580, 1_NA_4761, 1_NA_8144, 1_NA_8146, 1_NA_8147, 1_NA_8141, 1_NA_8151, 1_NA_8143, 1_NA_8145, 1_NA_8148, 1_NA_8150, 1_NA_8142, 1_NA_8149, 1_NA_8159, 1_NA_8161, 1_NA_8160, 1_NA_9282, 1_NA_9281, 1_NA_9283",687,3
Oyala,Equatorial Guinea,,,1.621619,10.833914,no,High(80),unavailable,"1.621619,10.833914,OYALA|Unavailable|Unavailable|High(80)",,"Criniger calurus, Eurillas gracilis, Eurillas latirostris, Eurillas virens, Phyllastrephus icterinus",Field1,"1_NA_2834, 1_NA_4201, 1_NA_4200, 1_NA_4199, 1_NA_4569, 1_NA_4570, 1_NA_4625, 1_NA_4572, 1_NA_4536, 1_NA_4571, 1_NA_4566, 1_NA_4298, 1_NA_4224, 1_NA_4222, 1_NA_4223, 1_NA_4254, 1_NA_4255, 1_NA_4257, 1_NA_4253, 1_NA_4256, 1_NA_4220, 1_NA_4740, 1_NA_4750, 1_NA_4751, 1_NA_4747, 1_NA_4748, 1_NA_4749, 1_NA_4770, 1_NA_4779, 1_NA_4769, 1_NA_4771, 1_NA_4773, 1_NA_4776, 1_NA_4742, 1_NA_4735, 1_NA_4741, 1_NA_4739, 1_NA_4758, 1_NA_4757, 1_NA_4755, 1_NA_4777, 1_NA_4780, 1_NA_4781, 1_NA_4772, 1_NA_4774, 1_NA_4762, 1_NA_4763, 1_NA_4727, 1_NA_4724, 1_NA_4778, 1_NA_4743, 1_NA_8152, 1_NA_8140, 1_NA_8153",54,3
Oyala,Equatorial Guinea,,,1.621619,10.833914,no,High(80),unavailable,"1.621619,10.833914,OYALA|Unavailable|Unavailable|High(80)",,Eurillas virens,Field1,"1_NA_4725, 1_NA_4734, 1_NA_4732, 1_NA_4746, 1_NA_4745, 1_NA_4744, 1_NA_4731",7,3
Oyala,Equatorial Guinea,,,1.621619,10.833914,no,High(80),unavailable,"1.621619,10.833914,OYALA|Unavailable|Unavailable|High(80)",,Eurillas virens,Field1,"1_NA_4730, 1_NA_4729, 1_NA_4753, 1_NA_4728, 1_NA_4759, 1_NA_4733, 1_NA_4783, 1_NA_4754, 1_NA_4782, 1_NA_4775, 1_NA_4752, 1_NA_4767, 1_NA_4766, 1_NA_4765, 1_NA_4764, 1_NA_4760, 1_NA_4756",17,3
"Oyala, 1.3 km NE Universidad Americana de Guinea Ecuatorial",Equatorial Guinea,,,1.61387,10.871368,yes,Medium(50),Unavailable,"1.591641,10.508311,Distance NorthEast of %GUINEA ECUATORIAL%|Unavailable|Unavailable|Medium(50),2.008308,10.008313,Distance NorthEast of %GUINEA ECUATORIAL%|Unavailable|Unavailable|Medium(50)",,Bleda notatus,"Louisiana State University, Museum of Natural Science","190023, 190024",2,2
"Oyala, Universidad Americana de Guinea Ecuatorial",Equatorial Guinea,,,1.606881,10.859243,yes,Low(47),,"1.583333,10.5,GUINEA ECUATORIAL|Unavailable|Unavailable|Low(47),2,10,GUINEA ECUATORIAL|Unavailable|Unavailable|Low(47),1.621619,10.833914,OYALA|Unavailable|Unavailable|Low(35)",,Bleda notatus,"Louisiana State University, Museum of Natural Science",190021,1,2
"Oyala, vicinity of Universidad Americana de Guinea Ecuatorial",Equatorial Guinea,,,1.606881,10.859243,no,Low(47),unavailable,"1.583333,10.5,GUINEA ECUATORIAL|Unavailable|Unavailable|Low(47),2,10,GUINEA ECUATORIAL|Unavailable|Unavailable|Low(47),1.621619,10.833914,OYALA|Unavailable|Unavailable|Low(35)",,Bleda notatus,"Louisiana State University, Museum of Natural Science",190022,1,2
"Padawan, Borneo Highlands Resort",Malaysia,,,1.16428,110.25876,no,Low(37),unavailable,"1.16428,110.25876,PADAWAN|Unavailable|Unavailable|Low(37),1,114,BORNEO|Unavailable|Unavailable|Low(36),4,115,BORNEO|Unavailable|Unavailable|Low(36)",,Alophoixus phaeocephalus,"Louisiana State University, Museum of Natural Science",187864,1,3
"Palawan, Balabac",Philippines,,,7.9748,117.0165,yes,Low(37),,"7.9748,117.0165,BALABAC|Unavailable|Unavailable|Low(37),10.7891,124.555,PALAWAN|Unavailable|Unavailable|Low(37),11.0366,124.3964,PALAWAN|Unavailable|Unavailable|Low(37),7.9868,117.0645,BALABAC|Unavailable|Unavailable|Low(37),6.9,122.15,BALABAC|Unavailable|Unavailable|Low(37),11.8921,121.5455,PALAWAN|Unavailable|Unavailable|Low(37),9.5,118.5,PALAWAN|Unavailable|Unavailable|Low(37),16.7304,121.7353,PALAWAN|Unavailable|Unavailable|Low(37),7.983333,117.066667,BALABAC|Unavailable|Unavailable|Low(37),16.724039,121.847291,PALAWAN|Unavailable|Unavailable|Low(37),14.417578,121.030226,PALAWAN|Unavailable|Unavailable|Low(37),10.066,118.905,PALAWAN|Unavailable|Unavailable|Low(37),9.5,118.5,PALAWAN|Unavailable|Unavailable|Low(37),14.407546,121.024144,BALABAC|Unavailable|Unavailable|Low(37),10.066713,118.905002,PALAWAN|Unavailable|Unavailable|Low(37),8.633333,123.4,PALAWAN|Unavailable|Unavailable|Low(37),14.632553,121.001169,PALAWAN|Unavailable|Unavailable|Low(37),16.704815,121.850321,PALAWAN|Unavailable|Unavailable|Low(37)",,Alophoixus frater,ANSP,51952,1,4
"Palawan, Puerto Princesa City",Philippines,,,9.791447,118.670863,yes,Medium(65),,"9.915757,118.802871,(g3)Puerto Princesa|Unavailable|7730|Medium(65)",,Alophoixus frater,ANSP,"136764, 167926",2,4
"Phitsanulok Province, Mueang Phitsanulok District, Watpa; 70 miles E Phitsanulok, headwaters of Pasak River",Thailand,,,16.830564,101.313516,yes,High(86),Unavailable,"16.913917,101.563977,Distance East of PHITSANULOK|Unavailable|Unavailable|High(86),16.822072,101.322054,Distance East of PHITSANULOK|Unavailable|Unavailable|High(86),16.830564,101.313516,Distance East of PHITSANULOK|Unavailable|Unavailable|High(86),16.91395,101.563978,Distance East of PHITSANULOK|Unavailable|Unavailable|High(86),16.780606,101.346574,Distance East of PHITSANULOK|Unavailable|Unavailable|High(86)",,"Iole propinqua, Pycnonotus conradi",ANSP,"115147, 115146, 114813, 114814",4,3
"Pico Basile, K20 Camp",Equatorial Guinea,,,3.640087,8.770582,yes,Low(41),Unavailable,"3.584296,8.760554,PICO BASILE|Unavailable|Unavailable|Low(41),3.5833,8.7667,PICO BASILE|Unavailable|Unavailable|Low(41),1.038302,10.676438,BASILE|Unavailable|Unavailable|Low(36),1.183637,9.847465,BASILE|Unavailable|Unavailable|Low(36),3.694296,8.803575,BASILE|Unavailable|Unavailable|Low(36)",,Arizelocichla tephrolaema,"Louisiana State University, Museum of Natural Science","230921, 230922, 230925",3,3
"Piste Katuka, entre la Rivière Byangolo et Molidi, 1100 m alt, Parc National Albert, Kivu, Congo Belge",DRC,,,0.4333,29.7667,no,Low(50),unavailable,"-1,29.25,PARC NATIONAL ALBERT|Unavailable|Unavailable|Low(50),0,25,CONGO BELGE|Unavailable|Unavailable|Low(41),0,25,CONGO|Unavailable|Unavailable|Low(35),-2.5,28,KIVU|Unavailable|Unavailable|Low(34),-1.566667,23.85,YANGOLO|Unavailable|Unavailable|Low(24)",,Phyllastrephus hypochloris,"Royal Belgian Institute of Natural Sciences, Brussels",RBINS 27062,1,3
"Playa Moraka, Camp 2, Tope Tomo",Equatorial Guinea,,,3.258669,8.486109,yes,Low(34),,"3.681664,8.916325,TOPE|Unavailable|Unavailable|Low(34)",,Bleda notatus,"Louisiana State University, Museum of Natural Science","230792, 230793, 230795, 230805, 230819",5,2
Potchefstroom; Transvaal,South Africa,,,-26.716667,27.083333,no,Low(43),unavailable,"-26.716667,27.083333,POTCHEFSTROOM|Unavailable|Unavailable|Low(43),-24.083333,27.883333,POTCHEFSTROOM|Unavailable|Unavailable|Low(43),-26.716667,27.1,POTCHEFSTROOM|Unavailable|Unavailable|Low(43),-24.541361,26.951492,POTCHEFSTROOM|Unavailable|Unavailable|Low(43),-26.7,27.1,POTCHEFSTROOM|Unavailable|Unavailable|Low(43),-26.670658,27.081541,POTCHEFSTROOM|Unavailable|Unavailable|Low(43),-24.540865,26.971836,POTCHEFSTROOM|Unavailable|Unavailable|Low(43)",,Pycnonotus barbatus,University of Cambridge Museum of Zoology,UMZC 27/Pyc/11/d/4,1,2
"Prachuap Khiri Khan Province, Khao Luang (Big Mountain)",Thailand,,,11.6517,99.5792,no,Medium(69),unavailable,"11.806274,99.799921,(g3)Prachuap Khiri Khan|Unavailable|5840|Medium(69)",,Iole propinqua,ANSP,130285,1,3
"Puerto Princesa, Palawan",Philippines,,,9.789673,118.673026,yes,Low(37),Unavailable,"9.5,118.5,PALAWAN|Unavailable|Unavailable|Low(37),11.0366,124.3964,PALAWAN|Unavailable|Unavailable|Low(37),8.633333,123.4,PALAWAN|Unavailable|Unavailable|Low(37),11.8921,121.5455,PALAWAN|Unavailable|Unavailable|Low(37),16.7304,121.7353,PALAWAN|Unavailable|Unavailable|Low(37),10.7891,124.555,PALAWAN|Unavailable|Unavailable|Low(37),10.066713,118.905002,PALAWAN|Unavailable|Unavailable|Low(37),16.724039,121.847291,PALAWAN|Unavailable|Unavailable|Low(37),9.5,118.5,PALAWAN|Unavailable|Unavailable|Low(37),10.066,118.905,PALAWAN|Unavailable|Unavailable|Low(37),16.704815,121.850321,PALAWAN|Unavailable|Unavailable|Low(37),14.632553,121.001169,PALAWAN|Unavailable|Unavailable|Low(37),14.417578,121.030226,PALAWAN|Unavailable|Unavailable|Low(37),8.504167,124.759444,PUERTO|Unavailable|Unavailable|Low(36),15.3446,120.0082,PRINCESS|Unavailable|Unavailable|Low(25)",,Alophoixus frater,Royal Ontario Museum,"AM 1468; CG 1883, No 1097",1,4
Pundaluoya,Sri Lanka,,,7.0151,80.6697,no,High(84),unavailable,"7.0151,80.6697,PUNDULOYA|Unavailable|Unavailable|High(84)",,Pycnonotus penicillatus,University of Michigan Museum of Zoology,94827,1,2
"Rayong Province, Mueang Rayong District, Rayong",Thailand,,,12.8333,101.4333,yes,Low(45),,"12.8333,101.4333,RAYONG PROVINCE|Unavailable|Unavailable|Low(45),12.718642,101.344906,MUEANG RAYONG|Unavailable|Unavailable|Low(43),12.668462,101.275503,MUEANG RAYONG|Unavailable|Unavailable|Low(43),12.616667,101.433333,RAYONG|Unavailable|Unavailable|Low(36),12.8333,101.4333,RAYONG|Unavailable|Unavailable|Low(36),12.833333,101.433333,RAYONG|Unavailable|Unavailable|Low(36),12.668462,101.275503,RAYONG|Unavailable|Unavailable|Low(36)",,Iole propinqua,ANSP,"124190, 124191",2,4
Rio Mbua Camp,Equatorial Guinea,,,1.517597,9.640894,yes,,,,,Bleda notatus,"Louisiana State University, Museum of Natural Science",230859,1,4
"Rivière Mangbweleu, affluent Butahu, 1300 m alt, ex Parc National Albert, Kivu, Congo Belge",DRC,,,0.01667,29.13333,no,Low(50),unavailable,"-1,29.25,PARC NATIONAL ALBERT|Unavailable|Unavailable|Low(50),0,25,CONGO BELGE|Unavailable|Unavailable|Low(41),0.016667,29.133333,BUTAHU|Unavailable|Unavailable|Low(36),0,25,CONGO|Unavailable|Unavailable|Low(35),-2.5,28,KIVU|Unavailable|Unavailable|Low(34)",,Phyllastrephus hypochloris,"Royal Belgian Institute of Natural Sciences, Brussels",RBINS 50787,1,2
S of Lai Chau,Vietnam,,,22.097668,103.630793,yes,Low(33),Unavailable,"9.3775,106.043333,CHI|Unavailable|Unavailable|Low(33),15.766667,107.716667,LAI|Unavailable|Unavailable|Low(33)",,Iole propinqua,University of Michigan Museum of Zoology,68992,1,4
Saidi,DRC,,,3.833333,27.316667,yes,High(80),,"3.833333,27.316667,SAIDI|Unavailable|Unavailable|High(80),-10.9,25.283333,SAIDI|Unavailable|Unavailable|High(80)",,Ixonotus guttatus,University of Michigan Museum of Zoology,"91734, 91735",2,4
Sakbayeme,Cameroon,,,4.053443,10.566593,yes,High(84),,"4.033333,10.566667,SAKBAYEME|Unavailable|Unavailable|High(84),4.046412,10.569823,(g3)Sakbayeme|Unavailable|1593|Medium(59)",,Thescelocichla leucopleura,University of Michigan Museum of Zoology,"118974, 118976, 118975",3,2
"Samarakan, 25 km S Bintulu (logged forest)",Malaysia,,,2.938245,113.093554,yes,High(82),Unavailable,"2.940719,113.033333,Distance South of BINTULU|Unavailable|Unavailable|High(82),2.774051,113.333333,Distance South of BINTULU|Unavailable|Unavailable|High(82),3.107386,113.166667,Distance South of BINTULU|Unavailable|Unavailable|High(82)",,Alophoixus phaeocephalus,"Louisiana State University, Museum of Natural Science","179298, 179299, 179300",3,3
"Sarawak, Belaga, Mount Dulit",Malaysia,,,3.333231,114.150087,yes,Low(37),,"2.5,113.5,SARAWAK|Unavailable|Unavailable|Low(37),1.5333,110.3333,SARAWAK|Unavailable|Unavailable|Low(37),2.7,113.783333,BELAGA|Unavailable|Unavailable|Low(36),2.5,114.5,BELAGA|Unavailable|Unavailable|Low(36),2.75,113.7667,BELAGA|Unavailable|Unavailable|Low(36)",,Hemixos cinereus,ANSP,"61327, 61328, 61329, 61330",4,3
"Sarawak, Mt Dulit, Baram Dist, Borneo",Malaysia,,,3.333231,114.150087,no,Low(37),unavailable,"2.5,113.5,SARAWAK|Unavailable|Unavailable|Low(37),1.5333,110.3333,SARAWAK|Unavailable|Unavailable|Low(37),4,115,BORNEO|Unavailable|Unavailable|Low(36),1,114,BORNEO|Unavailable|Unavailable|Low(36),3.666667,114.75,BARAM|Unavailable|Unavailable|Low(35)",,Hemixos cinereus,University of Cambridge Museum of Zoology,"UMZC 27/Pyc/6/h/10, UMZC 27/Pyc/6/h/6",2,3
"Sarawak, Mt Mulu, Baram Dist, Borneo",Malaysia,,,4.045814,114.929834,yes,Low(37),,"2.5,113.5,SARAWAK|Unavailable|Unavailable|Low(37),1.5333,110.3333,SARAWAK|Unavailable|Unavailable|Low(37),4,115,BORNEO|Unavailable|Unavailable|Low(36),1,114,BORNEO|Unavailable|Unavailable|Low(36),3.666667,114.75,BARAM|Unavailable|Unavailable|Low(35)",,Hemixos cinereus,University of Cambridge Museum of Zoology,"UMZC 27/Pyc/6/h/11, UMZC 27/Pyc/6/h/12",2,3
"Sematan, Kampung Pueh",Malaysia,,,1.83091,109.70452,no,Low(42),unavailable,"1.83091,109.70452,KAMPUNG PUEH|Unavailable|Unavailable|Low(42),1.8,109.766667,SEMATAN|Unavailable|Unavailable|Low(37),1.8333,109.7333,SEMATAN|Unavailable|Unavailable|Low(37)",,Alophoixus phaeocephalus,"Louisiana State University, Museum of Natural Science","186209, 186211",2,2
"Sematan, Kampung Sebako",Malaysia,,,1.73638,109.73728,no,Low(44),unavailable,"1.73638,109.73728,KAMPUNG SEBAKO|Unavailable|Unavailable|Low(44),1.8,109.766667,SEMATAN|Unavailable|Unavailable|Low(37),1.8333,109.7333,SEMATAN|Unavailable|Unavailable|Low(37)",,Alophoixus phaeocephalus,"Louisiana State University, Museum of Natural Science","187862, 187863",2,2
"Sematan, Mt. Pueh",Malaysia,,,1.800565,109.684323,yes,Low(37),,"1.8,109.766667,SEMATAN|Unavailable|Unavailable|Low(37),1.8333,109.7333,SEMATAN|Unavailable|Unavailable|Low(37)",,Alophoixus phaeocephalus,"Louisiana State University, Museum of Natural Science",186205,1,3
"Shan State, Kengtung Township, Loi Mwe",Myanmar,,,21.169775,99.756815,yes,Low(40),Unavailable,"22,98,SHAN STATE|Unavailable|Unavailable|Low(40),21.582977,99.588898,KENGTUNG|Unavailable|Unavailable|Low(38),21.083333,99.583333,KENGTUNG|Unavailable|Unavailable|Low(38),21.291488,99.604092,KENGTUNG|Unavailable|Unavailable|Low(38),21.169775,99.756815,LOI MWE|Unavailable|Unavailable|Low(37),21.987706,98.482362,LOI|Unavailable|Unavailable|Low(33),19.269722,97.505556,LOI|Unavailable|Unavailable|Low(33)",,Hemixos flavala,ANSP,"115144, 115145",2,2
"Shan State, Lashio District, Panghsang",Myanmar,,,22.184024,99.158397,yes,Low(45),Unavailable,"22.830827,98.150078,LASHIO DISTRICT|Unavailable|Unavailable|Low(45),22,98,SHAN STATE|Unavailable|Unavailable|Low(40),22.332295,97.594898,PANGSANG|Unavailable|Unavailable|Low(38),22.935896,97.749801,LASHIO|Unavailable|Unavailable|Low(36),23.169575,97.237076,PANGSAN|Unavailable|Unavailable|Low(24),22.991221,98.525397,PANGSAN|Unavailable|Unavailable|Low(24)",,Iole propinqua,ANSP,112590,1,3
"Shan State, Sop Lao",Myanmar,,,21.169247,99.749239,yes,Low(40),Unavailable,"22,98,SHAN STATE|Unavailable|Unavailable|Low(40),21.367488,99.656209,LAO|Unavailable|Unavailable|Low(33),21.164942,98.439493,LAO|Unavailable|Unavailable|Low(33)",,Iole propinqua,ANSP,112592,1,3
Solwezi,Zambia,,,-12.168796,26.389381,yes,High(82),Unavailable,"-12.183333,26.416667,SOLWEZI|Unavailable|Unavailable|High(82),-12.168796,26.389381,SOLWEZI|Unavailable|Unavailable|High(82),-12.207101,26.418019,SOLWEZI|Unavailable|Unavailable|High(82),-12.1833,26.3833,SOLWEZI|Unavailable|Unavailable|High(82),-12.392773,26.042874,SOLWEZI|Unavailable|Unavailable|High(82),-12.557499,26.47545,SOLWEZI|Unavailable|Unavailable|High(82)",,Pycnonotus barbatus,University of Cambridge Museum of Zoology,UMZC 27/Pyc/11/d/21,1,3
"South, Bitye",Cameroon,,,3.016667,12.366667,no,Low(35),unavailable,"3.016667,12.366667,BITYE|Unavailable|Unavailable|Low(35),2.75,11.583333,SOUTH|Unavailable|Unavailable|Low(35),2.5,11.75,SOUTH|Unavailable|Unavailable|Low(35)",,"Baeopogon clamans, Baeopogon indicator, Calyptocichla serinus, Chlorocichla falkensteini, Atimastillas flavigula",ANSP,"61888, 61889, 61882, 61883, 61884, 61875, 61868",7,2
"South, Dja River; Bitye",Cameroon,,,3.016667,12.366667,no,Low(35),unavailable,"3.016667,12.366667,BITYE|Unavailable|Unavailable|Low(35),2.75,11.583333,SOUTH|Unavailable|Unavailable|Low(35),2.5,11.75,SOUTH|Unavailable|Unavailable|Low(35),4.466667,14.416667,DJA|Unavailable|Unavailable|Low(33),3.816667,12.7,DJA|Unavailable|Unavailable|Low(33),2.033333,15.2,DJA|Unavailable|Unavailable|Low(33),5.3,12.233333,DJA|Unavailable|Unavailable|Low(33),5.483333,12.35,DJA|Unavailable|Unavailable|Low(33),2.433333,12.4,DJA|Unavailable|Unavailable|Low(33)",,Atimastillas flavigula,ANSP,64403,1,2
Sud-Ouest Province,Cameroon,,,5.416667,9.333333,no,Low(39),unavailable,"5.416667,9.333333,SUD-OUEST|Unavailable|Unavailable|Low(39),5.2,9.3,SUD-OUEST|Unavailable|Unavailable|Low(39),5.5,10.666667,OUEST|Unavailable|Unavailable|Low(35),5.5,10.5,OUEST|Unavailable|Unavailable|Low(35),2.75,11.583333,SUD|Unavailable|Unavailable|Low(33),2.5,11.75,SUD|Unavailable|Unavailable|Low(33)",,Eurillas curvirostris,"Louisiana State University, Museum of Natural Science",163307,1,4
"Sukhothai Province, Mae Ramphan",Thailand,,,17.033851,99.705448,yes,Low(48),,"17.25,99.6667,SUKHOTHAI PROVINCE|Unavailable|Unavailable|Low(48),17.25,99.666667,SUKHOTHAI|Unavailable|Unavailable|Low(39),17.007,99.823,SUKHOTHAI|Unavailable|Unavailable|Low(39),17.021,99.703,SUKHOTHAI|Unavailable|Unavailable|Low(39),17.25,99.6667,SUKHOTHAI|Unavailable|Unavailable|Low(39),17.007778,99.823,SUKHOTHAI|Unavailable|Unavailable|Low(39)",,Pycnonotus conradi,ANSP,"124162, 124163",2,3
Sulawesi,Indonesia,,,-2,121,no,High(83),unavailable,"-2,121,SULAWESI|Unavailable|Unavailable|High(83)",,Pycnonotus aurigaster,Field1,"1_NA_8578, 1_NA_8579, 1_NA_8580, 1_NA_8581, 1_NA_8582, 1_NA_8583",6,6
"Tak Province, Mae Phun",Thailand,,,16.869684,99.128979,yes,Low(42),Unavailable,"16.5833,98.8333,TAK PROVINCE|Unavailable|Unavailable|Low(42),17.04325,99.081278,TAK|Unavailable|Unavailable|Low(33),16.869684,99.128979,TAK|Unavailable|Unavailable|Low(33),16.583333,98.833333,TAK|Unavailable|Unavailable|Low(33),16.883333,99.15,TAK|Unavailable|Unavailable|Low(33),16.85,99.1333,TAK|Unavailable|Unavailable|Low(33),16.5833,98.8333,TAK|Unavailable|Unavailable|Low(33)",,Pycnonotus conradi,ANSP,124164,1,4
Takao,Taiwan,,,22.616256,120.313329,yes,High(80),Unavailable,"22.6667,120.25,TAKAO|Unavailable|Unavailable|High(80),22.616256,120.313329,TAKAO|Unavailable|Unavailable|High(80)",,Pycnonotus taivanus,University of Michigan Museum of Zoology,23293,1,4
"Tamil Nadu, Nilgiris District, Kotagiri; Forest Hills Estate",India,,,11.466072,76.921672,yes,Low(47),,"11.4,76.7,NILGIRIS DISTRICT|Unavailable|Unavailable|Low(47),11.4,76.7,NILGIRIS DISTRICT|Unavailable|Unavailable|Low(47),11,78.333333,TAMIL NADU|Unavailable|Unavailable|Low(40),11,78,TAMIL NADU|Unavailable|Unavailable|Low(40),11.4,76.7,NILGIRIS|Unavailable|Unavailable|Low(38),11.4,76.7,NILGIRIS|Unavailable|Unavailable|Low(38),11.421783,76.862113,KOTAGIRI|Unavailable|Unavailable|Low(38),11.433,76.883,KOTAGIRI|Unavailable|Unavailable|Low(38),12.853164,74.996978,NADU|Unavailable|Unavailable|Low(34),16.255967,78.671744,NILGIRI|Unavailable|Unavailable|Low(24),11.4,76.7,NILGIRI|Unavailable|Unavailable|Low(24),21.462355,86.767938,NILGIRI|Unavailable|Unavailable|Low(24)",,Hypsipetes ganeesa,ANSP,129720,1,2
"Tamil Nadu, Nilgiris District, Nilgiris",India,,,11.4,76.7,no,Low(47),unavailable,"11.4,76.7,NILGIRIS DISTRICT|Unavailable|Unavailable|Low(47),11.4,76.7,NILGIRIS DISTRICT|Unavailable|Unavailable|Low(47),11,78.333333,TAMIL NADU|Unavailable|Unavailable|Low(40),11,78,TAMIL NADU|Unavailable|Unavailable|Low(40),11.4,76.7,NILGIRIS|Unavailable|Unavailable|Low(38),11.4,76.7,NILGIRIS|Unavailable|Unavailable|Low(38),12.853164,74.996978,NADU|Unavailable|Unavailable|Low(34),21.462355,86.767938,NILGIRI|Unavailable|Unavailable|Low(24),11.4,76.7,NILGIRI|Unavailable|Unavailable|Low(24),16.255967,78.671744,NILGIRI|Unavailable|Unavailable|Low(24)",,Hypsipetes ganeesa,ANSP,51937,1,4
"Tanga Region, Lushoto District, Usambara Mountains",Tanzania,,,-4.784936,38.31374,yes,Low(48),Unavailable,"-4.75,38.5,USAMBARA MOUNTAINS|Unavailable|Unavailable|Low(48),-4.545278,38.43927,LUSHOTO DISTRICT|Unavailable|Unavailable|Low(46),-5.2,38.283333,TANGA REGION|Unavailable|Unavailable|Low(42),-5,38.25,TANGA REGION|Unavailable|Unavailable|Low(42),-4.942272,38.351798,USAMBARA|Unavailable|Unavailable|Low(38),-4.545278,38.43927,LUSHOTO|Unavailable|Unavailable|Low(37),-4.333333,37.866667,LUSHOTO|Unavailable|Unavailable|Low(37),-4.783333,38.283333,LUSHOTO|Unavailable|Unavailable|Low(37),-4.784936,38.31374,LUSHOTO|Unavailable|Unavailable|Low(37),-4.772001,38.289233,LUSHOTO|Unavailable|Unavailable|Low(37),-5.416667,39.7,TANGA|Unavailable|Unavailable|Low(35),-10.566667,35.683333,TANGA|Unavailable|Unavailable|Low(35),-5.083333,39.066667,TANGA|Unavailable|Unavailable|Low(35),-9.016667,36.05,TANGA|Unavailable|Unavailable|Low(35),-5.115738,39.027526,TANGA|Unavailable|Unavailable|Low(35),-5,38.25,TANGA|Unavailable|Unavailable|Low(35),-5.2,38.283333,TANGA|Unavailable|Unavailable|Low(35),-5.066667,39.1,TANGA|Unavailable|Unavailable|Low(35),-10.568095,35.716618,TANGA|Unavailable|Unavailable|Low(35)",,Phyllastrephus cerviniventris,ANSP,"95995, 95996",2,4
Tangier,Morocco,,,35.780576,-5.813646,no,High(82),unavailable,"35.780576,-5.813646,TANGIER|Unavailable|Unavailable|High(82),35.573104,-5.886484,TANGIER|Unavailable|Unavailable|High(82),35.780576,-5.813646,TANGIER|Unavailable|Unavailable|High(82)",,Pycnonotus barbatus,University of Cambridge Museum of Zoology,UMZC 27/Pyc/11/d/10,1,3
"Tawai Forest Reserve, Ulu Rukuruku",Malaysia,,,5.533333,117.116667,yes,Low(35),,"5.533333,117.116667,TAWAI|Unavailable|Unavailable|Low(35),1.216667,111.5,TAWAI|Unavailable|Unavailable|Low(35)",,Alophoixus phaeocephalus,"Louisiana State University, Museum of Natural Science",176510,1,3
Tawau Hills Park,Malaysia,,,4.4667,117.9167,no,High(91),unavailable,"4.4667,117.9167,TAWAU HILLS PARK|Unavailable|Unavailable|High(91)",,Alophoixus phaeocephalus,"Louisiana State University, Museum of Natural Science","165852, 176708, 176709, 176710",4,4
"Tawau Hills Park, approximately 2 km N park headquarters",Malaysia,,,4.41613953752498,117.88818070387137,no,Low(46),unavailable,"4.4667,117.9167,TAWAU HILLS PARK|Unavailable|Unavailable|Low(46),4.2498,117.8871,TAWAU|Unavailable|Unavailable|Low(35),4.2667,117.9,TAWAU|Unavailable|Unavailable|Low(35),4.583333,117.666667,TAWAU|Unavailable|Unavailable|Low(35)",,Alophoixus phaeocephalus,"Louisiana State University, Museum of Natural Science","168294, 168295",2,2
"Tawau Hills Park, approximately 3 km N park headquarters",Malaysia,,,4.425227972881016,117.88835770491012,no,Low(46),unavailable,"4.4667,117.9167,TAWAU HILLS PARK|Unavailable|Unavailable|Low(46),4.2498,117.8871,TAWAU|Unavailable|Unavailable|Low(35),4.2667,117.9,TAWAU|Unavailable|Unavailable|Low(35),4.583333,117.666667,TAWAU|Unavailable|Unavailable|Low(35)",,Alophoixus phaeocephalus,"Louisiana State University, Museum of Natural Science",168293,1,2
"Trang Province, Mueang Trang District, Trang River waterfall; Chong, 12 miles E of Trang",Thailand,,,7.549709,99.78419,yes,High(80),Unavailable,"7.50718,99.774237,Distance East of TRANG|Unavailable|Unavailable|High(80),7.558132,99.786679,Distance East of TRANG|Unavailable|Unavailable|High(80),7.506965,99.774131,Distance East of TRANG|Unavailable|Unavailable|High(80)",,Rubigula squamata,ANSP,127687,1,2
"Trat Province, Trat",Thailand,,,12.395401,102.684021,yes,Low(43),,"12.5,102.5,TRAT PROVINCE|Unavailable|Unavailable|Low(43),12.241028,102.515472,TRAT|Unavailable|Unavailable|Low(34),12.254008,102.518474,TRAT|Unavailable|Unavailable|Low(34),12.26667,102.609449,TRAT|Unavailable|Unavailable|Low(34),12.2667,102.5,TRAT|Unavailable|Unavailable|Low(34),12.5,102.5,TRAT|Unavailable|Unavailable|Low(34)",,Iole propinqua,ANSP,"115148, 115149, 115150",3,4
"Ubon Ratchathani Province, Khemarat District, Kemraj",Thailand,,,16.042523,105.21836,yes,Low(55),Unavailable,"15.166,105.166,UBON RATCHATHANI PROVINCE|Unavailable|Unavailable|Low(55),15.166667,105.166667,UBON RATCHATHANI|Unavailable|Unavailable|Low(46),15.166,105.166,UBON RATCHATHANI|Unavailable|Unavailable|Low(46),15.23844,104.848659,UBON RATCHATHANI|Unavailable|Unavailable|Low(46),15.25,104.8333,UBON RATCHATHANI|Unavailable|Unavailable|Low(46),16.042523,105.21836,KHEMARAT|Unavailable|Unavailable|Low(38),15.971142,105.151679,KHEMARAT|Unavailable|Unavailable|Low(38),16.05,105.2167,KHEMARAT|Unavailable|Unavailable|Low(38),15.166667,105.166667,UBON|Unavailable|Unavailable|Low(34),15.23844,104.848659,UBON|Unavailable|Unavailable|Low(34)",,Pycnonotus conradi,ANSP,"127164, 127165, 127166",3,3
Verinag; Kashmir,India,,,33.537717,75.250319,yes,Low(37),Unavailable,"33.91667,76.66667,KASHMIR|Unavailable|Unavailable|Low(37),33.537717,75.250319,VERINAG|Unavailable|Unavailable|Low(37),31.336368,77.175049,KASHMIR|Unavailable|Unavailable|Low(37),33.537717,75.250319,VERINAG|Unavailable|Unavailable|Low(37),24.869157,86.179941,KASHMIR|Unavailable|Unavailable|Low(37)",,Hypsipetes leucocephalus,University of Cambridge Museum of Zoology,UMZC 27/Pyc/6/j/18,1,2
"Waterfall Trail, Borneo",Malaysia,,,5.019158,117.751352,yes,Low(36),,"4,115,BORNEO|Unavailable|Unavailable|Low(36),1,114,BORNEO|Unavailable|Unavailable|Low(36)",,Alophoixus phaeocephalus,Field1,"1_NA_446, 1_NA_447, 1_NA_448, 1_NA_449",4,2
"Wele-Nzas, Altos de Nsork National Park; Obamicu",Equatorial Guinea,,,1.241157,11.037895,yes,Low(39),Unavailable,"1.5,11.1,WELE-NZAS|Unavailable|Unavailable|Low(39),1.5,11.166667,WELE-NZAS|Unavailable|Unavailable|Low(39),1.241157,11.037895,OBAMICU|Unavailable|Unavailable|Low(37),1.129846,11.266032,NSORK|Unavailable|Unavailable|Low(35)",,Phyllastrephus xavieri,ANSP,"191028, 191029, 191030, 191031",4,2
"Wenchang City, Hainan",China,,,19.615701,110.748936,yes,Low(38),Unavailable,"29.7814,119.198,WENCHANG|Unavailable|Unavailable|Low(38),29.404827,104.376103,WENCHANG|Unavailable|Unavailable|Low(38),22.982152,116.296818,WENCHANG|Unavailable|Unavailable|Low(38),18.310539,109.280178,WENCHANG|Unavailable|Unavailable|Low(38),36.559966,116.752116,WENCHANG|Unavailable|Unavailable|Low(38),31.636255,105.155024,WENCHANG|Unavailable|Unavailable|Low(38),19.743889,110.771389,WENCHANG|Unavailable|Unavailable|Low(38),19.615701,110.748936,WENCHANG|Unavailable|Unavailable|Low(38),31.352767,109.114337,WENCHANG|Unavailable|Unavailable|Low(38),30.904,118.489,WENCHANG|Unavailable|Unavailable|Low(38),31.055113,116.950564,WENCHANG|Unavailable|Unavailable|Low(38),32.103611,106.739714,WENCHANG|Unavailable|Unavailable|Low(38),28.9488,104.049,WENCHANG|Unavailable|Unavailable|Low(38),31.1752,105.272,WENCHANG|Unavailable|Unavailable|Low(38),30.1574,103.219,WENCHANG|Unavailable|Unavailable|Low(38),31.968942,106.308386,WENCHANG|Unavailable|Unavailable|Low(38),30.2714,103.862,WENCHANG|Unavailable|Unavailable|Low(38),30.1937,104.66,WENCHANG|Unavailable|Unavailable|Low(38),25.7633,106.976,WENCHANG|Unavailable|Unavailable|Low(38),24.4956,108.668,WENCHANG|Unavailable|Unavailable|Low(38),29.0042,104.58,WENCHANG|Unavailable|Unavailable|Low(38),30.8076,106.99,WENCHANG|Unavailable|Unavailable|Low(38),31.2191,106.819,WENCHANG|Unavailable|Unavailable|Low(38),27.788646,102.307174,HAINAN|Unavailable|Unavailable|Low(36),44.5657,129.49,HAINAN|Unavailable|Unavailable|Low(36),18.939444,109.484167,HAINAN|Unavailable|Unavailable|Low(36),33.0427,119.982,HAINAN|Unavailable|Unavailable|Low(36),19.25,109.75,HAINAN|Unavailable|Unavailable|Low(36),35.81725,100.340527,HAINAN|Unavailable|Unavailable|Low(36),27.7986,102.309,HAINAN|Unavailable|Unavailable|Low(36),23.053864,113.223395,HAINAN|Unavailable|Unavailable|Low(36),39.445452,106.891317,HAINAN|Unavailable|Unavailable|Low(36),47.232,126.979,HAINAN|Unavailable|Unavailable|Low(36)",,Pycnonotus sinensis,"Museum of Biology,Sun Yat-sen University","SYS0002780, SYS0002784, SYS0002772, SYS0002785, SYS0002801, SYS0002811",6,3
"West Java Province, Mt. Halimun",Indonesia,,,-6.710449,106.451149,yes,Medium(59),,"-7.120801,106.269531,(g3)West Java|Unavailable|657607|Medium(59)",,Ixos virescens,ANSP,"56575, 56576, 56577, 56578",4,3
"West Sumatra Province, Padang Panjang",Indonesia,,,-0.4655,100.398281,yes,Low(44),Unavailable,"4.0486,96.2723,PADANG PANJANG|Unavailable|Unavailable|Low(44),-7.263889,110.403056,PANJANG|Unavailable|Unavailable|Low(37),-7.673611,111.108611,PANJANG|Unavailable|Unavailable|Low(37),-7.958333,110.334167,PANJANG|Unavailable|Unavailable|Low(37),-6.445833,106.808611,PANJANG|Unavailable|Unavailable|Low(37),-7.495833,109.6175,PANJANG|Unavailable|Unavailable|Low(37),0,102,SUMATRA|Unavailable|Unavailable|Low(37),-7.665833,111.244444,PANJANG|Unavailable|Unavailable|Low(37),-7.700278,111.368056,PANJANG|Unavailable|Unavailable|Low(37),-2.866667,106.183333,PANJANG|Unavailable|Unavailable|Low(37),-7.6625,111.254722,PANJANG|Unavailable|Unavailable|Low(37),-2.5929,120.2077,PADANG|Unavailable|Unavailable|Low(36),-0.252834,100.573914,PADANG|Unavailable|Unavailable|Low(36),-2.7858,120.4442,PADANG|Unavailable|Unavailable|Low(36),-2.6135,120.2973,PADANG|Unavailable|Unavailable|Low(36),-2.8088,120.1399,PADANG|Unavailable|Unavailable|Low(36),-1.583333,109.166667,PADANG|Unavailable|Unavailable|Low(36),-2.4,119.983333,PADANG|Unavailable|Unavailable|Low(36),2.5965,96.2413,PADANG|Unavailable|Unavailable|Low(36),2.033333,99.25,PADANG|Unavailable|Unavailable|Low(36),3.5442,97.0079,PADANG|Unavailable|Unavailable|Low(36),-1.65,108.916667,PADANG|Unavailable|Unavailable|Low(36),0.8795,123.5349,PADANG|Unavailable|Unavailable|Low(36),-0.574722,123.143333,PADANG|Unavailable|Unavailable|Low(36),0.1928,120.1217,PADANG|Unavailable|Unavailable|Low(36),-3.5029,119.4852,PADANG|Unavailable|Unavailable|Low(36),-3.1121,119.9451,PADANG|Unavailable|Unavailable|Low(36),-2.733333,115.333333,PADANG|Unavailable|Unavailable|Low(36),-2.866667,108.25,PADANG|Unavailable|Unavailable|Low(36),-8.6242,116.4786,PADANG|Unavailable|Unavailable|Low(36),4.7885,95.4703,PADANG|Unavailable|Unavailable|Low(36),3.9768,96.4594,PADANG|Unavailable|Unavailable|Low(36),2.9462,97.4918,PADANG|Unavailable|Unavailable|Low(36)",,Pycnonotus tympanistrigus,ANSP,56580,1,3
"West Sumatra Province, Tanah Datar Regency, Batusangkar",Indonesia,,,-0.45775524742782936,100.59205340060005,no,Low(42),unavailable,"-1,100.5,WEST SUMATRA|Unavailable|Unavailable|Low(42),-0.4333,100.6167,BATUSANGKAR|Unavailable|Unavailable|Low(41),-0.4606,100.6107,BATUSANGKAR|Unavailable|Unavailable|Low(41),0,102,SUMATRA|Unavailable|Unavailable|Low(37),-6.991,108.6665,DATAR|Unavailable|Unavailable|Low(35),-6.6922,110.7727,DATAR|Unavailable|Unavailable|Low(35),-7.2467,107.793,DATAR|Unavailable|Unavailable|Low(35),-7.2302,107.831,DATAR|Unavailable|Unavailable|Low(35),-6.9926,108.6689,DATAR|Unavailable|Unavailable|Low(35),-8.6285,116.15,DATAR|Unavailable|Unavailable|Low(35),-0.656247,100.848546,DATAR|Unavailable|Unavailable|Low(35),-7.2389,112.3841,TANAH|Unavailable|Unavailable|Low(35),-7.193889,107.705,DATAR|Unavailable|Unavailable|Low(35),-7.108889,110.302222,DATAR|Unavailable|Unavailable|Low(35),-7.386111,109.121667,DATAR|Unavailable|Unavailable|Low(35),-7.371111,109.253611,DATAR|Unavailable|Unavailable|Low(35),-7.2114,108.6352,DATAR|Unavailable|Unavailable|Low(35),-7.4613,108.0249,DATAR|Unavailable|Unavailable|Low(35),-7.2078,108.6321,DATAR|Unavailable|Unavailable|Low(35),-3.8497,102.4629,TANAH|Unavailable|Unavailable|Low(35),-7.0528,107.2205,DATAR|Unavailable|Unavailable|Low(35),-7.2649,107.6418,DATAR|Unavailable|Unavailable|Low(35),-7.6373,111.9304,DATAR|Unavailable|Unavailable|Low(35),-7.284444,109.528333,DATAR|Unavailable|Unavailable|Low(35),-7.3052,112.42,TANAH|Unavailable|Unavailable|Low(35),-7.5767,108.211,DATAR|Unavailable|Unavailable|Low(35),-7.2663,107.9443,DATAR|Unavailable|Unavailable|Low(35)",,Pycnonotus zeylanicus,ANSP,"38998, 38999, 39000",3,3
West Usambara Mountains,United Republic of Tanzania,,,-4.767791,38.363014,yes,Low(48),,"-4.75,38.5,USAMBARA MOUNTAINS|Unavailable|Unavailable|Low(48),-4.942272,38.351798,USAMBARA|Unavailable|Unavailable|Low(38)",,"Arizelocichla masukuensis, Arizelocichla nigriceps, Arizelocichla striifacies, Phyllastrephus albigula, Phyllastrephus cabanisi, Phyllastrephus flavostriatus",Field1,"1_NA_782, 1_NA_793, 1_NA_794, 1_NA_803, 1_NA_804, 1_NA_805, 1_NA_802, 1_NA_810, 1_NA_811, 1_NA_812, 1_NA_813, 1_NA_814, 1_NA_815, 1_NA_816, 1_NA_817, 1_NA_818, 1_NA_819, 1_NA_806, 1_NA_8054, 1_NA_8064, 1_NA_8065, 1_NA_8066, 1_NA_8067, 1_NA_8068, 1_NA_8069, 1_NA_8070, 1_NA_8071, 1_NA_8072, 1_NA_8073, 1_NA_8074, 1_NA_8087, 1_NA_8088, 1_NA_8089, 1_NA_8090, 1_NA_8097, 1_NA_8098, 1_NA_8099, 1_NA_8100, 1_NA_8101, 1_NA_8104, 1_NA_8105, 1_NA_8139",42,4
"Western Province, Kakamega, Kabras",Kenya,,,0.36354,34.857776,yes,Low(46),Unavailable,"0.5,34.5833,WESTERN PROVINCE|Unavailable|Unavailable|Low(46),0.5,34.583333,WESTERN PROVINCE|Unavailable|Unavailable|Low(46),0.416667,34.75,KAKAMEGA|Unavailable|Unavailable|Low(38),0.284219,34.752285,KAKAMEGA|Unavailable|Unavailable|Low(38),0.277632,34.908406,KAKAMEGA|Unavailable|Unavailable|Low(38),0.416,34.75,KAKAMEGA|Unavailable|Unavailable|Low(38),0.2833,34.7833,KAKAMEGA|Unavailable|Unavailable|Low(38),0.5,34.5833,WESTERN|Unavailable|Unavailable|Low(37),0.5,34.583333,WESTERN|Unavailable|Unavailable|Low(37)",,Atimastillas flavigula,ANSP,95915,1,3
"Western Province, Vihiga, Lerundo",Kenya,,,0.036919,34.710103,yes,Low(46),Unavailable,"0.5,34.5833,WESTERN PROVINCE|Unavailable|Unavailable|Low(46),0.5,34.583333,WESTERN PROVINCE|Unavailable|Unavailable|Low(46),0.5,34.583333,WESTERN|Unavailable|Unavailable|Low(37),0.5,34.5833,WESTERN|Unavailable|Unavailable|Low(37),0.535986,34.792578,VIHIGA|Unavailable|Unavailable|Low(36),0.083333,34.716667,VIHIGA|Unavailable|Unavailable|Low(36),0.312655,34.925426,VIHIGA|Unavailable|Unavailable|Low(36),0.291503,34.943473,VIHIGA|Unavailable|Unavailable|Low(36),0.036919,34.710103,VIHIGA|Unavailable|Unavailable|Low(36),0.083,34.716,VIHIGA|Unavailable|Unavailable|Low(36)",,Phyllastrephus hypochloris,ANSP,96109,1,4
"Wuzhishan City, Hainan",China,,,18.829444,109.505833,yes,Low(39),Unavailable,"24.9507,110.569,WUZHISHAN|Unavailable|Unavailable|Low(39),28.0885,103.377,WUZHISHAN|Unavailable|Unavailable|Low(39),32.1376,105.254,WUZHISHAN|Unavailable|Unavailable|Low(39),25.065882,112.79965,WUZHISHAN|Unavailable|Unavailable|Low(39),22.27116,112.984031,WUZHISHAN|Unavailable|Unavailable|Low(39),18.884167,109.666111,WUZHISHAN|Unavailable|Unavailable|Low(39),18.829444,109.505833,WUZHISHAN|Unavailable|Unavailable|Low(39),40.322125,118.882833,WUZHISHAN|Unavailable|Unavailable|Low(39),33.0427,119.982,HAINAN|Unavailable|Unavailable|Low(36),44.5657,129.49,HAINAN|Unavailable|Unavailable|Low(36),31.887878,121.179504,HAINAN|Unavailable|Unavailable|Low(36),32.494324,120.454529,HAINAN|Unavailable|Unavailable|Low(36),19.25,109.75,HAINAN|Unavailable|Unavailable|Low(36),18.939444,109.484167,HAINAN|Unavailable|Unavailable|Low(36),27.788646,102.307174,HAINAN|Unavailable|Unavailable|Low(36),23.053864,113.223395,HAINAN|Unavailable|Unavailable|Low(36),47.232,126.979,HAINAN|Unavailable|Unavailable|Low(36),39.445452,106.891317,HAINAN|Unavailable|Unavailable|Low(36),35.81725,100.340527,HAINAN|Unavailable|Unavailable|Low(36),27.7986,102.309,HAINAN|Unavailable|Unavailable|Low(36),19,109.5,HAINAN|Unavailable|Unavailable|Low(36),31.467285,119.137329,ZHISHAN|Unavailable|Unavailable|Low(24),30.444314,120.37906,ZHISHAN|Unavailable|Unavailable|Low(24),27.048348,118.319346,ZHISHAN|Unavailable|Unavailable|Low(24),29.793257,121.378247,ZHISHAN|Unavailable|Unavailable|Low(24),29.664651,121.649461,ZHISHAN|Unavailable|Unavailable|Low(24),27.7246,119.921,ZHISHAN|Unavailable|Unavailable|Low(24),44.85072,128.979531,ZHISHAN|Unavailable|Unavailable|Low(24),24.6745,109.617,ZHISHAN|Unavailable|Unavailable|Low(24),24.3041,106.693,ZHISHAN|Unavailable|Unavailable|Low(24),22.518573,112.782807,ZHISHAN|Unavailable|Unavailable|Low(24),29.120464,113.181818,ZHISHAN|Unavailable|Unavailable|Low(24),24.522727,117.616466,ZHISHAN|Unavailable|Unavailable|Low(24)",,Pycnonotus sinensis,"Museum of Biology,Sun Yat-sen University","SYS0002779, SYS0002778",2,3
Yala Swamp,Kenya,,,0.035936,34.070506,yes,High(85),,"0.035936,34.070506,YALA SWAMP|Unavailable|Unavailable|High(85)",,Pycnonotus barbatus,University of Cambridge Museum of Zoology,UMZC 27/Pyc/11/d/17,1,3
Yangmeilang，Guangdong,China,,,24.944,113.315,no,Medium(59),unavailable,"22.517421,113.365399,(g3)Guangdong|Unavailable|5000|Medium(59)",,Pycnonotus sinensis,"Museum of Biology,Sun Yat-sen University",SYS0002754,1,2
"Yao Mountains, Guangxi",China,,,25.322773,110.382468,yes,Low(37),,"26.8497,109.352,GUANGXI|Unavailable|Unavailable|Low(37),24,109,GUANGXI|Unavailable|Unavailable|Low(37),32.091419,120.242049,GUANGXI|Unavailable|Unavailable|Low(37),34.905278,108.97,YAO|Unavailable|Unavailable|Low(33)",,Pycnonotus sinensis,"Museum of Biology,Sun Yat-sen University","SYS0002755, SYS0002760",2,3
ZOO Plzeň,ZOO,,,,,no,,,,,Pycnonotus barbatus,"National Museum Prague, Czechia",P6V108208,1,NA
ZOO Praha,ZOO,,,,,no,,,,,"Rubigula dispar, Microtarsus priocephalus","National Museum Prague, Czechia","P6V108336, P6V108477",2,NA
Zambezi,Zambia,,,-13.543232,23.104665,no,High(82),unavailable,"-13.543232,23.104665,ZAMBEZI|Unavailable|Unavailable|High(82),-18.833333,36.283333,ZAMBEZI|Unavailable|Unavailable|High(82),-13.55,23.1333,ZAMBEZI|Unavailable|Unavailable|High(82),-13.589633,22.954035,ZAMBEZI|Unavailable|Unavailable|High(82)",,"Chlorocichla flaviventris, Phyllastrephus cabanisi, Pycnonotus barbatus",Field1,"1_NA_2102, 1_NA_2103, 1_NA_2104, 1_NA_2105, 1_NA_2106, 1_NA_2107, 1_NA_2108, 1_NA_2109, 1_NA_8106, 1_NA_8107, 1_NA_8108, 1_NA_8109, 1_NA_8110, 1_NA_8111, 1_NA_8112, 1_NA_8113, 1_NA_8114, 1_NA_8115, 1_NA_8116, 1_NA_8117, 1_NA_8118, 1_NA_8119, 1_NA_8120, 1_NA_8121, 1_NA_8122, 1_NA_8123, 1_NA_8124, 1_NA_8125, 1_NA_8126, 1_NA_8127, 1_NA_8128, 1_NA_8596, 1_NA_8597, 1_NA_8598, 1_NA_8599, 1_NA_8600, 1_NA_8601",37,3
"Zoo Ostrava, Czechia",ZOO,,,,,no,,,,,Hypsipetes thompsoni,"National Museum Prague, Czechia",P6V109680,1,NA
approximately 10 Km SE Juazohn,Liberia,,,5.318096,-8.781216,yes,High(82),Unavailable,"5.617755,-8.617906,Distance SouthEast of JUAZOHN|Unavailable|Unavailable|High(82),5.318096,-8.781216,Distance SouthEast of JUAZOHN|Unavailable|Unavailable|High(82),5.318096,-8.781216,Distance SouthEast of JUAZOHN|Unavailable|Unavailable|High(82)",,Bleda eximius,"Louisiana State University, Museum of Natural Science",148305,1,2
approximately 2 km N Ureka,Equatorial Guinea,,,3.270352,8.58507,no,High(80),unavailable,"3.270352,8.58507,Distance North of UREKA|Unavailable|Unavailable|High(80)",,Bleda notatus,"Louisiana State University, Museum of Natural Science",190025,1,2
approximately 30 km S Assin Foso,Ghana,,,5.430072,-1.286571,yes,Medium(37),Unavailable,"5.430072,-1.286571,Distance South of %FOSO%|Unavailable|Unavailable|Medium(37),5.428881,-1.65,Distance South of %FOSO%|Unavailable|Unavailable|Medium(37),5.430072,-1.286571,Distance South of %FOSO%|Unavailable|Unavailable|Medium(37),5.652545,-1.607568,Distance South of %FOSO%|Unavailable|Unavailable|Medium(37)",,Bleda canicapillus,"Louisiana State University, Museum of Natural Science","168497, 168498, 168499, 168500, 168501, 168502, 168503",7,2
collected along transect line from Nyeri to Meru,Kenya,,,-0.383333,37,yes,Low(35),,"-0.383333,37,NYERI|Unavailable|Unavailable|Low(35),-0.372256,36.981201,NYERI|Unavailable|Unavailable|Low(35),-0.420132,36.947594,NYERI|Unavailable|Unavailable|Low(35),-0.383333,36.966667,NYERI|Unavailable|Unavailable|Low(35),-0.4,36.9,NYERI|Unavailable|Unavailable|Low(35),-0.4167,36.9333,NYERI|Unavailable|Unavailable|Low(35),-0.091381,37.862278,NYERI|Unavailable|Unavailable|Low(35),-0.383,36.966,NYERI|Unavailable|Unavailable|Low(35),0.05,37.566,MERU|Unavailable|Unavailable|Low(34),1.714608,35.14365,MERU|Unavailable|Unavailable|Low(34),0.05,37.6333,MERU|Unavailable|Unavailable|Low(34),0.046256,37.655868,MERU|Unavailable|Unavailable|Low(34),0.05,37.566667,MERU|Unavailable|Unavailable|Low(34)",,"Chlorocichla laetissima, Phyllastrephus cerviniventris",ANSP,"96068, 96069, 95981",3,4
no specific locality,Malaysia,,,,,no,,,,,Pycnonotus zeylanicus,University of Michigan Museum of Zoology,"23379, 23561, 23564, 24051",4,NA
no specific locality,Philippines,,,,,no,,,,,Pycnonotus goiavier,University of Michigan Museum of Zoology,"113733, 113734, 113735, 113736, 113737, 113738, 113745",7,NA
no specific locality,South Africa,,,,,no,,,,,Pycnonotus barbatus,University of Michigan Museum of Zoology,89743,1,NA
no specific locality,Taiwan,,,23.871266,121.487705,yes,,,,,Pycnonotus taivanus,University of Michigan Museum of Zoology,25618,1,5
"off Sibu-Bintulu road, 2.2 km NE Tatau",Malaysia,,,2.897393,112.864078,yes,High(80),,"2.897393,112.864078,Distance NorthEast of TATAU|Unavailable|Unavailable|High(80),2.680727,113.014075,Distance NorthEast of TATAU|Unavailable|Unavailable|High(80)",,Alophoixus phaeocephalus,"Louisiana State University, Museum of Natural Science",181717,1,2
upper Chiri River; Lundazi,Zambia,,,-12.292923,33.178201,yes,Low(37),Unavailable,"-10.632955,28.74304,LUNDAZI|Unavailable|Unavailable|Low(37),-12.292923,33.178201,LUNDAZI|Unavailable|Unavailable|Low(37),-12.063667,32.346935,LUNDAZI|Unavailable|Unavailable|Low(37),-12.3167,33.1833,LUNDAZI|Unavailable|Unavailable|Low(37),-12.501088,32.720744,LUNDAZI|Unavailable|Unavailable|Low(37),-9.633333,31.9,CHIRI|Unavailable|Unavailable|Low(35)",,Phyllastrephus flavostriatus,University of Cambridge Museum of Zoology,UMZC 27/Pyc/10/g/1,1,2
