LocalityString,Country,State,County,Lat,Lon,Correction Status,Precision,Error Polygon,Error Polygon (circular polygon),Multiplot,Species2_eBird,Specimen.number,n_specimens
Dibrugarh,India,,,27.489746,94.912796,yes,High(84),Unavailable,,"27.479888,94.90837,DIBRUGARH|Unavailable|Unavailable|High(84),27.5,95,DIBRUGARH|Unavailable|Unavailable|High(84),27.489746,94.912796,(g3)Dibrugarh|Unavailable|5405|Medium(59)",Alophoixus flaveolus,86.9.1.1423,1
Dewangiri on Bhutan-Assam frontier,Bhutan,,,26.866667,91.466667,no,Low(39),unavailable,,"26.866667,91.466667,DEWANGIRI|Unavailable|Unavailable|Low(39),27.5,90.5,BHUTAN|Unavailable|Unavailable|Low(36),27.5,90.5,BHUTAN|Unavailable|Unavailable|Low(36)",Alophoixus flaveolus,1935.4.5.622,1
"Dewangiri, Bhutan-Assam frontier",Bhutan,,,26.866667,91.466667,no,Low(39),unavailable,,"26.866667,91.466667,DEWANGIRI|Unavailable|Unavailable|Low(39),27.5,90.5,BHUTAN|Unavailable|Unavailable|Low(36),27.5,90.5,BHUTAN|Unavailable|Unavailable|Low(36)",Alophoixus flaveolus,1937.1.17.349,1
"Dooars, Bengal",India,,,26.831542,88.800611,yes,Low(36),N/A,,"24,88,BENGAL|Unavailable|Unavailable|Low(36),24,90,BENGAL|Unavailable|Unavailable|Low(36),23,87.8333,BENGAL|Unavailable|Unavailable|Low(36),11.289095,76.678066,BENGAL|Unavailable|Unavailable|Low(36)",Alophoixus flaveolus,1949.1.14398,1
Manipur,India,,,24.75,93.833333,yes,High(82),Unavailable,,"25.621997,82.640132,MANIPUR|Unavailable|Unavailable|High(82),25.208295,83.984557,MANIPUR|Unavailable|Unavailable|High(82),24.948075,81.402671,MANIPUR|Unavailable|Unavailable|High(82),25.383149,83.926319,MANIPUR|Unavailable|Unavailable|High(82),25.481034,82.101691,MANIPUR|Unavailable|Unavailable|High(82),25.189676,83.466013,MANIPUR|Unavailable|Unavailable|High(82),24.801706,80.47892,MANIPUR|Unavailable|Unavailable|High(82),25.35395,80.354603,MANIPUR|Unavailable|Unavailable|High(82),24.75,93.833333,MANIPUR|Unavailable|Unavailable|High(82),30.315976,77.388617,MANIPUR|Unavailable|Unavailable|High(82),22.281944,88.911111,MANIPUR|Unavailable|Unavailable|High(82),24.81722,92.954619,MANIPUR|Unavailable|Unavailable|High(82),27.829293,78.345945,MANIPUR|Unavailable|Unavailable|High(82),26.609796,79.665193,MANIPUR|Unavailable|Unavailable|High(82),21.346106,78.001184,MANIPUR|Unavailable|Unavailable|High(82),25.57714,82.498353,MANIPUR|Unavailable|Unavailable|High(82),27.052721,79.358072,MANIPUR|Unavailable|Unavailable|High(82),25.923728,81.706253,MANIPUR|Unavailable|Unavailable|High(82),26.167184,81.669165,MANIPUR|Unavailable|Unavailable|High(82),25.969437,81.509504,MANIPUR|Unavailable|Unavailable|High(82),26.095622,82.346313,MANIPUR|Unavailable|Unavailable|High(82),25.046449,84.076917,MANIPUR|Unavailable|Unavailable|High(82),25.641044,84.309804,MANIPUR|Unavailable|Unavailable|High(82),21.09161,82.905846,MANIPUR|Unavailable|Unavailable|High(82),26.127344,81.637461,MANIPUR|Unavailable|Unavailable|High(82),26.368296,83.295984,MANIPUR|Unavailable|Unavailable|High(82),25.924477,81.310816,MANIPUR|Unavailable|Unavailable|High(82),26.598477,81.327491,MANIPUR|Unavailable|Unavailable|High(82),25.847924,80.80533,MANIPUR|Unavailable|Unavailable|High(82),26.269052,81.796057,MANIPUR|Unavailable|Unavailable|High(82),29.151646,78.67664,MANIPUR|Unavailable|Unavailable|High(82),25.469329,81.477235,MANIPUR|Unavailable|Unavailable|High(82),26.020347,81.883192,MANIPUR|Unavailable|Unavailable|High(82)",Alophoixus flaveolus,86.9.1.1434,1
"Sukna, Darjeeling",India,,,27.031651,88.260273,no,Medium(60),unavailable,,"27.031651,88.260273,(g3)Darjeeling|Unavailable|1368|Medium(60)",Alophoixus flaveolus,1921.7.12.988,1
Tripura,India,,,23.75,91.733333,no,High(82),unavailable,,"23.75,91.733333,TRIPURA|Unavailable|Unavailable|High(82),13.088787,75.562482,TRIPURA|Unavailable|Unavailable|High(82),24,92,TRIPURA|Unavailable|Unavailable|High(82)",Alophoixus flaveolus,86.9.1.1442,1
Ye,Myanmar,,,15.226048,97.926138,yes,,,,,Alophoixus ochraceus,86.9.1.1506,1
"LAWAS, SARAWAK, N.E BORNEO",Malaysia,,,4.8333,115.4167,yes,Low(37),Unavailable,,"1.5333,110.3333,SARAWAK|Unavailable|Unavailable|Low(37),2.5,113.5,SARAWAK|Unavailable|Unavailable|Low(37),4,115,BORNEO|Unavailable|Unavailable|Low(36),1,114,BORNEO|Unavailable|Unavailable|Low(36),4.5,115.416667,LAWAS|Unavailable|Unavailable|Low(35),4.8333,115.4167,LAWAS|Unavailable|Unavailable|Low(35),4.5,115.5,LAWAS|Unavailable|Unavailable|Low(35),4.8604,115.409,LAWAS|Unavailable|Unavailable|Low(35)",Alophoixus phaeocephalus,B/10346,1
MALACCA,Malaysia,,,2.191944,102.255833,no,High(82),unavailable,,"2.191944,102.255833,MALACCA|Unavailable|Unavailable|High(82),2.2333,102.2333,MALACCA|Unavailable|Unavailable|High(82),2.25,102.25,MALACCA|Unavailable|Unavailable|High(82)",Alophoixus phaeocephalus,B/331,1
"MORA BARUE, SAMARAHAN, SARAWAK",Malaysia,,,1.448785,110.494607,yes,Low(37),Unavailable,,"2.5,113.5,SARAWAK|Unavailable|Unavailable|Low(37),1.5333,110.3333,SARAWAK|Unavailable|Unavailable|Low(37)",Alophoixus phaeocephalus,1927.4.18.591,1
Gunung Magdalena,Malaysia,,,4.493505,117.938538,yes,,,,,Alophoixus phaeocephalus,1956.60.316,1
East London,South Africa,,,-33,27.9,no,High(86),unavailable,,"-33,27.9,EAST LONDON|Unavailable|Unavailable|High(86),-33.011051,27.910049,EAST LONDON|Unavailable|Unavailable|High(86),-33.01491,27.930743,(g3)East London|Unavailable|7349|Medium(61),-33.01491,27.930743,(g3)East London|Unavailable|7349|Medium(61)",Andropadus importunus,1952.50.5,1
"Ferndale, nr Patensie, 58 miles NW of Port Elizabeth","South Africa, South Africa",,,-33.754549,24.812592,yes,,,,,Andropadus importunus,"1960.18.6, 1960.18.7",2
"Magogoni, Ruvu (river), Morogoro, Tanzania, Africa",United Republic of Tanzania,,,-7.226771,37.987544,yes,Low(40),Unavailable,,"-6.383333,38.866667,RUVU RIVER|Unavailable|Unavailable|Low(40),-5.433333,38.966667,RUVU RIVER|Unavailable|Unavailable|Low(40),-5.183333,38.4,MOROGORO|Unavailable|Unavailable|Low(38),-7.226771,37.987544,MAGOGONI|Unavailable|Unavailable|Low(38),-4.983333,39.7,MAGOGONI|Unavailable|Unavailable|Low(38),-5.1,39.716667,MAGOGONI|Unavailable|Unavailable|Low(38),-5.166667,39.783333,MAGOGONI|Unavailable|Unavailable|Low(38),-7.716667,35.866667,MOROGORO|Unavailable|Unavailable|Low(38),-10.633333,35.433333,MOROGORO|Unavailable|Unavailable|Low(38),-5.583333,32.75,MOROGORO|Unavailable|Unavailable|Low(38),-6.816667,37.666667,MOROGORO|Unavailable|Unavailable|Low(38),-5.216667,39.75,MAGOGONI|Unavailable|Unavailable|Low(38),-6.8167,37.6667,MOROGORO|Unavailable|Unavailable|Low(38),-6.906139,37.945539,MOROGORO|Unavailable|Unavailable|Low(38),-8,37,MOROGORO|Unavailable|Unavailable|Low(38),-6,35,TANZANIA|Unavailable|Unavailable|Low(38),-6.833333,39.333333,MAGOGONI|Unavailable|Unavailable|Low(38),-6.162121,39.235664,MAGOGONI|Unavailable|Unavailable|Low(38),-7.916667,37.25,MOROGORO|Unavailable|Unavailable|Low(38),-6,35,TANZANIA|Unavailable|Unavailable|Low(38),-6.383333,38.866667,RUVU|Unavailable|Unavailable|Low(34),-6.8,38.65,RUVU|Unavailable|Unavailable|Low(34),-9.65,39.7,RUVU|Unavailable|Unavailable|Low(34),-6.839258,38.634822,RUVU|Unavailable|Unavailable|Low(34),-4.217982,37.577881,RUVU|Unavailable|Unavailable|Low(34),-4.633333,37.766667,RUVU|Unavailable|Unavailable|Low(34),-6.8,38.65,RUVU|Unavailable|Unavailable|Low(34)",Andropadus importunus,2000.26453,1
"Morogoro, Ostafrika",United Republic of Tanzania,,,-6.8167,37.6667,yes,Low(38),Unavailable,,"-7.716667,35.866667,MOROGORO|Unavailable|Unavailable|Low(38),-5.583333,32.75,MOROGORO|Unavailable|Unavailable|Low(38),-6.816667,37.666667,MOROGORO|Unavailable|Unavailable|Low(38),-10.633333,35.433333,MOROGORO|Unavailable|Unavailable|Low(38),-5.183333,38.4,MOROGORO|Unavailable|Unavailable|Low(38),-8,37,MOROGORO|Unavailable|Unavailable|Low(38),-6.8167,37.6667,MOROGORO|Unavailable|Unavailable|Low(38),-7.916667,37.25,MOROGORO|Unavailable|Unavailable|Low(38),-6.906139,37.945539,MOROGORO|Unavailable|Unavailable|Low(38)",Andropadus importunus,1955.684,1
"Near Beira, Mozambique","Mozambique, Mozambique",,,-19.768894,34.835483,yes,,,,,Andropadus importunus,"1968.1267, 1968.1268",2
"Near Port St. Johns, Transkei Coast, Mzimvubu River, South Africa",South Africa,,,-31.6333,29.5333,no,Medium(59),unavailable,,"-31.6333,29.5333,Near PORT ST. JOHNS|Unavailable|Unavailable|Medium(59)",Andropadus importunus,1981-61,1
"Tokai Retreat, Simons Town Dist.",South Africa,,,-34.060458,18.437825,yes,Low(37),Unavailable,,"-29.67522,29.544455,RETREAT|Unavailable|Unavailable|Low(37),-27.714386,31.194129,RETREAT|Unavailable|Unavailable|Low(37),-23.715365,27.034283,RETREAT|Unavailable|Unavailable|Low(37),-32.051269,23.651371,RETREAT|Unavailable|Unavailable|Low(37),-30.387842,29.141538,RETREAT|Unavailable|Unavailable|Low(37),-29.83703,30.693932,RETREAT|Unavailable|Unavailable|Low(37),-31.916667,26.966667,RETREAT|Unavailable|Unavailable|Low(37),-34.05,18.45,RETREAT|Unavailable|Unavailable|Low(37),-28.287278,24.50119,RETREAT|Unavailable|Unavailable|Low(37),-22.601792,28.356294,RETREAT|Unavailable|Unavailable|Low(37),-22.581516,28.342161,RETREAT|Unavailable|Unavailable|Low(37),-28.273881,26.643058,RETREAT|Unavailable|Unavailable|Low(37),-32.297204,26.986035,RETREAT|Unavailable|Unavailable|Low(37),-33.420762,26.054796,RETREAT|Unavailable|Unavailable|Low(37),-32.002683,26.950243,RETREAT|Unavailable|Unavailable|Low(37),-32.253016,25.650239,RETREAT|Unavailable|Unavailable|Low(37),-30.681314,26.852098,RETREAT|Unavailable|Unavailable|Low(37),-31.562699,29.477784,RETREAT|Unavailable|Unavailable|Low(37),-29.796959,22.956994,RETREAT|Unavailable|Unavailable|Low(37),-27.30617,28.097165,RETREAT|Unavailable|Unavailable|Low(37),-27.017774,24.67263,RETREAT|Unavailable|Unavailable|Low(37),-32.489811,22.760928,RETREAT|Unavailable|Unavailable|Low(37),-34.060458,18.437825,TOKAI|Unavailable|Unavailable|Low(35)",Andropadus importunus,1905.12.29.1940,1
"Transkei Coast, Lusikisiki District, Mzimhlava River Mouth, South Africa",South Africa,,,-31.619343,29.551357,yes,Low(42),Unavailable,,"-29,25,SOUTH AFRICA|Unavailable|Unavailable|Low(42),-30,26,SOUTH AFRICA|Unavailable|Unavailable|Low(42),-31.361987,29.573285,LUSIKISIKI|Unavailable|Unavailable|Low(40),-31.366667,29.566667,LUSIKISIKI|Unavailable|Unavailable|Low(40),-31.3667,29.5833,LUSIKISIKI|Unavailable|Unavailable|Low(40),-31.5,29,TRANSKEI|Unavailable|Unavailable|Low(38),-31.3333,29,TRANSKEI|Unavailable|Unavailable|Low(38)",Andropadus importunus,1980-115,1
"Transkei Coast-Lusikisiki district, Mzimhlava River mouth","South Africa, South Africa",,,-31.620552,29.552087,yes,,,,,Andropadus importunus,"1980-108, 1980-116",2
Bwindi Impenetrable Forest,"Uganda, Uganda",,,-1.008352,29.638347,yes,,,,,Arizelocichla masukuensis,"28567, 28568",2
Kakamega Forest,"Kenya, Kenya, Kenya",,,0.285235,34.875478,yes,,,,,Arizelocichla masukuensis,"1971.16.72, 1971.16.73, 1971.16.71",3
"Magamba Forest Reserve, W Usambara Region",United Republic of Tanzania,,,-4.7,38.3,yes,Low(38),Unavailable,,"-4.942272,38.351798,USAMBARA|Unavailable|Unavailable|Low(38),-6.427666,31.046592,MAGAMBA|Unavailable|Unavailable|Low(37),-4.7,38.3,MAGAMBA|Unavailable|Unavailable|Low(37),-6.429099,31.102321,MAGAMBA|Unavailable|Unavailable|Low(37),-5.533333,38.083333,MAGAMBA|Unavailable|Unavailable|Low(37),-8.619069,32.912637,MAGAMBA|Unavailable|Unavailable|Low(37),-5.645275,38.050353,MAGAMBA|Unavailable|Unavailable|Low(37)",Arizelocichla masukuensis,2012.12,1
"Magamba Forest Reserve, W. Usambara Mts., Lushoto District, Tanga Region, Tanzania",United Republic of Tanzania,,,-4.7,38.3,yes,Low(46),Unavailable,,"-4.545278,38.43927,LUSHOTO DISTRICT|Unavailable|Unavailable|Low(46),-5.2,38.283333,TANGA REGION|Unavailable|Unavailable|Low(42),-5,38.25,TANGA REGION|Unavailable|Unavailable|Low(42),-6,35,TANZANIA|Unavailable|Unavailable|Low(38),-6,35,TANZANIA|Unavailable|Unavailable|Low(38),-4.942272,38.351798,USAMBARA|Unavailable|Unavailable|Low(38),-4.783333,38.283333,LUSHOTO|Unavailable|Unavailable|Low(37),-6.427666,31.046592,MAGAMBA|Unavailable|Unavailable|Low(37),-5.645275,38.050353,MAGAMBA|Unavailable|Unavailable|Low(37),-4.7,38.3,MAGAMBA|Unavailable|Unavailable|Low(37),-4.545278,38.43927,LUSHOTO|Unavailable|Unavailable|Low(37),-5.533333,38.083333,MAGAMBA|Unavailable|Unavailable|Low(37),-4.333333,37.866667,LUSHOTO|Unavailable|Unavailable|Low(37),-6.429099,31.102321,MAGAMBA|Unavailable|Unavailable|Low(37),-4.784936,38.31374,LUSHOTO|Unavailable|Unavailable|Low(37),-4.772001,38.289233,LUSHOTO|Unavailable|Unavailable|Low(37),-8.619069,32.912637,MAGAMBA|Unavailable|Unavailable|Low(37),-10.568095,35.716618,TANGA|Unavailable|Unavailable|Low(35),-9.016667,36.05,TANGA|Unavailable|Unavailable|Low(35),-10.566667,35.683333,TANGA|Unavailable|Unavailable|Low(35),-5.416667,39.7,TANGA|Unavailable|Unavailable|Low(35),-5,38.25,TANGA|Unavailable|Unavailable|Low(35),-5.115738,39.027526,TANGA|Unavailable|Unavailable|Low(35),-5.2,38.283333,TANGA|Unavailable|Unavailable|Low(35),-5.066667,39.1,TANGA|Unavailable|Unavailable|Low(35),-5.083333,39.066667,TANGA|Unavailable|Unavailable|Low(35)",Arizelocichla masukuensis,2012-120,1
Mugesse Mt. Masuku Mts,"Malawi, Malawi",,,-9.655562,33.551625,yes,,,,,Arizelocichla masukuensis,"1935.10.9.92, 1935.10.9.91",2
"Ndundulu Forest Reserve, Udzurgwa Mts. Kilolo District, Iringa Region, Tanzania",United Republic of Tanzania,,,-7.819838,36.609184,yes,Low(43),Unavailable,,"-7.85,35.55,IRINGA REGION|Unavailable|Unavailable|Low(43),-6,35,TANZANIA|Unavailable|Unavailable|Low(38),-6,35,TANZANIA|Unavailable|Unavailable|Low(38),-1.816667,33.383333,IRINGA|Unavailable|Unavailable|Low(36),-8,35.85,KILOLO|Unavailable|Unavailable|Low(36),-7.766667,35.7,IRINGA|Unavailable|Unavailable|Low(36),-7.743429,36.203281,KILOLO|Unavailable|Unavailable|Low(36),-7.516829,35.2284,IRINGA|Unavailable|Unavailable|Low(36),-7.85,35.55,IRINGA|Unavailable|Unavailable|Low(36)",Arizelocichla masukuensis,2012-121,1
Rungwe Mts,United Republic of Tanzania,,,-9.107725,33.61683,yes,Low(36),Unavailable,,"-4.566667,38.25,RUNGWE|Unavailable|Unavailable|Low(36),-9.166667,33.6,RUNGWE|Unavailable|Unavailable|Low(36),-6.04152,30.538226,RUNGWE|Unavailable|Unavailable|Low(36),-9.1667,33.5833,RUNGWE|Unavailable|Unavailable|Low(36),-9.235497,33.690343,RUNGWE|Unavailable|Unavailable|Low(36)",Arizelocichla masukuensis,1949.69.38,1
"Uluguru North Forest Reserve, Morogoro Region",United Republic of Tanzania,,,-6.916667,37.7,no,Low(58),unavailable,,"-6.916667,37.7,ULUGURU NORTH FOREST RESERVE|Unavailable|Unavailable|Low(58),-7.916667,37.25,MOROGORO REGION|Unavailable|Unavailable|Low(45),-8,37,MOROGORO REGION|Unavailable|Unavailable|Low(45),-5.583333,32.75,MOROGORO|Unavailable|Unavailable|Low(38),-7.716667,35.866667,MOROGORO|Unavailable|Unavailable|Low(38),-6.816667,37.666667,MOROGORO|Unavailable|Unavailable|Low(38),-10.633333,35.433333,MOROGORO|Unavailable|Unavailable|Low(38),-5.183333,38.4,MOROGORO|Unavailable|Unavailable|Low(38),-6.906139,37.945539,MOROGORO|Unavailable|Unavailable|Low(38),-8,37,MOROGORO|Unavailable|Unavailable|Low(38),-6.8167,37.6667,MOROGORO|Unavailable|Unavailable|Low(38),-7.916667,37.25,MOROGORO|Unavailable|Unavailable|Low(38)",Arizelocichla masukuensis,2012.116,1
"Uluguru North Forest Reserve, Muomero District, Morogoro Region, Tanzania","United Republic of Tanzania, United Republic of Tanzania",,,-6.915786,37.697593,yes,,,,,Arizelocichla masukuensis,"2012-116, 2012-117",2
"Ambangulu Forest Reserve, W-Usambara Mts, Korogwe District, Tanga Region, Tanzania",United Republic of Tanzania,,,-5.083333,38.433333,yes,Low(46),Unavailable,,"-5.026859,38.395007,KOROGWE DISTRICT|Unavailable|Unavailable|Low(46),-5.2,38.283333,TANGA REGION|Unavailable|Unavailable|Low(42),-5,38.25,TANGA REGION|Unavailable|Unavailable|Low(42),-5.083333,38.433333,AMBANGULU|Unavailable|Unavailable|Low(39),-6,35,TANZANIA|Unavailable|Unavailable|Low(38),-6,35,TANZANIA|Unavailable|Unavailable|Low(38),-4.942272,38.351798,USAMBARA|Unavailable|Unavailable|Low(38),-5.204803,38.554133,KOROGWE|Unavailable|Unavailable|Low(37),-5.15,38.483333,KOROGWE|Unavailable|Unavailable|Low(37),-5.1667,38.5,KOROGWE|Unavailable|Unavailable|Low(37),-5.026859,38.395007,KOROGWE|Unavailable|Unavailable|Low(37),-5.083333,39.066667,TANGA|Unavailable|Unavailable|Low(35),-5.416667,39.7,TANGA|Unavailable|Unavailable|Low(35),-10.566667,35.683333,TANGA|Unavailable|Unavailable|Low(35),-9.016667,36.05,TANGA|Unavailable|Unavailable|Low(35),-5.066667,39.1,TANGA|Unavailable|Unavailable|Low(35),-5.2,38.283333,TANGA|Unavailable|Unavailable|Low(35),-5.115738,39.027526,TANGA|Unavailable|Unavailable|Low(35),-10.568095,35.716618,TANGA|Unavailable|Unavailable|Low(35),-5,38.25,TANGA|Unavailable|Unavailable|Low(35)",Arizelocichla milanjensis,2012.173,1
Chirinda Forest,"Zimbabwe, Zimbabwe, Zimbabwe, Zimbabwe",,,-20.431251,32.696088,yes,,,,,Arizelocichla milanjensis,"1910.7.1.398, 1910.7.1.389, 1911.5.80.551, 1910.7.1.397",4
"Magamba Forest Reserve, W-Usambara Mts, Lushoto District, Tanga Region, Tanzania",United Republic of Tanzania,,,-4.7,38.3,yes,Low(46),Unavailable,,"-4.545278,38.43927,LUSHOTO DISTRICT|Unavailable|Unavailable|Low(46),-5.2,38.283333,TANGA REGION|Unavailable|Unavailable|Low(42),-5,38.25,TANGA REGION|Unavailable|Unavailable|Low(42),-6,35,TANZANIA|Unavailable|Unavailable|Low(38),-6,35,TANZANIA|Unavailable|Unavailable|Low(38),-4.942272,38.351798,USAMBARA|Unavailable|Unavailable|Low(38),-4.783333,38.283333,LUSHOTO|Unavailable|Unavailable|Low(37),-6.427666,31.046592,MAGAMBA|Unavailable|Unavailable|Low(37),-5.645275,38.050353,MAGAMBA|Unavailable|Unavailable|Low(37),-4.7,38.3,MAGAMBA|Unavailable|Unavailable|Low(37),-4.545278,38.43927,LUSHOTO|Unavailable|Unavailable|Low(37),-5.533333,38.083333,MAGAMBA|Unavailable|Unavailable|Low(37),-4.333333,37.866667,LUSHOTO|Unavailable|Unavailable|Low(37),-6.429099,31.102321,MAGAMBA|Unavailable|Unavailable|Low(37),-4.784936,38.31374,LUSHOTO|Unavailable|Unavailable|Low(37),-4.772001,38.289233,LUSHOTO|Unavailable|Unavailable|Low(37),-8.619069,32.912637,MAGAMBA|Unavailable|Unavailable|Low(37),-10.568095,35.716618,TANGA|Unavailable|Unavailable|Low(35),-9.016667,36.05,TANGA|Unavailable|Unavailable|Low(35),-10.566667,35.683333,TANGA|Unavailable|Unavailable|Low(35),-5.416667,39.7,TANGA|Unavailable|Unavailable|Low(35),-5,38.25,TANGA|Unavailable|Unavailable|Low(35),-5.115738,39.027526,TANGA|Unavailable|Unavailable|Low(35),-5.2,38.283333,TANGA|Unavailable|Unavailable|Low(35),-5.066667,39.1,TANGA|Unavailable|Unavailable|Low(35),-5.083333,39.066667,TANGA|Unavailable|Unavailable|Low(35)",Arizelocichla milanjensis,2012.142,1
"Uluguru North Forest Reserve, Muomero District, Morogoro Region, Tanzania","United Republic of Tanzania, United Republic of Tanzania",,,-6.912686,37.696218,yes,,,,,Arizelocichla milanjensis,"2012.143, 2012.147",2
Lake Oku,Cameroon,,,6.166667,10.416667,no,High(83),unavailable,,"6.166667,10.416667,LAKE OKU|Unavailable|Unavailable|High(83)",Arizelocichla montana,1966.16.1753,1
Ndu,Cameroon,,,6.4,10.766667,yes,High(78),Unavailable,,"3.083333,12.35,NDU|Unavailable|Unavailable|High(78),4.266667,9.233333,NDU|Unavailable|Unavailable|High(78),6.4,10.766667,NDU|Unavailable|Unavailable|High(78),4.5,11.916667,NDU|Unavailable|Unavailable|High(78),2.45,10.933333,NDU|Unavailable|Unavailable|High(78),3.383333,14.033333,NDU|Unavailable|Unavailable|High(78)",Arizelocichla montana,1966.16.1766,1
"Saxenhof, near Buea",Cameroon,,,4.15,9.2167,yes,Medium(49),Unavailable,,"4.1527,9.241,Near BUEA|Unavailable|Unavailable|Medium(49),4.15,9.2167,Near BUEA|Unavailable|Unavailable|Medium(49)",Arizelocichla montana,1966.16.1763,1
above Saxenhof near Buea,Cameroon,,,4.15,9.2167,yes,Medium(49),Unavailable,,"4.1527,9.241,Near BUEA|Unavailable|Unavailable|Medium(49),4.15,9.2167,Near BUEA|Unavailable|Unavailable|Medium(49)",Arizelocichla montana,1966.16.1765,1
"Bismarck Hut, Kilimanjaro 8500'",United Republic of Tanzania,,,-3.337829,37.32765,yes,Low(41),Unavailable,,"-5.383333,38.05,KILIMANJARO|Unavailable|Unavailable|Low(41),-3.066667,37.366667,KILIMANJARO|Unavailable|Unavailable|Low(41),-9.866667,35.35,KILIMANJARO|Unavailable|Unavailable|Low(41),-3.75,37.633333,KILIMANJARO|Unavailable|Unavailable|Low(41),-3.75,37.75,KILIMANJARO|Unavailable|Unavailable|Low(41),-3.066,37.372,KILIMANJARO|Unavailable|Unavailable|Low(41),-3.337829,37.32765,KILIMANJARO|Unavailable|Unavailable|Low(41),-5.416667,34.9,MANJARO|Unavailable|Unavailable|Low(24)",Arizelocichla nigriceps,1934.6.18.15,1
"Kibosho, Kilimanjaro",United Republic of Tanzania,,,-3.25,37.316667,yes,Low(41),Unavailable,,"-5.383333,38.05,KILIMANJARO|Unavailable|Unavailable|Low(41),-3.75,37.633333,KILIMANJARO|Unavailable|Unavailable|Low(41),-9.866667,35.35,KILIMANJARO|Unavailable|Unavailable|Low(41),-3.066667,37.366667,KILIMANJARO|Unavailable|Unavailable|Low(41),-3.75,37.75,KILIMANJARO|Unavailable|Unavailable|Low(41),-3.337829,37.32765,KILIMANJARO|Unavailable|Unavailable|Low(41),-3.066,37.372,KILIMANJARO|Unavailable|Unavailable|Low(41),-3.25,37.316667,KIBOSHO|Unavailable|Unavailable|Low(37),-3.221451,37.305,KIBOSHO|Unavailable|Unavailable|Low(37),-5.416667,34.9,MANJARO|Unavailable|Unavailable|Low(24)",Arizelocichla nigriceps,1933.3.2.31,1
Loliondo Forest,United Republic of Tanzania,,,-2.066667,35.6,yes,Low(38),Unavailable,,"-2.25,35.583333,LOLIONDO|Unavailable|Unavailable|Low(38),-2.066667,35.6,LOLIONDO|Unavailable|Unavailable|Low(38),-2.05,35.616667,LOLIONDO|Unavailable|Unavailable|Low(38)",Arizelocichla nigriceps,1945.41.53,1
"Lossogonoi Hill, S of Lolbene",United Republic of Tanzania,,,-3.95,37.116667,no,Low(37),unavailable,,"-3.95,37.116667,LOLBENE|Unavailable|Unavailable|Low(37)",Arizelocichla nigriceps,1945.41.51,1
"Magamba Forest Reserve, W-Usambara Mts, Lushoto District, Tanga Region, Tanzania","United Republic of Tanzania, United Republic of Tanzania, United Republic of Tanzania, United Republic of Tanzania",,,-4.709516,38.301839,yes,,,,,Arizelocichla nigriceps,"2012.136, 2012.137, 2012.139, 2012.134",4
Meru Urwald,"United Republic of Tanzania, United Republic of Tanzania",,,-3.267752,36.720666,yes,,,,,Arizelocichla nigriceps,"1960-145, 1960-147",2
"Meru, Ost",United Republic of Tanzania,,,-3.233333,36.75,yes,Low(34),Unavailable,,"-3.216667,36.666667,MERU|Unavailable|Unavailable|Low(34),-3.326734,36.900834,MERU|Unavailable|Unavailable|Low(34),-3.233333,36.75,MERU|Unavailable|Unavailable|Low(34)",Arizelocichla nigriceps,1960-148,1
"Meru-Ost, Urwald",United Republic of Tanzania,,,-3.216667,36.666667,yes,Low(34),,,"-3.216667,36.666667,MERU|Unavailable|Unavailable|Low(34),-3.326734,36.900834,MERU|Unavailable|Unavailable|Low(34),-3.233333,36.75,MERU|Unavailable|Unavailable|Low(34)",Arizelocichla nigriceps,1960-146,1
"Mubuku Valley, East Ruwenzori","Uganda, Uganda, Uganda, Uganda",,,0.273041,30.121229,yes,,,,,Arizelocichla nigriceps,"1906.12.23.1330, 1906.12.23.1332, 1906.12.23.1329, 1906.12.23.1326",4
"Bantabare, Bioko","Equatorial Guinea, Equatorial Guinea",,,3.429005,8.791831,yes,,,,,Arizelocichla tephrolaema,"1904.6.22.117, 1904.6.22.121",2
"Besoso, Fernando Po (now Bioko)",Equatorial Guinea,,,3.5,8.7,yes,Low(41),Unavailable,,"3.5,8.7,FERNANDO PO|Unavailable|Unavailable|Low(41),3.5,8.7,FERNANDO PO|Unavailable|Unavailable|Low(41),3.5833,8.75,BIOKO|Unavailable|Unavailable|Low(35),3.350442,8.662766,BIOKO|Unavailable|Unavailable|Low(35),3.5,8.7,BIOKO|Unavailable|Unavailable|Low(35)",Arizelocichla tephrolaema,1911.12.23.1745,1
"Moka, Fernando Po (now Bioko)",Equatorial Guinea,,,3.333333,8.666667,yes,Low(41),Unavailable,,"3.5,8.7,FERNANDO PO|Unavailable|Unavailable|Low(41),3.5,8.7,FERNANDO PO|Unavailable|Unavailable|Low(41),3.350442,8.662766,BIOKO|Unavailable|Unavailable|Low(35),3.5,8.7,BIOKO|Unavailable|Unavailable|Low(35),3.5833,8.75,BIOKO|Unavailable|Unavailable|Low(35),3.333333,8.666667,MOKA|Unavailable|Unavailable|Low(34)",Arizelocichla tephrolaema,1911.12.23.1668,1
Enugu,"Nigeria, Nigeria, Nigeria, Nigeria",,,6.431042,7.508187,yes,,,,,Atimastillas flavicollis,"1966.16.1782, 1949.33.48, 1966.16.1786, 1966.16.1776",4
"Kimpoko, Zaire",Democratic Republic of the Congo,,,-4.202222,15.551667,yes,Low(37),Unavailable,,"-4.234444,15.550278,KIMPOKO|Unavailable|Unavailable|Low(37),-4.202222,15.551667,KIMPOKO|Unavailable|Unavailable|Low(37),0,25,ZAIRE|Unavailable|Unavailable|Low(35)",Baeopogon indicator,1992-054,1
Kumba,"Cameroon, Cameroon",,,4.620062,9.440903,yes,,,,,Baeopogon indicator,"1966.16.1190, 1966.16.1181",2
"Kupe, Westkamerun",Cameroon,,,4.7571,9.6854,yes,Low(34),Unavailable,,"4.7571,9.6854,KUPE|Unavailable|Unavailable|Low(34),6,12,KAMERUN|Unavailable|Unavailable|Low(24)",Baeopogon indicator,1968-779,1
River Ja,"Cameroon, Cameroon",,,2.846401,13.276172,yes,,,,,Baeopogon indicator,"1911.5.31.287, 1911.5.31.284",2
20 mi south of Sefadu,Sierra Leone,,,8.46409,-10.904029,yes,High(81),Unavailable,,"8.364628,-10.998033,Distance South of SEFADU|Unavailable|Unavailable|High(81),8.358981,-10.983333,Distance South of SEFADU|Unavailable|Unavailable|High(81),8.358981,-10.9667,Distance South of SEFADU|Unavailable|Unavailable|High(81),8.46409,-10.904029,Distance South of SEFADU|Unavailable|Unavailable|High(81)",Bleda canicapillus,1930.12.3.319,1
Kamasigi,Sierra Leone,,,9.319963,-11.911648,yes,,,,,Bleda canicapillus,1930.12.3.318,1
York Pass,Sierra Leone,,,8.284904,-13.180598,yes,Low(34),Unavailable,,"7.541151,-12.46296,YORK|Unavailable|Unavailable|Low(34),8.284904,-13.180598,YORK|Unavailable|Unavailable|Low(34),8.2833,-13.1667,YORK|Unavailable|Unavailable|Low(34)",Bleda canicapillus,1937.10.15.61,1
"Bitye, River Dja, South Region",Cameroon,,,3.016667,12.366667,yes,Low(42),Unavailable,,"2.75,11.583333,SOUTH REGION|Unavailable|Unavailable|Low(42),2.5,11.75,SOUTH REGION|Unavailable|Unavailable|Low(42),3.016667,12.366667,BITYE|Unavailable|Unavailable|Low(35),2.75,11.583333,SOUTH|Unavailable|Unavailable|Low(35),2.5,11.75,SOUTH|Unavailable|Unavailable|Low(35),4.466667,14.416667,DJA|Unavailable|Unavailable|Low(33),5.483333,12.35,DJA|Unavailable|Unavailable|Low(33),2.433333,12.4,DJA|Unavailable|Unavailable|Low(33),2.033333,15.2,DJA|Unavailable|Unavailable|Low(33),5.3,12.233333,DJA|Unavailable|Unavailable|Low(33),3.816667,12.7,DJA|Unavailable|Unavailable|Low(33)",Bleda notatus,1924.11.2.130,1
"Bubi Town, Bioko","Equatorial Guinea, Equatorial Guinea",,,3.717903,8.83543,yes,,,,,Bleda notatus,"1904.6.22.128, 1904.6.22.128",2
"Fish Town, Fernando PO",Equatorial Guinea,,,3.387037,8.755876,yes,Low(41),,,"3.5,8.7,FERNANDO PO|Unavailable|Unavailable|Low(41),3.5,8.7,FERNANDO PO|Unavailable|Unavailable|Low(41)",Bleda notatus,1904.6.22.129,1
River Ja,Cameroon,,,2.811894,13.325373,yes,,,,,Bleda notatus,1905.1.24.114,1
"Sepopo, Fernando PO",Equatorial Guinea,,,3.756537,8.890437,yes,Low(41),,,"3.5,8.7,FERNANDO PO|Unavailable|Unavailable|Low(41),3.5,8.7,FERNANDO PO|Unavailable|Unavailable|Low(41)",Bleda notatus,1936.2.21.288,1
"Sipopo, Fernando Po (now Bioko)",Equatorial Guinea,,,3.758636,8.887486,yes,Low(41),,,"3.5,8.7,FERNANDO PO|Unavailable|Unavailable|Low(41),3.5,8.7,FERNANDO PO|Unavailable|Unavailable|Low(41),3.5833,8.75,BIOKO|Unavailable|Unavailable|Low(35),3.350442,8.662766,BIOKO|Unavailable|Unavailable|Low(35),3.5,8.7,BIOKO|Unavailable|Unavailable|Low(35)",Bleda notatus,1911.12.23.1672,1
"near Rebola, Fernando Po (now Bioko)",Equatorial Guinea,,,3.716667,8.833333,no,Medium(51),unavailable,,"3.716667,8.833333,Near REBOLA|Unavailable|Unavailable|Medium(51)",Bleda notatus,1911.12.23.1671,1
"Bu, Zaire",Democratic Republic of the Congo,,,-4.751453,15.663939,yes,Low(35),,,"0,25,ZAIRE|Unavailable|Unavailable|Low(35)",Bleda syndactylus,1986-068,1
Katire Primary Forest,"South Sudan, South Sudan",,,3.965038,32.783599,yes,,,,,Bleda syndactylus,"1978-056, 1978-058",2
Mt. Nimba,"Liberia, Liberia, Liberia, Liberia",,,7.535399,-8.50491,yes,,,,,Bleda syndactylus,"1977.20.1178, 1977.20.1175, 1977.20.1186, 1977.20.1189",4
S.Sylhet,India,,,24.604022,91.938925,yes,,,,,Brachypodius melanocephalos,2089,1
M.Andaman,"India, India",,,12.559671,92.816115,yes,,,,,Brachypodius fuscoflavescens,"22076, 22075",2
PENANG HILL,"Malaysia, Malaysia, Malaysia, Malaysia",,,5.435295,100.255576,yes,,,,,Brachypodius melanocephalos,"B/10248, B/10247, B/10246, B/10245",4
Port Blair,India,,,11.658093,92.730345,yes,High(85),Unavailable,,"11.666667,92.75,PORT BLAIR|Unavailable|Unavailable|High(85),11.658093,92.730345,(g3)Port Blair|Unavailable|5253|Medium(60)",Brachypodius fuscoflavescens,22077,1
S.Andaman,"India, India, India",,,11.828766,92.655372,yes,,,,,Brachypodius fuscoflavescens,"23322, 22074, 25889",3
S.Andaman,India,,,12,92.75,yes,Low(37),Unavailable,,"10,93,ANDAMAN|Unavailable|Unavailable|Low(37),10.033105,78.165045,ANDAMAN|Unavailable|Unavailable|Low(37),12,92.75,ANDAMAN|Unavailable|Unavailable|Low(37)",Brachypodius fuscoflavescens,1005,1
"Canacona, Goa","India, India",,,14.996381,74.042758,yes,,,,,Brachypodius priocephalus,"24102, 24101",2
"Karwar, MH",India,,,14.813611,74.129722,yes,Low(36),Unavailable,,"25.151029,83.854112,KARWAR|Unavailable|Unavailable|Low(36),21.530233,78.548228,KARWAR|Unavailable|Unavailable|Low(36),21.549574,78.421319,KARWAR|Unavailable|Unavailable|Low(36),25.720108,76.11436,KARWAR|Unavailable|Unavailable|Low(36),27.944261,76.751149,KARWAR|Unavailable|Unavailable|Low(36),22.501723,81.994349,KARWAR|Unavailable|Unavailable|Low(36),23.105351,74.86893,KARWAR|Unavailable|Unavailable|Low(36),14.813611,74.129722,KARWAR|Unavailable|Unavailable|Low(36),25.720108,76.11436,KARWAR|Unavailable|Unavailable|Low(36),23.105005,74.869377,KARWAR|Unavailable|Unavailable|Low(36),14.809304,74.12885,KARWAR|Unavailable|Unavailable|Low(36)",Brachypodius priocephalus,2097,1
Kannur,India,,,11.867003,75.365998,yes,High(81),Unavailable,,"13.166785,77.151589,KANNUR|Unavailable|Unavailable|High(81),13.092095,77.65364,KANNUR|Unavailable|Unavailable|High(81),11.867003,75.365998,KANNUR|Unavailable|Unavailable|High(81),14.285075,75.16323,KANNUR|Unavailable|Unavailable|High(81),12.166667,75.333333,KANNUR|Unavailable|Unavailable|High(81),17.042918,76.926287,KANNUR|Unavailable|Unavailable|High(81),17.517295,76.87558,KANNUR|Unavailable|Unavailable|High(81),12.970319,78.370001,KANNUR|Unavailable|Unavailable|High(81),12.981717,79.84166,KANNUR|Unavailable|Unavailable|High(81),11.938066,78.712177,KANNUR|Unavailable|Unavailable|High(81),12.1097,77.244735,KANNUR|Unavailable|Unavailable|High(81),14.110563,75.245196,KANNUR|Unavailable|Unavailable|High(81),11.445387,75.738675,KANNUR|Unavailable|Unavailable|High(81),18.206166,79.506682,KANNUR|Unavailable|Unavailable|High(81)",Brachypodius priocephalus,88.4.1.389,1
Katyal,India,,,14.833385,74.133075,yes,,,,,Brachypodius priocephalus,1925.12.23.377,1
Malabar Cst.,India,,,9.947743,76.253802,no,Low(37),unavailable,,"9.947743,76.253802,MALABAR|Unavailable|Unavailable|Low(37)",Brachypodius priocephalus,86.9.1.1312,1
"Mollem, Goa",India,,,15.375955,74.194003,yes,Low(33),Unavailable,,"15.409269,73.788685,GOA|Unavailable|Unavailable|Low(33),24.602428,72.725831,GOA|Unavailable|Unavailable|Low(33),15.333333,74.08333,GOA|Unavailable|Unavailable|Low(33),15.501574,73.913146,GOA|Unavailable|Unavailable|Low(33),32.448826,76.539889,GOA|Unavailable|Unavailable|Low(33),15.4,73.8,GOA|Unavailable|Unavailable|Low(33),15.5,73.916667,GOA|Unavailable|Unavailable|Low(33),23.785769,84.315969,GOA|Unavailable|Unavailable|Low(33),15.333,74.083,GOA|Unavailable|Unavailable|Low(33)",Brachypodius priocephalus,24100,1
"Mysore, KA",India,,,12.292664,76.638543,yes,Low(36),Unavailable,,"12.316672,76.645833,MYSORE|Unavailable|Unavailable|Low(36),14.666667,75.833333,MYSORE|Unavailable|Unavailable|Low(36),12,76.5,MYSORE|Unavailable|Unavailable|Low(36),12.292664,76.638543,MYSORE|Unavailable|Unavailable|Low(36),12,76.5,MYSORE|Unavailable|Unavailable|Low(36),12.307222,76.649722,MYSORE|Unavailable|Unavailable|Low(36),13.5,76,MYSORE|Unavailable|Unavailable|Low(36)",Brachypodius priocephalus,2093,1
"Palni, KL",India,,,10.452283,77.516518,yes,Low(35),Unavailable,,"25.12926,85.612429,PALNI|Unavailable|Unavailable|Low(35),29.222046,78.432265,PALNI|Unavailable|Unavailable|Low(35),10.466667,77.533333,PALNI|Unavailable|Unavailable|Low(35),10.452283,77.516518,PALNI|Unavailable|Unavailable|Low(35)",Brachypodius priocephalus,19883,1
"Sakleshpur, KA",India,,,12.94119,75.784672,no,Low(40),unavailable,,"12.94119,75.784672,SAKLESHPUR|Unavailable|Unavailable|Low(40),12.966667,75.783333,SAKLESHPUR|Unavailable|Unavailable|Low(40)",Brachypodius priocephalus,2092,1
"Thatlakad, N Travancore",India,,,10.09727,76.709455,yes,Low(40),,,"8.885634,76.59257,TRAVANCORE|Unavailable|Unavailable|Low(40),27.666667,88.5,NORTH|Unavailable|Unavailable|Low(35)",Brachypodius priocephalus,1949.Whi.1.14546,1
"Grassfield, Mt Nimba","Liberia, Liberia, Liberia",,,7.487041,-8.574094,yes,,,,,Calyptocichla serinus,"1977.20.1066, 1977.20.1069, 1977.20.1065",3
Mt Nimba,Liberia,,,7.488889,-8.570833,yes,Low(35),Unavailable,,"7.493611,-8.585,NIMBA|Unavailable|Unavailable|Low(35),7.488889,-8.570833,NIMBA|Unavailable|Unavailable|Low(35),6.75,-8.75,NIMBA|Unavailable|Unavailable|Low(35),6.816667,-8.783333,NIMBA|Unavailable|Unavailable|Low(35)",Calyptocichla serinus,1977.20.1074,1
"Chongoroi, Benguela",Angola,,,-13.589313,13.812305,no,Low(39),unavailable,,"-13.589313,13.812305,CHONGOROI|Unavailable|Unavailable|Low(39),-13.35,13.8,CHONGOROI|Unavailable|Unavailable|Low(39),-13.566667,13.95,CHONGOROI|Unavailable|Unavailable|Low(39),-13.5667,13.95,CHONGOROI|Unavailable|Unavailable|Low(39),-12.1,15.283333,BENGUELA|Unavailable|Unavailable|Low(38),-12.578333,13.407222,BENGUELA|Unavailable|Unavailable|Low(38),-12.853995,13.928248,BENGUELA|Unavailable|Unavailable|Low(38),-12.739634,13.577837,BENGUELA|Unavailable|Unavailable|Low(38),-12.5667,13.4,BENGUELA|Unavailable|Unavailable|Low(38),-12.853,13.928,BENGUELA|Unavailable|Unavailable|Low(38)",Chlorocichla falkensteini,1957.35.182,1
"N'dalatando, Cuanza Norte","Angola, Angola",,,-9.326953,14.916045,yes,,,,,Chlorocichla falkensteini,"1910.5.6.589, 1910.5.6.592",2
"Near Cuvo River, 12 miles south-west of Gabela, Cuanza Sul",Angola,,,-10.980425,14.30053,yes,Medium(49),Unavailable,,"-6.794451,15.11166,Near CUVO|Unavailable|Unavailable|Medium(49),-9.216501,16.349001,Near CUVO|Unavailable|Unavailable|Medium(49),-9.802246,15.390444,Near CUVO|Unavailable|Unavailable|Medium(49),-10.839879,13.795859,Near CUVO|Unavailable|Unavailable|Medium(49),-10.858908,13.794264,Near CUVO|Unavailable|Unavailable|Medium(49),-11.470777,14.678303,Near CUVO|Unavailable|Unavailable|Medium(49),-12.15,15.583333,Near CUVO|Unavailable|Unavailable|Medium(49)",Chlorocichla falkensteini,1957.35.180,1
Durban,"South Africa, South Africa, South Africa",,,-29.841656,30.930397,yes,,,,,Chlorocichla flaviventris,"85.1.3.4, 95.5.1.730, 79.9.7.96",3
Illovo,South Africa,,,-26.1333,28.05,yes,High(81),Unavailable,,"-22.512332,28.729888,ILLOVO|Unavailable|Unavailable|High(81),-29.833333,30.2,ILLOVO|Unavailable|Unavailable|High(81),-30.116667,30.85,ILLOVO|Unavailable|Unavailable|High(81),-22.533375,28.735764,ILLOVO|Unavailable|Unavailable|High(81),-26.1333,28.05,ILLOVO|Unavailable|Unavailable|High(81),-30.1,30.8333,ILLOVO|Unavailable|Unavailable|High(81),-30.111773,30.852597,ILLOVO|Unavailable|Unavailable|High(81)",Chlorocichla flaviventris,1905.12.29.1952,1
Inland Durban Natal,South Africa,,,-29.857896,31.029198,yes,Low(36),Unavailable,,"-29.85,31.033333,DURBAN|Unavailable|Unavailable|Low(36),-29.857896,31.029198,DURBAN|Unavailable|Unavailable|Low(36),-22.620184,29.501299,DURBAN|Unavailable|Unavailable|Low(36),-26.183333,27.833333,DURBAN|Unavailable|Unavailable|Low(36),-26.183333,27.8,DURBAN|Unavailable|Unavailable|Low(36),-29.8833,31,DURBAN|Unavailable|Unavailable|Low(36),-23.661891,28.030794,DURBAN|Unavailable|Unavailable|Low(36),-29.866667,31.05,NATAL|Unavailable|Unavailable|Low(35),-28.388578,27.228258,NATAL|Unavailable|Unavailable|Low(35),-29,30,NATAL|Unavailable|Unavailable|Low(35),-26.429855,28.16055,NATAL|Unavailable|Unavailable|Low(35),-29,30,NATAL|Unavailable|Unavailable|Low(35),-22.909428,29.399831,NATAL|Unavailable|Unavailable|Low(35)",Chlorocichla flaviventris,1967-368,1
"Mikindani, Mtwara-Distr., Tanganyika",United Republic of Tanzania,,,-10.283333,40.116667,yes,Low(40),Unavailable,,"-9.116667,35.65,TANGANYIKA|Unavailable|Unavailable|Low(40),-5.159042,38.8025,TANGANYIKA|Unavailable|Unavailable|Low(40),-6,35,TANGANYIKA|Unavailable|Unavailable|Low(40),-5.4,39.65,MIKINDANI|Unavailable|Unavailable|Low(39),-5.116667,39.783333,MIKINDANI|Unavailable|Unavailable|Low(39),-5.066667,39.75,MIKINDANI|Unavailable|Unavailable|Low(39),-10.266667,40.183333,MIKINDANI|Unavailable|Unavailable|Low(39),-10.283333,40.116667,MIKINDANI|Unavailable|Unavailable|Low(39),-10.2667,40.0833,MIKINDANI|Unavailable|Unavailable|Low(39),-10.295164,40.111164,MIKINDANI|Unavailable|Unavailable|Low(39),-6.033333,39.233333,MIKINDANI|Unavailable|Unavailable|Low(39),-10.666667,39,MTWARA|Unavailable|Unavailable|Low(36),-10.266667,40.183333,MTWARA|Unavailable|Unavailable|Low(36),-10.47941,39.988072,MTWARA|Unavailable|Unavailable|Low(36),-10.8,39.133333,MTWARA|Unavailable|Unavailable|Low(36),-10.2833,40.1833,MTWARA|Unavailable|Unavailable|Low(36),-5.35,39.65,KINDANI|Unavailable|Unavailable|Low(24)",Chlorocichla flaviventris,1965.493,1
"Olumoti- Masail, N-Tansania",United Republic of Tanzania,,,-3.027142,35.626478,yes,Low(38),,,"-6,35,TANSANIA|Unavailable|Unavailable|Low(38),-6,35,TANSANIA|Unavailable|Unavailable|Low(38)",Chlorocichla flaviventris,1992-057,1
"Pugu Hills Forest Reserve, Kisarawe Distr., Coast Region, Tanzania",United Republic of Tanzania,,,-6.9,39.083333,yes,Low(42),Unavailable,,"-7.25,38.833333,COAST REGION|Unavailable|Unavailable|Low(42),-6,35,TANZANIA|Unavailable|Unavailable|Low(38),-6,35,TANZANIA|Unavailable|Unavailable|Low(38),-6.9,39.066667,KISARAWE|Unavailable|Unavailable|Low(38),-6.9,39.083333,KISARAWE|Unavailable|Unavailable|Low(38),-7.145858,38.695199,KISARAWE|Unavailable|Unavailable|Low(38),-6.9261,39.000792,KISARAWE|Unavailable|Unavailable|Low(38),-6.9,39.066667,KISARAWE|Unavailable|Unavailable|Low(38),-7,39,COAST|Unavailable|Unavailable|Low(35),-7.25,38.833333,COAST|Unavailable|Unavailable|Low(35),-6.983333,37.816667,PUGU|Unavailable|Unavailable|Low(34),-6.896464,39.122468,PUGU|Unavailable|Unavailable|Low(34),-6.9,39.116667,PUGU|Unavailable|Unavailable|Low(34)",Chlorocichla flaviventris,2012-192,1
"Same District North Pare Mountains, Tansania",United Republic of Tanzania,,,-4,37.75,yes,Low(50),Unavailable,,"-3.75,37.666667,NORTH PARE MOUNTAINS|Unavailable|Unavailable|Low(50),-4,37.75,PARE MOUNTAINS|Unavailable|Unavailable|Low(44),-4.221991,37.882783,SAME DISTRICT|Unavailable|Unavailable|Low(43),-6,35,TANSANIA|Unavailable|Unavailable|Low(38),-6,35,TANSANIA|Unavailable|Unavailable|Low(38),-4.066667,37.733333,SAME|Unavailable|Unavailable|Low(34),-4.221991,37.882783,SAME|Unavailable|Unavailable|Low(34),-4.0667,37.6833,SAME|Unavailable|Unavailable|Low(34),-4.035103,37.6974,SAME|Unavailable|Unavailable|Low(34),-4.138185,37.580691,SAME|Unavailable|Unavailable|Low(34)",Chlorocichla flaviventris,1959-540,1
Tanganyika,United Republic of Tanzania,,,-9.116667,35.65,yes,High(85),Unavailable,,"-6,35,TANGANYIKA|Unavailable|Unavailable|High(85),-9.116667,35.65,TANGANYIKA|Unavailable|Unavailable|High(85),-5.159042,38.8025,TANGANYIKA|Unavailable|Unavailable|High(85)",Chlorocichla flaviventris,1959.541,1
"Tundavala (Sa da Bandira), Hoila, Angola",Angola,,,-14.860448,13.446402,yes,Low(36),Unavailable,,"-14.133333,14.5,ANGOLA|Unavailable|Unavailable|Low(36),-12.5,18.5,ANGOLA|Unavailable|Unavailable|Low(36),-12.5,18.5,ANGOLA|Unavailable|Unavailable|Low(36)",Chlorocichla flaviventris,1966-642,1
"Gilo, Imatong Mts",South Sudan,,,4.038061,32.843762,yes,Low(37),Unavailable,,"4.170839,32.761496,IMATONG|Unavailable|Unavailable|Low(37),4.038061,32.843762,GILO|Unavailable|Unavailable|Low(34)",Chlorocichla laetissima,1949.30.137,1
"Mpanga Forest, Fort Portal","Uganda, Uganda, Uganda",,,0.080535,30.336113,yes,,,,,Chlorocichla laetissima,"1906.12.23.1338, 1906.12.23.1337, 1906.12.23.1339",3
"Upper Talanga, Sudan","Sudan, Sudan",,,3.934627,32.764863,yes,,,,,Chlorocichla laetissima,"1980-261, 1980-260",2
"Grassfield, Mt Nimba","Liberia, Liberia",,,7.48719,-8.570038,yes,,,,,Chlorocichla simplex,"1977.20.1106, 1977.20.1119",2
"Mine Road, Mt Nimba",Liberia,,,7.553343,-8.495444,yes,Low(35),,,"7.493611,-8.585,NIMBA|Unavailable|Unavailable|Low(35),7.488889,-8.570833,NIMBA|Unavailable|Unavailable|Low(35),6.75,-8.75,NIMBA|Unavailable|Unavailable|Low(35),6.816667,-8.783333,NIMBA|Unavailable|Unavailable|Low(35)",Chlorocichla simplex,1977.20.1117,1
"Yekepa, Mt Nimba",Liberia,,,7.579444,-8.537778,no,Low(36),unavailable,,"7.579444,-8.537778,YEKEPA|Unavailable|Unavailable|Low(36),7.488889,-8.570833,NIMBA|Unavailable|Unavailable|Low(35),7.493611,-8.585,NIMBA|Unavailable|Unavailable|Low(35),6.816667,-8.783333,NIMBA|Unavailable|Unavailable|Low(35),6.75,-8.75,NIMBA|Unavailable|Unavailable|Low(35)",Chlorocichla simplex,1977.20.1112,1
Fumsu,Ghana,,,6.106053,-1.452838,yes,,,,,Criniger barbatus,1911.12.23.1701,1
Mt. Nimba,Liberia,,,7.518329,-8.508855,yes,Low(35),,,"7.493611,-8.585,NIMBA|Unavailable|Unavailable|Low(35),7.488889,-8.570833,NIMBA|Unavailable|Unavailable|Low(35),6.75,-8.75,NIMBA|Unavailable|Unavailable|Low(35),6.816667,-8.783333,NIMBA|Unavailable|Unavailable|Low(35)",Criniger barbatus,1977.20.1249,1
York Pass,Sierra Leone,,,8.2833,-13.1667,yes,Low(34),Unavailable,,"7.541151,-12.46296,YORK|Unavailable|Unavailable|Low(34),8.284904,-13.180598,YORK|Unavailable|Unavailable|Low(34),8.2833,-13.1667,YORK|Unavailable|Unavailable|Low(34)",Criniger barbatus,1937.10.15.62,1
near Bintumane Peak,Sierra Leone,,,9.211573,-11.127653,yes,,,,,Criniger barbatus,1930.12.3.288,1
Efulen,Cameroon,,,2.766667,10.716667,yes,High(81),Unavailable,,"2.766667,10.716667,EFULEN|Unavailable|Unavailable|High(81),2.783333,10.533333,EFULEN|Unavailable|Unavailable|High(81)",Criniger calurus,1902.7.15.10,1
Kumba,Cameroon,,,4.65,9.4333,yes,High(80),Unavailable,,"4.6363,9.4469,KUMBA|Unavailable|Unavailable|High(80),4.6921,9.2097,KUMBA|Unavailable|Unavailable|High(80),4.65,9.4333,KUMBA|Unavailable|Unavailable|High(80),4.5307,9.4997,KUMBA|Unavailable|Unavailable|High(80)",Criniger calurus,1966.16.840,1
"Omanelu, Rivers Province",Nigeria,,,5.203229,6.865112,yes,Low(36),,,"4.75,6.833333,RIVERS|Unavailable|Unavailable|Low(36)",Criniger calurus,1966.16.865,1
"Umuagwu, Owerri Province","Nigeria, Nigeria, Nigeria",,,5.306969,6.938658,yes,,,,,Criniger calurus,"1966.16.857, 1966.16.853, 1966.16.847",3
"Komo River, 60 miles from Gabon",Equatorial Guinea,,,0.15,9.833333,yes,Low(34),,,"0.15,9.833333,KOMO|Unavailable|Unavailable|Low(34)",Criniger chloronotus,1901.4.24.11,1
"Kumba, Southwest Province",Cameroon,,,4.65,9.4333,yes,Low(35),Unavailable,,"4.5307,9.4997,KUMBA|Unavailable|Unavailable|Low(35),4.6363,9.4469,KUMBA|Unavailable|Unavailable|Low(35),4.6921,9.2097,KUMBA|Unavailable|Unavailable|Low(35),4.65,9.4333,KUMBA|Unavailable|Unavailable|Low(35),5.5,10.666667,WEST PROVINCE|Unavailable|Unavailable|Low(30),5.5,10.5,WEST PROVINCE|Unavailable|Unavailable|Low(30)",Criniger chloronotus,1966.16.1668,1
Landana,Republic of Congo,,,-5.23473,12.162915,yes,,,,,Criniger chloronotus,95.5.1.675,1
Ekona,Cameroon,,,4.231839,9.324966,yes,High(80),,,"5.0288,9.4924,EKONA|Unavailable|Unavailable|High(80)",Criniger ndussumensis,1966.16.802,1
Kumba,Cameroon,,,4.65,9.4333,yes,High(80),Unavailable,,"4.6363,9.4469,KUMBA|Unavailable|Unavailable|High(80),4.6921,9.2097,KUMBA|Unavailable|Unavailable|High(80),4.65,9.4333,KUMBA|Unavailable|Unavailable|High(80),4.5307,9.4997,KUMBA|Unavailable|Unavailable|High(80)",Criniger ndussumensis,1966.16.805,1
Ndor,Cameroon,,,4.883333,9.433333,no,High(79),unavailable,,"4.883333,9.433333,NDOR|Unavailable|Unavailable|High(79)",Criniger ndussumensis,1966.16.803,1
Umuagu,Nigeria,,,5.307124,6.943678,yes,High(81),Unavailable,,"5.233333,7.416667,UMUAGU|Unavailable|Unavailable|High(81),5.307124,6.943678,UMUAGU|Unavailable|Unavailable|High(81),5.150101,7.393744,UMUAGU|Unavailable|Unavailable|High(81),6.26553,7.36431,UMUAGU|Unavailable|Unavailable|High(81),6.15816,7.291489,UMUAGU|Unavailable|Unavailable|High(81)",Criniger ndussumensis,1966.16.801,1
Mt. Nimba,"Liberia, Liberia, Liberia, Liberia",,,7.503267,-8.516544,yes,,,,,Criniger olivaceus,"1977.20.1273, 1977.20.1280, 1977.20.1279, 1977.20.1272",4
"Aba, Abai, Nigeria",Nigeria,,,5.1,7.35,yes,Low(37),Unavailable,,"10,8,NIGERIA|Unavailable|Unavailable|Low(37),10,8,NIGERIA|Unavailable|Unavailable|Low(37),5.416667,7.5,ABAI|Unavailable|Unavailable|Low(34),6.81762,9.610869,ABA|Unavailable|Unavailable|Low(33),7.7,3.566667,ABA|Unavailable|Unavailable|Low(33),7.61554,8.190353,ABA|Unavailable|Unavailable|Low(33),7.35208,8.172406,ABA|Unavailable|Unavailable|Low(33),7.465366,9.283496,ABA|Unavailable|Unavailable|Low(33),4.822309,7.490881,ABA|Unavailable|Unavailable|Low(33),7.983333,3.133333,ABA|Unavailable|Unavailable|Low(33),7.194875,8.601925,ABA|Unavailable|Unavailable|Low(33),11.019253,7.762308,ABA|Unavailable|Unavailable|Low(33),8.914444,7.635556,ABA|Unavailable|Unavailable|Low(33),10.989055,7.724679,ABA|Unavailable|Unavailable|Low(33),7.308108,8.975673,ABA|Unavailable|Unavailable|Low(33),8.70207,12.470211,ABA|Unavailable|Unavailable|Low(33),5.106576,7.366667,ABA|Unavailable|Unavailable|Low(33),8.502647,12.277723,ABA|Unavailable|Unavailable|Low(33),6.494493,3.383927,ABA|Unavailable|Unavailable|Low(33),8.664109,12.346042,ABA|Unavailable|Unavailable|Low(33),7.786849,9.692825,ABA|Unavailable|Unavailable|Low(33),7.318081,8.78702,ABA|Unavailable|Unavailable|Low(33),5.1,7.35,ABA|Unavailable|Unavailable|Low(33),7.224878,8.521852,ABA|Unavailable|Unavailable|Low(33),7.37785,9.159263,ABA|Unavailable|Unavailable|Low(33),7.330338,9.147198,ABA|Unavailable|Unavailable|Low(33)",Eurillas ansorgei,1966.16.1035,1
"Grassfield, Mt Nimba",Liberia,,,7.488889,-8.570833,yes,Low(40),Unavailable,,"6.766667,-11.35,GRASSFIELD|Unavailable|Unavailable|Low(40),7.488889,-8.570833,GRASSFIELD|Unavailable|Unavailable|Low(40),7.488889,-8.570833,NIMBA|Unavailable|Unavailable|Low(35),6.75,-8.75,NIMBA|Unavailable|Unavailable|Low(35),7.493611,-8.585,NIMBA|Unavailable|Unavailable|Low(35),6.816667,-8.783333,NIMBA|Unavailable|Unavailable|Low(35)",Eurillas ansorgei,1977.20.985,1
Umuagwu,Nigeria,,,5.293845,6.896488,yes,High(82),Unavailable,,"5.293845,6.896488,UMUAGWU|Unavailable|Unavailable|High(82)",Eurillas ansorgei,1966.16.1028,1
"Umuagwu, Owerri Province",Nigeria,,,5.293845,6.896488,no,Low(37),unavailable,,"5.293845,6.896488,UMUAGWU|Unavailable|Unavailable|Low(37),5.75,7.116667,OWERRI|Unavailable|Unavailable|Low(36),5.4833,7.0333,OWERRI|Unavailable|Unavailable|Low(36),5.483626,7.033248,OWERRI|Unavailable|Unavailable|Low(36)",Eurillas ansorgei,1966.16.1029,1
Feshi,Democratic Republic of the Congo,,,-6.116667,18.166667,yes,High(80),Unavailable,,"-6.116667,18.166667,FESHI|Unavailable|Unavailable|High(80),-6.216667,18.366667,FESHI|Unavailable|Unavailable|High(80)",Eurillas curvirostris,1961-2855,1
"Lager II, Malembe, N-O-Seite",Cameroon,,,2.147151,15.34808,yes,,,,,Eurillas curvirostris,1961-1283,1
Meme River Ferry,Cameroon,,,4.5316,9.0798,yes,Low(40),Unavailable,,"4.4758,8.8846,MEME RIVER|Unavailable|Unavailable|Low(40),4.4758,8.8846,MEME|Unavailable|Unavailable|Low(34),10.978093,14.241673,MEME|Unavailable|Unavailable|Low(34),4.5316,9.0798,MEME|Unavailable|Unavailable|Low(34),2.333333,10.75,MEME|Unavailable|Unavailable|Low(34)",Eurillas curvirostris,1966.16.1004,1
Ndoi,Cameroon,,,4.883333,9.433333,yes,High(79),Unavailable,,"5.081094,9.170743,NDOI|Unavailable|Unavailable|High(79),4.883333,9.433333,NDOI|Unavailable|Unavailable|High(79)",Eurillas curvirostris,1966.16.1003,1
San Carlos,"Equatorial Guinea, Equatorial Guinea",,,3.457938,8.551534,yes,,,,,Eurillas curvirostris,"1963-996, 1963-1001",2
Victoria,"Cameroon, Cameroon",,,4.013215,9.22067,yes,,,,,Eurillas curvirostris,"1966.16.985, 1966.16.972",2
Enugu,"Nigeria, Nigeria",,,6.435113,7.499314,yes,,,,,Eurillas gracilis,"1966.16.1087, 1966.16.1089",2
"Mamu Forest, Onitsha Province",Nigeria,,,6.361278,6.86069,yes,Low(37),Unavailable,,"6.149779,6.78569,ONITSHA|Unavailable|Unavailable|Low(37),6.1667,6.7833,ONITSHA|Unavailable|Unavailable|Low(37),6.437746,6.975491,MAMU|Unavailable|Unavailable|Low(34),6.361278,6.86069,MAMU|Unavailable|Unavailable|Low(34),7.083333,3.916667,MAMU|Unavailable|Unavailable|Low(34)",Eurillas gracilis,1966.16.1083,1
"Nibo, Nsukka",Nigeria,,,6.819863,7.168023,yes,Low(36),Unavailable,,"6.853294,7.34801,NSUKKA|Unavailable|Unavailable|Low(36),6.856543,7.385977,NSUKKA|Unavailable|Unavailable|Low(36),6.819863,7.168023,NIBO|Unavailable|Unavailable|Low(34),6.171972,7.067359,NIBO|Unavailable|Unavailable|Low(34)",Eurillas gracilis,1966.16.1084,1
"Basoala, Fernando Po (now Bioko)","Equatorial Guinea, Equatorial Guinea",,,3.654233,8.9197,yes,,,,,Eurillas latirostris,"297634, 297630",2
"Bitye, River Dja, South Region",Cameroon,,,3.016667,12.366667,yes,Low(42),Unavailable,,"2.75,11.583333,SOUTH REGION|Unavailable|Unavailable|Low(42),2.5,11.75,SOUTH REGION|Unavailable|Unavailable|Low(42),3.016667,12.366667,BITYE|Unavailable|Unavailable|Low(35),2.75,11.583333,SOUTH|Unavailable|Unavailable|Low(35),2.5,11.75,SOUTH|Unavailable|Unavailable|Low(35),4.466667,14.416667,DJA|Unavailable|Unavailable|Low(33),5.483333,12.35,DJA|Unavailable|Unavailable|Low(33),2.433333,12.4,DJA|Unavailable|Unavailable|Low(33),2.033333,15.2,DJA|Unavailable|Unavailable|Low(33),5.3,12.233333,DJA|Unavailable|Unavailable|Low(33),3.816667,12.7,DJA|Unavailable|Unavailable|Low(33)",Eurillas latirostris,567517,1
"Clarence Mountain, Fernando Po (now Bioko)",Equatorial Guinea,,,3.5833,8.75,yes,Low(41),Unavailable,,"3.5,8.7,FERNANDO PO|Unavailable|Unavailable|Low(41),3.5,8.7,FERNANDO PO|Unavailable|Unavailable|Low(41),3.5833,8.75,BIOKO|Unavailable|Unavailable|Low(35),3.350442,8.662766,BIOKO|Unavailable|Unavailable|Low(35),3.5,8.7,BIOKO|Unavailable|Unavailable|Low(35)",Eurillas latirostris,567522,1
"Dilemme, Westkamerun",Cameroon,,,4.038906,9.190547,yes,Low(24),,,"6,12,KAMERUN|Unavailable|Unavailable|Low(24)",Eurillas latirostris,1968-760,1
"Lager VI, Isobi nahe Bibumti, Westseite Kamerungebirge",Cameroon,,,4.184475,9.001821,yes,Low(35),,,"4.120682,8.992438,ISOBI|Unavailable|Unavailable|Low(35),6,12,KAMERUN|Unavailable|Unavailable|Low(24)",Eurillas latirostris,1961-1270,1
"M'balnayo, Kamerun",Cameroon,,,3.509153,11.504457,yes,Low(37),,,"6,12,KAMERUN|Unavailable|Unavailable|Low(37)",Eurillas latirostris,1954-1086,1
"Nyasoso Kupe, Westkamerun",Cameroon,,,4.8277,9.6811,no,Low(37),unavailable,,"4.8277,9.6811,NYASOSO|Unavailable|Unavailable|Low(37),4.7571,9.6854,KUPE|Unavailable|Unavailable|Low(34),6,12,KAMERUN|Unavailable|Unavailable|Low(24)",Eurillas latirostris,1968-751,1
Ebolowa,Cameroon,,,2.9,11.15,no,High(82),unavailable,,"2.9,11.15,EBOLOWA|Unavailable|Unavailable|High(82),3.9,11.9,EBOLOWA|Unavailable|Unavailable|High(82),2.9,11.15,EBOLOWA|Unavailable|Unavailable|High(82)",Eurillas virens,388170,1
"Kimpoko, Zaire, Murashiya-Tshinyanye, Ngala-Kuhuma",Democratic Republic of the Congo,,,-4.234444,15.550278,no,Low(37),unavailable,,"-4.234444,15.550278,KIMPOKO|Unavailable|Unavailable|Low(37),-4.202222,15.551667,KIMPOKO|Unavailable|Unavailable|Low(37),0,25,ZAIRE|Unavailable|Unavailable|Low(35)",Eurillas virens,1979.716,1
Kribi,Cameroon,,,2.95,9.916667,no,High(80),unavailable,,"2.95,9.916667,KRIBI|Unavailable|Unavailable|High(80),2.933333,9.9,KRIBI|Unavailable|Unavailable|High(80),2.9333,9.9,KRIBI|Unavailable|Unavailable|High(80)",Eurillas virens,348736,1
"Lager IV, nahe dem Koto-Baromli-See, Nordseite, Kamerungebirge",Cameroon,,,4.46486,9.266765,yes,Low(34),,,"4.183333,9.633333,KOTO|Unavailable|Unavailable|Low(34),4.6902,9.1986,KOTO|Unavailable|Unavailable|Low(34),4.0957,9.7572,KOTO|Unavailable|Unavailable|Low(34),9.933333,13.85,DEM|Unavailable|Unavailable|Low(33),7.416667,15.383333,DEM|Unavailable|Unavailable|Low(33),4.233333,14.55,SEE|Unavailable|Unavailable|Low(33),9.770191,13.736678,DEM|Unavailable|Unavailable|Low(33),4.466667,14.433333,DEM|Unavailable|Unavailable|Low(33),4.25,13.8,DEM|Unavailable|Unavailable|Low(33),6,12,KAMERUN|Unavailable|Unavailable|Low(24)",Eurillas virens,1961-1314,1
"Lager IV, nahe dem Koto-Barumbi-See, Nordseite, Kamerungebirge",Cameroon,,,4.468454,9.26316,yes,Low(34),,,"4.183333,9.633333,KOTO|Unavailable|Unavailable|Low(34),4.6902,9.1986,KOTO|Unavailable|Unavailable|Low(34),4.0957,9.7572,KOTO|Unavailable|Unavailable|Low(34),9.933333,13.85,DEM|Unavailable|Unavailable|Low(33),7.416667,15.383333,DEM|Unavailable|Unavailable|Low(33),4.233333,14.55,SEE|Unavailable|Unavailable|Low(33),9.770191,13.736678,DEM|Unavailable|Unavailable|Low(33),4.466667,14.433333,DEM|Unavailable|Unavailable|Low(33),4.25,13.8,DEM|Unavailable|Unavailable|Low(33),6,12,KAMERUN|Unavailable|Unavailable|Low(24)",Eurillas virens,1961-1311,1
"Lager VI, Isobi nahe Bibumti, Westseite Kamerungebirge",Cameroon,,,4.120682,8.992438,no,Low(35),unavailable,,"4.120682,8.992438,ISOBI|Unavailable|Unavailable|Low(35),6,12,KAMERUN|Unavailable|Unavailable|Low(24)",Eurillas virens,1961-1273,1
"Lager VI, Isobi, nahe Bibumli, Westseite Kamerungebirge",Cameroon,,,4.120682,8.992438,no,Low(35),unavailable,,"4.120682,8.992438,ISOBI|Unavailable|Unavailable|Low(35),6,12,KAMERUN|Unavailable|Unavailable|Low(24)",Eurillas virens,1961-1312,1
Ncongsamba District,"Cameroon, Cameroon",,,4.976209,9.921497,yes,,,,,Eurillas virens,"415428, 415427",2
"Ndundulu Forest Reserve, Udzungwa Mts, Kilolo District; Iringa Region, Tanzania",United Republic of Tanzania,,,-7.743429,36.203281,yes,Low(43),Unavailable,,"-7.85,35.55,IRINGA REGION|Unavailable|Unavailable|Low(43),-6,35,TANZANIA|Unavailable|Unavailable|Low(38),-6,35,TANZANIA|Unavailable|Unavailable|Low(38),-1.816667,33.383333,IRINGA|Unavailable|Unavailable|Low(36),-8,35.85,KILOLO|Unavailable|Unavailable|Low(36),-7.766667,35.7,IRINGA|Unavailable|Unavailable|Low(36),-7.743429,36.203281,KILOLO|Unavailable|Unavailable|Low(36),-7.516829,35.2284,IRINGA|Unavailable|Unavailable|Low(36),-7.85,35.55,IRINGA|Unavailable|Unavailable|Low(36)",Eurillas virens,2012.175,1
"Uluguru North Forest Reserve, Muomero District, Morogoro Region, Tanzania","United Republic of Tanzania, United Republic of Tanzania",,,-6.8813,37.714297,yes,,,,,Eurillas virens,"2012.177, 2012.178",2
"Imperial River, Kanglatongbi, Manipur, Assam",India,,,24.960332,93.901939,yes,High(74),,,"24.836155,93.883528,(g3)Manipur  Assam|Unavailable|118574|High(74)",Hemixos flavala,1949.76.182,1
Manipur,India,,,24.75,93.833333,yes,High(82),62568,"POLYGON ((93.7791776259511 25.3126697965214, 93.725440080903 25.3062092381894, 93.6725348359179 25.2954970291983, 93.6208696775368 25.2806157845261, 93.5708424434651 25.2616802349145, 93.5228378505659 25.2388363070829, 93.4772244439205 25.2122599558932, 93.4343516940548 25.1821557592376, 93.3945472674422 25.1487552885023, 93.3581144931144 25.1123152693664, 93.3253300457051 25.0731155494093, 93.2964418636307 25.0314568899479, 93.2716673113963 24.9876586045611, 93.2511916092035 24.9420560576733, 93.23516653519 24.8949980496588, 93.223709388094 24.8468441142201, 93.2169022473143 24.7979617383896, 93.21479150533 24.748723537594, 93.2173876810758 24.6995044039134, 93.2246655089193 24.6506786502512, 93.2365642973974 24.6026171720818, 93.2529885499948 24.555684647912, 93.2738088393443 24.5102367992553, 93.2988629207113 24.4666177286073, 93.327957073885 24.4251573532198, 93.3608676781173 24.3861689647262, 93.3973429580989 24.349946903143, 93.4371049447214 24.3167643936885, 93.4798515955077 24.2868715392311, 93.5252590728354 24.2604934891472, 93.5729841613023 24.2378287953086, 93.6226668073981 24.2190479657326, 93.6739327643904 24.2042922250794, 93.7263963251346 24.193672489804, 93.7796631253757 24.1872685643748, 93.833333 24.1851285635617, 93.8870028746243 24.1872685643748, 93.9402696748654 24.193672489804, 93.9927332356096 24.2042922250794, 94.0439991926019 24.2190479657326, 94.0936818386977 24.2378287953086, 94.1414069271646 24.2604934891472, 94.1868144044924 24.2868715392311, 94.2295610552786 24.3167643936885, 94.2693230419011 24.349946903143, 94.3057983218827 24.3861689647262, 94.338708926115 24.4251573532198, 94.3678030792887 24.4666177286073, 94.3928571606557 24.5102367992553, 94.4136774500052 24.555684647912, 94.4301017026026 24.6026171720818, 94.4420004910807 24.6506786502512, 94.4492783189242 24.6995044039134, 94.4518744946701 24.748723537594, 94.4497637526857 24.7979617383896, 94.442956611906 24.8468441142201, 94.43149946481 24.8949980496588, 94.4154743907965 24.9420560576732, 94.3949986886037 24.9876586045611, 94.3702241363693 25.0314568899479, 94.3413359542949 25.0731155494093, 94.3085515068856 25.1123152693664, 94.2721187325578 25.1487552885023, 94.2323143059452 25.1821557592376, 94.1894415560795 25.2122599558932, 94.1438281494341 25.2388363070829, 94.0958235565349 25.2616802349145, 94.0457963224632 25.2806157845261, 93.9941311640821 25.2954970291983, 93.941225919097 25.3062092381894, 93.8874883740489 25.3126697965214, 93.833333 25.3148288681774, 93.7791776259511 25.3126697965214))","25.621997,82.640132,MANIPUR|Unavailable|Unavailable|High(82),25.208295,83.984557,MANIPUR|Unavailable|Unavailable|High(82),24.948075,81.402671,MANIPUR|Unavailable|Unavailable|High(82),25.383149,83.926319,MANIPUR|Unavailable|Unavailable|High(82),25.481034,82.101691,MANIPUR|Unavailable|Unavailable|High(82),25.189676,83.466013,MANIPUR|Unavailable|Unavailable|High(82),24.801706,80.47892,MANIPUR|Unavailable|Unavailable|High(82),25.35395,80.354603,MANIPUR|Unavailable|Unavailable|High(82),24.75,93.833333,MANIPUR|Unavailable|Unavailable|High(82),30.315976,77.388617,MANIPUR|Unavailable|Unavailable|High(82),22.281944,88.911111,MANIPUR|Unavailable|Unavailable|High(82),24.81722,92.954619,MANIPUR|Unavailable|Unavailable|High(82),27.829293,78.345945,MANIPUR|Unavailable|Unavailable|High(82),26.609796,79.665193,MANIPUR|Unavailable|Unavailable|High(82),21.346106,78.001184,MANIPUR|Unavailable|Unavailable|High(82),25.57714,82.498353,MANIPUR|Unavailable|Unavailable|High(82),27.052721,79.358072,MANIPUR|Unavailable|Unavailable|High(82),25.923728,81.706253,MANIPUR|Unavailable|Unavailable|High(82),26.167184,81.669165,MANIPUR|Unavailable|Unavailable|High(82),25.969437,81.509504,MANIPUR|Unavailable|Unavailable|High(82),26.095622,82.346313,MANIPUR|Unavailable|Unavailable|High(82),25.046449,84.076917,MANIPUR|Unavailable|Unavailable|High(82),25.641044,84.309804,MANIPUR|Unavailable|Unavailable|High(82),21.09161,82.905846,MANIPUR|Unavailable|Unavailable|High(82),26.127344,81.637461,MANIPUR|Unavailable|Unavailable|High(82),26.368296,83.295984,MANIPUR|Unavailable|Unavailable|High(82),25.924477,81.310816,MANIPUR|Unavailable|Unavailable|High(82),26.598477,81.327491,MANIPUR|Unavailable|Unavailable|High(82),25.847924,80.80533,MANIPUR|Unavailable|Unavailable|High(82),26.269052,81.796057,MANIPUR|Unavailable|Unavailable|High(82),29.151646,78.67664,MANIPUR|Unavailable|Unavailable|High(82),25.469329,81.477235,MANIPUR|Unavailable|Unavailable|High(82),26.020347,81.883192,MANIPUR|Unavailable|Unavailable|High(82)",Hemixos flavala,86.9.1.1008,1
Noa Dihing,India,,,27.747399,95.755978,yes,High(85),,,"27.747399,95.755978,NOA DIHING|Unavailable|Unavailable|High(85)",Hemixos flavala,95.7.14.1263,1
"Isle Mahe, Seychelles",Seychelles,,,-4.691414,55.476886,no,Medium(66),unavailable,,"-4.691414,55.476886,(g3)Mahe  Seychelles|Unavailable|15209|Medium(66),-4.568503,55.482691,(g3)Seychelles|Unavailable|101840|Medium(60)",Hypsipetes crassirostris,1906.12.21.311,1
"Isle of Praslin, Seychelles","Seychelles, Seychelles, Seychelles",,,-4.31986,55.714278,yes,,,,,Hypsipetes crassirostris,"1906.12.21.318, 1906.12.21.317, 1906.12.21.314",3
Dinagat Island,"Philippines, Philippines",,,10.114406,125.586638,yes,,,,,Hypsipetes everetti,"88.4.1.327, 1977.16.58",2
Surigao,"Philippines, Philippines",,,9.781656,125.483298,yes,,,,,Hypsipetes everetti,"88.4.1.323, 88.4.1.322",2
"Daping, Fujian",China,,,25.939954,118.218575,yes,Low(36),Unavailable,,"27.298611,111.866667,DAPING|Unavailable|Unavailable|Low(36),33.852231,106.838106,DAPING|Unavailable|Unavailable|Low(36),25.749722,112.293056,DAPING|Unavailable|Unavailable|Low(36),32.511944,110.886111,DAPING|Unavailable|Unavailable|Low(36),34.579465,103.923581,DAPING|Unavailable|Unavailable|Low(36),35.970068,105.566691,DAPING|Unavailable|Unavailable|Low(36),26.025725,116.526893,DAPING|Unavailable|Unavailable|Low(36),23.858177,116.215135,DAPING|Unavailable|Unavailable|Low(36),27.381944,112.378889,DAPING|Unavailable|Unavailable|Low(36),25.810556,119.158056,DAPING|Unavailable|Unavailable|Low(36),22.9,111.2,DAPING|Unavailable|Unavailable|Low(36),26.708889,110.488611,DAPING|Unavailable|Unavailable|Low(36),25.557778,117.536667,DAPING|Unavailable|Unavailable|Low(36),25.706389,117.968611,DAPING|Unavailable|Unavailable|Low(36),25.756667,109.720833,DAPING|Unavailable|Unavailable|Low(36),23.570833,115.846944,DAPING|Unavailable|Unavailable|Low(36),33.585465,106.473167,DAPING|Unavailable|Unavailable|Low(36),23.606787,114.441542,DAPING|Unavailable|Unavailable|Low(36),30.357078,107.06008,DAPING|Unavailable|Unavailable|Low(36),22.679586,112.515412,DAPING|Unavailable|Unavailable|Low(36),32.00478,105.360979,DAPING|Unavailable|Unavailable|Low(36),31.4646,105.55139,DAPING|Unavailable|Unavailable|Low(36),31.779708,108.32873,DAPING|Unavailable|Unavailable|Low(36),31.993633,104.77448,DAPING|Unavailable|Unavailable|Low(36),31.748712,104.430021,DAPING|Unavailable|Unavailable|Low(36),26.600245,117.310279,DAPING|Unavailable|Unavailable|Low(36),26.508732,117.884351,DAPING|Unavailable|Unavailable|Low(36),23.389167,116.01,DAPING|Unavailable|Unavailable|Low(36),32.539133,104.179524,DAPING|Unavailable|Unavailable|Low(36),27.77974,105.474057,DAPING|Unavailable|Unavailable|Low(36),22.414194,111.569076,DAPING|Unavailable|Unavailable|Low(36),32.453144,105.087239,DAPING|Unavailable|Unavailable|Low(36),26.703,117.831531,DAPING|Unavailable|Unavailable|Low(36)",Hypsipetes leucocephalus,1905.12.24.541,1
"Fujian, South China",China,,,26.25,118,yes,Low(36),Unavailable,,"28.926509,106.129716,FUJIAN|Unavailable|Unavailable|Low(36),26.25,118,FUJIAN|Unavailable|Unavailable|Low(36),23.3478,109.674,FUJIAN|Unavailable|Unavailable|Low(36),28.926509,106.129716,FUJIAN|Unavailable|Unavailable|Low(36),35,105,CHINA|Unavailable|Unavailable|Low(35),35,105,CHINA|Unavailable|Unavailable|Low(35)",Hypsipetes leucocephalus,1918.6.25.63,1
Kuatun,China,,,27.737688,117.651142,yes,,,,,Hypsipetes leucocephalus,98.1.28.37,1
"Wuyishan National Park, Fujian, South China",China,,,27.759947,118.030659,no,Low(38),unavailable,,"27.759947,118.030659,WUYISHAN|Unavailable|Unavailable|Low(38),27.706516,118.016784,WUYISHAN|Unavailable|Unavailable|Low(38),28.004733,117.811377,WUYISHAN|Unavailable|Unavailable|Low(38),26.25,118,FUJIAN|Unavailable|Unavailable|Low(36),23.3478,109.674,FUJIAN|Unavailable|Unavailable|Low(36),28.926509,106.129716,FUJIAN|Unavailable|Unavailable|Low(36),28.926509,106.129716,FUJIAN|Unavailable|Unavailable|Low(36),35,105,CHINA|Unavailable|Unavailable|Low(35),35,105,CHINA|Unavailable|Unavailable|Low(35)",Hypsipetes leucocephalus,1900.1.18.504,1
Thenganee Sakan,Myanmar,,,16.554702,98.463033,yes,Low(35),Unavailable,,"21.316667,93.95,SAKAN|Unavailable|Unavailable|Low(35),22.190761,94.456899,SAKAN|Unavailable|Unavailable|Low(35),22.020603,94.434665,SAKAN|Unavailable|Unavailable|Low(35),21.316667,93.95,E SAKAN|Unavailable|Unavailable|Low(24)",Hypsipetes leucocephalus,86.9.1.935,1
Thowngyah,"Thailand, Thailand",,,15.881229,101.504072,yes,,,,,Hypsipetes leucocephalus,"86.9.1.933, 86..9.1.930",2
Tonghoo,Myanmar,,,18.942623,96.450018,yes,,,,,Hypsipetes leucocephalus,80.10.19.23,1
Lanandroka,Madagascar,,,-25.026731,44.076515,yes,Low(24),Unavailable,,"-25.130208,44.454527,ANDROKA|Unavailable|Unavailable|Low(24),-18.119308,44.18966,ANDROKA|Unavailable|Unavailable|Low(24),-17.505442,49.411078,ANDROKA|Unavailable|Unavailable|Low(24),-24.50926,46.99271,ANDROKA|Unavailable|Unavailable|Low(24),-25.026731,44.076515,ANDROKA|Unavailable|Unavailable|Low(24),-18.875706,45.27838,ANDROKA|Unavailable|Unavailable|Low(24),-23.808284,45.681957,ANDROKA|Unavailable|Unavailable|Low(24)",Hypsipetes madagascariensis,1931.8.18.2253,1
"Tabiky, SW Madagascar",Madagascar,,,-22.124758,44.251272,yes,Low(40),,,"-20,47,MADAGASCAR|Unavailable|Unavailable|Low(40),-20,47,MADAGASCAR|Unavailable|Unavailable|Low(40)",Hypsipetes madagascariensis,1931.8.18.2271,1
"Tsiandro, WC Madagascar",Madagascar,,,-18.74347,44.902683,yes,Low(40),Unavailable,,"-20,47,MADAGASCAR|Unavailable|Unavailable|Low(40),-20,47,MADAGASCAR|Unavailable|Unavailable|Low(40),-18.719764,44.952158,TSIANDRO|Unavailable|Unavailable|Low(38),-18.74347,44.902683,TSIANDRO|Unavailable|Unavailable|Low(38)",Hypsipetes madagascariensis,1931.8.18.2255,1
"Vondrozo, SE Magagascar",Madagascar,,,-22.820834,47.319774,no,Low(38),unavailable,,"-22.820834,47.319774,VONDROZO|Unavailable|Unavailable|Low(38),-23.359205,46.172998,VONDROZO|Unavailable|Unavailable|Low(38),-22.8333,47.3333,VONDROZO|Unavailable|Unavailable|Low(38)",Hypsipetes madagascariensis,1931.8.18.2277,1
Mauritius,Mauritius,,,-20.3,57.583333,no,High(84),unavailable,,"-20.3,57.583333,MAURITIUS|Unavailable|Unavailable|High(84),-20.2833,57.55,MAURITIUS|Unavailable|Unavailable|High(84),-20.3,57.5833,MAURITIUS|Unavailable|Unavailable|High(84)",Hypsipetes olivaceus,55.12.19.296,1
"Catbalogan, Samar",Philippines,,,11.774312,124.879159,no,Medium(60),unavailable,,"11.774312,124.879159,(g3)Catbalogan|Unavailable|1791|Medium(60)",Hypsipetes philippinus,96.6.6.304,1
Cebu,Philippines,,,10.311111,123.891667,yes,High(79),Unavailable,,"14.463389,121.002733,CEBU|Unavailable|Unavailable|High(79),14.444931,120.978494,CEBU|Unavailable|Unavailable|High(79),14.319627,121.078253,CEBU|Unavailable|Unavailable|High(79),10.333333,123.75,CEBU|Unavailable|Unavailable|High(79),10.321272,123.75461,CEBU|Unavailable|Unavailable|High(79),10.3,123.9,CEBU|Unavailable|Unavailable|High(79),14.437444,121.029016,CEBU|Unavailable|Unavailable|High(79),10.321,123.754,CEBU|Unavailable|Unavailable|High(79),10.311,123.891,CEBU|Unavailable|Unavailable|High(79),10.3,123.9,CEBU|Unavailable|Unavailable|High(79),16.751874,121.596099,CEBU|Unavailable|Unavailable|High(79),10.311111,123.891667,CEBU|Unavailable|Unavailable|High(79),16.781784,121.587343,CEBU|Unavailable|Unavailable|High(79)",Hypsipetes philippinus,88.4.1.339,1
S. Leyte,Philippines,,,10.436592,124.988116,yes,Low(35),,,"11.3697,124.4873,LEYTE|Unavailable|Unavailable|Low(35),10.833333,124.833333,LEYTE|Unavailable|Unavailable|Low(35),11.366667,124.5,LEYTE|Unavailable|Unavailable|Low(35),11.3556,124.4758,LEYTE|Unavailable|Unavailable|Low(35),11.002,124.857,LEYTE|Unavailable|Unavailable|Low(35),11.3833,124.4833,LEYTE|Unavailable|Unavailable|Low(35),11.002682,124.857732,LEYTE|Unavailable|Unavailable|Low(35),10.8333,124.8333,LEYTE|Unavailable|Unavailable|Low(35)",Hypsipetes philippinus,88.4.1.343,1
San Mateo,Philippines,,,14.683333,121.15,yes,High(84),Unavailable,,"14.0081,121.4013,SAN MATEO|Unavailable|Unavailable|High(84),14.1116,121.2991,SAN MATEO|Unavailable|Unavailable|High(84),11.631667,125.3925,SAN MATEO|Unavailable|Unavailable|High(84),11.3,124.7,SAN MATEO|Unavailable|Unavailable|High(84),6.933333,122.016667,SAN MATEO|Unavailable|Unavailable|High(84),18.0499,120.6072,SAN MATEO|Unavailable|Unavailable|High(84),14.6982,121.1236,SAN MATEO|Unavailable|Unavailable|High(84),7.176389,124.5775,SAN MATEO|Unavailable|Unavailable|High(84),14.683333,121.15,SAN MATEO|Unavailable|Unavailable|High(84),8.786944,125.594722,SAN MATEO|Unavailable|Unavailable|High(84),13.987778,122.298611,SAN MATEO|Unavailable|Unavailable|High(84),17.13754,121.745344,SAN MATEO|Unavailable|Unavailable|High(84),10.661,122.0763,SAN MATEO|Unavailable|Unavailable|High(84),7.149444,124.583056,SAN MATEO|Unavailable|Unavailable|High(84),14.8742,121.1283,SAN MATEO|Unavailable|Unavailable|High(84),16.881986,121.584372,SAN MATEO|Unavailable|Unavailable|High(84),14.317251,120.968703,SAN MATEO|Unavailable|Unavailable|High(84),17.294536,121.804652,SAN MATEO|Unavailable|Unavailable|High(84),14.567703,121.06058,SAN MATEO|Unavailable|Unavailable|High(84),14.638193,120.973338,SAN MATEO|Unavailable|Unavailable|High(84),14.570292,121.020321,SAN MATEO|Unavailable|Unavailable|High(84),15.200082,120.794599,SAN MATEO|Unavailable|Unavailable|High(84),16.866667,121.583333,SAN MATEO|Unavailable|Unavailable|High(84),11.803333,125.434167,SAN MATEO|Unavailable|Unavailable|High(84),15.833333,120.65,SAN MATEO|Unavailable|Unavailable|High(84),18.244,120.5547,SAN MATEO|Unavailable|Unavailable|High(84),18.1722,120.6299,SAN MATEO|Unavailable|Unavailable|High(84)",Hypsipetes philippinus,88.4.1.335,1
Basilan,"Philippines, Philippines",,,6.56667,122.020024,yes,,,,,Hypsipetes rufigularis,"88.4.1.331, 88.4.1.332",2
Zamboango,Philippines,,,7.152615,122.116154,yes,,,,,Hypsipetes rufigularis,88.4.1.329,1
"GUNONG, SIDONG, SAMARAHAN, SARAWAK",Malaysia,,,1.156267,110.57392,yes,Low(37),Unavailable,,"2.5,113.5,SARAWAK|Unavailable|Unavailable|Low(37),1.5333,110.3333,SARAWAK|Unavailable|Unavailable|Low(37),5.9713,102.360855,GUNONG|Unavailable|Unavailable|Low(36),6.192983,100.346052,GUNONG|Unavailable|Unavailable|Low(36),5.983333,102.35,GUNONG|Unavailable|Unavailable|Low(36)",Iole charlottae,1927.4.18.564,1
"MT. KALULONG, SARAWAK, BORNEO",Malaysia,,,3.216991,114.648824,yes,Low(37),Unavailable,,"2.5,113.5,SARAWAK|Unavailable|Unavailable|Low(37),1.5333,110.3333,SARAWAK|Unavailable|Unavailable|Low(37),1,114,BORNEO|Unavailable|Unavailable|Low(36),4,115,BORNEO|Unavailable|Unavailable|Low(36)",Iole charlottae,1893.7.2.65,1
"MT.DULIT, SARAWAK",Malaysia,,,3.32916,114.149278,yes,Low(37),,,"2.5,113.5,SARAWAK|Unavailable|Unavailable|Low(37),1.5333,110.3333,SARAWAK|Unavailable|Unavailable|Low(37)",Iole charlottae,1900.2.15.28,1
SARAWAK,Malaysia,,,2.5,113.5,yes,High(82),,,"2.5,113.5,SARAWAK|Unavailable|Unavailable|High(82),1.5333,110.3333,SARAWAK|Unavailable|Unavailable|High(82)",Iole charlottae,1888.4.1.312,1
"Iwahig, Palawan",Philippines,,,9.750278,118.661667,yes,Low(37),Unavailable,,"11.0366,124.3964,PALAWAN|Unavailable|Unavailable|Low(37),9.5,118.5,PALAWAN|Unavailable|Unavailable|Low(37),8.633333,123.4,PALAWAN|Unavailable|Unavailable|Low(37),11.8921,121.5455,PALAWAN|Unavailable|Unavailable|Low(37),16.7304,121.7353,PALAWAN|Unavailable|Unavailable|Low(37),10.7891,124.555,PALAWAN|Unavailable|Unavailable|Low(37),10.066713,118.905002,PALAWAN|Unavailable|Unavailable|Low(37),16.724039,121.847291,PALAWAN|Unavailable|Unavailable|Low(37),14.417578,121.030226,PALAWAN|Unavailable|Unavailable|Low(37),10.066,118.905,PALAWAN|Unavailable|Unavailable|Low(37),9.5,118.5,PALAWAN|Unavailable|Unavailable|Low(37),14.632553,121.001169,PALAWAN|Unavailable|Unavailable|Low(37),16.704815,121.850321,PALAWAN|Unavailable|Unavailable|Low(37),9.282778,118.075556,IWAHIG|Unavailable|Unavailable|Low(36),9.750278,118.661667,IWAHIG|Unavailable|Unavailable|Low(36),9.735278,118.697778,IWAHIG|Unavailable|Unavailable|Low(36),9.300278,118.067222,IWAHIG|Unavailable|Unavailable|Low(36),8.599167,117.516667,IWAHIG|Unavailable|Unavailable|Low(36),8.614118,117.517795,IWAHIG|Unavailable|Unavailable|Low(36)",Iole palawanensis,1911.11.16.238,1
Palawan,"Philippines, Philippines",,,9.409152,118.344183,yes,,,,,Iole palawanensis,"88.4.1.442, 94.8.6.87",2
Palawan Island,Philippines,,,9.5,118.5,yes,High(89),,,"9.5,118.5,PALAWAN ISLAND|Unavailable|Unavailable|High(89),9.532505,118.543945,(g3)PALAWAN ISLAND|Unavailable|257633|Medium(64)",Iole palawanensis,88.4.1.443,1
Nape,Laos,,,18.307081,105.081917,yes,,,,,Iole propinqua,1926.6.26.907,1
"Pang Ton Phung, North Siam",Thailand,,,17.807596,100.067876,yes,Low(34),,,"18.111278,98.891306,PANG|Unavailable|Unavailable|Low(34),15.5,101,SIAM|Unavailable|Unavailable|Low(34),15,100,SIAM|Unavailable|Unavailable|Low(34)",Iole propinqua,1955.1.5515,1
15 miles S of Benin,Nigeria,,,6.119866,5.625749,no,High(80),unavailable,,"6.119866,5.625749,Distance South of BENIN|Unavailable|Unavailable|High(80),5.540578,5.072606,Distance South of BENIN|Unavailable|Unavailable|High(80),6.125713,5.627,Distance South of BENIN|Unavailable|Unavailable|High(80)",Ixonotus guttatus,1966.16.1193,1
"Iju Water-works, near Lagos, South Nigeria","Nigeria, Nigeria",,,6.676047,3.335099,yes,,,,,Ixonotus guttatus,"1920.3.10.28, 1920.3.10.24",2
Umuagwu,Nigeria,,,5.293845,6.896488,no,High(82),unavailable,,"5.293845,6.896488,UMUAGWU|Unavailable|Unavailable|High(82)",Ixonotus guttatus,1966.16.1192,1
"Baram River, Sarawak, Borneo",Malaysia,,,3.539684,114.427163,no,High(71),unavailable,,"3.539684,114.427163,(g3)Baram River|Unavailable|136045|High(71)",Ixos malaccensis,B/320,1
"MT MAGDALENA, SABAH, BORNEO",Malaysia,,,4.506853,117.952614,yes,Low(36),Unavailable,,"1,114,BORNEO|Unavailable|Unavailable|Low(36),4,115,BORNEO|Unavailable|Unavailable|Low(36),3.7698,100.9879,SABAH|Unavailable|Unavailable|Low(35),5.5,117,SABAH|Unavailable|Unavailable|Low(35)",Ixos malaccensis,1956.60.323,1
"MT SIDONG, SAMARAHAN, SARAWAK","Malaysia, Malaysia",,,1.195674,110.487115,yes,,,,,Ixos malaccensis,"1927.4.18.604, 1927.4.18.605",2
"Andjoens, Java","Indonesia, Indonesia",,,-7.725227,112.588851,yes,,,,,Ixos virescens,"565491, 565487",2
"Mt. Andjoem, Java",Indonesia,,,-7.724686,112.589228,yes,Low(34),Unavailable,,"-7.4,110,JAVA|Unavailable|Unavailable|Low(34),-7.491667,110.004444,JAVA|Unavailable|Unavailable|Low(34)",Ixos virescens,565502,1
Tjerimoj,Indonesia,,,-6.894474,108.409673,yes,,,,,Ixos virescens,258954,1
Ede,Nigeria,,,7.287515,7.651932,yes,High(78),Unavailable,,"7.146264,7.539064,EDE|Unavailable|Unavailable|High(78),7.294552,7.697076,EDE|Unavailable|Unavailable|High(78),5.2748,6.644872,EDE|Unavailable|Unavailable|High(78),7.173714,9.234941,EDE|Unavailable|Unavailable|High(78),7.885836,4.886247,EDE|Unavailable|Unavailable|High(78),7.733333,4.433333,EDE|Unavailable|Unavailable|High(78),7.221501,7.641954,EDE|Unavailable|Unavailable|High(78),7.736347,4.435363,EDE|Unavailable|Unavailable|High(78)",Phyllastrephus albigularis,1966.16.1443,1
Enugu,Nigeria,,,6.441321,7.498834,yes,High(80),Unavailable,,"6.17146,7.005252,ENUGU|Unavailable|Unavailable|High(80),6.5,7.5,ENUGU|Unavailable|Unavailable|High(80),6.442579,7.502199,ENUGU|Unavailable|Unavailable|High(80),6.441321,7.498834,ENUGU|Unavailable|Unavailable|High(80)",Phyllastrephus albigularis,1966.16.1467,1
"Mamu Forest, Onitsha Province",Nigeria,,,6.361278,6.86069,yes,Low(37),Unavailable,,"6.149779,6.78569,ONITSHA|Unavailable|Unavailable|Low(37),6.1667,6.7833,ONITSHA|Unavailable|Unavailable|Low(37),6.437746,6.975491,MAMU|Unavailable|Unavailable|Low(34),6.361278,6.86069,MAMU|Unavailable|Unavailable|Low(34),7.083333,3.916667,MAMU|Unavailable|Unavailable|Low(34)",Phyllastrephus albigularis,1966.16.1451,1
"Owerri, South Nigeria",Nigeria,,,5.4833,7.0333,yes,Low(37),Unavailable,,"10,8,NIGERIA|Unavailable|Unavailable|Low(37),10,8,NIGERIA|Unavailable|Unavailable|Low(37),5.483626,7.033248,OWERRI|Unavailable|Unavailable|Low(36),5.75,7.116667,OWERRI|Unavailable|Unavailable|Low(36),5.4833,7.0333,OWERRI|Unavailable|Unavailable|Low(36)",Phyllastrephus albigularis,1950.9.35,1
"Grassfield, Mt Nimba",Liberia,,,7.488889,-8.570833,yes,Low(40),Unavailable,,"6.766667,-11.35,GRASSFIELD|Unavailable|Unavailable|Low(40),7.488889,-8.570833,GRASSFIELD|Unavailable|Unavailable|Low(40),7.488889,-8.570833,NIMBA|Unavailable|Unavailable|Low(35),6.75,-8.75,NIMBA|Unavailable|Unavailable|Low(35),7.493611,-8.585,NIMBA|Unavailable|Unavailable|Low(35),6.816667,-8.783333,NIMBA|Unavailable|Unavailable|Low(35)",Phyllastrephus baumanni,1977.20.1138,1
"Mine Road, Mt Nimba","Liberia, Liberia, Liberia",,,7.547259,-8.49563,yes,,,,,Phyllastrephus baumanni,"1977.20.1136, 1977.20.1133, 1977.20.1137",3
"Dabaga Highlands, Tanganyika",United Republic of Tanzania,,,-8.116667,35.916667,yes,Low(40),Unavailable,,"-6,35,TANGANYIKA|Unavailable|Unavailable|Low(40),-9.116667,35.65,TANGANYIKA|Unavailable|Unavailable|Low(40),-5.159042,38.8025,TANGANYIKA|Unavailable|Unavailable|Low(40),-8.116667,35.916667,DABAGA|Unavailable|Unavailable|Low(36),-7.983333,35.933333,DABAGA|Unavailable|Unavailable|Low(36),-8.074515,35.94366,DABAGA|Unavailable|Unavailable|Low(36)",Phyllastrephus cabanisi,1932.5.10.550,1
Elizabethville,Democratic Republic of the Congo,,,-11.666667,27.466667,yes,High(89),,,"-11.666667,27.466667,ELIZABETHVILLE|Unavailable|Unavailable|High(89)",Phyllastrephus cabanisi,1934.10.19.64,1
"Kindoroko forest, N Pare Mts, Tanganyika",United Republic of Tanzania,,,-3.75,37.65,yes,Low(40),Unavailable,,"-6,35,TANGANYIKA|Unavailable|Unavailable|Low(40),-9.116667,35.65,TANGANYIKA|Unavailable|Unavailable|Low(40),-5.159042,38.8025,TANGANYIKA|Unavailable|Unavailable|Low(40),-3.733333,37.65,KINDOROKO|Unavailable|Unavailable|Low(39),-3.75,37.65,KINDOROKO|Unavailable|Unavailable|Low(39)",Phyllastrephus cabanisi,1937.6.22.108,1
"Kolala, Muchinga Mts, Lundazi Dist, Rhodesia",Zambia,,,-11.962958,31.691742,yes,Low(38),Unavailable,,"-19,29.75,RHODESIA|Unavailable|Unavailable|Low(38),-19,29,RHODESIA|Unavailable|Unavailable|Low(38)",Phyllastrephus cabanisi,1948.45.3,1
"Luacano, Moxico",Angola,,,-11.212157,21.657767,yes,Low(37),,,"-11.212157,21.657767,LUACANO|Unavailable|Unavailable|Low(37),-11.172362,21.651903,LUACANO|Unavailable|Unavailable|Low(37),-11.21762,21.645305,LUACANO|Unavailable|Unavailable|Low(37),-11.213347,21.66535,LUACANO|Unavailable|Unavailable|Low(37),-11.70471,22.020019,LUACANO|Unavailable|Unavailable|Low(37),-11.2167,21.65,LUACANO|Unavailable|Unavailable|Low(37),-11.483672,15.361055,MOXICO|Unavailable|Unavailable|Low(36),-11.85,20.033333,MOXICO|Unavailable|Unavailable|Low(36),-13.266667,21.25,MOXICO|Unavailable|Unavailable|Low(36),-12.848689,20.932663,MOXICO|Unavailable|Unavailable|Low(36),-12.848,20.932,MOXICO|Unavailable|Unavailable|Low(36)",Phyllastrephus cabanisi,1957.35.189,1
"Magamba, Nr Lushoto, Tanganyika, Tanganyika",United Republic of Tanzania,,,-4.772001,38.289233,yes,Low(40),Unavailable,,"-5.159042,38.8025,TANGANYIKA|Unavailable|Unavailable|Low(40),-9.116667,35.65,TANGANYIKA|Unavailable|Unavailable|Low(40),-6,35,TANGANYIKA|Unavailable|Unavailable|Low(40),-4.7,38.3,MAGAMBA|Unavailable|Unavailable|Low(37),-4.783333,38.283333,LUSHOTO|Unavailable|Unavailable|Low(37),-4.333333,37.866667,LUSHOTO|Unavailable|Unavailable|Low(37),-6.427666,31.046592,MAGAMBA|Unavailable|Unavailable|Low(37),-5.533333,38.083333,MAGAMBA|Unavailable|Unavailable|Low(37),-6.429099,31.102321,MAGAMBA|Unavailable|Unavailable|Low(37),-8.619069,32.912637,MAGAMBA|Unavailable|Unavailable|Low(37),-4.784936,38.31374,LUSHOTO|Unavailable|Unavailable|Low(37),-5.645275,38.050353,MAGAMBA|Unavailable|Unavailable|Low(37),-4.545278,38.43927,LUSHOTO|Unavailable|Unavailable|Low(37),-4.772001,38.289233,LUSHOTO|Unavailable|Unavailable|Low(37)",Phyllastrephus cabanisi,1931.12.18.46,1
"Momella, Merugebirge, Tansania",United Republic of Tanzania,,,-3.217746,36.85317,yes,Low(38),,,"-6,35,TANSANIA|Unavailable|Unavailable|Low(38),-6,35,TANSANIA|Unavailable|Unavailable|Low(38)",Phyllastrephus cabanisi,1957-561,1
"Mount Moco, Huambo ",Angola,,,-12.462025,15.176721,no,Low(40),unavailable,,"-12.462025,15.176721,MOUNT MOCO|Unavailable|Unavailable|Low(40),-9.824115,14.89489,HUAMBO|Unavailable|Unavailable|Low(36),-12.7333,15.7833,HUAMBO|Unavailable|Unavailable|Low(36),-11.089807,14.394933,HUAMBO|Unavailable|Unavailable|Low(36),-14.833333,15.366667,HUAMBO|Unavailable|Unavailable|Low(36),-12.55,14.25,HUAMBO|Unavailable|Unavailable|Low(36),-11.85,14.233333,HUAMBO|Unavailable|Unavailable|Low(36),-12.776111,15.739167,HUAMBO|Unavailable|Unavailable|Low(36),-12.5,15.666667,HUAMBO|Unavailable|Unavailable|Low(36),-12.79347,15.791155,HUAMBO|Unavailable|Unavailable|Low(36),-12.5,15.6667,HUAMBO|Unavailable|Unavailable|Low(36),-7.536901,15.538241,HUAMBO|Unavailable|Unavailable|Low(36),-12.420742,15.258085,MOCO|Unavailable|Unavailable|Low(34),-12.466667,15.083333,MOCO|Unavailable|Unavailable|Low(34),-12.462025,15.176721,MOCO|Unavailable|Unavailable|Low(34),-12.427808,15.152708,MOCO|Unavailable|Unavailable|Low(34),-12.633333,14.5,MOCO|Unavailable|Unavailable|Low(34),-12.666667,14.466667,MOCO|Unavailable|Unavailable|Low(34)",Phyllastrephus cabanisi,1957.35.192,1
"Mt Meru, above Arusha",United Republic of Tanzania,,,-3.233333,36.75,yes,Low(36),Unavailable,,"-3,36,ARUSHA|Unavailable|Unavailable|Low(36),-3.366667,36.633333,ARUSHA|Unavailable|Unavailable|Low(36),-3.299849,36.632339,ARUSHA|Unavailable|Unavailable|Low(36),-3.3833,36.6667,ARUSHA|Unavailable|Unavailable|Low(36),-3.366667,36.683333,ARUSHA|Unavailable|Unavailable|Low(36),-3.233333,36.75,MERU|Unavailable|Unavailable|Low(34),-3.326734,36.900834,MERU|Unavailable|Unavailable|Low(34),-3.216667,36.666667,MERU|Unavailable|Unavailable|Low(34)",Phyllastrephus cabanisi,1936.7.2.123,1
Nahichod,"South Sudan, South Sudan",,,4.267124,33.565133,yes,,,,,Phyllastrephus cabanisi,"1978-072, 1978-071, 1978-075",3
"Same District South Pare Mountains, Tanzania","United Republic of Tanzania, United Republic of Tanzania",,,-4.057972,37.744658,yes,,,,,Phyllastrephus cabanisi,"1961-530, 1959-536",2
"Tengeru, nahe Arusha, Tanzania",United Republic of Tanzania,,,-3.383333,36.833333,yes,Low(38),Unavailable,,"-6,35,TANZANIA|Unavailable|Unavailable|Low(38),-6,35,TANZANIA|Unavailable|Unavailable|Low(38),-3.45,36.85,TENGERU|Unavailable|Unavailable|Low(37),-3.383333,36.833333,TENGERU|Unavailable|Unavailable|Low(37),-3.366667,36.633333,ARUSHA|Unavailable|Unavailable|Low(36),-3,36,ARUSHA|Unavailable|Unavailable|Low(36),-3.299849,36.632339,ARUSHA|Unavailable|Unavailable|Low(36),-3.366667,36.683333,ARUSHA|Unavailable|Unavailable|Low(36),-3.3833,36.6667,ARUSHA|Unavailable|Unavailable|Low(36)",Phyllastrephus cabanisi,1959-249,1
"10m SW of Zobue, Tete Prov.",Mozambique,,,-15.694986,34.343223,yes,Low(35),,,"-16.533333,33.416667,ZOBUE|Unavailable|Unavailable|Low(35),-15.616667,34.466667,ZOBUE|Unavailable|Unavailable|Low(35),-15.597222,34.4475,ZOBUE|Unavailable|Unavailable|Low(35),-16.273889,33.321111,TETE|Unavailable|Unavailable|Low(34),-16.144167,33.562778,TETE|Unavailable|Unavailable|Low(34),-17.046667,33.105833,TETE|Unavailable|Unavailable|Low(34),-21.9525,35.296389,TETE|Unavailable|Unavailable|Low(34),-16.7625,33.138889,TETE|Unavailable|Unavailable|Low(34),-16.156389,33.586667,TETE|Unavailable|Unavailable|Low(34),-15.5,33,TETE|Unavailable|Unavailable|Low(34),-16.1667,33.5833,TETE|Unavailable|Unavailable|Low(34),-18.632778,35.207778,TETE|Unavailable|Unavailable|Low(34),-15.914722,33.158889,TETE|Unavailable|Unavailable|Low(34)",Phyllastrephus cerviniventris,1933.3.1.652,1
Namwera,Malawi,,,-14.35,35.5,yes,High(82),Unavailable,,"-14.35,35.5,NAMWERA|Unavailable|Unavailable|High(82),-14.363227,35.502546,NAMWERA|Unavailable|Unavailable|High(82),-14.3667,35.5,NAMWERA|Unavailable|Unavailable|High(82)",Phyllastrephus cerviniventris,1933.3.1.655,1
"Nr Chinga, Mozambique Prov.",Mozambique,,,-15.201667,38.691389,yes,Low(40),Unavailable,,"-15.034167,40.735833,MOZAMBIQUE|Unavailable|Unavailable|Low(40),-18.25,35,MOZAMBIQUE|Unavailable|Unavailable|Low(40),-18.25,35,MOZAMBIQUE|Unavailable|Unavailable|Low(40),-17.185278,37.838889,CHINGA|Unavailable|Unavailable|Low(36),-14.288889,37.387778,CHINGA|Unavailable|Unavailable|Low(36),-15.201667,38.691389,CHINGA|Unavailable|Unavailable|Low(36)",Phyllastrephus cerviniventris,1933.3.1.663,1
"Nr Nhauela, Quelimane Prov.",Mozambique,,,-15.437222,37.44,yes,Low(39),Unavailable,,"-17.885,36.887222,QUELIMANE|Unavailable|Unavailable|Low(39),-17.750278,36.915556,QUELIMANE|Unavailable|Unavailable|Low(39),-11.163056,40.304167,QUELIMANE|Unavailable|Unavailable|Low(39),-17.878611,36.888333,QUELIMANE|Unavailable|Unavailable|Low(39),-15.843611,39.609722,QUELIMANE|Unavailable|Unavailable|Low(39),-18.125,36.808333,QUELIMANE|Unavailable|Unavailable|Low(39),-17.856072,36.923029,QUELIMANE|Unavailable|Unavailable|Low(39),-18.0125,36.9075,QUELIMANE|Unavailable|Unavailable|Low(39),-17.861389,36.855833,QUELIMANE|Unavailable|Unavailable|Low(39),-15.437222,37.44,NHAUELA|Unavailable|Unavailable|Low(37)",Phyllastrephus cerviniventris,1933.3.1.665,1
"Dondo, near Beira, Portuguese East Africa","Mozambique, Mozambique",,,-19.619854,34.741248,yes,,,,,Phyllastrephus debilis,"1946.5.713, 1946.5.711",2
"Liwale, Southern Province, Tanganyika Territory",United Republic of Tanzania,,,-9.766667,37.933333,yes,Low(40),Unavailable,,"-9.116667,35.65,TANGANYIKA|Unavailable|Unavailable|Low(40),-6,35,TANGANYIKA|Unavailable|Unavailable|Low(40),-5.159042,38.8025,TANGANYIKA|Unavailable|Unavailable|Low(40),-9.766667,37.933333,LIWALE|Unavailable|Unavailable|Low(36),-9.133333,38.283333,LIWALE|Unavailable|Unavailable|Low(36),-6.266667,37.7,LIWALE|Unavailable|Unavailable|Low(36),-7.116667,37.533333,LIWALE|Unavailable|Unavailable|Low(36),-9.327393,37.918434,LIWALE|Unavailable|Unavailable|Low(36)",Phyllastrephus debilis,1945.47.14,1
"Zimbiti, Portuguese East Africa",Mozambique,,,-19.557235,34.659758,yes,Low(52),Unavailable,,"-18.25,35,PORTUGUESE EAST AFRICA|Unavailable|Unavailable|Low(52),-18.25,35,PORTUGUESE EAST AFRICA|Unavailable|Unavailable|Low(52),-26.045556,32.191944,PORTUGUES|Unavailable|Unavailable|Low(26)",Phyllastrephus debilis,1928.2.5.15,1
"Rabai, 12m NW of Mombasa",Kenya,,,-3.931682,39.570408,yes,Low(37),Unavailable,,"-1.710817,37.871106,MOMBASA|Unavailable|Unavailable|Low(37),-1.689943,37.920036,MOMBASA|Unavailable|Unavailable|Low(37),-4.054655,39.663588,MOMBASA|Unavailable|Unavailable|Low(37),-4,39.666667,MOMBASA|Unavailable|Unavailable|Low(37),-1.686184,37.913436,MOMBASA|Unavailable|Unavailable|Low(37),-4.0667,39.6667,MOMBASA|Unavailable|Unavailable|Low(37),-4,39.666,MOMBASA|Unavailable|Unavailable|Low(37),-3.933333,39.566667,RABAI|Unavailable|Unavailable|Low(35),-3.931682,39.570408,RABAI|Unavailable|Unavailable|Low(35),-3.9167,39.5667,RABAI|Unavailable|Unavailable|Low(35),-3.763961,39.464357,RABAI|Unavailable|Unavailable|Low(35)",Phyllastrephus fischeri,1931.10.21.5,1
"Sokoke Forest, Malinde","Kenya, Kenya, Kenya",,,-3.386137,39.84522,yes,,,,,Phyllastrephus fischeri,"1971.16.64, 1931.10.21.2, 1971.16.67",3
Macamac,South Africa,,,-25.004521,30.818836,yes,,,,,Phyllastrephus flavostriatus,76.6.5.1,1
"Malinga Mountains, Nyasaland, North Rhodesia, 20 miles south of Fort Hill, Everfreen",Malawi,,,-9.995623,33.274096,no,High(84),unavailable,,"-9.995623,33.274096,Distance South of FORT HILL|Unavailable|Unavailable|High(84),-9.991002,33.266667,Distance South of FORT HILL|Unavailable|Unavailable|High(84)",Phyllastrephus flavostriatus,1959.2.25.297,1
"Mbisi Forest, Sumbawanga","United Republic of Tanzania, United Republic of Tanzania",,,-7.876508,31.67436,yes,,,,,Phyllastrephus flavostriatus,"1945.34.105, 1945.34.106",2
"Ngoye Forest, KwaZulu-Natal",South Africa,,,-28.84113,31.686591,yes,Low(43),Unavailable,,"-29,30,KWAZULU-NATAL|Unavailable|Unavailable|Low(43),-30.945279,29.260732,KWAZULU|Unavailable|Unavailable|Low(37),-30.95433,29.243622,KWAZULU|Unavailable|Unavailable|Low(37),-30.982785,29.239712,KWAZULU|Unavailable|Unavailable|Low(37),-31.289484,29.45508,KWAZULU|Unavailable|Unavailable|Low(37),-22.909428,29.399831,NATAL|Unavailable|Unavailable|Low(35),-28.84113,31.686591,NGOYE|Unavailable|Unavailable|Low(35),-29,30,NATAL|Unavailable|Unavailable|Low(35),-28.388578,27.228258,NATAL|Unavailable|Unavailable|Low(35),-26.429855,28.16055,NATAL|Unavailable|Unavailable|Low(35),-29.866667,31.05,NATAL|Unavailable|Unavailable|Low(35),-29,30,NATAL|Unavailable|Unavailable|Low(35)",Phyllastrephus flavostriatus,1905.12.29.1970,1
"Nukuth Mountains, North Rhodesia",Zambia,,,-10.46456,33.196896,yes,,,,,Phyllastrephus flavostriatus,1949.73.78,1
"Woodbush, NE Transvaal","South Africa, South Africa",,,-23.840901,29.990261,yes,,,,,Phyllastrephus flavostriatus,"1905.12.29.1974, 1905.12.29.1976",2
"Issore, Imatong Mts",Sudan,,,3.915205,32.762592,yes,,,,,Phyllastrephus hypochloris,1939.10.1.23,1
"Lotti Forest, Equatorial Prov.",Sudan,,,4.024216,32.523486,yes,Low(26),Unavailable,,"5,31,EQUATORIA|Unavailable|Unavailable|Low(26),5.4,28.4,EQUATORIA|Unavailable|Unavailable|Low(26)",Phyllastrephus hypochloris,1936.9.13.11,1
Lugalambo,Uganda,,,0.403747,33.073228,yes,,,,,Phyllastrephus hypochloris,1939.12.9.3083,1
Nabera Forest,Uganda,,,0.452927,33.007224,yes,,,,,Phyllastrephus hypochloris,1933.5.31.10,1
"Badasori, Fernando Po",Equatorial Guinea,,,3.5,8.7,no,Low(41),unavailable,,"3.5,8.7,FERNANDO PO|Unavailable|Unavailable|Low(41),3.5,8.7,FERNANDO PO|Unavailable|Unavailable|Low(41)",Phyllastrephus icterinus,1911.12.223.1688,1
"Ikom, Ogoja Province",Nigeria,,,5.962385,8.708234,yes,Low(35),Unavailable,,"6.658398,8.799227,OGOJA|Unavailable|Unavailable|Low(35),6.506425,8.688134,OGOJA|Unavailable|Unavailable|Low(35),6.6667,8.8,OGOJA|Unavailable|Unavailable|Low(35),6.05935,8.624266,IKOM|Unavailable|Unavailable|Low(34),5.962385,8.708234,IKOM|Unavailable|Unavailable|Low(34),6,8.6833,IKOM|Unavailable|Unavailable|Low(34)",Phyllastrephus icterinus,1966.16.1341,1
"Owerri, South Nigeria",Nigeria,,,5.4833,7.0333,yes,Low(37),Unavailable,,"10,8,NIGERIA|Unavailable|Unavailable|Low(37),10,8,NIGERIA|Unavailable|Unavailable|Low(37),5.483626,7.033248,OWERRI|Unavailable|Unavailable|Low(36),5.75,7.116667,OWERRI|Unavailable|Unavailable|Low(36),5.4833,7.0333,OWERRI|Unavailable|Unavailable|Low(36)",Phyllastrephus icterinus,1949.33.44,1
Umuagwu,Nigeria,,,5.293845,6.896488,no,High(82),unavailable,,"5.293845,6.896488,UMUAGWU|Unavailable|Unavailable|High(82)",Phyllastrephus icterinus,1966.16.1324,1
"Zwedru, Grand Gedeh",Liberia,,,6.0667,-8.1333,yes,Low(41),Unavailable,,"5.916667,-8.083333,GRAND GEDEH|Unavailable|Unavailable|Low(41),5.966667,-8.2,GRAND GEDEH|Unavailable|Unavailable|Low(41),6.023333,-8.148056,ZWEDRU|Unavailable|Unavailable|Low(36),6.068462,-8.135585,ZWEDRU|Unavailable|Unavailable|Low(36),6.0667,-8.1333,ZWEDRU|Unavailable|Unavailable|Low(36)",Phyllastrephus icterinus,1984.221,1
Bakaki,Equatorial Guinea,,,3.605009,8.880962,yes,,,,,Phyllastrephus poensis,1936.2.21.297,1
"Bantabare, Bioko","Equatorial Guinea, Equatorial Guinea, Equatorial Guinea",,,3.429388,8.792063,yes,,,,,Phyllastrephus poensis,"1904.6.22.168, 1904.6.22.167, 1904.6.22.170",3
Mount Cameroon,"Cameroon, Cameroon, Cameroon, Cameroon",,,4.216239,9.172786,yes,,,,,Phyllastrephus poensis,"1966.16.1505, 1966.16.1514, 1966.16.1476, 1966.16.1507",4
"Kupe Mountain, above Nyassoso, British Cameroons",Cameroon,,,4.801287,9.707221,yes,Low(34),Unavailable,,"4.7571,9.6854,KUPE|Unavailable|Unavailable|Low(34),6,12.5,CAMEROON|Unavailable|Unavailable|Low(25),6,12,CAMEROON|Unavailable|Unavailable|Low(25)",Phyllastrephus poensis,1966.16.1490,1
"Dikume Balue, British Cameroons","Cameroon, Cameroon",,,4.900921,9.252662,yes,,,,,Phyllastrephus poliocephalus,"1966.16.1440, 1966.16.1437",2
"near Buea, Cameroon Mountain, Southern Cameroons",Cameroon,,,4.15,9.2167,yes,Medium(49),,,"4.15,9.2167,Near BUEA|Unavailable|Unavailable|Medium(49),4.1527,9.241,Near BUEA|Unavailable|Unavailable|Medium(49)",Phyllastrephus poliocephalus,1966.16.1401,1
"near Foto, Bangwa District, Mamfe Division, Southern Cameroons",Cameroon,,,5.528042,9.93647,yes,Medium(49),Unavailable,,"5.504938,10.559917,Near FOTO|Unavailable|Unavailable|Medium(49),5.464586,10.072513,Near FOTO|Unavailable|Unavailable|Medium(49),5.528042,9.93647,Near FOTO|Unavailable|Unavailable|Medium(49)",Phyllastrephus poliocephalus,1966.16.1394,1
"20 km north of Juba, S-Sudan",South Sudan,,,5.026723,31.601203,no,High(79),unavailable,,"5.026723,31.601203,Distance North of JUBA|Unavailable|Unavailable|High(79)",Phyllastrephus strepitans,1977.269,1
"Fafen River, 30 km W Deghahabur","Ethiopia, Ethiopia",,,8.209523,43.214267,yes,,,,,Phyllastrephus strepitans,"1976.061, 1976.059",2
"Lokori, Mt. Kangetet, South Turkana",Kenya,,,1.952375,36.029836,yes,Low(38),Unavailable,,"1.983333,36.1,KANGETET|Unavailable|Unavailable|Low(38),1.998082,36.075344,KANGETET|Unavailable|Unavailable|Low(38),1.966667,36.616667,KANGETET|Unavailable|Unavailable|Low(38),3.2,35.466667,TURKANA|Unavailable|Unavailable|Low(37),1.826672,35.730057,TURKANA|Unavailable|Unavailable|Low(37),3.2,35.466,TURKANA|Unavailable|Unavailable|Low(37),4.488192,35.202793,TURKANA|Unavailable|Unavailable|Low(37),0.6667,35.5,TURKANA|Unavailable|Unavailable|Low(37),0.664944,37.891328,TURKANA|Unavailable|Unavailable|Low(37),3.142307,36.064213,TURKANA|Unavailable|Unavailable|Low(37),1.952375,36.029836,LOKORI|Unavailable|Unavailable|Low(36)",Phyllastrephus strepitans,1971.16.56,1
Mombasa,Kenya,,,-4,39.666,yes,High(82),Unavailable,,"-1.710817,37.871106,MOMBASA|Unavailable|Unavailable|High(82),-4,39.666667,MOMBASA|Unavailable|Unavailable|High(82),-4.054655,39.663588,MOMBASA|Unavailable|Unavailable|High(82),-1.689943,37.920036,MOMBASA|Unavailable|Unavailable|High(82),-4,39.666,MOMBASA|Unavailable|Unavailable|High(82),-4.0667,39.6667,MOMBASA|Unavailable|Unavailable|High(82),-1.686184,37.913436,MOMBASA|Unavailable|Unavailable|High(82)",Phyllastrephus strepitans,1903.8.1.91,1
"Nathilani, Didinga Berge, Sudan",South Sudan,,,4.340075,33.67465,yes,Low(39),Unavailable,,"4.340075,33.67465,NATHILANI|Unavailable|Unavailable|Low(39),4.101795,33.527888,DIDINGA|Unavailable|Unavailable|Low(37)",Phyllastrephus strepitans,1978.063,1
S Guaso Nyiro,Kenya,,,-2.133448,36.050535,yes,Low(41),Unavailable,,"0.407946,40.017985,GUASO NYIRO|Unavailable|Unavailable|Low(41),-1.15312,35.762774,GUASO NYIRO|Unavailable|Unavailable|Low(41),0.553626,36.327501,NYIRO|Unavailable|Unavailable|Low(35),0.407946,40.017985,UASO NYIRO|Unavailable|Unavailable|Low(27),-0.273012,36.826004,UASO NYIRO|Unavailable|Unavailable|Low(27),-2.133448,36.050535,UASO NYIRO|Unavailable|Unavailable|Low(27)",Phyllastrephus strepitans,1916.12.1.1234,1
Sokoke Forest,Kenya,,,-3.365427,39.856538,yes,Low(36),Unavailable,,"-3.523541,39.767685,SOKOKE|Unavailable|Unavailable|Low(36),-3.516667,39.8,SOKOKE|Unavailable|Unavailable|Low(36),-3.542225,39.817046,SOKOKE|Unavailable|Unavailable|Low(36),-3.55299,39.802077,SOKOKE|Unavailable|Unavailable|Low(36),-3.513368,39.819563,SOKOKE|Unavailable|Unavailable|Low(36)",Phyllastrephus strepitans,1971.16.58,1
"Grahamstown, E Cape Province",South Africa,,,-33.304216,26.53276,yes,Low(43),Unavailable,,"-31,23,CAPE PROVINCE|Unavailable|Unavailable|Low(43),-33.3,26.5333,GRAHAMSTOWN|Unavailable|Unavailable|Low(41),-33.304216,26.53276,GRAHAMSTOWN|Unavailable|Unavailable|Low(41),-33.285508,26.497057,GRAHAMSTOWN|Unavailable|Unavailable|Low(41),-46.652408,37.999222,EAST CAPE|Unavailable|Unavailable|Low(39),-34.086445,23.085835,EAST CAPE|Unavailable|Unavailable|Low(39),-46.901074,37.902948,EAST CAPE|Unavailable|Unavailable|Low(39),-31,23,CAPE|Unavailable|Unavailable|Low(34),-27.160765,22.955228,EAST|Unavailable|Unavailable|Low(34)",Phyllastrephus terrestris,1930.12.20.17,1
"Knysna, Cape Colony","South Africa, South Africa",,,-34.037011,23.042227,yes,,,,,Phyllastrephus terrestris,"1905.12.29.1957, 1905.12.29.1958",2
"Uitenhage, E Cape Province",South Africa,,,-33.75757,25.397099,yes,Low(43),Unavailable,,"-31,23,CAPE PROVINCE|Unavailable|Unavailable|Low(43),-30.213107,25.911433,UITENHAGE|Unavailable|Unavailable|Low(39),-27.772916,28.009568,UITENHAGE|Unavailable|Unavailable|Low(39),-27.147483,24.765075,UITENHAGE|Unavailable|Unavailable|Low(39),-33.783333,25.383333,UITENHAGE|Unavailable|Unavailable|Low(39),-23.4435,27.716241,UITENHAGE|Unavailable|Unavailable|Low(39),-24.627143,26.960018,UITENHAGE|Unavailable|Unavailable|Low(39),-33.7667,25.4167,UITENHAGE|Unavailable|Unavailable|Low(39),-46.901074,37.902948,EAST CAPE|Unavailable|Unavailable|Low(39),-33.766667,25.416667,UITENHAGE|Unavailable|Unavailable|Low(39),-46.652408,37.999222,EAST CAPE|Unavailable|Unavailable|Low(39),-34.086445,23.085835,EAST CAPE|Unavailable|Unavailable|Low(39),-33.75757,25.397099,UITENHAGE|Unavailable|Unavailable|Low(39),-27.160765,22.955228,EAST|Unavailable|Unavailable|Low(34),-31,23,CAPE|Unavailable|Unavailable|Low(34)",Phyllastrephus terrestris,1905.12.20.16,1
"Bitye, River Dja, South Region",Cameroon,,,3.016667,12.366667,yes,Low(42),Unavailable,,"2.75,11.583333,SOUTH REGION|Unavailable|Unavailable|Low(42),2.5,11.75,SOUTH REGION|Unavailable|Unavailable|Low(42),3.016667,12.366667,BITYE|Unavailable|Unavailable|Low(35),2.75,11.583333,SOUTH|Unavailable|Unavailable|Low(35),2.5,11.75,SOUTH|Unavailable|Unavailable|Low(35),4.466667,14.416667,DJA|Unavailable|Unavailable|Low(33),5.483333,12.35,DJA|Unavailable|Unavailable|Low(33),2.433333,12.4,DJA|Unavailable|Unavailable|Low(33),2.033333,15.2,DJA|Unavailable|Unavailable|Low(33),5.3,12.233333,DJA|Unavailable|Unavailable|Low(33),3.816667,12.7,DJA|Unavailable|Unavailable|Low(33)",Phyllastrephus xavieri,1924.11.2.121,1
Bugoma Forest,"Uganda, Uganda",,,1.292083,30.996914,yes,,,,,Phyllastrephus xavieri,"1945.23.8, 1933.5.31.2",2
"Kumba, Southwest Province",Cameroon,,,4.65,9.4333,yes,Low(35),Unavailable,,"4.5307,9.4997,KUMBA|Unavailable|Unavailable|Low(35),4.6363,9.4469,KUMBA|Unavailable|Unavailable|Low(35),4.6921,9.2097,KUMBA|Unavailable|Unavailable|Low(35),4.65,9.4333,KUMBA|Unavailable|Unavailable|Low(35),5.5,10.666667,WEST PROVINCE|Unavailable|Unavailable|Low(30),5.5,10.5,WEST PROVINCE|Unavailable|Unavailable|Low(30)",Phyllastrephus xavieri,1966.16.1317,1
Bangkok,"Thailand, Thailand, Thailand",,,13.749886,100.506726,yes,,,,,Pycnonotus aurigaster,"1955.1.5679, 1915.12.18.137, 1955.1.5680",3
Chantaburi,Thailand,,,12.609611,102.104472,yes,High(85),Unavailable,,"12.857983,102.154339,CHANTABURI|Unavailable|Unavailable|High(85),12.609611,102.104472,CHANTABURI|Unavailable|Unavailable|High(85),12.609895,102.115407,(g3)Chantaburi|Unavailable|4133|Medium(60)",Pycnonotus aurigaster,1955.1.5683,1
E Java,Indonesia,,,-7.594387,112.203355,yes,Low(34),,,"-7.4,110,JAVA|Unavailable|Unavailable|Low(34),-7.491667,110.004444,JAVA|Unavailable|Unavailable|Low(34)",Pycnonotus aurigaster,73.5.12.124,1
Java,"Indonesia, Indonesia",,,-7.593865,110.656731,yes,,,,,Pycnonotus aurigaster,"79.4.5.1648, 98.10.2.113",2
Ataran River,Myanmmar,,,16.47748,97.661278,yes,,,,,Pycnonotus aurigaster,1899,1
"Tjibodas, Java",Indonesia,,,-6.194722,106.614444,yes,Low(38),Unavailable,,"-6.730278,107.0675,TJIBODAS|Unavailable|Unavailable|Low(38),-6.828889,107.28,TJIBODAS|Unavailable|Unavailable|Low(38),-6.477222,106.655,TJIBODAS|Unavailable|Unavailable|Low(38),-6.636,105.7293,TJIBODAS|Unavailable|Unavailable|Low(38),-7.2499,106.9648,TJIBODAS|Unavailable|Unavailable|Low(38),-7.4245,107.5178,TJIBODAS|Unavailable|Unavailable|Low(38),-6.5874,105.7454,TJIBODAS|Unavailable|Unavailable|Low(38),-6.919167,107.663056,TJIBODAS|Unavailable|Unavailable|Low(38),-6.702778,107.242778,TJIBODAS|Unavailable|Unavailable|Low(38),-6.962778,106.916667,TJIBODAS|Unavailable|Unavailable|Low(38),-6.496944,107.733333,TJIBODAS|Unavailable|Unavailable|Low(38),-7.0107,107.7613,TJIBODAS|Unavailable|Unavailable|Low(38),-7.0891,107.4881,TJIBODAS|Unavailable|Unavailable|Low(38),-6.194722,106.614444,TJIBODAS|Unavailable|Unavailable|Low(38),-7.0604,107.1877,TJIBODAS|Unavailable|Unavailable|Low(38),-7.0678,107.1926,TJIBODAS|Unavailable|Unavailable|Low(38),-7.0861,108.7578,TJIBODAS|Unavailable|Unavailable|Low(38),-6.821944,106.739722,TJIBODAS|Unavailable|Unavailable|Low(38),-7.6247,108.5981,TJIBODAS|Unavailable|Unavailable|Low(38),-7.3624,108.6613,TJIBODAS|Unavailable|Unavailable|Low(38),-7.0209,108.3489,TJIBODAS|Unavailable|Unavailable|Low(38),-7.259,108.1861,TJIBODAS|Unavailable|Unavailable|Low(38),-7.0638,108.0811,TJIBODAS|Unavailable|Unavailable|Low(38),-7.2055,106.66,TJIBODAS|Unavailable|Unavailable|Low(38),-7.3129,108.3143,TJIBODAS|Unavailable|Unavailable|Low(38),-7.5138,107.9308,TJIBODAS|Unavailable|Unavailable|Low(38),-7.325835,106.622101,TJIBODAS|Unavailable|Unavailable|Low(38),-7.491667,110.004444,JAVA|Unavailable|Unavailable|Low(34),-7.4,110,JAVA|Unavailable|Unavailable|Low(34),-6.988056,107.810556,TJIBODA|Unavailable|Unavailable|Low(24)",Pycnonotus aurigaster,1919.12.12.103,1
W Java,Indonesia,,,-7.090799,107.58626,yes,Low(34),,,"-7.4,110,JAVA|Unavailable|Unavailable|Low(34),-7.491667,110.004444,JAVA|Unavailable|Unavailable|Low(34)",Pycnonotus aurigaster,73.5.12.123,1
30m W of Yavello,Ethiopia,,,4.883333,38.083333,no,Low(37),unavailable,,"4.883333,38.083333,YAVELLO|Unavailable|Unavailable|Low(37)",Pycnonotus barbatus,1946.5.2279,1
Algiers,Algeria,,,36.783333,3.05,no,High(82),unavailable,,"36.783333,3.05,ALGIERS|Unavailable|Unavailable|High(82),36.763056,3.050556,ALGIERS|Unavailable|Unavailable|High(82),36.783,3.05,ALGIERS|Unavailable|Unavailable|High(82),36.75,3.166667,ALGIERS|Unavailable|Unavailable|High(82)",Pycnonotus barbatus,97.11.10.983,1
Borama,"Somalia, Somalia, Somalia, Somalia",,,9.935382,43.179764,yes,,,,,Pycnonotus barbatus,"1965.M.9674, 1965.M.9673, 1965.M.9670, 1965.M.9672",4
"Dibete Kap, Bodswana",Botswana,,,-23.747595,26.47028,no,Low(36),unavailable,,"-23.747595,26.47028,DIBETE|Unavailable|Unavailable|Low(36),-21.758897,28.332796,DIBETE|Unavailable|Unavailable|Low(36),-21.675615,28.224295,DIBETE|Unavailable|Unavailable|Low(36),-23.75,26.4333,DIBETE|Unavailable|Unavailable|Low(36),-23.750114,26.515762,DIBETE|Unavailable|Unavailable|Low(36),-23.767479,26.566012,DIBETE|Unavailable|Unavailable|Low(36)",Pycnonotus barbatus,1976.114,1
Djebel Chedar (Morocco),Morocco,,,32,-6,yes,Low(37),Unavailable,,"32,-6,MOROCCO|Unavailable|Unavailable|Low(37),31.633,-8.009,MOROCCO|Unavailable|Unavailable|Low(37),32,-5,MOROCCO|Unavailable|Unavailable|Low(37)",Pycnonotus barbatus,F.II.1.a.?,1
"Hammam Maskoutine, Guelma","Algeria, Algeria, Algeria",,,36.46171,7.263257,yes,,,,,Pycnonotus barbatus,"1934.1.1.6352, 1927.12.18.352, 1957.13.1670",3
"Inolepolola, Botswana",Botswana,,,-24.401162,25.496029,yes,Low(38),,,"-22,24,BOTSWANA|Unavailable|Unavailable|Low(38),-22,24,BOTSWANA|Unavailable|Unavailable|Low(38)",Pycnonotus barbatus,1976.1139,1
Matobo Hills,"Zimbabwe, Zimbabwe",,,-20.578871,28.528685,yes,,,,,Pycnonotus barbatus,"1966.242, 1966.24",2
Mhoiwla (Morocco),"Morocco, Morocco, Morocco",,,31.620248,-7.983432,yes,,,,,Pycnonotus barbatus,"F.II.1.a.?., F.II.1.a.?., F.II.1.a.?.",3
N. Yavello,Ethiopia,,,4.90762,38.08977,yes,Low(37),,,"4.883333,38.083333,YAVELLO|Unavailable|Unavailable|Low(37)",Pycnonotus barbatus,1946.5.2273,1
Yavello,"Ethiopia, Ethiopia",,,4.883162,38.082475,yes,,,,,Pycnonotus barbatus,"1946.5.2269, 1946.5.2268",2
Klang,Myanmar,,,22.552986,93.525194,yes,,,,,Pycnonotus blanfordi,86.9.1.2326,1
"Maymyo, Mandalay Dt.","Myanmar, Myanmar, Myanmar",,,22.039004,96.47159,yes,,,,,Pycnonotus blanfordi,"1948.80.1302, 1948.80.1307, 1948.80.1304",3
"Cachar, Assam",India,,,25.083333,92.916667,yes,Low(36),Unavailable,,"25.083333,92.916667,CACHAR|Unavailable|Unavailable|Low(36),26.25,93,ASSAM|Unavailable|Unavailable|Low(35),26,92,ASSAM|Unavailable|Unavailable|Low(35)",Pycnonotus cafer,1939.12.9.1867,1
"Colombo, Sri Lanka","Sri Lanka, Sri Lanka",,,6.926442,79.859543,yes,,,,,Pycnonotus cafer,"86.9.1.1754, 79.4.5",2
"Hambantota, S Prov., Ceylon",Sri Lanka,,,6.1241,81.1185,yes,Low(40),Unavailable,,"6.2544,81.1111,HAMBANTOTA|Unavailable|Unavailable|Low(40),6.1241,81.1185,HAMBANTOTA|Unavailable|Unavailable|Low(40),6.2077,81.1113,HAMBANTOTA|Unavailable|Unavailable|Low(40),7.75,80.75,CEYLON|Unavailable|Unavailable|Low(36),7,81,CEYLON|Unavailable|Unavailable|Low(36),7.5,80.5,CEYLON|Unavailable|Unavailable|Low(36)",Pycnonotus cafer,1946.28.307,1
Madras,India,,,13.084622,80.248357,no,High(81),unavailable,,"13.084622,80.248357,MADRAS|Unavailable|Unavailable|High(81),11,78.333333,MADRAS|Unavailable|Unavailable|High(81),13,80.25,MADRAS|Unavailable|Unavailable|High(81),13.084286,80.276314,MADRAS|Unavailable|Unavailable|High(81),13.083333,80.283333,MADRAS|Unavailable|Unavailable|High(81),13,80.25,MADRAS|Unavailable|Unavailable|High(81),11,78,MADRAS|Unavailable|Unavailable|High(81),13.081389,80.277222,MADRAS|Unavailable|Unavailable|High(81)",Pycnonotus cafer,1949.14204,1
Manipur,India,,,24.75,93.833333,yes,High(82),Unavailable,,"25.621997,82.640132,MANIPUR|Unavailable|Unavailable|High(82),25.208295,83.984557,MANIPUR|Unavailable|Unavailable|High(82),24.948075,81.402671,MANIPUR|Unavailable|Unavailable|High(82),25.383149,83.926319,MANIPUR|Unavailable|Unavailable|High(82),25.481034,82.101691,MANIPUR|Unavailable|Unavailable|High(82),25.189676,83.466013,MANIPUR|Unavailable|Unavailable|High(82),24.801706,80.47892,MANIPUR|Unavailable|Unavailable|High(82),25.35395,80.354603,MANIPUR|Unavailable|Unavailable|High(82),24.75,93.833333,MANIPUR|Unavailable|Unavailable|High(82),30.315976,77.388617,MANIPUR|Unavailable|Unavailable|High(82),22.281944,88.911111,MANIPUR|Unavailable|Unavailable|High(82),24.81722,92.954619,MANIPUR|Unavailable|Unavailable|High(82),27.829293,78.345945,MANIPUR|Unavailable|Unavailable|High(82),26.609796,79.665193,MANIPUR|Unavailable|Unavailable|High(82),21.346106,78.001184,MANIPUR|Unavailable|Unavailable|High(82),25.57714,82.498353,MANIPUR|Unavailable|Unavailable|High(82),27.052721,79.358072,MANIPUR|Unavailable|Unavailable|High(82),25.923728,81.706253,MANIPUR|Unavailable|Unavailable|High(82),26.167184,81.669165,MANIPUR|Unavailable|Unavailable|High(82),25.969437,81.509504,MANIPUR|Unavailable|Unavailable|High(82),26.095622,82.346313,MANIPUR|Unavailable|Unavailable|High(82),25.046449,84.076917,MANIPUR|Unavailable|Unavailable|High(82),25.641044,84.309804,MANIPUR|Unavailable|Unavailable|High(82),21.09161,82.905846,MANIPUR|Unavailable|Unavailable|High(82),26.127344,81.637461,MANIPUR|Unavailable|Unavailable|High(82),26.368296,83.295984,MANIPUR|Unavailable|Unavailable|High(82),25.924477,81.310816,MANIPUR|Unavailable|Unavailable|High(82),26.598477,81.327491,MANIPUR|Unavailable|Unavailable|High(82),25.847924,80.80533,MANIPUR|Unavailable|Unavailable|High(82),26.269052,81.796057,MANIPUR|Unavailable|Unavailable|High(82),29.151646,78.67664,MANIPUR|Unavailable|Unavailable|High(82),25.469329,81.477235,MANIPUR|Unavailable|Unavailable|High(82),26.020347,81.883192,MANIPUR|Unavailable|Unavailable|High(82)",Pycnonotus cafer,86.9.1.1768,1
Shillong,"India, India",,,25.576018,91.900648,yes,,,,,Pycnonotus cafer,"86.9.1.1865, 86.9.1.1864",2
Sri Lanka,Sri Lanka,,,7.5,80.5,yes,High(84),Unavailable,,"7,81,SRI LANKA|Unavailable|Unavailable|High(84),7.75,80.75,SRI LANKA|Unavailable|Unavailable|High(84),7.5,80.5,SRI LANKA|Unavailable|Unavailable|High(84),7.5,80.5,SRI LANKA|Unavailable|Unavailable|High(84),7.648349,79.769531,(g3)Sri Lanka|Unavailable|259057|High(69)",Pycnonotus cafer,1947.11.34,1
"Tellula, Ceylon",Sri Lanka,,,6.60058,81.138836,yes,Low(37),Unavailable,,"6.205,81.2826,TELLULA|Unavailable|Unavailable|Low(37),7.75,80.75,CEYLON|Unavailable|Unavailable|Low(36),7.5,80.5,CEYLON|Unavailable|Unavailable|Low(36),7,81,CEYLON|Unavailable|Unavailable|Low(36)",Pycnonotus cafer,1928.6.25.45,1
"Uragaha, Ceylon",Sri Lanka,,,6.3589,80.1181,yes,Low(37),,,"6.3589,80.1181,URAGAHA|Unavailable|Unavailable|Low(37),7.75,80.75,CEYLON|Unavailable|Unavailable|Low(36),7.5,80.5,CEYLON|Unavailable|Unavailable|Low(36),7,81,CEYLON|Unavailable|Unavailable|Low(36)",Pycnonotus cafer,1940.12.3.32,1
"Tapraw, Siam",Thailand,,,8.057441,98.423302,yes,Low(34),,,"15.5,101,SIAM|Unavailable|Unavailable|Low(34),15,100,SIAM|Unavailable|Unavailable|Low(34)",Pycnonotus finlaysoni,86.9.1.2102,1
"Taroar, Siam","Thailand, Thailand, Thailand",,,7.999237,98.404965,yes,,,,,Pycnonotus finlaysoni,"86.9.1.2114, 86.9.1.2109, 86.9.1.2111",3
"Haliyal, Kanara, Assam",India,,,26.2401,90.948896,yes,Low(37),Unavailable,,"15.333333,74.766667,HALIYAL|Unavailable|Unavailable|Low(37),14.432115,74.721813,HALIYAL|Unavailable|Unavailable|Low(37),14.453139,74.824522,HALIYAL|Unavailable|Unavailable|Low(37),15.329376,74.763303,HALIYAL|Unavailable|Unavailable|Low(37),25.371148,76.344711,KANARA|Unavailable|Unavailable|Low(36),21.850364,77.775622,KANARA|Unavailable|Unavailable|Low(36),14,75,KANARA|Unavailable|Unavailable|Low(36),21.233333,70.483333,KANARA|Unavailable|Unavailable|Low(36),16,75,KANARA|Unavailable|Unavailable|Low(36),14.883333,74.583333,KANARA|Unavailable|Unavailable|Low(36),21.227595,70.489178,KANARA|Unavailable|Unavailable|Low(36),22.402956,74.320637,KANARA|Unavailable|Unavailable|Low(36),14,75,KANARA|Unavailable|Unavailable|Low(36),16,75,KANARA|Unavailable|Unavailable|Low(36),14.883333,74.583333,KANARA|Unavailable|Unavailable|Low(36),33.186529,74.171821,KANARA|Unavailable|Unavailable|Low(36),30.619849,79.214429,KANARA|Unavailable|Unavailable|Low(36),30.802284,77.881836,KANARA|Unavailable|Unavailable|Low(36),26.25,93,ASSAM|Unavailable|Unavailable|Low(35),26,92,ASSAM|Unavailable|Unavailable|Low(35)",Pycnonotus flavescens,1925.12.23.378,1
Mindon,"Myanmar, Myanmar",,,19.351907,94.734373,yes,,,,,Pycnonotus flavescens,"1940, 1943",2
"Shillong, Assam","India, India, India",,,25.56949,91.881704,yes,,,,,Pycnonotus flavescens,"86.9.1.2030, 86.9.1.2044, 86.9.1.2043",3
"LABUAN, SABAH, BORNEO","Malaysia, Malaysia, Malaysia",,,5.315862,115.212888,yes,,,,,Pycnonotus goiavier,"B/10299, B/10297, B/10298",3
"LAWAS, SARAWAK, N.E BORNEO",Malaysia,,,4.8604,115.409,yes,Low(37),Unavailable,,"1.5333,110.3333,SARAWAK|Unavailable|Unavailable|Low(37),2.5,113.5,SARAWAK|Unavailable|Unavailable|Low(37),4,115,BORNEO|Unavailable|Unavailable|Low(36),1,114,BORNEO|Unavailable|Unavailable|Low(36),4.5,115.416667,LAWAS|Unavailable|Unavailable|Low(35),4.8333,115.4167,LAWAS|Unavailable|Unavailable|Low(35),4.5,115.5,LAWAS|Unavailable|Unavailable|Low(35),4.8604,115.409,LAWAS|Unavailable|Unavailable|Low(35)",Pycnonotus goiavier,B/10301,1
"Baglan, Nashik District",India,,,20.766345,74.130657,yes,Low(36),Unavailable,,"30.971285,77.577462,BAGLAN|Unavailable|Unavailable|Low(36),20.845756,75.692245,BAGLAN|Unavailable|Unavailable|Low(36)",Pycnonotus jocosus,1925.12.23.360,1
Bangalore,India,,,12.977063,77.587106,no,High(84),unavailable,,"12.977063,77.587106,BANGALORE|Unavailable|Unavailable|High(84),12.983333,77.583333,BANGALORE|Unavailable|Unavailable|High(84)",Pycnonotus jocosus,88.4.1.673,1
"Firm Base, Andhra Pradesh",India,,,17.863706,83.415242,yes,Low(44),Unavailable,,"16,79,ANDHRA PRADESH|Unavailable|Unavailable|Low(44),15.833333,79.75,ANDHRA PRADESH|Unavailable|Unavailable|Low(44),17.833333,79.083333,ANDHRA|Unavailable|Unavailable|Low(36),26.396826,86.33789,ANDHRA|Unavailable|Unavailable|Low(36),18.766667,73.65,ANDHRA|Unavailable|Unavailable|Low(36),18,79.5,ANDHRA|Unavailable|Unavailable|Low(36)",Pycnonotus jocosus,26301,1
"Dewangiri, Deothang, Samdrup Jongkhar",Bhutan,,,26.866667,91.466667,yes,Low(46),Unavailable,,"26.800687,91.505191,SAMDRUP JONGKHAR|Unavailable|Unavailable|Low(46),26.916667,91.616667,SAMDRUP JONGKHAR|Unavailable|Unavailable|Low(46),26.866667,91.466667,DEWANGIRI|Unavailable|Unavailable|Low(39),27.4,90.5,SAMDRUP|Unavailable|Unavailable|Low(37)",Pycnonotus jocosus,1935.4.5.631,1
"Shevaroys, Tamil Nadu","India, India",,,11.820735,78.229049,yes,,,,,Pycnonotus jocosus,"1975, 1968",2
"Kotagiri, Tamil Nadu",India,,,11.433,76.883,yes,Low(40),Unavailable,,"11,78.333333,TAMIL NADU|Unavailable|Unavailable|Low(40),11,78,TAMIL NADU|Unavailable|Unavailable|Low(40),11.421783,76.862113,KOTAGIRI|Unavailable|Unavailable|Low(38),11.433,76.883,KOTAGIRI|Unavailable|Unavailable|Low(38),12.853164,74.996978,NADU|Unavailable|Unavailable|Low(34)",Pycnonotus jocosus,25893,1
Lucknow,India,,,26.75,81,yes,High(82),,,"26.75,81,LUCKNOW|Unavailable|Unavailable|High(82),26.839281,80.923133,LUCKNOW|Unavailable|Unavailable|High(82),26.830607,80.931934,LUCKNOW|Unavailable|Unavailable|High(82)",Pycnonotus jocosus,1965.M.9535,1
Manipur,"India, India, India, India",,,24.712374,93.834796,yes,,,,,Pycnonotus jocosus,"86.9.1.2419, 86.9.1.2412, 86.9.1.2410, 86.9.1.2414",4
"Mysore, Karnataka",India,,,12.307222,76.649722,yes,Low(39),Unavailable,,"14.666667,75.833333,KARNATAKA|Unavailable|Unavailable|Low(39),13.5,76,KARNATAKA|Unavailable|Unavailable|Low(39),16,75,KARNATAKA|Unavailable|Unavailable|Low(39),16,75,KARNATAKA|Unavailable|Unavailable|Low(39),12.316672,76.645833,MYSORE|Unavailable|Unavailable|Low(36),12,76.5,MYSORE|Unavailable|Unavailable|Low(36),14.666667,75.833333,MYSORE|Unavailable|Unavailable|Low(36),12.292664,76.638543,MYSORE|Unavailable|Unavailable|Low(36),13.5,76,MYSORE|Unavailable|Unavailable|Low(36),12,76.5,MYSORE|Unavailable|Unavailable|Low(36),12.307222,76.649722,MYSORE|Unavailable|Unavailable|Low(36),16,75,KARNATAK|Unavailable|Unavailable|Low(25),16,75,KARNATAK|Unavailable|Unavailable|Low(25),12,78,KARNATA|Unavailable|Unavailable|Low(24),25.048409,77.229874,KARNATA|Unavailable|Unavailable|Low(24)",Pycnonotus jocosus,23983,1
Odisha,"India, India",,,20.512689,84.410156,yes,,,,,Pycnonotus jocosus,"16281, 16280",2
S.Andaman,India,,,11.828227,92.657718,yes,Low(37),Unavailable,,"10,93,ANDAMAN|Unavailable|Unavailable|Low(37),10.033105,78.165045,ANDAMAN|Unavailable|Unavailable|Low(37),12,92.75,ANDAMAN|Unavailable|Unavailable|Low(37)",Pycnonotus jocosus,22079,1
"Baramulla, Vale of Kashmir",India,,,34.203141,74.348056,yes,Low(45),Unavailable,,"34.166667,74.75,VALE OF KASHMIR|Unavailable|Unavailable|Low(45),34.166667,74.75,VALE OF KASHMIR|Unavailable|Unavailable|Low(45),34.566667,74.75,BARAMULLA|Unavailable|Unavailable|Low(39),34.566667,74.75,BARAMULLA|Unavailable|Unavailable|Low(39),33.91667,76.66667,KASHMIR|Unavailable|Unavailable|Low(37),24.869157,86.179941,KASHMIR|Unavailable|Unavailable|Low(37),31.336368,77.175049,KASHMIR|Unavailable|Unavailable|Low(37),34.129167,74.525,BARAMUL|Unavailable|Unavailable|Low(24),20.499167,84.872588,BARAMUL|Unavailable|Unavailable|Low(24)",Pycnonotus leucogenys,1965.M.9572,1
"Domel, Murree-Srinagar Rd, Kashmir",India,,,32.888889,74.958333,yes,Low(38),Unavailable,,"27.722405,79.23433,SRINAGAR|Unavailable|Unavailable|Low(38),17.197924,78.474382,SRINAGAR|Unavailable|Unavailable|Low(38),30.079417,76.716242,SRINAGAR|Unavailable|Unavailable|Low(38),22.952159,79.519799,SRINAGAR|Unavailable|Unavailable|Low(38),24.791356,78.903352,SRINAGAR|Unavailable|Unavailable|Low(38),34.085652,74.805553,SRINAGAR|Unavailable|Unavailable|Low(38),27.779185,79.391449,SRINAGAR|Unavailable|Unavailable|Low(38),30.966519,77.093173,SRINAGAR|Unavailable|Unavailable|Low(38),34.083333,74.833333,SRINAGAR|Unavailable|Unavailable|Low(38),13.013333,80.229722,SRINAGAR|Unavailable|Unavailable|Low(38),26.4351,74.776027,SRINAGAR|Unavailable|Unavailable|Low(38),25.180204,79.774849,SRINAGAR|Unavailable|Unavailable|Low(38),28.681538,77.138806,SRINAGAR|Unavailable|Unavailable|Low(38),28.987707,77.042054,SRINAGAR|Unavailable|Unavailable|Low(38),24.668432,82.939171,SRINAGAR|Unavailable|Unavailable|Low(38),26.685476,83.062356,SRINAGAR|Unavailable|Unavailable|Low(38),27.044999,83.742795,SRINAGAR|Unavailable|Unavailable|Low(38),27.418007,82.727268,SRINAGAR|Unavailable|Unavailable|Low(38),27.183338,82.409603,SRINAGAR|Unavailable|Unavailable|Low(38),26.952356,82.312035,SRINAGAR|Unavailable|Unavailable|Low(38),27.685198,82.097995,SRINAGAR|Unavailable|Unavailable|Low(38),26.702634,83.440587,SRINAGAR|Unavailable|Unavailable|Low(38),27.356807,82.227098,SRINAGAR|Unavailable|Unavailable|Low(38),24.497829,83.730106,SRINAGAR|Unavailable|Unavailable|Low(38),25.403057,78.57788,SRINAGAR|Unavailable|Unavailable|Low(38),27.255259,82.202574,SRINAGAR|Unavailable|Unavailable|Low(38),27.246443,82.193505,SRINAGAR|Unavailable|Unavailable|Low(38),27.20437,83.733184,SRINAGAR|Unavailable|Unavailable|Low(38),27.330279,82.72068,SRINAGAR|Unavailable|Unavailable|Low(38),31.336368,77.175049,KASHMIR|Unavailable|Unavailable|Low(37),33.91667,76.66667,KASHMIR|Unavailable|Unavailable|Low(37),34.586439,74.040578,DOMEL|Unavailable|Unavailable|Low(35),32.888889,74.958333,DOMEL|Unavailable|Unavailable|Low(35)",Pycnonotus leucogenys,1965.M.9571,1
Punjab,"Pakistan, Pakistan, Pakistan, Pakistan",,,31.174076,72.805261,yes,,,,,Pycnonotus leucogenys,"16245, 16233, 16248, 16249",4
"Serinaga, 5500', Kashmir",India,,,34.079756,74.799923,yes,Low(37),,,"33.91667,76.66667,KASHMIR|Unavailable|Unavailable|Low(37),31.336368,77.175049,KASHMIR|Unavailable|Unavailable|Low(37),24.869157,86.179941,KASHMIR|Unavailable|Unavailable|Low(37)",Pycnonotus leucogenys,1965.M.9569,1
"Srinagar, Kashmir",India,,,34.085652,74.805553,yes,Low(38),Unavailable,,"22.952159,79.519799,SRINAGAR|Unavailable|Unavailable|Low(38),27.722405,79.23433,SRINAGAR|Unavailable|Unavailable|Low(38),17.197924,78.474382,SRINAGAR|Unavailable|Unavailable|Low(38),27.779185,79.391449,SRINAGAR|Unavailable|Unavailable|Low(38),24.668432,82.939171,SRINAGAR|Unavailable|Unavailable|Low(38),24.791356,78.903352,SRINAGAR|Unavailable|Unavailable|Low(38),34.085652,74.805553,SRINAGAR|Unavailable|Unavailable|Low(38),30.079417,76.716242,SRINAGAR|Unavailable|Unavailable|Low(38),30.966519,77.093173,SRINAGAR|Unavailable|Unavailable|Low(38),34.083333,74.833333,SRINAGAR|Unavailable|Unavailable|Low(38),13.013333,80.229722,SRINAGAR|Unavailable|Unavailable|Low(38),26.4351,74.776027,SRINAGAR|Unavailable|Unavailable|Low(38),25.180204,79.774849,SRINAGAR|Unavailable|Unavailable|Low(38),28.681538,77.138806,SRINAGAR|Unavailable|Unavailable|Low(38),28.987707,77.042054,SRINAGAR|Unavailable|Unavailable|Low(38),24.497829,83.730106,SRINAGAR|Unavailable|Unavailable|Low(38),26.702634,83.440587,SRINAGAR|Unavailable|Unavailable|Low(38),27.183338,82.409603,SRINAGAR|Unavailable|Unavailable|Low(38),26.685476,83.062356,SRINAGAR|Unavailable|Unavailable|Low(38),27.685198,82.097995,SRINAGAR|Unavailable|Unavailable|Low(38),27.666186,82.143249,SRINAGAR|Unavailable|Unavailable|Low(38),26.050502,81.910117,SRINAGAR|Unavailable|Unavailable|Low(38),26.952356,82.312035,SRINAGAR|Unavailable|Unavailable|Low(38),27.044999,83.742795,SRINAGAR|Unavailable|Unavailable|Low(38),27.255259,82.202574,SRINAGAR|Unavailable|Unavailable|Low(38),27.356807,82.227098,SRINAGAR|Unavailable|Unavailable|Low(38),25.403057,78.57788,SRINAGAR|Unavailable|Unavailable|Low(38),27.330279,82.72068,SRINAGAR|Unavailable|Unavailable|Low(38),27.418007,82.727268,SRINAGAR|Unavailable|Unavailable|Low(38),27.246443,82.193505,SRINAGAR|Unavailable|Unavailable|Low(38),27.20437,83.733184,SRINAGAR|Unavailable|Unavailable|Low(38),33.91667,76.66667,KASHMIR|Unavailable|Unavailable|Low(37),31.336368,77.175049,KASHMIR|Unavailable|Unavailable|Low(37)",Pycnonotus leucogenys,1949.Whi.1.14284,1
Punjab,Pakistan,,,30.85,72.316667,yes,High(81),Unavailable,,"30,74,PUNJAB|Unavailable|Unavailable|High(81),30.85,72.316667,PUNJAB|Unavailable|Unavailable|High(81),30.860168,72.319759,PUNJAB|Unavailable|Unavailable|High(81)",Pycnonotus leucogenys,1928,1
"Baroda, Gujarat",India,,,22.299405,73.208119,yes,Low(37),Unavailable,,"23,72,GUJARAT|Unavailable|Unavailable|Low(37),23,71.75,GUJARAT|Unavailable|Unavailable|Low(37),22.85,71.5,GUJARAT|Unavailable|Unavailable|Low(37),28.952544,77.838686,BARODA|Unavailable|Unavailable|Low(36),26.278114,76.621835,BARODA|Unavailable|Unavailable|Low(36),26.560391,76.940009,BARODA|Unavailable|Unavailable|Low(36),27.710195,77.181469,BARODA|Unavailable|Unavailable|Low(36),23.291038,79.755792,BARODA|Unavailable|Unavailable|Low(36),29.438472,76.208172,BARODA|Unavailable|Unavailable|Low(36),24.184638,77.873425,BARODA|Unavailable|Unavailable|Low(36),22.299405,73.208119,BARODA|Unavailable|Unavailable|Low(36),25.5,76.65,BARODA|Unavailable|Unavailable|Low(36),28.333558,77.989738,BARODA|Unavailable|Unavailable|Low(36),23.301978,73.016907,BARODA|Unavailable|Unavailable|Low(36),27.484325,76.869529,BARODA|Unavailable|Unavailable|Low(36),23.719936,78.703889,BARODA|Unavailable|Unavailable|Low(36),23.903004,74.056,BARODA|Unavailable|Unavailable|Low(36),21.296843,81.711701,BARODA|Unavailable|Unavailable|Low(36),23.220744,80.691291,BARODA|Unavailable|Unavailable|Low(36),25.861122,78.999188,BARODA|Unavailable|Unavailable|Low(36),22.674848,79.87346,BARODA|Unavailable|Unavailable|Low(36),22.853213,75.841668,BARODA|Unavailable|Unavailable|Low(36),23.301978,73.016907,BARODA|Unavailable|Unavailable|Low(36),22.522887,76.666821,BARODA|Unavailable|Unavailable|Low(36),22.878205,75.970264,BARODA|Unavailable|Unavailable|Low(36),25.698815,78.083513,BARODA|Unavailable|Unavailable|Low(36),23.486275,80.005001,BARODA|Unavailable|Unavailable|Low(36),24.544854,78.383394,BARODA|Unavailable|Unavailable|Low(36),27.484676,76.870136,BARODA|Unavailable|Unavailable|Low(36),24.003237,79.375099,BARODA|Unavailable|Unavailable|Low(36),23.347737,77.892679,BARODA|Unavailable|Unavailable|Low(36),24.224304,77.312497,BARODA|Unavailable|Unavailable|Low(36),23.119806,75.261799,BARODA|Unavailable|Unavailable|Low(36)",Pycnonotus leucotis,2748,1
"Fort Munro, Dera Ghazi Khan, Punjab",Pakistan,,,29.943501,69.96657,yes,Low(45),Unavailable,,"30.409945,70.446987,DERA GHAZI KHAN|Unavailable|Unavailable|Low(45),29.943501,69.96657,FORT MUNRO|Unavailable|Unavailable|Low(40),29.927368,69.988532,FORT MUNRO|Unavailable|Unavailable|Low(40),30.85,72.316667,PUNJAB|Unavailable|Unavailable|Low(36),30,74,PUNJAB|Unavailable|Unavailable|Low(36),29.173448,67.836002,GHAZI|Unavailable|Unavailable|Low(35),32.952856,74.334318,GHAZI|Unavailable|Unavailable|Low(35),27.413223,67.9738,DERA|Unavailable|Unavailable|Low(34),35.382133,74.079443,KHAN|Unavailable|Unavailable|Low(34),30.933333,72.766667,DERA|Unavailable|Unavailable|Low(34),31.427485,69.400892,DERA|Unavailable|Unavailable|Low(34),33.973947,73.280986,DERA|Unavailable|Unavailable|Low(34),33.682918,73.667722,DERA|Unavailable|Unavailable|Low(34),31.911386,74.208447,DERA|Unavailable|Unavailable|Low(34),33.847192,73.741222,DERA|Unavailable|Unavailable|Low(34),32.215091,74.417079,DERA|Unavailable|Unavailable|Low(34),27.55,67.983333,DERA|Unavailable|Unavailable|Low(34),33.945158,74.085651,DERA|Unavailable|Unavailable|Low(34),25.177159,69.268018,DERA|Unavailable|Unavailable|Low(34),30.251177,71.408234,DERA|Unavailable|Unavailable|Low(34),31.803774,74.203124,DERA|Unavailable|Unavailable|Low(34),31.438323,71.704063,KHAN|Unavailable|Unavailable|Low(34),25.394745,68.983993,KHAN|Unavailable|Unavailable|Low(34),30.98635,67.270986,KHAN|Unavailable|Unavailable|Low(34),30.960249,67.262433,KHAN|Unavailable|Unavailable|Low(34),33.460642,73.051555,DERA|Unavailable|Unavailable|Low(34),32.787376,73.118916,DERA|Unavailable|Unavailable|Low(34),29.537093,71.764686,KHAN|Unavailable|Unavailable|Low(34),26.633333,68.4,DERA|Unavailable|Unavailable|Low(34),34.271313,72.84634,DERA|Unavailable|Unavailable|Low(34),32.07152,74.014974,DERA|Unavailable|Unavailable|Low(34),33.712275,73.467573,DERA|Unavailable|Unavailable|Low(34),33.867457,73.151786,KHAN|Unavailable|Unavailable|Low(34)",Pycnonotus leucotis,1949.25.3378,1
"Kutch, Gujarat",India,,,23.583333,70,yes,Low(37),Unavailable,,"23,71.75,GUJARAT|Unavailable|Unavailable|Low(37),23,72,GUJARAT|Unavailable|Unavailable|Low(37),22.85,71.5,GUJARAT|Unavailable|Unavailable|Low(37),23.583333,70,KUTCH|Unavailable|Unavailable|Low(35),23.583333,70,KUTCH|Unavailable|Unavailable|Low(35),24.083,70.166,KUTCH|Unavailable|Unavailable|Low(35)",Pycnonotus leucotis,1938,1
"Jhang, Punjab","Pakistan, Pakistan, Pakistan",,,31.274171,72.320419,yes,,,,,Pycnonotus leucotis,"1949.Whi.1.14299, 1949.Whi.1.14297, 1949.Whi.1.14300",3
Multan,"Pakistan, Pakistan",,,30.183813,71.487518,yes,,,,,Pycnonotus leucotis,"16254, 16253",2
"Bharatpur, Rajasthan",India,,,27.215251,77.492786,yes,Low(39),Unavailable,,"27.431303,78.869191,BHARATPUR|Unavailable|Unavailable|Low(39),27.851568,78.483618,BHARATPUR|Unavailable|Unavailable|Low(39),25.202044,78.133317,BHARATPUR|Unavailable|Unavailable|Low(39),27.822109,78.758752,BHARATPUR|Unavailable|Unavailable|Low(39),25.218352,83.151516,BHARATPUR|Unavailable|Unavailable|Low(39),27.881379,77.960183,BHARATPUR|Unavailable|Unavailable|Low(39),27.606941,78.283068,BHARATPUR|Unavailable|Unavailable|Low(39),25.098032,83.07321,BHARATPUR|Unavailable|Unavailable|Low(39),27.215251,77.492786,BHARATPUR|Unavailable|Unavailable|Low(39),23.734881,81.777038,BHARATPUR|Unavailable|Unavailable|Low(39),27,77.5,BHARATPUR|Unavailable|Unavailable|Low(39),24.165422,78.908245,BHARATPUR|Unavailable|Unavailable|Low(39),29.819471,77.82658,BHARATPUR|Unavailable|Unavailable|Low(39),24.650569,76.475995,BHARATPUR|Unavailable|Unavailable|Low(39),26.583333,73.833333,RAJASTHAN|Unavailable|Unavailable|Low(39),29.563205,77.070954,BHARATPUR|Unavailable|Unavailable|Low(39),27.88102,79.753029,BHARATPUR|Unavailable|Unavailable|Low(39),25.734876,83.230539,BHARATPUR|Unavailable|Unavailable|Low(39),24.197294,81.062376,BHARATPUR|Unavailable|Unavailable|Low(39),25.050911,77.223887,BHARATPUR|Unavailable|Unavailable|Low(39),25.934728,80.524996,BHARATPUR|Unavailable|Unavailable|Low(39),25.732903,82.533044,BHARATPUR|Unavailable|Unavailable|Low(39),26.375655,79.804432,BHARATPUR|Unavailable|Unavailable|Low(39),25.436462,82.811429,BHARATPUR|Unavailable|Unavailable|Low(39),24.303247,81.360844,BHARATPUR|Unavailable|Unavailable|Low(39),16.741138,79.087519,BHARATPUR|Unavailable|Unavailable|Low(39),26.490042,79.519536,BHARATPUR|Unavailable|Unavailable|Low(39),27.674599,77.925171,BHARATPUR|Unavailable|Unavailable|Low(39),27.278011,79.018257,BHARATPUR|Unavailable|Unavailable|Low(39),21.815378,82.050156,BHARATPUR|Unavailable|Unavailable|Low(39),27.999285,77.690325,BHARATPUR|Unavailable|Unavailable|Low(39),22.978039,79.650808,BHARATPUR|Unavailable|Unavailable|Low(39),27.748815,78.722695,BHARATPUR|Unavailable|Unavailable|Low(39)",Pycnonotus leucotis,23358,1
"Canacona, Goa",India,,,15.016667,74.016667,no,Low(38),unavailable,,"15.016667,74.016667,CANACONA|Unavailable|Unavailable|Low(38),15.026975,74.046168,CANACONA|Unavailable|Unavailable|Low(38),15.501574,73.913146,GOA|Unavailable|Unavailable|Low(33),15.409269,73.788685,GOA|Unavailable|Unavailable|Low(33),32.448826,76.539889,GOA|Unavailable|Unavailable|Low(33),15.333333,74.08333,GOA|Unavailable|Unavailable|Low(33),24.602428,72.725831,GOA|Unavailable|Unavailable|Low(33),15.333,74.083,GOA|Unavailable|Unavailable|Low(33),15.4,73.8,GOA|Unavailable|Unavailable|Low(33),15.5,73.916667,GOA|Unavailable|Unavailable|Low(33),23.785769,84.315969,GOA|Unavailable|Unavailable|Low(33)",Pycnonotus luteolus,24106,1
"Gingee, Madras",India,,,12.25,79.416667,yes,Low(36),Unavailable,,"11,78.333333,MADRAS|Unavailable|Unavailable|Low(36),12.252824,79.417274,GINGEE|Unavailable|Unavailable|Low(36),13.084622,80.248357,MADRAS|Unavailable|Unavailable|Low(36),13,80.25,MADRAS|Unavailable|Unavailable|Low(36),13.084286,80.276314,MADRAS|Unavailable|Unavailable|Low(36),11.882568,79.786223,GINGEE|Unavailable|Unavailable|Low(36),13,80.25,MADRAS|Unavailable|Unavailable|Low(36),12.25,79.416667,GINGEE|Unavailable|Unavailable|Low(36),13.083333,80.283333,MADRAS|Unavailable|Unavailable|Low(36),11,78,MADRAS|Unavailable|Unavailable|Low(36),13.081389,80.277222,MADRAS|Unavailable|Unavailable|Low(36)",Pycnonotus luteolus,1937.12.21.246,1
"Konta, Bastar",India,,,17.810176,81.382535,yes,Low(36),Unavailable,,"25.255316,81.989908,BASTAR|Unavailable|Unavailable|Low(36),19.203062,81.92959,BASTAR|Unavailable|Unavailable|Low(36),19.2,81.933333,BASTAR|Unavailable|Unavailable|Low(36),19.25,81.25,BASTAR|Unavailable|Unavailable|Low(36),19.25,81.25,BASTAR|Unavailable|Unavailable|Low(36),17.810176,81.382535,KONTA|Unavailable|Unavailable|Low(35),23.49674,76.452869,KONTA|Unavailable|Unavailable|Low(35),29.209243,79.672693,KONTA|Unavailable|Unavailable|Low(35),18.642245,82.690846,KONTA|Unavailable|Unavailable|Low(35),17.8,81.383333,KONTA|Unavailable|Unavailable|Low(35)",Pycnonotus luteolus,16303,1
"Kurumbapatti, Salem Dist.",India,,,11.585784,77.870455,yes,Low(42),Unavailable,,"10.939361,78.59785,KURUMBAPATTI|Unavailable|Unavailable|Low(42),11.585784,77.870455,KURUMBAPATTI|Unavailable|Unavailable|Low(42),10.423541,77.49645,KURUMBAPATTI|Unavailable|Unavailable|Low(42),10.544928,78.652854,KURUMBAPATTI|Unavailable|Unavailable|Low(42),10.547691,78.707227,KURUMBAPATTI|Unavailable|Unavailable|Low(42),12.111085,78.582592,KURUMBAPATTI|Unavailable|Unavailable|Low(42),12.431681,78.193631,KURUMBAPATTI|Unavailable|Unavailable|Low(42),11.108814,78.532228,KURUMBAPATTI|Unavailable|Unavailable|Low(42),12,78,SALEM|Unavailable|Unavailable|Low(35),11.653755,78.15538,SALEM|Unavailable|Unavailable|Low(35),15.7,73.916667,SALEM|Unavailable|Unavailable|Low(35),11.666667,78.1,SALEM|Unavailable|Unavailable|Low(35),15.7,73.916667,SALEM|Unavailable|Unavailable|Low(35),11.65,78.166667,SALEM|Unavailable|Unavailable|Low(35),12,78,SALEM|Unavailable|Unavailable|Low(35),11.670093,78.114093,SALEM|Unavailable|Unavailable|Low(35),11.088501,78.042285,SALEM|Unavailable|Unavailable|Low(35)",Pycnonotus luteolus,1937.12.21.245,1
Madras,India,,,13.084622,80.248357,no,High(81),unavailable,,"13.084622,80.248357,MADRAS|Unavailable|Unavailable|High(81),11,78.333333,MADRAS|Unavailable|Unavailable|High(81),13,80.25,MADRAS|Unavailable|Unavailable|High(81),13.084286,80.276314,MADRAS|Unavailable|Unavailable|High(81),13.083333,80.283333,MADRAS|Unavailable|Unavailable|High(81),13,80.25,MADRAS|Unavailable|Unavailable|High(81),11,78,MADRAS|Unavailable|Unavailable|High(81),13.081389,80.277222,MADRAS|Unavailable|Unavailable|High(81)",Pycnonotus luteolus,86.9.1.2056,1
Odisha,"India, India",,,20.297942,84.214604,yes,,,,,Pycnonotus luteolus,"25808, 16306",2
"Ooty, TN",India,,,11.41138,76.702695,no,Low(34),unavailable,,"11.41138,76.702695,OOTY|Unavailable|Unavailable|Low(34),11.4,76.7,OOTY|Unavailable|Unavailable|Low(34)",Pycnonotus luteolus,16300,1
"Palkonda Hills, Madras",India,,,14.252225,78.839865,yes,Low(44),Unavailable,,"14.100038,79.071518,PALKONDA HILLS|Unavailable|Unavailable|Low(44),13.886996,79.13593,PALKONDA HILLS|Unavailable|Unavailable|Low(44),14.304138,78.613743,PALKONDA HILLS|Unavailable|Unavailable|Low(44),14.291882,78.393188,PALKONDA HILLS|Unavailable|Unavailable|Low(44),14.083333,79.083333,PALKONDA HILLS|Unavailable|Unavailable|Low(44),14.252225,78.839865,PALKONDA HILLS|Unavailable|Unavailable|Low(44),18.603742,83.755679,PALKONDA|Unavailable|Unavailable|Low(38),14.490836,77.998385,PALKONDA|Unavailable|Unavailable|Low(38),18.027314,82.492173,PALKONDA|Unavailable|Unavailable|Low(38),18.247453,81.791693,PALKONDA|Unavailable|Unavailable|Low(38),18.866065,83.803464,PALKONDA|Unavailable|Unavailable|Low(38),11,78.333333,MADRAS|Unavailable|Unavailable|Low(36),13.084286,80.276314,MADRAS|Unavailable|Unavailable|Low(36),13,80.25,MADRAS|Unavailable|Unavailable|Low(36),13.084622,80.248357,MADRAS|Unavailable|Unavailable|Low(36),13.081389,80.277222,MADRAS|Unavailable|Unavailable|Low(36),13.083333,80.283333,MADRAS|Unavailable|Unavailable|Low(36),13,80.25,MADRAS|Unavailable|Unavailable|Low(36),11,78,MADRAS|Unavailable|Unavailable|Low(36)",Pycnonotus luteolus,1949.Whi.1.14312,1
"Salem, TN",India,,,11.653755,78.15538,no,Low(35),unavailable,,"11.653755,78.15538,SALEM|Unavailable|Unavailable|Low(35),11.670093,78.114093,SALEM|Unavailable|Unavailable|Low(35),15.7,73.916667,SALEM|Unavailable|Unavailable|Low(35),12,78,SALEM|Unavailable|Unavailable|Low(35),11.088501,78.042285,SALEM|Unavailable|Unavailable|Low(35),11.65,78.166667,SALEM|Unavailable|Unavailable|Low(35),12,78,SALEM|Unavailable|Unavailable|Low(35),11.666667,78.1,SALEM|Unavailable|Unavailable|Low(35),15.7,73.916667,SALEM|Unavailable|Unavailable|Low(35)",Pycnonotus luteolus,2074,1
"Seshachalam, AP",India,,,14.315329,78.230006,yes,,,,,Pycnonotus luteolus,2077,1
Asbestos mountains,South Africa,,,-28.833333,23.166667,no,High(93),unavailable,,"-28.833333,23.166667,ASBESTOS MOUNTAINS|Unavailable|Unavailable|High(93)",Pycnonotus nigricans,B/2095,1
MODDERT RIVER,South Africa,,,-29.02643,24.634973,yes,,,,,Pycnonotus nigricans,B/2092,1
"Orange river, north bank",South Africa,,,-29.668666,24.207505,yes,Low(42),Unavailable,,"-28.633464,16.451479,ORANGE RIVER|Unavailable|Unavailable|Low(42),-29.668666,24.207505,ORANGE RIVER|Unavailable|Unavailable|Low(42),-30.533333,27.066667,ORANGE RIVER|Unavailable|Unavailable|Low(42),-29.416787,25.268873,ORANGE|Unavailable|Unavailable|Low(36),-28.474014,30.413904,ORANGE|Unavailable|Unavailable|Low(36),-28.633464,16.451479,ORANGE|Unavailable|Unavailable|Low(36),-26.311827,27.512137,BANK|Unavailable|Unavailable|Low(34)",Pycnonotus nigricans,B/2093,1
"Ohiya, Sri Lanka","Sri Lanka, Sri Lanka, Sri Lanka",,,6.818971,80.844582,yes,,,,,Pycnonotus penicillatus,"1940.12.3.39, 1940.12.3.41, 1940.12.3.38",3
"Horton Plains, Sri Lanka","Sri Lanka, Sri Lanka",,,6.800989,80.801323,yes,,,,,Pycnonotus penicillatus,"20862, 1969.41.435",2
"LABUAN, SABAH, BORNEO",Malaysia,,,5.280278,115.2475,yes,Low(36),Unavailable,,"1,114,BORNEO|Unavailable|Unavailable|Low(36),4,115,BORNEO|Unavailable|Unavailable|Low(36),4.48448,118.625983,LABUAN|Unavailable|Unavailable|Low(36),5.280278,115.2475,LABUAN|Unavailable|Unavailable|Low(36),5.333333,115.2,LABUAN|Unavailable|Unavailable|Low(36),3.7698,100.9879,SABAH|Unavailable|Unavailable|Low(35),5.5,117,SABAH|Unavailable|Unavailable|Low(35)",Pycnonotus plumosus,B/10318,1
"LUMBIDAN, SABAH, BORNEO",Malaysia,,,5.347614,115.555534,yes,Low(36),Unavailable,,"1,114,BORNEO|Unavailable|Unavailable|Low(36),4,115,BORNEO|Unavailable|Unavailable|Low(36),3.7698,100.9879,SABAH|Unavailable|Unavailable|Low(35),5.5,117,SABAH|Unavailable|Unavailable|Low(35)",Pycnonotus plumosus,B/10319,1
PENANG HILL,Malaysia,,,5.433333,100.266667,no,High(86),unavailable,,"5.433333,100.266667,PENANG HILL|Unavailable|Unavailable|High(86)",Pycnonotus plumosus,B/10313,1
SINGAPORE,Singapore,,,1.3667,103.8,no,High(84),unavailable,,"1.3667,103.8,SINGAPORE|Unavailable|Unavailable|High(84),1.2833,103.85,SINGAPORE|Unavailable|Unavailable|High(84),1.366667,103.8,SINGAPORE|Unavailable|Unavailable|High(84),1.366,103.8,SINGAPORE|Unavailable|Unavailable|High(84),1.293056,103.855833,SINGAPORE|Unavailable|Unavailable|High(84),1.35843,103.803433,(g3)Singapore|Unavailable|26025|High(69),1.35843,103.803433,(g3)Singapore|Unavailable|26025|High(69),1.35843,103.803433,(g3)Singapore|Unavailable|26025|High(69)",Pycnonotus plumosus,B/10312,1
"Bintulu, Sarawak",Malaysia,,,3.166667,113.033333,yes,Low(37),Unavailable,,"3,113.333333,BINTULU|Unavailable|Unavailable|Low(37),3.166667,113.033333,BINTULU|Unavailable|Unavailable|Low(37),3.333333,113.166667,BINTULU|Unavailable|Unavailable|Low(37),1.5333,110.3333,SARAWAK|Unavailable|Unavailable|Low(37),2.5,113.5,SARAWAK|Unavailable|Unavailable|Low(37),2.083333,111.416667,ULU SARA|Unavailable|Unavailable|Low(25)",Pycnonotus simplex,1876.7.28.30,1
KUALA LUMPUR,Malaysia,,,3.166667,101.7,no,High(87),unavailable,,"3.166667,101.7,KUALA LUMPUR|Unavailable|Unavailable|High(87),3.116667,101.683333,KUALA LUMPUR|Unavailable|Unavailable|High(87),3.1667,101.7,KUALA LUMPUR|Unavailable|Unavailable|High(87)",Pycnonotus simplex,B/10320,1
"MT ENSUAN, SABAH, CENTRAL N BORNEO","Malaysia, Malaysia",,,5.927989,117.159043,yes,,,,,Pycnonotus simplex,"1956.60.307, 1956.60.308",2
"RIVER TINJAR, MT.DULIT, SARAWAK",Malaysia,,,3.392565,114.172109,yes,Low(37),,,"2.5,113.5,SARAWAK|Unavailable|Unavailable|Low(37),1.5333,110.3333,SARAWAK|Unavailable|Unavailable|Low(37)",Pycnonotus simplex,1935.10.22.375,1
"Canton Island, Phoenix Islands",China,,,23.116667,113.25,yes,Low(36),Unavailable,,"23.116667,113.25,CANTON|Unavailable|Unavailable|Low(36),23.5,113.25,CANTON|Unavailable|Unavailable|Low(36)",Pycnonotus sinensis,1910.5.2.356,1
"Fujian, S. China","China, China",,,25.980543,117.928802,yes,,,,,Pycnonotus sinensis,"1900.1.18.420, 1905 12.24-536",2
Fuzhou,"China, China",,,26.043178,119.295913,yes,,,,,Pycnonotus sinensis,"98.10.2.130, 1903.7-3.135",2
Konang-Tcheou-Wan,"China, China",,,21.197542,110.414153,yes,,,,,Pycnonotus sinensis,"1935.10.23.452, 1935.10.23.451",2
"Seven Finger Range, Central Hainan",China,,,18.71631,109.703613,yes,Low(37),Unavailable,,"28.5,86,CENTRAL|Unavailable|Unavailable|Low(37),33.0427,119.982,HAINAN|Unavailable|Unavailable|Low(36),44.5657,129.49,HAINAN|Unavailable|Unavailable|Low(36),34.98,116.542,HAINAN|Unavailable|Unavailable|Low(36),19.25,109.75,HAINAN|Unavailable|Unavailable|Low(36),23.053864,113.223395,HAINAN|Unavailable|Unavailable|Low(36),18.939444,109.484167,HAINAN|Unavailable|Unavailable|Low(36),47.232,126.979,HAINAN|Unavailable|Unavailable|Low(36),39.445452,106.891317,HAINAN|Unavailable|Unavailable|Low(36),27.788646,102.307174,HAINAN|Unavailable|Unavailable|Low(36),31.887878,121.179504,HAINAN|Unavailable|Unavailable|Low(36),32.491667,120.455556,HAINAN|Unavailable|Unavailable|Low(36),39.445452,106.891317,HAINAN|Unavailable|Unavailable|Low(36),27.7986,102.309,HAINAN|Unavailable|Unavailable|Low(36),35.81725,100.340527,HAINAN|Unavailable|Unavailable|Low(36),32.494324,120.454529,HAINAN|Unavailable|Unavailable|Low(36),19,109.5,HAINAN|Unavailable|Unavailable|Low(36),30.7453,101.348,RANGE|Unavailable|Unavailable|Low(35)",Pycnonotus sinensis,1909.8.30.57,1
Andhra Pradesh,India,,,15.833333,79.75,yes,High(89),Unavailable,,"16,79,ANDHRA PRADESH|Unavailable|Unavailable|High(89),15.833333,79.75,ANDHRA PRADESH|Unavailable|Unavailable|High(89)",Pycnonotus xantholaemus,2061,1
"Chitteri hills, Salem, Tamil Nadu",India,,,11.895612,78.500376,yes,Low(44),,,"11.895612,78.500376,CHITTERI HILLS|Unavailable|Unavailable|Low(44),11.833333,78.483333,CHITTERI HILLS|Unavailable|Unavailable|Low(44),11,78.333333,TAMIL NADU|Unavailable|Unavailable|Low(40),11,78,TAMIL NADU|Unavailable|Unavailable|Low(40),11.47135,79.646071,CHITTERI|Unavailable|Unavailable|Low(38),10.627694,79.470853,CHITTERI|Unavailable|Unavailable|Low(38),11.651707,79.028247,CHITTERI|Unavailable|Unavailable|Low(38),12.638604,79.297987,CHITTERI|Unavailable|Unavailable|Low(38),11.890636,78.51027,CHITTERI|Unavailable|Unavailable|Low(38),13.089555,78.340705,CHITTERI|Unavailable|Unavailable|Low(38),11.539462,78.919815,CHITTERI|Unavailable|Unavailable|Low(38),11.670093,78.114093,SALEM|Unavailable|Unavailable|Low(35),12,78,SALEM|Unavailable|Unavailable|Low(35),11.653755,78.15538,SALEM|Unavailable|Unavailable|Low(35),12,78,SALEM|Unavailable|Unavailable|Low(35),15.7,73.916667,SALEM|Unavailable|Unavailable|Low(35),11.65,78.166667,SALEM|Unavailable|Unavailable|Low(35),15.7,73.916667,SALEM|Unavailable|Unavailable|Low(35),11.088501,78.042285,SALEM|Unavailable|Unavailable|Low(35),11.666667,78.1,SALEM|Unavailable|Unavailable|Low(35),12.853164,74.996978,NADU|Unavailable|Unavailable|Low(34)",Pycnonotus xantholaemus,1937.12.21.243,1
"Horsely Hills, Tamil Nadu",India,,,13.648348,78.399622,yes,Low(40),,,"11,78.333333,TAMIL NADU|Unavailable|Unavailable|Low(40),11,78,TAMIL NADU|Unavailable|Unavailable|Low(40),12.853164,74.996978,NADU|Unavailable|Unavailable|Low(34)",Pycnonotus xantholaemus,2062,1
"Thondebhavi, Mysore","India, India",,,13.499681,77.517554,yes,,,,,Pycnonotus xantholaemus,"1949.Whi.1.14343, 1949.Whi.1.14344",2
W of Nellore,India,,,14.345051,79.483713,yes,Low(37),,,"14.083333,79.583333,NELLORE|Unavailable|Unavailable|Low(37),14.449918,79.986967,NELLORE|Unavailable|Unavailable|Low(37),14.433333,79.966667,NELLORE|Unavailable|Unavailable|Low(37)",Pycnonotus xantholaemus,86.9.1.2168,1
Gulf of Oman,Oman,,,23.602077,58.254917,yes,High(72),,,"24.700928,58.681152,(g3)Gulf of Oman|Unavailable|321402|High(72)",Pycnonotus xanthopygos,98.5.16.49,1
"Hila Seinun, Arabia",Saudi Arabia,,,26.603203,37.923603,yes,Low(36),,,"25,45,ARABIA|Unavailable|Unavailable|Low(36),25,45,ARABIA|Unavailable|Unavailable|Low(36)",Pycnonotus xanthopygos,1937.6.5.101,1
"Ila Tarim, Arabia",Yemen,,,16.048217,49.008289,yes,Low(36),,,"25,45,ARABIA|Unavailable|Unavailable|Low(36),25,45,ARABIA|Unavailable|Unavailable|Low(36),27.9,35.4,TARIM|Unavailable|Unavailable|Low(35)",Pycnonotus xanthopygos,1937.6.5.109,1
Oman,Oman,,,21,57,no,High(79),unavailable,,"21,57,OMAN|Unavailable|Unavailable|High(79),22.666667,57.5,OMAN|Unavailable|Unavailable|High(79),21,57,OMAN|Unavailable|Unavailable|High(79),22.163691,57.984857,OMAN|Unavailable|Unavailable|High(79)",Pycnonotus xanthopygos,27618,1
Rokba,"Saudi Arabia, Saudi Arabia",,,25.167992,45.798047,yes,,,,,Pycnonotus xanthopygos,"1938.10.18.34, 1938.10.18.33",2
UAE,United Arab Emirates,,,23.63983,54.068864,yes,,,,,Pycnonotus xanthopygos,1977-18-23,1
Hail,Saudi Arabia,,,27.5167,41.6833,yes,High(79),Unavailable,,"27.437555,41.690081,HAIL|Unavailable|Unavailable|High(79),27.5167,41.6833,HAIL|Unavailable|Unavailable|High(79)",Pycnonotus xanthopygos,1939.6.5.-101,1
Chapa Tonkin,"Vietnam, Vietnam, Vietnam",,,22.353181,103.873428,yes,,,,,Pycnonotus xanthorrhous,"1930.7.16.234, 1930.7.16.233, 1930.7.16.232",3
Ngan-Whei Province,China,,,31.106972,117.848037,yes,,,,,Pycnonotus xanthorrhous,1914.5.6.604,1
"LAWAS, SARAWAK, N.E BORNEO","Malaysia, Malaysia",,,4.828528,115.404266,yes,,,,,Setornis criniger,"B/10348, B/10347",2
"LUMBIDAN, SABAH, BORNEO","Malaysia, Malaysia",,,5.366437,115.533699,yes,,,,,Setornis criniger,"B/10350, B/10349",2
Pan Thabat,Myanmmar,,,23.829409,94.557365,yes,,,,,Spizixos canifrons,1984,1
Pimri Bau,India,,,24.545258,93.770001,yes,Low(33),,,"32.722894,74.88313,BAU|Unavailable|Unavailable|Low(33)",Spizixos canifrons,1986,1
"Milati, Yunnan","China, China",,,24.411865,103.395398,yes,,,,,Spizixos canifrons,"1923.3.10.60, 1923.3.10.61",2
Yunnan Province,"China, China",,,24.239177,101.332372,yes,,,,,Spizixos canifrons,"1914.5.6.676, 1914.5.6.675",2
Chapa Tonkin,"Vietnam, Vietnam, Vietnam",,,22.344082,103.849614,yes,,,,,Spizixos semitorques,"1930.7.16.229, 1930.7.16.230, 1930..7.16.231",3
Kweichow Province,China,,,27.095236,106.551221,yes,,,,,Spizixos semitorques,1914.5.6.680,1
"Basutur, Fernando Po",Equatorial Guinea,,,3.718455,8.685924,yes,Low(41),,,"3.5,8.7,FERNANDO PO|Unavailable|Unavailable|Low(41),3.5,8.7,FERNANDO PO|Unavailable|Unavailable|Low(41)",Stelgidillas gracilirostris,1903.2.14.21,1
"Bantabare, Bioko","Equatorial Guinea, Equatorial Guinea",,,3.430015,8.792096,yes,,,,,Stelgidillas gracilirostris,"1904.6.22.164, 1904.6.22.166",2
"Dikume, Rumpi-Hills, Westkamerun",Cameroon,,,4.916618,9.236381,yes,Low(24),,,"6,12,KAMERUN|Unavailable|Unavailable|Low(24)",Stelgidillas gracilirostris,1968-791,1
"Kupe, Westkamerun",Cameroon,,,4.7571,9.6854,yes,Low(34),Unavailable,,"4.7571,9.6854,KUPE|Unavailable|Unavailable|Low(34),6,12,KAMERUN|Unavailable|Unavailable|Low(24)",Stelgidillas gracilirostris,1968-792,1
"Near Rebola, Fernando Po",Equatorial Guinea,,,3.716667,8.833333,no,Medium(51),unavailable,,"3.716667,8.833333,Near REBOLA|Unavailable|Unavailable|Medium(51)",Stelgidillas gracilirostris,1911.12.23.1761,1
San Carlos,"Equatorial Guinea, Equatorial Guinea",,,3.457474,8.553825,yes,,,,,Stelgidillas gracilirostris,"1963-992, 1963-993",2
"LAWAS, SARAWAK, N.E BORNEO",Malaysia,,,4.8333,115.4167,yes,Low(37),Unavailable,,"1.5333,110.3333,SARAWAK|Unavailable|Unavailable|Low(37),2.5,113.5,SARAWAK|Unavailable|Unavailable|Low(37),4,115,BORNEO|Unavailable|Unavailable|Low(36),1,114,BORNEO|Unavailable|Unavailable|Low(36),4.5,115.416667,LAWAS|Unavailable|Unavailable|Low(35),4.8333,115.4167,LAWAS|Unavailable|Unavailable|Low(35),4.5,115.5,LAWAS|Unavailable|Unavailable|Low(35),4.8604,115.409,LAWAS|Unavailable|Unavailable|Low(35)",Tricholestes criniger,1892.10.30.48,1
"LUMBIDAN, SABAH, BORNEO",Malaysia,,,5.364705,115.525322,yes,Low(36),,,"1,114,BORNEO|Unavailable|Unavailable|Low(36),4,115,BORNEO|Unavailable|Unavailable|Low(36),3.7698,100.9879,SABAH|Unavailable|Unavailable|Low(35),5.5,117,SABAH|Unavailable|Unavailable|Low(35)",Tricholestes criniger,B/10361,1
"MOEWARA TEWE, BARITO R., BORNEO","Malaysia, Malaysia",,,-0.936983,114.890862,yes,,,,,Tricholestes criniger,"1912.12.28.82, 1912.12.28.81",2
SARAWAK,Malaysia,,,2.5,113.5,no,High(82),unavailable,,"2.5,113.5,SARAWAK|Unavailable|Unavailable|High(82),1.5333,110.3333,SARAWAK|Unavailable|Unavailable|High(82)",Tricholestes criniger,1888.4.1.459,1