,Scientific.name.x,Common.name,area_square_miles,Estimate,Lower,Upper,Order.x,Family.x,X95..Lower.CI.x,Abundance.estimate.x,X95..Upper.CI.x,Range.adjusted.x,Training.species.x,Scientific.name.y,Order.y,Family.y,X95..Lower.CI.y,Abundance.estimate.y,X95..Upper.CI.y,Range.adjusted.y,Training.species.y,X,Avibase.ID,Species2_eBird,eBird.species.group,Species3_BirdTree,Data.type,Source,Specimen.number,Sex,Age,,Locality,Country_WRI,Country,Beak.Length_Culmen,Beak.Length_Nares,Beak.Width,Beak.Depth,Tarsus.Length,Wing.Length,Kipps.Distance,Secondary1,Hand.wing.Index,Tail.Length,Measurer,Protocol,Publication,Date.collected,Gape_Width,Subspecies,Comments
1,Alophoixus flaveolus,White-throated Bulbul,216131.0688,NA,NA,NA,Passeriformes,Pycnonotidae (Bulbuls),10045,891464,79055137,TRUE,FALSE,Alophoixus flaveolus,Passeriformes,Pycnonotidae (Bulbuls),10045,891464,79055137,TRUE,FALSE,27,AVIBASE-31754E31,Alophoixus flaveolus,Alophoixus flaveolus,Alophoixus flaveolus,1,NHMUK,95.7.14.1240,M,0,,NA,NA,NA,21.6,NA,5.6,7.6,19,102,NA,NA,NA,92,GT,0,NA,NA,NA,NA,NA
2,Alophoixus flaveolus,White-throated Bulbul,216131.0688,NA,NA,NA,Passeriformes,Pycnonotidae (Bulbuls),10045,891464,79055137,TRUE,FALSE,Alophoixus flaveolus,Passeriformes,Pycnonotidae (Bulbuls),10045,891464,79055137,TRUE,FALSE,24,AVIBASE-31754E31,Alophoixus flaveolus,Alophoixus flaveolus,Alophoixus flaveolus,1,NHMUK,86.9.1.1423,M,0,,NA,India,NA,20.3,12,6,7.2,18.5,105.5,17.3,88.2,16.4,89,ECJ,1,NA,NA,NA,NA,NA
3,Alophoixus flaveolus,White-throated Bulbul,216131.0688,NA,NA,NA,Passeriformes,Pycnonotidae (Bulbuls),10045,891464,79055137,TRUE,FALSE,Alophoixus flaveolus,Passeriformes,Pycnonotidae (Bulbuls),10045,891464,79055137,TRUE,FALSE,20,AVIBASE-31754E31,Alophoixus flaveolus,Alophoixus flaveolus,Alophoixus flaveolus,1,NHMUK,1921.7.12.988,F,0,,NA,India,NA,19.9,11.6,4.2,6.1,20.9,104,16.4,87.6,15.8,93,CS,1,NA,NA,NA,NA,NA
4,Alophoixus flaveolus,White-throated Bulbul,216131.0688,NA,NA,NA,Passeriformes,Pycnonotidae (Bulbuls),10045,891464,79055137,TRUE,FALSE,Alophoixus flaveolus,Passeriformes,Pycnonotidae (Bulbuls),10045,891464,79055137,TRUE,FALSE,25,AVIBASE-31754E31,Alophoixus flaveolus,Alophoixus flaveolus,Alophoixus flaveolus,1,NHMUK,86.9.1.1434,M,0,,NA,India,NA,19.8,11.3,6.1,6.9,19.5,96,17,79,17.7,79,ECJ,1,NA,NA,NA,NA,NA
5,Alophoixus flaveolus,White-throated Bulbul,216131.0688,NA,NA,NA,Passeriformes,Pycnonotidae (Bulbuls),10045,891464,79055137,TRUE,FALSE,Alophoixus flaveolus,Passeriformes,Pycnonotidae (Bulbuls),10045,891464,79055137,TRUE,FALSE,22,AVIBASE-31754E31,Alophoixus flaveolus,Alophoixus flaveolus,Alophoixus flaveolus,1,NHMUK,1937.1.17.349,F,0,,NA,Bhutan,NA,19.7,11.5,6.1,7.3,18.5,104,18.1,85.9,17.4,96,ECJ,1,NA,NA,NA,NA,NA
6,Alophoixus flaveolus,White-throated Bulbul,216131.0688,NA,NA,NA,Passeriformes,Pycnonotidae (Bulbuls),10045,891464,79055137,TRUE,FALSE,Alophoixus flaveolus,Passeriformes,Pycnonotidae (Bulbuls),10045,891464,79055137,TRUE,FALSE,21,AVIBASE-31754E31,Alophoixus flaveolus,Alophoixus flaveolus,Alophoixus flaveolus,1,NHMUK,1935.4.5.622,F,0,,NA,Bhutan,NA,20.9,12,5.4,7.6,21.4,98,16.4,81.7,16.7,88.5,CS,1,NA,NA,NA,NA,NA
7,Alophoixus flaveolus,White-throated Bulbul,216131.0688,NA,NA,NA,Passeriformes,Pycnonotidae (Bulbuls),10045,891464,79055137,TRUE,FALSE,Alophoixus flaveolus,Passeriformes,Pycnonotidae (Bulbuls),10045,891464,79055137,TRUE,FALSE,26,AVIBASE-31754E31,Alophoixus flaveolus,Alophoixus flaveolus,Alophoixus flaveolus,1,NHMUK,86.9.1.1442,M,0,,NA,India,NA,20.2,10.7,4.7,6.7,22.5,96,15.4,80.6,16,90,CS,1,NA,NA,NA,NA,NA
8,Alophoixus flaveolus,White-throated Bulbul,216131.0688,NA,NA,NA,Passeriformes,Pycnonotidae (Bulbuls),10045,891464,79055137,TRUE,FALSE,Alophoixus flaveolus,Passeriformes,Pycnonotidae (Bulbuls),10045,891464,79055137,TRUE,FALSE,23,AVIBASE-31754E31,Alophoixus flaveolus,Alophoixus flaveolus,Alophoixus flaveolus,1,NHMUK,1949.1.14398,M,0,,NA,India,NA,21.6,13.3,5.1,7.4,20.9,101,15.9,85.1,15.7,93,CS,1,NA,NA,NA,NA,NA
9,Alophoixus frater,Gray-throated Bulbul,5262.093173,X,X,X,Passeriformes,Pycnonotidae (Bulbuls),116,10633,940378,TRUE,FALSE,Alophoixus frater,Passeriformes,Pycnonotidae (Bulbuls),116,10633,940378,TRUE,FALSE,28,AVIBASE-50D0244D,Alophoixus frater,Alophoixus frater,Alophoixus bres,NA,,,,NA,,NA,,NA,NA,NA,NA,NA,NA,NA,NA,NA,NA,NA,GAPSPECIES,NA,NA,NA,NA,NA,NA
10,Alophoixus ochraceus,Ochraceous Bulbul,157173.7686,NA,NA,NA,Passeriformes,Pycnonotidae (Bulbuls),9301,866823,76878072,TRUE,FALSE,Alophoixus ochraceus,Passeriformes,Pycnonotidae (Bulbuls),9301,866823,76878072,TRUE,FALSE,31,AVIBASE-2BC35886,Alophoixus ochraceus,Alophoixus ochraceus,Alophoixus ochraceus,1,NHMUK,86.9.1.1516,F,0,,NA,Myanmar,NA,21.3,13.2,5,6.8,20.9,94.5,17.8,76.7,18.8,92,CS,1,NA,NA,NA,NA,NA
11,Alophoixus ochraceus,Ochraceous Bulbul,157173.7686,NA,NA,NA,Passeriformes,Pycnonotidae (Bulbuls),9301,866823,76878072,TRUE,FALSE,Alophoixus ochraceus,Passeriformes,Pycnonotidae (Bulbuls),9301,866823,76878072,TRUE,FALSE,32,AVIBASE-2BC35886,Alophoixus ochraceus,Alophoixus ochraceus,Alophoixus ochraceus,1,NHMUK,86.9.1.1517,M,0,,NA,Myanmar,NA,20.3,12.4,5.2,7.3,21.2,102.5,14.9,87.6,14.5,97,CS,1,NA,NA,NA,NA,NA
12,Alophoixus ochraceus,Ochraceous Bulbul,157173.7686,NA,NA,NA,Passeriformes,Pycnonotidae (Bulbuls),9301,866823,76878072,TRUE,FALSE,Alophoixus ochraceus,Passeriformes,Pycnonotidae (Bulbuls),9301,866823,76878072,TRUE,FALSE,30,AVIBASE-2BC35886,Alophoixus ochraceus,Alophoixus ochraceus,Alophoixus ochraceus,1,NHMUK,86.9.1.1506,F,0,,NA,Myanmar,NA,21,13,4.8,7.4,19.8,107,21.9,85.1,20.5,95,CS,1,NA,NA,NA,NA,NA
13,Alophoixus ochraceus,Ochraceous Bulbul,157173.7686,NA,NA,NA,Passeriformes,Pycnonotidae (Bulbuls),9301,866823,76878072,TRUE,FALSE,Alophoixus ochraceus,Passeriformes,Pycnonotidae (Bulbuls),9301,866823,76878072,TRUE,FALSE,34,AVIBASE-2BC35886,Alophoixus ochraceus,Alophoixus ochraceus,Alophoixus ochraceus,1,NHMUK,86.9.1.1497,M,0,,NA,NA,NA,24.8,NA,5.5,7.1,20.1,102,NA,NA,NA,102,GT,0,NA,NA,NA,NA,NA
14,Alophoixus ochraceus,Ochraceous Bulbul,157173.7686,NA,NA,NA,Passeriformes,Pycnonotidae (Bulbuls),9301,866823,76878072,TRUE,FALSE,Alophoixus ochraceus,Passeriformes,Pycnonotidae (Bulbuls),9301,866823,76878072,TRUE,FALSE,33,AVIBASE-2BC35886,Alophoixus ochraceus,Alophoixus ochraceus,Alophoixus ochraceus,1,NHMUK,86.9.1.1519,M,0,,NA,Myanmar,NA,20.2,12.5,4.6,6.5,19.2,99.5,17.3,82.2,17.4,96,CS,1,NA,NA,NA,NA,NA
15,Alophoixus pallidus,Puff-throated Bulbul,535971.1308,NA,NA,NA,Passeriformes,Pycnonotidae (Bulbuls),17739,1660404,144301205,TRUE,FALSE,Alophoixus pallidus,Passeriformes,Pycnonotidae (Bulbuls),17739,1660404,144301205,TRUE,FALSE,38,AVIBASE-20A0A35C,Alophoixus pallidus,Alophoixus pallidus [pallidus Group],Alophoixus pallidus,1,NHMUK,1926.6.26.832,M,0,,NA,Vietnam,NA,21,12.4,4.9,7.4,20.9,108,16.7,91.3,15.5,108,CS,1,NA,NA,NA,NA,NA
16,Alophoixus pallidus,Puff-throated Bulbul,535971.1308,NA,NA,NA,Passeriformes,Pycnonotidae (Bulbuls),17739,1660404,144301205,TRUE,FALSE,Alophoixus pallidus,Passeriformes,Pycnonotidae (Bulbuls),17739,1660404,144301205,TRUE,FALSE,35,AVIBASE-20A0A35C,Alophoixus pallidus,Alophoixus pallidus [pallidus Group],Alophoixus pallidus,1,NHMUK,1900.1.2.30,M,0,,NA,China,NA,20.6,12.7,4.3,7.7,20.4,105,16.5,88.5,15.7,109,CS,1,NA,NA,NA,NA,NA
17,Alophoixus pallidus,Puff-throated Bulbul,535971.1308,NA,NA,NA,Passeriformes,Pycnonotidae (Bulbuls),17739,1660404,144301205,TRUE,FALSE,Alophoixus pallidus,Passeriformes,Pycnonotidae (Bulbuls),17739,1660404,144301205,TRUE,FALSE,37,AVIBASE-20A0A35C,Alophoixus pallidus,Alophoixus pallidus [pallidus Group],Alophoixus pallidus,1,NHMUK,1914.5.6.574,F,0,,NA,China,NA,19.8,11.9,4.4,7.4,20.2,101.5,16.1,85.4,15.9,101,CS,1,NA,NA,NA,NA,NA
18,Alophoixus pallidus,Puff-throated Bulbul,535971.1308,NA,NA,NA,Passeriformes,Pycnonotidae (Bulbuls),17739,1660404,144301205,TRUE,FALSE,Alophoixus pallidus,Passeriformes,Pycnonotidae (Bulbuls),17739,1660404,144301205,TRUE,FALSE,36,AVIBASE-20A0A35C,Alophoixus pallidus,Alophoixus pallidus [pallidus Group],Alophoixus pallidus,1,NHMUK,1900.1.2.31,F,0,,NA,China,NA,19.7,11.2,4.7,7,20.4,96,13,83,13.5,99,CS,1,NA,NA,NA,NA,NA
19,Alophoixus phaeocephalus,Yellow-bellied Bulbul,528509.7087,NA,NA,NA,Passeriformes,Pycnonotidae (Bulbuls),4750,438136,40318662,TRUE,FALSE,Alophoixus phaeocephalus,Passeriformes,Pycnonotidae (Bulbuls),4750,438136,40318662,TRUE,FALSE,41,AVIBASE-3499C2A5,Alophoixus phaeocephalus,Alophoixus phaeocephalus,Alophoixus phaeocephalus,1,OUM,B/10346,M,0,,NA,Malaysia,NA,20.9,14.5,5.4,6.4,17.7,96,15,81,15.6,83,HM,1,NA,NA,NA,NA,NA
20,Alophoixus phaeocephalus,Yellow-bellied Bulbul,528509.7087,NA,NA,NA,Passeriformes,Pycnonotidae (Bulbuls),4750,438136,40318662,TRUE,FALSE,Alophoixus phaeocephalus,Passeriformes,Pycnonotidae (Bulbuls),4750,438136,40318662,TRUE,FALSE,45,AVIBASE-3499C2A5,Alophoixus phaeocephalus,Alophoixus phaeocephalus,Alophoixus phaeocephalus,2,Field1,NA,U,0,,NA,Malaysia,NA,23,14.5,5.7,6.5,21.9,98,15,83,15.3,NA,JAT,1,NA,NA,NA,NA,NA
21,Alophoixus phaeocephalus,Yellow-bellied Bulbul,528509.7087,NA,NA,NA,Passeriformes,Pycnonotidae (Bulbuls),4750,438136,40318662,TRUE,FALSE,Alophoixus phaeocephalus,Passeriformes,Pycnonotidae (Bulbuls),4750,438136,40318662,TRUE,FALSE,46,AVIBASE-3499C2A5,Alophoixus phaeocephalus,Alophoixus phaeocephalus,Alophoixus phaeocephalus,2,Field1,NA,U,0,,NA,Malaysia,NA,20,12.8,4.8,6.4,21.2,89,12,77,13.5,NA,JAT,1,NA,NA,NA,NA,NA
22,Alophoixus phaeocephalus,Yellow-bellied Bulbul,528509.7087,NA,NA,NA,Passeriformes,Pycnonotidae (Bulbuls),4750,438136,40318662,TRUE,FALSE,Alophoixus phaeocephalus,Passeriformes,Pycnonotidae (Bulbuls),4750,438136,40318662,TRUE,FALSE,43,AVIBASE-3499C2A5,Alophoixus phaeocephalus,Alophoixus phaeocephalus,Alophoixus phaeocephalus,2,Field1,NA,U,0,,NA,Malaysia,NA,19.8,13.4,5.4,6.8,20.7,105,12.6,92.4,12,NA,JAT,1,NA,NA,NA,NA,NA
23,Alophoixus phaeocephalus,Yellow-bellied Bulbul,528509.7087,NA,NA,NA,Passeriformes,Pycnonotidae (Bulbuls),4750,438136,40318662,TRUE,FALSE,Alophoixus phaeocephalus,Passeriformes,Pycnonotidae (Bulbuls),4750,438136,40318662,TRUE,FALSE,40,AVIBASE-3499C2A5,Alophoixus phaeocephalus,Alophoixus phaeocephalus,Alophoixus phaeocephalus,1,NHMUK,1956.60.316,M,0,,NA,Malaysia,NA,21.4,13.5,5.6,6.5,17.5,97,14.9,82.1,15.4,83,HM,1,NA,NA,NA,NA,NA
24,Alophoixus phaeocephalus,Yellow-bellied Bulbul,528509.7087,NA,NA,NA,Passeriformes,Pycnonotidae (Bulbuls),4750,438136,40318662,TRUE,FALSE,Alophoixus phaeocephalus,Passeriformes,Pycnonotidae (Bulbuls),4750,438136,40318662,TRUE,FALSE,39,AVIBASE-3499C2A5,Alophoixus phaeocephalus,Alophoixus phaeocephalus,Alophoixus phaeocephalus,1,NHMUK,1927.4.18.591,F,0,,NA,Malaysia,NA,18.3,11.8,5,6.1,17,91,14.5,76.5,15.9,75,HM,1,NA,NA,NA,NA,NA
25,Alophoixus phaeocephalus,Yellow-bellied Bulbul,528509.7087,NA,NA,NA,Passeriformes,Pycnonotidae (Bulbuls),4750,438136,40318662,TRUE,FALSE,Alophoixus phaeocephalus,Passeriformes,Pycnonotidae (Bulbuls),4750,438136,40318662,TRUE,FALSE,50,AVIBASE-3499C2A5,Alophoixus phaeocephalus,Alophoixus phaeocephalus,Alophoixus phaeocephalus,1,NHMUK,86.9.1.1364,M,0,,NA,NA,NA,21.1,NA,5.4,6.1,17.7,82,NA,NA,NA,87,GT,0,NA,NA,NA,NA,NA
26,Alophoixus phaeocephalus,Yellow-bellied Bulbul,528509.7087,NA,NA,NA,Passeriformes,Pycnonotidae (Bulbuls),4750,438136,40318662,TRUE,FALSE,Alophoixus phaeocephalus,Passeriformes,Pycnonotidae (Bulbuls),4750,438136,40318662,TRUE,FALSE,47,AVIBASE-3499C2A5,Alophoixus phaeocephalus,Alophoixus phaeocephalus,Alophoixus phaeocephalus,2,Field1,NA,U,0,,NA,Malaysia,NA,NA,14.4,6.6,6.8,22,101,11.6,89.4,11.5,NA,JAT,1,NA,NA,NA,NA,NA
27,Alophoixus phaeocephalus,Yellow-bellied Bulbul,528509.7087,NA,NA,NA,Passeriformes,Pycnonotidae (Bulbuls),4750,438136,40318662,TRUE,FALSE,Alophoixus phaeocephalus,Passeriformes,Pycnonotidae (Bulbuls),4750,438136,40318662,TRUE,FALSE,44,AVIBASE-3499C2A5,Alophoixus phaeocephalus,Alophoixus phaeocephalus,Alophoixus phaeocephalus,2,Field1,NA,U,0,,NA,Malaysia,NA,20.6,14.7,5.9,7,20.2,98,15.4,82.6,15.7,NA,JAT,1,NA,NA,NA,NA,NA
28,Alophoixus phaeocephalus,Yellow-bellied Bulbul,528509.7087,NA,NA,NA,Passeriformes,Pycnonotidae (Bulbuls),4750,438136,40318662,TRUE,FALSE,Alophoixus phaeocephalus,Passeriformes,Pycnonotidae (Bulbuls),4750,438136,40318662,TRUE,FALSE,49,AVIBASE-3499C2A5,Alophoixus phaeocephalus,Alophoixus phaeocephalus,Alophoixus phaeocephalus,2,Field1,NA,U,0,,NA,Malaysia,NA,19.5,12.7,5.1,6.3,21.6,88,9.3,78.7,10.6,NA,JAT,1,NA,NA,NA,NA,NA
29,Alophoixus phaeocephalus,Yellow-bellied Bulbul,528509.7087,NA,NA,NA,Passeriformes,Pycnonotidae (Bulbuls),4750,438136,40318662,TRUE,FALSE,Alophoixus phaeocephalus,Passeriformes,Pycnonotidae (Bulbuls),4750,438136,40318662,TRUE,FALSE,42,AVIBASE-3499C2A5,Alophoixus phaeocephalus,Alophoixus phaeocephalus,Alophoixus phaeocephalus,1,OUM,B/331,F,0,,NA,Malaysia,NA,20,13.2,5.2,6.7,20.1,94,15.1,78.9,16.1,75,HM,1,NA,NA,NA,NA,NA
30,Alophoixus phaeocephalus,Yellow-bellied Bulbul,528509.7087,NA,NA,NA,Passeriformes,Pycnonotidae (Bulbuls),4750,438136,40318662,TRUE,FALSE,Alophoixus phaeocephalus,Passeriformes,Pycnonotidae (Bulbuls),4750,438136,40318662,TRUE,FALSE,48,AVIBASE-3499C2A5,Alophoixus phaeocephalus,Alophoixus phaeocephalus,Alophoixus phaeocephalus,2,Field1,NA,U,0,,NA,Malaysia,NA,20.5,14.4,4.8,6.9,21.7,94,9.5,84.5,10.1,NA,JAT,1,NA,NA,NA,NA,NA
31,Andropadus importunus,Sombre Greenbul,516813.385,NA,NA,NA,Passeriformes,Pycnonotidae (Bulbuls),21603,1916404,156973148,TRUE,FALSE,Andropadus importunus,Passeriformes,Pycnonotidae (Bulbuls),21603,1916404,156973148,TRUE,FALSE,63,AVIBASE-79A45DAF,Andropadus importunus,Andropadus importunus,Andropadus importunus,1,NHMUK,1960.18.6,M,0,,NA,South Africa,NA,18,9.3,3.9,5.5,22.2,92,13.3,78.7,14.5,93,CV,1,NA,NA,NA,NA,NA
32,Andropadus importunus,Sombre Greenbul,516813.385,NA,NA,NA,Passeriformes,Pycnonotidae (Bulbuls),21603,1916404,156973148,TRUE,FALSE,Andropadus importunus,Passeriformes,Pycnonotidae (Bulbuls),21603,1916404,156973148,TRUE,FALSE,65,AVIBASE-79A45DAF,Andropadus importunus,Andropadus importunus,Andropadus importunus,1,ZFMK,1980-108,M,0,,NA,South Africa,NA,20.3,NA,NA,NA,23.5,94,10,84,10.6,89,DH,0,NA,NA,NA,NA,NA
33,Andropadus importunus,Sombre Greenbul,516813.385,NA,NA,NA,Passeriformes,Pycnonotidae (Bulbuls),21603,1916404,156973148,TRUE,FALSE,Andropadus importunus,Passeriformes,Pycnonotidae (Bulbuls),21603,1916404,156973148,TRUE,FALSE,62,AVIBASE-79A45DAF,Andropadus importunus,Andropadus importunus,Andropadus importunus,1,NHMUK,1952.50.5,F,0,,NA,South Africa,NA,16.7,8.8,4.1,5.2,23.5,85,10.6,74.4,12.5,87,CV,1,NA,NA,NA,NA,NA
34,Andropadus importunus,Sombre Greenbul,516813.385,NA,NA,NA,Passeriformes,Pycnonotidae (Bulbuls),21603,1916404,156973148,TRUE,FALSE,Andropadus importunus,Passeriformes,Pycnonotidae (Bulbuls),21603,1916404,156973148,TRUE,FALSE,58,AVIBASE-79A45DAF,Andropadus importunus,Andropadus importunus,Andropadus importunus,1,ZFMK,1968.1267,M,0,,NA,Mozambique,NA,20.9,NA,NA,NA,21.7,85.5,10,75.5,11.7,82.5,LB,0,NA,NA,NA,NA,NA
35,Andropadus importunus,Sombre Greenbul,516813.385,NA,NA,NA,Passeriformes,Pycnonotidae (Bulbuls),21603,1916404,156973148,TRUE,FALSE,Andropadus importunus,Passeriformes,Pycnonotidae (Bulbuls),21603,1916404,156973148,TRUE,FALSE,57,AVIBASE-79A45DAF,Andropadus importunus,Andropadus importunus,Andropadus importunus,1,ZFMK,1955.684,M,0,,NA,United Republic of Tanzania,NA,19.6,NA,NA,NA,20.6,88.5,9.5,79,10.7,83.5,LB,0,NA,NA,NA,NA,NA
36,Andropadus importunus,Sombre Greenbul,516813.385,NA,NA,NA,Passeriformes,Pycnonotidae (Bulbuls),21603,1916404,156973148,TRUE,FALSE,Andropadus importunus,Passeriformes,Pycnonotidae (Bulbuls),21603,1916404,156973148,TRUE,FALSE,68,AVIBASE-79A45DAF,Andropadus importunus,Andropadus importunus,Andropadus importunus,1,ZFMK,1981-61,M,0,,NA,South Africa,NA,18.9,NA,NA,NA,23.4,94,11.5,82.5,12.2,91.2,LN,0,NA,NA,NA,NA,NA
37,Andropadus importunus,Sombre Greenbul,516813.385,NA,NA,NA,Passeriformes,Pycnonotidae (Bulbuls),21603,1916404,156973148,TRUE,FALSE,Andropadus importunus,Passeriformes,Pycnonotidae (Bulbuls),21603,1916404,156973148,TRUE,FALSE,66,AVIBASE-79A45DAF,Andropadus importunus,Andropadus importunus,Andropadus importunus,1,ZFMK,1980-115,F,0,,NA,South Africa,NA,17.6,NA,NA,NA,22.2,88,11,77,12.5,85,LN,0,NA,NA,NA,NA,NA
38,Andropadus importunus,Sombre Greenbul,516813.385,NA,NA,NA,Passeriformes,Pycnonotidae (Bulbuls),21603,1916404,156973148,TRUE,FALSE,Andropadus importunus,Passeriformes,Pycnonotidae (Bulbuls),21603,1916404,156973148,TRUE,FALSE,67,AVIBASE-79A45DAF,Andropadus importunus,Andropadus importunus,Andropadus importunus,1,ZFMK,1980-116,F,0,,NA,South Africa,NA,20.5,NA,NA,NA,23.4,90,10,80,11.1,86.5,DH,0,NA,NA,NA,NA,NA
39,Andropadus importunus,Sombre Greenbul,516813.385,NA,NA,NA,Passeriformes,Pycnonotidae (Bulbuls),21603,1916404,156973148,TRUE,FALSE,Andropadus importunus,Passeriformes,Pycnonotidae (Bulbuls),21603,1916404,156973148,TRUE,FALSE,61,AVIBASE-79A45DAF,Andropadus importunus,Andropadus importunus,Andropadus importunus,1,NHMUK,1905.12.29.1940,M,0,,NA,South Africa,NA,19.4,10.2,4.6,6.1,24,94,13.7,80.3,14.6,91,CV,1,NA,NA,NA,NA,NA
40,Andropadus importunus,Sombre Greenbul,516813.385,NA,NA,NA,Passeriformes,Pycnonotidae (Bulbuls),21603,1916404,156973148,TRUE,FALSE,Andropadus importunus,Passeriformes,Pycnonotidae (Bulbuls),21603,1916404,156973148,TRUE,FALSE,60,AVIBASE-79A45DAF,Andropadus importunus,Andropadus importunus,Andropadus importunus,1,ZMB,2000.26453,F,0,,NA,United Republic of Tanzania,NA,19.5,NA,NA,NA,21.4,83,9,74,10.8,79.5,LB,0,NA,NA,NA,NA,NA
41,Andropadus importunus,Sombre Greenbul,516813.385,NA,NA,NA,Passeriformes,Pycnonotidae (Bulbuls),21603,1916404,156973148,TRUE,FALSE,Andropadus importunus,Passeriformes,Pycnonotidae (Bulbuls),21603,1916404,156973148,TRUE,FALSE,59,AVIBASE-79A45DAF,Andropadus importunus,Andropadus importunus,Andropadus importunus,1,ZFMK,1968.1268,F,0,,NA,Mozambique,NA,18.3,NA,NA,NA,21.4,85.5,8.5,77,9.9,82.5,LB,0,NA,NA,NA,NA,NA
42,Andropadus importunus,Sombre Greenbul,516813.385,NA,NA,NA,Passeriformes,Pycnonotidae (Bulbuls),21603,1916404,156973148,TRUE,FALSE,Andropadus importunus,Passeriformes,Pycnonotidae (Bulbuls),21603,1916404,156973148,TRUE,FALSE,64,AVIBASE-79A45DAF,Andropadus importunus,Andropadus importunus,Andropadus importunus,1,NHMUK,1960.18.7,F,0,,NA,South Africa,NA,16.6,8.9,4.1,5.2,21.8,87,9.8,77.2,11.3,83,CV,1,NA,NA,NA,NA,NA
43,Arizelocichla masukuensis,Shelley's Greenbul,63213.00358,NA,NA,NA,Passeriformes,Pycnonotidae (Bulbuls),1174,97477,8637815,TRUE,FALSE,Arizelocichla masukuensis,Passeriformes,Pycnonotidae (Bulbuls),1174,97477,8637815,TRUE,FALSE,110,AVIBASE-6FC57210,Arizelocichla masukuensis,Arizelocichla masukuensis,Andropadus masukuensis,2,Field1,NA,U,0,,NA,United Republic of Tanzania,NA,16.5,8,3.8,3.6,20.3,82,15,67,18.3,81,MNC,1,NA,NA,NA,NA,NA
44,Arizelocichla masukuensis,Shelley's Greenbul,63213.00358,NA,NA,NA,Passeriformes,Pycnonotidae (Bulbuls),1174,97477,8637815,TRUE,FALSE,Arizelocichla masukuensis,Passeriformes,Pycnonotidae (Bulbuls),1174,97477,8637815,TRUE,FALSE,77,AVIBASE-6FC57210,Arizelocichla masukuensis,Arizelocichla masukuensis,Andropadus masukuensis,1,ZFMK,2012.116,F,0,,NA,United Republic of Tanzania,NA,15.2,7.8,3.5,3.7,21.1,81.5,13,68.5,16,77.5,TT,0,NA,NA,NA,NA,NA
45,Arizelocichla masukuensis,Shelley's Greenbul,63213.00358,NA,NA,NA,Passeriformes,Pycnonotidae (Bulbuls),1174,97477,8637815,TRUE,FALSE,Arizelocichla masukuensis,Passeriformes,Pycnonotidae (Bulbuls),1174,97477,8637815,TRUE,FALSE,78,AVIBASE-6FC57210,Arizelocichla masukuensis,Arizelocichla masukuensis,Andropadus masukuensis,1,ZFMK,2012.12,F,0,,NA,United Republic of Tanzania,NA,15.5,7.2,3.2,3.9,22.2,80,15,65,18.8,81,TT,0,NA,NA,NA,NA,NA
46,Arizelocichla masukuensis,Shelley's Greenbul,63213.00358,NA,NA,NA,Passeriformes,Pycnonotidae (Bulbuls),1174,97477,8637815,TRUE,FALSE,Arizelocichla masukuensis,Passeriformes,Pycnonotidae (Bulbuls),1174,97477,8637815,TRUE,FALSE,87,AVIBASE-6FC57210,Arizelocichla masukuensis,Arizelocichla masukuensis,Andropadus masukuensis,1,ZFMK,2012-116,F,0,,NA,United Republic of Tanzania,NA,14.2,NA,NA,NA,19.3,82,14,68,17.1,76,LN,0,NA,NA,NA,NA,NA
47,Arizelocichla masukuensis,Shelley's Greenbul,63213.00358,NA,NA,NA,Passeriformes,Pycnonotidae (Bulbuls),1174,97477,8637815,TRUE,FALSE,Arizelocichla masukuensis,Passeriformes,Pycnonotidae (Bulbuls),1174,97477,8637815,TRUE,FALSE,109,AVIBASE-6FC57210,Arizelocichla masukuensis,Arizelocichla masukuensis,Andropadus masukuensis,2,Field1,NA,U,0,,NA,United Republic of Tanzania,NA,14.5,8.2,3.9,3.8,21.7,79,17,62,21.5,75,MNC,1,NA,NA,NA,NA,NA
48,Arizelocichla masukuensis,Shelley's Greenbul,63213.00358,NA,NA,NA,Passeriformes,Pycnonotidae (Bulbuls),1174,97477,8637815,TRUE,FALSE,Arizelocichla masukuensis,Passeriformes,Pycnonotidae (Bulbuls),1174,97477,8637815,TRUE,FALSE,108,AVIBASE-6FC57210,Arizelocichla masukuensis,Arizelocichla masukuensis,Andropadus masukuensis,2,Field1,NA,U,0,,NA,United Republic of Tanzania,NA,15.7,8,4.3,4,22.5,79,15,64,19,80,MNC,1,NA,NA,NA,NA,NA
49,Arizelocichla masukuensis,Shelley's Greenbul,63213.00358,NA,NA,NA,Passeriformes,Pycnonotidae (Bulbuls),1174,97477,8637815,TRUE,FALSE,Arizelocichla masukuensis,Passeriformes,Pycnonotidae (Bulbuls),1174,97477,8637815,TRUE,FALSE,107,AVIBASE-6FC57210,Arizelocichla masukuensis,Arizelocichla masukuensis,Andropadus masukuensis,2,Field1,NA,U,0,,NA,United Republic of Tanzania,NA,15.8,8.2,4,3.5,18.5,79,11,68,13.9,82,MNC,1,NA,NA,NA,NA,NA
50,Arizelocichla masukuensis,Shelley's Greenbul,63213.00358,NA,NA,NA,Passeriformes,Pycnonotidae (Bulbuls),1174,97477,8637815,TRUE,FALSE,Arizelocichla masukuensis,Passeriformes,Pycnonotidae (Bulbuls),1174,97477,8637815,TRUE,FALSE,106,AVIBASE-6FC57210,Arizelocichla masukuensis,Arizelocichla masukuensis,Andropadus masukuensis,2,Field1,NA,U,0,,NA,United Republic of Tanzania,NA,15.8,7.6,3.8,3.6,20.4,76,16,60,21.1,75,MNC,1,NA,NA,NA,NA,NA
51,Arizelocichla masukuensis,Shelley's Greenbul,63213.00358,NA,NA,NA,Passeriformes,Pycnonotidae (Bulbuls),1174,97477,8637815,TRUE,FALSE,Arizelocichla masukuensis,Passeriformes,Pycnonotidae (Bulbuls),1174,97477,8637815,TRUE,FALSE,104,AVIBASE-6FC57210,Arizelocichla masukuensis,Arizelocichla masukuensis,Andropadus masukuensis,2,Field1,NA,U,0,,NA,United Republic of Tanzania,NA,14.5,6.8,3.5,3.5,18.5,77,13,64,16.9,76,MNC,1,NA,NA,NA,NA,NA
52,Arizelocichla masukuensis,Shelley's Greenbul,63213.00358,NA,NA,NA,Passeriformes,Pycnonotidae (Bulbuls),1174,97477,8637815,TRUE,FALSE,Arizelocichla masukuensis,Passeriformes,Pycnonotidae (Bulbuls),1174,97477,8637815,TRUE,FALSE,98,AVIBASE-6FC57210,Arizelocichla masukuensis,Arizelocichla masukuensis,Andropadus masukuensis,2,Field1,NA,U,0,,NA,United Republic of Tanzania,NA,14.9,7.7,4.3,3.6,22.1,80,13,67,16.3,79,MNC,1,NA,NA,NA,NA,NA
53,Arizelocichla masukuensis,Shelley's Greenbul,63213.00358,NA,NA,NA,Passeriformes,Pycnonotidae (Bulbuls),1174,97477,8637815,TRUE,FALSE,Arizelocichla masukuensis,Passeriformes,Pycnonotidae (Bulbuls),1174,97477,8637815,TRUE,FALSE,79,AVIBASE-6FC57210,Arizelocichla masukuensis,Arizelocichla masukuensis,Andropadus masukuensis,1,DNSM,28567,U,0,,NA,Uganda,NA,11.2,7.8,4.4,4.8,21.9,79,10.7,68.3,13.5,73,MM,1,NA,NA,NA,NA,NA
54,Arizelocichla masukuensis,Shelley's Greenbul,63213.00358,NA,NA,NA,Passeriformes,Pycnonotidae (Bulbuls),1174,97477,8637815,TRUE,FALSE,Arizelocichla masukuensis,Passeriformes,Pycnonotidae (Bulbuls),1174,97477,8637815,TRUE,FALSE,80,AVIBASE-6FC57210,Arizelocichla masukuensis,Arizelocichla masukuensis,Andropadus masukuensis,1,DNSM,28568,U,0,,NA,Uganda,NA,10.3,7.4,4.4,4.3,22.8,75,14.4,60.6,19.2,74,MM,1,NA,NA,NA,NA,NA
55,Arizelocichla masukuensis,Shelley's Greenbul,63213.00358,NA,NA,NA,Passeriformes,Pycnonotidae (Bulbuls),1174,97477,8637815,TRUE,FALSE,Arizelocichla masukuensis,Passeriformes,Pycnonotidae (Bulbuls),1174,97477,8637815,TRUE,FALSE,105,AVIBASE-6FC57210,Arizelocichla masukuensis,Arizelocichla masukuensis,Andropadus masukuensis,2,Field1,NA,U,0,,NA,United Republic of Tanzania,NA,15.2,7,3.6,3.5,20.9,75,15,60,20,74,MNC,1,NA,NA,NA,NA,NA
56,Arizelocichla masukuensis,Shelley's Greenbul,63213.00358,NA,NA,NA,Passeriformes,Pycnonotidae (Bulbuls),1174,97477,8637815,TRUE,FALSE,Arizelocichla masukuensis,Passeriformes,Pycnonotidae (Bulbuls),1174,97477,8637815,TRUE,FALSE,102,AVIBASE-6FC57210,Arizelocichla masukuensis,Arizelocichla masukuensis,Andropadus masukuensis,2,Field1,NA,U,0,,NA,United Republic of Tanzania,NA,16.2,8.1,3.6,3.8,22,78,15,63,19.2,78,MNC,1,NA,NA,NA,NA,NA
57,Arizelocichla masukuensis,Shelley's Greenbul,63213.00358,NA,NA,NA,Passeriformes,Pycnonotidae (Bulbuls),1174,97477,8637815,TRUE,FALSE,Arizelocichla masukuensis,Passeriformes,Pycnonotidae (Bulbuls),1174,97477,8637815,TRUE,FALSE,82,AVIBASE-6FC57210,Arizelocichla masukuensis,Arizelocichla masukuensis,Andropadus masukuensis,1,NHMUK,1935.10.9.92,M,0,,NA,Malawi,NA,15.4,7.4,3.3,3.5,21.8,85,13.1,71.9,15.4,84,CV,1,NA,NA,NA,NA,NA
58,Arizelocichla masukuensis,Shelley's Greenbul,63213.00358,NA,NA,NA,Passeriformes,Pycnonotidae (Bulbuls),1174,97477,8637815,TRUE,FALSE,Arizelocichla masukuensis,Passeriformes,Pycnonotidae (Bulbuls),1174,97477,8637815,TRUE,FALSE,99,AVIBASE-6FC57210,Arizelocichla masukuensis,Arizelocichla masukuensis,Andropadus masukuensis,2,Field1,NA,U,0,,NA,United Republic of Tanzania,NA,16.3,8,4,3.7,21.1,79,16,63,20.3,80,MNC,1,NA,NA,NA,NA,NA
59,Arizelocichla masukuensis,Shelley's Greenbul,63213.00358,NA,NA,NA,Passeriformes,Pycnonotidae (Bulbuls),1174,97477,8637815,TRUE,FALSE,Arizelocichla masukuensis,Passeriformes,Pycnonotidae (Bulbuls),1174,97477,8637815,TRUE,FALSE,103,AVIBASE-6FC57210,Arizelocichla masukuensis,Arizelocichla masukuensis,Andropadus masukuensis,2,Field1,NA,U,0,,NA,United Republic of Tanzania,NA,16.6,7.5,4,3.7,21.2,79,15,64,19,79,MNC,1,NA,NA,NA,NA,NA
60,Arizelocichla masukuensis,Shelley's Greenbul,63213.00358,NA,NA,NA,Passeriformes,Pycnonotidae (Bulbuls),1174,97477,8637815,TRUE,FALSE,Arizelocichla masukuensis,Passeriformes,Pycnonotidae (Bulbuls),1174,97477,8637815,TRUE,FALSE,101,AVIBASE-6FC57210,Arizelocichla masukuensis,Arizelocichla masukuensis,Andropadus masukuensis,2,Field1,NA,U,0,,NA,United Republic of Tanzania,NA,15.7,7.5,3.8,3.5,21.7,76,12,64,15.8,73,MNC,1,NA,NA,NA,NA,NA
61,Arizelocichla masukuensis,Shelley's Greenbul,63213.00358,NA,NA,NA,Passeriformes,Pycnonotidae (Bulbuls),1174,97477,8637815,TRUE,FALSE,Arizelocichla masukuensis,Passeriformes,Pycnonotidae (Bulbuls),1174,97477,8637815,TRUE,FALSE,90,AVIBASE-6FC57210,Arizelocichla masukuensis,Arizelocichla masukuensis,Andropadus masukuensis,1,ZFMK,2012-121,M,0,,NA,United Republic of Tanzania,NA,17.8,NA,NA,NA,21.1,82,15,67,18.3,79.5,DH,0,NA,NA,NA,NA,NA
62,Arizelocichla masukuensis,Shelley's Greenbul,63213.00358,NA,NA,NA,Passeriformes,Pycnonotidae (Bulbuls),1174,97477,8637815,TRUE,FALSE,Arizelocichla masukuensis,Passeriformes,Pycnonotidae (Bulbuls),1174,97477,8637815,TRUE,FALSE,91,AVIBASE-6FC57210,Arizelocichla masukuensis,Arizelocichla masukuensis,Andropadus masukuensis,2,Field1,NA,U,0,,NA,United Republic of Tanzania,NA,16,8,3.6,3.7,21,79,13,66,16.5,81,MNC,1,NA,NA,NA,NA,NA
63,Arizelocichla masukuensis,Shelley's Greenbul,63213.00358,NA,NA,NA,Passeriformes,Pycnonotidae (Bulbuls),1174,97477,8637815,TRUE,FALSE,Arizelocichla masukuensis,Passeriformes,Pycnonotidae (Bulbuls),1174,97477,8637815,TRUE,FALSE,92,AVIBASE-6FC57210,Arizelocichla masukuensis,Arizelocichla masukuensis,Andropadus masukuensis,2,Field1,NA,U,0,,NA,United Republic of Tanzania,NA,15.6,8,3.8,3.5,20.5,82,12,70,14.6,81,MNC,1,NA,NA,NA,NA,NA
64,Arizelocichla masukuensis,Shelley's Greenbul,63213.00358,NA,NA,NA,Passeriformes,Pycnonotidae (Bulbuls),1174,97477,8637815,TRUE,FALSE,Arizelocichla masukuensis,Passeriformes,Pycnonotidae (Bulbuls),1174,97477,8637815,TRUE,FALSE,95,AVIBASE-6FC57210,Arizelocichla masukuensis,Arizelocichla masukuensis,Andropadus masukuensis,2,Field1,NA,U,0,,NA,United Republic of Tanzania,NA,14.9,7.3,3.5,3.6,20,79,15,64,19,77,MNC,1,NA,NA,NA,NA,NA
65,Arizelocichla masukuensis,Shelley's Greenbul,63213.00358,NA,NA,NA,Passeriformes,Pycnonotidae (Bulbuls),1174,97477,8637815,TRUE,FALSE,Arizelocichla masukuensis,Passeriformes,Pycnonotidae (Bulbuls),1174,97477,8637815,TRUE,FALSE,97,AVIBASE-6FC57210,Arizelocichla masukuensis,Arizelocichla masukuensis,Andropadus masukuensis,2,Field1,NA,U,0,,NA,United Republic of Tanzania,NA,14.8,7.8,3.9,3.8,20.1,76,12,64,15.8,78,MNC,1,NA,NA,NA,NA,NA
66,Arizelocichla masukuensis,Shelley's Greenbul,63213.00358,NA,NA,NA,Passeriformes,Pycnonotidae (Bulbuls),1174,97477,8637815,TRUE,FALSE,Arizelocichla masukuensis,Passeriformes,Pycnonotidae (Bulbuls),1174,97477,8637815,TRUE,FALSE,94,AVIBASE-6FC57210,Arizelocichla masukuensis,Arizelocichla masukuensis,Andropadus masukuensis,2,Field1,NA,U,0,,NA,United Republic of Tanzania,NA,13.6,6.8,3.7,3.7,20.2,77,14,63,18.2,77,MNC,1,NA,NA,NA,NA,NA
67,Arizelocichla masukuensis,Shelley's Greenbul,63213.00358,NA,NA,NA,Passeriformes,Pycnonotidae (Bulbuls),1174,97477,8637815,TRUE,FALSE,Arizelocichla masukuensis,Passeriformes,Pycnonotidae (Bulbuls),1174,97477,8637815,TRUE,FALSE,83,AVIBASE-6FC57210,Arizelocichla masukuensis,Arizelocichla masukuensis,Andropadus masukuensis,1,NHMUK,1949.69.38,M,0,,NA,United Republic of Tanzania,NA,15.3,7.7,3.3,3.6,21.2,82,11.3,70.7,13.8,76,CV,1,NA,NA,NA,NA,NA
68,Arizelocichla masukuensis,Shelley's Greenbul,63213.00358,NA,NA,NA,Passeriformes,Pycnonotidae (Bulbuls),1174,97477,8637815,TRUE,FALSE,Arizelocichla masukuensis,Passeriformes,Pycnonotidae (Bulbuls),1174,97477,8637815,TRUE,FALSE,85,AVIBASE-6FC57210,Arizelocichla masukuensis,Arizelocichla masukuensis,Andropadus masukuensis,1,NHMUK,1971.16.72,M,0,,NA,Kenya,NA,14,7.5,4,3.8,19.1,80,16.5,63.5,20.6,81,CV,1,NA,NA,NA,NA,NA
69,Arizelocichla masukuensis,Shelley's Greenbul,63213.00358,NA,NA,NA,Passeriformes,Pycnonotidae (Bulbuls),1174,97477,8637815,TRUE,FALSE,Arizelocichla masukuensis,Passeriformes,Pycnonotidae (Bulbuls),1174,97477,8637815,TRUE,FALSE,100,AVIBASE-6FC57210,Arizelocichla masukuensis,Arizelocichla masukuensis,Andropadus masukuensis,2,Field1,NA,U,0,,NA,United Republic of Tanzania,NA,16.2,7.3,3.9,3.8,20,80,16,64,20,78,MNC,1,NA,NA,NA,NA,NA
70,Arizelocichla masukuensis,Shelley's Greenbul,63213.00358,NA,NA,NA,Passeriformes,Pycnonotidae (Bulbuls),1174,97477,8637815,TRUE,FALSE,Arizelocichla masukuensis,Passeriformes,Pycnonotidae (Bulbuls),1174,97477,8637815,TRUE,FALSE,81,AVIBASE-6FC57210,Arizelocichla masukuensis,Arizelocichla masukuensis,Andropadus masukuensis,1,NHMUK,1935.10.9.91,M,0,,NA,Malawi,NA,15.5,7.1,3.5,3.8,19.9,87,14,73,16.1,87,CV,1,NA,NA,NA,NA,NA
71,Arizelocichla masukuensis,Shelley's Greenbul,63213.00358,NA,NA,NA,Passeriformes,Pycnonotidae (Bulbuls),1174,97477,8637815,TRUE,FALSE,Arizelocichla masukuensis,Passeriformes,Pycnonotidae (Bulbuls),1174,97477,8637815,TRUE,FALSE,86,AVIBASE-6FC57210,Arizelocichla masukuensis,Arizelocichla masukuensis,Andropadus masukuensis,1,NHMUK,1971.16.73,M,0,,NA,Kenya,NA,13.1,7.3,3.8,3.6,18.8,79,11.4,67.6,14.4,82,CV,1,NA,NA,NA,NA,NA
72,Arizelocichla masukuensis,Shelley's Greenbul,63213.00358,NA,NA,NA,Passeriformes,Pycnonotidae (Bulbuls),1174,97477,8637815,TRUE,FALSE,Arizelocichla masukuensis,Passeriformes,Pycnonotidae (Bulbuls),1174,97477,8637815,TRUE,FALSE,89,AVIBASE-6FC57210,Arizelocichla masukuensis,Arizelocichla masukuensis,Andropadus masukuensis,1,ZFMK,2012-120,F,0,,NA,United Republic of Tanzania,NA,17.4,NA,NA,NA,22.4,83,17,66,20.5,78,DH,0,NA,NA,NA,NA,NA
73,Arizelocichla masukuensis,Shelley's Greenbul,63213.00358,NA,NA,NA,Passeriformes,Pycnonotidae (Bulbuls),1174,97477,8637815,TRUE,FALSE,Arizelocichla masukuensis,Passeriformes,Pycnonotidae (Bulbuls),1174,97477,8637815,TRUE,FALSE,93,AVIBASE-6FC57210,Arizelocichla masukuensis,Arizelocichla masukuensis,Andropadus masukuensis,2,Field1,NA,U,0,,NA,United Republic of Tanzania,NA,14.4,7.3,3.5,3.4,21,79,15,64,19,79,MNC,1,NA,NA,NA,NA,NA
74,Arizelocichla masukuensis,Shelley's Greenbul,63213.00358,NA,NA,NA,Passeriformes,Pycnonotidae (Bulbuls),1174,97477,8637815,TRUE,FALSE,Arizelocichla masukuensis,Passeriformes,Pycnonotidae (Bulbuls),1174,97477,8637815,TRUE,FALSE,96,AVIBASE-6FC57210,Arizelocichla masukuensis,Arizelocichla masukuensis,Andropadus masukuensis,2,Field1,NA,U,0,,NA,United Republic of Tanzania,NA,16.6,8.8,4,3.9,21,78,16,62,20.5,79,MNC,1,NA,NA,NA,NA,NA
75,Arizelocichla masukuensis,Shelley's Greenbul,63213.00358,NA,NA,NA,Passeriformes,Pycnonotidae (Bulbuls),1174,97477,8637815,TRUE,FALSE,Arizelocichla masukuensis,Passeriformes,Pycnonotidae (Bulbuls),1174,97477,8637815,TRUE,FALSE,88,AVIBASE-6FC57210,Arizelocichla masukuensis,Arizelocichla masukuensis,Andropadus masukuensis,1,ZFMK,2012-117,M,0,,NA,United Republic of Tanzania,NA,14.2,NA,NA,NA,21,88,16,72,18.2,82,LN,0,NA,NA,NA,NA,NA
76,Arizelocichla masukuensis,Shelley's Greenbul,63213.00358,NA,NA,NA,Passeriformes,Pycnonotidae (Bulbuls),1174,97477,8637815,TRUE,FALSE,Arizelocichla masukuensis,Passeriformes,Pycnonotidae (Bulbuls),1174,97477,8637815,TRUE,FALSE,84,AVIBASE-6FC57210,Arizelocichla masukuensis,Arizelocichla masukuensis,Andropadus masukuensis,1,NHMUK,1971.16.71,M,0,,NA,Kenya,NA,14.4,7.3,3.4,3.6,19.2,79,12.5,66.5,15.8,82,CV,1,NA,NA,NA,NA,NA
77,Arizelocichla milanjensis,Stripe-cheeked Greenbul,16360.65428,X,X,X,Passeriformes,Pycnonotidae (Bulbuls),56,4997,487596,TRUE,FALSE,Arizelocichla milanjensis,Passeriformes,Pycnonotidae (Bulbuls),56,4997,487596,TRUE,FALSE,114,AVIBASE-8479F56E,Arizelocichla milanjensis,Arizelocichla milanjensis milanjensis,Andropadus milanjensis,1,ZFMK,2012.173,M,0,,NA,United Republic of Tanzania,NA,22.8,NA,NA,NA,23.4,98.5,18,80.5,18.3,89.5,LB,0,NA,NA,NA,NA,NA
78,Arizelocichla milanjensis,Stripe-cheeked Greenbul,16360.65428,X,X,X,Passeriformes,Pycnonotidae (Bulbuls),56,4997,487596,TRUE,FALSE,Arizelocichla milanjensis,Passeriformes,Pycnonotidae (Bulbuls),56,4997,487596,TRUE,FALSE,111,AVIBASE-8479F56E,Arizelocichla milanjensis,Arizelocichla milanjensis milanjensis,Andropadus milanjensis,1,ZFMK,2012.142,M,0,,NA,United Republic of Tanzania,NA,23.1,NA,NA,NA,23.5,101.5,16.5,85,16.3,94.5,LB,0,NA,NA,NA,NA,NA
79,Arizelocichla milanjensis,Stripe-cheeked Greenbul,16360.65428,X,X,X,Passeriformes,Pycnonotidae (Bulbuls),56,4997,487596,TRUE,FALSE,Arizelocichla milanjensis,Passeriformes,Pycnonotidae (Bulbuls),56,4997,487596,TRUE,FALSE,119,AVIBASE-8479F56E,Arizelocichla milanjensis,Arizelocichla milanjensis milanjensis,Andropadus milanjensis,2,Field1,NA,F,0,,NA,Mozambique,NA,19.3,10.8,3.8,NA,NA,90,NA,NA,NA,88,SEIJ,1,NA,NA,NA,NA,NA
80,Arizelocichla milanjensis,Stripe-cheeked Greenbul,16360.65428,X,X,X,Passeriformes,Pycnonotidae (Bulbuls),56,4997,487596,TRUE,FALSE,Arizelocichla milanjensis,Passeriformes,Pycnonotidae (Bulbuls),56,4997,487596,TRUE,FALSE,112,AVIBASE-8479F56E,Arizelocichla milanjensis,Arizelocichla milanjensis milanjensis,Andropadus milanjensis,1,ZFMK,2012.143,F,0,,NA,United Republic of Tanzania,NA,23.5,NA,NA,NA,23.8,97.5,13,84.5,13.3,92.5,LB,0,NA,NA,NA,NA,NA
81,Arizelocichla milanjensis,Stripe-cheeked Greenbul,16360.65428,X,X,X,Passeriformes,Pycnonotidae (Bulbuls),56,4997,487596,TRUE,FALSE,Arizelocichla milanjensis,Passeriformes,Pycnonotidae (Bulbuls),56,4997,487596,TRUE,FALSE,117,AVIBASE-8479F56E,Arizelocichla milanjensis,Arizelocichla milanjensis milanjensis,Andropadus milanjensis,1,NHMUK,1910.7.1.398,F,0,,NA,Zimbabwe,NA,19.5,10.5,3.8,4.8,20.9,93,14.9,78.1,16,84,CV,1,NA,NA,NA,NA,NA
82,Arizelocichla milanjensis,Stripe-cheeked Greenbul,16360.65428,X,X,X,Passeriformes,Pycnonotidae (Bulbuls),56,4997,487596,TRUE,FALSE,Arizelocichla milanjensis,Passeriformes,Pycnonotidae (Bulbuls),56,4997,487596,TRUE,FALSE,115,AVIBASE-8479F56E,Arizelocichla milanjensis,Arizelocichla milanjensis milanjensis,Andropadus milanjensis,1,NHMUK,1910.7.1.389,M,0,,NA,Zimbabwe,NA,19.9,11,4.3,5.1,23.2,94,15.6,78.4,16.6,85,CV,1,NA,NA,NA,NA,NA
83,Arizelocichla milanjensis,Stripe-cheeked Greenbul,16360.65428,X,X,X,Passeriformes,Pycnonotidae (Bulbuls),56,4997,487596,TRUE,FALSE,Arizelocichla milanjensis,Passeriformes,Pycnonotidae (Bulbuls),56,4997,487596,TRUE,FALSE,118,AVIBASE-8479F56E,Arizelocichla milanjensis,Arizelocichla milanjensis milanjensis,Andropadus milanjensis,1,NHMUK,1911.5.80.551,F,0,,NA,Zimbabwe,NA,18.1,10.5,3.7,4.4,21.1,89,13.3,75.7,14.9,86,CV,1,NA,NA,NA,NA,NA
84,Arizelocichla milanjensis,Stripe-cheeked Greenbul,16360.65428,X,X,X,Passeriformes,Pycnonotidae (Bulbuls),56,4997,487596,TRUE,FALSE,Arizelocichla milanjensis,Passeriformes,Pycnonotidae (Bulbuls),56,4997,487596,TRUE,FALSE,113,AVIBASE-8479F56E,Arizelocichla milanjensis,Arizelocichla milanjensis milanjensis,Andropadus milanjensis,1,ZFMK,2012.147,F,0,,NA,United Republic of Tanzania,NA,23.1,NA,NA,NA,23.8,97,14,83,14.4,89,LB,0,NA,NA,NA,NA,NA
85,Arizelocichla milanjensis,Stripe-cheeked Greenbul,16360.65428,X,X,X,Passeriformes,Pycnonotidae (Bulbuls),56,4997,487596,TRUE,FALSE,Arizelocichla milanjensis,Passeriformes,Pycnonotidae (Bulbuls),56,4997,487596,TRUE,FALSE,116,AVIBASE-8479F56E,Arizelocichla milanjensis,Arizelocichla milanjensis milanjensis,Andropadus milanjensis,1,NHMUK,1910.7.1.397,M,0,,NA,Zimbabwe,NA,19.3,10.5,3.7,4.7,22.9,92,15.1,76.9,16.4,84,CV,1,NA,NA,NA,NA,NA
86,Arizelocichla montana,Cameroon Mountain Greenbul,23678.48081,NA,NA,NA,Passeriformes,Pycnonotidae (Bulbuls),1538,146148,14090929,TRUE,FALSE,Arizelocichla montana,Passeriformes,Pycnonotidae (Bulbuls),1538,146148,14090929,TRUE,FALSE,120,AVIBASE-0802ADF1,Arizelocichla montana,Arizelocichla montana,Andropadus montanus,1,NHMUK,1966.16.1753,F,0,,NA,Cameroon,NA,16.3,8.8,3.7,4.2,22.1,80,7.3,72.7,9.1,81,CV,1,NA,NA,NA,NA,NA
87,Arizelocichla montana,Cameroon Mountain Greenbul,23678.48081,NA,NA,NA,Passeriformes,Pycnonotidae (Bulbuls),1538,146148,14090929,TRUE,FALSE,Arizelocichla montana,Passeriformes,Pycnonotidae (Bulbuls),1538,146148,14090929,TRUE,FALSE,122,AVIBASE-0802ADF1,Arizelocichla montana,Arizelocichla montana,Andropadus montanus,1,NHMUK,1966.16.1765,F,0,,NA,Cameroon,NA,17.3,8.5,4.3,4.2,19.7,78,7.8,70.2,10,78,CV,1,NA,NA,NA,NA,NA
88,Arizelocichla montana,Cameroon Mountain Greenbul,23678.48081,NA,NA,NA,Passeriformes,Pycnonotidae (Bulbuls),1538,146148,14090929,TRUE,FALSE,Arizelocichla montana,Passeriformes,Pycnonotidae (Bulbuls),1538,146148,14090929,TRUE,FALSE,123,AVIBASE-0802ADF1,Arizelocichla montana,Arizelocichla montana,Andropadus montanus,1,NHMUK,1966.16.1766,M,0,,NA,Cameroon,NA,16.7,8.6,4,4.2,20.9,92,10.1,81.9,11,92,CV,1,NA,NA,NA,NA,NA
89,Arizelocichla montana,Cameroon Mountain Greenbul,23678.48081,NA,NA,NA,Passeriformes,Pycnonotidae (Bulbuls),1538,146148,14090929,TRUE,FALSE,Arizelocichla montana,Passeriformes,Pycnonotidae (Bulbuls),1538,146148,14090929,TRUE,FALSE,124,AVIBASE-0802ADF1,Arizelocichla montana,Arizelocichla montana,Andropadus montanus,1,NHMUK,1966.16.1762,M,0,,NA,NA,NA,18.5,NA,4.1,4.6,21.7,81,NA,NA,NA,84,GT,0,NA,NA,NA,NA,NA
90,Arizelocichla montana,Cameroon Mountain Greenbul,23678.48081,NA,NA,NA,Passeriformes,Pycnonotidae (Bulbuls),1538,146148,14090929,TRUE,FALSE,Arizelocichla montana,Passeriformes,Pycnonotidae (Bulbuls),1538,146148,14090929,TRUE,FALSE,121,AVIBASE-0802ADF1,Arizelocichla montana,Arizelocichla montana,Andropadus montanus,1,NHMUK,1966.16.1763,M,0,,NA,Cameroon,NA,17.1,9,4,4,21.2,83,10.3,72.7,12.4,81,CV,1,NA,NA,NA,NA,NA
91,Arizelocichla nigriceps,Eastern Mountain-Greenbul,95925.82785,NA,NA,NA,Passeriformes,Pycnonotidae (Bulbuls),4436,448783,43737964,TRUE,FALSE,Arizelocichla nigriceps,Passeriformes,Pycnonotidae (Bulbuls),4436,448783,43737964,TRUE,FALSE,135,AVIBASE-54A902B5,Arizelocichla nigriceps,Arizelocichla nigriceps,Andropadus nigriceps,1,NHMUK,1906.12.23.1330,F,0,,NA,Uganda,NA,17.5,8.3,4,4.6,22.1,94,13.9,80.1,14.8,87,CV,1,NA,NA,NA,NA,NA
92,Arizelocichla nigriceps,Eastern Mountain-Greenbul,95925.82785,NA,NA,NA,Passeriformes,Pycnonotidae (Bulbuls),4436,448783,43737964,TRUE,FALSE,Arizelocichla nigriceps,Passeriformes,Pycnonotidae (Bulbuls),4436,448783,43737964,TRUE,FALSE,130,AVIBASE-54A902B5,Arizelocichla nigriceps,Arizelocichla nigriceps,Andropadus nigriceps,1,ZFMK,2012.136,M,0,,NA,United Republic of Tanzania,NA,19.4,NA,NA,NA,21.7,95,12,83,12.6,83.5,LB,0,NA,NA,NA,NA,NA
93,Arizelocichla nigriceps,Eastern Mountain-Greenbul,95925.82785,NA,NA,NA,Passeriformes,Pycnonotidae (Bulbuls),4436,448783,43737964,TRUE,FALSE,Arizelocichla nigriceps,Passeriformes,Pycnonotidae (Bulbuls),4436,448783,43737964,TRUE,FALSE,131,AVIBASE-54A902B5,Arizelocichla nigriceps,Arizelocichla nigriceps,Andropadus nigriceps,1,ZFMK,2012.137,F,0,,NA,United Republic of Tanzania,NA,19.8,NA,NA,NA,23.2,89.5,11.5,78,12.8,86,LB,0,NA,NA,NA,NA,NA
94,Arizelocichla nigriceps,Eastern Mountain-Greenbul,95925.82785,NA,NA,NA,Passeriformes,Pycnonotidae (Bulbuls),4436,448783,43737964,TRUE,FALSE,Arizelocichla nigriceps,Passeriformes,Pycnonotidae (Bulbuls),4436,448783,43737964,TRUE,FALSE,147,AVIBASE-54A902B5,Arizelocichla nigriceps,Arizelocichla nigriceps,Andropadus nigriceps,2,Field1,NA,U,0,,NA,United Republic of Tanzania,NA,16.6,8.3,4.2,4.3,23,80,10,70,12.5,82,MNC,1,NA,NA,NA,NA,NA
95,Arizelocichla nigriceps,Eastern Mountain-Greenbul,95925.82785,NA,NA,NA,Passeriformes,Pycnonotidae (Bulbuls),4436,448783,43737964,TRUE,FALSE,Arizelocichla nigriceps,Passeriformes,Pycnonotidae (Bulbuls),4436,448783,43737964,TRUE,FALSE,136,AVIBASE-54A902B5,Arizelocichla nigriceps,Arizelocichla nigriceps,Andropadus nigriceps,1,NHMUK,1906.12.23.1332,M,0,,NA,Uganda,NA,16.5,8.3,3.9,4.7,22.2,93,13.5,79.5,14.5,91,CV,1,NA,NA,NA,NA,NA
96,Arizelocichla nigriceps,Eastern Mountain-Greenbul,95925.82785,NA,NA,NA,Passeriformes,Pycnonotidae (Bulbuls),4436,448783,43737964,TRUE,FALSE,Arizelocichla nigriceps,Passeriformes,Pycnonotidae (Bulbuls),4436,448783,43737964,TRUE,FALSE,142,AVIBASE-54A902B5,Arizelocichla nigriceps,Arizelocichla nigriceps,Andropadus nigriceps,1,ZFMK,1960-146,F,0,,NA,United Republic of Tanzania,NA,18.6,NA,NA,NA,24.5,88,12,76,13.6,81,DH,0,NA,NA,NA,NA,NA
97,Arizelocichla nigriceps,Eastern Mountain-Greenbul,95925.82785,NA,NA,NA,Passeriformes,Pycnonotidae (Bulbuls),4436,448783,43737964,TRUE,FALSE,Arizelocichla nigriceps,Passeriformes,Pycnonotidae (Bulbuls),4436,448783,43737964,TRUE,FALSE,138,AVIBASE-54A902B5,Arizelocichla nigriceps,Arizelocichla nigriceps,Andropadus nigriceps,1,NHMUK,1934.6.18.15,M,0,,NA,United Republic of Tanzania,NA,18.8,10.3,4.4,5.2,22.9,95,12.2,82.8,12.8,85,CV,1,NA,NA,NA,NA,NA
98,Arizelocichla nigriceps,Eastern Mountain-Greenbul,95925.82785,NA,NA,NA,Passeriformes,Pycnonotidae (Bulbuls),4436,448783,43737964,TRUE,FALSE,Arizelocichla nigriceps,Passeriformes,Pycnonotidae (Bulbuls),4436,448783,43737964,TRUE,FALSE,141,AVIBASE-54A902B5,Arizelocichla nigriceps,Arizelocichla nigriceps,Andropadus nigriceps,1,ZFMK,1960-145,M,0,,NA,United Republic of Tanzania,NA,17.3,NA,NA,NA,25.4,92,13.5,78.5,14.7,85,LN,0,NA,NA,NA,NA,NA
99,Arizelocichla nigriceps,Eastern Mountain-Greenbul,95925.82785,NA,NA,NA,Passeriformes,Pycnonotidae (Bulbuls),4436,448783,43737964,TRUE,FALSE,Arizelocichla nigriceps,Passeriformes,Pycnonotidae (Bulbuls),4436,448783,43737964,TRUE,FALSE,132,AVIBASE-54A902B5,Arizelocichla nigriceps,Arizelocichla nigriceps,Andropadus nigriceps,1,ZFMK,2012.139,F,0,,NA,United Republic of Tanzania,NA,19.3,NA,NA,NA,23,94,14,80,14.9,89.5,LB,0,NA,NA,NA,NA,NA
100,Arizelocichla nigriceps,Eastern Mountain-Greenbul,95925.82785,NA,NA,NA,Passeriformes,Pycnonotidae (Bulbuls),4436,448783,43737964,TRUE,FALSE,Arizelocichla nigriceps,Passeriformes,Pycnonotidae (Bulbuls),4436,448783,43737964,TRUE,FALSE,129,AVIBASE-54A902B5,Arizelocichla nigriceps,Arizelocichla nigriceps,Andropadus nigriceps,1,ZFMK,2012.134,M,0,,NA,United Republic of Tanzania,NA,21.1,NA,NA,NA,22.7,96,14,82,14.6,88,LB,0,NA,NA,NA,NA,NA
101,Arizelocichla nigriceps,Eastern Mountain-Greenbul,95925.82785,NA,NA,NA,Passeriformes,Pycnonotidae (Bulbuls),4436,448783,43737964,TRUE,FALSE,Arizelocichla nigriceps,Passeriformes,Pycnonotidae (Bulbuls),4436,448783,43737964,TRUE,FALSE,148,AVIBASE-54A902B5,Arizelocichla nigriceps,Arizelocichla nigriceps,Andropadus nigriceps,2,Field1,NA,U,0,,NA,United Republic of Tanzania,NA,18.1,9.3,4.2,4.8,25,85,13,72,15.3,84,MNC,1,NA,NA,NA,NA,NA
102,Arizelocichla nigriceps,Eastern Mountain-Greenbul,95925.82785,NA,NA,NA,Passeriformes,Pycnonotidae (Bulbuls),4436,448783,43737964,TRUE,FALSE,Arizelocichla nigriceps,Passeriformes,Pycnonotidae (Bulbuls),4436,448783,43737964,TRUE,FALSE,137,AVIBASE-54A902B5,Arizelocichla nigriceps,Arizelocichla nigriceps,Andropadus nigriceps,1,NHMUK,1933.3.2.31,F,0,,NA,United Republic of Tanzania,NA,16.9,8.7,3.9,4.6,21.3,86,11.3,74.7,13.1,78,CV,1,NA,NA,NA,NA,NA
103,Arizelocichla nigriceps,Eastern Mountain-Greenbul,95925.82785,NA,NA,NA,Passeriformes,Pycnonotidae (Bulbuls),4436,448783,43737964,TRUE,FALSE,Arizelocichla nigriceps,Passeriformes,Pycnonotidae (Bulbuls),4436,448783,43737964,TRUE,FALSE,140,AVIBASE-54A902B5,Arizelocichla nigriceps,Arizelocichla nigriceps,Andropadus nigriceps,1,NHMUK,1945.41.53,M,0,,NA,United Republic of Tanzania,NA,16,9,4,4.8,18.4,89,11.8,77.2,13.3,86,CV,1,NA,NA,NA,NA,NA
104,Arizelocichla nigriceps,Eastern Mountain-Greenbul,95925.82785,NA,NA,NA,Passeriformes,Pycnonotidae (Bulbuls),4436,448783,43737964,TRUE,FALSE,Arizelocichla nigriceps,Passeriformes,Pycnonotidae (Bulbuls),4436,448783,43737964,TRUE,FALSE,146,AVIBASE-54A902B5,Arizelocichla nigriceps,Arizelocichla nigriceps,Andropadus nigriceps,2,Field1,NA,U,0,,NA,United Republic of Tanzania,NA,17.5,8.8,4.1,4.6,24.5,85,12,73,14.1,83,MNC,1,NA,NA,NA,NA,NA
105,Arizelocichla nigriceps,Eastern Mountain-Greenbul,95925.82785,NA,NA,NA,Passeriformes,Pycnonotidae (Bulbuls),4436,448783,43737964,TRUE,FALSE,Arizelocichla nigriceps,Passeriformes,Pycnonotidae (Bulbuls),4436,448783,43737964,TRUE,FALSE,143,AVIBASE-54A902B5,Arizelocichla nigriceps,Arizelocichla nigriceps,Andropadus nigriceps,1,ZFMK,1960-147,F,0,,NA,United Republic of Tanzania,NA,17.4,NA,NA,NA,24,85.5,13,72.5,15.2,78.5,DH,0,NA,NA,NA,NA,NA
106,Arizelocichla nigriceps,Eastern Mountain-Greenbul,95925.82785,NA,NA,NA,Passeriformes,Pycnonotidae (Bulbuls),4436,448783,43737964,TRUE,FALSE,Arizelocichla nigriceps,Passeriformes,Pycnonotidae (Bulbuls),4436,448783,43737964,TRUE,FALSE,134,AVIBASE-54A902B5,Arizelocichla nigriceps,Arizelocichla nigriceps,Andropadus nigriceps,1,NHMUK,1906.12.23.1329,F,0,,NA,Uganda,NA,17,8.4,4,4,21.1,84,10.7,73.3,12.7,86,CV,1,NA,NA,NA,NA,NA
107,Arizelocichla nigriceps,Eastern Mountain-Greenbul,95925.82785,NA,NA,NA,Passeriformes,Pycnonotidae (Bulbuls),4436,448783,43737964,TRUE,FALSE,Arizelocichla nigriceps,Passeriformes,Pycnonotidae (Bulbuls),4436,448783,43737964,TRUE,FALSE,144,AVIBASE-54A902B5,Arizelocichla nigriceps,Arizelocichla nigriceps,Andropadus nigriceps,1,ZFMK,1960-148,M,0,,NA,United Republic of Tanzania,NA,19.9,NA,NA,NA,22.2,88,12,76,13.6,81,LN,0,NA,NA,NA,NA,NA
108,Arizelocichla nigriceps,Eastern Mountain-Greenbul,95925.82785,NA,NA,NA,Passeriformes,Pycnonotidae (Bulbuls),4436,448783,43737964,TRUE,FALSE,Arizelocichla nigriceps,Passeriformes,Pycnonotidae (Bulbuls),4436,448783,43737964,TRUE,FALSE,133,AVIBASE-54A902B5,Arizelocichla nigriceps,Arizelocichla nigriceps,Andropadus nigriceps,1,NHMUK,1906.12.23.1326,M,0,,NA,Uganda,NA,16.6,8.6,4,4.5,21.7,90,11.8,78.2,13.1,86,CV,1,NA,NA,NA,NA,NA
109,Arizelocichla nigriceps,Eastern Mountain-Greenbul,95925.82785,NA,NA,NA,Passeriformes,Pycnonotidae (Bulbuls),4436,448783,43737964,TRUE,FALSE,Arizelocichla nigriceps,Passeriformes,Pycnonotidae (Bulbuls),4436,448783,43737964,TRUE,FALSE,139,AVIBASE-54A902B5,Arizelocichla nigriceps,Arizelocichla nigriceps,Andropadus nigriceps,1,NHMUK,1945.41.51,F,0,,NA,United Republic of Tanzania,NA,16.7,8.6,4.3,4.5,16,86,12,74,14,82,CV,1,NA,NA,NA,NA,NA
110,Arizelocichla nigriceps,Eastern Mountain-Greenbul,95925.82785,NA,NA,NA,Passeriformes,Pycnonotidae (Bulbuls),4436,448783,43737964,TRUE,FALSE,Arizelocichla nigriceps,Passeriformes,Pycnonotidae (Bulbuls),4436,448783,43737964,TRUE,FALSE,145,AVIBASE-54A902B5,Arizelocichla nigriceps,Arizelocichla nigriceps,Andropadus nigriceps,2,Field1,NA,U,0,,NA,United Republic of Tanzania,NA,18,9.2,4.5,5.1,25.3,90,15,75,16.7,88,MNC,1,NA,NA,NA,NA,NA
111,Arizelocichla tephrolaema,Western Mountain-Greenbul,22969.08873,X,X,X,Passeriformes,Pycnonotidae (Bulbuls),2764,268546,21029350,TRUE,FALSE,Arizelocichla tephrolaema,Passeriformes,Pycnonotidae (Bulbuls),2764,268546,21029350,TRUE,FALSE,175,AVIBASE-DA399CC6,Arizelocichla tephrolaema,Arizelocichla tephrolaema,Andropadus tephrolaemus,2,Field1,NA,U,0,,NA,Equatorial Guinea,NA,NA,NA,NA,NA,NA,82,NA,NA,NA,75,JDW,0,NA,NA,NA,NA,NA
112,Arizelocichla tephrolaema,Western Mountain-Greenbul,22969.08873,X,X,X,Passeriformes,Pycnonotidae (Bulbuls),2764,268546,21029350,TRUE,FALSE,Arizelocichla tephrolaema,Passeriformes,Pycnonotidae (Bulbuls),2764,268546,21029350,TRUE,FALSE,174,AVIBASE-DA399CC6,Arizelocichla tephrolaema,Arizelocichla tephrolaema,Andropadus tephrolaemus,1,NHMUK,1911.12.23.1745,F,0,,NA,Equatorial Guinea,NA,17,8.8,3.4,3.8,19.3,81,13.1,67.9,16.2,73,CV,1,NA,NA,NA,NA,NA
113,Arizelocichla tephrolaema,Western Mountain-Greenbul,22969.08873,X,X,X,Passeriformes,Pycnonotidae (Bulbuls),2764,268546,21029350,TRUE,FALSE,Arizelocichla tephrolaema,Passeriformes,Pycnonotidae (Bulbuls),2764,268546,21029350,TRUE,FALSE,173,AVIBASE-DA399CC6,Arizelocichla tephrolaema,Arizelocichla tephrolaema,Andropadus tephrolaemus,1,NHMUK,1911.12.23.1668,F,0,,NA,Equatorial Guinea,NA,17.3,9.2,3.9,4,19.6,84,14.7,69.3,17.5,73,CV,1,NA,NA,NA,NA,NA
114,Arizelocichla tephrolaema,Western Mountain-Greenbul,22969.08873,X,X,X,Passeriformes,Pycnonotidae (Bulbuls),2764,268546,21029350,TRUE,FALSE,Arizelocichla tephrolaema,Passeriformes,Pycnonotidae (Bulbuls),2764,268546,21029350,TRUE,FALSE,171,AVIBASE-DA399CC6,Arizelocichla tephrolaema,Arizelocichla tephrolaema,Andropadus tephrolaemus,1,NHMUK,1904.6.22.117,M,0,,NA,Equatorial Guinea,NA,16.9,9.3,3.9,4.6,19.4,86,12.5,73.5,14.5,71,CV,1,NA,NA,NA,NA,NA
115,Arizelocichla tephrolaema,Western Mountain-Greenbul,22969.08873,X,X,X,Passeriformes,Pycnonotidae (Bulbuls),2764,268546,21029350,TRUE,FALSE,Arizelocichla tephrolaema,Passeriformes,Pycnonotidae (Bulbuls),2764,268546,21029350,TRUE,FALSE,172,AVIBASE-DA399CC6,Arizelocichla tephrolaema,Arizelocichla tephrolaema,Andropadus tephrolaemus,1,NHMUK,1904.6.22.121,M,0,,NA,Equatorial Guinea,NA,17.5,9.4,4,4.2,20.9,79,10.2,68.8,12.9,74,CV,1,NA,NA,NA,NA,NA
116,Atimastillas flavicollis,Yellow-throated Greenbul,649885.5132,NA,NA,NA,Passeriformes,Pycnonotidae (Bulbuls),11562,1069959,91657317,TRUE,FALSE,Atimastillas flavicollis,Passeriformes,Pycnonotidae (Bulbuls),11562,1069959,91657317,TRUE,FALSE,178,AVIBASE-3C8E84A6,Atimastillas flavicollis,Atimastillas flavicollis flavicollis,Chlorocichla flavicollis,1,NHMUK,1966.16.1782,M,0,,NA,Nigeria,NA,22,10.9,4.4,5.7,24.8,105,13.6,91.4,13,105,CV,1,NA,NA,NA,NA,NA
117,Atimastillas flavicollis,Yellow-throated Greenbul,649885.5132,NA,NA,NA,Passeriformes,Pycnonotidae (Bulbuls),11562,1069959,91657317,TRUE,FALSE,Atimastillas flavicollis,Passeriformes,Pycnonotidae (Bulbuls),11562,1069959,91657317,TRUE,FALSE,176,AVIBASE-3C8E84A6,Atimastillas flavicollis,Atimastillas flavicollis flavicollis,Chlorocichla flavicollis,1,NHMUK,1949.33.48,F,0,,NA,Nigeria,NA,21.9,12,4.4,5.5,22.6,103,15,88,14.6,93,CV,1,NA,NA,NA,NA,NA
118,Atimastillas flavicollis,Yellow-throated Greenbul,649885.5132,NA,NA,NA,Passeriformes,Pycnonotidae (Bulbuls),11562,1069959,91657317,TRUE,FALSE,Atimastillas flavicollis,Passeriformes,Pycnonotidae (Bulbuls),11562,1069959,91657317,TRUE,FALSE,179,AVIBASE-3C8E84A6,Atimastillas flavicollis,Atimastillas flavicollis flavicollis,Chlorocichla flavicollis,1,NHMUK,1966.16.1786,M,0,,NA,Nigeria,NA,20.5,10.5,5,5.9,23.1,110,17.2,92.8,15.6,107,CV,1,NA,NA,NA,NA,NA
119,Atimastillas flavicollis,Yellow-throated Greenbul,649885.5132,NA,NA,NA,Passeriformes,Pycnonotidae (Bulbuls),11562,1069959,91657317,TRUE,FALSE,Atimastillas flavicollis,Passeriformes,Pycnonotidae (Bulbuls),11562,1069959,91657317,TRUE,FALSE,180,AVIBASE-3C8E84A6,Atimastillas flavicollis,Atimastillas flavicollis flavicollis,Chlorocichla flavicollis,1,NHMUK,1935.10.8.84,M,0,,NA,NA,NA,27,NA,5,6.6,24.9,115,NA,NA,NA,112,GT,0,NA,NA,NA,NA,NA
120,Atimastillas flavicollis,Yellow-throated Greenbul,649885.5132,NA,NA,NA,Passeriformes,Pycnonotidae (Bulbuls),11562,1069959,91657317,TRUE,FALSE,Atimastillas flavicollis,Passeriformes,Pycnonotidae (Bulbuls),11562,1069959,91657317,TRUE,FALSE,177,AVIBASE-3C8E84A6,Atimastillas flavicollis,Atimastillas flavicollis flavicollis,Chlorocichla flavicollis,1,NHMUK,1966.16.1776,F,0,,NA,Nigeria,NA,22.4,12.2,4.3,5.1,23.3,105,18,87,17.1,95,CV,1,NA,NA,NA,NA,NA
121,Baeopogon indicator,Honeyguide Greenbul,1652808.217,NA,NA,NA,Passeriformes,Pycnonotidae (Bulbuls),5566,525350,46920407,TRUE,FALSE,Baeopogon indicator,Passeriformes,Pycnonotidae (Bulbuls),5566,525350,46920407,TRUE,FALSE,193,AVIBASE-E6A0D208,Baeopogon indicator,Baeopogon indicator,Baeopogon indicator,1,ZFMK,1968-779,F,0,,NA,Cameroon,NA,20.5,NA,NA,NA,20.1,95,15,80,15.8,66,LN,0,NA,NA,NA,NA,NA
122,Baeopogon indicator,Honeyguide Greenbul,1652808.217,NA,NA,NA,Passeriformes,Pycnonotidae (Bulbuls),5566,525350,46920407,TRUE,FALSE,Baeopogon indicator,Passeriformes,Pycnonotidae (Bulbuls),5566,525350,46920407,TRUE,FALSE,194,AVIBASE-E6A0D208,Baeopogon indicator,Baeopogon indicator,Baeopogon indicator,1,ZFMK,1992-054,F,0,,NA,Democratic Republic of the Congo,NA,NA,NA,NA,NA,19.4,99,14,85,14.1,77,DH,0,NA,NA,NA,NA,NA
123,Baeopogon indicator,Honeyguide Greenbul,1652808.217,NA,NA,NA,Passeriformes,Pycnonotidae (Bulbuls),5566,525350,46920407,TRUE,FALSE,Baeopogon indicator,Passeriformes,Pycnonotidae (Bulbuls),5566,525350,46920407,TRUE,FALSE,192,AVIBASE-E6A0D208,Baeopogon indicator,Baeopogon indicator,Baeopogon indicator,1,NHMUK,1966.16.1190,M,0,,NA,Cameroon,NA,18.8,10.3,4,4.4,18.2,101,18,83,17.8,75,CV,1,NA,NA,NA,NA,NA
124,Baeopogon indicator,Honeyguide Greenbul,1652808.217,NA,NA,NA,Passeriformes,Pycnonotidae (Bulbuls),5566,525350,46920407,TRUE,FALSE,Baeopogon indicator,Passeriformes,Pycnonotidae (Bulbuls),5566,525350,46920407,TRUE,FALSE,195,AVIBASE-E6A0D208,Baeopogon indicator,Baeopogon indicator,Baeopogon indicator,1,NHMD,No 5,U,0,,NA,Ghana,NA,21,NA,NA,NA,19.1,96.5,19.5,77,20.2,67.5,LN,0,NA,NA,NA,NA,NA
125,Baeopogon indicator,Honeyguide Greenbul,1652808.217,NA,NA,NA,Passeriformes,Pycnonotidae (Bulbuls),5566,525350,46920407,TRUE,FALSE,Baeopogon indicator,Passeriformes,Pycnonotidae (Bulbuls),5566,525350,46920407,TRUE,FALSE,190,AVIBASE-E6A0D208,Baeopogon indicator,Baeopogon indicator,Baeopogon indicator,1,NHMUK,1911.5.31.287,F,0,,NA,Cameroon,NA,17.8,10.2,4.3,4.5,17,97,16,81,16.5,78,CV,1,NA,NA,NA,NA,NA
126,Baeopogon indicator,Honeyguide Greenbul,1652808.217,NA,NA,NA,Passeriformes,Pycnonotidae (Bulbuls),5566,525350,46920407,TRUE,FALSE,Baeopogon indicator,Passeriformes,Pycnonotidae (Bulbuls),5566,525350,46920407,TRUE,FALSE,196,AVIBASE-E6A0D208,Baeopogon indicator,Baeopogon indicator,Baeopogon indicator,1,NHMUK,1911.5.31.283,M,0,,NA,NA,NA,18.8,NA,4.5,5.1,25.5,99,NA,NA,NA,95,GT,0,NA,NA,NA,NA,NA
127,Baeopogon indicator,Honeyguide Greenbul,1652808.217,NA,NA,NA,Passeriformes,Pycnonotidae (Bulbuls),5566,525350,46920407,TRUE,FALSE,Baeopogon indicator,Passeriformes,Pycnonotidae (Bulbuls),5566,525350,46920407,TRUE,FALSE,189,AVIBASE-E6A0D208,Baeopogon indicator,Baeopogon indicator,Baeopogon indicator,1,NHMUK,1911.5.31.284,F,0,,NA,Cameroon,NA,16.6,8.8,4.4,4.5,18.2,96,15.3,80.7,15.9,84,CV,1,NA,NA,NA,NA,NA
128,Baeopogon indicator,Honeyguide Greenbul,1652808.217,NA,NA,NA,Passeriformes,Pycnonotidae (Bulbuls),5566,525350,46920407,TRUE,FALSE,Baeopogon indicator,Passeriformes,Pycnonotidae (Bulbuls),5566,525350,46920407,TRUE,FALSE,191,AVIBASE-E6A0D208,Baeopogon indicator,Baeopogon indicator,Baeopogon indicator,1,NHMUK,1966.16.1181,M,0,,NA,Cameroon,NA,18.6,10.3,4.4,4.7,18.1,102,15.2,86.8,14.9,85,CV,1,NA,NA,NA,NA,NA
129,Bleda canicapillus,Gray-headed Bristlebill,422414.5535,NA,NA,NA,Passeriformes,Pycnonotidae (Bulbuls),3099,248380,24223042,TRUE,FALSE,Bleda canicapillus,Passeriformes,Pycnonotidae (Bulbuls),3099,248380,24223042,TRUE,FALSE,199,AVIBASE-D4B9EE90,Bleda canicapillus,Bleda canicapillus,Bleda canicapillus,1,NHMUK,1930.12.3.322,M,0,,NA,Sierra Leone,NA,21.7,13.4,4.6,6.5,26.3,100,16.6,83.4,16.6,88.5,CS,1,NA,NA,NA,NA,NA
130,Bleda canicapillus,Gray-headed Bristlebill,422414.5535,NA,NA,NA,Passeriformes,Pycnonotidae (Bulbuls),3099,248380,24223042,TRUE,FALSE,Bleda canicapillus,Passeriformes,Pycnonotidae (Bulbuls),3099,248380,24223042,TRUE,FALSE,200,AVIBASE-D4B9EE90,Bleda canicapillus,Bleda canicapillus,Bleda canicapillus,1,NHMUK,1937.10.15.61,F,0,,NA,Sierra Leone,NA,19.1,12.5,4.2,6.1,24.3,92,13.1,78.9,14.2,89,CS,1,NA,NA,NA,NA,NA
131,Bleda canicapillus,Gray-headed Bristlebill,422414.5535,NA,NA,NA,Passeriformes,Pycnonotidae (Bulbuls),3099,248380,24223042,TRUE,FALSE,Bleda canicapillus,Passeriformes,Pycnonotidae (Bulbuls),3099,248380,24223042,TRUE,FALSE,202,AVIBASE-D4B9EE90,Bleda canicapillus,Bleda canicapillus,Bleda canicapillus,2,Field1,NA,U,0,,NA,Ghana,NA,20,12.7,5.3,6.1,24.8,94,9,85,9.6,91,NNDA,1,NA,NA,NA,NA,NA
132,Bleda canicapillus,Gray-headed Bristlebill,422414.5535,NA,NA,NA,Passeriformes,Pycnonotidae (Bulbuls),3099,248380,24223042,TRUE,FALSE,Bleda canicapillus,Passeriformes,Pycnonotidae (Bulbuls),3099,248380,24223042,TRUE,FALSE,203,AVIBASE-D4B9EE90,Bleda canicapillus,Bleda canicapillus,Bleda canicapillus,2,Field1,NA,U,0,,NA,Ghana,NA,17.6,12.5,5.7,6.1,24.4,95,12.7,82.3,13.4,NA,NNDA,1,NA,NA,NA,NA,NA
133,Bleda canicapillus,Gray-headed Bristlebill,422414.5535,NA,NA,NA,Passeriformes,Pycnonotidae (Bulbuls),3099,248380,24223042,TRUE,FALSE,Bleda canicapillus,Passeriformes,Pycnonotidae (Bulbuls),3099,248380,24223042,TRUE,FALSE,197,AVIBASE-D4B9EE90,Bleda canicapillus,Bleda canicapillus,Bleda canicapillus,1,NHMUK,1930.12.3.318,F,0,,NA,Sierra Leone,NA,18.9,11.8,4.3,6.6,23.3,94.5,14.5,80,15.3,90,CS,1,NA,NA,NA,NA,NA
134,Bleda canicapillus,Gray-headed Bristlebill,422414.5535,NA,NA,NA,Passeriformes,Pycnonotidae (Bulbuls),3099,248380,24223042,TRUE,FALSE,Bleda canicapillus,Passeriformes,Pycnonotidae (Bulbuls),3099,248380,24223042,TRUE,FALSE,201,AVIBASE-D4B9EE90,Bleda canicapillus,Bleda canicapillus,Bleda canicapillus,2,Field1,NA,U,0,,NA,Ghana,NA,20.1,12.4,5.8,6.2,25.9,94,9,85,9.6,91,NNDA,1,NA,NA,NA,NA,NA
135,Bleda canicapillus,Gray-headed Bristlebill,422414.5535,NA,NA,NA,Passeriformes,Pycnonotidae (Bulbuls),3099,248380,24223042,TRUE,FALSE,Bleda canicapillus,Passeriformes,Pycnonotidae (Bulbuls),3099,248380,24223042,TRUE,FALSE,207,AVIBASE-D4B9EE90,Bleda canicapillus,Bleda canicapillus,Bleda canicapillus,2,Field1,NA,U,0,,NA,Ghana,NA,19.8,13.1,5.6,6,24.4,92,11.3,80.7,12.3,NA,NNDA,1,NA,NA,NA,NA,NA
136,Bleda canicapillus,Gray-headed Bristlebill,422414.5535,NA,NA,NA,Passeriformes,Pycnonotidae (Bulbuls),3099,248380,24223042,TRUE,FALSE,Bleda canicapillus,Passeriformes,Pycnonotidae (Bulbuls),3099,248380,24223042,TRUE,FALSE,204,AVIBASE-D4B9EE90,Bleda canicapillus,Bleda canicapillus,Bleda canicapillus,2,Field1,NA,U,0,,NA,Ghana,NA,19.7,14.2,5.4,6.5,25.8,101,12.9,88.1,12.8,93,NNDA,1,NA,NA,NA,NA,NA
137,Bleda canicapillus,Gray-headed Bristlebill,422414.5535,NA,NA,NA,Passeriformes,Pycnonotidae (Bulbuls),3099,248380,24223042,TRUE,FALSE,Bleda canicapillus,Passeriformes,Pycnonotidae (Bulbuls),3099,248380,24223042,TRUE,FALSE,198,AVIBASE-D4B9EE90,Bleda canicapillus,Bleda canicapillus,Bleda canicapillus,1,NHMUK,1930.12.3.319,M,0,,NA,Sierra Leone,NA,21.1,13.7,4.3,6,25.4,101.5,14.2,87.3,14,92,CS,1,NA,NA,NA,NA,NA
138,Bleda canicapillus,Gray-headed Bristlebill,422414.5535,NA,NA,NA,Passeriformes,Pycnonotidae (Bulbuls),3099,248380,24223042,TRUE,FALSE,Bleda canicapillus,Passeriformes,Pycnonotidae (Bulbuls),3099,248380,24223042,TRUE,FALSE,205,AVIBASE-D4B9EE90,Bleda canicapillus,Bleda canicapillus,Bleda canicapillus,2,Field1,NA,U,0,,NA,Ghana,NA,18.2,12.6,5,5.9,27,94,NA,NA,NA,93,NNDA,1,NA,NA,NA,NA,NA
139,Bleda canicapillus,Gray-headed Bristlebill,422414.5535,NA,NA,NA,Passeriformes,Pycnonotidae (Bulbuls),3099,248380,24223042,TRUE,FALSE,Bleda canicapillus,Passeriformes,Pycnonotidae (Bulbuls),3099,248380,24223042,TRUE,FALSE,208,AVIBASE-D4B9EE90,Bleda canicapillus,Bleda canicapillus,Bleda canicapillus,2,Field1,NA,U,0,,NA,Ghana,NA,18.6,12.5,5.8,6.2,27.3,95,13.2,81.8,13.9,85,NNDA,1,NA,NA,NA,NA,NA
140,Bleda canicapillus,Gray-headed Bristlebill,422414.5535,NA,NA,NA,Passeriformes,Pycnonotidae (Bulbuls),3099,248380,24223042,TRUE,FALSE,Bleda canicapillus,Passeriformes,Pycnonotidae (Bulbuls),3099,248380,24223042,TRUE,FALSE,209,AVIBASE-D4B9EE90,Bleda canicapillus,Bleda canicapillus,Bleda canicapillus,2,Field1,NA,U,0,,NA,Ghana,NA,18.2,12.7,5.5,6.1,27.2,99,13,86,13.1,88,NNDA,1,NA,NA,NA,NA,NA
141,Bleda canicapillus,Gray-headed Bristlebill,422414.5535,NA,NA,NA,Passeriformes,Pycnonotidae (Bulbuls),3099,248380,24223042,TRUE,FALSE,Bleda canicapillus,Passeriformes,Pycnonotidae (Bulbuls),3099,248380,24223042,TRUE,FALSE,213,AVIBASE-D4B9EE90,Bleda canicapillus,Bleda canicapillus,Bleda canicapillus,2,Field1,NA,U,0,,NA,Ghana,NA,21.6,14.5,5.6,6.9,30,102,14,88,13.7,94,NNDA,1,NA,NA,NA,NA,NA
142,Bleda canicapillus,Gray-headed Bristlebill,422414.5535,NA,NA,NA,Passeriformes,Pycnonotidae (Bulbuls),3099,248380,24223042,TRUE,FALSE,Bleda canicapillus,Passeriformes,Pycnonotidae (Bulbuls),3099,248380,24223042,TRUE,FALSE,215,AVIBASE-D4B9EE90,Bleda canicapillus,Bleda canicapillus,Bleda canicapillus,2,Field1,NA,U,0,,NA,Ghana,NA,23.1,14.1,6.2,7.2,28.1,103,15,88,14.6,90,NNDA,1,NA,NA,NA,NA,NA
143,Bleda canicapillus,Gray-headed Bristlebill,422414.5535,NA,NA,NA,Passeriformes,Pycnonotidae (Bulbuls),3099,248380,24223042,TRUE,FALSE,Bleda canicapillus,Passeriformes,Pycnonotidae (Bulbuls),3099,248380,24223042,TRUE,FALSE,212,AVIBASE-D4B9EE90,Bleda canicapillus,Bleda canicapillus,Bleda canicapillus,2,Field1,NA,U,0,,NA,Ghana,NA,21.2,14.7,6.3,6.8,26.1,112,19,93,17,95,NNDA,1,NA,NA,NA,NA,NA
144,Bleda canicapillus,Gray-headed Bristlebill,422414.5535,NA,NA,NA,Passeriformes,Pycnonotidae (Bulbuls),3099,248380,24223042,TRUE,FALSE,Bleda canicapillus,Passeriformes,Pycnonotidae (Bulbuls),3099,248380,24223042,TRUE,FALSE,206,AVIBASE-D4B9EE90,Bleda canicapillus,Bleda canicapillus,Bleda canicapillus,2,Field1,NA,U,0,,NA,Ghana,NA,20.4,14,5.6,6.4,16.1,100,17.2,82.8,17.2,92,NNDA,1,NA,NA,NA,NA,NA
145,Bleda canicapillus,Gray-headed Bristlebill,422414.5535,NA,NA,NA,Passeriformes,Pycnonotidae (Bulbuls),3099,248380,24223042,TRUE,FALSE,Bleda canicapillus,Passeriformes,Pycnonotidae (Bulbuls),3099,248380,24223042,TRUE,FALSE,210,AVIBASE-D4B9EE90,Bleda canicapillus,Bleda canicapillus,Bleda canicapillus,2,Field1,NA,U,0,,NA,Ghana,NA,18.5,12.6,4.8,5.4,25.8,99,10,89,10.1,90,NNDA,1,NA,NA,NA,NA,NA
146,Bleda canicapillus,Gray-headed Bristlebill,422414.5535,NA,NA,NA,Passeriformes,Pycnonotidae (Bulbuls),3099,248380,24223042,TRUE,FALSE,Bleda canicapillus,Passeriformes,Pycnonotidae (Bulbuls),3099,248380,24223042,TRUE,FALSE,214,AVIBASE-D4B9EE90,Bleda canicapillus,Bleda canicapillus,Bleda canicapillus,2,Field1,NA,U,0,,NA,Ghana,NA,23.2,15.7,5.7,7.1,27.2,104,12,92,11.5,98,NNDA,1,NA,NA,NA,NA,NA
147,Bleda canicapillus,Gray-headed Bristlebill,422414.5535,NA,NA,NA,Passeriformes,Pycnonotidae (Bulbuls),3099,248380,24223042,TRUE,FALSE,Bleda canicapillus,Passeriformes,Pycnonotidae (Bulbuls),3099,248380,24223042,TRUE,FALSE,211,AVIBASE-D4B9EE90,Bleda canicapillus,Bleda canicapillus,Bleda canicapillus,2,Field1,NA,U,0,,NA,Ghana,NA,21,13.8,5.6,6.7,25.8,98,14.1,83.9,14.4,93,NNDA,1,NA,NA,NA,NA,NA
148,Bleda eximius,Green-tailed Bristlebill,131002.5264,NA,NA,NA,Passeriformes,Pycnonotidae (Bulbuls),244,22303,2024634,TRUE,FALSE,Bleda eximius,Passeriformes,Pycnonotidae (Bulbuls),244,22303,2024634,TRUE,FALSE,216,AVIBASE-68043A88,Bleda eximius,Bleda eximius,Bleda eximius,1,NHMUK,1977.20.1192,M,0,,NA,Liberia,NA,27.1,17.6,4.2,7.1,25.3,107,17.2,89.8,16.1,103,CS,1,NA,NA,NA,NA,NA
149,Bleda eximius,Green-tailed Bristlebill,131002.5264,NA,NA,NA,Passeriformes,Pycnonotidae (Bulbuls),244,22303,2024634,TRUE,FALSE,Bleda eximius,Passeriformes,Pycnonotidae (Bulbuls),244,22303,2024634,TRUE,FALSE,219,AVIBASE-68043A88,Bleda eximius,Bleda eximius,Bleda eximius,1,NHMUK,1977.20.1201,F,0,,NA,Liberia,NA,20.6,13,4.1,6.3,25.9,95.5,13.9,81.6,14.6,88,CS,1,NA,NA,NA,NA,NA
150,Bleda eximius,Green-tailed Bristlebill,131002.5264,NA,NA,NA,Passeriformes,Pycnonotidae (Bulbuls),244,22303,2024634,TRUE,FALSE,Bleda eximius,Passeriformes,Pycnonotidae (Bulbuls),244,22303,2024634,TRUE,FALSE,217,AVIBASE-68043A88,Bleda eximius,Bleda eximius,Bleda eximius,1,NHMUK,1977.20.1193,M,0,,NA,Liberia,NA,26.5,18.2,4.4,7.5,26.1,108.5,16.1,92.4,14.8,100,CS,1,NA,NA,NA,NA,NA
151,Bleda eximius,Green-tailed Bristlebill,131002.5264,NA,NA,NA,Passeriformes,Pycnonotidae (Bulbuls),244,22303,2024634,TRUE,FALSE,Bleda eximius,Passeriformes,Pycnonotidae (Bulbuls),244,22303,2024634,TRUE,FALSE,218,AVIBASE-68043A88,Bleda eximius,Bleda eximius,Bleda eximius,1,NHMUK,1977.20.1197,F,0,,NA,Liberia,NA,21.9,15.3,3.8,6.4,24.1,102,14.7,87.3,14.4,99,CS,1,NA,NA,NA,NA,NA
152,Bleda notatus,Lesser Bristlebill,260454.6742,NA,NA,NA,Passeriformes,Pycnonotidae (Bulbuls),6039,588238,60965560,TRUE,FALSE,Bleda notatus,Passeriformes,Pycnonotidae (Bulbuls),6039,588238,60965560,TRUE,FALSE,237,AVIBASE-4F97BFE1,Bleda notatus,Bleda notatus notatus,Bleda notatus,2,Field1,NA,U,0,,NA,Equatorial Guinea,NA,NA,NA,NA,NA,NA,89,NA,NA,NA,83,SAL,0,NA,NA,NA,NA,NA
153,Bleda notatus,Lesser Bristlebill,260454.6742,NA,NA,NA,Passeriformes,Pycnonotidae (Bulbuls),6039,588238,60965560,TRUE,FALSE,Bleda notatus,Passeriformes,Pycnonotidae (Bulbuls),6039,588238,60965560,TRUE,FALSE,229,AVIBASE-4F97BFE1,Bleda notatus,Bleda notatus notatus,Bleda notatus,2,Field1,NA,U,0,,NA,Equatorial Guinea,NA,NA,NA,NA,NA,NA,88,NA,NA,NA,77,ELK,0,NA,NA,NA,NA,NA
154,Bleda notatus,Lesser Bristlebill,260454.6742,NA,NA,NA,Passeriformes,Pycnonotidae (Bulbuls),6039,588238,60965560,TRUE,FALSE,Bleda notatus,Passeriformes,Pycnonotidae (Bulbuls),6039,588238,60965560,TRUE,FALSE,382,AVIBASE-4F97BFE1,Bleda notatus,Bleda notatus notatus,Bleda notatus,2,Field1,NA,U,0,,NA,Equatorial Guinea,NA,NA,NA,NA,NA,NA,90,NA,NA,NA,82,AKW,0,NA,NA,NA,NA,NA
155,Bleda notatus,Lesser Bristlebill,260454.6742,NA,NA,NA,Passeriformes,Pycnonotidae (Bulbuls),6039,588238,60965560,TRUE,FALSE,Bleda notatus,Passeriformes,Pycnonotidae (Bulbuls),6039,588238,60965560,TRUE,FALSE,425,AVIBASE-4F97BFE1,Bleda notatus,Bleda notatus notatus,Bleda notatus,2,Field1,NA,U,0,,NA,Equatorial Guinea,NA,NA,NA,NA,NA,NA,86,NA,NA,NA,77,CJ,0,NA,NA,NA,NA,NA
156,Bleda notatus,Lesser Bristlebill,260454.6742,NA,NA,NA,Passeriformes,Pycnonotidae (Bulbuls),6039,588238,60965560,TRUE,FALSE,Bleda notatus,Passeriformes,Pycnonotidae (Bulbuls),6039,588238,60965560,TRUE,FALSE,302,AVIBASE-4F97BFE1,Bleda notatus,Bleda notatus notatus,Bleda notatus,2,Field1,NA,U,0,,NA,Equatorial Guinea,NA,NA,NA,NA,NA,NA,87,NA,NA,NA,83,SEM,0,NA,NA,NA,NA,NA
157,Bleda notatus,Lesser Bristlebill,260454.6742,NA,NA,NA,Passeriformes,Pycnonotidae (Bulbuls),6039,588238,60965560,TRUE,FALSE,Bleda notatus,Passeriformes,Pycnonotidae (Bulbuls),6039,588238,60965560,TRUE,FALSE,357,AVIBASE-4F97BFE1,Bleda notatus,Bleda notatus notatus,Bleda notatus,2,Field1,NA,U,0,,NA,Equatorial Guinea,NA,NA,NA,NA,NA,NA,87,NA,NA,NA,76,BAK,0,NA,NA,NA,NA,NA
158,Bleda notatus,Lesser Bristlebill,260454.6742,NA,NA,NA,Passeriformes,Pycnonotidae (Bulbuls),6039,588238,60965560,TRUE,FALSE,Bleda notatus,Passeriformes,Pycnonotidae (Bulbuls),6039,588238,60965560,TRUE,FALSE,350,AVIBASE-4F97BFE1,Bleda notatus,Bleda notatus notatus,Bleda notatus,2,Field1,NA,U,0,,NA,Equatorial Guinea,NA,NA,NA,NA,NA,NA,93,NA,NA,NA,89,EMB,0,NA,NA,NA,NA,NA
159,Bleda notatus,Lesser Bristlebill,260454.6742,NA,NA,NA,Passeriformes,Pycnonotidae (Bulbuls),6039,588238,60965560,TRUE,FALSE,Bleda notatus,Passeriformes,Pycnonotidae (Bulbuls),6039,588238,60965560,TRUE,FALSE,235,AVIBASE-4F97BFE1,Bleda notatus,Bleda notatus notatus,Bleda notatus,2,Field1,NA,U,0,,NA,Equatorial Guinea,NA,NA,NA,NA,NA,NA,95,NA,NA,NA,86,SEM,0,NA,NA,NA,NA,NA
160,Bleda notatus,Lesser Bristlebill,260454.6742,NA,NA,NA,Passeriformes,Pycnonotidae (Bulbuls),6039,588238,60965560,TRUE,FALSE,Bleda notatus,Passeriformes,Pycnonotidae (Bulbuls),6039,588238,60965560,TRUE,FALSE,220,AVIBASE-4F97BFE1,Bleda notatus,Bleda notatus notatus,Bleda notatus,1,NHMUK,1904.6.22.128,M,0,,NA,Equatorial Guinea,NA,21.2,14.3,4.3,6.9,25,94,12.3,81.7,13.1,87,CS,1,NA,NA,NA,NA,NA
161,Bleda notatus,Lesser Bristlebill,260454.6742,NA,NA,NA,Passeriformes,Pycnonotidae (Bulbuls),6039,588238,60965560,TRUE,FALSE,Bleda notatus,Passeriformes,Pycnonotidae (Bulbuls),6039,588238,60965560,TRUE,FALSE,228,AVIBASE-4F97BFE1,Bleda notatus,Bleda notatus notatus,Bleda notatus,1,NHMUK,1936.2.21.288,F,0,,NA,Equatorial Guinea,NA,20.5,12.5,4.7,6.4,25.9,90,15.7,74.3,17.4,70,PW,1,NA,NA,NA,NA,NA
162,Bleda notatus,Lesser Bristlebill,260454.6742,NA,NA,NA,Passeriformes,Pycnonotidae (Bulbuls),6039,588238,60965560,TRUE,FALSE,Bleda notatus,Passeriformes,Pycnonotidae (Bulbuls),6039,588238,60965560,TRUE,FALSE,358,AVIBASE-4F97BFE1,Bleda notatus,Bleda notatus notatus,Bleda notatus,2,Field1,NA,U,0,,NA,Equatorial Guinea,NA,NA,NA,NA,NA,NA,86,NA,NA,NA,82,CAY,0,NA,NA,NA,NA,NA
163,Bleda notatus,Lesser Bristlebill,260454.6742,NA,NA,NA,Passeriformes,Pycnonotidae (Bulbuls),6039,588238,60965560,TRUE,FALSE,Bleda notatus,Passeriformes,Pycnonotidae (Bulbuls),6039,588238,60965560,TRUE,FALSE,349,AVIBASE-4F97BFE1,Bleda notatus,Bleda notatus notatus,Bleda notatus,2,Field1,NA,U,0,,NA,Equatorial Guinea,NA,NA,NA,NA,NA,NA,95,NA,NA,NA,91,SAL,0,NA,NA,NA,NA,NA
164,Bleda notatus,Lesser Bristlebill,260454.6742,NA,NA,NA,Passeriformes,Pycnonotidae (Bulbuls),6039,588238,60965560,TRUE,FALSE,Bleda notatus,Passeriformes,Pycnonotidae (Bulbuls),6039,588238,60965560,TRUE,FALSE,391,AVIBASE-4F97BFE1,Bleda notatus,Bleda notatus notatus,Bleda notatus,2,Field1,NA,U,0,,NA,Equatorial Guinea,NA,NA,NA,NA,NA,NA,88,NA,NA,NA,80,CAY,0,NA,NA,NA,NA,NA
165,Bleda notatus,Lesser Bristlebill,260454.6742,NA,NA,NA,Passeriformes,Pycnonotidae (Bulbuls),6039,588238,60965560,TRUE,FALSE,Bleda notatus,Passeriformes,Pycnonotidae (Bulbuls),6039,588238,60965560,TRUE,FALSE,424,AVIBASE-4F97BFE1,Bleda notatus,Bleda notatus notatus,Bleda notatus,2,Field1,NA,U,0,,NA,Equatorial Guinea,NA,NA,NA,NA,NA,NA,89,NA,NA,NA,80,AKW,0,NA,NA,NA,NA,NA
166,Bleda notatus,Lesser Bristlebill,260454.6742,NA,NA,NA,Passeriformes,Pycnonotidae (Bulbuls),6039,588238,60965560,TRUE,FALSE,Bleda notatus,Passeriformes,Pycnonotidae (Bulbuls),6039,588238,60965560,TRUE,FALSE,348,AVIBASE-4F97BFE1,Bleda notatus,Bleda notatus notatus,Bleda notatus,2,Field1,NA,U,0,,NA,Equatorial Guinea,NA,NA,NA,NA,NA,NA,95,NA,NA,NA,73,SAL,0,NA,NA,NA,NA,NA
167,Bleda notatus,Lesser Bristlebill,260454.6742,NA,NA,NA,Passeriformes,Pycnonotidae (Bulbuls),6039,588238,60965560,TRUE,FALSE,Bleda notatus,Passeriformes,Pycnonotidae (Bulbuls),6039,588238,60965560,TRUE,FALSE,303,AVIBASE-4F97BFE1,Bleda notatus,Bleda notatus notatus,Bleda notatus,2,Field1,NA,U,0,,NA,Equatorial Guinea,NA,NA,NA,NA,NA,NA,93,NA,NA,NA,84,AKW,0,NA,NA,NA,NA,NA
168,Bleda notatus,Lesser Bristlebill,260454.6742,NA,NA,NA,Passeriformes,Pycnonotidae (Bulbuls),6039,588238,60965560,TRUE,FALSE,Bleda notatus,Passeriformes,Pycnonotidae (Bulbuls),6039,588238,60965560,TRUE,FALSE,381,AVIBASE-4F97BFE1,Bleda notatus,Bleda notatus notatus,Bleda notatus,2,Field1,NA,U,0,,NA,Equatorial Guinea,NA,NA,NA,NA,NA,NA,82,NA,NA,NA,71,JDW,0,NA,NA,NA,NA,NA
169,Bleda notatus,Lesser Bristlebill,260454.6742,NA,NA,NA,Passeriformes,Pycnonotidae (Bulbuls),6039,588238,60965560,TRUE,FALSE,Bleda notatus,Passeriformes,Pycnonotidae (Bulbuls),6039,588238,60965560,TRUE,FALSE,259,AVIBASE-4F97BFE1,Bleda notatus,Bleda notatus notatus,Bleda notatus,2,Field1,NA,U,0,,NA,Equatorial Guinea,NA,NA,NA,NA,NA,NA,89,NA,NA,NA,80,JDW,0,NA,NA,NA,NA,NA
170,Bleda notatus,Lesser Bristlebill,260454.6742,NA,NA,NA,Passeriformes,Pycnonotidae (Bulbuls),6039,588238,60965560,TRUE,FALSE,Bleda notatus,Passeriformes,Pycnonotidae (Bulbuls),6039,588238,60965560,TRUE,FALSE,260,AVIBASE-4F97BFE1,Bleda notatus,Bleda notatus notatus,Bleda notatus,2,Field1,NA,U,0,,NA,Equatorial Guinea,NA,NA,NA,NA,NA,NA,87,NA,NA,NA,75,JHW,0,NA,NA,NA,NA,NA
171,Bleda notatus,Lesser Bristlebill,260454.6742,NA,NA,NA,Passeriformes,Pycnonotidae (Bulbuls),6039,588238,60965560,TRUE,FALSE,Bleda notatus,Passeriformes,Pycnonotidae (Bulbuls),6039,588238,60965560,TRUE,FALSE,304,AVIBASE-4F97BFE1,Bleda notatus,Bleda notatus notatus,Bleda notatus,2,Field1,NA,U,0,,NA,Equatorial Guinea,NA,NA,NA,NA,NA,NA,95,NA,NA,NA,NA,BAK,0,NA,NA,NA,NA,NA
172,Bleda notatus,Lesser Bristlebill,260454.6742,NA,NA,NA,Passeriformes,Pycnonotidae (Bulbuls),6039,588238,60965560,TRUE,FALSE,Bleda notatus,Passeriformes,Pycnonotidae (Bulbuls),6039,588238,60965560,TRUE,FALSE,227,AVIBASE-4F97BFE1,Bleda notatus,Bleda notatus notatus,Bleda notatus,1,NHMUK,1924.11.2.130,F,0,,NA,Cameroon,NA,19.2,12.5,4.9,6,24.6,90,11.2,78.8,12.4,77,PW,1,NA,NA,NA,NA,NA
173,Bleda notatus,Lesser Bristlebill,260454.6742,NA,NA,NA,Passeriformes,Pycnonotidae (Bulbuls),6039,588238,60965560,TRUE,FALSE,Bleda notatus,Passeriformes,Pycnonotidae (Bulbuls),6039,588238,60965560,TRUE,FALSE,226,AVIBASE-4F97BFE1,Bleda notatus,Bleda notatus notatus,Bleda notatus,1,NHMUK,1911.12.23.1672,F,0,,NA,Equatorial Guinea,NA,20.5,12.8,4.7,6.2,25.8,94,14,80,14.9,79,CS,1,NA,NA,NA,NA,NA
174,Bleda notatus,Lesser Bristlebill,260454.6742,NA,NA,NA,Passeriformes,Pycnonotidae (Bulbuls),6039,588238,60965560,TRUE,FALSE,Bleda notatus,Passeriformes,Pycnonotidae (Bulbuls),6039,588238,60965560,TRUE,FALSE,240,AVIBASE-4F97BFE1,Bleda notatus,Bleda notatus notatus,Bleda notatus,2,Field1,NA,U,0,,NA,Equatorial Guinea,NA,NA,NA,NA,NA,NA,87,NA,NA,NA,79,SEM,0,NA,NA,NA,NA,NA
175,Bleda notatus,Lesser Bristlebill,260454.6742,NA,NA,NA,Passeriformes,Pycnonotidae (Bulbuls),6039,588238,60965560,TRUE,FALSE,Bleda notatus,Passeriformes,Pycnonotidae (Bulbuls),6039,588238,60965560,TRUE,FALSE,360,AVIBASE-4F97BFE1,Bleda notatus,Bleda notatus notatus,Bleda notatus,2,Field1,NA,U,0,,NA,Equatorial Guinea,NA,NA,NA,NA,NA,NA,86,NA,NA,NA,80,SEM,0,NA,NA,NA,NA,NA
176,Bleda notatus,Lesser Bristlebill,260454.6742,NA,NA,NA,Passeriformes,Pycnonotidae (Bulbuls),6039,588238,60965560,TRUE,FALSE,Bleda notatus,Passeriformes,Pycnonotidae (Bulbuls),6039,588238,60965560,TRUE,FALSE,361,AVIBASE-4F97BFE1,Bleda notatus,Bleda notatus notatus,Bleda notatus,2,Field1,NA,U,0,,NA,Equatorial Guinea,NA,NA,NA,NA,NA,NA,95,NA,NA,NA,85,JDW,0,NA,NA,NA,NA,NA
177,Bleda notatus,Lesser Bristlebill,260454.6742,NA,NA,NA,Passeriformes,Pycnonotidae (Bulbuls),6039,588238,60965560,TRUE,FALSE,Bleda notatus,Passeriformes,Pycnonotidae (Bulbuls),6039,588238,60965560,TRUE,FALSE,241,AVIBASE-4F97BFE1,Bleda notatus,Bleda notatus notatus,Bleda notatus,2,Field1,NA,U,0,,NA,Equatorial Guinea,NA,NA,NA,NA,NA,NA,87,NA,NA,NA,79,CAY,0,NA,NA,NA,NA,NA
178,Bleda notatus,Lesser Bristlebill,260454.6742,NA,NA,NA,Passeriformes,Pycnonotidae (Bulbuls),6039,588238,60965560,TRUE,FALSE,Bleda notatus,Passeriformes,Pycnonotidae (Bulbuls),6039,588238,60965560,TRUE,FALSE,230,AVIBASE-4F97BFE1,Bleda notatus,Bleda notatus notatus,Bleda notatus,2,Field1,NA,U,0,,NA,Equatorial Guinea,NA,NA,NA,NA,NA,NA,84,NA,NA,NA,74,AKW,0,NA,NA,NA,NA,NA
179,Bleda notatus,Lesser Bristlebill,260454.6742,NA,NA,NA,Passeriformes,Pycnonotidae (Bulbuls),6039,588238,60965560,TRUE,FALSE,Bleda notatus,Passeriformes,Pycnonotidae (Bulbuls),6039,588238,60965560,TRUE,FALSE,300,AVIBASE-4F97BFE1,Bleda notatus,Bleda notatus notatus,Bleda notatus,2,Field1,NA,U,0,,NA,Equatorial Guinea,NA,NA,NA,NA,NA,NA,94,NA,NA,NA,78,JHW,0,NA,NA,NA,NA,NA
180,Bleda notatus,Lesser Bristlebill,260454.6742,NA,NA,NA,Passeriformes,Pycnonotidae (Bulbuls),6039,588238,60965560,TRUE,FALSE,Bleda notatus,Passeriformes,Pycnonotidae (Bulbuls),6039,588238,60965560,TRUE,FALSE,340,AVIBASE-4F97BFE1,Bleda notatus,Bleda notatus notatus,Bleda notatus,2,Field1,NA,U,0,,NA,Equatorial Guinea,NA,NA,NA,NA,NA,NA,91,NA,NA,NA,83,MEB,0,NA,NA,NA,NA,NA
181,Bleda notatus,Lesser Bristlebill,260454.6742,NA,NA,NA,Passeriformes,Pycnonotidae (Bulbuls),6039,588238,60965560,TRUE,FALSE,Bleda notatus,Passeriformes,Pycnonotidae (Bulbuls),6039,588238,60965560,TRUE,FALSE,231,AVIBASE-4F97BFE1,Bleda notatus,Bleda notatus notatus,Bleda notatus,2,Field1,NA,U,0,,NA,Equatorial Guinea,NA,NA,NA,NA,NA,NA,88,NA,NA,NA,77,LLP,0,NA,NA,NA,NA,NA
182,Bleda notatus,Lesser Bristlebill,260454.6742,NA,NA,NA,Passeriformes,Pycnonotidae (Bulbuls),6039,588238,60965560,TRUE,FALSE,Bleda notatus,Passeriformes,Pycnonotidae (Bulbuls),6039,588238,60965560,TRUE,FALSE,355,AVIBASE-4F97BFE1,Bleda notatus,Bleda notatus notatus,Bleda notatus,2,Field1,NA,U,0,,NA,Equatorial Guinea,NA,NA,NA,NA,NA,NA,89,NA,NA,NA,NA,AKW,0,NA,NA,NA,NA,NA
183,Bleda notatus,Lesser Bristlebill,260454.6742,NA,NA,NA,Passeriformes,Pycnonotidae (Bulbuls),6039,588238,60965560,TRUE,FALSE,Bleda notatus,Passeriformes,Pycnonotidae (Bulbuls),6039,588238,60965560,TRUE,FALSE,236,AVIBASE-4F97BFE1,Bleda notatus,Bleda notatus notatus,Bleda notatus,2,Field1,NA,U,0,,NA,Equatorial Guinea,NA,NA,NA,NA,NA,NA,93,NA,NA,NA,79,JHW,0,NA,NA,NA,NA,NA
184,Bleda notatus,Lesser Bristlebill,260454.6742,NA,NA,NA,Passeriformes,Pycnonotidae (Bulbuls),6039,588238,60965560,TRUE,FALSE,Bleda notatus,Passeriformes,Pycnonotidae (Bulbuls),6039,588238,60965560,TRUE,FALSE,234,AVIBASE-4F97BFE1,Bleda notatus,Bleda notatus notatus,Bleda notatus,2,Field1,NA,U,0,,NA,Equatorial Guinea,NA,NA,NA,NA,NA,NA,95,NA,NA,NA,87,JDW,0,NA,NA,NA,NA,NA
185,Bleda notatus,Lesser Bristlebill,260454.6742,NA,NA,NA,Passeriformes,Pycnonotidae (Bulbuls),6039,588238,60965560,TRUE,FALSE,Bleda notatus,Passeriformes,Pycnonotidae (Bulbuls),6039,588238,60965560,TRUE,FALSE,238,AVIBASE-4F97BFE1,Bleda notatus,Bleda notatus notatus,Bleda notatus,2,Field1,NA,U,0,,NA,Equatorial Guinea,NA,NA,NA,NA,NA,NA,91,NA,NA,NA,85,SAL,0,NA,NA,NA,NA,NA
186,Bleda notatus,Lesser Bristlebill,260454.6742,NA,NA,NA,Passeriformes,Pycnonotidae (Bulbuls),6039,588238,60965560,TRUE,FALSE,Bleda notatus,Passeriformes,Pycnonotidae (Bulbuls),6039,588238,60965560,TRUE,FALSE,239,AVIBASE-4F97BFE1,Bleda notatus,Bleda notatus notatus,Bleda notatus,2,Field1,NA,U,0,,NA,Equatorial Guinea,NA,NA,NA,NA,NA,NA,92,NA,NA,NA,82,AKW,0,NA,NA,NA,NA,NA
187,Bleda notatus,Lesser Bristlebill,260454.6742,NA,NA,NA,Passeriformes,Pycnonotidae (Bulbuls),6039,588238,60965560,TRUE,FALSE,Bleda notatus,Passeriformes,Pycnonotidae (Bulbuls),6039,588238,60965560,TRUE,FALSE,307,AVIBASE-4F97BFE1,Bleda notatus,Bleda notatus notatus,Bleda notatus,2,Field1,NA,U,0,,NA,Equatorial Guinea,NA,NA,NA,NA,NA,NA,95,NA,NA,NA,83,CAY,0,NA,NA,NA,NA,NA
188,Bleda notatus,Lesser Bristlebill,260454.6742,NA,NA,NA,Passeriformes,Pycnonotidae (Bulbuls),6039,588238,60965560,TRUE,FALSE,Bleda notatus,Passeriformes,Pycnonotidae (Bulbuls),6039,588238,60965560,TRUE,FALSE,346,AVIBASE-4F97BFE1,Bleda notatus,Bleda notatus notatus,Bleda notatus,2,Field1,NA,U,0,,NA,Equatorial Guinea,NA,NA,NA,NA,NA,NA,86,NA,NA,NA,85,JDW,0,NA,NA,NA,NA,NA
189,Bleda notatus,Lesser Bristlebill,260454.6742,NA,NA,NA,Passeriformes,Pycnonotidae (Bulbuls),6039,588238,60965560,TRUE,FALSE,Bleda notatus,Passeriformes,Pycnonotidae (Bulbuls),6039,588238,60965560,TRUE,FALSE,308,AVIBASE-4F97BFE1,Bleda notatus,Bleda notatus notatus,Bleda notatus,2,Field1,NA,U,0,,NA,Equatorial Guinea,NA,NA,NA,NA,NA,NA,95,NA,NA,NA,84,CAY,0,NA,NA,NA,NA,NA
190,Bleda notatus,Lesser Bristlebill,260454.6742,NA,NA,NA,Passeriformes,Pycnonotidae (Bulbuls),6039,588238,60965560,TRUE,FALSE,Bleda notatus,Passeriformes,Pycnonotidae (Bulbuls),6039,588238,60965560,TRUE,FALSE,429,AVIBASE-4F97BFE1,Bleda notatus,Bleda notatus notatus,Bleda notatus,2,Field1,NA,U,0,,NA,Equatorial Guinea,NA,NA,NA,NA,NA,NA,98,NA,NA,NA,88,AKW,0,NA,NA,NA,NA,NA
191,Bleda notatus,Lesser Bristlebill,260454.6742,NA,NA,NA,Passeriformes,Pycnonotidae (Bulbuls),6039,588238,60965560,TRUE,FALSE,Bleda notatus,Passeriformes,Pycnonotidae (Bulbuls),6039,588238,60965560,TRUE,FALSE,309,AVIBASE-4F97BFE1,Bleda notatus,Bleda notatus notatus,Bleda notatus,2,Field1,NA,U,0,,NA,Equatorial Guinea,NA,NA,NA,NA,NA,NA,94,NA,NA,NA,86,CAY,0,NA,NA,NA,NA,NA
192,Bleda notatus,Lesser Bristlebill,260454.6742,NA,NA,NA,Passeriformes,Pycnonotidae (Bulbuls),6039,588238,60965560,TRUE,FALSE,Bleda notatus,Passeriformes,Pycnonotidae (Bulbuls),6039,588238,60965560,TRUE,FALSE,301,AVIBASE-4F97BFE1,Bleda notatus,Bleda notatus notatus,Bleda notatus,2,Field1,NA,U,0,,NA,Equatorial Guinea,NA,NA,NA,NA,NA,NA,94,NA,NA,NA,NA,JHW,0,NA,NA,NA,NA,NA
193,Bleda notatus,Lesser Bristlebill,260454.6742,NA,NA,NA,Passeriformes,Pycnonotidae (Bulbuls),6039,588238,60965560,TRUE,FALSE,Bleda notatus,Passeriformes,Pycnonotidae (Bulbuls),6039,588238,60965560,TRUE,FALSE,354,AVIBASE-4F97BFE1,Bleda notatus,Bleda notatus notatus,Bleda notatus,2,Field1,NA,U,0,,NA,Equatorial Guinea,NA,NA,NA,NA,NA,NA,93,NA,NA,NA,83,PFR,0,NA,NA,NA,NA,NA
194,Bleda notatus,Lesser Bristlebill,260454.6742,NA,NA,NA,Passeriformes,Pycnonotidae (Bulbuls),6039,588238,60965560,TRUE,FALSE,Bleda notatus,Passeriformes,Pycnonotidae (Bulbuls),6039,588238,60965560,TRUE,FALSE,339,AVIBASE-4F97BFE1,Bleda notatus,Bleda notatus notatus,Bleda notatus,2,Field1,NA,U,0,,NA,Equatorial Guinea,NA,NA,NA,NA,NA,NA,93,NA,NA,NA,82,JDW,0,NA,NA,NA,NA,NA
195,Bleda notatus,Lesser Bristlebill,260454.6742,NA,NA,NA,Passeriformes,Pycnonotidae (Bulbuls),6039,588238,60965560,TRUE,FALSE,Bleda notatus,Passeriformes,Pycnonotidae (Bulbuls),6039,588238,60965560,TRUE,FALSE,420,AVIBASE-4F97BFE1,Bleda notatus,Bleda notatus notatus,Bleda notatus,2,Field1,NA,U,0,,NA,Equatorial Guinea,NA,NA,NA,NA,NA,NA,85,NA,NA,NA,77,LLP,0,NA,NA,NA,NA,NA
196,Bleda notatus,Lesser Bristlebill,260454.6742,NA,NA,NA,Passeriformes,Pycnonotidae (Bulbuls),6039,588238,60965560,TRUE,FALSE,Bleda notatus,Passeriformes,Pycnonotidae (Bulbuls),6039,588238,60965560,TRUE,FALSE,298,AVIBASE-4F97BFE1,Bleda notatus,Bleda notatus notatus,Bleda notatus,2,Field1,NA,U,0,,NA,Equatorial Guinea,NA,NA,NA,NA,NA,NA,89,NA,NA,NA,NA,SEM,0,NA,NA,NA,NA,NA
197,Bleda notatus,Lesser Bristlebill,260454.6742,NA,NA,NA,Passeriformes,Pycnonotidae (Bulbuls),6039,588238,60965560,TRUE,FALSE,Bleda notatus,Passeriformes,Pycnonotidae (Bulbuls),6039,588238,60965560,TRUE,FALSE,380,AVIBASE-4F97BFE1,Bleda notatus,Bleda notatus notatus,Bleda notatus,2,Field1,NA,U,0,,NA,Equatorial Guinea,NA,NA,NA,NA,NA,NA,95,NA,NA,NA,89,PFR,0,NA,NA,NA,NA,NA
198,Bleda notatus,Lesser Bristlebill,260454.6742,NA,NA,NA,Passeriformes,Pycnonotidae (Bulbuls),6039,588238,60965560,TRUE,FALSE,Bleda notatus,Passeriformes,Pycnonotidae (Bulbuls),6039,588238,60965560,TRUE,FALSE,438,AVIBASE-4F97BFE1,Bleda notatus,Bleda notatus notatus,Bleda notatus,2,Field1,NA,U,0,,NA,Equatorial Guinea,NA,NA,NA,NA,NA,NA,97,NA,NA,NA,92,LLP,0,NA,NA,NA,NA,NA
199,Bleda notatus,Lesser Bristlebill,260454.6742,NA,NA,NA,Passeriformes,Pycnonotidae (Bulbuls),6039,588238,60965560,TRUE,FALSE,Bleda notatus,Passeriformes,Pycnonotidae (Bulbuls),6039,588238,60965560,TRUE,FALSE,316,AVIBASE-4F97BFE1,Bleda notatus,Bleda notatus notatus,Bleda notatus,2,Field1,NA,U,0,,NA,Equatorial Guinea,NA,NA,NA,NA,NA,NA,92,NA,NA,NA,86,BAK,0,NA,NA,NA,NA,NA
200,Bleda notatus,Lesser Bristlebill,260454.6742,NA,NA,NA,Passeriformes,Pycnonotidae (Bulbuls),6039,588238,60965560,TRUE,FALSE,Bleda notatus,Passeriformes,Pycnonotidae (Bulbuls),6039,588238,60965560,TRUE,FALSE,400,AVIBASE-4F97BFE1,Bleda notatus,Bleda notatus notatus,Bleda notatus,2,Field1,NA,U,0,,NA,Equatorial Guinea,NA,NA,NA,NA,NA,NA,84,NA,NA,NA,81,CJ,0,NA,NA,NA,NA,NA
201,Bleda notatus,Lesser Bristlebill,260454.6742,NA,NA,NA,Passeriformes,Pycnonotidae (Bulbuls),6039,588238,60965560,TRUE,FALSE,Bleda notatus,Passeriformes,Pycnonotidae (Bulbuls),6039,588238,60965560,TRUE,FALSE,277,AVIBASE-4F97BFE1,Bleda notatus,Bleda notatus notatus,Bleda notatus,2,Field1,NA,U,0,,NA,Equatorial Guinea,NA,NA,NA,NA,NA,NA,87,NA,NA,NA,80,JDW,0,NA,NA,NA,NA,NA
202,Bleda notatus,Lesser Bristlebill,260454.6742,NA,NA,NA,Passeriformes,Pycnonotidae (Bulbuls),6039,588238,60965560,TRUE,FALSE,Bleda notatus,Passeriformes,Pycnonotidae (Bulbuls),6039,588238,60965560,TRUE,FALSE,401,AVIBASE-4F97BFE1,Bleda notatus,Bleda notatus notatus,Bleda notatus,2,Field1,NA,U,0,,NA,Equatorial Guinea,NA,NA,NA,NA,NA,NA,91,NA,NA,NA,76,BAK,0,NA,NA,NA,NA,NA
203,Bleda notatus,Lesser Bristlebill,260454.6742,NA,NA,NA,Passeriformes,Pycnonotidae (Bulbuls),6039,588238,60965560,TRUE,FALSE,Bleda notatus,Passeriformes,Pycnonotidae (Bulbuls),6039,588238,60965560,TRUE,FALSE,402,AVIBASE-4F97BFE1,Bleda notatus,Bleda notatus notatus,Bleda notatus,2,Field1,NA,U,0,,NA,Equatorial Guinea,NA,NA,NA,NA,NA,NA,90,NA,NA,NA,85,JDW,0,NA,NA,NA,NA,NA
204,Bleda notatus,Lesser Bristlebill,260454.6742,NA,NA,NA,Passeriformes,Pycnonotidae (Bulbuls),6039,588238,60965560,TRUE,FALSE,Bleda notatus,Passeriformes,Pycnonotidae (Bulbuls),6039,588238,60965560,TRUE,FALSE,403,AVIBASE-4F97BFE1,Bleda notatus,Bleda notatus notatus,Bleda notatus,2,Field1,NA,U,0,,NA,Equatorial Guinea,NA,NA,NA,NA,NA,NA,92,NA,NA,NA,86,BAK,0,NA,NA,NA,NA,NA
205,Bleda notatus,Lesser Bristlebill,260454.6742,NA,NA,NA,Passeriformes,Pycnonotidae (Bulbuls),6039,588238,60965560,TRUE,FALSE,Bleda notatus,Passeriformes,Pycnonotidae (Bulbuls),6039,588238,60965560,TRUE,FALSE,390,AVIBASE-4F97BFE1,Bleda notatus,Bleda notatus notatus,Bleda notatus,2,Field1,NA,U,0,,NA,Equatorial Guinea,NA,NA,NA,NA,NA,NA,104,NA,NA,NA,92,AKW,0,NA,NA,NA,NA,NA
206,Bleda notatus,Lesser Bristlebill,260454.6742,NA,NA,NA,Passeriformes,Pycnonotidae (Bulbuls),6039,588238,60965560,TRUE,FALSE,Bleda notatus,Passeriformes,Pycnonotidae (Bulbuls),6039,588238,60965560,TRUE,FALSE,299,AVIBASE-4F97BFE1,Bleda notatus,Bleda notatus notatus,Bleda notatus,2,Field1,NA,U,0,,NA,Equatorial Guinea,NA,NA,NA,NA,NA,NA,82,NA,NA,NA,73,AKW,0,NA,NA,NA,NA,NA
207,Bleda notatus,Lesser Bristlebill,260454.6742,NA,NA,NA,Passeriformes,Pycnonotidae (Bulbuls),6039,588238,60965560,TRUE,FALSE,Bleda notatus,Passeriformes,Pycnonotidae (Bulbuls),6039,588238,60965560,TRUE,FALSE,351,AVIBASE-4F97BFE1,Bleda notatus,Bleda notatus notatus,Bleda notatus,2,Field1,NA,U,0,,NA,Equatorial Guinea,NA,NA,NA,NA,NA,NA,88,NA,NA,NA,78,JDW,0,NA,NA,NA,NA,NA
208,Bleda notatus,Lesser Bristlebill,260454.6742,NA,NA,NA,Passeriformes,Pycnonotidae (Bulbuls),6039,588238,60965560,TRUE,FALSE,Bleda notatus,Passeriformes,Pycnonotidae (Bulbuls),6039,588238,60965560,TRUE,FALSE,394,AVIBASE-4F97BFE1,Bleda notatus,Bleda notatus notatus,Bleda notatus,2,Field1,NA,U,0,,NA,Equatorial Guinea,NA,NA,NA,NA,NA,NA,82,NA,NA,NA,76,EMB,0,NA,NA,NA,NA,NA
209,Bleda notatus,Lesser Bristlebill,260454.6742,NA,NA,NA,Passeriformes,Pycnonotidae (Bulbuls),6039,588238,60965560,TRUE,FALSE,Bleda notatus,Passeriformes,Pycnonotidae (Bulbuls),6039,588238,60965560,TRUE,FALSE,232,AVIBASE-4F97BFE1,Bleda notatus,Bleda notatus notatus,Bleda notatus,2,Field1,NA,U,0,,NA,Equatorial Guinea,NA,NA,NA,NA,NA,NA,97,NA,NA,NA,87,CJ,0,NA,NA,NA,NA,NA
210,Bleda notatus,Lesser Bristlebill,260454.6742,NA,NA,NA,Passeriformes,Pycnonotidae (Bulbuls),6039,588238,60965560,TRUE,FALSE,Bleda notatus,Passeriformes,Pycnonotidae (Bulbuls),6039,588238,60965560,TRUE,FALSE,356,AVIBASE-4F97BFE1,Bleda notatus,Bleda notatus notatus,Bleda notatus,2,Field1,NA,U,0,,NA,Equatorial Guinea,NA,NA,NA,NA,NA,NA,93,NA,NA,NA,84,SAL,0,NA,NA,NA,NA,NA
211,Bleda notatus,Lesser Bristlebill,260454.6742,NA,NA,NA,Passeriformes,Pycnonotidae (Bulbuls),6039,588238,60965560,TRUE,FALSE,Bleda notatus,Passeriformes,Pycnonotidae (Bulbuls),6039,588238,60965560,TRUE,FALSE,341,AVIBASE-4F97BFE1,Bleda notatus,Bleda notatus notatus,Bleda notatus,2,Field1,NA,U,0,,NA,Equatorial Guinea,NA,NA,NA,NA,NA,NA,86,NA,NA,NA,83,AKW,0,NA,NA,NA,NA,NA
212,Bleda notatus,Lesser Bristlebill,260454.6742,NA,NA,NA,Passeriformes,Pycnonotidae (Bulbuls),6039,588238,60965560,TRUE,FALSE,Bleda notatus,Passeriformes,Pycnonotidae (Bulbuls),6039,588238,60965560,TRUE,FALSE,275,AVIBASE-4F97BFE1,Bleda notatus,Bleda notatus notatus,Bleda notatus,2,Field1,NA,U,0,,NA,Equatorial Guinea,NA,NA,NA,NA,NA,NA,90,NA,NA,NA,NA,SAL,0,NA,NA,NA,NA,NA
213,Bleda notatus,Lesser Bristlebill,260454.6742,NA,NA,NA,Passeriformes,Pycnonotidae (Bulbuls),6039,588238,60965560,TRUE,FALSE,Bleda notatus,Passeriformes,Pycnonotidae (Bulbuls),6039,588238,60965560,TRUE,FALSE,276,AVIBASE-4F97BFE1,Bleda notatus,Bleda notatus notatus,Bleda notatus,2,Field1,NA,U,0,,NA,Equatorial Guinea,NA,NA,NA,NA,NA,NA,90,NA,NA,NA,81,EMB,0,NA,NA,NA,NA,NA
214,Bleda notatus,Lesser Bristlebill,260454.6742,NA,NA,NA,Passeriformes,Pycnonotidae (Bulbuls),6039,588238,60965560,TRUE,FALSE,Bleda notatus,Passeriformes,Pycnonotidae (Bulbuls),6039,588238,60965560,TRUE,FALSE,414,AVIBASE-4F97BFE1,Bleda notatus,Bleda notatus notatus,Bleda notatus,2,Field1,NA,U,0,,NA,Equatorial Guinea,NA,NA,NA,NA,NA,NA,95,NA,NA,NA,85,JDW,0,NA,NA,NA,NA,NA
215,Bleda notatus,Lesser Bristlebill,260454.6742,NA,NA,NA,Passeriformes,Pycnonotidae (Bulbuls),6039,588238,60965560,TRUE,FALSE,Bleda notatus,Passeriformes,Pycnonotidae (Bulbuls),6039,588238,60965560,TRUE,FALSE,332,AVIBASE-4F97BFE1,Bleda notatus,Bleda notatus notatus,Bleda notatus,2,Field1,NA,U,0,,NA,Equatorial Guinea,NA,NA,NA,NA,NA,NA,100,NA,NA,NA,92,JDW,0,NA,NA,NA,NA,NA
216,Bleda notatus,Lesser Bristlebill,260454.6742,NA,NA,NA,Passeriformes,Pycnonotidae (Bulbuls),6039,588238,60965560,TRUE,FALSE,Bleda notatus,Passeriformes,Pycnonotidae (Bulbuls),6039,588238,60965560,TRUE,FALSE,333,AVIBASE-4F97BFE1,Bleda notatus,Bleda notatus notatus,Bleda notatus,2,Field1,NA,U,0,,NA,Equatorial Guinea,NA,NA,NA,NA,NA,NA,96,NA,NA,NA,92,BAK,0,NA,NA,NA,NA,NA
217,Bleda notatus,Lesser Bristlebill,260454.6742,NA,NA,NA,Passeriformes,Pycnonotidae (Bulbuls),6039,588238,60965560,TRUE,FALSE,Bleda notatus,Passeriformes,Pycnonotidae (Bulbuls),6039,588238,60965560,TRUE,FALSE,336,AVIBASE-4F97BFE1,Bleda notatus,Bleda notatus notatus,Bleda notatus,2,Field1,NA,U,0,,NA,Equatorial Guinea,NA,NA,NA,NA,NA,NA,80,NA,NA,NA,70,JHW,0,NA,NA,NA,NA,NA
218,Bleda notatus,Lesser Bristlebill,260454.6742,NA,NA,NA,Passeriformes,Pycnonotidae (Bulbuls),6039,588238,60965560,TRUE,FALSE,Bleda notatus,Passeriformes,Pycnonotidae (Bulbuls),6039,588238,60965560,TRUE,FALSE,404,AVIBASE-4F97BFE1,Bleda notatus,Bleda notatus notatus,Bleda notatus,2,Field1,NA,U,0,,NA,Equatorial Guinea,NA,NA,NA,NA,NA,NA,92,NA,NA,NA,96,JHW,0,NA,NA,NA,NA,NA
219,Bleda notatus,Lesser Bristlebill,260454.6742,NA,NA,NA,Passeriformes,Pycnonotidae (Bulbuls),6039,588238,60965560,TRUE,FALSE,Bleda notatus,Passeriformes,Pycnonotidae (Bulbuls),6039,588238,60965560,TRUE,FALSE,268,AVIBASE-4F97BFE1,Bleda notatus,Bleda notatus notatus,Bleda notatus,2,Field1,NA,U,0,,NA,Equatorial Guinea,NA,NA,NA,NA,NA,NA,98,NA,NA,NA,88,JDW,0,NA,NA,NA,NA,NA
220,Bleda notatus,Lesser Bristlebill,260454.6742,NA,NA,NA,Passeriformes,Pycnonotidae (Bulbuls),6039,588238,60965560,TRUE,FALSE,Bleda notatus,Passeriformes,Pycnonotidae (Bulbuls),6039,588238,60965560,TRUE,FALSE,423,AVIBASE-4F97BFE1,Bleda notatus,Bleda notatus notatus,Bleda notatus,2,Field1,NA,U,0,,NA,Equatorial Guinea,NA,NA,NA,NA,NA,NA,94,NA,NA,NA,86,SEM,0,NA,NA,NA,NA,NA
221,Bleda notatus,Lesser Bristlebill,260454.6742,NA,NA,NA,Passeriformes,Pycnonotidae (Bulbuls),6039,588238,60965560,TRUE,FALSE,Bleda notatus,Passeriformes,Pycnonotidae (Bulbuls),6039,588238,60965560,TRUE,FALSE,421,AVIBASE-4F97BFE1,Bleda notatus,Bleda notatus notatus,Bleda notatus,2,Field1,NA,U,0,,NA,Equatorial Guinea,NA,NA,NA,NA,NA,NA,92,NA,NA,NA,86,JHW,0,NA,NA,NA,NA,NA
222,Bleda notatus,Lesser Bristlebill,260454.6742,NA,NA,NA,Passeriformes,Pycnonotidae (Bulbuls),6039,588238,60965560,TRUE,FALSE,Bleda notatus,Passeriformes,Pycnonotidae (Bulbuls),6039,588238,60965560,TRUE,FALSE,258,AVIBASE-4F97BFE1,Bleda notatus,Bleda notatus notatus,Bleda notatus,2,Field1,NA,U,0,,NA,Equatorial Guinea,NA,NA,NA,NA,NA,NA,86,NA,NA,NA,79,EMB,0,NA,NA,NA,NA,NA
223,Bleda notatus,Lesser Bristlebill,260454.6742,NA,NA,NA,Passeriformes,Pycnonotidae (Bulbuls),6039,588238,60965560,TRUE,FALSE,Bleda notatus,Passeriformes,Pycnonotidae (Bulbuls),6039,588238,60965560,TRUE,FALSE,379,AVIBASE-4F97BFE1,Bleda notatus,Bleda notatus notatus,Bleda notatus,2,Field1,NA,U,0,,NA,Equatorial Guinea,NA,NA,NA,NA,NA,NA,95,NA,NA,NA,81,JDW,0,NA,NA,NA,NA,NA
224,Bleda notatus,Lesser Bristlebill,260454.6742,NA,NA,NA,Passeriformes,Pycnonotidae (Bulbuls),6039,588238,60965560,TRUE,FALSE,Bleda notatus,Passeriformes,Pycnonotidae (Bulbuls),6039,588238,60965560,TRUE,FALSE,437,AVIBASE-4F97BFE1,Bleda notatus,Bleda notatus notatus,Bleda notatus,2,Field1,NA,U,0,,NA,Equatorial Guinea,NA,NA,NA,NA,NA,NA,95,NA,NA,NA,85,CJ,0,NA,NA,NA,NA,NA
225,Bleda notatus,Lesser Bristlebill,260454.6742,NA,NA,NA,Passeriformes,Pycnonotidae (Bulbuls),6039,588238,60965560,TRUE,FALSE,Bleda notatus,Passeriformes,Pycnonotidae (Bulbuls),6039,588238,60965560,TRUE,FALSE,412,AVIBASE-4F97BFE1,Bleda notatus,Bleda notatus notatus,Bleda notatus,2,Field1,NA,U,0,,NA,Equatorial Guinea,NA,NA,NA,NA,NA,NA,96,NA,NA,NA,89,SAL,0,NA,NA,NA,NA,NA
226,Bleda notatus,Lesser Bristlebill,260454.6742,NA,NA,NA,Passeriformes,Pycnonotidae (Bulbuls),6039,588238,60965560,TRUE,FALSE,Bleda notatus,Passeriformes,Pycnonotidae (Bulbuls),6039,588238,60965560,TRUE,FALSE,413,AVIBASE-4F97BFE1,Bleda notatus,Bleda notatus notatus,Bleda notatus,2,Field1,NA,U,0,,NA,Equatorial Guinea,NA,NA,NA,NA,NA,NA,95,NA,NA,NA,NA,BAK,0,NA,NA,NA,NA,NA
227,Bleda notatus,Lesser Bristlebill,260454.6742,NA,NA,NA,Passeriformes,Pycnonotidae (Bulbuls),6039,588238,60965560,TRUE,FALSE,Bleda notatus,Passeriformes,Pycnonotidae (Bulbuls),6039,588238,60965560,TRUE,FALSE,426,AVIBASE-4F97BFE1,Bleda notatus,Bleda notatus notatus,Bleda notatus,2,Field1,NA,U,0,,NA,Equatorial Guinea,NA,NA,NA,NA,NA,NA,98,NA,NA,NA,89,LLP,0,NA,NA,NA,NA,NA
228,Bleda notatus,Lesser Bristlebill,260454.6742,NA,NA,NA,Passeriformes,Pycnonotidae (Bulbuls),6039,588238,60965560,TRUE,FALSE,Bleda notatus,Passeriformes,Pycnonotidae (Bulbuls),6039,588238,60965560,TRUE,FALSE,427,AVIBASE-4F97BFE1,Bleda notatus,Bleda notatus notatus,Bleda notatus,2,Field1,NA,U,0,,NA,Equatorial Guinea,NA,NA,NA,NA,NA,NA,86,NA,NA,NA,72,BAK,0,NA,NA,NA,NA,NA
229,Bleda notatus,Lesser Bristlebill,260454.6742,NA,NA,NA,Passeriformes,Pycnonotidae (Bulbuls),6039,588238,60965560,TRUE,FALSE,Bleda notatus,Passeriformes,Pycnonotidae (Bulbuls),6039,588238,60965560,TRUE,FALSE,347,AVIBASE-4F97BFE1,Bleda notatus,Bleda notatus notatus,Bleda notatus,2,Field1,NA,U,0,,NA,Equatorial Guinea,NA,NA,NA,NA,NA,NA,86,NA,NA,NA,NA,JHW,0,NA,NA,NA,NA,NA
230,Bleda notatus,Lesser Bristlebill,260454.6742,NA,NA,NA,Passeriformes,Pycnonotidae (Bulbuls),6039,588238,60965560,TRUE,FALSE,Bleda notatus,Passeriformes,Pycnonotidae (Bulbuls),6039,588238,60965560,TRUE,FALSE,225,AVIBASE-4F97BFE1,Bleda notatus,Bleda notatus notatus,Bleda notatus,1,NHMUK,1911.12.23.1671,M,0,,NA,Equatorial Guinea,NA,20.8,12.7,4.4,6.5,25.4,92,12,80,13,77,CS,1,NA,NA,NA,NA,NA
231,Bleda notatus,Lesser Bristlebill,260454.6742,NA,NA,NA,Passeriformes,Pycnonotidae (Bulbuls),6039,588238,60965560,TRUE,FALSE,Bleda notatus,Passeriformes,Pycnonotidae (Bulbuls),6039,588238,60965560,TRUE,FALSE,387,AVIBASE-4F97BFE1,Bleda notatus,Bleda notatus notatus,Bleda notatus,2,Field1,NA,U,0,,NA,Equatorial Guinea,NA,NA,NA,NA,NA,NA,97,NA,NA,NA,86,JDW,0,NA,NA,NA,NA,NA
232,Bleda notatus,Lesser Bristlebill,260454.6742,NA,NA,NA,Passeriformes,Pycnonotidae (Bulbuls),6039,588238,60965560,TRUE,FALSE,Bleda notatus,Passeriformes,Pycnonotidae (Bulbuls),6039,588238,60965560,TRUE,FALSE,388,AVIBASE-4F97BFE1,Bleda notatus,Bleda notatus notatus,Bleda notatus,2,Field1,NA,U,0,,NA,Equatorial Guinea,NA,NA,NA,NA,NA,NA,91,NA,NA,NA,84,AKW,0,NA,NA,NA,NA,NA
233,Bleda notatus,Lesser Bristlebill,260454.6742,NA,NA,NA,Passeriformes,Pycnonotidae (Bulbuls),6039,588238,60965560,TRUE,FALSE,Bleda notatus,Passeriformes,Pycnonotidae (Bulbuls),6039,588238,60965560,TRUE,FALSE,430,AVIBASE-4F97BFE1,Bleda notatus,Bleda notatus notatus,Bleda notatus,2,Field1,NA,U,0,,NA,Equatorial Guinea,NA,NA,NA,NA,NA,NA,81,NA,NA,NA,83,AKW,0,NA,NA,NA,NA,NA
234,Bleda notatus,Lesser Bristlebill,260454.6742,NA,NA,NA,Passeriformes,Pycnonotidae (Bulbuls),6039,588238,60965560,TRUE,FALSE,Bleda notatus,Passeriformes,Pycnonotidae (Bulbuls),6039,588238,60965560,TRUE,FALSE,272,AVIBASE-4F97BFE1,Bleda notatus,Bleda notatus notatus,Bleda notatus,2,Field1,NA,U,0,,NA,Equatorial Guinea,NA,NA,NA,NA,NA,NA,83,NA,NA,NA,76,SAL,0,NA,NA,NA,NA,NA
235,Bleda notatus,Lesser Bristlebill,260454.6742,NA,NA,NA,Passeriformes,Pycnonotidae (Bulbuls),6039,588238,60965560,TRUE,FALSE,Bleda notatus,Passeriformes,Pycnonotidae (Bulbuls),6039,588238,60965560,TRUE,FALSE,271,AVIBASE-4F97BFE1,Bleda notatus,Bleda notatus notatus,Bleda notatus,2,Field1,NA,U,0,,NA,Equatorial Guinea,NA,NA,NA,NA,NA,NA,85,NA,NA,NA,80,AKW,0,NA,NA,NA,NA,NA
236,Bleda notatus,Lesser Bristlebill,260454.6742,NA,NA,NA,Passeriformes,Pycnonotidae (Bulbuls),6039,588238,60965560,TRUE,FALSE,Bleda notatus,Passeriformes,Pycnonotidae (Bulbuls),6039,588238,60965560,TRUE,FALSE,352,AVIBASE-4F97BFE1,Bleda notatus,Bleda notatus notatus,Bleda notatus,2,Field1,NA,U,0,,NA,Equatorial Guinea,NA,NA,NA,NA,NA,NA,91,NA,NA,NA,80,CAY,0,NA,NA,NA,NA,NA
237,Bleda notatus,Lesser Bristlebill,260454.6742,NA,NA,NA,Passeriformes,Pycnonotidae (Bulbuls),6039,588238,60965560,TRUE,FALSE,Bleda notatus,Passeriformes,Pycnonotidae (Bulbuls),6039,588238,60965560,TRUE,FALSE,257,AVIBASE-4F97BFE1,Bleda notatus,Bleda notatus notatus,Bleda notatus,2,Field1,NA,U,0,,NA,Equatorial Guinea,NA,NA,NA,NA,NA,NA,86,NA,NA,NA,76,AKW,0,NA,NA,NA,NA,NA
238,Bleda notatus,Lesser Bristlebill,260454.6742,NA,NA,NA,Passeriformes,Pycnonotidae (Bulbuls),6039,588238,60965560,TRUE,FALSE,Bleda notatus,Passeriformes,Pycnonotidae (Bulbuls),6039,588238,60965560,TRUE,FALSE,383,AVIBASE-4F97BFE1,Bleda notatus,Bleda notatus notatus,Bleda notatus,2,Field1,NA,U,0,,NA,Equatorial Guinea,NA,NA,NA,NA,NA,NA,90,NA,NA,NA,70,EMB,0,NA,NA,NA,NA,NA
239,Bleda notatus,Lesser Bristlebill,260454.6742,NA,NA,NA,Passeriformes,Pycnonotidae (Bulbuls),6039,588238,60965560,TRUE,FALSE,Bleda notatus,Passeriformes,Pycnonotidae (Bulbuls),6039,588238,60965560,TRUE,FALSE,384,AVIBASE-4F97BFE1,Bleda notatus,Bleda notatus notatus,Bleda notatus,2,Field1,NA,U,0,,NA,Equatorial Guinea,NA,NA,NA,NA,NA,NA,92,NA,NA,NA,NA,PFR,0,NA,NA,NA,NA,NA
240,Bleda notatus,Lesser Bristlebill,260454.6742,NA,NA,NA,Passeriformes,Pycnonotidae (Bulbuls),6039,588238,60965560,TRUE,FALSE,Bleda notatus,Passeriformes,Pycnonotidae (Bulbuls),6039,588238,60965560,TRUE,FALSE,315,AVIBASE-4F97BFE1,Bleda notatus,Bleda notatus notatus,Bleda notatus,2,Field1,NA,U,0,,NA,Equatorial Guinea,NA,NA,NA,NA,NA,NA,92,NA,NA,NA,84,SAL,0,NA,NA,NA,NA,NA
241,Bleda notatus,Lesser Bristlebill,260454.6742,NA,NA,NA,Passeriformes,Pycnonotidae (Bulbuls),6039,588238,60965560,TRUE,FALSE,Bleda notatus,Passeriformes,Pycnonotidae (Bulbuls),6039,588238,60965560,TRUE,FALSE,397,AVIBASE-4F97BFE1,Bleda notatus,Bleda notatus notatus,Bleda notatus,2,Field1,NA,U,0,,NA,Equatorial Guinea,NA,NA,NA,NA,NA,NA,84,NA,NA,NA,78,CAY,0,NA,NA,NA,NA,NA
242,Bleda notatus,Lesser Bristlebill,260454.6742,NA,NA,NA,Passeriformes,Pycnonotidae (Bulbuls),6039,588238,60965560,TRUE,FALSE,Bleda notatus,Passeriformes,Pycnonotidae (Bulbuls),6039,588238,60965560,TRUE,FALSE,278,AVIBASE-4F97BFE1,Bleda notatus,Bleda notatus notatus,Bleda notatus,2,Field1,NA,U,0,,NA,Equatorial Guinea,NA,NA,NA,NA,NA,NA,96,NA,NA,NA,NA,BAK,0,NA,NA,NA,NA,NA
243,Bleda notatus,Lesser Bristlebill,260454.6742,NA,NA,NA,Passeriformes,Pycnonotidae (Bulbuls),6039,588238,60965560,TRUE,FALSE,Bleda notatus,Passeriformes,Pycnonotidae (Bulbuls),6039,588238,60965560,TRUE,FALSE,359,AVIBASE-4F97BFE1,Bleda notatus,Bleda notatus notatus,Bleda notatus,2,Field1,NA,U,0,,NA,Equatorial Guinea,NA,NA,NA,NA,NA,NA,87,NA,NA,NA,80,BAK,0,NA,NA,NA,NA,NA
244,Bleda notatus,Lesser Bristlebill,260454.6742,NA,NA,NA,Passeriformes,Pycnonotidae (Bulbuls),6039,588238,60965560,TRUE,FALSE,Bleda notatus,Passeriformes,Pycnonotidae (Bulbuls),6039,588238,60965560,TRUE,FALSE,280,AVIBASE-4F97BFE1,Bleda notatus,Bleda notatus notatus,Bleda notatus,2,Field1,NA,U,0,,NA,Equatorial Guinea,NA,NA,NA,NA,NA,NA,82,NA,NA,NA,77,JDW,0,NA,NA,NA,NA,NA
245,Bleda notatus,Lesser Bristlebill,260454.6742,NA,NA,NA,Passeriformes,Pycnonotidae (Bulbuls),6039,588238,60965560,TRUE,FALSE,Bleda notatus,Passeriformes,Pycnonotidae (Bulbuls),6039,588238,60965560,TRUE,FALSE,362,AVIBASE-4F97BFE1,Bleda notatus,Bleda notatus notatus,Bleda notatus,2,Field1,NA,U,0,,NA,Equatorial Guinea,NA,NA,NA,NA,NA,NA,95,NA,NA,NA,NA,SEM,0,NA,NA,NA,NA,NA
246,Bleda notatus,Lesser Bristlebill,260454.6742,NA,NA,NA,Passeriformes,Pycnonotidae (Bulbuls),6039,588238,60965560,TRUE,FALSE,Bleda notatus,Passeriformes,Pycnonotidae (Bulbuls),6039,588238,60965560,TRUE,FALSE,242,AVIBASE-4F97BFE1,Bleda notatus,Bleda notatus notatus,Bleda notatus,2,Field1,NA,U,0,,NA,Equatorial Guinea,NA,NA,NA,NA,NA,NA,89,NA,NA,NA,80,CAY,0,NA,NA,NA,NA,NA
247,Bleda notatus,Lesser Bristlebill,260454.6742,NA,NA,NA,Passeriformes,Pycnonotidae (Bulbuls),6039,588238,60965560,TRUE,FALSE,Bleda notatus,Passeriformes,Pycnonotidae (Bulbuls),6039,588238,60965560,TRUE,FALSE,243,AVIBASE-4F97BFE1,Bleda notatus,Bleda notatus notatus,Bleda notatus,2,Field1,NA,U,0,,NA,Equatorial Guinea,NA,NA,NA,NA,NA,NA,88,NA,NA,NA,82,CAY,0,NA,NA,NA,NA,NA
248,Bleda notatus,Lesser Bristlebill,260454.6742,NA,NA,NA,Passeriformes,Pycnonotidae (Bulbuls),6039,588238,60965560,TRUE,FALSE,Bleda notatus,Passeriformes,Pycnonotidae (Bulbuls),6039,588238,60965560,TRUE,FALSE,244,AVIBASE-4F97BFE1,Bleda notatus,Bleda notatus notatus,Bleda notatus,2,Field1,NA,U,0,,NA,Equatorial Guinea,NA,NA,NA,NA,NA,NA,98,NA,NA,NA,88,LLP,0,NA,NA,NA,NA,NA
249,Bleda notatus,Lesser Bristlebill,260454.6742,NA,NA,NA,Passeriformes,Pycnonotidae (Bulbuls),6039,588238,60965560,TRUE,FALSE,Bleda notatus,Passeriformes,Pycnonotidae (Bulbuls),6039,588238,60965560,TRUE,FALSE,245,AVIBASE-4F97BFE1,Bleda notatus,Bleda notatus notatus,Bleda notatus,2,Field1,NA,U,0,,NA,Equatorial Guinea,NA,NA,NA,NA,NA,NA,94,NA,NA,NA,80,JDW,0,NA,NA,NA,NA,NA
250,Bleda notatus,Lesser Bristlebill,260454.6742,NA,NA,NA,Passeriformes,Pycnonotidae (Bulbuls),6039,588238,60965560,TRUE,FALSE,Bleda notatus,Passeriformes,Pycnonotidae (Bulbuls),6039,588238,60965560,TRUE,FALSE,233,AVIBASE-4F97BFE1,Bleda notatus,Bleda notatus notatus,Bleda notatus,2,Field1,NA,U,0,,NA,Equatorial Guinea,NA,NA,NA,NA,NA,NA,91,NA,NA,NA,81,BAK,0,NA,NA,NA,NA,NA
251,Bleda notatus,Lesser Bristlebill,260454.6742,NA,NA,NA,Passeriformes,Pycnonotidae (Bulbuls),6039,588238,60965560,TRUE,FALSE,Bleda notatus,Passeriformes,Pycnonotidae (Bulbuls),6039,588238,60965560,TRUE,FALSE,274,AVIBASE-4F97BFE1,Bleda notatus,Bleda notatus notatus,Bleda notatus,2,Field1,NA,U,0,,NA,Equatorial Guinea,NA,NA,NA,NA,NA,NA,90,NA,NA,NA,NA,JHW,0,NA,NA,NA,NA,NA
252,Bleda notatus,Lesser Bristlebill,260454.6742,NA,NA,NA,Passeriformes,Pycnonotidae (Bulbuls),6039,588238,60965560,TRUE,FALSE,Bleda notatus,Passeriformes,Pycnonotidae (Bulbuls),6039,588238,60965560,TRUE,FALSE,436,AVIBASE-4F97BFE1,Bleda notatus,Bleda notatus notatus,Bleda notatus,2,Field1,NA,U,0,,NA,Equatorial Guinea,NA,NA,NA,NA,NA,NA,93,NA,NA,NA,84,JHW,0,NA,NA,NA,NA,NA
253,Bleda notatus,Lesser Bristlebill,260454.6742,NA,NA,NA,Passeriformes,Pycnonotidae (Bulbuls),6039,588238,60965560,TRUE,FALSE,Bleda notatus,Passeriformes,Pycnonotidae (Bulbuls),6039,588238,60965560,TRUE,FALSE,329,AVIBASE-4F97BFE1,Bleda notatus,Bleda notatus notatus,Bleda notatus,2,Field1,NA,U,0,,NA,Equatorial Guinea,NA,NA,NA,NA,NA,NA,96,NA,NA,NA,91,BAK,0,NA,NA,NA,NA,NA
254,Bleda notatus,Lesser Bristlebill,260454.6742,NA,NA,NA,Passeriformes,Pycnonotidae (Bulbuls),6039,588238,60965560,TRUE,FALSE,Bleda notatus,Passeriformes,Pycnonotidae (Bulbuls),6039,588238,60965560,TRUE,FALSE,330,AVIBASE-4F97BFE1,Bleda notatus,Bleda notatus notatus,Bleda notatus,2,Field1,NA,U,0,,NA,Equatorial Guinea,NA,NA,NA,NA,NA,NA,83,NA,NA,NA,NA,SAL,0,NA,NA,NA,NA,NA
255,Bleda notatus,Lesser Bristlebill,260454.6742,NA,NA,NA,Passeriformes,Pycnonotidae (Bulbuls),6039,588238,60965560,TRUE,FALSE,Bleda notatus,Passeriformes,Pycnonotidae (Bulbuls),6039,588238,60965560,TRUE,FALSE,331,AVIBASE-4F97BFE1,Bleda notatus,Bleda notatus notatus,Bleda notatus,2,Field1,NA,U,0,,NA,Equatorial Guinea,NA,NA,NA,NA,NA,NA,88,NA,NA,NA,81,JDW,0,NA,NA,NA,NA,NA
256,Bleda notatus,Lesser Bristlebill,260454.6742,NA,NA,NA,Passeriformes,Pycnonotidae (Bulbuls),6039,588238,60965560,TRUE,FALSE,Bleda notatus,Passeriformes,Pycnonotidae (Bulbuls),6039,588238,60965560,TRUE,FALSE,291,AVIBASE-4F97BFE1,Bleda notatus,Bleda notatus notatus,Bleda notatus,2,Field1,NA,U,0,,NA,Equatorial Guinea,NA,NA,NA,NA,NA,NA,93,NA,NA,NA,84,AKW,0,NA,NA,NA,NA,NA
257,Bleda notatus,Lesser Bristlebill,260454.6742,NA,NA,NA,Passeriformes,Pycnonotidae (Bulbuls),6039,588238,60965560,TRUE,FALSE,Bleda notatus,Passeriformes,Pycnonotidae (Bulbuls),6039,588238,60965560,TRUE,FALSE,334,AVIBASE-4F97BFE1,Bleda notatus,Bleda notatus notatus,Bleda notatus,2,Field1,NA,U,0,,NA,Equatorial Guinea,NA,NA,NA,NA,NA,NA,85,NA,NA,NA,65,SEM,0,NA,NA,NA,NA,NA
258,Bleda notatus,Lesser Bristlebill,260454.6742,NA,NA,NA,Passeriformes,Pycnonotidae (Bulbuls),6039,588238,60965560,TRUE,FALSE,Bleda notatus,Passeriformes,Pycnonotidae (Bulbuls),6039,588238,60965560,TRUE,FALSE,337,AVIBASE-4F97BFE1,Bleda notatus,Bleda notatus notatus,Bleda notatus,2,Field1,NA,U,0,,NA,Equatorial Guinea,NA,NA,NA,NA,NA,NA,NA,NA,NA,NA,83,SEM,0,NA,NA,NA,NA,NA
259,Bleda notatus,Lesser Bristlebill,260454.6742,NA,NA,NA,Passeriformes,Pycnonotidae (Bulbuls),6039,588238,60965560,TRUE,FALSE,Bleda notatus,Passeriformes,Pycnonotidae (Bulbuls),6039,588238,60965560,TRUE,FALSE,375,AVIBASE-4F97BFE1,Bleda notatus,Bleda notatus notatus,Bleda notatus,2,Field1,NA,U,0,,NA,Equatorial Guinea,NA,NA,NA,NA,NA,NA,91,NA,NA,NA,83,JHW,0,NA,NA,NA,NA,NA
260,Bleda notatus,Lesser Bristlebill,260454.6742,NA,NA,NA,Passeriformes,Pycnonotidae (Bulbuls),6039,588238,60965560,TRUE,FALSE,Bleda notatus,Passeriformes,Pycnonotidae (Bulbuls),6039,588238,60965560,TRUE,FALSE,422,AVIBASE-4F97BFE1,Bleda notatus,Bleda notatus notatus,Bleda notatus,2,Field1,NA,U,0,,NA,Equatorial Guinea,NA,NA,NA,NA,NA,NA,94,NA,NA,NA,88,LLP,0,NA,NA,NA,NA,NA
261,Bleda notatus,Lesser Bristlebill,260454.6742,NA,NA,NA,Passeriformes,Pycnonotidae (Bulbuls),6039,588238,60965560,TRUE,FALSE,Bleda notatus,Passeriformes,Pycnonotidae (Bulbuls),6039,588238,60965560,TRUE,FALSE,418,AVIBASE-4F97BFE1,Bleda notatus,Bleda notatus notatus,Bleda notatus,2,Field1,NA,U,0,,NA,Equatorial Guinea,NA,NA,NA,NA,NA,NA,89,NA,NA,NA,87,LLP,0,NA,NA,NA,NA,NA
262,Bleda notatus,Lesser Bristlebill,260454.6742,NA,NA,NA,Passeriformes,Pycnonotidae (Bulbuls),6039,588238,60965560,TRUE,FALSE,Bleda notatus,Passeriformes,Pycnonotidae (Bulbuls),6039,588238,60965560,TRUE,FALSE,419,AVIBASE-4F97BFE1,Bleda notatus,Bleda notatus notatus,Bleda notatus,2,Field1,NA,U,0,,NA,Equatorial Guinea,NA,NA,NA,NA,NA,NA,95,NA,NA,NA,88,SAL,0,NA,NA,NA,NA,NA
263,Bleda notatus,Lesser Bristlebill,260454.6742,NA,NA,NA,Passeriformes,Pycnonotidae (Bulbuls),6039,588238,60965560,TRUE,FALSE,Bleda notatus,Passeriformes,Pycnonotidae (Bulbuls),6039,588238,60965560,TRUE,FALSE,297,AVIBASE-4F97BFE1,Bleda notatus,Bleda notatus notatus,Bleda notatus,2,Field1,NA,U,0,,NA,Equatorial Guinea,NA,NA,NA,NA,NA,NA,90,NA,NA,NA,79,AKW,0,NA,NA,NA,NA,NA
264,Bleda notatus,Lesser Bristlebill,260454.6742,NA,NA,NA,Passeriformes,Pycnonotidae (Bulbuls),6039,588238,60965560,TRUE,FALSE,Bleda notatus,Passeriformes,Pycnonotidae (Bulbuls),6039,588238,60965560,TRUE,FALSE,353,AVIBASE-4F97BFE1,Bleda notatus,Bleda notatus notatus,Bleda notatus,2,Field1,NA,U,0,,NA,Equatorial Guinea,NA,NA,NA,NA,NA,NA,87,NA,NA,NA,78,EMB,0,NA,NA,NA,NA,NA
265,Bleda notatus,Lesser Bristlebill,260454.6742,NA,NA,NA,Passeriformes,Pycnonotidae (Bulbuls),6039,588238,60965560,TRUE,FALSE,Bleda notatus,Passeriformes,Pycnonotidae (Bulbuls),6039,588238,60965560,TRUE,FALSE,328,AVIBASE-4F97BFE1,Bleda notatus,Bleda notatus notatus,Bleda notatus,2,Field1,NA,U,0,,NA,Equatorial Guinea,NA,NA,NA,NA,NA,NA,91,NA,NA,NA,82,AKW,0,NA,NA,NA,NA,NA
266,Bleda notatus,Lesser Bristlebill,260454.6742,NA,NA,NA,Passeriformes,Pycnonotidae (Bulbuls),6039,588238,60965560,TRUE,FALSE,Bleda notatus,Passeriformes,Pycnonotidae (Bulbuls),6039,588238,60965560,TRUE,FALSE,395,AVIBASE-4F97BFE1,Bleda notatus,Bleda notatus notatus,Bleda notatus,2,Field1,NA,U,0,,NA,Equatorial Guinea,NA,NA,NA,NA,NA,NA,87,NA,NA,NA,78,EMB,0,NA,NA,NA,NA,NA
267,Bleda notatus,Lesser Bristlebill,260454.6742,NA,NA,NA,Passeriformes,Pycnonotidae (Bulbuls),6039,588238,60965560,TRUE,FALSE,Bleda notatus,Passeriformes,Pycnonotidae (Bulbuls),6039,588238,60965560,TRUE,FALSE,343,AVIBASE-4F97BFE1,Bleda notatus,Bleda notatus notatus,Bleda notatus,2,Field1,NA,U,0,,NA,Equatorial Guinea,NA,NA,NA,NA,NA,NA,91,NA,NA,NA,85,JDW,0,NA,NA,NA,NA,NA
268,Bleda notatus,Lesser Bristlebill,260454.6742,NA,NA,NA,Passeriformes,Pycnonotidae (Bulbuls),6039,588238,60965560,TRUE,FALSE,Bleda notatus,Passeriformes,Pycnonotidae (Bulbuls),6039,588238,60965560,TRUE,FALSE,344,AVIBASE-4F97BFE1,Bleda notatus,Bleda notatus notatus,Bleda notatus,2,Field1,NA,U,0,,NA,Equatorial Guinea,NA,NA,NA,NA,NA,NA,87,NA,NA,NA,75,CJ,0,NA,NA,NA,NA,NA
269,Bleda notatus,Lesser Bristlebill,260454.6742,NA,NA,NA,Passeriformes,Pycnonotidae (Bulbuls),6039,588238,60965560,TRUE,FALSE,Bleda notatus,Passeriformes,Pycnonotidae (Bulbuls),6039,588238,60965560,TRUE,FALSE,428,AVIBASE-4F97BFE1,Bleda notatus,Bleda notatus notatus,Bleda notatus,2,Field1,NA,U,0,,NA,Equatorial Guinea,NA,NA,NA,NA,NA,NA,92,NA,NA,NA,82,CJ,0,NA,NA,NA,NA,NA
270,Bleda notatus,Lesser Bristlebill,260454.6742,NA,NA,NA,Passeriformes,Pycnonotidae (Bulbuls),6039,588238,60965560,TRUE,FALSE,Bleda notatus,Passeriformes,Pycnonotidae (Bulbuls),6039,588238,60965560,TRUE,FALSE,306,AVIBASE-4F97BFE1,Bleda notatus,Bleda notatus notatus,Bleda notatus,2,Field1,NA,U,0,,NA,Equatorial Guinea,NA,NA,NA,NA,NA,NA,90,NA,NA,NA,82,AKW,0,NA,NA,NA,NA,NA
271,Bleda notatus,Lesser Bristlebill,260454.6742,NA,NA,NA,Passeriformes,Pycnonotidae (Bulbuls),6039,588238,60965560,TRUE,FALSE,Bleda notatus,Passeriformes,Pycnonotidae (Bulbuls),6039,588238,60965560,TRUE,FALSE,223,AVIBASE-4F97BFE1,Bleda notatus,Bleda notatus notatus,Bleda notatus,1,NHMUK,1905.1.24.114,F,0,,NA,Cameroon,NA,18.5,11.5,4.5,6.2,24.8,89,13.1,76,14.7,77,PW,1,NA,NA,NA,NA,NA
272,Bleda notatus,Lesser Bristlebill,260454.6742,NA,NA,NA,Passeriformes,Pycnonotidae (Bulbuls),6039,588238,60965560,TRUE,FALSE,Bleda notatus,Passeriformes,Pycnonotidae (Bulbuls),6039,588238,60965560,TRUE,FALSE,265,AVIBASE-4F97BFE1,Bleda notatus,Bleda notatus notatus,Bleda notatus,2,Field1,NA,U,0,,NA,Equatorial Guinea,NA,NA,NA,NA,NA,NA,91,NA,NA,NA,76,CAY,0,NA,NA,NA,NA,NA
273,Bleda notatus,Lesser Bristlebill,260454.6742,NA,NA,NA,Passeriformes,Pycnonotidae (Bulbuls),6039,588238,60965560,TRUE,FALSE,Bleda notatus,Passeriformes,Pycnonotidae (Bulbuls),6039,588238,60965560,TRUE,FALSE,389,AVIBASE-4F97BFE1,Bleda notatus,Bleda notatus notatus,Bleda notatus,2,Field1,NA,U,0,,NA,Equatorial Guinea,NA,NA,NA,NA,NA,NA,82,NA,NA,NA,76,JDW,0,NA,NA,NA,NA,NA
274,Bleda notatus,Lesser Bristlebill,260454.6742,NA,NA,NA,Passeriformes,Pycnonotidae (Bulbuls),6039,588238,60965560,TRUE,FALSE,Bleda notatus,Passeriformes,Pycnonotidae (Bulbuls),6039,588238,60965560,TRUE,FALSE,310,AVIBASE-4F97BFE1,Bleda notatus,Bleda notatus notatus,Bleda notatus,2,Field1,NA,U,0,,NA,Equatorial Guinea,NA,NA,NA,NA,NA,NA,95,NA,NA,NA,83,JDW,0,NA,NA,NA,NA,NA
275,Bleda notatus,Lesser Bristlebill,260454.6742,NA,NA,NA,Passeriformes,Pycnonotidae (Bulbuls),6039,588238,60965560,TRUE,FALSE,Bleda notatus,Passeriformes,Pycnonotidae (Bulbuls),6039,588238,60965560,TRUE,FALSE,311,AVIBASE-4F97BFE1,Bleda notatus,Bleda notatus notatus,Bleda notatus,2,Field1,NA,U,0,,NA,Equatorial Guinea,NA,NA,NA,NA,NA,NA,87,NA,NA,NA,78,MEB,0,NA,NA,NA,NA,NA
276,Bleda notatus,Lesser Bristlebill,260454.6742,NA,NA,NA,Passeriformes,Pycnonotidae (Bulbuls),6039,588238,60965560,TRUE,FALSE,Bleda notatus,Passeriformes,Pycnonotidae (Bulbuls),6039,588238,60965560,TRUE,FALSE,393,AVIBASE-4F97BFE1,Bleda notatus,Bleda notatus notatus,Bleda notatus,2,Field1,NA,U,0,,NA,Equatorial Guinea,NA,NA,NA,NA,NA,NA,86,NA,NA,NA,NA,AKW,0,NA,NA,NA,NA,NA
277,Bleda notatus,Lesser Bristlebill,260454.6742,NA,NA,NA,Passeriformes,Pycnonotidae (Bulbuls),6039,588238,60965560,TRUE,FALSE,Bleda notatus,Passeriformes,Pycnonotidae (Bulbuls),6039,588238,60965560,TRUE,FALSE,246,AVIBASE-4F97BFE1,Bleda notatus,Bleda notatus notatus,Bleda notatus,2,Field1,NA,U,0,,NA,Equatorial Guinea,NA,NA,NA,NA,NA,NA,91,NA,NA,NA,84,AKW,0,NA,NA,NA,NA,NA
278,Bleda notatus,Lesser Bristlebill,260454.6742,NA,NA,NA,Passeriformes,Pycnonotidae (Bulbuls),6039,588238,60965560,TRUE,FALSE,Bleda notatus,Passeriformes,Pycnonotidae (Bulbuls),6039,588238,60965560,TRUE,FALSE,435,AVIBASE-4F97BFE1,Bleda notatus,Bleda notatus notatus,Bleda notatus,2,Field1,NA,U,0,,NA,Equatorial Guinea,NA,NA,NA,NA,NA,NA,87,NA,NA,NA,81,PFR,0,NA,NA,NA,NA,NA
279,Bleda notatus,Lesser Bristlebill,260454.6742,NA,NA,NA,Passeriformes,Pycnonotidae (Bulbuls),6039,588238,60965560,TRUE,FALSE,Bleda notatus,Passeriformes,Pycnonotidae (Bulbuls),6039,588238,60965560,TRUE,FALSE,410,AVIBASE-4F97BFE1,Bleda notatus,Bleda notatus notatus,Bleda notatus,2,Field1,NA,U,0,,NA,Equatorial Guinea,NA,NA,NA,NA,NA,NA,96,NA,NA,NA,86,BAK,0,NA,NA,NA,NA,NA
280,Bleda notatus,Lesser Bristlebill,260454.6742,NA,NA,NA,Passeriformes,Pycnonotidae (Bulbuls),6039,588238,60965560,TRUE,FALSE,Bleda notatus,Passeriformes,Pycnonotidae (Bulbuls),6039,588238,60965560,TRUE,FALSE,396,AVIBASE-4F97BFE1,Bleda notatus,Bleda notatus notatus,Bleda notatus,2,Field1,NA,U,0,,NA,Equatorial Guinea,NA,NA,NA,NA,NA,NA,85,NA,NA,NA,78,AKW,0,NA,NA,NA,NA,NA
281,Bleda notatus,Lesser Bristlebill,260454.6742,NA,NA,NA,Passeriformes,Pycnonotidae (Bulbuls),6039,588238,60965560,TRUE,FALSE,Bleda notatus,Passeriformes,Pycnonotidae (Bulbuls),6039,588238,60965560,TRUE,FALSE,289,AVIBASE-4F97BFE1,Bleda notatus,Bleda notatus notatus,Bleda notatus,2,Field1,NA,U,0,,NA,Equatorial Guinea,NA,NA,NA,NA,NA,NA,94,NA,NA,NA,88,AKW,0,NA,NA,NA,NA,NA
282,Bleda notatus,Lesser Bristlebill,260454.6742,NA,NA,NA,Passeriformes,Pycnonotidae (Bulbuls),6039,588238,60965560,TRUE,FALSE,Bleda notatus,Passeriformes,Pycnonotidae (Bulbuls),6039,588238,60965560,TRUE,FALSE,317,AVIBASE-4F97BFE1,Bleda notatus,Bleda notatus notatus,Bleda notatus,2,Field1,NA,U,0,,NA,Equatorial Guinea,NA,NA,NA,NA,NA,NA,91,NA,NA,NA,63,AKW,0,NA,NA,NA,NA,NA
283,Bleda notatus,Lesser Bristlebill,260454.6742,NA,NA,NA,Passeriformes,Pycnonotidae (Bulbuls),6039,588238,60965560,TRUE,FALSE,Bleda notatus,Passeriformes,Pycnonotidae (Bulbuls),6039,588238,60965560,TRUE,FALSE,279,AVIBASE-4F97BFE1,Bleda notatus,Bleda notatus notatus,Bleda notatus,2,Field1,NA,U,0,,NA,Equatorial Guinea,NA,NA,NA,NA,NA,NA,81,NA,NA,NA,72,JDW,0,NA,NA,NA,NA,NA
284,Bleda notatus,Lesser Bristlebill,260454.6742,NA,NA,NA,Passeriformes,Pycnonotidae (Bulbuls),6039,588238,60965560,TRUE,FALSE,Bleda notatus,Passeriformes,Pycnonotidae (Bulbuls),6039,588238,60965560,TRUE,FALSE,319,AVIBASE-4F97BFE1,Bleda notatus,Bleda notatus notatus,Bleda notatus,2,Field1,NA,U,0,,NA,Equatorial Guinea,NA,NA,NA,NA,NA,NA,90,NA,NA,NA,85,PFR,0,NA,NA,NA,NA,NA
285,Bleda notatus,Lesser Bristlebill,260454.6742,NA,NA,NA,Passeriformes,Pycnonotidae (Bulbuls),6039,588238,60965560,TRUE,FALSE,Bleda notatus,Passeriformes,Pycnonotidae (Bulbuls),6039,588238,60965560,TRUE,FALSE,281,AVIBASE-4F97BFE1,Bleda notatus,Bleda notatus notatus,Bleda notatus,2,Field1,NA,U,0,,NA,Equatorial Guinea,NA,NA,NA,NA,NA,NA,86,NA,NA,NA,82,JHW,0,NA,NA,NA,NA,NA
286,Bleda notatus,Lesser Bristlebill,260454.6742,NA,NA,NA,Passeriformes,Pycnonotidae (Bulbuls),6039,588238,60965560,TRUE,FALSE,Bleda notatus,Passeriformes,Pycnonotidae (Bulbuls),6039,588238,60965560,TRUE,FALSE,282,AVIBASE-4F97BFE1,Bleda notatus,Bleda notatus notatus,Bleda notatus,2,Field1,NA,U,0,,NA,Equatorial Guinea,NA,NA,NA,NA,NA,NA,87,NA,NA,NA,83,JHW,0,NA,NA,NA,NA,NA
287,Bleda notatus,Lesser Bristlebill,260454.6742,NA,NA,NA,Passeriformes,Pycnonotidae (Bulbuls),6039,588238,60965560,TRUE,FALSE,Bleda notatus,Passeriformes,Pycnonotidae (Bulbuls),6039,588238,60965560,TRUE,FALSE,405,AVIBASE-4F97BFE1,Bleda notatus,Bleda notatus notatus,Bleda notatus,2,Field1,NA,U,0,,NA,Equatorial Guinea,NA,NA,NA,NA,NA,NA,95,NA,NA,NA,90,LLP,0,NA,NA,NA,NA,NA
288,Bleda notatus,Lesser Bristlebill,260454.6742,NA,NA,NA,Passeriformes,Pycnonotidae (Bulbuls),6039,588238,60965560,TRUE,FALSE,Bleda notatus,Passeriformes,Pycnonotidae (Bulbuls),6039,588238,60965560,TRUE,FALSE,406,AVIBASE-4F97BFE1,Bleda notatus,Bleda notatus notatus,Bleda notatus,2,Field1,NA,U,0,,NA,Equatorial Guinea,NA,NA,NA,NA,NA,NA,87,NA,NA,NA,77,EMB,0,NA,NA,NA,NA,NA
289,Bleda notatus,Lesser Bristlebill,260454.6742,NA,NA,NA,Passeriformes,Pycnonotidae (Bulbuls),6039,588238,60965560,TRUE,FALSE,Bleda notatus,Passeriformes,Pycnonotidae (Bulbuls),6039,588238,60965560,TRUE,FALSE,407,AVIBASE-4F97BFE1,Bleda notatus,Bleda notatus notatus,Bleda notatus,2,Field1,NA,U,0,,NA,Equatorial Guinea,NA,NA,NA,NA,NA,NA,89,NA,NA,NA,80,LLP,0,NA,NA,NA,NA,NA
290,Bleda notatus,Lesser Bristlebill,260454.6742,NA,NA,NA,Passeriformes,Pycnonotidae (Bulbuls),6039,588238,60965560,TRUE,FALSE,Bleda notatus,Passeriformes,Pycnonotidae (Bulbuls),6039,588238,60965560,TRUE,FALSE,256,AVIBASE-4F97BFE1,Bleda notatus,Bleda notatus notatus,Bleda notatus,2,Field1,NA,U,0,,NA,Equatorial Guinea,NA,NA,NA,NA,NA,NA,87,NA,NA,NA,78,JDW,0,NA,NA,NA,NA,NA
291,Bleda notatus,Lesser Bristlebill,260454.6742,NA,NA,NA,Passeriformes,Pycnonotidae (Bulbuls),6039,588238,60965560,TRUE,FALSE,Bleda notatus,Passeriformes,Pycnonotidae (Bulbuls),6039,588238,60965560,TRUE,FALSE,273,AVIBASE-4F97BFE1,Bleda notatus,Bleda notatus notatus,Bleda notatus,2,Field1,NA,U,0,,NA,Equatorial Guinea,NA,NA,NA,NA,NA,NA,89,NA,NA,NA,83,JDW,0,NA,NA,NA,NA,NA
292,Bleda notatus,Lesser Bristlebill,260454.6742,NA,NA,NA,Passeriformes,Pycnonotidae (Bulbuls),6039,588238,60965560,TRUE,FALSE,Bleda notatus,Passeriformes,Pycnonotidae (Bulbuls),6039,588238,60965560,TRUE,FALSE,313,AVIBASE-4F97BFE1,Bleda notatus,Bleda notatus notatus,Bleda notatus,2,Field1,NA,U,0,,NA,Equatorial Guinea,NA,NA,NA,NA,NA,NA,81,NA,NA,NA,74,CAY,0,NA,NA,NA,NA,NA
293,Bleda notatus,Lesser Bristlebill,260454.6742,NA,NA,NA,Passeriformes,Pycnonotidae (Bulbuls),6039,588238,60965560,TRUE,FALSE,Bleda notatus,Passeriformes,Pycnonotidae (Bulbuls),6039,588238,60965560,TRUE,FALSE,411,AVIBASE-4F97BFE1,Bleda notatus,Bleda notatus notatus,Bleda notatus,2,Field1,NA,U,0,,NA,Equatorial Guinea,NA,NA,NA,NA,NA,NA,95,NA,NA,NA,85,AKW,0,NA,NA,NA,NA,NA
294,Bleda notatus,Lesser Bristlebill,260454.6742,NA,NA,NA,Passeriformes,Pycnonotidae (Bulbuls),6039,588238,60965560,TRUE,FALSE,Bleda notatus,Passeriformes,Pycnonotidae (Bulbuls),6039,588238,60965560,TRUE,FALSE,342,AVIBASE-4F97BFE1,Bleda notatus,Bleda notatus notatus,Bleda notatus,2,Field1,NA,U,0,,NA,Equatorial Guinea,NA,NA,NA,NA,NA,NA,86,NA,NA,NA,81,CAY,0,NA,NA,NA,NA,NA
295,Bleda notatus,Lesser Bristlebill,260454.6742,NA,NA,NA,Passeriformes,Pycnonotidae (Bulbuls),6039,588238,60965560,TRUE,FALSE,Bleda notatus,Passeriformes,Pycnonotidae (Bulbuls),6039,588238,60965560,TRUE,FALSE,290,AVIBASE-4F97BFE1,Bleda notatus,Bleda notatus notatus,Bleda notatus,2,Field1,NA,U,0,,NA,Equatorial Guinea,NA,NA,NA,NA,NA,NA,91,NA,NA,NA,84,JDW,0,NA,NA,NA,NA,NA
296,Bleda notatus,Lesser Bristlebill,260454.6742,NA,NA,NA,Passeriformes,Pycnonotidae (Bulbuls),6039,588238,60965560,TRUE,FALSE,Bleda notatus,Passeriformes,Pycnonotidae (Bulbuls),6039,588238,60965560,TRUE,FALSE,372,AVIBASE-4F97BFE1,Bleda notatus,Bleda notatus notatus,Bleda notatus,2,Field1,NA,U,0,,NA,Equatorial Guinea,NA,NA,NA,NA,NA,NA,81,NA,NA,NA,62,SAL,0,NA,NA,NA,NA,NA
297,Bleda notatus,Lesser Bristlebill,260454.6742,NA,NA,NA,Passeriformes,Pycnonotidae (Bulbuls),6039,588238,60965560,TRUE,FALSE,Bleda notatus,Passeriformes,Pycnonotidae (Bulbuls),6039,588238,60965560,TRUE,FALSE,373,AVIBASE-4F97BFE1,Bleda notatus,Bleda notatus notatus,Bleda notatus,2,Field1,NA,U,0,,NA,Equatorial Guinea,NA,NA,NA,NA,NA,NA,85,NA,NA,NA,NA,SEM,0,NA,NA,NA,NA,NA
298,Bleda notatus,Lesser Bristlebill,260454.6742,NA,NA,NA,Passeriformes,Pycnonotidae (Bulbuls),6039,588238,60965560,TRUE,FALSE,Bleda notatus,Passeriformes,Pycnonotidae (Bulbuls),6039,588238,60965560,TRUE,FALSE,335,AVIBASE-4F97BFE1,Bleda notatus,Bleda notatus notatus,Bleda notatus,2,Field1,NA,U,0,,NA,Equatorial Guinea,NA,NA,NA,NA,NA,NA,94,NA,NA,NA,88,JHW,0,NA,NA,NA,NA,NA
299,Bleda notatus,Lesser Bristlebill,260454.6742,NA,NA,NA,Passeriformes,Pycnonotidae (Bulbuls),6039,588238,60965560,TRUE,FALSE,Bleda notatus,Passeriformes,Pycnonotidae (Bulbuls),6039,588238,60965560,TRUE,FALSE,415,AVIBASE-4F97BFE1,Bleda notatus,Bleda notatus notatus,Bleda notatus,2,Field1,NA,U,0,,NA,Equatorial Guinea,NA,NA,NA,NA,NA,NA,87,NA,NA,NA,72,BAK,0,NA,NA,NA,NA,NA
300,Bleda notatus,Lesser Bristlebill,260454.6742,NA,NA,NA,Passeriformes,Pycnonotidae (Bulbuls),6039,588238,60965560,TRUE,FALSE,Bleda notatus,Passeriformes,Pycnonotidae (Bulbuls),6039,588238,60965560,TRUE,FALSE,338,AVIBASE-4F97BFE1,Bleda notatus,Bleda notatus notatus,Bleda notatus,2,Field1,NA,U,0,,NA,Equatorial Guinea,NA,NA,NA,NA,NA,NA,85,NA,NA,NA,80,JDW,0,NA,NA,NA,NA,NA
301,Bleda notatus,Lesser Bristlebill,260454.6742,NA,NA,NA,Passeriformes,Pycnonotidae (Bulbuls),6039,588238,60965560,TRUE,FALSE,Bleda notatus,Passeriformes,Pycnonotidae (Bulbuls),6039,588238,60965560,TRUE,FALSE,377,AVIBASE-4F97BFE1,Bleda notatus,Bleda notatus notatus,Bleda notatus,2,Field1,NA,U,0,,NA,Equatorial Guinea,NA,NA,NA,NA,NA,NA,92,NA,NA,NA,88,LLP,0,NA,NA,NA,NA,NA
302,Bleda notatus,Lesser Bristlebill,260454.6742,NA,NA,NA,Passeriformes,Pycnonotidae (Bulbuls),6039,588238,60965560,TRUE,FALSE,Bleda notatus,Passeriformes,Pycnonotidae (Bulbuls),6039,588238,60965560,TRUE,FALSE,378,AVIBASE-4F97BFE1,Bleda notatus,Bleda notatus notatus,Bleda notatus,2,Field1,NA,U,0,,NA,Equatorial Guinea,NA,NA,NA,NA,NA,NA,94,NA,NA,NA,85,CJ,0,NA,NA,NA,NA,NA
303,Bleda notatus,Lesser Bristlebill,260454.6742,NA,NA,NA,Passeriformes,Pycnonotidae (Bulbuls),6039,588238,60965560,TRUE,FALSE,Bleda notatus,Passeriformes,Pycnonotidae (Bulbuls),6039,588238,60965560,TRUE,FALSE,312,AVIBASE-4F97BFE1,Bleda notatus,Bleda notatus notatus,Bleda notatus,2,Field1,NA,U,0,,NA,Equatorial Guinea,NA,NA,NA,NA,NA,NA,81,NA,NA,NA,73,CAY,0,NA,NA,NA,NA,NA
304,Bleda notatus,Lesser Bristlebill,260454.6742,NA,NA,NA,Passeriformes,Pycnonotidae (Bulbuls),6039,588238,60965560,TRUE,FALSE,Bleda notatus,Passeriformes,Pycnonotidae (Bulbuls),6039,588238,60965560,TRUE,FALSE,408,AVIBASE-4F97BFE1,Bleda notatus,Bleda notatus notatus,Bleda notatus,2,Field1,NA,U,0,,NA,Equatorial Guinea,NA,NA,NA,NA,NA,NA,93,NA,NA,NA,86,JHW,0,NA,NA,NA,NA,NA
305,Bleda notatus,Lesser Bristlebill,260454.6742,NA,NA,NA,Passeriformes,Pycnonotidae (Bulbuls),6039,588238,60965560,TRUE,FALSE,Bleda notatus,Passeriformes,Pycnonotidae (Bulbuls),6039,588238,60965560,TRUE,FALSE,247,AVIBASE-4F97BFE1,Bleda notatus,Bleda notatus notatus,Bleda notatus,2,Field1,NA,U,0,,NA,Equatorial Guinea,NA,NA,NA,NA,NA,NA,84,NA,NA,NA,75,SEM,0,NA,NA,NA,NA,NA
306,Bleda notatus,Lesser Bristlebill,260454.6742,NA,NA,NA,Passeriformes,Pycnonotidae (Bulbuls),6039,588238,60965560,TRUE,FALSE,Bleda notatus,Passeriformes,Pycnonotidae (Bulbuls),6039,588238,60965560,TRUE,FALSE,434,AVIBASE-4F97BFE1,Bleda notatus,Bleda notatus notatus,Bleda notatus,2,Field1,NA,U,0,,NA,Equatorial Guinea,NA,NA,NA,NA,NA,NA,88,NA,NA,NA,81,CAY,0,NA,NA,NA,NA,NA
307,Bleda notatus,Lesser Bristlebill,260454.6742,NA,NA,NA,Passeriformes,Pycnonotidae (Bulbuls),6039,588238,60965560,TRUE,FALSE,Bleda notatus,Passeriformes,Pycnonotidae (Bulbuls),6039,588238,60965560,TRUE,FALSE,314,AVIBASE-4F97BFE1,Bleda notatus,Bleda notatus notatus,Bleda notatus,2,Field1,NA,U,0,,NA,Equatorial Guinea,NA,NA,NA,NA,NA,NA,94,NA,NA,NA,NA,JDW,0,NA,NA,NA,NA,NA
308,Bleda notatus,Lesser Bristlebill,260454.6742,NA,NA,NA,Passeriformes,Pycnonotidae (Bulbuls),6039,588238,60965560,TRUE,FALSE,Bleda notatus,Passeriformes,Pycnonotidae (Bulbuls),6039,588238,60965560,TRUE,FALSE,221,AVIBASE-4F97BFE1,Bleda notatus,Bleda notatus notatus,Bleda notatus,1,NHMUK,1904.6.22.128,F,0,,NA,Equatorial Guinea,NA,21.8,14.9,5.4,6.7,25.5,94,14,80,14.9,81,PW,1,NA,NA,NA,NA,NA
309,Bleda notatus,Lesser Bristlebill,260454.6742,NA,NA,NA,Passeriformes,Pycnonotidae (Bulbuls),6039,588238,60965560,TRUE,FALSE,Bleda notatus,Passeriformes,Pycnonotidae (Bulbuls),6039,588238,60965560,TRUE,FALSE,224,AVIBASE-4F97BFE1,Bleda notatus,Bleda notatus notatus,Bleda notatus,1,NHMUK,1910.4.18.4,F,0,,NA,Nigeria,NA,19.8,12.1,4.8,6,24.1,85,11.8,73.2,13.9,71,PW,1,NA,NA,NA,NA,NA
310,Bleda notatus,Lesser Bristlebill,260454.6742,NA,NA,NA,Passeriformes,Pycnonotidae (Bulbuls),6039,588238,60965560,TRUE,FALSE,Bleda notatus,Passeriformes,Pycnonotidae (Bulbuls),6039,588238,60965560,TRUE,FALSE,345,AVIBASE-4F97BFE1,Bleda notatus,Bleda notatus notatus,Bleda notatus,2,Field1,NA,U,0,,NA,Equatorial Guinea,NA,NA,NA,NA,NA,NA,88,NA,NA,NA,83,JDW,0,NA,NA,NA,NA,NA
311,Bleda notatus,Lesser Bristlebill,260454.6742,NA,NA,NA,Passeriformes,Pycnonotidae (Bulbuls),6039,588238,60965560,TRUE,FALSE,Bleda notatus,Passeriformes,Pycnonotidae (Bulbuls),6039,588238,60965560,TRUE,FALSE,264,AVIBASE-4F97BFE1,Bleda notatus,Bleda notatus notatus,Bleda notatus,2,Field1,NA,U,0,,NA,Equatorial Guinea,NA,NA,NA,NA,NA,NA,90,NA,NA,NA,74,SEM,0,NA,NA,NA,NA,NA
312,Bleda notatus,Lesser Bristlebill,260454.6742,NA,NA,NA,Passeriformes,Pycnonotidae (Bulbuls),6039,588238,60965560,TRUE,FALSE,Bleda notatus,Passeriformes,Pycnonotidae (Bulbuls),6039,588238,60965560,TRUE,FALSE,263,AVIBASE-4F97BFE1,Bleda notatus,Bleda notatus notatus,Bleda notatus,2,Field1,NA,U,0,,NA,Equatorial Guinea,NA,NA,NA,NA,NA,NA,88,NA,NA,NA,75,JDW,0,NA,NA,NA,NA,NA
313,Bleda notatus,Lesser Bristlebill,260454.6742,NA,NA,NA,Passeriformes,Pycnonotidae (Bulbuls),6039,588238,60965560,TRUE,FALSE,Bleda notatus,Passeriformes,Pycnonotidae (Bulbuls),6039,588238,60965560,TRUE,FALSE,266,AVIBASE-4F97BFE1,Bleda notatus,Bleda notatus notatus,Bleda notatus,2,Field1,NA,U,0,,NA,Equatorial Guinea,NA,NA,NA,NA,NA,NA,94,NA,NA,NA,NA,CJ,0,NA,NA,NA,NA,NA
314,Bleda notatus,Lesser Bristlebill,260454.6742,NA,NA,NA,Passeriformes,Pycnonotidae (Bulbuls),6039,588238,60965560,TRUE,FALSE,Bleda notatus,Passeriformes,Pycnonotidae (Bulbuls),6039,588238,60965560,TRUE,FALSE,267,AVIBASE-4F97BFE1,Bleda notatus,Bleda notatus notatus,Bleda notatus,2,Field1,NA,U,0,,NA,Equatorial Guinea,NA,NA,NA,NA,NA,NA,90,NA,NA,NA,80,CAY,0,NA,NA,NA,NA,NA
315,Bleda notatus,Lesser Bristlebill,260454.6742,NA,NA,NA,Passeriformes,Pycnonotidae (Bulbuls),6039,588238,60965560,TRUE,FALSE,Bleda notatus,Passeriformes,Pycnonotidae (Bulbuls),6039,588238,60965560,TRUE,FALSE,269,AVIBASE-4F97BFE1,Bleda notatus,Bleda notatus notatus,Bleda notatus,2,Field1,NA,U,0,,NA,Equatorial Guinea,NA,NA,NA,NA,NA,NA,96,NA,NA,NA,88,SAL,0,NA,NA,NA,NA,NA
316,Bleda notatus,Lesser Bristlebill,260454.6742,NA,NA,NA,Passeriformes,Pycnonotidae (Bulbuls),6039,588238,60965560,TRUE,FALSE,Bleda notatus,Passeriformes,Pycnonotidae (Bulbuls),6039,588238,60965560,TRUE,FALSE,324,AVIBASE-4F97BFE1,Bleda notatus,Bleda notatus notatus,Bleda notatus,2,Field1,NA,U,0,,NA,Equatorial Guinea,NA,NA,NA,NA,NA,NA,86,NA,NA,NA,80,JDW,0,NA,NA,NA,NA,NA
317,Bleda notatus,Lesser Bristlebill,260454.6742,NA,NA,NA,Passeriformes,Pycnonotidae (Bulbuls),6039,588238,60965560,TRUE,FALSE,Bleda notatus,Passeriformes,Pycnonotidae (Bulbuls),6039,588238,60965560,TRUE,FALSE,294,AVIBASE-4F97BFE1,Bleda notatus,Bleda notatus notatus,Bleda notatus,2,Field1,NA,U,0,,NA,Equatorial Guinea,NA,NA,NA,NA,NA,NA,85,NA,NA,NA,78,JHW,0,NA,NA,NA,NA,NA
318,Bleda notatus,Lesser Bristlebill,260454.6742,NA,NA,NA,Passeriformes,Pycnonotidae (Bulbuls),6039,588238,60965560,TRUE,FALSE,Bleda notatus,Passeriformes,Pycnonotidae (Bulbuls),6039,588238,60965560,TRUE,FALSE,270,AVIBASE-4F97BFE1,Bleda notatus,Bleda notatus notatus,Bleda notatus,2,Field1,NA,U,0,,NA,Equatorial Guinea,NA,NA,NA,NA,NA,NA,75,NA,NA,NA,77,JDW,0,NA,NA,NA,NA,NA
319,Bleda notatus,Lesser Bristlebill,260454.6742,NA,NA,NA,Passeriformes,Pycnonotidae (Bulbuls),6039,588238,60965560,TRUE,FALSE,Bleda notatus,Passeriformes,Pycnonotidae (Bulbuls),6039,588238,60965560,TRUE,FALSE,327,AVIBASE-4F97BFE1,Bleda notatus,Bleda notatus notatus,Bleda notatus,2,Field1,NA,U,0,,NA,Equatorial Guinea,NA,NA,NA,NA,NA,NA,96,NA,NA,NA,83,JDW,0,NA,NA,NA,NA,NA
320,Bleda notatus,Lesser Bristlebill,260454.6742,NA,NA,NA,Passeriformes,Pycnonotidae (Bulbuls),6039,588238,60965560,TRUE,FALSE,Bleda notatus,Passeriformes,Pycnonotidae (Bulbuls),6039,588238,60965560,TRUE,FALSE,369,AVIBASE-4F97BFE1,Bleda notatus,Bleda notatus notatus,Bleda notatus,2,Field1,NA,U,0,,NA,Equatorial Guinea,NA,NA,NA,NA,NA,NA,NA,NA,NA,NA,75,EMB,0,NA,NA,NA,NA,NA
321,Bleda notatus,Lesser Bristlebill,260454.6742,NA,NA,NA,Passeriformes,Pycnonotidae (Bulbuls),6039,588238,60965560,TRUE,FALSE,Bleda notatus,Passeriformes,Pycnonotidae (Bulbuls),6039,588238,60965560,TRUE,FALSE,370,AVIBASE-4F97BFE1,Bleda notatus,Bleda notatus notatus,Bleda notatus,2,Field1,NA,U,0,,NA,Equatorial Guinea,NA,NA,NA,NA,NA,NA,90,NA,NA,NA,86,AKW,0,NA,NA,NA,NA,NA
322,Bleda notatus,Lesser Bristlebill,260454.6742,NA,NA,NA,Passeriformes,Pycnonotidae (Bulbuls),6039,588238,60965560,TRUE,FALSE,Bleda notatus,Passeriformes,Pycnonotidae (Bulbuls),6039,588238,60965560,TRUE,FALSE,398,AVIBASE-4F97BFE1,Bleda notatus,Bleda notatus notatus,Bleda notatus,2,Field1,NA,U,0,,NA,Equatorial Guinea,NA,NA,NA,NA,NA,NA,91,NA,NA,NA,76,AKW,0,NA,NA,NA,NA,NA
323,Bleda notatus,Lesser Bristlebill,260454.6742,NA,NA,NA,Passeriformes,Pycnonotidae (Bulbuls),6039,588238,60965560,TRUE,FALSE,Bleda notatus,Passeriformes,Pycnonotidae (Bulbuls),6039,588238,60965560,TRUE,FALSE,318,AVIBASE-4F97BFE1,Bleda notatus,Bleda notatus notatus,Bleda notatus,2,Field1,NA,U,0,,NA,Equatorial Guinea,NA,NA,NA,NA,NA,NA,89,NA,NA,NA,82,JHW,0,NA,NA,NA,NA,NA
324,Bleda notatus,Lesser Bristlebill,260454.6742,NA,NA,NA,Passeriformes,Pycnonotidae (Bulbuls),6039,588238,60965560,TRUE,FALSE,Bleda notatus,Passeriformes,Pycnonotidae (Bulbuls),6039,588238,60965560,TRUE,FALSE,250,AVIBASE-4F97BFE1,Bleda notatus,Bleda notatus notatus,Bleda notatus,2,Field1,NA,U,0,,NA,Equatorial Guinea,NA,NA,NA,NA,NA,NA,98,NA,NA,NA,87,LLP,0,NA,NA,NA,NA,NA
325,Bleda notatus,Lesser Bristlebill,260454.6742,NA,NA,NA,Passeriformes,Pycnonotidae (Bulbuls),6039,588238,60965560,TRUE,FALSE,Bleda notatus,Passeriformes,Pycnonotidae (Bulbuls),6039,588238,60965560,TRUE,FALSE,320,AVIBASE-4F97BFE1,Bleda notatus,Bleda notatus notatus,Bleda notatus,2,Field1,NA,U,0,,NA,Equatorial Guinea,NA,NA,NA,NA,NA,NA,98,NA,NA,NA,NA,LLP,0,NA,NA,NA,NA,NA
326,Bleda notatus,Lesser Bristlebill,260454.6742,NA,NA,NA,Passeriformes,Pycnonotidae (Bulbuls),6039,588238,60965560,TRUE,FALSE,Bleda notatus,Passeriformes,Pycnonotidae (Bulbuls),6039,588238,60965560,TRUE,FALSE,321,AVIBASE-4F97BFE1,Bleda notatus,Bleda notatus notatus,Bleda notatus,2,Field1,NA,U,0,,NA,Equatorial Guinea,NA,NA,NA,NA,NA,NA,93,NA,NA,NA,76,SAL,0,NA,NA,NA,NA,NA
327,Bleda notatus,Lesser Bristlebill,260454.6742,NA,NA,NA,Passeriformes,Pycnonotidae (Bulbuls),6039,588238,60965560,TRUE,FALSE,Bleda notatus,Passeriformes,Pycnonotidae (Bulbuls),6039,588238,60965560,TRUE,FALSE,322,AVIBASE-4F97BFE1,Bleda notatus,Bleda notatus notatus,Bleda notatus,2,Field1,NA,U,0,,NA,Equatorial Guinea,NA,NA,NA,NA,NA,NA,NA,NA,NA,NA,78,JDW,0,NA,NA,NA,NA,NA
328,Bleda notatus,Lesser Bristlebill,260454.6742,NA,NA,NA,Passeriformes,Pycnonotidae (Bulbuls),6039,588238,60965560,TRUE,FALSE,Bleda notatus,Passeriformes,Pycnonotidae (Bulbuls),6039,588238,60965560,TRUE,FALSE,323,AVIBASE-4F97BFE1,Bleda notatus,Bleda notatus notatus,Bleda notatus,2,Field1,NA,U,0,,NA,Equatorial Guinea,NA,NA,NA,NA,NA,NA,88,NA,NA,NA,78,JHW,0,NA,NA,NA,NA,NA
329,Bleda notatus,Lesser Bristlebill,260454.6742,NA,NA,NA,Passeriformes,Pycnonotidae (Bulbuls),6039,588238,60965560,TRUE,FALSE,Bleda notatus,Passeriformes,Pycnonotidae (Bulbuls),6039,588238,60965560,TRUE,FALSE,296,AVIBASE-4F97BFE1,Bleda notatus,Bleda notatus notatus,Bleda notatus,2,Field1,NA,U,0,,NA,Equatorial Guinea,NA,NA,NA,NA,NA,NA,88,NA,NA,NA,83,LLP,0,NA,NA,NA,NA,NA
330,Bleda notatus,Lesser Bristlebill,260454.6742,NA,NA,NA,Passeriformes,Pycnonotidae (Bulbuls),6039,588238,60965560,TRUE,FALSE,Bleda notatus,Passeriformes,Pycnonotidae (Bulbuls),6039,588238,60965560,TRUE,FALSE,392,AVIBASE-4F97BFE1,Bleda notatus,Bleda notatus notatus,Bleda notatus,2,Field1,NA,U,0,,NA,Equatorial Guinea,NA,NA,NA,NA,NA,NA,85,NA,NA,NA,74,AKW,0,NA,NA,NA,NA,NA
331,Bleda notatus,Lesser Bristlebill,260454.6742,NA,NA,NA,Passeriformes,Pycnonotidae (Bulbuls),6039,588238,60965560,TRUE,FALSE,Bleda notatus,Passeriformes,Pycnonotidae (Bulbuls),6039,588238,60965560,TRUE,FALSE,366,AVIBASE-4F97BFE1,Bleda notatus,Bleda notatus notatus,Bleda notatus,2,Field1,NA,U,0,,NA,Equatorial Guinea,NA,NA,NA,NA,NA,NA,95,NA,NA,NA,88,JDW,0,NA,NA,NA,NA,NA
332,Bleda notatus,Lesser Bristlebill,260454.6742,NA,NA,NA,Passeriformes,Pycnonotidae (Bulbuls),6039,588238,60965560,TRUE,FALSE,Bleda notatus,Passeriformes,Pycnonotidae (Bulbuls),6039,588238,60965560,TRUE,FALSE,367,AVIBASE-4F97BFE1,Bleda notatus,Bleda notatus notatus,Bleda notatus,2,Field1,NA,U,0,,NA,Equatorial Guinea,NA,NA,NA,NA,NA,NA,86,NA,NA,NA,83,PFR,0,NA,NA,NA,NA,NA
333,Bleda notatus,Lesser Bristlebill,260454.6742,NA,NA,NA,Passeriformes,Pycnonotidae (Bulbuls),6039,588238,60965560,TRUE,FALSE,Bleda notatus,Passeriformes,Pycnonotidae (Bulbuls),6039,588238,60965560,TRUE,FALSE,433,AVIBASE-4F97BFE1,Bleda notatus,Bleda notatus notatus,Bleda notatus,2,Field1,NA,U,0,,NA,Equatorial Guinea,NA,NA,NA,NA,NA,NA,86,NA,NA,NA,80,EMB,0,NA,NA,NA,NA,NA
334,Bleda notatus,Lesser Bristlebill,260454.6742,NA,NA,NA,Passeriformes,Pycnonotidae (Bulbuls),6039,588238,60965560,TRUE,FALSE,Bleda notatus,Passeriformes,Pycnonotidae (Bulbuls),6039,588238,60965560,TRUE,FALSE,261,AVIBASE-4F97BFE1,Bleda notatus,Bleda notatus notatus,Bleda notatus,2,Field1,NA,U,0,,NA,Equatorial Guinea,NA,NA,NA,NA,NA,NA,87,NA,NA,NA,77,MAF,0,NA,NA,NA,NA,NA
335,Bleda notatus,Lesser Bristlebill,260454.6742,NA,NA,NA,Passeriformes,Pycnonotidae (Bulbuls),6039,588238,60965560,TRUE,FALSE,Bleda notatus,Passeriformes,Pycnonotidae (Bulbuls),6039,588238,60965560,TRUE,FALSE,371,AVIBASE-4F97BFE1,Bleda notatus,Bleda notatus notatus,Bleda notatus,2,Field1,NA,U,0,,NA,Equatorial Guinea,NA,NA,NA,NA,NA,NA,90,NA,NA,NA,88,CAY,0,NA,NA,NA,NA,NA
336,Bleda notatus,Lesser Bristlebill,260454.6742,NA,NA,NA,Passeriformes,Pycnonotidae (Bulbuls),6039,588238,60965560,TRUE,FALSE,Bleda notatus,Passeriformes,Pycnonotidae (Bulbuls),6039,588238,60965560,TRUE,FALSE,249,AVIBASE-4F97BFE1,Bleda notatus,Bleda notatus notatus,Bleda notatus,2,Field1,NA,U,0,,NA,Equatorial Guinea,NA,NA,NA,NA,NA,NA,87,NA,NA,NA,81,JDW,0,NA,NA,NA,NA,NA
337,Bleda notatus,Lesser Bristlebill,260454.6742,NA,NA,NA,Passeriformes,Pycnonotidae (Bulbuls),6039,588238,60965560,TRUE,FALSE,Bleda notatus,Passeriformes,Pycnonotidae (Bulbuls),6039,588238,60965560,TRUE,FALSE,386,AVIBASE-4F97BFE1,Bleda notatus,Bleda notatus notatus,Bleda notatus,2,Field1,NA,U,0,,NA,Equatorial Guinea,NA,NA,NA,NA,NA,NA,88,NA,NA,NA,80,CJ,0,NA,NA,NA,NA,NA
338,Bleda notatus,Lesser Bristlebill,260454.6742,NA,NA,NA,Passeriformes,Pycnonotidae (Bulbuls),6039,588238,60965560,TRUE,FALSE,Bleda notatus,Passeriformes,Pycnonotidae (Bulbuls),6039,588238,60965560,TRUE,FALSE,374,AVIBASE-4F97BFE1,Bleda notatus,Bleda notatus notatus,Bleda notatus,2,Field1,NA,U,0,,NA,Equatorial Guinea,NA,NA,NA,NA,NA,NA,96,NA,NA,NA,NA,CAY,0,NA,NA,NA,NA,NA
339,Bleda notatus,Lesser Bristlebill,260454.6742,NA,NA,NA,Passeriformes,Pycnonotidae (Bulbuls),6039,588238,60965560,TRUE,FALSE,Bleda notatus,Passeriformes,Pycnonotidae (Bulbuls),6039,588238,60965560,TRUE,FALSE,252,AVIBASE-4F97BFE1,Bleda notatus,Bleda notatus notatus,Bleda notatus,2,Field1,NA,U,0,,NA,Equatorial Guinea,NA,NA,NA,NA,NA,NA,89,NA,NA,NA,81,AKW,0,NA,NA,NA,NA,NA
340,Bleda notatus,Lesser Bristlebill,260454.6742,NA,NA,NA,Passeriformes,Pycnonotidae (Bulbuls),6039,588238,60965560,TRUE,FALSE,Bleda notatus,Passeriformes,Pycnonotidae (Bulbuls),6039,588238,60965560,TRUE,FALSE,376,AVIBASE-4F97BFE1,Bleda notatus,Bleda notatus notatus,Bleda notatus,2,Field1,NA,U,0,,NA,Equatorial Guinea,NA,NA,NA,NA,NA,NA,92,NA,NA,NA,86,JDW,0,NA,NA,NA,NA,NA
341,Bleda notatus,Lesser Bristlebill,260454.6742,NA,NA,NA,Passeriformes,Pycnonotidae (Bulbuls),6039,588238,60965560,TRUE,FALSE,Bleda notatus,Passeriformes,Pycnonotidae (Bulbuls),6039,588238,60965560,TRUE,FALSE,417,AVIBASE-4F97BFE1,Bleda notatus,Bleda notatus notatus,Bleda notatus,2,Field1,NA,U,0,,NA,Equatorial Guinea,NA,NA,NA,NA,NA,NA,88,NA,NA,NA,76,LLP,0,NA,NA,NA,NA,NA
342,Bleda notatus,Lesser Bristlebill,260454.6742,NA,NA,NA,Passeriformes,Pycnonotidae (Bulbuls),6039,588238,60965560,TRUE,FALSE,Bleda notatus,Passeriformes,Pycnonotidae (Bulbuls),6039,588238,60965560,TRUE,FALSE,431,AVIBASE-4F97BFE1,Bleda notatus,Bleda notatus notatus,Bleda notatus,2,Field1,NA,U,0,,NA,Equatorial Guinea,NA,NA,NA,NA,NA,NA,90,NA,NA,NA,84,JDW,0,NA,NA,NA,NA,NA
343,Bleda notatus,Lesser Bristlebill,260454.6742,NA,NA,NA,Passeriformes,Pycnonotidae (Bulbuls),6039,588238,60965560,TRUE,FALSE,Bleda notatus,Passeriformes,Pycnonotidae (Bulbuls),6039,588238,60965560,TRUE,FALSE,365,AVIBASE-4F97BFE1,Bleda notatus,Bleda notatus notatus,Bleda notatus,2,Field1,NA,U,0,,NA,Equatorial Guinea,NA,NA,NA,NA,NA,NA,97,NA,NA,NA,86,ELK,0,NA,NA,NA,NA,NA
344,Bleda notatus,Lesser Bristlebill,260454.6742,NA,NA,NA,Passeriformes,Pycnonotidae (Bulbuls),6039,588238,60965560,TRUE,FALSE,Bleda notatus,Passeriformes,Pycnonotidae (Bulbuls),6039,588238,60965560,TRUE,FALSE,432,AVIBASE-4F97BFE1,Bleda notatus,Bleda notatus notatus,Bleda notatus,2,Field1,NA,U,0,,NA,Equatorial Guinea,NA,NA,NA,NA,NA,NA,94,NA,NA,NA,86,BAK,0,NA,NA,NA,NA,NA
345,Bleda notatus,Lesser Bristlebill,260454.6742,NA,NA,NA,Passeriformes,Pycnonotidae (Bulbuls),6039,588238,60965560,TRUE,FALSE,Bleda notatus,Passeriformes,Pycnonotidae (Bulbuls),6039,588238,60965560,TRUE,FALSE,284,AVIBASE-4F97BFE1,Bleda notatus,Bleda notatus notatus,Bleda notatus,2,Field1,NA,U,0,,NA,Equatorial Guinea,NA,NA,NA,NA,NA,NA,86,NA,NA,NA,82,BAK,0,NA,NA,NA,NA,NA
346,Bleda notatus,Lesser Bristlebill,260454.6742,NA,NA,NA,Passeriformes,Pycnonotidae (Bulbuls),6039,588238,60965560,TRUE,FALSE,Bleda notatus,Passeriformes,Pycnonotidae (Bulbuls),6039,588238,60965560,TRUE,FALSE,368,AVIBASE-4F97BFE1,Bleda notatus,Bleda notatus notatus,Bleda notatus,2,Field1,NA,U,0,,NA,Equatorial Guinea,NA,NA,NA,NA,NA,NA,93,NA,NA,NA,73,JDW,0,NA,NA,NA,NA,NA
347,Bleda notatus,Lesser Bristlebill,260454.6742,NA,NA,NA,Passeriformes,Pycnonotidae (Bulbuls),6039,588238,60965560,TRUE,FALSE,Bleda notatus,Passeriformes,Pycnonotidae (Bulbuls),6039,588238,60965560,TRUE,FALSE,287,AVIBASE-4F97BFE1,Bleda notatus,Bleda notatus notatus,Bleda notatus,2,Field1,NA,U,0,,NA,Equatorial Guinea,NA,NA,NA,NA,NA,NA,87,NA,NA,NA,84,JHW,0,NA,NA,NA,NA,NA
348,Bleda notatus,Lesser Bristlebill,260454.6742,NA,NA,NA,Passeriformes,Pycnonotidae (Bulbuls),6039,588238,60965560,TRUE,FALSE,Bleda notatus,Passeriformes,Pycnonotidae (Bulbuls),6039,588238,60965560,TRUE,FALSE,385,AVIBASE-4F97BFE1,Bleda notatus,Bleda notatus notatus,Bleda notatus,2,Field1,NA,U,0,,NA,Equatorial Guinea,NA,NA,NA,NA,NA,NA,92,NA,NA,NA,86,SAL,0,NA,NA,NA,NA,NA
349,Bleda notatus,Lesser Bristlebill,260454.6742,NA,NA,NA,Passeriformes,Pycnonotidae (Bulbuls),6039,588238,60965560,TRUE,FALSE,Bleda notatus,Passeriformes,Pycnonotidae (Bulbuls),6039,588238,60965560,TRUE,FALSE,305,AVIBASE-4F97BFE1,Bleda notatus,Bleda notatus notatus,Bleda notatus,2,Field1,NA,U,0,,NA,Equatorial Guinea,NA,NA,NA,NA,NA,NA,93,NA,NA,NA,75,JDW,0,NA,NA,NA,NA,NA
350,Bleda notatus,Lesser Bristlebill,260454.6742,NA,NA,NA,Passeriformes,Pycnonotidae (Bulbuls),6039,588238,60965560,TRUE,FALSE,Bleda notatus,Passeriformes,Pycnonotidae (Bulbuls),6039,588238,60965560,TRUE,FALSE,399,AVIBASE-4F97BFE1,Bleda notatus,Bleda notatus notatus,Bleda notatus,2,Field1,NA,U,0,,NA,Equatorial Guinea,NA,NA,NA,NA,NA,NA,95,NA,NA,NA,68,LLP,0,NA,NA,NA,NA,NA
351,Bleda notatus,Lesser Bristlebill,260454.6742,NA,NA,NA,Passeriformes,Pycnonotidae (Bulbuls),6039,588238,60965560,TRUE,FALSE,Bleda notatus,Passeriformes,Pycnonotidae (Bulbuls),6039,588238,60965560,TRUE,FALSE,262,AVIBASE-4F97BFE1,Bleda notatus,Bleda notatus notatus,Bleda notatus,2,Field1,NA,U,0,,NA,Equatorial Guinea,NA,NA,NA,NA,NA,NA,95,NA,NA,NA,83,SAL,0,NA,NA,NA,NA,NA
352,Bleda notatus,Lesser Bristlebill,260454.6742,NA,NA,NA,Passeriformes,Pycnonotidae (Bulbuls),6039,588238,60965560,TRUE,FALSE,Bleda notatus,Passeriformes,Pycnonotidae (Bulbuls),6039,588238,60965560,TRUE,FALSE,251,AVIBASE-4F97BFE1,Bleda notatus,Bleda notatus notatus,Bleda notatus,2,Field1,NA,U,0,,NA,Equatorial Guinea,NA,NA,NA,NA,NA,NA,95,NA,NA,NA,91,AKW,0,NA,NA,NA,NA,NA
353,Bleda notatus,Lesser Bristlebill,260454.6742,NA,NA,NA,Passeriformes,Pycnonotidae (Bulbuls),6039,588238,60965560,TRUE,FALSE,Bleda notatus,Passeriformes,Pycnonotidae (Bulbuls),6039,588238,60965560,TRUE,FALSE,292,AVIBASE-4F97BFE1,Bleda notatus,Bleda notatus notatus,Bleda notatus,2,Field1,NA,U,0,,NA,Equatorial Guinea,NA,NA,NA,NA,NA,NA,94,NA,NA,NA,85,BAK,0,NA,NA,NA,NA,NA
354,Bleda notatus,Lesser Bristlebill,260454.6742,NA,NA,NA,Passeriformes,Pycnonotidae (Bulbuls),6039,588238,60965560,TRUE,FALSE,Bleda notatus,Passeriformes,Pycnonotidae (Bulbuls),6039,588238,60965560,TRUE,FALSE,363,AVIBASE-4F97BFE1,Bleda notatus,Bleda notatus notatus,Bleda notatus,2,Field1,NA,U,0,,NA,Equatorial Guinea,NA,NA,NA,NA,NA,NA,87,NA,NA,NA,76,LLP,0,NA,NA,NA,NA,NA
355,Bleda notatus,Lesser Bristlebill,260454.6742,NA,NA,NA,Passeriformes,Pycnonotidae (Bulbuls),6039,588238,60965560,TRUE,FALSE,Bleda notatus,Passeriformes,Pycnonotidae (Bulbuls),6039,588238,60965560,TRUE,FALSE,364,AVIBASE-4F97BFE1,Bleda notatus,Bleda notatus notatus,Bleda notatus,2,Field1,NA,U,0,,NA,Equatorial Guinea,NA,NA,NA,NA,NA,NA,90,NA,NA,NA,NA,HP,0,NA,NA,NA,NA,NA
356,Bleda notatus,Lesser Bristlebill,260454.6742,NA,NA,NA,Passeriformes,Pycnonotidae (Bulbuls),6039,588238,60965560,TRUE,FALSE,Bleda notatus,Passeriformes,Pycnonotidae (Bulbuls),6039,588238,60965560,TRUE,FALSE,255,AVIBASE-4F97BFE1,Bleda notatus,Bleda notatus notatus,Bleda notatus,2,Field1,NA,U,0,,NA,Equatorial Guinea,NA,NA,NA,NA,NA,NA,89,NA,NA,NA,78,JDW,0,NA,NA,NA,NA,NA
357,Bleda notatus,Lesser Bristlebill,260454.6742,NA,NA,NA,Passeriformes,Pycnonotidae (Bulbuls),6039,588238,60965560,TRUE,FALSE,Bleda notatus,Passeriformes,Pycnonotidae (Bulbuls),6039,588238,60965560,TRUE,FALSE,283,AVIBASE-4F97BFE1,Bleda notatus,Bleda notatus notatus,Bleda notatus,2,Field1,NA,U,0,,NA,Equatorial Guinea,NA,NA,NA,NA,NA,NA,88,NA,NA,NA,83,AKW,0,NA,NA,NA,NA,NA
358,Bleda notatus,Lesser Bristlebill,260454.6742,NA,NA,NA,Passeriformes,Pycnonotidae (Bulbuls),6039,588238,60965560,TRUE,FALSE,Bleda notatus,Passeriformes,Pycnonotidae (Bulbuls),6039,588238,60965560,TRUE,FALSE,248,AVIBASE-4F97BFE1,Bleda notatus,Bleda notatus notatus,Bleda notatus,2,Field1,NA,U,0,,NA,Equatorial Guinea,NA,NA,NA,NA,NA,NA,89,NA,NA,NA,76,JDW,0,NA,NA,NA,NA,NA
359,Bleda notatus,Lesser Bristlebill,260454.6742,NA,NA,NA,Passeriformes,Pycnonotidae (Bulbuls),6039,588238,60965560,TRUE,FALSE,Bleda notatus,Passeriformes,Pycnonotidae (Bulbuls),6039,588238,60965560,TRUE,FALSE,285,AVIBASE-4F97BFE1,Bleda notatus,Bleda notatus notatus,Bleda notatus,2,Field1,NA,U,0,,NA,Equatorial Guinea,NA,NA,NA,NA,NA,NA,87,NA,NA,NA,80,JDW,0,NA,NA,NA,NA,NA
360,Bleda notatus,Lesser Bristlebill,260454.6742,NA,NA,NA,Passeriformes,Pycnonotidae (Bulbuls),6039,588238,60965560,TRUE,FALSE,Bleda notatus,Passeriformes,Pycnonotidae (Bulbuls),6039,588238,60965560,TRUE,FALSE,409,AVIBASE-4F97BFE1,Bleda notatus,Bleda notatus notatus,Bleda notatus,2,Field1,NA,U,0,,NA,Equatorial Guinea,NA,NA,NA,NA,NA,NA,90,NA,NA,NA,82,JDW,0,NA,NA,NA,NA,NA
361,Bleda notatus,Lesser Bristlebill,260454.6742,NA,NA,NA,Passeriformes,Pycnonotidae (Bulbuls),6039,588238,60965560,TRUE,FALSE,Bleda notatus,Passeriformes,Pycnonotidae (Bulbuls),6039,588238,60965560,TRUE,FALSE,288,AVIBASE-4F97BFE1,Bleda notatus,Bleda notatus notatus,Bleda notatus,2,Field1,NA,U,0,,NA,Equatorial Guinea,NA,NA,NA,NA,NA,NA,96,NA,NA,NA,89,SEM,0,NA,NA,NA,NA,NA
362,Bleda notatus,Lesser Bristlebill,260454.6742,NA,NA,NA,Passeriformes,Pycnonotidae (Bulbuls),6039,588238,60965560,TRUE,FALSE,Bleda notatus,Passeriformes,Pycnonotidae (Bulbuls),6039,588238,60965560,TRUE,FALSE,295,AVIBASE-4F97BFE1,Bleda notatus,Bleda notatus notatus,Bleda notatus,2,Field1,NA,U,0,,NA,Equatorial Guinea,NA,NA,NA,NA,NA,NA,86,NA,NA,NA,77,AKW,0,NA,NA,NA,NA,NA
363,Bleda notatus,Lesser Bristlebill,260454.6742,NA,NA,NA,Passeriformes,Pycnonotidae (Bulbuls),6039,588238,60965560,TRUE,FALSE,Bleda notatus,Passeriformes,Pycnonotidae (Bulbuls),6039,588238,60965560,TRUE,FALSE,222,AVIBASE-4F97BFE1,Bleda notatus,Bleda notatus notatus,Bleda notatus,1,NHMUK,1904.6.22.129,F,0,,NA,Equatorial Guinea,NA,NA,NA,5,6.6,24.7,84,12.9,71.1,15.4,66,PW,1,NA,NA,NA,NA,NA
364,Bleda notatus,Lesser Bristlebill,260454.6742,NA,NA,NA,Passeriformes,Pycnonotidae (Bulbuls),6039,588238,60965560,TRUE,FALSE,Bleda notatus,Passeriformes,Pycnonotidae (Bulbuls),6039,588238,60965560,TRUE,FALSE,254,AVIBASE-4F97BFE1,Bleda notatus,Bleda notatus notatus,Bleda notatus,2,Field1,NA,U,0,,NA,Equatorial Guinea,NA,NA,NA,NA,NA,NA,95,NA,NA,NA,88,JDW,0,NA,NA,NA,NA,NA
365,Bleda notatus,Lesser Bristlebill,260454.6742,NA,NA,NA,Passeriformes,Pycnonotidae (Bulbuls),6039,588238,60965560,TRUE,FALSE,Bleda notatus,Passeriformes,Pycnonotidae (Bulbuls),6039,588238,60965560,TRUE,FALSE,416,AVIBASE-4F97BFE1,Bleda notatus,Bleda notatus notatus,Bleda notatus,2,Field1,NA,U,0,,NA,Equatorial Guinea,NA,NA,NA,NA,NA,NA,93,NA,NA,NA,83,JDW,0,NA,NA,NA,NA,NA
366,Bleda notatus,Lesser Bristlebill,260454.6742,NA,NA,NA,Passeriformes,Pycnonotidae (Bulbuls),6039,588238,60965560,TRUE,FALSE,Bleda notatus,Passeriformes,Pycnonotidae (Bulbuls),6039,588238,60965560,TRUE,FALSE,326,AVIBASE-4F97BFE1,Bleda notatus,Bleda notatus notatus,Bleda notatus,2,Field1,NA,U,0,,NA,Equatorial Guinea,NA,NA,NA,NA,NA,NA,91,NA,NA,NA,83,BAK,0,NA,NA,NA,NA,NA
367,Bleda notatus,Lesser Bristlebill,260454.6742,NA,NA,NA,Passeriformes,Pycnonotidae (Bulbuls),6039,588238,60965560,TRUE,FALSE,Bleda notatus,Passeriformes,Pycnonotidae (Bulbuls),6039,588238,60965560,TRUE,FALSE,253,AVIBASE-4F97BFE1,Bleda notatus,Bleda notatus notatus,Bleda notatus,2,Field1,NA,U,0,,NA,Equatorial Guinea,NA,NA,NA,NA,NA,NA,88,NA,NA,NA,80,AKW,0,NA,NA,NA,NA,NA
368,Bleda notatus,Lesser Bristlebill,260454.6742,NA,NA,NA,Passeriformes,Pycnonotidae (Bulbuls),6039,588238,60965560,TRUE,FALSE,Bleda notatus,Passeriformes,Pycnonotidae (Bulbuls),6039,588238,60965560,TRUE,FALSE,325,AVIBASE-4F97BFE1,Bleda notatus,Bleda notatus notatus,Bleda notatus,2,Field1,NA,U,0,,NA,Equatorial Guinea,NA,NA,NA,NA,NA,NA,93,NA,NA,NA,73,LLP,0,NA,NA,NA,NA,NA
369,Bleda notatus,Lesser Bristlebill,260454.6742,NA,NA,NA,Passeriformes,Pycnonotidae (Bulbuls),6039,588238,60965560,TRUE,FALSE,Bleda notatus,Passeriformes,Pycnonotidae (Bulbuls),6039,588238,60965560,TRUE,FALSE,286,AVIBASE-4F97BFE1,Bleda notatus,Bleda notatus notatus,Bleda notatus,2,Field1,NA,U,0,,NA,Equatorial Guinea,NA,NA,NA,NA,NA,NA,86,NA,NA,NA,81,JDW,0,NA,NA,NA,NA,NA
370,Bleda notatus,Lesser Bristlebill,260454.6742,NA,NA,NA,Passeriformes,Pycnonotidae (Bulbuls),6039,588238,60965560,TRUE,FALSE,Bleda notatus,Passeriformes,Pycnonotidae (Bulbuls),6039,588238,60965560,TRUE,FALSE,293,AVIBASE-4F97BFE1,Bleda notatus,Bleda notatus notatus,Bleda notatus,2,Field1,NA,U,0,,NA,Equatorial Guinea,NA,NA,NA,NA,NA,NA,97,NA,NA,NA,87,SAL,0,NA,NA,NA,NA,NA
371,Bleda syndactylus,Red-tailed Bristlebill,1361992.62,NA,NA,NA,Passeriformes,Pycnonotidae (Bulbuls),17236,1606067,143533864,TRUE,FALSE,Bleda syndactylus,Passeriformes,Pycnonotidae (Bulbuls),17236,1606067,143533864,TRUE,FALSE,483,AVIBASE-5A94FEAE,Bleda syndactylus,Bleda syndactylus,Bleda syndactylus,2,Field1,NA,U,0,,NA,Equatorial Guinea,NA,NA,NA,NA,NA,NA,102,NA,NA,NA,95,AKW,0,NA,NA,NA,NA,NA
372,Bleda syndactylus,Red-tailed Bristlebill,1361992.62,NA,NA,NA,Passeriformes,Pycnonotidae (Bulbuls),17236,1606067,143533864,TRUE,FALSE,Bleda syndactylus,Passeriformes,Pycnonotidae (Bulbuls),17236,1606067,143533864,TRUE,FALSE,454,AVIBASE-5A94FEAE,Bleda syndactylus,Bleda syndactylus,Bleda syndactylus,2,Field1,NA,U,0,,NA,Equatorial Guinea,NA,NA,NA,NA,NA,NA,107,NA,NA,NA,99,AKW,0,NA,NA,NA,NA,NA
373,Bleda syndactylus,Red-tailed Bristlebill,1361992.62,NA,NA,NA,Passeriformes,Pycnonotidae (Bulbuls),17236,1606067,143533864,TRUE,FALSE,Bleda syndactylus,Passeriformes,Pycnonotidae (Bulbuls),17236,1606067,143533864,TRUE,FALSE,482,AVIBASE-5A94FEAE,Bleda syndactylus,Bleda syndactylus,Bleda syndactylus,2,Field1,NA,U,0,,NA,Equatorial Guinea,NA,NA,NA,NA,NA,NA,112,NA,NA,NA,102,SEM,0,NA,NA,NA,NA,NA
374,Bleda syndactylus,Red-tailed Bristlebill,1361992.62,NA,NA,NA,Passeriformes,Pycnonotidae (Bulbuls),17236,1606067,143533864,TRUE,FALSE,Bleda syndactylus,Passeriformes,Pycnonotidae (Bulbuls),17236,1606067,143533864,TRUE,FALSE,453,AVIBASE-5A94FEAE,Bleda syndactylus,Bleda syndactylus,Bleda syndactylus,2,Field1,NA,U,0,,NA,Equatorial Guinea,NA,NA,NA,NA,NA,NA,103,NA,NA,NA,91,JDW,0,NA,NA,NA,NA,NA
375,Bleda syndactylus,Red-tailed Bristlebill,1361992.62,NA,NA,NA,Passeriformes,Pycnonotidae (Bulbuls),17236,1606067,143533864,TRUE,FALSE,Bleda syndactylus,Passeriformes,Pycnonotidae (Bulbuls),17236,1606067,143533864,TRUE,FALSE,465,AVIBASE-5A94FEAE,Bleda syndactylus,Bleda syndactylus,Bleda syndactylus,2,Field1,NA,U,0,,NA,Equatorial Guinea,NA,NA,NA,NA,NA,NA,110,NA,NA,NA,70,JHW,0,NA,NA,NA,NA,NA
376,Bleda syndactylus,Red-tailed Bristlebill,1361992.62,NA,NA,NA,Passeriformes,Pycnonotidae (Bulbuls),17236,1606067,143533864,TRUE,FALSE,Bleda syndactylus,Passeriformes,Pycnonotidae (Bulbuls),17236,1606067,143533864,TRUE,FALSE,480,AVIBASE-5A94FEAE,Bleda syndactylus,Bleda syndactylus,Bleda syndactylus,2,Field1,NA,U,0,,NA,Equatorial Guinea,NA,NA,NA,NA,NA,NA,106,NA,NA,NA,NA,SEM,0,NA,NA,NA,NA,NA
377,Bleda syndactylus,Red-tailed Bristlebill,1361992.62,NA,NA,NA,Passeriformes,Pycnonotidae (Bulbuls),17236,1606067,143533864,TRUE,FALSE,Bleda syndactylus,Passeriformes,Pycnonotidae (Bulbuls),17236,1606067,143533864,TRUE,FALSE,455,AVIBASE-5A94FEAE,Bleda syndactylus,Bleda syndactylus,Bleda syndactylus,2,Field1,NA,U,0,,NA,Equatorial Guinea,NA,NA,NA,NA,NA,NA,100,NA,NA,NA,112,JDW,0,NA,NA,NA,NA,NA
378,Bleda syndactylus,Red-tailed Bristlebill,1361992.62,NA,NA,NA,Passeriformes,Pycnonotidae (Bulbuls),17236,1606067,143533864,TRUE,FALSE,Bleda syndactylus,Passeriformes,Pycnonotidae (Bulbuls),17236,1606067,143533864,TRUE,FALSE,476,AVIBASE-5A94FEAE,Bleda syndactylus,Bleda syndactylus,Bleda syndactylus,2,Field1,NA,U,0,,NA,Equatorial Guinea,NA,NA,NA,NA,NA,NA,98,NA,NA,NA,92,AKW,0,NA,NA,NA,NA,NA
379,Bleda syndactylus,Red-tailed Bristlebill,1361992.62,NA,NA,NA,Passeriformes,Pycnonotidae (Bulbuls),17236,1606067,143533864,TRUE,FALSE,Bleda syndactylus,Passeriformes,Pycnonotidae (Bulbuls),17236,1606067,143533864,TRUE,FALSE,440,AVIBASE-5A94FEAE,Bleda syndactylus,Bleda syndactylus,Bleda syndactylus,1,NHMUK,1977.20.1178,M,0,,NA,Liberia,NA,27.9,18.7,4.8,7.4,25.5,111,17.4,93.6,15.7,100,CS,1,NA,NA,NA,NA,NA
380,Bleda syndactylus,Red-tailed Bristlebill,1361992.62,NA,NA,NA,Passeriformes,Pycnonotidae (Bulbuls),17236,1606067,143533864,TRUE,FALSE,Bleda syndactylus,Passeriformes,Pycnonotidae (Bulbuls),17236,1606067,143533864,TRUE,FALSE,466,AVIBASE-5A94FEAE,Bleda syndactylus,Bleda syndactylus,Bleda syndactylus,2,Field1,NA,U,0,,NA,Equatorial Guinea,NA,NA,NA,NA,NA,NA,103,NA,NA,NA,91,JHW,0,NA,NA,NA,NA,NA
381,Bleda syndactylus,Red-tailed Bristlebill,1361992.62,NA,NA,NA,Passeriformes,Pycnonotidae (Bulbuls),17236,1606067,143533864,TRUE,FALSE,Bleda syndactylus,Passeriformes,Pycnonotidae (Bulbuls),17236,1606067,143533864,TRUE,FALSE,515,AVIBASE-5A94FEAE,Bleda syndactylus,Bleda syndactylus,Bleda syndactylus,2,Field1,NA,U,0,,NA,Equatorial Guinea,NA,NA,NA,NA,NA,NA,116,NA,NA,NA,102,SAL,0,NA,NA,NA,NA,NA
382,Bleda syndactylus,Red-tailed Bristlebill,1361992.62,NA,NA,NA,Passeriformes,Pycnonotidae (Bulbuls),17236,1606067,143533864,TRUE,FALSE,Bleda syndactylus,Passeriformes,Pycnonotidae (Bulbuls),17236,1606067,143533864,TRUE,FALSE,475,AVIBASE-5A94FEAE,Bleda syndactylus,Bleda syndactylus,Bleda syndactylus,2,Field1,NA,U,0,,NA,Equatorial Guinea,NA,NA,NA,NA,NA,NA,106,NA,NA,NA,NA,AKW,0,NA,NA,NA,NA,NA
383,Bleda syndactylus,Red-tailed Bristlebill,1361992.62,NA,NA,NA,Passeriformes,Pycnonotidae (Bulbuls),17236,1606067,143533864,TRUE,FALSE,Bleda syndactylus,Passeriformes,Pycnonotidae (Bulbuls),17236,1606067,143533864,TRUE,FALSE,502,AVIBASE-5A94FEAE,Bleda syndactylus,Bleda syndactylus,Bleda syndactylus,2,Field1,NA,U,0,,NA,Equatorial Guinea,NA,NA,NA,NA,NA,NA,115,NA,NA,NA,104,JDW,0,NA,NA,NA,NA,NA
384,Bleda syndactylus,Red-tailed Bristlebill,1361992.62,NA,NA,NA,Passeriformes,Pycnonotidae (Bulbuls),17236,1606067,143533864,TRUE,FALSE,Bleda syndactylus,Passeriformes,Pycnonotidae (Bulbuls),17236,1606067,143533864,TRUE,FALSE,523,AVIBASE-5A94FEAE,Bleda syndactylus,Bleda syndactylus,Bleda syndactylus,2,Field1,NA,U,0,,NA,Equatorial Guinea,NA,NA,NA,NA,NA,NA,106,NA,NA,NA,95,EMB,0,NA,NA,NA,NA,NA
385,Bleda syndactylus,Red-tailed Bristlebill,1361992.62,NA,NA,NA,Passeriformes,Pycnonotidae (Bulbuls),17236,1606067,143533864,TRUE,FALSE,Bleda syndactylus,Passeriformes,Pycnonotidae (Bulbuls),17236,1606067,143533864,TRUE,FALSE,467,AVIBASE-5A94FEAE,Bleda syndactylus,Bleda syndactylus,Bleda syndactylus,2,Field1,NA,U,0,,NA,Equatorial Guinea,NA,NA,NA,NA,NA,NA,98,NA,NA,NA,93,SEM,0,NA,NA,NA,NA,NA
386,Bleda syndactylus,Red-tailed Bristlebill,1361992.62,NA,NA,NA,Passeriformes,Pycnonotidae (Bulbuls),17236,1606067,143533864,TRUE,FALSE,Bleda syndactylus,Passeriformes,Pycnonotidae (Bulbuls),17236,1606067,143533864,TRUE,FALSE,499,AVIBASE-5A94FEAE,Bleda syndactylus,Bleda syndactylus,Bleda syndactylus,2,Field1,NA,U,0,,NA,Equatorial Guinea,NA,NA,NA,NA,NA,NA,NA,NA,NA,NA,99,JDW,0,NA,NA,NA,NA,NA
387,Bleda syndactylus,Red-tailed Bristlebill,1361992.62,NA,NA,NA,Passeriformes,Pycnonotidae (Bulbuls),17236,1606067,143533864,TRUE,FALSE,Bleda syndactylus,Passeriformes,Pycnonotidae (Bulbuls),17236,1606067,143533864,TRUE,FALSE,468,AVIBASE-5A94FEAE,Bleda syndactylus,Bleda syndactylus,Bleda syndactylus,2,Field1,NA,U,0,,NA,Equatorial Guinea,NA,NA,NA,NA,NA,NA,112,NA,NA,NA,100,JHW,0,NA,NA,NA,NA,NA
388,Bleda syndactylus,Red-tailed Bristlebill,1361992.62,NA,NA,NA,Passeriformes,Pycnonotidae (Bulbuls),17236,1606067,143533864,TRUE,FALSE,Bleda syndactylus,Passeriformes,Pycnonotidae (Bulbuls),17236,1606067,143533864,TRUE,FALSE,481,AVIBASE-5A94FEAE,Bleda syndactylus,Bleda syndactylus,Bleda syndactylus,2,Field1,NA,U,0,,NA,Equatorial Guinea,NA,NA,NA,NA,NA,NA,113,NA,NA,NA,NA,AKW,0,NA,NA,NA,NA,NA
389,Bleda syndactylus,Red-tailed Bristlebill,1361992.62,NA,NA,NA,Passeriformes,Pycnonotidae (Bulbuls),17236,1606067,143533864,TRUE,FALSE,Bleda syndactylus,Passeriformes,Pycnonotidae (Bulbuls),17236,1606067,143533864,TRUE,FALSE,531,AVIBASE-5A94FEAE,Bleda syndactylus,Bleda syndactylus,Bleda syndactylus,2,Field1,NA,U,0,,NA,Equatorial Guinea,NA,NA,NA,NA,NA,NA,103,NA,NA,NA,94,JDW,0,NA,NA,NA,NA,NA
390,Bleda syndactylus,Red-tailed Bristlebill,1361992.62,NA,NA,NA,Passeriformes,Pycnonotidae (Bulbuls),17236,1606067,143533864,TRUE,FALSE,Bleda syndactylus,Passeriformes,Pycnonotidae (Bulbuls),17236,1606067,143533864,TRUE,FALSE,532,AVIBASE-5A94FEAE,Bleda syndactylus,Bleda syndactylus,Bleda syndactylus,2,Field1,NA,U,0,,NA,Equatorial Guinea,NA,NA,NA,NA,NA,NA,107,NA,NA,NA,NA,BAK,0,NA,NA,NA,NA,NA
391,Bleda syndactylus,Red-tailed Bristlebill,1361992.62,NA,NA,NA,Passeriformes,Pycnonotidae (Bulbuls),17236,1606067,143533864,TRUE,FALSE,Bleda syndactylus,Passeriformes,Pycnonotidae (Bulbuls),17236,1606067,143533864,TRUE,FALSE,530,AVIBASE-5A94FEAE,Bleda syndactylus,Bleda syndactylus,Bleda syndactylus,2,Field1,NA,U,0,,NA,Equatorial Guinea,NA,NA,NA,NA,NA,NA,112,NA,NA,NA,101,JDW,0,NA,NA,NA,NA,NA
392,Bleda syndactylus,Red-tailed Bristlebill,1361992.62,NA,NA,NA,Passeriformes,Pycnonotidae (Bulbuls),17236,1606067,143533864,TRUE,FALSE,Bleda syndactylus,Passeriformes,Pycnonotidae (Bulbuls),17236,1606067,143533864,TRUE,FALSE,452,AVIBASE-5A94FEAE,Bleda syndactylus,Bleda syndactylus,Bleda syndactylus,2,Field1,NA,U,0,,NA,Equatorial Guinea,NA,NA,NA,NA,NA,NA,101,NA,NA,NA,74,AKW,0,NA,NA,NA,NA,NA
393,Bleda syndactylus,Red-tailed Bristlebill,1361992.62,NA,NA,NA,Passeriformes,Pycnonotidae (Bulbuls),17236,1606067,143533864,TRUE,FALSE,Bleda syndactylus,Passeriformes,Pycnonotidae (Bulbuls),17236,1606067,143533864,TRUE,FALSE,522,AVIBASE-5A94FEAE,Bleda syndactylus,Bleda syndactylus,Bleda syndactylus,2,Field1,NA,U,0,,NA,Equatorial Guinea,NA,NA,NA,NA,NA,NA,102,NA,NA,NA,85,ELK,0,NA,NA,NA,NA,NA
394,Bleda syndactylus,Red-tailed Bristlebill,1361992.62,NA,NA,NA,Passeriformes,Pycnonotidae (Bulbuls),17236,1606067,143533864,TRUE,FALSE,Bleda syndactylus,Passeriformes,Pycnonotidae (Bulbuls),17236,1606067,143533864,TRUE,FALSE,443,AVIBASE-5A94FEAE,Bleda syndactylus,Bleda syndactylus,Bleda syndactylus,1,ZFMK,1978-056,M,0,,NA,South Sudan,NA,30.8,NA,NA,NA,25.3,113,19,94,16.8,100,LN,0,NA,NA,NA,NA,NA
395,Bleda syndactylus,Red-tailed Bristlebill,1361992.62,NA,NA,NA,Passeriformes,Pycnonotidae (Bulbuls),17236,1606067,143533864,TRUE,FALSE,Bleda syndactylus,Passeriformes,Pycnonotidae (Bulbuls),17236,1606067,143533864,TRUE,FALSE,514,AVIBASE-5A94FEAE,Bleda syndactylus,Bleda syndactylus,Bleda syndactylus,2,Field1,NA,U,0,,NA,Equatorial Guinea,NA,NA,NA,NA,NA,NA,105,NA,NA,NA,97,BAK,0,NA,NA,NA,NA,NA
396,Bleda syndactylus,Red-tailed Bristlebill,1361992.62,NA,NA,NA,Passeriformes,Pycnonotidae (Bulbuls),17236,1606067,143533864,TRUE,FALSE,Bleda syndactylus,Passeriformes,Pycnonotidae (Bulbuls),17236,1606067,143533864,TRUE,FALSE,473,AVIBASE-5A94FEAE,Bleda syndactylus,Bleda syndactylus,Bleda syndactylus,2,Field1,NA,U,0,,NA,Equatorial Guinea,NA,NA,NA,NA,NA,NA,NA,NA,NA,NA,96,JDW,0,NA,NA,NA,NA,NA
397,Bleda syndactylus,Red-tailed Bristlebill,1361992.62,NA,NA,NA,Passeriformes,Pycnonotidae (Bulbuls),17236,1606067,143533864,TRUE,FALSE,Bleda syndactylus,Passeriformes,Pycnonotidae (Bulbuls),17236,1606067,143533864,TRUE,FALSE,464,AVIBASE-5A94FEAE,Bleda syndactylus,Bleda syndactylus,Bleda syndactylus,2,Field1,NA,U,0,,NA,Equatorial Guinea,NA,NA,NA,NA,NA,NA,111,NA,NA,NA,100,JHW,0,NA,NA,NA,NA,NA
398,Bleda syndactylus,Red-tailed Bristlebill,1361992.62,NA,NA,NA,Passeriformes,Pycnonotidae (Bulbuls),17236,1606067,143533864,TRUE,FALSE,Bleda syndactylus,Passeriformes,Pycnonotidae (Bulbuls),17236,1606067,143533864,TRUE,FALSE,439,AVIBASE-5A94FEAE,Bleda syndactylus,Bleda syndactylus,Bleda syndactylus,1,NHMUK,1977.20.1175,M,0,,NA,Liberia,NA,27.7,18.5,3.9,7.4,25.2,109,18.4,90.6,16.9,97,CS,1,NA,NA,NA,NA,NA
399,Bleda syndactylus,Red-tailed Bristlebill,1361992.62,NA,NA,NA,Passeriformes,Pycnonotidae (Bulbuls),17236,1606067,143533864,TRUE,FALSE,Bleda syndactylus,Passeriformes,Pycnonotidae (Bulbuls),17236,1606067,143533864,TRUE,FALSE,451,AVIBASE-5A94FEAE,Bleda syndactylus,Bleda syndactylus,Bleda syndactylus,2,Field1,NA,U,0,,NA,Equatorial Guinea,NA,NA,NA,NA,NA,NA,102,NA,NA,NA,90,AKW,0,NA,NA,NA,NA,NA
400,Bleda syndactylus,Red-tailed Bristlebill,1361992.62,NA,NA,NA,Passeriformes,Pycnonotidae (Bulbuls),17236,1606067,143533864,TRUE,FALSE,Bleda syndactylus,Passeriformes,Pycnonotidae (Bulbuls),17236,1606067,143533864,TRUE,FALSE,510,AVIBASE-5A94FEAE,Bleda syndactylus,Bleda syndactylus,Bleda syndactylus,2,Field1,NA,U,0,,NA,Equatorial Guinea,NA,NA,NA,NA,NA,NA,102,NA,NA,NA,93,BAK,0,NA,NA,NA,NA,NA
401,Bleda syndactylus,Red-tailed Bristlebill,1361992.62,NA,NA,NA,Passeriformes,Pycnonotidae (Bulbuls),17236,1606067,143533864,TRUE,FALSE,Bleda syndactylus,Passeriformes,Pycnonotidae (Bulbuls),17236,1606067,143533864,TRUE,FALSE,513,AVIBASE-5A94FEAE,Bleda syndactylus,Bleda syndactylus,Bleda syndactylus,2,Field1,NA,U,0,,NA,Equatorial Guinea,NA,NA,NA,NA,NA,NA,111,NA,NA,NA,99,BAK,0,NA,NA,NA,NA,NA
402,Bleda syndactylus,Red-tailed Bristlebill,1361992.62,NA,NA,NA,Passeriformes,Pycnonotidae (Bulbuls),17236,1606067,143533864,TRUE,FALSE,Bleda syndactylus,Passeriformes,Pycnonotidae (Bulbuls),17236,1606067,143533864,TRUE,FALSE,529,AVIBASE-5A94FEAE,Bleda syndactylus,Bleda syndactylus,Bleda syndactylus,2,Field1,NA,U,0,,NA,Equatorial Guinea,NA,NA,NA,NA,NA,NA,110,NA,NA,NA,100,LLP,0,NA,NA,NA,NA,NA
403,Bleda syndactylus,Red-tailed Bristlebill,1361992.62,NA,NA,NA,Passeriformes,Pycnonotidae (Bulbuls),17236,1606067,143533864,TRUE,FALSE,Bleda syndactylus,Passeriformes,Pycnonotidae (Bulbuls),17236,1606067,143533864,TRUE,FALSE,503,AVIBASE-5A94FEAE,Bleda syndactylus,Bleda syndactylus,Bleda syndactylus,2,Field1,NA,U,0,,NA,Equatorial Guinea,NA,NA,NA,NA,NA,NA,95,NA,NA,NA,97,SEM,0,NA,NA,NA,NA,NA
404,Bleda syndactylus,Red-tailed Bristlebill,1361992.62,NA,NA,NA,Passeriformes,Pycnonotidae (Bulbuls),17236,1606067,143533864,TRUE,FALSE,Bleda syndactylus,Passeriformes,Pycnonotidae (Bulbuls),17236,1606067,143533864,TRUE,FALSE,479,AVIBASE-5A94FEAE,Bleda syndactylus,Bleda syndactylus,Bleda syndactylus,2,Field1,NA,U,0,,NA,Equatorial Guinea,NA,NA,NA,NA,NA,NA,99,NA,NA,NA,88,JDW,0,NA,NA,NA,NA,NA
405,Bleda syndactylus,Red-tailed Bristlebill,1361992.62,NA,NA,NA,Passeriformes,Pycnonotidae (Bulbuls),17236,1606067,143533864,TRUE,FALSE,Bleda syndactylus,Passeriformes,Pycnonotidae (Bulbuls),17236,1606067,143533864,TRUE,FALSE,472,AVIBASE-5A94FEAE,Bleda syndactylus,Bleda syndactylus,Bleda syndactylus,2,Field1,NA,U,0,,NA,Equatorial Guinea,NA,NA,NA,NA,NA,NA,112,NA,NA,NA,NA,AKW,0,NA,NA,NA,NA,NA
406,Bleda syndactylus,Red-tailed Bristlebill,1361992.62,NA,NA,NA,Passeriformes,Pycnonotidae (Bulbuls),17236,1606067,143533864,TRUE,FALSE,Bleda syndactylus,Passeriformes,Pycnonotidae (Bulbuls),17236,1606067,143533864,TRUE,FALSE,470,AVIBASE-5A94FEAE,Bleda syndactylus,Bleda syndactylus,Bleda syndactylus,2,Field1,NA,U,0,,NA,Equatorial Guinea,NA,NA,NA,NA,NA,NA,105,NA,NA,NA,NA,JHW,0,NA,NA,NA,NA,NA
407,Bleda syndactylus,Red-tailed Bristlebill,1361992.62,NA,NA,NA,Passeriformes,Pycnonotidae (Bulbuls),17236,1606067,143533864,TRUE,FALSE,Bleda syndactylus,Passeriformes,Pycnonotidae (Bulbuls),17236,1606067,143533864,TRUE,FALSE,474,AVIBASE-5A94FEAE,Bleda syndactylus,Bleda syndactylus,Bleda syndactylus,2,Field1,NA,U,0,,NA,Equatorial Guinea,NA,NA,NA,NA,NA,NA,106,NA,NA,NA,NA,JHW,0,NA,NA,NA,NA,NA
408,Bleda syndactylus,Red-tailed Bristlebill,1361992.62,NA,NA,NA,Passeriformes,Pycnonotidae (Bulbuls),17236,1606067,143533864,TRUE,FALSE,Bleda syndactylus,Passeriformes,Pycnonotidae (Bulbuls),17236,1606067,143533864,TRUE,FALSE,509,AVIBASE-5A94FEAE,Bleda syndactylus,Bleda syndactylus,Bleda syndactylus,2,Field1,NA,U,0,,NA,Equatorial Guinea,NA,NA,NA,NA,NA,NA,99,NA,NA,NA,97,SAL,0,NA,NA,NA,NA,NA
409,Bleda syndactylus,Red-tailed Bristlebill,1361992.62,NA,NA,NA,Passeriformes,Pycnonotidae (Bulbuls),17236,1606067,143533864,TRUE,FALSE,Bleda syndactylus,Passeriformes,Pycnonotidae (Bulbuls),17236,1606067,143533864,TRUE,FALSE,508,AVIBASE-5A94FEAE,Bleda syndactylus,Bleda syndactylus,Bleda syndactylus,2,Field1,NA,U,0,,NA,Equatorial Guinea,NA,NA,NA,NA,NA,NA,107,NA,NA,NA,95,HP,0,NA,NA,NA,NA,NA
410,Bleda syndactylus,Red-tailed Bristlebill,1361992.62,NA,NA,NA,Passeriformes,Pycnonotidae (Bulbuls),17236,1606067,143533864,TRUE,FALSE,Bleda syndactylus,Passeriformes,Pycnonotidae (Bulbuls),17236,1606067,143533864,TRUE,FALSE,463,AVIBASE-5A94FEAE,Bleda syndactylus,Bleda syndactylus,Bleda syndactylus,2,Field1,NA,U,0,,NA,Equatorial Guinea,NA,NA,NA,NA,NA,NA,111,NA,NA,NA,98,JDW,0,NA,NA,NA,NA,NA
411,Bleda syndactylus,Red-tailed Bristlebill,1361992.62,NA,NA,NA,Passeriformes,Pycnonotidae (Bulbuls),17236,1606067,143533864,TRUE,FALSE,Bleda syndactylus,Passeriformes,Pycnonotidae (Bulbuls),17236,1606067,143533864,TRUE,FALSE,501,AVIBASE-5A94FEAE,Bleda syndactylus,Bleda syndactylus,Bleda syndactylus,2,Field1,NA,U,0,,NA,Equatorial Guinea,NA,NA,NA,NA,NA,NA,106,NA,NA,NA,94,SEM,0,NA,NA,NA,NA,NA
412,Bleda syndactylus,Red-tailed Bristlebill,1361992.62,NA,NA,NA,Passeriformes,Pycnonotidae (Bulbuls),17236,1606067,143533864,TRUE,FALSE,Bleda syndactylus,Passeriformes,Pycnonotidae (Bulbuls),17236,1606067,143533864,TRUE,FALSE,498,AVIBASE-5A94FEAE,Bleda syndactylus,Bleda syndactylus,Bleda syndactylus,2,Field1,NA,U,0,,NA,Equatorial Guinea,NA,NA,NA,NA,NA,NA,102,NA,NA,NA,NA,CJ,0,NA,NA,NA,NA,NA
413,Bleda syndactylus,Red-tailed Bristlebill,1361992.62,NA,NA,NA,Passeriformes,Pycnonotidae (Bulbuls),17236,1606067,143533864,TRUE,FALSE,Bleda syndactylus,Passeriformes,Pycnonotidae (Bulbuls),17236,1606067,143533864,TRUE,FALSE,527,AVIBASE-5A94FEAE,Bleda syndactylus,Bleda syndactylus,Bleda syndactylus,2,Field1,NA,U,0,,NA,Equatorial Guinea,NA,NA,NA,NA,NA,NA,110,NA,NA,NA,101,JDW,0,NA,NA,NA,NA,NA
414,Bleda syndactylus,Red-tailed Bristlebill,1361992.62,NA,NA,NA,Passeriformes,Pycnonotidae (Bulbuls),17236,1606067,143533864,TRUE,FALSE,Bleda syndactylus,Passeriformes,Pycnonotidae (Bulbuls),17236,1606067,143533864,TRUE,FALSE,448,AVIBASE-5A94FEAE,Bleda syndactylus,Bleda syndactylus,Bleda syndactylus,2,Field1,NA,U,0,,NA,Equatorial Guinea,NA,NA,NA,NA,NA,NA,108,NA,NA,NA,95,CAY,0,NA,NA,NA,NA,NA
415,Bleda syndactylus,Red-tailed Bristlebill,1361992.62,NA,NA,NA,Passeriformes,Pycnonotidae (Bulbuls),17236,1606067,143533864,TRUE,FALSE,Bleda syndactylus,Passeriformes,Pycnonotidae (Bulbuls),17236,1606067,143533864,TRUE,FALSE,450,AVIBASE-5A94FEAE,Bleda syndactylus,Bleda syndactylus,Bleda syndactylus,2,Field1,NA,U,0,,NA,Equatorial Guinea,NA,NA,NA,NA,NA,NA,113,NA,NA,NA,100,CAY,0,NA,NA,NA,NA,NA
416,Bleda syndactylus,Red-tailed Bristlebill,1361992.62,NA,NA,NA,Passeriformes,Pycnonotidae (Bulbuls),17236,1606067,143533864,TRUE,FALSE,Bleda syndactylus,Passeriformes,Pycnonotidae (Bulbuls),17236,1606067,143533864,TRUE,FALSE,488,AVIBASE-5A94FEAE,Bleda syndactylus,Bleda syndactylus,Bleda syndactylus,2,Field1,NA,U,0,,NA,Equatorial Guinea,NA,NA,NA,NA,NA,NA,103,NA,NA,NA,94,JHW,0,NA,NA,NA,NA,NA
417,Bleda syndactylus,Red-tailed Bristlebill,1361992.62,NA,NA,NA,Passeriformes,Pycnonotidae (Bulbuls),17236,1606067,143533864,TRUE,FALSE,Bleda syndactylus,Passeriformes,Pycnonotidae (Bulbuls),17236,1606067,143533864,TRUE,FALSE,516,AVIBASE-5A94FEAE,Bleda syndactylus,Bleda syndactylus,Bleda syndactylus,2,Field1,NA,U,0,,NA,Equatorial Guinea,NA,NA,NA,NA,NA,NA,113,NA,NA,NA,102,BAK,0,NA,NA,NA,NA,NA
418,Bleda syndactylus,Red-tailed Bristlebill,1361992.62,NA,NA,NA,Passeriformes,Pycnonotidae (Bulbuls),17236,1606067,143533864,TRUE,FALSE,Bleda syndactylus,Passeriformes,Pycnonotidae (Bulbuls),17236,1606067,143533864,TRUE,FALSE,517,AVIBASE-5A94FEAE,Bleda syndactylus,Bleda syndactylus,Bleda syndactylus,2,Field1,NA,U,0,,NA,Equatorial Guinea,NA,NA,NA,NA,NA,NA,113,NA,NA,NA,102,EMB,0,NA,NA,NA,NA,NA
419,Bleda syndactylus,Red-tailed Bristlebill,1361992.62,NA,NA,NA,Passeriformes,Pycnonotidae (Bulbuls),17236,1606067,143533864,TRUE,FALSE,Bleda syndactylus,Passeriformes,Pycnonotidae (Bulbuls),17236,1606067,143533864,TRUE,FALSE,441,AVIBASE-5A94FEAE,Bleda syndactylus,Bleda syndactylus,Bleda syndactylus,1,NHMUK,1977.20.1186,F,0,,NA,Liberia,NA,22.7,14.1,4.2,6.5,24.5,99,15.8,83.2,16,89,CS,1,NA,NA,NA,NA,NA
420,Bleda syndactylus,Red-tailed Bristlebill,1361992.62,NA,NA,NA,Passeriformes,Pycnonotidae (Bulbuls),17236,1606067,143533864,TRUE,FALSE,Bleda syndactylus,Passeriformes,Pycnonotidae (Bulbuls),17236,1606067,143533864,TRUE,FALSE,442,AVIBASE-5A94FEAE,Bleda syndactylus,Bleda syndactylus,Bleda syndactylus,1,NHMUK,1977.20.1189,F,0,,NA,Liberia,NA,23.6,14.9,4.8,7.4,24.7,103,13.6,89.4,13.2,89,CS,1,NA,NA,NA,NA,NA
421,Bleda syndactylus,Red-tailed Bristlebill,1361992.62,NA,NA,NA,Passeriformes,Pycnonotidae (Bulbuls),17236,1606067,143533864,TRUE,FALSE,Bleda syndactylus,Passeriformes,Pycnonotidae (Bulbuls),17236,1606067,143533864,TRUE,FALSE,507,AVIBASE-5A94FEAE,Bleda syndactylus,Bleda syndactylus,Bleda syndactylus,2,Field1,NA,U,0,,NA,Equatorial Guinea,NA,NA,NA,NA,NA,NA,NA,NA,NA,NA,96,SAL,0,NA,NA,NA,NA,NA
422,Bleda syndactylus,Red-tailed Bristlebill,1361992.62,NA,NA,NA,Passeriformes,Pycnonotidae (Bulbuls),17236,1606067,143533864,TRUE,FALSE,Bleda syndactylus,Passeriformes,Pycnonotidae (Bulbuls),17236,1606067,143533864,TRUE,FALSE,444,AVIBASE-5A94FEAE,Bleda syndactylus,Bleda syndactylus,Bleda syndactylus,1,ZFMK,1978-058,F,0,,NA,South Sudan,NA,25.3,NA,NA,NA,24.8,102,14,88,13.7,91,LN,0,NA,NA,NA,NA,NA
423,Bleda syndactylus,Red-tailed Bristlebill,1361992.62,NA,NA,NA,Passeriformes,Pycnonotidae (Bulbuls),17236,1606067,143533864,TRUE,FALSE,Bleda syndactylus,Passeriformes,Pycnonotidae (Bulbuls),17236,1606067,143533864,TRUE,FALSE,524,AVIBASE-5A94FEAE,Bleda syndactylus,Bleda syndactylus,Bleda syndactylus,2,Field1,NA,U,0,,NA,Equatorial Guinea,NA,NA,NA,NA,NA,NA,95,NA,NA,NA,93,SAL,0,NA,NA,NA,NA,NA
424,Bleda syndactylus,Red-tailed Bristlebill,1361992.62,NA,NA,NA,Passeriformes,Pycnonotidae (Bulbuls),17236,1606067,143533864,TRUE,FALSE,Bleda syndactylus,Passeriformes,Pycnonotidae (Bulbuls),17236,1606067,143533864,TRUE,FALSE,500,AVIBASE-5A94FEAE,Bleda syndactylus,Bleda syndactylus,Bleda syndactylus,2,Field1,NA,U,0,,NA,Equatorial Guinea,NA,NA,NA,NA,NA,NA,103,NA,NA,NA,99,JHW,0,NA,NA,NA,NA,NA
425,Bleda syndactylus,Red-tailed Bristlebill,1361992.62,NA,NA,NA,Passeriformes,Pycnonotidae (Bulbuls),17236,1606067,143533864,TRUE,FALSE,Bleda syndactylus,Passeriformes,Pycnonotidae (Bulbuls),17236,1606067,143533864,TRUE,FALSE,478,AVIBASE-5A94FEAE,Bleda syndactylus,Bleda syndactylus,Bleda syndactylus,2,Field1,NA,U,0,,NA,Equatorial Guinea,NA,NA,NA,NA,NA,NA,102,NA,NA,NA,88,JDW,0,NA,NA,NA,NA,NA
426,Bleda syndactylus,Red-tailed Bristlebill,1361992.62,NA,NA,NA,Passeriformes,Pycnonotidae (Bulbuls),17236,1606067,143533864,TRUE,FALSE,Bleda syndactylus,Passeriformes,Pycnonotidae (Bulbuls),17236,1606067,143533864,TRUE,FALSE,511,AVIBASE-5A94FEAE,Bleda syndactylus,Bleda syndactylus,Bleda syndactylus,2,Field1,NA,U,0,,NA,Equatorial Guinea,NA,NA,NA,NA,NA,NA,104,NA,NA,NA,96,PFR,0,NA,NA,NA,NA,NA
427,Bleda syndactylus,Red-tailed Bristlebill,1361992.62,NA,NA,NA,Passeriformes,Pycnonotidae (Bulbuls),17236,1606067,143533864,TRUE,FALSE,Bleda syndactylus,Passeriformes,Pycnonotidae (Bulbuls),17236,1606067,143533864,TRUE,FALSE,485,AVIBASE-5A94FEAE,Bleda syndactylus,Bleda syndactylus,Bleda syndactylus,2,Field1,NA,U,0,,NA,Equatorial Guinea,NA,NA,NA,NA,NA,NA,102,NA,NA,NA,90,JDW,0,NA,NA,NA,NA,NA
428,Bleda syndactylus,Red-tailed Bristlebill,1361992.62,NA,NA,NA,Passeriformes,Pycnonotidae (Bulbuls),17236,1606067,143533864,TRUE,FALSE,Bleda syndactylus,Passeriformes,Pycnonotidae (Bulbuls),17236,1606067,143533864,TRUE,FALSE,512,AVIBASE-5A94FEAE,Bleda syndactylus,Bleda syndactylus,Bleda syndactylus,2,Field1,NA,U,0,,NA,Equatorial Guinea,NA,NA,NA,NA,NA,NA,113,NA,NA,NA,100,BAK,0,NA,NA,NA,NA,NA
429,Bleda syndactylus,Red-tailed Bristlebill,1361992.62,NA,NA,NA,Passeriformes,Pycnonotidae (Bulbuls),17236,1606067,143533864,TRUE,FALSE,Bleda syndactylus,Passeriformes,Pycnonotidae (Bulbuls),17236,1606067,143533864,TRUE,FALSE,528,AVIBASE-5A94FEAE,Bleda syndactylus,Bleda syndactylus,Bleda syndactylus,2,Field1,NA,U,0,,NA,Equatorial Guinea,NA,NA,NA,NA,NA,NA,101,NA,NA,NA,93,JDW,0,NA,NA,NA,NA,NA
430,Bleda syndactylus,Red-tailed Bristlebill,1361992.62,NA,NA,NA,Passeriformes,Pycnonotidae (Bulbuls),17236,1606067,143533864,TRUE,FALSE,Bleda syndactylus,Passeriformes,Pycnonotidae (Bulbuls),17236,1606067,143533864,TRUE,FALSE,489,AVIBASE-5A94FEAE,Bleda syndactylus,Bleda syndactylus,Bleda syndactylus,2,Field1,NA,U,0,,NA,Equatorial Guinea,NA,NA,NA,NA,NA,NA,108,NA,NA,NA,99,JHW,0,NA,NA,NA,NA,NA
431,Bleda syndactylus,Red-tailed Bristlebill,1361992.62,NA,NA,NA,Passeriformes,Pycnonotidae (Bulbuls),17236,1606067,143533864,TRUE,FALSE,Bleda syndactylus,Passeriformes,Pycnonotidae (Bulbuls),17236,1606067,143533864,TRUE,FALSE,456,AVIBASE-5A94FEAE,Bleda syndactylus,Bleda syndactylus,Bleda syndactylus,2,Field1,NA,U,0,,NA,Equatorial Guinea,NA,NA,NA,NA,NA,NA,106,NA,NA,NA,101,MEB,0,NA,NA,NA,NA,NA
432,Bleda syndactylus,Red-tailed Bristlebill,1361992.62,NA,NA,NA,Passeriformes,Pycnonotidae (Bulbuls),17236,1606067,143533864,TRUE,FALSE,Bleda syndactylus,Passeriformes,Pycnonotidae (Bulbuls),17236,1606067,143533864,TRUE,FALSE,457,AVIBASE-5A94FEAE,Bleda syndactylus,Bleda syndactylus,Bleda syndactylus,2,Field1,NA,U,0,,NA,Equatorial Guinea,NA,NA,NA,NA,NA,NA,101,NA,NA,NA,102,SAL,0,NA,NA,NA,NA,NA
433,Bleda syndactylus,Red-tailed Bristlebill,1361992.62,NA,NA,NA,Passeriformes,Pycnonotidae (Bulbuls),17236,1606067,143533864,TRUE,FALSE,Bleda syndactylus,Passeriformes,Pycnonotidae (Bulbuls),17236,1606067,143533864,TRUE,FALSE,458,AVIBASE-5A94FEAE,Bleda syndactylus,Bleda syndactylus,Bleda syndactylus,2,Field1,NA,U,0,,NA,Equatorial Guinea,NA,NA,NA,NA,NA,NA,103,NA,NA,NA,92,JDW,0,NA,NA,NA,NA,NA
434,Bleda syndactylus,Red-tailed Bristlebill,1361992.62,NA,NA,NA,Passeriformes,Pycnonotidae (Bulbuls),17236,1606067,143533864,TRUE,FALSE,Bleda syndactylus,Passeriformes,Pycnonotidae (Bulbuls),17236,1606067,143533864,TRUE,FALSE,521,AVIBASE-5A94FEAE,Bleda syndactylus,Bleda syndactylus,Bleda syndactylus,2,Field1,NA,U,0,,NA,Equatorial Guinea,NA,NA,NA,NA,NA,NA,100,NA,NA,NA,90,PFR,0,NA,NA,NA,NA,NA
435,Bleda syndactylus,Red-tailed Bristlebill,1361992.62,NA,NA,NA,Passeriformes,Pycnonotidae (Bulbuls),17236,1606067,143533864,TRUE,FALSE,Bleda syndactylus,Passeriformes,Pycnonotidae (Bulbuls),17236,1606067,143533864,TRUE,FALSE,460,AVIBASE-5A94FEAE,Bleda syndactylus,Bleda syndactylus,Bleda syndactylus,2,Field1,NA,U,0,,NA,Equatorial Guinea,NA,NA,NA,NA,NA,NA,104,NA,NA,NA,93,SAL,0,NA,NA,NA,NA,NA
436,Bleda syndactylus,Red-tailed Bristlebill,1361992.62,NA,NA,NA,Passeriformes,Pycnonotidae (Bulbuls),17236,1606067,143533864,TRUE,FALSE,Bleda syndactylus,Passeriformes,Pycnonotidae (Bulbuls),17236,1606067,143533864,TRUE,FALSE,494,AVIBASE-5A94FEAE,Bleda syndactylus,Bleda syndactylus,Bleda syndactylus,2,Field1,NA,U,0,,NA,Equatorial Guinea,NA,NA,NA,NA,NA,NA,101,NA,NA,NA,100,KEB,0,NA,NA,NA,NA,NA
437,Bleda syndactylus,Red-tailed Bristlebill,1361992.62,NA,NA,NA,Passeriformes,Pycnonotidae (Bulbuls),17236,1606067,143533864,TRUE,FALSE,Bleda syndactylus,Passeriformes,Pycnonotidae (Bulbuls),17236,1606067,143533864,TRUE,FALSE,477,AVIBASE-5A94FEAE,Bleda syndactylus,Bleda syndactylus,Bleda syndactylus,2,Field1,NA,U,0,,NA,Equatorial Guinea,NA,NA,NA,NA,NA,NA,104,NA,NA,NA,95,AKW,0,NA,NA,NA,NA,NA
438,Bleda syndactylus,Red-tailed Bristlebill,1361992.62,NA,NA,NA,Passeriformes,Pycnonotidae (Bulbuls),17236,1606067,143533864,TRUE,FALSE,Bleda syndactylus,Passeriformes,Pycnonotidae (Bulbuls),17236,1606067,143533864,TRUE,FALSE,526,AVIBASE-5A94FEAE,Bleda syndactylus,Bleda syndactylus,Bleda syndactylus,2,Field1,NA,U,0,,NA,Equatorial Guinea,NA,NA,NA,NA,NA,25.8,112,NA,NA,NA,101,JDW,0,NA,NA,NA,NA,NA
439,Bleda syndactylus,Red-tailed Bristlebill,1361992.62,NA,NA,NA,Passeriformes,Pycnonotidae (Bulbuls),17236,1606067,143533864,TRUE,FALSE,Bleda syndactylus,Passeriformes,Pycnonotidae (Bulbuls),17236,1606067,143533864,TRUE,FALSE,447,AVIBASE-5A94FEAE,Bleda syndactylus,Bleda syndactylus,Bleda syndactylus,2,Field1,NA,U,0,,NA,Equatorial Guinea,NA,NA,NA,NA,NA,NA,110,NA,NA,NA,96,CAY,0,NA,NA,NA,NA,NA
440,Bleda syndactylus,Red-tailed Bristlebill,1361992.62,NA,NA,NA,Passeriformes,Pycnonotidae (Bulbuls),17236,1606067,143533864,TRUE,FALSE,Bleda syndactylus,Passeriformes,Pycnonotidae (Bulbuls),17236,1606067,143533864,TRUE,FALSE,496,AVIBASE-5A94FEAE,Bleda syndactylus,Bleda syndactylus,Bleda syndactylus,2,Field1,NA,U,0,,NA,Equatorial Guinea,NA,NA,NA,NA,NA,NA,111,NA,NA,NA,NA,CJ,0,NA,NA,NA,NA,NA
441,Bleda syndactylus,Red-tailed Bristlebill,1361992.62,NA,NA,NA,Passeriformes,Pycnonotidae (Bulbuls),17236,1606067,143533864,TRUE,FALSE,Bleda syndactylus,Passeriformes,Pycnonotidae (Bulbuls),17236,1606067,143533864,TRUE,FALSE,486,AVIBASE-5A94FEAE,Bleda syndactylus,Bleda syndactylus,Bleda syndactylus,2,Field1,NA,U,0,,NA,Equatorial Guinea,NA,NA,NA,NA,NA,NA,101,NA,NA,NA,89,JDW,0,NA,NA,NA,NA,NA
442,Bleda syndactylus,Red-tailed Bristlebill,1361992.62,NA,NA,NA,Passeriformes,Pycnonotidae (Bulbuls),17236,1606067,143533864,TRUE,FALSE,Bleda syndactylus,Passeriformes,Pycnonotidae (Bulbuls),17236,1606067,143533864,TRUE,FALSE,449,AVIBASE-5A94FEAE,Bleda syndactylus,Bleda syndactylus,Bleda syndactylus,2,Field1,NA,U,0,,NA,Equatorial Guinea,NA,NA,NA,NA,NA,NA,98,NA,NA,NA,90,JDW,0,NA,NA,NA,NA,NA
443,Bleda syndactylus,Red-tailed Bristlebill,1361992.62,NA,NA,NA,Passeriformes,Pycnonotidae (Bulbuls),17236,1606067,143533864,TRUE,FALSE,Bleda syndactylus,Passeriformes,Pycnonotidae (Bulbuls),17236,1606067,143533864,TRUE,FALSE,487,AVIBASE-5A94FEAE,Bleda syndactylus,Bleda syndactylus,Bleda syndactylus,2,Field1,NA,U,0,,NA,Equatorial Guinea,NA,NA,NA,NA,NA,NA,113,NA,NA,NA,98,JDW,0,NA,NA,NA,NA,NA
444,Bleda syndactylus,Red-tailed Bristlebill,1361992.62,NA,NA,NA,Passeriformes,Pycnonotidae (Bulbuls),17236,1606067,143533864,TRUE,FALSE,Bleda syndactylus,Passeriformes,Pycnonotidae (Bulbuls),17236,1606067,143533864,TRUE,FALSE,504,AVIBASE-5A94FEAE,Bleda syndactylus,Bleda syndactylus,Bleda syndactylus,2,Field1,NA,U,0,,NA,Equatorial Guinea,NA,NA,NA,NA,NA,NA,95,NA,NA,NA,89,SEM,0,NA,NA,NA,NA,NA
445,Bleda syndactylus,Red-tailed Bristlebill,1361992.62,NA,NA,NA,Passeriformes,Pycnonotidae (Bulbuls),17236,1606067,143533864,TRUE,FALSE,Bleda syndactylus,Passeriformes,Pycnonotidae (Bulbuls),17236,1606067,143533864,TRUE,FALSE,471,AVIBASE-5A94FEAE,Bleda syndactylus,Bleda syndactylus,Bleda syndactylus,2,Field1,NA,U,0,,NA,Equatorial Guinea,NA,NA,NA,NA,NA,NA,104,NA,NA,NA,91,JHW,0,NA,NA,NA,NA,NA
446,Bleda syndactylus,Red-tailed Bristlebill,1361992.62,NA,NA,NA,Passeriformes,Pycnonotidae (Bulbuls),17236,1606067,143533864,TRUE,FALSE,Bleda syndactylus,Passeriformes,Pycnonotidae (Bulbuls),17236,1606067,143533864,TRUE,FALSE,469,AVIBASE-5A94FEAE,Bleda syndactylus,Bleda syndactylus,Bleda syndactylus,2,Field1,NA,U,0,,NA,Equatorial Guinea,NA,NA,NA,NA,NA,NA,105,NA,NA,NA,93,JDW,0,NA,NA,NA,NA,NA
447,Bleda syndactylus,Red-tailed Bristlebill,1361992.62,NA,NA,NA,Passeriformes,Pycnonotidae (Bulbuls),17236,1606067,143533864,TRUE,FALSE,Bleda syndactylus,Passeriformes,Pycnonotidae (Bulbuls),17236,1606067,143533864,TRUE,FALSE,505,AVIBASE-5A94FEAE,Bleda syndactylus,Bleda syndactylus,Bleda syndactylus,2,Field1,NA,U,0,,NA,Equatorial Guinea,NA,NA,NA,NA,NA,NA,101,NA,NA,NA,101,SEM,0,NA,NA,NA,NA,NA
448,Bleda syndactylus,Red-tailed Bristlebill,1361992.62,NA,NA,NA,Passeriformes,Pycnonotidae (Bulbuls),17236,1606067,143533864,TRUE,FALSE,Bleda syndactylus,Passeriformes,Pycnonotidae (Bulbuls),17236,1606067,143533864,TRUE,FALSE,506,AVIBASE-5A94FEAE,Bleda syndactylus,Bleda syndactylus,Bleda syndactylus,2,Field1,NA,U,0,,NA,Equatorial Guinea,NA,NA,NA,NA,NA,NA,110,NA,NA,NA,99,HP,0,NA,NA,NA,NA,NA
449,Bleda syndactylus,Red-tailed Bristlebill,1361992.62,NA,NA,NA,Passeriformes,Pycnonotidae (Bulbuls),17236,1606067,143533864,TRUE,FALSE,Bleda syndactylus,Passeriformes,Pycnonotidae (Bulbuls),17236,1606067,143533864,TRUE,FALSE,493,AVIBASE-5A94FEAE,Bleda syndactylus,Bleda syndactylus,Bleda syndactylus,2,Field1,NA,U,0,,NA,Equatorial Guinea,NA,NA,NA,NA,NA,NA,103,NA,NA,NA,94,JHW,0,NA,NA,NA,NA,NA
450,Bleda syndactylus,Red-tailed Bristlebill,1361992.62,NA,NA,NA,Passeriformes,Pycnonotidae (Bulbuls),17236,1606067,143533864,TRUE,FALSE,Bleda syndactylus,Passeriformes,Pycnonotidae (Bulbuls),17236,1606067,143533864,TRUE,FALSE,525,AVIBASE-5A94FEAE,Bleda syndactylus,Bleda syndactylus,Bleda syndactylus,2,Field1,NA,U,0,,NA,Equatorial Guinea,NA,NA,NA,NA,NA,NA,105,NA,NA,NA,88,BAK,0,NA,NA,NA,NA,NA
451,Bleda syndactylus,Red-tailed Bristlebill,1361992.62,NA,NA,NA,Passeriformes,Pycnonotidae (Bulbuls),17236,1606067,143533864,TRUE,FALSE,Bleda syndactylus,Passeriformes,Pycnonotidae (Bulbuls),17236,1606067,143533864,TRUE,FALSE,462,AVIBASE-5A94FEAE,Bleda syndactylus,Bleda syndactylus,Bleda syndactylus,2,Field1,NA,U,0,,NA,Equatorial Guinea,NA,NA,NA,NA,NA,NA,105,NA,NA,NA,87,JHW,0,NA,NA,NA,NA,NA
452,Bleda syndactylus,Red-tailed Bristlebill,1361992.62,NA,NA,NA,Passeriformes,Pycnonotidae (Bulbuls),17236,1606067,143533864,TRUE,FALSE,Bleda syndactylus,Passeriformes,Pycnonotidae (Bulbuls),17236,1606067,143533864,TRUE,FALSE,497,AVIBASE-5A94FEAE,Bleda syndactylus,Bleda syndactylus,Bleda syndactylus,2,Field1,NA,U,0,,NA,Equatorial Guinea,NA,NA,NA,NA,NA,NA,102,NA,NA,NA,86,CJ,0,NA,NA,NA,NA,NA
453,Bleda syndactylus,Red-tailed Bristlebill,1361992.62,NA,NA,NA,Passeriformes,Pycnonotidae (Bulbuls),17236,1606067,143533864,TRUE,FALSE,Bleda syndactylus,Passeriformes,Pycnonotidae (Bulbuls),17236,1606067,143533864,TRUE,FALSE,459,AVIBASE-5A94FEAE,Bleda syndactylus,Bleda syndactylus,Bleda syndactylus,2,Field1,NA,U,0,,NA,Equatorial Guinea,NA,NA,NA,NA,NA,NA,103,NA,NA,NA,93,MEB,0,NA,NA,NA,NA,NA
454,Bleda syndactylus,Red-tailed Bristlebill,1361992.62,NA,NA,NA,Passeriformes,Pycnonotidae (Bulbuls),17236,1606067,143533864,TRUE,FALSE,Bleda syndactylus,Passeriformes,Pycnonotidae (Bulbuls),17236,1606067,143533864,TRUE,FALSE,519,AVIBASE-5A94FEAE,Bleda syndactylus,Bleda syndactylus,Bleda syndactylus,2,Field1,NA,U,0,,NA,Equatorial Guinea,NA,NA,NA,NA,NA,NA,106,NA,NA,NA,95,SAL,0,NA,NA,NA,NA,NA
455,Bleda syndactylus,Red-tailed Bristlebill,1361992.62,NA,NA,NA,Passeriformes,Pycnonotidae (Bulbuls),17236,1606067,143533864,TRUE,FALSE,Bleda syndactylus,Passeriformes,Pycnonotidae (Bulbuls),17236,1606067,143533864,TRUE,FALSE,518,AVIBASE-5A94FEAE,Bleda syndactylus,Bleda syndactylus,Bleda syndactylus,2,Field1,NA,U,0,,NA,Equatorial Guinea,NA,NA,NA,NA,NA,NA,109,NA,NA,NA,96,BAK,0,NA,NA,NA,NA,NA
456,Bleda syndactylus,Red-tailed Bristlebill,1361992.62,NA,NA,NA,Passeriformes,Pycnonotidae (Bulbuls),17236,1606067,143533864,TRUE,FALSE,Bleda syndactylus,Passeriformes,Pycnonotidae (Bulbuls),17236,1606067,143533864,TRUE,FALSE,520,AVIBASE-5A94FEAE,Bleda syndactylus,Bleda syndactylus,Bleda syndactylus,2,Field1,NA,U,0,,NA,Equatorial Guinea,NA,NA,NA,NA,NA,NA,100,NA,NA,NA,89,PFR,0,NA,NA,NA,NA,NA
457,Bleda syndactylus,Red-tailed Bristlebill,1361992.62,NA,NA,NA,Passeriformes,Pycnonotidae (Bulbuls),17236,1606067,143533864,TRUE,FALSE,Bleda syndactylus,Passeriformes,Pycnonotidae (Bulbuls),17236,1606067,143533864,TRUE,FALSE,484,AVIBASE-5A94FEAE,Bleda syndactylus,Bleda syndactylus,Bleda syndactylus,2,Field1,NA,U,0,,NA,Equatorial Guinea,NA,NA,NA,NA,NA,NA,106,NA,NA,NA,101,CJ,0,NA,NA,NA,NA,NA
458,Bleda syndactylus,Red-tailed Bristlebill,1361992.62,NA,NA,NA,Passeriformes,Pycnonotidae (Bulbuls),17236,1606067,143533864,TRUE,FALSE,Bleda syndactylus,Passeriformes,Pycnonotidae (Bulbuls),17236,1606067,143533864,TRUE,FALSE,461,AVIBASE-5A94FEAE,Bleda syndactylus,Bleda syndactylus,Bleda syndactylus,2,Field1,NA,U,0,,NA,Equatorial Guinea,NA,NA,NA,NA,NA,NA,111,NA,NA,NA,94,AKW,0,NA,NA,NA,NA,NA
459,Bleda syndactylus,Red-tailed Bristlebill,1361992.62,NA,NA,NA,Passeriformes,Pycnonotidae (Bulbuls),17236,1606067,143533864,TRUE,FALSE,Bleda syndactylus,Passeriformes,Pycnonotidae (Bulbuls),17236,1606067,143533864,TRUE,FALSE,445,AVIBASE-5A94FEAE,Bleda syndactylus,Bleda syndactylus,Bleda syndactylus,1,ZFMK,1986-068,M,0,,NA,Democratic Republic of the Congo,NA,32.3,NA,NA,NA,25.1,100,11,89,11,107,DH,0,NA,NA,NA,NA,NA
460,Bleda syndactylus,Red-tailed Bristlebill,1361992.62,NA,NA,NA,Passeriformes,Pycnonotidae (Bulbuls),17236,1606067,143533864,TRUE,FALSE,Bleda syndactylus,Passeriformes,Pycnonotidae (Bulbuls),17236,1606067,143533864,TRUE,FALSE,446,AVIBASE-5A94FEAE,Bleda syndactylus,Bleda syndactylus,Bleda syndactylus,2,Field1,NA,U,0,,NA,Equatorial Guinea,NA,NA,NA,NA,NA,NA,90,NA,NA,NA,86,SAL,0,NA,NA,NA,NA,NA
461,Bleda syndactylus,Red-tailed Bristlebill,1361992.62,NA,NA,NA,Passeriformes,Pycnonotidae (Bulbuls),17236,1606067,143533864,TRUE,FALSE,Bleda syndactylus,Passeriformes,Pycnonotidae (Bulbuls),17236,1606067,143533864,TRUE,FALSE,492,AVIBASE-5A94FEAE,Bleda syndactylus,Bleda syndactylus,Bleda syndactylus,2,Field1,NA,U,0,,NA,Equatorial Guinea,NA,NA,NA,NA,NA,NA,112,NA,NA,NA,102,SEM,0,NA,NA,NA,NA,NA
462,Bleda syndactylus,Red-tailed Bristlebill,1361992.62,NA,NA,NA,Passeriformes,Pycnonotidae (Bulbuls),17236,1606067,143533864,TRUE,FALSE,Bleda syndactylus,Passeriformes,Pycnonotidae (Bulbuls),17236,1606067,143533864,TRUE,FALSE,490,AVIBASE-5A94FEAE,Bleda syndactylus,Bleda syndactylus,Bleda syndactylus,2,Field1,NA,U,0,,NA,Equatorial Guinea,NA,NA,NA,NA,NA,NA,107,NA,NA,NA,89,SEM,0,NA,NA,NA,NA,NA
463,Bleda syndactylus,Red-tailed Bristlebill,1361992.62,NA,NA,NA,Passeriformes,Pycnonotidae (Bulbuls),17236,1606067,143533864,TRUE,FALSE,Bleda syndactylus,Passeriformes,Pycnonotidae (Bulbuls),17236,1606067,143533864,TRUE,FALSE,491,AVIBASE-5A94FEAE,Bleda syndactylus,Bleda syndactylus,Bleda syndactylus,2,Field1,NA,U,0,,NA,Equatorial Guinea,NA,NA,NA,NA,NA,NA,106,NA,NA,NA,90,JHW,0,NA,NA,NA,NA,NA
464,Bleda syndactylus,Red-tailed Bristlebill,1361992.62,NA,NA,NA,Passeriformes,Pycnonotidae (Bulbuls),17236,1606067,143533864,TRUE,FALSE,Bleda syndactylus,Passeriformes,Pycnonotidae (Bulbuls),17236,1606067,143533864,TRUE,FALSE,533,AVIBASE-5A94FEAE,Bleda syndactylus,Bleda syndactylus,Bleda syndactylus,1,NHMUK,1977.20.1180,M,0,,NA,NA,NA,27.4,NA,4.6,7.4,28,112,NA,NA,NA,89,GT,0,NA,NA,NA,NA,NA
465,Bleda syndactylus,Red-tailed Bristlebill,1361992.62,NA,NA,NA,Passeriformes,Pycnonotidae (Bulbuls),17236,1606067,143533864,TRUE,FALSE,Bleda syndactylus,Passeriformes,Pycnonotidae (Bulbuls),17236,1606067,143533864,TRUE,FALSE,495,AVIBASE-5A94FEAE,Bleda syndactylus,Bleda syndactylus,Bleda syndactylus,2,Field1,NA,U,0,,NA,Equatorial Guinea,NA,NA,NA,NA,NA,NA,104,NA,NA,NA,107,SEM,0,NA,NA,NA,NA,NA
466,Brachypodius atriceps,Black-headed Bulbul,1146284.684,NA,NA,NA,Passeriformes,Pycnonotidae (Bulbuls),32605,3071822,284751589,TRUE,FALSE,Brachypodius atriceps,Passeriformes,Pycnonotidae (Bulbuls),32605,3071822,284751589,TRUE,FALSE,538,AVIBASE-C72EC8C8,Brachypodius melanocephalos,Brachypodius melanocephalos,Pycnonotus atriceps,1,OUM,B/10248,M,0,,NA,Malaysia,NA,16.4,9.9,4.2,4.6,14.7,77,13.9,63.1,18.1,63,HM,1,NA,NA,NA,NA,NA
467,Brachypodius atriceps,Black-headed Bulbul,1146284.684,NA,NA,NA,Passeriformes,Pycnonotidae (Bulbuls),32605,3071822,284751589,TRUE,FALSE,Brachypodius atriceps,Passeriformes,Pycnonotidae (Bulbuls),32605,3071822,284751589,TRUE,FALSE,2025,AVIBASE-78E73317,Brachypodius fuscoflavescens,Brachypodius fuscoflavescens,Pycnonotus atriceps,1,BNHS,23322,F,0,,S.Andaman,India,India,16.19,9.14,4.09,4.75,15.8,82.76,NA,NA,NA,65,NA,1,NA,46020,7.88,NA,NA
468,Brachypodius atriceps,Black-headed Bulbul,1146284.684,NA,NA,NA,Passeriformes,Pycnonotidae (Bulbuls),32605,3071822,284751589,TRUE,FALSE,Brachypodius atriceps,Passeriformes,Pycnonotidae (Bulbuls),32605,3071822,284751589,TRUE,FALSE,2028,AVIBASE-78E73318,Brachypodius fuscoflavescens,Brachypodius fuscoflavescens,Pycnonotus atriceps,1,BNHS,22077,M,0,,Port Blair,India,India,16.45,9.46,4.19,4.7,16.13,79,NA,NA,NA,67,NA,1,NA,46020,8.37,NA,NA
469,Brachypodius atriceps,Black-headed Bulbul,1146284.684,NA,NA,NA,Passeriformes,Pycnonotidae (Bulbuls),32605,3071822,284751589,TRUE,FALSE,Brachypodius atriceps,Passeriformes,Pycnonotidae (Bulbuls),32605,3071822,284751589,TRUE,FALSE,2029,AVIBASE-78E73319,Brachypodius fuscoflavescens,Brachypodius fuscoflavescens,Pycnonotus atriceps,1,BNHS,22076,M,0,,M.Andaman,India,India,16.75,9.78,4.74,4.72,15.22,78,NA,NA,NA,62.5,NA,1,NA,46020,8.25,NA,NA
470,Brachypodius atriceps,Black-headed Bulbul,1146284.684,NA,NA,NA,Passeriformes,Pycnonotidae (Bulbuls),32605,3071822,284751589,TRUE,FALSE,Brachypodius atriceps,Passeriformes,Pycnonotidae (Bulbuls),32605,3071822,284751589,TRUE,FALSE,2024,AVIBASE-78E73320,Brachypodius fuscoflavescens,Brachypodius fuscoflavescens,Pycnonotus atriceps,1,BNHS,22074,F,0,,S.Andaman,India,India,15.95,9.04,4.28,4.74,NA,78,NA,NA,NA,63.5,NA,1,NA,46020,7.14,NA,"Tarsus locked, can't measure"
471,Brachypodius atriceps,Black-headed Bulbul,1146284.684,NA,NA,NA,Passeriformes,Pycnonotidae (Bulbuls),32605,3071822,284751589,TRUE,FALSE,Brachypodius atriceps,Passeriformes,Pycnonotidae (Bulbuls),32605,3071822,284751589,TRUE,FALSE,537,AVIBASE-C72EC8C8,Brachypodius melanocephalos,Brachypodius melanocephalos,Pycnonotus atriceps,1,OUM,B/10247,M,0,,NA,Malaysia,NA,15.4,10,4.1,4.7,14.2,78,13.4,64.6,17.2,65,HM,1,NA,NA,NA,NA,NA
472,Brachypodius atriceps,Black-headed Bulbul,1146284.684,NA,NA,NA,Passeriformes,Pycnonotidae (Bulbuls),32605,3071822,284751589,TRUE,FALSE,Brachypodius atriceps,Passeriformes,Pycnonotidae (Bulbuls),32605,3071822,284751589,TRUE,FALSE,2030,AVIBASE-C72EC8C8,Brachypodius melanocephalos,Brachypodius melanocephalos,Pycnonotus atriceps,1,BNHS,2089,M,0,,S.Sylhet,India,India,16.56,9.15,4.31,4.65,14.72,85,NA,NA,NA,70,NA,1,NA,46020,7.21,NA,NA
473,Brachypodius atriceps,Black-headed Bulbul,1146284.684,NA,NA,NA,Passeriformes,Pycnonotidae (Bulbuls),32605,3071822,284751589,TRUE,FALSE,Brachypodius atriceps,Passeriformes,Pycnonotidae (Bulbuls),32605,3071822,284751589,TRUE,FALSE,2023,AVIBASE-78E73320,Brachypodius fuscoflavescens,Brachypodius fuscoflavescens,Pycnonotus atriceps,1,BNHS,1005,M,0,,S.Andaman,India,India,15.61,9.13,4.49,4.57,NA,81.07,NA,NA,NA,63,NA,1,NA,46020,NA,NA,Gape glued shut
474,Brachypodius atriceps,Black-headed Bulbul,1146284.684,NA,NA,NA,Passeriformes,Pycnonotidae (Bulbuls),32605,3071822,284751589,TRUE,FALSE,Brachypodius atriceps,Passeriformes,Pycnonotidae (Bulbuls),32605,3071822,284751589,TRUE,FALSE,536,AVIBASE-C72EC8C8,Brachypodius melanocephalos,Brachypodius melanocephalos,Pycnonotus atriceps,1,OUM,B/10246,F,0,,NA,Malaysia,NA,15,9.7,4.6,4.6,14.6,79,14.7,64.3,18.6,67,HM,1,NA,NA,NA,NA,NA
475,Brachypodius atriceps,Black-headed Bulbul,1146284.684,NA,NA,NA,Passeriformes,Pycnonotidae (Bulbuls),32605,3071822,284751589,TRUE,FALSE,Brachypodius atriceps,Passeriformes,Pycnonotidae (Bulbuls),32605,3071822,284751589,TRUE,FALSE,535,AVIBASE-C72EC8C8,Brachypodius melanocephalos,Brachypodius melanocephalos,Pycnonotus atriceps,1,OUM,B/10245,F,0,,NA,Malaysia,NA,15.5,10.4,4.7,4.6,15,77,14.4,62.6,18.7,62,HM,1,NA,NA,NA,NA,NA
476,Brachypodius atriceps,Black-headed Bulbul,1146284.684,NA,NA,NA,Passeriformes,Pycnonotidae (Bulbuls),32605,3071822,284751589,TRUE,FALSE,Brachypodius atriceps,Passeriformes,Pycnonotidae (Bulbuls),32605,3071822,284751589,TRUE,FALSE,539,AVIBASE-C72EC8C8,Brachypodius melanocephalos,Brachypodius melanocephalos,Pycnonotus atriceps,1,NHMUK,86.9.1.1175,M,0,,NA,NA,NA,16.2,NA,4.2,4.8,15.5,82,NA,NA,NA,79,GT,0,NA,NA,NA,NA,NA
477,Brachypodius atriceps,Black-headed Bulbul,1146284.684,NA,NA,NA,Passeriformes,Pycnonotidae (Bulbuls),32605,3071822,284751589,TRUE,FALSE,Brachypodius atriceps,Passeriformes,Pycnonotidae (Bulbuls),32605,3071822,284751589,TRUE,FALSE,2026,AVIBASE-78E73320,Brachypodius fuscoflavescens,Brachypodius fuscoflavescens,Pycnonotus atriceps,1,BNHS,25889,M,0,,S.Andaman,India,India,16.59,10.11,4.41,4.9,NA,83.2,NA,NA,NA,66,NA,1,NA,46020,8.24,NA,NA
478,Brachypodius atriceps,Black-headed Bulbul,1146284.684,NA,NA,NA,Passeriformes,Pycnonotidae (Bulbuls),32605,3071822,284751589,TRUE,FALSE,Brachypodius atriceps,Passeriformes,Pycnonotidae (Bulbuls),32605,3071822,284751589,TRUE,FALSE,2027,AVIBASE-78E73320,Brachypodius fuscoflavescens,Brachypodius fuscoflavescens,Pycnonotus atriceps,1,BNHS,22075,F,0,,M.Andaman,India,India,16.31,10.17,4.51,5.07,15.92,80,NA,NA,NA,65,NA,1,NA,46020,7.92,NA,Tarsus hard to measure
479,Brachypodius fuscoflavescens,Andaman Bulbul,1234.080607,NA,NA,NA,Passeriformes,Pycnonotidae (Bulbuls),153,4297,113833,TRUE,TRUE,Brachypodius fuscoflavescens,Passeriformes,Pycnonotidae (Bulbuls),153,4297,113833,TRUE,TRUE,542,AVIBASE-78E73320,Brachypodius fuscoflavescens,Brachypodius fuscoflavescens,Pycnonotus atriceps,1,NHMUK,88.4.1.382,M,0,,NA,India,NA,15.5,8.5,3.8,4.5,14.9,78,11.4,66.6,14.6,69,NS,1,NA,NA,NA,NA,NA
480,Brachypodius fuscoflavescens,Andaman Bulbul,1234.080607,NA,NA,NA,Passeriformes,Pycnonotidae (Bulbuls),153,4297,113833,TRUE,TRUE,Brachypodius fuscoflavescens,Passeriformes,Pycnonotidae (Bulbuls),153,4297,113833,TRUE,TRUE,540,AVIBASE-78E73320,Brachypodius fuscoflavescens,Brachypodius fuscoflavescens,Pycnonotus atriceps,1,NHMUK,86.9.1.12.68,F,0,,NA,India,NA,14.7,8.2,3.9,4.5,15.9,74,12.9,61.1,17.4,65,NS,1,NA,NA,NA,NA,NA
481,Brachypodius fuscoflavescens,Andaman Bulbul,1234.080607,NA,NA,NA,Passeriformes,Pycnonotidae (Bulbuls),153,4297,113833,TRUE,TRUE,Brachypodius fuscoflavescens,Passeriformes,Pycnonotidae (Bulbuls),153,4297,113833,TRUE,TRUE,541,AVIBASE-78E73320,Brachypodius fuscoflavescens,Brachypodius fuscoflavescens,Pycnonotus atriceps,1,NHMUK,86.9.1.1270,M,0,,NA,India,NA,16.8,9.9,3.7,4.8,15.4,75,12.1,62.9,16.1,64,NS,1,NA,NA,NA,NA,NA
482,Brachypodius fuscoflavescens,Andaman Bulbul,1234.080607,NA,NA,NA,Passeriformes,Pycnonotidae (Bulbuls),153,4297,113833,TRUE,TRUE,Brachypodius fuscoflavescens,Passeriformes,Pycnonotidae (Bulbuls),153,4297,113833,TRUE,TRUE,543,AVIBASE-78E73320,Brachypodius fuscoflavescens,Brachypodius fuscoflavescens,Pycnonotus atriceps,1,NHMUK,88.4.1.385,F,0,,NA,India,NA,15.7,9.1,4.2,4.6,15.9,79,11.9,67.1,15.1,69,NS,1,NA,NA,NA,NA,NA
483,Brachypodius priocephalus,Gray-headed Bulbul,38374.07829,X,X,X,Passeriformes,Pycnonotidae (Bulbuls),5360,500537,44905929,FALSE,FALSE,Brachypodius priocephalus,Passeriformes,Pycnonotidae (Bulbuls),5360,500537,44905929,FALSE,FALSE,544,AVIBASE-D370538F,Brachypodius priocephalus,Brachypodius priocephalus,Pycnonotus priocephalus,1,NHMUK,86.9.1.1306,M,0,,NA,India,NA,16.1,NA,4,4.4,12.3,72,NA,NA,NA,72,GT,0,NA,NA,NA,NA,NA
484,Brachypodius priocephalus,Gray-headed Bulbul,38374.07829,X,X,X,Passeriformes,Pycnonotidae (Bulbuls),5360,500537,44905929,FALSE,FALSE,Brachypodius priocephalus,Passeriformes,Pycnonotidae (Bulbuls),5360,500537,44905929,FALSE,FALSE,2035,AVIBASE-D370538F,Brachypodius priocephalus,Brachypodius priocephalus,Pycnonotus priocephalus,1,BNHS,2092,M,0,,"Sakleshpur, KA",India,India,15.24,8.2,3.77,4.04,17,76,10.68,NA,NA,71,NA,1,NA,46020,11.27,NA,Gape was WIDE
485,Brachypodius priocephalus,Gray-headed Bulbul,38374.07829,X,X,X,Passeriformes,Pycnonotidae (Bulbuls),5360,500537,44905929,FALSE,FALSE,Brachypodius priocephalus,Passeriformes,Pycnonotidae (Bulbuls),5360,500537,44905929,FALSE,FALSE,2033,AVIBASE-D370538F,Brachypodius priocephalus,Brachypodius priocephalus,Pycnonotus priocephalus,1,BNHS,2097,F,0,,"Karwar, MH",India,India,15.07,8.41,3.91,4.14,16.98,75,11.37,NA,NA,71,NA,1,NA,46020,8.44,NA,NA
486,Brachypodius priocephalus,Gray-headed Bulbul,38374.07829,X,X,X,Passeriformes,Pycnonotidae (Bulbuls),5360,500537,44905929,FALSE,FALSE,Brachypodius priocephalus,Passeriformes,Pycnonotidae (Bulbuls),5360,500537,44905929,FALSE,FALSE,2034,AVIBASE-D370538F,Brachypodius priocephalus,Brachypodius priocephalus,Pycnonotus priocephalus,1,BNHS,24100,M,0,,"Mollem, Goa",India,India,13.94,8.17,3.7,4.37,16.54,76.87,11.94,NA,NA,70,NA,1,NA,46020,8.18,NA,NA
487,Brachypodius priocephalus,Gray-headed Bulbul,38374.07829,X,X,X,Passeriformes,Pycnonotidae (Bulbuls),5360,500537,44905929,FALSE,FALSE,Brachypodius priocephalus,Passeriformes,Pycnonotidae (Bulbuls),5360,500537,44905929,FALSE,FALSE,2037,AVIBASE-D370538F,Brachypodius priocephalus,Brachypodius priocephalus,Pycnonotus priocephalus,1,BNHS,2093,M,0,,"Mysore, KA",India,India,14.96,8.27,3.6,4.21,15.46,76,11.26,NA,NA,78,NA,1,NA,46020,9.92,NA,NA
488,Brachypodius priocephalus,Gray-headed Bulbul,38374.07829,X,X,X,Passeriformes,Pycnonotidae (Bulbuls),5360,500537,44905929,FALSE,FALSE,Brachypodius priocephalus,Passeriformes,Pycnonotidae (Bulbuls),5360,500537,44905929,FALSE,FALSE,2036,AVIBASE-D370538F,Brachypodius priocephalus,Brachypodius priocephalus,Pycnonotus priocephalus,1,BNHS,19883,F,0,,"Palni, KL",India,India,15.55,8.25,3.34,4.32,15.16,75.21,9.87,NA,NA,74,NA,1,NA,46020,9.14,NA,NA
489,Brachypodius priocephalus,Gray-headed Bulbul,38374.07829,X,X,X,Passeriformes,Pycnonotidae (Bulbuls),5360,500537,44905929,FALSE,FALSE,Brachypodius priocephalus,Passeriformes,Pycnonotidae (Bulbuls),5360,500537,44905929,FALSE,FALSE,547,AVIBASE-D370538F,Brachypodius priocephalus,Brachypodius priocephalus,Pycnonotus priocephalus,1,NHMUK,86.9.1.1312,M,0,,NA,India,NA,14.4,7.9,3.4,3.8,14.3,75,10.5,64.5,14,78,CV,1,NA,NA,NA,NA,NA
490,Brachypodius priocephalus,Gray-headed Bulbul,38374.07829,X,X,X,Passeriformes,Pycnonotidae (Bulbuls),5360,500537,44905929,FALSE,FALSE,Brachypodius priocephalus,Passeriformes,Pycnonotidae (Bulbuls),5360,500537,44905929,FALSE,FALSE,2031,AVIBASE-D370538F,Brachypodius priocephalus,Brachypodius priocephalus,Pycnonotus priocephalus,1,BNHS,24102,M,0,,"Canacona, Goa",India,India,16.48,9.26,3.88,4.6,14.69,75,10.81,NA,NA,71,NA,1,NA,46020,6.53,NA,NA
491,Brachypodius priocephalus,Gray-headed Bulbul,38374.07829,X,X,X,Passeriformes,Pycnonotidae (Bulbuls),5360,500537,44905929,FALSE,FALSE,Brachypodius priocephalus,Passeriformes,Pycnonotidae (Bulbuls),5360,500537,44905929,FALSE,FALSE,548,AVIBASE-D370538F,Brachypodius priocephalus,Brachypodius priocephalus,Pycnonotus priocephalus,1,NHMUK,88.4.1.389,M,0,,NA,India,NA,13.1,6.9,3.4,3.9,14.8,76,12.3,63.7,16.2,71,CV,1,NA,NA,NA,NA,NA
492,Brachypodius priocephalus,Gray-headed Bulbul,38374.07829,X,X,X,Passeriformes,Pycnonotidae (Bulbuls),5360,500537,44905929,FALSE,FALSE,Brachypodius priocephalus,Passeriformes,Pycnonotidae (Bulbuls),5360,500537,44905929,FALSE,FALSE,546,AVIBASE-D370538F,Brachypodius priocephalus,Brachypodius priocephalus,Pycnonotus priocephalus,1,NHMUK,1949.Whi.1.14546,F,0,,NA,India,NA,14.5,7.8,3.6,3.9,14.5,74,10.7,63.3,14.5,76,CV,1,NA,NA,NA,NA,NA
493,Brachypodius priocephalus,Gray-headed Bulbul,38374.07829,X,X,X,Passeriformes,Pycnonotidae (Bulbuls),5360,500537,44905929,FALSE,FALSE,Brachypodius priocephalus,Passeriformes,Pycnonotidae (Bulbuls),5360,500537,44905929,FALSE,FALSE,545,AVIBASE-D370538F,Brachypodius priocephalus,Brachypodius priocephalus,Pycnonotus priocephalus,1,NHMUK,1925.12.23.377,F,0,,NA,India,NA,13.1,8.5,3.8,4.1,14.6,75,9.7,65.3,12.9,74,CV,1,NA,NA,NA,NA,NA
494,Brachypodius priocephalus,Gray-headed Bulbul,38374.07829,X,X,X,Passeriformes,Pycnonotidae (Bulbuls),5360,500537,44905929,FALSE,FALSE,Brachypodius priocephalus,Passeriformes,Pycnonotidae (Bulbuls),5360,500537,44905929,FALSE,FALSE,2032,AVIBASE-D370538F,Brachypodius priocephalus,Brachypodius priocephalus,Pycnonotus priocephalus,1,BNHS,24101,M,0,,"Canacona, Goa",India,India,14.75,8.51,3.76,4.26,15.31,76.53,11.65,NA,NA,72,NA,1,NA,46020,8.87,NA,NA
495,Calyptocichla serinus,Golden Greenbul,507733.7481,NA,NA,NA,Passeriformes,Pycnonotidae (Bulbuls),2234,207999,19468778,TRUE,FALSE,Calyptocichla serinus,Passeriformes,Pycnonotidae (Bulbuls),2234,207999,19468778,TRUE,FALSE,550,AVIBASE-3B3C39F1,Calyptocichla serinus,Calyptocichla serinus,Calyptocichla serina,1,NHMUK,1977.20.1066,M,0,,NA,Liberia,NA,16.4,9.9,3.9,4.4,21.3,88,16.8,71.2,19.1,79,CV,1,NA,NA,NA,NA,NA
496,Calyptocichla serinus,Golden Greenbul,507733.7481,NA,NA,NA,Passeriformes,Pycnonotidae (Bulbuls),2234,207999,19468778,TRUE,FALSE,Calyptocichla serinus,Passeriformes,Pycnonotidae (Bulbuls),2234,207999,19468778,TRUE,FALSE,553,AVIBASE-3B3C39F1,Calyptocichla serinus,Calyptocichla serinus,Calyptocichla serina,1,NHMUK,1903.7.16.73,M,0,,NA,NA,NA,19.9,NA,3.5,4.8,21.7,89,NA,NA,NA,79,GT,0,NA,NA,NA,NA,NA
497,Calyptocichla serinus,Golden Greenbul,507733.7481,NA,NA,NA,Passeriformes,Pycnonotidae (Bulbuls),2234,207999,19468778,TRUE,FALSE,Calyptocichla serinus,Passeriformes,Pycnonotidae (Bulbuls),2234,207999,19468778,TRUE,FALSE,551,AVIBASE-3B3C39F1,Calyptocichla serinus,Calyptocichla serinus,Calyptocichla serina,1,NHMUK,1977.20.1069,F,0,,NA,Liberia,NA,17.7,10.1,4,4.7,20.9,92,15.5,76.5,16.8,81,CV,1,NA,NA,NA,NA,NA
498,Calyptocichla serinus,Golden Greenbul,507733.7481,NA,NA,NA,Passeriformes,Pycnonotidae (Bulbuls),2234,207999,19468778,TRUE,FALSE,Calyptocichla serinus,Passeriformes,Pycnonotidae (Bulbuls),2234,207999,19468778,TRUE,FALSE,549,AVIBASE-3B3C39F1,Calyptocichla serinus,Calyptocichla serinus,Calyptocichla serina,1,NHMUK,1977.20.1065,M,0,,NA,Liberia,NA,17.8,10.8,4.1,4.3,18,89,14.8,74.2,16.6,79,CV,1,NA,NA,NA,NA,NA
499,Calyptocichla serinus,Golden Greenbul,507733.7481,NA,NA,NA,Passeriformes,Pycnonotidae (Bulbuls),2234,207999,19468778,TRUE,FALSE,Calyptocichla serinus,Passeriformes,Pycnonotidae (Bulbuls),2234,207999,19468778,TRUE,FALSE,552,AVIBASE-3B3C39F1,Calyptocichla serinus,Calyptocichla serinus,Calyptocichla serina,1,NHMUK,1977.20.1074,F,0,,NA,Liberia,NA,17.7,10.5,3.5,4.4,19,90,16.8,73.2,18.7,78,CV,1,NA,NA,NA,NA,NA
500,Chlorocichla falkensteini,Yellow-necked Greenbul,377962.6888,NA,NA,NA,Passeriformes,Pycnonotidae (Bulbuls),5020,475887,45522041,TRUE,FALSE,Chlorocichla falkensteini,Passeriformes,Pycnonotidae (Bulbuls),5020,475887,45522041,TRUE,FALSE,558,AVIBASE-FCA9F934,Chlorocichla falkensteini,Chlorocichla falkensteini,Chlorocichla falkensteini,1,NHMUK,1910.5.6.597,M,0,,NA,NA,NA,21.6,NA,4.1,5.9,22.8,90,NA,NA,NA,85,GT,0,NA,NA,NA,NA,NA
501,Chlorocichla falkensteini,Yellow-necked Greenbul,377962.6888,NA,NA,NA,Passeriformes,Pycnonotidae (Bulbuls),5020,475887,45522041,TRUE,FALSE,Chlorocichla falkensteini,Passeriformes,Pycnonotidae (Bulbuls),5020,475887,45522041,TRUE,FALSE,556,AVIBASE-FCA9F934,Chlorocichla falkensteini,Chlorocichla falkensteini,Chlorocichla falkensteini,1,NHMUK,1957.35.180,F,0,,NA,Angola,NA,17.9,9.6,4.3,4.9,20.9,93,12.7,80.3,13.7,85,CV,1,NA,NA,NA,NA,NA
502,Chlorocichla falkensteini,Yellow-necked Greenbul,377962.6888,NA,NA,NA,Passeriformes,Pycnonotidae (Bulbuls),5020,475887,45522041,TRUE,FALSE,Chlorocichla falkensteini,Passeriformes,Pycnonotidae (Bulbuls),5020,475887,45522041,TRUE,FALSE,557,AVIBASE-FCA9F934,Chlorocichla falkensteini,Chlorocichla falkensteini,Chlorocichla falkensteini,1,NHMUK,1957.35.182,M,0,,NA,Angola,NA,18,9.8,3.9,5.3,19.9,94,12,82,12.8,86,CV,1,NA,NA,NA,NA,NA
503,Chlorocichla falkensteini,Yellow-necked Greenbul,377962.6888,NA,NA,NA,Passeriformes,Pycnonotidae (Bulbuls),5020,475887,45522041,TRUE,FALSE,Chlorocichla falkensteini,Passeriformes,Pycnonotidae (Bulbuls),5020,475887,45522041,TRUE,FALSE,554,AVIBASE-FCA9F934,Chlorocichla falkensteini,Chlorocichla falkensteini,Chlorocichla falkensteini,1,NHMUK,1910.5.6.589,F,0,,NA,Angola,NA,17.3,9.2,4.1,5.1,21,91,14.4,76.6,15.8,85,CV,1,NA,NA,NA,NA,NA
504,Chlorocichla falkensteini,Yellow-necked Greenbul,377962.6888,NA,NA,NA,Passeriformes,Pycnonotidae (Bulbuls),5020,475887,45522041,TRUE,FALSE,Chlorocichla falkensteini,Passeriformes,Pycnonotidae (Bulbuls),5020,475887,45522041,TRUE,FALSE,555,AVIBASE-FCA9F934,Chlorocichla falkensteini,Chlorocichla falkensteini,Chlorocichla falkensteini,1,NHMUK,1910.5.6.592,M,0,,NA,Angola,NA,18.8,10.6,4.4,4.7,20.2,94,10.9,83.1,11.6,98,CV,1,NA,NA,NA,NA,NA
505,Chlorocichla flaviventris,Yellow-bellied Greenbul,1539088.759,NA,NA,NA,Passeriformes,Pycnonotidae (Bulbuls),26858,2399410,201296465,TRUE,FALSE,Chlorocichla flaviventris,Passeriformes,Pycnonotidae (Bulbuls),26858,2399410,201296465,TRUE,FALSE,572,AVIBASE-D083BB3F,Chlorocichla flaviventris,Chlorocichla flaviventris,Chlorocichla flaviventris,2,Field1,NA,U,0,,NA,Zambia,NA,21.6,11.8,4.7,6.2,25.2,104,14,90,13.5,102,MFZ,1,NA,NA,NA,NA,NA
506,Chlorocichla flaviventris,Yellow-bellied Greenbul,1539088.759,NA,NA,NA,Passeriformes,Pycnonotidae (Bulbuls),26858,2399410,201296465,TRUE,FALSE,Chlorocichla flaviventris,Passeriformes,Pycnonotidae (Bulbuls),26858,2399410,201296465,TRUE,FALSE,563,AVIBASE-D083BB3F,Chlorocichla flaviventris,Chlorocichla flaviventris,Chlorocichla flaviventris,1,NHMUK,1905.12.29.1952,F,0,,NA,South Africa,NA,20.7,11.1,4.7,5.9,25.1,88,10.9,77.1,12.4,88,CV,1,NA,NA,NA,NA,NA
507,Chlorocichla flaviventris,Yellow-bellied Greenbul,1539088.759,NA,NA,NA,Passeriformes,Pycnonotidae (Bulbuls),26858,2399410,201296465,TRUE,FALSE,Chlorocichla flaviventris,Passeriformes,Pycnonotidae (Bulbuls),26858,2399410,201296465,TRUE,FALSE,571,AVIBASE-D083BB3F,Chlorocichla flaviventris,Chlorocichla flaviventris,Chlorocichla flaviventris,2,Field1,NA,U,0,,NA,Zambia,NA,18.7,11.7,5.3,5.8,23.4,98,11,87,11.2,92,MFZ,1,NA,NA,NA,NA,NA
508,Chlorocichla flaviventris,Yellow-bellied Greenbul,1539088.759,NA,NA,NA,Passeriformes,Pycnonotidae (Bulbuls),26858,2399410,201296465,TRUE,FALSE,Chlorocichla flaviventris,Passeriformes,Pycnonotidae (Bulbuls),26858,2399410,201296465,TRUE,FALSE,568,AVIBASE-D083BB3F,Chlorocichla flaviventris,Chlorocichla flaviventris,Chlorocichla flaviventris,1,NHMUK,85.1.3.4,M,0,,NA,South Africa,NA,22.3,12.7,5,6.7,23.3,104,12.8,91.2,12.3,101,CV,1,NA,NA,NA,NA,NA
509,Chlorocichla flaviventris,Yellow-bellied Greenbul,1539088.759,NA,NA,NA,Passeriformes,Pycnonotidae (Bulbuls),26858,2399410,201296465,TRUE,FALSE,Chlorocichla flaviventris,Passeriformes,Pycnonotidae (Bulbuls),26858,2399410,201296465,TRUE,FALSE,569,AVIBASE-D083BB3F,Chlorocichla flaviventris,Chlorocichla flaviventris,Chlorocichla flaviventris,1,NHMUK,95.5.1.730,F,0,,NA,South Africa,NA,20.2,10.8,4.6,5.7,23.3,96,12.7,83.3,13.2,92,CV,1,NA,NA,NA,NA,NA
510,Chlorocichla flaviventris,Yellow-bellied Greenbul,1539088.759,NA,NA,NA,Passeriformes,Pycnonotidae (Bulbuls),26858,2399410,201296465,TRUE,FALSE,Chlorocichla flaviventris,Passeriformes,Pycnonotidae (Bulbuls),26858,2399410,201296465,TRUE,FALSE,573,AVIBASE-D083BB3F,Chlorocichla flaviventris,Chlorocichla flaviventris,Chlorocichla flaviventris,2,Field1,NA,U,1,,NA,Zambia,NA,20.3,11.3,5.1,6.3,24.5,100,11,89,11,99,MFZ,1,NA,NA,NA,NA,NA
511,Chlorocichla flaviventris,Yellow-bellied Greenbul,1539088.759,NA,NA,NA,Passeriformes,Pycnonotidae (Bulbuls),26858,2399410,201296465,TRUE,FALSE,Chlorocichla flaviventris,Passeriformes,Pycnonotidae (Bulbuls),26858,2399410,201296465,TRUE,FALSE,570,AVIBASE-D083BB3F,Chlorocichla flaviventris,Chlorocichla flaviventris,Chlorocichla flaviventris,2,Field1,NA,U,0,,NA,Zambia,NA,20.8,11.4,5.1,6,24.3,95,13,82,13.7,92,MFZ,1,NA,NA,NA,NA,NA
512,Chlorocichla flaviventris,Yellow-bellied Greenbul,1539088.759,NA,NA,NA,Passeriformes,Pycnonotidae (Bulbuls),26858,2399410,201296465,TRUE,FALSE,Chlorocichla flaviventris,Passeriformes,Pycnonotidae (Bulbuls),26858,2399410,201296465,TRUE,FALSE,560,AVIBASE-D083BB3F,Chlorocichla flaviventris,Chlorocichla flaviventris,Chlorocichla flaviventris,1,ZFMK,2012-192,M,0,,NA,United Republic of Tanzania,NA,25.3,NA,NA,NA,25.8,108,14,94,13,91,LN,0,NA,NA,NA,NA,NA
513,Chlorocichla flaviventris,Yellow-bellied Greenbul,1539088.759,NA,NA,NA,Passeriformes,Pycnonotidae (Bulbuls),26858,2399410,201296465,TRUE,FALSE,Chlorocichla flaviventris,Passeriformes,Pycnonotidae (Bulbuls),26858,2399410,201296465,TRUE,FALSE,561,AVIBASE-D083BB3F,Chlorocichla flaviventris,Chlorocichla flaviventris,Chlorocichla flaviventris,1,ZFMK,1959.541,M,0,,NA,United Republic of Tanzania,NA,NA,NA,NA,NA,23.5,108,11.5,96.5,10.6,97.5,LB,0,NA,NA,NA,NA,NA
514,Chlorocichla flaviventris,Yellow-bellied Greenbul,1539088.759,NA,NA,NA,Passeriformes,Pycnonotidae (Bulbuls),26858,2399410,201296465,TRUE,FALSE,Chlorocichla flaviventris,Passeriformes,Pycnonotidae (Bulbuls),26858,2399410,201296465,TRUE,FALSE,564,AVIBASE-D083BB3F,Chlorocichla flaviventris,Chlorocichla flaviventris,Chlorocichla flaviventris,1,ZFMK,1966-642,F,0,,NA,Angola,NA,21.1,NA,NA,NA,24.6,100,14,86,14,94,LN,0,NA,NA,NA,NA,NA
515,Chlorocichla flaviventris,Yellow-bellied Greenbul,1539088.759,NA,NA,NA,Passeriformes,Pycnonotidae (Bulbuls),26858,2399410,201296465,TRUE,FALSE,Chlorocichla flaviventris,Passeriformes,Pycnonotidae (Bulbuls),26858,2399410,201296465,TRUE,FALSE,559,AVIBASE-D083BB3F,Chlorocichla flaviventris,Chlorocichla flaviventris,Chlorocichla flaviventris,1,ZFMK,1959-540,F,0,,NA,United Republic of Tanzania,NA,22.9,NA,NA,NA,21.7,100,10,90,10,93,LN,0,NA,NA,NA,NA,NA
516,Chlorocichla flaviventris,Yellow-bellied Greenbul,1539088.759,NA,NA,NA,Passeriformes,Pycnonotidae (Bulbuls),26858,2399410,201296465,TRUE,FALSE,Chlorocichla flaviventris,Passeriformes,Pycnonotidae (Bulbuls),26858,2399410,201296465,TRUE,FALSE,567,AVIBASE-D083BB3F,Chlorocichla flaviventris,Chlorocichla flaviventris,Chlorocichla flaviventris,1,NHMUK,79.9.7.96,M,0,,NA,South Africa,NA,22.1,12,4.7,6.3,22,105,16.3,88.7,15.5,103,CV,1,NA,NA,NA,NA,NA
517,Chlorocichla flaviventris,Yellow-bellied Greenbul,1539088.759,NA,NA,NA,Passeriformes,Pycnonotidae (Bulbuls),26858,2399410,201296465,TRUE,FALSE,Chlorocichla flaviventris,Passeriformes,Pycnonotidae (Bulbuls),26858,2399410,201296465,TRUE,FALSE,575,AVIBASE-D083BB3F,Chlorocichla flaviventris,Chlorocichla flaviventris,Chlorocichla flaviventris,2,Field1,NA,U,0,,NA,Zambia,NA,21.2,11.8,5,6.3,23.9,101,14,87,13.9,97,MFZ,1,NA,NA,NA,NA,NA
518,Chlorocichla flaviventris,Yellow-bellied Greenbul,1539088.759,NA,NA,NA,Passeriformes,Pycnonotidae (Bulbuls),26858,2399410,201296465,TRUE,FALSE,Chlorocichla flaviventris,Passeriformes,Pycnonotidae (Bulbuls),26858,2399410,201296465,TRUE,FALSE,576,AVIBASE-D083BB3F,Chlorocichla flaviventris,Chlorocichla flaviventris,Chlorocichla flaviventris,2,Field1,NA,U,0,,NA,Zambia,NA,20.4,12,4.3,5.9,23.2,99,13,86,13.1,95,MFZ,1,NA,NA,NA,NA,NA
519,Chlorocichla flaviventris,Yellow-bellied Greenbul,1539088.759,NA,NA,NA,Passeriformes,Pycnonotidae (Bulbuls),26858,2399410,201296465,TRUE,FALSE,Chlorocichla flaviventris,Passeriformes,Pycnonotidae (Bulbuls),26858,2399410,201296465,TRUE,FALSE,562,AVIBASE-D083BB3F,Chlorocichla flaviventris,Chlorocichla flaviventris,Chlorocichla flaviventris,1,ZFMK,1965.493,F,0,,NA,United Republic of Tanzania,NA,23.1,NA,NA,NA,22,99.5,11.5,88,11.6,90.5,LB,0,NA,NA,NA,NA,NA
520,Chlorocichla flaviventris,Yellow-bellied Greenbul,1539088.759,NA,NA,NA,Passeriformes,Pycnonotidae (Bulbuls),26858,2399410,201296465,TRUE,FALSE,Chlorocichla flaviventris,Passeriformes,Pycnonotidae (Bulbuls),26858,2399410,201296465,TRUE,FALSE,574,AVIBASE-D083BB3F,Chlorocichla flaviventris,Chlorocichla flaviventris,Chlorocichla flaviventris,2,Field1,NA,U,0,,NA,Zambia,NA,20,12.5,4.8,6,24.3,105,13,92,12.4,98,MFZ,1,NA,NA,NA,NA,NA
521,Chlorocichla flaviventris,Yellow-bellied Greenbul,1539088.759,NA,NA,NA,Passeriformes,Pycnonotidae (Bulbuls),26858,2399410,201296465,TRUE,FALSE,Chlorocichla flaviventris,Passeriformes,Pycnonotidae (Bulbuls),26858,2399410,201296465,TRUE,FALSE,565,AVIBASE-D083BB3F,Chlorocichla flaviventris,Chlorocichla flaviventris,Chlorocichla flaviventris,1,ZFMK,1967-368,F,0,,NA,South Africa,NA,23.8,NA,NA,NA,25.1,102,12,90,11.8,99,LN,0,NA,NA,NA,NA,NA
522,Chlorocichla flaviventris,Yellow-bellied Greenbul,1539088.759,NA,NA,NA,Passeriformes,Pycnonotidae (Bulbuls),26858,2399410,201296465,TRUE,FALSE,Chlorocichla flaviventris,Passeriformes,Pycnonotidae (Bulbuls),26858,2399410,201296465,TRUE,FALSE,579,AVIBASE-D083BB3F,Chlorocichla flaviventris,Chlorocichla flaviventris,Chlorocichla flaviventris,2,Field1,NA,U,0,,NA,Zambia,NA,21.1,12.6,5.2,5.9,24,98,12,86,12.2,98,MFZ,1,NA,NA,NA,NA,NA
523,Chlorocichla flaviventris,Yellow-bellied Greenbul,1539088.759,NA,NA,NA,Passeriformes,Pycnonotidae (Bulbuls),26858,2399410,201296465,TRUE,FALSE,Chlorocichla flaviventris,Passeriformes,Pycnonotidae (Bulbuls),26858,2399410,201296465,TRUE,FALSE,566,AVIBASE-D083BB3F,Chlorocichla flaviventris,Chlorocichla flaviventris,Chlorocichla flaviventris,1,ZFMK,1992-057,M,0,,NA,United Republic of Tanzania,NA,24.6,NA,NA,NA,25.3,105,16,89,15.2,95,LN,0,NA,NA,NA,NA,NA
524,Chlorocichla flaviventris,Yellow-bellied Greenbul,1539088.759,NA,NA,NA,Passeriformes,Pycnonotidae (Bulbuls),26858,2399410,201296465,TRUE,FALSE,Chlorocichla flaviventris,Passeriformes,Pycnonotidae (Bulbuls),26858,2399410,201296465,TRUE,FALSE,578,AVIBASE-D083BB3F,Chlorocichla flaviventris,Chlorocichla flaviventris,Chlorocichla flaviventris,2,Field1,NA,U,0,,NA,Zambia,NA,22.1,12.7,5.1,6.2,24.3,106,13,93,12.3,103,MFZ,1,NA,NA,NA,NA,NA
525,Chlorocichla flaviventris,Yellow-bellied Greenbul,1539088.759,NA,NA,NA,Passeriformes,Pycnonotidae (Bulbuls),26858,2399410,201296465,TRUE,FALSE,Chlorocichla flaviventris,Passeriformes,Pycnonotidae (Bulbuls),26858,2399410,201296465,TRUE,FALSE,577,AVIBASE-D083BB3F,Chlorocichla flaviventris,Chlorocichla flaviventris,Chlorocichla flaviventris,2,Field1,NA,U,0,,NA,Zambia,NA,19.6,13.1,5,6.1,24.2,105,15,90,14.3,105,MFZ,1,NA,NA,NA,NA,NA
526,Chlorocichla laetissima,Joyful Greenbul,52900.80997,NA,NA,NA,Passeriformes,Pycnonotidae (Bulbuls),2194,204062,20394603,TRUE,FALSE,Chlorocichla laetissima,Passeriformes,Pycnonotidae (Bulbuls),2194,204062,20394603,TRUE,FALSE,582,AVIBASE-4602AC01,Chlorocichla laetissima,Chlorocichla laetissima,Chlorocichla laetissima,1,NHMUK,1906.12.23.1338,M,0,,NA,Uganda,NA,21.6,11.5,4.7,5.6,20.8,107,12.6,94.4,11.8,100,CV,1,NA,NA,NA,NA,NA
527,Chlorocichla laetissima,Joyful Greenbul,52900.80997,NA,NA,NA,Passeriformes,Pycnonotidae (Bulbuls),2194,204062,20394603,TRUE,FALSE,Chlorocichla laetissima,Passeriformes,Pycnonotidae (Bulbuls),2194,204062,20394603,TRUE,FALSE,584,AVIBASE-4602AC01,Chlorocichla laetissima,Chlorocichla laetissima,Chlorocichla laetissima,1,NHMUK,1949.30.137,F,0,,NA,South Sudan,NA,20.7,10.7,4.9,5,20.7,103,13.9,89.1,13.5,95,CV,1,NA,NA,NA,NA,NA
528,Chlorocichla laetissima,Joyful Greenbul,52900.80997,NA,NA,NA,Passeriformes,Pycnonotidae (Bulbuls),2194,204062,20394603,TRUE,FALSE,Chlorocichla laetissima,Passeriformes,Pycnonotidae (Bulbuls),2194,204062,20394603,TRUE,FALSE,580,AVIBASE-4602AC01,Chlorocichla laetissima,Chlorocichla laetissima,Chlorocichla laetissima,1,NHMD,139662,U,0,,NA,Uganda,NA,23.4,NA,NA,NA,20.6,102,21,81,20.6,104,LN,0,NA,NA,NA,NA,NA
529,Chlorocichla laetissima,Joyful Greenbul,52900.80997,NA,NA,NA,Passeriformes,Pycnonotidae (Bulbuls),2194,204062,20394603,TRUE,FALSE,Chlorocichla laetissima,Passeriformes,Pycnonotidae (Bulbuls),2194,204062,20394603,TRUE,FALSE,586,AVIBASE-4602AC01,Chlorocichla laetissima,Chlorocichla laetissima,Chlorocichla laetissima,1,ZFMK,1980-261,M,0,,NA,Sudan,NA,25.1,NA,NA,NA,22.6,109,14,95,12.8,103,LN,0,NA,NA,NA,NA,NA
530,Chlorocichla laetissima,Joyful Greenbul,52900.80997,NA,NA,NA,Passeriformes,Pycnonotidae (Bulbuls),2194,204062,20394603,TRUE,FALSE,Chlorocichla laetissima,Passeriformes,Pycnonotidae (Bulbuls),2194,204062,20394603,TRUE,FALSE,581,AVIBASE-4602AC01,Chlorocichla laetissima,Chlorocichla laetissima,Chlorocichla laetissima,1,NHMUK,1906.12.23.1337,F,0,,NA,Uganda,NA,17.1,8.7,4.8,4.8,21,101,14.4,86.6,14.3,100,CV,1,NA,NA,NA,NA,NA
531,Chlorocichla laetissima,Joyful Greenbul,52900.80997,NA,NA,NA,Passeriformes,Pycnonotidae (Bulbuls),2194,204062,20394603,TRUE,FALSE,Chlorocichla laetissima,Passeriformes,Pycnonotidae (Bulbuls),2194,204062,20394603,TRUE,FALSE,583,AVIBASE-4602AC01,Chlorocichla laetissima,Chlorocichla laetissima,Chlorocichla laetissima,1,NHMUK,1906.12.23.1339,M,0,,NA,Uganda,NA,21.6,11,5,5.4,21.4,105,14.3,90.7,13.6,101,CV,1,NA,NA,NA,NA,NA
532,Chlorocichla laetissima,Joyful Greenbul,52900.80997,NA,NA,NA,Passeriformes,Pycnonotidae (Bulbuls),2194,204062,20394603,TRUE,FALSE,Chlorocichla laetissima,Passeriformes,Pycnonotidae (Bulbuls),2194,204062,20394603,TRUE,FALSE,585,AVIBASE-4602AC01,Chlorocichla laetissima,Chlorocichla laetissima,Chlorocichla laetissima,1,ZFMK,1980-260,M,0,,NA,Sudan,NA,24.4,NA,NA,NA,23.8,108,14.5,93.5,13.4,101,DH,0,NA,NA,NA,NA,NA
533,Chlorocichla simplex,Simple Greenbul,1545882.426,NA,NA,NA,Passeriformes,Pycnonotidae (Bulbuls),18868,1785057,174651889,TRUE,FALSE,Chlorocichla simplex,Passeriformes,Pycnonotidae (Bulbuls),18868,1785057,174651889,TRUE,FALSE,594,AVIBASE-D3D4D1B7,Chlorocichla simplex,Chlorocichla simplex,Chlorocichla simplex,1,NHMUK,1920.6.15.88,M,0,,NA,NA,NA,21.3,NA,5.1,6.3,25.4,103,NA,NA,NA,95,GT,0,NA,NA,NA,NA,NA
534,Chlorocichla simplex,Simple Greenbul,1545882.426,NA,NA,NA,Passeriformes,Pycnonotidae (Bulbuls),18868,1785057,174651889,TRUE,FALSE,Chlorocichla simplex,Passeriformes,Pycnonotidae (Bulbuls),18868,1785057,174651889,TRUE,FALSE,593,AVIBASE-D3D4D1B7,Chlorocichla simplex,Chlorocichla simplex,Chlorocichla simplex,2,Field1,NA,U,0,,NA,Ghana,NA,21.2,12,5.7,6.8,30.5,100,9,91,9,92,NNDA,1,NA,NA,NA,NA,NA
535,Chlorocichla simplex,Simple Greenbul,1545882.426,NA,NA,NA,Passeriformes,Pycnonotidae (Bulbuls),18868,1785057,174651889,TRUE,FALSE,Chlorocichla simplex,Passeriformes,Pycnonotidae (Bulbuls),18868,1785057,174651889,TRUE,FALSE,589,AVIBASE-D3D4D1B7,Chlorocichla simplex,Chlorocichla simplex,Chlorocichla simplex,1,NHMUK,1977.20.1112,M,0,,NA,Liberia,NA,22,11.8,5.3,6.4,25.3,106,14.4,91.6,13.6,96,CV,1,NA,NA,NA,NA,NA
536,Chlorocichla simplex,Simple Greenbul,1545882.426,NA,NA,NA,Passeriformes,Pycnonotidae (Bulbuls),18868,1785057,174651889,TRUE,FALSE,Chlorocichla simplex,Passeriformes,Pycnonotidae (Bulbuls),18868,1785057,174651889,TRUE,FALSE,590,AVIBASE-D3D4D1B7,Chlorocichla simplex,Chlorocichla simplex,Chlorocichla simplex,1,NHMUK,1977.20.1117,F,0,,NA,Liberia,NA,19.2,11.1,5.5,6.1,22.6,93,12.5,80.5,13.4,89,CV,1,NA,NA,NA,NA,NA
537,Chlorocichla simplex,Simple Greenbul,1545882.426,NA,NA,NA,Passeriformes,Pycnonotidae (Bulbuls),18868,1785057,174651889,TRUE,FALSE,Chlorocichla simplex,Passeriformes,Pycnonotidae (Bulbuls),18868,1785057,174651889,TRUE,FALSE,588,AVIBASE-D3D4D1B7,Chlorocichla simplex,Chlorocichla simplex,Chlorocichla simplex,1,NHMUK,1977.20.1106,M,0,,NA,Liberia,NA,20,11.5,5,5.8,22.7,105,13.7,91.3,13,98,CV,1,NA,NA,NA,NA,NA
538,Chlorocichla simplex,Simple Greenbul,1545882.426,NA,NA,NA,Passeriformes,Pycnonotidae (Bulbuls),18868,1785057,174651889,TRUE,FALSE,Chlorocichla simplex,Passeriformes,Pycnonotidae (Bulbuls),18868,1785057,174651889,TRUE,FALSE,592,AVIBASE-D3D4D1B7,Chlorocichla simplex,Chlorocichla simplex,Chlorocichla simplex,2,Field1,NA,U,0,,NA,Ghana,NA,17.8,11.1,6,5.7,27.7,98,14,84,14.3,95,NNDA,1,NA,NA,NA,NA,NA
539,Chlorocichla simplex,Simple Greenbul,1545882.426,NA,NA,NA,Passeriformes,Pycnonotidae (Bulbuls),18868,1785057,174651889,TRUE,FALSE,Chlorocichla simplex,Passeriformes,Pycnonotidae (Bulbuls),18868,1785057,174651889,TRUE,FALSE,591,AVIBASE-D3D4D1B7,Chlorocichla simplex,Chlorocichla simplex,Chlorocichla simplex,1,NHMUK,1977.20.1119,F,0,,NA,Liberia,NA,19.8,10.9,4.9,5.9,22.9,99,11.3,87.7,11.4,93,CV,1,NA,NA,NA,NA,NA
540,Criniger barbatus,Western Bearded-Greenbul,249550.7451,NA,NA,NA,Passeriformes,Pycnonotidae (Bulbuls),1326,115565,11890295,FALSE,FALSE,Criniger barbatus,Passeriformes,Pycnonotidae (Bulbuls),1326,115565,11890295,FALSE,FALSE,603,AVIBASE-0F97A356,Criniger barbatus,Criniger barbatus,Criniger barbatus,2,Field1,NA,U,0,,NA,Ghana,NA,20.5,12.9,6.1,6.4,28.9,101,NA,NA,NA,102,NNDA,1,NA,NA,NA,NA,NA
541,Criniger barbatus,Western Bearded-Greenbul,249550.7451,NA,NA,NA,Passeriformes,Pycnonotidae (Bulbuls),1326,115565,11890295,FALSE,FALSE,Criniger barbatus,Passeriformes,Pycnonotidae (Bulbuls),1326,115565,11890295,FALSE,FALSE,602,AVIBASE-0F97A356,Criniger barbatus,Criniger barbatus,Criniger barbatus,2,Field1,NA,U,0,,NA,Ghana,NA,21.2,12.9,6.2,6.2,28.9,110,18,92,16.4,100,NNDA,1,NA,NA,NA,NA,NA
542,Criniger barbatus,Western Bearded-Greenbul,249550.7451,NA,NA,NA,Passeriformes,Pycnonotidae (Bulbuls),1326,115565,11890295,FALSE,FALSE,Criniger barbatus,Passeriformes,Pycnonotidae (Bulbuls),1326,115565,11890295,FALSE,FALSE,600,AVIBASE-0F97A356,Criniger barbatus,Criniger barbatus,Criniger barbatus,2,Field1,NA,U,0,,NA,Ghana,NA,21.8,14.2,6.7,6.7,24,107,15.9,91.1,14.9,96,NNDA,1,NA,NA,NA,NA,NA
543,Criniger barbatus,Western Bearded-Greenbul,249550.7451,NA,NA,NA,Passeriformes,Pycnonotidae (Bulbuls),1326,115565,11890295,FALSE,FALSE,Criniger barbatus,Passeriformes,Pycnonotidae (Bulbuls),1326,115565,11890295,FALSE,FALSE,595,AVIBASE-0F97A356,Criniger barbatus,Criniger barbatus,Criniger barbatus,1,NHMUK,1911.12.23.1701,M,0,,NA,Ghana,NA,22.3,13.9,5.3,6.6,22.9,109,14.4,94.6,13.2,99,CS,1,NA,NA,NA,NA,NA
544,Criniger barbatus,Western Bearded-Greenbul,249550.7451,NA,NA,NA,Passeriformes,Pycnonotidae (Bulbuls),1326,115565,11890295,FALSE,FALSE,Criniger barbatus,Passeriformes,Pycnonotidae (Bulbuls),1326,115565,11890295,FALSE,FALSE,601,AVIBASE-0F97A356,Criniger barbatus,Criniger barbatus,Criniger barbatus,2,Field1,NA,U,0,,NA,Ghana,NA,19.4,11.9,5.4,5.9,31,102,30,72,29.4,94,NNDA,1,NA,NA,NA,NA,NA
545,Criniger barbatus,Western Bearded-Greenbul,249550.7451,NA,NA,NA,Passeriformes,Pycnonotidae (Bulbuls),1326,115565,11890295,FALSE,FALSE,Criniger barbatus,Passeriformes,Pycnonotidae (Bulbuls),1326,115565,11890295,FALSE,FALSE,604,AVIBASE-0F97A356,Criniger barbatus,Criniger barbatus,Criniger barbatus,2,Field1,NA,U,1,,NA,Ghana,NA,21.3,13.2,6.7,6.6,24.9,103,21.6,81.4,21,100,NNDA,1,NA,NA,NA,NA,NA
546,Criniger barbatus,Western Bearded-Greenbul,249550.7451,NA,NA,NA,Passeriformes,Pycnonotidae (Bulbuls),1326,115565,11890295,FALSE,FALSE,Criniger barbatus,Passeriformes,Pycnonotidae (Bulbuls),1326,115565,11890295,FALSE,FALSE,596,AVIBASE-0F97A356,Criniger barbatus,Criniger barbatus,Criniger barbatus,1,NHMUK,1930.12.3.288,F,0,,NA,Sierra Leone,NA,21.6,12.1,4.7,6.2,23.6,95,13.1,81.9,13.8,93,CS,1,NA,NA,NA,NA,NA
547,Criniger barbatus,Western Bearded-Greenbul,249550.7451,NA,NA,NA,Passeriformes,Pycnonotidae (Bulbuls),1326,115565,11890295,FALSE,FALSE,Criniger barbatus,Passeriformes,Pycnonotidae (Bulbuls),1326,115565,11890295,FALSE,FALSE,599,AVIBASE-0F97A356,Criniger barbatus,Criniger barbatus,Criniger barbatus,2,Field1,NA,U,0,,NA,Ghana,NA,21.8,14.3,6.5,7.1,22.9,105,14.7,90.3,14,93,NNDA,1,NA,NA,NA,NA,NA
548,Criniger barbatus,Western Bearded-Greenbul,249550.7451,NA,NA,NA,Passeriformes,Pycnonotidae (Bulbuls),1326,115565,11890295,FALSE,FALSE,Criniger barbatus,Passeriformes,Pycnonotidae (Bulbuls),1326,115565,11890295,FALSE,FALSE,606,AVIBASE-0F97A356,Criniger barbatus,Criniger barbatus,Criniger barbatus,2,Field1,NA,U,0,,NA,Ghana,NA,21.4,12.5,6.9,6.5,29.2,105,8,97,7.6,97,NNDA,1,NA,NA,NA,NA,NA
549,Criniger barbatus,Western Bearded-Greenbul,249550.7451,NA,NA,NA,Passeriformes,Pycnonotidae (Bulbuls),1326,115565,11890295,FALSE,FALSE,Criniger barbatus,Passeriformes,Pycnonotidae (Bulbuls),1326,115565,11890295,FALSE,FALSE,607,AVIBASE-0F97A356,Criniger barbatus,Criniger barbatus,Criniger barbatus,2,Field1,NA,U,0,,NA,Ghana,NA,20.4,13.1,5.8,5.9,28.9,105,13,92,12.4,NA,NNDA,1,NA,NA,NA,NA,NA
550,Criniger barbatus,Western Bearded-Greenbul,249550.7451,NA,NA,NA,Passeriformes,Pycnonotidae (Bulbuls),1326,115565,11890295,FALSE,FALSE,Criniger barbatus,Passeriformes,Pycnonotidae (Bulbuls),1326,115565,11890295,FALSE,FALSE,598,AVIBASE-0F97A356,Criniger barbatus,Criniger barbatus,Criniger barbatus,1,NHMUK,1977.20.1249,F,0,,NA,Liberia,NA,21.1,12.2,4.6,7,22.3,98,14.4,83.6,14.7,91,CS,1,NA,NA,NA,NA,NA
551,Criniger barbatus,Western Bearded-Greenbul,249550.7451,NA,NA,NA,Passeriformes,Pycnonotidae (Bulbuls),1326,115565,11890295,FALSE,FALSE,Criniger barbatus,Passeriformes,Pycnonotidae (Bulbuls),1326,115565,11890295,FALSE,FALSE,608,AVIBASE-0F97A356,Criniger barbatus,Criniger barbatus,Criniger barbatus,1,NHMUK,95.5.1.680,M,0,,NA,NA,NA,20.9,NA,5.4,6.4,24.9,103,NA,NA,NA,70,GT,0,NA,NA,NA,NA,NA
552,Criniger barbatus,Western Bearded-Greenbul,249550.7451,NA,NA,NA,Passeriformes,Pycnonotidae (Bulbuls),1326,115565,11890295,FALSE,FALSE,Criniger barbatus,Passeriformes,Pycnonotidae (Bulbuls),1326,115565,11890295,FALSE,FALSE,597,AVIBASE-0F97A356,Criniger barbatus,Criniger barbatus,Criniger barbatus,1,NHMUK,1937.10.15.62,M,0,,NA,Sierra Leone,NA,21.4,12.1,5.3,6.8,23.6,105.5,14.6,90.9,13.8,99,CS,1,NA,NA,NA,NA,NA
553,Criniger barbatus,Western Bearded-Greenbul,249550.7451,NA,NA,NA,Passeriformes,Pycnonotidae (Bulbuls),1326,115565,11890295,FALSE,FALSE,Criniger barbatus,Passeriformes,Pycnonotidae (Bulbuls),1326,115565,11890295,FALSE,FALSE,605,AVIBASE-0F97A356,Criniger barbatus,Criniger barbatus,Criniger barbatus,2,Field1,NA,U,0,,NA,Ghana,NA,19.9,11.6,6.9,6.5,23.5,98,6.8,91.2,6.9,88,NNDA,1,NA,NA,NA,NA,NA
554,Criniger calurus,Red-tailed Greenbul,1274108.819,NA,NA,NA,Passeriformes,Pycnonotidae (Bulbuls),6352,568954,54317715,FALSE,FALSE,Criniger calurus,Passeriformes,Pycnonotidae (Bulbuls),6352,568954,54317715,FALSE,FALSE,624,AVIBASE-F8104BC1,Criniger calurus,Criniger calurus,Criniger calurus,1,NHMUK,1904.7.18.84,M,0,,NA,NA,NA,23.7,NA,5.3,6.3,25.1,85,NA,NA,NA,84,GT,0,NA,NA,NA,NA,NA
555,Criniger calurus,Red-tailed Greenbul,1274108.819,NA,NA,NA,Passeriformes,Pycnonotidae (Bulbuls),6352,568954,54317715,FALSE,FALSE,Criniger calurus,Passeriformes,Pycnonotidae (Bulbuls),6352,568954,54317715,FALSE,FALSE,620,AVIBASE-F8104BC1,Criniger calurus,Criniger calurus,Criniger calurus,2,Field1,NA,U,0,,NA,Equatorial Guinea,NA,NA,NA,NA,NA,NA,92,NA,NA,NA,80,KEB,0,NA,NA,NA,NA,NA
556,Criniger calurus,Red-tailed Greenbul,1274108.819,NA,NA,NA,Passeriformes,Pycnonotidae (Bulbuls),6352,568954,54317715,FALSE,FALSE,Criniger calurus,Passeriformes,Pycnonotidae (Bulbuls),6352,568954,54317715,FALSE,FALSE,609,AVIBASE-F8104BC1,Criniger calurus,Criniger calurus,Criniger calurus,1,NHMUK,1902.7.15.10,M,0,,NA,Cameroon,NA,21.6,12.8,5.3,6,21.1,89,12.9,76.1,14.5,72,PW,1,NA,NA,NA,NA,NA
557,Criniger calurus,Red-tailed Greenbul,1274108.819,NA,NA,NA,Passeriformes,Pycnonotidae (Bulbuls),6352,568954,54317715,FALSE,FALSE,Criniger calurus,Passeriformes,Pycnonotidae (Bulbuls),6352,568954,54317715,FALSE,FALSE,623,AVIBASE-F8104BC1,Criniger calurus,Criniger calurus,Criniger calurus,2,Field1,NA,U,0,,NA,Ghana,NA,21,13.9,7.4,6.2,22.4,95,10.6,84.4,11.2,90,NNDA,1,NA,NA,NA,NA,NA
558,Criniger calurus,Red-tailed Greenbul,1274108.819,NA,NA,NA,Passeriformes,Pycnonotidae (Bulbuls),6352,568954,54317715,FALSE,FALSE,Criniger calurus,Passeriformes,Pycnonotidae (Bulbuls),6352,568954,54317715,FALSE,FALSE,611,AVIBASE-F8104BC1,Criniger calurus,Criniger calurus,Criniger calurus,1,NHMUK,1911.12.23.1696,M,0,,NA,Equatorial Guinea,NA,22.1,13,5.7,6.3,20.5,88,11.1,76.9,12.6,78,PW,1,NA,NA,NA,NA,NA
559,Criniger calurus,Red-tailed Greenbul,1274108.819,NA,NA,NA,Passeriformes,Pycnonotidae (Bulbuls),6352,568954,54317715,FALSE,FALSE,Criniger calurus,Passeriformes,Pycnonotidae (Bulbuls),6352,568954,54317715,FALSE,FALSE,621,AVIBASE-F8104BC1,Criniger calurus,Criniger calurus,Criniger calurus,2,Field1,NA,U,0,,NA,Equatorial Guinea,NA,NA,NA,NA,NA,NA,82,NA,NA,NA,49,AKW,0,NA,NA,NA,NA,NA
560,Criniger calurus,Red-tailed Greenbul,1274108.819,NA,NA,NA,Passeriformes,Pycnonotidae (Bulbuls),6352,568954,54317715,FALSE,FALSE,Criniger calurus,Passeriformes,Pycnonotidae (Bulbuls),6352,568954,54317715,FALSE,FALSE,614,AVIBASE-F8104BC1,Criniger calurus,Criniger calurus,Criniger calurus,1,NHMUK,1966.16.840,M,0,,NA,Cameroon,NA,22.7,13.6,6.2,6.6,22.4,86,10.6,75.4,12.3,81,PW,1,NA,NA,NA,NA,NA
561,Criniger calurus,Red-tailed Greenbul,1274108.819,NA,NA,NA,Passeriformes,Pycnonotidae (Bulbuls),6352,568954,54317715,FALSE,FALSE,Criniger calurus,Passeriformes,Pycnonotidae (Bulbuls),6352,568954,54317715,FALSE,FALSE,610,AVIBASE-F8104BC1,Criniger calurus,Criniger calurus,Criniger calurus,1,NHMUK,1911.12.23.1695,M,0,,NA,Equatorial Guinea,NA,21.5,13.8,6,6.3,20.5,91,10.1,80.9,11.1,75,PW,1,NA,NA,NA,NA,NA
562,Criniger calurus,Red-tailed Greenbul,1274108.819,NA,NA,NA,Passeriformes,Pycnonotidae (Bulbuls),6352,568954,54317715,FALSE,FALSE,Criniger calurus,Passeriformes,Pycnonotidae (Bulbuls),6352,568954,54317715,FALSE,FALSE,619,AVIBASE-F8104BC1,Criniger calurus,Criniger calurus,Criniger calurus,2,Field1,NA,F,0,,NA,Equatorial Guinea,NA,NA,NA,NA,NA,NA,82,NA,NA,NA,75,KEB,0,NA,NA,NA,NA,NA
563,Criniger calurus,Red-tailed Greenbul,1274108.819,NA,NA,NA,Passeriformes,Pycnonotidae (Bulbuls),6352,568954,54317715,FALSE,FALSE,Criniger calurus,Passeriformes,Pycnonotidae (Bulbuls),6352,568954,54317715,FALSE,FALSE,617,AVIBASE-F8104BC1,Criniger calurus,Criniger calurus,Criniger calurus,1,NHMUK,1966.16.857,F,0,,NA,Nigeria,NA,20.2,12.6,5.3,5.4,20.4,81,7.9,73.1,9.8,81,CS,1,NA,NA,NA,NA,NA
564,Criniger calurus,Red-tailed Greenbul,1274108.819,NA,NA,NA,Passeriformes,Pycnonotidae (Bulbuls),6352,568954,54317715,FALSE,FALSE,Criniger calurus,Passeriformes,Pycnonotidae (Bulbuls),6352,568954,54317715,FALSE,FALSE,616,AVIBASE-F8104BC1,Criniger calurus,Criniger calurus,Criniger calurus,1,NHMUK,1966.16.853,M,0,,NA,Nigeria,NA,20.8,13.3,4.7,5.8,19.6,87,8.9,78.1,10.2,88,CS,1,NA,NA,NA,NA,NA
565,Criniger calurus,Red-tailed Greenbul,1274108.819,NA,NA,NA,Passeriformes,Pycnonotidae (Bulbuls),6352,568954,54317715,FALSE,FALSE,Criniger calurus,Passeriformes,Pycnonotidae (Bulbuls),6352,568954,54317715,FALSE,FALSE,613,AVIBASE-F8104BC1,Criniger calurus,Criniger calurus,Criniger calurus,1,NHMUK,1936.2.21.287,M,0,,NA,Equatorial Guinea,NA,22.9,13.7,6.4,5.9,21.4,90,12.1,77.9,13.4,77,PW,1,NA,NA,NA,NA,NA
566,Criniger calurus,Red-tailed Greenbul,1274108.819,NA,NA,NA,Passeriformes,Pycnonotidae (Bulbuls),6352,568954,54317715,FALSE,FALSE,Criniger calurus,Passeriformes,Pycnonotidae (Bulbuls),6352,568954,54317715,FALSE,FALSE,612,AVIBASE-F8104BC1,Criniger calurus,Criniger calurus,Criniger calurus,1,NHMUK,1930.1.10.12,M,0,,NA,Equatorial Guinea,NA,21.8,13.2,6.4,6.1,21.2,85,11,74,12.9,71,PW,1,NA,NA,NA,NA,NA
567,Criniger calurus,Red-tailed Greenbul,1274108.819,NA,NA,NA,Passeriformes,Pycnonotidae (Bulbuls),6352,568954,54317715,FALSE,FALSE,Criniger calurus,Passeriformes,Pycnonotidae (Bulbuls),6352,568954,54317715,FALSE,FALSE,622,AVIBASE-F8104BC1,Criniger calurus,Criniger calurus,Criniger calurus,2,Field1,NA,U,0,,NA,Equatorial Guinea,NA,NA,NA,NA,NA,NA,100,NA,NA,NA,99,SEM,0,NA,NA,NA,NA,NA
568,Criniger calurus,Red-tailed Greenbul,1274108.819,NA,NA,NA,Passeriformes,Pycnonotidae (Bulbuls),6352,568954,54317715,FALSE,FALSE,Criniger calurus,Passeriformes,Pycnonotidae (Bulbuls),6352,568954,54317715,FALSE,FALSE,618,AVIBASE-F8104BC1,Criniger calurus,Criniger calurus,Criniger calurus,1,NHMUK,1966.16.865,F,0,,NA,Nigeria,NA,21.5,13.3,5.2,5.6,19.3,83,8.4,74.6,10.1,93,CS,1,NA,NA,NA,NA,NA
569,Criniger calurus,Red-tailed Greenbul,1274108.819,NA,NA,NA,Passeriformes,Pycnonotidae (Bulbuls),6352,568954,54317715,FALSE,FALSE,Criniger calurus,Passeriformes,Pycnonotidae (Bulbuls),6352,568954,54317715,FALSE,FALSE,615,AVIBASE-F8104BC1,Criniger calurus,Criniger calurus,Criniger calurus,1,NHMUK,1966.16.847,M,0,,NA,Nigeria,NA,22.9,14.6,5.6,6.4,20.5,86,8,78,9.3,81,CS,1,NA,NA,NA,NA,NA
570,Criniger chloronotus,Eastern Bearded-Greenbul,465234.6848,NA,NA,NA,Passeriformes,Pycnonotidae (Bulbuls),2484,242246,23298352,TRUE,FALSE,Criniger chloronotus,Passeriformes,Pycnonotidae (Bulbuls),2484,242246,23298352,TRUE,FALSE,633,AVIBASE-8A90BC6D,Criniger chloronotus,Criniger chloronotus,Criniger chloronotus,2,Field1,NA,U,0,,NA,Equatorial Guinea,NA,NA,NA,NA,NA,NA,95,NA,NA,NA,91,SAL,0,NA,NA,NA,NA,NA
571,Criniger chloronotus,Eastern Bearded-Greenbul,465234.6848,NA,NA,NA,Passeriformes,Pycnonotidae (Bulbuls),2484,242246,23298352,TRUE,FALSE,Criniger chloronotus,Passeriformes,Pycnonotidae (Bulbuls),2484,242246,23298352,TRUE,FALSE,625,AVIBASE-8A90BC6D,Criniger chloronotus,Criniger chloronotus,Criniger chloronotus,1,NHMUK,1901.4.24.11,F,0,,NA,Equatorial Guinea,NA,21.5,11.6,5.2,6.4,23.9,93,12.9,80.1,13.9,91,CS,1,NA,NA,NA,NA,NA
572,Criniger chloronotus,Eastern Bearded-Greenbul,465234.6848,NA,NA,NA,Passeriformes,Pycnonotidae (Bulbuls),2484,242246,23298352,TRUE,FALSE,Criniger chloronotus,Passeriformes,Pycnonotidae (Bulbuls),2484,242246,23298352,TRUE,FALSE,631,AVIBASE-8A90BC6D,Criniger chloronotus,Criniger chloronotus,Criniger chloronotus,2,Field1,NA,U,0,,NA,Equatorial Guinea,NA,NA,NA,NA,NA,NA,97,NA,NA,NA,NA,MEB,0,NA,NA,NA,NA,NA
573,Criniger chloronotus,Eastern Bearded-Greenbul,465234.6848,NA,NA,NA,Passeriformes,Pycnonotidae (Bulbuls),2484,242246,23298352,TRUE,FALSE,Criniger chloronotus,Passeriformes,Pycnonotidae (Bulbuls),2484,242246,23298352,TRUE,FALSE,629,AVIBASE-8A90BC6D,Criniger chloronotus,Criniger chloronotus,Criniger chloronotus,2,Field1,NA,U,0,,NA,Equatorial Guinea,NA,NA,NA,NA,NA,NA,104,NA,NA,NA,93,JDW,0,NA,NA,NA,NA,NA
574,Criniger chloronotus,Eastern Bearded-Greenbul,465234.6848,NA,NA,NA,Passeriformes,Pycnonotidae (Bulbuls),2484,242246,23298352,TRUE,FALSE,Criniger chloronotus,Passeriformes,Pycnonotidae (Bulbuls),2484,242246,23298352,TRUE,FALSE,627,AVIBASE-8A90BC6D,Criniger chloronotus,Criniger chloronotus,Criniger chloronotus,1,NHMUK,1966.16.1668,F,0,,NA,Cameroon,NA,22.2,13.4,5.1,6.1,23.2,91,12.6,78.4,13.8,90,CS,1,NA,NA,NA,NA,NA
575,Criniger chloronotus,Eastern Bearded-Greenbul,465234.6848,NA,NA,NA,Passeriformes,Pycnonotidae (Bulbuls),2484,242246,23298352,TRUE,FALSE,Criniger chloronotus,Passeriformes,Pycnonotidae (Bulbuls),2484,242246,23298352,TRUE,FALSE,626,AVIBASE-8A90BC6D,Criniger chloronotus,Criniger chloronotus,Criniger chloronotus,1,NHMUK,1911.12.23.1680,M,0,,NA,Democratic Republic of the Congo,NA,22.3,12.8,4.8,6.6,24.7,105,14.8,90.2,14.1,96,CS,1,NA,NA,NA,NA,NA
576,Criniger chloronotus,Eastern Bearded-Greenbul,465234.6848,NA,NA,NA,Passeriformes,Pycnonotidae (Bulbuls),2484,242246,23298352,TRUE,FALSE,Criniger chloronotus,Passeriformes,Pycnonotidae (Bulbuls),2484,242246,23298352,TRUE,FALSE,628,AVIBASE-8A90BC6D,Criniger chloronotus,Criniger chloronotus,Criniger chloronotus,1,NHMUK,95.5.1.675,M,0,,NA,Republic of Congo,NA,21.5,12.4,5.4,6.9,23.1,111,15.4,95.6,13.9,97,CS,1,NA,NA,NA,NA,NA
577,Criniger chloronotus,Eastern Bearded-Greenbul,465234.6848,NA,NA,NA,Passeriformes,Pycnonotidae (Bulbuls),2484,242246,23298352,TRUE,FALSE,Criniger chloronotus,Passeriformes,Pycnonotidae (Bulbuls),2484,242246,23298352,TRUE,FALSE,632,AVIBASE-8A90BC6D,Criniger chloronotus,Criniger chloronotus,Criniger chloronotus,2,Field1,NA,U,0,,NA,Equatorial Guinea,NA,NA,NA,NA,NA,NA,96,NA,NA,NA,87,AKW,0,NA,NA,NA,NA,NA
578,Criniger chloronotus,Eastern Bearded-Greenbul,465234.6848,NA,NA,NA,Passeriformes,Pycnonotidae (Bulbuls),2484,242246,23298352,TRUE,FALSE,Criniger chloronotus,Passeriformes,Pycnonotidae (Bulbuls),2484,242246,23298352,TRUE,FALSE,634,AVIBASE-8A90BC6D,Criniger chloronotus,Criniger chloronotus,Criniger chloronotus,2,Field1,NA,U,0,,NA,Equatorial Guinea,NA,NA,NA,NA,NA,NA,105,NA,NA,NA,64,PFR,0,NA,NA,NA,NA,NA
579,Criniger chloronotus,Eastern Bearded-Greenbul,465234.6848,NA,NA,NA,Passeriformes,Pycnonotidae (Bulbuls),2484,242246,23298352,TRUE,FALSE,Criniger chloronotus,Passeriformes,Pycnonotidae (Bulbuls),2484,242246,23298352,TRUE,FALSE,630,AVIBASE-8A90BC6D,Criniger chloronotus,Criniger chloronotus,Criniger chloronotus,2,Field1,NA,U,0,,NA,Equatorial Guinea,NA,NA,NA,NA,NA,NA,101,NA,NA,NA,92,JDW,0,NA,NA,NA,NA,NA
580,Criniger ndussumensis,White-bearded Greenbul,562014.6161,NA,NA,NA,Passeriformes,Pycnonotidae (Bulbuls),3877,344484,31165524,TRUE,FALSE,Criniger ndussumensis,Passeriformes,Pycnonotidae (Bulbuls),3877,344484,31165524,TRUE,FALSE,637,AVIBASE-6A110710,Criniger ndussumensis,Criniger ndussumensis,Criniger ndussumensis,1,NHMUK,1966.16.803,M,0,,NA,Cameroon,NA,18.4,11,4,5,20.6,86,11.7,74.3,13.6,76,CS,1,NA,NA,NA,NA,NA
581,Criniger ndussumensis,White-bearded Greenbul,562014.6161,NA,NA,NA,Passeriformes,Pycnonotidae (Bulbuls),3877,344484,31165524,TRUE,FALSE,Criniger ndussumensis,Passeriformes,Pycnonotidae (Bulbuls),3877,344484,31165524,TRUE,FALSE,639,AVIBASE-6A110710,Criniger ndussumensis,Criniger ndussumensis,Criniger ndussumensis,2,Field1,NA,U,0,,NA,Equatorial Guinea,NA,NA,NA,NA,NA,NA,82,NA,NA,NA,73,MEB,0,NA,NA,NA,NA,NA
582,Criniger ndussumensis,White-bearded Greenbul,562014.6161,NA,NA,NA,Passeriformes,Pycnonotidae (Bulbuls),3877,344484,31165524,TRUE,FALSE,Criniger ndussumensis,Passeriformes,Pycnonotidae (Bulbuls),3877,344484,31165524,TRUE,FALSE,638,AVIBASE-6A110710,Criniger ndussumensis,Criniger ndussumensis,Criniger ndussumensis,1,NHMUK,1966.16.805,F,0,,NA,Cameroon,NA,18.8,10.7,3.9,4.9,19,82,10.5,71.5,12.8,74,CS,1,NA,NA,NA,NA,NA
583,Criniger ndussumensis,White-bearded Greenbul,562014.6161,NA,NA,NA,Passeriformes,Pycnonotidae (Bulbuls),3877,344484,31165524,TRUE,FALSE,Criniger ndussumensis,Passeriformes,Pycnonotidae (Bulbuls),3877,344484,31165524,TRUE,FALSE,636,AVIBASE-6A110710,Criniger ndussumensis,Criniger ndussumensis,Criniger ndussumensis,1,NHMUK,1966.16.802,M,0,,NA,Cameroon,NA,19.1,11.9,3.6,5.3,18.7,90,10.5,79.5,11.7,82,CS,1,NA,NA,NA,NA,NA
584,Criniger ndussumensis,White-bearded Greenbul,562014.6161,NA,NA,NA,Passeriformes,Pycnonotidae (Bulbuls),3877,344484,31165524,TRUE,FALSE,Criniger ndussumensis,Passeriformes,Pycnonotidae (Bulbuls),3877,344484,31165524,TRUE,FALSE,641,AVIBASE-6A110710,Criniger ndussumensis,Criniger ndussumensis,Criniger ndussumensis,1,NHMUK,1919.10.12.167,M,0,,NA,NA,NA,18.2,NA,3.7,5,19.2,87,NA,NA,NA,80,GT,0,NA,NA,NA,NA,NA
585,Criniger ndussumensis,White-bearded Greenbul,562014.6161,NA,NA,NA,Passeriformes,Pycnonotidae (Bulbuls),3877,344484,31165524,TRUE,FALSE,Criniger ndussumensis,Passeriformes,Pycnonotidae (Bulbuls),3877,344484,31165524,TRUE,FALSE,640,AVIBASE-6A110710,Criniger ndussumensis,Criniger ndussumensis,Criniger ndussumensis,2,Field1,NA,U,0,,NA,Equatorial Guinea,NA,NA,NA,NA,NA,NA,95,NA,NA,NA,84,HP,0,NA,NA,NA,NA,NA
586,Criniger ndussumensis,White-bearded Greenbul,562014.6161,NA,NA,NA,Passeriformes,Pycnonotidae (Bulbuls),3877,344484,31165524,TRUE,FALSE,Criniger ndussumensis,Passeriformes,Pycnonotidae (Bulbuls),3877,344484,31165524,TRUE,FALSE,635,AVIBASE-6A110710,Criniger ndussumensis,Criniger ndussumensis,Criniger ndussumensis,1,NHMUK,1966.16.801,F,0,,NA,Nigeria,NA,18.1,10.9,4,5,21.1,84,10.8,73.2,12.9,78,CS,1,NA,NA,NA,NA,NA
587,Criniger olivaceus,Yellow-bearded Greenbul,92317.98618,NA,NA,NA,Passeriformes,Pycnonotidae (Bulbuls),454,40628,3746596,TRUE,FALSE,Criniger olivaceus,Passeriformes,Pycnonotidae (Bulbuls),454,40628,3746596,TRUE,FALSE,646,AVIBASE-439C4BC9,Criniger olivaceus,Criniger olivaceus,Criniger olivaceus,1,NHMUK,1930.12.17.44,F,0,,NA,NA,NA,18.6,NA,4.2,4.6,21.3,85,NA,NA,NA,72,GT,0,NA,NA,NA,NA,NA
588,Criniger olivaceus,Yellow-bearded Greenbul,92317.98618,NA,NA,NA,Passeriformes,Pycnonotidae (Bulbuls),454,40628,3746596,TRUE,FALSE,Criniger olivaceus,Passeriformes,Pycnonotidae (Bulbuls),454,40628,3746596,TRUE,FALSE,643,AVIBASE-439C4BC9,Criniger olivaceus,Criniger olivaceus,Criniger olivaceus,1,NHMUK,1977.20.1273,M,0,,NA,Liberia,NA,17.8,10.8,3.5,5.2,21.3,90,10.7,79.3,11.9,85,CS,1,NA,NA,NA,NA,NA
589,Criniger olivaceus,Yellow-bearded Greenbul,92317.98618,NA,NA,NA,Passeriformes,Pycnonotidae (Bulbuls),454,40628,3746596,TRUE,FALSE,Criniger olivaceus,Passeriformes,Pycnonotidae (Bulbuls),454,40628,3746596,TRUE,FALSE,645,AVIBASE-439C4BC9,Criniger olivaceus,Criniger olivaceus,Criniger olivaceus,1,NHMUK,1977.20.1280,F,0,,NA,Liberia,NA,17.8,9.5,3.3,4.8,20.6,84,10.7,73.3,12.7,75,CS,1,NA,NA,NA,NA,NA
590,Criniger olivaceus,Yellow-bearded Greenbul,92317.98618,NA,NA,NA,Passeriformes,Pycnonotidae (Bulbuls),454,40628,3746596,TRUE,FALSE,Criniger olivaceus,Passeriformes,Pycnonotidae (Bulbuls),454,40628,3746596,TRUE,FALSE,644,AVIBASE-439C4BC9,Criniger olivaceus,Criniger olivaceus,Criniger olivaceus,1,NHMUK,1977.20.1279,F,0,,NA,Liberia,NA,18.5,10.7,3.7,5.2,21.5,81,10.5,70.5,13,85,CS,1,NA,NA,NA,NA,NA
591,Criniger olivaceus,Yellow-bearded Greenbul,92317.98618,NA,NA,NA,Passeriformes,Pycnonotidae (Bulbuls),454,40628,3746596,TRUE,FALSE,Criniger olivaceus,Passeriformes,Pycnonotidae (Bulbuls),454,40628,3746596,TRUE,FALSE,642,AVIBASE-439C4BC9,Criniger olivaceus,Criniger olivaceus,Criniger olivaceus,1,NHMUK,1977.20.1272,M,0,,NA,Liberia,NA,18,10.2,4.1,5.1,21.8,88,10.8,77.2,12.3,86,CS,1,NA,NA,NA,NA,NA
592,Eurillas ansorgei,Ansorge's Greenbul,717559.8675,NA,NA,NA,Passeriformes,Pycnonotidae (Bulbuls),8539,869095,72591549,TRUE,FALSE,Eurillas ansorgei,Passeriformes,Pycnonotidae (Bulbuls),8539,869095,72591549,TRUE,FALSE,657,AVIBASE-0EA5F2E1,Eurillas ansorgei,Eurillas ansorgei,Andropadus ansorgei,2,Field1,NA,U,0,,NA,Equatorial Guinea,NA,NA,NA,NA,NA,NA,76,NA,NA,NA,70,JDW,0,NA,NA,NA,NA,NA
593,Eurillas ansorgei,Ansorge's Greenbul,717559.8675,NA,NA,NA,Passeriformes,Pycnonotidae (Bulbuls),8539,869095,72591549,TRUE,FALSE,Eurillas ansorgei,Passeriformes,Pycnonotidae (Bulbuls),8539,869095,72591549,TRUE,FALSE,655,AVIBASE-0EA5F2E1,Eurillas ansorgei,Eurillas ansorgei,Andropadus ansorgei,1,NHMUK,1966.16.1035,F,0,,NA,Nigeria,NA,13.7,8.3,3.7,4,14.9,70,11.3,58.7,16.1,60,CV,1,NA,NA,NA,NA,NA
594,Eurillas ansorgei,Ansorge's Greenbul,717559.8675,NA,NA,NA,Passeriformes,Pycnonotidae (Bulbuls),8539,869095,72591549,TRUE,FALSE,Eurillas ansorgei,Passeriformes,Pycnonotidae (Bulbuls),8539,869095,72591549,TRUE,FALSE,653,AVIBASE-0EA5F2E1,Eurillas ansorgei,Eurillas ansorgei,Andropadus ansorgei,1,NHMUK,1966.16.1028,F,0,,NA,Nigeria,NA,12.8,7.8,3.8,3.7,15.5,70,9.3,60.7,13.3,63,CV,1,NA,NA,NA,NA,NA
595,Eurillas ansorgei,Ansorge's Greenbul,717559.8675,NA,NA,NA,Passeriformes,Pycnonotidae (Bulbuls),8539,869095,72591549,TRUE,FALSE,Eurillas ansorgei,Passeriformes,Pycnonotidae (Bulbuls),8539,869095,72591549,TRUE,FALSE,654,AVIBASE-0EA5F2E1,Eurillas ansorgei,Eurillas ansorgei,Andropadus ansorgei,1,NHMUK,1966.16.1029,M,0,,NA,Nigeria,NA,14.7,8.1,3.2,3.7,15.2,76,11.2,64.8,14.7,61,CV,1,NA,NA,NA,NA,NA
596,Eurillas ansorgei,Ansorge's Greenbul,717559.8675,NA,NA,NA,Passeriformes,Pycnonotidae (Bulbuls),8539,869095,72591549,TRUE,FALSE,Eurillas ansorgei,Passeriformes,Pycnonotidae (Bulbuls),8539,869095,72591549,TRUE,FALSE,658,AVIBASE-0EA5F2E1,Eurillas ansorgei,Eurillas ansorgei,Andropadus ansorgei,1,NHMUK,1950.9.24,M,0,,NA,NA,NA,15.2,NA,3,4,17.7,67,NA,NA,NA,64,GT,0,NA,NA,NA,NA,NA
597,Eurillas ansorgei,Ansorge's Greenbul,717559.8675,NA,NA,NA,Passeriformes,Pycnonotidae (Bulbuls),8539,869095,72591549,TRUE,FALSE,Eurillas ansorgei,Passeriformes,Pycnonotidae (Bulbuls),8539,869095,72591549,TRUE,FALSE,656,AVIBASE-0EA5F2E1,Eurillas ansorgei,Eurillas ansorgei,Andropadus ansorgei,1,NHMUK,1977.20.985,M,0,,NA,Liberia,NA,13.1,7.4,3.6,3.7,16.1,72,13.4,58.6,18.6,69,CV,1,NA,NA,NA,NA,NA
598,Eurillas curvirostris,Plain Greenbul,1352374.244,NA,NA,NA,Passeriformes,Pycnonotidae (Bulbuls),8010,755544,68509380,TRUE,FALSE,Eurillas curvirostris,Passeriformes,Pycnonotidae (Bulbuls),8010,755544,68509380,TRUE,FALSE,668,AVIBASE-0B325B7F,Eurillas curvirostris,Eurillas curvirostris,Andropadus curvirostris,2,Field1,NA,U,0,,NA,Equatorial Guinea,NA,NA,NA,NA,NA,NA,76,NA,NA,NA,NA,HP,0,NA,NA,NA,NA,NA
599,Eurillas curvirostris,Plain Greenbul,1352374.244,NA,NA,NA,Passeriformes,Pycnonotidae (Bulbuls),8010,755544,68509380,TRUE,FALSE,Eurillas curvirostris,Passeriformes,Pycnonotidae (Bulbuls),8010,755544,68509380,TRUE,FALSE,672,AVIBASE-0B325B7F,Eurillas curvirostris,Eurillas curvirostris,Andropadus curvirostris,2,Field1,NA,U,0,,NA,Ghana,NA,14.7,9.3,5.2,3.9,18,79,7.8,71.2,9.9,73,NNDA,1,NA,NA,NA,NA,NA
600,Eurillas curvirostris,Plain Greenbul,1352374.244,NA,NA,NA,Passeriformes,Pycnonotidae (Bulbuls),8010,755544,68509380,TRUE,FALSE,Eurillas curvirostris,Passeriformes,Pycnonotidae (Bulbuls),8010,755544,68509380,TRUE,FALSE,667,AVIBASE-0B325B7F,Eurillas curvirostris,Eurillas curvirostris,Andropadus curvirostris,2,Field1,NA,M,0,,NA,Equatorial Guinea,NA,NA,NA,NA,NA,NA,74,NA,NA,NA,72,JHW,0,NA,NA,NA,NA,NA
601,Eurillas curvirostris,Plain Greenbul,1352374.244,NA,NA,NA,Passeriformes,Pycnonotidae (Bulbuls),8010,755544,68509380,TRUE,FALSE,Eurillas curvirostris,Passeriformes,Pycnonotidae (Bulbuls),8010,755544,68509380,TRUE,FALSE,659,AVIBASE-0B325B7F,Eurillas curvirostris,Eurillas curvirostris,Andropadus curvirostris,1,ZFMK,1961-1283,F,0,,NA,Cameroon,NA,17.7,NA,NA,NA,17.7,73,10,63,13.7,66,LN,0,NA,NA,NA,NA,NA
602,Eurillas curvirostris,Plain Greenbul,1352374.244,NA,NA,NA,Passeriformes,Pycnonotidae (Bulbuls),8010,755544,68509380,TRUE,FALSE,Eurillas curvirostris,Passeriformes,Pycnonotidae (Bulbuls),8010,755544,68509380,TRUE,FALSE,662,AVIBASE-0B325B7F,Eurillas curvirostris,Eurillas curvirostris,Andropadus curvirostris,1,ZFMK,1963-996,M,0,,NA,Equatorial Guinea,NA,18.9,NA,NA,NA,18.5,76,10.1,66,13.3,69,DH,0,NA,NA,NA,NA,NA
603,Eurillas curvirostris,Plain Greenbul,1352374.244,NA,NA,NA,Passeriformes,Pycnonotidae (Bulbuls),8010,755544,68509380,TRUE,FALSE,Eurillas curvirostris,Passeriformes,Pycnonotidae (Bulbuls),8010,755544,68509380,TRUE,FALSE,670,AVIBASE-0B325B7F,Eurillas curvirostris,Eurillas curvirostris,Andropadus curvirostris,2,Field1,NA,U,0,,NA,Ghana,NA,14.5,9.2,4.9,3.8,20.9,75.5,6,69.5,7.9,73,NNDA,1,NA,NA,NA,NA,NA
604,Eurillas curvirostris,Plain Greenbul,1352374.244,NA,NA,NA,Passeriformes,Pycnonotidae (Bulbuls),8010,755544,68509380,TRUE,FALSE,Eurillas curvirostris,Passeriformes,Pycnonotidae (Bulbuls),8010,755544,68509380,TRUE,FALSE,669,AVIBASE-0B325B7F,Eurillas curvirostris,Eurillas curvirostris,Andropadus curvirostris,2,Field1,NA,U,0,,NA,Ghana,NA,16,9.3,5.2,4,22.1,75,10,65,13.3,69,NNDA,1,NA,NA,NA,NA,NA
605,Eurillas curvirostris,Plain Greenbul,1352374.244,NA,NA,NA,Passeriformes,Pycnonotidae (Bulbuls),8010,755544,68509380,TRUE,FALSE,Eurillas curvirostris,Passeriformes,Pycnonotidae (Bulbuls),8010,755544,68509380,TRUE,FALSE,664,AVIBASE-0B325B7F,Eurillas curvirostris,Eurillas curvirostris,Andropadus curvirostris,1,NHMUK,1966.16.1004,M,0,,NA,Cameroon,NA,14.8,9.2,3.5,3.7,17.2,75,12.3,62.7,16.4,68,CV,1,NA,NA,NA,NA,NA
606,Eurillas curvirostris,Plain Greenbul,1352374.244,NA,NA,NA,Passeriformes,Pycnonotidae (Bulbuls),8010,755544,68509380,TRUE,FALSE,Eurillas curvirostris,Passeriformes,Pycnonotidae (Bulbuls),8010,755544,68509380,TRUE,FALSE,673,AVIBASE-0B325B7F,Eurillas curvirostris,Eurillas curvirostris,Andropadus curvirostris,1,NHMUK,1904.7.18.116,M,0,,NA,NA,NA,17.1,NA,4.2,4.3,17.9,75,NA,NA,NA,75,GT,0,NA,NA,NA,NA,NA
607,Eurillas curvirostris,Plain Greenbul,1352374.244,NA,NA,NA,Passeriformes,Pycnonotidae (Bulbuls),8010,755544,68509380,TRUE,FALSE,Eurillas curvirostris,Passeriformes,Pycnonotidae (Bulbuls),8010,755544,68509380,TRUE,FALSE,671,AVIBASE-0B325B7F,Eurillas curvirostris,Eurillas curvirostris,Andropadus curvirostris,2,Field1,NA,U,0,,NA,Ghana,NA,16,10,4.7,4.6,17.7,NA,NA,NA,NA,69,NNDA,1,NA,NA,NA,NA,NA
608,Eurillas curvirostris,Plain Greenbul,1352374.244,NA,NA,NA,Passeriformes,Pycnonotidae (Bulbuls),8010,755544,68509380,TRUE,FALSE,Eurillas curvirostris,Passeriformes,Pycnonotidae (Bulbuls),8010,755544,68509380,TRUE,FALSE,666,AVIBASE-0B325B7F,Eurillas curvirostris,Eurillas curvirostris,Andropadus curvirostris,1,NHMUK,1966.16.985,M,0,,NA,Cameroon,NA,16.5,9.4,3.8,3.8,16.9,80,13.1,66.9,16.4,76,CV,1,NA,NA,NA,NA,NA
609,Eurillas curvirostris,Plain Greenbul,1352374.244,NA,NA,NA,Passeriformes,Pycnonotidae (Bulbuls),8010,755544,68509380,TRUE,FALSE,Eurillas curvirostris,Passeriformes,Pycnonotidae (Bulbuls),8010,755544,68509380,TRUE,FALSE,661,AVIBASE-0B325B7F,Eurillas curvirostris,Eurillas curvirostris,Andropadus curvirostris,1,ZFMK,1963-1001,F,0,,NA,Equatorial Guinea,NA,15.4,NA,NA,NA,19.4,78.5,12,66.5,15.3,68,LN,0,NA,NA,NA,NA,NA
610,Eurillas curvirostris,Plain Greenbul,1352374.244,NA,NA,NA,Passeriformes,Pycnonotidae (Bulbuls),8010,755544,68509380,TRUE,FALSE,Eurillas curvirostris,Passeriformes,Pycnonotidae (Bulbuls),8010,755544,68509380,TRUE,FALSE,660,AVIBASE-0B325B7F,Eurillas curvirostris,Eurillas curvirostris,Andropadus curvirostris,1,ZFMK,1961-2855,M,0,,NA,Democratic Republic of the Congo,NA,18,NA,NA,NA,18,78.5,11,67.5,14,65,DH,0,NA,NA,NA,NA,NA
611,Eurillas curvirostris,Plain Greenbul,1352374.244,NA,NA,NA,Passeriformes,Pycnonotidae (Bulbuls),8010,755544,68509380,TRUE,FALSE,Eurillas curvirostris,Passeriformes,Pycnonotidae (Bulbuls),8010,755544,68509380,TRUE,FALSE,663,AVIBASE-0B325B7F,Eurillas curvirostris,Eurillas curvirostris,Andropadus curvirostris,1,NHMUK,1966.16.1003,F,0,,NA,Cameroon,NA,15.5,9.6,3.7,3.5,15.8,76,8.9,67.1,11.7,72,CV,1,NA,NA,NA,NA,NA
612,Eurillas curvirostris,Plain Greenbul,1352374.244,NA,NA,NA,Passeriformes,Pycnonotidae (Bulbuls),8010,755544,68509380,TRUE,FALSE,Eurillas curvirostris,Passeriformes,Pycnonotidae (Bulbuls),8010,755544,68509380,TRUE,FALSE,665,AVIBASE-0B325B7F,Eurillas curvirostris,Eurillas curvirostris,Andropadus curvirostris,1,NHMUK,1966.16.972,F,0,,NA,Cameroon,NA,15,8.1,3.8,4,17.2,76,9.3,66.7,12.2,72,CV,1,NA,NA,NA,NA,NA
613,Eurillas gracilis,Gray Greenbul,1371472.148,NA,NA,NA,Passeriformes,Pycnonotidae (Bulbuls),2207,199462,18023877,FALSE,FALSE,Eurillas gracilis,Passeriformes,Pycnonotidae (Bulbuls),2207,199462,18023877,FALSE,FALSE,676,AVIBASE-486103D7,Eurillas gracilis,Eurillas gracilis,Andropadus gracilis,1,NHMUK,1966.16.1087,F,0,,NA,Nigeria,NA,13.8,7.8,3.3,3.5,15.4,69,8.1,60.9,11.7,61,CV,1,NA,NA,NA,NA,NA
614,Eurillas gracilis,Gray Greenbul,1371472.148,NA,NA,NA,Passeriformes,Pycnonotidae (Bulbuls),2207,199462,18023877,FALSE,FALSE,Eurillas gracilis,Passeriformes,Pycnonotidae (Bulbuls),2207,199462,18023877,FALSE,FALSE,674,AVIBASE-486103D7,Eurillas gracilis,Eurillas gracilis,Andropadus gracilis,1,NHMUK,1966.16.1083,F,0,,NA,Nigeria,NA,14.5,8.7,3.3,3.7,17,68,10.7,57.3,15.7,61,CV,1,NA,NA,NA,NA,NA
615,Eurillas gracilis,Gray Greenbul,1371472.148,NA,NA,NA,Passeriformes,Pycnonotidae (Bulbuls),2207,199462,18023877,FALSE,FALSE,Eurillas gracilis,Passeriformes,Pycnonotidae (Bulbuls),2207,199462,18023877,FALSE,FALSE,682,AVIBASE-486103D7,Eurillas gracilis,Eurillas gracilis,Andropadus gracilis,2,Field1,NA,U,0,,NA,Ghana,NA,13.8,8.7,4.7,4.7,18.9,69,7,62,10.1,67,NNDA,1,NA,NA,NA,NA,NA
616,Eurillas gracilis,Gray Greenbul,1371472.148,NA,NA,NA,Passeriformes,Pycnonotidae (Bulbuls),2207,199462,18023877,FALSE,FALSE,Eurillas gracilis,Passeriformes,Pycnonotidae (Bulbuls),2207,199462,18023877,FALSE,FALSE,680,AVIBASE-486103D7,Eurillas gracilis,Eurillas gracilis,Andropadus gracilis,2,Field1,NA,U,0,,NA,Equatorial Guinea,NA,NA,NA,NA,NA,NA,74,NA,NA,NA,77,BAK,0,NA,NA,NA,NA,NA
617,Eurillas gracilis,Gray Greenbul,1371472.148,NA,NA,NA,Passeriformes,Pycnonotidae (Bulbuls),2207,199462,18023877,FALSE,FALSE,Eurillas gracilis,Passeriformes,Pycnonotidae (Bulbuls),2207,199462,18023877,FALSE,FALSE,677,AVIBASE-486103D7,Eurillas gracilis,Eurillas gracilis,Andropadus gracilis,1,NHMUK,1966.16.1089,M,0,,NA,Nigeria,NA,13.9,7.5,3.5,3.3,16.3,73,7.6,65.4,10.4,67,CV,1,NA,NA,NA,NA,NA
618,Eurillas gracilis,Gray Greenbul,1371472.148,NA,NA,NA,Passeriformes,Pycnonotidae (Bulbuls),2207,199462,18023877,FALSE,FALSE,Eurillas gracilis,Passeriformes,Pycnonotidae (Bulbuls),2207,199462,18023877,FALSE,FALSE,683,AVIBASE-486103D7,Eurillas gracilis,Eurillas gracilis,Andropadus gracilis,2,Field1,NA,U,0,,NA,Ghana,NA,13.4,8.5,4.5,3.9,18.4,73,8.6,64.4,11.8,63,NNDA,1,NA,NA,NA,NA,NA
619,Eurillas gracilis,Gray Greenbul,1371472.148,NA,NA,NA,Passeriformes,Pycnonotidae (Bulbuls),2207,199462,18023877,FALSE,FALSE,Eurillas gracilis,Passeriformes,Pycnonotidae (Bulbuls),2207,199462,18023877,FALSE,FALSE,675,AVIBASE-486103D7,Eurillas gracilis,Eurillas gracilis,Andropadus gracilis,1,NHMUK,1966.16.1084,M,0,,NA,Nigeria,NA,13.3,7.9,3.3,3.6,15.6,71,9,62,12.7,64,CV,1,NA,NA,NA,NA,NA
620,Eurillas gracilis,Gray Greenbul,1371472.148,NA,NA,NA,Passeriformes,Pycnonotidae (Bulbuls),2207,199462,18023877,FALSE,FALSE,Eurillas gracilis,Passeriformes,Pycnonotidae (Bulbuls),2207,199462,18023877,FALSE,FALSE,684,AVIBASE-486103D7,Eurillas gracilis,Eurillas gracilis,Andropadus gracilis,1,NHMUK,1905.1.24.128,M,0,,NA,NA,NA,15.2,NA,3.4,3.8,19.4,72,NA,NA,NA,66,GT,0,NA,NA,NA,NA,NA
621,Eurillas gracilis,Gray Greenbul,1371472.148,NA,NA,NA,Passeriformes,Pycnonotidae (Bulbuls),2207,199462,18023877,FALSE,FALSE,Eurillas gracilis,Passeriformes,Pycnonotidae (Bulbuls),2207,199462,18023877,FALSE,FALSE,678,AVIBASE-486103D7,Eurillas gracilis,Eurillas gracilis,Andropadus gracilis,2,Field1,NA,U,0,,NA,Equatorial Guinea,NA,NA,NA,NA,NA,NA,71,NA,NA,NA,73,JHW,0,NA,NA,NA,NA,NA
622,Eurillas gracilis,Gray Greenbul,1371472.148,NA,NA,NA,Passeriformes,Pycnonotidae (Bulbuls),2207,199462,18023877,FALSE,FALSE,Eurillas gracilis,Passeriformes,Pycnonotidae (Bulbuls),2207,199462,18023877,FALSE,FALSE,679,AVIBASE-486103D7,Eurillas gracilis,Eurillas gracilis,Andropadus gracilis,2,Field1,NA,U,0,,NA,Equatorial Guinea,NA,NA,NA,NA,NA,NA,76,NA,NA,NA,78,BAK,0,NA,NA,NA,NA,NA
623,Eurillas gracilis,Gray Greenbul,1371472.148,NA,NA,NA,Passeriformes,Pycnonotidae (Bulbuls),2207,199462,18023877,FALSE,FALSE,Eurillas gracilis,Passeriformes,Pycnonotidae (Bulbuls),2207,199462,18023877,FALSE,FALSE,681,AVIBASE-486103D7,Eurillas gracilis,Eurillas gracilis,Andropadus gracilis,2,Field1,NA,U,0,,NA,Ghana,NA,13.5,8.8,4.7,4.1,20.2,76,8.8,67.2,11.6,71,NNDA,1,NA,NA,NA,NA,NA
624,Eurillas latirostris,Yellow-whiskered Greenbul,1421731.938,NA,NA,NA,Passeriformes,Pycnonotidae (Bulbuls),77697,6508367,545151796,TRUE,FALSE,Eurillas latirostris,Passeriformes,Pycnonotidae (Bulbuls),77697,6508367,545151796,TRUE,FALSE,727,AVIBASE-728B225E,Eurillas latirostris,Eurillas latirostris,Andropadus latirostris,2,Field1,NA,U,0,,NA,Equatorial Guinea,NA,NA,NA,NA,NA,NA,75,NA,NA,NA,76,LLP,0,NA,NA,NA,NA,NA
625,Eurillas latirostris,Yellow-whiskered Greenbul,1421731.938,NA,NA,NA,Passeriformes,Pycnonotidae (Bulbuls),77697,6508367,545151796,TRUE,FALSE,Eurillas latirostris,Passeriformes,Pycnonotidae (Bulbuls),77697,6508367,545151796,TRUE,FALSE,1042,AVIBASE-728B225E,Eurillas latirostris,Eurillas latirostris,Andropadus latirostris,2,Field1,NA,U,0,,NA,Equatorial Guinea,NA,NA,NA,NA,NA,NA,84,NA,NA,NA,78,EMB,0,NA,NA,NA,NA,NA
626,Eurillas latirostris,Yellow-whiskered Greenbul,1421731.938,NA,NA,NA,Passeriformes,Pycnonotidae (Bulbuls),77697,6508367,545151796,TRUE,FALSE,Eurillas latirostris,Passeriformes,Pycnonotidae (Bulbuls),77697,6508367,545151796,TRUE,FALSE,1043,AVIBASE-728B225E,Eurillas latirostris,Eurillas latirostris,Andropadus latirostris,2,Field1,NA,U,0,,NA,Equatorial Guinea,NA,NA,NA,NA,NA,NA,75,NA,NA,NA,68,ELK,0,NA,NA,NA,NA,NA
627,Eurillas latirostris,Yellow-whiskered Greenbul,1421731.938,NA,NA,NA,Passeriformes,Pycnonotidae (Bulbuls),77697,6508367,545151796,TRUE,FALSE,Eurillas latirostris,Passeriformes,Pycnonotidae (Bulbuls),77697,6508367,545151796,TRUE,FALSE,724,AVIBASE-728B225E,Eurillas latirostris,Eurillas latirostris,Andropadus latirostris,2,Field1,NA,U,0,,NA,Equatorial Guinea,NA,NA,NA,NA,NA,NA,78,NA,NA,NA,71,LLP,0,NA,NA,NA,NA,NA
628,Eurillas latirostris,Yellow-whiskered Greenbul,1421731.938,NA,NA,NA,Passeriformes,Pycnonotidae (Bulbuls),77697,6508367,545151796,TRUE,FALSE,Eurillas latirostris,Passeriformes,Pycnonotidae (Bulbuls),77697,6508367,545151796,TRUE,FALSE,725,AVIBASE-728B225E,Eurillas latirostris,Eurillas latirostris,Andropadus latirostris,2,Field1,NA,U,0,,NA,Equatorial Guinea,NA,NA,NA,NA,NA,NA,76,NA,NA,NA,71,JDW,0,NA,NA,NA,NA,NA
629,Eurillas latirostris,Yellow-whiskered Greenbul,1421731.938,NA,NA,NA,Passeriformes,Pycnonotidae (Bulbuls),77697,6508367,545151796,TRUE,FALSE,Eurillas latirostris,Passeriformes,Pycnonotidae (Bulbuls),77697,6508367,545151796,TRUE,FALSE,1044,AVIBASE-728B225E,Eurillas latirostris,Eurillas latirostris,Andropadus latirostris,2,Field1,NA,U,0,,NA,Equatorial Guinea,NA,NA,NA,NA,NA,NA,83,NA,NA,NA,76,SAL,0,NA,NA,NA,NA,NA
630,Eurillas latirostris,Yellow-whiskered Greenbul,1421731.938,NA,NA,NA,Passeriformes,Pycnonotidae (Bulbuls),77697,6508367,545151796,TRUE,FALSE,Eurillas latirostris,Passeriformes,Pycnonotidae (Bulbuls),77697,6508367,545151796,TRUE,FALSE,1041,AVIBASE-728B225E,Eurillas latirostris,Eurillas latirostris,Andropadus latirostris,2,Field1,NA,U,0,,NA,Equatorial Guinea,NA,NA,NA,NA,NA,NA,77,NA,NA,NA,75,SAL,0,NA,NA,NA,NA,NA
631,Eurillas latirostris,Yellow-whiskered Greenbul,1421731.938,NA,NA,NA,Passeriformes,Pycnonotidae (Bulbuls),77697,6508367,545151796,TRUE,FALSE,Eurillas latirostris,Passeriformes,Pycnonotidae (Bulbuls),77697,6508367,545151796,TRUE,FALSE,686,AVIBASE-728B225E,Eurillas latirostris,Eurillas latirostris,Andropadus latirostris,1,AMNH,297634,M,0,,NA,Equatorial Guinea,NA,16.8,10.1,4.6,5.7,19.6,81,12,69,14.8,75,CS,1,NA,NA,NA,NA,NA
632,Eurillas latirostris,Yellow-whiskered Greenbul,1421731.938,NA,NA,NA,Passeriformes,Pycnonotidae (Bulbuls),77697,6508367,545151796,TRUE,FALSE,Eurillas latirostris,Passeriformes,Pycnonotidae (Bulbuls),77697,6508367,545151796,TRUE,FALSE,687,AVIBASE-728B225E,Eurillas latirostris,Eurillas latirostris,Andropadus latirostris,1,AMNH,567517,F,0,,NA,Cameroon,NA,15.7,9.3,4.2,4.7,18.7,75,8.2,66.8,10.9,71,CS,1,NA,NA,NA,NA,NA
633,Eurillas latirostris,Yellow-whiskered Greenbul,1421731.938,NA,NA,NA,Passeriformes,Pycnonotidae (Bulbuls),77697,6508367,545151796,TRUE,FALSE,Eurillas latirostris,Passeriformes,Pycnonotidae (Bulbuls),77697,6508367,545151796,TRUE,FALSE,726,AVIBASE-728B225E,Eurillas latirostris,Eurillas latirostris,Andropadus latirostris,2,Field1,NA,U,0,,NA,Equatorial Guinea,NA,NA,NA,NA,NA,NA,80,NA,NA,NA,78,JDW,0,NA,NA,NA,NA,NA
634,Eurillas latirostris,Yellow-whiskered Greenbul,1421731.938,NA,NA,NA,Passeriformes,Pycnonotidae (Bulbuls),77697,6508367,545151796,TRUE,FALSE,Eurillas latirostris,Passeriformes,Pycnonotidae (Bulbuls),77697,6508367,545151796,TRUE,FALSE,685,AVIBASE-728B225E,Eurillas latirostris,Eurillas latirostris,Andropadus latirostris,1,AMNH,297630,M,0,,NA,Equatorial Guinea,NA,17.5,10.4,4.8,5.2,20.5,85,12.1,72.9,14.2,78.5,CS,1,NA,NA,NA,NA,NA
635,Eurillas latirostris,Yellow-whiskered Greenbul,1421731.938,NA,NA,NA,Passeriformes,Pycnonotidae (Bulbuls),77697,6508367,545151796,TRUE,FALSE,Eurillas latirostris,Passeriformes,Pycnonotidae (Bulbuls),77697,6508367,545151796,TRUE,FALSE,1040,AVIBASE-728B225E,Eurillas latirostris,Eurillas latirostris,Andropadus latirostris,2,Field1,NA,U,0,,NA,Equatorial Guinea,NA,NA,NA,NA,NA,NA,80,NA,NA,NA,75,BAK,0,NA,NA,NA,NA,NA
636,Eurillas latirostris,Yellow-whiskered Greenbul,1421731.938,NA,NA,NA,Passeriformes,Pycnonotidae (Bulbuls),77697,6508367,545151796,TRUE,FALSE,Eurillas latirostris,Passeriformes,Pycnonotidae (Bulbuls),77697,6508367,545151796,TRUE,FALSE,717,AVIBASE-728B225E,Eurillas latirostris,Eurillas latirostris,Andropadus latirostris,2,Field1,NA,U,0,,NA,Equatorial Guinea,NA,NA,NA,NA,NA,NA,75,NA,NA,NA,67,MEB,0,NA,NA,NA,NA,NA
637,Eurillas latirostris,Yellow-whiskered Greenbul,1421731.938,NA,NA,NA,Passeriformes,Pycnonotidae (Bulbuls),77697,6508367,545151796,TRUE,FALSE,Eurillas latirostris,Passeriformes,Pycnonotidae (Bulbuls),77697,6508367,545151796,TRUE,FALSE,718,AVIBASE-728B225E,Eurillas latirostris,Eurillas latirostris,Andropadus latirostris,2,Field1,NA,U,0,,NA,Equatorial Guinea,NA,NA,NA,NA,NA,NA,72,NA,NA,NA,66,SAL,0,NA,NA,NA,NA,NA
638,Eurillas latirostris,Yellow-whiskered Greenbul,1421731.938,NA,NA,NA,Passeriformes,Pycnonotidae (Bulbuls),77697,6508367,545151796,TRUE,FALSE,Eurillas latirostris,Passeriformes,Pycnonotidae (Bulbuls),77697,6508367,545151796,TRUE,FALSE,719,AVIBASE-728B225E,Eurillas latirostris,Eurillas latirostris,Andropadus latirostris,2,Field1,NA,U,0,,NA,Equatorial Guinea,NA,NA,NA,NA,NA,NA,85,NA,NA,NA,78,JDW,0,NA,NA,NA,NA,NA
639,Eurillas latirostris,Yellow-whiskered Greenbul,1421731.938,NA,NA,NA,Passeriformes,Pycnonotidae (Bulbuls),77697,6508367,545151796,TRUE,FALSE,Eurillas latirostris,Passeriformes,Pycnonotidae (Bulbuls),77697,6508367,545151796,TRUE,FALSE,720,AVIBASE-728B225E,Eurillas latirostris,Eurillas latirostris,Andropadus latirostris,2,Field1,NA,F,0,,NA,Equatorial Guinea,NA,NA,NA,NA,NA,NA,80,NA,NA,NA,65,CAY,0,NA,NA,NA,NA,NA
640,Eurillas latirostris,Yellow-whiskered Greenbul,1421731.938,NA,NA,NA,Passeriformes,Pycnonotidae (Bulbuls),77697,6508367,545151796,TRUE,FALSE,Eurillas latirostris,Passeriformes,Pycnonotidae (Bulbuls),77697,6508367,545151796,TRUE,FALSE,721,AVIBASE-728B225E,Eurillas latirostris,Eurillas latirostris,Andropadus latirostris,2,Field1,NA,F,0,,NA,Equatorial Guinea,NA,NA,NA,NA,NA,NA,79,NA,NA,NA,75,LLP,0,NA,NA,NA,NA,NA
641,Eurillas latirostris,Yellow-whiskered Greenbul,1421731.938,NA,NA,NA,Passeriformes,Pycnonotidae (Bulbuls),77697,6508367,545151796,TRUE,FALSE,Eurillas latirostris,Passeriformes,Pycnonotidae (Bulbuls),77697,6508367,545151796,TRUE,FALSE,722,AVIBASE-728B225E,Eurillas latirostris,Eurillas latirostris,Andropadus latirostris,2,Field1,NA,U,0,,NA,Equatorial Guinea,NA,NA,NA,NA,NA,NA,79,NA,NA,NA,75,JDW,0,NA,NA,NA,NA,NA
642,Eurillas latirostris,Yellow-whiskered Greenbul,1421731.938,NA,NA,NA,Passeriformes,Pycnonotidae (Bulbuls),77697,6508367,545151796,TRUE,FALSE,Eurillas latirostris,Passeriformes,Pycnonotidae (Bulbuls),77697,6508367,545151796,TRUE,FALSE,723,AVIBASE-728B225E,Eurillas latirostris,Eurillas latirostris,Andropadus latirostris,2,Field1,NA,U,0,,NA,Equatorial Guinea,NA,NA,NA,NA,NA,NA,84,NA,NA,NA,NA,JDW,0,NA,NA,NA,NA,NA
643,Eurillas latirostris,Yellow-whiskered Greenbul,1421731.938,NA,NA,NA,Passeriformes,Pycnonotidae (Bulbuls),77697,6508367,545151796,TRUE,FALSE,Eurillas latirostris,Passeriformes,Pycnonotidae (Bulbuls),77697,6508367,545151796,TRUE,FALSE,1088,AVIBASE-728B225E,Eurillas latirostris,Eurillas latirostris,Andropadus latirostris,2,Field1,NA,U,0,,NA,Equatorial Guinea,NA,NA,NA,NA,NA,NA,85,NA,NA,NA,80,ELK,0,NA,NA,NA,NA,NA
644,Eurillas latirostris,Yellow-whiskered Greenbul,1421731.938,NA,NA,NA,Passeriformes,Pycnonotidae (Bulbuls),77697,6508367,545151796,TRUE,FALSE,Eurillas latirostris,Passeriformes,Pycnonotidae (Bulbuls),77697,6508367,545151796,TRUE,FALSE,1089,AVIBASE-728B225E,Eurillas latirostris,Eurillas latirostris,Andropadus latirostris,2,Field1,NA,U,0,,NA,Equatorial Guinea,NA,NA,NA,NA,NA,NA,84,NA,NA,NA,71,BAK,0,NA,NA,NA,NA,NA
645,Eurillas latirostris,Yellow-whiskered Greenbul,1421731.938,NA,NA,NA,Passeriformes,Pycnonotidae (Bulbuls),77697,6508367,545151796,TRUE,FALSE,Eurillas latirostris,Passeriformes,Pycnonotidae (Bulbuls),77697,6508367,545151796,TRUE,FALSE,1090,AVIBASE-728B225E,Eurillas latirostris,Eurillas latirostris,Andropadus latirostris,2,Field1,NA,U,0,,NA,Equatorial Guinea,NA,NA,NA,NA,NA,NA,79,NA,NA,NA,72,EMB,0,NA,NA,NA,NA,NA
646,Eurillas latirostris,Yellow-whiskered Greenbul,1421731.938,NA,NA,NA,Passeriformes,Pycnonotidae (Bulbuls),77697,6508367,545151796,TRUE,FALSE,Eurillas latirostris,Passeriformes,Pycnonotidae (Bulbuls),77697,6508367,545151796,TRUE,FALSE,728,AVIBASE-728B225E,Eurillas latirostris,Eurillas latirostris,Andropadus latirostris,2,Field1,NA,U,0,,NA,Equatorial Guinea,NA,NA,NA,NA,NA,NA,NA,NA,NA,NA,73,JDW,0,NA,NA,NA,NA,NA
647,Eurillas latirostris,Yellow-whiskered Greenbul,1421731.938,NA,NA,NA,Passeriformes,Pycnonotidae (Bulbuls),77697,6508367,545151796,TRUE,FALSE,Eurillas latirostris,Passeriformes,Pycnonotidae (Bulbuls),77697,6508367,545151796,TRUE,FALSE,688,AVIBASE-728B225E,Eurillas latirostris,Eurillas latirostris,Andropadus latirostris,1,AMNH,567522,F,0,,NA,Equatorial Guinea,NA,17.4,8.8,4.7,5.4,19.7,79.5,10.4,69.1,13.1,69,CS,1,NA,NA,NA,NA,NA
648,Eurillas latirostris,Yellow-whiskered Greenbul,1421731.938,NA,NA,NA,Passeriformes,Pycnonotidae (Bulbuls),77697,6508367,545151796,TRUE,FALSE,Eurillas latirostris,Passeriformes,Pycnonotidae (Bulbuls),77697,6508367,545151796,TRUE,FALSE,689,AVIBASE-728B225E,Eurillas latirostris,Eurillas latirostris,Andropadus latirostris,1,ZFMK,1954-1086,F,0,,NA,Cameroon,NA,18.8,NA,NA,NA,18.1,78,10.5,67.5,13.5,73,LN,0,NA,NA,NA,NA,NA
649,Eurillas latirostris,Yellow-whiskered Greenbul,1421731.938,NA,NA,NA,Passeriformes,Pycnonotidae (Bulbuls),77697,6508367,545151796,TRUE,FALSE,Eurillas latirostris,Passeriformes,Pycnonotidae (Bulbuls),77697,6508367,545151796,TRUE,FALSE,690,AVIBASE-728B225E,Eurillas latirostris,Eurillas latirostris,Andropadus latirostris,1,ZFMK,1961-1270,M,0,,NA,Cameroon,NA,18.8,NA,NA,NA,18.4,86.5,12,74.5,13.9,76,DH,0,NA,NA,NA,NA,NA
650,Eurillas latirostris,Yellow-whiskered Greenbul,1421731.938,NA,NA,NA,Passeriformes,Pycnonotidae (Bulbuls),77697,6508367,545151796,TRUE,FALSE,Eurillas latirostris,Passeriformes,Pycnonotidae (Bulbuls),77697,6508367,545151796,TRUE,FALSE,691,AVIBASE-728B225E,Eurillas latirostris,Eurillas latirostris,Andropadus latirostris,1,ZFMK,1968-751,M,0,,NA,Cameroon,NA,17.6,NA,NA,NA,19.4,85,11,74,12.9,79,DH,0,NA,NA,NA,NA,NA
651,Eurillas latirostris,Yellow-whiskered Greenbul,1421731.938,NA,NA,NA,Passeriformes,Pycnonotidae (Bulbuls),77697,6508367,545151796,TRUE,FALSE,Eurillas latirostris,Passeriformes,Pycnonotidae (Bulbuls),77697,6508367,545151796,TRUE,FALSE,692,AVIBASE-728B225E,Eurillas latirostris,Eurillas latirostris,Andropadus latirostris,1,ZFMK,1968-760,F,0,,NA,Cameroon,NA,19.3,NA,NA,NA,18.1,78,10,68,12.8,69.5,DH,0,NA,NA,NA,NA,NA
652,Eurillas latirostris,Yellow-whiskered Greenbul,1421731.938,NA,NA,NA,Passeriformes,Pycnonotidae (Bulbuls),77697,6508367,545151796,TRUE,FALSE,Eurillas latirostris,Passeriformes,Pycnonotidae (Bulbuls),77697,6508367,545151796,TRUE,FALSE,693,AVIBASE-728B225E,Eurillas latirostris,Eurillas latirostris,Andropadus latirostris,2,Field1,NA,U,0,,NA,Equatorial Guinea,NA,NA,NA,NA,NA,NA,88,NA,NA,NA,82,LLP,0,NA,NA,NA,NA,NA
653,Eurillas latirostris,Yellow-whiskered Greenbul,1421731.938,NA,NA,NA,Passeriformes,Pycnonotidae (Bulbuls),77697,6508367,545151796,TRUE,FALSE,Eurillas latirostris,Passeriformes,Pycnonotidae (Bulbuls),77697,6508367,545151796,TRUE,FALSE,694,AVIBASE-728B225E,Eurillas latirostris,Eurillas latirostris,Andropadus latirostris,2,Field1,NA,U,0,,NA,Equatorial Guinea,NA,NA,NA,NA,NA,NA,83,NA,NA,NA,73,LLP,0,NA,NA,NA,NA,NA
654,Eurillas latirostris,Yellow-whiskered Greenbul,1421731.938,NA,NA,NA,Passeriformes,Pycnonotidae (Bulbuls),77697,6508367,545151796,TRUE,FALSE,Eurillas latirostris,Passeriformes,Pycnonotidae (Bulbuls),77697,6508367,545151796,TRUE,FALSE,695,AVIBASE-728B225E,Eurillas latirostris,Eurillas latirostris,Andropadus latirostris,2,Field1,NA,U,0,,NA,Equatorial Guinea,NA,NA,NA,NA,NA,NA,79,NA,NA,NA,77,SEM,0,NA,NA,NA,NA,NA
655,Eurillas latirostris,Yellow-whiskered Greenbul,1421731.938,NA,NA,NA,Passeriformes,Pycnonotidae (Bulbuls),77697,6508367,545151796,TRUE,FALSE,Eurillas latirostris,Passeriformes,Pycnonotidae (Bulbuls),77697,6508367,545151796,TRUE,FALSE,696,AVIBASE-728B225E,Eurillas latirostris,Eurillas latirostris,Andropadus latirostris,2,Field1,NA,U,0,,NA,Equatorial Guinea,NA,NA,NA,NA,NA,NA,76,NA,NA,NA,72,JDW,0,NA,NA,NA,NA,NA
656,Eurillas latirostris,Yellow-whiskered Greenbul,1421731.938,NA,NA,NA,Passeriformes,Pycnonotidae (Bulbuls),77697,6508367,545151796,TRUE,FALSE,Eurillas latirostris,Passeriformes,Pycnonotidae (Bulbuls),77697,6508367,545151796,TRUE,FALSE,697,AVIBASE-728B225E,Eurillas latirostris,Eurillas latirostris,Andropadus latirostris,2,Field1,NA,U,0,,NA,Equatorial Guinea,NA,NA,NA,NA,NA,NA,79,NA,NA,NA,77,CAY,0,NA,NA,NA,NA,NA
657,Eurillas latirostris,Yellow-whiskered Greenbul,1421731.938,NA,NA,NA,Passeriformes,Pycnonotidae (Bulbuls),77697,6508367,545151796,TRUE,FALSE,Eurillas latirostris,Passeriformes,Pycnonotidae (Bulbuls),77697,6508367,545151796,TRUE,FALSE,698,AVIBASE-728B225E,Eurillas latirostris,Eurillas latirostris,Andropadus latirostris,2,Field1,NA,U,0,,NA,Equatorial Guinea,NA,NA,NA,NA,NA,NA,80,NA,NA,NA,71,CAY,0,NA,NA,NA,NA,NA
658,Eurillas latirostris,Yellow-whiskered Greenbul,1421731.938,NA,NA,NA,Passeriformes,Pycnonotidae (Bulbuls),77697,6508367,545151796,TRUE,FALSE,Eurillas latirostris,Passeriformes,Pycnonotidae (Bulbuls),77697,6508367,545151796,TRUE,FALSE,699,AVIBASE-728B225E,Eurillas latirostris,Eurillas latirostris,Andropadus latirostris,2,Field1,NA,F,0,,NA,Equatorial Guinea,NA,NA,NA,NA,NA,NA,78,NA,NA,NA,75,CJ,0,NA,NA,NA,NA,NA
659,Eurillas latirostris,Yellow-whiskered Greenbul,1421731.938,NA,NA,NA,Passeriformes,Pycnonotidae (Bulbuls),77697,6508367,545151796,TRUE,FALSE,Eurillas latirostris,Passeriformes,Pycnonotidae (Bulbuls),77697,6508367,545151796,TRUE,FALSE,700,AVIBASE-728B225E,Eurillas latirostris,Eurillas latirostris,Andropadus latirostris,2,Field1,NA,U,0,,NA,Equatorial Guinea,NA,NA,NA,NA,NA,NA,82,NA,NA,NA,73,CAY,0,NA,NA,NA,NA,NA
660,Eurillas latirostris,Yellow-whiskered Greenbul,1421731.938,NA,NA,NA,Passeriformes,Pycnonotidae (Bulbuls),77697,6508367,545151796,TRUE,FALSE,Eurillas latirostris,Passeriformes,Pycnonotidae (Bulbuls),77697,6508367,545151796,TRUE,FALSE,701,AVIBASE-728B225E,Eurillas latirostris,Eurillas latirostris,Andropadus latirostris,2,Field1,NA,U,0,,NA,Equatorial Guinea,NA,NA,NA,NA,NA,NA,78,NA,NA,NA,75,JDW,0,NA,NA,NA,NA,NA
661,Eurillas latirostris,Yellow-whiskered Greenbul,1421731.938,NA,NA,NA,Passeriformes,Pycnonotidae (Bulbuls),77697,6508367,545151796,TRUE,FALSE,Eurillas latirostris,Passeriformes,Pycnonotidae (Bulbuls),77697,6508367,545151796,TRUE,FALSE,702,AVIBASE-728B225E,Eurillas latirostris,Eurillas latirostris,Andropadus latirostris,2,Field1,NA,U,0,,NA,Equatorial Guinea,NA,NA,NA,NA,NA,NA,81,NA,NA,NA,75,JHW,0,NA,NA,NA,NA,NA
662,Eurillas latirostris,Yellow-whiskered Greenbul,1421731.938,NA,NA,NA,Passeriformes,Pycnonotidae (Bulbuls),77697,6508367,545151796,TRUE,FALSE,Eurillas latirostris,Passeriformes,Pycnonotidae (Bulbuls),77697,6508367,545151796,TRUE,FALSE,703,AVIBASE-728B225E,Eurillas latirostris,Eurillas latirostris,Andropadus latirostris,2,Field1,NA,F,0,,NA,Equatorial Guinea,NA,NA,NA,NA,NA,NA,79,NA,NA,NA,NA,CAY,0,NA,NA,NA,NA,NA
663,Eurillas latirostris,Yellow-whiskered Greenbul,1421731.938,NA,NA,NA,Passeriformes,Pycnonotidae (Bulbuls),77697,6508367,545151796,TRUE,FALSE,Eurillas latirostris,Passeriformes,Pycnonotidae (Bulbuls),77697,6508367,545151796,TRUE,FALSE,704,AVIBASE-728B225E,Eurillas latirostris,Eurillas latirostris,Andropadus latirostris,2,Field1,NA,M,0,,NA,Equatorial Guinea,NA,NA,NA,NA,NA,NA,83,NA,NA,NA,78,JDW,0,NA,NA,NA,NA,NA
664,Eurillas latirostris,Yellow-whiskered Greenbul,1421731.938,NA,NA,NA,Passeriformes,Pycnonotidae (Bulbuls),77697,6508367,545151796,TRUE,FALSE,Eurillas latirostris,Passeriformes,Pycnonotidae (Bulbuls),77697,6508367,545151796,TRUE,FALSE,705,AVIBASE-728B225E,Eurillas latirostris,Eurillas latirostris,Andropadus latirostris,2,Field1,NA,U,0,,NA,Equatorial Guinea,NA,NA,NA,NA,NA,NA,82,NA,NA,NA,75,JHW,0,NA,NA,NA,NA,NA
665,Eurillas latirostris,Yellow-whiskered Greenbul,1421731.938,NA,NA,NA,Passeriformes,Pycnonotidae (Bulbuls),77697,6508367,545151796,TRUE,FALSE,Eurillas latirostris,Passeriformes,Pycnonotidae (Bulbuls),77697,6508367,545151796,TRUE,FALSE,706,AVIBASE-728B225E,Eurillas latirostris,Eurillas latirostris,Andropadus latirostris,2,Field1,NA,U,0,,NA,Equatorial Guinea,NA,NA,NA,NA,NA,NA,72,NA,NA,NA,76,MEB,0,NA,NA,NA,NA,NA
666,Eurillas latirostris,Yellow-whiskered Greenbul,1421731.938,NA,NA,NA,Passeriformes,Pycnonotidae (Bulbuls),77697,6508367,545151796,TRUE,FALSE,Eurillas latirostris,Passeriformes,Pycnonotidae (Bulbuls),77697,6508367,545151796,TRUE,FALSE,707,AVIBASE-728B225E,Eurillas latirostris,Eurillas latirostris,Andropadus latirostris,2,Field1,NA,U,0,,NA,Equatorial Guinea,NA,NA,NA,NA,NA,NA,86,NA,NA,NA,75,LLP,0,NA,NA,NA,NA,NA
667,Eurillas latirostris,Yellow-whiskered Greenbul,1421731.938,NA,NA,NA,Passeriformes,Pycnonotidae (Bulbuls),77697,6508367,545151796,TRUE,FALSE,Eurillas latirostris,Passeriformes,Pycnonotidae (Bulbuls),77697,6508367,545151796,TRUE,FALSE,708,AVIBASE-728B225E,Eurillas latirostris,Eurillas latirostris,Andropadus latirostris,2,Field1,NA,U,0,,NA,Equatorial Guinea,NA,NA,NA,NA,NA,NA,88,NA,NA,NA,76,CAY,0,NA,NA,NA,NA,NA
668,Eurillas latirostris,Yellow-whiskered Greenbul,1421731.938,NA,NA,NA,Passeriformes,Pycnonotidae (Bulbuls),77697,6508367,545151796,TRUE,FALSE,Eurillas latirostris,Passeriformes,Pycnonotidae (Bulbuls),77697,6508367,545151796,TRUE,FALSE,709,AVIBASE-728B225E,Eurillas latirostris,Eurillas latirostris,Andropadus latirostris,2,Field1,NA,U,0,,NA,Equatorial Guinea,NA,NA,NA,NA,NA,NA,78,NA,NA,NA,71,CAY,0,NA,NA,NA,NA,NA
669,Eurillas latirostris,Yellow-whiskered Greenbul,1421731.938,NA,NA,NA,Passeriformes,Pycnonotidae (Bulbuls),77697,6508367,545151796,TRUE,FALSE,Eurillas latirostris,Passeriformes,Pycnonotidae (Bulbuls),77697,6508367,545151796,TRUE,FALSE,710,AVIBASE-728B225E,Eurillas latirostris,Eurillas latirostris,Andropadus latirostris,2,Field1,NA,U,0,,NA,Equatorial Guinea,NA,NA,NA,NA,NA,NA,77,NA,NA,NA,66,CAY,0,NA,NA,NA,NA,NA
670,Eurillas latirostris,Yellow-whiskered Greenbul,1421731.938,NA,NA,NA,Passeriformes,Pycnonotidae (Bulbuls),77697,6508367,545151796,TRUE,FALSE,Eurillas latirostris,Passeriformes,Pycnonotidae (Bulbuls),77697,6508367,545151796,TRUE,FALSE,711,AVIBASE-728B225E,Eurillas latirostris,Eurillas latirostris,Andropadus latirostris,2,Field1,NA,U,0,,NA,Equatorial Guinea,NA,NA,NA,NA,NA,NA,76,NA,NA,NA,69,CAY,0,NA,NA,NA,NA,NA
671,Eurillas latirostris,Yellow-whiskered Greenbul,1421731.938,NA,NA,NA,Passeriformes,Pycnonotidae (Bulbuls),77697,6508367,545151796,TRUE,FALSE,Eurillas latirostris,Passeriformes,Pycnonotidae (Bulbuls),77697,6508367,545151796,TRUE,FALSE,712,AVIBASE-728B225E,Eurillas latirostris,Eurillas latirostris,Andropadus latirostris,2,Field1,NA,U,0,,NA,Equatorial Guinea,NA,NA,NA,NA,NA,NA,70,NA,NA,NA,57,CAY,0,NA,NA,NA,NA,NA
672,Eurillas latirostris,Yellow-whiskered Greenbul,1421731.938,NA,NA,NA,Passeriformes,Pycnonotidae (Bulbuls),77697,6508367,545151796,TRUE,FALSE,Eurillas latirostris,Passeriformes,Pycnonotidae (Bulbuls),77697,6508367,545151796,TRUE,FALSE,713,AVIBASE-728B225E,Eurillas latirostris,Eurillas latirostris,Andropadus latirostris,2,Field1,NA,U,0,,NA,Equatorial Guinea,NA,NA,NA,NA,NA,NA,78,NA,NA,NA,72,MEB,0,NA,NA,NA,NA,NA
673,Eurillas latirostris,Yellow-whiskered Greenbul,1421731.938,NA,NA,NA,Passeriformes,Pycnonotidae (Bulbuls),77697,6508367,545151796,TRUE,FALSE,Eurillas latirostris,Passeriformes,Pycnonotidae (Bulbuls),77697,6508367,545151796,TRUE,FALSE,714,AVIBASE-728B225E,Eurillas latirostris,Eurillas latirostris,Andropadus latirostris,2,Field1,NA,U,0,,NA,Equatorial Guinea,NA,NA,NA,NA,NA,NA,84,NA,NA,NA,75,MEB,0,NA,NA,NA,NA,NA
674,Eurillas latirostris,Yellow-whiskered Greenbul,1421731.938,NA,NA,NA,Passeriformes,Pycnonotidae (Bulbuls),77697,6508367,545151796,TRUE,FALSE,Eurillas latirostris,Passeriformes,Pycnonotidae (Bulbuls),77697,6508367,545151796,TRUE,FALSE,715,AVIBASE-728B225E,Eurillas latirostris,Eurillas latirostris,Andropadus latirostris,2,Field1,NA,F,0,,NA,Equatorial Guinea,NA,NA,NA,NA,NA,NA,73,NA,NA,NA,69,JHW,0,NA,NA,NA,NA,NA
675,Eurillas latirostris,Yellow-whiskered Greenbul,1421731.938,NA,NA,NA,Passeriformes,Pycnonotidae (Bulbuls),77697,6508367,545151796,TRUE,FALSE,Eurillas latirostris,Passeriformes,Pycnonotidae (Bulbuls),77697,6508367,545151796,TRUE,FALSE,716,AVIBASE-728B225E,Eurillas latirostris,Eurillas latirostris,Andropadus latirostris,2,Field1,NA,U,0,,NA,Equatorial Guinea,NA,NA,NA,NA,NA,NA,75,NA,NA,NA,66,MAF,0,NA,NA,NA,NA,NA
676,Eurillas latirostris,Yellow-whiskered Greenbul,1421731.938,NA,NA,NA,Passeriformes,Pycnonotidae (Bulbuls),77697,6508367,545151796,TRUE,FALSE,Eurillas latirostris,Passeriformes,Pycnonotidae (Bulbuls),77697,6508367,545151796,TRUE,FALSE,757,AVIBASE-728B225E,Eurillas latirostris,Eurillas latirostris,Andropadus latirostris,2,Field1,NA,F,0,,NA,Equatorial Guinea,NA,NA,NA,NA,NA,NA,78,NA,NA,NA,76,JDW,0,NA,NA,NA,NA,NA
677,Eurillas latirostris,Yellow-whiskered Greenbul,1421731.938,NA,NA,NA,Passeriformes,Pycnonotidae (Bulbuls),77697,6508367,545151796,TRUE,FALSE,Eurillas latirostris,Passeriformes,Pycnonotidae (Bulbuls),77697,6508367,545151796,TRUE,FALSE,758,AVIBASE-728B225E,Eurillas latirostris,Eurillas latirostris,Andropadus latirostris,2,Field1,NA,F,0,,NA,Equatorial Guinea,NA,NA,NA,NA,NA,NA,74,NA,NA,NA,74,JDW,0,NA,NA,NA,NA,NA
678,Eurillas latirostris,Yellow-whiskered Greenbul,1421731.938,NA,NA,NA,Passeriformes,Pycnonotidae (Bulbuls),77697,6508367,545151796,TRUE,FALSE,Eurillas latirostris,Passeriformes,Pycnonotidae (Bulbuls),77697,6508367,545151796,TRUE,FALSE,759,AVIBASE-728B225E,Eurillas latirostris,Eurillas latirostris,Andropadus latirostris,2,Field1,NA,U,0,,NA,Equatorial Guinea,NA,NA,NA,NA,NA,NA,77,NA,NA,NA,71,JDW,0,NA,NA,NA,NA,NA
679,Eurillas latirostris,Yellow-whiskered Greenbul,1421731.938,NA,NA,NA,Passeriformes,Pycnonotidae (Bulbuls),77697,6508367,545151796,TRUE,FALSE,Eurillas latirostris,Passeriformes,Pycnonotidae (Bulbuls),77697,6508367,545151796,TRUE,FALSE,760,AVIBASE-728B225E,Eurillas latirostris,Eurillas latirostris,Andropadus latirostris,2,Field1,NA,M,0,,NA,Equatorial Guinea,NA,NA,NA,NA,NA,NA,83,NA,NA,NA,77,CJ,0,NA,NA,NA,NA,NA
680,Eurillas latirostris,Yellow-whiskered Greenbul,1421731.938,NA,NA,NA,Passeriformes,Pycnonotidae (Bulbuls),77697,6508367,545151796,TRUE,FALSE,Eurillas latirostris,Passeriformes,Pycnonotidae (Bulbuls),77697,6508367,545151796,TRUE,FALSE,761,AVIBASE-728B225E,Eurillas latirostris,Eurillas latirostris,Andropadus latirostris,2,Field1,NA,F,0,,NA,Equatorial Guinea,NA,NA,NA,NA,NA,NA,75,NA,NA,NA,66,CJ,0,NA,NA,NA,NA,NA
681,Eurillas latirostris,Yellow-whiskered Greenbul,1421731.938,NA,NA,NA,Passeriformes,Pycnonotidae (Bulbuls),77697,6508367,545151796,TRUE,FALSE,Eurillas latirostris,Passeriformes,Pycnonotidae (Bulbuls),77697,6508367,545151796,TRUE,FALSE,762,AVIBASE-728B225E,Eurillas latirostris,Eurillas latirostris,Andropadus latirostris,2,Field1,NA,F,0,,NA,Equatorial Guinea,NA,NA,NA,NA,NA,NA,75,NA,NA,NA,72,CJ,0,NA,NA,NA,NA,NA
682,Eurillas latirostris,Yellow-whiskered Greenbul,1421731.938,NA,NA,NA,Passeriformes,Pycnonotidae (Bulbuls),77697,6508367,545151796,TRUE,FALSE,Eurillas latirostris,Passeriformes,Pycnonotidae (Bulbuls),77697,6508367,545151796,TRUE,FALSE,763,AVIBASE-728B225E,Eurillas latirostris,Eurillas latirostris,Andropadus latirostris,2,Field1,NA,U,0,,NA,Equatorial Guinea,NA,NA,NA,NA,NA,NA,76,NA,NA,NA,71,SAL,0,NA,NA,NA,NA,NA
683,Eurillas latirostris,Yellow-whiskered Greenbul,1421731.938,NA,NA,NA,Passeriformes,Pycnonotidae (Bulbuls),77697,6508367,545151796,TRUE,FALSE,Eurillas latirostris,Passeriformes,Pycnonotidae (Bulbuls),77697,6508367,545151796,TRUE,FALSE,764,AVIBASE-728B225E,Eurillas latirostris,Eurillas latirostris,Andropadus latirostris,2,Field1,NA,F,0,,NA,Equatorial Guinea,NA,NA,NA,NA,NA,NA,79,NA,NA,NA,84,CJ,0,NA,NA,NA,NA,NA
684,Eurillas latirostris,Yellow-whiskered Greenbul,1421731.938,NA,NA,NA,Passeriformes,Pycnonotidae (Bulbuls),77697,6508367,545151796,TRUE,FALSE,Eurillas latirostris,Passeriformes,Pycnonotidae (Bulbuls),77697,6508367,545151796,TRUE,FALSE,765,AVIBASE-728B225E,Eurillas latirostris,Eurillas latirostris,Andropadus latirostris,2,Field1,NA,U,0,,NA,Equatorial Guinea,NA,NA,NA,NA,NA,NA,83,NA,NA,NA,77,JDW,0,NA,NA,NA,NA,NA
685,Eurillas latirostris,Yellow-whiskered Greenbul,1421731.938,NA,NA,NA,Passeriformes,Pycnonotidae (Bulbuls),77697,6508367,545151796,TRUE,FALSE,Eurillas latirostris,Passeriformes,Pycnonotidae (Bulbuls),77697,6508367,545151796,TRUE,FALSE,766,AVIBASE-728B225E,Eurillas latirostris,Eurillas latirostris,Andropadus latirostris,2,Field1,NA,F,0,,NA,Equatorial Guinea,NA,NA,NA,NA,NA,NA,78,NA,NA,NA,75,AKW,0,NA,NA,NA,NA,NA
686,Eurillas latirostris,Yellow-whiskered Greenbul,1421731.938,NA,NA,NA,Passeriformes,Pycnonotidae (Bulbuls),77697,6508367,545151796,TRUE,FALSE,Eurillas latirostris,Passeriformes,Pycnonotidae (Bulbuls),77697,6508367,545151796,TRUE,FALSE,767,AVIBASE-728B225E,Eurillas latirostris,Eurillas latirostris,Andropadus latirostris,2,Field1,NA,U,0,,NA,Equatorial Guinea,NA,NA,NA,NA,NA,NA,72,NA,NA,NA,66,CJ,0,NA,NA,NA,NA,NA
687,Eurillas latirostris,Yellow-whiskered Greenbul,1421731.938,NA,NA,NA,Passeriformes,Pycnonotidae (Bulbuls),77697,6508367,545151796,TRUE,FALSE,Eurillas latirostris,Passeriformes,Pycnonotidae (Bulbuls),77697,6508367,545151796,TRUE,FALSE,768,AVIBASE-728B225E,Eurillas latirostris,Eurillas latirostris,Andropadus latirostris,2,Field1,NA,U,0,,NA,Equatorial Guinea,NA,NA,NA,NA,NA,NA,81,NA,NA,NA,77,CJ,0,NA,NA,NA,NA,NA
688,Eurillas latirostris,Yellow-whiskered Greenbul,1421731.938,NA,NA,NA,Passeriformes,Pycnonotidae (Bulbuls),77697,6508367,545151796,TRUE,FALSE,Eurillas latirostris,Passeriformes,Pycnonotidae (Bulbuls),77697,6508367,545151796,TRUE,FALSE,769,AVIBASE-728B225E,Eurillas latirostris,Eurillas latirostris,Andropadus latirostris,2,Field1,NA,U,0,,NA,Equatorial Guinea,NA,NA,NA,NA,NA,NA,84,NA,NA,NA,78,MAF,0,NA,NA,NA,NA,NA
689,Eurillas latirostris,Yellow-whiskered Greenbul,1421731.938,NA,NA,NA,Passeriformes,Pycnonotidae (Bulbuls),77697,6508367,545151796,TRUE,FALSE,Eurillas latirostris,Passeriformes,Pycnonotidae (Bulbuls),77697,6508367,545151796,TRUE,FALSE,770,AVIBASE-728B225E,Eurillas latirostris,Eurillas latirostris,Andropadus latirostris,2,Field1,NA,U,0,,NA,Equatorial Guinea,NA,NA,NA,NA,NA,NA,74,NA,NA,NA,76,CJ,0,NA,NA,NA,NA,NA
690,Eurillas latirostris,Yellow-whiskered Greenbul,1421731.938,NA,NA,NA,Passeriformes,Pycnonotidae (Bulbuls),77697,6508367,545151796,TRUE,FALSE,Eurillas latirostris,Passeriformes,Pycnonotidae (Bulbuls),77697,6508367,545151796,TRUE,FALSE,771,AVIBASE-728B225E,Eurillas latirostris,Eurillas latirostris,Andropadus latirostris,2,Field1,NA,U,0,,NA,Equatorial Guinea,NA,NA,NA,NA,NA,NA,82,NA,NA,NA,78,CJ,0,NA,NA,NA,NA,NA
691,Eurillas latirostris,Yellow-whiskered Greenbul,1421731.938,NA,NA,NA,Passeriformes,Pycnonotidae (Bulbuls),77697,6508367,545151796,TRUE,FALSE,Eurillas latirostris,Passeriformes,Pycnonotidae (Bulbuls),77697,6508367,545151796,TRUE,FALSE,772,AVIBASE-728B225E,Eurillas latirostris,Eurillas latirostris,Andropadus latirostris,2,Field1,NA,F,0,,NA,Equatorial Guinea,NA,NA,NA,NA,NA,NA,78,NA,NA,NA,73,JDW,0,NA,NA,NA,NA,NA
692,Eurillas latirostris,Yellow-whiskered Greenbul,1421731.938,NA,NA,NA,Passeriformes,Pycnonotidae (Bulbuls),77697,6508367,545151796,TRUE,FALSE,Eurillas latirostris,Passeriformes,Pycnonotidae (Bulbuls),77697,6508367,545151796,TRUE,FALSE,773,AVIBASE-728B225E,Eurillas latirostris,Eurillas latirostris,Andropadus latirostris,2,Field1,NA,U,0,,NA,Equatorial Guinea,NA,NA,NA,NA,NA,NA,83,NA,NA,NA,75,JDW,0,NA,NA,NA,NA,NA
693,Eurillas latirostris,Yellow-whiskered Greenbul,1421731.938,NA,NA,NA,Passeriformes,Pycnonotidae (Bulbuls),77697,6508367,545151796,TRUE,FALSE,Eurillas latirostris,Passeriformes,Pycnonotidae (Bulbuls),77697,6508367,545151796,TRUE,FALSE,774,AVIBASE-728B225E,Eurillas latirostris,Eurillas latirostris,Andropadus latirostris,2,Field1,NA,F,0,,NA,Equatorial Guinea,NA,NA,NA,NA,NA,NA,77,NA,NA,NA,68,LLP,0,NA,NA,NA,NA,NA
694,Eurillas latirostris,Yellow-whiskered Greenbul,1421731.938,NA,NA,NA,Passeriformes,Pycnonotidae (Bulbuls),77697,6508367,545151796,TRUE,FALSE,Eurillas latirostris,Passeriformes,Pycnonotidae (Bulbuls),77697,6508367,545151796,TRUE,FALSE,775,AVIBASE-728B225E,Eurillas latirostris,Eurillas latirostris,Andropadus latirostris,2,Field1,NA,U,0,,NA,Equatorial Guinea,NA,NA,NA,NA,NA,NA,77,NA,NA,NA,73,CJ,0,NA,NA,NA,NA,NA
695,Eurillas latirostris,Yellow-whiskered Greenbul,1421731.938,NA,NA,NA,Passeriformes,Pycnonotidae (Bulbuls),77697,6508367,545151796,TRUE,FALSE,Eurillas latirostris,Passeriformes,Pycnonotidae (Bulbuls),77697,6508367,545151796,TRUE,FALSE,776,AVIBASE-728B225E,Eurillas latirostris,Eurillas latirostris,Andropadus latirostris,2,Field1,NA,F,0,,NA,Equatorial Guinea,NA,NA,NA,NA,NA,NA,78,NA,NA,NA,75,JDW,0,NA,NA,NA,NA,NA
696,Eurillas latirostris,Yellow-whiskered Greenbul,1421731.938,NA,NA,NA,Passeriformes,Pycnonotidae (Bulbuls),77697,6508367,545151796,TRUE,FALSE,Eurillas latirostris,Passeriformes,Pycnonotidae (Bulbuls),77697,6508367,545151796,TRUE,FALSE,777,AVIBASE-728B225E,Eurillas latirostris,Eurillas latirostris,Andropadus latirostris,2,Field1,NA,F,0,,NA,Equatorial Guinea,NA,NA,NA,NA,NA,NA,78,NA,NA,NA,76,JDW,0,NA,NA,NA,NA,NA
697,Eurillas latirostris,Yellow-whiskered Greenbul,1421731.938,NA,NA,NA,Passeriformes,Pycnonotidae (Bulbuls),77697,6508367,545151796,TRUE,FALSE,Eurillas latirostris,Passeriformes,Pycnonotidae (Bulbuls),77697,6508367,545151796,TRUE,FALSE,778,AVIBASE-728B225E,Eurillas latirostris,Eurillas latirostris,Andropadus latirostris,2,Field1,NA,U,0,,NA,Equatorial Guinea,NA,NA,NA,NA,NA,NA,74,NA,NA,NA,72,JDW,0,NA,NA,NA,NA,NA
698,Eurillas latirostris,Yellow-whiskered Greenbul,1421731.938,NA,NA,NA,Passeriformes,Pycnonotidae (Bulbuls),77697,6508367,545151796,TRUE,FALSE,Eurillas latirostris,Passeriformes,Pycnonotidae (Bulbuls),77697,6508367,545151796,TRUE,FALSE,779,AVIBASE-728B225E,Eurillas latirostris,Eurillas latirostris,Andropadus latirostris,2,Field1,NA,F,0,,NA,Equatorial Guinea,NA,NA,NA,NA,NA,NA,77,NA,NA,NA,72,JDW,0,NA,NA,NA,NA,NA
699,Eurillas latirostris,Yellow-whiskered Greenbul,1421731.938,NA,NA,NA,Passeriformes,Pycnonotidae (Bulbuls),77697,6508367,545151796,TRUE,FALSE,Eurillas latirostris,Passeriformes,Pycnonotidae (Bulbuls),77697,6508367,545151796,TRUE,FALSE,780,AVIBASE-728B225E,Eurillas latirostris,Eurillas latirostris,Andropadus latirostris,2,Field1,NA,U,0,,NA,Equatorial Guinea,NA,NA,NA,NA,NA,NA,82,NA,NA,NA,76,JDW,0,NA,NA,NA,NA,NA
700,Eurillas latirostris,Yellow-whiskered Greenbul,1421731.938,NA,NA,NA,Passeriformes,Pycnonotidae (Bulbuls),77697,6508367,545151796,TRUE,FALSE,Eurillas latirostris,Passeriformes,Pycnonotidae (Bulbuls),77697,6508367,545151796,TRUE,FALSE,781,AVIBASE-728B225E,Eurillas latirostris,Eurillas latirostris,Andropadus latirostris,2,Field1,NA,U,0,,NA,Equatorial Guinea,NA,NA,NA,NA,NA,NA,82,NA,NA,NA,87,SEM,0,NA,NA,NA,NA,NA
701,Eurillas latirostris,Yellow-whiskered Greenbul,1421731.938,NA,NA,NA,Passeriformes,Pycnonotidae (Bulbuls),77697,6508367,545151796,TRUE,FALSE,Eurillas latirostris,Passeriformes,Pycnonotidae (Bulbuls),77697,6508367,545151796,TRUE,FALSE,782,AVIBASE-728B225E,Eurillas latirostris,Eurillas latirostris,Andropadus latirostris,2,Field1,NA,U,0,,NA,Equatorial Guinea,NA,NA,NA,NA,NA,NA,72,NA,NA,NA,69,JDW,0,NA,NA,NA,NA,NA
702,Eurillas latirostris,Yellow-whiskered Greenbul,1421731.938,NA,NA,NA,Passeriformes,Pycnonotidae (Bulbuls),77697,6508367,545151796,TRUE,FALSE,Eurillas latirostris,Passeriformes,Pycnonotidae (Bulbuls),77697,6508367,545151796,TRUE,FALSE,783,AVIBASE-728B225E,Eurillas latirostris,Eurillas latirostris,Andropadus latirostris,2,Field1,NA,F,0,,NA,Equatorial Guinea,NA,NA,NA,NA,NA,NA,76,NA,NA,NA,74,JDW,0,NA,NA,NA,NA,NA
703,Eurillas latirostris,Yellow-whiskered Greenbul,1421731.938,NA,NA,NA,Passeriformes,Pycnonotidae (Bulbuls),77697,6508367,545151796,TRUE,FALSE,Eurillas latirostris,Passeriformes,Pycnonotidae (Bulbuls),77697,6508367,545151796,TRUE,FALSE,784,AVIBASE-728B225E,Eurillas latirostris,Eurillas latirostris,Andropadus latirostris,2,Field1,NA,M,0,,NA,Equatorial Guinea,NA,NA,NA,NA,NA,NA,76,NA,NA,NA,70,AKW,0,NA,NA,NA,NA,NA
704,Eurillas latirostris,Yellow-whiskered Greenbul,1421731.938,NA,NA,NA,Passeriformes,Pycnonotidae (Bulbuls),77697,6508367,545151796,TRUE,FALSE,Eurillas latirostris,Passeriformes,Pycnonotidae (Bulbuls),77697,6508367,545151796,TRUE,FALSE,785,AVIBASE-728B225E,Eurillas latirostris,Eurillas latirostris,Andropadus latirostris,2,Field1,NA,F,0,,NA,Equatorial Guinea,NA,NA,NA,NA,NA,NA,76,NA,NA,NA,70,AKW,0,NA,NA,NA,NA,NA
705,Eurillas latirostris,Yellow-whiskered Greenbul,1421731.938,NA,NA,NA,Passeriformes,Pycnonotidae (Bulbuls),77697,6508367,545151796,TRUE,FALSE,Eurillas latirostris,Passeriformes,Pycnonotidae (Bulbuls),77697,6508367,545151796,TRUE,FALSE,786,AVIBASE-728B225E,Eurillas latirostris,Eurillas latirostris,Andropadus latirostris,2,Field1,NA,F,0,,NA,Equatorial Guinea,NA,NA,NA,NA,NA,NA,81,NA,NA,NA,73,AKW,0,NA,NA,NA,NA,NA
706,Eurillas latirostris,Yellow-whiskered Greenbul,1421731.938,NA,NA,NA,Passeriformes,Pycnonotidae (Bulbuls),77697,6508367,545151796,TRUE,FALSE,Eurillas latirostris,Passeriformes,Pycnonotidae (Bulbuls),77697,6508367,545151796,TRUE,FALSE,787,AVIBASE-728B225E,Eurillas latirostris,Eurillas latirostris,Andropadus latirostris,2,Field1,NA,F,0,,NA,Equatorial Guinea,NA,NA,NA,NA,NA,NA,80,NA,NA,NA,75,JHW,0,NA,NA,NA,NA,NA
707,Eurillas latirostris,Yellow-whiskered Greenbul,1421731.938,NA,NA,NA,Passeriformes,Pycnonotidae (Bulbuls),77697,6508367,545151796,TRUE,FALSE,Eurillas latirostris,Passeriformes,Pycnonotidae (Bulbuls),77697,6508367,545151796,TRUE,FALSE,788,AVIBASE-728B225E,Eurillas latirostris,Eurillas latirostris,Andropadus latirostris,2,Field1,NA,F,0,,NA,Equatorial Guinea,NA,NA,NA,NA,NA,NA,78,NA,NA,NA,74,JHW,0,NA,NA,NA,NA,NA
708,Eurillas latirostris,Yellow-whiskered Greenbul,1421731.938,NA,NA,NA,Passeriformes,Pycnonotidae (Bulbuls),77697,6508367,545151796,TRUE,FALSE,Eurillas latirostris,Passeriformes,Pycnonotidae (Bulbuls),77697,6508367,545151796,TRUE,FALSE,789,AVIBASE-728B225E,Eurillas latirostris,Eurillas latirostris,Andropadus latirostris,2,Field1,NA,F,0,,NA,Equatorial Guinea,NA,NA,NA,NA,NA,NA,75,NA,NA,NA,71,CJ,0,NA,NA,NA,NA,NA
709,Eurillas latirostris,Yellow-whiskered Greenbul,1421731.938,NA,NA,NA,Passeriformes,Pycnonotidae (Bulbuls),77697,6508367,545151796,TRUE,FALSE,Eurillas latirostris,Passeriformes,Pycnonotidae (Bulbuls),77697,6508367,545151796,TRUE,FALSE,790,AVIBASE-728B225E,Eurillas latirostris,Eurillas latirostris,Andropadus latirostris,2,Field1,NA,U,0,,NA,Equatorial Guinea,NA,NA,NA,NA,NA,NA,78,NA,NA,NA,69,AKW,0,NA,NA,NA,NA,NA
710,Eurillas latirostris,Yellow-whiskered Greenbul,1421731.938,NA,NA,NA,Passeriformes,Pycnonotidae (Bulbuls),77697,6508367,545151796,TRUE,FALSE,Eurillas latirostris,Passeriformes,Pycnonotidae (Bulbuls),77697,6508367,545151796,TRUE,FALSE,791,AVIBASE-728B225E,Eurillas latirostris,Eurillas latirostris,Andropadus latirostris,2,Field1,NA,F,0,,NA,Equatorial Guinea,NA,NA,NA,NA,NA,NA,78,NA,NA,NA,70,LLP,0,NA,NA,NA,NA,NA
711,Eurillas latirostris,Yellow-whiskered Greenbul,1421731.938,NA,NA,NA,Passeriformes,Pycnonotidae (Bulbuls),77697,6508367,545151796,TRUE,FALSE,Eurillas latirostris,Passeriformes,Pycnonotidae (Bulbuls),77697,6508367,545151796,TRUE,FALSE,792,AVIBASE-728B225E,Eurillas latirostris,Eurillas latirostris,Andropadus latirostris,2,Field1,NA,U,0,,NA,Equatorial Guinea,NA,NA,NA,NA,NA,NA,83,NA,NA,NA,80,CAY,0,NA,NA,NA,NA,NA
712,Eurillas latirostris,Yellow-whiskered Greenbul,1421731.938,NA,NA,NA,Passeriformes,Pycnonotidae (Bulbuls),77697,6508367,545151796,TRUE,FALSE,Eurillas latirostris,Passeriformes,Pycnonotidae (Bulbuls),77697,6508367,545151796,TRUE,FALSE,793,AVIBASE-728B225E,Eurillas latirostris,Eurillas latirostris,Andropadus latirostris,2,Field1,NA,U,0,,NA,Equatorial Guinea,NA,NA,NA,NA,NA,NA,89,NA,NA,NA,71,CAY,0,NA,NA,NA,NA,NA
713,Eurillas latirostris,Yellow-whiskered Greenbul,1421731.938,NA,NA,NA,Passeriformes,Pycnonotidae (Bulbuls),77697,6508367,545151796,TRUE,FALSE,Eurillas latirostris,Passeriformes,Pycnonotidae (Bulbuls),77697,6508367,545151796,TRUE,FALSE,794,AVIBASE-728B225E,Eurillas latirostris,Eurillas latirostris,Andropadus latirostris,2,Field1,NA,U,0,,NA,Equatorial Guinea,NA,NA,NA,NA,NA,NA,83,NA,NA,NA,75,JDW,0,NA,NA,NA,NA,NA
714,Eurillas latirostris,Yellow-whiskered Greenbul,1421731.938,NA,NA,NA,Passeriformes,Pycnonotidae (Bulbuls),77697,6508367,545151796,TRUE,FALSE,Eurillas latirostris,Passeriformes,Pycnonotidae (Bulbuls),77697,6508367,545151796,TRUE,FALSE,795,AVIBASE-728B225E,Eurillas latirostris,Eurillas latirostris,Andropadus latirostris,2,Field1,NA,U,0,,NA,Equatorial Guinea,NA,NA,NA,NA,NA,NA,82,NA,NA,NA,75,JHW,0,NA,NA,NA,NA,NA
715,Eurillas latirostris,Yellow-whiskered Greenbul,1421731.938,NA,NA,NA,Passeriformes,Pycnonotidae (Bulbuls),77697,6508367,545151796,TRUE,FALSE,Eurillas latirostris,Passeriformes,Pycnonotidae (Bulbuls),77697,6508367,545151796,TRUE,FALSE,796,AVIBASE-728B225E,Eurillas latirostris,Eurillas latirostris,Andropadus latirostris,2,Field1,NA,U,0,,NA,Equatorial Guinea,NA,NA,NA,NA,NA,NA,83,NA,NA,NA,76,LLP,0,NA,NA,NA,NA,NA
716,Eurillas latirostris,Yellow-whiskered Greenbul,1421731.938,NA,NA,NA,Passeriformes,Pycnonotidae (Bulbuls),77697,6508367,545151796,TRUE,FALSE,Eurillas latirostris,Passeriformes,Pycnonotidae (Bulbuls),77697,6508367,545151796,TRUE,FALSE,797,AVIBASE-728B225E,Eurillas latirostris,Eurillas latirostris,Andropadus latirostris,2,Field1,NA,U,0,,NA,Equatorial Guinea,NA,NA,NA,NA,NA,NA,84,NA,NA,NA,83,JDW,0,NA,NA,NA,NA,NA
717,Eurillas latirostris,Yellow-whiskered Greenbul,1421731.938,NA,NA,NA,Passeriformes,Pycnonotidae (Bulbuls),77697,6508367,545151796,TRUE,FALSE,Eurillas latirostris,Passeriformes,Pycnonotidae (Bulbuls),77697,6508367,545151796,TRUE,FALSE,798,AVIBASE-728B225E,Eurillas latirostris,Eurillas latirostris,Andropadus latirostris,2,Field1,NA,F,0,,NA,Equatorial Guinea,NA,NA,NA,NA,NA,NA,75,NA,NA,NA,71,JDW,0,NA,NA,NA,NA,NA
718,Eurillas latirostris,Yellow-whiskered Greenbul,1421731.938,NA,NA,NA,Passeriformes,Pycnonotidae (Bulbuls),77697,6508367,545151796,TRUE,FALSE,Eurillas latirostris,Passeriformes,Pycnonotidae (Bulbuls),77697,6508367,545151796,TRUE,FALSE,799,AVIBASE-728B225E,Eurillas latirostris,Eurillas latirostris,Andropadus latirostris,2,Field1,NA,U,0,,NA,Equatorial Guinea,NA,NA,NA,NA,NA,NA,75,NA,NA,NA,73,JDW,0,NA,NA,NA,NA,NA
719,Eurillas latirostris,Yellow-whiskered Greenbul,1421731.938,NA,NA,NA,Passeriformes,Pycnonotidae (Bulbuls),77697,6508367,545151796,TRUE,FALSE,Eurillas latirostris,Passeriformes,Pycnonotidae (Bulbuls),77697,6508367,545151796,TRUE,FALSE,800,AVIBASE-728B225E,Eurillas latirostris,Eurillas latirostris,Andropadus latirostris,2,Field1,NA,U,0,,NA,Equatorial Guinea,NA,NA,NA,NA,NA,NA,82,NA,NA,NA,74,CAY,0,NA,NA,NA,NA,NA
720,Eurillas latirostris,Yellow-whiskered Greenbul,1421731.938,NA,NA,NA,Passeriformes,Pycnonotidae (Bulbuls),77697,6508367,545151796,TRUE,FALSE,Eurillas latirostris,Passeriformes,Pycnonotidae (Bulbuls),77697,6508367,545151796,TRUE,FALSE,801,AVIBASE-728B225E,Eurillas latirostris,Eurillas latirostris,Andropadus latirostris,2,Field1,NA,U,0,,NA,Equatorial Guinea,NA,NA,NA,NA,NA,NA,73,NA,NA,NA,66,CAY,0,NA,NA,NA,NA,NA
721,Eurillas latirostris,Yellow-whiskered Greenbul,1421731.938,NA,NA,NA,Passeriformes,Pycnonotidae (Bulbuls),77697,6508367,545151796,TRUE,FALSE,Eurillas latirostris,Passeriformes,Pycnonotidae (Bulbuls),77697,6508367,545151796,TRUE,FALSE,802,AVIBASE-728B225E,Eurillas latirostris,Eurillas latirostris,Andropadus latirostris,2,Field1,NA,U,0,,NA,Equatorial Guinea,NA,NA,NA,NA,NA,NA,80,NA,NA,NA,82,KEB,0,NA,NA,NA,NA,NA
722,Eurillas latirostris,Yellow-whiskered Greenbul,1421731.938,NA,NA,NA,Passeriformes,Pycnonotidae (Bulbuls),77697,6508367,545151796,TRUE,FALSE,Eurillas latirostris,Passeriformes,Pycnonotidae (Bulbuls),77697,6508367,545151796,TRUE,FALSE,803,AVIBASE-728B225E,Eurillas latirostris,Eurillas latirostris,Andropadus latirostris,2,Field1,NA,U,0,,NA,Equatorial Guinea,NA,NA,NA,NA,NA,NA,78,NA,NA,NA,69,CAY,0,NA,NA,NA,NA,NA
723,Eurillas latirostris,Yellow-whiskered Greenbul,1421731.938,NA,NA,NA,Passeriformes,Pycnonotidae (Bulbuls),77697,6508367,545151796,TRUE,FALSE,Eurillas latirostris,Passeriformes,Pycnonotidae (Bulbuls),77697,6508367,545151796,TRUE,FALSE,804,AVIBASE-728B225E,Eurillas latirostris,Eurillas latirostris,Andropadus latirostris,2,Field1,NA,F,0,,NA,Equatorial Guinea,NA,NA,NA,NA,NA,NA,75,NA,NA,NA,71,JDW,0,NA,NA,NA,NA,NA
724,Eurillas latirostris,Yellow-whiskered Greenbul,1421731.938,NA,NA,NA,Passeriformes,Pycnonotidae (Bulbuls),77697,6508367,545151796,TRUE,FALSE,Eurillas latirostris,Passeriformes,Pycnonotidae (Bulbuls),77697,6508367,545151796,TRUE,FALSE,805,AVIBASE-728B225E,Eurillas latirostris,Eurillas latirostris,Andropadus latirostris,2,Field1,NA,U,0,,NA,Equatorial Guinea,NA,NA,NA,NA,NA,NA,79,NA,NA,NA,71,LLP,0,NA,NA,NA,NA,NA
725,Eurillas latirostris,Yellow-whiskered Greenbul,1421731.938,NA,NA,NA,Passeriformes,Pycnonotidae (Bulbuls),77697,6508367,545151796,TRUE,FALSE,Eurillas latirostris,Passeriformes,Pycnonotidae (Bulbuls),77697,6508367,545151796,TRUE,FALSE,806,AVIBASE-728B225E,Eurillas latirostris,Eurillas latirostris,Andropadus latirostris,2,Field1,NA,U,0,,NA,Equatorial Guinea,NA,NA,NA,NA,NA,NA,80,NA,NA,NA,77,JDW,0,NA,NA,NA,NA,NA
726,Eurillas latirostris,Yellow-whiskered Greenbul,1421731.938,NA,NA,NA,Passeriformes,Pycnonotidae (Bulbuls),77697,6508367,545151796,TRUE,FALSE,Eurillas latirostris,Passeriformes,Pycnonotidae (Bulbuls),77697,6508367,545151796,TRUE,FALSE,807,AVIBASE-728B225E,Eurillas latirostris,Eurillas latirostris,Andropadus latirostris,2,Field1,NA,U,0,,NA,Equatorial Guinea,NA,NA,NA,NA,NA,NA,81,NA,NA,NA,NA,LLP,0,NA,NA,NA,NA,NA
727,Eurillas latirostris,Yellow-whiskered Greenbul,1421731.938,NA,NA,NA,Passeriformes,Pycnonotidae (Bulbuls),77697,6508367,545151796,TRUE,FALSE,Eurillas latirostris,Passeriformes,Pycnonotidae (Bulbuls),77697,6508367,545151796,TRUE,FALSE,808,AVIBASE-728B225E,Eurillas latirostris,Eurillas latirostris,Andropadus latirostris,2,Field1,NA,U,0,,NA,Equatorial Guinea,NA,NA,NA,NA,NA,NA,76,NA,NA,NA,71,LLP,0,NA,NA,NA,NA,NA
728,Eurillas latirostris,Yellow-whiskered Greenbul,1421731.938,NA,NA,NA,Passeriformes,Pycnonotidae (Bulbuls),77697,6508367,545151796,TRUE,FALSE,Eurillas latirostris,Passeriformes,Pycnonotidae (Bulbuls),77697,6508367,545151796,TRUE,FALSE,809,AVIBASE-728B225E,Eurillas latirostris,Eurillas latirostris,Andropadus latirostris,2,Field1,NA,F,0,,NA,Equatorial Guinea,NA,NA,NA,NA,NA,NA,74,NA,NA,NA,NA,LLP,0,NA,NA,NA,NA,NA
729,Eurillas latirostris,Yellow-whiskered Greenbul,1421731.938,NA,NA,NA,Passeriformes,Pycnonotidae (Bulbuls),77697,6508367,545151796,TRUE,FALSE,Eurillas latirostris,Passeriformes,Pycnonotidae (Bulbuls),77697,6508367,545151796,TRUE,FALSE,810,AVIBASE-728B225E,Eurillas latirostris,Eurillas latirostris,Andropadus latirostris,2,Field1,NA,U,0,,NA,Equatorial Guinea,NA,NA,NA,NA,NA,NA,84,NA,NA,NA,77,LLP,0,NA,NA,NA,NA,NA
730,Eurillas latirostris,Yellow-whiskered Greenbul,1421731.938,NA,NA,NA,Passeriformes,Pycnonotidae (Bulbuls),77697,6508367,545151796,TRUE,FALSE,Eurillas latirostris,Passeriformes,Pycnonotidae (Bulbuls),77697,6508367,545151796,TRUE,FALSE,811,AVIBASE-728B225E,Eurillas latirostris,Eurillas latirostris,Andropadus latirostris,2,Field1,NA,U,0,,NA,Equatorial Guinea,NA,NA,NA,NA,NA,NA,82,NA,NA,NA,76,LLP,0,NA,NA,NA,NA,NA
731,Eurillas latirostris,Yellow-whiskered Greenbul,1421731.938,NA,NA,NA,Passeriformes,Pycnonotidae (Bulbuls),77697,6508367,545151796,TRUE,FALSE,Eurillas latirostris,Passeriformes,Pycnonotidae (Bulbuls),77697,6508367,545151796,TRUE,FALSE,812,AVIBASE-728B225E,Eurillas latirostris,Eurillas latirostris,Andropadus latirostris,2,Field1,NA,U,0,,NA,Equatorial Guinea,NA,NA,NA,NA,NA,NA,76,NA,NA,NA,74,JDW,0,NA,NA,NA,NA,NA
732,Eurillas latirostris,Yellow-whiskered Greenbul,1421731.938,NA,NA,NA,Passeriformes,Pycnonotidae (Bulbuls),77697,6508367,545151796,TRUE,FALSE,Eurillas latirostris,Passeriformes,Pycnonotidae (Bulbuls),77697,6508367,545151796,TRUE,FALSE,813,AVIBASE-728B225E,Eurillas latirostris,Eurillas latirostris,Andropadus latirostris,2,Field1,NA,F,0,,NA,Equatorial Guinea,NA,NA,NA,NA,NA,NA,79,NA,NA,NA,68,JDW,0,NA,NA,NA,NA,NA
733,Eurillas latirostris,Yellow-whiskered Greenbul,1421731.938,NA,NA,NA,Passeriformes,Pycnonotidae (Bulbuls),77697,6508367,545151796,TRUE,FALSE,Eurillas latirostris,Passeriformes,Pycnonotidae (Bulbuls),77697,6508367,545151796,TRUE,FALSE,814,AVIBASE-728B225E,Eurillas latirostris,Eurillas latirostris,Andropadus latirostris,2,Field1,NA,U,0,,NA,Equatorial Guinea,NA,NA,NA,NA,NA,NA,82,NA,NA,NA,74,LLP,0,NA,NA,NA,NA,NA
734,Eurillas latirostris,Yellow-whiskered Greenbul,1421731.938,NA,NA,NA,Passeriformes,Pycnonotidae (Bulbuls),77697,6508367,545151796,TRUE,FALSE,Eurillas latirostris,Passeriformes,Pycnonotidae (Bulbuls),77697,6508367,545151796,TRUE,FALSE,815,AVIBASE-728B225E,Eurillas latirostris,Eurillas latirostris,Andropadus latirostris,2,Field1,NA,F,0,,NA,Equatorial Guinea,NA,NA,NA,NA,NA,NA,78,NA,NA,NA,75,JDW,0,NA,NA,NA,NA,NA
735,Eurillas latirostris,Yellow-whiskered Greenbul,1421731.938,NA,NA,NA,Passeriformes,Pycnonotidae (Bulbuls),77697,6508367,545151796,TRUE,FALSE,Eurillas latirostris,Passeriformes,Pycnonotidae (Bulbuls),77697,6508367,545151796,TRUE,FALSE,816,AVIBASE-728B225E,Eurillas latirostris,Eurillas latirostris,Andropadus latirostris,2,Field1,NA,F,0,,NA,Equatorial Guinea,NA,NA,NA,NA,NA,NA,78,NA,NA,NA,74,JDW,0,NA,NA,NA,NA,NA
736,Eurillas latirostris,Yellow-whiskered Greenbul,1421731.938,NA,NA,NA,Passeriformes,Pycnonotidae (Bulbuls),77697,6508367,545151796,TRUE,FALSE,Eurillas latirostris,Passeriformes,Pycnonotidae (Bulbuls),77697,6508367,545151796,TRUE,FALSE,817,AVIBASE-728B225E,Eurillas latirostris,Eurillas latirostris,Andropadus latirostris,2,Field1,NA,F,0,,NA,Equatorial Guinea,NA,NA,NA,NA,NA,NA,78,NA,NA,NA,75,JDW,0,NA,NA,NA,NA,NA
737,Eurillas latirostris,Yellow-whiskered Greenbul,1421731.938,NA,NA,NA,Passeriformes,Pycnonotidae (Bulbuls),77697,6508367,545151796,TRUE,FALSE,Eurillas latirostris,Passeriformes,Pycnonotidae (Bulbuls),77697,6508367,545151796,TRUE,FALSE,818,AVIBASE-728B225E,Eurillas latirostris,Eurillas latirostris,Andropadus latirostris,2,Field1,NA,F,0,,NA,Equatorial Guinea,NA,NA,NA,NA,NA,NA,73,NA,NA,NA,71,JHW,0,NA,NA,NA,NA,NA
738,Eurillas latirostris,Yellow-whiskered Greenbul,1421731.938,NA,NA,NA,Passeriformes,Pycnonotidae (Bulbuls),77697,6508367,545151796,TRUE,FALSE,Eurillas latirostris,Passeriformes,Pycnonotidae (Bulbuls),77697,6508367,545151796,TRUE,FALSE,819,AVIBASE-728B225E,Eurillas latirostris,Eurillas latirostris,Andropadus latirostris,2,Field1,NA,U,0,,NA,Equatorial Guinea,NA,NA,NA,NA,NA,NA,78,NA,NA,NA,71,JHW,0,NA,NA,NA,NA,NA
739,Eurillas latirostris,Yellow-whiskered Greenbul,1421731.938,NA,NA,NA,Passeriformes,Pycnonotidae (Bulbuls),77697,6508367,545151796,TRUE,FALSE,Eurillas latirostris,Passeriformes,Pycnonotidae (Bulbuls),77697,6508367,545151796,TRUE,FALSE,820,AVIBASE-728B225E,Eurillas latirostris,Eurillas latirostris,Andropadus latirostris,2,Field1,NA,M,0,,NA,Equatorial Guinea,NA,NA,NA,NA,NA,NA,81,NA,NA,NA,77,JDW,0,NA,NA,NA,NA,NA
740,Eurillas latirostris,Yellow-whiskered Greenbul,1421731.938,NA,NA,NA,Passeriformes,Pycnonotidae (Bulbuls),77697,6508367,545151796,TRUE,FALSE,Eurillas latirostris,Passeriformes,Pycnonotidae (Bulbuls),77697,6508367,545151796,TRUE,FALSE,821,AVIBASE-728B225E,Eurillas latirostris,Eurillas latirostris,Andropadus latirostris,2,Field1,NA,U,0,,NA,Equatorial Guinea,NA,NA,NA,NA,NA,NA,82,NA,NA,NA,77,JDW,0,NA,NA,NA,NA,NA
741,Eurillas latirostris,Yellow-whiskered Greenbul,1421731.938,NA,NA,NA,Passeriformes,Pycnonotidae (Bulbuls),77697,6508367,545151796,TRUE,FALSE,Eurillas latirostris,Passeriformes,Pycnonotidae (Bulbuls),77697,6508367,545151796,TRUE,FALSE,822,AVIBASE-728B225E,Eurillas latirostris,Eurillas latirostris,Andropadus latirostris,2,Field1,NA,U,0,,NA,Equatorial Guinea,NA,NA,NA,NA,NA,NA,77,NA,NA,NA,71,JHW,0,NA,NA,NA,NA,NA
742,Eurillas latirostris,Yellow-whiskered Greenbul,1421731.938,NA,NA,NA,Passeriformes,Pycnonotidae (Bulbuls),77697,6508367,545151796,TRUE,FALSE,Eurillas latirostris,Passeriformes,Pycnonotidae (Bulbuls),77697,6508367,545151796,TRUE,FALSE,823,AVIBASE-728B225E,Eurillas latirostris,Eurillas latirostris,Andropadus latirostris,2,Field1,NA,M,0,,NA,Equatorial Guinea,NA,NA,NA,NA,NA,NA,85,NA,NA,NA,70,SAL,0,NA,NA,NA,NA,NA
743,Eurillas latirostris,Yellow-whiskered Greenbul,1421731.938,NA,NA,NA,Passeriformes,Pycnonotidae (Bulbuls),77697,6508367,545151796,TRUE,FALSE,Eurillas latirostris,Passeriformes,Pycnonotidae (Bulbuls),77697,6508367,545151796,TRUE,FALSE,824,AVIBASE-728B225E,Eurillas latirostris,Eurillas latirostris,Andropadus latirostris,2,Field1,NA,U,0,,NA,Equatorial Guinea,NA,NA,NA,NA,NA,NA,87,NA,NA,NA,77,JHW,0,NA,NA,NA,NA,NA
744,Eurillas latirostris,Yellow-whiskered Greenbul,1421731.938,NA,NA,NA,Passeriformes,Pycnonotidae (Bulbuls),77697,6508367,545151796,TRUE,FALSE,Eurillas latirostris,Passeriformes,Pycnonotidae (Bulbuls),77697,6508367,545151796,TRUE,FALSE,825,AVIBASE-728B225E,Eurillas latirostris,Eurillas latirostris,Andropadus latirostris,2,Field1,NA,U,0,,NA,Equatorial Guinea,NA,NA,NA,NA,NA,NA,83,NA,NA,NA,74,JHW,0,NA,NA,NA,NA,NA
745,Eurillas latirostris,Yellow-whiskered Greenbul,1421731.938,NA,NA,NA,Passeriformes,Pycnonotidae (Bulbuls),77697,6508367,545151796,TRUE,FALSE,Eurillas latirostris,Passeriformes,Pycnonotidae (Bulbuls),77697,6508367,545151796,TRUE,FALSE,826,AVIBASE-728B225E,Eurillas latirostris,Eurillas latirostris,Andropadus latirostris,2,Field1,NA,U,0,,NA,Equatorial Guinea,NA,NA,NA,NA,NA,NA,87,NA,NA,NA,71,JHW,0,NA,NA,NA,NA,NA
746,Eurillas latirostris,Yellow-whiskered Greenbul,1421731.938,NA,NA,NA,Passeriformes,Pycnonotidae (Bulbuls),77697,6508367,545151796,TRUE,FALSE,Eurillas latirostris,Passeriformes,Pycnonotidae (Bulbuls),77697,6508367,545151796,TRUE,FALSE,827,AVIBASE-728B225E,Eurillas latirostris,Eurillas latirostris,Andropadus latirostris,2,Field1,NA,U,0,,NA,Equatorial Guinea,NA,NA,NA,NA,NA,NA,87,NA,NA,NA,81,SAL,0,NA,NA,NA,NA,NA
747,Eurillas latirostris,Yellow-whiskered Greenbul,1421731.938,NA,NA,NA,Passeriformes,Pycnonotidae (Bulbuls),77697,6508367,545151796,TRUE,FALSE,Eurillas latirostris,Passeriformes,Pycnonotidae (Bulbuls),77697,6508367,545151796,TRUE,FALSE,828,AVIBASE-728B225E,Eurillas latirostris,Eurillas latirostris,Andropadus latirostris,2,Field1,NA,U,0,,NA,Equatorial Guinea,NA,NA,NA,NA,NA,NA,83,NA,NA,NA,79,JHW,0,NA,NA,NA,NA,NA
748,Eurillas latirostris,Yellow-whiskered Greenbul,1421731.938,NA,NA,NA,Passeriformes,Pycnonotidae (Bulbuls),77697,6508367,545151796,TRUE,FALSE,Eurillas latirostris,Passeriformes,Pycnonotidae (Bulbuls),77697,6508367,545151796,TRUE,FALSE,829,AVIBASE-728B225E,Eurillas latirostris,Eurillas latirostris,Andropadus latirostris,2,Field1,NA,U,0,,NA,Equatorial Guinea,NA,NA,NA,NA,NA,NA,78,NA,NA,NA,73,JHW,0,NA,NA,NA,NA,NA
749,Eurillas latirostris,Yellow-whiskered Greenbul,1421731.938,NA,NA,NA,Passeriformes,Pycnonotidae (Bulbuls),77697,6508367,545151796,TRUE,FALSE,Eurillas latirostris,Passeriformes,Pycnonotidae (Bulbuls),77697,6508367,545151796,TRUE,FALSE,830,AVIBASE-728B225E,Eurillas latirostris,Eurillas latirostris,Andropadus latirostris,2,Field1,NA,M,0,,NA,Equatorial Guinea,NA,NA,NA,NA,NA,NA,81,NA,NA,NA,79,JHW,0,NA,NA,NA,NA,NA
750,Eurillas latirostris,Yellow-whiskered Greenbul,1421731.938,NA,NA,NA,Passeriformes,Pycnonotidae (Bulbuls),77697,6508367,545151796,TRUE,FALSE,Eurillas latirostris,Passeriformes,Pycnonotidae (Bulbuls),77697,6508367,545151796,TRUE,FALSE,831,AVIBASE-728B225E,Eurillas latirostris,Eurillas latirostris,Andropadus latirostris,2,Field1,NA,U,0,,NA,Equatorial Guinea,NA,NA,NA,NA,NA,NA,78,NA,NA,NA,74,AKW,0,NA,NA,NA,NA,NA
751,Eurillas latirostris,Yellow-whiskered Greenbul,1421731.938,NA,NA,NA,Passeriformes,Pycnonotidae (Bulbuls),77697,6508367,545151796,TRUE,FALSE,Eurillas latirostris,Passeriformes,Pycnonotidae (Bulbuls),77697,6508367,545151796,TRUE,FALSE,832,AVIBASE-728B225E,Eurillas latirostris,Eurillas latirostris,Andropadus latirostris,2,Field1,NA,U,0,,NA,Equatorial Guinea,NA,NA,NA,NA,NA,NA,83,NA,NA,NA,76,AKW,0,NA,NA,NA,NA,NA
752,Eurillas latirostris,Yellow-whiskered Greenbul,1421731.938,NA,NA,NA,Passeriformes,Pycnonotidae (Bulbuls),77697,6508367,545151796,TRUE,FALSE,Eurillas latirostris,Passeriformes,Pycnonotidae (Bulbuls),77697,6508367,545151796,TRUE,FALSE,833,AVIBASE-728B225E,Eurillas latirostris,Eurillas latirostris,Andropadus latirostris,2,Field1,NA,U,0,,NA,Equatorial Guinea,NA,NA,NA,NA,NA,NA,82,NA,NA,NA,77,JHW,0,NA,NA,NA,NA,NA
753,Eurillas latirostris,Yellow-whiskered Greenbul,1421731.938,NA,NA,NA,Passeriformes,Pycnonotidae (Bulbuls),77697,6508367,545151796,TRUE,FALSE,Eurillas latirostris,Passeriformes,Pycnonotidae (Bulbuls),77697,6508367,545151796,TRUE,FALSE,834,AVIBASE-728B225E,Eurillas latirostris,Eurillas latirostris,Andropadus latirostris,2,Field1,NA,U,0,,NA,Equatorial Guinea,NA,NA,NA,NA,NA,NA,79,NA,NA,NA,78,AKW,0,NA,NA,NA,NA,NA
754,Eurillas latirostris,Yellow-whiskered Greenbul,1421731.938,NA,NA,NA,Passeriformes,Pycnonotidae (Bulbuls),77697,6508367,545151796,TRUE,FALSE,Eurillas latirostris,Passeriformes,Pycnonotidae (Bulbuls),77697,6508367,545151796,TRUE,FALSE,835,AVIBASE-728B225E,Eurillas latirostris,Eurillas latirostris,Andropadus latirostris,2,Field1,NA,U,0,,NA,Equatorial Guinea,NA,NA,NA,NA,NA,NA,77,NA,NA,NA,73,JHW,0,NA,NA,NA,NA,NA
755,Eurillas latirostris,Yellow-whiskered Greenbul,1421731.938,NA,NA,NA,Passeriformes,Pycnonotidae (Bulbuls),77697,6508367,545151796,TRUE,FALSE,Eurillas latirostris,Passeriformes,Pycnonotidae (Bulbuls),77697,6508367,545151796,TRUE,FALSE,836,AVIBASE-728B225E,Eurillas latirostris,Eurillas latirostris,Andropadus latirostris,2,Field1,NA,F,0,,NA,Equatorial Guinea,NA,NA,NA,NA,NA,NA,79,NA,NA,NA,73,LLP,0,NA,NA,NA,NA,NA
756,Eurillas latirostris,Yellow-whiskered Greenbul,1421731.938,NA,NA,NA,Passeriformes,Pycnonotidae (Bulbuls),77697,6508367,545151796,TRUE,FALSE,Eurillas latirostris,Passeriformes,Pycnonotidae (Bulbuls),77697,6508367,545151796,TRUE,FALSE,837,AVIBASE-728B225E,Eurillas latirostris,Eurillas latirostris,Andropadus latirostris,2,Field1,NA,M,0,,NA,Equatorial Guinea,NA,NA,NA,NA,NA,NA,82,NA,NA,NA,79,CJ,0,NA,NA,NA,NA,NA
757,Eurillas latirostris,Yellow-whiskered Greenbul,1421731.938,NA,NA,NA,Passeriformes,Pycnonotidae (Bulbuls),77697,6508367,545151796,TRUE,FALSE,Eurillas latirostris,Passeriformes,Pycnonotidae (Bulbuls),77697,6508367,545151796,TRUE,FALSE,838,AVIBASE-728B225E,Eurillas latirostris,Eurillas latirostris,Andropadus latirostris,2,Field1,NA,U,0,,NA,Equatorial Guinea,NA,NA,NA,NA,NA,NA,82,NA,NA,NA,79,JHW,0,NA,NA,NA,NA,NA
758,Eurillas latirostris,Yellow-whiskered Greenbul,1421731.938,NA,NA,NA,Passeriformes,Pycnonotidae (Bulbuls),77697,6508367,545151796,TRUE,FALSE,Eurillas latirostris,Passeriformes,Pycnonotidae (Bulbuls),77697,6508367,545151796,TRUE,FALSE,839,AVIBASE-728B225E,Eurillas latirostris,Eurillas latirostris,Andropadus latirostris,2,Field1,NA,M,0,,NA,Equatorial Guinea,NA,NA,NA,NA,NA,NA,85,NA,NA,NA,81,JHW,0,NA,NA,NA,NA,NA
759,Eurillas latirostris,Yellow-whiskered Greenbul,1421731.938,NA,NA,NA,Passeriformes,Pycnonotidae (Bulbuls),77697,6508367,545151796,TRUE,FALSE,Eurillas latirostris,Passeriformes,Pycnonotidae (Bulbuls),77697,6508367,545151796,TRUE,FALSE,840,AVIBASE-728B225E,Eurillas latirostris,Eurillas latirostris,Andropadus latirostris,2,Field1,NA,U,0,,NA,Equatorial Guinea,NA,NA,NA,NA,NA,NA,83,NA,NA,NA,NA,JHW,0,NA,NA,NA,NA,NA
760,Eurillas latirostris,Yellow-whiskered Greenbul,1421731.938,NA,NA,NA,Passeriformes,Pycnonotidae (Bulbuls),77697,6508367,545151796,TRUE,FALSE,Eurillas latirostris,Passeriformes,Pycnonotidae (Bulbuls),77697,6508367,545151796,TRUE,FALSE,841,AVIBASE-728B225E,Eurillas latirostris,Eurillas latirostris,Andropadus latirostris,2,Field1,NA,U,0,,NA,Equatorial Guinea,NA,NA,NA,NA,NA,NA,85,NA,NA,NA,NA,JHW,0,NA,NA,NA,NA,NA
761,Eurillas latirostris,Yellow-whiskered Greenbul,1421731.938,NA,NA,NA,Passeriformes,Pycnonotidae (Bulbuls),77697,6508367,545151796,TRUE,FALSE,Eurillas latirostris,Passeriformes,Pycnonotidae (Bulbuls),77697,6508367,545151796,TRUE,FALSE,842,AVIBASE-728B225E,Eurillas latirostris,Eurillas latirostris,Andropadus latirostris,2,Field1,NA,U,0,,NA,Equatorial Guinea,NA,NA,NA,NA,NA,NA,75,NA,NA,NA,71,JHW,0,NA,NA,NA,NA,NA
762,Eurillas latirostris,Yellow-whiskered Greenbul,1421731.938,NA,NA,NA,Passeriformes,Pycnonotidae (Bulbuls),77697,6508367,545151796,TRUE,FALSE,Eurillas latirostris,Passeriformes,Pycnonotidae (Bulbuls),77697,6508367,545151796,TRUE,FALSE,843,AVIBASE-728B225E,Eurillas latirostris,Eurillas latirostris,Andropadus latirostris,2,Field1,NA,U,0,,NA,Equatorial Guinea,NA,NA,NA,NA,NA,NA,74,NA,NA,NA,70,JHW,0,NA,NA,NA,NA,NA
763,Eurillas latirostris,Yellow-whiskered Greenbul,1421731.938,NA,NA,NA,Passeriformes,Pycnonotidae (Bulbuls),77697,6508367,545151796,TRUE,FALSE,Eurillas latirostris,Passeriformes,Pycnonotidae (Bulbuls),77697,6508367,545151796,TRUE,FALSE,844,AVIBASE-728B225E,Eurillas latirostris,Eurillas latirostris,Andropadus latirostris,2,Field1,NA,M,0,,NA,Equatorial Guinea,NA,NA,NA,NA,NA,NA,84,NA,NA,NA,79,JHW,0,NA,NA,NA,NA,NA
764,Eurillas latirostris,Yellow-whiskered Greenbul,1421731.938,NA,NA,NA,Passeriformes,Pycnonotidae (Bulbuls),77697,6508367,545151796,TRUE,FALSE,Eurillas latirostris,Passeriformes,Pycnonotidae (Bulbuls),77697,6508367,545151796,TRUE,FALSE,845,AVIBASE-728B225E,Eurillas latirostris,Eurillas latirostris,Andropadus latirostris,2,Field1,NA,U,0,,NA,Equatorial Guinea,NA,NA,NA,NA,NA,NA,82,NA,NA,NA,75,AKW,0,NA,NA,NA,NA,NA
765,Eurillas latirostris,Yellow-whiskered Greenbul,1421731.938,NA,NA,NA,Passeriformes,Pycnonotidae (Bulbuls),77697,6508367,545151796,TRUE,FALSE,Eurillas latirostris,Passeriformes,Pycnonotidae (Bulbuls),77697,6508367,545151796,TRUE,FALSE,846,AVIBASE-728B225E,Eurillas latirostris,Eurillas latirostris,Andropadus latirostris,2,Field1,NA,M,0,,NA,Equatorial Guinea,NA,NA,NA,NA,NA,NA,86,NA,NA,NA,81,JHW,0,NA,NA,NA,NA,NA
766,Eurillas latirostris,Yellow-whiskered Greenbul,1421731.938,NA,NA,NA,Passeriformes,Pycnonotidae (Bulbuls),77697,6508367,545151796,TRUE,FALSE,Eurillas latirostris,Passeriformes,Pycnonotidae (Bulbuls),77697,6508367,545151796,TRUE,FALSE,847,AVIBASE-728B225E,Eurillas latirostris,Eurillas latirostris,Andropadus latirostris,2,Field1,NA,U,0,,NA,Equatorial Guinea,NA,NA,NA,NA,NA,NA,77,NA,NA,NA,72,AKW,0,NA,NA,NA,NA,NA
767,Eurillas latirostris,Yellow-whiskered Greenbul,1421731.938,NA,NA,NA,Passeriformes,Pycnonotidae (Bulbuls),77697,6508367,545151796,TRUE,FALSE,Eurillas latirostris,Passeriformes,Pycnonotidae (Bulbuls),77697,6508367,545151796,TRUE,FALSE,1091,AVIBASE-728B225E,Eurillas latirostris,Eurillas latirostris,Andropadus latirostris,2,Field1,NA,U,0,,NA,Equatorial Guinea,NA,NA,NA,NA,NA,NA,81,NA,NA,NA,72,SAL,0,NA,NA,NA,NA,NA
768,Eurillas latirostris,Yellow-whiskered Greenbul,1421731.938,NA,NA,NA,Passeriformes,Pycnonotidae (Bulbuls),77697,6508367,545151796,TRUE,FALSE,Eurillas latirostris,Passeriformes,Pycnonotidae (Bulbuls),77697,6508367,545151796,TRUE,FALSE,1092,AVIBASE-728B225E,Eurillas latirostris,Eurillas latirostris,Andropadus latirostris,2,Field1,NA,U,0,,NA,Equatorial Guinea,NA,NA,NA,NA,NA,NA,86,NA,NA,NA,82,BAK,0,NA,NA,NA,NA,NA
769,Eurillas latirostris,Yellow-whiskered Greenbul,1421731.938,NA,NA,NA,Passeriformes,Pycnonotidae (Bulbuls),77697,6508367,545151796,TRUE,FALSE,Eurillas latirostris,Passeriformes,Pycnonotidae (Bulbuls),77697,6508367,545151796,TRUE,FALSE,729,AVIBASE-728B225E,Eurillas latirostris,Eurillas latirostris,Andropadus latirostris,2,Field1,NA,U,0,,NA,Equatorial Guinea,NA,NA,NA,NA,NA,NA,83,NA,NA,NA,78,JDW,0,NA,NA,NA,NA,NA
770,Eurillas latirostris,Yellow-whiskered Greenbul,1421731.938,NA,NA,NA,Passeriformes,Pycnonotidae (Bulbuls),77697,6508367,545151796,TRUE,FALSE,Eurillas latirostris,Passeriformes,Pycnonotidae (Bulbuls),77697,6508367,545151796,TRUE,FALSE,730,AVIBASE-728B225E,Eurillas latirostris,Eurillas latirostris,Andropadus latirostris,2,Field1,NA,F,0,,NA,Equatorial Guinea,NA,NA,NA,NA,NA,NA,77,NA,NA,NA,70,CAY,0,NA,NA,NA,NA,NA
771,Eurillas latirostris,Yellow-whiskered Greenbul,1421731.938,NA,NA,NA,Passeriformes,Pycnonotidae (Bulbuls),77697,6508367,545151796,TRUE,FALSE,Eurillas latirostris,Passeriformes,Pycnonotidae (Bulbuls),77697,6508367,545151796,TRUE,FALSE,731,AVIBASE-728B225E,Eurillas latirostris,Eurillas latirostris,Andropadus latirostris,2,Field1,NA,U,0,,NA,Equatorial Guinea,NA,NA,NA,NA,NA,NA,78,NA,NA,NA,NA,LLP,0,NA,NA,NA,NA,NA
772,Eurillas latirostris,Yellow-whiskered Greenbul,1421731.938,NA,NA,NA,Passeriformes,Pycnonotidae (Bulbuls),77697,6508367,545151796,TRUE,FALSE,Eurillas latirostris,Passeriformes,Pycnonotidae (Bulbuls),77697,6508367,545151796,TRUE,FALSE,732,AVIBASE-728B225E,Eurillas latirostris,Eurillas latirostris,Andropadus latirostris,2,Field1,NA,F,0,,NA,Equatorial Guinea,NA,NA,NA,NA,NA,NA,78,NA,NA,NA,70,AME,0,NA,NA,NA,NA,NA
773,Eurillas latirostris,Yellow-whiskered Greenbul,1421731.938,NA,NA,NA,Passeriformes,Pycnonotidae (Bulbuls),77697,6508367,545151796,TRUE,FALSE,Eurillas latirostris,Passeriformes,Pycnonotidae (Bulbuls),77697,6508367,545151796,TRUE,FALSE,733,AVIBASE-728B225E,Eurillas latirostris,Eurillas latirostris,Andropadus latirostris,2,Field1,NA,U,0,,NA,Equatorial Guinea,NA,NA,NA,NA,NA,NA,80,NA,NA,NA,73,AME,0,NA,NA,NA,NA,NA
774,Eurillas latirostris,Yellow-whiskered Greenbul,1421731.938,NA,NA,NA,Passeriformes,Pycnonotidae (Bulbuls),77697,6508367,545151796,TRUE,FALSE,Eurillas latirostris,Passeriformes,Pycnonotidae (Bulbuls),77697,6508367,545151796,TRUE,FALSE,734,AVIBASE-728B225E,Eurillas latirostris,Eurillas latirostris,Andropadus latirostris,2,Field1,NA,U,0,,NA,Equatorial Guinea,NA,NA,NA,NA,NA,NA,78,NA,NA,NA,68,AME,0,NA,NA,NA,NA,NA
775,Eurillas latirostris,Yellow-whiskered Greenbul,1421731.938,NA,NA,NA,Passeriformes,Pycnonotidae (Bulbuls),77697,6508367,545151796,TRUE,FALSE,Eurillas latirostris,Passeriformes,Pycnonotidae (Bulbuls),77697,6508367,545151796,TRUE,FALSE,735,AVIBASE-728B225E,Eurillas latirostris,Eurillas latirostris,Andropadus latirostris,2,Field1,NA,U,0,,NA,Equatorial Guinea,NA,NA,NA,NA,NA,NA,78,NA,NA,NA,74,AME,0,NA,NA,NA,NA,NA
776,Eurillas latirostris,Yellow-whiskered Greenbul,1421731.938,NA,NA,NA,Passeriformes,Pycnonotidae (Bulbuls),77697,6508367,545151796,TRUE,FALSE,Eurillas latirostris,Passeriformes,Pycnonotidae (Bulbuls),77697,6508367,545151796,TRUE,FALSE,736,AVIBASE-728B225E,Eurillas latirostris,Eurillas latirostris,Andropadus latirostris,2,Field1,NA,U,0,,NA,Equatorial Guinea,NA,NA,NA,NA,NA,20.8,72,NA,NA,NA,66,AME,0,NA,NA,NA,NA,NA
777,Eurillas latirostris,Yellow-whiskered Greenbul,1421731.938,NA,NA,NA,Passeriformes,Pycnonotidae (Bulbuls),77697,6508367,545151796,TRUE,FALSE,Eurillas latirostris,Passeriformes,Pycnonotidae (Bulbuls),77697,6508367,545151796,TRUE,FALSE,737,AVIBASE-728B225E,Eurillas latirostris,Eurillas latirostris,Andropadus latirostris,2,Field1,NA,U,0,,NA,Equatorial Guinea,NA,NA,NA,NA,NA,NA,81,NA,NA,NA,78,CAY,0,NA,NA,NA,NA,NA
778,Eurillas latirostris,Yellow-whiskered Greenbul,1421731.938,NA,NA,NA,Passeriformes,Pycnonotidae (Bulbuls),77697,6508367,545151796,TRUE,FALSE,Eurillas latirostris,Passeriformes,Pycnonotidae (Bulbuls),77697,6508367,545151796,TRUE,FALSE,738,AVIBASE-728B225E,Eurillas latirostris,Eurillas latirostris,Andropadus latirostris,2,Field1,NA,U,0,,NA,Equatorial Guinea,NA,NA,NA,NA,NA,NA,78,NA,NA,NA,72,CAY,0,NA,NA,NA,NA,NA
779,Eurillas latirostris,Yellow-whiskered Greenbul,1421731.938,NA,NA,NA,Passeriformes,Pycnonotidae (Bulbuls),77697,6508367,545151796,TRUE,FALSE,Eurillas latirostris,Passeriformes,Pycnonotidae (Bulbuls),77697,6508367,545151796,TRUE,FALSE,739,AVIBASE-728B225E,Eurillas latirostris,Eurillas latirostris,Andropadus latirostris,2,Field1,NA,U,0,,NA,Equatorial Guinea,NA,NA,NA,NA,NA,NA,78,NA,NA,NA,73,CAY,0,NA,NA,NA,NA,NA
780,Eurillas latirostris,Yellow-whiskered Greenbul,1421731.938,NA,NA,NA,Passeriformes,Pycnonotidae (Bulbuls),77697,6508367,545151796,TRUE,FALSE,Eurillas latirostris,Passeriformes,Pycnonotidae (Bulbuls),77697,6508367,545151796,TRUE,FALSE,740,AVIBASE-728B225E,Eurillas latirostris,Eurillas latirostris,Andropadus latirostris,2,Field1,NA,U,0,,NA,Equatorial Guinea,NA,NA,NA,NA,NA,NA,76,NA,NA,NA,74,CJ,0,NA,NA,NA,NA,NA
781,Eurillas latirostris,Yellow-whiskered Greenbul,1421731.938,NA,NA,NA,Passeriformes,Pycnonotidae (Bulbuls),77697,6508367,545151796,TRUE,FALSE,Eurillas latirostris,Passeriformes,Pycnonotidae (Bulbuls),77697,6508367,545151796,TRUE,FALSE,741,AVIBASE-728B225E,Eurillas latirostris,Eurillas latirostris,Andropadus latirostris,2,Field1,NA,U,0,,NA,Equatorial Guinea,NA,NA,NA,NA,NA,NA,76,NA,NA,NA,68,CAY,0,NA,NA,NA,NA,NA
782,Eurillas latirostris,Yellow-whiskered Greenbul,1421731.938,NA,NA,NA,Passeriformes,Pycnonotidae (Bulbuls),77697,6508367,545151796,TRUE,FALSE,Eurillas latirostris,Passeriformes,Pycnonotidae (Bulbuls),77697,6508367,545151796,TRUE,FALSE,742,AVIBASE-728B225E,Eurillas latirostris,Eurillas latirostris,Andropadus latirostris,2,Field1,NA,U,0,,NA,Equatorial Guinea,NA,NA,NA,NA,NA,NA,81,NA,NA,NA,73,CAY,0,NA,NA,NA,NA,NA
783,Eurillas latirostris,Yellow-whiskered Greenbul,1421731.938,NA,NA,NA,Passeriformes,Pycnonotidae (Bulbuls),77697,6508367,545151796,TRUE,FALSE,Eurillas latirostris,Passeriformes,Pycnonotidae (Bulbuls),77697,6508367,545151796,TRUE,FALSE,743,AVIBASE-728B225E,Eurillas latirostris,Eurillas latirostris,Andropadus latirostris,2,Field1,NA,U,0,,NA,Equatorial Guinea,NA,NA,NA,NA,NA,NA,87,NA,NA,NA,NA,CAY,0,NA,NA,NA,NA,NA
784,Eurillas latirostris,Yellow-whiskered Greenbul,1421731.938,NA,NA,NA,Passeriformes,Pycnonotidae (Bulbuls),77697,6508367,545151796,TRUE,FALSE,Eurillas latirostris,Passeriformes,Pycnonotidae (Bulbuls),77697,6508367,545151796,TRUE,FALSE,744,AVIBASE-728B225E,Eurillas latirostris,Eurillas latirostris,Andropadus latirostris,2,Field1,NA,U,0,,NA,Equatorial Guinea,NA,NA,NA,NA,NA,NA,80,NA,NA,NA,79,CAY,0,NA,NA,NA,NA,NA
785,Eurillas latirostris,Yellow-whiskered Greenbul,1421731.938,NA,NA,NA,Passeriformes,Pycnonotidae (Bulbuls),77697,6508367,545151796,TRUE,FALSE,Eurillas latirostris,Passeriformes,Pycnonotidae (Bulbuls),77697,6508367,545151796,TRUE,FALSE,745,AVIBASE-728B225E,Eurillas latirostris,Eurillas latirostris,Andropadus latirostris,2,Field1,NA,U,0,,NA,Equatorial Guinea,NA,NA,NA,NA,NA,NA,75,NA,NA,NA,71,CAY,0,NA,NA,NA,NA,NA
786,Eurillas latirostris,Yellow-whiskered Greenbul,1421731.938,NA,NA,NA,Passeriformes,Pycnonotidae (Bulbuls),77697,6508367,545151796,TRUE,FALSE,Eurillas latirostris,Passeriformes,Pycnonotidae (Bulbuls),77697,6508367,545151796,TRUE,FALSE,746,AVIBASE-728B225E,Eurillas latirostris,Eurillas latirostris,Andropadus latirostris,2,Field1,NA,U,0,,NA,Equatorial Guinea,NA,NA,NA,NA,NA,NA,75,NA,NA,NA,67,AKW,0,NA,NA,NA,NA,NA
787,Eurillas latirostris,Yellow-whiskered Greenbul,1421731.938,NA,NA,NA,Passeriformes,Pycnonotidae (Bulbuls),77697,6508367,545151796,TRUE,FALSE,Eurillas latirostris,Passeriformes,Pycnonotidae (Bulbuls),77697,6508367,545151796,TRUE,FALSE,747,AVIBASE-728B225E,Eurillas latirostris,Eurillas latirostris,Andropadus latirostris,2,Field1,NA,U,0,,NA,Equatorial Guinea,NA,NA,NA,NA,NA,NA,78,NA,NA,NA,74,JDW,0,NA,NA,NA,NA,NA
788,Eurillas latirostris,Yellow-whiskered Greenbul,1421731.938,NA,NA,NA,Passeriformes,Pycnonotidae (Bulbuls),77697,6508367,545151796,TRUE,FALSE,Eurillas latirostris,Passeriformes,Pycnonotidae (Bulbuls),77697,6508367,545151796,TRUE,FALSE,748,AVIBASE-728B225E,Eurillas latirostris,Eurillas latirostris,Andropadus latirostris,2,Field1,NA,U,0,,NA,Equatorial Guinea,NA,NA,NA,NA,NA,NA,78,NA,NA,NA,69,HP,0,NA,NA,NA,NA,NA
789,Eurillas latirostris,Yellow-whiskered Greenbul,1421731.938,NA,NA,NA,Passeriformes,Pycnonotidae (Bulbuls),77697,6508367,545151796,TRUE,FALSE,Eurillas latirostris,Passeriformes,Pycnonotidae (Bulbuls),77697,6508367,545151796,TRUE,FALSE,749,AVIBASE-728B225E,Eurillas latirostris,Eurillas latirostris,Andropadus latirostris,2,Field1,NA,U,0,,NA,Equatorial Guinea,NA,NA,NA,NA,NA,NA,76,NA,NA,NA,70,JDW,0,NA,NA,NA,NA,NA
790,Eurillas latirostris,Yellow-whiskered Greenbul,1421731.938,NA,NA,NA,Passeriformes,Pycnonotidae (Bulbuls),77697,6508367,545151796,TRUE,FALSE,Eurillas latirostris,Passeriformes,Pycnonotidae (Bulbuls),77697,6508367,545151796,TRUE,FALSE,750,AVIBASE-728B225E,Eurillas latirostris,Eurillas latirostris,Andropadus latirostris,2,Field1,NA,F,0,,NA,Equatorial Guinea,NA,NA,NA,NA,NA,NA,76,NA,NA,NA,70,JDW,0,NA,NA,NA,NA,NA
791,Eurillas latirostris,Yellow-whiskered Greenbul,1421731.938,NA,NA,NA,Passeriformes,Pycnonotidae (Bulbuls),77697,6508367,545151796,TRUE,FALSE,Eurillas latirostris,Passeriformes,Pycnonotidae (Bulbuls),77697,6508367,545151796,TRUE,FALSE,751,AVIBASE-728B225E,Eurillas latirostris,Eurillas latirostris,Andropadus latirostris,2,Field1,NA,U,0,,NA,Equatorial Guinea,NA,NA,NA,NA,NA,NA,77,NA,NA,NA,69,SEM,0,NA,NA,NA,NA,NA
792,Eurillas latirostris,Yellow-whiskered Greenbul,1421731.938,NA,NA,NA,Passeriformes,Pycnonotidae (Bulbuls),77697,6508367,545151796,TRUE,FALSE,Eurillas latirostris,Passeriformes,Pycnonotidae (Bulbuls),77697,6508367,545151796,TRUE,FALSE,752,AVIBASE-728B225E,Eurillas latirostris,Eurillas latirostris,Andropadus latirostris,2,Field1,NA,F,0,,NA,Equatorial Guinea,NA,NA,NA,NA,NA,NA,80,NA,NA,NA,78,JDW,0,NA,NA,NA,NA,NA
793,Eurillas latirostris,Yellow-whiskered Greenbul,1421731.938,NA,NA,NA,Passeriformes,Pycnonotidae (Bulbuls),77697,6508367,545151796,TRUE,FALSE,Eurillas latirostris,Passeriformes,Pycnonotidae (Bulbuls),77697,6508367,545151796,TRUE,FALSE,753,AVIBASE-728B225E,Eurillas latirostris,Eurillas latirostris,Andropadus latirostris,2,Field1,NA,U,0,,NA,Equatorial Guinea,NA,NA,NA,NA,NA,NA,NA,NA,NA,NA,72,JDW,0,NA,NA,NA,NA,NA
794,Eurillas latirostris,Yellow-whiskered Greenbul,1421731.938,NA,NA,NA,Passeriformes,Pycnonotidae (Bulbuls),77697,6508367,545151796,TRUE,FALSE,Eurillas latirostris,Passeriformes,Pycnonotidae (Bulbuls),77697,6508367,545151796,TRUE,FALSE,754,AVIBASE-728B225E,Eurillas latirostris,Eurillas latirostris,Andropadus latirostris,2,Field1,NA,F,0,,NA,Equatorial Guinea,NA,NA,NA,NA,NA,NA,83,NA,NA,NA,78,CJ,0,NA,NA,NA,NA,NA
795,Eurillas latirostris,Yellow-whiskered Greenbul,1421731.938,NA,NA,NA,Passeriformes,Pycnonotidae (Bulbuls),77697,6508367,545151796,TRUE,FALSE,Eurillas latirostris,Passeriformes,Pycnonotidae (Bulbuls),77697,6508367,545151796,TRUE,FALSE,755,AVIBASE-728B225E,Eurillas latirostris,Eurillas latirostris,Andropadus latirostris,2,Field1,NA,F,0,,NA,Equatorial Guinea,NA,NA,NA,NA,NA,NA,83,NA,NA,NA,74,JDW,0,NA,NA,NA,NA,NA
796,Eurillas latirostris,Yellow-whiskered Greenbul,1421731.938,NA,NA,NA,Passeriformes,Pycnonotidae (Bulbuls),77697,6508367,545151796,TRUE,FALSE,Eurillas latirostris,Passeriformes,Pycnonotidae (Bulbuls),77697,6508367,545151796,TRUE,FALSE,756,AVIBASE-728B225E,Eurillas latirostris,Eurillas latirostris,Andropadus latirostris,2,Field1,NA,U,0,,NA,Equatorial Guinea,NA,NA,NA,NA,NA,NA,NA,NA,NA,NA,72,JDW,0,NA,NA,NA,NA,NA
797,Eurillas latirostris,Yellow-whiskered Greenbul,1421731.938,NA,NA,NA,Passeriformes,Pycnonotidae (Bulbuls),77697,6508367,545151796,TRUE,FALSE,Eurillas latirostris,Passeriformes,Pycnonotidae (Bulbuls),77697,6508367,545151796,TRUE,FALSE,999,AVIBASE-728B225E,Eurillas latirostris,Eurillas latirostris,Andropadus latirostris,2,Field1,NA,U,0,,NA,Equatorial Guinea,NA,NA,NA,NA,NA,NA,81,NA,NA,NA,73,PFR,0,NA,NA,NA,NA,NA
798,Eurillas latirostris,Yellow-whiskered Greenbul,1421731.938,NA,NA,NA,Passeriformes,Pycnonotidae (Bulbuls),77697,6508367,545151796,TRUE,FALSE,Eurillas latirostris,Passeriformes,Pycnonotidae (Bulbuls),77697,6508367,545151796,TRUE,FALSE,1000,AVIBASE-728B225E,Eurillas latirostris,Eurillas latirostris,Andropadus latirostris,2,Field1,NA,U,0,,NA,Equatorial Guinea,NA,NA,NA,NA,NA,NA,80,NA,NA,NA,73,SAL,0,NA,NA,NA,NA,NA
799,Eurillas latirostris,Yellow-whiskered Greenbul,1421731.938,NA,NA,NA,Passeriformes,Pycnonotidae (Bulbuls),77697,6508367,545151796,TRUE,FALSE,Eurillas latirostris,Passeriformes,Pycnonotidae (Bulbuls),77697,6508367,545151796,TRUE,FALSE,1001,AVIBASE-728B225E,Eurillas latirostris,Eurillas latirostris,Andropadus latirostris,2,Field1,NA,U,0,,NA,Equatorial Guinea,NA,NA,NA,NA,NA,NA,87,NA,NA,NA,72,SEM,0,NA,NA,NA,NA,NA
800,Eurillas latirostris,Yellow-whiskered Greenbul,1421731.938,NA,NA,NA,Passeriformes,Pycnonotidae (Bulbuls),77697,6508367,545151796,TRUE,FALSE,Eurillas latirostris,Passeriformes,Pycnonotidae (Bulbuls),77697,6508367,545151796,TRUE,FALSE,1002,AVIBASE-728B225E,Eurillas latirostris,Eurillas latirostris,Andropadus latirostris,2,Field1,NA,U,0,,NA,Equatorial Guinea,NA,NA,NA,NA,NA,NA,81,NA,NA,NA,78,SEM,0,NA,NA,NA,NA,NA
801,Eurillas latirostris,Yellow-whiskered Greenbul,1421731.938,NA,NA,NA,Passeriformes,Pycnonotidae (Bulbuls),77697,6508367,545151796,TRUE,FALSE,Eurillas latirostris,Passeriformes,Pycnonotidae (Bulbuls),77697,6508367,545151796,TRUE,FALSE,1003,AVIBASE-728B225E,Eurillas latirostris,Eurillas latirostris,Andropadus latirostris,2,Field1,NA,U,0,,NA,Equatorial Guinea,NA,NA,NA,NA,NA,NA,85,NA,NA,NA,87,SEM,0,NA,NA,NA,NA,NA
802,Eurillas latirostris,Yellow-whiskered Greenbul,1421731.938,NA,NA,NA,Passeriformes,Pycnonotidae (Bulbuls),77697,6508367,545151796,TRUE,FALSE,Eurillas latirostris,Passeriformes,Pycnonotidae (Bulbuls),77697,6508367,545151796,TRUE,FALSE,1004,AVIBASE-728B225E,Eurillas latirostris,Eurillas latirostris,Andropadus latirostris,2,Field1,NA,U,0,,NA,Equatorial Guinea,NA,NA,NA,NA,NA,NA,82,NA,NA,NA,77,SEM,0,NA,NA,NA,NA,NA
803,Eurillas latirostris,Yellow-whiskered Greenbul,1421731.938,NA,NA,NA,Passeriformes,Pycnonotidae (Bulbuls),77697,6508367,545151796,TRUE,FALSE,Eurillas latirostris,Passeriformes,Pycnonotidae (Bulbuls),77697,6508367,545151796,TRUE,FALSE,1005,AVIBASE-728B225E,Eurillas latirostris,Eurillas latirostris,Andropadus latirostris,2,Field1,NA,U,0,,NA,Equatorial Guinea,NA,NA,NA,NA,NA,NA,72,NA,NA,NA,76,SAL,0,NA,NA,NA,NA,NA
804,Eurillas latirostris,Yellow-whiskered Greenbul,1421731.938,NA,NA,NA,Passeriformes,Pycnonotidae (Bulbuls),77697,6508367,545151796,TRUE,FALSE,Eurillas latirostris,Passeriformes,Pycnonotidae (Bulbuls),77697,6508367,545151796,TRUE,FALSE,1006,AVIBASE-728B225E,Eurillas latirostris,Eurillas latirostris,Andropadus latirostris,2,Field1,NA,U,0,,NA,Equatorial Guinea,NA,NA,NA,NA,NA,NA,78,NA,NA,NA,72,SEM,0,NA,NA,NA,NA,NA
805,Eurillas latirostris,Yellow-whiskered Greenbul,1421731.938,NA,NA,NA,Passeriformes,Pycnonotidae (Bulbuls),77697,6508367,545151796,TRUE,FALSE,Eurillas latirostris,Passeriformes,Pycnonotidae (Bulbuls),77697,6508367,545151796,TRUE,FALSE,1007,AVIBASE-728B225E,Eurillas latirostris,Eurillas latirostris,Andropadus latirostris,2,Field1,NA,U,0,,NA,Equatorial Guinea,NA,NA,NA,NA,NA,NA,75,NA,NA,NA,83,SAL,0,NA,NA,NA,NA,NA
806,Eurillas latirostris,Yellow-whiskered Greenbul,1421731.938,NA,NA,NA,Passeriformes,Pycnonotidae (Bulbuls),77697,6508367,545151796,TRUE,FALSE,Eurillas latirostris,Passeriformes,Pycnonotidae (Bulbuls),77697,6508367,545151796,TRUE,FALSE,1008,AVIBASE-728B225E,Eurillas latirostris,Eurillas latirostris,Andropadus latirostris,2,Field1,NA,U,0,,NA,Equatorial Guinea,NA,NA,NA,NA,NA,NA,83,NA,NA,NA,63,SEM,0,NA,NA,NA,NA,NA
807,Eurillas latirostris,Yellow-whiskered Greenbul,1421731.938,NA,NA,NA,Passeriformes,Pycnonotidae (Bulbuls),77697,6508367,545151796,TRUE,FALSE,Eurillas latirostris,Passeriformes,Pycnonotidae (Bulbuls),77697,6508367,545151796,TRUE,FALSE,1009,AVIBASE-728B225E,Eurillas latirostris,Eurillas latirostris,Andropadus latirostris,2,Field1,NA,U,0,,NA,Equatorial Guinea,NA,NA,NA,NA,NA,NA,74,NA,NA,NA,70,SAL,0,NA,NA,NA,NA,NA
808,Eurillas latirostris,Yellow-whiskered Greenbul,1421731.938,NA,NA,NA,Passeriformes,Pycnonotidae (Bulbuls),77697,6508367,545151796,TRUE,FALSE,Eurillas latirostris,Passeriformes,Pycnonotidae (Bulbuls),77697,6508367,545151796,TRUE,FALSE,1010,AVIBASE-728B225E,Eurillas latirostris,Eurillas latirostris,Andropadus latirostris,2,Field1,NA,U,0,,NA,Equatorial Guinea,NA,NA,NA,NA,NA,NA,77,NA,NA,NA,75,MAF,0,NA,NA,NA,NA,NA
809,Eurillas latirostris,Yellow-whiskered Greenbul,1421731.938,NA,NA,NA,Passeriformes,Pycnonotidae (Bulbuls),77697,6508367,545151796,TRUE,FALSE,Eurillas latirostris,Passeriformes,Pycnonotidae (Bulbuls),77697,6508367,545151796,TRUE,FALSE,1011,AVIBASE-728B225E,Eurillas latirostris,Eurillas latirostris,Andropadus latirostris,2,Field1,NA,U,0,,NA,Equatorial Guinea,NA,NA,NA,NA,NA,NA,82,NA,NA,NA,78,MAF,0,NA,NA,NA,NA,NA
810,Eurillas latirostris,Yellow-whiskered Greenbul,1421731.938,NA,NA,NA,Passeriformes,Pycnonotidae (Bulbuls),77697,6508367,545151796,TRUE,FALSE,Eurillas latirostris,Passeriformes,Pycnonotidae (Bulbuls),77697,6508367,545151796,TRUE,FALSE,1012,AVIBASE-728B225E,Eurillas latirostris,Eurillas latirostris,Andropadus latirostris,2,Field1,NA,U,0,,NA,Equatorial Guinea,NA,NA,NA,NA,NA,NA,80,NA,NA,NA,73,MAF,0,NA,NA,NA,NA,NA
811,Eurillas latirostris,Yellow-whiskered Greenbul,1421731.938,NA,NA,NA,Passeriformes,Pycnonotidae (Bulbuls),77697,6508367,545151796,TRUE,FALSE,Eurillas latirostris,Passeriformes,Pycnonotidae (Bulbuls),77697,6508367,545151796,TRUE,FALSE,1013,AVIBASE-728B225E,Eurillas latirostris,Eurillas latirostris,Andropadus latirostris,2,Field1,NA,U,0,,NA,Equatorial Guinea,NA,NA,NA,NA,NA,NA,80.5,NA,NA,NA,75,MAF,0,NA,NA,NA,NA,NA
812,Eurillas latirostris,Yellow-whiskered Greenbul,1421731.938,NA,NA,NA,Passeriformes,Pycnonotidae (Bulbuls),77697,6508367,545151796,TRUE,FALSE,Eurillas latirostris,Passeriformes,Pycnonotidae (Bulbuls),77697,6508367,545151796,TRUE,FALSE,1014,AVIBASE-728B225E,Eurillas latirostris,Eurillas latirostris,Andropadus latirostris,2,Field1,NA,U,0,,NA,Equatorial Guinea,NA,NA,NA,NA,NA,NA,82,NA,NA,NA,80,MAF,0,NA,NA,NA,NA,NA
813,Eurillas latirostris,Yellow-whiskered Greenbul,1421731.938,NA,NA,NA,Passeriformes,Pycnonotidae (Bulbuls),77697,6508367,545151796,TRUE,FALSE,Eurillas latirostris,Passeriformes,Pycnonotidae (Bulbuls),77697,6508367,545151796,TRUE,FALSE,1015,AVIBASE-728B225E,Eurillas latirostris,Eurillas latirostris,Andropadus latirostris,2,Field1,NA,U,0,,NA,Equatorial Guinea,NA,NA,NA,NA,NA,NA,82,NA,NA,NA,73,MAF,0,NA,NA,NA,NA,NA
814,Eurillas latirostris,Yellow-whiskered Greenbul,1421731.938,NA,NA,NA,Passeriformes,Pycnonotidae (Bulbuls),77697,6508367,545151796,TRUE,FALSE,Eurillas latirostris,Passeriformes,Pycnonotidae (Bulbuls),77697,6508367,545151796,TRUE,FALSE,1016,AVIBASE-728B225E,Eurillas latirostris,Eurillas latirostris,Andropadus latirostris,2,Field1,NA,U,0,,NA,Equatorial Guinea,NA,NA,NA,NA,NA,NA,82,NA,NA,NA,76,MAF,0,NA,NA,NA,NA,NA
815,Eurillas latirostris,Yellow-whiskered Greenbul,1421731.938,NA,NA,NA,Passeriformes,Pycnonotidae (Bulbuls),77697,6508367,545151796,TRUE,FALSE,Eurillas latirostris,Passeriformes,Pycnonotidae (Bulbuls),77697,6508367,545151796,TRUE,FALSE,1017,AVIBASE-728B225E,Eurillas latirostris,Eurillas latirostris,Andropadus latirostris,2,Field1,NA,U,0,,NA,Equatorial Guinea,NA,NA,NA,NA,NA,NA,83,NA,NA,NA,78,MAF,0,NA,NA,NA,NA,NA
816,Eurillas latirostris,Yellow-whiskered Greenbul,1421731.938,NA,NA,NA,Passeriformes,Pycnonotidae (Bulbuls),77697,6508367,545151796,TRUE,FALSE,Eurillas latirostris,Passeriformes,Pycnonotidae (Bulbuls),77697,6508367,545151796,TRUE,FALSE,1018,AVIBASE-728B225E,Eurillas latirostris,Eurillas latirostris,Andropadus latirostris,2,Field1,NA,U,0,,NA,Equatorial Guinea,NA,NA,NA,NA,NA,NA,NA,NA,NA,NA,68,SAL,0,NA,NA,NA,NA,NA
817,Eurillas latirostris,Yellow-whiskered Greenbul,1421731.938,NA,NA,NA,Passeriformes,Pycnonotidae (Bulbuls),77697,6508367,545151796,TRUE,FALSE,Eurillas latirostris,Passeriformes,Pycnonotidae (Bulbuls),77697,6508367,545151796,TRUE,FALSE,1019,AVIBASE-728B225E,Eurillas latirostris,Eurillas latirostris,Andropadus latirostris,2,Field1,NA,U,0,,NA,Equatorial Guinea,NA,NA,NA,NA,NA,NA,78,NA,NA,NA,72,SAL,0,NA,NA,NA,NA,NA
818,Eurillas latirostris,Yellow-whiskered Greenbul,1421731.938,NA,NA,NA,Passeriformes,Pycnonotidae (Bulbuls),77697,6508367,545151796,TRUE,FALSE,Eurillas latirostris,Passeriformes,Pycnonotidae (Bulbuls),77697,6508367,545151796,TRUE,FALSE,1020,AVIBASE-728B225E,Eurillas latirostris,Eurillas latirostris,Andropadus latirostris,2,Field1,NA,U,0,,NA,Equatorial Guinea,NA,NA,NA,NA,NA,NA,89,NA,NA,NA,NA,SAL,0,NA,NA,NA,NA,NA
819,Eurillas latirostris,Yellow-whiskered Greenbul,1421731.938,NA,NA,NA,Passeriformes,Pycnonotidae (Bulbuls),77697,6508367,545151796,TRUE,FALSE,Eurillas latirostris,Passeriformes,Pycnonotidae (Bulbuls),77697,6508367,545151796,TRUE,FALSE,1021,AVIBASE-728B225E,Eurillas latirostris,Eurillas latirostris,Andropadus latirostris,2,Field1,NA,U,0,,NA,Equatorial Guinea,NA,NA,NA,NA,NA,NA,83,NA,NA,NA,80,SAL,0,NA,NA,NA,NA,NA
820,Eurillas latirostris,Yellow-whiskered Greenbul,1421731.938,NA,NA,NA,Passeriformes,Pycnonotidae (Bulbuls),77697,6508367,545151796,TRUE,FALSE,Eurillas latirostris,Passeriformes,Pycnonotidae (Bulbuls),77697,6508367,545151796,TRUE,FALSE,1022,AVIBASE-728B225E,Eurillas latirostris,Eurillas latirostris,Andropadus latirostris,2,Field1,NA,U,0,,NA,Equatorial Guinea,NA,NA,NA,NA,NA,NA,80,NA,NA,NA,73,MAF,0,NA,NA,NA,NA,NA
821,Eurillas latirostris,Yellow-whiskered Greenbul,1421731.938,NA,NA,NA,Passeriformes,Pycnonotidae (Bulbuls),77697,6508367,545151796,TRUE,FALSE,Eurillas latirostris,Passeriformes,Pycnonotidae (Bulbuls),77697,6508367,545151796,TRUE,FALSE,1023,AVIBASE-728B225E,Eurillas latirostris,Eurillas latirostris,Andropadus latirostris,2,Field1,NA,U,0,,NA,Equatorial Guinea,NA,NA,NA,NA,NA,NA,86,NA,NA,NA,78,EMB,0,NA,NA,NA,NA,NA
822,Eurillas latirostris,Yellow-whiskered Greenbul,1421731.938,NA,NA,NA,Passeriformes,Pycnonotidae (Bulbuls),77697,6508367,545151796,TRUE,FALSE,Eurillas latirostris,Passeriformes,Pycnonotidae (Bulbuls),77697,6508367,545151796,TRUE,FALSE,1024,AVIBASE-728B225E,Eurillas latirostris,Eurillas latirostris,Andropadus latirostris,2,Field1,NA,U,0,,NA,Equatorial Guinea,NA,NA,NA,NA,NA,NA,79,NA,NA,NA,74,BAK,0,NA,NA,NA,NA,NA
823,Eurillas latirostris,Yellow-whiskered Greenbul,1421731.938,NA,NA,NA,Passeriformes,Pycnonotidae (Bulbuls),77697,6508367,545151796,TRUE,FALSE,Eurillas latirostris,Passeriformes,Pycnonotidae (Bulbuls),77697,6508367,545151796,TRUE,FALSE,1025,AVIBASE-728B225E,Eurillas latirostris,Eurillas latirostris,Andropadus latirostris,2,Field1,NA,U,0,,NA,Equatorial Guinea,NA,NA,NA,NA,NA,NA,73,NA,NA,NA,70,EMB,0,NA,NA,NA,NA,NA
824,Eurillas latirostris,Yellow-whiskered Greenbul,1421731.938,NA,NA,NA,Passeriformes,Pycnonotidae (Bulbuls),77697,6508367,545151796,TRUE,FALSE,Eurillas latirostris,Passeriformes,Pycnonotidae (Bulbuls),77697,6508367,545151796,TRUE,FALSE,1026,AVIBASE-728B225E,Eurillas latirostris,Eurillas latirostris,Andropadus latirostris,2,Field1,NA,U,0,,NA,Equatorial Guinea,NA,NA,NA,NA,NA,NA,76,NA,NA,NA,72,ELK,0,NA,NA,NA,NA,NA
825,Eurillas latirostris,Yellow-whiskered Greenbul,1421731.938,NA,NA,NA,Passeriformes,Pycnonotidae (Bulbuls),77697,6508367,545151796,TRUE,FALSE,Eurillas latirostris,Passeriformes,Pycnonotidae (Bulbuls),77697,6508367,545151796,TRUE,FALSE,1027,AVIBASE-728B225E,Eurillas latirostris,Eurillas latirostris,Andropadus latirostris,2,Field1,NA,U,0,,NA,Equatorial Guinea,NA,NA,NA,NA,NA,NA,77,NA,NA,NA,66,EMB,0,NA,NA,NA,NA,NA
826,Eurillas latirostris,Yellow-whiskered Greenbul,1421731.938,NA,NA,NA,Passeriformes,Pycnonotidae (Bulbuls),77697,6508367,545151796,TRUE,FALSE,Eurillas latirostris,Passeriformes,Pycnonotidae (Bulbuls),77697,6508367,545151796,TRUE,FALSE,1028,AVIBASE-728B225E,Eurillas latirostris,Eurillas latirostris,Andropadus latirostris,2,Field1,NA,U,0,,NA,Equatorial Guinea,NA,NA,NA,NA,NA,NA,77,NA,NA,NA,70,EMB,0,NA,NA,NA,NA,NA
827,Eurillas latirostris,Yellow-whiskered Greenbul,1421731.938,NA,NA,NA,Passeriformes,Pycnonotidae (Bulbuls),77697,6508367,545151796,TRUE,FALSE,Eurillas latirostris,Passeriformes,Pycnonotidae (Bulbuls),77697,6508367,545151796,TRUE,FALSE,1029,AVIBASE-728B225E,Eurillas latirostris,Eurillas latirostris,Andropadus latirostris,2,Field1,NA,F,0,,NA,Equatorial Guinea,NA,NA,NA,NA,NA,NA,78,NA,NA,NA,62,EMB,0,NA,NA,NA,NA,NA
828,Eurillas latirostris,Yellow-whiskered Greenbul,1421731.938,NA,NA,NA,Passeriformes,Pycnonotidae (Bulbuls),77697,6508367,545151796,TRUE,FALSE,Eurillas latirostris,Passeriformes,Pycnonotidae (Bulbuls),77697,6508367,545151796,TRUE,FALSE,1030,AVIBASE-728B225E,Eurillas latirostris,Eurillas latirostris,Andropadus latirostris,2,Field1,NA,U,0,,NA,Equatorial Guinea,NA,NA,NA,NA,NA,NA,73,NA,NA,NA,68,SAL,0,NA,NA,NA,NA,NA
829,Eurillas latirostris,Yellow-whiskered Greenbul,1421731.938,NA,NA,NA,Passeriformes,Pycnonotidae (Bulbuls),77697,6508367,545151796,TRUE,FALSE,Eurillas latirostris,Passeriformes,Pycnonotidae (Bulbuls),77697,6508367,545151796,TRUE,FALSE,1031,AVIBASE-728B225E,Eurillas latirostris,Eurillas latirostris,Andropadus latirostris,2,Field1,NA,U,0,,NA,Equatorial Guinea,NA,NA,NA,NA,NA,NA,77,NA,NA,NA,72,BAK,0,NA,NA,NA,NA,NA
830,Eurillas latirostris,Yellow-whiskered Greenbul,1421731.938,NA,NA,NA,Passeriformes,Pycnonotidae (Bulbuls),77697,6508367,545151796,TRUE,FALSE,Eurillas latirostris,Passeriformes,Pycnonotidae (Bulbuls),77697,6508367,545151796,TRUE,FALSE,1032,AVIBASE-728B225E,Eurillas latirostris,Eurillas latirostris,Andropadus latirostris,2,Field1,NA,U,0,,NA,Equatorial Guinea,NA,NA,NA,NA,NA,NA,78,NA,NA,NA,74,BAK,0,NA,NA,NA,NA,NA
831,Eurillas latirostris,Yellow-whiskered Greenbul,1421731.938,NA,NA,NA,Passeriformes,Pycnonotidae (Bulbuls),77697,6508367,545151796,TRUE,FALSE,Eurillas latirostris,Passeriformes,Pycnonotidae (Bulbuls),77697,6508367,545151796,TRUE,FALSE,1033,AVIBASE-728B225E,Eurillas latirostris,Eurillas latirostris,Andropadus latirostris,2,Field1,NA,U,0,,NA,Equatorial Guinea,NA,NA,NA,NA,NA,NA,83,NA,NA,NA,NA,EMB,0,NA,NA,NA,NA,NA
832,Eurillas latirostris,Yellow-whiskered Greenbul,1421731.938,NA,NA,NA,Passeriformes,Pycnonotidae (Bulbuls),77697,6508367,545151796,TRUE,FALSE,Eurillas latirostris,Passeriformes,Pycnonotidae (Bulbuls),77697,6508367,545151796,TRUE,FALSE,1034,AVIBASE-728B225E,Eurillas latirostris,Eurillas latirostris,Andropadus latirostris,2,Field1,NA,U,0,,NA,Equatorial Guinea,NA,NA,NA,NA,NA,NA,79,NA,NA,NA,75,EMB,0,NA,NA,NA,NA,NA
833,Eurillas latirostris,Yellow-whiskered Greenbul,1421731.938,NA,NA,NA,Passeriformes,Pycnonotidae (Bulbuls),77697,6508367,545151796,TRUE,FALSE,Eurillas latirostris,Passeriformes,Pycnonotidae (Bulbuls),77697,6508367,545151796,TRUE,FALSE,1035,AVIBASE-728B225E,Eurillas latirostris,Eurillas latirostris,Andropadus latirostris,2,Field1,NA,U,0,,NA,Equatorial Guinea,NA,NA,NA,NA,NA,NA,82,NA,NA,NA,75,BAK,0,NA,NA,NA,NA,NA
834,Eurillas latirostris,Yellow-whiskered Greenbul,1421731.938,NA,NA,NA,Passeriformes,Pycnonotidae (Bulbuls),77697,6508367,545151796,TRUE,FALSE,Eurillas latirostris,Passeriformes,Pycnonotidae (Bulbuls),77697,6508367,545151796,TRUE,FALSE,1036,AVIBASE-728B225E,Eurillas latirostris,Eurillas latirostris,Andropadus latirostris,2,Field1,NA,U,0,,NA,Equatorial Guinea,NA,NA,NA,NA,NA,NA,90,NA,NA,NA,75,BAK,0,NA,NA,NA,NA,NA
835,Eurillas latirostris,Yellow-whiskered Greenbul,1421731.938,NA,NA,NA,Passeriformes,Pycnonotidae (Bulbuls),77697,6508367,545151796,TRUE,FALSE,Eurillas latirostris,Passeriformes,Pycnonotidae (Bulbuls),77697,6508367,545151796,TRUE,FALSE,1037,AVIBASE-728B225E,Eurillas latirostris,Eurillas latirostris,Andropadus latirostris,2,Field1,NA,U,0,,NA,Equatorial Guinea,NA,NA,NA,NA,NA,NA,80,NA,NA,NA,75,SAL,0,NA,NA,NA,NA,NA
836,Eurillas latirostris,Yellow-whiskered Greenbul,1421731.938,NA,NA,NA,Passeriformes,Pycnonotidae (Bulbuls),77697,6508367,545151796,TRUE,FALSE,Eurillas latirostris,Passeriformes,Pycnonotidae (Bulbuls),77697,6508367,545151796,TRUE,FALSE,1038,AVIBASE-728B225E,Eurillas latirostris,Eurillas latirostris,Andropadus latirostris,2,Field1,NA,U,0,,NA,Equatorial Guinea,NA,NA,NA,NA,NA,NA,84,NA,NA,NA,75,SAL,0,NA,NA,NA,NA,NA
837,Eurillas latirostris,Yellow-whiskered Greenbul,1421731.938,NA,NA,NA,Passeriformes,Pycnonotidae (Bulbuls),77697,6508367,545151796,TRUE,FALSE,Eurillas latirostris,Passeriformes,Pycnonotidae (Bulbuls),77697,6508367,545151796,TRUE,FALSE,1039,AVIBASE-728B225E,Eurillas latirostris,Eurillas latirostris,Andropadus latirostris,2,Field1,NA,U,0,,NA,Equatorial Guinea,NA,NA,NA,NA,NA,NA,79,NA,NA,NA,NA,BAK,0,NA,NA,NA,NA,NA
838,Eurillas latirostris,Yellow-whiskered Greenbul,1421731.938,NA,NA,NA,Passeriformes,Pycnonotidae (Bulbuls),77697,6508367,545151796,TRUE,FALSE,Eurillas latirostris,Passeriformes,Pycnonotidae (Bulbuls),77697,6508367,545151796,TRUE,FALSE,1161,AVIBASE-728B225E,Eurillas latirostris,Eurillas latirostris,Andropadus latirostris,2,Field1,NA,M,0,,NA,Equatorial Guinea,NA,NA,NA,NA,NA,NA,85,NA,NA,NA,NA,JDW,0,NA,NA,NA,NA,NA
839,Eurillas latirostris,Yellow-whiskered Greenbul,1421731.938,NA,NA,NA,Passeriformes,Pycnonotidae (Bulbuls),77697,6508367,545151796,TRUE,FALSE,Eurillas latirostris,Passeriformes,Pycnonotidae (Bulbuls),77697,6508367,545151796,TRUE,FALSE,1162,AVIBASE-728B225E,Eurillas latirostris,Eurillas latirostris,Andropadus latirostris,2,Field1,NA,F,0,,NA,Equatorial Guinea,NA,NA,NA,NA,NA,NA,79,NA,NA,NA,72,LLP,0,NA,NA,NA,NA,NA
840,Eurillas latirostris,Yellow-whiskered Greenbul,1421731.938,NA,NA,NA,Passeriformes,Pycnonotidae (Bulbuls),77697,6508367,545151796,TRUE,FALSE,Eurillas latirostris,Passeriformes,Pycnonotidae (Bulbuls),77697,6508367,545151796,TRUE,FALSE,1163,AVIBASE-728B225E,Eurillas latirostris,Eurillas latirostris,Andropadus latirostris,2,Field1,NA,M,0,,NA,Equatorial Guinea,NA,NA,NA,NA,NA,NA,83,NA,NA,NA,79,JDW,0,NA,NA,NA,NA,NA
841,Eurillas latirostris,Yellow-whiskered Greenbul,1421731.938,NA,NA,NA,Passeriformes,Pycnonotidae (Bulbuls),77697,6508367,545151796,TRUE,FALSE,Eurillas latirostris,Passeriformes,Pycnonotidae (Bulbuls),77697,6508367,545151796,TRUE,FALSE,1164,AVIBASE-728B225E,Eurillas latirostris,Eurillas latirostris,Andropadus latirostris,2,Field1,NA,U,0,,NA,Equatorial Guinea,NA,NA,NA,NA,NA,NA,72,NA,NA,NA,74,JDW,0,NA,NA,NA,NA,NA
842,Eurillas latirostris,Yellow-whiskered Greenbul,1421731.938,NA,NA,NA,Passeriformes,Pycnonotidae (Bulbuls),77697,6508367,545151796,TRUE,FALSE,Eurillas latirostris,Passeriformes,Pycnonotidae (Bulbuls),77697,6508367,545151796,TRUE,FALSE,1165,AVIBASE-728B225E,Eurillas latirostris,Eurillas latirostris,Andropadus latirostris,2,Field1,NA,F,0,,NA,Equatorial Guinea,NA,NA,NA,NA,NA,NA,78,NA,NA,NA,72,LLP,0,NA,NA,NA,NA,NA
843,Eurillas latirostris,Yellow-whiskered Greenbul,1421731.938,NA,NA,NA,Passeriformes,Pycnonotidae (Bulbuls),77697,6508367,545151796,TRUE,FALSE,Eurillas latirostris,Passeriformes,Pycnonotidae (Bulbuls),77697,6508367,545151796,TRUE,FALSE,1045,AVIBASE-728B225E,Eurillas latirostris,Eurillas latirostris,Andropadus latirostris,2,Field1,NA,U,0,,NA,Equatorial Guinea,NA,NA,NA,NA,NA,NA,72,NA,NA,NA,68,BAK,0,NA,NA,NA,NA,NA
844,Eurillas latirostris,Yellow-whiskered Greenbul,1421731.938,NA,NA,NA,Passeriformes,Pycnonotidae (Bulbuls),77697,6508367,545151796,TRUE,FALSE,Eurillas latirostris,Passeriformes,Pycnonotidae (Bulbuls),77697,6508367,545151796,TRUE,FALSE,1046,AVIBASE-728B225E,Eurillas latirostris,Eurillas latirostris,Andropadus latirostris,2,Field1,NA,U,0,,NA,Equatorial Guinea,NA,NA,NA,NA,NA,NA,76,NA,NA,NA,79,EMB,0,NA,NA,NA,NA,NA
845,Eurillas latirostris,Yellow-whiskered Greenbul,1421731.938,NA,NA,NA,Passeriformes,Pycnonotidae (Bulbuls),77697,6508367,545151796,TRUE,FALSE,Eurillas latirostris,Passeriformes,Pycnonotidae (Bulbuls),77697,6508367,545151796,TRUE,FALSE,1047,AVIBASE-728B225E,Eurillas latirostris,Eurillas latirostris,Andropadus latirostris,2,Field1,NA,U,0,,NA,Equatorial Guinea,NA,NA,NA,NA,NA,NA,77,NA,NA,NA,70,EMB,0,NA,NA,NA,NA,NA
846,Eurillas latirostris,Yellow-whiskered Greenbul,1421731.938,NA,NA,NA,Passeriformes,Pycnonotidae (Bulbuls),77697,6508367,545151796,TRUE,FALSE,Eurillas latirostris,Passeriformes,Pycnonotidae (Bulbuls),77697,6508367,545151796,TRUE,FALSE,1048,AVIBASE-728B225E,Eurillas latirostris,Eurillas latirostris,Andropadus latirostris,2,Field1,NA,U,0,,NA,Equatorial Guinea,NA,NA,NA,NA,NA,NA,75,NA,NA,NA,75,EMB,0,NA,NA,NA,NA,NA
847,Eurillas latirostris,Yellow-whiskered Greenbul,1421731.938,NA,NA,NA,Passeriformes,Pycnonotidae (Bulbuls),77697,6508367,545151796,TRUE,FALSE,Eurillas latirostris,Passeriformes,Pycnonotidae (Bulbuls),77697,6508367,545151796,TRUE,FALSE,1049,AVIBASE-728B225E,Eurillas latirostris,Eurillas latirostris,Andropadus latirostris,2,Field1,NA,U,0,,NA,Equatorial Guinea,NA,NA,NA,NA,NA,NA,75,NA,NA,NA,68,EMB,0,NA,NA,NA,NA,NA
848,Eurillas latirostris,Yellow-whiskered Greenbul,1421731.938,NA,NA,NA,Passeriformes,Pycnonotidae (Bulbuls),77697,6508367,545151796,TRUE,FALSE,Eurillas latirostris,Passeriformes,Pycnonotidae (Bulbuls),77697,6508367,545151796,TRUE,FALSE,1050,AVIBASE-728B225E,Eurillas latirostris,Eurillas latirostris,Andropadus latirostris,2,Field1,NA,U,0,,NA,Equatorial Guinea,NA,NA,NA,NA,NA,NA,86,NA,NA,NA,78,BAK,0,NA,NA,NA,NA,NA
849,Eurillas latirostris,Yellow-whiskered Greenbul,1421731.938,NA,NA,NA,Passeriformes,Pycnonotidae (Bulbuls),77697,6508367,545151796,TRUE,FALSE,Eurillas latirostris,Passeriformes,Pycnonotidae (Bulbuls),77697,6508367,545151796,TRUE,FALSE,1051,AVIBASE-728B225E,Eurillas latirostris,Eurillas latirostris,Andropadus latirostris,2,Field1,NA,U,0,,NA,Equatorial Guinea,NA,NA,NA,NA,NA,NA,81,NA,NA,NA,73,BAK,0,NA,NA,NA,NA,NA
850,Eurillas latirostris,Yellow-whiskered Greenbul,1421731.938,NA,NA,NA,Passeriformes,Pycnonotidae (Bulbuls),77697,6508367,545151796,TRUE,FALSE,Eurillas latirostris,Passeriformes,Pycnonotidae (Bulbuls),77697,6508367,545151796,TRUE,FALSE,1052,AVIBASE-728B225E,Eurillas latirostris,Eurillas latirostris,Andropadus latirostris,2,Field1,NA,U,0,,NA,Equatorial Guinea,NA,NA,NA,NA,NA,NA,77,NA,NA,NA,82,BAK,0,NA,NA,NA,NA,NA
851,Eurillas latirostris,Yellow-whiskered Greenbul,1421731.938,NA,NA,NA,Passeriformes,Pycnonotidae (Bulbuls),77697,6508367,545151796,TRUE,FALSE,Eurillas latirostris,Passeriformes,Pycnonotidae (Bulbuls),77697,6508367,545151796,TRUE,FALSE,1053,AVIBASE-728B225E,Eurillas latirostris,Eurillas latirostris,Andropadus latirostris,2,Field1,NA,U,0,,NA,Equatorial Guinea,NA,NA,NA,NA,NA,NA,85,NA,NA,NA,86,BAK,0,NA,NA,NA,NA,NA
852,Eurillas latirostris,Yellow-whiskered Greenbul,1421731.938,NA,NA,NA,Passeriformes,Pycnonotidae (Bulbuls),77697,6508367,545151796,TRUE,FALSE,Eurillas latirostris,Passeriformes,Pycnonotidae (Bulbuls),77697,6508367,545151796,TRUE,FALSE,1054,AVIBASE-728B225E,Eurillas latirostris,Eurillas latirostris,Andropadus latirostris,2,Field1,NA,U,0,,NA,Equatorial Guinea,NA,NA,NA,NA,NA,NA,86,NA,NA,NA,87,BAK,0,NA,NA,NA,NA,NA
853,Eurillas latirostris,Yellow-whiskered Greenbul,1421731.938,NA,NA,NA,Passeriformes,Pycnonotidae (Bulbuls),77697,6508367,545151796,TRUE,FALSE,Eurillas latirostris,Passeriformes,Pycnonotidae (Bulbuls),77697,6508367,545151796,TRUE,FALSE,1055,AVIBASE-728B225E,Eurillas latirostris,Eurillas latirostris,Andropadus latirostris,2,Field1,NA,U,0,,NA,Equatorial Guinea,NA,NA,NA,NA,NA,NA,78,NA,NA,NA,71,BAK,0,NA,NA,NA,NA,NA
854,Eurillas latirostris,Yellow-whiskered Greenbul,1421731.938,NA,NA,NA,Passeriformes,Pycnonotidae (Bulbuls),77697,6508367,545151796,TRUE,FALSE,Eurillas latirostris,Passeriformes,Pycnonotidae (Bulbuls),77697,6508367,545151796,TRUE,FALSE,1056,AVIBASE-728B225E,Eurillas latirostris,Eurillas latirostris,Andropadus latirostris,2,Field1,NA,F,0,,NA,Equatorial Guinea,NA,NA,NA,NA,NA,NA,76,NA,NA,NA,71,PFR,0,NA,NA,NA,NA,NA
855,Eurillas latirostris,Yellow-whiskered Greenbul,1421731.938,NA,NA,NA,Passeriformes,Pycnonotidae (Bulbuls),77697,6508367,545151796,TRUE,FALSE,Eurillas latirostris,Passeriformes,Pycnonotidae (Bulbuls),77697,6508367,545151796,TRUE,FALSE,1057,AVIBASE-728B225E,Eurillas latirostris,Eurillas latirostris,Andropadus latirostris,2,Field1,NA,U,0,,NA,Equatorial Guinea,NA,NA,NA,NA,NA,NA,78,NA,NA,NA,69,BAK,0,NA,NA,NA,NA,NA
856,Eurillas latirostris,Yellow-whiskered Greenbul,1421731.938,NA,NA,NA,Passeriformes,Pycnonotidae (Bulbuls),77697,6508367,545151796,TRUE,FALSE,Eurillas latirostris,Passeriformes,Pycnonotidae (Bulbuls),77697,6508367,545151796,TRUE,FALSE,1058,AVIBASE-728B225E,Eurillas latirostris,Eurillas latirostris,Andropadus latirostris,2,Field1,NA,U,0,,NA,Equatorial Guinea,NA,NA,NA,NA,NA,NA,76,NA,NA,NA,71,BAK,0,NA,NA,NA,NA,NA
857,Eurillas latirostris,Yellow-whiskered Greenbul,1421731.938,NA,NA,NA,Passeriformes,Pycnonotidae (Bulbuls),77697,6508367,545151796,TRUE,FALSE,Eurillas latirostris,Passeriformes,Pycnonotidae (Bulbuls),77697,6508367,545151796,TRUE,FALSE,1059,AVIBASE-728B225E,Eurillas latirostris,Eurillas latirostris,Andropadus latirostris,2,Field1,NA,U,0,,NA,Equatorial Guinea,NA,NA,NA,NA,NA,NA,85,NA,NA,NA,80,BAK,0,NA,NA,NA,NA,NA
858,Eurillas latirostris,Yellow-whiskered Greenbul,1421731.938,NA,NA,NA,Passeriformes,Pycnonotidae (Bulbuls),77697,6508367,545151796,TRUE,FALSE,Eurillas latirostris,Passeriformes,Pycnonotidae (Bulbuls),77697,6508367,545151796,TRUE,FALSE,1060,AVIBASE-728B225E,Eurillas latirostris,Eurillas latirostris,Andropadus latirostris,2,Field1,NA,U,0,,NA,Equatorial Guinea,NA,NA,NA,NA,NA,NA,86,NA,NA,NA,73,BAK,0,NA,NA,NA,NA,NA
859,Eurillas latirostris,Yellow-whiskered Greenbul,1421731.938,NA,NA,NA,Passeriformes,Pycnonotidae (Bulbuls),77697,6508367,545151796,TRUE,FALSE,Eurillas latirostris,Passeriformes,Pycnonotidae (Bulbuls),77697,6508367,545151796,TRUE,FALSE,1061,AVIBASE-728B225E,Eurillas latirostris,Eurillas latirostris,Andropadus latirostris,2,Field1,NA,U,0,,NA,Equatorial Guinea,NA,NA,NA,NA,NA,NA,80,NA,NA,NA,77,BAK,0,NA,NA,NA,NA,NA
860,Eurillas latirostris,Yellow-whiskered Greenbul,1421731.938,NA,NA,NA,Passeriformes,Pycnonotidae (Bulbuls),77697,6508367,545151796,TRUE,FALSE,Eurillas latirostris,Passeriformes,Pycnonotidae (Bulbuls),77697,6508367,545151796,TRUE,FALSE,1062,AVIBASE-728B225E,Eurillas latirostris,Eurillas latirostris,Andropadus latirostris,2,Field1,NA,U,0,,NA,Equatorial Guinea,NA,NA,NA,NA,NA,NA,77,NA,NA,NA,71,BAK,0,NA,NA,NA,NA,NA
861,Eurillas latirostris,Yellow-whiskered Greenbul,1421731.938,NA,NA,NA,Passeriformes,Pycnonotidae (Bulbuls),77697,6508367,545151796,TRUE,FALSE,Eurillas latirostris,Passeriformes,Pycnonotidae (Bulbuls),77697,6508367,545151796,TRUE,FALSE,1063,AVIBASE-728B225E,Eurillas latirostris,Eurillas latirostris,Andropadus latirostris,2,Field1,NA,U,0,,NA,Equatorial Guinea,NA,NA,NA,NA,NA,NA,78,NA,NA,NA,69,EMB,0,NA,NA,NA,NA,NA
862,Eurillas latirostris,Yellow-whiskered Greenbul,1421731.938,NA,NA,NA,Passeriformes,Pycnonotidae (Bulbuls),77697,6508367,545151796,TRUE,FALSE,Eurillas latirostris,Passeriformes,Pycnonotidae (Bulbuls),77697,6508367,545151796,TRUE,FALSE,1064,AVIBASE-728B225E,Eurillas latirostris,Eurillas latirostris,Andropadus latirostris,2,Field1,NA,U,0,,NA,Equatorial Guinea,NA,NA,NA,NA,NA,NA,79,NA,NA,NA,68,EMB,0,NA,NA,NA,NA,NA
863,Eurillas latirostris,Yellow-whiskered Greenbul,1421731.938,NA,NA,NA,Passeriformes,Pycnonotidae (Bulbuls),77697,6508367,545151796,TRUE,FALSE,Eurillas latirostris,Passeriformes,Pycnonotidae (Bulbuls),77697,6508367,545151796,TRUE,FALSE,1065,AVIBASE-728B225E,Eurillas latirostris,Eurillas latirostris,Andropadus latirostris,2,Field1,NA,U,0,,NA,Equatorial Guinea,NA,NA,NA,NA,NA,NA,78,NA,NA,NA,71,BAK,0,NA,NA,NA,NA,NA
864,Eurillas latirostris,Yellow-whiskered Greenbul,1421731.938,NA,NA,NA,Passeriformes,Pycnonotidae (Bulbuls),77697,6508367,545151796,TRUE,FALSE,Eurillas latirostris,Passeriformes,Pycnonotidae (Bulbuls),77697,6508367,545151796,TRUE,FALSE,1066,AVIBASE-728B225E,Eurillas latirostris,Eurillas latirostris,Andropadus latirostris,2,Field1,NA,U,0,,NA,Equatorial Guinea,NA,NA,NA,NA,NA,NA,86,NA,NA,NA,NA,PFR,0,NA,NA,NA,NA,NA
865,Eurillas latirostris,Yellow-whiskered Greenbul,1421731.938,NA,NA,NA,Passeriformes,Pycnonotidae (Bulbuls),77697,6508367,545151796,TRUE,FALSE,Eurillas latirostris,Passeriformes,Pycnonotidae (Bulbuls),77697,6508367,545151796,TRUE,FALSE,1067,AVIBASE-728B225E,Eurillas latirostris,Eurillas latirostris,Andropadus latirostris,2,Field1,NA,U,0,,NA,Equatorial Guinea,NA,NA,NA,NA,NA,NA,83,NA,NA,NA,77,PFR,0,NA,NA,NA,NA,NA
866,Eurillas latirostris,Yellow-whiskered Greenbul,1421731.938,NA,NA,NA,Passeriformes,Pycnonotidae (Bulbuls),77697,6508367,545151796,TRUE,FALSE,Eurillas latirostris,Passeriformes,Pycnonotidae (Bulbuls),77697,6508367,545151796,TRUE,FALSE,1068,AVIBASE-728B225E,Eurillas latirostris,Eurillas latirostris,Andropadus latirostris,2,Field1,NA,U,0,,NA,Equatorial Guinea,NA,NA,NA,NA,NA,NA,81,NA,NA,NA,75,BAK,0,NA,NA,NA,NA,NA
867,Eurillas latirostris,Yellow-whiskered Greenbul,1421731.938,NA,NA,NA,Passeriformes,Pycnonotidae (Bulbuls),77697,6508367,545151796,TRUE,FALSE,Eurillas latirostris,Passeriformes,Pycnonotidae (Bulbuls),77697,6508367,545151796,TRUE,FALSE,1069,AVIBASE-728B225E,Eurillas latirostris,Eurillas latirostris,Andropadus latirostris,2,Field1,NA,U,0,,NA,Equatorial Guinea,NA,NA,NA,NA,NA,NA,85,NA,NA,NA,80,SAL,0,NA,NA,NA,NA,NA
868,Eurillas latirostris,Yellow-whiskered Greenbul,1421731.938,NA,NA,NA,Passeriformes,Pycnonotidae (Bulbuls),77697,6508367,545151796,TRUE,FALSE,Eurillas latirostris,Passeriformes,Pycnonotidae (Bulbuls),77697,6508367,545151796,TRUE,FALSE,1070,AVIBASE-728B225E,Eurillas latirostris,Eurillas latirostris,Andropadus latirostris,2,Field1,NA,U,0,,NA,Equatorial Guinea,NA,NA,NA,NA,NA,NA,76,NA,NA,NA,72,JDW,0,NA,NA,NA,NA,NA
869,Eurillas latirostris,Yellow-whiskered Greenbul,1421731.938,NA,NA,NA,Passeriformes,Pycnonotidae (Bulbuls),77697,6508367,545151796,TRUE,FALSE,Eurillas latirostris,Passeriformes,Pycnonotidae (Bulbuls),77697,6508367,545151796,TRUE,FALSE,1071,AVIBASE-728B225E,Eurillas latirostris,Eurillas latirostris,Andropadus latirostris,2,Field1,NA,F,0,,NA,Equatorial Guinea,NA,NA,NA,NA,NA,NA,80,NA,NA,NA,74,SAL,0,NA,NA,NA,NA,NA
870,Eurillas latirostris,Yellow-whiskered Greenbul,1421731.938,NA,NA,NA,Passeriformes,Pycnonotidae (Bulbuls),77697,6508367,545151796,TRUE,FALSE,Eurillas latirostris,Passeriformes,Pycnonotidae (Bulbuls),77697,6508367,545151796,TRUE,FALSE,1072,AVIBASE-728B225E,Eurillas latirostris,Eurillas latirostris,Andropadus latirostris,2,Field1,NA,U,0,,NA,Equatorial Guinea,NA,NA,NA,NA,NA,NA,76,NA,NA,NA,NA,JDW,0,NA,NA,NA,NA,NA
871,Eurillas latirostris,Yellow-whiskered Greenbul,1421731.938,NA,NA,NA,Passeriformes,Pycnonotidae (Bulbuls),77697,6508367,545151796,TRUE,FALSE,Eurillas latirostris,Passeriformes,Pycnonotidae (Bulbuls),77697,6508367,545151796,TRUE,FALSE,1073,AVIBASE-728B225E,Eurillas latirostris,Eurillas latirostris,Andropadus latirostris,2,Field1,NA,U,0,,NA,Equatorial Guinea,NA,NA,NA,NA,NA,NA,85,NA,NA,NA,80,PFR,0,NA,NA,NA,NA,NA
872,Eurillas latirostris,Yellow-whiskered Greenbul,1421731.938,NA,NA,NA,Passeriformes,Pycnonotidae (Bulbuls),77697,6508367,545151796,TRUE,FALSE,Eurillas latirostris,Passeriformes,Pycnonotidae (Bulbuls),77697,6508367,545151796,TRUE,FALSE,1074,AVIBASE-728B225E,Eurillas latirostris,Eurillas latirostris,Andropadus latirostris,2,Field1,NA,U,0,,NA,Equatorial Guinea,NA,NA,NA,NA,NA,NA,81,NA,NA,NA,76,JDW,0,NA,NA,NA,NA,NA
873,Eurillas latirostris,Yellow-whiskered Greenbul,1421731.938,NA,NA,NA,Passeriformes,Pycnonotidae (Bulbuls),77697,6508367,545151796,TRUE,FALSE,Eurillas latirostris,Passeriformes,Pycnonotidae (Bulbuls),77697,6508367,545151796,TRUE,FALSE,1075,AVIBASE-728B225E,Eurillas latirostris,Eurillas latirostris,Andropadus latirostris,2,Field1,NA,U,0,,NA,Equatorial Guinea,NA,NA,NA,NA,NA,NA,81,NA,NA,NA,79,PFR,0,NA,NA,NA,NA,NA
874,Eurillas latirostris,Yellow-whiskered Greenbul,1421731.938,NA,NA,NA,Passeriformes,Pycnonotidae (Bulbuls),77697,6508367,545151796,TRUE,FALSE,Eurillas latirostris,Passeriformes,Pycnonotidae (Bulbuls),77697,6508367,545151796,TRUE,FALSE,1076,AVIBASE-728B225E,Eurillas latirostris,Eurillas latirostris,Andropadus latirostris,2,Field1,NA,U,0,,NA,Equatorial Guinea,NA,NA,NA,NA,NA,NA,88,NA,NA,NA,74,PFR,0,NA,NA,NA,NA,NA
875,Eurillas latirostris,Yellow-whiskered Greenbul,1421731.938,NA,NA,NA,Passeriformes,Pycnonotidae (Bulbuls),77697,6508367,545151796,TRUE,FALSE,Eurillas latirostris,Passeriformes,Pycnonotidae (Bulbuls),77697,6508367,545151796,TRUE,FALSE,1077,AVIBASE-728B225E,Eurillas latirostris,Eurillas latirostris,Andropadus latirostris,2,Field1,NA,U,0,,NA,Equatorial Guinea,NA,NA,NA,NA,NA,NA,79,NA,NA,NA,75,SAL,0,NA,NA,NA,NA,NA
876,Eurillas latirostris,Yellow-whiskered Greenbul,1421731.938,NA,NA,NA,Passeriformes,Pycnonotidae (Bulbuls),77697,6508367,545151796,TRUE,FALSE,Eurillas latirostris,Passeriformes,Pycnonotidae (Bulbuls),77697,6508367,545151796,TRUE,FALSE,1078,AVIBASE-728B225E,Eurillas latirostris,Eurillas latirostris,Andropadus latirostris,2,Field1,NA,U,0,,NA,Equatorial Guinea,NA,NA,NA,NA,NA,NA,71,NA,NA,NA,69,SAL,0,NA,NA,NA,NA,NA
877,Eurillas latirostris,Yellow-whiskered Greenbul,1421731.938,NA,NA,NA,Passeriformes,Pycnonotidae (Bulbuls),77697,6508367,545151796,TRUE,FALSE,Eurillas latirostris,Passeriformes,Pycnonotidae (Bulbuls),77697,6508367,545151796,TRUE,FALSE,1079,AVIBASE-728B225E,Eurillas latirostris,Eurillas latirostris,Andropadus latirostris,2,Field1,NA,U,0,,NA,Equatorial Guinea,NA,NA,NA,NA,NA,NA,81,NA,NA,NA,75,SAL,0,NA,NA,NA,NA,NA
878,Eurillas latirostris,Yellow-whiskered Greenbul,1421731.938,NA,NA,NA,Passeriformes,Pycnonotidae (Bulbuls),77697,6508367,545151796,TRUE,FALSE,Eurillas latirostris,Passeriformes,Pycnonotidae (Bulbuls),77697,6508367,545151796,TRUE,FALSE,1080,AVIBASE-728B225E,Eurillas latirostris,Eurillas latirostris,Andropadus latirostris,2,Field1,NA,U,0,,NA,Equatorial Guinea,NA,NA,NA,NA,NA,NA,76,NA,NA,NA,70,ELK,0,NA,NA,NA,NA,NA
879,Eurillas latirostris,Yellow-whiskered Greenbul,1421731.938,NA,NA,NA,Passeriformes,Pycnonotidae (Bulbuls),77697,6508367,545151796,TRUE,FALSE,Eurillas latirostris,Passeriformes,Pycnonotidae (Bulbuls),77697,6508367,545151796,TRUE,FALSE,1081,AVIBASE-728B225E,Eurillas latirostris,Eurillas latirostris,Andropadus latirostris,2,Field1,NA,F,0,,NA,Equatorial Guinea,NA,NA,NA,NA,NA,NA,76,NA,NA,NA,71,PFR,0,NA,NA,NA,NA,NA
880,Eurillas latirostris,Yellow-whiskered Greenbul,1421731.938,NA,NA,NA,Passeriformes,Pycnonotidae (Bulbuls),77697,6508367,545151796,TRUE,FALSE,Eurillas latirostris,Passeriformes,Pycnonotidae (Bulbuls),77697,6508367,545151796,TRUE,FALSE,1082,AVIBASE-728B225E,Eurillas latirostris,Eurillas latirostris,Andropadus latirostris,2,Field1,NA,U,0,,NA,Equatorial Guinea,NA,NA,NA,NA,NA,NA,83,NA,NA,NA,79,JDW,0,NA,NA,NA,NA,NA
881,Eurillas latirostris,Yellow-whiskered Greenbul,1421731.938,NA,NA,NA,Passeriformes,Pycnonotidae (Bulbuls),77697,6508367,545151796,TRUE,FALSE,Eurillas latirostris,Passeriformes,Pycnonotidae (Bulbuls),77697,6508367,545151796,TRUE,FALSE,1083,AVIBASE-728B225E,Eurillas latirostris,Eurillas latirostris,Andropadus latirostris,2,Field1,NA,U,0,,NA,Equatorial Guinea,NA,NA,NA,NA,NA,NA,77,NA,NA,NA,70,PFR,0,NA,NA,NA,NA,NA
882,Eurillas latirostris,Yellow-whiskered Greenbul,1421731.938,NA,NA,NA,Passeriformes,Pycnonotidae (Bulbuls),77697,6508367,545151796,TRUE,FALSE,Eurillas latirostris,Passeriformes,Pycnonotidae (Bulbuls),77697,6508367,545151796,TRUE,FALSE,1084,AVIBASE-728B225E,Eurillas latirostris,Eurillas latirostris,Andropadus latirostris,2,Field1,NA,U,0,,NA,Equatorial Guinea,NA,NA,NA,NA,NA,NA,78,NA,NA,NA,75,SAL,0,NA,NA,NA,NA,NA
883,Eurillas latirostris,Yellow-whiskered Greenbul,1421731.938,NA,NA,NA,Passeriformes,Pycnonotidae (Bulbuls),77697,6508367,545151796,TRUE,FALSE,Eurillas latirostris,Passeriformes,Pycnonotidae (Bulbuls),77697,6508367,545151796,TRUE,FALSE,1085,AVIBASE-728B225E,Eurillas latirostris,Eurillas latirostris,Andropadus latirostris,2,Field1,NA,U,0,,NA,Equatorial Guinea,NA,NA,NA,NA,NA,NA,81,NA,NA,NA,75,SAL,0,NA,NA,NA,NA,NA
884,Eurillas latirostris,Yellow-whiskered Greenbul,1421731.938,NA,NA,NA,Passeriformes,Pycnonotidae (Bulbuls),77697,6508367,545151796,TRUE,FALSE,Eurillas latirostris,Passeriformes,Pycnonotidae (Bulbuls),77697,6508367,545151796,TRUE,FALSE,1086,AVIBASE-728B225E,Eurillas latirostris,Eurillas latirostris,Andropadus latirostris,2,Field1,NA,U,0,,NA,Equatorial Guinea,NA,NA,NA,NA,NA,NA,76,NA,NA,NA,72,PFR,0,NA,NA,NA,NA,NA
885,Eurillas latirostris,Yellow-whiskered Greenbul,1421731.938,NA,NA,NA,Passeriformes,Pycnonotidae (Bulbuls),77697,6508367,545151796,TRUE,FALSE,Eurillas latirostris,Passeriformes,Pycnonotidae (Bulbuls),77697,6508367,545151796,TRUE,FALSE,1087,AVIBASE-728B225E,Eurillas latirostris,Eurillas latirostris,Andropadus latirostris,2,Field1,NA,U,0,,NA,Equatorial Guinea,NA,NA,NA,NA,NA,NA,80,NA,NA,NA,79,SAL,0,NA,NA,NA,NA,NA
886,Eurillas latirostris,Yellow-whiskered Greenbul,1421731.938,NA,NA,NA,Passeriformes,Pycnonotidae (Bulbuls),77697,6508367,545151796,TRUE,FALSE,Eurillas latirostris,Passeriformes,Pycnonotidae (Bulbuls),77697,6508367,545151796,TRUE,FALSE,1209,AVIBASE-728B225E,Eurillas latirostris,Eurillas latirostris,Andropadus latirostris,2,Field1,NA,U,1,,NA,Ghana,NA,13.8,7.7,4.8,4.1,21.4,73,9,64,12.3,68,NNDA,1,NA,NA,NA,NA,NA
887,Eurillas latirostris,Yellow-whiskered Greenbul,1421731.938,NA,NA,NA,Passeriformes,Pycnonotidae (Bulbuls),77697,6508367,545151796,TRUE,FALSE,Eurillas latirostris,Passeriformes,Pycnonotidae (Bulbuls),77697,6508367,545151796,TRUE,FALSE,1210,AVIBASE-728B225E,Eurillas latirostris,Eurillas latirostris,Andropadus latirostris,2,Field1,NA,U,0,,NA,Ghana,NA,14.2,8.6,5.5,4.5,21.5,75,11,64,14.7,71,NNDA,1,NA,NA,NA,NA,NA
888,Eurillas latirostris,Yellow-whiskered Greenbul,1421731.938,NA,NA,NA,Passeriformes,Pycnonotidae (Bulbuls),77697,6508367,545151796,TRUE,FALSE,Eurillas latirostris,Passeriformes,Pycnonotidae (Bulbuls),77697,6508367,545151796,TRUE,FALSE,1211,AVIBASE-728B225E,Eurillas latirostris,Eurillas latirostris,Andropadus latirostris,2,Field1,NA,U,1,,NA,Ghana,NA,14.7,8.5,4.6,4.5,22.1,71,8,63,11.3,71,NNDA,1,NA,NA,NA,NA,NA
889,Eurillas latirostris,Yellow-whiskered Greenbul,1421731.938,NA,NA,NA,Passeriformes,Pycnonotidae (Bulbuls),77697,6508367,545151796,TRUE,FALSE,Eurillas latirostris,Passeriformes,Pycnonotidae (Bulbuls),77697,6508367,545151796,TRUE,FALSE,848,AVIBASE-728B225E,Eurillas latirostris,Eurillas latirostris,Andropadus latirostris,2,Field1,NA,U,0,,NA,Equatorial Guinea,NA,NA,NA,NA,NA,NA,73,NA,NA,NA,70,JHW,0,NA,NA,NA,NA,NA
890,Eurillas latirostris,Yellow-whiskered Greenbul,1421731.938,NA,NA,NA,Passeriformes,Pycnonotidae (Bulbuls),77697,6508367,545151796,TRUE,FALSE,Eurillas latirostris,Passeriformes,Pycnonotidae (Bulbuls),77697,6508367,545151796,TRUE,FALSE,849,AVIBASE-728B225E,Eurillas latirostris,Eurillas latirostris,Andropadus latirostris,2,Field1,NA,U,0,,NA,Equatorial Guinea,NA,NA,NA,NA,NA,NA,84,NA,NA,NA,77,AKW,0,NA,NA,NA,NA,NA
891,Eurillas latirostris,Yellow-whiskered Greenbul,1421731.938,NA,NA,NA,Passeriformes,Pycnonotidae (Bulbuls),77697,6508367,545151796,TRUE,FALSE,Eurillas latirostris,Passeriformes,Pycnonotidae (Bulbuls),77697,6508367,545151796,TRUE,FALSE,1093,AVIBASE-728B225E,Eurillas latirostris,Eurillas latirostris,Andropadus latirostris,2,Field1,NA,U,0,,NA,Equatorial Guinea,NA,NA,NA,NA,NA,NA,75,NA,NA,NA,69,SAL,0,NA,NA,NA,NA,NA
892,Eurillas latirostris,Yellow-whiskered Greenbul,1421731.938,NA,NA,NA,Passeriformes,Pycnonotidae (Bulbuls),77697,6508367,545151796,TRUE,FALSE,Eurillas latirostris,Passeriformes,Pycnonotidae (Bulbuls),77697,6508367,545151796,TRUE,FALSE,1094,AVIBASE-728B225E,Eurillas latirostris,Eurillas latirostris,Andropadus latirostris,2,Field1,NA,U,0,,NA,Equatorial Guinea,NA,NA,NA,NA,NA,NA,79,NA,NA,NA,73,SAL,0,NA,NA,NA,NA,NA
893,Eurillas latirostris,Yellow-whiskered Greenbul,1421731.938,NA,NA,NA,Passeriformes,Pycnonotidae (Bulbuls),77697,6508367,545151796,TRUE,FALSE,Eurillas latirostris,Passeriformes,Pycnonotidae (Bulbuls),77697,6508367,545151796,TRUE,FALSE,1095,AVIBASE-728B225E,Eurillas latirostris,Eurillas latirostris,Andropadus latirostris,2,Field1,NA,U,0,,NA,Equatorial Guinea,NA,NA,NA,NA,NA,NA,80,NA,NA,NA,76,BAK,0,NA,NA,NA,NA,NA
894,Eurillas latirostris,Yellow-whiskered Greenbul,1421731.938,NA,NA,NA,Passeriformes,Pycnonotidae (Bulbuls),77697,6508367,545151796,TRUE,FALSE,Eurillas latirostris,Passeriformes,Pycnonotidae (Bulbuls),77697,6508367,545151796,TRUE,FALSE,1096,AVIBASE-728B225E,Eurillas latirostris,Eurillas latirostris,Andropadus latirostris,2,Field1,NA,U,0,,NA,Equatorial Guinea,NA,NA,NA,NA,NA,NA,83,NA,NA,NA,75,SAL,0,NA,NA,NA,NA,NA
895,Eurillas latirostris,Yellow-whiskered Greenbul,1421731.938,NA,NA,NA,Passeriformes,Pycnonotidae (Bulbuls),77697,6508367,545151796,TRUE,FALSE,Eurillas latirostris,Passeriformes,Pycnonotidae (Bulbuls),77697,6508367,545151796,TRUE,FALSE,1097,AVIBASE-728B225E,Eurillas latirostris,Eurillas latirostris,Andropadus latirostris,2,Field1,NA,U,0,,NA,Equatorial Guinea,NA,NA,NA,NA,NA,NA,78,NA,NA,NA,76,BAK,0,NA,NA,NA,NA,NA
896,Eurillas latirostris,Yellow-whiskered Greenbul,1421731.938,NA,NA,NA,Passeriformes,Pycnonotidae (Bulbuls),77697,6508367,545151796,TRUE,FALSE,Eurillas latirostris,Passeriformes,Pycnonotidae (Bulbuls),77697,6508367,545151796,TRUE,FALSE,1098,AVIBASE-728B225E,Eurillas latirostris,Eurillas latirostris,Andropadus latirostris,2,Field1,NA,U,0,,NA,Equatorial Guinea,NA,NA,NA,NA,NA,NA,79,NA,NA,NA,75,ELK,0,NA,NA,NA,NA,NA
897,Eurillas latirostris,Yellow-whiskered Greenbul,1421731.938,NA,NA,NA,Passeriformes,Pycnonotidae (Bulbuls),77697,6508367,545151796,TRUE,FALSE,Eurillas latirostris,Passeriformes,Pycnonotidae (Bulbuls),77697,6508367,545151796,TRUE,FALSE,1099,AVIBASE-728B225E,Eurillas latirostris,Eurillas latirostris,Andropadus latirostris,2,Field1,NA,U,0,,NA,Equatorial Guinea,NA,NA,NA,NA,NA,NA,80,NA,NA,NA,72,EMB,0,NA,NA,NA,NA,NA
898,Eurillas latirostris,Yellow-whiskered Greenbul,1421731.938,NA,NA,NA,Passeriformes,Pycnonotidae (Bulbuls),77697,6508367,545151796,TRUE,FALSE,Eurillas latirostris,Passeriformes,Pycnonotidae (Bulbuls),77697,6508367,545151796,TRUE,FALSE,1100,AVIBASE-728B225E,Eurillas latirostris,Eurillas latirostris,Andropadus latirostris,2,Field1,NA,U,0,,NA,Equatorial Guinea,NA,NA,NA,NA,NA,NA,79,NA,NA,NA,66,EMB,0,NA,NA,NA,NA,NA
899,Eurillas latirostris,Yellow-whiskered Greenbul,1421731.938,NA,NA,NA,Passeriformes,Pycnonotidae (Bulbuls),77697,6508367,545151796,TRUE,FALSE,Eurillas latirostris,Passeriformes,Pycnonotidae (Bulbuls),77697,6508367,545151796,TRUE,FALSE,1101,AVIBASE-728B225E,Eurillas latirostris,Eurillas latirostris,Andropadus latirostris,2,Field1,NA,U,0,,NA,Equatorial Guinea,NA,NA,NA,NA,NA,NA,84,NA,NA,NA,87,BAK,0,NA,NA,NA,NA,NA
900,Eurillas latirostris,Yellow-whiskered Greenbul,1421731.938,NA,NA,NA,Passeriformes,Pycnonotidae (Bulbuls),77697,6508367,545151796,TRUE,FALSE,Eurillas latirostris,Passeriformes,Pycnonotidae (Bulbuls),77697,6508367,545151796,TRUE,FALSE,1102,AVIBASE-728B225E,Eurillas latirostris,Eurillas latirostris,Andropadus latirostris,2,Field1,NA,F,0,,NA,Equatorial Guinea,NA,NA,NA,NA,NA,NA,76,NA,NA,NA,73,PFR,0,NA,NA,NA,NA,NA
901,Eurillas latirostris,Yellow-whiskered Greenbul,1421731.938,NA,NA,NA,Passeriformes,Pycnonotidae (Bulbuls),77697,6508367,545151796,TRUE,FALSE,Eurillas latirostris,Passeriformes,Pycnonotidae (Bulbuls),77697,6508367,545151796,TRUE,FALSE,1103,AVIBASE-728B225E,Eurillas latirostris,Eurillas latirostris,Andropadus latirostris,2,Field1,NA,U,0,,NA,Equatorial Guinea,NA,NA,NA,NA,NA,NA,79,NA,NA,NA,71,SAL,0,NA,NA,NA,NA,NA
902,Eurillas latirostris,Yellow-whiskered Greenbul,1421731.938,NA,NA,NA,Passeriformes,Pycnonotidae (Bulbuls),77697,6508367,545151796,TRUE,FALSE,Eurillas latirostris,Passeriformes,Pycnonotidae (Bulbuls),77697,6508367,545151796,TRUE,FALSE,1104,AVIBASE-728B225E,Eurillas latirostris,Eurillas latirostris,Andropadus latirostris,2,Field1,NA,U,0,,NA,Equatorial Guinea,NA,NA,NA,NA,NA,NA,77,NA,NA,NA,70,BAK,0,NA,NA,NA,NA,NA
903,Eurillas latirostris,Yellow-whiskered Greenbul,1421731.938,NA,NA,NA,Passeriformes,Pycnonotidae (Bulbuls),77697,6508367,545151796,TRUE,FALSE,Eurillas latirostris,Passeriformes,Pycnonotidae (Bulbuls),77697,6508367,545151796,TRUE,FALSE,1105,AVIBASE-728B225E,Eurillas latirostris,Eurillas latirostris,Andropadus latirostris,2,Field1,NA,U,0,,NA,Equatorial Guinea,NA,NA,NA,NA,NA,NA,78,NA,NA,NA,72,BAK,0,NA,NA,NA,NA,NA
904,Eurillas latirostris,Yellow-whiskered Greenbul,1421731.938,NA,NA,NA,Passeriformes,Pycnonotidae (Bulbuls),77697,6508367,545151796,TRUE,FALSE,Eurillas latirostris,Passeriformes,Pycnonotidae (Bulbuls),77697,6508367,545151796,TRUE,FALSE,1106,AVIBASE-728B225E,Eurillas latirostris,Eurillas latirostris,Andropadus latirostris,2,Field1,NA,U,0,,NA,Equatorial Guinea,NA,NA,NA,NA,NA,NA,74,NA,NA,NA,75,BAK,0,NA,NA,NA,NA,NA
905,Eurillas latirostris,Yellow-whiskered Greenbul,1421731.938,NA,NA,NA,Passeriformes,Pycnonotidae (Bulbuls),77697,6508367,545151796,TRUE,FALSE,Eurillas latirostris,Passeriformes,Pycnonotidae (Bulbuls),77697,6508367,545151796,TRUE,FALSE,1107,AVIBASE-728B225E,Eurillas latirostris,Eurillas latirostris,Andropadus latirostris,2,Field1,NA,U,0,,NA,Equatorial Guinea,NA,NA,NA,NA,NA,NA,81,NA,NA,NA,74,ELK,0,NA,NA,NA,NA,NA
906,Eurillas latirostris,Yellow-whiskered Greenbul,1421731.938,NA,NA,NA,Passeriformes,Pycnonotidae (Bulbuls),77697,6508367,545151796,TRUE,FALSE,Eurillas latirostris,Passeriformes,Pycnonotidae (Bulbuls),77697,6508367,545151796,TRUE,FALSE,1108,AVIBASE-728B225E,Eurillas latirostris,Eurillas latirostris,Andropadus latirostris,2,Field1,NA,U,0,,NA,Equatorial Guinea,NA,NA,NA,NA,NA,NA,84,NA,NA,NA,79,ELK,0,NA,NA,NA,NA,NA
907,Eurillas latirostris,Yellow-whiskered Greenbul,1421731.938,NA,NA,NA,Passeriformes,Pycnonotidae (Bulbuls),77697,6508367,545151796,TRUE,FALSE,Eurillas latirostris,Passeriformes,Pycnonotidae (Bulbuls),77697,6508367,545151796,TRUE,FALSE,1109,AVIBASE-728B225E,Eurillas latirostris,Eurillas latirostris,Andropadus latirostris,2,Field1,NA,U,0,,NA,Equatorial Guinea,NA,NA,NA,NA,NA,NA,83,NA,NA,NA,88,EMB,0,NA,NA,NA,NA,NA
908,Eurillas latirostris,Yellow-whiskered Greenbul,1421731.938,NA,NA,NA,Passeriformes,Pycnonotidae (Bulbuls),77697,6508367,545151796,TRUE,FALSE,Eurillas latirostris,Passeriformes,Pycnonotidae (Bulbuls),77697,6508367,545151796,TRUE,FALSE,1110,AVIBASE-728B225E,Eurillas latirostris,Eurillas latirostris,Andropadus latirostris,2,Field1,NA,U,0,,NA,Equatorial Guinea,NA,NA,NA,NA,NA,NA,79,NA,NA,NA,75,EMB,0,NA,NA,NA,NA,NA
909,Eurillas latirostris,Yellow-whiskered Greenbul,1421731.938,NA,NA,NA,Passeriformes,Pycnonotidae (Bulbuls),77697,6508367,545151796,TRUE,FALSE,Eurillas latirostris,Passeriformes,Pycnonotidae (Bulbuls),77697,6508367,545151796,TRUE,FALSE,1111,AVIBASE-728B225E,Eurillas latirostris,Eurillas latirostris,Andropadus latirostris,2,Field1,NA,U,0,,NA,Equatorial Guinea,NA,NA,NA,NA,NA,NA,78,NA,NA,NA,70,SAL,0,NA,NA,NA,NA,NA
910,Eurillas latirostris,Yellow-whiskered Greenbul,1421731.938,NA,NA,NA,Passeriformes,Pycnonotidae (Bulbuls),77697,6508367,545151796,TRUE,FALSE,Eurillas latirostris,Passeriformes,Pycnonotidae (Bulbuls),77697,6508367,545151796,TRUE,FALSE,1112,AVIBASE-728B225E,Eurillas latirostris,Eurillas latirostris,Andropadus latirostris,2,Field1,NA,U,0,,NA,Equatorial Guinea,NA,NA,NA,NA,NA,NA,80,NA,NA,NA,76,PFR,0,NA,NA,NA,NA,NA
911,Eurillas latirostris,Yellow-whiskered Greenbul,1421731.938,NA,NA,NA,Passeriformes,Pycnonotidae (Bulbuls),77697,6508367,545151796,TRUE,FALSE,Eurillas latirostris,Passeriformes,Pycnonotidae (Bulbuls),77697,6508367,545151796,TRUE,FALSE,1113,AVIBASE-728B225E,Eurillas latirostris,Eurillas latirostris,Andropadus latirostris,2,Field1,NA,U,0,,NA,Equatorial Guinea,NA,NA,NA,NA,NA,NA,78,NA,NA,NA,71,BAK,0,NA,NA,NA,NA,NA
912,Eurillas latirostris,Yellow-whiskered Greenbul,1421731.938,NA,NA,NA,Passeriformes,Pycnonotidae (Bulbuls),77697,6508367,545151796,TRUE,FALSE,Eurillas latirostris,Passeriformes,Pycnonotidae (Bulbuls),77697,6508367,545151796,TRUE,FALSE,1114,AVIBASE-728B225E,Eurillas latirostris,Eurillas latirostris,Andropadus latirostris,2,Field1,NA,U,0,,NA,Equatorial Guinea,NA,NA,NA,NA,NA,NA,78,NA,NA,NA,73,EMB,0,NA,NA,NA,NA,NA
913,Eurillas latirostris,Yellow-whiskered Greenbul,1421731.938,NA,NA,NA,Passeriformes,Pycnonotidae (Bulbuls),77697,6508367,545151796,TRUE,FALSE,Eurillas latirostris,Passeriformes,Pycnonotidae (Bulbuls),77697,6508367,545151796,TRUE,FALSE,1115,AVIBASE-728B225E,Eurillas latirostris,Eurillas latirostris,Andropadus latirostris,2,Field1,NA,U,0,,NA,Equatorial Guinea,NA,NA,NA,NA,NA,NA,80,NA,NA,NA,68,ELK,0,NA,NA,NA,NA,NA
914,Eurillas latirostris,Yellow-whiskered Greenbul,1421731.938,NA,NA,NA,Passeriformes,Pycnonotidae (Bulbuls),77697,6508367,545151796,TRUE,FALSE,Eurillas latirostris,Passeriformes,Pycnonotidae (Bulbuls),77697,6508367,545151796,TRUE,FALSE,1116,AVIBASE-728B225E,Eurillas latirostris,Eurillas latirostris,Andropadus latirostris,2,Field1,NA,U,0,,NA,Equatorial Guinea,NA,NA,NA,NA,NA,NA,76,NA,NA,NA,69,EMB,0,NA,NA,NA,NA,NA
915,Eurillas latirostris,Yellow-whiskered Greenbul,1421731.938,NA,NA,NA,Passeriformes,Pycnonotidae (Bulbuls),77697,6508367,545151796,TRUE,FALSE,Eurillas latirostris,Passeriformes,Pycnonotidae (Bulbuls),77697,6508367,545151796,TRUE,FALSE,1117,AVIBASE-728B225E,Eurillas latirostris,Eurillas latirostris,Andropadus latirostris,2,Field1,NA,U,0,,NA,Equatorial Guinea,NA,NA,NA,NA,NA,NA,75,NA,NA,NA,70,SAL,0,NA,NA,NA,NA,NA
916,Eurillas latirostris,Yellow-whiskered Greenbul,1421731.938,NA,NA,NA,Passeriformes,Pycnonotidae (Bulbuls),77697,6508367,545151796,TRUE,FALSE,Eurillas latirostris,Passeriformes,Pycnonotidae (Bulbuls),77697,6508367,545151796,TRUE,FALSE,1118,AVIBASE-728B225E,Eurillas latirostris,Eurillas latirostris,Andropadus latirostris,2,Field1,NA,U,0,,NA,Equatorial Guinea,NA,NA,NA,NA,NA,NA,76,NA,NA,NA,68,BAK,0,NA,NA,NA,NA,NA
917,Eurillas latirostris,Yellow-whiskered Greenbul,1421731.938,NA,NA,NA,Passeriformes,Pycnonotidae (Bulbuls),77697,6508367,545151796,TRUE,FALSE,Eurillas latirostris,Passeriformes,Pycnonotidae (Bulbuls),77697,6508367,545151796,TRUE,FALSE,1119,AVIBASE-728B225E,Eurillas latirostris,Eurillas latirostris,Andropadus latirostris,2,Field1,NA,U,0,,NA,Equatorial Guinea,NA,NA,NA,NA,NA,NA,76,NA,NA,NA,58,EMB,0,NA,NA,NA,NA,NA
918,Eurillas latirostris,Yellow-whiskered Greenbul,1421731.938,NA,NA,NA,Passeriformes,Pycnonotidae (Bulbuls),77697,6508367,545151796,TRUE,FALSE,Eurillas latirostris,Passeriformes,Pycnonotidae (Bulbuls),77697,6508367,545151796,TRUE,FALSE,1120,AVIBASE-728B225E,Eurillas latirostris,Eurillas latirostris,Andropadus latirostris,2,Field1,NA,U,0,,NA,Equatorial Guinea,NA,NA,NA,NA,NA,NA,78,NA,NA,NA,70,EMB,0,NA,NA,NA,NA,NA
919,Eurillas latirostris,Yellow-whiskered Greenbul,1421731.938,NA,NA,NA,Passeriformes,Pycnonotidae (Bulbuls),77697,6508367,545151796,TRUE,FALSE,Eurillas latirostris,Passeriformes,Pycnonotidae (Bulbuls),77697,6508367,545151796,TRUE,FALSE,1121,AVIBASE-728B225E,Eurillas latirostris,Eurillas latirostris,Andropadus latirostris,2,Field1,NA,U,0,,NA,Equatorial Guinea,NA,NA,NA,NA,NA,NA,83,NA,NA,NA,71,SAL,0,NA,NA,NA,NA,NA
920,Eurillas latirostris,Yellow-whiskered Greenbul,1421731.938,NA,NA,NA,Passeriformes,Pycnonotidae (Bulbuls),77697,6508367,545151796,TRUE,FALSE,Eurillas latirostris,Passeriformes,Pycnonotidae (Bulbuls),77697,6508367,545151796,TRUE,FALSE,1122,AVIBASE-728B225E,Eurillas latirostris,Eurillas latirostris,Andropadus latirostris,2,Field1,NA,U,0,,NA,Equatorial Guinea,NA,NA,NA,NA,NA,NA,80,NA,NA,NA,73,JDW,0,NA,NA,NA,NA,NA
921,Eurillas latirostris,Yellow-whiskered Greenbul,1421731.938,NA,NA,NA,Passeriformes,Pycnonotidae (Bulbuls),77697,6508367,545151796,TRUE,FALSE,Eurillas latirostris,Passeriformes,Pycnonotidae (Bulbuls),77697,6508367,545151796,TRUE,FALSE,1123,AVIBASE-728B225E,Eurillas latirostris,Eurillas latirostris,Andropadus latirostris,2,Field1,NA,F,0,,NA,Equatorial Guinea,NA,NA,NA,NA,NA,NA,78,NA,NA,NA,72,JDW,0,NA,NA,NA,NA,NA
922,Eurillas latirostris,Yellow-whiskered Greenbul,1421731.938,NA,NA,NA,Passeriformes,Pycnonotidae (Bulbuls),77697,6508367,545151796,TRUE,FALSE,Eurillas latirostris,Passeriformes,Pycnonotidae (Bulbuls),77697,6508367,545151796,TRUE,FALSE,1124,AVIBASE-728B225E,Eurillas latirostris,Eurillas latirostris,Andropadus latirostris,2,Field1,NA,M,0,,NA,Equatorial Guinea,NA,NA,NA,NA,NA,NA,85,NA,NA,NA,81,JDW,0,NA,NA,NA,NA,NA
923,Eurillas latirostris,Yellow-whiskered Greenbul,1421731.938,NA,NA,NA,Passeriformes,Pycnonotidae (Bulbuls),77697,6508367,545151796,TRUE,FALSE,Eurillas latirostris,Passeriformes,Pycnonotidae (Bulbuls),77697,6508367,545151796,TRUE,FALSE,1125,AVIBASE-728B225E,Eurillas latirostris,Eurillas latirostris,Andropadus latirostris,2,Field1,NA,U,0,,NA,Equatorial Guinea,NA,NA,NA,NA,NA,NA,74,NA,NA,NA,NA,JDW,0,NA,NA,NA,NA,NA
924,Eurillas latirostris,Yellow-whiskered Greenbul,1421731.938,NA,NA,NA,Passeriformes,Pycnonotidae (Bulbuls),77697,6508367,545151796,TRUE,FALSE,Eurillas latirostris,Passeriformes,Pycnonotidae (Bulbuls),77697,6508367,545151796,TRUE,FALSE,1126,AVIBASE-728B225E,Eurillas latirostris,Eurillas latirostris,Andropadus latirostris,2,Field1,NA,F,0,,NA,Equatorial Guinea,NA,NA,NA,NA,NA,NA,77,NA,NA,NA,71,JDW,0,NA,NA,NA,NA,NA
925,Eurillas latirostris,Yellow-whiskered Greenbul,1421731.938,NA,NA,NA,Passeriformes,Pycnonotidae (Bulbuls),77697,6508367,545151796,TRUE,FALSE,Eurillas latirostris,Passeriformes,Pycnonotidae (Bulbuls),77697,6508367,545151796,TRUE,FALSE,1127,AVIBASE-728B225E,Eurillas latirostris,Eurillas latirostris,Andropadus latirostris,2,Field1,NA,F,0,,NA,Equatorial Guinea,NA,NA,NA,NA,NA,NA,78,NA,NA,NA,74,JDW,0,NA,NA,NA,NA,NA
926,Eurillas latirostris,Yellow-whiskered Greenbul,1421731.938,NA,NA,NA,Passeriformes,Pycnonotidae (Bulbuls),77697,6508367,545151796,TRUE,FALSE,Eurillas latirostris,Passeriformes,Pycnonotidae (Bulbuls),77697,6508367,545151796,TRUE,FALSE,1128,AVIBASE-728B225E,Eurillas latirostris,Eurillas latirostris,Andropadus latirostris,2,Field1,NA,U,0,,NA,Equatorial Guinea,NA,NA,NA,NA,NA,NA,79,NA,NA,NA,73,JDW,0,NA,NA,NA,NA,NA
927,Eurillas latirostris,Yellow-whiskered Greenbul,1421731.938,NA,NA,NA,Passeriformes,Pycnonotidae (Bulbuls),77697,6508367,545151796,TRUE,FALSE,Eurillas latirostris,Passeriformes,Pycnonotidae (Bulbuls),77697,6508367,545151796,TRUE,FALSE,1129,AVIBASE-728B225E,Eurillas latirostris,Eurillas latirostris,Andropadus latirostris,2,Field1,NA,M,0,,NA,Equatorial Guinea,NA,NA,NA,NA,NA,NA,76,NA,NA,NA,74,JDW,0,NA,NA,NA,NA,NA
928,Eurillas latirostris,Yellow-whiskered Greenbul,1421731.938,NA,NA,NA,Passeriformes,Pycnonotidae (Bulbuls),77697,6508367,545151796,TRUE,FALSE,Eurillas latirostris,Passeriformes,Pycnonotidae (Bulbuls),77697,6508367,545151796,TRUE,FALSE,1130,AVIBASE-728B225E,Eurillas latirostris,Eurillas latirostris,Andropadus latirostris,2,Field1,NA,F,0,,NA,Equatorial Guinea,NA,NA,NA,NA,NA,NA,71,NA,NA,NA,66,JDW,0,NA,NA,NA,NA,NA
929,Eurillas latirostris,Yellow-whiskered Greenbul,1421731.938,NA,NA,NA,Passeriformes,Pycnonotidae (Bulbuls),77697,6508367,545151796,TRUE,FALSE,Eurillas latirostris,Passeriformes,Pycnonotidae (Bulbuls),77697,6508367,545151796,TRUE,FALSE,1131,AVIBASE-728B225E,Eurillas latirostris,Eurillas latirostris,Andropadus latirostris,2,Field1,NA,F,0,,NA,Equatorial Guinea,NA,NA,NA,NA,NA,NA,78,NA,NA,NA,72,JDW,0,NA,NA,NA,NA,NA
930,Eurillas latirostris,Yellow-whiskered Greenbul,1421731.938,NA,NA,NA,Passeriformes,Pycnonotidae (Bulbuls),77697,6508367,545151796,TRUE,FALSE,Eurillas latirostris,Passeriformes,Pycnonotidae (Bulbuls),77697,6508367,545151796,TRUE,FALSE,1132,AVIBASE-728B225E,Eurillas latirostris,Eurillas latirostris,Andropadus latirostris,2,Field1,NA,U,0,,NA,Equatorial Guinea,NA,NA,NA,NA,NA,NA,77,NA,NA,NA,72,JDW,0,NA,NA,NA,NA,NA
931,Eurillas latirostris,Yellow-whiskered Greenbul,1421731.938,NA,NA,NA,Passeriformes,Pycnonotidae (Bulbuls),77697,6508367,545151796,TRUE,FALSE,Eurillas latirostris,Passeriformes,Pycnonotidae (Bulbuls),77697,6508367,545151796,TRUE,FALSE,1133,AVIBASE-728B225E,Eurillas latirostris,Eurillas latirostris,Andropadus latirostris,2,Field1,NA,U,0,,NA,Equatorial Guinea,NA,NA,NA,NA,NA,NA,79,NA,NA,NA,77,JDW,0,NA,NA,NA,NA,NA
932,Eurillas latirostris,Yellow-whiskered Greenbul,1421731.938,NA,NA,NA,Passeriformes,Pycnonotidae (Bulbuls),77697,6508367,545151796,TRUE,FALSE,Eurillas latirostris,Passeriformes,Pycnonotidae (Bulbuls),77697,6508367,545151796,TRUE,FALSE,1134,AVIBASE-728B225E,Eurillas latirostris,Eurillas latirostris,Andropadus latirostris,2,Field1,NA,F,0,,NA,Equatorial Guinea,NA,NA,NA,NA,NA,NA,77,NA,NA,NA,73,JDW,0,NA,NA,NA,NA,NA
933,Eurillas latirostris,Yellow-whiskered Greenbul,1421731.938,NA,NA,NA,Passeriformes,Pycnonotidae (Bulbuls),77697,6508367,545151796,TRUE,FALSE,Eurillas latirostris,Passeriformes,Pycnonotidae (Bulbuls),77697,6508367,545151796,TRUE,FALSE,1135,AVIBASE-728B225E,Eurillas latirostris,Eurillas latirostris,Andropadus latirostris,2,Field1,NA,U,0,,NA,Equatorial Guinea,NA,NA,NA,NA,NA,NA,77,NA,NA,NA,72,JDW,0,NA,NA,NA,NA,NA
934,Eurillas latirostris,Yellow-whiskered Greenbul,1421731.938,NA,NA,NA,Passeriformes,Pycnonotidae (Bulbuls),77697,6508367,545151796,TRUE,FALSE,Eurillas latirostris,Passeriformes,Pycnonotidae (Bulbuls),77697,6508367,545151796,TRUE,FALSE,1136,AVIBASE-728B225E,Eurillas latirostris,Eurillas latirostris,Andropadus latirostris,2,Field1,NA,U,0,,NA,Equatorial Guinea,NA,NA,NA,NA,NA,NA,78,NA,NA,NA,74,JDW,0,NA,NA,NA,NA,NA
935,Eurillas latirostris,Yellow-whiskered Greenbul,1421731.938,NA,NA,NA,Passeriformes,Pycnonotidae (Bulbuls),77697,6508367,545151796,TRUE,FALSE,Eurillas latirostris,Passeriformes,Pycnonotidae (Bulbuls),77697,6508367,545151796,TRUE,FALSE,1137,AVIBASE-728B225E,Eurillas latirostris,Eurillas latirostris,Andropadus latirostris,2,Field1,NA,U,0,,NA,Equatorial Guinea,NA,NA,NA,NA,NA,NA,80,NA,NA,NA,71,JDW,0,NA,NA,NA,NA,NA
936,Eurillas latirostris,Yellow-whiskered Greenbul,1421731.938,NA,NA,NA,Passeriformes,Pycnonotidae (Bulbuls),77697,6508367,545151796,TRUE,FALSE,Eurillas latirostris,Passeriformes,Pycnonotidae (Bulbuls),77697,6508367,545151796,TRUE,FALSE,1138,AVIBASE-728B225E,Eurillas latirostris,Eurillas latirostris,Andropadus latirostris,2,Field1,NA,U,0,,NA,Equatorial Guinea,NA,NA,NA,NA,NA,NA,84,NA,NA,NA,81,JDW,0,NA,NA,NA,NA,NA
937,Eurillas latirostris,Yellow-whiskered Greenbul,1421731.938,NA,NA,NA,Passeriformes,Pycnonotidae (Bulbuls),77697,6508367,545151796,TRUE,FALSE,Eurillas latirostris,Passeriformes,Pycnonotidae (Bulbuls),77697,6508367,545151796,TRUE,FALSE,1139,AVIBASE-728B225E,Eurillas latirostris,Eurillas latirostris,Andropadus latirostris,2,Field1,NA,F,0,,NA,Equatorial Guinea,NA,NA,NA,NA,NA,NA,71,NA,NA,NA,64,JDW,0,NA,NA,NA,NA,NA
938,Eurillas latirostris,Yellow-whiskered Greenbul,1421731.938,NA,NA,NA,Passeriformes,Pycnonotidae (Bulbuls),77697,6508367,545151796,TRUE,FALSE,Eurillas latirostris,Passeriformes,Pycnonotidae (Bulbuls),77697,6508367,545151796,TRUE,FALSE,1140,AVIBASE-728B225E,Eurillas latirostris,Eurillas latirostris,Andropadus latirostris,2,Field1,NA,U,0,,NA,Equatorial Guinea,NA,NA,NA,NA,NA,NA,79,NA,NA,NA,76,LLP,0,NA,NA,NA,NA,NA
939,Eurillas latirostris,Yellow-whiskered Greenbul,1421731.938,NA,NA,NA,Passeriformes,Pycnonotidae (Bulbuls),77697,6508367,545151796,TRUE,FALSE,Eurillas latirostris,Passeriformes,Pycnonotidae (Bulbuls),77697,6508367,545151796,TRUE,FALSE,1141,AVIBASE-728B225E,Eurillas latirostris,Eurillas latirostris,Andropadus latirostris,2,Field1,NA,M,0,,NA,Equatorial Guinea,NA,NA,NA,NA,NA,NA,83,NA,NA,NA,79,JDW,0,NA,NA,NA,NA,NA
940,Eurillas latirostris,Yellow-whiskered Greenbul,1421731.938,NA,NA,NA,Passeriformes,Pycnonotidae (Bulbuls),77697,6508367,545151796,TRUE,FALSE,Eurillas latirostris,Passeriformes,Pycnonotidae (Bulbuls),77697,6508367,545151796,TRUE,FALSE,1142,AVIBASE-728B225E,Eurillas latirostris,Eurillas latirostris,Andropadus latirostris,2,Field1,NA,F,0,,NA,Equatorial Guinea,NA,NA,NA,NA,NA,NA,80,NA,NA,NA,76,LLP,0,NA,NA,NA,NA,NA
941,Eurillas latirostris,Yellow-whiskered Greenbul,1421731.938,NA,NA,NA,Passeriformes,Pycnonotidae (Bulbuls),77697,6508367,545151796,TRUE,FALSE,Eurillas latirostris,Passeriformes,Pycnonotidae (Bulbuls),77697,6508367,545151796,TRUE,FALSE,1143,AVIBASE-728B225E,Eurillas latirostris,Eurillas latirostris,Andropadus latirostris,2,Field1,NA,M,0,,NA,Equatorial Guinea,NA,NA,NA,NA,NA,NA,81,NA,NA,NA,77,JDW,0,NA,NA,NA,NA,NA
942,Eurillas latirostris,Yellow-whiskered Greenbul,1421731.938,NA,NA,NA,Passeriformes,Pycnonotidae (Bulbuls),77697,6508367,545151796,TRUE,FALSE,Eurillas latirostris,Passeriformes,Pycnonotidae (Bulbuls),77697,6508367,545151796,TRUE,FALSE,1144,AVIBASE-728B225E,Eurillas latirostris,Eurillas latirostris,Andropadus latirostris,2,Field1,NA,F,0,,NA,Equatorial Guinea,NA,NA,NA,NA,NA,NA,73,NA,NA,NA,71,JDW,0,NA,NA,NA,NA,NA
943,Eurillas latirostris,Yellow-whiskered Greenbul,1421731.938,NA,NA,NA,Passeriformes,Pycnonotidae (Bulbuls),77697,6508367,545151796,TRUE,FALSE,Eurillas latirostris,Passeriformes,Pycnonotidae (Bulbuls),77697,6508367,545151796,TRUE,FALSE,1145,AVIBASE-728B225E,Eurillas latirostris,Eurillas latirostris,Andropadus latirostris,2,Field1,NA,M,0,,NA,Equatorial Guinea,NA,NA,NA,NA,NA,NA,87,NA,NA,NA,80,JDW,0,NA,NA,NA,NA,NA
944,Eurillas latirostris,Yellow-whiskered Greenbul,1421731.938,NA,NA,NA,Passeriformes,Pycnonotidae (Bulbuls),77697,6508367,545151796,TRUE,FALSE,Eurillas latirostris,Passeriformes,Pycnonotidae (Bulbuls),77697,6508367,545151796,TRUE,FALSE,1146,AVIBASE-728B225E,Eurillas latirostris,Eurillas latirostris,Andropadus latirostris,2,Field1,NA,F,0,,NA,Equatorial Guinea,NA,NA,NA,NA,NA,NA,72,NA,NA,NA,62,LLP,0,NA,NA,NA,NA,NA
945,Eurillas latirostris,Yellow-whiskered Greenbul,1421731.938,NA,NA,NA,Passeriformes,Pycnonotidae (Bulbuls),77697,6508367,545151796,TRUE,FALSE,Eurillas latirostris,Passeriformes,Pycnonotidae (Bulbuls),77697,6508367,545151796,TRUE,FALSE,1147,AVIBASE-728B225E,Eurillas latirostris,Eurillas latirostris,Andropadus latirostris,2,Field1,NA,U,0,,NA,Equatorial Guinea,NA,NA,NA,NA,NA,NA,79,NA,NA,NA,72,JDW,0,NA,NA,NA,NA,NA
946,Eurillas latirostris,Yellow-whiskered Greenbul,1421731.938,NA,NA,NA,Passeriformes,Pycnonotidae (Bulbuls),77697,6508367,545151796,TRUE,FALSE,Eurillas latirostris,Passeriformes,Pycnonotidae (Bulbuls),77697,6508367,545151796,TRUE,FALSE,1148,AVIBASE-728B225E,Eurillas latirostris,Eurillas latirostris,Andropadus latirostris,2,Field1,NA,U,0,,NA,Equatorial Guinea,NA,NA,NA,NA,NA,NA,77,NA,NA,NA,75,JDW,0,NA,NA,NA,NA,NA
947,Eurillas latirostris,Yellow-whiskered Greenbul,1421731.938,NA,NA,NA,Passeriformes,Pycnonotidae (Bulbuls),77697,6508367,545151796,TRUE,FALSE,Eurillas latirostris,Passeriformes,Pycnonotidae (Bulbuls),77697,6508367,545151796,TRUE,FALSE,1149,AVIBASE-728B225E,Eurillas latirostris,Eurillas latirostris,Andropadus latirostris,2,Field1,NA,F,0,,NA,Equatorial Guinea,NA,NA,NA,NA,NA,NA,76,NA,NA,NA,66,LLP,0,NA,NA,NA,NA,NA
948,Eurillas latirostris,Yellow-whiskered Greenbul,1421731.938,NA,NA,NA,Passeriformes,Pycnonotidae (Bulbuls),77697,6508367,545151796,TRUE,FALSE,Eurillas latirostris,Passeriformes,Pycnonotidae (Bulbuls),77697,6508367,545151796,TRUE,FALSE,1150,AVIBASE-728B225E,Eurillas latirostris,Eurillas latirostris,Andropadus latirostris,2,Field1,NA,F,0,,NA,Equatorial Guinea,NA,NA,NA,NA,NA,NA,76,NA,NA,NA,68,JDW,0,NA,NA,NA,NA,NA
949,Eurillas latirostris,Yellow-whiskered Greenbul,1421731.938,NA,NA,NA,Passeriformes,Pycnonotidae (Bulbuls),77697,6508367,545151796,TRUE,FALSE,Eurillas latirostris,Passeriformes,Pycnonotidae (Bulbuls),77697,6508367,545151796,TRUE,FALSE,1151,AVIBASE-728B225E,Eurillas latirostris,Eurillas latirostris,Andropadus latirostris,2,Field1,NA,U,0,,NA,Equatorial Guinea,NA,NA,NA,NA,NA,NA,73,NA,NA,NA,71,JDW,0,NA,NA,NA,NA,NA
950,Eurillas latirostris,Yellow-whiskered Greenbul,1421731.938,NA,NA,NA,Passeriformes,Pycnonotidae (Bulbuls),77697,6508367,545151796,TRUE,FALSE,Eurillas latirostris,Passeriformes,Pycnonotidae (Bulbuls),77697,6508367,545151796,TRUE,FALSE,1152,AVIBASE-728B225E,Eurillas latirostris,Eurillas latirostris,Andropadus latirostris,2,Field1,NA,U,0,,NA,Equatorial Guinea,NA,NA,NA,NA,NA,NA,69,NA,NA,NA,65,JDW,0,NA,NA,NA,NA,NA
951,Eurillas latirostris,Yellow-whiskered Greenbul,1421731.938,NA,NA,NA,Passeriformes,Pycnonotidae (Bulbuls),77697,6508367,545151796,TRUE,FALSE,Eurillas latirostris,Passeriformes,Pycnonotidae (Bulbuls),77697,6508367,545151796,TRUE,FALSE,1153,AVIBASE-728B225E,Eurillas latirostris,Eurillas latirostris,Andropadus latirostris,2,Field1,NA,F,0,,NA,Equatorial Guinea,NA,NA,NA,NA,NA,NA,66,NA,NA,NA,65,JDW,0,NA,NA,NA,NA,NA
952,Eurillas latirostris,Yellow-whiskered Greenbul,1421731.938,NA,NA,NA,Passeriformes,Pycnonotidae (Bulbuls),77697,6508367,545151796,TRUE,FALSE,Eurillas latirostris,Passeriformes,Pycnonotidae (Bulbuls),77697,6508367,545151796,TRUE,FALSE,1154,AVIBASE-728B225E,Eurillas latirostris,Eurillas latirostris,Andropadus latirostris,2,Field1,NA,F,0,,NA,Equatorial Guinea,NA,NA,NA,NA,NA,NA,75,NA,NA,NA,71,JDW,0,NA,NA,NA,NA,NA
953,Eurillas latirostris,Yellow-whiskered Greenbul,1421731.938,NA,NA,NA,Passeriformes,Pycnonotidae (Bulbuls),77697,6508367,545151796,TRUE,FALSE,Eurillas latirostris,Passeriformes,Pycnonotidae (Bulbuls),77697,6508367,545151796,TRUE,FALSE,1155,AVIBASE-728B225E,Eurillas latirostris,Eurillas latirostris,Andropadus latirostris,2,Field1,NA,F,0,,NA,Equatorial Guinea,NA,NA,NA,NA,NA,NA,77,NA,NA,NA,73,JDW,0,NA,NA,NA,NA,NA
954,Eurillas latirostris,Yellow-whiskered Greenbul,1421731.938,NA,NA,NA,Passeriformes,Pycnonotidae (Bulbuls),77697,6508367,545151796,TRUE,FALSE,Eurillas latirostris,Passeriformes,Pycnonotidae (Bulbuls),77697,6508367,545151796,TRUE,FALSE,1156,AVIBASE-728B225E,Eurillas latirostris,Eurillas latirostris,Andropadus latirostris,2,Field1,NA,U,0,,NA,Equatorial Guinea,NA,NA,NA,NA,NA,NA,84,NA,NA,NA,NA,JDW,0,NA,NA,NA,NA,NA
955,Eurillas latirostris,Yellow-whiskered Greenbul,1421731.938,NA,NA,NA,Passeriformes,Pycnonotidae (Bulbuls),77697,6508367,545151796,TRUE,FALSE,Eurillas latirostris,Passeriformes,Pycnonotidae (Bulbuls),77697,6508367,545151796,TRUE,FALSE,1157,AVIBASE-728B225E,Eurillas latirostris,Eurillas latirostris,Andropadus latirostris,2,Field1,NA,U,0,,NA,Equatorial Guinea,NA,NA,NA,NA,NA,NA,80,NA,NA,NA,76,JDW,0,NA,NA,NA,NA,NA
956,Eurillas latirostris,Yellow-whiskered Greenbul,1421731.938,NA,NA,NA,Passeriformes,Pycnonotidae (Bulbuls),77697,6508367,545151796,TRUE,FALSE,Eurillas latirostris,Passeriformes,Pycnonotidae (Bulbuls),77697,6508367,545151796,TRUE,FALSE,1158,AVIBASE-728B225E,Eurillas latirostris,Eurillas latirostris,Andropadus latirostris,2,Field1,NA,M,0,,NA,Equatorial Guinea,NA,NA,NA,NA,NA,NA,88,NA,NA,NA,84,JDW,0,NA,NA,NA,NA,NA
957,Eurillas latirostris,Yellow-whiskered Greenbul,1421731.938,NA,NA,NA,Passeriformes,Pycnonotidae (Bulbuls),77697,6508367,545151796,TRUE,FALSE,Eurillas latirostris,Passeriformes,Pycnonotidae (Bulbuls),77697,6508367,545151796,TRUE,FALSE,1159,AVIBASE-728B225E,Eurillas latirostris,Eurillas latirostris,Andropadus latirostris,2,Field1,NA,F,0,,NA,Equatorial Guinea,NA,NA,NA,NA,NA,NA,NA,NA,NA,NA,72,JDW,0,NA,NA,NA,NA,NA
958,Eurillas latirostris,Yellow-whiskered Greenbul,1421731.938,NA,NA,NA,Passeriformes,Pycnonotidae (Bulbuls),77697,6508367,545151796,TRUE,FALSE,Eurillas latirostris,Passeriformes,Pycnonotidae (Bulbuls),77697,6508367,545151796,TRUE,FALSE,1160,AVIBASE-728B225E,Eurillas latirostris,Eurillas latirostris,Andropadus latirostris,2,Field1,NA,M,0,,NA,Equatorial Guinea,NA,NA,NA,NA,NA,NA,83,NA,NA,NA,77,JDW,0,NA,NA,NA,NA,NA
959,Eurillas latirostris,Yellow-whiskered Greenbul,1421731.938,NA,NA,NA,Passeriformes,Pycnonotidae (Bulbuls),77697,6508367,545151796,TRUE,FALSE,Eurillas latirostris,Passeriformes,Pycnonotidae (Bulbuls),77697,6508367,545151796,TRUE,FALSE,918,AVIBASE-728B225E,Eurillas latirostris,Eurillas latirostris,Andropadus latirostris,2,Field1,NA,M,0,,NA,Equatorial Guinea,NA,NA,NA,NA,NA,NA,88,NA,NA,NA,80,MEB,0,NA,NA,NA,NA,NA
960,Eurillas latirostris,Yellow-whiskered Greenbul,1421731.938,NA,NA,NA,Passeriformes,Pycnonotidae (Bulbuls),77697,6508367,545151796,TRUE,FALSE,Eurillas latirostris,Passeriformes,Pycnonotidae (Bulbuls),77697,6508367,545151796,TRUE,FALSE,919,AVIBASE-728B225E,Eurillas latirostris,Eurillas latirostris,Andropadus latirostris,2,Field1,NA,U,0,,NA,Equatorial Guinea,NA,NA,NA,NA,NA,NA,77,NA,NA,NA,80,MEB,0,NA,NA,NA,NA,NA
961,Eurillas latirostris,Yellow-whiskered Greenbul,1421731.938,NA,NA,NA,Passeriformes,Pycnonotidae (Bulbuls),77697,6508367,545151796,TRUE,FALSE,Eurillas latirostris,Passeriformes,Pycnonotidae (Bulbuls),77697,6508367,545151796,TRUE,FALSE,920,AVIBASE-728B225E,Eurillas latirostris,Eurillas latirostris,Andropadus latirostris,2,Field1,NA,U,0,,NA,Equatorial Guinea,NA,NA,NA,NA,NA,NA,79,NA,NA,NA,NA,MEB,0,NA,NA,NA,NA,NA
962,Eurillas latirostris,Yellow-whiskered Greenbul,1421731.938,NA,NA,NA,Passeriformes,Pycnonotidae (Bulbuls),77697,6508367,545151796,TRUE,FALSE,Eurillas latirostris,Passeriformes,Pycnonotidae (Bulbuls),77697,6508367,545151796,TRUE,FALSE,921,AVIBASE-728B225E,Eurillas latirostris,Eurillas latirostris,Andropadus latirostris,2,Field1,NA,U,0,,NA,Equatorial Guinea,NA,NA,NA,NA,NA,NA,78,NA,NA,NA,71,MEB,0,NA,NA,NA,NA,NA
963,Eurillas latirostris,Yellow-whiskered Greenbul,1421731.938,NA,NA,NA,Passeriformes,Pycnonotidae (Bulbuls),77697,6508367,545151796,TRUE,FALSE,Eurillas latirostris,Passeriformes,Pycnonotidae (Bulbuls),77697,6508367,545151796,TRUE,FALSE,922,AVIBASE-728B225E,Eurillas latirostris,Eurillas latirostris,Andropadus latirostris,2,Field1,NA,U,0,,NA,Equatorial Guinea,NA,NA,NA,NA,NA,NA,80,NA,NA,NA,76,MEB,0,NA,NA,NA,NA,NA
964,Eurillas latirostris,Yellow-whiskered Greenbul,1421731.938,NA,NA,NA,Passeriformes,Pycnonotidae (Bulbuls),77697,6508367,545151796,TRUE,FALSE,Eurillas latirostris,Passeriformes,Pycnonotidae (Bulbuls),77697,6508367,545151796,TRUE,FALSE,1166,AVIBASE-728B225E,Eurillas latirostris,Eurillas latirostris,Andropadus latirostris,2,Field1,NA,F,0,,NA,Equatorial Guinea,NA,NA,NA,NA,NA,NA,78,NA,NA,NA,72,JDW,0,NA,NA,NA,NA,NA
965,Eurillas latirostris,Yellow-whiskered Greenbul,1421731.938,NA,NA,NA,Passeriformes,Pycnonotidae (Bulbuls),77697,6508367,545151796,TRUE,FALSE,Eurillas latirostris,Passeriformes,Pycnonotidae (Bulbuls),77697,6508367,545151796,TRUE,FALSE,1167,AVIBASE-728B225E,Eurillas latirostris,Eurillas latirostris,Andropadus latirostris,2,Field1,NA,U,0,,NA,Equatorial Guinea,NA,NA,NA,NA,NA,NA,78,NA,NA,NA,71,JDW,0,NA,NA,NA,NA,NA
966,Eurillas latirostris,Yellow-whiskered Greenbul,1421731.938,NA,NA,NA,Passeriformes,Pycnonotidae (Bulbuls),77697,6508367,545151796,TRUE,FALSE,Eurillas latirostris,Passeriformes,Pycnonotidae (Bulbuls),77697,6508367,545151796,TRUE,FALSE,1168,AVIBASE-728B225E,Eurillas latirostris,Eurillas latirostris,Andropadus latirostris,2,Field1,NA,U,0,,NA,Equatorial Guinea,NA,NA,NA,NA,NA,NA,80,NA,NA,NA,76,JDW,0,NA,NA,NA,NA,NA
967,Eurillas latirostris,Yellow-whiskered Greenbul,1421731.938,NA,NA,NA,Passeriformes,Pycnonotidae (Bulbuls),77697,6508367,545151796,TRUE,FALSE,Eurillas latirostris,Passeriformes,Pycnonotidae (Bulbuls),77697,6508367,545151796,TRUE,FALSE,1169,AVIBASE-728B225E,Eurillas latirostris,Eurillas latirostris,Andropadus latirostris,2,Field1,NA,U,0,,NA,Equatorial Guinea,NA,NA,NA,NA,NA,NA,79,NA,NA,NA,72,JDW,0,NA,NA,NA,NA,NA
968,Eurillas latirostris,Yellow-whiskered Greenbul,1421731.938,NA,NA,NA,Passeriformes,Pycnonotidae (Bulbuls),77697,6508367,545151796,TRUE,FALSE,Eurillas latirostris,Passeriformes,Pycnonotidae (Bulbuls),77697,6508367,545151796,TRUE,FALSE,1170,AVIBASE-728B225E,Eurillas latirostris,Eurillas latirostris,Andropadus latirostris,2,Field1,NA,U,0,,NA,Equatorial Guinea,NA,NA,NA,NA,NA,NA,85,NA,NA,NA,NA,JDW,0,NA,NA,NA,NA,NA
969,Eurillas latirostris,Yellow-whiskered Greenbul,1421731.938,NA,NA,NA,Passeriformes,Pycnonotidae (Bulbuls),77697,6508367,545151796,TRUE,FALSE,Eurillas latirostris,Passeriformes,Pycnonotidae (Bulbuls),77697,6508367,545151796,TRUE,FALSE,1171,AVIBASE-728B225E,Eurillas latirostris,Eurillas latirostris,Andropadus latirostris,2,Field1,NA,U,0,,NA,Equatorial Guinea,NA,NA,NA,NA,NA,NA,76,NA,NA,NA,72,JDW,0,NA,NA,NA,NA,NA
970,Eurillas latirostris,Yellow-whiskered Greenbul,1421731.938,NA,NA,NA,Passeriformes,Pycnonotidae (Bulbuls),77697,6508367,545151796,TRUE,FALSE,Eurillas latirostris,Passeriformes,Pycnonotidae (Bulbuls),77697,6508367,545151796,TRUE,FALSE,1172,AVIBASE-728B225E,Eurillas latirostris,Eurillas latirostris,Andropadus latirostris,2,Field1,NA,U,0,,NA,Equatorial Guinea,NA,NA,NA,NA,NA,NA,83,NA,NA,NA,79,JDW,0,NA,NA,NA,NA,NA
971,Eurillas latirostris,Yellow-whiskered Greenbul,1421731.938,NA,NA,NA,Passeriformes,Pycnonotidae (Bulbuls),77697,6508367,545151796,TRUE,FALSE,Eurillas latirostris,Passeriformes,Pycnonotidae (Bulbuls),77697,6508367,545151796,TRUE,FALSE,1173,AVIBASE-728B225E,Eurillas latirostris,Eurillas latirostris,Andropadus latirostris,2,Field1,NA,U,0,,NA,Equatorial Guinea,NA,NA,NA,NA,NA,NA,82,NA,NA,NA,76,JDW,0,NA,NA,NA,NA,NA
972,Eurillas latirostris,Yellow-whiskered Greenbul,1421731.938,NA,NA,NA,Passeriformes,Pycnonotidae (Bulbuls),77697,6508367,545151796,TRUE,FALSE,Eurillas latirostris,Passeriformes,Pycnonotidae (Bulbuls),77697,6508367,545151796,TRUE,FALSE,1174,AVIBASE-728B225E,Eurillas latirostris,Eurillas latirostris,Andropadus latirostris,2,Field1,NA,F,0,,NA,Equatorial Guinea,NA,NA,NA,NA,NA,NA,80,NA,NA,NA,78,JDW,0,NA,NA,NA,NA,NA
973,Eurillas latirostris,Yellow-whiskered Greenbul,1421731.938,NA,NA,NA,Passeriformes,Pycnonotidae (Bulbuls),77697,6508367,545151796,TRUE,FALSE,Eurillas latirostris,Passeriformes,Pycnonotidae (Bulbuls),77697,6508367,545151796,TRUE,FALSE,1175,AVIBASE-728B225E,Eurillas latirostris,Eurillas latirostris,Andropadus latirostris,2,Field1,NA,F,0,,NA,Equatorial Guinea,NA,NA,NA,NA,NA,NA,76,NA,NA,NA,74,JDW,0,NA,NA,NA,NA,NA
974,Eurillas latirostris,Yellow-whiskered Greenbul,1421731.938,NA,NA,NA,Passeriformes,Pycnonotidae (Bulbuls),77697,6508367,545151796,TRUE,FALSE,Eurillas latirostris,Passeriformes,Pycnonotidae (Bulbuls),77697,6508367,545151796,TRUE,FALSE,1176,AVIBASE-728B225E,Eurillas latirostris,Eurillas latirostris,Andropadus latirostris,2,Field1,NA,F,0,,NA,Equatorial Guinea,NA,NA,NA,NA,NA,NA,79,NA,NA,NA,72,JDW,0,NA,NA,NA,NA,NA
975,Eurillas latirostris,Yellow-whiskered Greenbul,1421731.938,NA,NA,NA,Passeriformes,Pycnonotidae (Bulbuls),77697,6508367,545151796,TRUE,FALSE,Eurillas latirostris,Passeriformes,Pycnonotidae (Bulbuls),77697,6508367,545151796,TRUE,FALSE,1177,AVIBASE-728B225E,Eurillas latirostris,Eurillas latirostris,Andropadus latirostris,2,Field1,NA,U,0,,NA,Equatorial Guinea,NA,NA,NA,NA,NA,NA,80,NA,NA,NA,72,JDW,0,NA,NA,NA,NA,NA
976,Eurillas latirostris,Yellow-whiskered Greenbul,1421731.938,NA,NA,NA,Passeriformes,Pycnonotidae (Bulbuls),77697,6508367,545151796,TRUE,FALSE,Eurillas latirostris,Passeriformes,Pycnonotidae (Bulbuls),77697,6508367,545151796,TRUE,FALSE,1178,AVIBASE-728B225E,Eurillas latirostris,Eurillas latirostris,Andropadus latirostris,2,Field1,NA,F,0,,NA,Equatorial Guinea,NA,NA,NA,NA,NA,NA,80,NA,NA,NA,78,JDW,0,NA,NA,NA,NA,NA
977,Eurillas latirostris,Yellow-whiskered Greenbul,1421731.938,NA,NA,NA,Passeriformes,Pycnonotidae (Bulbuls),77697,6508367,545151796,TRUE,FALSE,Eurillas latirostris,Passeriformes,Pycnonotidae (Bulbuls),77697,6508367,545151796,TRUE,FALSE,1179,AVIBASE-728B225E,Eurillas latirostris,Eurillas latirostris,Andropadus latirostris,2,Field1,NA,U,0,,NA,Equatorial Guinea,NA,NA,NA,NA,NA,NA,83,NA,NA,NA,72,JDW,0,NA,NA,NA,NA,NA
978,Eurillas latirostris,Yellow-whiskered Greenbul,1421731.938,NA,NA,NA,Passeriformes,Pycnonotidae (Bulbuls),77697,6508367,545151796,TRUE,FALSE,Eurillas latirostris,Passeriformes,Pycnonotidae (Bulbuls),77697,6508367,545151796,TRUE,FALSE,1180,AVIBASE-728B225E,Eurillas latirostris,Eurillas latirostris,Andropadus latirostris,2,Field1,NA,U,0,,NA,Equatorial Guinea,NA,NA,NA,NA,NA,NA,74,NA,NA,NA,80,JDW,0,NA,NA,NA,NA,NA
979,Eurillas latirostris,Yellow-whiskered Greenbul,1421731.938,NA,NA,NA,Passeriformes,Pycnonotidae (Bulbuls),77697,6508367,545151796,TRUE,FALSE,Eurillas latirostris,Passeriformes,Pycnonotidae (Bulbuls),77697,6508367,545151796,TRUE,FALSE,1181,AVIBASE-728B225E,Eurillas latirostris,Eurillas latirostris,Andropadus latirostris,2,Field1,NA,M,0,,NA,Equatorial Guinea,NA,NA,NA,NA,NA,NA,75,NA,NA,NA,71,LLP,0,NA,NA,NA,NA,NA
980,Eurillas latirostris,Yellow-whiskered Greenbul,1421731.938,NA,NA,NA,Passeriformes,Pycnonotidae (Bulbuls),77697,6508367,545151796,TRUE,FALSE,Eurillas latirostris,Passeriformes,Pycnonotidae (Bulbuls),77697,6508367,545151796,TRUE,FALSE,1182,AVIBASE-728B225E,Eurillas latirostris,Eurillas latirostris,Andropadus latirostris,2,Field1,NA,F,0,,NA,Equatorial Guinea,NA,NA,NA,NA,NA,NA,76,NA,NA,NA,70,JDW,0,NA,NA,NA,NA,NA
981,Eurillas latirostris,Yellow-whiskered Greenbul,1421731.938,NA,NA,NA,Passeriformes,Pycnonotidae (Bulbuls),77697,6508367,545151796,TRUE,FALSE,Eurillas latirostris,Passeriformes,Pycnonotidae (Bulbuls),77697,6508367,545151796,TRUE,FALSE,1183,AVIBASE-728B225E,Eurillas latirostris,Eurillas latirostris,Andropadus latirostris,2,Field1,NA,U,0,,NA,Equatorial Guinea,NA,NA,NA,NA,NA,NA,82,NA,NA,NA,NA,LLP,0,NA,NA,NA,NA,NA
982,Eurillas latirostris,Yellow-whiskered Greenbul,1421731.938,NA,NA,NA,Passeriformes,Pycnonotidae (Bulbuls),77697,6508367,545151796,TRUE,FALSE,Eurillas latirostris,Passeriformes,Pycnonotidae (Bulbuls),77697,6508367,545151796,TRUE,FALSE,1184,AVIBASE-728B225E,Eurillas latirostris,Eurillas latirostris,Andropadus latirostris,2,Field1,NA,U,0,,NA,Equatorial Guinea,NA,NA,NA,NA,NA,NA,78,NA,NA,NA,67,LLP,0,NA,NA,NA,NA,NA
983,Eurillas latirostris,Yellow-whiskered Greenbul,1421731.938,NA,NA,NA,Passeriformes,Pycnonotidae (Bulbuls),77697,6508367,545151796,TRUE,FALSE,Eurillas latirostris,Passeriformes,Pycnonotidae (Bulbuls),77697,6508367,545151796,TRUE,FALSE,1185,AVIBASE-728B225E,Eurillas latirostris,Eurillas latirostris,Andropadus latirostris,2,Field1,NA,F,0,,NA,Equatorial Guinea,NA,NA,NA,NA,NA,NA,80,NA,NA,NA,73,JDW,0,NA,NA,NA,NA,NA
984,Eurillas latirostris,Yellow-whiskered Greenbul,1421731.938,NA,NA,NA,Passeriformes,Pycnonotidae (Bulbuls),77697,6508367,545151796,TRUE,FALSE,Eurillas latirostris,Passeriformes,Pycnonotidae (Bulbuls),77697,6508367,545151796,TRUE,FALSE,1186,AVIBASE-728B225E,Eurillas latirostris,Eurillas latirostris,Andropadus latirostris,2,Field1,NA,M,0,,NA,Equatorial Guinea,NA,NA,NA,NA,NA,NA,81,NA,NA,NA,73,JDW,0,NA,NA,NA,NA,NA
985,Eurillas latirostris,Yellow-whiskered Greenbul,1421731.938,NA,NA,NA,Passeriformes,Pycnonotidae (Bulbuls),77697,6508367,545151796,TRUE,FALSE,Eurillas latirostris,Passeriformes,Pycnonotidae (Bulbuls),77697,6508367,545151796,TRUE,FALSE,1187,AVIBASE-728B225E,Eurillas latirostris,Eurillas latirostris,Andropadus latirostris,2,Field1,NA,U,0,,NA,Equatorial Guinea,NA,NA,NA,NA,NA,NA,82,NA,NA,NA,77,JDW,0,NA,NA,NA,NA,NA
986,Eurillas latirostris,Yellow-whiskered Greenbul,1421731.938,NA,NA,NA,Passeriformes,Pycnonotidae (Bulbuls),77697,6508367,545151796,TRUE,FALSE,Eurillas latirostris,Passeriformes,Pycnonotidae (Bulbuls),77697,6508367,545151796,TRUE,FALSE,1188,AVIBASE-728B225E,Eurillas latirostris,Eurillas latirostris,Andropadus latirostris,2,Field1,NA,F,0,,NA,Equatorial Guinea,NA,NA,NA,NA,NA,19.1,70,NA,NA,NA,67,LLP,0,NA,NA,NA,NA,NA
987,Eurillas latirostris,Yellow-whiskered Greenbul,1421731.938,NA,NA,NA,Passeriformes,Pycnonotidae (Bulbuls),77697,6508367,545151796,TRUE,FALSE,Eurillas latirostris,Passeriformes,Pycnonotidae (Bulbuls),77697,6508367,545151796,TRUE,FALSE,1189,AVIBASE-728B225E,Eurillas latirostris,Eurillas latirostris,Andropadus latirostris,2,Field1,NA,U,0,,NA,Ghana,NA,11.1,7.9,4.3,4,NA,74,8,66,10.8,70,NNDA,1,NA,NA,NA,NA,NA
988,Eurillas latirostris,Yellow-whiskered Greenbul,1421731.938,NA,NA,NA,Passeriformes,Pycnonotidae (Bulbuls),77697,6508367,545151796,TRUE,FALSE,Eurillas latirostris,Passeriformes,Pycnonotidae (Bulbuls),77697,6508367,545151796,TRUE,FALSE,1190,AVIBASE-728B225E,Eurillas latirostris,Eurillas latirostris,Andropadus latirostris,2,Field1,NA,U,1,,NA,Ghana,NA,16,9.2,4.4,4.5,20.8,77,NA,NA,NA,74,NNDA,1,NA,NA,NA,NA,NA
989,Eurillas latirostris,Yellow-whiskered Greenbul,1421731.938,NA,NA,NA,Passeriformes,Pycnonotidae (Bulbuls),77697,6508367,545151796,TRUE,FALSE,Eurillas latirostris,Passeriformes,Pycnonotidae (Bulbuls),77697,6508367,545151796,TRUE,FALSE,1191,AVIBASE-728B225E,Eurillas latirostris,Eurillas latirostris,Andropadus latirostris,2,Field1,NA,U,1,,NA,Ghana,NA,14.5,8.6,4.9,4.5,21.2,74,10.8,63.2,14.6,68,NNDA,1,NA,NA,NA,NA,NA
990,Eurillas latirostris,Yellow-whiskered Greenbul,1421731.938,NA,NA,NA,Passeriformes,Pycnonotidae (Bulbuls),77697,6508367,545151796,TRUE,FALSE,Eurillas latirostris,Passeriformes,Pycnonotidae (Bulbuls),77697,6508367,545151796,TRUE,FALSE,1192,AVIBASE-728B225E,Eurillas latirostris,Eurillas latirostris,Andropadus latirostris,2,Field1,NA,U,1,,NA,Ghana,NA,15.3,9.2,5.2,4.5,21,72,9.8,62.2,13.6,69,NNDA,1,NA,NA,NA,NA,NA
991,Eurillas latirostris,Yellow-whiskered Greenbul,1421731.938,NA,NA,NA,Passeriformes,Pycnonotidae (Bulbuls),77697,6508367,545151796,TRUE,FALSE,Eurillas latirostris,Passeriformes,Pycnonotidae (Bulbuls),77697,6508367,545151796,TRUE,FALSE,1193,AVIBASE-728B225E,Eurillas latirostris,Eurillas latirostris,Andropadus latirostris,2,Field1,NA,U,1,,NA,Ghana,NA,16.4,10,5.2,4.6,20.3,75,12.7,62.3,16.9,70,NNDA,1,NA,NA,NA,NA,NA
992,Eurillas latirostris,Yellow-whiskered Greenbul,1421731.938,NA,NA,NA,Passeriformes,Pycnonotidae (Bulbuls),77697,6508367,545151796,TRUE,FALSE,Eurillas latirostris,Passeriformes,Pycnonotidae (Bulbuls),77697,6508367,545151796,TRUE,FALSE,1194,AVIBASE-728B225E,Eurillas latirostris,Eurillas latirostris,Andropadus latirostris,2,Field1,NA,U,0,,NA,Ghana,NA,14.7,8.7,5.2,4.7,18,76,NA,NA,NA,NA,NNDA,1,NA,NA,NA,NA,NA
993,Eurillas latirostris,Yellow-whiskered Greenbul,1421731.938,NA,NA,NA,Passeriformes,Pycnonotidae (Bulbuls),77697,6508367,545151796,TRUE,FALSE,Eurillas latirostris,Passeriformes,Pycnonotidae (Bulbuls),77697,6508367,545151796,TRUE,FALSE,1195,AVIBASE-728B225E,Eurillas latirostris,Eurillas latirostris,Andropadus latirostris,2,Field1,NA,U,1,,NA,Ghana,NA,18.1,9.4,5.2,5,18.2,74,NA,NA,NA,73,NNDA,1,NA,NA,NA,NA,NA
994,Eurillas latirostris,Yellow-whiskered Greenbul,1421731.938,NA,NA,NA,Passeriformes,Pycnonotidae (Bulbuls),77697,6508367,545151796,TRUE,FALSE,Eurillas latirostris,Passeriformes,Pycnonotidae (Bulbuls),77697,6508367,545151796,TRUE,FALSE,1196,AVIBASE-728B225E,Eurillas latirostris,Eurillas latirostris,Andropadus latirostris,2,Field1,NA,U,1,,NA,Ghana,NA,16.1,9.4,5.9,4.5,18.5,71,11.2,59.8,15.8,68,NNDA,1,NA,NA,NA,NA,NA
995,Eurillas latirostris,Yellow-whiskered Greenbul,1421731.938,NA,NA,NA,Passeriformes,Pycnonotidae (Bulbuls),77697,6508367,545151796,TRUE,FALSE,Eurillas latirostris,Passeriformes,Pycnonotidae (Bulbuls),77697,6508367,545151796,TRUE,FALSE,1197,AVIBASE-728B225E,Eurillas latirostris,Eurillas latirostris,Andropadus latirostris,2,Field1,NA,U,1,,NA,Ghana,NA,13.3,9.1,4.4,4.3,18.6,72,12.2,59.8,16.9,68,NNDA,1,NA,NA,NA,NA,NA
996,Eurillas latirostris,Yellow-whiskered Greenbul,1421731.938,NA,NA,NA,Passeriformes,Pycnonotidae (Bulbuls),77697,6508367,545151796,TRUE,FALSE,Eurillas latirostris,Passeriformes,Pycnonotidae (Bulbuls),77697,6508367,545151796,TRUE,FALSE,1198,AVIBASE-728B225E,Eurillas latirostris,Eurillas latirostris,Andropadus latirostris,2,Field1,NA,U,0,,NA,Ghana,NA,13,9.8,5.5,4.9,19.1,80,11.3,68.7,14.1,NA,NNDA,1,NA,NA,NA,NA,NA
997,Eurillas latirostris,Yellow-whiskered Greenbul,1421731.938,NA,NA,NA,Passeriformes,Pycnonotidae (Bulbuls),77697,6508367,545151796,TRUE,FALSE,Eurillas latirostris,Passeriformes,Pycnonotidae (Bulbuls),77697,6508367,545151796,TRUE,FALSE,1199,AVIBASE-728B225E,Eurillas latirostris,Eurillas latirostris,Andropadus latirostris,2,Field1,NA,U,1,,NA,Ghana,NA,14.3,9.6,5.1,4.4,19.7,71,NA,NA,NA,67,NNDA,1,NA,NA,NA,NA,NA
998,Eurillas latirostris,Yellow-whiskered Greenbul,1421731.938,NA,NA,NA,Passeriformes,Pycnonotidae (Bulbuls),77697,6508367,545151796,TRUE,FALSE,Eurillas latirostris,Passeriformes,Pycnonotidae (Bulbuls),77697,6508367,545151796,TRUE,FALSE,1200,AVIBASE-728B225E,Eurillas latirostris,Eurillas latirostris,Andropadus latirostris,2,Field1,NA,U,1,,NA,Ghana,NA,13.6,6.6,5.1,4.3,18.6,72,NA,NA,NA,NA,NNDA,1,NA,NA,NA,NA,NA
999,Eurillas latirostris,Yellow-whiskered Greenbul,1421731.938,NA,NA,NA,Passeriformes,Pycnonotidae (Bulbuls),77697,6508367,545151796,TRUE,FALSE,Eurillas latirostris,Passeriformes,Pycnonotidae (Bulbuls),77697,6508367,545151796,TRUE,FALSE,1201,AVIBASE-728B225E,Eurillas latirostris,Eurillas latirostris,Andropadus latirostris,2,Field1,NA,U,0,,NA,Ghana,NA,12.9,8.4,4.6,4,21.2,80,9,71,11.3,75,NNDA,1,NA,NA,NA,NA,NA
1000,Eurillas latirostris,Yellow-whiskered Greenbul,1421731.938,NA,NA,NA,Passeriformes,Pycnonotidae (Bulbuls),77697,6508367,545151796,TRUE,FALSE,Eurillas latirostris,Passeriformes,Pycnonotidae (Bulbuls),77697,6508367,545151796,TRUE,FALSE,1202,AVIBASE-728B225E,Eurillas latirostris,Eurillas latirostris,Andropadus latirostris,2,Field1,NA,U,0,,NA,Ghana,NA,12.7,8.3,NA,4.2,21.2,76,9,67,11.8,74,NNDA,1,NA,NA,NA,NA,NA
1001,Eurillas latirostris,Yellow-whiskered Greenbul,1421731.938,NA,NA,NA,Passeriformes,Pycnonotidae (Bulbuls),77697,6508367,545151796,TRUE,FALSE,Eurillas latirostris,Passeriformes,Pycnonotidae (Bulbuls),77697,6508367,545151796,TRUE,FALSE,1203,AVIBASE-728B225E,Eurillas latirostris,Eurillas latirostris,Andropadus latirostris,2,Field1,NA,U,0,,NA,Ghana,NA,14.5,9.1,5.1,4.6,17.4,79,9.5,69.5,12,79,NNDA,1,NA,NA,NA,NA,NA
1002,Eurillas latirostris,Yellow-whiskered Greenbul,1421731.938,NA,NA,NA,Passeriformes,Pycnonotidae (Bulbuls),77697,6508367,545151796,TRUE,FALSE,Eurillas latirostris,Passeriformes,Pycnonotidae (Bulbuls),77697,6508367,545151796,TRUE,FALSE,1204,AVIBASE-728B225E,Eurillas latirostris,Eurillas latirostris,Andropadus latirostris,2,Field1,NA,U,1,,NA,Ghana,NA,12.6,8.3,5,4.4,18.7,77,NA,NA,NA,85,NNDA,1,NA,NA,NA,NA,NA
1003,Eurillas latirostris,Yellow-whiskered Greenbul,1421731.938,NA,NA,NA,Passeriformes,Pycnonotidae (Bulbuls),77697,6508367,545151796,TRUE,FALSE,Eurillas latirostris,Passeriformes,Pycnonotidae (Bulbuls),77697,6508367,545151796,TRUE,FALSE,1205,AVIBASE-728B225E,Eurillas latirostris,Eurillas latirostris,Andropadus latirostris,2,Field1,NA,U,1,,NA,Ghana,NA,15.5,9.6,5.4,4.7,19.8,73,10.5,62.5,14.4,57,NNDA,1,NA,NA,NA,NA,NA
1004,Eurillas latirostris,Yellow-whiskered Greenbul,1421731.938,NA,NA,NA,Passeriformes,Pycnonotidae (Bulbuls),77697,6508367,545151796,TRUE,FALSE,Eurillas latirostris,Passeriformes,Pycnonotidae (Bulbuls),77697,6508367,545151796,TRUE,FALSE,1206,AVIBASE-728B225E,Eurillas latirostris,Eurillas latirostris,Andropadus latirostris,2,Field1,NA,U,1,,NA,Ghana,NA,15,9,5.3,4.6,19.5,78,13.9,64.1,17.8,70,NNDA,1,NA,NA,NA,NA,NA
1005,Eurillas latirostris,Yellow-whiskered Greenbul,1421731.938,NA,NA,NA,Passeriformes,Pycnonotidae (Bulbuls),77697,6508367,545151796,TRUE,FALSE,Eurillas latirostris,Passeriformes,Pycnonotidae (Bulbuls),77697,6508367,545151796,TRUE,FALSE,1207,AVIBASE-728B225E,Eurillas latirostris,Eurillas latirostris,Andropadus latirostris,2,Field1,NA,U,0,,NA,Ghana,NA,15.9,8.9,4.8,4.7,19.2,76,13,63,17.1,73,NNDA,1,NA,NA,NA,NA,NA
1006,Eurillas latirostris,Yellow-whiskered Greenbul,1421731.938,NA,NA,NA,Passeriformes,Pycnonotidae (Bulbuls),77697,6508367,545151796,TRUE,FALSE,Eurillas latirostris,Passeriformes,Pycnonotidae (Bulbuls),77697,6508367,545151796,TRUE,FALSE,1208,AVIBASE-728B225E,Eurillas latirostris,Eurillas latirostris,Andropadus latirostris,2,Field1,NA,U,0,,NA,Ghana,NA,15.6,8.5,4.2,3.3,20.7,NA,NA,NA,NA,NA,NNDA,1,NA,NA,NA,NA,NA
1007,Eurillas latirostris,Yellow-whiskered Greenbul,1421731.938,NA,NA,NA,Passeriformes,Pycnonotidae (Bulbuls),77697,6508367,545151796,TRUE,FALSE,Eurillas latirostris,Passeriformes,Pycnonotidae (Bulbuls),77697,6508367,545151796,TRUE,FALSE,966,AVIBASE-728B225E,Eurillas latirostris,Eurillas latirostris,Andropadus latirostris,2,Field1,NA,U,0,,NA,Equatorial Guinea,NA,NA,NA,NA,NA,NA,78,NA,NA,NA,75,JDW,0,NA,NA,NA,NA,NA
1008,Eurillas latirostris,Yellow-whiskered Greenbul,1421731.938,NA,NA,NA,Passeriformes,Pycnonotidae (Bulbuls),77697,6508367,545151796,TRUE,FALSE,Eurillas latirostris,Passeriformes,Pycnonotidae (Bulbuls),77697,6508367,545151796,TRUE,FALSE,967,AVIBASE-728B225E,Eurillas latirostris,Eurillas latirostris,Andropadus latirostris,2,Field1,NA,U,0,,NA,Equatorial Guinea,NA,NA,NA,NA,NA,NA,74,NA,NA,NA,73,PFR,0,NA,NA,NA,NA,NA
1009,Eurillas latirostris,Yellow-whiskered Greenbul,1421731.938,NA,NA,NA,Passeriformes,Pycnonotidae (Bulbuls),77697,6508367,545151796,TRUE,FALSE,Eurillas latirostris,Passeriformes,Pycnonotidae (Bulbuls),77697,6508367,545151796,TRUE,FALSE,968,AVIBASE-728B225E,Eurillas latirostris,Eurillas latirostris,Andropadus latirostris,2,Field1,NA,U,0,,NA,Equatorial Guinea,NA,NA,NA,NA,NA,NA,78,NA,NA,NA,74,MAF,0,NA,NA,NA,NA,NA
1010,Eurillas latirostris,Yellow-whiskered Greenbul,1421731.938,NA,NA,NA,Passeriformes,Pycnonotidae (Bulbuls),77697,6508367,545151796,TRUE,FALSE,Eurillas latirostris,Passeriformes,Pycnonotidae (Bulbuls),77697,6508367,545151796,TRUE,FALSE,969,AVIBASE-728B225E,Eurillas latirostris,Eurillas latirostris,Andropadus latirostris,2,Field1,NA,U,0,,NA,Equatorial Guinea,NA,NA,NA,NA,NA,NA,76,NA,NA,NA,77,SEM,0,NA,NA,NA,NA,NA
1011,Eurillas latirostris,Yellow-whiskered Greenbul,1421731.938,NA,NA,NA,Passeriformes,Pycnonotidae (Bulbuls),77697,6508367,545151796,TRUE,FALSE,Eurillas latirostris,Passeriformes,Pycnonotidae (Bulbuls),77697,6508367,545151796,TRUE,FALSE,970,AVIBASE-728B225E,Eurillas latirostris,Eurillas latirostris,Andropadus latirostris,2,Field1,NA,M,0,,NA,Equatorial Guinea,NA,NA,NA,NA,NA,NA,82,NA,NA,NA,78,JDW,0,NA,NA,NA,NA,NA
1012,Eurillas latirostris,Yellow-whiskered Greenbul,1421731.938,NA,NA,NA,Passeriformes,Pycnonotidae (Bulbuls),77697,6508367,545151796,TRUE,FALSE,Eurillas latirostris,Passeriformes,Pycnonotidae (Bulbuls),77697,6508367,545151796,TRUE,FALSE,850,AVIBASE-728B225E,Eurillas latirostris,Eurillas latirostris,Andropadus latirostris,2,Field1,NA,U,0,,NA,Equatorial Guinea,NA,NA,NA,NA,NA,NA,82,NA,NA,NA,80,AKW,0,NA,NA,NA,NA,NA
1013,Eurillas latirostris,Yellow-whiskered Greenbul,1421731.938,NA,NA,NA,Passeriformes,Pycnonotidae (Bulbuls),77697,6508367,545151796,TRUE,FALSE,Eurillas latirostris,Passeriformes,Pycnonotidae (Bulbuls),77697,6508367,545151796,TRUE,FALSE,851,AVIBASE-728B225E,Eurillas latirostris,Eurillas latirostris,Andropadus latirostris,2,Field1,NA,U,0,,NA,Equatorial Guinea,NA,NA,NA,NA,NA,NA,82,NA,NA,NA,74,AKW,0,NA,NA,NA,NA,NA
1014,Eurillas latirostris,Yellow-whiskered Greenbul,1421731.938,NA,NA,NA,Passeriformes,Pycnonotidae (Bulbuls),77697,6508367,545151796,TRUE,FALSE,Eurillas latirostris,Passeriformes,Pycnonotidae (Bulbuls),77697,6508367,545151796,TRUE,FALSE,852,AVIBASE-728B225E,Eurillas latirostris,Eurillas latirostris,Andropadus latirostris,2,Field1,NA,U,0,,NA,Equatorial Guinea,NA,NA,NA,NA,NA,NA,81,NA,NA,NA,75,JHW,0,NA,NA,NA,NA,NA
1015,Eurillas latirostris,Yellow-whiskered Greenbul,1421731.938,NA,NA,NA,Passeriformes,Pycnonotidae (Bulbuls),77697,6508367,545151796,TRUE,FALSE,Eurillas latirostris,Passeriformes,Pycnonotidae (Bulbuls),77697,6508367,545151796,TRUE,FALSE,853,AVIBASE-728B225E,Eurillas latirostris,Eurillas latirostris,Andropadus latirostris,2,Field1,NA,U,0,,NA,Equatorial Guinea,NA,NA,NA,NA,NA,NA,74,NA,NA,NA,69,AKW,0,NA,NA,NA,NA,NA
1016,Eurillas latirostris,Yellow-whiskered Greenbul,1421731.938,NA,NA,NA,Passeriformes,Pycnonotidae (Bulbuls),77697,6508367,545151796,TRUE,FALSE,Eurillas latirostris,Passeriformes,Pycnonotidae (Bulbuls),77697,6508367,545151796,TRUE,FALSE,854,AVIBASE-728B225E,Eurillas latirostris,Eurillas latirostris,Andropadus latirostris,2,Field1,NA,U,0,,NA,Equatorial Guinea,NA,NA,NA,NA,NA,NA,75,NA,NA,NA,73,AKW,0,NA,NA,NA,NA,NA
1017,Eurillas latirostris,Yellow-whiskered Greenbul,1421731.938,NA,NA,NA,Passeriformes,Pycnonotidae (Bulbuls),77697,6508367,545151796,TRUE,FALSE,Eurillas latirostris,Passeriformes,Pycnonotidae (Bulbuls),77697,6508367,545151796,TRUE,FALSE,855,AVIBASE-728B225E,Eurillas latirostris,Eurillas latirostris,Andropadus latirostris,2,Field1,NA,U,0,,NA,Equatorial Guinea,NA,NA,NA,NA,NA,NA,83,NA,NA,NA,82,AKW,0,NA,NA,NA,NA,NA
1018,Eurillas latirostris,Yellow-whiskered Greenbul,1421731.938,NA,NA,NA,Passeriformes,Pycnonotidae (Bulbuls),77697,6508367,545151796,TRUE,FALSE,Eurillas latirostris,Passeriformes,Pycnonotidae (Bulbuls),77697,6508367,545151796,TRUE,FALSE,856,AVIBASE-728B225E,Eurillas latirostris,Eurillas latirostris,Andropadus latirostris,2,Field1,NA,F,0,,NA,Equatorial Guinea,NA,NA,NA,NA,NA,NA,77,NA,NA,NA,70,SEM,0,NA,NA,NA,NA,NA
1019,Eurillas latirostris,Yellow-whiskered Greenbul,1421731.938,NA,NA,NA,Passeriformes,Pycnonotidae (Bulbuls),77697,6508367,545151796,TRUE,FALSE,Eurillas latirostris,Passeriformes,Pycnonotidae (Bulbuls),77697,6508367,545151796,TRUE,FALSE,857,AVIBASE-728B225E,Eurillas latirostris,Eurillas latirostris,Andropadus latirostris,2,Field1,NA,F,0,,NA,Equatorial Guinea,NA,NA,NA,NA,NA,NA,79,NA,NA,NA,74,SEM,0,NA,NA,NA,NA,NA
1020,Eurillas latirostris,Yellow-whiskered Greenbul,1421731.938,NA,NA,NA,Passeriformes,Pycnonotidae (Bulbuls),77697,6508367,545151796,TRUE,FALSE,Eurillas latirostris,Passeriformes,Pycnonotidae (Bulbuls),77697,6508367,545151796,TRUE,FALSE,858,AVIBASE-728B225E,Eurillas latirostris,Eurillas latirostris,Andropadus latirostris,2,Field1,NA,F,0,,NA,Equatorial Guinea,NA,NA,NA,NA,NA,NA,75,NA,NA,NA,NA,CJ,0,NA,NA,NA,NA,NA
1021,Eurillas latirostris,Yellow-whiskered Greenbul,1421731.938,NA,NA,NA,Passeriformes,Pycnonotidae (Bulbuls),77697,6508367,545151796,TRUE,FALSE,Eurillas latirostris,Passeriformes,Pycnonotidae (Bulbuls),77697,6508367,545151796,TRUE,FALSE,859,AVIBASE-728B225E,Eurillas latirostris,Eurillas latirostris,Andropadus latirostris,2,Field1,NA,U,0,,NA,Equatorial Guinea,NA,NA,NA,NA,NA,NA,83,NA,NA,NA,78,SEM,0,NA,NA,NA,NA,NA
1022,Eurillas latirostris,Yellow-whiskered Greenbul,1421731.938,NA,NA,NA,Passeriformes,Pycnonotidae (Bulbuls),77697,6508367,545151796,TRUE,FALSE,Eurillas latirostris,Passeriformes,Pycnonotidae (Bulbuls),77697,6508367,545151796,TRUE,FALSE,860,AVIBASE-728B225E,Eurillas latirostris,Eurillas latirostris,Andropadus latirostris,2,Field1,NA,F,0,,NA,Equatorial Guinea,NA,NA,NA,NA,NA,NA,76,NA,NA,NA,74,SEM,0,NA,NA,NA,NA,NA
1023,Eurillas latirostris,Yellow-whiskered Greenbul,1421731.938,NA,NA,NA,Passeriformes,Pycnonotidae (Bulbuls),77697,6508367,545151796,TRUE,FALSE,Eurillas latirostris,Passeriformes,Pycnonotidae (Bulbuls),77697,6508367,545151796,TRUE,FALSE,861,AVIBASE-728B225E,Eurillas latirostris,Eurillas latirostris,Andropadus latirostris,2,Field1,NA,F,0,,NA,Equatorial Guinea,NA,NA,NA,NA,NA,NA,78,NA,NA,NA,74,CJ,0,NA,NA,NA,NA,NA
1024,Eurillas latirostris,Yellow-whiskered Greenbul,1421731.938,NA,NA,NA,Passeriformes,Pycnonotidae (Bulbuls),77697,6508367,545151796,TRUE,FALSE,Eurillas latirostris,Passeriformes,Pycnonotidae (Bulbuls),77697,6508367,545151796,TRUE,FALSE,862,AVIBASE-728B225E,Eurillas latirostris,Eurillas latirostris,Andropadus latirostris,2,Field1,NA,F,0,,NA,Equatorial Guinea,NA,NA,NA,NA,NA,NA,76,NA,NA,NA,73,JHW,0,NA,NA,NA,NA,NA
1025,Eurillas latirostris,Yellow-whiskered Greenbul,1421731.938,NA,NA,NA,Passeriformes,Pycnonotidae (Bulbuls),77697,6508367,545151796,TRUE,FALSE,Eurillas latirostris,Passeriformes,Pycnonotidae (Bulbuls),77697,6508367,545151796,TRUE,FALSE,863,AVIBASE-728B225E,Eurillas latirostris,Eurillas latirostris,Andropadus latirostris,2,Field1,NA,F,0,,NA,Equatorial Guinea,NA,NA,NA,NA,NA,NA,74,NA,NA,NA,72,JDW,0,NA,NA,NA,NA,NA
1026,Eurillas latirostris,Yellow-whiskered Greenbul,1421731.938,NA,NA,NA,Passeriformes,Pycnonotidae (Bulbuls),77697,6508367,545151796,TRUE,FALSE,Eurillas latirostris,Passeriformes,Pycnonotidae (Bulbuls),77697,6508367,545151796,TRUE,FALSE,864,AVIBASE-728B225E,Eurillas latirostris,Eurillas latirostris,Andropadus latirostris,2,Field1,NA,F,0,,NA,Equatorial Guinea,NA,NA,NA,NA,NA,NA,77,NA,NA,NA,68,CJ,0,NA,NA,NA,NA,NA
1027,Eurillas latirostris,Yellow-whiskered Greenbul,1421731.938,NA,NA,NA,Passeriformes,Pycnonotidae (Bulbuls),77697,6508367,545151796,TRUE,FALSE,Eurillas latirostris,Passeriformes,Pycnonotidae (Bulbuls),77697,6508367,545151796,TRUE,FALSE,865,AVIBASE-728B225E,Eurillas latirostris,Eurillas latirostris,Andropadus latirostris,2,Field1,NA,F,0,,NA,Equatorial Guinea,NA,NA,NA,NA,NA,NA,79,NA,NA,NA,71,CJ,0,NA,NA,NA,NA,NA
1028,Eurillas latirostris,Yellow-whiskered Greenbul,1421731.938,NA,NA,NA,Passeriformes,Pycnonotidae (Bulbuls),77697,6508367,545151796,TRUE,FALSE,Eurillas latirostris,Passeriformes,Pycnonotidae (Bulbuls),77697,6508367,545151796,TRUE,FALSE,866,AVIBASE-728B225E,Eurillas latirostris,Eurillas latirostris,Andropadus latirostris,2,Field1,NA,F,0,,NA,Equatorial Guinea,NA,NA,NA,NA,NA,NA,77,NA,NA,NA,77,JHW,0,NA,NA,NA,NA,NA
1029,Eurillas latirostris,Yellow-whiskered Greenbul,1421731.938,NA,NA,NA,Passeriformes,Pycnonotidae (Bulbuls),77697,6508367,545151796,TRUE,FALSE,Eurillas latirostris,Passeriformes,Pycnonotidae (Bulbuls),77697,6508367,545151796,TRUE,FALSE,867,AVIBASE-728B225E,Eurillas latirostris,Eurillas latirostris,Andropadus latirostris,2,Field1,NA,F,0,,NA,Equatorial Guinea,NA,NA,NA,NA,NA,NA,76,NA,NA,NA,75,JHW,0,NA,NA,NA,NA,NA
1030,Eurillas latirostris,Yellow-whiskered Greenbul,1421731.938,NA,NA,NA,Passeriformes,Pycnonotidae (Bulbuls),77697,6508367,545151796,TRUE,FALSE,Eurillas latirostris,Passeriformes,Pycnonotidae (Bulbuls),77697,6508367,545151796,TRUE,FALSE,868,AVIBASE-728B225E,Eurillas latirostris,Eurillas latirostris,Andropadus latirostris,2,Field1,NA,U,0,,NA,Equatorial Guinea,NA,NA,NA,NA,NA,NA,73,NA,NA,NA,72,SEM,0,NA,NA,NA,NA,NA
1031,Eurillas latirostris,Yellow-whiskered Greenbul,1421731.938,NA,NA,NA,Passeriformes,Pycnonotidae (Bulbuls),77697,6508367,545151796,TRUE,FALSE,Eurillas latirostris,Passeriformes,Pycnonotidae (Bulbuls),77697,6508367,545151796,TRUE,FALSE,869,AVIBASE-728B225E,Eurillas latirostris,Eurillas latirostris,Andropadus latirostris,2,Field1,NA,F,0,,NA,Equatorial Guinea,NA,NA,NA,NA,NA,NA,78,NA,NA,NA,70,LLP,0,NA,NA,NA,NA,NA
1032,Eurillas latirostris,Yellow-whiskered Greenbul,1421731.938,NA,NA,NA,Passeriformes,Pycnonotidae (Bulbuls),77697,6508367,545151796,TRUE,FALSE,Eurillas latirostris,Passeriformes,Pycnonotidae (Bulbuls),77697,6508367,545151796,TRUE,FALSE,870,AVIBASE-728B225E,Eurillas latirostris,Eurillas latirostris,Andropadus latirostris,2,Field1,NA,F,0,,NA,Equatorial Guinea,NA,NA,NA,NA,NA,NA,77,NA,NA,NA,72,AKW,0,NA,NA,NA,NA,NA
1033,Eurillas latirostris,Yellow-whiskered Greenbul,1421731.938,NA,NA,NA,Passeriformes,Pycnonotidae (Bulbuls),77697,6508367,545151796,TRUE,FALSE,Eurillas latirostris,Passeriformes,Pycnonotidae (Bulbuls),77697,6508367,545151796,TRUE,FALSE,871,AVIBASE-728B225E,Eurillas latirostris,Eurillas latirostris,Andropadus latirostris,2,Field1,NA,U,0,,NA,Equatorial Guinea,NA,NA,NA,NA,NA,NA,87,NA,NA,NA,81,AKW,0,NA,NA,NA,NA,NA
1034,Eurillas latirostris,Yellow-whiskered Greenbul,1421731.938,NA,NA,NA,Passeriformes,Pycnonotidae (Bulbuls),77697,6508367,545151796,TRUE,FALSE,Eurillas latirostris,Passeriformes,Pycnonotidae (Bulbuls),77697,6508367,545151796,TRUE,FALSE,872,AVIBASE-728B225E,Eurillas latirostris,Eurillas latirostris,Andropadus latirostris,2,Field1,NA,U,0,,NA,Equatorial Guinea,NA,NA,NA,NA,NA,NA,84,NA,NA,NA,75,AKW,0,NA,NA,NA,NA,NA
1035,Eurillas latirostris,Yellow-whiskered Greenbul,1421731.938,NA,NA,NA,Passeriformes,Pycnonotidae (Bulbuls),77697,6508367,545151796,TRUE,FALSE,Eurillas latirostris,Passeriformes,Pycnonotidae (Bulbuls),77697,6508367,545151796,TRUE,FALSE,873,AVIBASE-728B225E,Eurillas latirostris,Eurillas latirostris,Andropadus latirostris,2,Field1,NA,F,0,,NA,Equatorial Guinea,NA,NA,NA,NA,NA,NA,77,NA,NA,NA,71,CJ,0,NA,NA,NA,NA,NA
1036,Eurillas latirostris,Yellow-whiskered Greenbul,1421731.938,NA,NA,NA,Passeriformes,Pycnonotidae (Bulbuls),77697,6508367,545151796,TRUE,FALSE,Eurillas latirostris,Passeriformes,Pycnonotidae (Bulbuls),77697,6508367,545151796,TRUE,FALSE,874,AVIBASE-728B225E,Eurillas latirostris,Eurillas latirostris,Andropadus latirostris,2,Field1,NA,M,0,,NA,Equatorial Guinea,NA,NA,NA,NA,NA,NA,79,NA,NA,NA,72,JDW,0,NA,NA,NA,NA,NA
1037,Eurillas latirostris,Yellow-whiskered Greenbul,1421731.938,NA,NA,NA,Passeriformes,Pycnonotidae (Bulbuls),77697,6508367,545151796,TRUE,FALSE,Eurillas latirostris,Passeriformes,Pycnonotidae (Bulbuls),77697,6508367,545151796,TRUE,FALSE,875,AVIBASE-728B225E,Eurillas latirostris,Eurillas latirostris,Andropadus latirostris,2,Field1,NA,U,0,,NA,Equatorial Guinea,NA,NA,NA,NA,NA,NA,NA,NA,NA,NA,82,JDW,0,NA,NA,NA,NA,NA
1038,Eurillas latirostris,Yellow-whiskered Greenbul,1421731.938,NA,NA,NA,Passeriformes,Pycnonotidae (Bulbuls),77697,6508367,545151796,TRUE,FALSE,Eurillas latirostris,Passeriformes,Pycnonotidae (Bulbuls),77697,6508367,545151796,TRUE,FALSE,876,AVIBASE-728B225E,Eurillas latirostris,Eurillas latirostris,Andropadus latirostris,2,Field1,NA,U,0,,NA,Equatorial Guinea,NA,NA,NA,NA,NA,NA,82,NA,NA,NA,76,JHW,0,NA,NA,NA,NA,NA
1039,Eurillas latirostris,Yellow-whiskered Greenbul,1421731.938,NA,NA,NA,Passeriformes,Pycnonotidae (Bulbuls),77697,6508367,545151796,TRUE,FALSE,Eurillas latirostris,Passeriformes,Pycnonotidae (Bulbuls),77697,6508367,545151796,TRUE,FALSE,877,AVIBASE-728B225E,Eurillas latirostris,Eurillas latirostris,Andropadus latirostris,2,Field1,NA,U,0,,NA,Equatorial Guinea,NA,NA,NA,NA,NA,NA,76,NA,NA,NA,68,JHW,0,NA,NA,NA,NA,NA
1040,Eurillas latirostris,Yellow-whiskered Greenbul,1421731.938,NA,NA,NA,Passeriformes,Pycnonotidae (Bulbuls),77697,6508367,545151796,TRUE,FALSE,Eurillas latirostris,Passeriformes,Pycnonotidae (Bulbuls),77697,6508367,545151796,TRUE,FALSE,878,AVIBASE-728B225E,Eurillas latirostris,Eurillas latirostris,Andropadus latirostris,2,Field1,NA,F,0,,NA,Equatorial Guinea,NA,NA,NA,NA,NA,NA,76,NA,NA,NA,71,CJ,0,NA,NA,NA,NA,NA
1041,Eurillas latirostris,Yellow-whiskered Greenbul,1421731.938,NA,NA,NA,Passeriformes,Pycnonotidae (Bulbuls),77697,6508367,545151796,TRUE,FALSE,Eurillas latirostris,Passeriformes,Pycnonotidae (Bulbuls),77697,6508367,545151796,TRUE,FALSE,879,AVIBASE-728B225E,Eurillas latirostris,Eurillas latirostris,Andropadus latirostris,2,Field1,NA,U,0,,NA,Equatorial Guinea,NA,NA,NA,NA,NA,NA,78,NA,NA,NA,70,JHW,0,NA,NA,NA,NA,NA
1042,Eurillas latirostris,Yellow-whiskered Greenbul,1421731.938,NA,NA,NA,Passeriformes,Pycnonotidae (Bulbuls),77697,6508367,545151796,TRUE,FALSE,Eurillas latirostris,Passeriformes,Pycnonotidae (Bulbuls),77697,6508367,545151796,TRUE,FALSE,880,AVIBASE-728B225E,Eurillas latirostris,Eurillas latirostris,Andropadus latirostris,2,Field1,NA,U,0,,NA,Equatorial Guinea,NA,NA,NA,NA,NA,NA,87,NA,NA,NA,78,JDW,0,NA,NA,NA,NA,NA
1043,Eurillas latirostris,Yellow-whiskered Greenbul,1421731.938,NA,NA,NA,Passeriformes,Pycnonotidae (Bulbuls),77697,6508367,545151796,TRUE,FALSE,Eurillas latirostris,Passeriformes,Pycnonotidae (Bulbuls),77697,6508367,545151796,TRUE,FALSE,881,AVIBASE-728B225E,Eurillas latirostris,Eurillas latirostris,Andropadus latirostris,2,Field1,NA,M,0,,NA,Equatorial Guinea,NA,NA,NA,NA,NA,NA,86,NA,NA,NA,79,AKW,0,NA,NA,NA,NA,NA
1044,Eurillas latirostris,Yellow-whiskered Greenbul,1421731.938,NA,NA,NA,Passeriformes,Pycnonotidae (Bulbuls),77697,6508367,545151796,TRUE,FALSE,Eurillas latirostris,Passeriformes,Pycnonotidae (Bulbuls),77697,6508367,545151796,TRUE,FALSE,882,AVIBASE-728B225E,Eurillas latirostris,Eurillas latirostris,Andropadus latirostris,2,Field1,NA,U,0,,NA,Equatorial Guinea,NA,NA,NA,NA,NA,NA,87,NA,NA,NA,78,JHW,0,NA,NA,NA,NA,NA
1045,Eurillas latirostris,Yellow-whiskered Greenbul,1421731.938,NA,NA,NA,Passeriformes,Pycnonotidae (Bulbuls),77697,6508367,545151796,TRUE,FALSE,Eurillas latirostris,Passeriformes,Pycnonotidae (Bulbuls),77697,6508367,545151796,TRUE,FALSE,883,AVIBASE-728B225E,Eurillas latirostris,Eurillas latirostris,Andropadus latirostris,2,Field1,NA,U,0,,NA,Equatorial Guinea,NA,NA,NA,NA,NA,NA,75,NA,NA,NA,73,JHW,0,NA,NA,NA,NA,NA
1046,Eurillas latirostris,Yellow-whiskered Greenbul,1421731.938,NA,NA,NA,Passeriformes,Pycnonotidae (Bulbuls),77697,6508367,545151796,TRUE,FALSE,Eurillas latirostris,Passeriformes,Pycnonotidae (Bulbuls),77697,6508367,545151796,TRUE,FALSE,884,AVIBASE-728B225E,Eurillas latirostris,Eurillas latirostris,Andropadus latirostris,2,Field1,NA,U,0,,NA,Equatorial Guinea,NA,NA,NA,NA,NA,NA,69,NA,NA,NA,69,HP,0,NA,NA,NA,NA,NA
1047,Eurillas latirostris,Yellow-whiskered Greenbul,1421731.938,NA,NA,NA,Passeriformes,Pycnonotidae (Bulbuls),77697,6508367,545151796,TRUE,FALSE,Eurillas latirostris,Passeriformes,Pycnonotidae (Bulbuls),77697,6508367,545151796,TRUE,FALSE,885,AVIBASE-728B225E,Eurillas latirostris,Eurillas latirostris,Andropadus latirostris,2,Field1,NA,U,0,,NA,Equatorial Guinea,NA,NA,NA,NA,NA,NA,78,NA,NA,NA,71,JHW,0,NA,NA,NA,NA,NA
1048,Eurillas latirostris,Yellow-whiskered Greenbul,1421731.938,NA,NA,NA,Passeriformes,Pycnonotidae (Bulbuls),77697,6508367,545151796,TRUE,FALSE,Eurillas latirostris,Passeriformes,Pycnonotidae (Bulbuls),77697,6508367,545151796,TRUE,FALSE,886,AVIBASE-728B225E,Eurillas latirostris,Eurillas latirostris,Andropadus latirostris,2,Field1,NA,F,0,,NA,Equatorial Guinea,NA,NA,NA,NA,NA,NA,78,NA,NA,NA,71,LLP,0,NA,NA,NA,NA,NA
1049,Eurillas latirostris,Yellow-whiskered Greenbul,1421731.938,NA,NA,NA,Passeriformes,Pycnonotidae (Bulbuls),77697,6508367,545151796,TRUE,FALSE,Eurillas latirostris,Passeriformes,Pycnonotidae (Bulbuls),77697,6508367,545151796,TRUE,FALSE,887,AVIBASE-728B225E,Eurillas latirostris,Eurillas latirostris,Andropadus latirostris,2,Field1,NA,U,0,,NA,Equatorial Guinea,NA,NA,NA,NA,NA,NA,78,NA,NA,NA,72,JHW,0,NA,NA,NA,NA,NA
1050,Eurillas latirostris,Yellow-whiskered Greenbul,1421731.938,NA,NA,NA,Passeriformes,Pycnonotidae (Bulbuls),77697,6508367,545151796,TRUE,FALSE,Eurillas latirostris,Passeriformes,Pycnonotidae (Bulbuls),77697,6508367,545151796,TRUE,FALSE,888,AVIBASE-728B225E,Eurillas latirostris,Eurillas latirostris,Andropadus latirostris,2,Field1,NA,U,0,,NA,Equatorial Guinea,NA,NA,NA,NA,NA,NA,82,NA,NA,NA,76,JDW,0,NA,NA,NA,NA,NA
1051,Eurillas latirostris,Yellow-whiskered Greenbul,1421731.938,NA,NA,NA,Passeriformes,Pycnonotidae (Bulbuls),77697,6508367,545151796,TRUE,FALSE,Eurillas latirostris,Passeriformes,Pycnonotidae (Bulbuls),77697,6508367,545151796,TRUE,FALSE,889,AVIBASE-728B225E,Eurillas latirostris,Eurillas latirostris,Andropadus latirostris,2,Field1,NA,U,0,,NA,Equatorial Guinea,NA,NA,NA,NA,NA,NA,86,NA,NA,NA,79,JHW,0,NA,NA,NA,NA,NA
1052,Eurillas latirostris,Yellow-whiskered Greenbul,1421731.938,NA,NA,NA,Passeriformes,Pycnonotidae (Bulbuls),77697,6508367,545151796,TRUE,FALSE,Eurillas latirostris,Passeriformes,Pycnonotidae (Bulbuls),77697,6508367,545151796,TRUE,FALSE,890,AVIBASE-728B225E,Eurillas latirostris,Eurillas latirostris,Andropadus latirostris,2,Field1,NA,U,0,,NA,Equatorial Guinea,NA,NA,NA,NA,NA,NA,82,NA,NA,NA,80,SEM,0,NA,NA,NA,NA,NA
1053,Eurillas latirostris,Yellow-whiskered Greenbul,1421731.938,NA,NA,NA,Passeriformes,Pycnonotidae (Bulbuls),77697,6508367,545151796,TRUE,FALSE,Eurillas latirostris,Passeriformes,Pycnonotidae (Bulbuls),77697,6508367,545151796,TRUE,FALSE,891,AVIBASE-728B225E,Eurillas latirostris,Eurillas latirostris,Andropadus latirostris,2,Field1,NA,U,0,,NA,Equatorial Guinea,NA,NA,NA,NA,NA,NA,78,NA,NA,NA,74,AKW,0,NA,NA,NA,NA,NA
1054,Eurillas latirostris,Yellow-whiskered Greenbul,1421731.938,NA,NA,NA,Passeriformes,Pycnonotidae (Bulbuls),77697,6508367,545151796,TRUE,FALSE,Eurillas latirostris,Passeriformes,Pycnonotidae (Bulbuls),77697,6508367,545151796,TRUE,FALSE,892,AVIBASE-728B225E,Eurillas latirostris,Eurillas latirostris,Andropadus latirostris,2,Field1,NA,U,0,,NA,Equatorial Guinea,NA,NA,NA,NA,NA,NA,77,NA,NA,NA,69,JHW,0,NA,NA,NA,NA,NA
1055,Eurillas latirostris,Yellow-whiskered Greenbul,1421731.938,NA,NA,NA,Passeriformes,Pycnonotidae (Bulbuls),77697,6508367,545151796,TRUE,FALSE,Eurillas latirostris,Passeriformes,Pycnonotidae (Bulbuls),77697,6508367,545151796,TRUE,FALSE,893,AVIBASE-728B225E,Eurillas latirostris,Eurillas latirostris,Andropadus latirostris,2,Field1,NA,U,0,,NA,Equatorial Guinea,NA,NA,NA,NA,NA,NA,81,NA,NA,NA,75,AKW,0,NA,NA,NA,NA,NA
1056,Eurillas latirostris,Yellow-whiskered Greenbul,1421731.938,NA,NA,NA,Passeriformes,Pycnonotidae (Bulbuls),77697,6508367,545151796,TRUE,FALSE,Eurillas latirostris,Passeriformes,Pycnonotidae (Bulbuls),77697,6508367,545151796,TRUE,FALSE,894,AVIBASE-728B225E,Eurillas latirostris,Eurillas latirostris,Andropadus latirostris,2,Field1,NA,U,0,,NA,Equatorial Guinea,NA,NA,NA,NA,NA,NA,83,NA,NA,NA,79,AKW,0,NA,NA,NA,NA,NA
1057,Eurillas latirostris,Yellow-whiskered Greenbul,1421731.938,NA,NA,NA,Passeriformes,Pycnonotidae (Bulbuls),77697,6508367,545151796,TRUE,FALSE,Eurillas latirostris,Passeriformes,Pycnonotidae (Bulbuls),77697,6508367,545151796,TRUE,FALSE,895,AVIBASE-728B225E,Eurillas latirostris,Eurillas latirostris,Andropadus latirostris,2,Field1,NA,U,0,,NA,Equatorial Guinea,NA,NA,NA,NA,NA,NA,82,NA,NA,NA,76,JHW,0,NA,NA,NA,NA,NA
1058,Eurillas latirostris,Yellow-whiskered Greenbul,1421731.938,NA,NA,NA,Passeriformes,Pycnonotidae (Bulbuls),77697,6508367,545151796,TRUE,FALSE,Eurillas latirostris,Passeriformes,Pycnonotidae (Bulbuls),77697,6508367,545151796,TRUE,FALSE,896,AVIBASE-728B225E,Eurillas latirostris,Eurillas latirostris,Andropadus latirostris,2,Field1,NA,U,0,,NA,Equatorial Guinea,NA,NA,NA,NA,NA,NA,80,NA,NA,NA,72,LLP,0,NA,NA,NA,NA,NA
1059,Eurillas latirostris,Yellow-whiskered Greenbul,1421731.938,NA,NA,NA,Passeriformes,Pycnonotidae (Bulbuls),77697,6508367,545151796,TRUE,FALSE,Eurillas latirostris,Passeriformes,Pycnonotidae (Bulbuls),77697,6508367,545151796,TRUE,FALSE,897,AVIBASE-728B225E,Eurillas latirostris,Eurillas latirostris,Andropadus latirostris,2,Field1,NA,U,0,,NA,Equatorial Guinea,NA,NA,NA,NA,NA,NA,83,NA,NA,NA,73,JDW,0,NA,NA,NA,NA,NA
1060,Eurillas latirostris,Yellow-whiskered Greenbul,1421731.938,NA,NA,NA,Passeriformes,Pycnonotidae (Bulbuls),77697,6508367,545151796,TRUE,FALSE,Eurillas latirostris,Passeriformes,Pycnonotidae (Bulbuls),77697,6508367,545151796,TRUE,FALSE,898,AVIBASE-728B225E,Eurillas latirostris,Eurillas latirostris,Andropadus latirostris,2,Field1,NA,U,0,,NA,Equatorial Guinea,NA,NA,NA,NA,NA,NA,83,NA,NA,NA,72,JDW,0,NA,NA,NA,NA,NA
1061,Eurillas latirostris,Yellow-whiskered Greenbul,1421731.938,NA,NA,NA,Passeriformes,Pycnonotidae (Bulbuls),77697,6508367,545151796,TRUE,FALSE,Eurillas latirostris,Passeriformes,Pycnonotidae (Bulbuls),77697,6508367,545151796,TRUE,FALSE,899,AVIBASE-728B225E,Eurillas latirostris,Eurillas latirostris,Andropadus latirostris,2,Field1,NA,U,0,,NA,Equatorial Guinea,NA,NA,NA,NA,NA,NA,78,NA,NA,NA,68,JDW,0,NA,NA,NA,NA,NA
1062,Eurillas latirostris,Yellow-whiskered Greenbul,1421731.938,NA,NA,NA,Passeriformes,Pycnonotidae (Bulbuls),77697,6508367,545151796,TRUE,FALSE,Eurillas latirostris,Passeriformes,Pycnonotidae (Bulbuls),77697,6508367,545151796,TRUE,FALSE,900,AVIBASE-728B225E,Eurillas latirostris,Eurillas latirostris,Andropadus latirostris,2,Field1,NA,U,0,,NA,Equatorial Guinea,NA,NA,NA,NA,NA,NA,85,NA,NA,NA,78,JHW,0,NA,NA,NA,NA,NA
1063,Eurillas latirostris,Yellow-whiskered Greenbul,1421731.938,NA,NA,NA,Passeriformes,Pycnonotidae (Bulbuls),77697,6508367,545151796,TRUE,FALSE,Eurillas latirostris,Passeriformes,Pycnonotidae (Bulbuls),77697,6508367,545151796,TRUE,FALSE,901,AVIBASE-728B225E,Eurillas latirostris,Eurillas latirostris,Andropadus latirostris,2,Field1,NA,U,0,,NA,Equatorial Guinea,NA,NA,NA,NA,NA,NA,85,NA,NA,NA,78,JHW,0,NA,NA,NA,NA,NA
1064,Eurillas latirostris,Yellow-whiskered Greenbul,1421731.938,NA,NA,NA,Passeriformes,Pycnonotidae (Bulbuls),77697,6508367,545151796,TRUE,FALSE,Eurillas latirostris,Passeriformes,Pycnonotidae (Bulbuls),77697,6508367,545151796,TRUE,FALSE,902,AVIBASE-728B225E,Eurillas latirostris,Eurillas latirostris,Andropadus latirostris,2,Field1,NA,U,0,,NA,Equatorial Guinea,NA,NA,NA,NA,NA,NA,87,NA,NA,NA,79,MEB,0,NA,NA,NA,NA,NA
1065,Eurillas latirostris,Yellow-whiskered Greenbul,1421731.938,NA,NA,NA,Passeriformes,Pycnonotidae (Bulbuls),77697,6508367,545151796,TRUE,FALSE,Eurillas latirostris,Passeriformes,Pycnonotidae (Bulbuls),77697,6508367,545151796,TRUE,FALSE,903,AVIBASE-728B225E,Eurillas latirostris,Eurillas latirostris,Andropadus latirostris,2,Field1,NA,U,0,,NA,Equatorial Guinea,NA,NA,NA,NA,NA,NA,88,NA,NA,NA,85,MEB,0,NA,NA,NA,NA,NA
1066,Eurillas latirostris,Yellow-whiskered Greenbul,1421731.938,NA,NA,NA,Passeriformes,Pycnonotidae (Bulbuls),77697,6508367,545151796,TRUE,FALSE,Eurillas latirostris,Passeriformes,Pycnonotidae (Bulbuls),77697,6508367,545151796,TRUE,FALSE,904,AVIBASE-728B225E,Eurillas latirostris,Eurillas latirostris,Andropadus latirostris,2,Field1,NA,U,0,,NA,Equatorial Guinea,NA,NA,NA,NA,NA,NA,89,NA,NA,NA,83,SAL,0,NA,NA,NA,NA,NA
1067,Eurillas latirostris,Yellow-whiskered Greenbul,1421731.938,NA,NA,NA,Passeriformes,Pycnonotidae (Bulbuls),77697,6508367,545151796,TRUE,FALSE,Eurillas latirostris,Passeriformes,Pycnonotidae (Bulbuls),77697,6508367,545151796,TRUE,FALSE,905,AVIBASE-728B225E,Eurillas latirostris,Eurillas latirostris,Andropadus latirostris,2,Field1,NA,U,0,,NA,Equatorial Guinea,NA,NA,NA,NA,NA,NA,83,NA,NA,NA,79,JDW,0,NA,NA,NA,NA,NA
1068,Eurillas latirostris,Yellow-whiskered Greenbul,1421731.938,NA,NA,NA,Passeriformes,Pycnonotidae (Bulbuls),77697,6508367,545151796,TRUE,FALSE,Eurillas latirostris,Passeriformes,Pycnonotidae (Bulbuls),77697,6508367,545151796,TRUE,FALSE,906,AVIBASE-728B225E,Eurillas latirostris,Eurillas latirostris,Andropadus latirostris,2,Field1,NA,U,0,,NA,Equatorial Guinea,NA,NA,NA,NA,NA,NA,82,NA,NA,NA,77,MEB,0,NA,NA,NA,NA,NA
1069,Eurillas latirostris,Yellow-whiskered Greenbul,1421731.938,NA,NA,NA,Passeriformes,Pycnonotidae (Bulbuls),77697,6508367,545151796,TRUE,FALSE,Eurillas latirostris,Passeriformes,Pycnonotidae (Bulbuls),77697,6508367,545151796,TRUE,FALSE,907,AVIBASE-728B225E,Eurillas latirostris,Eurillas latirostris,Andropadus latirostris,2,Field1,NA,U,0,,NA,Equatorial Guinea,NA,NA,NA,NA,NA,NA,73,NA,NA,NA,69,MEB,0,NA,NA,NA,NA,NA
1070,Eurillas latirostris,Yellow-whiskered Greenbul,1421731.938,NA,NA,NA,Passeriformes,Pycnonotidae (Bulbuls),77697,6508367,545151796,TRUE,FALSE,Eurillas latirostris,Passeriformes,Pycnonotidae (Bulbuls),77697,6508367,545151796,TRUE,FALSE,908,AVIBASE-728B225E,Eurillas latirostris,Eurillas latirostris,Andropadus latirostris,2,Field1,NA,U,0,,NA,Equatorial Guinea,NA,NA,NA,NA,NA,NA,75,NA,NA,NA,70,SAL,0,NA,NA,NA,NA,NA
1071,Eurillas latirostris,Yellow-whiskered Greenbul,1421731.938,NA,NA,NA,Passeriformes,Pycnonotidae (Bulbuls),77697,6508367,545151796,TRUE,FALSE,Eurillas latirostris,Passeriformes,Pycnonotidae (Bulbuls),77697,6508367,545151796,TRUE,FALSE,909,AVIBASE-728B225E,Eurillas latirostris,Eurillas latirostris,Andropadus latirostris,2,Field1,NA,M,0,,NA,Equatorial Guinea,NA,NA,NA,NA,NA,NA,73,NA,NA,NA,79,MEB,0,NA,NA,NA,NA,NA
1072,Eurillas latirostris,Yellow-whiskered Greenbul,1421731.938,NA,NA,NA,Passeriformes,Pycnonotidae (Bulbuls),77697,6508367,545151796,TRUE,FALSE,Eurillas latirostris,Passeriformes,Pycnonotidae (Bulbuls),77697,6508367,545151796,TRUE,FALSE,910,AVIBASE-728B225E,Eurillas latirostris,Eurillas latirostris,Andropadus latirostris,2,Field1,NA,M,0,,NA,Equatorial Guinea,NA,NA,NA,NA,NA,NA,81,NA,NA,NA,75,MEB,0,NA,NA,NA,NA,NA
1073,Eurillas latirostris,Yellow-whiskered Greenbul,1421731.938,NA,NA,NA,Passeriformes,Pycnonotidae (Bulbuls),77697,6508367,545151796,TRUE,FALSE,Eurillas latirostris,Passeriformes,Pycnonotidae (Bulbuls),77697,6508367,545151796,TRUE,FALSE,911,AVIBASE-728B225E,Eurillas latirostris,Eurillas latirostris,Andropadus latirostris,2,Field1,NA,U,0,,NA,Equatorial Guinea,NA,NA,NA,NA,NA,NA,79,NA,NA,NA,75,PFR,0,NA,NA,NA,NA,NA
1074,Eurillas latirostris,Yellow-whiskered Greenbul,1421731.938,NA,NA,NA,Passeriformes,Pycnonotidae (Bulbuls),77697,6508367,545151796,TRUE,FALSE,Eurillas latirostris,Passeriformes,Pycnonotidae (Bulbuls),77697,6508367,545151796,TRUE,FALSE,912,AVIBASE-728B225E,Eurillas latirostris,Eurillas latirostris,Andropadus latirostris,2,Field1,NA,U,0,,NA,Equatorial Guinea,NA,NA,NA,NA,NA,NA,83,NA,NA,NA,74,SAL,0,NA,NA,NA,NA,NA
1075,Eurillas latirostris,Yellow-whiskered Greenbul,1421731.938,NA,NA,NA,Passeriformes,Pycnonotidae (Bulbuls),77697,6508367,545151796,TRUE,FALSE,Eurillas latirostris,Passeriformes,Pycnonotidae (Bulbuls),77697,6508367,545151796,TRUE,FALSE,913,AVIBASE-728B225E,Eurillas latirostris,Eurillas latirostris,Andropadus latirostris,2,Field1,NA,U,0,,NA,Equatorial Guinea,NA,NA,NA,NA,NA,NA,87,NA,NA,NA,75,SEM,0,NA,NA,NA,NA,NA
1076,Eurillas latirostris,Yellow-whiskered Greenbul,1421731.938,NA,NA,NA,Passeriformes,Pycnonotidae (Bulbuls),77697,6508367,545151796,TRUE,FALSE,Eurillas latirostris,Passeriformes,Pycnonotidae (Bulbuls),77697,6508367,545151796,TRUE,FALSE,914,AVIBASE-728B225E,Eurillas latirostris,Eurillas latirostris,Andropadus latirostris,2,Field1,NA,M,0,,NA,Equatorial Guinea,NA,NA,NA,NA,NA,NA,73,NA,NA,NA,87,MEB,0,NA,NA,NA,NA,NA
1077,Eurillas latirostris,Yellow-whiskered Greenbul,1421731.938,NA,NA,NA,Passeriformes,Pycnonotidae (Bulbuls),77697,6508367,545151796,TRUE,FALSE,Eurillas latirostris,Passeriformes,Pycnonotidae (Bulbuls),77697,6508367,545151796,TRUE,FALSE,915,AVIBASE-728B225E,Eurillas latirostris,Eurillas latirostris,Andropadus latirostris,2,Field1,NA,U,0,,NA,Equatorial Guinea,NA,NA,NA,NA,NA,NA,86,NA,NA,NA,81,AKW,0,NA,NA,NA,NA,NA
1078,Eurillas latirostris,Yellow-whiskered Greenbul,1421731.938,NA,NA,NA,Passeriformes,Pycnonotidae (Bulbuls),77697,6508367,545151796,TRUE,FALSE,Eurillas latirostris,Passeriformes,Pycnonotidae (Bulbuls),77697,6508367,545151796,TRUE,FALSE,916,AVIBASE-728B225E,Eurillas latirostris,Eurillas latirostris,Andropadus latirostris,2,Field1,NA,U,0,,NA,Equatorial Guinea,NA,NA,NA,NA,NA,NA,74,NA,NA,NA,72,AKW,0,NA,NA,NA,NA,NA
1079,Eurillas latirostris,Yellow-whiskered Greenbul,1421731.938,NA,NA,NA,Passeriformes,Pycnonotidae (Bulbuls),77697,6508367,545151796,TRUE,FALSE,Eurillas latirostris,Passeriformes,Pycnonotidae (Bulbuls),77697,6508367,545151796,TRUE,FALSE,917,AVIBASE-728B225E,Eurillas latirostris,Eurillas latirostris,Andropadus latirostris,2,Field1,NA,U,0,,NA,Equatorial Guinea,NA,NA,NA,NA,NA,NA,74,NA,NA,NA,70,AKW,0,NA,NA,NA,NA,NA
1080,Eurillas latirostris,Yellow-whiskered Greenbul,1421731.938,NA,NA,NA,Passeriformes,Pycnonotidae (Bulbuls),77697,6508367,545151796,TRUE,FALSE,Eurillas latirostris,Passeriformes,Pycnonotidae (Bulbuls),77697,6508367,545151796,TRUE,FALSE,958,AVIBASE-728B225E,Eurillas latirostris,Eurillas latirostris,Andropadus latirostris,2,Field1,NA,F,0,,NA,Equatorial Guinea,NA,NA,NA,NA,NA,NA,75,NA,NA,NA,68,JDW,0,NA,NA,NA,NA,NA
1081,Eurillas latirostris,Yellow-whiskered Greenbul,1421731.938,NA,NA,NA,Passeriformes,Pycnonotidae (Bulbuls),77697,6508367,545151796,TRUE,FALSE,Eurillas latirostris,Passeriformes,Pycnonotidae (Bulbuls),77697,6508367,545151796,TRUE,FALSE,959,AVIBASE-728B225E,Eurillas latirostris,Eurillas latirostris,Andropadus latirostris,2,Field1,NA,U,0,,NA,Equatorial Guinea,NA,NA,NA,NA,NA,NA,75,NA,NA,NA,67,AKW,0,NA,NA,NA,NA,NA
1082,Eurillas latirostris,Yellow-whiskered Greenbul,1421731.938,NA,NA,NA,Passeriformes,Pycnonotidae (Bulbuls),77697,6508367,545151796,TRUE,FALSE,Eurillas latirostris,Passeriformes,Pycnonotidae (Bulbuls),77697,6508367,545151796,TRUE,FALSE,960,AVIBASE-728B225E,Eurillas latirostris,Eurillas latirostris,Andropadus latirostris,2,Field1,NA,U,0,,NA,Equatorial Guinea,NA,NA,NA,NA,NA,NA,83,NA,NA,NA,78,AKW,0,NA,NA,NA,NA,NA
1083,Eurillas latirostris,Yellow-whiskered Greenbul,1421731.938,NA,NA,NA,Passeriformes,Pycnonotidae (Bulbuls),77697,6508367,545151796,TRUE,FALSE,Eurillas latirostris,Passeriformes,Pycnonotidae (Bulbuls),77697,6508367,545151796,TRUE,FALSE,961,AVIBASE-728B225E,Eurillas latirostris,Eurillas latirostris,Andropadus latirostris,2,Field1,NA,U,0,,NA,Equatorial Guinea,NA,NA,NA,NA,NA,NA,78,NA,NA,NA,NA,SEM,0,NA,NA,NA,NA,NA
1084,Eurillas latirostris,Yellow-whiskered Greenbul,1421731.938,NA,NA,NA,Passeriformes,Pycnonotidae (Bulbuls),77697,6508367,545151796,TRUE,FALSE,Eurillas latirostris,Passeriformes,Pycnonotidae (Bulbuls),77697,6508367,545151796,TRUE,FALSE,962,AVIBASE-728B225E,Eurillas latirostris,Eurillas latirostris,Andropadus latirostris,2,Field1,NA,U,0,,NA,Equatorial Guinea,NA,NA,NA,NA,NA,NA,NA,NA,NA,NA,80,JDW,0,NA,NA,NA,NA,NA
1085,Eurillas latirostris,Yellow-whiskered Greenbul,1421731.938,NA,NA,NA,Passeriformes,Pycnonotidae (Bulbuls),77697,6508367,545151796,TRUE,FALSE,Eurillas latirostris,Passeriformes,Pycnonotidae (Bulbuls),77697,6508367,545151796,TRUE,FALSE,923,AVIBASE-728B225E,Eurillas latirostris,Eurillas latirostris,Andropadus latirostris,2,Field1,NA,U,0,,NA,Equatorial Guinea,NA,NA,NA,NA,NA,NA,80,NA,NA,NA,75,MEB,0,NA,NA,NA,NA,NA
1086,Eurillas latirostris,Yellow-whiskered Greenbul,1421731.938,NA,NA,NA,Passeriformes,Pycnonotidae (Bulbuls),77697,6508367,545151796,TRUE,FALSE,Eurillas latirostris,Passeriformes,Pycnonotidae (Bulbuls),77697,6508367,545151796,TRUE,FALSE,924,AVIBASE-728B225E,Eurillas latirostris,Eurillas latirostris,Andropadus latirostris,2,Field1,NA,U,0,,NA,Equatorial Guinea,NA,NA,NA,NA,NA,NA,82,NA,NA,NA,77,JHW,0,NA,NA,NA,NA,NA
1087,Eurillas latirostris,Yellow-whiskered Greenbul,1421731.938,NA,NA,NA,Passeriformes,Pycnonotidae (Bulbuls),77697,6508367,545151796,TRUE,FALSE,Eurillas latirostris,Passeriformes,Pycnonotidae (Bulbuls),77697,6508367,545151796,TRUE,FALSE,925,AVIBASE-728B225E,Eurillas latirostris,Eurillas latirostris,Andropadus latirostris,2,Field1,NA,U,0,,NA,Equatorial Guinea,NA,NA,NA,NA,NA,NA,88,NA,NA,NA,83,JHW,0,NA,NA,NA,NA,NA
1088,Eurillas latirostris,Yellow-whiskered Greenbul,1421731.938,NA,NA,NA,Passeriformes,Pycnonotidae (Bulbuls),77697,6508367,545151796,TRUE,FALSE,Eurillas latirostris,Passeriformes,Pycnonotidae (Bulbuls),77697,6508367,545151796,TRUE,FALSE,926,AVIBASE-728B225E,Eurillas latirostris,Eurillas latirostris,Andropadus latirostris,2,Field1,NA,U,0,,NA,Equatorial Guinea,NA,NA,NA,NA,NA,NA,81,NA,NA,NA,75,JHW,0,NA,NA,NA,NA,NA
1089,Eurillas latirostris,Yellow-whiskered Greenbul,1421731.938,NA,NA,NA,Passeriformes,Pycnonotidae (Bulbuls),77697,6508367,545151796,TRUE,FALSE,Eurillas latirostris,Passeriformes,Pycnonotidae (Bulbuls),77697,6508367,545151796,TRUE,FALSE,927,AVIBASE-728B225E,Eurillas latirostris,Eurillas latirostris,Andropadus latirostris,2,Field1,NA,U,0,,NA,Equatorial Guinea,NA,NA,NA,NA,NA,NA,77,NA,NA,NA,72,JHW,0,NA,NA,NA,NA,NA
1090,Eurillas latirostris,Yellow-whiskered Greenbul,1421731.938,NA,NA,NA,Passeriformes,Pycnonotidae (Bulbuls),77697,6508367,545151796,TRUE,FALSE,Eurillas latirostris,Passeriformes,Pycnonotidae (Bulbuls),77697,6508367,545151796,TRUE,FALSE,928,AVIBASE-728B225E,Eurillas latirostris,Eurillas latirostris,Andropadus latirostris,2,Field1,NA,U,0,,NA,Equatorial Guinea,NA,NA,NA,NA,NA,NA,79,NA,NA,NA,77,MEB,0,NA,NA,NA,NA,NA
1091,Eurillas latirostris,Yellow-whiskered Greenbul,1421731.938,NA,NA,NA,Passeriformes,Pycnonotidae (Bulbuls),77697,6508367,545151796,TRUE,FALSE,Eurillas latirostris,Passeriformes,Pycnonotidae (Bulbuls),77697,6508367,545151796,TRUE,FALSE,929,AVIBASE-728B225E,Eurillas latirostris,Eurillas latirostris,Andropadus latirostris,2,Field1,NA,U,0,,NA,Equatorial Guinea,NA,NA,NA,NA,NA,NA,81,NA,NA,NA,76,MEB,0,NA,NA,NA,NA,NA
1092,Eurillas latirostris,Yellow-whiskered Greenbul,1421731.938,NA,NA,NA,Passeriformes,Pycnonotidae (Bulbuls),77697,6508367,545151796,TRUE,FALSE,Eurillas latirostris,Passeriformes,Pycnonotidae (Bulbuls),77697,6508367,545151796,TRUE,FALSE,930,AVIBASE-728B225E,Eurillas latirostris,Eurillas latirostris,Andropadus latirostris,2,Field1,NA,M,0,,NA,Equatorial Guinea,NA,NA,NA,NA,NA,NA,85,NA,NA,NA,81,MAF,0,NA,NA,NA,NA,NA
1093,Eurillas latirostris,Yellow-whiskered Greenbul,1421731.938,NA,NA,NA,Passeriformes,Pycnonotidae (Bulbuls),77697,6508367,545151796,TRUE,FALSE,Eurillas latirostris,Passeriformes,Pycnonotidae (Bulbuls),77697,6508367,545151796,TRUE,FALSE,931,AVIBASE-728B225E,Eurillas latirostris,Eurillas latirostris,Andropadus latirostris,2,Field1,NA,U,0,,NA,Equatorial Guinea,NA,NA,NA,NA,NA,NA,82,NA,NA,NA,NA,MEB,0,NA,NA,NA,NA,NA
1094,Eurillas latirostris,Yellow-whiskered Greenbul,1421731.938,NA,NA,NA,Passeriformes,Pycnonotidae (Bulbuls),77697,6508367,545151796,TRUE,FALSE,Eurillas latirostris,Passeriformes,Pycnonotidae (Bulbuls),77697,6508367,545151796,TRUE,FALSE,932,AVIBASE-728B225E,Eurillas latirostris,Eurillas latirostris,Andropadus latirostris,2,Field1,NA,U,0,,NA,Equatorial Guinea,NA,NA,NA,NA,NA,NA,78,NA,NA,NA,76,JDW,0,NA,NA,NA,NA,NA
1095,Eurillas latirostris,Yellow-whiskered Greenbul,1421731.938,NA,NA,NA,Passeriformes,Pycnonotidae (Bulbuls),77697,6508367,545151796,TRUE,FALSE,Eurillas latirostris,Passeriformes,Pycnonotidae (Bulbuls),77697,6508367,545151796,TRUE,FALSE,933,AVIBASE-728B225E,Eurillas latirostris,Eurillas latirostris,Andropadus latirostris,2,Field1,NA,U,0,,NA,Equatorial Guinea,NA,NA,NA,NA,NA,NA,81,NA,NA,NA,74,AKW,0,NA,NA,NA,NA,NA
1096,Eurillas latirostris,Yellow-whiskered Greenbul,1421731.938,NA,NA,NA,Passeriformes,Pycnonotidae (Bulbuls),77697,6508367,545151796,TRUE,FALSE,Eurillas latirostris,Passeriformes,Pycnonotidae (Bulbuls),77697,6508367,545151796,TRUE,FALSE,934,AVIBASE-728B225E,Eurillas latirostris,Eurillas latirostris,Andropadus latirostris,2,Field1,NA,U,0,,NA,Equatorial Guinea,NA,NA,NA,NA,NA,NA,78,NA,NA,NA,75,MEB,0,NA,NA,NA,NA,NA
1097,Eurillas latirostris,Yellow-whiskered Greenbul,1421731.938,NA,NA,NA,Passeriformes,Pycnonotidae (Bulbuls),77697,6508367,545151796,TRUE,FALSE,Eurillas latirostris,Passeriformes,Pycnonotidae (Bulbuls),77697,6508367,545151796,TRUE,FALSE,935,AVIBASE-728B225E,Eurillas latirostris,Eurillas latirostris,Andropadus latirostris,2,Field1,NA,U,0,,NA,Equatorial Guinea,NA,NA,NA,NA,NA,NA,75,NA,NA,NA,79,AKW,0,NA,NA,NA,NA,NA
1098,Eurillas latirostris,Yellow-whiskered Greenbul,1421731.938,NA,NA,NA,Passeriformes,Pycnonotidae (Bulbuls),77697,6508367,545151796,TRUE,FALSE,Eurillas latirostris,Passeriformes,Pycnonotidae (Bulbuls),77697,6508367,545151796,TRUE,FALSE,936,AVIBASE-728B225E,Eurillas latirostris,Eurillas latirostris,Andropadus latirostris,2,Field1,NA,U,0,,NA,Equatorial Guinea,NA,NA,NA,NA,NA,NA,78,NA,NA,NA,75,AKW,0,NA,NA,NA,NA,NA
1099,Eurillas latirostris,Yellow-whiskered Greenbul,1421731.938,NA,NA,NA,Passeriformes,Pycnonotidae (Bulbuls),77697,6508367,545151796,TRUE,FALSE,Eurillas latirostris,Passeriformes,Pycnonotidae (Bulbuls),77697,6508367,545151796,TRUE,FALSE,937,AVIBASE-728B225E,Eurillas latirostris,Eurillas latirostris,Andropadus latirostris,2,Field1,NA,U,0,,NA,Equatorial Guinea,NA,NA,NA,NA,NA,NA,83,NA,NA,NA,78,AKW,0,NA,NA,NA,NA,NA
1100,Eurillas latirostris,Yellow-whiskered Greenbul,1421731.938,NA,NA,NA,Passeriformes,Pycnonotidae (Bulbuls),77697,6508367,545151796,TRUE,FALSE,Eurillas latirostris,Passeriformes,Pycnonotidae (Bulbuls),77697,6508367,545151796,TRUE,FALSE,938,AVIBASE-728B225E,Eurillas latirostris,Eurillas latirostris,Andropadus latirostris,2,Field1,NA,U,0,,NA,Equatorial Guinea,NA,NA,NA,NA,NA,NA,75,NA,NA,NA,70,MEB,0,NA,NA,NA,NA,NA
1101,Eurillas latirostris,Yellow-whiskered Greenbul,1421731.938,NA,NA,NA,Passeriformes,Pycnonotidae (Bulbuls),77697,6508367,545151796,TRUE,FALSE,Eurillas latirostris,Passeriformes,Pycnonotidae (Bulbuls),77697,6508367,545151796,TRUE,FALSE,939,AVIBASE-728B225E,Eurillas latirostris,Eurillas latirostris,Andropadus latirostris,2,Field1,NA,U,0,,NA,Equatorial Guinea,NA,NA,NA,NA,NA,NA,78,NA,NA,NA,75,AKW,0,NA,NA,NA,NA,NA
1102,Eurillas latirostris,Yellow-whiskered Greenbul,1421731.938,NA,NA,NA,Passeriformes,Pycnonotidae (Bulbuls),77697,6508367,545151796,TRUE,FALSE,Eurillas latirostris,Passeriformes,Pycnonotidae (Bulbuls),77697,6508367,545151796,TRUE,FALSE,940,AVIBASE-728B225E,Eurillas latirostris,Eurillas latirostris,Andropadus latirostris,2,Field1,NA,U,0,,NA,Equatorial Guinea,NA,NA,NA,NA,NA,NA,82,NA,NA,NA,77,AKW,0,NA,NA,NA,NA,NA
1103,Eurillas latirostris,Yellow-whiskered Greenbul,1421731.938,NA,NA,NA,Passeriformes,Pycnonotidae (Bulbuls),77697,6508367,545151796,TRUE,FALSE,Eurillas latirostris,Passeriformes,Pycnonotidae (Bulbuls),77697,6508367,545151796,TRUE,FALSE,941,AVIBASE-728B225E,Eurillas latirostris,Eurillas latirostris,Andropadus latirostris,2,Field1,NA,U,0,,NA,Equatorial Guinea,NA,NA,NA,NA,NA,NA,77,NA,NA,NA,75,JDW,0,NA,NA,NA,NA,NA
1104,Eurillas latirostris,Yellow-whiskered Greenbul,1421731.938,NA,NA,NA,Passeriformes,Pycnonotidae (Bulbuls),77697,6508367,545151796,TRUE,FALSE,Eurillas latirostris,Passeriformes,Pycnonotidae (Bulbuls),77697,6508367,545151796,TRUE,FALSE,942,AVIBASE-728B225E,Eurillas latirostris,Eurillas latirostris,Andropadus latirostris,2,Field1,NA,F,0,,NA,Equatorial Guinea,NA,NA,NA,NA,NA,NA,78,NA,NA,NA,75,JDW,0,NA,NA,NA,NA,NA
1105,Eurillas latirostris,Yellow-whiskered Greenbul,1421731.938,NA,NA,NA,Passeriformes,Pycnonotidae (Bulbuls),77697,6508367,545151796,TRUE,FALSE,Eurillas latirostris,Passeriformes,Pycnonotidae (Bulbuls),77697,6508367,545151796,TRUE,FALSE,943,AVIBASE-728B225E,Eurillas latirostris,Eurillas latirostris,Andropadus latirostris,2,Field1,NA,F,0,,NA,Equatorial Guinea,NA,NA,NA,NA,NA,NA,76,NA,NA,NA,73,JDW,0,NA,NA,NA,NA,NA
1106,Eurillas latirostris,Yellow-whiskered Greenbul,1421731.938,NA,NA,NA,Passeriformes,Pycnonotidae (Bulbuls),77697,6508367,545151796,TRUE,FALSE,Eurillas latirostris,Passeriformes,Pycnonotidae (Bulbuls),77697,6508367,545151796,TRUE,FALSE,944,AVIBASE-728B225E,Eurillas latirostris,Eurillas latirostris,Andropadus latirostris,2,Field1,NA,U,0,,NA,Equatorial Guinea,NA,NA,NA,NA,NA,NA,81,NA,NA,NA,77,CJ,0,NA,NA,NA,NA,NA
1107,Eurillas latirostris,Yellow-whiskered Greenbul,1421731.938,NA,NA,NA,Passeriformes,Pycnonotidae (Bulbuls),77697,6508367,545151796,TRUE,FALSE,Eurillas latirostris,Passeriformes,Pycnonotidae (Bulbuls),77697,6508367,545151796,TRUE,FALSE,945,AVIBASE-728B225E,Eurillas latirostris,Eurillas latirostris,Andropadus latirostris,2,Field1,NA,F,0,,NA,Equatorial Guinea,NA,NA,NA,NA,NA,NA,81,NA,NA,NA,76,SEM,0,NA,NA,NA,NA,NA
1108,Eurillas latirostris,Yellow-whiskered Greenbul,1421731.938,NA,NA,NA,Passeriformes,Pycnonotidae (Bulbuls),77697,6508367,545151796,TRUE,FALSE,Eurillas latirostris,Passeriformes,Pycnonotidae (Bulbuls),77697,6508367,545151796,TRUE,FALSE,946,AVIBASE-728B225E,Eurillas latirostris,Eurillas latirostris,Andropadus latirostris,2,Field1,NA,U,0,,NA,Equatorial Guinea,NA,NA,NA,NA,NA,NA,83,NA,NA,NA,81,JHW,0,NA,NA,NA,NA,NA
1109,Eurillas latirostris,Yellow-whiskered Greenbul,1421731.938,NA,NA,NA,Passeriformes,Pycnonotidae (Bulbuls),77697,6508367,545151796,TRUE,FALSE,Eurillas latirostris,Passeriformes,Pycnonotidae (Bulbuls),77697,6508367,545151796,TRUE,FALSE,947,AVIBASE-728B225E,Eurillas latirostris,Eurillas latirostris,Andropadus latirostris,2,Field1,NA,U,0,,NA,Equatorial Guinea,NA,NA,NA,NA,NA,NA,81,NA,NA,NA,75,SEM,0,NA,NA,NA,NA,NA
1110,Eurillas latirostris,Yellow-whiskered Greenbul,1421731.938,NA,NA,NA,Passeriformes,Pycnonotidae (Bulbuls),77697,6508367,545151796,TRUE,FALSE,Eurillas latirostris,Passeriformes,Pycnonotidae (Bulbuls),77697,6508367,545151796,TRUE,FALSE,948,AVIBASE-728B225E,Eurillas latirostris,Eurillas latirostris,Andropadus latirostris,2,Field1,NA,U,0,,NA,Equatorial Guinea,NA,NA,NA,NA,NA,NA,78,NA,NA,NA,74,AKW,0,NA,NA,NA,NA,NA
1111,Eurillas latirostris,Yellow-whiskered Greenbul,1421731.938,NA,NA,NA,Passeriformes,Pycnonotidae (Bulbuls),77697,6508367,545151796,TRUE,FALSE,Eurillas latirostris,Passeriformes,Pycnonotidae (Bulbuls),77697,6508367,545151796,TRUE,FALSE,949,AVIBASE-728B225E,Eurillas latirostris,Eurillas latirostris,Andropadus latirostris,2,Field1,NA,M,0,,NA,Equatorial Guinea,NA,NA,NA,NA,NA,NA,84,NA,NA,NA,79,JDW,0,NA,NA,NA,NA,NA
1112,Eurillas latirostris,Yellow-whiskered Greenbul,1421731.938,NA,NA,NA,Passeriformes,Pycnonotidae (Bulbuls),77697,6508367,545151796,TRUE,FALSE,Eurillas latirostris,Passeriformes,Pycnonotidae (Bulbuls),77697,6508367,545151796,TRUE,FALSE,950,AVIBASE-728B225E,Eurillas latirostris,Eurillas latirostris,Andropadus latirostris,2,Field1,NA,U,0,,NA,Equatorial Guinea,NA,NA,NA,NA,NA,NA,84,NA,NA,NA,77,LLP,0,NA,NA,NA,NA,NA
1113,Eurillas latirostris,Yellow-whiskered Greenbul,1421731.938,NA,NA,NA,Passeriformes,Pycnonotidae (Bulbuls),77697,6508367,545151796,TRUE,FALSE,Eurillas latirostris,Passeriformes,Pycnonotidae (Bulbuls),77697,6508367,545151796,TRUE,FALSE,951,AVIBASE-728B225E,Eurillas latirostris,Eurillas latirostris,Andropadus latirostris,2,Field1,NA,U,0,,NA,Equatorial Guinea,NA,NA,NA,NA,NA,NA,83,NA,NA,NA,79,AKW,0,NA,NA,NA,NA,NA
1114,Eurillas latirostris,Yellow-whiskered Greenbul,1421731.938,NA,NA,NA,Passeriformes,Pycnonotidae (Bulbuls),77697,6508367,545151796,TRUE,FALSE,Eurillas latirostris,Passeriformes,Pycnonotidae (Bulbuls),77697,6508367,545151796,TRUE,FALSE,952,AVIBASE-728B225E,Eurillas latirostris,Eurillas latirostris,Andropadus latirostris,2,Field1,NA,U,0,,NA,Equatorial Guinea,NA,NA,NA,NA,NA,NA,74,NA,NA,NA,67,AKW,0,NA,NA,NA,NA,NA
1115,Eurillas latirostris,Yellow-whiskered Greenbul,1421731.938,NA,NA,NA,Passeriformes,Pycnonotidae (Bulbuls),77697,6508367,545151796,TRUE,FALSE,Eurillas latirostris,Passeriformes,Pycnonotidae (Bulbuls),77697,6508367,545151796,TRUE,FALSE,953,AVIBASE-728B225E,Eurillas latirostris,Eurillas latirostris,Andropadus latirostris,2,Field1,NA,U,0,,NA,Equatorial Guinea,NA,NA,NA,NA,NA,NA,82,NA,NA,NA,79,AKW,0,NA,NA,NA,NA,NA
1116,Eurillas latirostris,Yellow-whiskered Greenbul,1421731.938,NA,NA,NA,Passeriformes,Pycnonotidae (Bulbuls),77697,6508367,545151796,TRUE,FALSE,Eurillas latirostris,Passeriformes,Pycnonotidae (Bulbuls),77697,6508367,545151796,TRUE,FALSE,954,AVIBASE-728B225E,Eurillas latirostris,Eurillas latirostris,Andropadus latirostris,2,Field1,NA,U,0,,NA,Equatorial Guinea,NA,NA,NA,NA,NA,NA,83,NA,NA,NA,81,AKW,0,NA,NA,NA,NA,NA
1117,Eurillas latirostris,Yellow-whiskered Greenbul,1421731.938,NA,NA,NA,Passeriformes,Pycnonotidae (Bulbuls),77697,6508367,545151796,TRUE,FALSE,Eurillas latirostris,Passeriformes,Pycnonotidae (Bulbuls),77697,6508367,545151796,TRUE,FALSE,955,AVIBASE-728B225E,Eurillas latirostris,Eurillas latirostris,Andropadus latirostris,2,Field1,NA,U,0,,NA,Equatorial Guinea,NA,NA,NA,NA,NA,NA,84,NA,NA,NA,80,AKW,0,NA,NA,NA,NA,NA
1118,Eurillas latirostris,Yellow-whiskered Greenbul,1421731.938,NA,NA,NA,Passeriformes,Pycnonotidae (Bulbuls),77697,6508367,545151796,TRUE,FALSE,Eurillas latirostris,Passeriformes,Pycnonotidae (Bulbuls),77697,6508367,545151796,TRUE,FALSE,956,AVIBASE-728B225E,Eurillas latirostris,Eurillas latirostris,Andropadus latirostris,2,Field1,NA,U,0,,NA,Equatorial Guinea,NA,NA,NA,NA,NA,NA,79,NA,NA,NA,75,AKW,0,NA,NA,NA,NA,NA
1119,Eurillas latirostris,Yellow-whiskered Greenbul,1421731.938,NA,NA,NA,Passeriformes,Pycnonotidae (Bulbuls),77697,6508367,545151796,TRUE,FALSE,Eurillas latirostris,Passeriformes,Pycnonotidae (Bulbuls),77697,6508367,545151796,TRUE,FALSE,957,AVIBASE-728B225E,Eurillas latirostris,Eurillas latirostris,Andropadus latirostris,2,Field1,NA,U,0,,NA,Equatorial Guinea,NA,NA,NA,NA,NA,NA,76,NA,NA,NA,71,AKW,0,NA,NA,NA,NA,NA
1120,Eurillas latirostris,Yellow-whiskered Greenbul,1421731.938,NA,NA,NA,Passeriformes,Pycnonotidae (Bulbuls),77697,6508367,545151796,TRUE,FALSE,Eurillas latirostris,Passeriformes,Pycnonotidae (Bulbuls),77697,6508367,545151796,TRUE,FALSE,998,AVIBASE-728B225E,Eurillas latirostris,Eurillas latirostris,Andropadus latirostris,2,Field1,NA,U,0,,NA,Equatorial Guinea,NA,NA,NA,NA,NA,NA,83,NA,NA,NA,71,SAL,0,NA,NA,NA,NA,NA
1121,Eurillas latirostris,Yellow-whiskered Greenbul,1421731.938,NA,NA,NA,Passeriformes,Pycnonotidae (Bulbuls),77697,6508367,545151796,TRUE,FALSE,Eurillas latirostris,Passeriformes,Pycnonotidae (Bulbuls),77697,6508367,545151796,TRUE,FALSE,972,AVIBASE-728B225E,Eurillas latirostris,Eurillas latirostris,Andropadus latirostris,2,Field1,NA,U,0,,NA,Equatorial Guinea,NA,NA,NA,NA,NA,NA,74,NA,NA,NA,71,JDW,0,NA,NA,NA,NA,NA
1122,Eurillas latirostris,Yellow-whiskered Greenbul,1421731.938,NA,NA,NA,Passeriformes,Pycnonotidae (Bulbuls),77697,6508367,545151796,TRUE,FALSE,Eurillas latirostris,Passeriformes,Pycnonotidae (Bulbuls),77697,6508367,545151796,TRUE,FALSE,973,AVIBASE-728B225E,Eurillas latirostris,Eurillas latirostris,Andropadus latirostris,2,Field1,NA,U,0,,NA,Equatorial Guinea,NA,NA,NA,NA,NA,NA,76,NA,NA,NA,73,SEM,0,NA,NA,NA,NA,NA
1123,Eurillas latirostris,Yellow-whiskered Greenbul,1421731.938,NA,NA,NA,Passeriformes,Pycnonotidae (Bulbuls),77697,6508367,545151796,TRUE,FALSE,Eurillas latirostris,Passeriformes,Pycnonotidae (Bulbuls),77697,6508367,545151796,TRUE,FALSE,974,AVIBASE-728B225E,Eurillas latirostris,Eurillas latirostris,Andropadus latirostris,2,Field1,NA,U,0,,NA,Equatorial Guinea,NA,NA,NA,NA,NA,NA,83,NA,NA,NA,77,HP,0,NA,NA,NA,NA,NA
1124,Eurillas latirostris,Yellow-whiskered Greenbul,1421731.938,NA,NA,NA,Passeriformes,Pycnonotidae (Bulbuls),77697,6508367,545151796,TRUE,FALSE,Eurillas latirostris,Passeriformes,Pycnonotidae (Bulbuls),77697,6508367,545151796,TRUE,FALSE,975,AVIBASE-728B225E,Eurillas latirostris,Eurillas latirostris,Andropadus latirostris,2,Field1,NA,U,0,,NA,Equatorial Guinea,NA,NA,NA,NA,NA,NA,85,NA,NA,NA,81,SEM,0,NA,NA,NA,NA,NA
1125,Eurillas latirostris,Yellow-whiskered Greenbul,1421731.938,NA,NA,NA,Passeriformes,Pycnonotidae (Bulbuls),77697,6508367,545151796,TRUE,FALSE,Eurillas latirostris,Passeriformes,Pycnonotidae (Bulbuls),77697,6508367,545151796,TRUE,FALSE,963,AVIBASE-728B225E,Eurillas latirostris,Eurillas latirostris,Andropadus latirostris,2,Field1,NA,U,0,,NA,Equatorial Guinea,NA,NA,NA,NA,NA,NA,76,NA,NA,NA,82,PFR,0,NA,NA,NA,NA,NA
1126,Eurillas latirostris,Yellow-whiskered Greenbul,1421731.938,NA,NA,NA,Passeriformes,Pycnonotidae (Bulbuls),77697,6508367,545151796,TRUE,FALSE,Eurillas latirostris,Passeriformes,Pycnonotidae (Bulbuls),77697,6508367,545151796,TRUE,FALSE,964,AVIBASE-728B225E,Eurillas latirostris,Eurillas latirostris,Andropadus latirostris,2,Field1,NA,U,0,,NA,Equatorial Guinea,NA,NA,NA,NA,NA,NA,75,NA,NA,NA,69,JDW,0,NA,NA,NA,NA,NA
1127,Eurillas latirostris,Yellow-whiskered Greenbul,1421731.938,NA,NA,NA,Passeriformes,Pycnonotidae (Bulbuls),77697,6508367,545151796,TRUE,FALSE,Eurillas latirostris,Passeriformes,Pycnonotidae (Bulbuls),77697,6508367,545151796,TRUE,FALSE,965,AVIBASE-728B225E,Eurillas latirostris,Eurillas latirostris,Andropadus latirostris,2,Field1,NA,U,0,,NA,Equatorial Guinea,NA,NA,NA,NA,NA,NA,79,NA,NA,NA,79,SEM,0,NA,NA,NA,NA,NA
1128,Eurillas latirostris,Yellow-whiskered Greenbul,1421731.938,NA,NA,NA,Passeriformes,Pycnonotidae (Bulbuls),77697,6508367,545151796,TRUE,FALSE,Eurillas latirostris,Passeriformes,Pycnonotidae (Bulbuls),77697,6508367,545151796,TRUE,FALSE,979,AVIBASE-728B225E,Eurillas latirostris,Eurillas latirostris,Andropadus latirostris,2,Field1,NA,U,0,,NA,Equatorial Guinea,NA,NA,NA,NA,NA,NA,84,NA,NA,NA,78,PFR,0,NA,NA,NA,NA,NA
1129,Eurillas latirostris,Yellow-whiskered Greenbul,1421731.938,NA,NA,NA,Passeriformes,Pycnonotidae (Bulbuls),77697,6508367,545151796,TRUE,FALSE,Eurillas latirostris,Passeriformes,Pycnonotidae (Bulbuls),77697,6508367,545151796,TRUE,FALSE,980,AVIBASE-728B225E,Eurillas latirostris,Eurillas latirostris,Andropadus latirostris,2,Field1,NA,U,0,,NA,Equatorial Guinea,NA,NA,NA,NA,NA,NA,86,NA,NA,NA,81,SEM,0,NA,NA,NA,NA,NA
1130,Eurillas latirostris,Yellow-whiskered Greenbul,1421731.938,NA,NA,NA,Passeriformes,Pycnonotidae (Bulbuls),77697,6508367,545151796,TRUE,FALSE,Eurillas latirostris,Passeriformes,Pycnonotidae (Bulbuls),77697,6508367,545151796,TRUE,FALSE,981,AVIBASE-728B225E,Eurillas latirostris,Eurillas latirostris,Andropadus latirostris,2,Field1,NA,U,0,,NA,Equatorial Guinea,NA,NA,NA,NA,NA,NA,85,NA,NA,NA,77,JDW,0,NA,NA,NA,NA,NA
1131,Eurillas latirostris,Yellow-whiskered Greenbul,1421731.938,NA,NA,NA,Passeriformes,Pycnonotidae (Bulbuls),77697,6508367,545151796,TRUE,FALSE,Eurillas latirostris,Passeriformes,Pycnonotidae (Bulbuls),77697,6508367,545151796,TRUE,FALSE,982,AVIBASE-728B225E,Eurillas latirostris,Eurillas latirostris,Andropadus latirostris,2,Field1,NA,U,0,,NA,Equatorial Guinea,NA,NA,NA,NA,NA,NA,78,NA,NA,NA,72,SAL,0,NA,NA,NA,NA,NA
1132,Eurillas latirostris,Yellow-whiskered Greenbul,1421731.938,NA,NA,NA,Passeriformes,Pycnonotidae (Bulbuls),77697,6508367,545151796,TRUE,FALSE,Eurillas latirostris,Passeriformes,Pycnonotidae (Bulbuls),77697,6508367,545151796,TRUE,FALSE,983,AVIBASE-728B225E,Eurillas latirostris,Eurillas latirostris,Andropadus latirostris,2,Field1,NA,U,0,,NA,Equatorial Guinea,NA,NA,NA,NA,NA,NA,76,NA,NA,NA,75,SEM,0,NA,NA,NA,NA,NA
1133,Eurillas latirostris,Yellow-whiskered Greenbul,1421731.938,NA,NA,NA,Passeriformes,Pycnonotidae (Bulbuls),77697,6508367,545151796,TRUE,FALSE,Eurillas latirostris,Passeriformes,Pycnonotidae (Bulbuls),77697,6508367,545151796,TRUE,FALSE,971,AVIBASE-728B225E,Eurillas latirostris,Eurillas latirostris,Andropadus latirostris,2,Field1,NA,U,0,,NA,Equatorial Guinea,NA,NA,NA,NA,NA,NA,82,NA,NA,NA,74,SAL,0,NA,NA,NA,NA,NA
1134,Eurillas latirostris,Yellow-whiskered Greenbul,1421731.938,NA,NA,NA,Passeriformes,Pycnonotidae (Bulbuls),77697,6508367,545151796,TRUE,FALSE,Eurillas latirostris,Passeriformes,Pycnonotidae (Bulbuls),77697,6508367,545151796,TRUE,FALSE,985,AVIBASE-728B225E,Eurillas latirostris,Eurillas latirostris,Andropadus latirostris,2,Field1,NA,U,0,,NA,Equatorial Guinea,NA,NA,NA,NA,NA,NA,77,NA,NA,NA,72,SEM,0,NA,NA,NA,NA,NA
1135,Eurillas latirostris,Yellow-whiskered Greenbul,1421731.938,NA,NA,NA,Passeriformes,Pycnonotidae (Bulbuls),77697,6508367,545151796,TRUE,FALSE,Eurillas latirostris,Passeriformes,Pycnonotidae (Bulbuls),77697,6508367,545151796,TRUE,FALSE,986,AVIBASE-728B225E,Eurillas latirostris,Eurillas latirostris,Andropadus latirostris,2,Field1,NA,U,0,,NA,Equatorial Guinea,NA,NA,NA,NA,NA,NA,82,NA,NA,NA,81,SEM,0,NA,NA,NA,NA,NA
1136,Eurillas latirostris,Yellow-whiskered Greenbul,1421731.938,NA,NA,NA,Passeriformes,Pycnonotidae (Bulbuls),77697,6508367,545151796,TRUE,FALSE,Eurillas latirostris,Passeriformes,Pycnonotidae (Bulbuls),77697,6508367,545151796,TRUE,FALSE,987,AVIBASE-728B225E,Eurillas latirostris,Eurillas latirostris,Andropadus latirostris,2,Field1,NA,U,0,,NA,Equatorial Guinea,NA,NA,NA,NA,NA,NA,83,NA,NA,NA,79,PFR,0,NA,NA,NA,NA,NA
1137,Eurillas latirostris,Yellow-whiskered Greenbul,1421731.938,NA,NA,NA,Passeriformes,Pycnonotidae (Bulbuls),77697,6508367,545151796,TRUE,FALSE,Eurillas latirostris,Passeriformes,Pycnonotidae (Bulbuls),77697,6508367,545151796,TRUE,FALSE,988,AVIBASE-728B225E,Eurillas latirostris,Eurillas latirostris,Andropadus latirostris,2,Field1,NA,U,0,,NA,Equatorial Guinea,NA,NA,NA,NA,NA,NA,78,NA,NA,NA,76,SEM,0,NA,NA,NA,NA,NA
1138,Eurillas latirostris,Yellow-whiskered Greenbul,1421731.938,NA,NA,NA,Passeriformes,Pycnonotidae (Bulbuls),77697,6508367,545151796,TRUE,FALSE,Eurillas latirostris,Passeriformes,Pycnonotidae (Bulbuls),77697,6508367,545151796,TRUE,FALSE,976,AVIBASE-728B225E,Eurillas latirostris,Eurillas latirostris,Andropadus latirostris,2,Field1,NA,U,0,,NA,Equatorial Guinea,NA,NA,NA,NA,NA,NA,78,NA,NA,NA,73,PFR,0,NA,NA,NA,NA,NA
1139,Eurillas latirostris,Yellow-whiskered Greenbul,1421731.938,NA,NA,NA,Passeriformes,Pycnonotidae (Bulbuls),77697,6508367,545151796,TRUE,FALSE,Eurillas latirostris,Passeriformes,Pycnonotidae (Bulbuls),77697,6508367,545151796,TRUE,FALSE,977,AVIBASE-728B225E,Eurillas latirostris,Eurillas latirostris,Andropadus latirostris,2,Field1,NA,U,0,,NA,Equatorial Guinea,NA,NA,NA,NA,NA,NA,85,NA,NA,NA,81,PFR,0,NA,NA,NA,NA,NA
1140,Eurillas latirostris,Yellow-whiskered Greenbul,1421731.938,NA,NA,NA,Passeriformes,Pycnonotidae (Bulbuls),77697,6508367,545151796,TRUE,FALSE,Eurillas latirostris,Passeriformes,Pycnonotidae (Bulbuls),77697,6508367,545151796,TRUE,FALSE,978,AVIBASE-728B225E,Eurillas latirostris,Eurillas latirostris,Andropadus latirostris,2,Field1,NA,U,0,,NA,Equatorial Guinea,NA,NA,NA,NA,NA,NA,81,NA,NA,NA,75,PFR,0,NA,NA,NA,NA,NA
1141,Eurillas latirostris,Yellow-whiskered Greenbul,1421731.938,NA,NA,NA,Passeriformes,Pycnonotidae (Bulbuls),77697,6508367,545151796,TRUE,FALSE,Eurillas latirostris,Passeriformes,Pycnonotidae (Bulbuls),77697,6508367,545151796,TRUE,FALSE,992,AVIBASE-728B225E,Eurillas latirostris,Eurillas latirostris,Andropadus latirostris,2,Field1,NA,U,0,,NA,Equatorial Guinea,NA,NA,NA,NA,NA,NA,84,NA,NA,NA,83,PFR,0,NA,NA,NA,NA,NA
1142,Eurillas latirostris,Yellow-whiskered Greenbul,1421731.938,NA,NA,NA,Passeriformes,Pycnonotidae (Bulbuls),77697,6508367,545151796,TRUE,FALSE,Eurillas latirostris,Passeriformes,Pycnonotidae (Bulbuls),77697,6508367,545151796,TRUE,FALSE,993,AVIBASE-728B225E,Eurillas latirostris,Eurillas latirostris,Andropadus latirostris,2,Field1,NA,U,0,,NA,Equatorial Guinea,NA,NA,NA,NA,NA,NA,80,NA,NA,NA,70,HP,0,NA,NA,NA,NA,NA
1143,Eurillas latirostris,Yellow-whiskered Greenbul,1421731.938,NA,NA,NA,Passeriformes,Pycnonotidae (Bulbuls),77697,6508367,545151796,TRUE,FALSE,Eurillas latirostris,Passeriformes,Pycnonotidae (Bulbuls),77697,6508367,545151796,TRUE,FALSE,994,AVIBASE-728B225E,Eurillas latirostris,Eurillas latirostris,Andropadus latirostris,2,Field1,NA,U,0,,NA,Equatorial Guinea,NA,NA,NA,NA,NA,NA,84,NA,NA,NA,79,SAL,0,NA,NA,NA,NA,NA
1144,Eurillas latirostris,Yellow-whiskered Greenbul,1421731.938,NA,NA,NA,Passeriformes,Pycnonotidae (Bulbuls),77697,6508367,545151796,TRUE,FALSE,Eurillas latirostris,Passeriformes,Pycnonotidae (Bulbuls),77697,6508367,545151796,TRUE,FALSE,995,AVIBASE-728B225E,Eurillas latirostris,Eurillas latirostris,Andropadus latirostris,2,Field1,NA,U,0,,NA,Equatorial Guinea,NA,NA,NA,NA,NA,NA,87,NA,NA,NA,86,SAL,0,NA,NA,NA,NA,NA
1145,Eurillas latirostris,Yellow-whiskered Greenbul,1421731.938,NA,NA,NA,Passeriformes,Pycnonotidae (Bulbuls),77697,6508367,545151796,TRUE,FALSE,Eurillas latirostris,Passeriformes,Pycnonotidae (Bulbuls),77697,6508367,545151796,TRUE,FALSE,996,AVIBASE-728B225E,Eurillas latirostris,Eurillas latirostris,Andropadus latirostris,2,Field1,NA,U,0,,NA,Equatorial Guinea,NA,NA,NA,NA,NA,NA,89,NA,NA,NA,82,SAL,0,NA,NA,NA,NA,NA
1146,Eurillas latirostris,Yellow-whiskered Greenbul,1421731.938,NA,NA,NA,Passeriformes,Pycnonotidae (Bulbuls),77697,6508367,545151796,TRUE,FALSE,Eurillas latirostris,Passeriformes,Pycnonotidae (Bulbuls),77697,6508367,545151796,TRUE,FALSE,984,AVIBASE-728B225E,Eurillas latirostris,Eurillas latirostris,Andropadus latirostris,2,Field1,NA,U,0,,NA,Equatorial Guinea,NA,NA,NA,NA,NA,NA,79,NA,NA,NA,72,JDW,0,NA,NA,NA,NA,NA
1147,Eurillas latirostris,Yellow-whiskered Greenbul,1421731.938,NA,NA,NA,Passeriformes,Pycnonotidae (Bulbuls),77697,6508367,545151796,TRUE,FALSE,Eurillas latirostris,Passeriformes,Pycnonotidae (Bulbuls),77697,6508367,545151796,TRUE,FALSE,989,AVIBASE-728B225E,Eurillas latirostris,Eurillas latirostris,Andropadus latirostris,2,Field1,NA,U,0,,NA,Equatorial Guinea,NA,NA,NA,NA,NA,NA,88,NA,NA,NA,NA,HP,0,NA,NA,NA,NA,NA
1148,Eurillas latirostris,Yellow-whiskered Greenbul,1421731.938,NA,NA,NA,Passeriformes,Pycnonotidae (Bulbuls),77697,6508367,545151796,TRUE,FALSE,Eurillas latirostris,Passeriformes,Pycnonotidae (Bulbuls),77697,6508367,545151796,TRUE,FALSE,990,AVIBASE-728B225E,Eurillas latirostris,Eurillas latirostris,Andropadus latirostris,2,Field1,NA,U,0,,NA,Equatorial Guinea,NA,NA,NA,NA,NA,NA,80,NA,NA,NA,74,SAL,0,NA,NA,NA,NA,NA
1149,Eurillas latirostris,Yellow-whiskered Greenbul,1421731.938,NA,NA,NA,Passeriformes,Pycnonotidae (Bulbuls),77697,6508367,545151796,TRUE,FALSE,Eurillas latirostris,Passeriformes,Pycnonotidae (Bulbuls),77697,6508367,545151796,TRUE,FALSE,991,AVIBASE-728B225E,Eurillas latirostris,Eurillas latirostris,Andropadus latirostris,2,Field1,NA,U,0,,NA,Equatorial Guinea,NA,NA,NA,NA,NA,NA,80,NA,NA,NA,78,SAL,0,NA,NA,NA,NA,NA
1150,Eurillas latirostris,Yellow-whiskered Greenbul,1421731.938,NA,NA,NA,Passeriformes,Pycnonotidae (Bulbuls),77697,6508367,545151796,TRUE,FALSE,Eurillas latirostris,Passeriformes,Pycnonotidae (Bulbuls),77697,6508367,545151796,TRUE,FALSE,997,AVIBASE-728B225E,Eurillas latirostris,Eurillas latirostris,Andropadus latirostris,2,Field1,NA,U,0,,NA,Equatorial Guinea,NA,NA,NA,NA,NA,NA,72,NA,NA,NA,NA,SAL,0,NA,NA,NA,NA,NA
1151,Eurillas virens,Little Greenbul,2226639.51,NA,NA,NA,Passeriformes,Pycnonotidae (Bulbuls),50485,4757899,431487845,TRUE,FALSE,Eurillas virens,Passeriformes,Pycnonotidae (Bulbuls),50485,4757899,431487845,TRUE,FALSE,1320,AVIBASE-3413C42C,Eurillas virens,Eurillas virens,Andropadus virens,2,Field1,NA,U,0,,NA,Ghana,NA,12.5,8,4.9,4.3,20.4,67,8.4,58.6,12.5,62,NNDA,1,NA,NA,NA,NA,NA
1152,Eurillas virens,Little Greenbul,2226639.51,NA,NA,NA,Passeriformes,Pycnonotidae (Bulbuls),50485,4757899,431487845,TRUE,FALSE,Eurillas virens,Passeriformes,Pycnonotidae (Bulbuls),50485,4757899,431487845,TRUE,FALSE,1249,AVIBASE-3413C42C,Eurillas virens,Eurillas virens,Andropadus virens,2,Field1,NA,U,0,,NA,Equatorial Guinea,NA,NA,NA,NA,NA,NA,73,NA,NA,NA,68,AKW,0,NA,NA,NA,NA,NA
1153,Eurillas virens,Little Greenbul,2226639.51,NA,NA,NA,Passeriformes,Pycnonotidae (Bulbuls),50485,4757899,431487845,TRUE,FALSE,Eurillas virens,Passeriformes,Pycnonotidae (Bulbuls),50485,4757899,431487845,TRUE,FALSE,1352,AVIBASE-3413C42C,Eurillas virens,Eurillas virens,Andropadus virens,2,Field1,NA,U,0,,NA,United Republic of Tanzania,NA,13.5,8,4.1,4.2,20.5,78,12,66,15.4,77,MNC,1,NA,NA,NA,NA,NA
1154,Eurillas virens,Little Greenbul,2226639.51,NA,NA,NA,Passeriformes,Pycnonotidae (Bulbuls),50485,4757899,431487845,TRUE,FALSE,Eurillas virens,Passeriformes,Pycnonotidae (Bulbuls),50485,4757899,431487845,TRUE,FALSE,1329,AVIBASE-3413C42C,Eurillas virens,Eurillas virens,Andropadus virens,2,Field1,NA,U,0,,NA,Ghana,NA,13.9,8.2,5.1,4.3,22.9,75,8,67,10.7,72,NNDA,1,NA,NA,NA,NA,NA
1155,Eurillas virens,Little Greenbul,2226639.51,NA,NA,NA,Passeriformes,Pycnonotidae (Bulbuls),50485,4757899,431487845,TRUE,FALSE,Eurillas virens,Passeriformes,Pycnonotidae (Bulbuls),50485,4757899,431487845,TRUE,FALSE,1319,AVIBASE-3413C42C,Eurillas virens,Eurillas virens,Andropadus virens,2,Field1,NA,U,0,,NA,Ghana,NA,12.6,8.6,4.8,4.2,20.5,72,NA,NA,NA,70,NNDA,1,NA,NA,NA,NA,NA
1156,Eurillas virens,Little Greenbul,2226639.51,NA,NA,NA,Passeriformes,Pycnonotidae (Bulbuls),50485,4757899,431487845,TRUE,FALSE,Eurillas virens,Passeriformes,Pycnonotidae (Bulbuls),50485,4757899,431487845,TRUE,FALSE,1310,AVIBASE-3413C42C,Eurillas virens,Eurillas virens,Andropadus virens,2,Field1,NA,U,0,,NA,Ghana,NA,13.4,8.2,5.7,4.5,21,NA,NA,NA,NA,70,NNDA,1,NA,NA,NA,NA,NA
1157,Eurillas virens,Little Greenbul,2226639.51,NA,NA,NA,Passeriformes,Pycnonotidae (Bulbuls),50485,4757899,431487845,TRUE,FALSE,Eurillas virens,Passeriformes,Pycnonotidae (Bulbuls),50485,4757899,431487845,TRUE,FALSE,1321,AVIBASE-3413C42C,Eurillas virens,Eurillas virens,Andropadus virens,2,Field1,NA,U,1,,NA,Ghana,NA,12.9,8.9,4.3,4.2,21.5,73,11.1,61.9,15.2,62,NNDA,1,NA,NA,NA,NA,NA
1158,Eurillas virens,Little Greenbul,2226639.51,NA,NA,NA,Passeriformes,Pycnonotidae (Bulbuls),50485,4757899,431487845,TRUE,FALSE,Eurillas virens,Passeriformes,Pycnonotidae (Bulbuls),50485,4757899,431487845,TRUE,FALSE,1350,AVIBASE-3413C42C,Eurillas virens,Eurillas virens,Andropadus virens,2,Field1,NA,U,0,,NA,United Republic of Tanzania,NA,13.4,6.7,4.2,3.8,19.7,78,14,64,17.9,74,MNC,1,NA,NA,NA,NA,NA
1159,Eurillas virens,Little Greenbul,2226639.51,NA,NA,NA,Passeriformes,Pycnonotidae (Bulbuls),50485,4757899,431487845,TRUE,FALSE,Eurillas virens,Passeriformes,Pycnonotidae (Bulbuls),50485,4757899,431487845,TRUE,FALSE,1229,AVIBASE-3413C42C,Eurillas virens,Eurillas virens,Andropadus virens,2,Field1,NA,U,0,,NA,Equatorial Guinea,NA,NA,NA,NA,NA,NA,69,NA,NA,NA,NA,JHW,0,NA,NA,NA,NA,NA
1160,Eurillas virens,Little Greenbul,2226639.51,NA,NA,NA,Passeriformes,Pycnonotidae (Bulbuls),50485,4757899,431487845,TRUE,FALSE,Eurillas virens,Passeriformes,Pycnonotidae (Bulbuls),50485,4757899,431487845,TRUE,FALSE,1287,AVIBASE-3413C42C,Eurillas virens,Eurillas virens,Andropadus virens,2,Field1,NA,U,0,,NA,Ghana,NA,14.7,8.3,4.9,4.3,21.5,NA,NA,NA,NA,NA,NNDA,1,NA,NA,NA,NA,NA
1161,Eurillas virens,Little Greenbul,2226639.51,NA,NA,NA,Passeriformes,Pycnonotidae (Bulbuls),50485,4757899,431487845,TRUE,FALSE,Eurillas virens,Passeriformes,Pycnonotidae (Bulbuls),50485,4757899,431487845,TRUE,FALSE,1286,AVIBASE-3413C42C,Eurillas virens,Eurillas virens,Andropadus virens,2,Field1,NA,U,1,,NA,Ghana,NA,14.9,8.6,5.4,4.2,22.1,72,NA,NA,NA,74,NNDA,1,NA,NA,NA,NA,NA
1162,Eurillas virens,Little Greenbul,2226639.51,NA,NA,NA,Passeriformes,Pycnonotidae (Bulbuls),50485,4757899,431487845,TRUE,FALSE,Eurillas virens,Passeriformes,Pycnonotidae (Bulbuls),50485,4757899,431487845,TRUE,FALSE,1245,AVIBASE-3413C42C,Eurillas virens,Eurillas virens,Andropadus virens,2,Field1,NA,U,0,,NA,Equatorial Guinea,NA,NA,NA,NA,NA,NA,69,NA,NA,NA,69,JDW,0,NA,NA,NA,NA,NA
1163,Eurillas virens,Little Greenbul,2226639.51,NA,NA,NA,Passeriformes,Pycnonotidae (Bulbuls),50485,4757899,431487845,TRUE,FALSE,Eurillas virens,Passeriformes,Pycnonotidae (Bulbuls),50485,4757899,431487845,TRUE,FALSE,1331,AVIBASE-3413C42C,Eurillas virens,Eurillas virens,Andropadus virens,2,Field1,NA,U,1,,NA,Ghana,NA,11.6,7.8,4.1,4.5,23,71,3,68,4.2,70,NNDA,1,NA,NA,NA,NA,NA
1164,Eurillas virens,Little Greenbul,2226639.51,NA,NA,NA,Passeriformes,Pycnonotidae (Bulbuls),50485,4757899,431487845,TRUE,FALSE,Eurillas virens,Passeriformes,Pycnonotidae (Bulbuls),50485,4757899,431487845,TRUE,FALSE,1330,AVIBASE-3413C42C,Eurillas virens,Eurillas virens,Andropadus virens,2,Field1,NA,U,0,,NA,Ghana,NA,14.5,8.8,5.6,4.5,21.7,74,NA,NA,NA,NA,NNDA,1,NA,NA,NA,NA,NA
1165,Eurillas virens,Little Greenbul,2226639.51,NA,NA,NA,Passeriformes,Pycnonotidae (Bulbuls),50485,4757899,431487845,TRUE,FALSE,Eurillas virens,Passeriformes,Pycnonotidae (Bulbuls),50485,4757899,431487845,TRUE,FALSE,1317,AVIBASE-3413C42C,Eurillas virens,Eurillas virens,Andropadus virens,2,Field1,NA,U,0,,NA,Ghana,NA,13.8,8,5.3,4.3,19.4,69,NA,NA,NA,63,NNDA,1,NA,NA,NA,NA,NA
1166,Eurillas virens,Little Greenbul,2226639.51,NA,NA,NA,Passeriformes,Pycnonotidae (Bulbuls),50485,4757899,431487845,TRUE,FALSE,Eurillas virens,Passeriformes,Pycnonotidae (Bulbuls),50485,4757899,431487845,TRUE,FALSE,1332,AVIBASE-3413C42C,Eurillas virens,Eurillas virens,Andropadus virens,2,Field1,NA,U,0,,NA,Ghana,NA,15,8.5,4.9,4.4,24.4,76,5.5,70.5,7.2,74,NNDA,1,NA,NA,NA,NA,NA
1167,Eurillas virens,Little Greenbul,2226639.51,NA,NA,NA,Passeriformes,Pycnonotidae (Bulbuls),50485,4757899,431487845,TRUE,FALSE,Eurillas virens,Passeriformes,Pycnonotidae (Bulbuls),50485,4757899,431487845,TRUE,FALSE,1238,AVIBASE-3413C42C,Eurillas virens,Eurillas virens,Andropadus virens,2,Field1,NA,U,0,,NA,Equatorial Guinea,NA,NA,NA,NA,NA,NA,76,NA,NA,NA,67,AME,0,NA,NA,NA,NA,NA
1168,Eurillas virens,Little Greenbul,2226639.51,NA,NA,NA,Passeriformes,Pycnonotidae (Bulbuls),50485,4757899,431487845,TRUE,FALSE,Eurillas virens,Passeriformes,Pycnonotidae (Bulbuls),50485,4757899,431487845,TRUE,FALSE,1227,AVIBASE-3413C42C,Eurillas virens,Eurillas virens,Andropadus virens,2,Field1,NA,F,0,,NA,Equatorial Guinea,NA,NA,NA,NA,NA,NA,60,NA,NA,NA,62,JDW,0,NA,NA,NA,NA,NA
1169,Eurillas virens,Little Greenbul,2226639.51,NA,NA,NA,Passeriformes,Pycnonotidae (Bulbuls),50485,4757899,431487845,TRUE,FALSE,Eurillas virens,Passeriformes,Pycnonotidae (Bulbuls),50485,4757899,431487845,TRUE,FALSE,1272,AVIBASE-3413C42C,Eurillas virens,Eurillas virens,Andropadus virens,2,Field1,NA,U,0,,NA,Equatorial Guinea,NA,NA,NA,NA,NA,NA,70,NA,NA,NA,67,EMB,0,NA,NA,NA,NA,NA
1170,Eurillas virens,Little Greenbul,2226639.51,NA,NA,NA,Passeriformes,Pycnonotidae (Bulbuls),50485,4757899,431487845,TRUE,FALSE,Eurillas virens,Passeriformes,Pycnonotidae (Bulbuls),50485,4757899,431487845,TRUE,FALSE,1311,AVIBASE-3413C42C,Eurillas virens,Eurillas virens,Andropadus virens,2,Field1,NA,U,0,,NA,Ghana,NA,12.8,7.7,4.7,4.4,21.5,75,10.8,64.2,14.4,71,NNDA,1,NA,NA,NA,NA,NA
1171,Eurillas virens,Little Greenbul,2226639.51,NA,NA,NA,Passeriformes,Pycnonotidae (Bulbuls),50485,4757899,431487845,TRUE,FALSE,Eurillas virens,Passeriformes,Pycnonotidae (Bulbuls),50485,4757899,431487845,TRUE,FALSE,1324,AVIBASE-3413C42C,Eurillas virens,Eurillas virens,Andropadus virens,2,Field1,NA,U,0,,NA,Ghana,NA,13.4,8.1,4.7,4,19.9,71,7.2,63.8,10.1,63,NNDA,1,NA,NA,NA,NA,NA
1172,Eurillas virens,Little Greenbul,2226639.51,NA,NA,NA,Passeriformes,Pycnonotidae (Bulbuls),50485,4757899,431487845,TRUE,FALSE,Eurillas virens,Passeriformes,Pycnonotidae (Bulbuls),50485,4757899,431487845,TRUE,FALSE,1301,AVIBASE-3413C42C,Eurillas virens,Eurillas virens,Andropadus virens,2,Field1,NA,U,0,,NA,Ghana,NA,13.6,8.6,5.5,4.6,21.6,73,7.4,65.6,10.1,69,NNDA,1,NA,NA,NA,NA,NA
1173,Eurillas virens,Little Greenbul,2226639.51,NA,NA,NA,Passeriformes,Pycnonotidae (Bulbuls),50485,4757899,431487845,TRUE,FALSE,Eurillas virens,Passeriformes,Pycnonotidae (Bulbuls),50485,4757899,431487845,TRUE,FALSE,1328,AVIBASE-3413C42C,Eurillas virens,Eurillas virens,Andropadus virens,2,Field1,NA,U,0,,NA,Ghana,NA,14,9,5,4.2,20.5,75,11.4,63.6,15.2,73,NNDA,1,NA,NA,NA,NA,NA
1174,Eurillas virens,Little Greenbul,2226639.51,NA,NA,NA,Passeriformes,Pycnonotidae (Bulbuls),50485,4757899,431487845,TRUE,FALSE,Eurillas virens,Passeriformes,Pycnonotidae (Bulbuls),50485,4757899,431487845,TRUE,FALSE,1248,AVIBASE-3413C42C,Eurillas virens,Eurillas virens,Andropadus virens,2,Field1,NA,U,0,,NA,Equatorial Guinea,NA,NA,NA,NA,NA,NA,71,NA,NA,NA,70,AKW,0,NA,NA,NA,NA,NA
1175,Eurillas virens,Little Greenbul,2226639.51,NA,NA,NA,Passeriformes,Pycnonotidae (Bulbuls),50485,4757899,431487845,TRUE,FALSE,Eurillas virens,Passeriformes,Pycnonotidae (Bulbuls),50485,4757899,431487845,TRUE,FALSE,1273,AVIBASE-3413C42C,Eurillas virens,Eurillas virens,Andropadus virens,2,Field1,NA,U,0,,NA,Equatorial Guinea,NA,NA,NA,NA,NA,NA,73,NA,NA,NA,66,BAK,0,NA,NA,NA,NA,NA
1176,Eurillas virens,Little Greenbul,2226639.51,NA,NA,NA,Passeriformes,Pycnonotidae (Bulbuls),50485,4757899,431487845,TRUE,FALSE,Eurillas virens,Passeriformes,Pycnonotidae (Bulbuls),50485,4757899,431487845,TRUE,FALSE,1235,AVIBASE-3413C42C,Eurillas virens,Eurillas virens,Andropadus virens,2,Field1,NA,U,0,,NA,Equatorial Guinea,NA,NA,NA,NA,NA,NA,74,NA,NA,NA,63,CAY,0,NA,NA,NA,NA,NA
1177,Eurillas virens,Little Greenbul,2226639.51,NA,NA,NA,Passeriformes,Pycnonotidae (Bulbuls),50485,4757899,431487845,TRUE,FALSE,Eurillas virens,Passeriformes,Pycnonotidae (Bulbuls),50485,4757899,431487845,TRUE,FALSE,1288,AVIBASE-3413C42C,Eurillas virens,Eurillas virens,Andropadus virens,2,Field1,NA,U,0,,NA,Ghana,NA,15.5,8.6,5.1,4.4,20.6,78,8,70,10.3,78,NNDA,1,NA,NA,NA,NA,NA
1178,Eurillas virens,Little Greenbul,2226639.51,NA,NA,NA,Passeriformes,Pycnonotidae (Bulbuls),50485,4757899,431487845,TRUE,FALSE,Eurillas virens,Passeriformes,Pycnonotidae (Bulbuls),50485,4757899,431487845,TRUE,FALSE,1322,AVIBASE-3413C42C,Eurillas virens,Eurillas virens,Andropadus virens,2,Field1,NA,U,0,,NA,Ghana,NA,11.9,9.2,4,4.4,20.3,77,10.5,66.5,13.6,72,NNDA,1,NA,NA,NA,NA,NA
1179,Eurillas virens,Little Greenbul,2226639.51,NA,NA,NA,Passeriformes,Pycnonotidae (Bulbuls),50485,4757899,431487845,TRUE,FALSE,Eurillas virens,Passeriformes,Pycnonotidae (Bulbuls),50485,4757899,431487845,TRUE,FALSE,1277,AVIBASE-3413C42C,Eurillas virens,Eurillas virens,Andropadus virens,2,Field1,NA,U,0,,NA,Equatorial Guinea,NA,NA,NA,NA,NA,NA,73,NA,NA,NA,66,ELK,0,NA,NA,NA,NA,NA
1180,Eurillas virens,Little Greenbul,2226639.51,NA,NA,NA,Passeriformes,Pycnonotidae (Bulbuls),50485,4757899,431487845,TRUE,FALSE,Eurillas virens,Passeriformes,Pycnonotidae (Bulbuls),50485,4757899,431487845,TRUE,FALSE,1269,AVIBASE-3413C42C,Eurillas virens,Eurillas virens,Andropadus virens,2,Field1,NA,U,0,,NA,Equatorial Guinea,NA,NA,NA,NA,NA,NA,74,NA,NA,NA,68,BAK,0,NA,NA,NA,NA,NA
1181,Eurillas virens,Little Greenbul,2226639.51,NA,NA,NA,Passeriformes,Pycnonotidae (Bulbuls),50485,4757899,431487845,TRUE,FALSE,Eurillas virens,Passeriformes,Pycnonotidae (Bulbuls),50485,4757899,431487845,TRUE,FALSE,1323,AVIBASE-3413C42C,Eurillas virens,Eurillas virens,Andropadus virens,2,Field1,NA,U,1,,NA,Ghana,NA,11.8,8.6,4.2,4,22.4,70,4,66,5.7,70,NNDA,1,NA,NA,NA,NA,NA
1182,Eurillas virens,Little Greenbul,2226639.51,NA,NA,NA,Passeriformes,Pycnonotidae (Bulbuls),50485,4757899,431487845,TRUE,FALSE,Eurillas virens,Passeriformes,Pycnonotidae (Bulbuls),50485,4757899,431487845,TRUE,FALSE,1228,AVIBASE-3413C42C,Eurillas virens,Eurillas virens,Andropadus virens,2,Field1,NA,U,0,,NA,Equatorial Guinea,NA,NA,NA,NA,NA,NA,70,NA,NA,NA,62,JHW,0,NA,NA,NA,NA,NA
1183,Eurillas virens,Little Greenbul,2226639.51,NA,NA,NA,Passeriformes,Pycnonotidae (Bulbuls),50485,4757899,431487845,TRUE,FALSE,Eurillas virens,Passeriformes,Pycnonotidae (Bulbuls),50485,4757899,431487845,TRUE,FALSE,1326,AVIBASE-3413C42C,Eurillas virens,Eurillas virens,Andropadus virens,2,Field1,NA,U,0,,NA,Ghana,NA,13.6,8.1,5,4.4,20.3,74,9.5,64.5,12.8,68,NNDA,1,NA,NA,NA,NA,NA
1184,Eurillas virens,Little Greenbul,2226639.51,NA,NA,NA,Passeriformes,Pycnonotidae (Bulbuls),50485,4757899,431487845,TRUE,FALSE,Eurillas virens,Passeriformes,Pycnonotidae (Bulbuls),50485,4757899,431487845,TRUE,FALSE,1244,AVIBASE-3413C42C,Eurillas virens,Eurillas virens,Andropadus virens,2,Field1,NA,F,0,,NA,Equatorial Guinea,NA,NA,NA,NA,NA,NA,71,NA,NA,NA,64,JDW,0,NA,NA,NA,NA,NA
1185,Eurillas virens,Little Greenbul,2226639.51,NA,NA,NA,Passeriformes,Pycnonotidae (Bulbuls),50485,4757899,431487845,TRUE,FALSE,Eurillas virens,Passeriformes,Pycnonotidae (Bulbuls),50485,4757899,431487845,TRUE,FALSE,1312,AVIBASE-3413C42C,Eurillas virens,Eurillas virens,Andropadus virens,2,Field1,NA,U,1,,NA,Ghana,NA,13.7,8.2,5.7,4.7,21.2,72,6.7,65.3,9.3,71,NNDA,1,NA,NA,NA,NA,NA
1186,Eurillas virens,Little Greenbul,2226639.51,NA,NA,NA,Passeriformes,Pycnonotidae (Bulbuls),50485,4757899,431487845,TRUE,FALSE,Eurillas virens,Passeriformes,Pycnonotidae (Bulbuls),50485,4757899,431487845,TRUE,FALSE,1302,AVIBASE-3413C42C,Eurillas virens,Eurillas virens,Andropadus virens,2,Field1,NA,U,0,,NA,Ghana,NA,11.8,7.6,5,4.1,20,70,8.3,61.7,11.9,65,NNDA,1,NA,NA,NA,NA,NA
1187,Eurillas virens,Little Greenbul,2226639.51,NA,NA,NA,Passeriformes,Pycnonotidae (Bulbuls),50485,4757899,431487845,TRUE,FALSE,Eurillas virens,Passeriformes,Pycnonotidae (Bulbuls),50485,4757899,431487845,TRUE,FALSE,1303,AVIBASE-3413C42C,Eurillas virens,Eurillas virens,Andropadus virens,2,Field1,NA,U,0,,NA,Ghana,NA,14.3,7.5,5.5,4.6,21.9,75,8.9,66.1,11.9,71,NNDA,1,NA,NA,NA,NA,NA
1188,Eurillas virens,Little Greenbul,2226639.51,NA,NA,NA,Passeriformes,Pycnonotidae (Bulbuls),50485,4757899,431487845,TRUE,FALSE,Eurillas virens,Passeriformes,Pycnonotidae (Bulbuls),50485,4757899,431487845,TRUE,FALSE,1289,AVIBASE-3413C42C,Eurillas virens,Eurillas virens,Andropadus virens,2,Field1,NA,U,0,,NA,Ghana,NA,13.8,7.5,3.5,4.1,21.5,78,NA,NA,NA,69,NNDA,1,NA,NA,NA,NA,NA
1189,Eurillas virens,Little Greenbul,2226639.51,NA,NA,NA,Passeriformes,Pycnonotidae (Bulbuls),50485,4757899,431487845,TRUE,FALSE,Eurillas virens,Passeriformes,Pycnonotidae (Bulbuls),50485,4757899,431487845,TRUE,FALSE,1250,AVIBASE-3413C42C,Eurillas virens,Eurillas virens,Andropadus virens,2,Field1,NA,U,0,,NA,Equatorial Guinea,NA,NA,NA,NA,NA,NA,74,NA,NA,NA,70,AKW,0,NA,NA,NA,NA,NA
1190,Eurillas virens,Little Greenbul,2226639.51,NA,NA,NA,Passeriformes,Pycnonotidae (Bulbuls),50485,4757899,431487845,TRUE,FALSE,Eurillas virens,Passeriformes,Pycnonotidae (Bulbuls),50485,4757899,431487845,TRUE,FALSE,1278,AVIBASE-3413C42C,Eurillas virens,Eurillas virens,Andropadus virens,2,Field1,NA,U,0,,NA,Equatorial Guinea,NA,NA,NA,NA,NA,NA,73,NA,NA,NA,67,JDW,0,NA,NA,NA,NA,NA
1191,Eurillas virens,Little Greenbul,2226639.51,NA,NA,NA,Passeriformes,Pycnonotidae (Bulbuls),50485,4757899,431487845,TRUE,FALSE,Eurillas virens,Passeriformes,Pycnonotidae (Bulbuls),50485,4757899,431487845,TRUE,FALSE,1252,AVIBASE-3413C42C,Eurillas virens,Eurillas virens,Andropadus virens,2,Field1,NA,U,0,,NA,Equatorial Guinea,NA,NA,NA,NA,NA,NA,73,NA,NA,NA,68,SEM,0,NA,NA,NA,NA,NA
1192,Eurillas virens,Little Greenbul,2226639.51,NA,NA,NA,Passeriformes,Pycnonotidae (Bulbuls),50485,4757899,431487845,TRUE,FALSE,Eurillas virens,Passeriformes,Pycnonotidae (Bulbuls),50485,4757899,431487845,TRUE,FALSE,1351,AVIBASE-3413C42C,Eurillas virens,Eurillas virens,Andropadus virens,2,Field1,NA,U,0,,NA,United Republic of Tanzania,NA,14.3,7.2,4.5,4.3,20.6,80,13,67,16.3,77,MNC,1,NA,NA,NA,NA,NA
1193,Eurillas virens,Little Greenbul,2226639.51,NA,NA,NA,Passeriformes,Pycnonotidae (Bulbuls),50485,4757899,431487845,TRUE,FALSE,Eurillas virens,Passeriformes,Pycnonotidae (Bulbuls),50485,4757899,431487845,TRUE,FALSE,1364,AVIBASE-3413C42C,Eurillas virens,Eurillas virens,Andropadus virens,1,NHMUK,1940.12.2.18,M,0,,NA,NA,NA,14.6,NA,4.4,4,17.4,72,NA,NA,NA,75,GT,0,NA,NA,NA,NA,NA
1194,Eurillas virens,Little Greenbul,2226639.51,NA,NA,NA,Passeriformes,Pycnonotidae (Bulbuls),50485,4757899,431487845,TRUE,FALSE,Eurillas virens,Passeriformes,Pycnonotidae (Bulbuls),50485,4757899,431487845,TRUE,FALSE,1268,AVIBASE-3413C42C,Eurillas virens,Eurillas virens,Andropadus virens,2,Field1,NA,U,0,,NA,Equatorial Guinea,NA,NA,NA,NA,NA,NA,77,NA,NA,NA,70,LLP,0,NA,NA,NA,NA,NA
1195,Eurillas virens,Little Greenbul,2226639.51,NA,NA,NA,Passeriformes,Pycnonotidae (Bulbuls),50485,4757899,431487845,TRUE,FALSE,Eurillas virens,Passeriformes,Pycnonotidae (Bulbuls),50485,4757899,431487845,TRUE,FALSE,1327,AVIBASE-3413C42C,Eurillas virens,Eurillas virens,Andropadus virens,2,Field1,NA,U,0,,NA,Ghana,NA,14.2,8.6,4.9,4.8,20.6,76,11.5,64.5,15.1,75,NNDA,1,NA,NA,NA,NA,NA
1196,Eurillas virens,Little Greenbul,2226639.51,NA,NA,NA,Passeriformes,Pycnonotidae (Bulbuls),50485,4757899,431487845,TRUE,FALSE,Eurillas virens,Passeriformes,Pycnonotidae (Bulbuls),50485,4757899,431487845,TRUE,FALSE,1299,AVIBASE-3413C42C,Eurillas virens,Eurillas virens,Andropadus virens,2,Field1,NA,U,0,,NA,Ghana,NA,13.3,8.2,4.2,4.3,20.9,76,8.9,67.1,11.7,65,NNDA,1,NA,NA,NA,NA,NA
1197,Eurillas virens,Little Greenbul,2226639.51,NA,NA,NA,Passeriformes,Pycnonotidae (Bulbuls),50485,4757899,431487845,TRUE,FALSE,Eurillas virens,Passeriformes,Pycnonotidae (Bulbuls),50485,4757899,431487845,TRUE,FALSE,1230,AVIBASE-3413C42C,Eurillas virens,Eurillas virens,Andropadus virens,2,Field1,NA,U,0,,NA,Equatorial Guinea,NA,NA,NA,NA,NA,NA,75,NA,NA,NA,76,JHW,0,NA,NA,NA,NA,NA
1198,Eurillas virens,Little Greenbul,2226639.51,NA,NA,NA,Passeriformes,Pycnonotidae (Bulbuls),50485,4757899,431487845,TRUE,FALSE,Eurillas virens,Passeriformes,Pycnonotidae (Bulbuls),50485,4757899,431487845,TRUE,FALSE,1285,AVIBASE-3413C42C,Eurillas virens,Eurillas virens,Andropadus virens,2,Field1,NA,U,0,,NA,Ghana,NA,12.5,8.3,4.6,3.6,23.7,NA,NA,NA,NA,73,NNDA,1,NA,NA,NA,NA,NA
1199,Eurillas virens,Little Greenbul,2226639.51,NA,NA,NA,Passeriformes,Pycnonotidae (Bulbuls),50485,4757899,431487845,TRUE,FALSE,Eurillas virens,Passeriformes,Pycnonotidae (Bulbuls),50485,4757899,431487845,TRUE,FALSE,1232,AVIBASE-3413C42C,Eurillas virens,Eurillas virens,Andropadus virens,2,Field1,NA,U,0,,NA,Equatorial Guinea,NA,NA,NA,NA,NA,NA,79,NA,NA,NA,70,JDW,0,NA,NA,NA,NA,NA
1200,Eurillas virens,Little Greenbul,2226639.51,NA,NA,NA,Passeriformes,Pycnonotidae (Bulbuls),50485,4757899,431487845,TRUE,FALSE,Eurillas virens,Passeriformes,Pycnonotidae (Bulbuls),50485,4757899,431487845,TRUE,FALSE,1318,AVIBASE-3413C42C,Eurillas virens,Eurillas virens,Andropadus virens,2,Field1,NA,U,1,,NA,Ghana,NA,13.9,8.3,5,4.6,21.6,72,8.1,63.9,11.3,73,NNDA,1,NA,NA,NA,NA,NA
1201,Eurillas virens,Little Greenbul,2226639.51,NA,NA,NA,Passeriformes,Pycnonotidae (Bulbuls),50485,4757899,431487845,TRUE,FALSE,Eurillas virens,Passeriformes,Pycnonotidae (Bulbuls),50485,4757899,431487845,TRUE,FALSE,1276,AVIBASE-3413C42C,Eurillas virens,Eurillas virens,Andropadus virens,2,Field1,NA,U,0,,NA,Equatorial Guinea,NA,NA,NA,NA,NA,NA,75,NA,NA,NA,72,BAK,0,NA,NA,NA,NA,NA
1202,Eurillas virens,Little Greenbul,2226639.51,NA,NA,NA,Passeriformes,Pycnonotidae (Bulbuls),50485,4757899,431487845,TRUE,FALSE,Eurillas virens,Passeriformes,Pycnonotidae (Bulbuls),50485,4757899,431487845,TRUE,FALSE,1315,AVIBASE-3413C42C,Eurillas virens,Eurillas virens,Andropadus virens,2,Field1,NA,U,0,,NA,Ghana,NA,14.3,8.8,6,4.2,20.5,72,7.2,64.8,10,70,NNDA,1,NA,NA,NA,NA,NA
1203,Eurillas virens,Little Greenbul,2226639.51,NA,NA,NA,Passeriformes,Pycnonotidae (Bulbuls),50485,4757899,431487845,TRUE,FALSE,Eurillas virens,Passeriformes,Pycnonotidae (Bulbuls),50485,4757899,431487845,TRUE,FALSE,1251,AVIBASE-3413C42C,Eurillas virens,Eurillas virens,Andropadus virens,2,Field1,NA,U,0,,NA,Equatorial Guinea,NA,NA,NA,NA,NA,NA,78,NA,NA,NA,NA,AKW,0,NA,NA,NA,NA,NA
1204,Eurillas virens,Little Greenbul,2226639.51,NA,NA,NA,Passeriformes,Pycnonotidae (Bulbuls),50485,4757899,431487845,TRUE,FALSE,Eurillas virens,Passeriformes,Pycnonotidae (Bulbuls),50485,4757899,431487845,TRUE,FALSE,1236,AVIBASE-3413C42C,Eurillas virens,Eurillas virens,Andropadus virens,2,Field1,NA,U,0,,NA,Equatorial Guinea,NA,NA,NA,NA,NA,NA,79,NA,NA,NA,73,LLP,0,NA,NA,NA,NA,NA
1205,Eurillas virens,Little Greenbul,2226639.51,NA,NA,NA,Passeriformes,Pycnonotidae (Bulbuls),50485,4757899,431487845,TRUE,FALSE,Eurillas virens,Passeriformes,Pycnonotidae (Bulbuls),50485,4757899,431487845,TRUE,FALSE,1309,AVIBASE-3413C42C,Eurillas virens,Eurillas virens,Andropadus virens,2,Field1,NA,U,0,,NA,Ghana,NA,12.9,8.4,4.7,4.5,19.4,73,7.2,65.8,9.9,66,NNDA,1,NA,NA,NA,NA,NA
1206,Eurillas virens,Little Greenbul,2226639.51,NA,NA,NA,Passeriformes,Pycnonotidae (Bulbuls),50485,4757899,431487845,TRUE,FALSE,Eurillas virens,Passeriformes,Pycnonotidae (Bulbuls),50485,4757899,431487845,TRUE,FALSE,1271,AVIBASE-3413C42C,Eurillas virens,Eurillas virens,Andropadus virens,2,Field1,NA,U,0,,NA,Equatorial Guinea,NA,NA,NA,NA,NA,NA,87,NA,NA,NA,71,BAK,0,NA,NA,NA,NA,NA
1207,Eurillas virens,Little Greenbul,2226639.51,NA,NA,NA,Passeriformes,Pycnonotidae (Bulbuls),50485,4757899,431487845,TRUE,FALSE,Eurillas virens,Passeriformes,Pycnonotidae (Bulbuls),50485,4757899,431487845,TRUE,FALSE,1282,AVIBASE-3413C42C,Eurillas virens,Eurillas virens,Andropadus virens,2,Field1,NA,F,0,,NA,Equatorial Guinea,NA,NA,NA,NA,NA,NA,70,NA,NA,NA,65,SAL,0,NA,NA,NA,NA,NA
1208,Eurillas virens,Little Greenbul,2226639.51,NA,NA,NA,Passeriformes,Pycnonotidae (Bulbuls),50485,4757899,431487845,TRUE,FALSE,Eurillas virens,Passeriformes,Pycnonotidae (Bulbuls),50485,4757899,431487845,TRUE,FALSE,1347,AVIBASE-3413C42C,Eurillas virens,Eurillas virens,Andropadus virens,2,Field1,NA,U,0,,NA,United Republic of Tanzania,NA,13.7,7,4.9,4,21,80,15,65,18.8,75,MNC,1,NA,NA,NA,NA,NA
1209,Eurillas virens,Little Greenbul,2226639.51,NA,NA,NA,Passeriformes,Pycnonotidae (Bulbuls),50485,4757899,431487845,TRUE,FALSE,Eurillas virens,Passeriformes,Pycnonotidae (Bulbuls),50485,4757899,431487845,TRUE,FALSE,1348,AVIBASE-3413C42C,Eurillas virens,Eurillas virens,Andropadus virens,2,Field1,NA,U,0,,NA,United Republic of Tanzania,NA,13.5,6.5,3.9,3.9,20.8,77,12,65,15.6,76,MNC,1,NA,NA,NA,NA,NA
1210,Eurillas virens,Little Greenbul,2226639.51,NA,NA,NA,Passeriformes,Pycnonotidae (Bulbuls),50485,4757899,431487845,TRUE,FALSE,Eurillas virens,Passeriformes,Pycnonotidae (Bulbuls),50485,4757899,431487845,TRUE,FALSE,1243,AVIBASE-3413C42C,Eurillas virens,Eurillas virens,Andropadus virens,2,Field1,NA,F,0,,NA,Equatorial Guinea,NA,NA,NA,NA,NA,NA,67,NA,NA,NA,64,JDW,0,NA,NA,NA,NA,NA
1211,Eurillas virens,Little Greenbul,2226639.51,NA,NA,NA,Passeriformes,Pycnonotidae (Bulbuls),50485,4757899,431487845,TRUE,FALSE,Eurillas virens,Passeriformes,Pycnonotidae (Bulbuls),50485,4757899,431487845,TRUE,FALSE,1300,AVIBASE-3413C42C,Eurillas virens,Eurillas virens,Andropadus virens,2,Field1,NA,U,0,,NA,Ghana,NA,14.3,8.8,5.6,4.7,20.2,75,7.3,67.7,9.7,70,NNDA,1,NA,NA,NA,NA,NA
1212,Eurillas virens,Little Greenbul,2226639.51,NA,NA,NA,Passeriformes,Pycnonotidae (Bulbuls),50485,4757899,431487845,TRUE,FALSE,Eurillas virens,Passeriformes,Pycnonotidae (Bulbuls),50485,4757899,431487845,TRUE,FALSE,1259,AVIBASE-3413C42C,Eurillas virens,Eurillas virens,Andropadus virens,2,Field1,NA,M,0,,NA,Equatorial Guinea,NA,NA,NA,NA,NA,NA,72,NA,NA,NA,70,KEB,0,NA,NA,NA,NA,NA
1213,Eurillas virens,Little Greenbul,2226639.51,NA,NA,NA,Passeriformes,Pycnonotidae (Bulbuls),50485,4757899,431487845,TRUE,FALSE,Eurillas virens,Passeriformes,Pycnonotidae (Bulbuls),50485,4757899,431487845,TRUE,FALSE,1246,AVIBASE-3413C42C,Eurillas virens,Eurillas virens,Andropadus virens,2,Field1,NA,F,0,,NA,Equatorial Guinea,NA,NA,NA,NA,NA,NA,68,NA,NA,NA,65,JDW,0,NA,NA,NA,NA,NA
1214,Eurillas virens,Little Greenbul,2226639.51,NA,NA,NA,Passeriformes,Pycnonotidae (Bulbuls),50485,4757899,431487845,TRUE,FALSE,Eurillas virens,Passeriformes,Pycnonotidae (Bulbuls),50485,4757899,431487845,TRUE,FALSE,1247,AVIBASE-3413C42C,Eurillas virens,Eurillas virens,Andropadus virens,2,Field1,NA,U,0,,NA,Equatorial Guinea,NA,NA,NA,NA,NA,NA,73,NA,NA,NA,69,AKW,0,NA,NA,NA,NA,NA
1215,Eurillas virens,Little Greenbul,2226639.51,NA,NA,NA,Passeriformes,Pycnonotidae (Bulbuls),50485,4757899,431487845,TRUE,FALSE,Eurillas virens,Passeriformes,Pycnonotidae (Bulbuls),50485,4757899,431487845,TRUE,FALSE,1304,AVIBASE-3413C42C,Eurillas virens,Eurillas virens,Andropadus virens,2,Field1,NA,U,0,,NA,Ghana,NA,14.2,8.6,4.2,4.4,18.6,70,NA,NA,NA,65,NNDA,1,NA,NA,NA,NA,NA
1216,Eurillas virens,Little Greenbul,2226639.51,NA,NA,NA,Passeriformes,Pycnonotidae (Bulbuls),50485,4757899,431487845,TRUE,FALSE,Eurillas virens,Passeriformes,Pycnonotidae (Bulbuls),50485,4757899,431487845,TRUE,FALSE,1234,AVIBASE-3413C42C,Eurillas virens,Eurillas virens,Andropadus virens,2,Field1,NA,U,0,,NA,Equatorial Guinea,NA,NA,NA,NA,NA,NA,72,NA,NA,NA,NA,JDW,0,NA,NA,NA,NA,NA
1217,Eurillas virens,Little Greenbul,2226639.51,NA,NA,NA,Passeriformes,Pycnonotidae (Bulbuls),50485,4757899,431487845,TRUE,FALSE,Eurillas virens,Passeriformes,Pycnonotidae (Bulbuls),50485,4757899,431487845,TRUE,FALSE,1291,AVIBASE-3413C42C,Eurillas virens,Eurillas virens,Andropadus virens,2,Field1,NA,U,0,,NA,Ghana,NA,14.2,7.7,4.8,4.8,21.2,69,3,66,4.3,71,NNDA,1,NA,NA,NA,NA,NA
1218,Eurillas virens,Little Greenbul,2226639.51,NA,NA,NA,Passeriformes,Pycnonotidae (Bulbuls),50485,4757899,431487845,TRUE,FALSE,Eurillas virens,Passeriformes,Pycnonotidae (Bulbuls),50485,4757899,431487845,TRUE,FALSE,1359,AVIBASE-3413C42C,Eurillas virens,Eurillas virens,Andropadus virens,2,Field1,NA,U,0,,NA,United Republic of Tanzania,NA,14.5,7.4,3.8,4,21,85,16,69,18.8,82,MNC,1,NA,NA,NA,NA,NA
1219,Eurillas virens,Little Greenbul,2226639.51,NA,NA,NA,Passeriformes,Pycnonotidae (Bulbuls),50485,4757899,431487845,TRUE,FALSE,Eurillas virens,Passeriformes,Pycnonotidae (Bulbuls),50485,4757899,431487845,TRUE,FALSE,1239,AVIBASE-3413C42C,Eurillas virens,Eurillas virens,Andropadus virens,2,Field1,NA,U,0,,NA,Equatorial Guinea,NA,NA,NA,NA,NA,NA,74,NA,NA,NA,67,CJ,0,NA,NA,NA,NA,NA
1220,Eurillas virens,Little Greenbul,2226639.51,NA,NA,NA,Passeriformes,Pycnonotidae (Bulbuls),50485,4757899,431487845,TRUE,FALSE,Eurillas virens,Passeriformes,Pycnonotidae (Bulbuls),50485,4757899,431487845,TRUE,FALSE,1294,AVIBASE-3413C42C,Eurillas virens,Eurillas virens,Andropadus virens,2,Field1,NA,U,0,,NA,Ghana,NA,13.9,8.6,5.2,4.4,18.6,75,8.1,66.9,10.8,70,NNDA,1,NA,NA,NA,NA,NA
1221,Eurillas virens,Little Greenbul,2226639.51,NA,NA,NA,Passeriformes,Pycnonotidae (Bulbuls),50485,4757899,431487845,TRUE,FALSE,Eurillas virens,Passeriformes,Pycnonotidae (Bulbuls),50485,4757899,431487845,TRUE,FALSE,1242,AVIBASE-3413C42C,Eurillas virens,Eurillas virens,Andropadus virens,2,Field1,NA,U,0,,NA,Equatorial Guinea,NA,NA,NA,NA,NA,NA,75,NA,NA,NA,62,CAY,0,NA,NA,NA,NA,NA
1222,Eurillas virens,Little Greenbul,2226639.51,NA,NA,NA,Passeriformes,Pycnonotidae (Bulbuls),50485,4757899,431487845,TRUE,FALSE,Eurillas virens,Passeriformes,Pycnonotidae (Bulbuls),50485,4757899,431487845,TRUE,FALSE,1325,AVIBASE-3413C42C,Eurillas virens,Eurillas virens,Andropadus virens,2,Field1,NA,U,1,,NA,Ghana,NA,11.3,8.3,4.2,4.1,18.7,68,8.6,59.4,12.6,70,NNDA,1,NA,NA,NA,NA,NA
1223,Eurillas virens,Little Greenbul,2226639.51,NA,NA,NA,Passeriformes,Pycnonotidae (Bulbuls),50485,4757899,431487845,TRUE,FALSE,Eurillas virens,Passeriformes,Pycnonotidae (Bulbuls),50485,4757899,431487845,TRUE,FALSE,1298,AVIBASE-3413C42C,Eurillas virens,Eurillas virens,Andropadus virens,2,Field1,NA,U,1,,NA,Ghana,NA,13.5,8.6,4.6,4.5,20.7,71,9.2,61.8,13,69,NNDA,1,NA,NA,NA,NA,NA
1224,Eurillas virens,Little Greenbul,2226639.51,NA,NA,NA,Passeriformes,Pycnonotidae (Bulbuls),50485,4757899,431487845,TRUE,FALSE,Eurillas virens,Passeriformes,Pycnonotidae (Bulbuls),50485,4757899,431487845,TRUE,FALSE,1349,AVIBASE-3413C42C,Eurillas virens,Eurillas virens,Andropadus virens,2,Field1,NA,U,0,,NA,United Republic of Tanzania,NA,13.2,6.8,4,4,20.3,76,13,63,17.1,76,MNC,1,NA,NA,NA,NA,NA
1225,Eurillas virens,Little Greenbul,2226639.51,NA,NA,NA,Passeriformes,Pycnonotidae (Bulbuls),50485,4757899,431487845,TRUE,FALSE,Eurillas virens,Passeriformes,Pycnonotidae (Bulbuls),50485,4757899,431487845,TRUE,FALSE,1231,AVIBASE-3413C42C,Eurillas virens,Eurillas virens,Andropadus virens,2,Field1,NA,U,0,,NA,Equatorial Guinea,NA,NA,NA,NA,NA,NA,75,NA,NA,NA,69,JHW,0,NA,NA,NA,NA,NA
1226,Eurillas virens,Little Greenbul,2226639.51,NA,NA,NA,Passeriformes,Pycnonotidae (Bulbuls),50485,4757899,431487845,TRUE,FALSE,Eurillas virens,Passeriformes,Pycnonotidae (Bulbuls),50485,4757899,431487845,TRUE,FALSE,1260,AVIBASE-3413C42C,Eurillas virens,Eurillas virens,Andropadus virens,2,Field1,NA,U,0,,NA,Equatorial Guinea,NA,NA,NA,NA,NA,NA,73,NA,NA,NA,65,SEM,0,NA,NA,NA,NA,NA
1227,Eurillas virens,Little Greenbul,2226639.51,NA,NA,NA,Passeriformes,Pycnonotidae (Bulbuls),50485,4757899,431487845,TRUE,FALSE,Eurillas virens,Passeriformes,Pycnonotidae (Bulbuls),50485,4757899,431487845,TRUE,FALSE,1261,AVIBASE-3413C42C,Eurillas virens,Eurillas virens,Andropadus virens,2,Field1,NA,U,0,,NA,Equatorial Guinea,NA,NA,NA,NA,NA,NA,74,NA,NA,NA,70,SEM,0,NA,NA,NA,NA,NA
1228,Eurillas virens,Little Greenbul,2226639.51,NA,NA,NA,Passeriformes,Pycnonotidae (Bulbuls),50485,4757899,431487845,TRUE,FALSE,Eurillas virens,Passeriformes,Pycnonotidae (Bulbuls),50485,4757899,431487845,TRUE,FALSE,1316,AVIBASE-3413C42C,Eurillas virens,Eurillas virens,Andropadus virens,2,Field1,NA,U,0,,NA,Ghana,NA,12.6,8.3,5,4.5,22.1,75,NA,NA,NA,71,NNDA,1,NA,NA,NA,NA,NA
1229,Eurillas virens,Little Greenbul,2226639.51,NA,NA,NA,Passeriformes,Pycnonotidae (Bulbuls),50485,4757899,431487845,TRUE,FALSE,Eurillas virens,Passeriformes,Pycnonotidae (Bulbuls),50485,4757899,431487845,TRUE,FALSE,1290,AVIBASE-3413C42C,Eurillas virens,Eurillas virens,Andropadus virens,2,Field1,NA,U,0,,NA,Ghana,NA,13.2,7.8,5.2,4.2,21.1,71.5,4.5,67,6.3,67,NNDA,1,NA,NA,NA,NA,NA
1230,Eurillas virens,Little Greenbul,2226639.51,NA,NA,NA,Passeriformes,Pycnonotidae (Bulbuls),50485,4757899,431487845,TRUE,FALSE,Eurillas virens,Passeriformes,Pycnonotidae (Bulbuls),50485,4757899,431487845,TRUE,FALSE,1307,AVIBASE-3413C42C,Eurillas virens,Eurillas virens,Andropadus virens,2,Field1,NA,U,0,,NA,Ghana,NA,13.2,8.4,4.8,4.7,19.2,78,5.8,72.2,7.4,71,NNDA,1,NA,NA,NA,NA,NA
1231,Eurillas virens,Little Greenbul,2226639.51,NA,NA,NA,Passeriformes,Pycnonotidae (Bulbuls),50485,4757899,431487845,TRUE,FALSE,Eurillas virens,Passeriformes,Pycnonotidae (Bulbuls),50485,4757899,431487845,TRUE,FALSE,1292,AVIBASE-3413C42C,Eurillas virens,Eurillas virens,Andropadus virens,2,Field1,NA,U,1,,NA,Ghana,NA,12.9,8.5,4.2,4.3,21.1,75,8,67,10.7,73,NNDA,1,NA,NA,NA,NA,NA
1232,Eurillas virens,Little Greenbul,2226639.51,NA,NA,NA,Passeriformes,Pycnonotidae (Bulbuls),50485,4757899,431487845,TRUE,FALSE,Eurillas virens,Passeriformes,Pycnonotidae (Bulbuls),50485,4757899,431487845,TRUE,FALSE,1293,AVIBASE-3413C42C,Eurillas virens,Eurillas virens,Andropadus virens,2,Field1,NA,U,0,,NA,Ghana,NA,15.2,9,5.9,4.6,19.4,75,8.7,66.3,11.6,71,NNDA,1,NA,NA,NA,NA,NA
1233,Eurillas virens,Little Greenbul,2226639.51,NA,NA,NA,Passeriformes,Pycnonotidae (Bulbuls),50485,4757899,431487845,TRUE,FALSE,Eurillas virens,Passeriformes,Pycnonotidae (Bulbuls),50485,4757899,431487845,TRUE,FALSE,1270,AVIBASE-3413C42C,Eurillas virens,Eurillas virens,Andropadus virens,2,Field1,NA,U,0,,NA,Equatorial Guinea,NA,NA,NA,NA,NA,NA,74,NA,NA,NA,67,BAK,0,NA,NA,NA,NA,NA
1234,Eurillas virens,Little Greenbul,2226639.51,NA,NA,NA,Passeriformes,Pycnonotidae (Bulbuls),50485,4757899,431487845,TRUE,FALSE,Eurillas virens,Passeriformes,Pycnonotidae (Bulbuls),50485,4757899,431487845,TRUE,FALSE,1226,AVIBASE-3413C42C,Eurillas virens,Eurillas virens,Andropadus virens,2,Field1,NA,U,0,,NA,Equatorial Guinea,NA,NA,NA,NA,NA,NA,69,NA,NA,NA,65,AME,0,NA,NA,NA,NA,NA
1235,Eurillas virens,Little Greenbul,2226639.51,NA,NA,NA,Passeriformes,Pycnonotidae (Bulbuls),50485,4757899,431487845,TRUE,FALSE,Eurillas virens,Passeriformes,Pycnonotidae (Bulbuls),50485,4757899,431487845,TRUE,FALSE,1363,AVIBASE-3413C42C,Eurillas virens,Eurillas virens,Andropadus virens,2,Field1,NA,U,0,,NA,United Republic of Tanzania,NA,13.9,7.4,3.6,4,21.5,84,9,75,10.7,79,MNC,1,NA,NA,NA,NA,NA
1236,Eurillas virens,Little Greenbul,2226639.51,NA,NA,NA,Passeriformes,Pycnonotidae (Bulbuls),50485,4757899,431487845,TRUE,FALSE,Eurillas virens,Passeriformes,Pycnonotidae (Bulbuls),50485,4757899,431487845,TRUE,FALSE,1241,AVIBASE-3413C42C,Eurillas virens,Eurillas virens,Andropadus virens,2,Field1,NA,M,0,,NA,Equatorial Guinea,NA,NA,NA,NA,NA,NA,74,NA,NA,NA,69,CJ,0,NA,NA,NA,NA,NA
1237,Eurillas virens,Little Greenbul,2226639.51,NA,NA,NA,Passeriformes,Pycnonotidae (Bulbuls),50485,4757899,431487845,TRUE,FALSE,Eurillas virens,Passeriformes,Pycnonotidae (Bulbuls),50485,4757899,431487845,TRUE,FALSE,1284,AVIBASE-3413C42C,Eurillas virens,Eurillas virens,Andropadus virens,2,Field1,NA,U,0,,NA,Equatorial Guinea,NA,NA,NA,NA,NA,NA,80,NA,NA,NA,71,LLP,0,NA,NA,NA,NA,NA
1238,Eurillas virens,Little Greenbul,2226639.51,NA,NA,NA,Passeriformes,Pycnonotidae (Bulbuls),50485,4757899,431487845,TRUE,FALSE,Eurillas virens,Passeriformes,Pycnonotidae (Bulbuls),50485,4757899,431487845,TRUE,FALSE,1283,AVIBASE-3413C42C,Eurillas virens,Eurillas virens,Andropadus virens,2,Field1,NA,F,0,,NA,Equatorial Guinea,NA,NA,NA,NA,NA,NA,68,NA,NA,NA,63,PFR,0,NA,NA,NA,NA,NA
1239,Eurillas virens,Little Greenbul,2226639.51,NA,NA,NA,Passeriformes,Pycnonotidae (Bulbuls),50485,4757899,431487845,TRUE,FALSE,Eurillas virens,Passeriformes,Pycnonotidae (Bulbuls),50485,4757899,431487845,TRUE,FALSE,1258,AVIBASE-3413C42C,Eurillas virens,Eurillas virens,Andropadus virens,2,Field1,NA,F,0,,NA,Equatorial Guinea,NA,NA,NA,NA,NA,NA,67,NA,NA,NA,NA,CJ,0,NA,NA,NA,NA,NA
1240,Eurillas virens,Little Greenbul,2226639.51,NA,NA,NA,Passeriformes,Pycnonotidae (Bulbuls),50485,4757899,431487845,TRUE,FALSE,Eurillas virens,Passeriformes,Pycnonotidae (Bulbuls),50485,4757899,431487845,TRUE,FALSE,1274,AVIBASE-3413C42C,Eurillas virens,Eurillas virens,Andropadus virens,2,Field1,NA,U,0,,NA,Equatorial Guinea,NA,NA,NA,NA,NA,NA,73,NA,NA,NA,69,EMB,0,NA,NA,NA,NA,NA
1241,Eurillas virens,Little Greenbul,2226639.51,NA,NA,NA,Passeriformes,Pycnonotidae (Bulbuls),50485,4757899,431487845,TRUE,FALSE,Eurillas virens,Passeriformes,Pycnonotidae (Bulbuls),50485,4757899,431487845,TRUE,FALSE,1219,AVIBASE-3413C42C,Eurillas virens,Eurillas virens,Andropadus virens,1,AMNH,415428,F,0,,NA,Cameroon,NA,13,7.5,4.1,4.2,16.6,71,8.3,62.7,11.7,67,CS,1,NA,NA,NA,NA,NA
1242,Eurillas virens,Little Greenbul,2226639.51,NA,NA,NA,Passeriformes,Pycnonotidae (Bulbuls),50485,4757899,431487845,TRUE,FALSE,Eurillas virens,Passeriformes,Pycnonotidae (Bulbuls),50485,4757899,431487845,TRUE,FALSE,1314,AVIBASE-3413C42C,Eurillas virens,Eurillas virens,Andropadus virens,2,Field1,NA,U,0,,NA,Ghana,NA,13.9,7.8,5,4.4,21.5,73,6.9,66.1,9.5,68,NNDA,1,NA,NA,NA,NA,NA
1243,Eurillas virens,Little Greenbul,2226639.51,NA,NA,NA,Passeriformes,Pycnonotidae (Bulbuls),50485,4757899,431487845,TRUE,FALSE,Eurillas virens,Passeriformes,Pycnonotidae (Bulbuls),50485,4757899,431487845,TRUE,FALSE,1305,AVIBASE-3413C42C,Eurillas virens,Eurillas virens,Andropadus virens,2,Field1,NA,U,0,,NA,Ghana,NA,13.9,8.5,4.8,4.6,23.2,74,6,68,8.1,70,NNDA,1,NA,NA,NA,NA,NA
1244,Eurillas virens,Little Greenbul,2226639.51,NA,NA,NA,Passeriformes,Pycnonotidae (Bulbuls),50485,4757899,431487845,TRUE,FALSE,Eurillas virens,Passeriformes,Pycnonotidae (Bulbuls),50485,4757899,431487845,TRUE,FALSE,1356,AVIBASE-3413C42C,Eurillas virens,Eurillas virens,Andropadus virens,2,Field1,NA,U,0,,NA,United Republic of Tanzania,NA,13.8,7.8,4.2,3.9,20.8,81,15,66,18.5,74,MNC,1,NA,NA,NA,NA,NA
1245,Eurillas virens,Little Greenbul,2226639.51,NA,NA,NA,Passeriformes,Pycnonotidae (Bulbuls),50485,4757899,431487845,TRUE,FALSE,Eurillas virens,Passeriformes,Pycnonotidae (Bulbuls),50485,4757899,431487845,TRUE,FALSE,1237,AVIBASE-3413C42C,Eurillas virens,Eurillas virens,Andropadus virens,2,Field1,NA,U,0,,NA,Equatorial Guinea,NA,NA,NA,NA,NA,NA,72,NA,NA,NA,NA,LLP,0,NA,NA,NA,NA,NA
1246,Eurillas virens,Little Greenbul,2226639.51,NA,NA,NA,Passeriformes,Pycnonotidae (Bulbuls),50485,4757899,431487845,TRUE,FALSE,Eurillas virens,Passeriformes,Pycnonotidae (Bulbuls),50485,4757899,431487845,TRUE,FALSE,1279,AVIBASE-3413C42C,Eurillas virens,Eurillas virens,Andropadus virens,2,Field1,NA,U,0,,NA,Equatorial Guinea,NA,NA,NA,NA,NA,NA,74,NA,NA,NA,66,BAK,0,NA,NA,NA,NA,NA
1247,Eurillas virens,Little Greenbul,2226639.51,NA,NA,NA,Passeriformes,Pycnonotidae (Bulbuls),50485,4757899,431487845,TRUE,FALSE,Eurillas virens,Passeriformes,Pycnonotidae (Bulbuls),50485,4757899,431487845,TRUE,FALSE,1280,AVIBASE-3413C42C,Eurillas virens,Eurillas virens,Andropadus virens,2,Field1,NA,U,0,,NA,Equatorial Guinea,NA,NA,NA,NA,NA,NA,74,NA,NA,NA,69,ELK,0,NA,NA,NA,NA,NA
1248,Eurillas virens,Little Greenbul,2226639.51,NA,NA,NA,Passeriformes,Pycnonotidae (Bulbuls),50485,4757899,431487845,TRUE,FALSE,Eurillas virens,Passeriformes,Pycnonotidae (Bulbuls),50485,4757899,431487845,TRUE,FALSE,1336,AVIBASE-3413C42C,Eurillas virens,Eurillas virens,Andropadus virens,2,Field1,NA,U,0,,NA,Mozambique,NA,13.8,7.2,4.3,NA,NA,82,NA,NA,NA,81,SEIJ,1,NA,NA,NA,NA,NA
1249,Eurillas virens,Little Greenbul,2226639.51,NA,NA,NA,Passeriformes,Pycnonotidae (Bulbuls),50485,4757899,431487845,TRUE,FALSE,Eurillas virens,Passeriformes,Pycnonotidae (Bulbuls),50485,4757899,431487845,TRUE,FALSE,1337,AVIBASE-3413C42C,Eurillas virens,Eurillas virens,Andropadus virens,2,Field1,NA,U,0,,NA,Mozambique,NA,13.1,7.2,4.3,NA,NA,81,NA,NA,NA,82,SEIJ,1,NA,NA,NA,NA,NA
1250,Eurillas virens,Little Greenbul,2226639.51,NA,NA,NA,Passeriformes,Pycnonotidae (Bulbuls),50485,4757899,431487845,TRUE,FALSE,Eurillas virens,Passeriformes,Pycnonotidae (Bulbuls),50485,4757899,431487845,TRUE,FALSE,1338,AVIBASE-3413C42C,Eurillas virens,Eurillas virens,Andropadus virens,2,Field1,NA,U,0,,NA,Mozambique,NA,14,7.2,4.1,NA,NA,82,NA,NA,NA,78,SEIJ,1,NA,NA,NA,NA,NA
1251,Eurillas virens,Little Greenbul,2226639.51,NA,NA,NA,Passeriformes,Pycnonotidae (Bulbuls),50485,4757899,431487845,TRUE,FALSE,Eurillas virens,Passeriformes,Pycnonotidae (Bulbuls),50485,4757899,431487845,TRUE,FALSE,1339,AVIBASE-3413C42C,Eurillas virens,Eurillas virens,Andropadus virens,2,Field1,NA,U,0,,NA,Mozambique,NA,12.9,7.2,3.9,NA,NA,78,NA,NA,NA,NA,SEIJ,1,NA,NA,NA,NA,NA
1252,Eurillas virens,Little Greenbul,2226639.51,NA,NA,NA,Passeriformes,Pycnonotidae (Bulbuls),50485,4757899,431487845,TRUE,FALSE,Eurillas virens,Passeriformes,Pycnonotidae (Bulbuls),50485,4757899,431487845,TRUE,FALSE,1297,AVIBASE-3413C42C,Eurillas virens,Eurillas virens,Andropadus virens,2,Field1,NA,U,0,,NA,Ghana,NA,13.9,8,5.9,4.7,19.7,71,NA,NA,NA,70,NNDA,1,NA,NA,NA,NA,NA
1253,Eurillas virens,Little Greenbul,2226639.51,NA,NA,NA,Passeriformes,Pycnonotidae (Bulbuls),50485,4757899,431487845,TRUE,FALSE,Eurillas virens,Passeriformes,Pycnonotidae (Bulbuls),50485,4757899,431487845,TRUE,FALSE,1218,AVIBASE-3413C42C,Eurillas virens,Eurillas virens,Andropadus virens,1,AMNH,415427,F,0,,NA,Cameroon,NA,13.4,7.9,4.2,4,18.3,73.5,10.7,62.8,14.6,81,CS,1,NA,NA,NA,NA,NA
1254,Eurillas virens,Little Greenbul,2226639.51,NA,NA,NA,Passeriformes,Pycnonotidae (Bulbuls),50485,4757899,431487845,TRUE,FALSE,Eurillas virens,Passeriformes,Pycnonotidae (Bulbuls),50485,4757899,431487845,TRUE,FALSE,1313,AVIBASE-3413C42C,Eurillas virens,Eurillas virens,Andropadus virens,2,Field1,NA,U,1,,NA,Ghana,NA,13.5,8.7,5.6,4.6,22.3,74,6.6,67.4,8.9,73,NNDA,1,NA,NA,NA,NA,NA
1255,Eurillas virens,Little Greenbul,2226639.51,NA,NA,NA,Passeriformes,Pycnonotidae (Bulbuls),50485,4757899,431487845,TRUE,FALSE,Eurillas virens,Passeriformes,Pycnonotidae (Bulbuls),50485,4757899,431487845,TRUE,FALSE,1220,AVIBASE-3413C42C,Eurillas virens,Eurillas virens,Andropadus virens,1,ZFMK,1961-1273,F,0,,NA,Cameroon,NA,16.9,NA,NA,NA,19.6,71,6.5,64.5,9.2,66,DH,0,NA,NA,NA,NA,NA
1256,Eurillas virens,Little Greenbul,2226639.51,NA,NA,NA,Passeriformes,Pycnonotidae (Bulbuls),50485,4757899,431487845,TRUE,FALSE,Eurillas virens,Passeriformes,Pycnonotidae (Bulbuls),50485,4757899,431487845,TRUE,FALSE,1340,AVIBASE-3413C42C,Eurillas virens,Eurillas virens,Andropadus virens,2,Field1,NA,F,0,,NA,Mozambique,NA,13.8,8,5,NA,NA,79,NA,NA,NA,83,SEIJ,1,NA,NA,NA,NA,NA
1257,Eurillas virens,Little Greenbul,2226639.51,NA,NA,NA,Passeriformes,Pycnonotidae (Bulbuls),50485,4757899,431487845,TRUE,FALSE,Eurillas virens,Passeriformes,Pycnonotidae (Bulbuls),50485,4757899,431487845,TRUE,FALSE,1306,AVIBASE-3413C42C,Eurillas virens,Eurillas virens,Andropadus virens,2,Field1,NA,U,0,,NA,Ghana,NA,13.9,8.9,4.3,4.5,19.2,72,11.4,60.6,15.8,65,NNDA,1,NA,NA,NA,NA,NA
1258,Eurillas virens,Little Greenbul,2226639.51,NA,NA,NA,Passeriformes,Pycnonotidae (Bulbuls),50485,4757899,431487845,TRUE,FALSE,Eurillas virens,Passeriformes,Pycnonotidae (Bulbuls),50485,4757899,431487845,TRUE,FALSE,1333,AVIBASE-3413C42C,Eurillas virens,Eurillas virens,Andropadus virens,2,Field1,NA,U,0,,NA,Ghana,NA,14.6,8.4,5,4.6,23.7,75,7,68,9.3,73,NNDA,1,NA,NA,NA,NA,NA
1259,Eurillas virens,Little Greenbul,2226639.51,NA,NA,NA,Passeriformes,Pycnonotidae (Bulbuls),50485,4757899,431487845,TRUE,FALSE,Eurillas virens,Passeriformes,Pycnonotidae (Bulbuls),50485,4757899,431487845,TRUE,FALSE,1334,AVIBASE-3413C42C,Eurillas virens,Eurillas virens,Andropadus virens,2,Field1,NA,U,0,,NA,Ghana,NA,14.1,8.2,4.8,4.2,22.9,72,6,66,8.3,68,NNDA,1,NA,NA,NA,NA,NA
1260,Eurillas virens,Little Greenbul,2226639.51,NA,NA,NA,Passeriformes,Pycnonotidae (Bulbuls),50485,4757899,431487845,TRUE,FALSE,Eurillas virens,Passeriformes,Pycnonotidae (Bulbuls),50485,4757899,431487845,TRUE,FALSE,1335,AVIBASE-3413C42C,Eurillas virens,Eurillas virens,Andropadus virens,2,Field1,NA,U,1,,NA,Ghana,NA,15,8.8,5.3,4.4,22.2,77,2.5,74.5,3.2,76,NNDA,1,NA,NA,NA,NA,NA
1261,Eurillas virens,Little Greenbul,2226639.51,NA,NA,NA,Passeriformes,Pycnonotidae (Bulbuls),50485,4757899,431487845,TRUE,FALSE,Eurillas virens,Passeriformes,Pycnonotidae (Bulbuls),50485,4757899,431487845,TRUE,FALSE,1266,AVIBASE-3413C42C,Eurillas virens,Eurillas virens,Andropadus virens,2,Field1,NA,U,0,,NA,Equatorial Guinea,NA,NA,NA,NA,NA,NA,63,NA,NA,NA,75,SEM,0,NA,NA,NA,NA,NA
1262,Eurillas virens,Little Greenbul,2226639.51,NA,NA,NA,Passeriformes,Pycnonotidae (Bulbuls),50485,4757899,431487845,TRUE,FALSE,Eurillas virens,Passeriformes,Pycnonotidae (Bulbuls),50485,4757899,431487845,TRUE,FALSE,1281,AVIBASE-3413C42C,Eurillas virens,Eurillas virens,Andropadus virens,2,Field1,NA,U,0,,NA,Equatorial Guinea,NA,NA,NA,NA,NA,NA,74,NA,NA,NA,66,EMB,0,NA,NA,NA,NA,NA
1263,Eurillas virens,Little Greenbul,2226639.51,NA,NA,NA,Passeriformes,Pycnonotidae (Bulbuls),50485,4757899,431487845,TRUE,FALSE,Eurillas virens,Passeriformes,Pycnonotidae (Bulbuls),50485,4757899,431487845,TRUE,FALSE,1361,AVIBASE-3413C42C,Eurillas virens,Eurillas virens,Andropadus virens,2,Field1,NA,U,0,,NA,United Republic of Tanzania,NA,14.5,7.4,4.1,4.1,20,82,13,69,15.9,80,MNC,1,NA,NA,NA,NA,NA
1264,Eurillas virens,Little Greenbul,2226639.51,NA,NA,NA,Passeriformes,Pycnonotidae (Bulbuls),50485,4757899,431487845,TRUE,FALSE,Eurillas virens,Passeriformes,Pycnonotidae (Bulbuls),50485,4757899,431487845,TRUE,FALSE,1362,AVIBASE-3413C42C,Eurillas virens,Eurillas virens,Andropadus virens,2,Field1,NA,U,0,,NA,United Republic of Tanzania,NA,13.6,7.5,4.6,4.1,20,79,12,67,15.2,78,MNC,1,NA,NA,NA,NA,NA
1265,Eurillas virens,Little Greenbul,2226639.51,NA,NA,NA,Passeriformes,Pycnonotidae (Bulbuls),50485,4757899,431487845,TRUE,FALSE,Eurillas virens,Passeriformes,Pycnonotidae (Bulbuls),50485,4757899,431487845,TRUE,FALSE,1296,AVIBASE-3413C42C,Eurillas virens,Eurillas virens,Andropadus virens,2,Field1,NA,U,0,,NA,Ghana,NA,12.8,7.8,4.7,4.2,21.9,72,7.8,64.2,10.8,70,NNDA,1,NA,NA,NA,NA,NA
1266,Eurillas virens,Little Greenbul,2226639.51,NA,NA,NA,Passeriformes,Pycnonotidae (Bulbuls),50485,4757899,431487845,TRUE,FALSE,Eurillas virens,Passeriformes,Pycnonotidae (Bulbuls),50485,4757899,431487845,TRUE,FALSE,1217,AVIBASE-3413C42C,Eurillas virens,Eurillas virens,Andropadus virens,1,AMNH,388170,M,0,,NA,Cameroon,NA,14.6,8.4,4.4,4.8,18.9,77.5,12.2,65.3,15.7,73,CS,1,NA,NA,NA,NA,NA
1267,Eurillas virens,Little Greenbul,2226639.51,NA,NA,NA,Passeriformes,Pycnonotidae (Bulbuls),50485,4757899,431487845,TRUE,FALSE,Eurillas virens,Passeriformes,Pycnonotidae (Bulbuls),50485,4757899,431487845,TRUE,FALSE,1257,AVIBASE-3413C42C,Eurillas virens,Eurillas virens,Andropadus virens,2,Field1,NA,F,0,,NA,Equatorial Guinea,NA,NA,NA,NA,NA,NA,68,NA,NA,NA,63,CJ,0,NA,NA,NA,NA,NA
1268,Eurillas virens,Little Greenbul,2226639.51,NA,NA,NA,Passeriformes,Pycnonotidae (Bulbuls),50485,4757899,431487845,TRUE,FALSE,Eurillas virens,Passeriformes,Pycnonotidae (Bulbuls),50485,4757899,431487845,TRUE,FALSE,1275,AVIBASE-3413C42C,Eurillas virens,Eurillas virens,Andropadus virens,2,Field1,NA,U,0,,NA,Equatorial Guinea,NA,NA,NA,NA,NA,NA,70,NA,NA,NA,66,SAL,0,NA,NA,NA,NA,NA
1269,Eurillas virens,Little Greenbul,2226639.51,NA,NA,NA,Passeriformes,Pycnonotidae (Bulbuls),50485,4757899,431487845,TRUE,FALSE,Eurillas virens,Passeriformes,Pycnonotidae (Bulbuls),50485,4757899,431487845,TRUE,FALSE,1233,AVIBASE-3413C42C,Eurillas virens,Eurillas virens,Andropadus virens,2,Field1,NA,U,0,,NA,Equatorial Guinea,NA,NA,NA,NA,NA,NA,77,NA,NA,NA,73,LLP,0,NA,NA,NA,NA,NA
1270,Eurillas virens,Little Greenbul,2226639.51,NA,NA,NA,Passeriformes,Pycnonotidae (Bulbuls),50485,4757899,431487845,TRUE,FALSE,Eurillas virens,Passeriformes,Pycnonotidae (Bulbuls),50485,4757899,431487845,TRUE,FALSE,1221,AVIBASE-3413C42C,Eurillas virens,Eurillas virens,Andropadus virens,1,ZFMK,1961-1311,M,0,,NA,Cameroon,NA,18.3,NA,NA,NA,19.9,75,10,65,13.3,68,LN,0,NA,NA,NA,NA,NA
1271,Eurillas virens,Little Greenbul,2226639.51,NA,NA,NA,Passeriformes,Pycnonotidae (Bulbuls),50485,4757899,431487845,TRUE,FALSE,Eurillas virens,Passeriformes,Pycnonotidae (Bulbuls),50485,4757899,431487845,TRUE,FALSE,1223,AVIBASE-3413C42C,Eurillas virens,Eurillas virens,Andropadus virens,1,ZFMK,1961-1314,M,0,,NA,Cameroon,NA,18.4,NA,NA,NA,19.4,74,10,64,13.5,69.5,DH,0,NA,NA,NA,NA,NA
1272,Eurillas virens,Little Greenbul,2226639.51,NA,NA,NA,Passeriformes,Pycnonotidae (Bulbuls),50485,4757899,431487845,TRUE,FALSE,Eurillas virens,Passeriformes,Pycnonotidae (Bulbuls),50485,4757899,431487845,TRUE,FALSE,1224,AVIBASE-3413C42C,Eurillas virens,Eurillas virens,Andropadus virens,2,Field1,NA,U,0,,NA,Equatorial Guinea,NA,NA,NA,NA,NA,NA,69,NA,NA,NA,NA,JDW,0,NA,NA,NA,NA,NA
1273,Eurillas virens,Little Greenbul,2226639.51,NA,NA,NA,Passeriformes,Pycnonotidae (Bulbuls),50485,4757899,431487845,TRUE,FALSE,Eurillas virens,Passeriformes,Pycnonotidae (Bulbuls),50485,4757899,431487845,TRUE,FALSE,1308,AVIBASE-3413C42C,Eurillas virens,Eurillas virens,Andropadus virens,2,Field1,NA,U,0,,NA,Ghana,NA,12.8,8.5,4.8,4.7,19.2,72,6,66,8.3,67,NNDA,1,NA,NA,NA,NA,NA
1274,Eurillas virens,Little Greenbul,2226639.51,NA,NA,NA,Passeriformes,Pycnonotidae (Bulbuls),50485,4757899,431487845,TRUE,FALSE,Eurillas virens,Passeriformes,Pycnonotidae (Bulbuls),50485,4757899,431487845,TRUE,FALSE,1360,AVIBASE-3413C42C,Eurillas virens,Eurillas virens,Andropadus virens,2,Field1,NA,U,0,,NA,United Republic of Tanzania,NA,14.2,7.6,4.5,4.1,21.3,81,14,67,17.3,82,MNC,1,NA,NA,NA,NA,NA
1275,Eurillas virens,Little Greenbul,2226639.51,NA,NA,NA,Passeriformes,Pycnonotidae (Bulbuls),50485,4757899,431487845,TRUE,FALSE,Eurillas virens,Passeriformes,Pycnonotidae (Bulbuls),50485,4757899,431487845,TRUE,FALSE,1254,AVIBASE-3413C42C,Eurillas virens,Eurillas virens,Andropadus virens,2,Field1,NA,U,0,,NA,Equatorial Guinea,NA,NA,NA,NA,NA,NA,68,NA,NA,NA,64,PFR,0,NA,NA,NA,NA,NA
1276,Eurillas virens,Little Greenbul,2226639.51,NA,NA,NA,Passeriformes,Pycnonotidae (Bulbuls),50485,4757899,431487845,TRUE,FALSE,Eurillas virens,Passeriformes,Pycnonotidae (Bulbuls),50485,4757899,431487845,TRUE,FALSE,1255,AVIBASE-3413C42C,Eurillas virens,Eurillas virens,Andropadus virens,2,Field1,NA,F,0,,NA,Equatorial Guinea,NA,NA,NA,NA,NA,NA,70,NA,NA,NA,66,CJ,0,NA,NA,NA,NA,NA
1277,Eurillas virens,Little Greenbul,2226639.51,NA,NA,NA,Passeriformes,Pycnonotidae (Bulbuls),50485,4757899,431487845,TRUE,FALSE,Eurillas virens,Passeriformes,Pycnonotidae (Bulbuls),50485,4757899,431487845,TRUE,FALSE,1256,AVIBASE-3413C42C,Eurillas virens,Eurillas virens,Andropadus virens,2,Field1,NA,U,0,,NA,Equatorial Guinea,NA,NA,NA,NA,NA,NA,69,NA,NA,NA,67,SEM,0,NA,NA,NA,NA,NA
1278,Eurillas virens,Little Greenbul,2226639.51,NA,NA,NA,Passeriformes,Pycnonotidae (Bulbuls),50485,4757899,431487845,TRUE,FALSE,Eurillas virens,Passeriformes,Pycnonotidae (Bulbuls),50485,4757899,431487845,TRUE,FALSE,1214,AVIBASE-3413C42C,Eurillas virens,Eurillas virens,Andropadus virens,1,ZFMK,2012.177,M,0,,NA,United Republic of Tanzania,NA,15.8,NA,NA,NA,20.7,85,15,70,17.6,78,LB,0,NA,NA,NA,NA,NA
1279,Eurillas virens,Little Greenbul,2226639.51,NA,NA,NA,Passeriformes,Pycnonotidae (Bulbuls),50485,4757899,431487845,TRUE,FALSE,Eurillas virens,Passeriformes,Pycnonotidae (Bulbuls),50485,4757899,431487845,TRUE,FALSE,1216,AVIBASE-3413C42C,Eurillas virens,Eurillas virens,Andropadus virens,1,AMNH,348736,M,0,,NA,Cameroon,NA,14.3,7.8,4.1,4.6,19,75,12.9,62.1,17.2,73.5,CS,1,NA,NA,NA,NA,NA
1280,Eurillas virens,Little Greenbul,2226639.51,NA,NA,NA,Passeriformes,Pycnonotidae (Bulbuls),50485,4757899,431487845,TRUE,FALSE,Eurillas virens,Passeriformes,Pycnonotidae (Bulbuls),50485,4757899,431487845,TRUE,FALSE,1354,AVIBASE-3413C42C,Eurillas virens,Eurillas virens,Andropadus virens,2,Field1,NA,U,0,,NA,United Republic of Tanzania,NA,13.4,6.7,4,3.7,20.3,76,12,64,15.8,75,MNC,1,NA,NA,NA,NA,NA
1281,Eurillas virens,Little Greenbul,2226639.51,NA,NA,NA,Passeriformes,Pycnonotidae (Bulbuls),50485,4757899,431487845,TRUE,FALSE,Eurillas virens,Passeriformes,Pycnonotidae (Bulbuls),50485,4757899,431487845,TRUE,FALSE,1353,AVIBASE-3413C42C,Eurillas virens,Eurillas virens,Andropadus virens,2,Field1,NA,U,0,,NA,United Republic of Tanzania,NA,12.9,6.5,4,3.9,19.7,75,12,63,16,73,MNC,1,NA,NA,NA,NA,NA
1282,Eurillas virens,Little Greenbul,2226639.51,NA,NA,NA,Passeriformes,Pycnonotidae (Bulbuls),50485,4757899,431487845,TRUE,FALSE,Eurillas virens,Passeriformes,Pycnonotidae (Bulbuls),50485,4757899,431487845,TRUE,FALSE,1358,AVIBASE-3413C42C,Eurillas virens,Eurillas virens,Andropadus virens,2,Field1,NA,U,0,,NA,United Republic of Tanzania,NA,13.6,6.5,4.3,3.9,20.3,73,12,61,16.4,77,MNC,1,NA,NA,NA,NA,NA
1283,Eurillas virens,Little Greenbul,2226639.51,NA,NA,NA,Passeriformes,Pycnonotidae (Bulbuls),50485,4757899,431487845,TRUE,FALSE,Eurillas virens,Passeriformes,Pycnonotidae (Bulbuls),50485,4757899,431487845,TRUE,FALSE,1253,AVIBASE-3413C42C,Eurillas virens,Eurillas virens,Andropadus virens,2,Field1,NA,U,0,,NA,Equatorial Guinea,NA,NA,NA,NA,NA,NA,68,NA,NA,NA,67,JHW,0,NA,NA,NA,NA,NA
1284,Eurillas virens,Little Greenbul,2226639.51,NA,NA,NA,Passeriformes,Pycnonotidae (Bulbuls),50485,4757899,431487845,TRUE,FALSE,Eurillas virens,Passeriformes,Pycnonotidae (Bulbuls),50485,4757899,431487845,TRUE,FALSE,1346,AVIBASE-3413C42C,Eurillas virens,Eurillas virens,Andropadus virens,2,Field1,NA,U,0,,NA,United Republic of Tanzania,NA,14.3,7,4.6,4.1,20,80,13,67,16.3,80,MNC,1,NA,NA,NA,NA,NA
1285,Eurillas virens,Little Greenbul,2226639.51,NA,NA,NA,Passeriformes,Pycnonotidae (Bulbuls),50485,4757899,431487845,TRUE,FALSE,Eurillas virens,Passeriformes,Pycnonotidae (Bulbuls),50485,4757899,431487845,TRUE,FALSE,1357,AVIBASE-3413C42C,Eurillas virens,Eurillas virens,Andropadus virens,2,Field1,NA,U,0,,NA,United Republic of Tanzania,NA,14.8,8.3,4.6,4.1,20.7,80,14,66,17.5,72,MNC,1,NA,NA,NA,NA,NA
1286,Eurillas virens,Little Greenbul,2226639.51,NA,NA,NA,Passeriformes,Pycnonotidae (Bulbuls),50485,4757899,431487845,TRUE,FALSE,Eurillas virens,Passeriformes,Pycnonotidae (Bulbuls),50485,4757899,431487845,TRUE,FALSE,1295,AVIBASE-3413C42C,Eurillas virens,Eurillas virens,Andropadus virens,2,Field1,NA,U,0,,NA,Ghana,NA,12.1,8.6,4.5,4.6,20.4,78,10.6,67.4,13.6,72,NNDA,1,NA,NA,NA,NA,NA
1287,Eurillas virens,Little Greenbul,2226639.51,NA,NA,NA,Passeriformes,Pycnonotidae (Bulbuls),50485,4757899,431487845,TRUE,FALSE,Eurillas virens,Passeriformes,Pycnonotidae (Bulbuls),50485,4757899,431487845,TRUE,FALSE,1264,AVIBASE-3413C42C,Eurillas virens,Eurillas virens,Andropadus virens,2,Field1,NA,U,0,,NA,Equatorial Guinea,NA,NA,NA,NA,NA,NA,68,NA,NA,NA,67,SEM,0,NA,NA,NA,NA,NA
1288,Eurillas virens,Little Greenbul,2226639.51,NA,NA,NA,Passeriformes,Pycnonotidae (Bulbuls),50485,4757899,431487845,TRUE,FALSE,Eurillas virens,Passeriformes,Pycnonotidae (Bulbuls),50485,4757899,431487845,TRUE,FALSE,1215,AVIBASE-3413C42C,Eurillas virens,Eurillas virens,Andropadus virens,1,ZFMK,2012.178,M,0,,NA,United Republic of Tanzania,NA,15.2,NA,NA,NA,19.3,86,14,72,16.3,81,LB,0,NA,NA,NA,NA,NA
1289,Eurillas virens,Little Greenbul,2226639.51,NA,NA,NA,Passeriformes,Pycnonotidae (Bulbuls),50485,4757899,431487845,TRUE,FALSE,Eurillas virens,Passeriformes,Pycnonotidae (Bulbuls),50485,4757899,431487845,TRUE,FALSE,1240,AVIBASE-3413C42C,Eurillas virens,Eurillas virens,Andropadus virens,2,Field1,NA,F,0,,NA,Equatorial Guinea,NA,NA,NA,NA,NA,NA,66,NA,NA,NA,62,AKW,0,NA,NA,NA,NA,NA
1290,Eurillas virens,Little Greenbul,2226639.51,NA,NA,NA,Passeriformes,Pycnonotidae (Bulbuls),50485,4757899,431487845,TRUE,FALSE,Eurillas virens,Passeriformes,Pycnonotidae (Bulbuls),50485,4757899,431487845,TRUE,FALSE,1263,AVIBASE-3413C42C,Eurillas virens,Eurillas virens,Andropadus virens,2,Field1,NA,U,0,,NA,Equatorial Guinea,NA,NA,NA,NA,NA,NA,76,NA,NA,NA,NA,HP,0,NA,NA,NA,NA,NA
1291,Eurillas virens,Little Greenbul,2226639.51,NA,NA,NA,Passeriformes,Pycnonotidae (Bulbuls),50485,4757899,431487845,TRUE,FALSE,Eurillas virens,Passeriformes,Pycnonotidae (Bulbuls),50485,4757899,431487845,TRUE,FALSE,1342,AVIBASE-3413C42C,Eurillas virens,Eurillas virens,Andropadus virens,2,Field1,NA,F,0,,NA,Mozambique,NA,14.1,7.7,4.5,NA,NA,81,NA,NA,NA,86,SEIJ,1,NA,NA,NA,NA,NA
1292,Eurillas virens,Little Greenbul,2226639.51,NA,NA,NA,Passeriformes,Pycnonotidae (Bulbuls),50485,4757899,431487845,TRUE,FALSE,Eurillas virens,Passeriformes,Pycnonotidae (Bulbuls),50485,4757899,431487845,TRUE,FALSE,1267,AVIBASE-3413C42C,Eurillas virens,Eurillas virens,Andropadus virens,2,Field1,NA,U,0,,NA,Equatorial Guinea,NA,NA,NA,NA,NA,NA,73,NA,NA,NA,68,SEM,0,NA,NA,NA,NA,NA
1293,Eurillas virens,Little Greenbul,2226639.51,NA,NA,NA,Passeriformes,Pycnonotidae (Bulbuls),50485,4757899,431487845,TRUE,FALSE,Eurillas virens,Passeriformes,Pycnonotidae (Bulbuls),50485,4757899,431487845,TRUE,FALSE,1222,AVIBASE-3413C42C,Eurillas virens,Eurillas virens,Andropadus virens,1,ZFMK,1961-1312,F,0,,NA,Cameroon,NA,15.7,NA,NA,NA,18.4,68,8,60,11.8,63,LN,0,NA,NA,NA,NA,NA
1294,Eurillas virens,Little Greenbul,2226639.51,NA,NA,NA,Passeriformes,Pycnonotidae (Bulbuls),50485,4757899,431487845,TRUE,FALSE,Eurillas virens,Passeriformes,Pycnonotidae (Bulbuls),50485,4757899,431487845,TRUE,FALSE,1213,AVIBASE-3413C42C,Eurillas virens,Eurillas virens,Andropadus virens,1,ZFMK,2012.175,F,0,,NA,United Republic of Tanzania,NA,14.2,NA,NA,NA,19.7,85,14,71,16.5,77.5,LB,0,NA,NA,NA,NA,NA
1295,Eurillas virens,Little Greenbul,2226639.51,NA,NA,NA,Passeriformes,Pycnonotidae (Bulbuls),50485,4757899,431487845,TRUE,FALSE,Eurillas virens,Passeriformes,Pycnonotidae (Bulbuls),50485,4757899,431487845,TRUE,FALSE,1265,AVIBASE-3413C42C,Eurillas virens,Eurillas virens,Andropadus virens,2,Field1,NA,U,0,,NA,Equatorial Guinea,NA,NA,NA,NA,NA,NA,74,NA,NA,NA,68,SEM,0,NA,NA,NA,NA,NA
1296,Eurillas virens,Little Greenbul,2226639.51,NA,NA,NA,Passeriformes,Pycnonotidae (Bulbuls),50485,4757899,431487845,TRUE,FALSE,Eurillas virens,Passeriformes,Pycnonotidae (Bulbuls),50485,4757899,431487845,TRUE,FALSE,1355,AVIBASE-3413C42C,Eurillas virens,Eurillas virens,Andropadus virens,2,Field1,NA,U,0,,NA,United Republic of Tanzania,NA,14.3,7.9,4.3,4.2,22,86,17,69,19.8,79,MNC,1,NA,NA,NA,NA,NA
1297,Eurillas virens,Little Greenbul,2226639.51,NA,NA,NA,Passeriformes,Pycnonotidae (Bulbuls),50485,4757899,431487845,TRUE,FALSE,Eurillas virens,Passeriformes,Pycnonotidae (Bulbuls),50485,4757899,431487845,TRUE,FALSE,1212,AVIBASE-3413C42C,Eurillas virens,Eurillas virens,Andropadus virens,1,ZFMK,1979.716,F,0,,NA,Democratic Republic of the Congo,NA,14.6,NA,NA,NA,20.1,77,11.5,65.5,14.9,65.5,LB,0,NA,NA,NA,NA,NA
1298,Eurillas virens,Little Greenbul,2226639.51,NA,NA,NA,Passeriformes,Pycnonotidae (Bulbuls),50485,4757899,431487845,TRUE,FALSE,Eurillas virens,Passeriformes,Pycnonotidae (Bulbuls),50485,4757899,431487845,TRUE,FALSE,1341,AVIBASE-3413C42C,Eurillas virens,Eurillas virens,Andropadus virens,2,Field1,NA,U,0,,NA,Mozambique,NA,13.4,7.8,4.7,NA,NA,87,NA,NA,NA,83,SEIJ,1,NA,NA,NA,NA,NA
1299,Eurillas virens,Little Greenbul,2226639.51,NA,NA,NA,Passeriformes,Pycnonotidae (Bulbuls),50485,4757899,431487845,TRUE,FALSE,Eurillas virens,Passeriformes,Pycnonotidae (Bulbuls),50485,4757899,431487845,TRUE,FALSE,1262,AVIBASE-3413C42C,Eurillas virens,Eurillas virens,Andropadus virens,2,Field1,NA,U,0,,NA,Equatorial Guinea,NA,NA,NA,NA,NA,NA,71,NA,NA,NA,NA,HP,0,NA,NA,NA,NA,NA
1300,Eurillas virens,Little Greenbul,2226639.51,NA,NA,NA,Passeriformes,Pycnonotidae (Bulbuls),50485,4757899,431487845,TRUE,FALSE,Eurillas virens,Passeriformes,Pycnonotidae (Bulbuls),50485,4757899,431487845,TRUE,FALSE,1345,AVIBASE-3413C42C,Eurillas virens,Eurillas virens,Andropadus virens,2,Field1,NA,U,0,,NA,United Republic of Tanzania,NA,13.5,6.7,4.3,3.8,20.8,77,12,65,15.6,76,MNC,1,NA,NA,NA,NA,NA
1301,Eurillas virens,Little Greenbul,2226639.51,NA,NA,NA,Passeriformes,Pycnonotidae (Bulbuls),50485,4757899,431487845,TRUE,FALSE,Eurillas virens,Passeriformes,Pycnonotidae (Bulbuls),50485,4757899,431487845,TRUE,FALSE,1344,AVIBASE-3413C42C,Eurillas virens,Eurillas virens,Andropadus virens,2,Field1,NA,U,0,,NA,United Republic of Tanzania,NA,14.5,7.8,4.4,3.9,20,84,15,69,17.9,80,MNC,1,NA,NA,NA,NA,NA
1302,Eurillas virens,Little Greenbul,2226639.51,NA,NA,NA,Passeriformes,Pycnonotidae (Bulbuls),50485,4757899,431487845,TRUE,FALSE,Eurillas virens,Passeriformes,Pycnonotidae (Bulbuls),50485,4757899,431487845,TRUE,FALSE,1225,AVIBASE-3413C42C,Eurillas virens,Eurillas virens,Andropadus virens,2,Field1,NA,U,0,,NA,Equatorial Guinea,NA,NA,NA,NA,NA,NA,62,NA,NA,NA,68,JDW,0,NA,NA,NA,NA,NA
1303,Eurillas virens,Little Greenbul,2226639.51,NA,NA,NA,Passeriformes,Pycnonotidae (Bulbuls),50485,4757899,431487845,TRUE,FALSE,Eurillas virens,Passeriformes,Pycnonotidae (Bulbuls),50485,4757899,431487845,TRUE,FALSE,1343,AVIBASE-3413C42C,Eurillas virens,Eurillas virens,Andropadus virens,2,Field1,NA,U,0,,NA,Mozambique,NA,14.2,7.9,4.2,NA,NA,87,NA,NA,NA,85,SEIJ,1,NA,NA,NA,NA,NA
1304,Hemixos castanonotus,Chestnut Bulbul,378352.9948,NA,NA,NA,Passeriformes,Pycnonotidae (Bulbuls),15051,1355720,128025708,TRUE,FALSE,Hemixos castanonotus,Passeriformes,Pycnonotidae (Bulbuls),15051,1355720,128025708,TRUE,FALSE,1365,AVIBASE-5BAE0043,Hemixos castanonotus,Hemixos castanonotus,Hemixos castanonotus,1,NHMUK,1900.1.2.38,F,0,,NA,China,NA,19.2,10.9,4,4.9,17.2,91,17,74,18.7,84,NJTA,1,NA,NA,NA,NA,NA
1305,Hemixos castanonotus,Chestnut Bulbul,378352.9948,NA,NA,NA,Passeriformes,Pycnonotidae (Bulbuls),15051,1355720,128025708,TRUE,FALSE,Hemixos castanonotus,Passeriformes,Pycnonotidae (Bulbuls),15051,1355720,128025708,TRUE,FALSE,1366,AVIBASE-5BAE0043,Hemixos castanonotus,Hemixos castanonotus,Hemixos castanonotus,1,NHMUK,1914.5.6.539,F,0,,NA,China,NA,19.6,12.2,5,4.9,16.9,95,19.5,75.5,20.5,87,NJTA,1,NA,NA,NA,NA,NA
1306,Hemixos castanonotus,Chestnut Bulbul,378352.9948,NA,NA,NA,Passeriformes,Pycnonotidae (Bulbuls),15051,1355720,128025708,TRUE,FALSE,Hemixos castanonotus,Passeriformes,Pycnonotidae (Bulbuls),15051,1355720,128025708,TRUE,FALSE,1367,AVIBASE-5BAE0043,Hemixos castanonotus,Hemixos castanonotus,Hemixos castanonotus,1,NHMUK,1927.6.5.809,M,0,,NA,Vietnam,NA,19.8,11.2,4.6,5.2,17.9,103.5,19.9,83.6,19.2,92.5,CS,1,NA,NA,NA,NA,NA
1307,Hemixos castanonotus,Chestnut Bulbul,378352.9948,NA,NA,NA,Passeriformes,Pycnonotidae (Bulbuls),15051,1355720,128025708,TRUE,FALSE,Hemixos castanonotus,Passeriformes,Pycnonotidae (Bulbuls),15051,1355720,128025708,TRUE,FALSE,1368,AVIBASE-5BAE0043,Hemixos castanonotus,Hemixos castanonotus,Hemixos castanonotus,1,NHMUK,1927.6.5.811,M,0,,NA,Vietnam,NA,20.7,11.3,4.6,5,17.5,100,20.3,79.7,20.3,96,CS,1,NA,NA,NA,NA,NA
1308,Hemixos flavala,Ashy Bulbul,424150.4935,NA,NA,NA,Passeriformes,Pycnonotidae (Bulbuls),16722,1436826,128591017,TRUE,FALSE,Hemixos flavala,Passeriformes,Pycnonotidae (Bulbuls),16722,1436826,128591017,TRUE,FALSE,1376,AVIBASE-32E65FB3,Hemixos flavala,Hemixos flavala,Hemixos flavala,1,NHMUK,95.7.14.1263,F,0,,NA,India,NA,18.2,10.6,4.3,5.2,17.1,89.5,16.5,73,18.4,82,CS,1,NA,NA,NA,NA,NA
1309,Hemixos flavala,Ashy Bulbul,424150.4935,NA,NA,NA,Passeriformes,Pycnonotidae (Bulbuls),16722,1436826,128591017,TRUE,FALSE,Hemixos flavala,Passeriformes,Pycnonotidae (Bulbuls),16722,1436826,128591017,TRUE,FALSE,1377,AVIBASE-32E65FB3,Hemixos flavala,Hemixos flavala,Hemixos flavala,1,NHMUK,95.7.14.1261,M,0,,NA,NA,NA,20.1,11.7,4.7,5,18.6,92,15.3,76.7,16.6,87,CS,1,NA,NA,NA,NA,NA
1310,Hemixos flavala,Ashy Bulbul,424150.4935,NA,NA,NA,Passeriformes,Pycnonotidae (Bulbuls),16722,1436826,128591017,TRUE,FALSE,Hemixos flavala,Passeriformes,Pycnonotidae (Bulbuls),16722,1436826,128591017,TRUE,FALSE,1374,AVIBASE-32E65FB3,Hemixos flavala,Hemixos flavala,Hemixos flavala,1,NHMUK,1949.76.182,F,0,,NA,India,NA,18.4,11.3,3.8,5.1,17.6,96,18.5,77.5,19.3,89,CS,1,NA,NA,NA,NA,NA
1311,Hemixos flavala,Ashy Bulbul,424150.4935,NA,NA,NA,Passeriformes,Pycnonotidae (Bulbuls),16722,1436826,128591017,TRUE,FALSE,Hemixos flavala,Passeriformes,Pycnonotidae (Bulbuls),16722,1436826,128591017,TRUE,FALSE,1378,AVIBASE-32E65FB3,Hemixos flavala,Hemixos flavala,Hemixos flavala,1,NHMUK,95.7.14.1267,M,0,,NA,NA,NA,20.9,NA,4.8,5.1,20.3,101,NA,NA,NA,94,GT,0,NA,NA,NA,NA,NA
1312,Hemixos flavala,Ashy Bulbul,424150.4935,NA,NA,NA,Passeriformes,Pycnonotidae (Bulbuls),16722,1436826,128591017,TRUE,FALSE,Hemixos flavala,Passeriformes,Pycnonotidae (Bulbuls),16722,1436826,128591017,TRUE,FALSE,1375,AVIBASE-32E65FB3,Hemixos flavala,Hemixos flavala,Hemixos flavala,1,NHMUK,86.9.1.1008,M,0,,NA,India,NA,19.7,12,4.2,5.6,18.2,98,18.9,79.1,19.3,92,CS,1,NA,NA,NA,NA,NA
1313,Hypsipetes borbonicus,Reunion Bulbul,981.1335126,31850,13700,50000,Passeriformes,Pycnonotidae (Bulbuls),21,1707,162259,TRUE,FALSE,Hypsipetes borbonicus,Passeriformes,Pycnonotidae (Bulbuls),21,1707,162259,TRUE,FALSE,1396,AVIBASE-E55C03F8,Hypsipetes borbonicus,Hypsipetes borbonicus,Hypsipetes borbonicus,1,NHMUK,70.4.18.11,U,0,,NA,France,NA,24,12.8,4.4,6.4,26.8,114,24.9,89.1,21.8,106,CS,1,NA,NA,NA,NA,NA
1314,Hypsipetes borbonicus,Reunion Bulbul,981.1335126,31850,13700,50000,Passeriformes,Pycnonotidae (Bulbuls),21,1707,162259,TRUE,FALSE,Hypsipetes borbonicus,Passeriformes,Pycnonotidae (Bulbuls),21,1707,162259,TRUE,FALSE,1394,AVIBASE-E55C03F8,Hypsipetes borbonicus,Hypsipetes borbonicus,Hypsipetes borbonicus,1,MNHN,1961-840,U,0,,NA,France,NA,24.6,12.6,5.5,5.7,25.2,112,25.3,86.8,22.6,100,FS,1,NA,NA,NA,NA,NA
1315,Hypsipetes borbonicus,Reunion Bulbul,981.1335126,31850,13700,50000,Passeriformes,Pycnonotidae (Bulbuls),21,1707,162259,TRUE,FALSE,Hypsipetes borbonicus,Passeriformes,Pycnonotidae (Bulbuls),21,1707,162259,TRUE,FALSE,1395,AVIBASE-E55C03F8,Hypsipetes borbonicus,Hypsipetes borbonicus,Hypsipetes borbonicus,1,MNHN,2012-563,M,0,,NA,France,NA,25.2,13.5,5.2,6,24.7,116,25.5,90.5,22,103,FS,1,NA,NA,NA,NA,NA
1316,Hypsipetes borbonicus,Reunion Bulbul,981.1335126,31850,13700,50000,Passeriformes,Pycnonotidae (Bulbuls),21,1707,162259,TRUE,FALSE,Hypsipetes borbonicus,Passeriformes,Pycnonotidae (Bulbuls),21,1707,162259,TRUE,FALSE,1393,AVIBASE-E55C03F8,Hypsipetes borbonicus,Hypsipetes borbonicus,Hypsipetes borbonicus,1,MNHN,1961-837,U,0,,NA,France,NA,25.5,13.6,5.2,6.4,25.7,111,24.2,86.8,21.8,100,FS,1,NA,NA,NA,NA,NA
1317,Hypsipetes crassirostris,Seychelles Bulbul,94.43586663,NA,NA,NA,Passeriformes,Pycnonotidae (Bulbuls),2,226,21067,TRUE,FALSE,Hypsipetes crassirostris,Passeriformes,Pycnonotidae (Bulbuls),2,226,21067,TRUE,FALSE,1402,AVIBASE-5E2E4545,Hypsipetes crassirostris,Hypsipetes crassirostris,Hypsipetes crassirostris,1,NHMUK,1906.12.21.318,F,0,,NA,Seychelles,NA,28.8,16.8,6.3,8,25.5,132,27.7,104.3,21,102,CS,1,NA,NA,NA,NA,NA
1318,Hypsipetes crassirostris,Seychelles Bulbul,94.43586663,NA,NA,NA,Passeriformes,Pycnonotidae (Bulbuls),2,226,21067,TRUE,FALSE,Hypsipetes crassirostris,Passeriformes,Pycnonotidae (Bulbuls),2,226,21067,TRUE,FALSE,1403,AVIBASE-5E2E4545,Hypsipetes crassirostris,Hypsipetes crassirostris,Hypsipetes crassirostris,1,NHMUK,1946.75.20,M,0,,NA,NA,NA,29.7,NA,5.5,7.7,27.3,137,NA,NA,NA,110,GT,0,NA,NA,NA,NA,NA
1319,Hypsipetes crassirostris,Seychelles Bulbul,94.43586663,NA,NA,NA,Passeriformes,Pycnonotidae (Bulbuls),2,226,21067,TRUE,FALSE,Hypsipetes crassirostris,Passeriformes,Pycnonotidae (Bulbuls),2,226,21067,TRUE,FALSE,1401,AVIBASE-5E2E4545,Hypsipetes crassirostris,Hypsipetes crassirostris,Hypsipetes crassirostris,1,NHMUK,1906.12.21.317,F,0,,NA,Seychelles,NA,28.3,15.3,6.3,8.3,26.8,128,29,99,22.7,105,CS,1,NA,NA,NA,NA,NA
1320,Hypsipetes crassirostris,Seychelles Bulbul,94.43586663,NA,NA,NA,Passeriformes,Pycnonotidae (Bulbuls),2,226,21067,TRUE,FALSE,Hypsipetes crassirostris,Passeriformes,Pycnonotidae (Bulbuls),2,226,21067,TRUE,FALSE,1400,AVIBASE-5E2E4545,Hypsipetes crassirostris,Hypsipetes crassirostris,Hypsipetes crassirostris,1,NHMUK,1906.12.21.314,M,0,,NA,Seychelles,NA,31,17.6,6.3,9.1,27.2,137,28.5,108.5,20.8,113,CS,1,NA,NA,NA,NA,NA
1321,Hypsipetes crassirostris,Seychelles Bulbul,94.43586663,NA,NA,NA,Passeriformes,Pycnonotidae (Bulbuls),2,226,21067,TRUE,FALSE,Hypsipetes crassirostris,Passeriformes,Pycnonotidae (Bulbuls),2,226,21067,TRUE,FALSE,1399,AVIBASE-5E2E4545,Hypsipetes crassirostris,Hypsipetes crassirostris,Hypsipetes crassirostris,1,NHMUK,1906.12.21.311,M,0,,NA,Seychelles,NA,30.7,17.9,6.8,9.4,26.9,141,34.1,106.9,24.2,116,CS,1,NA,NA,NA,NA,NA
1322,Hypsipetes everetti,Yellowish Bulbul,31941.04634,NA,NA,NA,Passeriformes,Pycnonotidae (Bulbuls),1960,188799,16928719,TRUE,FALSE,Hypsipetes everetti,Passeriformes,Pycnonotidae (Bulbuls),1960,188799,16928719,TRUE,FALSE,1408,AVIBASE-8A0F54C9,Hypsipetes everetti,Hypsipetes everetti everetti/samarensis,Ixos everetti,1,NHMUK,1905.11.26.82,M,0,,NA,Philippines,NA,29,NA,5.3,7.1,20.3,121,NA,NA,NA,100,GT,0,NA,NA,NA,NA,NA
1323,Hypsipetes everetti,Yellowish Bulbul,31941.04634,NA,NA,NA,Passeriformes,Pycnonotidae (Bulbuls),1960,188799,16928719,TRUE,FALSE,Hypsipetes everetti,Passeriformes,Pycnonotidae (Bulbuls),1960,188799,16928719,TRUE,FALSE,1406,AVIBASE-8A0F54C9,Hypsipetes everetti,Hypsipetes everetti everetti/samarensis,Ixos everetti,1,NHMUK,88.4.1.323,M,0,,NA,Philippines,NA,26.2,15.7,5.1,6.6,19.2,112,16.2,95.8,14.5,100,CS,1,NA,NA,NA,NA,NA
1324,Hypsipetes everetti,Yellowish Bulbul,31941.04634,NA,NA,NA,Passeriformes,Pycnonotidae (Bulbuls),1960,188799,16928719,TRUE,FALSE,Hypsipetes everetti,Passeriformes,Pycnonotidae (Bulbuls),1960,188799,16928719,TRUE,FALSE,1407,AVIBASE-8A0F54C9,Hypsipetes everetti,Hypsipetes everetti everetti/samarensis,Ixos everetti,1,NHMUK,88.4.1.327,F,0,,NA,Philippines,NA,28.5,18.4,5.8,7.2,21.6,107,16.1,90.9,15,98,CS,1,NA,NA,NA,NA,NA
1325,Hypsipetes everetti,Yellowish Bulbul,31941.04634,NA,NA,NA,Passeriformes,Pycnonotidae (Bulbuls),1960,188799,16928719,TRUE,FALSE,Hypsipetes everetti,Passeriformes,Pycnonotidae (Bulbuls),1960,188799,16928719,TRUE,FALSE,1405,AVIBASE-8A0F54C9,Hypsipetes everetti,Hypsipetes everetti everetti/samarensis,Ixos everetti,1,NHMUK,88.4.1.322,F,0,,NA,Philippines,NA,28.3,17.8,5.6,7.5,20.2,109,16.1,92.9,14.8,92,CS,1,NA,NA,NA,NA,NA
1326,Hypsipetes everetti,Yellowish Bulbul,31941.04634,NA,NA,NA,Passeriformes,Pycnonotidae (Bulbuls),1960,188799,16928719,TRUE,FALSE,Hypsipetes everetti,Passeriformes,Pycnonotidae (Bulbuls),1960,188799,16928719,TRUE,FALSE,1404,AVIBASE-8A0F54C9,Hypsipetes everetti,Hypsipetes everetti everetti/samarensis,Ixos everetti,1,NHMUK,1977.16.58,M,0,,NA,Philippines,NA,25.6,16.3,5.7,7.3,18.7,109,15.8,93.2,14.5,97,CS,1,NA,NA,NA,NA,NA
1327,Hypsipetes ganeesa,Square-tailed Bulbul,91905.31665,NA,NA,NA,Passeriformes,Pycnonotidae (Bulbuls),7675,712607,68175997,FALSE,FALSE,Hypsipetes ganeesa,Passeriformes,Pycnonotidae (Bulbuls),7675,712607,68175997,FALSE,FALSE,1410,AVIBASE-4E74E6CC,Hypsipetes ganeesa,Hypsipetes ganeesa,Hypsipetes leucocephalus,1,NHMUK,80.8.19.15,F,0,,NA,India,NA,27.2,16.2,5.5,6,17.8,119,28,91,23.5,105,NS,1,NA,NA,NA,NA,NA
1328,Hypsipetes ganeesa,Square-tailed Bulbul,91905.31665,NA,NA,NA,Passeriformes,Pycnonotidae (Bulbuls),7675,712607,68175997,FALSE,FALSE,Hypsipetes ganeesa,Passeriformes,Pycnonotidae (Bulbuls),7675,712607,68175997,FALSE,FALSE,1409,AVIBASE-4E74E6CC,Hypsipetes ganeesa,Hypsipetes ganeesa,Hypsipetes leucocephalus,1,NHMUK,1925.12.23.354,M,0,,NA,India,NA,27.4,16.3,4.9,6,17.6,114,27.9,86.1,24.5,92,NS,1,NA,NA,NA,NA,NA
1329,Hypsipetes ganeesa,Square-tailed Bulbul,91905.31665,NA,NA,NA,Passeriformes,Pycnonotidae (Bulbuls),7675,712607,68175997,FALSE,FALSE,Hypsipetes ganeesa,Passeriformes,Pycnonotidae (Bulbuls),7675,712607,68175997,FALSE,FALSE,1411,AVIBASE-4E74E6CC,Hypsipetes ganeesa,Hypsipetes ganeesa,Hypsipetes leucocephalus,1,NHMUK,80.8.19.78,M,0,,NA,India,NA,26.8,16.2,5.6,5.9,18.2,117,26.8,90.2,22.9,103,NS,1,NA,NA,NA,NA,NA
1330,Hypsipetes ganeesa,Square-tailed Bulbul,91905.31665,NA,NA,NA,Passeriformes,Pycnonotidae (Bulbuls),7675,712607,68175997,FALSE,FALSE,Hypsipetes ganeesa,Passeriformes,Pycnonotidae (Bulbuls),7675,712607,68175997,FALSE,FALSE,1412,AVIBASE-4E74E6CC,Hypsipetes ganeesa,Hypsipetes ganeesa,Hypsipetes leucocephalus,1,NHMUK,88.4.1.252,M,0,,NA,India,NA,26.3,15.6,4.8,5.5,17.9,115,25.5,89.5,22.2,98,NS,1,NA,NA,NA,NA,NA
1331,Hypsipetes leucocephalus,Black Bulbul,1019428.393,NA,NA,NA,Passeriformes,Pycnonotidae (Bulbuls),103434,9065998,755296095,TRUE,FALSE,Hypsipetes leucocephalus,Passeriformes,Pycnonotidae (Bulbuls),103434,9065998,755296095,TRUE,FALSE,1417,AVIBASE-B76214D7,Hypsipetes leucocephalus,Hypsipetes leucocephalus,Hypsipetes leucocephalus,1,NHMUK,1918.6.25.63,M,0,,NA,China,NA,26,14.9,4.7,5.9,19,123.5,30.5,93,24.7,106,CS,1,NA,NA,NA,NA,NA
1332,Hypsipetes leucocephalus,Black Bulbul,1019428.393,NA,NA,NA,Passeriformes,Pycnonotidae (Bulbuls),103434,9065998,755296095,TRUE,FALSE,Hypsipetes leucocephalus,Passeriformes,Pycnonotidae (Bulbuls),103434,9065998,755296095,TRUE,FALSE,1421,AVIBASE-B76214D7,Hypsipetes leucocephalus,Hypsipetes leucocephalus,Hypsipetes leucocephalus,1,NHMUK,86.9.1.935,M,0,,NA,Myanmar,NA,27.4,17,5,6.2,18.2,128,32.3,95.7,25.2,113,CS,1,NA,NA,NA,NA,NA
1333,Hypsipetes leucocephalus,Black Bulbul,1019428.393,NA,NA,NA,Passeriformes,Pycnonotidae (Bulbuls),103434,9065998,755296095,TRUE,FALSE,Hypsipetes leucocephalus,Passeriformes,Pycnonotidae (Bulbuls),103434,9065998,755296095,TRUE,FALSE,1418,AVIBASE-B76214D7,Hypsipetes leucocephalus,Hypsipetes leucocephalus,Hypsipetes leucocephalus,1,NHMUK,80.10.19.23,F,0,,NA,Myanmar,NA,26.1,14.7,5,5.6,17.9,111,27.9,83.1,25.1,103,CS,1,NA,NA,NA,NA,NA
1334,Hypsipetes leucocephalus,Black Bulbul,1019428.393,NA,NA,NA,Passeriformes,Pycnonotidae (Bulbuls),103434,9065998,755296095,TRUE,FALSE,Hypsipetes leucocephalus,Passeriformes,Pycnonotidae (Bulbuls),103434,9065998,755296095,TRUE,FALSE,1420,AVIBASE-B76214D7,Hypsipetes leucocephalus,Hypsipetes leucocephalus,Hypsipetes leucocephalus,1,NHMUK,86.9.1.933,M,0,,NA,Thailand,NA,26.5,14.5,5.2,5.7,18.3,123,28.7,94.3,23.3,105,CS,1,NA,NA,NA,NA,NA
1335,Hypsipetes leucocephalus,Black Bulbul,1019428.393,NA,NA,NA,Passeriformes,Pycnonotidae (Bulbuls),103434,9065998,755296095,TRUE,FALSE,Hypsipetes leucocephalus,Passeriformes,Pycnonotidae (Bulbuls),103434,9065998,755296095,TRUE,FALSE,1415,AVIBASE-B76214D7,Hypsipetes leucocephalus,Hypsipetes leucocephalus,Hypsipetes leucocephalus,1,NHMUK,1900.1.18.504,F,0,,NA,China,NA,23.5,12.7,4.4,5.3,17.1,111.5,26.4,85.1,23.7,92,CS,1,NA,NA,NA,NA,NA
1336,Hypsipetes leucocephalus,Black Bulbul,1019428.393,NA,NA,NA,Passeriformes,Pycnonotidae (Bulbuls),103434,9065998,755296095,TRUE,FALSE,Hypsipetes leucocephalus,Passeriformes,Pycnonotidae (Bulbuls),103434,9065998,755296095,TRUE,FALSE,1416,AVIBASE-B76214D7,Hypsipetes leucocephalus,Hypsipetes leucocephalus,Hypsipetes leucocephalus,1,NHMUK,1905.12.24.541,M,0,,NA,China,NA,23.9,13.1,4.7,5.8,16.9,116,28.4,87.6,24.5,68,CS,1,NA,NA,NA,NA,NA
1337,Hypsipetes leucocephalus,Black Bulbul,1019428.393,NA,NA,NA,Passeriformes,Pycnonotidae (Bulbuls),103434,9065998,755296095,TRUE,FALSE,Hypsipetes leucocephalus,Passeriformes,Pycnonotidae (Bulbuls),103434,9065998,755296095,TRUE,FALSE,1422,AVIBASE-B76214D7,Hypsipetes leucocephalus,Hypsipetes leucocephalus,Hypsipetes leucocephalus,1,NHMUK,98.1.28.37,F,0,,NA,China,NA,24,13.5,5,5.4,19.2,113.5,28,85.5,24.7,91.5,CS,1,NA,NA,NA,NA,NA
1338,Hypsipetes leucocephalus,Black Bulbul,1019428.393,NA,NA,NA,Passeriformes,Pycnonotidae (Bulbuls),103434,9065998,755296095,TRUE,FALSE,Hypsipetes leucocephalus,Passeriformes,Pycnonotidae (Bulbuls),103434,9065998,755296095,TRUE,FALSE,1419,AVIBASE-B76214D7,Hypsipetes leucocephalus,Hypsipetes leucocephalus,Hypsipetes leucocephalus,1,NHMUK,86..9.1.930,F,0,,NA,Thailand,NA,24.6,14.1,4.9,5.8,17.6,115.5,30.5,85,26.4,104,CS,1,NA,NA,NA,NA,NA
1339,Hypsipetes madagascariensis,Madagascar Bulbul,228334.7436,NA,NA,NA,Passeriformes,Pycnonotidae (Bulbuls),30197,2451548,198125777,TRUE,FALSE,Hypsipetes madagascariensis,Passeriformes,Pycnonotidae (Bulbuls),30197,2451548,198125777,TRUE,FALSE,1430,AVIBASE-5089E131,Hypsipetes madagascariensis,Hypsipetes madagascariensis,Hypsipetes madagascariensis,1,NHMUK,1931.8.18.2271,F,0,,NA,Madagascar,NA,22.5,15,5.9,5.7,17.6,109.5,25,84.5,22.8,90,NJTA,1,NA,NA,NA,NA,NA
1340,Hypsipetes madagascariensis,Madagascar Bulbul,228334.7436,NA,NA,NA,Passeriformes,Pycnonotidae (Bulbuls),30197,2451548,198125777,TRUE,FALSE,Hypsipetes madagascariensis,Passeriformes,Pycnonotidae (Bulbuls),30197,2451548,198125777,TRUE,FALSE,1432,AVIBASE-5089E131,Hypsipetes madagascariensis,Hypsipetes madagascariensis,Hypsipetes madagascariensis,1,NHMUK,1931.8.18.2258,M,0,,NA,NA,NA,26.7,NA,4.9,6.2,18.1,105,NA,NA,NA,94,GT,0,NA,NA,NA,NA,NA
1341,Hypsipetes madagascariensis,Madagascar Bulbul,228334.7436,NA,NA,NA,Passeriformes,Pycnonotidae (Bulbuls),30197,2451548,198125777,TRUE,FALSE,Hypsipetes madagascariensis,Passeriformes,Pycnonotidae (Bulbuls),30197,2451548,198125777,TRUE,FALSE,1431,AVIBASE-5089E131,Hypsipetes madagascariensis,Hypsipetes madagascariensis,Hypsipetes madagascariensis,1,NHMUK,1931.8.18.2277,M,0,,NA,Madagascar,NA,25.4,15.6,5.5,6.9,18.6,110,27,83,24.5,82,NJTA,1,NA,NA,NA,NA,NA
1342,Hypsipetes madagascariensis,Madagascar Bulbul,228334.7436,NA,NA,NA,Passeriformes,Pycnonotidae (Bulbuls),30197,2451548,198125777,TRUE,FALSE,Hypsipetes madagascariensis,Passeriformes,Pycnonotidae (Bulbuls),30197,2451548,198125777,TRUE,FALSE,1428,AVIBASE-5089E131,Hypsipetes madagascariensis,Hypsipetes madagascariensis,Hypsipetes madagascariensis,1,NHMUK,1931.8.18.2253,M,0,,NA,Madagascar,NA,24,15.8,5.4,6.5,19,116,28,88,24.1,91,NJTA,1,NA,NA,NA,NA,NA
1343,Hypsipetes madagascariensis,Madagascar Bulbul,228334.7436,NA,NA,NA,Passeriformes,Pycnonotidae (Bulbuls),30197,2451548,198125777,TRUE,FALSE,Hypsipetes madagascariensis,Passeriformes,Pycnonotidae (Bulbuls),30197,2451548,198125777,TRUE,FALSE,1429,AVIBASE-5089E131,Hypsipetes madagascariensis,Hypsipetes madagascariensis,Hypsipetes madagascariensis,1,NHMUK,1931.8.18.2255,F,0,,NA,Madagascar,NA,23.6,15.6,4.8,6.1,18.5,99,22,77,22.2,77,NJTA,1,NA,NA,NA,NA,NA
1344,Hypsipetes olivaceus,Mauritius Bulbul,49.95380855,NA,NA,NA,Passeriformes,Pycnonotidae (Bulbuls),1106,111206,9416760,TRUE,FALSE,Hypsipetes olivaceus,Passeriformes,Pycnonotidae (Bulbuls),1106,111206,9416760,TRUE,FALSE,1439,AVIBASE-650CC5B3,Hypsipetes olivaceus,Hypsipetes olivaceus,Hypsipetes olivaceus,1,NHMUK,72.5.28.30,U,0,,NA,Mauritius,NA,30,19.2,7,7.6,26.3,137,32.6,104.4,23.8,109,NJTA,1,NA,NA,NA,NA,NA
1345,Hypsipetes olivaceus,Mauritius Bulbul,49.95380855,NA,NA,NA,Passeriformes,Pycnonotidae (Bulbuls),1106,111206,9416760,TRUE,FALSE,Hypsipetes olivaceus,Passeriformes,Pycnonotidae (Bulbuls),1106,111206,9416760,TRUE,FALSE,1441,AVIBASE-650CC5B3,Hypsipetes olivaceus,Hypsipetes olivaceus,Hypsipetes olivaceus,1,NHMUK,98.10.2.365,U,0,,NA,Mauritius,NA,28.5,16.1,7,7.3,27.3,129.5,28.5,101,22,110,NJTA,1,NA,NA,NA,NA,NA
1346,Hypsipetes olivaceus,Mauritius Bulbul,49.95380855,NA,NA,NA,Passeriformes,Pycnonotidae (Bulbuls),1106,111206,9416760,TRUE,FALSE,Hypsipetes olivaceus,Passeriformes,Pycnonotidae (Bulbuls),1106,111206,9416760,TRUE,FALSE,1438,AVIBASE-650CC5B3,Hypsipetes olivaceus,Hypsipetes olivaceus,Hypsipetes olivaceus,1,NHMUK,55.12.19.296,U,0,,NA,Mauritius,NA,30,16.1,6.1,8.5,25,126,18.2,107.8,14.4,118,CS,1,NA,NA,NA,NA,NA
1347,Hypsipetes olivaceus,Mauritius Bulbul,49.95380855,NA,NA,NA,Passeriformes,Pycnonotidae (Bulbuls),1106,111206,9416760,TRUE,FALSE,Hypsipetes olivaceus,Passeriformes,Pycnonotidae (Bulbuls),1106,111206,9416760,TRUE,FALSE,1442,AVIBASE-650CC5B3,Hypsipetes olivaceus,Hypsipetes olivaceus,Hypsipetes olivaceus,1,NHMUK,95.4.1.1294,U,0,,NA,NA,NA,29.5,NA,6,7.1,28.3,131,NA,NA,NA,113,GT,0,NA,NA,NA,NA,NA
1348,Hypsipetes olivaceus,Mauritius Bulbul,49.95380855,NA,NA,NA,Passeriformes,Pycnonotidae (Bulbuls),1106,111206,9416760,TRUE,FALSE,Hypsipetes olivaceus,Passeriformes,Pycnonotidae (Bulbuls),1106,111206,9416760,TRUE,FALSE,1440,AVIBASE-650CC5B3,Hypsipetes olivaceus,Hypsipetes olivaceus,Hypsipetes olivaceus,1,NHMUK,95.5.1.669,U,0,,NA,Mauritius,NA,28.5,21,6.8,7.7,25.9,132,29.5,102.5,22.3,105,NJTA,1,NA,NA,NA,NA,NA
1349,Hypsipetes philippinus,Philippine Bulbul,89587.97282,NA,NA,NA,Passeriformes,Pycnonotidae (Bulbuls),14898,1315837,125584305,TRUE,FALSE,Hypsipetes philippinus,Passeriformes,Pycnonotidae (Bulbuls),14898,1315837,125584305,TRUE,FALSE,1448,AVIBASE-6298D46A,Hypsipetes philippinus,Hypsipetes philippinus,Ixos philippinus,1,NHMUK,88.4.1.343,M,0,,NA,Philippines,NA,21.7,13.8,4.9,5.5,17.9,99.5,12.7,86.8,12.8,91.5,CS,1,NA,NA,NA,NA,NA
1350,Hypsipetes philippinus,Philippine Bulbul,89587.97282,NA,NA,NA,Passeriformes,Pycnonotidae (Bulbuls),14898,1315837,125584305,TRUE,FALSE,Hypsipetes philippinus,Passeriformes,Pycnonotidae (Bulbuls),14898,1315837,125584305,TRUE,FALSE,1449,AVIBASE-6298D46A,Hypsipetes philippinus,Hypsipetes philippinus,Ixos philippinus,1,NHMUK,96.6.6.304,F,0,,NA,Philippines,NA,21.6,12.8,4.9,5.3,20,87,8.8,78.2,10.1,85,CS,1,NA,NA,NA,NA,NA
1351,Hypsipetes philippinus,Philippine Bulbul,89587.97282,NA,NA,NA,Passeriformes,Pycnonotidae (Bulbuls),14898,1315837,125584305,TRUE,FALSE,Hypsipetes philippinus,Passeriformes,Pycnonotidae (Bulbuls),14898,1315837,125584305,TRUE,FALSE,1446,AVIBASE-6298D46A,Hypsipetes philippinus,Hypsipetes philippinus,Ixos philippinus,1,NHMUK,88.4.1.335,F,0,,NA,Philippines,NA,21.3,12.8,4.7,5.4,19.3,92,14.6,77.4,15.9,85,CS,1,NA,NA,NA,NA,NA
1352,Hypsipetes philippinus,Philippine Bulbul,89587.97282,NA,NA,NA,Passeriformes,Pycnonotidae (Bulbuls),14898,1315837,125584305,TRUE,FALSE,Hypsipetes philippinus,Passeriformes,Pycnonotidae (Bulbuls),14898,1315837,125584305,TRUE,FALSE,1447,AVIBASE-6298D46A,Hypsipetes philippinus,Hypsipetes philippinus,Ixos philippinus,1,NHMUK,88.4.1.339,M,0,,NA,Philippines,NA,24.2,14.3,5,5.5,19,98,13.3,84.7,13.6,90,CS,1,NA,NA,NA,NA,NA
1353,Hypsipetes philippinus,Philippine Bulbul,89587.97282,NA,NA,NA,Passeriformes,Pycnonotidae (Bulbuls),14898,1315837,125584305,TRUE,FALSE,Hypsipetes philippinus,Passeriformes,Pycnonotidae (Bulbuls),14898,1315837,125584305,TRUE,FALSE,1450,AVIBASE-6298D46A,Hypsipetes philippinus,Hypsipetes philippinus,Ixos philippinus,1,NHMUK,96.6.6.307,M,0,,NA,NA,NA,23.3,NA,5.1,5.1,18.1,93,NA,NA,NA,90,GT,0,NA,NA,NA,NA,NA
1354,Hypsipetes rufigularis,Zamboanga Bulbul,8490.772511,X,X,X,Passeriformes,Pycnonotidae (Bulbuls),63,5270,382333,TRUE,FALSE,Hypsipetes rufigularis,Passeriformes,Pycnonotidae (Bulbuls),63,5270,382333,TRUE,FALSE,1452,AVIBASE-BFD69DF2,Hypsipetes rufigularis,Hypsipetes rufigularis,Ixos rufigularis,1,NHMUK,88.4.1.329,F,0,,NA,Philippines,NA,26.8,16.5,5.3,6.3,21.6,109.5,14.1,95.4,12.9,92,CS,1,NA,NA,NA,NA,NA
1355,Hypsipetes rufigularis,Zamboanga Bulbul,8490.772511,X,X,X,Passeriformes,Pycnonotidae (Bulbuls),63,5270,382333,TRUE,FALSE,Hypsipetes rufigularis,Passeriformes,Pycnonotidae (Bulbuls),63,5270,382333,TRUE,FALSE,1455,AVIBASE-BFD69DF2,Hypsipetes rufigularis,Hypsipetes rufigularis,Ixos rufigularis,1,NHMUK,80.11.18.57,M,0,,NA,NA,NA,29,NA,5.7,7.9,18.5,114,NA,NA,NA,99,GT,0,NA,NA,NA,NA,NA
1356,Hypsipetes rufigularis,Zamboanga Bulbul,8490.772511,X,X,X,Passeriformes,Pycnonotidae (Bulbuls),63,5270,382333,TRUE,FALSE,Hypsipetes rufigularis,Passeriformes,Pycnonotidae (Bulbuls),63,5270,382333,TRUE,FALSE,1456,AVIBASE-BFD69DF2,Hypsipetes rufigularis,Hypsipetes rufigularis,Ixos rufigularis,1,NHMUK,80.11.18.59,F,0,,NA,NA,NA,26.2,16.8,5.5,6.6,22.7,114,15.8,98.2,13.9,94,CS,1,NA,NA,NA,NA,NA
1357,Hypsipetes rufigularis,Zamboanga Bulbul,8490.772511,X,X,X,Passeriformes,Pycnonotidae (Bulbuls),63,5270,382333,TRUE,FALSE,Hypsipetes rufigularis,Passeriformes,Pycnonotidae (Bulbuls),63,5270,382333,TRUE,FALSE,1453,AVIBASE-BFD69DF2,Hypsipetes rufigularis,Hypsipetes rufigularis,Ixos rufigularis,1,NHMUK,88.4.1.331,M,0,,NA,Philippines,NA,27.6,17.4,4.9,6.5,20.9,119,18.4,100.6,15.5,110,CS,1,NA,NA,NA,NA,NA
1358,Hypsipetes rufigularis,Zamboanga Bulbul,8490.772511,X,X,X,Passeriformes,Pycnonotidae (Bulbuls),63,5270,382333,TRUE,FALSE,Hypsipetes rufigularis,Passeriformes,Pycnonotidae (Bulbuls),63,5270,382333,TRUE,FALSE,1454,AVIBASE-BFD69DF2,Hypsipetes rufigularis,Hypsipetes rufigularis,Ixos rufigularis,1,NHMUK,88.4.1.332,M,0,,NA,Philippines,NA,28.7,17.6,5.5,6.8,21.6,115,14.7,100.3,12.8,100,CS,1,NA,NA,NA,NA,NA
1359,Hypsipetes siquijorensis,Streak-breasted Bulbul,1937.648142,6250,2500,9999,Passeriformes,Pycnonotidae (Bulbuls),12,1067,93955,TRUE,FALSE,Hypsipetes siquijorensis,Passeriformes,Pycnonotidae (Bulbuls),12,1067,93955,TRUE,FALSE,1458,AVIBASE-CE85FAB6,Hypsipetes siquijorensis,Hypsipetes siquijorensis,Ixos siquijorensis,1,NHMUK,96.6.6.315,F,0,,NA,Philippines,NA,28.4,17.7,5.8,7.6,23.5,120,23,97,19.2,113.5,CS,1,NA,NA,NA,NA,NA
1360,Hypsipetes siquijorensis,Streak-breasted Bulbul,1937.648142,6250,2500,9999,Passeriformes,Pycnonotidae (Bulbuls),12,1067,93955,TRUE,FALSE,Hypsipetes siquijorensis,Passeriformes,Pycnonotidae (Bulbuls),12,1067,93955,TRUE,FALSE,1457,AVIBASE-CE85FAB6,Hypsipetes siquijorensis,Hypsipetes siquijorensis,Ixos siquijorensis,1,NHMUK,91.4.25.14,F,0,,NA,Philippines,NA,29.2,17.6,6,7.8,22.7,119,22.6,96.4,19,118,CS,1,NA,NA,NA,NA,NA
1361,Iole charlottae,Charlotte's Bulbul,436746.5913,NA,NA,NA,Passeriformes,Pycnonotidae (Bulbuls),3102,292768,26773666,TRUE,FALSE,Iole charlottae,Passeriformes,Pycnonotidae (Bulbuls),3102,292768,26773666,TRUE,FALSE,1466,AVIBASE-BD51402C,Iole charlottae,Iole charlottae,Iole olivacea,1,NHMUK,1927.4.18.564,M,0,,NA,Malaysia,NA,23.2,14.5,5.6,5.1,17.7,89,18,71,20.2,71,JAT,1,NA,NA,NA,NA,NA
1362,Iole charlottae,Charlotte's Bulbul,436746.5913,NA,NA,NA,Passeriformes,Pycnonotidae (Bulbuls),3102,292768,26773666,TRUE,FALSE,Iole charlottae,Passeriformes,Pycnonotidae (Bulbuls),3102,292768,26773666,TRUE,FALSE,1464,AVIBASE-BD51402C,Iole charlottae,Iole charlottae,Iole olivacea,1,NHMUK,1893.7.2.65,F,0,,NA,Malaysia,NA,19.8,11.9,5,4.9,17.5,81,14.1,66.9,17.4,68,JAT,1,NA,NA,NA,NA,NA
1363,Iole charlottae,Charlotte's Bulbul,436746.5913,NA,NA,NA,Passeriformes,Pycnonotidae (Bulbuls),3102,292768,26773666,TRUE,FALSE,Iole charlottae,Passeriformes,Pycnonotidae (Bulbuls),3102,292768,26773666,TRUE,FALSE,1468,AVIBASE-88FC3084,Iole crypta,Iole crypta,Iole olivacea,1,NHMUK,1935.10.22.342,M,0,,NA,NA,NA,21.2,NA,5.1,5.2,18.1,86,NA,NA,NA,77,GT,0,NA,NA,NA,NA,NA
1364,Iole charlottae,Charlotte's Bulbul,436746.5913,NA,NA,NA,Passeriformes,Pycnonotidae (Bulbuls),3102,292768,26773666,TRUE,FALSE,Iole charlottae,Passeriformes,Pycnonotidae (Bulbuls),3102,292768,26773666,TRUE,FALSE,1465,AVIBASE-BD51402C,Iole charlottae,Iole charlottae,Iole olivacea,1,NHMUK,1900.2.15.28,M,0,,NA,Malaysia,NA,19.9,12.3,5,5.4,17.2,87,16.9,70.1,19.4,73,JAT,1,NA,NA,NA,NA,NA
1365,Iole charlottae,Charlotte's Bulbul,436746.5913,NA,NA,NA,Passeriformes,Pycnonotidae (Bulbuls),3102,292768,26773666,TRUE,FALSE,Iole charlottae,Passeriformes,Pycnonotidae (Bulbuls),3102,292768,26773666,TRUE,FALSE,1463,AVIBASE-BD51402C,Iole charlottae,Iole charlottae,Iole olivacea,1,NHMUK,1888.4.1.312,F,0,,NA,Malaysia,NA,19.7,12.3,4.8,4.9,17.6,81,15,66,18.5,71,JAT,1,NA,NA,NA,NA,NA
1366,Iole charlottae,Charlotte's Bulbul,436746.5913,NA,NA,NA,Passeriformes,Pycnonotidae (Bulbuls),3102,292768,26773666,TRUE,FALSE,Iole charlottae,Passeriformes,Pycnonotidae (Bulbuls),3102,292768,26773666,TRUE,FALSE,1467,AVIBASE-BD51402C,Iole charlottae,Iole charlottae,Iole olivacea,2,Field1,NA,U,0,,NA,Malaysia,NA,20.1,15,6.5,7.1,22.7,100,14.2,85.8,14.2,NA,JAT,1,NA,NA,NA,NA,NA
1367,Iole palawanensis,Sulphur-bellied Bulbul,4437.389796,X,X,X,Passeriformes,Pycnonotidae (Bulbuls),64,6399,585136,TRUE,FALSE,Iole palawanensis,Passeriformes,Pycnonotidae (Bulbuls),64,6399,585136,TRUE,FALSE,1475,AVIBASE-4763A554,Iole palawanensis,Iole palawanensis,Ixos palawanensis,1,NHMUK,88.4.1.443,F,0,,NA,Philippines,NA,18.7,11.6,4.8,5.1,17.5,82,11.8,70.2,14.4,73,CS,1,NA,NA,NA,NA,NA
1368,Iole palawanensis,Sulphur-bellied Bulbul,4437.389796,X,X,X,Passeriformes,Pycnonotidae (Bulbuls),64,6399,585136,TRUE,FALSE,Iole palawanensis,Passeriformes,Pycnonotidae (Bulbuls),64,6399,585136,TRUE,FALSE,1473,AVIBASE-4763A554,Iole palawanensis,Iole palawanensis,Ixos palawanensis,1,NHMUK,1911.11.16.238,M,0,,NA,Philippines,NA,19.2,11.5,4.5,5.8,17.4,86,15.8,70.2,18.4,81,CS,1,NA,NA,NA,NA,NA
1369,Iole palawanensis,Sulphur-bellied Bulbul,4437.389796,X,X,X,Passeriformes,Pycnonotidae (Bulbuls),64,6399,585136,TRUE,FALSE,Iole palawanensis,Passeriformes,Pycnonotidae (Bulbuls),64,6399,585136,TRUE,FALSE,1477,AVIBASE-4763A554,Iole palawanensis,Iole palawanensis,Ixos palawanensis,1,NHMUK,88.4.1.441,M,0,,NA,Philippines,NA,20.2,NA,5.6,5,18.3,84,NA,NA,NA,71,GT,0,NA,NA,NA,NA,NA
1370,Iole palawanensis,Sulphur-bellied Bulbul,4437.389796,X,X,X,Passeriformes,Pycnonotidae (Bulbuls),64,6399,585136,TRUE,FALSE,Iole palawanensis,Passeriformes,Pycnonotidae (Bulbuls),64,6399,585136,TRUE,FALSE,1474,AVIBASE-4763A554,Iole palawanensis,Iole palawanensis,Ixos palawanensis,1,NHMUK,88.4.1.442,F,0,,NA,Philippines,NA,19.6,11.2,4.3,4.7,16.9,83.5,12.1,71.4,14.5,72,CS,1,NA,NA,NA,NA,NA
1371,Iole palawanensis,Sulphur-bellied Bulbul,4437.389796,X,X,X,Passeriformes,Pycnonotidae (Bulbuls),64,6399,585136,TRUE,FALSE,Iole palawanensis,Passeriformes,Pycnonotidae (Bulbuls),64,6399,585136,TRUE,FALSE,1476,AVIBASE-4763A554,Iole palawanensis,Iole palawanensis,Ixos palawanensis,1,NHMUK,94.8.6.87,M,0,,NA,Philippines,NA,19.5,11.5,4.6,5,18.7,84,13.3,70.7,15.8,73,CS,1,NA,NA,NA,NA,NA
1372,Iole propinqua,Gray-eyed Bulbul,477793.8183,NA,NA,NA,Passeriformes,Pycnonotidae (Bulbuls),8793,733015,62692386,FALSE,FALSE,Iole propinqua,Passeriformes,Pycnonotidae (Bulbuls),8793,733015,62692386,FALSE,FALSE,1480,AVIBASE-BD494C66,Iole propinqua,Iole propinqua,Iole propinqua,1,NHMUK,1921.12.31.152,F,0,,NA,NA,NA,18.8,10.9,5.2,5.1,19.1,80,12.6,67.4,15.8,76,CS,1,NA,NA,NA,NA,NA
1373,Iole propinqua,Gray-eyed Bulbul,477793.8183,NA,NA,NA,Passeriformes,Pycnonotidae (Bulbuls),8793,733015,62692386,FALSE,FALSE,Iole propinqua,Passeriformes,Pycnonotidae (Bulbuls),8793,733015,62692386,FALSE,FALSE,1481,AVIBASE-BD494C66,Iole propinqua,Iole propinqua,Iole propinqua,1,NHMUK,1921.12.31.153,M,0,,NA,NA,NA,19.2,11.5,5.1,5.2,18.3,84.5,14,70.5,16.6,80,CS,1,NA,NA,NA,NA,NA
1374,Iole propinqua,Gray-eyed Bulbul,477793.8183,NA,NA,NA,Passeriformes,Pycnonotidae (Bulbuls),8793,733015,62692386,FALSE,FALSE,Iole propinqua,Passeriformes,Pycnonotidae (Bulbuls),8793,733015,62692386,FALSE,FALSE,1479,AVIBASE-BD494C66,Iole propinqua,Iole propinqua,Iole propinqua,1,NHMUK,1955.1.5515,F,0,,NA,Thailand,NA,19.9,11.9,5.1,4.8,18.2,87.5,14.3,73.2,16.3,83,CS,1,NA,NA,NA,NA,NA
1375,Iole propinqua,Gray-eyed Bulbul,477793.8183,NA,NA,NA,Passeriformes,Pycnonotidae (Bulbuls),8793,733015,62692386,FALSE,FALSE,Iole propinqua,Passeriformes,Pycnonotidae (Bulbuls),8793,733015,62692386,FALSE,FALSE,1478,AVIBASE-BD494C66,Iole propinqua,Iole propinqua,Iole propinqua,1,NHMUK,1926.6.26.907,M,0,,NA,Laos,NA,19,11.6,5,5.2,17.3,86,13.6,72.4,15.8,91,CS,1,NA,NA,NA,NA,NA
1376,Iole propinqua,Gray-eyed Bulbul,477793.8183,NA,NA,NA,Passeriformes,Pycnonotidae (Bulbuls),8793,733015,62692386,FALSE,FALSE,Iole propinqua,Passeriformes,Pycnonotidae (Bulbuls),8793,733015,62692386,FALSE,FALSE,1482,AVIBASE-BD494C66,Iole propinqua,Iole propinqua,Iole propinqua,1,NHMUK,1928.6.26.907,M,0,,NA,NA,NA,19.6,NA,4.9,5.2,16.9,85,NA,NA,NA,87,GT,0,NA,NA,NA,NA,NA
1377,Iole viridescens,Olive Bulbul,113157.3672,NA,NA,NA,Passeriformes,Pycnonotidae (Bulbuls),5755,503950,44999339,TRUE,FALSE,Iole viridescens,Passeriformes,Pycnonotidae (Bulbuls),5755,503950,44999339,TRUE,FALSE,1483,AVIBASE-804922A3,Iole viridescens,Iole viridescens,Iole virescens,1,NHMUK,1948.80.1365,M,0,,NA,NA,NA,19,NA,4.8,5.2,18.3,87,NA,NA,NA,84,GT,0,NA,NA,NA,NA,NA
1378,Ixonotus guttatus,Spotted Greenbul,1077439.628,NA,NA,NA,Passeriformes,Pycnonotidae (Bulbuls),19765,1752357,148184263,TRUE,FALSE,Ixonotus guttatus,Passeriformes,Pycnonotidae (Bulbuls),19765,1752357,148184263,TRUE,FALSE,1505,AVIBASE-33703E6F,Ixonotus guttatus,Ixonotus guttatus,Ixonotus guttatus,1,NHMUK,1920.3.10.28,M,0,,NA,Nigeria,NA,15.7,9.3,4,4.1,16.3,90,17.4,72.6,19.3,79,CV,1,NA,NA,NA,NA,NA
1379,Ixonotus guttatus,Spotted Greenbul,1077439.628,NA,NA,NA,Passeriformes,Pycnonotidae (Bulbuls),19765,1752357,148184263,TRUE,FALSE,Ixonotus guttatus,Passeriformes,Pycnonotidae (Bulbuls),19765,1752357,148184263,TRUE,FALSE,1506,AVIBASE-33703E6F,Ixonotus guttatus,Ixonotus guttatus,Ixonotus guttatus,1,NHMUK,1966.16.1192,M,0,,NA,Nigeria,NA,15.4,9.4,3.7,4.1,18.4,87,17.8,69.2,20.5,75,CV,1,NA,NA,NA,NA,NA
1380,Ixonotus guttatus,Spotted Greenbul,1077439.628,NA,NA,NA,Passeriformes,Pycnonotidae (Bulbuls),19765,1752357,148184263,TRUE,FALSE,Ixonotus guttatus,Passeriformes,Pycnonotidae (Bulbuls),19765,1752357,148184263,TRUE,FALSE,1504,AVIBASE-33703E6F,Ixonotus guttatus,Ixonotus guttatus,Ixonotus guttatus,1,NHMUK,1920.3.10.24,F,0,,NA,Nigeria,NA,15.3,8.6,3.5,4.1,17.6,88,17.9,70.1,20.3,74,CV,1,NA,NA,NA,NA,NA
1381,Ixonotus guttatus,Spotted Greenbul,1077439.628,NA,NA,NA,Passeriformes,Pycnonotidae (Bulbuls),19765,1752357,148184263,TRUE,FALSE,Ixonotus guttatus,Passeriformes,Pycnonotidae (Bulbuls),19765,1752357,148184263,TRUE,FALSE,1507,AVIBASE-33703E6F,Ixonotus guttatus,Ixonotus guttatus,Ixonotus guttatus,1,NHMUK,1966.16.1193,F,0,,NA,Nigeria,NA,16.4,9,4.5,4.4,16.9,84,16.3,67.7,19.4,69,CV,1,NA,NA,NA,NA,NA
1382,Ixonotus guttatus,Spotted Greenbul,1077439.628,NA,NA,NA,Passeriformes,Pycnonotidae (Bulbuls),19765,1752357,148184263,TRUE,FALSE,Ixonotus guttatus,Passeriformes,Pycnonotidae (Bulbuls),19765,1752357,148184263,TRUE,FALSE,1508,AVIBASE-33703E6F,Ixonotus guttatus,Ixonotus guttatus,Ixonotus guttatus,1,NHMUK,1969.44.59,M,0,,NA,NA,NA,15.8,NA,3.9,4.6,19.8,87,NA,NA,NA,76,GT,0,NA,NA,NA,NA,NA
1383,Ixos malaccensis,Streaked Bulbul,376925.0364,NA,NA,NA,Passeriformes,Pycnonotidae (Bulbuls),3356,342679,29548827,TRUE,FALSE,Ixos malaccensis,Passeriformes,Pycnonotidae (Bulbuls),3356,342679,29548827,TRUE,FALSE,1512,AVIBASE-0457ECD3,Ixos malaccensis,Ixos malaccensis,Ixos malaccensis,1,OUM,B/320,F,0,,NA,Malaysia,NA,24,16.2,5.2,6.3,16.6,98,18.5,79.5,18.9,74,HM,1,NA,NA,NA,NA,NA
1384,Ixos malaccensis,Streaked Bulbul,376925.0364,NA,NA,NA,Passeriformes,Pycnonotidae (Bulbuls),3356,342679,29548827,TRUE,FALSE,Ixos malaccensis,Passeriformes,Pycnonotidae (Bulbuls),3356,342679,29548827,TRUE,FALSE,1509,AVIBASE-0457ECD3,Ixos malaccensis,Ixos malaccensis,Ixos malaccensis,1,NHMUK,1927.4.18.604,M,0,,NA,Malaysia,NA,26.9,17,4.9,6.5,17.5,106,20.7,85.3,19.5,83,HM,1,NA,NA,NA,NA,NA
1385,Ixos malaccensis,Streaked Bulbul,376925.0364,NA,NA,NA,Passeriformes,Pycnonotidae (Bulbuls),3356,342679,29548827,TRUE,FALSE,Ixos malaccensis,Passeriformes,Pycnonotidae (Bulbuls),3356,342679,29548827,TRUE,FALSE,1513,AVIBASE-0457ECD3,Ixos malaccensis,Ixos malaccensis,Ixos malaccensis,1,OUM,B/369,U,0,,NA,NA,NA,25.2,16.9,5.2,6.5,17,105,21.7,83.3,20.7,85,HM,1,NA,NA,NA,NA,NA
1386,Ixos malaccensis,Streaked Bulbul,376925.0364,NA,NA,NA,Passeriformes,Pycnonotidae (Bulbuls),3356,342679,29548827,TRUE,FALSE,Ixos malaccensis,Passeriformes,Pycnonotidae (Bulbuls),3356,342679,29548827,TRUE,FALSE,1511,AVIBASE-0457ECD3,Ixos malaccensis,Ixos malaccensis,Ixos malaccensis,1,NHMUK,1956.60.323,F,0,,NA,Malaysia,NA,27.9,18.1,5.3,6.5,17,103,18.6,84.4,18.1,90,HM,1,NA,NA,NA,NA,NA
1387,Ixos malaccensis,Streaked Bulbul,376925.0364,NA,NA,NA,Passeriformes,Pycnonotidae (Bulbuls),3356,342679,29548827,TRUE,FALSE,Ixos malaccensis,Passeriformes,Pycnonotidae (Bulbuls),3356,342679,29548827,TRUE,FALSE,1510,AVIBASE-0457ECD3,Ixos malaccensis,Ixos malaccensis,Ixos malaccensis,1,NHMUK,1927.4.18.605,M,0,,NA,Malaysia,NA,26.1,17.7,5.6,6.5,16.5,108,21.2,86.8,19.6,89,HM,1,NA,NA,NA,NA,NA
1388,Ixos mcclellandii,Mountain Bulbul,923521.5014,NA,NA,NA,Passeriformes,Pycnonotidae (Bulbuls),27472,2338152,216211779,TRUE,FALSE,Ixos mcclellandii,Passeriformes,Pycnonotidae (Bulbuls),27472,2338152,216211779,TRUE,FALSE,1514,AVIBASE-473131CC,Ixos mcclellandii,Ixos mcclellandii,Hypsipetes mcclellandii,1,NHMUK,1938.7.15.1432,M,0,,NA,Nepal,NA,25.9,16,5,5.6,18.2,106,19.9,86.1,18.8,114,CS,1,NA,NA,NA,NA,NA
1389,Ixos mcclellandii,Mountain Bulbul,923521.5014,NA,NA,NA,Passeriformes,Pycnonotidae (Bulbuls),27472,2338152,216211779,TRUE,FALSE,Ixos mcclellandii,Passeriformes,Pycnonotidae (Bulbuls),27472,2338152,216211779,TRUE,FALSE,1517,AVIBASE-473131CC,Ixos mcclellandii,Ixos mcclellandii,Hypsipetes mcclellandii,1,NHMUK,86.9.1.1113,F,0,,NA,Nepal,NA,25.2,14.6,4.9,5.1,19.5,101,17.8,83.2,17.6,101,CS,1,NA,NA,NA,NA,NA
1390,Ixos mcclellandii,Mountain Bulbul,923521.5014,NA,NA,NA,Passeriformes,Pycnonotidae (Bulbuls),27472,2338152,216211779,TRUE,FALSE,Ixos mcclellandii,Passeriformes,Pycnonotidae (Bulbuls),27472,2338152,216211779,TRUE,FALSE,1516,AVIBASE-473131CC,Ixos mcclellandii,Ixos mcclellandii,Hypsipetes mcclellandii,1,NHMUK,1938.7.15.933,M,0,,NA,Nepal,NA,25.7,15.9,4.9,5.8,17.8,111,20.1,90.9,18.1,114,CS,1,NA,NA,NA,NA,NA
1391,Ixos mcclellandii,Mountain Bulbul,923521.5014,NA,NA,NA,Passeriformes,Pycnonotidae (Bulbuls),27472,2338152,216211779,TRUE,FALSE,Ixos mcclellandii,Passeriformes,Pycnonotidae (Bulbuls),27472,2338152,216211779,TRUE,FALSE,1515,AVIBASE-473131CC,Ixos mcclellandii,Ixos mcclellandii,Hypsipetes mcclellandii,1,NHMUK,1938.7.15.931,F,0,,NA,Nepal,NA,27.4,16.7,5.1,5.6,17.6,106,18.9,87.1,17.8,102,CS,1,NA,NA,NA,NA,NA
1392,Ixos virescens,Sunda Bulbul,5610.305204,,,,Passeriformes,Pycnonotidae (Bulbuls),26,2452,201554,TRUE,FALSE,Ixos virescens,Passeriformes,Pycnonotidae (Bulbuls),26,2452,201554,TRUE,FALSE,1531,AVIBASE-92BF7060,Ixos virescens,Ixos virescens virescens,Hypsipetes virescens,1,AMNH,565502,F,0,,NA,Indonesia,NA,20.2,12.5,5.6,5.2,18.4,86,12.2,73.8,14.2,88.5,CS,1,NA,NA,NA,NA,NA
1393,Ixos virescens,Sunda Bulbul,5610.305204,,,,Passeriformes,Pycnonotidae (Bulbuls),26,2452,201554,TRUE,FALSE,Ixos virescens,Passeriformes,Pycnonotidae (Bulbuls),26,2452,201554,TRUE,FALSE,1527,AVIBASE-92BF7060,Ixos virescens,Ixos virescens virescens,Hypsipetes virescens,1,NHMUK,1927.4.18.601,M,0,,NA,Indonesia,NA,17.6,NA,4.9,4.5,21.1,84,NA,NA,NA,85,GT,0,NA,NA,NA,NA,NA
1394,Ixos virescens,Sunda Bulbul,5610.305204,,,,Passeriformes,Pycnonotidae (Bulbuls),26,2452,201554,TRUE,FALSE,Ixos virescens,Passeriformes,Pycnonotidae (Bulbuls),26,2452,201554,TRUE,FALSE,1530,AVIBASE-92BF7060,Ixos virescens,Ixos virescens virescens,Hypsipetes virescens,1,AMNH,565491,M,0,,NA,Indonesia,NA,19.4,12.3,4.2,4.8,17.8,85.5,11.3,74.2,13.2,80,CS,1,NA,NA,NA,NA,NA
1395,Ixos virescens,Sunda Bulbul,5610.305204,,,,Passeriformes,Pycnonotidae (Bulbuls),26,2452,201554,TRUE,FALSE,Ixos virescens,Passeriformes,Pycnonotidae (Bulbuls),26,2452,201554,TRUE,FALSE,1528,AVIBASE-92BF7060,Ixos virescens,Ixos virescens virescens,Hypsipetes virescens,1,AMNH,258954,F,0,,NA,Indonesia,NA,19.4,13.3,4.9,5.3,17,84,11.8,72.2,14,81,CS,1,NA,NA,NA,NA,NA
1396,Ixos virescens,Sunda Bulbul,5610.305204,,,,Passeriformes,Pycnonotidae (Bulbuls),26,2452,201554,TRUE,FALSE,Ixos virescens,Passeriformes,Pycnonotidae (Bulbuls),26,2452,201554,TRUE,FALSE,1529,AVIBASE-92BF7060,Ixos virescens,Ixos virescens virescens,Hypsipetes virescens,1,AMNH,565487,M,0,,NA,Indonesia,NA,21.1,14.5,4.2,5.3,17.8,90,13.1,76.9,14.6,85,CS,1,NA,NA,NA,NA,NA
1397,Neolestes torquatus,Black-collared Bulbul,314268.2958,NA,NA,NA,Passeriformes,Pycnonotidae (Bulbuls),678,59695,5789164,TRUE,FALSE,Neolestes torquatus,Passeriformes,Pycnonotidae (Bulbuls),678,59695,5789164,TRUE,FALSE,1541,AVIBASE-B7F05102,Neolestes torquatus,Neolestes torquatus,Neolestes torquatus,1,NHMUK,1956.35.36,M,0,,NA,Democratic Republic of the Congo,NA,15.7,8,3.8,4.6,22,70.5,9.7,60.8,13.8,62,CS,1,NA,NA,NA,NA,NA
1398,Neolestes torquatus,Black-collared Bulbul,314268.2958,NA,NA,NA,Passeriformes,Pycnonotidae (Bulbuls),678,59695,5789164,TRUE,FALSE,Neolestes torquatus,Passeriformes,Pycnonotidae (Bulbuls),678,59695,5789164,TRUE,FALSE,1538,AVIBASE-B7F05102,Neolestes torquatus,Neolestes torquatus,Neolestes torquatus,1,NHMUK,1947.80.48,F,0,,NA,Democratic Republic of the Congo,NA,15,7.5,3.6,4.5,19,71,9.7,61.3,13.7,65,CS,1,NA,NA,NA,NA,NA
1399,Neolestes torquatus,Black-collared Bulbul,314268.2958,NA,NA,NA,Passeriformes,Pycnonotidae (Bulbuls),678,59695,5789164,TRUE,FALSE,Neolestes torquatus,Passeriformes,Pycnonotidae (Bulbuls),678,59695,5789164,TRUE,FALSE,1539,AVIBASE-B7F05102,Neolestes torquatus,Neolestes torquatus,Neolestes torquatus,1,NHMUK,1953.54.243,M,0,,NA,Democratic Republic of the Congo,NA,14.9,7.4,3.3,4.6,20.9,69,8.8,60.2,12.8,69,CS,1,NA,NA,NA,NA,NA
1400,Neolestes torquatus,Black-collared Bulbul,314268.2958,NA,NA,NA,Passeriformes,Pycnonotidae (Bulbuls),678,59695,5789164,TRUE,FALSE,Neolestes torquatus,Passeriformes,Pycnonotidae (Bulbuls),678,59695,5789164,TRUE,FALSE,1540,AVIBASE-B7F05102,Neolestes torquatus,Neolestes torquatus,Neolestes torquatus,1,NHMUK,1953.54.244,F,0,,NA,Democratic Republic of the Congo,NA,14.8,7.4,3.8,4.8,20.2,66.5,8.8,57.7,13.2,61,CS,1,NA,NA,NA,NA,NA
1401,Phyllastrephus albigula,Usambara Greenbul,2623.861774,NA,NA,NA,Passeriformes,Pycnonotidae (Bulbuls),7,596,58824,TRUE,FALSE,Phyllastrephus albigula,Passeriformes,Pycnonotidae (Bulbuls),7,596,58824,TRUE,FALSE,1546,AVIBASE-CEE94E55,Phyllastrephus albigula,Phyllastrephus albigula,Phyllastrephus debilis,2,Field1,NA,U,0,,NA,United Republic of Tanzania,NA,15.3,8.8,3.7,3.3,18.7,62,7,55,11.3,64,MNC,1,NA,NA,NA,NA,NA
1402,Phyllastrephus albigula,Usambara Greenbul,2623.861774,NA,NA,NA,Passeriformes,Pycnonotidae (Bulbuls),7,596,58824,TRUE,FALSE,Phyllastrephus albigula,Passeriformes,Pycnonotidae (Bulbuls),7,596,58824,TRUE,FALSE,1556,AVIBASE-CEE94E55,Phyllastrephus albigula,Phyllastrephus albigula,Phyllastrephus debilis,2,Field1,NA,U,0,,NA,United Republic of Tanzania,NA,15.8,8.6,3.7,3.4,19.2,65,7,58,10.8,63,MNC,1,NA,NA,NA,NA,NA
1403,Phyllastrephus albigula,Usambara Greenbul,2623.861774,NA,NA,NA,Passeriformes,Pycnonotidae (Bulbuls),7,596,58824,TRUE,FALSE,Phyllastrephus albigula,Passeriformes,Pycnonotidae (Bulbuls),7,596,58824,TRUE,FALSE,1544,AVIBASE-CEE94E55,Phyllastrephus albigula,Phyllastrephus albigula,Phyllastrephus debilis,2,Field1,NA,U,0,,NA,United Republic of Tanzania,NA,16.4,9.3,3.8,3.5,19.5,67,8,59,11.9,66,MNC,1,NA,NA,NA,NA,NA
1404,Phyllastrephus albigula,Usambara Greenbul,2623.861774,NA,NA,NA,Passeriformes,Pycnonotidae (Bulbuls),7,596,58824,TRUE,FALSE,Phyllastrephus albigula,Passeriformes,Pycnonotidae (Bulbuls),7,596,58824,TRUE,FALSE,1545,AVIBASE-CEE94E55,Phyllastrephus albigula,Phyllastrephus albigula,Phyllastrephus debilis,2,Field1,NA,U,0,,NA,United Republic of Tanzania,NA,15.5,9.2,3.6,3.5,18.2,61,8,53,13.1,61,MNC,1,NA,NA,NA,NA,NA
1405,Phyllastrephus albigula,Usambara Greenbul,2623.861774,NA,NA,NA,Passeriformes,Pycnonotidae (Bulbuls),7,596,58824,TRUE,FALSE,Phyllastrephus albigula,Passeriformes,Pycnonotidae (Bulbuls),7,596,58824,TRUE,FALSE,1555,AVIBASE-CEE94E55,Phyllastrephus albigula,Phyllastrephus albigula,Phyllastrephus debilis,2,Field1,NA,U,0,,NA,United Republic of Tanzania,NA,15.1,8.7,3.7,3.3,19,63,9,54,14.3,62,MNC,1,NA,NA,NA,NA,NA
1406,Phyllastrephus albigula,Usambara Greenbul,2623.861774,NA,NA,NA,Passeriformes,Pycnonotidae (Bulbuls),7,596,58824,TRUE,FALSE,Phyllastrephus albigula,Passeriformes,Pycnonotidae (Bulbuls),7,596,58824,TRUE,FALSE,1550,AVIBASE-CEE94E55,Phyllastrephus albigula,Phyllastrephus albigula,Phyllastrephus debilis,2,Field1,NA,U,0,,NA,United Republic of Tanzania,NA,15.8,8.4,3.8,3.7,19,64,8,56,12.5,64,MNC,1,NA,NA,NA,NA,NA
1407,Phyllastrephus albigula,Usambara Greenbul,2623.861774,NA,NA,NA,Passeriformes,Pycnonotidae (Bulbuls),7,596,58824,TRUE,FALSE,Phyllastrephus albigula,Passeriformes,Pycnonotidae (Bulbuls),7,596,58824,TRUE,FALSE,1554,AVIBASE-CEE94E55,Phyllastrephus albigula,Phyllastrephus albigula,Phyllastrephus debilis,2,Field1,NA,U,0,,NA,United Republic of Tanzania,NA,17,9.2,3.5,3.5,18.5,61,7,54,11.5,61,MNC,1,NA,NA,NA,NA,NA
1408,Phyllastrephus albigula,Usambara Greenbul,2623.861774,NA,NA,NA,Passeriformes,Pycnonotidae (Bulbuls),7,596,58824,TRUE,FALSE,Phyllastrephus albigula,Passeriformes,Pycnonotidae (Bulbuls),7,596,58824,TRUE,FALSE,1553,AVIBASE-CEE94E55,Phyllastrephus albigula,Phyllastrephus albigula,Phyllastrephus debilis,2,Field1,NA,U,0,,NA,United Republic of Tanzania,NA,15.3,8.5,3.8,3.6,18.2,61,10,51,16.4,59,MNC,1,NA,NA,NA,NA,NA
1409,Phyllastrephus albigula,Usambara Greenbul,2623.861774,NA,NA,NA,Passeriformes,Pycnonotidae (Bulbuls),7,596,58824,TRUE,FALSE,Phyllastrephus albigula,Passeriformes,Pycnonotidae (Bulbuls),7,596,58824,TRUE,FALSE,1548,AVIBASE-CEE94E55,Phyllastrephus albigula,Phyllastrephus albigula,Phyllastrephus debilis,2,Field1,NA,U,0,,NA,United Republic of Tanzania,NA,14.1,8.3,3.2,3.3,19,64,10,54,15.6,67,MNC,1,NA,NA,NA,NA,NA
1410,Phyllastrephus albigula,Usambara Greenbul,2623.861774,NA,NA,NA,Passeriformes,Pycnonotidae (Bulbuls),7,596,58824,TRUE,FALSE,Phyllastrephus albigula,Passeriformes,Pycnonotidae (Bulbuls),7,596,58824,TRUE,FALSE,1559,AVIBASE-CEE94E55,Phyllastrephus albigula,Phyllastrephus albigula,Phyllastrephus debilis,2,Field1,NA,U,0,,NA,United Republic of Tanzania,NA,15.6,8.3,3.5,3.4,19.5,62,8,54,12.9,59,MNC,1,NA,NA,NA,NA,NA
1411,Phyllastrephus albigula,Usambara Greenbul,2623.861774,NA,NA,NA,Passeriformes,Pycnonotidae (Bulbuls),7,596,58824,TRUE,FALSE,Phyllastrephus albigula,Passeriformes,Pycnonotidae (Bulbuls),7,596,58824,TRUE,FALSE,1543,AVIBASE-CEE94E55,Phyllastrephus albigula,Phyllastrephus albigula,Phyllastrephus debilis,2,Field1,NA,U,0,,NA,United Republic of Tanzania,NA,17.1,10.3,4,3.5,19,70,12,58,17.1,67,MNC,1,NA,NA,NA,NA,NA
1412,Phyllastrephus albigula,Usambara Greenbul,2623.861774,NA,NA,NA,Passeriformes,Pycnonotidae (Bulbuls),7,596,58824,TRUE,FALSE,Phyllastrephus albigula,Passeriformes,Pycnonotidae (Bulbuls),7,596,58824,TRUE,FALSE,1547,AVIBASE-CEE94E55,Phyllastrephus albigula,Phyllastrephus albigula,Phyllastrephus debilis,2,Field1,NA,U,0,,NA,United Republic of Tanzania,NA,15.6,9.3,3.7,3.5,19.5,64,9,55,14.1,63,MNC,1,NA,NA,NA,NA,NA
1413,Phyllastrephus albigula,Usambara Greenbul,2623.861774,NA,NA,NA,Passeriformes,Pycnonotidae (Bulbuls),7,596,58824,TRUE,FALSE,Phyllastrephus albigula,Passeriformes,Pycnonotidae (Bulbuls),7,596,58824,TRUE,FALSE,1557,AVIBASE-CEE94E55,Phyllastrephus albigula,Phyllastrephus albigula,Phyllastrephus debilis,2,Field1,NA,U,0,,NA,United Republic of Tanzania,NA,16.1,8.3,3.6,3.7,18.3,64,6,58,9.4,62,MNC,1,NA,NA,NA,NA,NA
1414,Phyllastrephus albigula,Usambara Greenbul,2623.861774,NA,NA,NA,Passeriformes,Pycnonotidae (Bulbuls),7,596,58824,TRUE,FALSE,Phyllastrephus albigula,Passeriformes,Pycnonotidae (Bulbuls),7,596,58824,TRUE,FALSE,1549,AVIBASE-CEE94E55,Phyllastrephus albigula,Phyllastrephus albigula,Phyllastrephus debilis,2,Field1,NA,U,0,,NA,United Republic of Tanzania,NA,14.5,7.9,3.4,3.4,18.7,63,10,53,15.9,62,MNC,1,NA,NA,NA,NA,NA
1415,Phyllastrephus albigula,Usambara Greenbul,2623.861774,NA,NA,NA,Passeriformes,Pycnonotidae (Bulbuls),7,596,58824,TRUE,FALSE,Phyllastrephus albigula,Passeriformes,Pycnonotidae (Bulbuls),7,596,58824,TRUE,FALSE,1552,AVIBASE-CEE94E55,Phyllastrephus albigula,Phyllastrephus albigula,Phyllastrephus debilis,2,Field1,NA,U,0,,NA,United Republic of Tanzania,NA,15.1,9.5,3.3,3.4,19,67,10,57,14.9,68,MNC,1,NA,NA,NA,NA,NA
1416,Phyllastrephus albigula,Usambara Greenbul,2623.861774,NA,NA,NA,Passeriformes,Pycnonotidae (Bulbuls),7,596,58824,TRUE,FALSE,Phyllastrephus albigula,Passeriformes,Pycnonotidae (Bulbuls),7,596,58824,TRUE,FALSE,1562,AVIBASE-CEE94E55,Phyllastrephus albigula,Phyllastrephus albigula,Phyllastrephus debilis,2,Field1,NA,U,0,,NA,United Republic of Tanzania,NA,15.9,8.3,3.5,3.5,18.8,63,8,55,12.7,63,MNC,1,NA,NA,NA,NA,NA
1417,Phyllastrephus albigula,Usambara Greenbul,2623.861774,NA,NA,NA,Passeriformes,Pycnonotidae (Bulbuls),7,596,58824,TRUE,FALSE,Phyllastrephus albigula,Passeriformes,Pycnonotidae (Bulbuls),7,596,58824,TRUE,FALSE,1561,AVIBASE-CEE94E55,Phyllastrephus albigula,Phyllastrephus albigula,Phyllastrephus debilis,2,Field1,NA,U,0,,NA,United Republic of Tanzania,NA,16,8.5,3.8,3.5,19.3,67,9,58,13.4,65,MNC,1,NA,NA,NA,NA,NA
1418,Phyllastrephus albigula,Usambara Greenbul,2623.861774,NA,NA,NA,Passeriformes,Pycnonotidae (Bulbuls),7,596,58824,TRUE,FALSE,Phyllastrephus albigula,Passeriformes,Pycnonotidae (Bulbuls),7,596,58824,TRUE,FALSE,1563,AVIBASE-CEE94E55,Phyllastrephus albigula,Phyllastrephus albigula,Phyllastrephus debilis,2,Field1,NA,U,0,,NA,United Republic of Tanzania,NA,16.2,8.6,3.5,3.6,19.6,68,10,58,14.7,67,MNC,1,NA,NA,NA,NA,NA
1419,Phyllastrephus albigula,Usambara Greenbul,2623.861774,NA,NA,NA,Passeriformes,Pycnonotidae (Bulbuls),7,596,58824,TRUE,FALSE,Phyllastrephus albigula,Passeriformes,Pycnonotidae (Bulbuls),7,596,58824,TRUE,FALSE,1560,AVIBASE-CEE94E55,Phyllastrephus albigula,Phyllastrephus albigula,Phyllastrephus debilis,2,Field1,NA,U,0,,NA,United Republic of Tanzania,NA,14.9,8,3.5,3.5,19,62,9,53,14.5,59,MNC,1,NA,NA,NA,NA,NA
1420,Phyllastrephus albigula,Usambara Greenbul,2623.861774,NA,NA,NA,Passeriformes,Pycnonotidae (Bulbuls),7,596,58824,TRUE,FALSE,Phyllastrephus albigula,Passeriformes,Pycnonotidae (Bulbuls),7,596,58824,TRUE,FALSE,1551,AVIBASE-CEE94E55,Phyllastrephus albigula,Phyllastrephus albigula,Phyllastrephus debilis,2,Field1,NA,U,0,,NA,United Republic of Tanzania,NA,18.2,8.4,3.5,3.4,19.2,65,9,56,13.8,65,MNC,1,NA,NA,NA,NA,NA
1421,Phyllastrephus albigula,Usambara Greenbul,2623.861774,NA,NA,NA,Passeriformes,Pycnonotidae (Bulbuls),7,596,58824,TRUE,FALSE,Phyllastrephus albigula,Passeriformes,Pycnonotidae (Bulbuls),7,596,58824,TRUE,FALSE,1558,AVIBASE-CEE94E55,Phyllastrephus albigula,Phyllastrephus albigula,Phyllastrephus debilis,2,Field1,NA,U,0,,NA,United Republic of Tanzania,NA,17.7,8.5,3.5,3.5,18.5,66,11,55,16.7,66,MNC,1,NA,NA,NA,NA,NA
1422,Phyllastrephus albigularis,White-throated Greenbul,824998.7321,NA,NA,NA,Passeriformes,Pycnonotidae (Bulbuls),6418,672025,57415575,TRUE,FALSE,Phyllastrephus albigularis,Passeriformes,Pycnonotidae (Bulbuls),6418,672025,57415575,TRUE,FALSE,1572,AVIBASE-7927D0DD,Phyllastrephus albigularis,Phyllastrephus albigularis albigularis,Phyllastrephus albigularis,2,Field1,NA,U,0,,NA,Ghana,NA,17.2,13.1,4.6,4.8,18.1,81,9.4,71.6,11.6,78,NNDA,1,NA,NA,NA,NA,NA
1423,Phyllastrephus albigularis,White-throated Greenbul,824998.7321,NA,NA,NA,Passeriformes,Pycnonotidae (Bulbuls),6418,672025,57415575,TRUE,FALSE,Phyllastrephus albigularis,Passeriformes,Pycnonotidae (Bulbuls),6418,672025,57415575,TRUE,FALSE,1570,AVIBASE-7927D0DD,Phyllastrephus albigularis,Phyllastrephus albigularis albigularis,Phyllastrephus albigularis,2,Field1,NA,U,0,,NA,Ghana,NA,17.2,12.8,4.8,4.7,19.8,72,5.9,66.1,8.2,65,NNDA,1,NA,NA,NA,NA,NA
1424,Phyllastrephus albigularis,White-throated Greenbul,824998.7321,NA,NA,NA,Passeriformes,Pycnonotidae (Bulbuls),6418,672025,57415575,TRUE,FALSE,Phyllastrephus albigularis,Passeriformes,Pycnonotidae (Bulbuls),6418,672025,57415575,TRUE,FALSE,1571,AVIBASE-7927D0DD,Phyllastrephus albigularis,Phyllastrephus albigularis albigularis,Phyllastrephus albigularis,2,Field1,NA,U,0,,NA,Ghana,NA,16.9,11.5,4.7,4.3,17.6,72,9.1,62.9,12.6,NA,NNDA,1,NA,NA,NA,NA,NA
1425,Phyllastrephus albigularis,White-throated Greenbul,824998.7321,NA,NA,NA,Passeriformes,Pycnonotidae (Bulbuls),6418,672025,57415575,TRUE,FALSE,Phyllastrephus albigularis,Passeriformes,Pycnonotidae (Bulbuls),6418,672025,57415575,TRUE,FALSE,1574,AVIBASE-7927D0DD,Phyllastrephus albigularis,Phyllastrephus albigularis albigularis,Phyllastrephus albigularis,2,Field1,NA,U,0,,NA,Ghana,NA,20.5,12.1,4.8,4.9,21.7,83,9,74,10.8,79,NNDA,1,NA,NA,NA,NA,NA
1426,Phyllastrephus albigularis,White-throated Greenbul,824998.7321,NA,NA,NA,Passeriformes,Pycnonotidae (Bulbuls),6418,672025,57415575,TRUE,FALSE,Phyllastrephus albigularis,Passeriformes,Pycnonotidae (Bulbuls),6418,672025,57415575,TRUE,FALSE,1565,AVIBASE-7927D0DD,Phyllastrephus albigularis,Phyllastrephus albigularis albigularis,Phyllastrephus albigularis,1,NHMUK,1966.16.1443,M,0,,NA,Nigeria,NA,20.4,12.3,3.9,5.2,20.7,79,6.3,72.7,8,85,CS,1,NA,NA,NA,NA,NA
1427,Phyllastrephus albigularis,White-throated Greenbul,824998.7321,NA,NA,NA,Passeriformes,Pycnonotidae (Bulbuls),6418,672025,57415575,TRUE,FALSE,Phyllastrephus albigularis,Passeriformes,Pycnonotidae (Bulbuls),6418,672025,57415575,TRUE,FALSE,1568,AVIBASE-7927D0DD,Phyllastrephus albigularis,Phyllastrephus albigularis albigularis,Phyllastrephus albigularis,2,Field1,NA,U,0,,NA,Ghana,NA,21.7,13,4.6,5.1,21.2,86,12,74,14,79,NNDA,1,NA,NA,NA,NA,NA
1428,Phyllastrephus albigularis,White-throated Greenbul,824998.7321,NA,NA,NA,Passeriformes,Pycnonotidae (Bulbuls),6418,672025,57415575,TRUE,FALSE,Phyllastrephus albigularis,Passeriformes,Pycnonotidae (Bulbuls),6418,672025,57415575,TRUE,FALSE,1569,AVIBASE-7927D0DD,Phyllastrephus albigularis,Phyllastrephus albigularis albigularis,Phyllastrephus albigularis,2,Field1,NA,U,1,,NA,Ghana,NA,20.8,11.2,5.2,4.6,22.2,77,7.3,69.7,9.5,79,NNDA,1,NA,NA,NA,NA,NA
1429,Phyllastrephus albigularis,White-throated Greenbul,824998.7321,NA,NA,NA,Passeriformes,Pycnonotidae (Bulbuls),6418,672025,57415575,TRUE,FALSE,Phyllastrephus albigularis,Passeriformes,Pycnonotidae (Bulbuls),6418,672025,57415575,TRUE,FALSE,1564,AVIBASE-7927D0DD,Phyllastrephus albigularis,Phyllastrephus albigularis albigularis,Phyllastrephus albigularis,1,NHMUK,1950.9.35,F,0,,NA,Nigeria,NA,18.3,10.5,4.3,4.7,19.3,71,6.1,64.9,8.6,66,CS,1,NA,NA,NA,NA,NA
1430,Phyllastrephus albigularis,White-throated Greenbul,824998.7321,NA,NA,NA,Passeriformes,Pycnonotidae (Bulbuls),6418,672025,57415575,TRUE,FALSE,Phyllastrephus albigularis,Passeriformes,Pycnonotidae (Bulbuls),6418,672025,57415575,TRUE,FALSE,1566,AVIBASE-7927D0DD,Phyllastrephus albigularis,Phyllastrephus albigularis albigularis,Phyllastrephus albigularis,1,NHMUK,1966.16.1451,M,0,,NA,Nigeria,NA,19.9,11.3,4.3,4.2,21.4,76,6,70,7.9,90,CS,1,NA,NA,NA,NA,NA
1431,Phyllastrephus albigularis,White-throated Greenbul,824998.7321,NA,NA,NA,Passeriformes,Pycnonotidae (Bulbuls),6418,672025,57415575,TRUE,FALSE,Phyllastrephus albigularis,Passeriformes,Pycnonotidae (Bulbuls),6418,672025,57415575,TRUE,FALSE,1573,AVIBASE-7927D0DD,Phyllastrephus albigularis,Phyllastrephus albigularis albigularis,Phyllastrephus albigularis,2,Field1,NA,U,0,,NA,Ghana,NA,17.5,11.2,4.9,4.2,21,71,5,66,7,68,NNDA,1,NA,NA,NA,NA,NA
1432,Phyllastrephus albigularis,White-throated Greenbul,824998.7321,NA,NA,NA,Passeriformes,Pycnonotidae (Bulbuls),6418,672025,57415575,TRUE,FALSE,Phyllastrephus albigularis,Passeriformes,Pycnonotidae (Bulbuls),6418,672025,57415575,TRUE,FALSE,1567,AVIBASE-7927D0DD,Phyllastrephus albigularis,Phyllastrephus albigularis albigularis,Phyllastrephus albigularis,1,NHMUK,1966.16.1467,F,0,,NA,Nigeria,NA,19,11.6,4.5,4.8,19.8,69,6.5,62.5,9.4,64.5,CS,1,NA,NA,NA,NA,NA
1433,Phyllastrephus baumanni,Baumann's Greenbul,172353.5116,NA,NA,NA,Passeriformes,Pycnonotidae (Bulbuls),90,7845,761258,TRUE,FALSE,Phyllastrephus baumanni,Passeriformes,Pycnonotidae (Bulbuls),90,7845,761258,TRUE,FALSE,1578,AVIBASE-D5A35997,Phyllastrephus baumanni,Phyllastrephus baumanni,Phyllastrephus baumanni,1,NHMUK,1977.20.1138,M,0,,NA,Liberia,NA,19.5,11.2,4,4.9,21,78,6.6,71.4,8.5,77,CV,1,NA,NA,NA,NA,NA
1434,Phyllastrephus baumanni,Baumann's Greenbul,172353.5116,NA,NA,NA,Passeriformes,Pycnonotidae (Bulbuls),90,7845,761258,TRUE,FALSE,Phyllastrephus baumanni,Passeriformes,Pycnonotidae (Bulbuls),90,7845,761258,TRUE,FALSE,1576,AVIBASE-D5A35997,Phyllastrephus baumanni,Phyllastrephus baumanni,Phyllastrephus baumanni,1,NHMUK,1977.20.1136,F,0,,NA,Liberia,NA,17.5,9.8,3.9,4.5,19.9,74,6.9,67.1,9.3,75,CV,1,NA,NA,NA,NA,NA
1435,Phyllastrephus baumanni,Baumann's Greenbul,172353.5116,NA,NA,NA,Passeriformes,Pycnonotidae (Bulbuls),90,7845,761258,TRUE,FALSE,Phyllastrephus baumanni,Passeriformes,Pycnonotidae (Bulbuls),90,7845,761258,TRUE,FALSE,1575,AVIBASE-D5A35997,Phyllastrephus baumanni,Phyllastrephus baumanni,Phyllastrephus baumanni,1,NHMUK,1977.20.1133,M,0,,NA,Liberia,NA,18.9,10.9,4.4,4.6,21.2,83,6.9,76.1,8.3,86,CV,1,NA,NA,NA,NA,NA
1436,Phyllastrephus baumanni,Baumann's Greenbul,172353.5116,NA,NA,NA,Passeriformes,Pycnonotidae (Bulbuls),90,7845,761258,TRUE,FALSE,Phyllastrephus baumanni,Passeriformes,Pycnonotidae (Bulbuls),90,7845,761258,TRUE,FALSE,1579,AVIBASE-D5A35997,Phyllastrephus baumanni,Phyllastrephus baumanni,Phyllastrephus baumanni,1,NHMUK,1930.12.3.326,M,0,,NA,NA,NA,18.7,NA,4.4,4.9,20.9,81,NA,NA,NA,76,GT,0,NA,NA,NA,NA,NA
1437,Phyllastrephus baumanni,Baumann's Greenbul,172353.5116,NA,NA,NA,Passeriformes,Pycnonotidae (Bulbuls),90,7845,761258,TRUE,FALSE,Phyllastrephus baumanni,Passeriformes,Pycnonotidae (Bulbuls),90,7845,761258,TRUE,FALSE,1577,AVIBASE-D5A35997,Phyllastrephus baumanni,Phyllastrephus baumanni,Phyllastrephus baumanni,1,NHMUK,1977.20.1137,F,0,,NA,Liberia,NA,15.6,8.9,4.3,4.2,19.4,71,6.7,64.3,9.4,70,CV,1,NA,NA,NA,NA,NA
1438,Phyllastrephus cabanisi,Cabanis's Greenbul,770275.7492,NA,NA,NA,Passeriformes,Pycnonotidae (Bulbuls),4652,402189,42378186,FALSE,FALSE,Phyllastrephus cabanisi,Passeriformes,Pycnonotidae (Bulbuls),4652,402189,42378186,FALSE,FALSE,1588,AVIBASE-24F71192,Phyllastrephus cabanisi,Phyllastrephus cabanisi,Phyllastrephus cabanisi,1,ZFMK,1957-561,F,0,,NA,United Republic of Tanzania,NA,21.8,NA,NA,NA,21.9,81,9,72,11.1,77.5,AN,0,NA,NA,NA,NA,NA
1439,Phyllastrephus cabanisi,Cabanis's Greenbul,770275.7492,NA,NA,NA,Passeriformes,Pycnonotidae (Bulbuls),4652,402189,42378186,FALSE,FALSE,Phyllastrephus cabanisi,Passeriformes,Pycnonotidae (Bulbuls),4652,402189,42378186,FALSE,FALSE,1604,AVIBASE-24F71192,Phyllastrephus cabanisi,Phyllastrephus cabanisi,Phyllastrephus cabanisi,2,Field1,NA,U,0,,NA,United Republic of Tanzania,NA,19.4,10.3,4.5,4.2,23.8,74,9,65,12.2,74,MNC,1,NA,NA,NA,NA,NA
1440,Phyllastrephus cabanisi,Cabanis's Greenbul,770275.7492,NA,NA,NA,Passeriformes,Pycnonotidae (Bulbuls),4652,402189,42378186,FALSE,FALSE,Phyllastrephus cabanisi,Passeriformes,Pycnonotidae (Bulbuls),4652,402189,42378186,FALSE,FALSE,1597,AVIBASE-24F71192,Phyllastrephus cabanisi,Phyllastrephus cabanisi,Phyllastrephus cabanisi,2,Field1,NA,F,0,,NA,Mozambique,NA,17,10.2,4.2,NA,NA,78,NA,NA,NA,77,SEIJ,1,NA,NA,NA,NA,NA
1441,Phyllastrephus cabanisi,Cabanis's Greenbul,770275.7492,NA,NA,NA,Passeriformes,Pycnonotidae (Bulbuls),4652,402189,42378186,FALSE,FALSE,Phyllastrephus cabanisi,Passeriformes,Pycnonotidae (Bulbuls),4652,402189,42378186,FALSE,FALSE,1614,AVIBASE-24F71192,Phyllastrephus cabanisi,Phyllastrephus cabanisi,Phyllastrephus cabanisi,2,Field1,NA,U,0,,NA,United Republic of Tanzania,NA,19.3,10,3.5,4,22.7,74,9,65,12.2,73,MNC,1,NA,NA,NA,NA,NA
1442,Phyllastrephus cabanisi,Cabanis's Greenbul,770275.7492,NA,NA,NA,Passeriformes,Pycnonotidae (Bulbuls),4652,402189,42378186,FALSE,FALSE,Phyllastrephus cabanisi,Passeriformes,Pycnonotidae (Bulbuls),4652,402189,42378186,FALSE,FALSE,1589,AVIBASE-24F71192,Phyllastrephus cabanisi,Phyllastrephus cabanisi,Phyllastrephus cabanisi,1,ZFMK,1959-249,M,0,,NA,United Republic of Tanzania,NA,22.1,NA,NA,NA,20,83,11.5,71.5,13.9,82.5,AN,0,NA,NA,NA,NA,NA
1443,Phyllastrephus cabanisi,Cabanis's Greenbul,770275.7492,NA,NA,NA,Passeriformes,Pycnonotidae (Bulbuls),4652,402189,42378186,FALSE,FALSE,Phyllastrephus cabanisi,Passeriformes,Pycnonotidae (Bulbuls),4652,402189,42378186,FALSE,FALSE,1585,AVIBASE-24F71192,Phyllastrephus cabanisi,Phyllastrephus cabanisi,Phyllastrephus cabanisi,1,NHMUK,1948.45.3,M,0,,NA,Zimbabwe,NA,19.7,11.2,4,4.6,19.9,92,13.9,78.1,15.1,96,CV,1,NA,NA,NA,NA,NA
1444,Phyllastrephus cabanisi,Cabanis's Greenbul,770275.7492,NA,NA,NA,Passeriformes,Pycnonotidae (Bulbuls),4652,402189,42378186,FALSE,FALSE,Phyllastrephus cabanisi,Passeriformes,Pycnonotidae (Bulbuls),4652,402189,42378186,FALSE,FALSE,1607,AVIBASE-24F71192,Phyllastrephus cabanisi,Phyllastrephus cabanisi,Phyllastrephus cabanisi,2,Field1,NA,U,0,,NA,United Republic of Tanzania,NA,20.3,11,4.3,4.5,24.3,80,12,68,15,81,MNC,1,NA,NA,NA,NA,NA
1445,Phyllastrephus cabanisi,Cabanis's Greenbul,770275.7492,NA,NA,NA,Passeriformes,Pycnonotidae (Bulbuls),4652,402189,42378186,FALSE,FALSE,Phyllastrephus cabanisi,Passeriformes,Pycnonotidae (Bulbuls),4652,402189,42378186,FALSE,FALSE,1637,AVIBASE-24F71192,Phyllastrephus cabanisi,Phyllastrephus cabanisi,Phyllastrephus cabanisi,2,Field1,NA,U,0,,NA,Zambia,NA,17.5,11.2,4.2,4.7,24,80,8,72,10,84,MFZ,1,NA,NA,NA,NA,NA
1446,Phyllastrephus cabanisi,Cabanis's Greenbul,770275.7492,NA,NA,NA,Passeriformes,Pycnonotidae (Bulbuls),4652,402189,42378186,FALSE,FALSE,Phyllastrephus cabanisi,Passeriformes,Pycnonotidae (Bulbuls),4652,402189,42378186,FALSE,FALSE,1587,AVIBASE-24F71192,Phyllastrephus cabanisi,Phyllastrephus cabanisi,Phyllastrephus cabanisi,1,NHMUK,1957.35.192,F,0,,NA,Angola,NA,18.3,9.9,4.1,4.3,21.3,85,10.1,74.9,11.9,84,CV,1,NA,NA,NA,NA,NA
1447,Phyllastrephus cabanisi,Cabanis's Greenbul,770275.7492,NA,NA,NA,Passeriformes,Pycnonotidae (Bulbuls),4652,402189,42378186,FALSE,FALSE,Phyllastrephus cabanisi,Passeriformes,Pycnonotidae (Bulbuls),4652,402189,42378186,FALSE,FALSE,1599,AVIBASE-24F71192,Phyllastrephus cabanisi,Phyllastrephus cabanisi,Phyllastrephus cabanisi,2,Field1,NA,U,0,,NA,United Republic of Tanzania,NA,20.8,10.5,4.1,4.6,23.4,81,13,68,16,76,MNC,1,NA,NA,NA,NA,NA
1448,Phyllastrephus cabanisi,Cabanis's Greenbul,770275.7492,NA,NA,NA,Passeriformes,Pycnonotidae (Bulbuls),4652,402189,42378186,FALSE,FALSE,Phyllastrephus cabanisi,Passeriformes,Pycnonotidae (Bulbuls),4652,402189,42378186,FALSE,FALSE,1641,AVIBASE-24F71192,Phyllastrephus cabanisi,Phyllastrephus cabanisi,Phyllastrephus cabanisi,2,Field1,NA,U,0,,NA,Zambia,NA,15.9,10.7,4.3,4.5,24.4,85,12,73,14.1,83,MFZ,1,NA,NA,NA,NA,NA
1449,Phyllastrephus cabanisi,Cabanis's Greenbul,770275.7492,NA,NA,NA,Passeriformes,Pycnonotidae (Bulbuls),4652,402189,42378186,FALSE,FALSE,Phyllastrephus cabanisi,Passeriformes,Pycnonotidae (Bulbuls),4652,402189,42378186,FALSE,FALSE,1615,AVIBASE-24F71192,Phyllastrephus cabanisi,Phyllastrephus cabanisi,Phyllastrephus cabanisi,2,Field1,NA,U,0,,NA,United Republic of Tanzania,NA,21.2,11.2,4,4.3,24.7,82,13,69,15.9,82,MNC,1,NA,NA,NA,NA,NA
1450,Phyllastrephus cabanisi,Cabanis's Greenbul,770275.7492,NA,NA,NA,Passeriformes,Pycnonotidae (Bulbuls),4652,402189,42378186,FALSE,FALSE,Phyllastrephus cabanisi,Passeriformes,Pycnonotidae (Bulbuls),4652,402189,42378186,FALSE,FALSE,1609,AVIBASE-24F71192,Phyllastrephus cabanisi,Phyllastrephus cabanisi,Phyllastrephus cabanisi,2,Field1,NA,U,0,,NA,United Republic of Tanzania,NA,19.2,10.1,4.2,4.6,23.6,75,10,65,13.3,76,MNC,1,NA,NA,NA,NA,NA
1451,Phyllastrephus cabanisi,Cabanis's Greenbul,770275.7492,NA,NA,NA,Passeriformes,Pycnonotidae (Bulbuls),4652,402189,42378186,FALSE,FALSE,Phyllastrephus cabanisi,Passeriformes,Pycnonotidae (Bulbuls),4652,402189,42378186,FALSE,FALSE,1601,AVIBASE-24F71192,Phyllastrephus cabanisi,Phyllastrephus cabanisi,Phyllastrephus cabanisi,2,Field1,NA,U,0,,NA,United Republic of Tanzania,NA,20,10.4,3.9,4.3,23.7,83,13,70,15.7,82,MNC,1,NA,NA,NA,NA,NA
1452,Phyllastrephus cabanisi,Cabanis's Greenbul,770275.7492,NA,NA,NA,Passeriformes,Pycnonotidae (Bulbuls),4652,402189,42378186,FALSE,FALSE,Phyllastrephus cabanisi,Passeriformes,Pycnonotidae (Bulbuls),4652,402189,42378186,FALSE,FALSE,1595,AVIBASE-24F71192,Phyllastrephus cabanisi,Phyllastrephus cabanisi,Phyllastrephus cabanisi,2,Field1,NA,U,0,,NA,Mozambique,NA,17.9,10.3,4.4,NA,NA,78,NA,NA,NA,85,SEIJ,1,NA,NA,NA,NA,NA
1453,Phyllastrephus cabanisi,Cabanis's Greenbul,770275.7492,NA,NA,NA,Passeriformes,Pycnonotidae (Bulbuls),4652,402189,42378186,FALSE,FALSE,Phyllastrephus cabanisi,Passeriformes,Pycnonotidae (Bulbuls),4652,402189,42378186,FALSE,FALSE,1633,AVIBASE-24F71192,Phyllastrephus cabanisi,Phyllastrephus cabanisi,Phyllastrephus cabanisi,2,Field1,NA,U,0,,NA,Zambia,NA,18,10.8,4.3,4.8,26.3,87,9,78,10.3,93,MFZ,1,NA,NA,NA,NA,NA
1454,Phyllastrephus cabanisi,Cabanis's Greenbul,770275.7492,NA,NA,NA,Passeriformes,Pycnonotidae (Bulbuls),4652,402189,42378186,FALSE,FALSE,Phyllastrephus cabanisi,Passeriformes,Pycnonotidae (Bulbuls),4652,402189,42378186,FALSE,FALSE,1608,AVIBASE-24F71192,Phyllastrephus cabanisi,Phyllastrephus cabanisi,Phyllastrephus cabanisi,2,Field1,NA,U,0,,NA,United Republic of Tanzania,NA,17.4,9.5,4,3.8,22.4,73,12,61,16.4,72,MNC,1,NA,NA,NA,NA,NA
1455,Phyllastrephus cabanisi,Cabanis's Greenbul,770275.7492,NA,NA,NA,Passeriformes,Pycnonotidae (Bulbuls),4652,402189,42378186,FALSE,FALSE,Phyllastrephus cabanisi,Passeriformes,Pycnonotidae (Bulbuls),4652,402189,42378186,FALSE,FALSE,1598,AVIBASE-24F71192,Phyllastrephus cabanisi,Phyllastrephus cabanisi,Phyllastrephus cabanisi,2,Field1,NA,F,0,,NA,Mozambique,NA,16.4,9.8,4.1,NA,NA,73,NA,NA,NA,77,SEIJ,1,NA,NA,NA,NA,NA
1456,Phyllastrephus cabanisi,Cabanis's Greenbul,770275.7492,NA,NA,NA,Passeriformes,Pycnonotidae (Bulbuls),4652,402189,42378186,FALSE,FALSE,Phyllastrephus cabanisi,Passeriformes,Pycnonotidae (Bulbuls),4652,402189,42378186,FALSE,FALSE,1580,AVIBASE-24F71192,Phyllastrephus cabanisi,Phyllastrephus cabanisi,Phyllastrephus cabanisi,1,NHMUK,1931.12.18.46,F,0,,NA,United Republic of Tanzania,NA,17.7,9.2,3.3,3.9,19.8,80,10.1,69.9,12.6,86,CV,1,NA,NA,NA,NA,NA
1457,Phyllastrephus cabanisi,Cabanis's Greenbul,770275.7492,NA,NA,NA,Passeriformes,Pycnonotidae (Bulbuls),4652,402189,42378186,FALSE,FALSE,Phyllastrephus cabanisi,Passeriformes,Pycnonotidae (Bulbuls),4652,402189,42378186,FALSE,FALSE,1586,AVIBASE-24F71192,Phyllastrephus cabanisi,Phyllastrephus cabanisi,Phyllastrephus cabanisi,1,NHMUK,1957.35.189,M,0,,NA,Angola,NA,19.4,11.3,4,4.5,23.4,88,8.2,79.8,9.3,92,CV,1,NA,NA,NA,NA,NA
1458,Phyllastrephus cabanisi,Cabanis's Greenbul,770275.7492,NA,NA,NA,Passeriformes,Pycnonotidae (Bulbuls),4652,402189,42378186,FALSE,FALSE,Phyllastrephus cabanisi,Passeriformes,Pycnonotidae (Bulbuls),4652,402189,42378186,FALSE,FALSE,1603,AVIBASE-24F71192,Phyllastrephus cabanisi,Phyllastrephus cabanisi,Phyllastrephus cabanisi,2,Field1,NA,U,0,,NA,United Republic of Tanzania,NA,17.6,9.4,3.7,3.8,22.1,74,10,64,13.5,82,MNC,1,NA,NA,NA,NA,NA
1459,Phyllastrephus cabanisi,Cabanis's Greenbul,770275.7492,NA,NA,NA,Passeriformes,Pycnonotidae (Bulbuls),4652,402189,42378186,FALSE,FALSE,Phyllastrephus cabanisi,Passeriformes,Pycnonotidae (Bulbuls),4652,402189,42378186,FALSE,FALSE,1642,AVIBASE-24F71192,Phyllastrephus cabanisi,Phyllastrephus cabanisi,Phyllastrephus cabanisi,1,NHMUK,1945.34.102,M,0,,NA,NA,NA,21.6,NA,4,5.2,22.5,87,NA,NA,NA,87,GT,0,NA,NA,NA,NA,NA
1460,Phyllastrephus cabanisi,Cabanis's Greenbul,770275.7492,NA,NA,NA,Passeriformes,Pycnonotidae (Bulbuls),4652,402189,42378186,FALSE,FALSE,Phyllastrephus cabanisi,Passeriformes,Pycnonotidae (Bulbuls),4652,402189,42378186,FALSE,FALSE,1600,AVIBASE-24F71192,Phyllastrephus cabanisi,Phyllastrephus cabanisi,Phyllastrephus cabanisi,2,Field1,NA,U,0,,NA,United Republic of Tanzania,NA,20.9,11.1,3.7,4.3,22.8,86,10,76,11.6,81,MNC,1,NA,NA,NA,NA,NA
1461,Phyllastrephus cabanisi,Cabanis's Greenbul,770275.7492,NA,NA,NA,Passeriformes,Pycnonotidae (Bulbuls),4652,402189,42378186,FALSE,FALSE,Phyllastrephus cabanisi,Passeriformes,Pycnonotidae (Bulbuls),4652,402189,42378186,FALSE,FALSE,1611,AVIBASE-24F71192,Phyllastrephus cabanisi,Phyllastrephus cabanisi,Phyllastrephus cabanisi,2,Field1,NA,U,0,,NA,United Republic of Tanzania,NA,19.1,9.9,3.7,4,22.4,76,11,65,14.5,77,MNC,1,NA,NA,NA,NA,NA
1462,Phyllastrephus cabanisi,Cabanis's Greenbul,770275.7492,NA,NA,NA,Passeriformes,Pycnonotidae (Bulbuls),4652,402189,42378186,FALSE,FALSE,Phyllastrephus cabanisi,Passeriformes,Pycnonotidae (Bulbuls),4652,402189,42378186,FALSE,FALSE,1627,AVIBASE-24F71192,Phyllastrephus cabanisi,Phyllastrephus cabanisi,Phyllastrephus cabanisi,2,Field1,NA,U,0,,NA,Zambia,NA,18.5,11.5,4.4,4.9,23.3,87,12,75,13.8,84,MFZ,1,NA,NA,NA,NA,NA
1463,Phyllastrephus cabanisi,Cabanis's Greenbul,770275.7492,NA,NA,NA,Passeriformes,Pycnonotidae (Bulbuls),4652,402189,42378186,FALSE,FALSE,Phyllastrephus cabanisi,Passeriformes,Pycnonotidae (Bulbuls),4652,402189,42378186,FALSE,FALSE,1628,AVIBASE-24F71192,Phyllastrephus cabanisi,Phyllastrephus cabanisi,Phyllastrephus cabanisi,2,Field1,NA,U,0,,NA,Zambia,NA,15.7,10.2,4.4,4.5,22.7,82,11,71,13.4,84,MFZ,1,NA,NA,NA,NA,NA
1464,Phyllastrephus cabanisi,Cabanis's Greenbul,770275.7492,NA,NA,NA,Passeriformes,Pycnonotidae (Bulbuls),4652,402189,42378186,FALSE,FALSE,Phyllastrephus cabanisi,Passeriformes,Pycnonotidae (Bulbuls),4652,402189,42378186,FALSE,FALSE,1596,AVIBASE-24F71192,Phyllastrephus cabanisi,Phyllastrephus cabanisi,Phyllastrephus cabanisi,2,Field1,NA,U,0,,NA,Mozambique,NA,17.1,9.4,4.2,NA,NA,75,NA,NA,NA,78,SEIJ,1,NA,NA,NA,NA,NA
1465,Phyllastrephus cabanisi,Cabanis's Greenbul,770275.7492,NA,NA,NA,Passeriformes,Pycnonotidae (Bulbuls),4652,402189,42378186,FALSE,FALSE,Phyllastrephus cabanisi,Passeriformes,Pycnonotidae (Bulbuls),4652,402189,42378186,FALSE,FALSE,1635,AVIBASE-24F71192,Phyllastrephus cabanisi,Phyllastrephus cabanisi,Phyllastrephus cabanisi,2,Field1,NA,U,0,,NA,Zambia,NA,19.3,10.7,4.9,4.9,24.2,87,12,75,13.8,87,MFZ,1,NA,NA,NA,NA,NA
1466,Phyllastrephus cabanisi,Cabanis's Greenbul,770275.7492,NA,NA,NA,Passeriformes,Pycnonotidae (Bulbuls),4652,402189,42378186,FALSE,FALSE,Phyllastrephus cabanisi,Passeriformes,Pycnonotidae (Bulbuls),4652,402189,42378186,FALSE,FALSE,1606,AVIBASE-24F71192,Phyllastrephus cabanisi,Phyllastrephus cabanisi,Phyllastrephus cabanisi,2,Field1,NA,U,0,,NA,United Republic of Tanzania,NA,21,11.4,4.3,4.4,23.6,77,9,68,11.7,79,MNC,1,NA,NA,NA,NA,NA
1467,Phyllastrephus cabanisi,Cabanis's Greenbul,770275.7492,NA,NA,NA,Passeriformes,Pycnonotidae (Bulbuls),4652,402189,42378186,FALSE,FALSE,Phyllastrephus cabanisi,Passeriformes,Pycnonotidae (Bulbuls),4652,402189,42378186,FALSE,FALSE,1605,AVIBASE-24F71192,Phyllastrephus cabanisi,Phyllastrephus cabanisi,Phyllastrephus cabanisi,2,Field1,NA,U,0,,NA,United Republic of Tanzania,NA,18.8,10.5,3.9,4.1,23.5,73,11,62,15.1,73,MNC,1,NA,NA,NA,NA,NA
1468,Phyllastrephus cabanisi,Cabanis's Greenbul,770275.7492,NA,NA,NA,Passeriformes,Pycnonotidae (Bulbuls),4652,402189,42378186,FALSE,FALSE,Phyllastrephus cabanisi,Passeriformes,Pycnonotidae (Bulbuls),4652,402189,42378186,FALSE,FALSE,1593,AVIBASE-24F71192,Phyllastrephus cabanisi,Phyllastrephus cabanisi,Phyllastrephus cabanisi,1,ZFMK,1978-072,M,0,,NA,South Sudan,NA,22.5,NA,NA,NA,23,86,6,80,7,88,LN,0,NA,NA,NA,NA,NA
1469,Phyllastrephus cabanisi,Cabanis's Greenbul,770275.7492,NA,NA,NA,Passeriformes,Pycnonotidae (Bulbuls),4652,402189,42378186,FALSE,FALSE,Phyllastrephus cabanisi,Passeriformes,Pycnonotidae (Bulbuls),4652,402189,42378186,FALSE,FALSE,1632,AVIBASE-24F71192,Phyllastrephus cabanisi,Phyllastrephus cabanisi,Phyllastrephus cabanisi,2,Field1,NA,U,0,,NA,Zambia,NA,16.7,10.9,4.7,4.4,25.2,93,13,80,14,96,MFZ,1,NA,NA,NA,NA,NA
1470,Phyllastrephus cabanisi,Cabanis's Greenbul,770275.7492,NA,NA,NA,Passeriformes,Pycnonotidae (Bulbuls),4652,402189,42378186,FALSE,FALSE,Phyllastrephus cabanisi,Passeriformes,Pycnonotidae (Bulbuls),4652,402189,42378186,FALSE,FALSE,1583,AVIBASE-24F71192,Phyllastrephus cabanisi,Phyllastrephus cabanisi,Phyllastrephus cabanisi,1,NHMUK,1936.7.2.123,M,0,,NA,United Republic of Tanzania,NA,19.4,10.5,3.7,4.3,20.9,86,10.7,75.3,12.4,84,CV,1,NA,NA,NA,NA,NA
1471,Phyllastrephus cabanisi,Cabanis's Greenbul,770275.7492,NA,NA,NA,Passeriformes,Pycnonotidae (Bulbuls),4652,402189,42378186,FALSE,FALSE,Phyllastrephus cabanisi,Passeriformes,Pycnonotidae (Bulbuls),4652,402189,42378186,FALSE,FALSE,1584,AVIBASE-24F71192,Phyllastrephus cabanisi,Phyllastrephus cabanisi,Phyllastrephus cabanisi,1,NHMUK,1937.6.22.108,M,0,,NA,United Republic of Tanzania,NA,20.4,11.2,3.5,4.5,19.7,88,11,77,12.5,86,CV,1,NA,NA,NA,NA,NA
1472,Phyllastrephus cabanisi,Cabanis's Greenbul,770275.7492,NA,NA,NA,Passeriformes,Pycnonotidae (Bulbuls),4652,402189,42378186,FALSE,FALSE,Phyllastrephus cabanisi,Passeriformes,Pycnonotidae (Bulbuls),4652,402189,42378186,FALSE,FALSE,1602,AVIBASE-24F71192,Phyllastrephus cabanisi,Phyllastrephus cabanisi,Phyllastrephus cabanisi,2,Field1,NA,U,0,,NA,United Republic of Tanzania,NA,21.7,12.5,4,4.4,23.1,84,11,73,13.1,84,MNC,1,NA,NA,NA,NA,NA
1473,Phyllastrephus cabanisi,Cabanis's Greenbul,770275.7492,NA,NA,NA,Passeriformes,Pycnonotidae (Bulbuls),4652,402189,42378186,FALSE,FALSE,Phyllastrephus cabanisi,Passeriformes,Pycnonotidae (Bulbuls),4652,402189,42378186,FALSE,FALSE,1623,AVIBASE-24F71192,Phyllastrephus cabanisi,Phyllastrephus cabanisi,Phyllastrephus cabanisi,2,Field1,NA,U,1,,NA,Zambia,NA,16.9,10.5,4.4,4.7,23.8,84,NA,NA,NA,85,MFZ,1,NA,NA,NA,NA,NA
1474,Phyllastrephus cabanisi,Cabanis's Greenbul,770275.7492,NA,NA,NA,Passeriformes,Pycnonotidae (Bulbuls),4652,402189,42378186,FALSE,FALSE,Phyllastrephus cabanisi,Passeriformes,Pycnonotidae (Bulbuls),4652,402189,42378186,FALSE,FALSE,1639,AVIBASE-24F71192,Phyllastrephus cabanisi,Phyllastrephus cabanisi,Phyllastrephus cabanisi,2,Field1,NA,U,0,,NA,Zambia,NA,17.9,11,4.4,5.2,23.1,87,10,77,11.5,91,MFZ,1,NA,NA,NA,NA,NA
1475,Phyllastrephus cabanisi,Cabanis's Greenbul,770275.7492,NA,NA,NA,Passeriformes,Pycnonotidae (Bulbuls),4652,402189,42378186,FALSE,FALSE,Phyllastrephus cabanisi,Passeriformes,Pycnonotidae (Bulbuls),4652,402189,42378186,FALSE,FALSE,1612,AVIBASE-24F71192,Phyllastrephus cabanisi,Phyllastrephus cabanisi,Phyllastrephus cabanisi,2,Field1,NA,U,0,,NA,United Republic of Tanzania,NA,18.9,10,3.9,3.8,21.9,74,9,65,12.2,77,MNC,1,NA,NA,NA,NA,NA
1476,Phyllastrephus cabanisi,Cabanis's Greenbul,770275.7492,NA,NA,NA,Passeriformes,Pycnonotidae (Bulbuls),4652,402189,42378186,FALSE,FALSE,Phyllastrephus cabanisi,Passeriformes,Pycnonotidae (Bulbuls),4652,402189,42378186,FALSE,FALSE,1613,AVIBASE-24F71192,Phyllastrephus cabanisi,Phyllastrephus cabanisi,Phyllastrephus cabanisi,2,Field1,NA,U,0,,NA,United Republic of Tanzania,NA,21.1,11.1,3.8,4.5,23.6,83,11,72,13.3,82,MNC,1,NA,NA,NA,NA,NA
1477,Phyllastrephus cabanisi,Cabanis's Greenbul,770275.7492,NA,NA,NA,Passeriformes,Pycnonotidae (Bulbuls),4652,402189,42378186,FALSE,FALSE,Phyllastrephus cabanisi,Passeriformes,Pycnonotidae (Bulbuls),4652,402189,42378186,FALSE,FALSE,1616,AVIBASE-24F71192,Phyllastrephus cabanisi,Phyllastrephus cabanisi,Phyllastrephus cabanisi,2,Field1,NA,U,0,,NA,United Republic of Tanzania,NA,21.4,14.4,4.2,4.5,24.1,81,11,70,13.6,80,MNC,1,NA,NA,NA,NA,NA
1478,Phyllastrephus cabanisi,Cabanis's Greenbul,770275.7492,NA,NA,NA,Passeriformes,Pycnonotidae (Bulbuls),4652,402189,42378186,FALSE,FALSE,Phyllastrephus cabanisi,Passeriformes,Pycnonotidae (Bulbuls),4652,402189,42378186,FALSE,FALSE,1636,AVIBASE-24F71192,Phyllastrephus cabanisi,Phyllastrephus cabanisi,Phyllastrephus cabanisi,2,Field1,NA,U,0,,NA,Zambia,NA,18.8,12.7,4.4,5.2,25,96,12,84,12.5,97,MFZ,1,NA,NA,NA,NA,NA
1479,Phyllastrephus cabanisi,Cabanis's Greenbul,770275.7492,NA,NA,NA,Passeriformes,Pycnonotidae (Bulbuls),4652,402189,42378186,FALSE,FALSE,Phyllastrephus cabanisi,Passeriformes,Pycnonotidae (Bulbuls),4652,402189,42378186,FALSE,FALSE,1594,AVIBASE-24F71192,Phyllastrephus cabanisi,Phyllastrephus cabanisi,Phyllastrephus cabanisi,1,ZFMK,1978-075,F,0,,NA,South Sudan,NA,20.4,NA,NA,NA,21.9,80,8,72,10,82.5,DH,0,NA,NA,NA,NA,NA
1480,Phyllastrephus cabanisi,Cabanis's Greenbul,770275.7492,NA,NA,NA,Passeriformes,Pycnonotidae (Bulbuls),4652,402189,42378186,FALSE,FALSE,Phyllastrephus cabanisi,Passeriformes,Pycnonotidae (Bulbuls),4652,402189,42378186,FALSE,FALSE,1634,AVIBASE-24F71192,Phyllastrephus cabanisi,Phyllastrephus cabanisi,Phyllastrephus cabanisi,2,Field1,NA,U,0,,NA,Zambia,NA,19.2,12.1,5,4.8,24.5,90,12,78,13.3,92,MFZ,1,NA,NA,NA,NA,NA
1481,Phyllastrephus cabanisi,Cabanis's Greenbul,770275.7492,NA,NA,NA,Passeriformes,Pycnonotidae (Bulbuls),4652,402189,42378186,FALSE,FALSE,Phyllastrephus cabanisi,Passeriformes,Pycnonotidae (Bulbuls),4652,402189,42378186,FALSE,FALSE,1631,AVIBASE-24F71192,Phyllastrephus cabanisi,Phyllastrephus cabanisi,Phyllastrephus cabanisi,2,Field1,NA,U,0,,NA,Zambia,NA,17.8,10.6,3.8,5.1,22.7,82,8,74,9.8,86,MFZ,1,NA,NA,NA,NA,NA
1482,Phyllastrephus cabanisi,Cabanis's Greenbul,770275.7492,NA,NA,NA,Passeriformes,Pycnonotidae (Bulbuls),4652,402189,42378186,FALSE,FALSE,Phyllastrephus cabanisi,Passeriformes,Pycnonotidae (Bulbuls),4652,402189,42378186,FALSE,FALSE,1618,AVIBASE-24F71192,Phyllastrephus cabanisi,Phyllastrephus cabanisi,Phyllastrephus cabanisi,2,Field1,NA,U,0,,NA,United Republic of Tanzania,NA,19.2,10.8,3.9,4.5,23.3,85,12,73,14.1,85,MNC,1,NA,NA,NA,NA,NA
1483,Phyllastrephus cabanisi,Cabanis's Greenbul,770275.7492,NA,NA,NA,Passeriformes,Pycnonotidae (Bulbuls),4652,402189,42378186,FALSE,FALSE,Phyllastrephus cabanisi,Passeriformes,Pycnonotidae (Bulbuls),4652,402189,42378186,FALSE,FALSE,1638,AVIBASE-24F71192,Phyllastrephus cabanisi,Phyllastrephus cabanisi,Phyllastrephus cabanisi,2,Field1,NA,U,0,,NA,Zambia,NA,19.5,11.3,5,4.7,24.3,95,12,83,12.6,93,MFZ,1,NA,NA,NA,NA,NA
1484,Phyllastrephus cabanisi,Cabanis's Greenbul,770275.7492,NA,NA,NA,Passeriformes,Pycnonotidae (Bulbuls),4652,402189,42378186,FALSE,FALSE,Phyllastrephus cabanisi,Passeriformes,Pycnonotidae (Bulbuls),4652,402189,42378186,FALSE,FALSE,1624,AVIBASE-24F71192,Phyllastrephus cabanisi,Phyllastrephus cabanisi,Phyllastrephus cabanisi,2,Field1,NA,U,1,,NA,Zambia,NA,18.9,10.9,4.2,5,23.8,88,10,78,11.4,87,MFZ,1,NA,NA,NA,NA,NA
1485,Phyllastrephus cabanisi,Cabanis's Greenbul,770275.7492,NA,NA,NA,Passeriformes,Pycnonotidae (Bulbuls),4652,402189,42378186,FALSE,FALSE,Phyllastrephus cabanisi,Passeriformes,Pycnonotidae (Bulbuls),4652,402189,42378186,FALSE,FALSE,1610,AVIBASE-24F71192,Phyllastrephus cabanisi,Phyllastrephus cabanisi,Phyllastrephus cabanisi,2,Field1,NA,U,0,,NA,United Republic of Tanzania,NA,23,11,3.8,3.7,23.2,84,12,72,14.3,83,MNC,1,NA,NA,NA,NA,NA
1486,Phyllastrephus cabanisi,Cabanis's Greenbul,770275.7492,NA,NA,NA,Passeriformes,Pycnonotidae (Bulbuls),4652,402189,42378186,FALSE,FALSE,Phyllastrephus cabanisi,Passeriformes,Pycnonotidae (Bulbuls),4652,402189,42378186,FALSE,FALSE,1581,AVIBASE-24F71192,Phyllastrephus cabanisi,Phyllastrephus cabanisi,Phyllastrephus cabanisi,1,NHMUK,1932.5.10.550,F,0,,NA,United Republic of Tanzania,NA,16.2,8.7,3.3,3.6,19.8,73,6.6,66.4,9,75,CV,1,NA,NA,NA,NA,NA
1487,Phyllastrephus cabanisi,Cabanis's Greenbul,770275.7492,NA,NA,NA,Passeriformes,Pycnonotidae (Bulbuls),4652,402189,42378186,FALSE,FALSE,Phyllastrephus cabanisi,Passeriformes,Pycnonotidae (Bulbuls),4652,402189,42378186,FALSE,FALSE,1622,AVIBASE-24F71192,Phyllastrephus cabanisi,Phyllastrephus cabanisi,Phyllastrephus cabanisi,2,Field1,NA,U,1,,NA,Zambia,NA,17,9.8,4.2,4.5,23.3,81,8,73,9.9,92,MFZ,1,NA,NA,NA,NA,NA
1488,Phyllastrephus cabanisi,Cabanis's Greenbul,770275.7492,NA,NA,NA,Passeriformes,Pycnonotidae (Bulbuls),4652,402189,42378186,FALSE,FALSE,Phyllastrephus cabanisi,Passeriformes,Pycnonotidae (Bulbuls),4652,402189,42378186,FALSE,FALSE,1640,AVIBASE-24F71192,Phyllastrephus cabanisi,Phyllastrephus cabanisi,Phyllastrephus cabanisi,2,Field1,NA,U,0,,NA,Zambia,NA,19.1,12.8,5.2,5.2,26.1,93,9,84,9.7,97,MFZ,1,NA,NA,NA,NA,NA
1489,Phyllastrephus cabanisi,Cabanis's Greenbul,770275.7492,NA,NA,NA,Passeriformes,Pycnonotidae (Bulbuls),4652,402189,42378186,FALSE,FALSE,Phyllastrephus cabanisi,Passeriformes,Pycnonotidae (Bulbuls),4652,402189,42378186,FALSE,FALSE,1591,AVIBASE-24F71192,Phyllastrephus cabanisi,Phyllastrephus cabanisi,Phyllastrephus cabanisi,1,ZFMK,1961-530,F,0,,NA,United Republic of Tanzania,NA,20.6,NA,NA,NA,22.5,77,11,66,14.3,83,AN,0,NA,NA,NA,NA,NA
1490,Phyllastrephus cabanisi,Cabanis's Greenbul,770275.7492,NA,NA,NA,Passeriformes,Pycnonotidae (Bulbuls),4652,402189,42378186,FALSE,FALSE,Phyllastrephus cabanisi,Passeriformes,Pycnonotidae (Bulbuls),4652,402189,42378186,FALSE,FALSE,1626,AVIBASE-24F71192,Phyllastrephus cabanisi,Phyllastrephus cabanisi,Phyllastrephus cabanisi,2,Field1,NA,U,0,,NA,Zambia,NA,17.8,10.3,4.2,4.4,23.8,87,12,75,13.8,96,MFZ,1,NA,NA,NA,NA,NA
1491,Phyllastrephus cabanisi,Cabanis's Greenbul,770275.7492,NA,NA,NA,Passeriformes,Pycnonotidae (Bulbuls),4652,402189,42378186,FALSE,FALSE,Phyllastrephus cabanisi,Passeriformes,Pycnonotidae (Bulbuls),4652,402189,42378186,FALSE,FALSE,1629,AVIBASE-24F71192,Phyllastrephus cabanisi,Phyllastrephus cabanisi,Phyllastrephus cabanisi,2,Field1,NA,U,0,,NA,Zambia,NA,18,11.1,4.5,4.4,23.3,85,12,73,14.1,87,MFZ,1,NA,NA,NA,NA,NA
1492,Phyllastrephus cabanisi,Cabanis's Greenbul,770275.7492,NA,NA,NA,Passeriformes,Pycnonotidae (Bulbuls),4652,402189,42378186,FALSE,FALSE,Phyllastrephus cabanisi,Passeriformes,Pycnonotidae (Bulbuls),4652,402189,42378186,FALSE,FALSE,1592,AVIBASE-24F71192,Phyllastrephus cabanisi,Phyllastrephus cabanisi,Phyllastrephus cabanisi,1,ZFMK,1978-071,M,0,,NA,South Sudan,NA,19.4,NA,NA,NA,21.4,88,14,74,15.9,85,LN,0,NA,NA,NA,NA,NA
1493,Phyllastrephus cabanisi,Cabanis's Greenbul,770275.7492,NA,NA,NA,Passeriformes,Pycnonotidae (Bulbuls),4652,402189,42378186,FALSE,FALSE,Phyllastrephus cabanisi,Passeriformes,Pycnonotidae (Bulbuls),4652,402189,42378186,FALSE,FALSE,1621,AVIBASE-24F71192,Phyllastrephus cabanisi,Phyllastrephus cabanisi,Phyllastrephus cabanisi,2,Field1,NA,U,1,,NA,Zambia,NA,20.2,11.3,4.8,4.7,24.4,92,12,80,13,94,MFZ,1,NA,NA,NA,NA,NA
1494,Phyllastrephus cabanisi,Cabanis's Greenbul,770275.7492,NA,NA,NA,Passeriformes,Pycnonotidae (Bulbuls),4652,402189,42378186,FALSE,FALSE,Phyllastrephus cabanisi,Passeriformes,Pycnonotidae (Bulbuls),4652,402189,42378186,FALSE,FALSE,1625,AVIBASE-24F71192,Phyllastrephus cabanisi,Phyllastrephus cabanisi,Phyllastrephus cabanisi,2,Field1,NA,U,1,,NA,Zambia,NA,16.3,9.3,4.5,4.6,22.8,77,8,69,10.4,81,MFZ,1,NA,NA,NA,NA,NA
1495,Phyllastrephus cabanisi,Cabanis's Greenbul,770275.7492,NA,NA,NA,Passeriformes,Pycnonotidae (Bulbuls),4652,402189,42378186,FALSE,FALSE,Phyllastrephus cabanisi,Passeriformes,Pycnonotidae (Bulbuls),4652,402189,42378186,FALSE,FALSE,1590,AVIBASE-24F71192,Phyllastrephus cabanisi,Phyllastrephus cabanisi,Phyllastrephus cabanisi,1,ZFMK,1959-536,M,0,,NA,United Republic of Tanzania,NA,22.1,NA,NA,NA,22.5,87,11.5,75.5,13.2,85,AN,0,NA,NA,NA,NA,NA
1496,Phyllastrephus cabanisi,Cabanis's Greenbul,770275.7492,NA,NA,NA,Passeriformes,Pycnonotidae (Bulbuls),4652,402189,42378186,FALSE,FALSE,Phyllastrephus cabanisi,Passeriformes,Pycnonotidae (Bulbuls),4652,402189,42378186,FALSE,FALSE,1619,AVIBASE-24F71192,Phyllastrephus cabanisi,Phyllastrephus cabanisi,Phyllastrephus cabanisi,2,Field1,NA,U,0,,NA,Zambia,NA,18.5,10.3,4.3,4.3,23.8,83,11,72,13.3,96,MFZ,1,NA,NA,NA,NA,NA
1497,Phyllastrephus cabanisi,Cabanis's Greenbul,770275.7492,NA,NA,NA,Passeriformes,Pycnonotidae (Bulbuls),4652,402189,42378186,FALSE,FALSE,Phyllastrephus cabanisi,Passeriformes,Pycnonotidae (Bulbuls),4652,402189,42378186,FALSE,FALSE,1617,AVIBASE-24F71192,Phyllastrephus cabanisi,Phyllastrephus cabanisi,Phyllastrephus cabanisi,2,Field1,NA,U,0,,NA,United Republic of Tanzania,NA,19.9,11.4,3.8,4.8,23.4,84,10,74,11.9,80,MNC,1,NA,NA,NA,NA,NA
1498,Phyllastrephus cabanisi,Cabanis's Greenbul,770275.7492,NA,NA,NA,Passeriformes,Pycnonotidae (Bulbuls),4652,402189,42378186,FALSE,FALSE,Phyllastrephus cabanisi,Passeriformes,Pycnonotidae (Bulbuls),4652,402189,42378186,FALSE,FALSE,1582,AVIBASE-24F71192,Phyllastrephus cabanisi,Phyllastrephus cabanisi,Phyllastrephus cabanisi,1,NHMUK,1934.10.19.64,F,0,,NA,Democratic Republic of the Congo,NA,17.5,9,3.8,4,20.3,87,11.7,75.3,13.4,87,CV,1,NA,NA,NA,NA,NA
1499,Phyllastrephus cabanisi,Cabanis's Greenbul,770275.7492,NA,NA,NA,Passeriformes,Pycnonotidae (Bulbuls),4652,402189,42378186,FALSE,FALSE,Phyllastrephus cabanisi,Passeriformes,Pycnonotidae (Bulbuls),4652,402189,42378186,FALSE,FALSE,1620,AVIBASE-24F71192,Phyllastrephus cabanisi,Phyllastrephus cabanisi,Phyllastrephus cabanisi,2,Field1,NA,U,1,,NA,Zambia,NA,17.7,9.7,4.8,4.5,22.2,78,8,70,10.3,82,MFZ,1,NA,NA,NA,NA,NA
1500,Phyllastrephus cabanisi,Cabanis's Greenbul,770275.7492,NA,NA,NA,Passeriformes,Pycnonotidae (Bulbuls),4652,402189,42378186,FALSE,FALSE,Phyllastrephus cabanisi,Passeriformes,Pycnonotidae (Bulbuls),4652,402189,42378186,FALSE,FALSE,1630,AVIBASE-24F71192,Phyllastrephus cabanisi,Phyllastrephus cabanisi,Phyllastrephus cabanisi,2,Field1,NA,U,0,,NA,Zambia,NA,20,11.8,4.6,5.3,24.7,94,8,86,8.5,95,MFZ,1,NA,NA,NA,NA,NA
1501,Phyllastrephus cerviniventris,Gray-olive Greenbul,451759.9324,NA,NA,NA,Passeriformes,Pycnonotidae (Bulbuls),3295,288082,27794069,TRUE,FALSE,Phyllastrephus cerviniventris,Passeriformes,Pycnonotidae (Bulbuls),3295,288082,27794069,TRUE,FALSE,1646,AVIBASE-7CE29E0E,Phyllastrephus cerviniventris,Phyllastrephus cerviniventris,Phyllastrephus cerviniventris,1,NHMUK,1933.3.1.665,M,0,,NA,Mozambique,NA,19.6,11.4,3.9,4.1,21.4,89,11.5,77.5,12.9,88,CV,1,NA,NA,NA,NA,NA
1502,Phyllastrephus cerviniventris,Gray-olive Greenbul,451759.9324,NA,NA,NA,Passeriformes,Pycnonotidae (Bulbuls),3295,288082,27794069,TRUE,FALSE,Phyllastrephus cerviniventris,Passeriformes,Pycnonotidae (Bulbuls),3295,288082,27794069,TRUE,FALSE,1644,AVIBASE-7CE29E0E,Phyllastrephus cerviniventris,Phyllastrephus cerviniventris,Phyllastrephus cerviniventris,1,NHMUK,1933.3.1.655,F,0,,NA,Malawi,NA,17.6,9.5,3.2,3.8,19.2,79,9.6,69.4,12.2,81,CV,1,NA,NA,NA,NA,NA
1503,Phyllastrephus cerviniventris,Gray-olive Greenbul,451759.9324,NA,NA,NA,Passeriformes,Pycnonotidae (Bulbuls),3295,288082,27794069,TRUE,FALSE,Phyllastrephus cerviniventris,Passeriformes,Pycnonotidae (Bulbuls),3295,288082,27794069,TRUE,FALSE,1645,AVIBASE-7CE29E0E,Phyllastrephus cerviniventris,Phyllastrephus cerviniventris,Phyllastrephus cerviniventris,1,NHMUK,1933.3.1.663,M,0,,NA,Mozambique,NA,18.5,11.1,3.8,3.8,21.5,83,10,73,12,82,CV,1,NA,NA,NA,NA,NA
1504,Phyllastrephus cerviniventris,Gray-olive Greenbul,451759.9324,NA,NA,NA,Passeriformes,Pycnonotidae (Bulbuls),3295,288082,27794069,TRUE,FALSE,Phyllastrephus cerviniventris,Passeriformes,Pycnonotidae (Bulbuls),3295,288082,27794069,TRUE,FALSE,1643,AVIBASE-7CE29E0E,Phyllastrephus cerviniventris,Phyllastrephus cerviniventris,Phyllastrephus cerviniventris,1,NHMUK,1933.3.1.652,F,0,,NA,Mozambique,NA,18.8,9.9,3.3,3.7,21.5,80,11.3,68.7,14.1,80,CV,1,NA,NA,NA,NA,NA
1505,Phyllastrephus cerviniventris,Gray-olive Greenbul,451759.9324,NA,NA,NA,Passeriformes,Pycnonotidae (Bulbuls),3295,288082,27794069,TRUE,FALSE,Phyllastrephus cerviniventris,Passeriformes,Pycnonotidae (Bulbuls),3295,288082,27794069,TRUE,FALSE,1647,AVIBASE-7CE29E0E,Phyllastrephus cerviniventris,Phyllastrephus cerviniventris,Phyllastrephus cerviniventris,1,NHMUK,1936.7.2.127,M,0,,NA,NA,NA,21.2,NA,3.8,4.5,19.9,84,NA,NA,NA,89,GT,0,NA,NA,NA,NA,NA
1506,Phyllastrephus debilis,Tiny Greenbul,77086.80442,NA,NA,NA,Passeriformes,Pycnonotidae (Bulbuls),8367,716472,60962688,TRUE,FALSE,Phyllastrephus debilis,Passeriformes,Pycnonotidae (Bulbuls),8367,716472,60962688,TRUE,FALSE,1652,AVIBASE-FA137697,Phyllastrephus debilis,Phyllastrephus debilis,Phyllastrephus debilis,1,NHMUK,1946.5.710,M,0,,NA,NA,NA,16,NA,3.5,3.6,17.4,70,NA,NA,NA,64,GT,0,NA,NA,NA,NA,NA
1507,Phyllastrephus debilis,Tiny Greenbul,77086.80442,NA,NA,NA,Passeriformes,Pycnonotidae (Bulbuls),8367,716472,60962688,TRUE,FALSE,Phyllastrephus debilis,Passeriformes,Pycnonotidae (Bulbuls),8367,716472,60962688,TRUE,FALSE,1648,AVIBASE-FA137697,Phyllastrephus debilis,Phyllastrephus debilis,Phyllastrephus debilis,1,NHMUK,1928.2.5.15,M,0,,NA,Mozambique,NA,13.9,8.1,3,4,16.4,62,5.4,56.6,8.7,60,CS,1,NA,NA,NA,NA,NA
1508,Phyllastrephus debilis,Tiny Greenbul,77086.80442,NA,NA,NA,Passeriformes,Pycnonotidae (Bulbuls),8367,716472,60962688,TRUE,FALSE,Phyllastrephus debilis,Passeriformes,Pycnonotidae (Bulbuls),8367,716472,60962688,TRUE,FALSE,1651,AVIBASE-FA137697,Phyllastrephus debilis,Phyllastrephus debilis,Phyllastrephus debilis,1,NHMUK,1946.5.713,F,0,,NA,Mozambique,NA,16.1,9.7,3.5,3.8,17.6,64,6.6,57.4,10.3,68,CS,1,NA,NA,NA,NA,NA
1509,Phyllastrephus debilis,Tiny Greenbul,77086.80442,NA,NA,NA,Passeriformes,Pycnonotidae (Bulbuls),8367,716472,60962688,TRUE,FALSE,Phyllastrephus debilis,Passeriformes,Pycnonotidae (Bulbuls),8367,716472,60962688,TRUE,FALSE,1649,AVIBASE-FA137697,Phyllastrephus debilis,Phyllastrephus debilis,Phyllastrephus debilis,1,NHMUK,1945.47.14,F,0,,NA,United Republic of Tanzania,NA,14.2,8.8,3.6,3.6,16,62,8,54,12.9,59,CS,1,NA,NA,NA,NA,NA
1510,Phyllastrephus debilis,Tiny Greenbul,77086.80442,NA,NA,NA,Passeriformes,Pycnonotidae (Bulbuls),8367,716472,60962688,TRUE,FALSE,Phyllastrephus debilis,Passeriformes,Pycnonotidae (Bulbuls),8367,716472,60962688,TRUE,FALSE,1650,AVIBASE-FA137697,Phyllastrephus debilis,Phyllastrephus debilis,Phyllastrephus debilis,1,NHMUK,1946.5.711,M,0,,NA,Mozambique,NA,15.9,8.8,3.2,3.7,16.6,65,8.3,56.7,12.8,69,CS,1,NA,NA,NA,NA,NA
1511,Phyllastrephus fischeri,Fischer's Greenbul,104577.2353,NA,NA,NA,Passeriformes,Pycnonotidae (Bulbuls),504,43002,3921793,TRUE,FALSE,Phyllastrephus fischeri,Passeriformes,Pycnonotidae (Bulbuls),504,43002,3921793,TRUE,FALSE,1658,AVIBASE-2DA2C52F,Phyllastrephus fischeri,Phyllastrephus fischeri,Phyllastrephus fischeri,2,Field1,NA,U,0,,NA,United Republic of Tanzania,NA,18.5,10.8,3.7,4.3,22.8,75,10,65,13.3,80,MNC,1,NA,NA,NA,NA,NA
1512,Phyllastrephus fischeri,Fischer's Greenbul,104577.2353,NA,NA,NA,Passeriformes,Pycnonotidae (Bulbuls),504,43002,3921793,TRUE,FALSE,Phyllastrephus fischeri,Passeriformes,Pycnonotidae (Bulbuls),504,43002,3921793,TRUE,FALSE,1655,AVIBASE-2DA2C52F,Phyllastrephus fischeri,Phyllastrephus fischeri,Phyllastrephus fischeri,1,NHMUK,1971.16.64,M,0,,NA,Kenya,NA,22.1,12.7,3.6,4.3,19.1,85,12.2,72.8,14.4,87,CV,1,NA,NA,NA,NA,NA
1513,Phyllastrephus fischeri,Fischer's Greenbul,104577.2353,NA,NA,NA,Passeriformes,Pycnonotidae (Bulbuls),504,43002,3921793,TRUE,FALSE,Phyllastrephus fischeri,Passeriformes,Pycnonotidae (Bulbuls),504,43002,3921793,TRUE,FALSE,1659,AVIBASE-2DA2C52F,Phyllastrephus fischeri,Phyllastrephus fischeri,Phyllastrephus fischeri,2,Field1,NA,U,0,,NA,United Republic of Tanzania,NA,22,13,3.8,4.8,22.1,87,15,72,17.2,90,MNC,1,NA,NA,NA,NA,NA
1514,Phyllastrephus fischeri,Fischer's Greenbul,104577.2353,NA,NA,NA,Passeriformes,Pycnonotidae (Bulbuls),504,43002,3921793,TRUE,FALSE,Phyllastrephus fischeri,Passeriformes,Pycnonotidae (Bulbuls),504,43002,3921793,TRUE,FALSE,1657,AVIBASE-2DA2C52F,Phyllastrephus fischeri,Phyllastrephus fischeri,Phyllastrephus fischeri,2,Field1,NA,U,0,,NA,United Republic of Tanzania,NA,23.5,13.6,3.5,4.4,22,85,11,74,12.9,89,MNC,1,NA,NA,NA,NA,NA
1515,Phyllastrephus fischeri,Fischer's Greenbul,104577.2353,NA,NA,NA,Passeriformes,Pycnonotidae (Bulbuls),504,43002,3921793,TRUE,FALSE,Phyllastrephus fischeri,Passeriformes,Pycnonotidae (Bulbuls),504,43002,3921793,TRUE,FALSE,1660,AVIBASE-2DA2C52F,Phyllastrephus fischeri,Phyllastrephus fischeri,Phyllastrephus fischeri,2,Field1,NA,U,0,,NA,United Republic of Tanzania,NA,18.5,10.6,4,4.3,23.5,75,14,61,18.7,82,MNC,1,NA,NA,NA,NA,NA
1516,Phyllastrephus fischeri,Fischer's Greenbul,104577.2353,NA,NA,NA,Passeriformes,Pycnonotidae (Bulbuls),504,43002,3921793,TRUE,FALSE,Phyllastrephus fischeri,Passeriformes,Pycnonotidae (Bulbuls),504,43002,3921793,TRUE,FALSE,1653,AVIBASE-2DA2C52F,Phyllastrephus fischeri,Phyllastrephus fischeri,Phyllastrephus fischeri,1,NHMUK,1931.10.21.2,M,0,,NA,Kenya,NA,23.3,13.9,4.1,4.5,19.5,89,9.8,79.2,11,91,CV,1,NA,NA,NA,NA,NA
1517,Phyllastrephus fischeri,Fischer's Greenbul,104577.2353,NA,NA,NA,Passeriformes,Pycnonotidae (Bulbuls),504,43002,3921793,TRUE,FALSE,Phyllastrephus fischeri,Passeriformes,Pycnonotidae (Bulbuls),504,43002,3921793,TRUE,FALSE,1654,AVIBASE-2DA2C52F,Phyllastrephus fischeri,Phyllastrephus fischeri,Phyllastrephus fischeri,1,NHMUK,1931.10.21.5,F,0,,NA,Kenya,NA,18.6,10.6,3.7,4.5,21.2,79,7.5,71.5,9.5,79,CV,1,NA,NA,NA,NA,NA
1518,Phyllastrephus fischeri,Fischer's Greenbul,104577.2353,NA,NA,NA,Passeriformes,Pycnonotidae (Bulbuls),504,43002,3921793,TRUE,FALSE,Phyllastrephus fischeri,Passeriformes,Pycnonotidae (Bulbuls),504,43002,3921793,TRUE,FALSE,1661,AVIBASE-2DA2C52F,Phyllastrephus fischeri,Phyllastrephus fischeri,Phyllastrephus fischeri,1,NHMUK,1931.10.21.1,M,0,,NA,NA,NA,22.2,NA,3.5,4.6,20.5,87,NA,NA,NA,90,GT,0,NA,NA,NA,NA,NA
1519,Phyllastrephus fischeri,Fischer's Greenbul,104577.2353,NA,NA,NA,Passeriformes,Pycnonotidae (Bulbuls),504,43002,3921793,TRUE,FALSE,Phyllastrephus fischeri,Passeriformes,Pycnonotidae (Bulbuls),504,43002,3921793,TRUE,FALSE,1656,AVIBASE-2DA2C52F,Phyllastrephus fischeri,Phyllastrephus fischeri,Phyllastrephus fischeri,1,NHMUK,1971.16.67,F,0,,NA,Kenya,NA,17.6,10.3,3.4,3.8,19.7,78,9.4,68.6,12.1,78,CV,1,NA,NA,NA,NA,NA
1520,Phyllastrephus flavostriatus,Yellow-streaked Greenbul,171575.2676,NA,NA,NA,Passeriformes,Pycnonotidae (Bulbuls),10245,878365,78083183,TRUE,FALSE,Phyllastrephus flavostriatus,Passeriformes,Pycnonotidae (Bulbuls),10245,878365,78083183,TRUE,FALSE,1676,AVIBASE-651384DF,Phyllastrephus flavostriatus,Phyllastrephus flavostriatus,Phyllastrephus flavostriatus,2,Field1,NA,U,0,,NA,United Republic of Tanzania,NA,20.8,11.5,3.8,4.3,21.5,80,12,68,15,81,MNC,1,NA,NA,NA,NA,NA
1521,Phyllastrephus flavostriatus,Yellow-streaked Greenbul,171575.2676,NA,NA,NA,Passeriformes,Pycnonotidae (Bulbuls),10245,878365,78083183,TRUE,FALSE,Phyllastrephus flavostriatus,Passeriformes,Pycnonotidae (Bulbuls),10245,878365,78083183,TRUE,FALSE,1663,AVIBASE-651384DF,Phyllastrephus flavostriatus,Phyllastrephus flavostriatus,Phyllastrephus flavostriatus,1,NHMUK,1905.12.29.1974,M,0,,NA,South Africa,NA,23.3,13.7,3.7,4.9,23.3,91,10.3,80.7,11.3,86,CS,1,NA,NA,NA,NA,NA
1522,Phyllastrephus flavostriatus,Yellow-streaked Greenbul,171575.2676,NA,NA,NA,Passeriformes,Pycnonotidae (Bulbuls),10245,878365,78083183,TRUE,FALSE,Phyllastrephus flavostriatus,Passeriformes,Pycnonotidae (Bulbuls),10245,878365,78083183,TRUE,FALSE,1670,AVIBASE-651384DF,Phyllastrephus flavostriatus,Phyllastrephus flavostriatus,Phyllastrephus flavostriatus,2,Field1,NA,U,0,,NA,United Republic of Tanzania,NA,23,13.3,4.8,4.4,23.3,92,14,78,15.2,92,MNC,1,NA,NA,NA,NA,NA
1523,Phyllastrephus flavostriatus,Yellow-streaked Greenbul,171575.2676,NA,NA,NA,Passeriformes,Pycnonotidae (Bulbuls),10245,878365,78083183,TRUE,FALSE,Phyllastrephus flavostriatus,Passeriformes,Pycnonotidae (Bulbuls),10245,878365,78083183,TRUE,FALSE,1667,AVIBASE-651384DF,Phyllastrephus flavostriatus,Phyllastrephus flavostriatus,Phyllastrephus flavostriatus,1,NHMUK,1949.73.78,M,0,,NA,Zambia,NA,18.5,10.8,4.2,4.6,21.6,85.5,12.6,72.9,14.7,82,CS,1,NA,NA,NA,NA,NA
1524,Phyllastrephus flavostriatus,Yellow-streaked Greenbul,171575.2676,NA,NA,NA,Passeriformes,Pycnonotidae (Bulbuls),10245,878365,78083183,TRUE,FALSE,Phyllastrephus flavostriatus,Passeriformes,Pycnonotidae (Bulbuls),10245,878365,78083183,TRUE,FALSE,1675,AVIBASE-651384DF,Phyllastrephus flavostriatus,Phyllastrephus flavostriatus,Phyllastrephus flavostriatus,2,Field1,NA,U,0,,NA,United Republic of Tanzania,NA,20.8,11.7,4.2,4,21.6,84,11,73,13.1,86,MNC,1,NA,NA,NA,NA,NA
1525,Phyllastrephus flavostriatus,Yellow-streaked Greenbul,171575.2676,NA,NA,NA,Passeriformes,Pycnonotidae (Bulbuls),10245,878365,78083183,TRUE,FALSE,Phyllastrephus flavostriatus,Passeriformes,Pycnonotidae (Bulbuls),10245,878365,78083183,TRUE,FALSE,1662,AVIBASE-651384DF,Phyllastrephus flavostriatus,Phyllastrephus flavostriatus,Phyllastrephus flavostriatus,1,NHMUK,1905.12.29.1970,F,0,,NA,South Africa,NA,21.7,12.6,3.2,4.2,19.9,82,10.1,71.9,12.3,83,CS,1,NA,NA,NA,NA,NA
1526,Phyllastrephus flavostriatus,Yellow-streaked Greenbul,171575.2676,NA,NA,NA,Passeriformes,Pycnonotidae (Bulbuls),10245,878365,78083183,TRUE,FALSE,Phyllastrephus flavostriatus,Passeriformes,Pycnonotidae (Bulbuls),10245,878365,78083183,TRUE,FALSE,1671,AVIBASE-651384DF,Phyllastrephus flavostriatus,Phyllastrephus flavostriatus,Phyllastrephus flavostriatus,2,Field1,NA,U,0,,NA,United Republic of Tanzania,NA,22.3,13.5,4.1,4.6,22.5,92,13,79,14.1,92,MNC,1,NA,NA,NA,NA,NA
1527,Phyllastrephus flavostriatus,Yellow-streaked Greenbul,171575.2676,NA,NA,NA,Passeriformes,Pycnonotidae (Bulbuls),10245,878365,78083183,TRUE,FALSE,Phyllastrephus flavostriatus,Passeriformes,Pycnonotidae (Bulbuls),10245,878365,78083183,TRUE,FALSE,1664,AVIBASE-651384DF,Phyllastrephus flavostriatus,Phyllastrephus flavostriatus,Phyllastrephus flavostriatus,1,NHMUK,1905.12.29.1976,F,0,,NA,South Africa,NA,19.2,11,3.3,4.8,21.7,84.5,9.4,75.1,11.1,79.5,CS,1,NA,NA,NA,NA,NA
1528,Phyllastrephus flavostriatus,Yellow-streaked Greenbul,171575.2676,NA,NA,NA,Passeriformes,Pycnonotidae (Bulbuls),10245,878365,78083183,TRUE,FALSE,Phyllastrephus flavostriatus,Passeriformes,Pycnonotidae (Bulbuls),10245,878365,78083183,TRUE,FALSE,1665,AVIBASE-651384DF,Phyllastrephus flavostriatus,Phyllastrephus flavostriatus,Phyllastrephus flavostriatus,1,NHMUK,1945.34.105,M,0,,NA,United Republic of Tanzania,NA,21.3,12.2,3.8,5.1,23.8,100,13.1,86.9,13.1,103,CS,1,NA,NA,NA,NA,NA
1529,Phyllastrephus flavostriatus,Yellow-streaked Greenbul,171575.2676,NA,NA,NA,Passeriformes,Pycnonotidae (Bulbuls),10245,878365,78083183,TRUE,FALSE,Phyllastrephus flavostriatus,Passeriformes,Pycnonotidae (Bulbuls),10245,878365,78083183,TRUE,FALSE,1666,AVIBASE-651384DF,Phyllastrephus flavostriatus,Phyllastrephus flavostriatus,Phyllastrephus flavostriatus,1,NHMUK,1945.34.106,F,0,,NA,United Republic of Tanzania,NA,18.2,10.9,4,5,21,83,9.9,73.1,11.9,89,CS,1,NA,NA,NA,NA,NA
1530,Phyllastrephus flavostriatus,Yellow-streaked Greenbul,171575.2676,NA,NA,NA,Passeriformes,Pycnonotidae (Bulbuls),10245,878365,78083183,TRUE,FALSE,Phyllastrephus flavostriatus,Passeriformes,Pycnonotidae (Bulbuls),10245,878365,78083183,TRUE,FALSE,1668,AVIBASE-651384DF,Phyllastrephus flavostriatus,Phyllastrephus flavostriatus,Phyllastrephus flavostriatus,1,NHMUK,1959.2.25.297,F,0,,NA,Malawi,NA,16.5,9.7,3.3,3.9,18.8,80,12.1,67.9,15.1,80,CS,1,NA,NA,NA,NA,NA
1531,Phyllastrephus flavostriatus,Yellow-streaked Greenbul,171575.2676,NA,NA,NA,Passeriformes,Pycnonotidae (Bulbuls),10245,878365,78083183,TRUE,FALSE,Phyllastrephus flavostriatus,Passeriformes,Pycnonotidae (Bulbuls),10245,878365,78083183,TRUE,FALSE,1669,AVIBASE-651384DF,Phyllastrephus flavostriatus,Phyllastrephus flavostriatus,Phyllastrephus flavostriatus,1,NHMUK,76.6.5.1,M,0,,NA,South Africa,NA,23.4,13.9,3.4,5.2,23.9,96,12.7,83.3,13.2,91,CS,1,NA,NA,NA,NA,NA
1532,Phyllastrephus flavostriatus,Yellow-streaked Greenbul,171575.2676,NA,NA,NA,Passeriformes,Pycnonotidae (Bulbuls),10245,878365,78083183,TRUE,FALSE,Phyllastrephus flavostriatus,Passeriformes,Pycnonotidae (Bulbuls),10245,878365,78083183,TRUE,FALSE,1673,AVIBASE-651384DF,Phyllastrephus flavostriatus,Phyllastrephus flavostriatus,Phyllastrephus flavostriatus,2,Field1,NA,U,0,,NA,United Republic of Tanzania,NA,20,11,3.7,4,22,83,14,69,16.9,81,MNC,1,NA,NA,NA,NA,NA
1533,Phyllastrephus flavostriatus,Yellow-streaked Greenbul,171575.2676,NA,NA,NA,Passeriformes,Pycnonotidae (Bulbuls),10245,878365,78083183,TRUE,FALSE,Phyllastrephus flavostriatus,Passeriformes,Pycnonotidae (Bulbuls),10245,878365,78083183,TRUE,FALSE,1674,AVIBASE-651384DF,Phyllastrephus flavostriatus,Phyllastrephus flavostriatus,Phyllastrephus flavostriatus,2,Field1,NA,U,0,,NA,United Republic of Tanzania,NA,21.9,12.3,4.3,4.7,23.6,90,15,75,16.7,90,MNC,1,NA,NA,NA,NA,NA
1534,Phyllastrephus flavostriatus,Yellow-streaked Greenbul,171575.2676,NA,NA,NA,Passeriformes,Pycnonotidae (Bulbuls),10245,878365,78083183,TRUE,FALSE,Phyllastrephus flavostriatus,Passeriformes,Pycnonotidae (Bulbuls),10245,878365,78083183,TRUE,FALSE,1672,AVIBASE-651384DF,Phyllastrephus flavostriatus,Phyllastrephus flavostriatus,Phyllastrephus flavostriatus,2,Field1,NA,U,0,,NA,United Republic of Tanzania,NA,20,11.1,4,4.4,23,86,15,71,17.4,86,MNC,1,NA,NA,NA,NA,NA
1535,Phyllastrephus hypochloris,Toro Olive-Greenbul,51992.11246,X,X,X,Passeriformes,Pycnonotidae (Bulbuls),845,85165,7007332,TRUE,FALSE,Phyllastrephus hypochloris,Passeriformes,Pycnonotidae (Bulbuls),845,85165,7007332,TRUE,FALSE,1683,AVIBASE-2E3D5AAF,Phyllastrephus hypochloris,Phyllastrephus hypochloris,Phyllastrephus hypochloris,1,NHMUK,1936.9.13.11,M,0,,NA,Sudan,NA,18.5,10.1,4.2,4.6,20.5,75,6.7,68.3,8.9,81,CV,1,NA,NA,NA,NA,NA
1536,Phyllastrephus hypochloris,Toro Olive-Greenbul,51992.11246,X,X,X,Passeriformes,Pycnonotidae (Bulbuls),845,85165,7007332,TRUE,FALSE,Phyllastrephus hypochloris,Passeriformes,Pycnonotidae (Bulbuls),845,85165,7007332,TRUE,FALSE,1685,AVIBASE-2E3D5AAF,Phyllastrephus hypochloris,Phyllastrephus hypochloris,Phyllastrephus hypochloris,1,NHMUK,1939.12.9.3083,F,0,,NA,Kenya,NA,19,10.3,4.4,4,19.8,76,4.6,71.4,6.1,81,CV,1,NA,NA,NA,NA,NA
1537,Phyllastrephus hypochloris,Toro Olive-Greenbul,51992.11246,X,X,X,Passeriformes,Pycnonotidae (Bulbuls),845,85165,7007332,TRUE,FALSE,Phyllastrephus hypochloris,Passeriformes,Pycnonotidae (Bulbuls),845,85165,7007332,TRUE,FALSE,1686,AVIBASE-2E3D5AAF,Phyllastrephus hypochloris,Phyllastrephus hypochloris,Phyllastrephus hypochloris,1,NHMUK,1936.9.13.10,M,0,,NA,NA,NA,21.1,NA,4.5,NA,NA,NA,NA,NA,NA,82,GT,0,NA,NA,NA,NA,NA
1538,Phyllastrephus hypochloris,Toro Olive-Greenbul,51992.11246,X,X,X,Passeriformes,Pycnonotidae (Bulbuls),845,85165,7007332,TRUE,FALSE,Phyllastrephus hypochloris,Passeriformes,Pycnonotidae (Bulbuls),845,85165,7007332,TRUE,FALSE,1682,AVIBASE-2E3D5AAF,Phyllastrephus hypochloris,Phyllastrephus hypochloris,Phyllastrephus hypochloris,1,NHMUK,1933.5.31.10,F,0,,NA,Uganda,NA,17.4,9.6,4.2,4.2,20.1,74,7,67,9.5,73,CV,1,NA,NA,NA,NA,NA
1539,Phyllastrephus hypochloris,Toro Olive-Greenbul,51992.11246,X,X,X,Passeriformes,Pycnonotidae (Bulbuls),845,85165,7007332,TRUE,FALSE,Phyllastrephus hypochloris,Passeriformes,Pycnonotidae (Bulbuls),845,85165,7007332,TRUE,FALSE,1684,AVIBASE-2E3D5AAF,Phyllastrephus hypochloris,Phyllastrephus hypochloris,Phyllastrephus hypochloris,1,NHMUK,1939.10.1.23,M,0,,NA,Sudan,NA,19.7,10.4,4,4.5,19.8,83,8.8,74.2,10.6,86,CV,1,NA,NA,NA,NA,NA
1540,Phyllastrephus icterinus,Icterine Greenbul,954847.4598,NA,NA,NA,Passeriformes,Pycnonotidae (Bulbuls),7406,691717,57919969,TRUE,FALSE,Phyllastrephus icterinus,Passeriformes,Pycnonotidae (Bulbuls),7406,691717,57919969,TRUE,FALSE,1692,AVIBASE-DD741082,Phyllastrephus icterinus,Phyllastrephus icterinus,Phyllastrephus icterinus,2,Field1,NA,U,0,,NA,Equatorial Guinea,NA,NA,NA,NA,NA,NA,72,NA,NA,NA,70,LLP,0,NA,NA,NA,NA,NA
1541,Phyllastrephus icterinus,Icterine Greenbul,954847.4598,NA,NA,NA,Passeriformes,Pycnonotidae (Bulbuls),7406,691717,57919969,TRUE,FALSE,Phyllastrephus icterinus,Passeriformes,Pycnonotidae (Bulbuls),7406,691717,57919969,TRUE,FALSE,1694,AVIBASE-DD741082,Phyllastrephus icterinus,Phyllastrephus icterinus,Phyllastrephus icterinus,2,Field1,NA,U,0,,NA,Equatorial Guinea,NA,NA,NA,NA,NA,NA,67,NA,NA,NA,63,SEM,0,NA,NA,NA,NA,NA
1542,Phyllastrephus icterinus,Icterine Greenbul,954847.4598,NA,NA,NA,Passeriformes,Pycnonotidae (Bulbuls),7406,691717,57919969,TRUE,FALSE,Phyllastrephus icterinus,Passeriformes,Pycnonotidae (Bulbuls),7406,691717,57919969,TRUE,FALSE,1693,AVIBASE-DD741082,Phyllastrephus icterinus,Phyllastrephus icterinus,Phyllastrephus icterinus,2,Field1,NA,U,0,,NA,Equatorial Guinea,NA,NA,NA,NA,NA,NA,65,NA,NA,NA,72,SAL,0,NA,NA,NA,NA,NA
1543,Phyllastrephus icterinus,Icterine Greenbul,954847.4598,NA,NA,NA,Passeriformes,Pycnonotidae (Bulbuls),7406,691717,57919969,TRUE,FALSE,Phyllastrephus icterinus,Passeriformes,Pycnonotidae (Bulbuls),7406,691717,57919969,TRUE,FALSE,1688,AVIBASE-DD741082,Phyllastrephus icterinus,Phyllastrephus icterinus,Phyllastrephus icterinus,1,NHMUK,1911.12.223.1688,F,0,,NA,Equatorial Guinea,NA,18.5,10.7,3.9,4.3,17.5,73,7.6,65.4,10.4,66,CS,1,NA,NA,NA,NA,NA
1544,Phyllastrephus icterinus,Icterine Greenbul,954847.4598,NA,NA,NA,Passeriformes,Pycnonotidae (Bulbuls),7406,691717,57919969,TRUE,FALSE,Phyllastrephus icterinus,Passeriformes,Pycnonotidae (Bulbuls),7406,691717,57919969,TRUE,FALSE,1709,AVIBASE-DD741082,Phyllastrephus icterinus,Phyllastrephus icterinus,Phyllastrephus icterinus,2,Field1,NA,U,0,,NA,Ghana,NA,15.6,10,5,4.2,24.9,81,9,72,11.1,75,NNDA,1,NA,NA,NA,NA,NA
1545,Phyllastrephus icterinus,Icterine Greenbul,954847.4598,NA,NA,NA,Passeriformes,Pycnonotidae (Bulbuls),7406,691717,57919969,TRUE,FALSE,Phyllastrephus icterinus,Passeriformes,Pycnonotidae (Bulbuls),7406,691717,57919969,TRUE,FALSE,1690,AVIBASE-DD741082,Phyllastrephus icterinus,Phyllastrephus icterinus,Phyllastrephus icterinus,1,NHMUK,1966.16.1324,M,0,,NA,Nigeria,NA,19.1,12,4.1,4.5,18.8,75,7.5,67.5,10,72,CS,1,NA,NA,NA,NA,NA
1546,Phyllastrephus icterinus,Icterine Greenbul,954847.4598,NA,NA,NA,Passeriformes,Pycnonotidae (Bulbuls),7406,691717,57919969,TRUE,FALSE,Phyllastrephus icterinus,Passeriformes,Pycnonotidae (Bulbuls),7406,691717,57919969,TRUE,FALSE,1698,AVIBASE-DD741082,Phyllastrephus icterinus,Phyllastrephus icterinus,Phyllastrephus icterinus,2,Field1,NA,U,0,,NA,Equatorial Guinea,NA,NA,NA,NA,NA,NA,75,NA,NA,NA,71,SAL,0,NA,NA,NA,NA,NA
1547,Phyllastrephus icterinus,Icterine Greenbul,954847.4598,NA,NA,NA,Passeriformes,Pycnonotidae (Bulbuls),7406,691717,57919969,TRUE,FALSE,Phyllastrephus icterinus,Passeriformes,Pycnonotidae (Bulbuls),7406,691717,57919969,TRUE,FALSE,1708,AVIBASE-DD741082,Phyllastrephus icterinus,Phyllastrephus icterinus,Phyllastrephus icterinus,2,Field1,NA,U,0,,NA,Ghana,NA,19,11.4,5.3,3.5,18.8,75,11.1,63.9,14.8,69,NNDA,1,NA,NA,NA,NA,NA
1548,Phyllastrephus icterinus,Icterine Greenbul,954847.4598,NA,NA,NA,Passeriformes,Pycnonotidae (Bulbuls),7406,691717,57919969,TRUE,FALSE,Phyllastrephus icterinus,Passeriformes,Pycnonotidae (Bulbuls),7406,691717,57919969,TRUE,FALSE,1701,AVIBASE-DD741082,Phyllastrephus icterinus,Phyllastrephus icterinus,Phyllastrephus icterinus,2,Field1,NA,U,0,,NA,Equatorial Guinea,NA,NA,NA,NA,NA,NA,68,NA,NA,NA,60,LLP,0,NA,NA,NA,NA,NA
1549,Phyllastrephus icterinus,Icterine Greenbul,954847.4598,NA,NA,NA,Passeriformes,Pycnonotidae (Bulbuls),7406,691717,57919969,TRUE,FALSE,Phyllastrephus icterinus,Passeriformes,Pycnonotidae (Bulbuls),7406,691717,57919969,TRUE,FALSE,1691,AVIBASE-DD741082,Phyllastrephus icterinus,Phyllastrephus icterinus,Phyllastrephus icterinus,1,NHMUK,1966.16.1341,M,0,,NA,Nigeria,NA,19.8,12.2,4.3,4.6,20.4,76.5,7.6,68.9,9.9,62,CS,1,NA,NA,NA,NA,NA
1550,Phyllastrephus icterinus,Icterine Greenbul,954847.4598,NA,NA,NA,Passeriformes,Pycnonotidae (Bulbuls),7406,691717,57919969,TRUE,FALSE,Phyllastrephus icterinus,Passeriformes,Pycnonotidae (Bulbuls),7406,691717,57919969,TRUE,FALSE,1689,AVIBASE-DD741082,Phyllastrephus icterinus,Phyllastrephus icterinus,Phyllastrephus icterinus,1,NHMUK,1949.33.44,F,0,,NA,Nigeria,NA,20,11.6,4.4,4,17.7,68,5.3,62.7,7.8,63,CS,1,NA,NA,NA,NA,NA
1551,Phyllastrephus icterinus,Icterine Greenbul,954847.4598,NA,NA,NA,Passeriformes,Pycnonotidae (Bulbuls),7406,691717,57919969,TRUE,FALSE,Phyllastrephus icterinus,Passeriformes,Pycnonotidae (Bulbuls),7406,691717,57919969,TRUE,FALSE,1700,AVIBASE-DD741082,Phyllastrephus icterinus,Phyllastrephus icterinus,Phyllastrephus icterinus,2,Field1,NA,U,0,,NA,Equatorial Guinea,NA,NA,NA,NA,NA,NA,72,NA,NA,NA,68,SEM,0,NA,NA,NA,NA,NA
1552,Phyllastrephus icterinus,Icterine Greenbul,954847.4598,NA,NA,NA,Passeriformes,Pycnonotidae (Bulbuls),7406,691717,57919969,TRUE,FALSE,Phyllastrephus icterinus,Passeriformes,Pycnonotidae (Bulbuls),7406,691717,57919969,TRUE,FALSE,1697,AVIBASE-DD741082,Phyllastrephus icterinus,Phyllastrephus icterinus,Phyllastrephus icterinus,2,Field1,NA,U,0,,NA,Equatorial Guinea,NA,NA,NA,NA,NA,NA,73,NA,NA,NA,66,SEM,0,NA,NA,NA,NA,NA
1553,Phyllastrephus icterinus,Icterine Greenbul,954847.4598,NA,NA,NA,Passeriformes,Pycnonotidae (Bulbuls),7406,691717,57919969,TRUE,FALSE,Phyllastrephus icterinus,Passeriformes,Pycnonotidae (Bulbuls),7406,691717,57919969,TRUE,FALSE,1702,AVIBASE-DD741082,Phyllastrephus icterinus,Phyllastrephus icterinus,Phyllastrephus icterinus,2,Field1,NA,U,0,,NA,Equatorial Guinea,NA,NA,NA,NA,NA,NA,75,NA,NA,NA,72,SEM,0,NA,NA,NA,NA,NA
1554,Phyllastrephus icterinus,Icterine Greenbul,954847.4598,NA,NA,NA,Passeriformes,Pycnonotidae (Bulbuls),7406,691717,57919969,TRUE,FALSE,Phyllastrephus icterinus,Passeriformes,Pycnonotidae (Bulbuls),7406,691717,57919969,TRUE,FALSE,1695,AVIBASE-DD741082,Phyllastrephus icterinus,Phyllastrephus icterinus,Phyllastrephus icterinus,2,Field1,NA,U,0,,NA,Equatorial Guinea,NA,NA,NA,NA,NA,NA,73,NA,NA,NA,70,SEM,0,NA,NA,NA,NA,NA
1555,Phyllastrephus icterinus,Icterine Greenbul,954847.4598,NA,NA,NA,Passeriformes,Pycnonotidae (Bulbuls),7406,691717,57919969,TRUE,FALSE,Phyllastrephus icterinus,Passeriformes,Pycnonotidae (Bulbuls),7406,691717,57919969,TRUE,FALSE,1707,AVIBASE-DD741082,Phyllastrephus icterinus,Phyllastrephus icterinus,Phyllastrephus icterinus,2,Field1,NA,U,0,,NA,Ghana,NA,17.5,11.7,5.1,4.5,18.9,78,10.3,67.7,13.2,68,NNDA,1,NA,NA,NA,NA,NA
1556,Phyllastrephus icterinus,Icterine Greenbul,954847.4598,NA,NA,NA,Passeriformes,Pycnonotidae (Bulbuls),7406,691717,57919969,TRUE,FALSE,Phyllastrephus icterinus,Passeriformes,Pycnonotidae (Bulbuls),7406,691717,57919969,TRUE,FALSE,1696,AVIBASE-DD741082,Phyllastrephus icterinus,Phyllastrephus icterinus,Phyllastrephus icterinus,2,Field1,NA,U,0,,NA,Equatorial Guinea,NA,NA,NA,NA,NA,NA,74,NA,NA,NA,69,SAL,0,NA,NA,NA,NA,NA
1557,Phyllastrephus icterinus,Icterine Greenbul,954847.4598,NA,NA,NA,Passeriformes,Pycnonotidae (Bulbuls),7406,691717,57919969,TRUE,FALSE,Phyllastrephus icterinus,Passeriformes,Pycnonotidae (Bulbuls),7406,691717,57919969,TRUE,FALSE,1704,AVIBASE-DD741082,Phyllastrephus icterinus,Phyllastrephus icterinus,Phyllastrephus icterinus,2,Field1,NA,U,0,,NA,Equatorial Guinea,NA,NA,NA,NA,NA,NA,75,NA,NA,NA,NA,BAK,0,NA,NA,NA,NA,NA
1558,Phyllastrephus icterinus,Icterine Greenbul,954847.4598,NA,NA,NA,Passeriformes,Pycnonotidae (Bulbuls),7406,691717,57919969,TRUE,FALSE,Phyllastrephus icterinus,Passeriformes,Pycnonotidae (Bulbuls),7406,691717,57919969,TRUE,FALSE,1699,AVIBASE-DD741082,Phyllastrephus icterinus,Phyllastrephus icterinus,Phyllastrephus icterinus,2,Field1,NA,U,0,,NA,Equatorial Guinea,NA,NA,NA,NA,NA,NA,70,NA,NA,NA,73,SAL,0,NA,NA,NA,NA,NA
1559,Phyllastrephus icterinus,Icterine Greenbul,954847.4598,NA,NA,NA,Passeriformes,Pycnonotidae (Bulbuls),7406,691717,57919969,TRUE,FALSE,Phyllastrephus icterinus,Passeriformes,Pycnonotidae (Bulbuls),7406,691717,57919969,TRUE,FALSE,1687,AVIBASE-DD741082,Phyllastrephus icterinus,Phyllastrephus icterinus,Phyllastrephus leucolepis,1,ZFMK,1984.221,U,0,,NA,Liberia,NA,18,10.3,4.2,4.3,19.1,71,7.5,63.5,10.6,NA,TT,0,NA,NA,NA,NA,NA
1560,Phyllastrephus icterinus,Icterine Greenbul,954847.4598,NA,NA,NA,Passeriformes,Pycnonotidae (Bulbuls),7406,691717,57919969,TRUE,FALSE,Phyllastrephus icterinus,Passeriformes,Pycnonotidae (Bulbuls),7406,691717,57919969,TRUE,FALSE,1710,AVIBASE-DD741082,Phyllastrephus icterinus,Phyllastrephus icterinus,Phyllastrephus icterinus,2,Field1,NA,U,0,,NA,Ghana,NA,16.7,9.9,3.6,4.4,21.2,69,6,63,8.7,65,NNDA,1,NA,NA,NA,NA,NA
1561,Phyllastrephus icterinus,Icterine Greenbul,954847.4598,NA,NA,NA,Passeriformes,Pycnonotidae (Bulbuls),7406,691717,57919969,TRUE,FALSE,Phyllastrephus icterinus,Passeriformes,Pycnonotidae (Bulbuls),7406,691717,57919969,TRUE,FALSE,1705,AVIBASE-DD741082,Phyllastrephus icterinus,Phyllastrephus icterinus,Phyllastrephus icterinus,2,Field1,NA,U,0,,NA,Equatorial Guinea,NA,NA,NA,NA,NA,NA,75,NA,NA,NA,68,PFR,0,NA,NA,NA,NA,NA
1562,Phyllastrephus icterinus,Icterine Greenbul,954847.4598,NA,NA,NA,Passeriformes,Pycnonotidae (Bulbuls),7406,691717,57919969,TRUE,FALSE,Phyllastrephus icterinus,Passeriformes,Pycnonotidae (Bulbuls),7406,691717,57919969,TRUE,FALSE,1703,AVIBASE-DD741082,Phyllastrephus icterinus,Phyllastrephus icterinus,Phyllastrephus icterinus,2,Field1,NA,F,0,,NA,Equatorial Guinea,NA,NA,NA,NA,NA,NA,79,NA,NA,NA,62,SAL,0,NA,NA,NA,NA,NA
1563,Phyllastrephus icterinus,Icterine Greenbul,954847.4598,NA,NA,NA,Passeriformes,Pycnonotidae (Bulbuls),7406,691717,57919969,TRUE,FALSE,Phyllastrephus icterinus,Passeriformes,Pycnonotidae (Bulbuls),7406,691717,57919969,TRUE,FALSE,1706,AVIBASE-DD741082,Phyllastrephus icterinus,Phyllastrephus icterinus,Phyllastrephus icterinus,2,Field1,NA,U,0,,NA,Ghana,NA,16.4,10.6,4.4,4.5,19.2,68,NA,NA,NA,63,NNDA,1,NA,NA,NA,NA,NA
1564,Phyllastrephus poensis,Cameroon Olive-Greenbul,17131.5407,NA,NA,NA,Passeriformes,Pycnonotidae (Bulbuls),768,70206,7034604,TRUE,FALSE,Phyllastrephus poensis,Passeriformes,Pycnonotidae (Bulbuls),768,70206,7034604,TRUE,FALSE,1719,AVIBASE-B6EA8FA2,Phyllastrephus poensis,Phyllastrephus poensis,Phyllastrephus poensis,1,NHMUK,1966.16.1505,M,0,,NA,Cameroon,NA,19.6,9.6,3.6,4.5,23.9,81,7.7,73.3,9.5,83,CS,1,NA,NA,NA,NA,NA
1565,Phyllastrephus poensis,Cameroon Olive-Greenbul,17131.5407,NA,NA,NA,Passeriformes,Pycnonotidae (Bulbuls),768,70206,7034604,TRUE,FALSE,Phyllastrephus poensis,Passeriformes,Pycnonotidae (Bulbuls),768,70206,7034604,TRUE,FALSE,1717,AVIBASE-B6EA8FA2,Phyllastrephus poensis,Phyllastrephus poensis,Phyllastrephus poensis,1,NHMUK,1966.16.1490,M,0,,NA,Cameroon,NA,23.1,12.9,4.3,4.7,23.7,81,8.2,72.8,10.1,84,PW,1,NA,NA,NA,NA,NA
1566,Phyllastrephus poensis,Cameroon Olive-Greenbul,17131.5407,NA,NA,NA,Passeriformes,Pycnonotidae (Bulbuls),768,70206,7034604,TRUE,FALSE,Phyllastrephus poensis,Passeriformes,Pycnonotidae (Bulbuls),768,70206,7034604,TRUE,FALSE,1721,AVIBASE-B6EA8FA2,Phyllastrephus poensis,Phyllastrephus poensis,Phyllastrephus poensis,1,NHMUK,1966.16.1514,F,0,,NA,Cameroon,NA,18.8,11,3.5,4.1,21.6,72,7,65,9.7,80,CS,1,NA,NA,NA,NA,NA
1567,Phyllastrephus poensis,Cameroon Olive-Greenbul,17131.5407,NA,NA,NA,Passeriformes,Pycnonotidae (Bulbuls),768,70206,7034604,TRUE,FALSE,Phyllastrephus poensis,Passeriformes,Pycnonotidae (Bulbuls),768,70206,7034604,TRUE,FALSE,1722,AVIBASE-B6EA8FA2,Phyllastrephus poensis,Phyllastrephus poensis,Phyllastrephus poensis,1,NHMUK,1966.16.1499,M,0,,NA,NA,NA,22.4,NA,3.6,4.6,23.4,87,NA,NA,NA,90,GT,0,NA,NA,NA,NA,NA
1568,Phyllastrephus poensis,Cameroon Olive-Greenbul,17131.5407,NA,NA,NA,Passeriformes,Pycnonotidae (Bulbuls),768,70206,7034604,TRUE,FALSE,Phyllastrephus poensis,Passeriformes,Pycnonotidae (Bulbuls),768,70206,7034604,TRUE,FALSE,1718,AVIBASE-B6EA8FA2,Phyllastrephus poensis,Phyllastrephus poensis,Phyllastrephus poensis,1,NHMUK,1966.16.1495,M,0,,NA,Cameroon,NA,21.8,12.1,4.3,4.8,23.8,79,6.9,72.1,8.7,78,PW,1,NA,NA,NA,NA,NA
1569,Phyllastrephus poensis,Cameroon Olive-Greenbul,17131.5407,NA,NA,NA,Passeriformes,Pycnonotidae (Bulbuls),768,70206,7034604,TRUE,FALSE,Phyllastrephus poensis,Passeriformes,Pycnonotidae (Bulbuls),768,70206,7034604,TRUE,FALSE,1716,AVIBASE-B6EA8FA2,Phyllastrephus poensis,Phyllastrephus poensis,Phyllastrephus poensis,1,NHMUK,1966.16.1476,F,0,,NA,Cameroon,NA,19.1,10.8,3.4,4.3,21.5,73,7.2,65.8,9.9,75,CS,1,NA,NA,NA,NA,NA
1570,Phyllastrephus poensis,Cameroon Olive-Greenbul,17131.5407,NA,NA,NA,Passeriformes,Pycnonotidae (Bulbuls),768,70206,7034604,TRUE,FALSE,Phyllastrephus poensis,Passeriformes,Pycnonotidae (Bulbuls),768,70206,7034604,TRUE,FALSE,1715,AVIBASE-B6EA8FA2,Phyllastrephus poensis,Phyllastrephus poensis,Phyllastrephus poensis,1,NHMUK,1936.2.21.297,M,0,,NA,Equatorial Guinea,NA,21.9,12,4.3,4.8,24,79,10.8,68.2,13.7,70,PW,1,NA,NA,NA,NA,NA
1571,Phyllastrephus poensis,Cameroon Olive-Greenbul,17131.5407,NA,NA,NA,Passeriformes,Pycnonotidae (Bulbuls),768,70206,7034604,TRUE,FALSE,Phyllastrephus poensis,Passeriformes,Pycnonotidae (Bulbuls),768,70206,7034604,TRUE,FALSE,1713,AVIBASE-B6EA8FA2,Phyllastrephus poensis,Phyllastrephus poensis,Phyllastrephus poensis,1,NHMUK,1904.6.22.168,M,0,,NA,Equatorial Guinea,NA,19.3,10.6,4.5,4.6,23.5,72,6.6,65.4,9.2,NA,PW,1,NA,NA,NA,NA,NA
1572,Phyllastrephus poensis,Cameroon Olive-Greenbul,17131.5407,NA,NA,NA,Passeriformes,Pycnonotidae (Bulbuls),768,70206,7034604,TRUE,FALSE,Phyllastrephus poensis,Passeriformes,Pycnonotidae (Bulbuls),768,70206,7034604,TRUE,FALSE,1720,AVIBASE-B6EA8FA2,Phyllastrephus poensis,Phyllastrephus poensis,Phyllastrephus poensis,1,NHMUK,1966.16.1507,M,0,,NA,Cameroon,NA,20.5,10.5,3.4,4.8,23,84.5,7.6,76.9,9,79,CS,1,NA,NA,NA,NA,NA
1573,Phyllastrephus poensis,Cameroon Olive-Greenbul,17131.5407,NA,NA,NA,Passeriformes,Pycnonotidae (Bulbuls),768,70206,7034604,TRUE,FALSE,Phyllastrephus poensis,Passeriformes,Pycnonotidae (Bulbuls),768,70206,7034604,TRUE,FALSE,1712,AVIBASE-B6EA8FA2,Phyllastrephus poensis,Phyllastrephus poensis,Phyllastrephus poensis,1,NHMUK,1904.6.22.167,M,0,,NA,Equatorial Guinea,NA,21.9,12.2,4.6,5,23.5,87,9.7,77.3,11.1,NA,PW,1,NA,NA,NA,NA,NA
1574,Phyllastrephus poensis,Cameroon Olive-Greenbul,17131.5407,NA,NA,NA,Passeriformes,Pycnonotidae (Bulbuls),768,70206,7034604,TRUE,FALSE,Phyllastrephus poensis,Passeriformes,Pycnonotidae (Bulbuls),768,70206,7034604,TRUE,FALSE,1714,AVIBASE-B6EA8FA2,Phyllastrephus poensis,Phyllastrephus poensis,Phyllastrephus poensis,1,NHMUK,1904.6.22.170,M,0,,NA,Equatorial Guinea,NA,21,11.6,4.3,4.6,23.5,82,9.9,72.1,12.1,77,PW,1,NA,NA,NA,NA,NA
1575,Phyllastrephus poliocephalus,Gray-headed Greenbul,12115.03885,NA,NA,NA,Passeriformes,Pycnonotidae (Bulbuls),1942,163519,14553174,TRUE,FALSE,Phyllastrephus poliocephalus,Passeriformes,Pycnonotidae (Bulbuls),1942,163519,14553174,TRUE,FALSE,1726,AVIBASE-04A5B0F9,Phyllastrephus poliocephalus,Phyllastrephus poliocephalus,Phyllastrephus poliocephalus,1,NHMUK,1966.16.1440,F,0,,NA,Cameroon,NA,22.1,12.4,4.3,5.1,25.8,96,10,86,10.4,97,CS,1,NA,NA,NA,NA,NA
1576,Phyllastrephus poliocephalus,Gray-headed Greenbul,12115.03885,NA,NA,NA,Passeriformes,Pycnonotidae (Bulbuls),1942,163519,14553174,TRUE,FALSE,Phyllastrephus poliocephalus,Passeriformes,Pycnonotidae (Bulbuls),1942,163519,14553174,TRUE,FALSE,1723,AVIBASE-04A5B0F9,Phyllastrephus poliocephalus,Phyllastrephus poliocephalus,Phyllastrephus poliocephalus,1,NHMUK,1966.16.1394,M,0,,NA,Cameroon,NA,22.9,12.7,4.2,5.8,27.2,102,9.3,92.7,9.1,107,CS,1,NA,NA,NA,NA,NA
1577,Phyllastrephus poliocephalus,Gray-headed Greenbul,12115.03885,NA,NA,NA,Passeriformes,Pycnonotidae (Bulbuls),1942,163519,14553174,TRUE,FALSE,Phyllastrephus poliocephalus,Passeriformes,Pycnonotidae (Bulbuls),1942,163519,14553174,TRUE,FALSE,1724,AVIBASE-04A5B0F9,Phyllastrephus poliocephalus,Phyllastrephus poliocephalus,Phyllastrephus poliocephalus,1,NHMUK,1966.16.1401,M,0,,NA,Cameroon,NA,22.8,12.2,3.8,5.7,29,96.5,9.7,86.8,10.1,100,CS,1,NA,NA,NA,NA,NA
1578,Phyllastrephus poliocephalus,Gray-headed Greenbul,12115.03885,NA,NA,NA,Passeriformes,Pycnonotidae (Bulbuls),1942,163519,14553174,TRUE,FALSE,Phyllastrephus poliocephalus,Passeriformes,Pycnonotidae (Bulbuls),1942,163519,14553174,TRUE,FALSE,1725,AVIBASE-04A5B0F9,Phyllastrephus poliocephalus,Phyllastrephus poliocephalus,Phyllastrephus poliocephalus,1,NHMUK,1966.16.1437,F,0,,NA,Cameroon,NA,21.3,12.3,4.4,5.1,24.3,90.5,9.1,81.4,10.1,94,CS,1,NA,NA,NA,NA,NA
1579,Phyllastrephus poliocephalus,Gray-headed Greenbul,12115.03885,NA,NA,NA,Passeriformes,Pycnonotidae (Bulbuls),1942,163519,14553174,TRUE,FALSE,Phyllastrephus poliocephalus,Passeriformes,Pycnonotidae (Bulbuls),1942,163519,14553174,TRUE,FALSE,1727,AVIBASE-04A5B0F9,Phyllastrephus poliocephalus,Phyllastrephus poliocephalus,Phyllastrephus poliocephalus,1,NHMUK,1966.16.1432,M,0,,NA,NA,NA,28.6,NA,4.9,6.3,27.2,111,NA,NA,NA,111,GT,0,NA,NA,NA,NA,NA
1580,Phyllastrephus strepitans,Northern Brownbul,520170.5578,NA,NA,NA,Passeriformes,Pycnonotidae (Bulbuls),4047,402929,36029540,TRUE,FALSE,Phyllastrephus strepitans,Passeriformes,Pycnonotidae (Bulbuls),4047,402929,36029540,TRUE,FALSE,1734,AVIBASE-29820AD9,Phyllastrephus strepitans,Phyllastrephus strepitans,Phyllastrephus strepitans,1,NHMUK,1971.16.56,M,0,,NA,Kenya,NA,20.1,12.1,4,4.2,21.7,83,9.8,73.2,11.8,90,CV,1,NA,NA,NA,NA,NA
1581,Phyllastrephus strepitans,Northern Brownbul,520170.5578,NA,NA,NA,Passeriformes,Pycnonotidae (Bulbuls),4047,402929,36029540,TRUE,FALSE,Phyllastrephus strepitans,Passeriformes,Pycnonotidae (Bulbuls),4047,402929,36029540,TRUE,FALSE,1733,AVIBASE-29820AD9,Phyllastrephus strepitans,Phyllastrephus strepitans,Phyllastrephus strepitans,1,NHMUK,1916.12.1.1234,M,0,,NA,Kenya,NA,20.4,12,3.6,4.2,19.8,84,7.3,76.7,8.7,88,CV,1,NA,NA,NA,NA,NA
1582,Phyllastrephus strepitans,Northern Brownbul,520170.5578,NA,NA,NA,Passeriformes,Pycnonotidae (Bulbuls),4047,402929,36029540,TRUE,FALSE,Phyllastrephus strepitans,Passeriformes,Pycnonotidae (Bulbuls),4047,402929,36029540,TRUE,FALSE,1729,AVIBASE-29820AD9,Phyllastrephus strepitans,Phyllastrephus strepitans,Phyllastrephus strepitans,1,ZFMK,1976.061,F,0,,NA,Ethiopia,NA,19.4,NA,NA,NA,22,77,7,70,9.1,80,LB,0,NA,NA,NA,NA,NA
1583,Phyllastrephus strepitans,Northern Brownbul,520170.5578,NA,NA,NA,Passeriformes,Pycnonotidae (Bulbuls),4047,402929,36029540,TRUE,FALSE,Phyllastrephus strepitans,Passeriformes,Pycnonotidae (Bulbuls),4047,402929,36029540,TRUE,FALSE,1732,AVIBASE-29820AD9,Phyllastrephus strepitans,Phyllastrephus strepitans,Phyllastrephus strepitans,1,NHMUK,1903.8.1.91,F,0,,NA,Kenya,NA,18.6,10.3,3.9,4.2,19.8,75,6.4,68.6,8.5,79,CV,1,NA,NA,NA,NA,NA
1584,Phyllastrephus strepitans,Northern Brownbul,520170.5578,NA,NA,NA,Passeriformes,Pycnonotidae (Bulbuls),4047,402929,36029540,TRUE,FALSE,Phyllastrephus strepitans,Passeriformes,Pycnonotidae (Bulbuls),4047,402929,36029540,TRUE,FALSE,1731,AVIBASE-29820AD9,Phyllastrephus strepitans,Phyllastrephus strepitans,Phyllastrephus strepitans,1,ZFMK,1978.063,M,0,,NA,South Sudan,NA,20.4,NA,NA,NA,22.9,86.5,8,78.5,9.2,84,LB,0,NA,NA,NA,NA,NA
1585,Phyllastrephus strepitans,Northern Brownbul,520170.5578,NA,NA,NA,Passeriformes,Pycnonotidae (Bulbuls),4047,402929,36029540,TRUE,FALSE,Phyllastrephus strepitans,Passeriformes,Pycnonotidae (Bulbuls),4047,402929,36029540,TRUE,FALSE,1730,AVIBASE-29820AD9,Phyllastrephus strepitans,Phyllastrephus strepitans,Phyllastrephus strepitans,1,ZFMK,1977.269,F,0,,NA,South Sudan,NA,20.5,NA,NA,NA,21.4,79,6,73,7.6,81.5,LB,0,NA,NA,NA,NA,NA
1586,Phyllastrephus strepitans,Northern Brownbul,520170.5578,NA,NA,NA,Passeriformes,Pycnonotidae (Bulbuls),4047,402929,36029540,TRUE,FALSE,Phyllastrephus strepitans,Passeriformes,Pycnonotidae (Bulbuls),4047,402929,36029540,TRUE,FALSE,1735,AVIBASE-29820AD9,Phyllastrephus strepitans,Phyllastrephus strepitans,Phyllastrephus strepitans,1,NHMUK,1971.16.58,F,0,,NA,Kenya,NA,16.5,9.9,3.4,3.5,19.4,70,6.4,63.6,9.1,79,CV,1,NA,NA,NA,NA,NA
1587,Phyllastrephus strepitans,Northern Brownbul,520170.5578,NA,NA,NA,Passeriformes,Pycnonotidae (Bulbuls),4047,402929,36029540,TRUE,FALSE,Phyllastrephus strepitans,Passeriformes,Pycnonotidae (Bulbuls),4047,402929,36029540,TRUE,FALSE,1736,AVIBASE-29820AD9,Phyllastrephus strepitans,Phyllastrephus strepitans,Phyllastrephus strepitans,1,NHMUK,1936.7.2.120,M,0,,NA,NA,NA,19.6,NA,3.5,4.6,21.5,77,NA,NA,NA,80,GT,0,NA,NA,NA,NA,NA
1588,Phyllastrephus strepitans,Northern Brownbul,520170.5578,NA,NA,NA,Passeriformes,Pycnonotidae (Bulbuls),4047,402929,36029540,TRUE,FALSE,Phyllastrephus strepitans,Passeriformes,Pycnonotidae (Bulbuls),4047,402929,36029540,TRUE,FALSE,1728,AVIBASE-29820AD9,Phyllastrephus strepitans,Phyllastrephus strepitans,Phyllastrephus strepitans,1,ZFMK,1976.059,M,0,,NA,Ethiopia,NA,20.9,NA,NA,NA,21.3,85,8,77,9.4,85.5,LB,0,NA,NA,NA,NA,NA
1589,Phyllastrephus terrestris,Terrestrial Brownbul,939994.823,NA,NA,NA,Passeriformes,Pycnonotidae (Bulbuls),20780,1891626,196825824,TRUE,FALSE,Phyllastrephus terrestris,Passeriformes,Pycnonotidae (Bulbuls),20780,1891626,196825824,TRUE,FALSE,1738,AVIBASE-07FD1D4C,Phyllastrephus terrestris,Phyllastrephus terrestris,Phyllastrephus terrestris,1,NHMUK,1905.12.29.1957,M,0,,NA,South Africa,NA,22.9,12.8,4,4.9,21.1,87,8.7,78.3,10,81,CV,1,NA,NA,NA,NA,NA
1590,Phyllastrephus terrestris,Terrestrial Brownbul,939994.823,NA,NA,NA,Passeriformes,Pycnonotidae (Bulbuls),20780,1891626,196825824,TRUE,FALSE,Phyllastrephus terrestris,Passeriformes,Pycnonotidae (Bulbuls),20780,1891626,196825824,TRUE,FALSE,1739,AVIBASE-07FD1D4C,Phyllastrephus terrestris,Phyllastrephus terrestris,Phyllastrephus terrestris,1,NHMUK,1905.12.29.1958,F,0,,NA,South Africa,NA,21.2,11.9,4,5.3,21.3,84,7.5,76.5,8.9,85,CV,1,NA,NA,NA,NA,NA
1591,Phyllastrephus terrestris,Terrestrial Brownbul,939994.823,NA,NA,NA,Passeriformes,Pycnonotidae (Bulbuls),20780,1891626,196825824,TRUE,FALSE,Phyllastrephus terrestris,Passeriformes,Pycnonotidae (Bulbuls),20780,1891626,196825824,TRUE,FALSE,1737,AVIBASE-07FD1D4C,Phyllastrephus terrestris,Phyllastrephus terrestris,Phyllastrephus terrestris,1,NHMUK,1905.12.20.16,F,0,,NA,South Africa,NA,20,11.5,3.5,4.7,21.8,86,9.8,76.2,11.4,92,CV,1,NA,NA,NA,NA,NA
1592,Phyllastrephus terrestris,Terrestrial Brownbul,939994.823,NA,NA,NA,Passeriformes,Pycnonotidae (Bulbuls),20780,1891626,196825824,TRUE,FALSE,Phyllastrephus terrestris,Passeriformes,Pycnonotidae (Bulbuls),20780,1891626,196825824,TRUE,FALSE,1740,AVIBASE-07FD1D4C,Phyllastrephus terrestris,Phyllastrephus terrestris,Phyllastrephus terrestris,1,NHMUK,1930.12.20.17,F,0,,NA,South Africa,NA,20.4,12.3,3.5,4.4,22.5,85,9.7,75.3,11.4,83,CV,1,NA,NA,NA,NA,NA
1593,Phyllastrephus terrestris,Terrestrial Brownbul,939994.823,NA,NA,NA,Passeriformes,Pycnonotidae (Bulbuls),20780,1891626,196825824,TRUE,FALSE,Phyllastrephus terrestris,Passeriformes,Pycnonotidae (Bulbuls),20780,1891626,196825824,TRUE,FALSE,1741,AVIBASE-07FD1D4C,Phyllastrephus terrestris,Phyllastrephus terrestris,Phyllastrephus terrestris,1,NHMUK,95.5.1.739,M,0,,NA,NA,NA,24.6,NA,4.1,5.7,22,91,NA,NA,NA,87,GT,0,NA,NA,NA,NA,NA
1594,Phyllastrephus xavieri,Xavier's Greenbul,373967.2705,NA,NA,NA,Passeriformes,Pycnonotidae (Bulbuls),5687,475359,46745309,TRUE,FALSE,Phyllastrephus xavieri,Passeriformes,Pycnonotidae (Bulbuls),5687,475359,46745309,TRUE,FALSE,1748,AVIBASE-1D1C9EDA,Phyllastrephus xavieri,Phyllastrephus xavieri,Phyllastrephus xavieri,2,Field1,NA,U,0,,NA,Equatorial Guinea,NA,NA,NA,NA,NA,NA,83,NA,NA,NA,NA,SEM,0,NA,NA,NA,NA,NA
1595,Phyllastrephus xavieri,Xavier's Greenbul,373967.2705,NA,NA,NA,Passeriformes,Pycnonotidae (Bulbuls),5687,475359,46745309,TRUE,FALSE,Phyllastrephus xavieri,Passeriformes,Pycnonotidae (Bulbuls),5687,475359,46745309,TRUE,FALSE,1745,AVIBASE-1D1C9EDA,Phyllastrephus xavieri,Phyllastrephus xavieri,Phyllastrephus xavieri,1,NHMUK,1945.23.8,M,0,,NA,Uganda,NA,20.9,12.3,3.7,5.3,21,90,12.2,77.8,13.6,87,CS,1,NA,NA,NA,NA,NA
1596,Phyllastrephus xavieri,Xavier's Greenbul,373967.2705,NA,NA,NA,Passeriformes,Pycnonotidae (Bulbuls),5687,475359,46745309,TRUE,FALSE,Phyllastrephus xavieri,Passeriformes,Pycnonotidae (Bulbuls),5687,475359,46745309,TRUE,FALSE,1746,AVIBASE-1D1C9EDA,Phyllastrephus xavieri,Phyllastrephus xavieri,Phyllastrephus xavieri,1,NHMUK,1966.16.1317,F,0,,NA,Cameroon,NA,17.9,10,3.8,4.5,18.2,78,8,70,10.3,73,CS,1,NA,NA,NA,NA,NA
1597,Phyllastrephus xavieri,Xavier's Greenbul,373967.2705,NA,NA,NA,Passeriformes,Pycnonotidae (Bulbuls),5687,475359,46745309,TRUE,FALSE,Phyllastrephus xavieri,Passeriformes,Pycnonotidae (Bulbuls),5687,475359,46745309,TRUE,FALSE,1747,AVIBASE-1D1C9EDA,Phyllastrephus xavieri,Phyllastrephus xavieri,Phyllastrephus xavieri,2,Field1,NA,U,0,,NA,Equatorial Guinea,NA,NA,NA,NA,NA,NA,82,NA,NA,NA,79,SAL,0,NA,NA,NA,NA,NA
1598,Phyllastrephus xavieri,Xavier's Greenbul,373967.2705,NA,NA,NA,Passeriformes,Pycnonotidae (Bulbuls),5687,475359,46745309,TRUE,FALSE,Phyllastrephus xavieri,Passeriformes,Pycnonotidae (Bulbuls),5687,475359,46745309,TRUE,FALSE,1744,AVIBASE-1D1C9EDA,Phyllastrephus xavieri,Phyllastrephus xavieri,Phyllastrephus xavieri,1,NHMUK,1933.5.31.2,F,0,,NA,Uganda,NA,18.5,10.4,3.5,4.6,16.7,75,7.2,67.8,9.6,70.5,CS,1,NA,NA,NA,NA,NA
1599,Phyllastrephus xavieri,Xavier's Greenbul,373967.2705,NA,NA,NA,Passeriformes,Pycnonotidae (Bulbuls),5687,475359,46745309,TRUE,FALSE,Phyllastrephus xavieri,Passeriformes,Pycnonotidae (Bulbuls),5687,475359,46745309,TRUE,FALSE,1743,AVIBASE-1D1C9EDA,Phyllastrephus xavieri,Phyllastrephus xavieri,Phyllastrephus xavieri,1,NHMUK,1924.11.2.121,M,0,,NA,Cameroon,NA,21.7,12.6,4.3,5,20.9,87.5,9.7,77.8,11.1,84.5,CS,1,NA,NA,NA,NA,NA
1600,Phyllastrephus xavieri,Xavier's Greenbul,373967.2705,NA,NA,NA,Passeriformes,Pycnonotidae (Bulbuls),5687,475359,46745309,TRUE,FALSE,Phyllastrephus xavieri,Passeriformes,Pycnonotidae (Bulbuls),5687,475359,46745309,TRUE,FALSE,1749,AVIBASE-1D1C9EDA,Phyllastrephus xavieri,Phyllastrephus xavieri,Phyllastrephus xavieri,2,Field1,NA,U,0,,NA,Equatorial Guinea,NA,NA,NA,NA,NA,NA,76,NA,NA,NA,78,SAL,0,NA,NA,NA,NA,NA
1601,Pycnonotus aurigaster,Sooty-headed Bulbul,1142756.502,NA,NA,NA,Passeriformes,Pycnonotidae (Bulbuls),73475,6040895,647287449,TRUE,FALSE,Pycnonotus aurigaster,Passeriformes,Pycnonotidae (Bulbuls),73475,6040895,647287449,TRUE,FALSE,1768,AVIBASE-E28751A7,Pycnonotus aurigaster,Pycnonotus aurigaster,Pycnonotus aurigaster,2,Field1,NA,U,0,,NA,Indonesia,NA,19.9,NA,NA,4.4,21.7,88.5,NA,NA,NA,79,NM,0,NA,NA,NA,NA,NA
1602,Pycnonotus aurigaster,Sooty-headed Bulbul,1142756.502,NA,NA,NA,Passeriformes,Pycnonotidae (Bulbuls),73475,6040895,647287449,TRUE,FALSE,Pycnonotus aurigaster,Passeriformes,Pycnonotidae (Bulbuls),73475,6040895,647287449,TRUE,FALSE,1767,AVIBASE-E28751A7,Pycnonotus aurigaster,Pycnonotus aurigaster,Pycnonotus aurigaster,2,Field1,NA,F,0,,NA,Indonesia,NA,20.4,NA,NA,4.8,21.9,96,NA,NA,NA,82,NM,0,NA,NA,NA,NA,NA
1603,Pycnonotus aurigaster,Sooty-headed Bulbul,1142756.502,NA,NA,NA,Passeriformes,Pycnonotidae (Bulbuls),73475,6040895,647287449,TRUE,FALSE,Pycnonotus aurigaster,Passeriformes,Pycnonotidae (Bulbuls),73475,6040895,647287449,TRUE,FALSE,1757,AVIBASE-E28751A7,Pycnonotus aurigaster,Pycnonotus aurigaster,Pycnonotus aurigaster,1,NHMUK,1955.1.5679,M,0,,NA,Thailand,NA,19.9,10.2,3.9,4.5,20.6,89,16,73.1,18,73,PW,1,NA,NA,NA,NA,NA
1604,Pycnonotus aurigaster,Sooty-headed Bulbul,1142756.502,NA,NA,NA,Passeriformes,Pycnonotidae (Bulbuls),73475,6040895,647287449,TRUE,FALSE,Pycnonotus aurigaster,Passeriformes,Pycnonotidae (Bulbuls),73475,6040895,647287449,TRUE,FALSE,2078,AVIBASE-E28751A7,Pycnonotus aurigaster,Pycnonotus aurigaster,Pycnonotus aurigaster,1,BNHS,1899,M,0,,Ataran,Myanmmar,Myanmmar,18.68,10.37,4.08,5.77,22.29,90,10.62,NA,NA,85,NA,1,NA,46021,11.66,NA,NA
1605,Pycnonotus aurigaster,Sooty-headed Bulbul,1142756.502,NA,NA,NA,Passeriformes,Pycnonotidae (Bulbuls),73475,6040895,647287449,TRUE,FALSE,Pycnonotus aurigaster,Passeriformes,Pycnonotidae (Bulbuls),73475,6040895,647287449,TRUE,FALSE,1762,AVIBASE-E28751A7,Pycnonotus aurigaster,Pycnonotus aurigaster,Pycnonotus aurigaster,1,NHMUK,79.4.5.1648,F,0,,NA,Indonesia,NA,18,8.8,3.9,4.8,18.2,87,13.3,73.7,15.3,80,CV,1,NA,NA,NA,NA,NA
1606,Pycnonotus aurigaster,Sooty-headed Bulbul,1142756.502,NA,NA,NA,Passeriformes,Pycnonotidae (Bulbuls),73475,6040895,647287449,TRUE,FALSE,Pycnonotus aurigaster,Passeriformes,Pycnonotidae (Bulbuls),73475,6040895,647287449,TRUE,FALSE,1766,AVIBASE-E28751A7,Pycnonotus aurigaster,Pycnonotus aurigaster,Pycnonotus aurigaster,2,Field1,NA,U,0,,NA,Indonesia,NA,19.7,NA,NA,4.7,20.5,92,NA,NA,NA,80,NM,0,NA,NA,NA,NA,NA
1607,Pycnonotus aurigaster,Sooty-headed Bulbul,1142756.502,NA,NA,NA,Passeriformes,Pycnonotidae (Bulbuls),73475,6040895,647287449,TRUE,FALSE,Pycnonotus aurigaster,Passeriformes,Pycnonotidae (Bulbuls),73475,6040895,647287449,TRUE,FALSE,1756,AVIBASE-E28751A7,Pycnonotus aurigaster,Pycnonotus aurigaster,Pycnonotus aurigaster,1,NHMUK,1919.12.12.103,M,0,,NA,Indonesia,NA,18.8,10.2,4.9,5.9,22.6,95,14,81,14.7,82,PW,1,NA,NA,NA,NA,NA
1608,Pycnonotus aurigaster,Sooty-headed Bulbul,1142756.502,NA,NA,NA,Passeriformes,Pycnonotidae (Bulbuls),73475,6040895,647287449,TRUE,FALSE,Pycnonotus aurigaster,Passeriformes,Pycnonotidae (Bulbuls),73475,6040895,647287449,TRUE,FALSE,1769,AVIBASE-E28751A7,Pycnonotus aurigaster,Pycnonotus aurigaster,Pycnonotus aurigaster,2,Field1,NA,U,0,,NA,Indonesia,NA,21.6,NA,3.5,4.7,22.9,93,NA,NA,NA,85,NM,0,NA,NA,NA,NA,NA
1609,Pycnonotus aurigaster,Sooty-headed Bulbul,1142756.502,NA,NA,NA,Passeriformes,Pycnonotidae (Bulbuls),73475,6040895,647287449,TRUE,FALSE,Pycnonotus aurigaster,Passeriformes,Pycnonotidae (Bulbuls),73475,6040895,647287449,TRUE,FALSE,1765,AVIBASE-E28751A7,Pycnonotus aurigaster,Pycnonotus aurigaster,Pycnonotus aurigaster,2,Field1,NA,U,0,,NA,Indonesia,NA,21.5,NA,NA,4.8,23.4,99,NA,NA,NA,90,NM,0,NA,NA,NA,NA,NA
1610,Pycnonotus aurigaster,Sooty-headed Bulbul,1142756.502,NA,NA,NA,Passeriformes,Pycnonotidae (Bulbuls),73475,6040895,647287449,TRUE,FALSE,Pycnonotus aurigaster,Passeriformes,Pycnonotidae (Bulbuls),73475,6040895,647287449,TRUE,FALSE,1759,AVIBASE-E28751A7,Pycnonotus aurigaster,Pycnonotus aurigaster,Pycnonotus aurigaster,1,NHMUK,1955.1.5683,M,0,,NA,Thailand,NA,18.5,10.4,4.1,4.8,20.8,88,13.1,74.9,14.9,78,PW,1,NA,NA,NA,NA,NA
1611,Pycnonotus aurigaster,Sooty-headed Bulbul,1142756.502,NA,NA,NA,Passeriformes,Pycnonotidae (Bulbuls),73475,6040895,647287449,TRUE,FALSE,Pycnonotus aurigaster,Passeriformes,Pycnonotidae (Bulbuls),73475,6040895,647287449,TRUE,FALSE,1764,AVIBASE-E28751A7,Pycnonotus aurigaster,Pycnonotus aurigaster,Pycnonotus aurigaster,2,Field1,NA,M,0,,NA,Indonesia,NA,20.8,NA,NA,5,32.9,96,NA,NA,NA,90,NM,0,NA,NA,NA,NA,NA
1612,Pycnonotus aurigaster,Sooty-headed Bulbul,1142756.502,NA,NA,NA,Passeriformes,Pycnonotidae (Bulbuls),73475,6040895,647287449,TRUE,FALSE,Pycnonotus aurigaster,Passeriformes,Pycnonotidae (Bulbuls),73475,6040895,647287449,TRUE,FALSE,1755,AVIBASE-E28751A7,Pycnonotus aurigaster,Pycnonotus aurigaster,Pycnonotus aurigaster,1,NHMUK,1915.12.18.137,M,0,,NA,Thailand,NA,18.4,9.3,4.2,4.3,22.6,87,10.9,76.1,12.5,75,PW,1,NA,NA,NA,NA,NA
1613,Pycnonotus aurigaster,Sooty-headed Bulbul,1142756.502,NA,NA,NA,Passeriformes,Pycnonotidae (Bulbuls),73475,6040895,647287449,TRUE,FALSE,Pycnonotus aurigaster,Passeriformes,Pycnonotidae (Bulbuls),73475,6040895,647287449,TRUE,FALSE,1763,AVIBASE-E28751A7,Pycnonotus aurigaster,Pycnonotus aurigaster,Pycnonotus aurigaster,1,NHMUK,98.10.2.113,M,0,,NA,Indonesia,NA,17.4,8.9,4,4.5,18.6,89,15.2,73.8,17.1,76,CV,1,NA,NA,NA,NA,NA
1614,Pycnonotus aurigaster,Sooty-headed Bulbul,1142756.502,NA,NA,NA,Passeriformes,Pycnonotidae (Bulbuls),73475,6040895,647287449,TRUE,FALSE,Pycnonotus aurigaster,Passeriformes,Pycnonotidae (Bulbuls),73475,6040895,647287449,TRUE,FALSE,1761,AVIBASE-E28751A7,Pycnonotus aurigaster,Pycnonotus aurigaster,Pycnonotus aurigaster,1,NHMUK,73.5.12.124,M,0,,NA,Indonesia,NA,18.8,10,4.1,5.1,19.1,94,13.8,80.2,14.7,85,CV,1,NA,NA,NA,NA,NA
1615,Pycnonotus aurigaster,Sooty-headed Bulbul,1142756.502,NA,NA,NA,Passeriformes,Pycnonotidae (Bulbuls),73475,6040895,647287449,TRUE,FALSE,Pycnonotus aurigaster,Passeriformes,Pycnonotidae (Bulbuls),73475,6040895,647287449,TRUE,FALSE,1758,AVIBASE-E28751A7,Pycnonotus aurigaster,Pycnonotus aurigaster,Pycnonotus aurigaster,1,NHMUK,1955.1.5680,M,0,,NA,Thailand,NA,19.3,11,4.4,4.8,21.9,92,17.7,74.3,19.2,85,PW,1,NA,NA,NA,NA,NA
1616,Pycnonotus aurigaster,Sooty-headed Bulbul,1142756.502,NA,NA,NA,Passeriformes,Pycnonotidae (Bulbuls),73475,6040895,647287449,TRUE,FALSE,Pycnonotus aurigaster,Passeriformes,Pycnonotidae (Bulbuls),73475,6040895,647287449,TRUE,FALSE,1760,AVIBASE-E28751A7,Pycnonotus aurigaster,Pycnonotus aurigaster,Pycnonotus aurigaster,1,NHMUK,73.5.12.123,F,0,,NA,Indonesia,NA,17.5,9.6,4.1,5,21,92,11.8,80.2,12.8,96,CV,1,NA,NA,NA,NA,NA
1617,Pycnonotus barbatus,Common Bulbul,7556827.872,NA,NA,NA,Passeriformes,Pycnonotidae (Bulbuls),439339,37890265,3071381039,TRUE,FALSE,Pycnonotus barbatus,Passeriformes,Pycnonotidae (Bulbuls),439339,37890265,3071381039,TRUE,FALSE,1793,AVIBASE-6ABDB635,Pycnonotus barbatus,Pycnonotus barbatus,Pycnonotus barbatus,1,ZFMK,F.II.1.a.?.,M,0,,NA,Morocco,NA,23.2,NA,NA,NA,22.3,104,17,87,16.3,94,DH,0,NA,NA,NA,NA,NA
1618,Pycnonotus barbatus,Common Bulbul,7556827.872,NA,NA,NA,Passeriformes,Pycnonotidae (Bulbuls),439339,37890265,3071381039,TRUE,FALSE,Pycnonotus barbatus,Passeriformes,Pycnonotidae (Bulbuls),439339,37890265,3071381039,TRUE,FALSE,1807,AVIBASE-6ABDB635,Pycnonotus barbatus,Pycnonotus barbatus,Pycnonotus barbatus,2,Field1,NA,U,0,,NA,Zambia,NA,17.9,10.2,4.2,5.2,22.3,98,12,86,12.2,88,MFZ,1,NA,NA,NA,NA,NA
1619,Pycnonotus barbatus,Common Bulbul,7556827.872,NA,NA,NA,Passeriformes,Pycnonotidae (Bulbuls),439339,37890265,3071381039,TRUE,FALSE,Pycnonotus barbatus,Passeriformes,Pycnonotidae (Bulbuls),439339,37890265,3071381039,TRUE,FALSE,1790,AVIBASE-6ABDB635,Pycnonotus barbatus,Pycnonotus barbatus,Pycnonotus barbatus,1,NHMUK,97.11.10.983,M,0,,NA,Algeria,NA,19.7,10.7,4.4,5.5,21.9,102,13.1,88.9,12.8,94,CV,1,NA,NA,NA,NA,NA
1620,Pycnonotus barbatus,Common Bulbul,7556827.872,NA,NA,NA,Passeriformes,Pycnonotidae (Bulbuls),439339,37890265,3071381039,TRUE,FALSE,Pycnonotus barbatus,Passeriformes,Pycnonotidae (Bulbuls),439339,37890265,3071381039,TRUE,FALSE,1802,AVIBASE-6ABDB635,Pycnonotus barbatus,Pycnonotus barbatus,Pycnonotus barbatus,2,Field1,NA,U,0,,NA,Zambia,NA,13.5,8.3,5.3,5.4,24,95,NA,NA,NA,90,CM,1,NA,NA,NA,NA,NA
1621,Pycnonotus barbatus,Common Bulbul,7556827.872,NA,NA,NA,Passeriformes,Pycnonotidae (Bulbuls),439339,37890265,3071381039,TRUE,FALSE,Pycnonotus barbatus,Passeriformes,Pycnonotidae (Bulbuls),439339,37890265,3071381039,TRUE,FALSE,1777,AVIBASE-6ABDB635,Pycnonotus barbatus,Pycnonotus barbatus,Pycnonotus barbatus,1,NHMUK,1934.10.19.63,M,0,,NA,Democratic Republic of the Congo,NA,17.1,8.6,4.1,5.1,20.9,96,14.4,81.6,15,87,NS,1,NA,NA,NA,NA,NA
1622,Pycnonotus barbatus,Common Bulbul,7556827.872,NA,NA,NA,Passeriformes,Pycnonotidae (Bulbuls),439339,37890265,3071381039,TRUE,FALSE,Pycnonotus barbatus,Passeriformes,Pycnonotidae (Bulbuls),439339,37890265,3071381039,TRUE,FALSE,1792,AVIBASE-6ABDB635,Pycnonotus barbatus,Pycnonotus barbatus,Pycnonotus barbatus,1,ZFMK,F.II.1.a.?.,M,0,,NA,Morocco,NA,21.1,NA,NA,NA,22.6,95,14,81,14.7,90,DH,0,NA,NA,NA,NA,NA
1623,Pycnonotus barbatus,Common Bulbul,7556827.872,NA,NA,NA,Passeriformes,Pycnonotidae (Bulbuls),439339,37890265,3071381039,TRUE,FALSE,Pycnonotus barbatus,Passeriformes,Pycnonotidae (Bulbuls),439339,37890265,3071381039,TRUE,FALSE,1789,AVIBASE-6ABDB635,Pycnonotus barbatus,Pycnonotus barbatus,Pycnonotus barbatus,1,NHMUK,1965.M.9674,F,0,,NA,Somalia,NA,17.9,8.5,3.8,4.7,21.3,84,10.1,73.9,12,75,CV,1,NA,NA,NA,NA,NA
1624,Pycnonotus barbatus,Common Bulbul,7556827.872,NA,NA,NA,Passeriformes,Pycnonotidae (Bulbuls),439339,37890265,3071381039,TRUE,FALSE,Pycnonotus barbatus,Passeriformes,Pycnonotidae (Bulbuls),439339,37890265,3071381039,TRUE,FALSE,1778,AVIBASE-6ABDB635,Pycnonotus barbatus,Pycnonotus barbatus,Pycnonotus barbatus,1,NHMUK,1939.12.9.3850,M,0,,NA,Democratic Republic of the Congo,NA,17.9,10,4.2,5,22.7,94,12.9,81.1,13.7,83,NS,1,NA,NA,NA,NA,NA
1625,Pycnonotus barbatus,Common Bulbul,7556827.872,NA,NA,NA,Passeriformes,Pycnonotidae (Bulbuls),439339,37890265,3071381039,TRUE,FALSE,Pycnonotus barbatus,Passeriformes,Pycnonotidae (Bulbuls),439339,37890265,3071381039,TRUE,FALSE,1801,AVIBASE-6ABDB635,Pycnonotus barbatus,Pycnonotus barbatus,Pycnonotus barbatus,2,Field1,NA,U,0,,NA,Zambia,NA,17.7,11.7,3.9,5.2,21.6,94,13,81,13.8,87,MFZ,1,NA,NA,NA,NA,NA
1626,Pycnonotus barbatus,Common Bulbul,7556827.872,NA,NA,NA,Passeriformes,Pycnonotidae (Bulbuls),439339,37890265,3071381039,TRUE,FALSE,Pycnonotus barbatus,Passeriformes,Pycnonotidae (Bulbuls),439339,37890265,3071381039,TRUE,FALSE,1794,AVIBASE-6ABDB635,Pycnonotus barbatus,Pycnonotus barbatus,Pycnonotus barbatus,1,ZFMK,F.II.1.a.?.,F,0,,NA,Morocco,NA,21.3,NA,NA,NA,21.6,94,12,82,12.8,85,DH,0,NA,NA,NA,NA,NA
1627,Pycnonotus barbatus,Common Bulbul,7556827.872,NA,NA,NA,Passeriformes,Pycnonotidae (Bulbuls),439339,37890265,3071381039,TRUE,FALSE,Pycnonotus barbatus,Passeriformes,Pycnonotidae (Bulbuls),439339,37890265,3071381039,TRUE,FALSE,1813,AVIBASE-6ABDB635,Pycnonotus barbatus,Pycnonotus barbatus,Pycnonotus barbatus,2,Field1,NA,U,0,,NA,Zambia,NA,17.5,9.1,3.6,4.6,23,96,15,81,15.6,88,MFZ,1,NA,NA,NA,NA,NA
1628,Pycnonotus barbatus,Common Bulbul,7556827.872,NA,NA,NA,Passeriformes,Pycnonotidae (Bulbuls),439339,37890265,3071381039,TRUE,FALSE,Pycnonotus barbatus,Passeriformes,Pycnonotidae (Bulbuls),439339,37890265,3071381039,TRUE,FALSE,1799,AVIBASE-6ABDB635,Pycnonotus barbatus,Pycnonotus barbatus,Pycnonotus barbatus,2,Field1,NA,U,0,,NA,Zambia,NA,18.9,10.8,5,5.2,22.1,100,14,86,14,89,MFZ,1,NA,NA,NA,NA,NA
1629,Pycnonotus barbatus,Common Bulbul,7556827.872,NA,NA,NA,Passeriformes,Pycnonotidae (Bulbuls),439339,37890265,3071381039,TRUE,FALSE,Pycnonotus barbatus,Passeriformes,Pycnonotidae (Bulbuls),439339,37890265,3071381039,TRUE,FALSE,1803,AVIBASE-6ABDB635,Pycnonotus barbatus,Pycnonotus barbatus,Pycnonotus barbatus,2,Field1,NA,U,0,,NA,Zambia,NA,16.5,9.6,4.6,5.2,21.2,93,13,80,14,88,MFZ,1,NA,NA,NA,NA,NA
1630,Pycnonotus barbatus,Common Bulbul,7556827.872,NA,NA,NA,Passeriformes,Pycnonotidae (Bulbuls),439339,37890265,3071381039,TRUE,FALSE,Pycnonotus barbatus,Passeriformes,Pycnonotidae (Bulbuls),439339,37890265,3071381039,TRUE,FALSE,1806,AVIBASE-6ABDB635,Pycnonotus barbatus,Pycnonotus barbatus,Pycnonotus barbatus,2,Field1,NA,U,0,,NA,Zambia,NA,18.3,9.8,4.7,4.7,22,89,NA,NA,NA,84,MFZ,1,NA,NA,NA,NA,NA
1631,Pycnonotus barbatus,Common Bulbul,7556827.872,NA,NA,NA,Passeriformes,Pycnonotidae (Bulbuls),439339,37890265,3071381039,TRUE,FALSE,Pycnonotus barbatus,Passeriformes,Pycnonotidae (Bulbuls),439339,37890265,3071381039,TRUE,FALSE,1788,AVIBASE-6ABDB635,Pycnonotus barbatus,Pycnonotus barbatus,Pycnonotus barbatus,1,NHMUK,1965.M.9673,F,0,,NA,Somalia,NA,16.6,8.6,3.5,4.5,18.9,86,11.6,74.4,13.5,78,CV,1,NA,NA,NA,NA,NA
1632,Pycnonotus barbatus,Common Bulbul,7556827.872,NA,NA,NA,Passeriformes,Pycnonotidae (Bulbuls),439339,37890265,3071381039,TRUE,FALSE,Pycnonotus barbatus,Passeriformes,Pycnonotidae (Bulbuls),439339,37890265,3071381039,TRUE,FALSE,1800,AVIBASE-6ABDB635,Pycnonotus barbatus,Pycnonotus barbatus,Pycnonotus barbatus,2,Field1,NA,U,0,,NA,Zambia,NA,16.2,10.4,4.4,5.2,21.3,95,13,82,13.7,91,MFZ,1,NA,NA,NA,NA,NA
1633,Pycnonotus barbatus,Common Bulbul,7556827.872,NA,NA,NA,Passeriformes,Pycnonotidae (Bulbuls),439339,37890265,3071381039,TRUE,FALSE,Pycnonotus barbatus,Passeriformes,Pycnonotidae (Bulbuls),439339,37890265,3071381039,TRUE,FALSE,1791,AVIBASE-6ABDB635,Pycnonotus barbatus,Pycnonotus barbatus,Pycnonotus barbatus,1,ZFMK,F.II.1.a.?,F,0,,NA,Morocco,NA,19.3,NA,NA,NA,22.9,98.5,16,82.5,16.2,91,DH,0,NA,NA,NA,NA,NA
1634,Pycnonotus barbatus,Common Bulbul,7556827.872,NA,NA,NA,Passeriformes,Pycnonotidae (Bulbuls),439339,37890265,3071381039,TRUE,FALSE,Pycnonotus barbatus,Passeriformes,Pycnonotidae (Bulbuls),439339,37890265,3071381039,TRUE,FALSE,1773,AVIBASE-6ABDB635,Pycnonotus barbatus,Pycnonotus barbatus,Pycnonotus barbatus,1,ZFMK,1976.1139,M,0,,NA,Botswana,NA,19.9,NA,NA,NA,21.6,96,14.5,81.5,15.1,84,LB,0,NA,NA,NA,NA,NA
1635,Pycnonotus barbatus,Common Bulbul,7556827.872,NA,NA,NA,Passeriformes,Pycnonotidae (Bulbuls),439339,37890265,3071381039,TRUE,FALSE,Pycnonotus barbatus,Passeriformes,Pycnonotidae (Bulbuls),439339,37890265,3071381039,TRUE,FALSE,1774,AVIBASE-6ABDB635,Pycnonotus barbatus,Pycnonotus barbatus,Pycnonotus barbatus,1,ZFMK,1976.114,F,0,,NA,Botswana,NA,19.1,NA,NA,NA,21.9,91,16.5,74.5,18.1,77.5,LB,0,NA,NA,NA,NA,NA
1636,Pycnonotus barbatus,Common Bulbul,7556827.872,NA,NA,NA,Passeriformes,Pycnonotidae (Bulbuls),439339,37890265,3071381039,TRUE,FALSE,Pycnonotus barbatus,Passeriformes,Pycnonotidae (Bulbuls),439339,37890265,3071381039,TRUE,FALSE,1810,AVIBASE-6ABDB635,Pycnonotus barbatus,Pycnonotus barbatus,Pycnonotus barbatus,2,Field1,NA,U,0,,NA,Zambia,NA,16.5,9.2,4,5.1,21.9,95,16,79,16.8,87,MFZ,1,NA,NA,NA,NA,NA
1637,Pycnonotus barbatus,Common Bulbul,7556827.872,NA,NA,NA,Passeriformes,Pycnonotidae (Bulbuls),439339,37890265,3071381039,TRUE,FALSE,Pycnonotus barbatus,Passeriformes,Pycnonotidae (Bulbuls),439339,37890265,3071381039,TRUE,FALSE,1772,AVIBASE-6ABDB635,Pycnonotus barbatus,Pycnonotus barbatus,Pycnonotus barbatus,1,ZFMK,1966.242,F,0,,NA,Zimbabwe,NA,20.4,NA,NA,NA,22.1,98,15.5,82.5,15.8,87,LB,0,NA,NA,NA,NA,NA
1638,Pycnonotus barbatus,Common Bulbul,7556827.872,NA,NA,NA,Passeriformes,Pycnonotidae (Bulbuls),439339,37890265,3071381039,TRUE,FALSE,Pycnonotus barbatus,Passeriformes,Pycnonotidae (Bulbuls),439339,37890265,3071381039,TRUE,FALSE,1805,AVIBASE-6ABDB635,Pycnonotus barbatus,Pycnonotus barbatus,Pycnonotus barbatus,2,Field1,NA,U,0,,NA,Zambia,NA,18.2,11,4.9,5.2,21.1,100,18,82,18,91,MFZ,1,NA,NA,NA,NA,NA
1639,Pycnonotus barbatus,Common Bulbul,7556827.872,NA,NA,NA,Passeriformes,Pycnonotidae (Bulbuls),439339,37890265,3071381039,TRUE,FALSE,Pycnonotus barbatus,Passeriformes,Pycnonotidae (Bulbuls),439339,37890265,3071381039,TRUE,FALSE,1804,AVIBASE-6ABDB635,Pycnonotus barbatus,Pycnonotus barbatus,Pycnonotus barbatus,2,Field1,NA,U,0,,NA,Zambia,NA,19.2,10.8,5.3,5.6,21.4,99,18,81,18.2,89,MFZ,1,NA,NA,NA,NA,NA
1640,Pycnonotus barbatus,Common Bulbul,7556827.872,NA,NA,NA,Passeriformes,Pycnonotidae (Bulbuls),439339,37890265,3071381039,TRUE,FALSE,Pycnonotus barbatus,Passeriformes,Pycnonotidae (Bulbuls),439339,37890265,3071381039,TRUE,FALSE,1780,AVIBASE-6ABDB635,Pycnonotus barbatus,Pycnonotus barbatus,Pycnonotus barbatus,1,NHMUK,1946.5.2269,M,0,,NA,Ethiopia,NA,16.4,8.9,3.7,4.4,20.8,87,10.8,76.2,12.4,80,CV,1,NA,NA,NA,NA,NA
1641,Pycnonotus barbatus,Common Bulbul,7556827.872,NA,NA,NA,Passeriformes,Pycnonotidae (Bulbuls),439339,37890265,3071381039,TRUE,FALSE,Pycnonotus barbatus,Passeriformes,Pycnonotidae (Bulbuls),439339,37890265,3071381039,TRUE,FALSE,1786,AVIBASE-6ABDB635,Pycnonotus barbatus,Pycnonotus barbatus,Pycnonotus barbatus,1,NHMUK,1965.M.9670,M,0,,NA,Somalia,NA,17.4,8.9,4,4.5,21,89,14.2,74.8,16,79,CV,1,NA,NA,NA,NA,NA
1642,Pycnonotus barbatus,Common Bulbul,7556827.872,NA,NA,NA,Passeriformes,Pycnonotidae (Bulbuls),439339,37890265,3071381039,TRUE,FALSE,Pycnonotus barbatus,Passeriformes,Pycnonotidae (Bulbuls),439339,37890265,3071381039,TRUE,FALSE,1812,AVIBASE-6ABDB635,Pycnonotus barbatus,Pycnonotus barbatus,Pycnonotus barbatus,2,Field1,NA,U,0,,NA,Zambia,NA,17.1,9.6,3.9,5.8,22.3,98,13,85,13.3,91,MFZ,1,NA,NA,NA,NA,NA
1643,Pycnonotus barbatus,Common Bulbul,7556827.872,NA,NA,NA,Passeriformes,Pycnonotidae (Bulbuls),439339,37890265,3071381039,TRUE,FALSE,Pycnonotus barbatus,Passeriformes,Pycnonotidae (Bulbuls),439339,37890265,3071381039,TRUE,FALSE,1797,AVIBASE-6ABDB635,Pycnonotus barbatus,Pycnonotus barbatus,Pycnonotus barbatus,2,Field1,NA,F,0,,NA,Zambia,NA,21.2,10.1,4.1,5.2,16.5,93,13,80,14,84,MFZ,1,NA,NA,NA,NA,NA
1644,Pycnonotus barbatus,Common Bulbul,7556827.872,NA,NA,NA,Passeriformes,Pycnonotidae (Bulbuls),439339,37890265,3071381039,TRUE,FALSE,Pycnonotus barbatus,Passeriformes,Pycnonotidae (Bulbuls),439339,37890265,3071381039,TRUE,FALSE,1787,AVIBASE-6ABDB635,Pycnonotus barbatus,Pycnonotus barbatus,Pycnonotus barbatus,1,NHMUK,1965.M.9672,M,0,,NA,Somalia,NA,18.1,9.6,3.5,4.7,19.3,88,13.7,74.3,15.6,77,CV,1,NA,NA,NA,NA,NA
1645,Pycnonotus barbatus,Common Bulbul,7556827.872,NA,NA,NA,Passeriformes,Pycnonotidae (Bulbuls),439339,37890265,3071381039,TRUE,FALSE,Pycnonotus barbatus,Passeriformes,Pycnonotidae (Bulbuls),439339,37890265,3071381039,TRUE,FALSE,1796,AVIBASE-6ABDB635,Pycnonotus barbatus,Pycnonotus barbatus,Pycnonotus barbatus,2,Field1,NA,U,0,,NA,Zambia,NA,17,10.4,4.3,5.3,22.8,99,19,80,19.2,90,MFZ,1,NA,NA,NA,NA,NA
1646,Pycnonotus barbatus,Common Bulbul,7556827.872,NA,NA,NA,Passeriformes,Pycnonotidae (Bulbuls),439339,37890265,3071381039,TRUE,FALSE,Pycnonotus barbatus,Passeriformes,Pycnonotidae (Bulbuls),439339,37890265,3071381039,TRUE,FALSE,1781,AVIBASE-6ABDB635,Pycnonotus barbatus,Pycnonotus barbatus,Pycnonotus barbatus,1,NHMUK,1946.5.2273,F,0,,NA,Ethiopia,NA,14.8,7.9,4,4.5,18.4,80,11.3,68.7,14.1,74,CV,1,NA,NA,NA,NA,NA
1647,Pycnonotus barbatus,Common Bulbul,7556827.872,NA,NA,NA,Passeriformes,Pycnonotidae (Bulbuls),439339,37890265,3071381039,TRUE,FALSE,Pycnonotus barbatus,Passeriformes,Pycnonotidae (Bulbuls),439339,37890265,3071381039,TRUE,FALSE,1776,AVIBASE-6ABDB635,Pycnonotus barbatus,Pycnonotus barbatus,Pycnonotus barbatus,1,NHMUK,1934.1.1.6352,F,0,,NA,Algeria,NA,18.6,9.8,4.2,5.3,21.7,92,13.5,78.5,14.7,87,CV,1,NA,NA,NA,NA,NA
1648,Pycnonotus barbatus,Common Bulbul,7556827.872,NA,NA,NA,Passeriformes,Pycnonotidae (Bulbuls),439339,37890265,3071381039,TRUE,FALSE,Pycnonotus barbatus,Passeriformes,Pycnonotidae (Bulbuls),439339,37890265,3071381039,TRUE,FALSE,1770,AVIBASE-6ABDB635,Pycnonotus barbatus,Pycnonotus barbatus,Pycnonotus barbatus,1,NHMUK,95.5.1.1299,M,0,,NA,NA,NA,19.9,NA,4.5,5.8,20.7,102,NA,NA,NA,95,GT,0,NA,NA,NA,NA,NA
1649,Pycnonotus barbatus,Common Bulbul,7556827.872,NA,NA,NA,Passeriformes,Pycnonotidae (Bulbuls),439339,37890265,3071381039,TRUE,FALSE,Pycnonotus barbatus,Passeriformes,Pycnonotidae (Bulbuls),439339,37890265,3071381039,TRUE,FALSE,1782,AVIBASE-6ABDB635,Pycnonotus barbatus,Pycnonotus barbatus,Pycnonotus barbatus,1,NHMUK,1946.5.2279,M,0,,NA,Ethiopia,NA,15.7,7.9,4.2,4.3,19.9,85,11.4,73.6,13.4,75,CV,1,NA,NA,NA,NA,NA
1650,Pycnonotus barbatus,Common Bulbul,7556827.872,NA,NA,NA,Passeriformes,Pycnonotidae (Bulbuls),439339,37890265,3071381039,TRUE,FALSE,Pycnonotus barbatus,Passeriformes,Pycnonotidae (Bulbuls),439339,37890265,3071381039,TRUE,FALSE,1795,AVIBASE-6ABDB635,Pycnonotus barbatus,Pycnonotus barbatus,Pycnonotus barbatus,2,Field1,NA,U,0,,NA,Ghana,NA,18.3,10.7,5.7,5.3,21.9,92,NA,NA,NA,83,NNDA,1,NA,NA,NA,NA,NA
1651,Pycnonotus barbatus,Common Bulbul,7556827.872,NA,NA,NA,Passeriformes,Pycnonotidae (Bulbuls),439339,37890265,3071381039,TRUE,FALSE,Pycnonotus barbatus,Passeriformes,Pycnonotidae (Bulbuls),439339,37890265,3071381039,TRUE,FALSE,1808,AVIBASE-6ABDB635,Pycnonotus barbatus,Pycnonotus barbatus,Pycnonotus barbatus,2,Field1,NA,U,0,,NA,Zambia,NA,18.4,10,4.8,5,21.9,89,13,76,14.6,82,MFZ,1,NA,NA,NA,NA,NA
1652,Pycnonotus barbatus,Common Bulbul,7556827.872,NA,NA,NA,Passeriformes,Pycnonotidae (Bulbuls),439339,37890265,3071381039,TRUE,FALSE,Pycnonotus barbatus,Passeriformes,Pycnonotidae (Bulbuls),439339,37890265,3071381039,TRUE,FALSE,1775,AVIBASE-6ABDB635,Pycnonotus barbatus,Pycnonotus barbatus,Pycnonotus barbatus,1,NHMUK,1927.12.18.352,M,0,,NA,Algeria,NA,19.1,10.1,4.1,5.2,20.2,97,14.4,82.6,14.8,90,CV,1,NA,NA,NA,NA,NA
1653,Pycnonotus barbatus,Common Bulbul,7556827.872,NA,NA,NA,Passeriformes,Pycnonotidae (Bulbuls),439339,37890265,3071381039,TRUE,FALSE,Pycnonotus barbatus,Passeriformes,Pycnonotidae (Bulbuls),439339,37890265,3071381039,TRUE,FALSE,1809,AVIBASE-6ABDB635,Pycnonotus barbatus,Pycnonotus barbatus,Pycnonotus barbatus,2,Field1,NA,U,0,,NA,Zambia,NA,18.7,10.4,3.9,5.1,20.8,96,15,81,15.6,89,MFZ,1,NA,NA,NA,NA,NA
1654,Pycnonotus barbatus,Common Bulbul,7556827.872,NA,NA,NA,Passeriformes,Pycnonotidae (Bulbuls),439339,37890265,3071381039,TRUE,FALSE,Pycnonotus barbatus,Passeriformes,Pycnonotidae (Bulbuls),439339,37890265,3071381039,TRUE,FALSE,1783,AVIBASE-6ABDB635,Pycnonotus barbatus,Pycnonotus barbatus,Pycnonotus barbatus,1,NHMUK,1953.54.215,F,0,,NA,Democratic Republic of the Congo,NA,16.5,9.7,3.7,4.5,19.7,85,12.8,72.2,15.1,80,NS,1,NA,NA,NA,NA,NA
1655,Pycnonotus barbatus,Common Bulbul,7556827.872,NA,NA,NA,Passeriformes,Pycnonotidae (Bulbuls),439339,37890265,3071381039,TRUE,FALSE,Pycnonotus barbatus,Passeriformes,Pycnonotidae (Bulbuls),439339,37890265,3071381039,TRUE,FALSE,1771,AVIBASE-6ABDB635,Pycnonotus barbatus,Pycnonotus barbatus,Pycnonotus barbatus,1,ZFMK,1966.24,M,0,,NA,Zimbabwe,NA,22.3,NA,NA,NA,22,102,17,85,16.7,88,LB,0,NA,NA,NA,NA,NA
1656,Pycnonotus barbatus,Common Bulbul,7556827.872,NA,NA,NA,Passeriformes,Pycnonotidae (Bulbuls),439339,37890265,3071381039,TRUE,FALSE,Pycnonotus barbatus,Passeriformes,Pycnonotidae (Bulbuls),439339,37890265,3071381039,TRUE,FALSE,1785,AVIBASE-6ABDB635,Pycnonotus barbatus,Pycnonotus barbatus,Pycnonotus barbatus,1,NHMUK,1957.13.1670,F,0,,NA,Algeria,NA,17.8,9.3,4.1,4.7,18.5,92,13,79,14.1,88,CV,1,NA,NA,NA,NA,NA
1657,Pycnonotus barbatus,Common Bulbul,7556827.872,NA,NA,NA,Passeriformes,Pycnonotidae (Bulbuls),439339,37890265,3071381039,TRUE,FALSE,Pycnonotus barbatus,Passeriformes,Pycnonotidae (Bulbuls),439339,37890265,3071381039,TRUE,FALSE,1779,AVIBASE-6ABDB635,Pycnonotus barbatus,Pycnonotus barbatus,Pycnonotus barbatus,1,NHMUK,1946.5.2268,F,0,,NA,Ethiopia,NA,15.3,7.8,3.9,4.6,17.5,84,11.8,72.2,14,73,CV,1,NA,NA,NA,NA,NA
1658,Pycnonotus barbatus,Common Bulbul,7556827.872,NA,NA,NA,Passeriformes,Pycnonotidae (Bulbuls),439339,37890265,3071381039,TRUE,FALSE,Pycnonotus barbatus,Passeriformes,Pycnonotidae (Bulbuls),439339,37890265,3071381039,TRUE,FALSE,1798,AVIBASE-6ABDB635,Pycnonotus barbatus,Pycnonotus barbatus,Pycnonotus barbatus,2,Field1,NA,U,0,,NA,Zambia,NA,18.5,9.5,5.9,5.3,22.4,95,16,79,16.8,88,MFZ,1,NA,NA,NA,NA,NA
1659,Pycnonotus barbatus,Common Bulbul,7556827.872,NA,NA,NA,Passeriformes,Pycnonotidae (Bulbuls),439339,37890265,3071381039,TRUE,FALSE,Pycnonotus barbatus,Passeriformes,Pycnonotidae (Bulbuls),439339,37890265,3071381039,TRUE,FALSE,1811,AVIBASE-6ABDB635,Pycnonotus barbatus,Pycnonotus barbatus,Pycnonotus barbatus,2,Field1,NA,U,0,,NA,Zambia,NA,15.4,9.4,4.1,5.2,19.8,95,15,80,15.8,89,MFZ,1,NA,NA,NA,NA,NA
1660,Pycnonotus barbatus,Common Bulbul,7556827.872,NA,NA,NA,Passeriformes,Pycnonotidae (Bulbuls),439339,37890265,3071381039,TRUE,FALSE,Pycnonotus barbatus,Passeriformes,Pycnonotidae (Bulbuls),439339,37890265,3071381039,TRUE,FALSE,1784,AVIBASE-6ABDB635,Pycnonotus barbatus,Pycnonotus barbatus,Pycnonotus barbatus,1,NHMUK,1953.54.217,F,0,,NA,Democratic Republic of the Congo,NA,17.4,8.9,4.2,4.8,21.4,87,15.7,71.3,18,75,NS,1,NA,NA,NA,NA,NA
1661,Pycnonotus blanfordi,Ayeyarwady Bulbul,479080.741,NA,NA,NA,Passeriformes,Pycnonotidae (Bulbuls),7585,683646,60784543,TRUE,FALSE,Pycnonotus blanfordi,Passeriformes,Pycnonotidae (Bulbuls),7585,683646,60784543,TRUE,FALSE,1822,AVIBASE-33C76559,Pycnonotus blanfordi,Pycnonotus blanfordi,Pycnonotus blanfordi,1,NHMUK,86.9.1.2326,F,0,,NA,Myanmar,NA,15,8.8,3.9,4.7,16.5,77,11.3,65.7,14.7,69,CV,1,NA,NA,NA,NA,NA
1662,Pycnonotus blanfordi,Ayeyarwady Bulbul,479080.741,NA,NA,NA,Passeriformes,Pycnonotidae (Bulbuls),7585,683646,60784543,TRUE,FALSE,Pycnonotus blanfordi,Passeriformes,Pycnonotidae (Bulbuls),7585,683646,60784543,TRUE,FALSE,1819,AVIBASE-33C76559,Pycnonotus blanfordi,Pycnonotus blanfordi,Pycnonotus blanfordi,1,NHMUK,1948.80.1302,M,0,,NA,Myanmar,NA,18,9.1,3.5,4.4,19.5,81,8.4,72.6,10.4,93,CV,1,NA,NA,NA,NA,NA
1663,Pycnonotus blanfordi,Ayeyarwady Bulbul,479080.741,NA,NA,NA,Passeriformes,Pycnonotidae (Bulbuls),7585,683646,60784543,TRUE,FALSE,Pycnonotus blanfordi,Passeriformes,Pycnonotidae (Bulbuls),7585,683646,60784543,TRUE,FALSE,1818,AVIBASE-33C76559,Pycnonotus blanfordi,Pycnonotus blanfordi,Pycnonotus blanfordi,1,NHMUK,1948.80.1306,M,0,,NA,NA,NA,17.1,NA,3.5,4.3,18.2,83,NA,NA,NA,76,GT,0,NA,NA,NA,NA,NA
1664,Pycnonotus blanfordi,Ayeyarwady Bulbul,479080.741,NA,NA,NA,Passeriformes,Pycnonotidae (Bulbuls),7585,683646,60784543,TRUE,FALSE,Pycnonotus blanfordi,Passeriformes,Pycnonotidae (Bulbuls),7585,683646,60784543,TRUE,FALSE,1821,AVIBASE-33C76559,Pycnonotus blanfordi,Pycnonotus blanfordi,Pycnonotus blanfordi,1,NHMUK,1948.80.1307,M,0,,NA,Myanmar,NA,16.8,8.8,3.6,4.5,20.9,88,15.2,72.8,17.3,85,CV,1,NA,NA,NA,NA,NA
1665,Pycnonotus blanfordi,Ayeyarwady Bulbul,479080.741,NA,NA,NA,Passeriformes,Pycnonotidae (Bulbuls),7585,683646,60784543,TRUE,FALSE,Pycnonotus blanfordi,Passeriformes,Pycnonotidae (Bulbuls),7585,683646,60784543,TRUE,FALSE,1820,AVIBASE-33C76559,Pycnonotus blanfordi,Pycnonotus blanfordi,Pycnonotus blanfordi,1,NHMUK,1948.80.1304,F,0,,NA,Myanmar,NA,16.8,8.9,3.9,4.5,20,84,11.5,72.5,13.7,85,CV,1,NA,NA,NA,NA,NA
1666,Pycnonotus brunneus,Red-eyed Bulbul,439454.857,NA,NA,NA,Passeriformes,Pycnonotidae (Bulbuls),13283,1372506,130646797,TRUE,FALSE,Pycnonotus brunneus,Passeriformes,Pycnonotidae (Bulbuls),13283,1372506,130646797,TRUE,FALSE,1826,AVIBASE-9B937C26,Pycnonotus brunneus,Pycnonotus brunneus,Pycnonotus brunneus,2,Field1,NA,U,0,,NA,Malaysia,NA,15.4,10.6,5.2,5.6,20.9,85,8,77,9.4,NA,JAT,1,NA,NA,NA,NA,NA
1667,Pycnonotus brunneus,Red-eyed Bulbul,439454.857,NA,NA,NA,Passeriformes,Pycnonotidae (Bulbuls),13283,1372506,130646797,TRUE,FALSE,Pycnonotus brunneus,Passeriformes,Pycnonotidae (Bulbuls),13283,1372506,130646797,TRUE,FALSE,1825,AVIBASE-9B937C26,Pycnonotus brunneus,Pycnonotus brunneus,Pycnonotus brunneus,1,NHMUK,86.9.1.2288,M,0,,NA,NA,NA,16.2,9.5,4.2,5,18.7,81,11.2,69.8,13.8,66,SEIJ,1,NA,NA,NA,NA,NA
1668,Pycnonotus brunneus,Red-eyed Bulbul,439454.857,NA,NA,NA,Passeriformes,Pycnonotidae (Bulbuls),13283,1372506,130646797,TRUE,FALSE,Pycnonotus brunneus,Passeriformes,Pycnonotidae (Bulbuls),13283,1372506,130646797,TRUE,FALSE,1823,AVIBASE-9B937C26,Pycnonotus brunneus,Pycnonotus brunneus,Pycnonotus brunneus,1,NHMUK,1936.4.12.1849,M,0,,NA,NA,NA,18.6,NA,3.8,5.2,18.1,89,NA,NA,NA,81,GT,0,NA,NA,NA,NA,NA
1669,Pycnonotus brunneus,Red-eyed Bulbul,439454.857,NA,NA,NA,Passeriformes,Pycnonotidae (Bulbuls),13283,1372506,130646797,TRUE,FALSE,Pycnonotus brunneus,Passeriformes,Pycnonotidae (Bulbuls),13283,1372506,130646797,TRUE,FALSE,1824,AVIBASE-9B937C26,Pycnonotus brunneus,Pycnonotus brunneus,Pycnonotus brunneus,1,NHMUK,86.9.1.2279,F,0,,NA,NA,NA,15.8,9.4,4.3,4.3,18.4,79,7.5,71.5,9.5,68,SEIJ,1,NA,NA,NA,NA,NA
1670,Pycnonotus brunneus,Red-eyed Bulbul,439454.857,NA,NA,NA,Passeriformes,Pycnonotidae (Bulbuls),13283,1372506,130646797,TRUE,FALSE,Pycnonotus brunneus,Passeriformes,Pycnonotidae (Bulbuls),13283,1372506,130646797,TRUE,FALSE,1827,AVIBASE-9B937C26,Pycnonotus brunneus,Pycnonotus brunneus,Pycnonotus brunneus,2,Field1,NA,U,0,,NA,Malaysia,NA,NA,8,4.4,4,18.2,77,12.6,64.4,16.4,NA,JAT,1,NA,NA,NA,NA,NA
1671,Pycnonotus cafer,Red-vented Bulbul,1611304.469,NA,NA,NA,Passeriformes,Pycnonotidae (Bulbuls),250584,20380192,1717284837,TRUE,FALSE,Pycnonotus cafer,Passeriformes,Pycnonotidae (Bulbuls),250584,20380192,1717284837,TRUE,FALSE,1836,AVIBASE-95F3F185,Pycnonotus cafer,Pycnonotus cafer,Pycnonotus cafer,1,NHMUK,86.9.1.1768,F,0,,NA,India,NA,20.2,11,5.2,6,20.2,103,19.5,83.5,18.9,97,ECJ,1,NA,NA,NA,NA,NA
1672,Pycnonotus cafer,Red-vented Bulbul,1611304.469,NA,NA,NA,Passeriformes,Pycnonotidae (Bulbuls),250584,20380192,1717284837,TRUE,FALSE,Pycnonotus cafer,Passeriformes,Pycnonotidae (Bulbuls),250584,20380192,1717284837,TRUE,FALSE,1835,AVIBASE-95F3F185,Pycnonotus cafer,Pycnonotus cafer,Pycnonotus cafer,1,NHMUK,86.9.1.1754,M,0,,NA,Sri Lanka,NA,17.7,9.8,4.1,4.9,20.4,91,14.5,76.5,15.9,86,CV,1,NA,NA,NA,NA,NA
1673,Pycnonotus cafer,Red-vented Bulbul,1611304.469,NA,NA,NA,Passeriformes,Pycnonotidae (Bulbuls),250584,20380192,1717284837,TRUE,FALSE,Pycnonotus cafer,Passeriformes,Pycnonotidae (Bulbuls),250584,20380192,1717284837,TRUE,FALSE,1838,AVIBASE-95F3F185,Pycnonotus cafer,Pycnonotus cafer,Pycnonotus cafer,1,NHMUK,86.9.1.1865,M,0,,NA,India,NA,22,11.2,4.6,5.4,22.9,102.5,17.8,84.7,17.4,97,ECJ,1,NA,NA,NA,NA,NA
1674,Pycnonotus cafer,Red-vented Bulbul,1611304.469,NA,NA,NA,Passeriformes,Pycnonotidae (Bulbuls),250584,20380192,1717284837,TRUE,FALSE,Pycnonotus cafer,Passeriformes,Pycnonotidae (Bulbuls),250584,20380192,1717284837,TRUE,FALSE,1839,AVIBASE-95F3F185,Pycnonotus cafer,Pycnonotus cafer,Pycnonotus cafer,1,NHMUK,88.4.1.510,M,0,,NA,India,NA,19.5,11.4,5.6,5.3,22.7,83,14.9,68.1,18,78,PW,1,NA,NA,NA,NA,NA
1675,Pycnonotus cafer,Red-vented Bulbul,1611304.469,NA,NA,NA,Passeriformes,Pycnonotidae (Bulbuls),250584,20380192,1717284837,TRUE,FALSE,Pycnonotus cafer,Passeriformes,Pycnonotidae (Bulbuls),250584,20380192,1717284837,TRUE,FALSE,1837,AVIBASE-95F3F185,Pycnonotus cafer,Pycnonotus cafer,Pycnonotus cafer,1,NHMUK,86.9.1.1864,M,0,,NA,India,NA,23.6,11.7,5.4,6.1,22.1,107,20.3,86.7,19,92,ECJ,1,NA,NA,NA,NA,NA
1676,Pycnonotus cafer,Red-vented Bulbul,1611304.469,NA,NA,NA,Passeriformes,Pycnonotidae (Bulbuls),250584,20380192,1717284837,TRUE,FALSE,Pycnonotus cafer,Passeriformes,Pycnonotidae (Bulbuls),250584,20380192,1717284837,TRUE,FALSE,1834,AVIBASE-95F3F185,Pycnonotus cafer,Pycnonotus cafer,Pycnonotus cafer,1,NHMUK,79.4.5,F,0,,NA,Sri Lanka,NA,16.4,8.2,4.2,5.2,20.8,84,12.4,71.6,14.8,79,CV,1,NA,NA,NA,NA,NA
1677,Pycnonotus cafer,Red-vented Bulbul,1611304.469,NA,NA,NA,Passeriformes,Pycnonotidae (Bulbuls),250584,20380192,1717284837,TRUE,FALSE,Pycnonotus cafer,Passeriformes,Pycnonotidae (Bulbuls),250584,20380192,1717284837,TRUE,FALSE,1832,AVIBASE-95F3F185,Pycnonotus cafer,Pycnonotus cafer,Pycnonotus cafer,1,NHMUK,1946.28.307,F,0,,NA,Sri Lanka,NA,16.7,9,3.6,4.3,19.7,85,11.9,73.1,14,73,CV,1,NA,NA,NA,NA,NA
1678,Pycnonotus cafer,Red-vented Bulbul,1611304.469,NA,NA,NA,Passeriformes,Pycnonotidae (Bulbuls),250584,20380192,1717284837,TRUE,FALSE,Pycnonotus cafer,Passeriformes,Pycnonotidae (Bulbuls),250584,20380192,1717284837,TRUE,FALSE,1830,AVIBASE-95F3F185,Pycnonotus cafer,Pycnonotus cafer,Pycnonotus cafer,1,NHMUK,1939.12.9.1867,F,0,,NA,India,NA,21.6,11.8,4.6,5.2,19.3,112,23.2,88.8,20.7,109,ECJ,1,NA,NA,NA,NA,NA
1679,Pycnonotus cafer,Red-vented Bulbul,1611304.469,NA,NA,NA,Passeriformes,Pycnonotidae (Bulbuls),250584,20380192,1717284837,TRUE,FALSE,Pycnonotus cafer,Passeriformes,Pycnonotidae (Bulbuls),250584,20380192,1717284837,TRUE,FALSE,1831,AVIBASE-95F3F185,Pycnonotus cafer,Pycnonotus cafer,Pycnonotus cafer,1,NHMUK,1940.12.3.32,M,0,,NA,Sri Lanka,NA,19.3,10.3,4.5,5,22.2,93,14.2,78.8,15.3,86,CV,1,NA,NA,NA,NA,NA
1680,Pycnonotus cafer,Red-vented Bulbul,1611304.469,NA,NA,NA,Passeriformes,Pycnonotidae (Bulbuls),250584,20380192,1717284837,TRUE,FALSE,Pycnonotus cafer,Passeriformes,Pycnonotidae (Bulbuls),250584,20380192,1717284837,TRUE,FALSE,1828,AVIBASE-95F3F185,Pycnonotus cafer,Pycnonotus cafer,Pycnonotus cafer,1,NHMUK,1949.14204,M,0,,NA,India,NA,16.6,10,5.9,5.3,21.4,88,12.3,75.7,14,79,PW,1,NA,NA,NA,NA,NA
1681,Pycnonotus cafer,Red-vented Bulbul,1611304.469,NA,NA,NA,Passeriformes,Pycnonotidae (Bulbuls),250584,20380192,1717284837,TRUE,FALSE,Pycnonotus cafer,Passeriformes,Pycnonotidae (Bulbuls),250584,20380192,1717284837,TRUE,FALSE,1833,AVIBASE-95F3F185,Pycnonotus cafer,Pycnonotus cafer,Pycnonotus cafer,1,NHMUK,1947.11.34,M,0,,NA,Sri Lanka,NA,19.7,11,5.6,5.2,21.6,95,12.9,82.1,13.6,84,PW,1,NA,NA,NA,NA,NA
1682,Pycnonotus cafer,Red-vented Bulbul,1611304.469,NA,NA,NA,Passeriformes,Pycnonotidae (Bulbuls),250584,20380192,1717284837,TRUE,FALSE,Pycnonotus cafer,Passeriformes,Pycnonotidae (Bulbuls),250584,20380192,1717284837,TRUE,FALSE,1829,AVIBASE-95F3F185,Pycnonotus cafer,Pycnonotus cafer,Pycnonotus cafer,1,NHMUK,1928.6.25.45,M,0,,NA,Sri Lanka,NA,18.9,10.7,4.6,5.2,21.9,91,14.7,76.3,16.2,74,PW,1,NA,NA,NA,NA,NA
1683,Pycnonotus capensis,Cape Bulbul,58558.45184,X,X,X,Passeriformes,Pycnonotidae (Bulbuls),8577,739565,62059692,TRUE,FALSE,Pycnonotus capensis,Passeriformes,Pycnonotidae (Bulbuls),8577,739565,62059692,TRUE,FALSE,1841,AVIBASE-6234824B,Pycnonotus capensis,Pycnonotus capensis,Pycnonotus capensis,1,NHMUK,1965.M.9648,F,0,,NA,South Africa,NA,20.1,10.1,3.7,4.3,20.8,90,15,75,16.7,85,CV,1,NA,NA,NA,NA,NA
1684,Pycnonotus capensis,Cape Bulbul,58558.45184,X,X,X,Passeriformes,Pycnonotidae (Bulbuls),8577,739565,62059692,TRUE,FALSE,Pycnonotus capensis,Passeriformes,Pycnonotidae (Bulbuls),8577,739565,62059692,TRUE,FALSE,1843,AVIBASE-6234824B,Pycnonotus capensis,Pycnonotus capensis,Pycnonotus capensis,1,NHMUK,1965.M.9650,F,0,,NA,South Africa,NA,18.4,8.7,3.9,4.6,22.2,90,13.3,76.7,14.8,82,CV,1,NA,NA,NA,NA,NA
1685,Pycnonotus capensis,Cape Bulbul,58558.45184,X,X,X,Passeriformes,Pycnonotidae (Bulbuls),8577,739565,62059692,TRUE,FALSE,Pycnonotus capensis,Passeriformes,Pycnonotidae (Bulbuls),8577,739565,62059692,TRUE,FALSE,1842,AVIBASE-6234824B,Pycnonotus capensis,Pycnonotus capensis,Pycnonotus capensis,1,NHMUK,1965.M.9649,M,0,,NA,South Africa,NA,20.5,10.3,4.4,5.1,23.8,98,15,83,15.3,92,CV,1,NA,NA,NA,NA,NA
1686,Pycnonotus capensis,Cape Bulbul,58558.45184,X,X,X,Passeriformes,Pycnonotidae (Bulbuls),8577,739565,62059692,TRUE,FALSE,Pycnonotus capensis,Passeriformes,Pycnonotidae (Bulbuls),8577,739565,62059692,TRUE,FALSE,1840,AVIBASE-6234824B,Pycnonotus capensis,Pycnonotus capensis,Pycnonotus capensis,1,NHMUK,1950.50.577,M,0,,NA,South Africa,NA,19.4,10.3,4,4.5,21.4,93,14.7,78.3,15.8,86,CV,1,NA,NA,NA,NA,NA
1687,Pycnonotus cinereifrons,Ashy-fronted Bulbul,5102.928427,NA,NA,NA,Passeriformes,Pycnonotidae (Bulbuls),84,8103,765518,TRUE,FALSE,Pycnonotus cinereifrons,Passeriformes,Pycnonotidae (Bulbuls),84,8103,765518,TRUE,FALSE,1844,AVIBASE-8BEDAAAC,Pycnonotus cinereifrons,Pycnonotus cinereifrons,Pycnonotus plumosus,NA,,,,NA,,NA,,NA,NA,NA,NA,NA,NA,NA,NA,NA,NA,NA,GAPSPECIES,NA,NA,NA,NA,NA,NA
1688,Pycnonotus finlaysoni,Stripe-throated Bulbul,484140.6334,NA,NA,NA,Passeriformes,Pycnonotidae (Bulbuls),16064,1463832,145704860,FALSE,FALSE,Pycnonotus finlaysoni,Passeriformes,Pycnonotidae (Bulbuls),16064,1463832,145704860,FALSE,FALSE,1850,AVIBASE-249A8210,Pycnonotus finlaysoni,Pycnonotus finlaysoni finlaysoni/eous,Pycnonotus finlaysoni,1,NHMUK,86.9.1.2114,F,0,,NA,Thailand,NA,16.8,8.6,3.6,4.5,17.9,78,8.9,69.1,11.4,78,CV,1,NA,NA,NA,NA,NA
1689,Pycnonotus finlaysoni,Stripe-throated Bulbul,484140.6334,NA,NA,NA,Passeriformes,Pycnonotidae (Bulbuls),16064,1463832,145704860,FALSE,FALSE,Pycnonotus finlaysoni,Passeriformes,Pycnonotidae (Bulbuls),16064,1463832,145704860,FALSE,FALSE,1848,AVIBASE-249A8210,Pycnonotus finlaysoni,Pycnonotus finlaysoni finlaysoni/eous,Pycnonotus finlaysoni,1,NHMUK,86.9.1.2109,M,0,,NA,Thailand,NA,17,9.8,4,5.1,15.7,83,10.9,72.1,13.1,80,CV,1,NA,NA,NA,NA,NA
1690,Pycnonotus finlaysoni,Stripe-throated Bulbul,484140.6334,NA,NA,NA,Passeriformes,Pycnonotidae (Bulbuls),16064,1463832,145704860,FALSE,FALSE,Pycnonotus finlaysoni,Passeriformes,Pycnonotidae (Bulbuls),16064,1463832,145704860,FALSE,FALSE,1849,AVIBASE-249A8210,Pycnonotus finlaysoni,Pycnonotus finlaysoni finlaysoni/eous,Pycnonotus finlaysoni,1,NHMUK,86.9.1.2111,F,0,,NA,Thailand,NA,17.2,9.6,4,5.2,19.2,80,10.6,69.4,13.3,81,CV,1,NA,NA,NA,NA,NA
1691,Pycnonotus finlaysoni,Stripe-throated Bulbul,484140.6334,NA,NA,NA,Passeriformes,Pycnonotidae (Bulbuls),16064,1463832,145704860,FALSE,FALSE,Pycnonotus finlaysoni,Passeriformes,Pycnonotidae (Bulbuls),16064,1463832,145704860,FALSE,FALSE,1846,AVIBASE-249A8210,Pycnonotus finlaysoni,Pycnonotus finlaysoni finlaysoni/eous,Pycnonotus finlaysoni,1,NHMUK,86.9.1.2124,M,0,,NA,NA,NA,17.9,NA,4,5.4,21.7,78,NA,NA,NA,77,GT,0,NA,NA,NA,NA,NA
1692,Pycnonotus finlaysoni,Stripe-throated Bulbul,484140.6334,NA,NA,NA,Passeriformes,Pycnonotidae (Bulbuls),16064,1463832,145704860,FALSE,FALSE,Pycnonotus finlaysoni,Passeriformes,Pycnonotidae (Bulbuls),16064,1463832,145704860,FALSE,FALSE,1847,AVIBASE-249A8210,Pycnonotus finlaysoni,Pycnonotus finlaysoni finlaysoni/eous,Pycnonotus finlaysoni,1,NHMUK,86.9.1.2102,M,0,,NA,Thailand,NA,14.2,8.2,4.5,4.6,17.2,81,10.5,70.5,13,79,CV,1,NA,NA,NA,NA,NA
1693,Pycnonotus flavescens,Flavescent Bulbul,354060.2978,NA,NA,NA,Passeriformes,Pycnonotidae (Bulbuls),19492,1559805,128193178,TRUE,FALSE,Pycnonotus flavescens,Passeriformes,Pycnonotidae (Bulbuls),19492,1559805,128193178,TRUE,FALSE,1853,AVIBASE-9F6CB52D,Pycnonotus flavescens,Pycnonotus flavescens [flavescens Group],Pycnonotus flavescens,1,NHMUK,86.9.1.2030,M,0,,NA,India,NA,16.4,8.1,3.9,4.3,19.2,85,13.7,71.3,16.1,90,CV,1,NA,NA,NA,NA,NA
1694,Pycnonotus flavescens,Flavescent Bulbul,354060.2978,NA,NA,NA,Passeriformes,Pycnonotidae (Bulbuls),19492,1559805,128193178,TRUE,FALSE,Pycnonotus flavescens,Passeriformes,Pycnonotidae (Bulbuls),19492,1559805,128193178,TRUE,FALSE,1855,AVIBASE-9F6CB52D,Pycnonotus flavescens,Pycnonotus flavescens [flavescens Group],Pycnonotus flavescens,1,NHMUK,86.9.1.2044,F,0,,NA,India,NA,17.2,8.5,4.2,4.3,20.9,82,12.1,69.9,14.8,98,CV,1,NA,NA,NA,NA,NA
1695,Pycnonotus flavescens,Flavescent Bulbul,354060.2978,NA,NA,NA,Passeriformes,Pycnonotidae (Bulbuls),19492,1559805,128193178,TRUE,FALSE,Pycnonotus flavescens,Passeriformes,Pycnonotidae (Bulbuls),19492,1559805,128193178,TRUE,FALSE,1852,AVIBASE-9F6CB52D,Pycnonotus flavescens,Pycnonotus flavescens [flavescens Group],Pycnonotus flavescens,1,NHMUK,1925.12.23.378,F,0,,NA,India,NA,18.4,9,3.8,5.7,18.8,96,10.1,85.9,10.5,80,CV,1,NA,NA,NA,NA,NA
1696,Pycnonotus flavescens,Flavescent Bulbul,354060.2978,NA,NA,NA,Passeriformes,Pycnonotidae (Bulbuls),19492,1559805,128193178,TRUE,FALSE,Pycnonotus flavescens,Passeriformes,Pycnonotidae (Bulbuls),19492,1559805,128193178,TRUE,FALSE,1854,AVIBASE-9F6CB52D,Pycnonotus flavescens,Pycnonotus flavescens [flavescens Group],Pycnonotus flavescens,1,NHMUK,86.9.1.2043,M,0,,NA,India,NA,17.3,8.1,4.1,4.3,21.4,80,12.3,67.7,15.4,88,CV,1,NA,NA,NA,NA,NA
1697,Pycnonotus flavescens,Flavescent Bulbul,354060.2978,NA,NA,NA,Passeriformes,Pycnonotidae (Bulbuls),19492,1559805,128193178,TRUE,FALSE,Pycnonotus flavescens,Passeriformes,Pycnonotidae (Bulbuls),19492,1559805,128193178,TRUE,FALSE,2082,AVIBASE-9F6CB52D,Pycnonotus flavescens,Pycnonotus flavescens [flavescens Group],Pycnonotus flavescens,1,BNHS,1940,M,0,,Mindon,India,India,17,9.1,4.49,4.76,18.76,87.5,12.97,NA,NA,96,NA,1,NA,46021,9.5,NA,NA
1698,Pycnonotus flavescens,Flavescent Bulbul,354060.2978,NA,NA,NA,Passeriformes,Pycnonotidae (Bulbuls),19492,1559805,128193178,TRUE,FALSE,Pycnonotus flavescens,Passeriformes,Pycnonotidae (Bulbuls),19492,1559805,128193178,TRUE,FALSE,1851,AVIBASE-9F6CB52D,Pycnonotus flavescens,Pycnonotus flavescens [flavescens Group],Pycnonotus flavescens,1,NHMUK,86.9.1.2029,M,0,,NA,NA,NA,18,NA,3.5,4.6,17.3,84,NA,NA,NA,93,GT,0,NA,NA,NA,NA,NA
1699,Pycnonotus flavescens,Flavescent Bulbul,354060.2978,NA,NA,NA,Passeriformes,Pycnonotidae (Bulbuls),19492,1559805,128193178,TRUE,FALSE,Pycnonotus flavescens,Passeriformes,Pycnonotidae (Bulbuls),19492,1559805,128193178,TRUE,FALSE,2083,AVIBASE-9F6CB52D,Pycnonotus flavescens,Pycnonotus flavescens [flavescens Group],Pycnonotus flavescens,1,BNHS,1943,U,0,,Mindon,India,India,16.82,8.98,4.46,5,19.19,87,12.32,NA,NA,91,NA,1,NA,46021,9.1,NA,NA
1700,Pycnonotus goiavier,Yellow-vented Bulbul,815148.1105,NA,NA,NA,Passeriformes,Pycnonotidae (Bulbuls),187312,16507253,1399966653,TRUE,FALSE,Pycnonotus goiavier,Passeriformes,Pycnonotidae (Bulbuls),187312,16507253,1399966653,TRUE,FALSE,1859,AVIBASE-E6413C7F,Pycnonotus goiavier,Pycnonotus goiavier,Pycnonotus goiavier,1,OUM,B/10299,U,0,,NA,Malaysia,NA,19.3,11.4,4.3,5.2,20.6,89,13.6,75.4,15.3,80,HM,1,NA,NA,NA,NA,NA
1701,Pycnonotus goiavier,Yellow-vented Bulbul,815148.1105,NA,NA,NA,Passeriformes,Pycnonotidae (Bulbuls),187312,16507253,1399966653,TRUE,FALSE,Pycnonotus goiavier,Passeriformes,Pycnonotidae (Bulbuls),187312,16507253,1399966653,TRUE,FALSE,1857,AVIBASE-E6413C7F,Pycnonotus goiavier,Pycnonotus goiavier,Pycnonotus goiavier,1,OUM,B/10297,U,0,,NA,Malaysia,NA,19.2,11.5,4.5,5.1,20,91,14.1,76.9,15.5,78,HM,1,NA,NA,NA,NA,NA
1702,Pycnonotus goiavier,Yellow-vented Bulbul,815148.1105,NA,NA,NA,Passeriformes,Pycnonotidae (Bulbuls),187312,16507253,1399966653,TRUE,FALSE,Pycnonotus goiavier,Passeriformes,Pycnonotidae (Bulbuls),187312,16507253,1399966653,TRUE,FALSE,1858,AVIBASE-E6413C7F,Pycnonotus goiavier,Pycnonotus goiavier,Pycnonotus goiavier,1,OUM,B/10298,U,0,,NA,Malaysia,NA,18.8,11.2,4.2,4.7,20.7,88,12.2,75.8,13.9,72,HM,1,NA,NA,NA,NA,NA
1703,Pycnonotus goiavier,Yellow-vented Bulbul,815148.1105,NA,NA,NA,Passeriformes,Pycnonotidae (Bulbuls),187312,16507253,1399966653,TRUE,FALSE,Pycnonotus goiavier,Passeriformes,Pycnonotidae (Bulbuls),187312,16507253,1399966653,TRUE,FALSE,1861,AVIBASE-E6413C7F,Pycnonotus goiavier,Pycnonotus goiavier,Pycnonotus goiavier,2,Field1,NA,U,0,,NA,Malaysia,NA,16.9,10.5,4.4,5,24.1,88,12.2,75.8,13.9,NA,JAT,1,NA,NA,NA,NA,NA
1704,Pycnonotus goiavier,Yellow-vented Bulbul,815148.1105,NA,NA,NA,Passeriformes,Pycnonotidae (Bulbuls),187312,16507253,1399966653,TRUE,FALSE,Pycnonotus goiavier,Passeriformes,Pycnonotidae (Bulbuls),187312,16507253,1399966653,TRUE,FALSE,1860,AVIBASE-E6413C7F,Pycnonotus goiavier,Pycnonotus goiavier,Pycnonotus goiavier,1,OUM,B/10301,U,0,,NA,Malaysia,NA,18.8,11.4,4.1,5.2,20.9,88,12.2,75.8,13.9,78,HM,1,NA,NA,NA,NA,NA
1705,Pycnonotus goiavier,Yellow-vented Bulbul,815148.1105,NA,NA,NA,Passeriformes,Pycnonotidae (Bulbuls),187312,16507253,1399966653,TRUE,FALSE,Pycnonotus goiavier,Passeriformes,Pycnonotidae (Bulbuls),187312,16507253,1399966653,TRUE,FALSE,1856,AVIBASE-E6413C7F,Pycnonotus goiavier,Pycnonotus goiavier,Pycnonotus goiavier,1,NHMUK,96.6.6.335,M,0,,NA,NA,NA,18.1,NA,4.4,4.7,19,78,NA,NA,NA,78,GT,0,NA,NA,NA,NA,NA
1706,Pycnonotus jocosus,Red-whiskered Bulbul,2001947.825,NA,NA,NA,Passeriformes,Pycnonotidae (Bulbuls),305480,27878183,2465500043,TRUE,FALSE,Pycnonotus jocosus,Passeriformes,Pycnonotidae (Bulbuls),305480,27878183,2465500043,TRUE,FALSE,1869,AVIBASE-F9E37510,Pycnonotus jocosus,Pycnonotus jocosus,Pycnonotus jocosus,1,NHMUK,86.9.1.2419,F,0,,NA,India,NA,16.7,9.1,5,4.9,18.8,90,11.6,78.4,12.9,91,ECJ,1,NA,NA,NA,NA,NA
1707,Pycnonotus jocosus,Red-whiskered Bulbul,2001947.825,NA,NA,NA,Passeriformes,Pycnonotidae (Bulbuls),305480,27878183,2465500043,TRUE,FALSE,Pycnonotus jocosus,Passeriformes,Pycnonotidae (Bulbuls),305480,27878183,2465500043,TRUE,FALSE,2056,AVIBASE-F9E37510,Pycnonotus jocosus,Pycnonotus jocosus,Pycnonotus jocosus,1,BNHS,25893,M,0,,"Kotagiri, TN",India,India,18.29,9.6,4.12,4.72,20.75,89,11.11,NA,NA,89,NA,1,NA,46021,11,jocosus,NA
1708,Pycnonotus jocosus,Red-whiskered Bulbul,2001947.825,NA,NA,NA,Passeriformes,Pycnonotidae (Bulbuls),305480,27878183,2465500043,TRUE,FALSE,Pycnonotus jocosus,Passeriformes,Pycnonotidae (Bulbuls),305480,27878183,2465500043,TRUE,FALSE,2058,AVIBASE-F9E37510,Pycnonotus jocosus,Pycnonotus jocosus,Pycnonotus jocosus,1,BNHS,23983,M,0,,"Mysore, KA",India,India,16.69,9.1,3.66,4.7,21.82,85,11.55,NA,NA,87,NA,1,NA,46021,8.73,jocosus,NA
1709,Pycnonotus jocosus,Red-whiskered Bulbul,2001947.825,NA,NA,NA,Passeriformes,Pycnonotidae (Bulbuls),305480,27878183,2465500043,TRUE,FALSE,Pycnonotus jocosus,Passeriformes,Pycnonotidae (Bulbuls),305480,27878183,2465500043,TRUE,FALSE,2057,AVIBASE-F9E37510,Pycnonotus jocosus,Pycnonotus jocosus,Pycnonotus jocosus,1,BNHS,1975,M,0,,"Shevaroys, TN",India,India,17.27,9.13,3.89,4.86,20.64,87,10.86,NA,NA,86,NA,1,NA,46021,10.52,jocosus,NA
1710,Pycnonotus jocosus,Red-whiskered Bulbul,2001947.825,NA,NA,NA,Passeriformes,Pycnonotidae (Bulbuls),305480,27878183,2465500043,TRUE,FALSE,Pycnonotus jocosus,Passeriformes,Pycnonotidae (Bulbuls),305480,27878183,2465500043,TRUE,FALSE,1867,AVIBASE-F9E37510,Pycnonotus jocosus,Pycnonotus jocosus,Pycnonotus jocosus,1,NHMUK,86.9.1.2412,F,0,,NA,India,NA,16.8,9.7,4.7,5.2,18.5,86,13.9,72.1,16.2,87,ECJ,1,NA,NA,NA,NA,NA
1711,Pycnonotus jocosus,Red-whiskered Bulbul,2001947.825,NA,NA,NA,Passeriformes,Pycnonotidae (Bulbuls),305480,27878183,2465500043,TRUE,FALSE,Pycnonotus jocosus,Passeriformes,Pycnonotidae (Bulbuls),305480,27878183,2465500043,TRUE,FALSE,2059,AVIBASE-F9E37510,Pycnonotus jocosus,Pycnonotus jocosus,Pycnonotus jocosus,1,BNHS,16281,F,0,,Odisha,India,India,16.22,8.98,4.2,4.37,18.3,81,12.35,NA,NA,80,NA,1,NA,46021,8.82,emeria,NA
1712,Pycnonotus jocosus,Red-whiskered Bulbul,2001947.825,NA,NA,NA,Passeriformes,Pycnonotidae (Bulbuls),305480,27878183,2465500043,TRUE,FALSE,Pycnonotus jocosus,Passeriformes,Pycnonotidae (Bulbuls),305480,27878183,2465500043,TRUE,FALSE,2060,AVIBASE-F9E37510,Pycnonotus jocosus,Pycnonotus jocosus,Pycnonotus jocosus,1,BNHS,16280,M,0,,Odisha,India,India,16.99,9.11,4.18,4.35,20.56,83,13.17,NA,NA,79,NA,1,NA,46021,9.08,emeria,NA
1713,Pycnonotus jocosus,Red-whiskered Bulbul,2001947.825,NA,NA,NA,Passeriformes,Pycnonotidae (Bulbuls),305480,27878183,2465500043,TRUE,FALSE,Pycnonotus jocosus,Passeriformes,Pycnonotidae (Bulbuls),305480,27878183,2465500043,TRUE,FALSE,1870,AVIBASE-F9E37510,Pycnonotus jocosus,Pycnonotus jocosus,Pycnonotus jocosus,1,NHMUK,88.4.1.673,M,0,,NA,India,NA,17.1,8.6,3.8,4.3,20.5,77,10.4,66.6,13.5,82,CV,1,NA,NA,NA,NA,NA
1714,Pycnonotus jocosus,Red-whiskered Bulbul,2001947.825,NA,NA,NA,Passeriformes,Pycnonotidae (Bulbuls),305480,27878183,2465500043,TRUE,FALSE,Pycnonotus jocosus,Passeriformes,Pycnonotidae (Bulbuls),305480,27878183,2465500043,TRUE,FALSE,2055,AVIBASE-F9E37510,Pycnonotus jocosus,Pycnonotus jocosus,Pycnonotus jocosus,1,BNHS,1968,F,0,,"Pilibhit, UP",India,India,15.99,9.42,4.64,4.56,18.66,79,11.07,NA,NA,81,NA,1,NA,46021,9.69,jocosus,NA
1715,Pycnonotus jocosus,Red-whiskered Bulbul,2001947.825,NA,NA,NA,Passeriformes,Pycnonotidae (Bulbuls),305480,27878183,2465500043,TRUE,FALSE,Pycnonotus jocosus,Passeriformes,Pycnonotidae (Bulbuls),305480,27878183,2465500043,TRUE,FALSE,1863,AVIBASE-F9E37510,Pycnonotus jocosus,Pycnonotus jocosus,Pycnonotus jocosus,1,NHMUK,1925.12.23.360,F,0,,NA,India,NA,17.7,9.2,3.6,4.6,18.9,86,10.5,75.5,12.2,84,CV,1,NA,NA,NA,NA,NA
1716,Pycnonotus jocosus,Red-whiskered Bulbul,2001947.825,NA,NA,NA,Passeriformes,Pycnonotidae (Bulbuls),305480,27878183,2465500043,TRUE,FALSE,Pycnonotus jocosus,Passeriformes,Pycnonotidae (Bulbuls),305480,27878183,2465500043,TRUE,FALSE,1864,AVIBASE-F9E37510,Pycnonotus jocosus,Pycnonotus jocosus,Pycnonotus jocosus,1,NHMUK,1935.4.5.631,M,0,,NA,Bhutan,NA,18.3,9.2,4.5,4.9,21.1,89,14.9,74.1,16.7,102,CV,1,NA,NA,NA,NA,NA
1717,Pycnonotus jocosus,Red-whiskered Bulbul,2001947.825,NA,NA,NA,Passeriformes,Pycnonotidae (Bulbuls),305480,27878183,2465500043,TRUE,FALSE,Pycnonotus jocosus,Passeriformes,Pycnonotidae (Bulbuls),305480,27878183,2465500043,TRUE,FALSE,1866,AVIBASE-F9E37510,Pycnonotus jocosus,Pycnonotus jocosus,Pycnonotus jocosus,1,NHMUK,86.9.1.2410,M,0,,NA,India,NA,18.3,9.5,4.9,5.2,25.4,102,13,89,12.7,98,ECJ,1,NA,NA,NA,NA,NA
1718,Pycnonotus jocosus,Red-whiskered Bulbul,2001947.825,NA,NA,NA,Passeriformes,Pycnonotidae (Bulbuls),305480,27878183,2465500043,TRUE,FALSE,Pycnonotus jocosus,Passeriformes,Pycnonotidae (Bulbuls),305480,27878183,2465500043,TRUE,FALSE,1865,AVIBASE-F9E37510,Pycnonotus jocosus,Pycnonotus jocosus,Pycnonotus jocosus,1,NHMUK,1965.M.9535,F,0,,NA,India,NA,15.1,7.9,3.9,4,19.6,77,11.7,65.3,15.2,74,CV,1,NA,NA,NA,NA,NA
1719,Pycnonotus jocosus,Red-whiskered Bulbul,2001947.825,NA,NA,NA,Passeriformes,Pycnonotidae (Bulbuls),305480,27878183,2465500043,TRUE,FALSE,Pycnonotus jocosus,Passeriformes,Pycnonotidae (Bulbuls),305480,27878183,2465500043,TRUE,FALSE,2061,AVIBASE-F9E37510,Pycnonotus jocosus,Pycnonotus jocosus,Pycnonotus jocosus,1,BNHS,26301,U,0,,"Firm Base, AP",India,India,18.19,9.67,4.23,5.11,22.12,90,14.55,NA,NA,89,NA,1,NA,46021,11.05,andamans,NA
1720,Pycnonotus jocosus,Red-whiskered Bulbul,2001947.825,NA,NA,NA,Passeriformes,Pycnonotidae (Bulbuls),305480,27878183,2465500043,TRUE,FALSE,Pycnonotus jocosus,Passeriformes,Pycnonotidae (Bulbuls),305480,27878183,2465500043,TRUE,FALSE,1868,AVIBASE-F9E37510,Pycnonotus jocosus,Pycnonotus jocosus,Pycnonotus jocosus,1,NHMUK,86.9.1.2414,M,0,,NA,India,NA,18.1,9.8,5.1,5.1,22.1,90.5,13.2,77.3,14.6,88,ECJ,1,NA,NA,NA,NA,NA
1721,Pycnonotus jocosus,Red-whiskered Bulbul,2001947.825,NA,NA,NA,Passeriformes,Pycnonotidae (Bulbuls),305480,27878183,2465500043,TRUE,FALSE,Pycnonotus jocosus,Passeriformes,Pycnonotidae (Bulbuls),305480,27878183,2465500043,TRUE,FALSE,1862,AVIBASE-F9E37510,Pycnonotus jocosus,Pycnonotus jocosus,Pycnonotus jocosus,1,MMUM,1105,M,0,,NA,NA,NA,19.5,NA,4.9,4.6,20,84,NA,NA,NA,87,GT,0,NA,NA,NA,NA,NA
1722,Pycnonotus jocosus,Red-whiskered Bulbul,2001947.825,NA,NA,NA,Passeriformes,Pycnonotidae (Bulbuls),305480,27878183,2465500043,TRUE,FALSE,Pycnonotus jocosus,Passeriformes,Pycnonotidae (Bulbuls),305480,27878183,2465500043,TRUE,FALSE,2062,AVIBASE-F9E37510,Pycnonotus jocosus,Pycnonotus jocosus,Pycnonotus jocosus,1,BNHS,22079,F,0,,S.Andaman,India,India,17.67,9.27,3.86,4.59,18.95,80,10.46,NA,NA,76,NA,1,NA,46021,8.29,andamans,Tail outlier
1723,Pycnonotus leucogenys,Himalayan Bulbul,145955.0511,NA,NA,NA,Passeriformes,Pycnonotidae (Bulbuls),33386,2810816,238332175,TRUE,FALSE,Pycnonotus leucogenys,Passeriformes,Pycnonotidae (Bulbuls),33386,2810816,238332175,TRUE,FALSE,1871,AVIBASE-A1DD797F,Pycnonotus leucogenys,Pycnonotus leucogenys,Pycnonotus leucogenys,1,NHMUK,1938.7.15.846,M,0,,NA,NA,NA,18.7,NA,4,4.6,19.3,93,NA,NA,NA,89,GT,0,NA,NA,NA,NA,NA
1724,Pycnonotus leucogenys,Himalayan Bulbul,145955.0511,NA,NA,NA,Passeriformes,Pycnonotidae (Bulbuls),33386,2810816,238332175,TRUE,FALSE,Pycnonotus leucogenys,Passeriformes,Pycnonotidae (Bulbuls),33386,2810816,238332175,TRUE,FALSE,2068,AVIBASE-A1DD797F,Pycnonotus leucogenys,Pycnonotus leucogenys,Pycnonotus leucogenys,1,BNHS,16245,F,0,,Punjab,Pakistan,Pakistan,17.48,8.77,3.45,4.88,20.75,89,12.95,NA,NA,88,NA,1,NA,46021,9.56,NA,NA
1725,Pycnonotus leucogenys,Himalayan Bulbul,145955.0511,NA,NA,NA,Passeriformes,Pycnonotidae (Bulbuls),33386,2810816,238332175,TRUE,FALSE,Pycnonotus leucogenys,Passeriformes,Pycnonotidae (Bulbuls),33386,2810816,238332175,TRUE,FALSE,1872,AVIBASE-A1DD797F,Pycnonotus leucogenys,Pycnonotus leucogenys,Pycnonotus leucogenys,1,NHMUK,1949.Whi.1.14284,F,0,,NA,India,NA,17.1,8.3,3.5,4.8,20,89,10.7,78.3,12,88,CV,1,NA,NA,NA,NA,NA
1726,Pycnonotus leucogenys,Himalayan Bulbul,145955.0511,NA,NA,NA,Passeriformes,Pycnonotidae (Bulbuls),33386,2810816,238332175,TRUE,FALSE,Pycnonotus leucogenys,Passeriformes,Pycnonotidae (Bulbuls),33386,2810816,238332175,TRUE,FALSE,2070,AVIBASE-A1DD797F,Pycnonotus leucogenys,Pycnonotus leucogenys,Pycnonotus leucogenys,1,BNHS,16233,F,0,,Punjab,Pakistan,Pakistan,18.92,8.93,3.8,5.33,21.68,90,14.11,NA,NA,88,NA,1,NA,46021,10.46,NA,NA
1727,Pycnonotus leucogenys,Himalayan Bulbul,145955.0511,NA,NA,NA,Passeriformes,Pycnonotidae (Bulbuls),33386,2810816,238332175,TRUE,FALSE,Pycnonotus leucogenys,Passeriformes,Pycnonotidae (Bulbuls),33386,2810816,238332175,TRUE,FALSE,1873,AVIBASE-A1DD797F,Pycnonotus leucogenys,Pycnonotus leucogenys,Pycnonotus leucogenys,1,NHMUK,1965.M.9569,M,0,,NA,India,NA,17.2,9.3,4.1,4.9,22,95,15.5,79.5,16.3,95,CV,1,NA,NA,NA,NA,NA
1728,Pycnonotus leucogenys,Himalayan Bulbul,145955.0511,NA,NA,NA,Passeriformes,Pycnonotidae (Bulbuls),33386,2810816,238332175,TRUE,FALSE,Pycnonotus leucogenys,Passeriformes,Pycnonotidae (Bulbuls),33386,2810816,238332175,TRUE,FALSE,2071,AVIBASE-A1DD797F,Pycnonotus leucogenys,Pycnonotus leucogenys,Pycnonotus leucogenys,1,BNHS,1928,U,0,,Punjab,Pakistan,Pakistan,18.37,9.91,3.92,5.23,21.3,91,15.97,NA,NA,89,NA,1,NA,46021,11.4,NA,NA
1729,Pycnonotus leucogenys,Himalayan Bulbul,145955.0511,NA,NA,NA,Passeriformes,Pycnonotidae (Bulbuls),33386,2810816,238332175,TRUE,FALSE,Pycnonotus leucogenys,Passeriformes,Pycnonotidae (Bulbuls),33386,2810816,238332175,TRUE,FALSE,2072,AVIBASE-A1DD797F,Pycnonotus leucogenys,Pycnonotus leucogenys,Pycnonotus leucogenys,1,BNHS,16248,F,0,,Punjab,Pakistan,Pakistan,16.97,8.85,3.37,5.03,21.32,84.5,13.55,NA,NA,80,NA,1,NA,46021,10.28,NA,NA
1730,Pycnonotus leucogenys,Himalayan Bulbul,145955.0511,NA,NA,NA,Passeriformes,Pycnonotidae (Bulbuls),33386,2810816,238332175,TRUE,FALSE,Pycnonotus leucogenys,Passeriformes,Pycnonotidae (Bulbuls),33386,2810816,238332175,TRUE,FALSE,1874,AVIBASE-A1DD797F,Pycnonotus leucogenys,Pycnonotus leucogenys,Pycnonotus leucogenys,1,NHMUK,1965.M.9571,M,0,,NA,India,NA,17.9,9.5,3.6,4.6,22.3,96,15,81,15.6,96,CV,1,NA,NA,NA,NA,NA
1731,Pycnonotus leucogenys,Himalayan Bulbul,145955.0511,NA,NA,NA,Passeriformes,Pycnonotidae (Bulbuls),33386,2810816,238332175,TRUE,FALSE,Pycnonotus leucogenys,Passeriformes,Pycnonotidae (Bulbuls),33386,2810816,238332175,TRUE,FALSE,1875,AVIBASE-A1DD797F,Pycnonotus leucogenys,Pycnonotus leucogenys,Pycnonotus leucogenys,1,NHMUK,1965.M.9572,F,0,,NA,India,NA,17.2,8.8,4,4.2,20,94,13.7,80.3,14.6,91,CV,1,NA,NA,NA,NA,NA
1732,Pycnonotus leucogenys,Himalayan Bulbul,145955.0511,NA,NA,NA,Passeriformes,Pycnonotidae (Bulbuls),33386,2810816,238332175,TRUE,FALSE,Pycnonotus leucogenys,Passeriformes,Pycnonotidae (Bulbuls),33386,2810816,238332175,TRUE,FALSE,2069,AVIBASE-A1DD797F,Pycnonotus leucogenys,Pycnonotus leucogenys,Pycnonotus leucogenys,1,BNHS,16249,M,0,,Punjab,Pakistan,Pakistan,17.58,9.17,3.97,5.07,21.17,90.5,12.62,NA,NA,85,NA,1,NA,46021,10.19,NA,NA
1733,Pycnonotus leucotis,White-eared Bulbul,852070.0359,NA,NA,NA,Passeriformes,Pycnonotidae (Bulbuls),228230,21091177,1928080590,TRUE,FALSE,Pycnonotus leucotis,Passeriformes,Pycnonotidae (Bulbuls),228230,21091177,1928080590,TRUE,FALSE,2067,AVIBASE-4A85D701,Pycnonotus leucotis,Pycnonotus leucotis,Pycnonotus leucotis,1,BNHS,1938,M,0,,"Kutch, GJ",India,India,15.72,8.31,4.06,4.99,19.55,80,11.45,NA,NA,NA,NA,1,NA,46021,9.32,NA,NA
1734,Pycnonotus leucotis,White-eared Bulbul,852070.0359,NA,NA,NA,Passeriformes,Pycnonotidae (Bulbuls),228230,21091177,1928080590,TRUE,FALSE,Pycnonotus leucotis,Passeriformes,Pycnonotidae (Bulbuls),228230,21091177,1928080590,TRUE,FALSE,2065,AVIBASE-4A85D701,Pycnonotus leucotis,Pycnonotus leucotis,Pycnonotus leucotis,1,BNHS,23358,F,0,,"Bharatpur, RJ",India,India,16.56,8.26,4,4.56,19.94,80,13.52,NA,NA,76,NA,1,NA,46021,9.53,NA,NA
1735,Pycnonotus leucotis,White-eared Bulbul,852070.0359,NA,NA,NA,Passeriformes,Pycnonotidae (Bulbuls),228230,21091177,1928080590,TRUE,FALSE,Pycnonotus leucotis,Passeriformes,Pycnonotidae (Bulbuls),228230,21091177,1928080590,TRUE,FALSE,1880,AVIBASE-4A85D701,Pycnonotus leucotis,Pycnonotus leucotis,Pycnonotus leucotis,1,NHMUK,1949.Whi.1.14299,M,0,,NA,India,NA,15.8,7.6,3.9,4.8,20.6,86,13.5,72.5,15.7,82,CV,1,NA,NA,NA,NA,NA
1736,Pycnonotus leucotis,White-eared Bulbul,852070.0359,NA,NA,NA,Passeriformes,Pycnonotidae (Bulbuls),228230,21091177,1928080590,TRUE,FALSE,Pycnonotus leucotis,Passeriformes,Pycnonotidae (Bulbuls),228230,21091177,1928080590,TRUE,FALSE,1879,AVIBASE-4A85D701,Pycnonotus leucotis,Pycnonotus leucotis,Pycnonotus leucotis,1,NHMUK,1949.Whi.1.14297,F,0,,NA,India,NA,15.8,7.8,4.1,4.8,19.8,83,13.4,69.6,16.1,92,CV,1,NA,NA,NA,NA,NA
1737,Pycnonotus leucotis,White-eared Bulbul,852070.0359,NA,NA,NA,Passeriformes,Pycnonotidae (Bulbuls),228230,21091177,1928080590,TRUE,FALSE,Pycnonotus leucotis,Passeriformes,Pycnonotidae (Bulbuls),228230,21091177,1928080590,TRUE,FALSE,2064,AVIBASE-4A85D701,Pycnonotus leucotis,Pycnonotus leucotis,Pycnonotus leucotis,1,BNHS,16254,F,0,,Multan,Pakistan,Pakistan,16.66,8.96,4.33,4.88,21.87,86,14.16,NA,NA,88,NA,1,NA,46021,10.4,NA,NA
1738,Pycnonotus leucotis,White-eared Bulbul,852070.0359,NA,NA,NA,Passeriformes,Pycnonotidae (Bulbuls),228230,21091177,1928080590,TRUE,FALSE,Pycnonotus leucotis,Passeriformes,Pycnonotidae (Bulbuls),228230,21091177,1928080590,TRUE,FALSE,1881,AVIBASE-4A85D701,Pycnonotus leucotis,Pycnonotus leucotis,Pycnonotus leucotis,1,NHMUK,1949.Whi.1.14300,F,0,,NA,India,NA,15.1,7.6,4.1,4.4,19.3,82,15.2,66.8,18.5,78,CV,1,NA,NA,NA,NA,NA
1739,Pycnonotus leucotis,White-eared Bulbul,852070.0359,NA,NA,NA,Passeriformes,Pycnonotidae (Bulbuls),228230,21091177,1928080590,TRUE,FALSE,Pycnonotus leucotis,Passeriformes,Pycnonotidae (Bulbuls),228230,21091177,1928080590,TRUE,FALSE,2066,AVIBASE-4A85D701,Pycnonotus leucotis,Pycnonotus leucotis,Pycnonotus leucotis,1,BNHS,16253,M,0,,Multan,Pakistan,Pakistan,15.5,7.56,3.99,4.87,20.73,82,12.28,NA,NA,76,NA,1,NA,46021,9.27,NA,NA
1740,Pycnonotus leucotis,White-eared Bulbul,852070.0359,NA,NA,NA,Passeriformes,Pycnonotidae (Bulbuls),228230,21091177,1928080590,TRUE,FALSE,Pycnonotus leucotis,Passeriformes,Pycnonotidae (Bulbuls),228230,21091177,1928080590,TRUE,FALSE,1878,AVIBASE-4A85D701,Pycnonotus leucotis,Pycnonotus leucotis,Pycnonotus leucotis,1,NHMUK,1949.25.3378,M,0,,NA,India,NA,16.7,8.9,4.2,5.1,20.4,90,14.6,75.4,16.2,86,CV,1,NA,NA,NA,NA,NA
1741,Pycnonotus leucotis,White-eared Bulbul,852070.0359,NA,NA,NA,Passeriformes,Pycnonotidae (Bulbuls),228230,21091177,1928080590,TRUE,FALSE,Pycnonotus leucotis,Passeriformes,Pycnonotidae (Bulbuls),228230,21091177,1928080590,TRUE,FALSE,2063,AVIBASE-4A85D701,Pycnonotus leucotis,Pycnonotus leucotis,Pycnonotus leucotis,1,BNHS,2748,M,0,,"Baroda, GJ",India,India,17.25,9.34,4.08,5.32,20.83,85,13.44,NA,NA,85,NA,1,NA,46021,8.86,NA,NA
1742,Pycnonotus leucotis,White-eared Bulbul,852070.0359,NA,NA,NA,Passeriformes,Pycnonotidae (Bulbuls),228230,21091177,1928080590,TRUE,FALSE,Pycnonotus leucotis,Passeriformes,Pycnonotidae (Bulbuls),228230,21091177,1928080590,TRUE,FALSE,1877,AVIBASE-4A85D701,Pycnonotus leucotis,Pycnonotus leucotis,Pycnonotus leucotis,1,NHMUK,86.9.1.1882,M,0,,NA,NA,NA,15.8,NA,4.1,5.3,19.8,82,NA,NA,NA,78,GT,0,NA,NA,NA,NA,NA
1743,Pycnonotus luteolus,White-browed Bulbul,535475.753,NA,NA,NA,Passeriformes,Pycnonotidae (Bulbuls),25027,2416767,211455784,FALSE,FALSE,Pycnonotus luteolus,Passeriformes,Pycnonotidae (Bulbuls),25027,2416767,211455784,FALSE,FALSE,2086,AVIBASE-587EC0C3,Pycnonotus luteolus,Pycnonotus luteolus,Pycnonotus luteolus,1,BNHS,2077,F,0,,"Seshachalam, AP",India,India,17.87,9.63,4.24,5.08,21.31,83,10.78,NA,NA,79,NA,1,NA,46021,10.11,NA,NA
1744,Pycnonotus luteolus,White-browed Bulbul,535475.753,NA,NA,NA,Passeriformes,Pycnonotidae (Bulbuls),25027,2416767,211455784,FALSE,FALSE,Pycnonotus luteolus,Passeriformes,Pycnonotidae (Bulbuls),25027,2416767,211455784,FALSE,FALSE,2090,AVIBASE-587EC0C3,Pycnonotus luteolus,Pycnonotus luteolus,Pycnonotus luteolus,1,BNHS,25808,F,0,,Odisha,India,India,18.45,10.35,4.34,5.19,22.37,87,10.23,NA,NA,85,NA,1,NA,46021,11.13,NA,"Tarsus outlier, v big boi"
1745,Pycnonotus luteolus,White-browed Bulbul,535475.753,NA,NA,NA,Passeriformes,Pycnonotidae (Bulbuls),25027,2416767,211455784,FALSE,FALSE,Pycnonotus luteolus,Passeriformes,Pycnonotidae (Bulbuls),25027,2416767,211455784,FALSE,FALSE,2084,AVIBASE-587EC0C3,Pycnonotus luteolus,Pycnonotus luteolus,Pycnonotus luteolus,1,BNHS,16300,M,0,,"Ooty, TN",India,India,18.84,10.41,4.33,6.08,21.01,88.5,10.62,NA,NA,83,NA,1,NA,46021,12.5,NA,"Very big, can exclude"
1746,Pycnonotus luteolus,White-browed Bulbul,535475.753,NA,NA,NA,Passeriformes,Pycnonotidae (Bulbuls),25027,2416767,211455784,FALSE,FALSE,Pycnonotus luteolus,Passeriformes,Pycnonotidae (Bulbuls),25027,2416767,211455784,FALSE,FALSE,1882,AVIBASE-587EC0C3,Pycnonotus luteolus,Pycnonotus luteolus,Pycnonotus luteolus,1,NHMUK,1937.12.21.245,F,0,,NA,India,NA,17.6,10,4.1,5.4,21,84,9.6,74.4,11.4,77,CV,1,NA,NA,NA,NA,NA
1747,Pycnonotus luteolus,White-browed Bulbul,535475.753,NA,NA,NA,Passeriformes,Pycnonotidae (Bulbuls),25027,2416767,211455784,FALSE,FALSE,Pycnonotus luteolus,Passeriformes,Pycnonotidae (Bulbuls),25027,2416767,211455784,FALSE,FALSE,2085,AVIBASE-587EC0C3,Pycnonotus luteolus,Pycnonotus luteolus,Pycnonotus luteolus,1,BNHS,2074,F,0,,"Salem, TN",India,India,17.61,9.45,4.32,5.27,21.28,83.5,9.2,NA,NA,76,NA,1,NA,46021,9.41,NA,NA
1748,Pycnonotus luteolus,White-browed Bulbul,535475.753,NA,NA,NA,Passeriformes,Pycnonotidae (Bulbuls),25027,2416767,211455784,FALSE,FALSE,Pycnonotus luteolus,Passeriformes,Pycnonotidae (Bulbuls),25027,2416767,211455784,FALSE,FALSE,2087,AVIBASE-587EC0C3,Pycnonotus luteolus,Pycnonotus luteolus,Pycnonotus luteolus,1,BNHS,16303,M,0,,"Konta, Bastar",India,India,17.42,9.73,NA,5.24,21.38,79.5,11,NA,NA,77,NA,1,NA,46021,11.73,NA,Rope tied to bill so width is NA
1749,Pycnonotus luteolus,White-browed Bulbul,535475.753,NA,NA,NA,Passeriformes,Pycnonotidae (Bulbuls),25027,2416767,211455784,FALSE,FALSE,Pycnonotus luteolus,Passeriformes,Pycnonotidae (Bulbuls),25027,2416767,211455784,FALSE,FALSE,2088,AVIBASE-587EC0C3,Pycnonotus luteolus,Pycnonotus luteolus,Pycnonotus luteolus,1,BNHS,16306,F,0,,Odisha,India,India,18,10.48,4.79,5.76,21.27,83,8.52,NA,NA,80,NA,1,NA,46021,9.47,NA,NA
1750,Pycnonotus luteolus,White-browed Bulbul,535475.753,NA,NA,NA,Passeriformes,Pycnonotidae (Bulbuls),25027,2416767,211455784,FALSE,FALSE,Pycnonotus luteolus,Passeriformes,Pycnonotidae (Bulbuls),25027,2416767,211455784,FALSE,FALSE,2089,AVIBASE-587EC0C3,Pycnonotus luteolus,Pycnonotus luteolus,Pycnonotus luteolus,1,BNHS,24106,F,0,,"Canacona, Goa",India,India,18.52,10.35,4.41,5.82,20.83,83,NA,NA,NA,82,NA,1,NA,46021,9.9,NA,Tail+Culm Outlier
1751,Pycnonotus luteolus,White-browed Bulbul,535475.753,NA,NA,NA,Passeriformes,Pycnonotidae (Bulbuls),25027,2416767,211455784,FALSE,FALSE,Pycnonotus luteolus,Passeriformes,Pycnonotidae (Bulbuls),25027,2416767,211455784,FALSE,FALSE,1885,AVIBASE-587EC0C3,Pycnonotus luteolus,Pycnonotus luteolus,Pycnonotus luteolus,1,NHMUK,86.9.1.2056,M,0,,NA,India,NA,17.4,9.4,4.1,5.4,21.5,83,8.7,74.3,10.5,78,CV,1,NA,NA,NA,NA,NA
1752,Pycnonotus luteolus,White-browed Bulbul,535475.753,NA,NA,NA,Passeriformes,Pycnonotidae (Bulbuls),25027,2416767,211455784,FALSE,FALSE,Pycnonotus luteolus,Passeriformes,Pycnonotidae (Bulbuls),25027,2416767,211455784,FALSE,FALSE,1884,AVIBASE-587EC0C3,Pycnonotus luteolus,Pycnonotus luteolus,Pycnonotus luteolus,1,NHMUK,1949.Whi.1.14312,F,0,,NA,India,NA,18.2,9.2,4.1,5.2,21.3,81,9.4,71.6,11.6,78,CV,1,NA,NA,NA,NA,NA
1753,Pycnonotus luteolus,White-browed Bulbul,535475.753,NA,NA,NA,Passeriformes,Pycnonotidae (Bulbuls),25027,2416767,211455784,FALSE,FALSE,Pycnonotus luteolus,Passeriformes,Pycnonotidae (Bulbuls),25027,2416767,211455784,FALSE,FALSE,1883,AVIBASE-587EC0C3,Pycnonotus luteolus,Pycnonotus luteolus,Pycnonotus luteolus,1,NHMUK,1937.12.21.246,M,0,,NA,India,NA,18.5,9,3.6,5.2,21.8,85,9.6,75.4,11.3,83,CV,1,NA,NA,NA,NA,NA
1754,Pycnonotus nigricans,Black-fronted Bulbul,822305.7945,NA,NA,NA,Passeriformes,Pycnonotidae (Bulbuls),51793,4943963,442756173,TRUE,FALSE,Pycnonotus nigricans,Passeriformes,Pycnonotidae (Bulbuls),51793,4943963,442756173,TRUE,FALSE,1890,AVIBASE-9EF3E079,Pycnonotus nigricans,Pycnonotus nigricans,Pycnonotus nigricans,1,OUM,B/2092,U,0,,NA,South Africa,NA,19.9,11.1,4,5.2,22,93,16,77,17.2,80,HM,1,NA,NA,NA,NA,NA
1755,Pycnonotus nigricans,Black-fronted Bulbul,822305.7945,NA,NA,NA,Passeriformes,Pycnonotidae (Bulbuls),51793,4943963,442756173,TRUE,FALSE,Pycnonotus nigricans,Passeriformes,Pycnonotidae (Bulbuls),51793,4943963,442756173,TRUE,FALSE,1891,AVIBASE-9EF3E079,Pycnonotus nigricans,Pycnonotus nigricans,Pycnonotus nigricans,1,OUM,B/2093,U,0,,NA,South Africa,NA,19,10.8,4.2,4.9,21.4,93,16.4,76.6,17.6,75,HM,1,NA,NA,NA,NA,NA
1756,Pycnonotus nigricans,Black-fronted Bulbul,822305.7945,NA,NA,NA,Passeriformes,Pycnonotidae (Bulbuls),51793,4943963,442756173,TRUE,FALSE,Pycnonotus nigricans,Passeriformes,Pycnonotidae (Bulbuls),51793,4943963,442756173,TRUE,FALSE,1889,AVIBASE-9EF3E079,Pycnonotus nigricans,Pycnonotus nigricans,Pycnonotus nigricans,1,OUM,B/10268,U,0,,NA,NA,NA,19,10.6,4.1,4.8,20.7,97,17.8,79.2,18.4,78,HM,1,NA,NA,NA,NA,NA
1757,Pycnonotus nigricans,Black-fronted Bulbul,822305.7945,NA,NA,NA,Passeriformes,Pycnonotidae (Bulbuls),51793,4943963,442756173,TRUE,FALSE,Pycnonotus nigricans,Passeriformes,Pycnonotidae (Bulbuls),51793,4943963,442756173,TRUE,FALSE,1888,AVIBASE-9EF3E079,Pycnonotus nigricans,Pycnonotus nigricans,Pycnonotus nigricans,1,NHMUK,1905.12.29.1937,M,0,,NA,NA,NA,21,NA,4,5.3,22.6,89,NA,NA,NA,76,GT,0,NA,NA,NA,NA,NA
1758,Pycnonotus nigricans,Black-fronted Bulbul,822305.7945,NA,NA,NA,Passeriformes,Pycnonotidae (Bulbuls),51793,4943963,442756173,TRUE,FALSE,Pycnonotus nigricans,Passeriformes,Pycnonotidae (Bulbuls),51793,4943963,442756173,TRUE,FALSE,1892,AVIBASE-9EF3E079,Pycnonotus nigricans,Pycnonotus nigricans,Pycnonotus nigricans,1,OUM,B/2095,U,0,,NA,South Africa,NA,19.1,11.2,4.2,4.8,21.2,92,14.9,77.1,16.2,77,HM,1,NA,NA,NA,NA,NA
1759,Pycnonotus penicillatus,Yellow-eared Bulbul,1515.904402,X,X,X,Passeriformes,Pycnonotidae (Bulbuls),15,1356,131053,TRUE,FALSE,Pycnonotus penicillatus,Passeriformes,Pycnonotidae (Bulbuls),15,1356,131053,TRUE,FALSE,1894,AVIBASE-4F30CD0E,Pycnonotus penicillatus,Pycnonotus penicillatus,Pycnonotus penicillatus,1,NHMUK,1940.12.3.39,F,0,,NA,Sri Lanka,NA,16.9,8,4,4.6,19.5,78,9.8,68.2,12.6,76,CV,1,NA,NA,NA,NA,NA
1760,Pycnonotus penicillatus,Yellow-eared Bulbul,1515.904402,X,X,X,Passeriformes,Pycnonotidae (Bulbuls),15,1356,131053,TRUE,FALSE,Pycnonotus penicillatus,Passeriformes,Pycnonotidae (Bulbuls),15,1356,131053,TRUE,FALSE,2079,AVIBASE-4F30CD0E,Pycnonotus penicillatus,Pycnonotus penicillatus,Pycnonotus penicillatus,1,BNHS,20862,U,0,,Sri Lanka,Sri Lanka,Sri Lanka,17.12,9.56,4.63,5.11,20.23,NA,10.92,NA,NA,77,NA,1,NA,46021,10.77,NA,"Small wing, can exclude due to ruffled primaries"
1761,Pycnonotus penicillatus,Yellow-eared Bulbul,1515.904402,X,X,X,Passeriformes,Pycnonotidae (Bulbuls),15,1356,131053,TRUE,FALSE,Pycnonotus penicillatus,Passeriformes,Pycnonotidae (Bulbuls),15,1356,131053,TRUE,FALSE,1895,AVIBASE-4F30CD0E,Pycnonotus penicillatus,Pycnonotus penicillatus,Pycnonotus penicillatus,1,NHMUK,1940.12.3.41,M,0,,NA,Sri Lanka,NA,17.4,8.6,4,5,21.8,81,10.3,70.7,12.7,82,CV,1,NA,NA,NA,NA,NA
1762,Pycnonotus penicillatus,Yellow-eared Bulbul,1515.904402,X,X,X,Passeriformes,Pycnonotidae (Bulbuls),15,1356,131053,TRUE,FALSE,Pycnonotus penicillatus,Passeriformes,Pycnonotidae (Bulbuls),15,1356,131053,TRUE,FALSE,1893,AVIBASE-4F30CD0E,Pycnonotus penicillatus,Pycnonotus penicillatus,Pycnonotus penicillatus,1,NHMUK,1940.12.3.38,F,0,,NA,Sri Lanka,NA,17.4,8.6,4.6,4.9,21.5,75,6.1,68.9,8.1,75,CV,1,NA,NA,NA,NA,NA
1763,Pycnonotus penicillatus,Yellow-eared Bulbul,1515.904402,X,X,X,Passeriformes,Pycnonotidae (Bulbuls),15,1356,131053,TRUE,FALSE,Pycnonotus penicillatus,Passeriformes,Pycnonotidae (Bulbuls),15,1356,131053,TRUE,FALSE,1896,AVIBASE-4F30CD0E,Pycnonotus penicillatus,Pycnonotus penicillatus,Pycnonotus penicillatus,1,NHMUK,1969.41.435,M,0,,NA,Sri Lanka,NA,17,9.3,4.8,4.8,20.5,83,10.5,72.5,12.7,83,CV,1,NA,NA,NA,NA,NA
1764,Pycnonotus plumosus,Olive-winged Bulbul,581600.2885,NA,NA,NA,Passeriformes,Pycnonotidae (Bulbuls),20055,1791955,154160700,TRUE,FALSE,Pycnonotus plumosus,Passeriformes,Pycnonotidae (Bulbuls),20055,1791955,154160700,TRUE,FALSE,1899,AVIBASE-09CBDAE2,Pycnonotus plumosus,Pycnonotus plumosus,Pycnonotus plumosus,1,OUM,B/10313,F,0,,NA,Malaysia,NA,17,10.2,4.2,5.1,19.4,80,9.3,70.7,11.6,68,HM,1,NA,NA,NA,NA,NA
1765,Pycnonotus plumosus,Olive-winged Bulbul,581600.2885,NA,NA,NA,Passeriformes,Pycnonotidae (Bulbuls),20055,1791955,154160700,TRUE,FALSE,Pycnonotus plumosus,Passeriformes,Pycnonotidae (Bulbuls),20055,1791955,154160700,TRUE,FALSE,1897,AVIBASE-09CBDAE2,Pycnonotus plumosus,Pycnonotus plumosus,Pycnonotus plumosus,1,NHMUK,1955.1.5568,M,0,,NA,NA,NA,17.5,NA,4.2,5.4,18,81,NA,NA,NA,75,GT,0,NA,NA,NA,NA,NA
1766,Pycnonotus plumosus,Olive-winged Bulbul,581600.2885,NA,NA,NA,Passeriformes,Pycnonotidae (Bulbuls),20055,1791955,154160700,TRUE,FALSE,Pycnonotus plumosus,Passeriformes,Pycnonotidae (Bulbuls),20055,1791955,154160700,TRUE,FALSE,1898,AVIBASE-09CBDAE2,Pycnonotus plumosus,Pycnonotus plumosus,Pycnonotus plumosus,1,OUM,B/10312,F,0,,NA,Singapore,NA,18.3,11.6,4.1,4.9,20.1,81,7,74,8.6,76,HM,1,NA,NA,NA,NA,NA
1767,Pycnonotus plumosus,Olive-winged Bulbul,581600.2885,NA,NA,NA,Passeriformes,Pycnonotidae (Bulbuls),20055,1791955,154160700,TRUE,FALSE,Pycnonotus plumosus,Passeriformes,Pycnonotidae (Bulbuls),20055,1791955,154160700,TRUE,FALSE,1903,AVIBASE-09CBDAE2,Pycnonotus plumosus,Pycnonotus plumosus,Pycnonotus plumosus,2,Field1,NA,U,0,,NA,Malaysia,NA,15.4,10.4,6.6,5.9,21.1,83,7.2,75.8,8.7,NA,JAT,1,NA,NA,NA,NA,NA
1768,Pycnonotus plumosus,Olive-winged Bulbul,581600.2885,NA,NA,NA,Passeriformes,Pycnonotidae (Bulbuls),20055,1791955,154160700,TRUE,FALSE,Pycnonotus plumosus,Passeriformes,Pycnonotidae (Bulbuls),20055,1791955,154160700,TRUE,FALSE,1901,AVIBASE-09CBDAE2,Pycnonotus plumosus,Pycnonotus plumosus,Pycnonotus plumosus,1,OUM,B/10319,U,0,,NA,Malaysia,NA,18.5,11.3,4.6,5.3,20.6,87,11,76,12.6,70,HM,1,NA,NA,NA,NA,NA
1769,Pycnonotus plumosus,Olive-winged Bulbul,581600.2885,NA,NA,NA,Passeriformes,Pycnonotidae (Bulbuls),20055,1791955,154160700,TRUE,FALSE,Pycnonotus plumosus,Passeriformes,Pycnonotidae (Bulbuls),20055,1791955,154160700,TRUE,FALSE,1902,AVIBASE-09CBDAE2,Pycnonotus plumosus,Pycnonotus plumosus,Pycnonotus plumosus,2,Field1,NA,U,0,,NA,Malaysia,NA,16.9,10.5,4.4,5,24.1,88,12.2,75.8,13.9,NA,JAT,1,NA,NA,NA,NA,NA
1770,Pycnonotus plumosus,Olive-winged Bulbul,581600.2885,NA,NA,NA,Passeriformes,Pycnonotidae (Bulbuls),20055,1791955,154160700,TRUE,FALSE,Pycnonotus plumosus,Passeriformes,Pycnonotidae (Bulbuls),20055,1791955,154160700,TRUE,FALSE,1900,AVIBASE-09CBDAE2,Pycnonotus plumosus,Pycnonotus plumosus,Pycnonotus plumosus,1,OUM,B/10318,U,0,,NA,Malaysia,NA,18.2,10.5,4.5,5,19.8,82,9,73,11,69,HM,1,NA,NA,NA,NA,NA
1771,Pycnonotus simplex,Cream-vented Bulbul,517691.2948,NA,NA,NA,Passeriformes,Pycnonotidae (Bulbuls),7750,737763,55264859,TRUE,FALSE,Pycnonotus simplex,Passeriformes,Pycnonotidae (Bulbuls),7750,737763,55264859,TRUE,FALSE,1908,AVIBASE-12679AF2,Pycnonotus simplex,Pycnonotus simplex,Pycnonotus simplex,1,NHMUK,1956.60.307,M,0,,NA,Malaysia,NA,16.9,10.7,4.9,5.2,17.5,82,12.4,69.6,15.1,67,HM,1,NA,NA,NA,NA,NA
1772,Pycnonotus simplex,Cream-vented Bulbul,517691.2948,NA,NA,NA,Passeriformes,Pycnonotidae (Bulbuls),7750,737763,55264859,TRUE,FALSE,Pycnonotus simplex,Passeriformes,Pycnonotidae (Bulbuls),7750,737763,55264859,TRUE,FALSE,1905,AVIBASE-12679AF2,Pycnonotus simplex,Pycnonotus simplex,Pycnonotus simplex,1,NHMUK,73.5.12.1408,M,0,,NA,NA,NA,17,NA,3.6,4.6,17.5,79,NA,NA,NA,73,GT,0,NA,NA,NA,NA,NA
1773,Pycnonotus simplex,Cream-vented Bulbul,517691.2948,NA,NA,NA,Passeriformes,Pycnonotidae (Bulbuls),7750,737763,55264859,TRUE,FALSE,Pycnonotus simplex,Passeriformes,Pycnonotidae (Bulbuls),7750,737763,55264859,TRUE,FALSE,1906,AVIBASE-12679AF2,Pycnonotus simplex,Pycnonotus simplex,Pycnonotus simplex,1,NHMUK,1876.7.28.30,M,0,,NA,Malaysia,NA,16,10.3,3.7,4.5,17.3,78,11.8,66.2,15.1,64,HM,1,NA,NA,NA,NA,NA
1774,Pycnonotus simplex,Cream-vented Bulbul,517691.2948,NA,NA,NA,Passeriformes,Pycnonotidae (Bulbuls),7750,737763,55264859,TRUE,FALSE,Pycnonotus simplex,Passeriformes,Pycnonotidae (Bulbuls),7750,737763,55264859,TRUE,FALSE,1909,AVIBASE-12679AF2,Pycnonotus simplex,Pycnonotus simplex,Pycnonotus simplex,1,NHMUK,1956.60.308,F,0,,NA,Malaysia,NA,16.2,10.2,3.8,5,16.7,81,11,70,13.6,70,HM,1,NA,NA,NA,NA,NA
1775,Pycnonotus simplex,Cream-vented Bulbul,517691.2948,NA,NA,NA,Passeriformes,Pycnonotidae (Bulbuls),7750,737763,55264859,TRUE,FALSE,Pycnonotus simplex,Passeriformes,Pycnonotidae (Bulbuls),7750,737763,55264859,TRUE,FALSE,1911,AVIBASE-12679AF2,Pycnonotus simplex,Pycnonotus simplex,Pycnonotus simplex,2,Field1,NA,U,0,,NA,Malaysia,NA,15.7,9.7,3.6,4.2,19,71,8.6,62.4,12.1,NA,JAT,1,NA,NA,NA,NA,NA
1776,Pycnonotus simplex,Cream-vented Bulbul,517691.2948,NA,NA,NA,Passeriformes,Pycnonotidae (Bulbuls),7750,737763,55264859,TRUE,FALSE,Pycnonotus simplex,Passeriformes,Pycnonotidae (Bulbuls),7750,737763,55264859,TRUE,FALSE,1910,AVIBASE-12679AF2,Pycnonotus simplex,Pycnonotus simplex,Pycnonotus simplex,1,OUM,B/10320,U,0,,NA,Malaysia,NA,14,10,4.3,4.3,17.5,87,9.4,77.6,10.8,67,HM,1,NA,NA,NA,NA,NA
1777,Pycnonotus simplex,Cream-vented Bulbul,517691.2948,NA,NA,NA,Passeriformes,Pycnonotidae (Bulbuls),7750,737763,55264859,TRUE,FALSE,Pycnonotus simplex,Passeriformes,Pycnonotidae (Bulbuls),7750,737763,55264859,TRUE,FALSE,1907,AVIBASE-12679AF2,Pycnonotus simplex,Pycnonotus simplex,Pycnonotus simplex,1,NHMUK,1935.10.22.375,F,0,,NA,Malaysia,NA,15.3,9.6,4.1,4.5,16.8,79,11,68,13.9,64,HM,1,NA,NA,NA,NA,NA
1778,Pycnonotus sinensis,Light-vented Bulbul,974841.9953,NA,NA,NA,Passeriformes,Pycnonotidae (Bulbuls),262428,16721235,1350404770,TRUE,FALSE,Pycnonotus sinensis,Passeriformes,Pycnonotidae (Bulbuls),262428,16721235,1350404770,TRUE,FALSE,1913,AVIBASE-BB5650EB,Pycnonotus sinensis,Pycnonotus sinensis,Pycnonotus sinensis,1,SNHM,10007,F,0,,NA,China,NA,18.1,8.8,5.6,4.9,20.9,87.8,13.5,74.3,15.4,82,BL/JW,1,NA,NA,NA,NA,NA
1779,Pycnonotus sinensis,Light-vented Bulbul,974841.9953,NA,NA,NA,Passeriformes,Pycnonotidae (Bulbuls),262428,16721235,1350404770,TRUE,FALSE,Pycnonotus sinensis,Passeriformes,Pycnonotidae (Bulbuls),262428,16721235,1350404770,TRUE,FALSE,1918,AVIBASE-BB5650EB,Pycnonotus sinensis,Pycnonotus sinensis,Pycnonotus sinensis,1,NHMUK,1910.5.2.356,M,0,,NA,China,NA,17.7,8.6,4.2,4.8,22.2,90,16,74,17.8,91,CV,1,NA,NA,NA,NA,NA
1780,Pycnonotus sinensis,Light-vented Bulbul,974841.9953,NA,NA,NA,Passeriformes,Pycnonotidae (Bulbuls),262428,16721235,1350404770,TRUE,FALSE,Pycnonotus sinensis,Passeriformes,Pycnonotidae (Bulbuls),262428,16721235,1350404770,TRUE,FALSE,1912,AVIBASE-BB5650EB,Pycnonotus sinensis,Pycnonotus sinensis,Pycnonotus sinensis,1,MMUM,7319,M,0,,NA,NA,NA,18.5,NA,4.6,6.1,24.7,94,NA,NA,NA,87,GT,0,NA,NA,NA,NA,NA
1781,Pycnonotus sinensis,Light-vented Bulbul,974841.9953,NA,NA,NA,Passeriformes,Pycnonotidae (Bulbuls),262428,16721235,1350404770,TRUE,FALSE,Pycnonotus sinensis,Passeriformes,Pycnonotidae (Bulbuls),262428,16721235,1350404770,TRUE,FALSE,1914,AVIBASE-BB5650EB,Pycnonotus sinensis,Pycnonotus sinensis,Pycnonotus sinensis,1,NHMUK,1900.1.18.420,F,0,,NA,China,NA,17.5,NA,NA,NA,23,83.5,20.5,63,24.6,79,MS,1,NA,NA,NA,NA,NA
1782,Pycnonotus sinensis,Light-vented Bulbul,974841.9953,NA,NA,NA,Passeriformes,Pycnonotidae (Bulbuls),262428,16721235,1350404770,TRUE,FALSE,Pycnonotus sinensis,Passeriformes,Pycnonotidae (Bulbuls),262428,16721235,1350404770,TRUE,FALSE,1921,AVIBASE-BB5650EB,Pycnonotus sinensis,Pycnonotus sinensis,Pycnonotus sinensis,1,NHMUK,98.10.2.130,M,0,,NA,China,NA,18.1,NA,NA,NA,24.1,89,18,71,20.2,88,MS,1,NA,NA,NA,NA,NA
1783,Pycnonotus sinensis,Light-vented Bulbul,974841.9953,NA,NA,NA,Passeriformes,Pycnonotidae (Bulbuls),262428,16721235,1350404770,TRUE,FALSE,Pycnonotus sinensis,Passeriformes,Pycnonotidae (Bulbuls),262428,16721235,1350404770,TRUE,FALSE,1916,AVIBASE-BB5650EB,Pycnonotus sinensis,Pycnonotus sinensis,Pycnonotus sinensis,1,NHMUK,1905 12.24-536,F,0,,NA,China,NA,18.5,NA,NA,NA,22.9,83,18,65,21.7,80,MS,1,NA,NA,NA,NA,NA
1784,Pycnonotus sinensis,Light-vented Bulbul,974841.9953,NA,NA,NA,Passeriformes,Pycnonotidae (Bulbuls),262428,16721235,1350404770,TRUE,FALSE,Pycnonotus sinensis,Passeriformes,Pycnonotidae (Bulbuls),262428,16721235,1350404770,TRUE,FALSE,1917,AVIBASE-BB5650EB,Pycnonotus sinensis,Pycnonotus sinensis,Pycnonotus sinensis,1,NHMUK,1909.8.30.57,M,0,,NA,China,NA,16,8.1,3.7,4.8,19.4,87,20.5,66.5,23.6,77,CV,1,NA,NA,NA,NA,NA
1785,Pycnonotus sinensis,Light-vented Bulbul,974841.9953,NA,NA,NA,Passeriformes,Pycnonotidae (Bulbuls),262428,16721235,1350404770,TRUE,FALSE,Pycnonotus sinensis,Passeriformes,Pycnonotidae (Bulbuls),262428,16721235,1350404770,TRUE,FALSE,1920,AVIBASE-BB5650EB,Pycnonotus sinensis,Pycnonotus sinensis,Pycnonotus sinensis,1,NHMUK,1935.10.23.452,F,0,,NA,China,NA,17,9,4,4.4,17.7,84,19.8,64.2,23.6,76,CV,1,NA,NA,NA,NA,NA
1786,Pycnonotus sinensis,Light-vented Bulbul,974841.9953,NA,NA,NA,Passeriformes,Pycnonotidae (Bulbuls),262428,16721235,1350404770,TRUE,FALSE,Pycnonotus sinensis,Passeriformes,Pycnonotidae (Bulbuls),262428,16721235,1350404770,TRUE,FALSE,1915,AVIBASE-BB5650EB,Pycnonotus sinensis,Pycnonotus sinensis,Pycnonotus sinensis,1,NHMUK,1903.7-3.135,M,0,,NA,China,NA,20.7,NA,NA,NA,22.1,85,15.5,69.5,18.2,85,MS,1,NA,NA,NA,NA,NA
1787,Pycnonotus sinensis,Light-vented Bulbul,974841.9953,NA,NA,NA,Passeriformes,Pycnonotidae (Bulbuls),262428,16721235,1350404770,TRUE,FALSE,Pycnonotus sinensis,Passeriformes,Pycnonotidae (Bulbuls),262428,16721235,1350404770,TRUE,FALSE,1919,AVIBASE-BB5650EB,Pycnonotus sinensis,Pycnonotus sinensis,Pycnonotus sinensis,1,NHMUK,1935.10.23.451,F,0,,NA,China,NA,16.7,8.5,4.4,4.6,19.3,84,18.2,65.8,21.7,76,CV,1,NA,NA,NA,NA,NA
1788,Pycnonotus taivanus,Styan's Bulbul,2808.602083,15000,10000,19999,Passeriformes,Pycnonotidae (Bulbuls),83,7288,668341,TRUE,FALSE,Pycnonotus taivanus,Passeriformes,Pycnonotidae (Bulbuls),83,7288,668341,TRUE,FALSE,1923,AVIBASE-A7C19329,Pycnonotus taivanus,Pycnonotus taivanus,Pycnonotus taivanus,1,SNHM,10008,F,0,,NA,China,NA,17.2,8.7,5.5,5.1,19.1,91.2,15.1,76.1,16.6,83.1,BL/JW,1,NA,NA,NA,NA,NA
1789,Pycnonotus taivanus,Styan's Bulbul,2808.602083,15000,10000,19999,Passeriformes,Pycnonotidae (Bulbuls),83,7288,668341,TRUE,FALSE,Pycnonotus taivanus,Passeriformes,Pycnonotidae (Bulbuls),83,7288,668341,TRUE,FALSE,1924,AVIBASE-A7C19329,Pycnonotus taivanus,Pycnonotus taivanus,Pycnonotus taivanus,1,NHMUK,1905.6.13.1,M,0,,NA,Taiwan,NA,16.2,8.3,4.3,5,20.5,85,15.2,69.8,17.9,76,CV,1,NA,NA,NA,NA,NA
1790,Pycnonotus xantholaemus,Yellow-throated Bulbul,133925.3926,NA,NA,NA,Passeriformes,Pycnonotidae (Bulbuls),1950,168014,15829777,FALSE,FALSE,Pycnonotus xantholaemus,Passeriformes,Pycnonotidae (Bulbuls),1950,168014,15829777,FALSE,FALSE,2080,AVIBASE-12D2FAB5,Pycnonotus xantholaemus,Pycnonotus xantholaemus,Pycnonotus xantholaemus,1,BNHS,2061,F,0,,AP,India,India,16.5,8.56,4.09,4.76,19.4,84,11.99,NA,NA,82,NA,1,NA,46021,9.73,NA,Small tail and wing
1791,Pycnonotus xantholaemus,Yellow-throated Bulbul,133925.3926,NA,NA,NA,Passeriformes,Pycnonotidae (Bulbuls),1950,168014,15829777,FALSE,FALSE,Pycnonotus xantholaemus,Passeriformes,Pycnonotidae (Bulbuls),1950,168014,15829777,FALSE,FALSE,1927,AVIBASE-12D2FAB5,Pycnonotus xantholaemus,Pycnonotus xantholaemus,Pycnonotus xantholaemus,1,NHMUK,1937.12.21.243,M,0,,NA,India,NA,15.8,9,3.3,4.5,18.8,88,10.9,77.1,12.4,88,CV,1,NA,NA,NA,NA,NA
1792,Pycnonotus xantholaemus,Yellow-throated Bulbul,133925.3926,NA,NA,NA,Passeriformes,Pycnonotidae (Bulbuls),1950,168014,15829777,FALSE,FALSE,Pycnonotus xantholaemus,Passeriformes,Pycnonotidae (Bulbuls),1950,168014,15829777,FALSE,FALSE,2081,AVIBASE-12D2FAB5,Pycnonotus xantholaemus,Pycnonotus xantholaemus,Pycnonotus xantholaemus,1,BNHS,2062,U,0,,"Horsely, TN",India,India,16.95,9.42,4.05,5.23,19.16,88,11.1,NA,NA,86,NA,1,NA,46021,8.82,NA,NA
1793,Pycnonotus xantholaemus,Yellow-throated Bulbul,133925.3926,NA,NA,NA,Passeriformes,Pycnonotidae (Bulbuls),1950,168014,15829777,FALSE,FALSE,Pycnonotus xantholaemus,Passeriformes,Pycnonotidae (Bulbuls),1950,168014,15829777,FALSE,FALSE,1928,AVIBASE-12D2FAB5,Pycnonotus xantholaemus,Pycnonotus xantholaemus,Pycnonotus xantholaemus,1,NHMUK,1949.Whi.1.14343,F,0,,NA,India,NA,15.1,7.7,3.7,4.4,17.4,86,10.7,75.3,12.4,88,CV,1,NA,NA,NA,NA,NA
1794,Pycnonotus xantholaemus,Yellow-throated Bulbul,133925.3926,NA,NA,NA,Passeriformes,Pycnonotidae (Bulbuls),1950,168014,15829777,FALSE,FALSE,Pycnonotus xantholaemus,Passeriformes,Pycnonotidae (Bulbuls),1950,168014,15829777,FALSE,FALSE,1930,AVIBASE-12D2FAB5,Pycnonotus xantholaemus,Pycnonotus xantholaemus,Pycnonotus xantholaemus,1,NHMUK,86.9.1.2168,U,0,,NA,India,NA,16.8,8.2,3.3,4.6,19.6,85,14.2,70.8,16.7,84,CV,1,NA,NA,NA,NA,NA
1795,Pycnonotus xantholaemus,Yellow-throated Bulbul,133925.3926,NA,NA,NA,Passeriformes,Pycnonotidae (Bulbuls),1950,168014,15829777,FALSE,FALSE,Pycnonotus xantholaemus,Passeriformes,Pycnonotidae (Bulbuls),1950,168014,15829777,FALSE,FALSE,1929,AVIBASE-12D2FAB5,Pycnonotus xantholaemus,Pycnonotus xantholaemus,Pycnonotus xantholaemus,1,NHMUK,1949.Whi.1.14344,M,0,,NA,India,NA,17.2,8.7,3.8,4.8,18.7,91,10.8,80.2,11.9,88,CV,1,NA,NA,NA,NA,NA
1796,Pycnonotus xanthopygos,White-spectacled Bulbul,517099.7646,NA,NA,NA,Passeriformes,Pycnonotidae (Bulbuls),92209,7663697,696371043,TRUE,FALSE,Pycnonotus xanthopygos,Passeriformes,Pycnonotidae (Bulbuls),92209,7663697,696371043,TRUE,FALSE,1939,AVIBASE-24B66475,Pycnonotus xanthopygos,Pycnonotus xanthopygos,Pycnonotus xanthopygos,1,NHMUK,98.5.16.49,F,0,,NA,Oman,NA,17.8,NA,NA,NA,23.5,89,13.3,75.7,14.9,82,MS,1,NA,NA,NA,NA,NA
1797,Pycnonotus xanthopygos,White-spectacled Bulbul,517099.7646,NA,NA,NA,Passeriformes,Pycnonotidae (Bulbuls),92209,7663697,696371043,TRUE,FALSE,Pycnonotus xanthopygos,Passeriformes,Pycnonotidae (Bulbuls),92209,7663697,696371043,TRUE,FALSE,1937,AVIBASE-24B66475,Pycnonotus xanthopygos,Pycnonotus xanthopygos,Pycnonotus xanthopygos,1,NHMUK,1939.6.5.-101,M,0,,NA,Saudi Arabia,NA,18.8,NA,NA,NA,24.1,94,14.6,79.4,15.5,92,MS,1,NA,NA,NA,NA,NA
1798,Pycnonotus xanthopygos,White-spectacled Bulbul,517099.7646,NA,NA,NA,Passeriformes,Pycnonotidae (Bulbuls),92209,7663697,696371043,TRUE,FALSE,Pycnonotus xanthopygos,Passeriformes,Pycnonotidae (Bulbuls),92209,7663697,696371043,TRUE,FALSE,1938,AVIBASE-24B66475,Pycnonotus xanthopygos,Pycnonotus xanthopygos,Pycnonotus xanthopygos,1,NHMUK,1977-18-23,M,0,,NA,United Arab Emirates,NA,16.8,NA,NA,NA,23.5,93,13.7,79.3,14.7,90,MS,1,NA,NA,NA,NA,NA
1799,Pycnonotus xanthopygos,White-spectacled Bulbul,517099.7646,NA,NA,NA,Passeriformes,Pycnonotidae (Bulbuls),92209,7663697,696371043,TRUE,FALSE,Pycnonotus xanthopygos,Passeriformes,Pycnonotidae (Bulbuls),92209,7663697,696371043,TRUE,FALSE,1936,AVIBASE-24B66475,Pycnonotus xanthopygos,Pycnonotus xanthopygos,Pycnonotus xanthopygos,1,NHMUK,1938.10.18.34,F,0,,NA,Saudi Arabia,NA,18.8,9.5,3.6,4.9,19.8,90,14.5,75.5,16.1,95,CV,1,NA,NA,NA,NA,NA
1800,Pycnonotus xanthopygos,White-spectacled Bulbul,517099.7646,NA,NA,NA,Passeriformes,Pycnonotidae (Bulbuls),92209,7663697,696371043,TRUE,FALSE,Pycnonotus xanthopygos,Passeriformes,Pycnonotidae (Bulbuls),92209,7663697,696371043,TRUE,FALSE,1934,AVIBASE-24B66475,Pycnonotus xanthopygos,Pycnonotus xanthopygos,Pycnonotus xanthopygos,1,NHMUK,1937.6.5.109,M,0,,NA,Saudi Arabia,NA,18.3,9.5,4.4,5.4,18.9,94,14,80,14.9,87,CV,1,NA,NA,NA,NA,NA
1801,Pycnonotus xanthopygos,White-spectacled Bulbul,517099.7646,NA,NA,NA,Passeriformes,Pycnonotidae (Bulbuls),92209,7663697,696371043,TRUE,FALSE,Pycnonotus xanthopygos,Passeriformes,Pycnonotidae (Bulbuls),92209,7663697,696371043,TRUE,FALSE,1935,AVIBASE-24B66475,Pycnonotus xanthopygos,Pycnonotus xanthopygos,Pycnonotus xanthopygos,1,NHMUK,1938.10.18.33,F,0,,NA,Saudi Arabia,NA,19.2,9.8,4,5,20.7,94,13.6,80.4,14.5,89,CV,1,NA,NA,NA,NA,NA
1802,Pycnonotus xanthopygos,White-spectacled Bulbul,517099.7646,NA,NA,NA,Passeriformes,Pycnonotidae (Bulbuls),92209,7663697,696371043,TRUE,FALSE,Pycnonotus xanthopygos,Passeriformes,Pycnonotidae (Bulbuls),92209,7663697,696371043,TRUE,FALSE,1933,AVIBASE-24B66475,Pycnonotus xanthopygos,Pycnonotus xanthopygos,Pycnonotus xanthopygos,1,NHMUK,1937.6.5.101,M,0,,NA,Saudi Arabia,NA,17.9,8.9,3.8,4.9,20.8,95,16.5,78.5,17.4,88,CV,1,NA,NA,NA,NA,NA
1803,Pycnonotus xanthopygos,White-spectacled Bulbul,517099.7646,NA,NA,NA,Passeriformes,Pycnonotidae (Bulbuls),92209,7663697,696371043,TRUE,FALSE,Pycnonotus xanthopygos,Passeriformes,Pycnonotidae (Bulbuls),92209,7663697,696371043,TRUE,FALSE,1932,AVIBASE-24B66475,Pycnonotus xanthopygos,Pycnonotus xanthopygos,Pycnonotus xanthopygos,1,NHMUK,27618,F,0,,NA,Oman,NA,19.8,NA,NA,NA,22.2,92,12.5,79.5,13.6,89,MS,1,NA,NA,NA,NA,NA
1804,Pycnonotus xanthopygos,White-spectacled Bulbul,517099.7646,NA,NA,NA,Passeriformes,Pycnonotidae (Bulbuls),92209,7663697,696371043,TRUE,FALSE,Pycnonotus xanthopygos,Passeriformes,Pycnonotidae (Bulbuls),92209,7663697,696371043,TRUE,FALSE,1931,AVIBASE-24B66475,Pycnonotus xanthopygos,Pycnonotus xanthopygos,Pycnonotus xanthopygos,1,NHMUK,1950.22.9,M,0,,NA,NA,NA,19.9,NA,4.6,5.8,22.1,91,NA,NA,NA,91,GT,0,NA,NA,NA,NA,NA
1805,Pycnonotus xanthorrhous,Brown-breasted Bulbul,672209.3977,NA,NA,NA,Passeriformes,Pycnonotidae (Bulbuls),131916,12706633,1189239554,TRUE,FALSE,Pycnonotus xanthorrhous,Passeriformes,Pycnonotidae (Bulbuls),131916,12706633,1189239554,TRUE,FALSE,1940,AVIBASE-0604A8C5,Pycnonotus xanthorrhous,Pycnonotus xanthorrhous,Pycnonotus xanthorrhous,1,NHMUK,1914.5.6.614,M,0,,NA,NA,NA,18.3,NA,3.8,5.1,NA,95,NA,NA,NA,97,GT,0,NA,NA,NA,NA,NA
1806,Pycnonotus xanthorrhous,Brown-breasted Bulbul,672209.3977,NA,NA,NA,Passeriformes,Pycnonotidae (Bulbuls),131916,12706633,1189239554,TRUE,FALSE,Pycnonotus xanthorrhous,Passeriformes,Pycnonotidae (Bulbuls),131916,12706633,1189239554,TRUE,FALSE,1944,AVIBASE-0604A8C5,Pycnonotus xanthorrhous,Pycnonotus xanthorrhous,Pycnonotus xanthorrhous,1,NHMUK,1930.7.16.234,F,0,,NA,Laos,NA,16.8,8.9,3.8,4.1,19.6,86,12,74,14,91,CV,1,NA,NA,NA,NA,NA
1807,Pycnonotus xanthorrhous,Brown-breasted Bulbul,672209.3977,NA,NA,NA,Passeriformes,Pycnonotidae (Bulbuls),131916,12706633,1189239554,TRUE,FALSE,Pycnonotus xanthorrhous,Passeriformes,Pycnonotidae (Bulbuls),131916,12706633,1189239554,TRUE,FALSE,1941,AVIBASE-0604A8C5,Pycnonotus xanthorrhous,Pycnonotus xanthorrhous,Pycnonotus xanthorrhous,1,NHMUK,1914.5.6.604,M,0,,NA,Laos,NA,17.6,9.2,4.1,4.6,19,92,15.4,76.6,16.7,89,CV,1,NA,NA,NA,NA,NA
1808,Pycnonotus xanthorrhous,Brown-breasted Bulbul,672209.3977,NA,NA,NA,Passeriformes,Pycnonotidae (Bulbuls),131916,12706633,1189239554,TRUE,FALSE,Pycnonotus xanthorrhous,Passeriformes,Pycnonotidae (Bulbuls),131916,12706633,1189239554,TRUE,FALSE,1943,AVIBASE-0604A8C5,Pycnonotus xanthorrhous,Pycnonotus xanthorrhous,Pycnonotus xanthorrhous,1,NHMUK,1930.7.16.233,F,0,,NA,Laos,NA,18.3,9.5,4,4.2,19.8,88,14.4,73.6,16.4,95,CV,1,NA,NA,NA,NA,NA
1809,Pycnonotus xanthorrhous,Brown-breasted Bulbul,672209.3977,NA,NA,NA,Passeriformes,Pycnonotidae (Bulbuls),131916,12706633,1189239554,TRUE,FALSE,Pycnonotus xanthorrhous,Passeriformes,Pycnonotidae (Bulbuls),131916,12706633,1189239554,TRUE,FALSE,1942,AVIBASE-0604A8C5,Pycnonotus xanthorrhous,Pycnonotus xanthorrhous,Pycnonotus xanthorrhous,1,NHMUK,1930.7.16.232,M,0,,NA,Laos,NA,17.7,8.7,4,4.2,21.5,92,14.9,77.1,16.2,101,CV,1,NA,NA,NA,NA,NA
1810,Setornis criniger,Hook-billed Bulbul,299350.2725,NA,NA,NA,Passeriformes,Pycnonotidae (Bulbuls),237,23381,2181689,TRUE,FALSE,Setornis criniger,Passeriformes,Pycnonotidae (Bulbuls),237,23381,2181689,TRUE,FALSE,1982,AVIBASE-56478ACE,Setornis criniger,Setornis criniger,Setornis criniger,1,OUM,B/10350,U,0,,NA,Malaysia,NA,24.6,17.3,5.2,6.3,18.7,99,16.6,82.4,16.8,80,HM,1,NA,NA,NA,NA,NA
1811,Setornis criniger,Hook-billed Bulbul,299350.2725,NA,NA,NA,Passeriformes,Pycnonotidae (Bulbuls),237,23381,2181689,TRUE,FALSE,Setornis criniger,Passeriformes,Pycnonotidae (Bulbuls),237,23381,2181689,TRUE,FALSE,1981,AVIBASE-56478ACE,Setornis criniger,Setornis criniger,Setornis criniger,1,OUM,B/10349,U,0,,NA,Malaysia,NA,22,15.5,5,5.9,17.8,83,13,70,15.7,70,HM,1,NA,NA,NA,NA,NA
1812,Setornis criniger,Hook-billed Bulbul,299350.2725,NA,NA,NA,Passeriformes,Pycnonotidae (Bulbuls),237,23381,2181689,TRUE,FALSE,Setornis criniger,Passeriformes,Pycnonotidae (Bulbuls),237,23381,2181689,TRUE,FALSE,1980,AVIBASE-56478ACE,Setornis criniger,Setornis criniger,Setornis criniger,1,OUM,B/10348,U,0,,NA,Malaysia,NA,25.8,17.8,5.1,6.8,22.4,100,19.3,80.7,19.3,82,HM,1,NA,NA,NA,NA,NA
1813,Setornis criniger,Hook-billed Bulbul,299350.2725,NA,NA,NA,Passeriformes,Pycnonotidae (Bulbuls),237,23381,2181689,TRUE,FALSE,Setornis criniger,Passeriformes,Pycnonotidae (Bulbuls),237,23381,2181689,TRUE,FALSE,1978,AVIBASE-56478ACE,Setornis criniger,Setornis criniger,Setornis criniger,1,NHMUK,75.8.16.8,M,0,,NA,NA,NA,24.3,NA,5.9,7.4,21.2,99,NA,NA,NA,85,GT,0,NA,NA,NA,NA,NA
1814,Setornis criniger,Hook-billed Bulbul,299350.2725,NA,NA,NA,Passeriformes,Pycnonotidae (Bulbuls),237,23381,2181689,TRUE,FALSE,Setornis criniger,Passeriformes,Pycnonotidae (Bulbuls),237,23381,2181689,TRUE,FALSE,1979,AVIBASE-56478ACE,Setornis criniger,Setornis criniger,Setornis criniger,1,OUM,B/10347,U,0,,NA,Malaysia,NA,22.6,14.6,5.1,6.2,19.6,97,19,78,19.6,81,HM,1,NA,NA,NA,NA,NA
1815,Spizixos canifrons,Crested Finchbill,448869.6317,NA,NA,NA,Passeriformes,Pycnonotidae (Bulbuls),6758,657979,62839173,FALSE,FALSE,Spizixos canifrons,Passeriformes,Pycnonotidae (Bulbuls),6758,657979,62839173,FALSE,FALSE,2021,AVIBASE-10F913B3,Spizixos canifrons,Spizixos canifrons,Spizixos canifrons,1,BNHS,1984,M,0,,Pan Thabat,Myanmmar,Myanmmar,15.13,9.15,5.83,7.36,19.23,97.06,NA,NA,NA,83.11,NA,1,NA,46020,8.57,NA,NA
1816,Spizixos canifrons,Crested Finchbill,448869.6317,NA,NA,NA,Passeriformes,Pycnonotidae (Bulbuls),6758,657979,62839173,FALSE,FALSE,Spizixos canifrons,Passeriformes,Pycnonotidae (Bulbuls),6758,657979,62839173,FALSE,FALSE,1985,AVIBASE-10F913B3,Spizixos canifrons,Spizixos canifrons,Spizixos canifrons,1,NHMUK,1923.3.10.60,M,0,,NA,China,NA,13.4,8.4,5.6,7.3,20.6,97,17.2,79.8,17.7,95,CV,1,NA,NA,NA,NA,NA
1817,Spizixos canifrons,Crested Finchbill,448869.6317,NA,NA,NA,Passeriformes,Pycnonotidae (Bulbuls),6758,657979,62839173,FALSE,FALSE,Spizixos canifrons,Passeriformes,Pycnonotidae (Bulbuls),6758,657979,62839173,FALSE,FALSE,1986,AVIBASE-10F913B3,Spizixos canifrons,Spizixos canifrons,Spizixos canifrons,1,NHMUK,1923.3.10.61,F,0,,NA,China,NA,13.5,8.2,5.5,7.3,19,92,15.6,76.4,17,92,CV,1,NA,NA,NA,NA,NA
1818,Spizixos canifrons,Crested Finchbill,448869.6317,NA,NA,NA,Passeriformes,Pycnonotidae (Bulbuls),6758,657979,62839173,FALSE,FALSE,Spizixos canifrons,Passeriformes,Pycnonotidae (Bulbuls),6758,657979,62839173,FALSE,FALSE,1984,AVIBASE-10F913B3,Spizixos canifrons,Spizixos canifrons,Spizixos canifrons,1,NHMUK,1914.5.6.676,F,0,,NA,China,NA,13.8,8.1,5.2,6.4,16,91,14.3,76.7,15.7,92,CV,1,NA,NA,NA,NA,NA
1819,Spizixos canifrons,Crested Finchbill,448869.6317,NA,NA,NA,Passeriformes,Pycnonotidae (Bulbuls),6758,657979,62839173,FALSE,FALSE,Spizixos canifrons,Passeriformes,Pycnonotidae (Bulbuls),6758,657979,62839173,FALSE,FALSE,1983,AVIBASE-10F913B3,Spizixos canifrons,Spizixos canifrons,Spizixos canifrons,1,NHMUK,1914.5.6.675,M,0,,NA,China,NA,13.8,7.9,5.3,7.3,20.5,100,20.6,79.4,20.6,97,CV,1,NA,NA,NA,NA,NA
1820,Spizixos canifrons,Crested Finchbill,448869.6317,NA,NA,NA,Passeriformes,Pycnonotidae (Bulbuls),6758,657979,62839173,FALSE,FALSE,Spizixos canifrons,Passeriformes,Pycnonotidae (Bulbuls),6758,657979,62839173,FALSE,FALSE,2022,AVIBASE-10F913B3,Spizixos canifrons,Spizixos canifrons,Spizixos canifrons,1,BNHS,1986,U,0,,Pimri Bau,India,India,16.14,8.67,6.23,7.35,19.34,95,NA,NA,NA,90,NA,1,NA,46020,9.21,NA,NA
1821,Spizixos semitorques,Collared Finchbill,898878.3257,NA,NA,NA,Passeriformes,Pycnonotidae (Bulbuls),71049,5822456,525966748,TRUE,FALSE,Spizixos semitorques,Passeriformes,Pycnonotidae (Bulbuls),71049,5822456,525966748,TRUE,FALSE,1987,AVIBASE-40F3B30B,Spizixos semitorques,Spizixos semitorques,Spizixos semitorques,1,NHMUK,1900.1.18.482,M,0,,NA,NA,NA,13.2,NA,7,7.8,21.9,90,NA,NA,NA,93,GT,0,NA,NA,NA,NA,NA
1822,Spizixos semitorques,Collared Finchbill,898878.3257,NA,NA,NA,Passeriformes,Pycnonotidae (Bulbuls),71049,5822456,525966748,TRUE,FALSE,Spizixos semitorques,Passeriformes,Pycnonotidae (Bulbuls),71049,5822456,525966748,TRUE,FALSE,1990,AVIBASE-40F3B30B,Spizixos semitorques,Spizixos semitorques,Spizixos semitorques,1,NHMUK,1918.6.25.66,F,0,,NA,NA,NA,15.9,NA,6.9,7.9,17.7,89,NA,NA,NA,71,GT,0,NA,NA,NA,NA,NA
1823,Spizixos semitorques,Collared Finchbill,898878.3257,NA,NA,NA,Passeriformes,Pycnonotidae (Bulbuls),71049,5822456,525966748,TRUE,FALSE,Spizixos semitorques,Passeriformes,Pycnonotidae (Bulbuls),71049,5822456,525966748,TRUE,FALSE,1991,AVIBASE-40F3B30B,Spizixos semitorques,Spizixos semitorques,Spizixos semitorques,1,NHMUK,1914.5.6.680,M,0,,NA,Laos,NA,13.9,8.6,6,7.9,17.5,94,15.5,78.5,16.5,96,CV,1,NA,NA,NA,NA,NA
1824,Spizixos semitorques,Collared Finchbill,898878.3257,NA,NA,NA,Passeriformes,Pycnonotidae (Bulbuls),71049,5822456,525966748,TRUE,FALSE,Spizixos semitorques,Passeriformes,Pycnonotidae (Bulbuls),71049,5822456,525966748,TRUE,FALSE,1988,AVIBASE-40F3B30B,Spizixos semitorques,Spizixos semitorques,Spizixos semitorques,1,NHMUK,1914.5.6.683,M,0,,NA,NA,NA,14.6,NA,6.3,7.6,19.1,88,NA,NA,NA,93,GT,0,NA,NA,NA,NA,NA
1825,Spizixos semitorques,Collared Finchbill,898878.3257,NA,NA,NA,Passeriformes,Pycnonotidae (Bulbuls),71049,5822456,525966748,TRUE,FALSE,Spizixos semitorques,Passeriformes,Pycnonotidae (Bulbuls),71049,5822456,525966748,TRUE,FALSE,1993,AVIBASE-40F3B30B,Spizixos semitorques,Spizixos semitorques,Spizixos semitorques,1,NHMUK,1930.7.16.229,F,0,,NA,Laos,NA,13.4,8.1,5.8,7.1,19.2,91,15.6,75.4,17.1,94,CV,1,NA,NA,NA,NA,NA
1826,Spizixos semitorques,Collared Finchbill,898878.3257,NA,NA,NA,Passeriformes,Pycnonotidae (Bulbuls),71049,5822456,525966748,TRUE,FALSE,Spizixos semitorques,Passeriformes,Pycnonotidae (Bulbuls),71049,5822456,525966748,TRUE,FALSE,1989,AVIBASE-40F3B30B,Spizixos semitorques,Spizixos semitorques,Spizixos semitorques,1,NHMUK,1914.5.6.691,F,0,,NA,NA,NA,15.1,NA,9.3,8.1,19.2,86,NA,NA,NA,96,GT,0,NA,NA,NA,NA,NA
1827,Spizixos semitorques,Collared Finchbill,898878.3257,NA,NA,NA,Passeriformes,Pycnonotidae (Bulbuls),71049,5822456,525966748,TRUE,FALSE,Spizixos semitorques,Passeriformes,Pycnonotidae (Bulbuls),71049,5822456,525966748,TRUE,FALSE,1994,AVIBASE-40F3B30B,Spizixos semitorques,Spizixos semitorques,Spizixos semitorques,1,NHMUK,1930.7.16.230,F,0,,NA,Laos,NA,13.4,7.6,6,7.5,19.2,90,11.9,78.1,13.2,98,CV,1,NA,NA,NA,NA,NA
1828,Spizixos semitorques,Collared Finchbill,898878.3257,NA,NA,NA,Passeriformes,Pycnonotidae (Bulbuls),71049,5822456,525966748,TRUE,FALSE,Spizixos semitorques,Passeriformes,Pycnonotidae (Bulbuls),71049,5822456,525966748,TRUE,FALSE,1992,AVIBASE-40F3B30B,Spizixos semitorques,Spizixos semitorques,Spizixos semitorques,1,NHMUK,1930..7.16.231,M,0,,NA,Laos,NA,13.9,8,6.3,7.4,19,90,11.3,78.7,12.6,94,CV,1,NA,NA,NA,NA,NA
1829,Stelgidillas gracilirostris,Slender-billed Greenbul,1470055.934,NA,NA,NA,Passeriformes,Pycnonotidae (Bulbuls),15317,1609637,146303979,TRUE,FALSE,Stelgidillas gracilirostris,Passeriformes,Pycnonotidae (Bulbuls),15317,1609637,146303979,TRUE,FALSE,2003,AVIBASE-5D82C13B,Stelgidillas gracilirostris,Stelgidillas gracilirostris,Andropadus gracilirostris,1,ZFMK,1968-792,F,0,,NA,Cameroon,NA,19.2,NA,NA,NA,20.8,85,12.5,72.5,14.7,75,DH,0,NA,NA,NA,NA,NA
1830,Stelgidillas gracilirostris,Slender-billed Greenbul,1470055.934,NA,NA,NA,Passeriformes,Pycnonotidae (Bulbuls),15317,1609637,146303979,TRUE,FALSE,Stelgidillas gracilirostris,Passeriformes,Pycnonotidae (Bulbuls),15317,1609637,146303979,TRUE,FALSE,2000,AVIBASE-5D82C13B,Stelgidillas gracilirostris,Stelgidillas gracilirostris,Andropadus gracilirostris,1,ZFMK,1963-992,M,0,,NA,Equatorial Guinea,NA,19.1,NA,NA,NA,19.7,85.5,15,70.5,17.5,76.5,DH,0,NA,NA,NA,NA,NA
1831,Stelgidillas gracilirostris,Slender-billed Greenbul,1470055.934,NA,NA,NA,Passeriformes,Pycnonotidae (Bulbuls),15317,1609637,146303979,TRUE,FALSE,Stelgidillas gracilirostris,Passeriformes,Pycnonotidae (Bulbuls),15317,1609637,146303979,TRUE,FALSE,2005,AVIBASE-5D82C13B,Stelgidillas gracilirostris,Stelgidillas gracilirostris,Andropadus gracilirostris,2,Field1,NA,F,0,,NA,Equatorial Guinea,NA,NA,NA,NA,NA,NA,66,NA,NA,NA,51,JHW,0,NA,NA,NA,NA,NA
1832,Stelgidillas gracilirostris,Slender-billed Greenbul,1470055.934,NA,NA,NA,Passeriformes,Pycnonotidae (Bulbuls),15317,1609637,146303979,TRUE,FALSE,Stelgidillas gracilirostris,Passeriformes,Pycnonotidae (Bulbuls),15317,1609637,146303979,TRUE,FALSE,1997,AVIBASE-5D82C13B,Stelgidillas gracilirostris,Stelgidillas gracilirostris,Andropadus gracilirostris,1,NHMUK,1904.6.22.164,F,0,,NA,Equatorial Guinea,NA,18.8,11.1,4.4,4.5,19.2,82,19.8,62.2,24.1,74,CV,1,NA,NA,NA,NA,NA
1833,Stelgidillas gracilirostris,Slender-billed Greenbul,1470055.934,NA,NA,NA,Passeriformes,Pycnonotidae (Bulbuls),15317,1609637,146303979,TRUE,FALSE,Stelgidillas gracilirostris,Passeriformes,Pycnonotidae (Bulbuls),15317,1609637,146303979,TRUE,FALSE,1999,AVIBASE-5D82C13B,Stelgidillas gracilirostris,Stelgidillas gracilirostris,Andropadus gracilirostris,1,NHMUK,1911.12.23.1761,F,0,,NA,Equatorial Guinea,NA,18.9,11,4.3,4.1,20,83,10.3,72.7,12.4,78,CV,1,NA,NA,NA,NA,NA
1834,Stelgidillas gracilirostris,Slender-billed Greenbul,1470055.934,NA,NA,NA,Passeriformes,Pycnonotidae (Bulbuls),15317,1609637,146303979,TRUE,FALSE,Stelgidillas gracilirostris,Passeriformes,Pycnonotidae (Bulbuls),15317,1609637,146303979,TRUE,FALSE,1995,AVIBASE-5D82C13B,Stelgidillas gracilirostris,Stelgidillas gracilirostris,Andropadus gracilirostris,1,NHMUK,1911.11.18.112,M,0,,NA,NA,NA,20.3,NA,4.1,4.3,20.5,80,NA,NA,NA,79,GT,0,NA,NA,NA,NA,NA
1835,Stelgidillas gracilirostris,Slender-billed Greenbul,1470055.934,NA,NA,NA,Passeriformes,Pycnonotidae (Bulbuls),15317,1609637,146303979,TRUE,FALSE,Stelgidillas gracilirostris,Passeriformes,Pycnonotidae (Bulbuls),15317,1609637,146303979,TRUE,FALSE,1998,AVIBASE-5D82C13B,Stelgidillas gracilirostris,Stelgidillas gracilirostris,Andropadus gracilirostris,1,NHMUK,1904.6.22.166,M,0,,NA,Equatorial Guinea,NA,19.5,11.7,4.1,4.6,18.8,84,14.1,69.9,16.8,82,CV,1,NA,NA,NA,NA,NA
1836,Stelgidillas gracilirostris,Slender-billed Greenbul,1470055.934,NA,NA,NA,Passeriformes,Pycnonotidae (Bulbuls),15317,1609637,146303979,TRUE,FALSE,Stelgidillas gracilirostris,Passeriformes,Pycnonotidae (Bulbuls),15317,1609637,146303979,TRUE,FALSE,2002,AVIBASE-5D82C13B,Stelgidillas gracilirostris,Stelgidillas gracilirostris,Andropadus gracilirostris,1,ZFMK,1968-791,F,0,,NA,Cameroon,NA,20.2,NA,NA,NA,19.6,84,19,65,22.6,72,LN,0,NA,NA,NA,NA,NA
1837,Stelgidillas gracilirostris,Slender-billed Greenbul,1470055.934,NA,NA,NA,Passeriformes,Pycnonotidae (Bulbuls),15317,1609637,146303979,TRUE,FALSE,Stelgidillas gracilirostris,Passeriformes,Pycnonotidae (Bulbuls),15317,1609637,146303979,TRUE,FALSE,2006,AVIBASE-5D82C13B,Stelgidillas gracilirostris,Stelgidillas gracilirostris,Andropadus gracilirostris,2,Field1,NA,M,0,,NA,Equatorial Guinea,NA,NA,NA,NA,NA,NA,76,NA,NA,NA,NA,JHW,0,NA,NA,NA,NA,NA
1838,Stelgidillas gracilirostris,Slender-billed Greenbul,1470055.934,NA,NA,NA,Passeriformes,Pycnonotidae (Bulbuls),15317,1609637,146303979,TRUE,FALSE,Stelgidillas gracilirostris,Passeriformes,Pycnonotidae (Bulbuls),15317,1609637,146303979,TRUE,FALSE,2001,AVIBASE-5D82C13B,Stelgidillas gracilirostris,Stelgidillas gracilirostris,Andropadus gracilirostris,1,ZFMK,1963-993,M,0,,NA,Equatorial Guinea,NA,21.5,NA,NA,NA,20.7,84,15,69,17.9,79,LN,0,NA,NA,NA,NA,NA
1839,Stelgidillas gracilirostris,Slender-billed Greenbul,1470055.934,NA,NA,NA,Passeriformes,Pycnonotidae (Bulbuls),15317,1609637,146303979,TRUE,FALSE,Stelgidillas gracilirostris,Passeriformes,Pycnonotidae (Bulbuls),15317,1609637,146303979,TRUE,FALSE,1996,AVIBASE-5D82C13B,Stelgidillas gracilirostris,Stelgidillas gracilirostris,Andropadus gracilirostris,1,NHMUK,1903.2.14.21,M,0,,NA,Equatorial Guinea,NA,16.8,10.6,4.2,4.2,20.4,84,11.6,72.4,13.8,87,CV,1,NA,NA,NA,NA,NA
1840,Stelgidillas gracilirostris,Slender-billed Greenbul,1470055.934,NA,NA,NA,Passeriformes,Pycnonotidae (Bulbuls),15317,1609637,146303979,TRUE,FALSE,Stelgidillas gracilirostris,Passeriformes,Pycnonotidae (Bulbuls),15317,1609637,146303979,TRUE,FALSE,2004,AVIBASE-5D82C13B,Stelgidillas gracilirostris,Stelgidillas gracilirostris,Andropadus gracilirostris,2,Field1,NA,M,0,,NA,Equatorial Guinea,NA,NA,NA,NA,NA,NA,77,NA,NA,NA,61,JHW,0,NA,NA,NA,NA,NA
1841,Thescelocichla leucopleura,Swamp Greenbul,1251036.134,NA,NA,NA,Passeriformes,Pycnonotidae (Bulbuls),17197,1465911,138229566,TRUE,FALSE,Thescelocichla leucopleura,Passeriformes,Pycnonotidae (Bulbuls),17197,1465911,138229566,TRUE,FALSE,2008,AVIBASE-EBE56736,Thescelocichla leucopleura,Thescelocichla leucopleura,Thescelocichla leucopleura,1,NHMUK,1924.11.2.135,M,0,,NA,Cameroon,NA,22.6,12.9,4.4,5.9,23.5,115,17.5,97.5,15.2,110,CV,1,NA,NA,NA,NA,NA
1842,Thescelocichla leucopleura,Swamp Greenbul,1251036.134,NA,NA,NA,Passeriformes,Pycnonotidae (Bulbuls),17197,1465911,138229566,TRUE,FALSE,Thescelocichla leucopleura,Passeriformes,Pycnonotidae (Bulbuls),17197,1465911,138229566,TRUE,FALSE,2010,AVIBASE-EBE56736,Thescelocichla leucopleura,Thescelocichla leucopleura,Thescelocichla leucopleura,1,NHMUK,1966.16.1235,M,0,,NA,Cameroon,NA,23.2,12.5,4.9,5.7,25.2,114,19.5,94.5,17.1,102,CV,1,NA,NA,NA,NA,NA
1843,Thescelocichla leucopleura,Swamp Greenbul,1251036.134,NA,NA,NA,Passeriformes,Pycnonotidae (Bulbuls),17197,1465911,138229566,TRUE,FALSE,Thescelocichla leucopleura,Passeriformes,Pycnonotidae (Bulbuls),17197,1465911,138229566,TRUE,FALSE,2007,AVIBASE-EBE56736,Thescelocichla leucopleura,Thescelocichla leucopleura,Thescelocichla leucopleura,1,NHMUK,1905.1.24.120,F,0,,NA,Cameroon,NA,21.5,11.6,4.7,5.3,24.4,113,15,98,13.3,115,CV,1,NA,NA,NA,NA,NA
1844,Thescelocichla leucopleura,Swamp Greenbul,1251036.134,NA,NA,NA,Passeriformes,Pycnonotidae (Bulbuls),17197,1465911,138229566,TRUE,FALSE,Thescelocichla leucopleura,Passeriformes,Pycnonotidae (Bulbuls),17197,1465911,138229566,TRUE,FALSE,2009,AVIBASE-EBE56736,Thescelocichla leucopleura,Thescelocichla leucopleura,Thescelocichla leucopleura,1,NHMUK,1966.16.1234,F,0,,NA,Cameroon,NA,23.8,13.7,5.6,5.6,25,110,14.1,95.9,12.8,98,CV,1,NA,NA,NA,NA,NA
1845,Tricholestes criniger,Hairy-backed Bulbul,471189.5118,NA,NA,NA,Passeriformes,Pycnonotidae (Bulbuls),6727,672650,57394154,TRUE,FALSE,Tricholestes criniger,Passeriformes,Pycnonotidae (Bulbuls),6727,672650,57394154,TRUE,FALSE,2016,AVIBASE-260C7E77,Tricholestes criniger,Tricholestes criniger,Tricholestes criniger,1,NHMUK,1912.12.28.82,F,0,,NA,Malaysia,NA,15.7,10.1,4.4,4.1,14.1,71,11.2,59.8,15.8,61,JAT,1,NA,NA,NA,NA,NA
1846,Tricholestes criniger,Hairy-backed Bulbul,471189.5118,NA,NA,NA,Passeriformes,Pycnonotidae (Bulbuls),6727,672650,57394154,TRUE,FALSE,Tricholestes criniger,Passeriformes,Pycnonotidae (Bulbuls),6727,672650,57394154,TRUE,FALSE,2011,AVIBASE-260C7E77,Tricholestes criniger,Tricholestes criniger,Tricholestes criniger,1,NHMUK,86.9.1.1611,M,0,,NA,NA,NA,16.4,NA,4.3,NA,15.3,75,NA,NA,NA,71,GT,0,NA,NA,NA,NA,NA
1847,Tricholestes criniger,Hairy-backed Bulbul,471189.5118,NA,NA,NA,Passeriformes,Pycnonotidae (Bulbuls),6727,672650,57394154,TRUE,FALSE,Tricholestes criniger,Passeriformes,Pycnonotidae (Bulbuls),6727,672650,57394154,TRUE,FALSE,2017,AVIBASE-260C7E77,Tricholestes criniger,Tricholestes criniger,Tricholestes criniger,1,OUM,B/10361,U,0,,NA,Malaysia,NA,15.7,10.7,3.5,4.1,16.1,74,10.5,63.5,14.2,64,HM,1,NA,NA,NA,NA,NA
1848,Tricholestes criniger,Hairy-backed Bulbul,471189.5118,NA,NA,NA,Passeriformes,Pycnonotidae (Bulbuls),6727,672650,57394154,TRUE,FALSE,Tricholestes criniger,Passeriformes,Pycnonotidae (Bulbuls),6727,672650,57394154,TRUE,FALSE,2015,AVIBASE-260C7E77,Tricholestes criniger,Tricholestes criniger,Tricholestes criniger,1,NHMUK,1912.12.28.81,F,0,,NA,Malaysia,NA,17.4,10.9,4.5,4,14.7,76,12.1,63.9,15.9,62,JAT,1,NA,NA,NA,NA,NA
1849,Tricholestes criniger,Hairy-backed Bulbul,471189.5118,NA,NA,NA,Passeriformes,Pycnonotidae (Bulbuls),6727,672650,57394154,TRUE,FALSE,Tricholestes criniger,Passeriformes,Pycnonotidae (Bulbuls),6727,672650,57394154,TRUE,FALSE,2018,AVIBASE-260C7E77,Tricholestes criniger,Tricholestes criniger,Tricholestes criniger,2,Field1,NA,U,0,,NA,Malaysia,NA,NA,10.1,3.8,4.1,16.5,76,10.9,65.1,14.3,NA,JAT,1,NA,NA,NA,NA,NA
1850,Tricholestes criniger,Hairy-backed Bulbul,471189.5118,NA,NA,NA,Passeriformes,Pycnonotidae (Bulbuls),6727,672650,57394154,TRUE,FALSE,Tricholestes criniger,Passeriformes,Pycnonotidae (Bulbuls),6727,672650,57394154,TRUE,FALSE,2014,AVIBASE-260C7E77,Tricholestes criniger,Tricholestes criniger,Tricholestes criniger,1,NHMUK,1892.10.30.48,M,0,,NA,Malaysia,NA,15.3,9.3,3.8,4,14.7,77,13.9,63.1,18.1,66,JAT,1,NA,NA,NA,NA,NA
1851,Tricholestes criniger,Hairy-backed Bulbul,471189.5118,NA,NA,NA,Passeriformes,Pycnonotidae (Bulbuls),6727,672650,57394154,TRUE,FALSE,Tricholestes criniger,Passeriformes,Pycnonotidae (Bulbuls),6727,672650,57394154,TRUE,FALSE,2012,AVIBASE-260C7E77,Tricholestes criniger,Tricholestes criniger,Tricholestes criniger,1,OUM,B/10360,U,0,,NA,NA,NA,15.2,10.7,4.1,3.7,15.6,71,13,58,18.3,60,HM,1,NA,NA,NA,NA,NA
1852,Tricholestes criniger,Hairy-backed Bulbul,471189.5118,NA,NA,NA,Passeriformes,Pycnonotidae (Bulbuls),6727,672650,57394154,TRUE,FALSE,Tricholestes criniger,Passeriformes,Pycnonotidae (Bulbuls),6727,672650,57394154,TRUE,FALSE,2020,AVIBASE-260C7E77,Tricholestes criniger,Tricholestes criniger,Tricholestes criniger,2,Field1,NA,U,0,,NA,Malaysia,NA,NA,10.1,3.8,4,15.5,NA,10.6,NA,NA,NA,JAT,1,NA,NA,NA,NA,NA
1853,Tricholestes criniger,Hairy-backed Bulbul,471189.5118,NA,NA,NA,Passeriformes,Pycnonotidae (Bulbuls),6727,672650,57394154,TRUE,FALSE,Tricholestes criniger,Passeriformes,Pycnonotidae (Bulbuls),6727,672650,57394154,TRUE,FALSE,2019,AVIBASE-260C7E77,Tricholestes criniger,Tricholestes criniger,Tricholestes criniger,2,Field1,NA,U,0,,NA,Malaysia,NA,15,10.5,3.5,4,17.2,73,9,64,12.3,NA,JAT,1,NA,NA,NA,NA,NA
1854,Tricholestes criniger,Hairy-backed Bulbul,471189.5118,NA,NA,NA,Passeriformes,Pycnonotidae (Bulbuls),6727,672650,57394154,TRUE,FALSE,Tricholestes criniger,Passeriformes,Pycnonotidae (Bulbuls),6727,672650,57394154,TRUE,FALSE,2013,AVIBASE-260C7E77,Tricholestes criniger,Tricholestes criniger,Tricholestes criniger,1,NHMUK,1888.4.1.459,M,0,,NA,Malaysia,NA,15.2,9.1,3.9,3.6,14.4,66,9,57,13.6,60,JAT,1,NA,NA,NA,NA,NA