Avibase.ID,Species1_BirdLife,Species2_eBird,eBird.species.group,Species3_BirdTree,Data.type,Source,Specimen.number,Sex,Age,Locality,Country_WRI,Country,Beak.Length_Culmen,Beak.Length_Nares,Beak.Width,Beak.Depth,Tarsus.Length,Wing.Length,Kipps.Distance,Secondary1,Hand.wing.Index,Tail.Length,Measurer,Protocol,Publication
AVIBASE-36D71C61,Acritillas indica,Iole indica,Iole indica,Iole indica,1,NHMUK,1916.9.20.596,F,0,NA,Sri Lanka,NA,18.4,11.3,4.4,4.5,18,85,16,69,18.8,70,PW,1,NA
AVIBASE-36D71C61,Acritillas indica,Iole indica,Iole indica,Iole indica,1,NHMUK,1940.12.3.44,F,0,NA,Sri Lanka,NA,19.8,12.2,4.8,4.5,18.8,83,12.9,70.1,15.5,71,PW,1,NA
AVIBASE-36D71C61,Acritillas indica,Iole indica,Iole indica,Iole indica,1,NHMUK,1940.12.3.45,F,0,NA,Sri Lanka,NA,19.6,11.6,4.4,4.3,17.8,82,12.3,69.7,15,71,PW,1,NA
AVIBASE-36D71C61,Acritillas indica,Iole indica,Iole indica,Iole indica,1,NHMUK,1949.Whl.1.14407,M,0,NA,India,NA,19,13,5.6,5.2,19,88,16,72,18.2,85,NJTA,1,NA
AVIBASE-36D71C61,Acritillas indica,Iole indica,Iole indica,Iole indica,1,NHMUK,86.9.1.1581,M,0,NA,India,NA,20.6,12.4,4.6,4.8,19.7,88,13.1,74.9,14.9,100,CS,1,NA
AVIBASE-36D71C61,Acritillas indica,Iole indica,Iole indica,Iole indica,1,NHMUK,86.9.1.1583,F,0,NA,India,NA,19.9,11.8,4.8,4.8,17.2,88,12.7,75.3,14.4,77,PW,1,NA
AVIBASE-36D71C61,Acritillas indica,Iole indica,Iole indica,Iole indica,1,NHMUK,86.9.1.1584,M,0,NA,India,NA,21.7,13,4.8,5.3,19.3,98,15.5,82.5,15.8,86,NJTA,1,NA
AVIBASE-36D71C61,Acritillas indica,Iole indica,Iole indica,Iole indica,1,NHMUK,86.9.1.1588,M,0,NA,India,NA,19.8,12,4.8,4.8,18.2,92,13.4,78.6,14.6,86,CS,1,NA
AVIBASE-36D71C61,Acritillas indica,Iole indica,Iole indica,Iole indica,1,NHMUK,86.9.1.1589,F,0,NA,India,NA,19.5,11.7,4.4,4.9,16.9,88,12.3,75.7,14,83,CS,1,NA
AVIBASE-36D71C61,Acritillas indica,Iole indica,Iole indica,Iole indica,1,NHMUK,86.9.1.1591,F,0,NA,India,NA,19.4,11.5,5.3,4.7,19,84,13.5,70.5,16.1,74,PW,1,NA
AVIBASE-36D71C61,Acritillas indica,Iole indica,Iole indica,Iole indica,1,NHMUK,88.4.1.478,F,0,NA,India,NA,20.7,11.7,4.5,5.1,18.8,90,13.4,76.6,14.9,86,CS,1,NA
AVIBASE-36D71C61,Acritillas indica,Iole indica,Iole indica,Iole indica,1,NHMUK,88.4.1.488,F,0,NA,Sri Lanka,NA,20.1,12,4.8,5,17.1,85,13.6,71.4,16,72,PW,1,NA
AVIBASE-36D71C61,Acritillas indica,Iole indica,Iole indica,Iole indica,1,NHMUK,86.9.1.1582,M,0,NA,NA,NA,22.2,NA,4.7,5.3,17.4,96,NA,NA,NA,89,GT,0,NA
AVIBASE-AF1E4A9B,Alcurus striatus,Pycnonotus striatus,Pycnonotus striatus,Pycnonotus striatus,1,NHMUK,1921.7.12.977,M,0,NA,India,NA,20.6,10.3,4.1,5.5,18.4,107,23.2,83.8,21.7,108,CV,1,NA
AVIBASE-AF1E4A9B,Alcurus striatus,Pycnonotus striatus,Pycnonotus striatus,Pycnonotus striatus,1,NHMUK,1935.4.5.624,F,0,NA,Bhutan,NA,19.6,9.8,4.3,5.2,17.3,102,20.6,81.4,20.2,95,CV,1,NA
AVIBASE-AF1E4A9B,Alcurus striatus,Pycnonotus striatus,Pycnonotus striatus,Pycnonotus striatus,1,NHMUK,1937.1.17.350,F,0,NA,Bhutan,NA,18.9,9.8,4,5,16.6,101,22.9,78.1,22.7,93,CV,1,NA
AVIBASE-AF1E4A9B,Alcurus striatus,Pycnonotus striatus,Pycnonotus striatus,Pycnonotus striatus,1,NHMUK,1949.Whi.1.14514,M,0,NA,India,NA,18.9,10.1,4.3,5.1,19.5,101,24.7,76.3,24.5,88,CV,1,NA
AVIBASE-AF1E4A9B,Alcurus striatus,Pycnonotus striatus,Pycnonotus striatus,Pycnonotus striatus,1,MMUM,2846,U,0,NA,NA,NA,20.2,NA,4.7,5.5,19.1,112,NA,NA,NA,100,GT,0,NA
AVIBASE-AE002A11,Alophoixus bres,Alophoixus bres,Alophoixus bres,Alophoixus bres,1,NHMUK,73.5.12.130,M,0,NA,Indonesia,NA,20.6,NA,4.7,6.5,19.6,100,NA,NA,NA,90,GT,0,NA
AVIBASE-31754E31,Alophoixus flaveolus,Alophoixus flaveolus,Alophoixus flaveolus,Alophoixus flaveolus,1,NHMUK,1921.7.12.988,F,0,NA,India,NA,19.9,11.6,4.2,6.1,20.9,104,16.4,87.6,15.8,93,CS,1,NA
AVIBASE-31754E31,Alophoixus flaveolus,Alophoixus flaveolus,Alophoixus flaveolus,Alophoixus flaveolus,1,NHMUK,1935.4.5.622,F,0,NA,Bhutan,NA,20.9,12,5.4,7.6,21.4,98,16.4,81.7,16.7,88.5,CS,1,NA
AVIBASE-31754E31,Alophoixus flaveolus,Alophoixus flaveolus,Alophoixus flaveolus,Alophoixus flaveolus,1,NHMUK,1937.1.17.349,F,0,NA,Bhutan,NA,19.7,11.5,6.1,7.3,18.5,104,18.1,85.9,17.4,96,ECJ,1,NA
AVIBASE-31754E31,Alophoixus flaveolus,Alophoixus flaveolus,Alophoixus flaveolus,Alophoixus flaveolus,1,NHMUK,1949.1.14398,M,0,NA,India,NA,21.6,13.3,5.1,7.4,20.9,101,15.9,85.1,15.7,93,CS,1,NA
AVIBASE-31754E31,Alophoixus flaveolus,Alophoixus flaveolus,Alophoixus flaveolus,Alophoixus flaveolus,1,NHMUK,86.9.1.1423,M,0,NA,India,NA,20.3,12,6,7.2,18.5,105.5,17.3,88.2,16.4,89,ECJ,1,NA
AVIBASE-31754E31,Alophoixus flaveolus,Alophoixus flaveolus,Alophoixus flaveolus,Alophoixus flaveolus,1,NHMUK,86.9.1.1434,M,0,NA,India,NA,19.8,11.3,6.1,6.9,19.5,96,17,79,17.7,79,ECJ,1,NA
AVIBASE-31754E31,Alophoixus flaveolus,Alophoixus flaveolus,Alophoixus flaveolus,Alophoixus flaveolus,1,NHMUK,86.9.1.1442,M,0,NA,India,NA,20.2,10.7,4.7,6.7,22.5,96,15.4,80.6,16,90,CS,1,NA
AVIBASE-31754E31,Alophoixus flaveolus,Alophoixus flaveolus,Alophoixus flaveolus,Alophoixus flaveolus,1,NHMUK,95.7.14.1240,M,0,NA,NA,NA,21.6,NA,5.6,7.6,19,102,NA,NA,NA,92,GT,0,NA
AVIBASE-50D0244D,Alophoixus frater,Alophoixus frater,Alophoixus frater,Alophoixus bres,NA,,,,NA,NA,,NA,NA,NA,NA,NA,NA,NA,NA,NA,NA,NA,GAPSPECIES,NA,NA
AVIBASE-D02FCDDF,Alophoixus griseiceps,Alophoixus pallidus,Alophoixus pallidus griseiceps,Alophoixus pallidus,1,NHMUK,1948.80.14.4,M,0,NA,Myanmar,NA,19.7,NA,5.3,7,18.6,92,NA,NA,NA,100,GT,0,NA
AVIBASE-2BC35886,Alophoixus ochraceus,Alophoixus ochraceus,Alophoixus ochraceus,Alophoixus ochraceus,1,NHMUK,86.9.1.1506,F,0,NA,Myanmar,NA,21,13,4.8,7.4,19.8,107,21.9,85.1,20.5,95,CS,1,NA
AVIBASE-2BC35886,Alophoixus ochraceus,Alophoixus ochraceus,Alophoixus ochraceus,Alophoixus ochraceus,1,NHMUK,86.9.1.1516,F,0,NA,Myanmar,NA,21.3,13.2,5,6.8,20.9,94.5,17.8,76.7,18.8,92,CS,1,NA
AVIBASE-2BC35886,Alophoixus ochraceus,Alophoixus ochraceus,Alophoixus ochraceus,Alophoixus ochraceus,1,NHMUK,86.9.1.1517,M,0,NA,Myanmar,NA,20.3,12.4,5.2,7.3,21.2,102.5,14.9,87.6,14.5,97,CS,1,NA
AVIBASE-2BC35886,Alophoixus ochraceus,Alophoixus ochraceus,Alophoixus ochraceus,Alophoixus ochraceus,1,NHMUK,86.9.1.1519,M,0,NA,Myanmar,NA,20.2,12.5,4.6,6.5,19.2,99.5,17.3,82.2,17.4,96,CS,1,NA
AVIBASE-2BC35886,Alophoixus ochraceus,Alophoixus ochraceus,Alophoixus ochraceus,Alophoixus ochraceus,1,NHMUK,86.9.1.1497,M,0,NA,NA,NA,24.8,NA,5.5,7.1,20.1,102,NA,NA,NA,102,GT,0,NA
AVIBASE-20A0A35C,Alophoixus pallidus,Alophoixus pallidus,Alophoixus pallidus [pallidus Group],Alophoixus pallidus,1,NHMUK,1900.1.2.30,M,0,NA,China,NA,20.6,12.7,4.3,7.7,20.4,105,16.5,88.5,15.7,109,CS,1,NA
AVIBASE-20A0A35C,Alophoixus pallidus,Alophoixus pallidus,Alophoixus pallidus [pallidus Group],Alophoixus pallidus,1,NHMUK,1900.1.2.31,F,0,NA,China,NA,19.7,11.2,4.7,7,20.4,96,13,83,13.5,99,CS,1,NA
AVIBASE-20A0A35C,Alophoixus pallidus,Alophoixus pallidus,Alophoixus pallidus [pallidus Group],Alophoixus pallidus,1,NHMUK,1914.5.6.574,F,0,NA,China,NA,19.8,11.9,4.4,7.4,20.2,101.5,16.1,85.4,15.9,101,CS,1,NA
AVIBASE-20A0A35C,Alophoixus pallidus,Alophoixus pallidus,Alophoixus pallidus [pallidus Group],Alophoixus pallidus,1,NHMUK,1926.6.26.832,M,0,NA,Vietnam,NA,21,12.4,4.9,7.4,20.9,108,16.7,91.3,15.5,108,CS,1,NA
AVIBASE-3499C2A5,Alophoixus phaeocephalus,Alophoixus phaeocephalus,Alophoixus phaeocephalus,Alophoixus phaeocephalus,1,NHMUK,1927.4.18.591,F,0,NA,Malaysia,NA,18.3,11.8,5,6.1,17,91,14.5,76.5,15.9,75,HM,1,NA
AVIBASE-3499C2A5,Alophoixus phaeocephalus,Alophoixus phaeocephalus,Alophoixus phaeocephalus,Alophoixus phaeocephalus,1,NHMUK,1956.60.316,M,0,NA,Malaysia,NA,21.4,13.5,5.6,6.5,17.5,97,14.9,82.1,15.4,83,HM,1,NA
AVIBASE-3499C2A5,Alophoixus phaeocephalus,Alophoixus phaeocephalus,Alophoixus phaeocephalus,Alophoixus phaeocephalus,1,OUM,B/10346,M,0,NA,Malaysia,NA,20.9,14.5,5.4,6.4,17.7,96,15,81,15.6,83,HM,1,NA
AVIBASE-3499C2A5,Alophoixus phaeocephalus,Alophoixus phaeocephalus,Alophoixus phaeocephalus,Alophoixus phaeocephalus,1,OUM,B/331,F,0,NA,Malaysia,NA,20,13.2,5.2,6.7,20.1,94,15.1,78.9,16.1,75,HM,1,NA
AVIBASE-3499C2A5,Alophoixus phaeocephalus,Alophoixus phaeocephalus,Alophoixus phaeocephalus,Alophoixus phaeocephalus,2,Field1,NA,U,0,NA,Malaysia,NA,19.8,13.4,5.4,6.8,20.7,105,12.6,92.4,12,NA,JAT,1,NA
AVIBASE-3499C2A5,Alophoixus phaeocephalus,Alophoixus phaeocephalus,Alophoixus phaeocephalus,Alophoixus phaeocephalus,2,Field1,NA,U,0,NA,Malaysia,NA,20.6,14.7,5.9,7,20.2,98,15.4,82.6,15.7,NA,JAT,1,NA
AVIBASE-3499C2A5,Alophoixus phaeocephalus,Alophoixus phaeocephalus,Alophoixus phaeocephalus,Alophoixus phaeocephalus,2,Field1,NA,U,0,NA,Malaysia,NA,23,14.5,5.7,6.5,21.9,98,15,83,15.3,NA,JAT,1,NA
AVIBASE-3499C2A5,Alophoixus phaeocephalus,Alophoixus phaeocephalus,Alophoixus phaeocephalus,Alophoixus phaeocephalus,2,Field1,NA,U,0,NA,Malaysia,NA,20,12.8,4.8,6.4,21.2,89,12,77,13.5,NA,JAT,1,NA
AVIBASE-3499C2A5,Alophoixus phaeocephalus,Alophoixus phaeocephalus,Alophoixus phaeocephalus,Alophoixus phaeocephalus,2,Field1,NA,U,0,NA,Malaysia,NA,NA,14.4,6.6,6.8,22,101,11.6,89.4,11.5,NA,JAT,1,NA
AVIBASE-3499C2A5,Alophoixus phaeocephalus,Alophoixus phaeocephalus,Alophoixus phaeocephalus,Alophoixus phaeocephalus,2,Field1,NA,U,0,NA,Malaysia,NA,20.5,14.4,4.8,6.9,21.7,94,9.5,84.5,10.1,NA,JAT,1,NA
AVIBASE-3499C2A5,Alophoixus phaeocephalus,Alophoixus phaeocephalus,Alophoixus phaeocephalus,Alophoixus phaeocephalus,2,Field1,NA,U,0,NA,Malaysia,NA,19.5,12.7,5.1,6.3,21.6,88,9.3,78.7,10.6,NA,JAT,1,NA
AVIBASE-3499C2A5,Alophoixus phaeocephalus,Alophoixus phaeocephalus,Alophoixus phaeocephalus,Alophoixus phaeocephalus,1,NHMUK,86.9.1.1364,M,0,NA,NA,NA,21.1,NA,5.4,6.1,17.7,82,NA,NA,NA,87,GT,0,NA
AVIBASE-8668C778,Alophoixus ruficrissus,Alophoixus ruficrissus,Alophoixus ruficrissus,Alophoixus ochraceus,NA,,,,NA,NA,,NA,NA,NA,NA,NA,NA,NA,NA,NA,NA,NA,GAPSPECIES,NA,NA
AVIBASE-CA0141A1,Alophoixus tephrogenys,Alophoixus tephrogenys,Alophoixus tephrogenys,Alophoixus bres,1,NHMUK,1886.9.1.1527,F,0,NA,Malaysia,NA,24.2,15.8,6.1,8,22.2,106,19.1,86.9,18,84,HM,1,NA
AVIBASE-CA0141A1,Alophoixus tephrogenys,Alophoixus tephrogenys,Alophoixus tephrogenys,Alophoixus bres,1,NHMUK,1927.4.18.587,M,0,NA,Malaysia,NA,23.1,14.8,5.8,7.2,19.7,105,22.5,82.5,21.4,82,HM,1,NA
AVIBASE-CA0141A1,Alophoixus tephrogenys,Alophoixus tephrogenys,Alophoixus tephrogenys,Alophoixus bres,1,NHMUK,1927.4.18.588,F,0,NA,Malaysia,NA,21.7,14.1,5.5,6.9,19.7,102,19.7,82.3,19.3,82,HM,1,NA
AVIBASE-CA0141A1,Alophoixus tephrogenys,Alophoixus tephrogenys,Alophoixus tephrogenys,Alophoixus bres,1,OUM,B/246,U,0,NA,Malaysia,NA,20.8,14.4,5.8,6.9,20.6,100,18.2,81.8,18.2,75,HM,1,NA
AVIBASE-CA0141A1,Alophoixus tephrogenys,Alophoixus tephrogenys,Alophoixus tephrogenys,Alophoixus bres,1,NHMUK,NA,M,0,NA,NA,NA,23.6,15.6,5.6,7.6,17.8,110,22,88,20,81,HM,1,NA
AVIBASE-79A45DAF,Andropadus importunus,Andropadus importunus,Andropadus importunus,Andropadus importunus,1,ZFMK,1955.684,M,0,NA,United Republic of Tanzania,NA,19.6,NA,NA,NA,20.6,88.5,9.5,79,10.7,83.5,LB,0,NA
AVIBASE-79A45DAF,Andropadus importunus,Andropadus importunus,Andropadus importunus,Andropadus importunus,1,ZFMK,1968.1267,M,0,NA,Mozambique,NA,20.9,NA,NA,NA,21.7,85.5,10,75.5,11.7,82.5,LB,0,NA
AVIBASE-79A45DAF,Andropadus importunus,Andropadus importunus,Andropadus importunus,Andropadus importunus,1,ZFMK,1968.1268,F,0,NA,Mozambique,NA,18.3,NA,NA,NA,21.4,85.5,8.5,77,9.9,82.5,LB,0,NA
AVIBASE-79A45DAF,Andropadus importunus,Andropadus importunus,Andropadus importunus,Andropadus importunus,1,ZMB,2000.26453,F,0,NA,United Republic of Tanzania,NA,19.5,NA,NA,NA,21.4,83,9,74,10.8,79.5,LB,0,NA
AVIBASE-79A45DAF,Andropadus importunus,Andropadus importunus,Andropadus importunus,Andropadus importunus,1,NHMUK,1905.12.29.1940,M,0,NA,South Africa,NA,19.4,10.2,4.6,6.1,24,94,13.7,80.3,14.6,91,CV,1,NA
AVIBASE-79A45DAF,Andropadus importunus,Andropadus importunus,Andropadus importunus,Andropadus importunus,1,NHMUK,1952.50.5,F,0,NA,South Africa,NA,16.7,8.8,4.1,5.2,23.5,85,10.6,74.4,12.5,87,CV,1,NA
AVIBASE-79A45DAF,Andropadus importunus,Andropadus importunus,Andropadus importunus,Andropadus importunus,1,NHMUK,1960.18.6,M,0,NA,South Africa,NA,18,9.3,3.9,5.5,22.2,92,13.3,78.7,14.5,93,CV,1,NA
AVIBASE-79A45DAF,Andropadus importunus,Andropadus importunus,Andropadus importunus,Andropadus importunus,1,NHMUK,1960.18.7,F,0,NA,South Africa,NA,16.6,8.9,4.1,5.2,21.8,87,9.8,77.2,11.3,83,CV,1,NA
AVIBASE-79A45DAF,Andropadus importunus,Andropadus importunus,Andropadus importunus,Andropadus importunus,1,ZFMK,1980-108,M,0,NA,South Africa,NA,20.3,NA,NA,NA,23.5,94,10,84,10.6,89,DH,0,NA
AVIBASE-79A45DAF,Andropadus importunus,Andropadus importunus,Andropadus importunus,Andropadus importunus,1,ZFMK,1980-115,F,0,NA,South Africa,NA,17.6,NA,NA,NA,22.2,88,11,77,12.5,85,LN,0,NA
AVIBASE-79A45DAF,Andropadus importunus,Andropadus importunus,Andropadus importunus,Andropadus importunus,1,ZFMK,1980-116,F,0,NA,South Africa,NA,20.5,NA,NA,NA,23.4,90,10,80,11.1,86.5,DH,0,NA
AVIBASE-79A45DAF,Andropadus importunus,Andropadus importunus,Andropadus importunus,Andropadus importunus,1,ZFMK,1981-61,M,0,NA,South Africa,NA,18.9,NA,NA,NA,23.4,94,11.5,82.5,12.2,91.2,LN,0,NA
AVIBASE-B421F18C,Arizelocichla chlorigula,Arizelocichla chlorigula,Arizelocichla chlorigula,Andropadus nigriceps,1,NHMUK,1931.12.18.22,F,0,NA,United Republic of Tanzania,NA,17.3,9.1,3.9,4.5,24.2,86,10.5,75.5,12.2,90,CV,1,NA
AVIBASE-B421F18C,Arizelocichla chlorigula,Arizelocichla chlorigula,Arizelocichla chlorigula,Andropadus nigriceps,1,NHMUK,1932.5.10.568,M,0,NA,United Republic of Tanzania,NA,18.3,9.2,3.7,5.1,23.8,90,13.6,76.4,15.1,87,CV,1,NA
AVIBASE-B421F18C,Arizelocichla chlorigula,Arizelocichla chlorigula,Arizelocichla chlorigula,Andropadus nigriceps,1,NHMUK,1932.5.10.570,M,0,NA,United Republic of Tanzania,NA,19.1,9.3,3.8,4.9,23.2,94,16.1,77.9,17.1,93,CV,1,NA
AVIBASE-B421F18C,Arizelocichla chlorigula,Arizelocichla chlorigula,Arizelocichla chlorigula,Andropadus nigriceps,1,NHMUK,1939.5.9.21,F,0,NA,United Republic of Tanzania,NA,16.3,8.5,4,4.4,23.3,91,14,77,15.4,90,CV,1,NA
AVIBASE-1F66AE1E,Arizelocichla fusciceps,Arizelocichla fusciceps,Arizelocichla fusciceps,Andropadus nigriceps,1,NHMUK,1933.3.1.677,M,0,NA,Mozambique,NA,19.2,10,4.3,4.8,23.1,95,15,80,15.8,92,CV,1,NA
AVIBASE-1F66AE1E,Arizelocichla fusciceps,Arizelocichla fusciceps,Arizelocichla fusciceps,Andropadus nigriceps,1,NHMUK,1933.3.1.678,F,0,NA,Mozambique,NA,16.6,9.9,4.4,4.5,22.7,91,12.2,78.8,13.4,92,CV,1,NA
AVIBASE-1F66AE1E,Arizelocichla fusciceps,Arizelocichla fusciceps,Arizelocichla fusciceps,Andropadus nigriceps,1,NHMUK,1933.3.1.681,M,0,NA,Mozambique,NA,18.2,10,4.2,4.4,22.8,87,13.2,73.8,15.2,90,CV,1,NA
AVIBASE-1F66AE1E,Arizelocichla fusciceps,Arizelocichla fusciceps,Arizelocichla fusciceps,Andropadus nigriceps,1,NHMUK,1945.41.54,F,0,NA,United Republic of Tanzania,NA,17.2,8.9,4,4.9,21.5,84,11.7,72.3,13.9,84,CV,1,NA
AVIBASE-6FC57210,Arizelocichla masukuensis,Arizelocichla masukuensis,Arizelocichla masukuensis,Andropadus masukuensis,1,ZFMK,2012.116,F,0,NA,United Republic of Tanzania,NA,15.2,7.8,3.5,3.7,21.1,81.5,13,68.5,16,77.5,TT,0,NA
AVIBASE-6FC57210,Arizelocichla masukuensis,Arizelocichla masukuensis,Arizelocichla masukuensis,Andropadus masukuensis,1,ZFMK,2012.12,F,0,NA,United Republic of Tanzania,NA,15.5,7.2,3.2,3.9,22.2,80,15,65,18.8,81,TT,0,NA
AVIBASE-6FC57210,Arizelocichla masukuensis,Arizelocichla masukuensis,Arizelocichla masukuensis,Andropadus masukuensis,1,DNSM,28567,U,0,NA,Uganda,NA,11.2,7.8,4.4,4.8,21.9,79,10.7,68.3,13.5,73,MM,1,NA
AVIBASE-6FC57210,Arizelocichla masukuensis,Arizelocichla masukuensis,Arizelocichla masukuensis,Andropadus masukuensis,1,DNSM,28568,U,0,NA,Uganda,NA,10.3,7.4,4.4,4.3,22.8,75,14.4,60.6,19.2,74,MM,1,NA
AVIBASE-6FC57210,Arizelocichla masukuensis,Arizelocichla masukuensis,Arizelocichla masukuensis,Andropadus masukuensis,1,NHMUK,1935.10.9.91,M,0,NA,Malawi,NA,15.5,7.1,3.5,3.8,19.9,87,14,73,16.1,87,CV,1,NA
AVIBASE-6FC57210,Arizelocichla masukuensis,Arizelocichla masukuensis,Arizelocichla masukuensis,Andropadus masukuensis,1,NHMUK,1935.10.9.92,M,0,NA,Malawi,NA,15.4,7.4,3.3,3.5,21.8,85,13.1,71.9,15.4,84,CV,1,NA
AVIBASE-6FC57210,Arizelocichla masukuensis,Arizelocichla masukuensis,Arizelocichla masukuensis,Andropadus masukuensis,1,NHMUK,1949.69.38,M,0,NA,United Republic of Tanzania,NA,15.3,7.7,3.3,3.6,21.2,82,11.3,70.7,13.8,76,CV,1,NA
AVIBASE-6FC57210,Arizelocichla masukuensis,Arizelocichla masukuensis,Arizelocichla masukuensis,Andropadus masukuensis,1,NHMUK,1971.16.71,M,0,NA,Kenya,NA,14.4,7.3,3.4,3.6,19.2,79,12.5,66.5,15.8,82,CV,1,NA
AVIBASE-6FC57210,Arizelocichla masukuensis,Arizelocichla masukuensis,Arizelocichla masukuensis,Andropadus masukuensis,1,NHMUK,1971.16.72,M,0,NA,Kenya,NA,14,7.5,4,3.8,19.1,80,16.5,63.5,20.6,81,CV,1,NA
AVIBASE-6FC57210,Arizelocichla masukuensis,Arizelocichla masukuensis,Arizelocichla masukuensis,Andropadus masukuensis,1,NHMUK,1971.16.73,M,0,NA,Kenya,NA,13.1,7.3,3.8,3.6,18.8,79,11.4,67.6,14.4,82,CV,1,NA
AVIBASE-6FC57210,Arizelocichla masukuensis,Arizelocichla masukuensis,Arizelocichla masukuensis,Andropadus masukuensis,1,ZFMK,2012-116,F,0,NA,United Republic of Tanzania,NA,14.2,NA,NA,NA,19.3,82,14,68,17.1,76,LN,0,NA
AVIBASE-6FC57210,Arizelocichla masukuensis,Arizelocichla masukuensis,Arizelocichla masukuensis,Andropadus masukuensis,1,ZFMK,2012-117,M,0,NA,United Republic of Tanzania,NA,14.2,NA,NA,NA,21,88,16,72,18.2,82,LN,0,NA
AVIBASE-6FC57210,Arizelocichla masukuensis,Arizelocichla masukuensis,Arizelocichla masukuensis,Andropadus masukuensis,1,ZFMK,2012-120,F,0,NA,United Republic of Tanzania,NA,17.4,NA,NA,NA,22.4,83,17,66,20.5,78,DH,0,NA
AVIBASE-6FC57210,Arizelocichla masukuensis,Arizelocichla masukuensis,Arizelocichla masukuensis,Andropadus masukuensis,1,ZFMK,2012-121,M,0,NA,United Republic of Tanzania,NA,17.8,NA,NA,NA,21.1,82,15,67,18.3,79.5,DH,0,NA
AVIBASE-6FC57210,Arizelocichla masukuensis,Arizelocichla masukuensis,Arizelocichla masukuensis,Andropadus masukuensis,2,Field1,NA,U,0,NA,United Republic of Tanzania,NA,16,8,3.6,3.7,21,79,13,66,16.5,81,MNC,1,NA
AVIBASE-6FC57210,Arizelocichla masukuensis,Arizelocichla masukuensis,Arizelocichla masukuensis,Andropadus masukuensis,2,Field1,NA,U,0,NA,United Republic of Tanzania,NA,15.6,8,3.8,3.5,20.5,82,12,70,14.6,81,MNC,1,NA
AVIBASE-6FC57210,Arizelocichla masukuensis,Arizelocichla masukuensis,Arizelocichla masukuensis,Andropadus masukuensis,2,Field1,NA,U,0,NA,United Republic of Tanzania,NA,14.4,7.3,3.5,3.4,21,79,15,64,19,79,MNC,1,NA
AVIBASE-6FC57210,Arizelocichla masukuensis,Arizelocichla masukuensis,Arizelocichla masukuensis,Andropadus masukuensis,2,Field1,NA,U,0,NA,United Republic of Tanzania,NA,13.6,6.8,3.7,3.7,20.2,77,14,63,18.2,77,MNC,1,NA
AVIBASE-6FC57210,Arizelocichla masukuensis,Arizelocichla masukuensis,Arizelocichla masukuensis,Andropadus masukuensis,2,Field1,NA,U,0,NA,United Republic of Tanzania,NA,14.9,7.3,3.5,3.6,20,79,15,64,19,77,MNC,1,NA
AVIBASE-6FC57210,Arizelocichla masukuensis,Arizelocichla masukuensis,Arizelocichla masukuensis,Andropadus masukuensis,2,Field1,NA,U,0,NA,United Republic of Tanzania,NA,16.6,8.8,4,3.9,21,78,16,62,20.5,79,MNC,1,NA
AVIBASE-6FC57210,Arizelocichla masukuensis,Arizelocichla masukuensis,Arizelocichla masukuensis,Andropadus masukuensis,2,Field1,NA,U,0,NA,United Republic of Tanzania,NA,14.8,7.8,3.9,3.8,20.1,76,12,64,15.8,78,MNC,1,NA
AVIBASE-6FC57210,Arizelocichla masukuensis,Arizelocichla masukuensis,Arizelocichla masukuensis,Andropadus masukuensis,2,Field1,NA,U,0,NA,United Republic of Tanzania,NA,14.9,7.7,4.3,3.6,22.1,80,13,67,16.3,79,MNC,1,NA
AVIBASE-6FC57210,Arizelocichla masukuensis,Arizelocichla masukuensis,Arizelocichla masukuensis,Andropadus masukuensis,2,Field1,NA,U,0,NA,United Republic of Tanzania,NA,16.3,8,4,3.7,21.1,79,16,63,20.3,80,MNC,1,NA
AVIBASE-6FC57210,Arizelocichla masukuensis,Arizelocichla masukuensis,Arizelocichla masukuensis,Andropadus masukuensis,2,Field1,NA,U,0,NA,United Republic of Tanzania,NA,16.2,7.3,3.9,3.8,20,80,16,64,20,78,MNC,1,NA
AVIBASE-6FC57210,Arizelocichla masukuensis,Arizelocichla masukuensis,Arizelocichla masukuensis,Andropadus masukuensis,2,Field1,NA,U,0,NA,United Republic of Tanzania,NA,15.7,7.5,3.8,3.5,21.7,76,12,64,15.8,73,MNC,1,NA
AVIBASE-6FC57210,Arizelocichla masukuensis,Arizelocichla masukuensis,Arizelocichla masukuensis,Andropadus masukuensis,2,Field1,NA,U,0,NA,United Republic of Tanzania,NA,16.2,8.1,3.6,3.8,22,78,15,63,19.2,78,MNC,1,NA
AVIBASE-6FC57210,Arizelocichla masukuensis,Arizelocichla masukuensis,Arizelocichla masukuensis,Andropadus masukuensis,2,Field1,NA,U,0,NA,United Republic of Tanzania,NA,16.6,7.5,4,3.7,21.2,79,15,64,19,79,MNC,1,NA
AVIBASE-6FC57210,Arizelocichla masukuensis,Arizelocichla masukuensis,Arizelocichla masukuensis,Andropadus masukuensis,2,Field1,NA,U,0,NA,United Republic of Tanzania,NA,14.5,6.8,3.5,3.5,18.5,77,13,64,16.9,76,MNC,1,NA
AVIBASE-6FC57210,Arizelocichla masukuensis,Arizelocichla masukuensis,Arizelocichla masukuensis,Andropadus masukuensis,2,Field1,NA,U,0,NA,United Republic of Tanzania,NA,15.2,7,3.6,3.5,20.9,75,15,60,20,74,MNC,1,NA
AVIBASE-6FC57210,Arizelocichla masukuensis,Arizelocichla masukuensis,Arizelocichla masukuensis,Andropadus masukuensis,2,Field1,NA,U,0,NA,United Republic of Tanzania,NA,15.8,7.6,3.8,3.6,20.4,76,16,60,21.1,75,MNC,1,NA
AVIBASE-6FC57210,Arizelocichla masukuensis,Arizelocichla masukuensis,Arizelocichla masukuensis,Andropadus masukuensis,2,Field1,NA,U,0,NA,United Republic of Tanzania,NA,15.8,8.2,4,3.5,18.5,79,11,68,13.9,82,MNC,1,NA
AVIBASE-6FC57210,Arizelocichla masukuensis,Arizelocichla masukuensis,Arizelocichla masukuensis,Andropadus masukuensis,2,Field1,NA,U,0,NA,United Republic of Tanzania,NA,15.7,8,4.3,4,22.5,79,15,64,19,80,MNC,1,NA
AVIBASE-6FC57210,Arizelocichla masukuensis,Arizelocichla masukuensis,Arizelocichla masukuensis,Andropadus masukuensis,2,Field1,NA,U,0,NA,United Republic of Tanzania,NA,14.5,8.2,3.9,3.8,21.7,79,17,62,21.5,75,MNC,1,NA
AVIBASE-6FC57210,Arizelocichla masukuensis,Arizelocichla masukuensis,Arizelocichla masukuensis,Andropadus masukuensis,2,Field1,NA,U,0,NA,United Republic of Tanzania,NA,16.5,8,3.8,3.6,20.3,82,15,67,18.3,81,MNC,1,NA
AVIBASE-8479F56E,Arizelocichla milanjensis,Arizelocichla milanjensis,Arizelocichla milanjensis milanjensis,Andropadus milanjensis,1,ZFMK,2012.142,M,0,NA,United Republic of Tanzania,NA,23.1,NA,NA,NA,23.5,101.5,16.5,85,16.3,94.5,LB,0,NA
AVIBASE-8479F56E,Arizelocichla milanjensis,Arizelocichla milanjensis,Arizelocichla milanjensis milanjensis,Andropadus milanjensis,1,ZFMK,2012.143,F,0,NA,United Republic of Tanzania,NA,23.5,NA,NA,NA,23.8,97.5,13,84.5,13.3,92.5,LB,0,NA
AVIBASE-8479F56E,Arizelocichla milanjensis,Arizelocichla milanjensis,Arizelocichla milanjensis milanjensis,Andropadus milanjensis,1,ZFMK,2012.147,F,0,NA,United Republic of Tanzania,NA,23.1,NA,NA,NA,23.8,97,14,83,14.4,89,LB,0,NA
AVIBASE-8479F56E,Arizelocichla milanjensis,Arizelocichla milanjensis,Arizelocichla milanjensis milanjensis,Andropadus milanjensis,1,ZFMK,2012.173,M,0,NA,United Republic of Tanzania,NA,22.8,NA,NA,NA,23.4,98.5,18,80.5,18.3,89.5,LB,0,NA
AVIBASE-8479F56E,Arizelocichla milanjensis,Arizelocichla milanjensis,Arizelocichla milanjensis milanjensis,Andropadus milanjensis,1,NHMUK,1910.7.1.389,M,0,NA,Zimbabwe,NA,19.9,11,4.3,5.1,23.2,94,15.6,78.4,16.6,85,CV,1,NA
AVIBASE-8479F56E,Arizelocichla milanjensis,Arizelocichla milanjensis,Arizelocichla milanjensis milanjensis,Andropadus milanjensis,1,NHMUK,1910.7.1.397,M,0,NA,Zimbabwe,NA,19.3,10.5,3.7,4.7,22.9,92,15.1,76.9,16.4,84,CV,1,NA
AVIBASE-8479F56E,Arizelocichla milanjensis,Arizelocichla milanjensis,Arizelocichla milanjensis milanjensis,Andropadus milanjensis,1,NHMUK,1910.7.1.398,F,0,NA,Zimbabwe,NA,19.5,10.5,3.8,4.8,20.9,93,14.9,78.1,16,84,CV,1,NA
AVIBASE-8479F56E,Arizelocichla milanjensis,Arizelocichla milanjensis,Arizelocichla milanjensis milanjensis,Andropadus milanjensis,1,NHMUK,1911.5.80.551,F,0,NA,Zimbabwe,NA,18.1,10.5,3.7,4.4,21.1,89,13.3,75.7,14.9,86,CV,1,NA
AVIBASE-8479F56E,Arizelocichla milanjensis,Arizelocichla milanjensis,Arizelocichla milanjensis milanjensis,Andropadus milanjensis,2,Field1,NA,F,0,NA,Mozambique,NA,19.3,10.8,3.8,NA,NA,90,NA,NA,NA,88,SEIJ,1,NA
AVIBASE-0802ADF1,Arizelocichla montana,Arizelocichla montana,Arizelocichla montana,Andropadus montanus,1,NHMUK,1966.16.1753,F,0,NA,Cameroon,NA,16.3,8.8,3.7,4.2,22.1,80,7.3,72.7,9.1,81,CV,1,NA
AVIBASE-0802ADF1,Arizelocichla montana,Arizelocichla montana,Arizelocichla montana,Andropadus montanus,1,NHMUK,1966.16.1763,M,0,NA,Cameroon,NA,17.1,9,4,4,21.2,83,10.3,72.7,12.4,81,CV,1,NA
AVIBASE-0802ADF1,Arizelocichla montana,Arizelocichla montana,Arizelocichla montana,Andropadus montanus,1,NHMUK,1966.16.1765,F,0,NA,Cameroon,NA,17.3,8.5,4.3,4.2,19.7,78,7.8,70.2,10,78,CV,1,NA
AVIBASE-0802ADF1,Arizelocichla montana,Arizelocichla montana,Arizelocichla montana,Andropadus montanus,1,NHMUK,1966.16.1766,M,0,NA,Cameroon,NA,16.7,8.6,4,4.2,20.9,92,10.1,81.9,11,92,CV,1,NA
AVIBASE-0802ADF1,Arizelocichla montana,Arizelocichla montana,Arizelocichla montana,Andropadus montanus,1,NHMUK,1966.16.1762,M,0,NA,NA,NA,18.5,NA,4.1,4.6,21.7,81,NA,NA,NA,84,GT,0,NA
AVIBASE-8EDD570A,Arizelocichla neumanni,Arizelocichla neumanni,Arizelocichla neumanni,Andropadus nigriceps,1,NHMUK,1922.12.19.149,U,0,NA,United Republic of Tanzania,NA,19.9,10.6,5.1,5.8,24.4,100,16.4,83.6,16.4,96,CV,1,NA
AVIBASE-8EDD570A,Arizelocichla neumanni,Arizelocichla neumanni,Arizelocichla neumanni,Andropadus nigriceps,1,NHMUK,1937.12.27.166,M,0,NA,United Republic of Tanzania,NA,20.1,11.4,4.9,5.5,24.6,99,15.4,83.6,15.6,97,CV,1,NA
AVIBASE-8EDD570A,Arizelocichla neumanni,Arizelocichla neumanni,Arizelocichla neumanni,Andropadus nigriceps,1,NHMUK,1937.12.27.167,M,0,NA,United Republic of Tanzania,NA,18.9,10,4.8,5.4,24.1,97,14.3,82.7,14.7,94,CV,1,NA
AVIBASE-8EDD570A,Arizelocichla neumanni,Arizelocichla neumanni,Arizelocichla neumanni,Andropadus nigriceps,1,NHMUK,1946.56.25,M,0,NA,United Republic of Tanzania,NA,20.5,10.7,4.8,5.3,24.3,101,17.9,83.1,17.7,96,CV,1,NA
AVIBASE-54A902B5,Arizelocichla nigriceps,Arizelocichla nigriceps,Arizelocichla nigriceps,Andropadus nigriceps,1,ZFMK,2012.134,M,0,NA,United Republic of Tanzania,NA,21.1,NA,NA,NA,22.7,96,14,82,14.6,88,LB,0,NA
AVIBASE-54A902B5,Arizelocichla nigriceps,Arizelocichla nigriceps,Arizelocichla nigriceps,Andropadus nigriceps,1,ZFMK,2012.136,M,0,NA,United Republic of Tanzania,NA,19.4,NA,NA,NA,21.7,95,12,83,12.6,83.5,LB,0,NA
AVIBASE-54A902B5,Arizelocichla nigriceps,Arizelocichla nigriceps,Arizelocichla nigriceps,Andropadus nigriceps,1,ZFMK,2012.137,F,0,NA,United Republic of Tanzania,NA,19.8,NA,NA,NA,23.2,89.5,11.5,78,12.8,86,LB,0,NA
AVIBASE-54A902B5,Arizelocichla nigriceps,Arizelocichla nigriceps,Arizelocichla nigriceps,Andropadus nigriceps,1,ZFMK,2012.139,F,0,NA,United Republic of Tanzania,NA,19.3,NA,NA,NA,23,94,14,80,14.9,89.5,LB,0,NA
AVIBASE-54A902B5,Arizelocichla nigriceps,Arizelocichla nigriceps,Arizelocichla nigriceps,Andropadus nigriceps,1,NHMUK,1906.12.23.1326,M,0,NA,Uganda,NA,16.6,8.6,4,4.5,21.7,90,11.8,78.2,13.1,86,CV,1,NA
AVIBASE-54A902B5,Arizelocichla nigriceps,Arizelocichla nigriceps,Arizelocichla nigriceps,Andropadus nigriceps,1,NHMUK,1906.12.23.1329,F,0,NA,Uganda,NA,17,8.4,4,4,21.1,84,10.7,73.3,12.7,86,CV,1,NA
AVIBASE-54A902B5,Arizelocichla nigriceps,Arizelocichla nigriceps,Arizelocichla nigriceps,Andropadus nigriceps,1,NHMUK,1906.12.23.1330,F,0,NA,Uganda,NA,17.5,8.3,4,4.6,22.1,94,13.9,80.1,14.8,87,CV,1,NA
AVIBASE-54A902B5,Arizelocichla nigriceps,Arizelocichla nigriceps,Arizelocichla nigriceps,Andropadus nigriceps,1,NHMUK,1906.12.23.1332,M,0,NA,Uganda,NA,16.5,8.3,3.9,4.7,22.2,93,13.5,79.5,14.5,91,CV,1,NA
AVIBASE-54A902B5,Arizelocichla nigriceps,Arizelocichla nigriceps,Arizelocichla nigriceps,Andropadus nigriceps,1,NHMUK,1933.3.2.31,F,0,NA,United Republic of Tanzania,NA,16.9,8.7,3.9,4.6,21.3,86,11.3,74.7,13.1,78,CV,1,NA
AVIBASE-54A902B5,Arizelocichla nigriceps,Arizelocichla nigriceps,Arizelocichla nigriceps,Andropadus nigriceps,1,NHMUK,1934.6.18.15,M,0,NA,United Republic of Tanzania,NA,18.8,10.3,4.4,5.2,22.9,95,12.2,82.8,12.8,85,CV,1,NA
AVIBASE-54A902B5,Arizelocichla nigriceps,Arizelocichla nigriceps,Arizelocichla nigriceps,Andropadus nigriceps,1,NHMUK,1945.41.51,F,0,NA,United Republic of Tanzania,NA,16.7,8.6,4.3,4.5,16,86,12,74,14,82,CV,1,NA
AVIBASE-54A902B5,Arizelocichla nigriceps,Arizelocichla nigriceps,Arizelocichla nigriceps,Andropadus nigriceps,1,NHMUK,1945.41.53,M,0,NA,United Republic of Tanzania,NA,16,9,4,4.8,18.4,89,11.8,77.2,13.3,86,CV,1,NA
AVIBASE-54A902B5,Arizelocichla nigriceps,Arizelocichla nigriceps,Arizelocichla nigriceps,Andropadus nigriceps,1,ZFMK,1960-145,M,0,NA,United Republic of Tanzania,NA,17.3,NA,NA,NA,25.4,92,13.5,78.5,14.7,85,LN,0,NA
AVIBASE-54A902B5,Arizelocichla nigriceps,Arizelocichla nigriceps,Arizelocichla nigriceps,Andropadus nigriceps,1,ZFMK,1960-146,F,0,NA,United Republic of Tanzania,NA,18.6,NA,NA,NA,24.5,88,12,76,13.6,81,DH,0,NA
AVIBASE-54A902B5,Arizelocichla nigriceps,Arizelocichla nigriceps,Arizelocichla nigriceps,Andropadus nigriceps,1,ZFMK,1960-147,F,0,NA,United Republic of Tanzania,NA,17.4,NA,NA,NA,24,85.5,13,72.5,15.2,78.5,DH,0,NA
AVIBASE-54A902B5,Arizelocichla nigriceps,Arizelocichla nigriceps,Arizelocichla nigriceps,Andropadus nigriceps,1,ZFMK,1960-148,M,0,NA,United Republic of Tanzania,NA,19.9,NA,NA,NA,22.2,88,12,76,13.6,81,LN,0,NA
AVIBASE-54A902B5,Arizelocichla nigriceps,Arizelocichla nigriceps,Arizelocichla nigriceps,Andropadus nigriceps,2,Field1,NA,U,0,NA,United Republic of Tanzania,NA,18,9.2,4.5,5.1,25.3,90,15,75,16.7,88,MNC,1,NA
AVIBASE-54A902B5,Arizelocichla nigriceps,Arizelocichla nigriceps,Arizelocichla nigriceps,Andropadus nigriceps,2,Field1,NA,U,0,NA,United Republic of Tanzania,NA,17.5,8.8,4.1,4.6,24.5,85,12,73,14.1,83,MNC,1,NA
AVIBASE-54A902B5,Arizelocichla nigriceps,Arizelocichla nigriceps,Arizelocichla nigriceps,Andropadus nigriceps,2,Field1,NA,U,0,NA,United Republic of Tanzania,NA,16.6,8.3,4.2,4.3,23,80,10,70,12.5,82,MNC,1,NA
AVIBASE-54A902B5,Arizelocichla nigriceps,Arizelocichla nigriceps,Arizelocichla nigriceps,Andropadus nigriceps,2,Field1,NA,U,0,NA,United Republic of Tanzania,NA,18.1,9.3,4.2,4.8,25,85,13,72,15.3,84,MNC,1,NA
AVIBASE-4996833A,Arizelocichla striifacies,Arizelocichla milanjensis,Arizelocichla milanjensis,Andropadus milanjensis,1,NHMUK,1934.6.12.6,F,0,NA,Malawi,NA,19,10.1,4.1,5.1,21.5,93,15,78,16.1,92,CV,1,NA
AVIBASE-4996833A,Arizelocichla striifacies,Arizelocichla milanjensis,Arizelocichla milanjensis,Andropadus milanjensis,1,NHMUK,1938.2.11.44,M,0,NA,Kenya,NA,20.1,10,4.5,5.7,23.1,100,15.9,84.1,15.9,94,CV,1,NA
AVIBASE-4996833A,Arizelocichla striifacies,Arizelocichla milanjensis,Arizelocichla milanjensis,Andropadus milanjensis,1,NHMUK,1938.2.11.45,M,0,NA,Kenya,NA,18.3,9.6,4.4,4.7,20.1,94,15.4,78.6,16.4,91,CV,1,NA
AVIBASE-4996833A,Arizelocichla striifacies,Arizelocichla milanjensis,Arizelocichla milanjensis,Andropadus milanjensis,1,NHMUK,1938.2.11.46,F,0,NA,Kenya,NA,20.9,10.7,4.8,4.8,23.1,97,17.1,79.9,17.6,92,CV,1,NA
AVIBASE-4996833A,Arizelocichla striifacies,Arizelocichla milanjensis,Arizelocichla milanjensis,Andropadus milanjensis,1,NHMUK,1946.19.90,F,0,NA,Kenya,NA,19.5,10.6,4.6,5.4,22.2,93,12.4,80.6,13.3,98,CV,1,NA
AVIBASE-4996833A,Arizelocichla striifacies,Arizelocichla milanjensis,Arizelocichla milanjensis,Andropadus milanjensis,1,NHMUK,1946.5.696,M,0,NA,Malawi,NA,20.4,11.1,4.3,5.3,22.2,99,16.4,82.6,16.6,98,CV,1,NA
AVIBASE-4996833A,Arizelocichla striifacies,Arizelocichla milanjensis,Arizelocichla milanjensis,Andropadus milanjensis,1,NHMUK,1946.5.697,M,0,NA,Mozambique,NA,18.5,10.2,4,4.9,22.9,103,18.8,84.2,18.3,99,CV,1,NA
AVIBASE-4996833A,Arizelocichla striifacies,Arizelocichla milanjensis,Arizelocichla milanjensis,Andropadus milanjensis,1,NHMUK,1952.48.254,F,0,NA,Malawi,NA,19.6,10.6,4.2,5.3,22.6,95,14.4,80.6,15.2,89,CV,1,NA
AVIBASE-4996833A,Arizelocichla striifacies,Arizelocichla milanjensis,Arizelocichla milanjensis,Andropadus milanjensis,2,Field1,NA,U,0,NA,United Republic of Tanzania,NA,21,11,4.1,5.2,23.6,97,19,78,19.6,92,MNC,1,NA
AVIBASE-4996833A,Arizelocichla striifacies,Arizelocichla milanjensis,Arizelocichla milanjensis,Andropadus milanjensis,2,Field1,NA,U,0,NA,United Republic of Tanzania,NA,19.4,10.6,5.1,5.2,22.5,91,15,76,16.5,90,MNC,1,NA
AVIBASE-4996833A,Arizelocichla striifacies,Arizelocichla milanjensis,Arizelocichla milanjensis,Andropadus milanjensis,2,Field1,NA,U,0,NA,United Republic of Tanzania,NA,16.3,9.4,4.1,4.6,22.5,88,14,74,15.9,86,MNC,1,NA
AVIBASE-4996833A,Arizelocichla striifacies,Arizelocichla milanjensis,Arizelocichla milanjensis,Andropadus milanjensis,2,Field1,NA,U,0,NA,United Republic of Tanzania,NA,19.4,11.3,4.4,4.9,23.4,87,15,72,17.2,88,MNC,1,NA
AVIBASE-4996833A,Arizelocichla striifacies,Arizelocichla milanjensis,Arizelocichla milanjensis,Andropadus milanjensis,2,Field1,NA,U,0,NA,United Republic of Tanzania,NA,20,10.6,4.3,5.4,23.7,97,16,81,16.5,92,MNC,1,NA
AVIBASE-4996833A,Arizelocichla striifacies,Arizelocichla milanjensis,Arizelocichla milanjensis,Andropadus milanjensis,2,Field1,NA,U,0,NA,United Republic of Tanzania,NA,18.9,9.4,4.3,4.9,22.2,88,13,75,14.8,87,MNC,1,NA
AVIBASE-4996833A,Arizelocichla striifacies,Arizelocichla milanjensis,Arizelocichla milanjensis,Andropadus milanjensis,2,Field1,NA,U,0,NA,United Republic of Tanzania,NA,19.5,10.8,4.6,4.8,23.7,86,11,75,12.8,88,MNC,1,NA
AVIBASE-4996833A,Arizelocichla striifacies,Arizelocichla milanjensis,Arizelocichla milanjensis,Andropadus milanjensis,2,Field1,NA,U,0,NA,United Republic of Tanzania,NA,20,11,4.3,5.3,23.7,95,15,80,15.8,93,MNC,1,NA
AVIBASE-4996833A,Arizelocichla striifacies,Arizelocichla milanjensis,Arizelocichla milanjensis,Andropadus milanjensis,2,Field1,NA,U,0,NA,United Republic of Tanzania,NA,19.4,9.9,5,4.8,22.9,89,14,75,15.7,88,MNC,1,NA
AVIBASE-4996833A,Arizelocichla striifacies,Arizelocichla milanjensis,Arizelocichla milanjensis,Andropadus milanjensis,2,Field1,NA,U,0,NA,United Republic of Tanzania,NA,20.2,10,4.8,5,24.3,95,15,80,15.8,93,MNC,1,NA
AVIBASE-4996833A,Arizelocichla striifacies,Arizelocichla milanjensis,Arizelocichla milanjensis,Andropadus milanjensis,2,Field1,NA,U,0,NA,United Republic of Tanzania,NA,19.4,10.8,4.3,5,23.1,90,15,75,16.7,89,MNC,1,NA
AVIBASE-4996833A,Arizelocichla striifacies,Arizelocichla milanjensis,Arizelocichla milanjensis,Andropadus milanjensis,2,Field1,NA,U,0,NA,United Republic of Tanzania,NA,NA,10,4.1,4.8,NA,93,13,80,14,92,MNC,1,NA
AVIBASE-4996833A,Arizelocichla striifacies,Arizelocichla milanjensis,Arizelocichla milanjensis,Andropadus milanjensis,2,Field1,NA,U,0,NA,United Republic of Tanzania,NA,19.4,9.6,4.1,4.7,22.7,89,15,74,16.9,88,MNC,1,NA
AVIBASE-4996833A,Arizelocichla striifacies,Arizelocichla milanjensis,Arizelocichla milanjensis,Andropadus milanjensis,2,Field1,NA,U,0,NA,United Republic of Tanzania,NA,20.2,11.6,4.4,5.2,24.8,93,14,79,15.1,89,MNC,1,NA
AVIBASE-DA399CC6,Arizelocichla tephrolaema,Arizelocichla tephrolaema,Arizelocichla tephrolaema,Andropadus tephrolaemus,1,NHMUK,1904.6.22.117,M,0,NA,Equatorial Guinea,NA,16.9,9.3,3.9,4.6,19.4,86,12.5,73.5,14.5,71,CV,1,NA
AVIBASE-DA399CC6,Arizelocichla tephrolaema,Arizelocichla tephrolaema,Arizelocichla tephrolaema,Andropadus tephrolaemus,1,NHMUK,1904.6.22.121,M,0,NA,Equatorial Guinea,NA,17.5,9.4,4,4.2,20.9,79,10.2,68.8,12.9,74,CV,1,NA
AVIBASE-DA399CC6,Arizelocichla tephrolaema,Arizelocichla tephrolaema,Arizelocichla tephrolaema,Andropadus tephrolaemus,1,NHMUK,1911.12.23.1668,F,0,NA,Equatorial Guinea,NA,17.3,9.2,3.9,4,19.6,84,14.7,69.3,17.5,73,CV,1,NA
AVIBASE-DA399CC6,Arizelocichla tephrolaema,Arizelocichla tephrolaema,Arizelocichla tephrolaema,Andropadus tephrolaemus,1,NHMUK,1911.12.23.1745,F,0,NA,Equatorial Guinea,NA,17,8.8,3.4,3.8,19.3,81,13.1,67.9,16.2,73,CV,1,NA
AVIBASE-DA399CC6,Arizelocichla tephrolaema,Arizelocichla tephrolaema,Arizelocichla tephrolaema,Andropadus tephrolaemus,2,Field1,NA,U,0,NA,Equatorial Guinea,NA,NA,NA,NA,NA,NA,82,NA,NA,NA,75,JDW,0,NA
AVIBASE-3C8E84A6,Atimastillas flavicollis,Atimastillas flavicollis,Atimastillas flavicollis flavicollis,Chlorocichla flavicollis,1,NHMUK,1949.33.48,F,0,NA,Nigeria,NA,21.9,12,4.4,5.5,22.6,103,15,88,14.6,93,CV,1,NA
AVIBASE-3C8E84A6,Atimastillas flavicollis,Atimastillas flavicollis,Atimastillas flavicollis flavicollis,Chlorocichla flavicollis,1,NHMUK,1966.16.1776,F,0,NA,Nigeria,NA,22.4,12.2,4.3,5.1,23.3,105,18,87,17.1,95,CV,1,NA
AVIBASE-3C8E84A6,Atimastillas flavicollis,Atimastillas flavicollis,Atimastillas flavicollis flavicollis,Chlorocichla flavicollis,1,NHMUK,1966.16.1782,M,0,NA,Nigeria,NA,22,10.9,4.4,5.7,24.8,105,13.6,91.4,13,105,CV,1,NA
AVIBASE-3C8E84A6,Atimastillas flavicollis,Atimastillas flavicollis,Atimastillas flavicollis flavicollis,Chlorocichla flavicollis,1,NHMUK,1966.16.1786,M,0,NA,Nigeria,NA,20.5,10.5,5,5.9,23.1,110,17.2,92.8,15.6,107,CV,1,NA
AVIBASE-3C8E84A6,Atimastillas flavicollis,Atimastillas flavicollis,Atimastillas flavicollis flavicollis,Chlorocichla flavicollis,1,NHMUK,1935.10.8.84,M,0,NA,NA,NA,27,NA,5,6.6,24.9,115,NA,NA,NA,112,GT,0,NA
AVIBASE-89C51401,Atimastillas flavigula,Atimastillas flavicollis,Atimastillas flavicollis flavigula,Chlorocichla flavicollis,1,ZFMK,1954-1214,F,0,NA,Cameroon,NA,20.8,NA,NA,NA,25.6,97,15,82,15.5,90,DH,0,NA
AVIBASE-89C51401,Atimastillas flavigula,Atimastillas flavicollis,Atimastillas flavicollis flavigula,Chlorocichla flavicollis,1,ZFMK,1961-2842,F,0,NA,Democratic Republic of the Congo,NA,23.5,NA,NA,NA,25.6,100,16,84,16,93,LN,0,NA
AVIBASE-89C51401,Atimastillas flavigula,Atimastillas flavicollis,Atimastillas flavicollis flavigula,Chlorocichla flavicollis,1,ZFMK,1961-2843,M,0,NA,Democratic Republic of the Congo,NA,23.9,NA,NA,NA,25.1,107,13.5,93.5,12.6,95,DH,0,NA
AVIBASE-89C51401,Atimastillas flavigula,Atimastillas flavicollis,Atimastillas flavicollis flavigula,Chlorocichla flavicollis,1,ZFMK,1961-2844,F,0,NA,Democratic Republic of the Congo,NA,23.8,NA,NA,NA,26.9,107,14,93,13.1,94,LN,0,NA
AVIBASE-C6833BA9,Baeopogon clamans,Baeopogon clamans,Baeopogon clamans,Baeopogon clamans,1,NHMUK,1920.6.26.411,M,0,NA,Cameroon,NA,17.6,9.5,4.3,4.7,17.4,97,15.6,81.4,16.1,79,CV,1,NA
AVIBASE-C6833BA9,Baeopogon clamans,Baeopogon clamans,Baeopogon clamans,Baeopogon clamans,1,NHMUK,1966.16.1166,F,0,NA,Cameroon,NA,16,8.2,4.5,4.3,18.4,95,17.4,77.6,18.3,71,CV,1,NA
AVIBASE-C6833BA9,Baeopogon clamans,Baeopogon clamans,Baeopogon clamans,Baeopogon clamans,1,NHMUK,1966.16.1167,F,0,NA,Cameroon,NA,16.8,8.9,4.6,4.9,20.4,98,17.3,80.7,17.7,71,CV,1,NA
AVIBASE-C6833BA9,Baeopogon clamans,Baeopogon clamans,Baeopogon clamans,Baeopogon clamans,1,NHMUK,1966.16.1169,M,0,NA,Cameroon,NA,17.4,9.4,4.3,4.5,17.4,101,16.8,84.2,16.6,74,CV,1,NA
AVIBASE-E6A0D208,Baeopogon indicator,Baeopogon indicator,Baeopogon indicator,Baeopogon indicator,1,NHMUK,1911.5.31.284,F,0,NA,Cameroon,NA,16.6,8.8,4.4,4.5,18.2,96,15.3,80.7,15.9,84,CV,1,NA
AVIBASE-E6A0D208,Baeopogon indicator,Baeopogon indicator,Baeopogon indicator,Baeopogon indicator,1,NHMUK,1911.5.31.287,F,0,NA,Cameroon,NA,17.8,10.2,4.3,4.5,17,97,16,81,16.5,78,CV,1,NA
AVIBASE-E6A0D208,Baeopogon indicator,Baeopogon indicator,Baeopogon indicator,Baeopogon indicator,1,NHMUK,1966.16.1181,M,0,NA,Cameroon,NA,18.6,10.3,4.4,4.7,18.1,102,15.2,86.8,14.9,85,CV,1,NA
AVIBASE-E6A0D208,Baeopogon indicator,Baeopogon indicator,Baeopogon indicator,Baeopogon indicator,1,NHMUK,1966.16.1190,M,0,NA,Cameroon,NA,18.8,10.3,4,4.4,18.2,101,18,83,17.8,75,CV,1,NA
AVIBASE-E6A0D208,Baeopogon indicator,Baeopogon indicator,Baeopogon indicator,Baeopogon indicator,1,ZFMK,1968-779,F,0,NA,Cameroon,NA,20.5,NA,NA,NA,20.1,95,15,80,15.8,66,LN,0,NA
AVIBASE-E6A0D208,Baeopogon indicator,Baeopogon indicator,Baeopogon indicator,Baeopogon indicator,1,ZFMK,1992-054,F,0,NA,Democratic Republic of the Congo,NA,NA,NA,NA,NA,19.4,99,14,85,14.1,77,DH,0,NA
AVIBASE-E6A0D208,Baeopogon indicator,Baeopogon indicator,Baeopogon indicator,Baeopogon indicator,1,NHMD,No 5,U,0,NA,Ghana,NA,21,NA,NA,NA,19.1,96.5,19.5,77,20.2,67.5,LN,0,NA
AVIBASE-E6A0D208,Baeopogon indicator,Baeopogon indicator,Baeopogon indicator,Baeopogon indicator,1,NHMUK,1911.5.31.283,M,0,NA,NA,NA,18.8,NA,4.5,5.1,25.5,99,NA,NA,NA,95,GT,0,NA
AVIBASE-D4B9EE90,Bleda canicapillus,Bleda canicapillus,Bleda canicapillus,Bleda canicapillus,1,NHMUK,1930.12.3.318,F,0,NA,Sierra Leone,NA,18.9,11.8,4.3,6.6,23.3,94.5,14.5,80,15.3,90,CS,1,NA
AVIBASE-D4B9EE90,Bleda canicapillus,Bleda canicapillus,Bleda canicapillus,Bleda canicapillus,1,NHMUK,1930.12.3.319,M,0,NA,Sierra Leone,NA,21.1,13.7,4.3,6,25.4,101.5,14.2,87.3,14,92,CS,1,NA
AVIBASE-D4B9EE90,Bleda canicapillus,Bleda canicapillus,Bleda canicapillus,Bleda canicapillus,1,NHMUK,1930.12.3.322,M,0,NA,Sierra Leone,NA,21.7,13.4,4.6,6.5,26.3,100,16.6,83.4,16.6,88.5,CS,1,NA
AVIBASE-D4B9EE90,Bleda canicapillus,Bleda canicapillus,Bleda canicapillus,Bleda canicapillus,1,NHMUK,1937.10.15.61,F,0,NA,Sierra Leone,NA,19.1,12.5,4.2,6.1,24.3,92,13.1,78.9,14.2,89,CS,1,NA
AVIBASE-D4B9EE90,Bleda canicapillus,Bleda canicapillus,Bleda canicapillus,Bleda canicapillus,2,Field1,NA,U,0,NA,Ghana,NA,20.1,12.4,5.8,6.2,25.9,94,9,85,9.6,91,NNDA,1,NA
AVIBASE-D4B9EE90,Bleda canicapillus,Bleda canicapillus,Bleda canicapillus,Bleda canicapillus,2,Field1,NA,U,0,NA,Ghana,NA,20,12.7,5.3,6.1,24.8,94,9,85,9.6,91,NNDA,1,NA
AVIBASE-D4B9EE90,Bleda canicapillus,Bleda canicapillus,Bleda canicapillus,Bleda canicapillus,2,Field1,NA,U,0,NA,Ghana,NA,17.6,12.5,5.7,6.1,24.4,95,12.7,82.3,13.4,NA,NNDA,1,NA
AVIBASE-D4B9EE90,Bleda canicapillus,Bleda canicapillus,Bleda canicapillus,Bleda canicapillus,2,Field1,NA,U,0,NA,Ghana,NA,19.7,14.2,5.4,6.5,25.8,101,12.9,88.1,12.8,93,NNDA,1,NA
AVIBASE-D4B9EE90,Bleda canicapillus,Bleda canicapillus,Bleda canicapillus,Bleda canicapillus,2,Field1,NA,U,0,NA,Ghana,NA,18.2,12.6,5,5.9,27,94,NA,NA,NA,93,NNDA,1,NA
AVIBASE-D4B9EE90,Bleda canicapillus,Bleda canicapillus,Bleda canicapillus,Bleda canicapillus,2,Field1,NA,U,0,NA,Ghana,NA,20.4,14,5.6,6.4,16.1,100,17.2,82.8,17.2,92,NNDA,1,NA
AVIBASE-D4B9EE90,Bleda canicapillus,Bleda canicapillus,Bleda canicapillus,Bleda canicapillus,2,Field1,NA,U,0,NA,Ghana,NA,19.8,13.1,5.6,6,24.4,92,11.3,80.7,12.3,NA,NNDA,1,NA
AVIBASE-D4B9EE90,Bleda canicapillus,Bleda canicapillus,Bleda canicapillus,Bleda canicapillus,2,Field1,NA,U,0,NA,Ghana,NA,18.6,12.5,5.8,6.2,27.3,95,13.2,81.8,13.9,85,NNDA,1,NA
AVIBASE-D4B9EE90,Bleda canicapillus,Bleda canicapillus,Bleda canicapillus,Bleda canicapillus,2,Field1,NA,U,0,NA,Ghana,NA,18.2,12.7,5.5,6.1,27.2,99,13,86,13.1,88,NNDA,1,NA
AVIBASE-D4B9EE90,Bleda canicapillus,Bleda canicapillus,Bleda canicapillus,Bleda canicapillus,2,Field1,NA,U,0,NA,Ghana,NA,18.5,12.6,4.8,5.4,25.8,99,10,89,10.1,90,NNDA,1,NA
AVIBASE-D4B9EE90,Bleda canicapillus,Bleda canicapillus,Bleda canicapillus,Bleda canicapillus,2,Field1,NA,U,0,NA,Ghana,NA,21,13.8,5.6,6.7,25.8,98,14.1,83.9,14.4,93,NNDA,1,NA
AVIBASE-D4B9EE90,Bleda canicapillus,Bleda canicapillus,Bleda canicapillus,Bleda canicapillus,2,Field1,NA,U,0,NA,Ghana,NA,21.2,14.7,6.3,6.8,26.1,112,19,93,17,95,NNDA,1,NA
AVIBASE-D4B9EE90,Bleda canicapillus,Bleda canicapillus,Bleda canicapillus,Bleda canicapillus,2,Field1,NA,U,0,NA,Ghana,NA,21.6,14.5,5.6,6.9,30,102,14,88,13.7,94,NNDA,1,NA
AVIBASE-D4B9EE90,Bleda canicapillus,Bleda canicapillus,Bleda canicapillus,Bleda canicapillus,2,Field1,NA,U,0,NA,Ghana,NA,23.2,15.7,5.7,7.1,27.2,104,12,92,11.5,98,NNDA,1,NA
AVIBASE-D4B9EE90,Bleda canicapillus,Bleda canicapillus,Bleda canicapillus,Bleda canicapillus,2,Field1,NA,U,0,NA,Ghana,NA,23.1,14.1,6.2,7.2,28.1,103,15,88,14.6,90,NNDA,1,NA
AVIBASE-68043A88,Bleda eximius,Bleda eximius,Bleda eximius,Bleda eximius,1,NHMUK,1977.20.1192,M,0,NA,Liberia,NA,27.1,17.6,4.2,7.1,25.3,107,17.2,89.8,16.1,103,CS,1,NA
AVIBASE-68043A88,Bleda eximius,Bleda eximius,Bleda eximius,Bleda eximius,1,NHMUK,1977.20.1193,M,0,NA,Liberia,NA,26.5,18.2,4.4,7.5,26.1,108.5,16.1,92.4,14.8,100,CS,1,NA
AVIBASE-68043A88,Bleda eximius,Bleda eximius,Bleda eximius,Bleda eximius,1,NHMUK,1977.20.1197,F,0,NA,Liberia,NA,21.9,15.3,3.8,6.4,24.1,102,14.7,87.3,14.4,99,CS,1,NA
AVIBASE-68043A88,Bleda eximius,Bleda eximius,Bleda eximius,Bleda eximius,1,NHMUK,1977.20.1201,F,0,NA,Liberia,NA,20.6,13,4.1,6.3,25.9,95.5,13.9,81.6,14.6,88,CS,1,NA
AVIBASE-4F97BFE1,Bleda notatus,Bleda notatus,Bleda notatus notatus,Bleda notatus,1,NHMUK,1904.6.22.128,M,0,NA,Equatorial Guinea,NA,21.2,14.3,4.3,6.9,25,94,12.3,81.7,13.1,87,CS,1,NA
AVIBASE-4F97BFE1,Bleda notatus,Bleda notatus,Bleda notatus notatus,Bleda notatus,1,NHMUK,1904.6.22.128,F,0,NA,Equatorial Guinea,NA,21.8,14.9,5.4,6.7,25.5,94,14,80,14.9,81,PW,1,NA
AVIBASE-4F97BFE1,Bleda notatus,Bleda notatus,Bleda notatus notatus,Bleda notatus,1,NHMUK,1904.6.22.129,F,0,NA,Equatorial Guinea,NA,NA,NA,5,6.6,24.7,84,12.9,71.1,15.4,66,PW,1,NA
AVIBASE-4F97BFE1,Bleda notatus,Bleda notatus,Bleda notatus notatus,Bleda notatus,1,NHMUK,1905.1.24.114,F,0,NA,Cameroon,NA,18.5,11.5,4.5,6.2,24.8,89,13.1,76,14.7,77,PW,1,NA
AVIBASE-4F97BFE1,Bleda notatus,Bleda notatus,Bleda notatus notatus,Bleda notatus,1,NHMUK,1910.4.18.4,F,0,NA,Nigeria,NA,19.8,12.1,4.8,6,24.1,85,11.8,73.2,13.9,71,PW,1,NA
AVIBASE-4F97BFE1,Bleda notatus,Bleda notatus,Bleda notatus notatus,Bleda notatus,1,NHMUK,1911.12.23.1671,M,0,NA,Equatorial Guinea,NA,20.8,12.7,4.4,6.5,25.4,92,12,80,13,77,CS,1,NA
AVIBASE-4F97BFE1,Bleda notatus,Bleda notatus,Bleda notatus notatus,Bleda notatus,1,NHMUK,1911.12.23.1672,F,0,NA,Equatorial Guinea,NA,20.5,12.8,4.7,6.2,25.8,94,14,80,14.9,79,CS,1,NA
AVIBASE-4F97BFE1,Bleda notatus,Bleda notatus,Bleda notatus notatus,Bleda notatus,1,NHMUK,1924.11.2.130,F,0,NA,Cameroon,NA,19.2,12.5,4.9,6,24.6,90,11.2,78.8,12.4,77,PW,1,NA
AVIBASE-4F97BFE1,Bleda notatus,Bleda notatus,Bleda notatus notatus,Bleda notatus,1,NHMUK,1936.2.21.288,F,0,NA,Equatorial Guinea,NA,20.5,12.5,4.7,6.4,25.9,90,15.7,74.3,17.4,70,PW,1,NA
AVIBASE-4F97BFE1,Bleda notatus,Bleda notatus,Bleda notatus notatus,Bleda notatus,2,Field1,NA,U,0,NA,Equatorial Guinea,NA,NA,NA,NA,NA,NA,88,NA,NA,NA,77,ELK,0,NA
AVIBASE-4F97BFE1,Bleda notatus,Bleda notatus,Bleda notatus notatus,Bleda notatus,2,Field1,NA,U,0,NA,Equatorial Guinea,NA,NA,NA,NA,NA,NA,84,NA,NA,NA,74,AKW,0,NA
AVIBASE-4F97BFE1,Bleda notatus,Bleda notatus,Bleda notatus notatus,Bleda notatus,2,Field1,NA,U,0,NA,Equatorial Guinea,NA,NA,NA,NA,NA,NA,88,NA,NA,NA,77,LLP,0,NA
AVIBASE-4F97BFE1,Bleda notatus,Bleda notatus,Bleda notatus notatus,Bleda notatus,2,Field1,NA,U,0,NA,Equatorial Guinea,NA,NA,NA,NA,NA,NA,97,NA,NA,NA,87,CJ,0,NA
AVIBASE-4F97BFE1,Bleda notatus,Bleda notatus,Bleda notatus notatus,Bleda notatus,2,Field1,NA,U,0,NA,Equatorial Guinea,NA,NA,NA,NA,NA,NA,91,NA,NA,NA,81,BAK,0,NA
AVIBASE-4F97BFE1,Bleda notatus,Bleda notatus,Bleda notatus notatus,Bleda notatus,2,Field1,NA,U,0,NA,Equatorial Guinea,NA,NA,NA,NA,NA,NA,95,NA,NA,NA,87,JDW,0,NA
AVIBASE-4F97BFE1,Bleda notatus,Bleda notatus,Bleda notatus notatus,Bleda notatus,2,Field1,NA,U,0,NA,Equatorial Guinea,NA,NA,NA,NA,NA,NA,95,NA,NA,NA,86,SEM,0,NA
AVIBASE-4F97BFE1,Bleda notatus,Bleda notatus,Bleda notatus notatus,Bleda notatus,2,Field1,NA,U,0,NA,Equatorial Guinea,NA,NA,NA,NA,NA,NA,93,NA,NA,NA,79,JHW,0,NA
AVIBASE-4F97BFE1,Bleda notatus,Bleda notatus,Bleda notatus notatus,Bleda notatus,2,Field1,NA,U,0,NA,Equatorial Guinea,NA,NA,NA,NA,NA,NA,89,NA,NA,NA,83,SAL,0,NA
AVIBASE-4F97BFE1,Bleda notatus,Bleda notatus,Bleda notatus notatus,Bleda notatus,2,Field1,NA,U,0,NA,Equatorial Guinea,NA,NA,NA,NA,NA,NA,91,NA,NA,NA,85,SAL,0,NA
AVIBASE-4F97BFE1,Bleda notatus,Bleda notatus,Bleda notatus notatus,Bleda notatus,2,Field1,NA,U,0,NA,Equatorial Guinea,NA,NA,NA,NA,NA,NA,92,NA,NA,NA,82,AKW,0,NA
AVIBASE-4F97BFE1,Bleda notatus,Bleda notatus,Bleda notatus notatus,Bleda notatus,2,Field1,NA,U,0,NA,Equatorial Guinea,NA,NA,NA,NA,NA,NA,87,NA,NA,NA,79,SEM,0,NA
AVIBASE-4F97BFE1,Bleda notatus,Bleda notatus,Bleda notatus notatus,Bleda notatus,2,Field1,NA,U,0,NA,Equatorial Guinea,NA,NA,NA,NA,NA,NA,87,NA,NA,NA,79,CAY,0,NA
AVIBASE-4F97BFE1,Bleda notatus,Bleda notatus,Bleda notatus notatus,Bleda notatus,2,Field1,NA,U,0,NA,Equatorial Guinea,NA,NA,NA,NA,NA,NA,89,NA,NA,NA,80,CAY,0,NA
AVIBASE-4F97BFE1,Bleda notatus,Bleda notatus,Bleda notatus notatus,Bleda notatus,2,Field1,NA,U,0,NA,Equatorial Guinea,NA,NA,NA,NA,NA,NA,88,NA,NA,NA,82,CAY,0,NA
AVIBASE-4F97BFE1,Bleda notatus,Bleda notatus,Bleda notatus notatus,Bleda notatus,2,Field1,NA,U,0,NA,Equatorial Guinea,NA,NA,NA,NA,NA,NA,98,NA,NA,NA,88,LLP,0,NA
AVIBASE-4F97BFE1,Bleda notatus,Bleda notatus,Bleda notatus notatus,Bleda notatus,2,Field1,NA,U,0,NA,Equatorial Guinea,NA,NA,NA,NA,NA,NA,94,NA,NA,NA,80,JDW,0,NA
AVIBASE-4F97BFE1,Bleda notatus,Bleda notatus,Bleda notatus notatus,Bleda notatus,2,Field1,NA,U,0,NA,Equatorial Guinea,NA,NA,NA,NA,NA,NA,91,NA,NA,NA,84,AKW,0,NA
AVIBASE-4F97BFE1,Bleda notatus,Bleda notatus,Bleda notatus notatus,Bleda notatus,2,Field1,NA,U,0,NA,Equatorial Guinea,NA,NA,NA,NA,NA,NA,84,NA,NA,NA,75,SEM,0,NA
AVIBASE-4F97BFE1,Bleda notatus,Bleda notatus,Bleda notatus notatus,Bleda notatus,2,Field1,NA,U,0,NA,Equatorial Guinea,NA,NA,NA,NA,NA,NA,89,NA,NA,NA,76,JDW,0,NA
AVIBASE-4F97BFE1,Bleda notatus,Bleda notatus,Bleda notatus notatus,Bleda notatus,2,Field1,NA,U,0,NA,Equatorial Guinea,NA,NA,NA,NA,NA,NA,87,NA,NA,NA,81,JDW,0,NA
AVIBASE-4F97BFE1,Bleda notatus,Bleda notatus,Bleda notatus notatus,Bleda notatus,2,Field1,NA,U,0,NA,Equatorial Guinea,NA,NA,NA,NA,NA,NA,98,NA,NA,NA,87,LLP,0,NA
AVIBASE-4F97BFE1,Bleda notatus,Bleda notatus,Bleda notatus notatus,Bleda notatus,2,Field1,NA,U,0,NA,Equatorial Guinea,NA,NA,NA,NA,NA,NA,95,NA,NA,NA,91,AKW,0,NA
AVIBASE-4F97BFE1,Bleda notatus,Bleda notatus,Bleda notatus notatus,Bleda notatus,2,Field1,NA,U,0,NA,Equatorial Guinea,NA,NA,NA,NA,NA,NA,89,NA,NA,NA,81,AKW,0,NA
AVIBASE-4F97BFE1,Bleda notatus,Bleda notatus,Bleda notatus notatus,Bleda notatus,2,Field1,NA,U,0,NA,Equatorial Guinea,NA,NA,NA,NA,NA,NA,88,NA,NA,NA,80,AKW,0,NA
AVIBASE-4F97BFE1,Bleda notatus,Bleda notatus,Bleda notatus notatus,Bleda notatus,2,Field1,NA,U,0,NA,Equatorial Guinea,NA,NA,NA,NA,NA,NA,95,NA,NA,NA,88,JDW,0,NA
AVIBASE-4F97BFE1,Bleda notatus,Bleda notatus,Bleda notatus notatus,Bleda notatus,2,Field1,NA,U,0,NA,Equatorial Guinea,NA,NA,NA,NA,NA,NA,89,NA,NA,NA,78,JDW,0,NA
AVIBASE-4F97BFE1,Bleda notatus,Bleda notatus,Bleda notatus notatus,Bleda notatus,2,Field1,NA,U,0,NA,Equatorial Guinea,NA,NA,NA,NA,NA,NA,87,NA,NA,NA,78,JDW,0,NA
AVIBASE-4F97BFE1,Bleda notatus,Bleda notatus,Bleda notatus notatus,Bleda notatus,2,Field1,NA,U,0,NA,Equatorial Guinea,NA,NA,NA,NA,NA,NA,86,NA,NA,NA,76,AKW,0,NA
AVIBASE-4F97BFE1,Bleda notatus,Bleda notatus,Bleda notatus notatus,Bleda notatus,2,Field1,NA,U,0,NA,Equatorial Guinea,NA,NA,NA,NA,NA,NA,86,NA,NA,NA,79,EMB,0,NA
AVIBASE-4F97BFE1,Bleda notatus,Bleda notatus,Bleda notatus notatus,Bleda notatus,2,Field1,NA,U,0,NA,Equatorial Guinea,NA,NA,NA,NA,NA,NA,89,NA,NA,NA,80,JDW,0,NA
AVIBASE-4F97BFE1,Bleda notatus,Bleda notatus,Bleda notatus notatus,Bleda notatus,2,Field1,NA,U,0,NA,Equatorial Guinea,NA,NA,NA,NA,NA,NA,87,NA,NA,NA,75,JHW,0,NA
AVIBASE-4F97BFE1,Bleda notatus,Bleda notatus,Bleda notatus notatus,Bleda notatus,2,Field1,NA,U,0,NA,Equatorial Guinea,NA,NA,NA,NA,NA,NA,87,NA,NA,NA,77,MAF,0,NA
AVIBASE-4F97BFE1,Bleda notatus,Bleda notatus,Bleda notatus notatus,Bleda notatus,2,Field1,NA,U,0,NA,Equatorial Guinea,NA,NA,NA,NA,NA,NA,95,NA,NA,NA,83,SAL,0,NA
AVIBASE-4F97BFE1,Bleda notatus,Bleda notatus,Bleda notatus notatus,Bleda notatus,2,Field1,NA,U,0,NA,Equatorial Guinea,NA,NA,NA,NA,NA,NA,88,NA,NA,NA,75,JDW,0,NA
AVIBASE-4F97BFE1,Bleda notatus,Bleda notatus,Bleda notatus notatus,Bleda notatus,2,Field1,NA,U,0,NA,Equatorial Guinea,NA,NA,NA,NA,NA,NA,90,NA,NA,NA,74,SEM,0,NA
AVIBASE-4F97BFE1,Bleda notatus,Bleda notatus,Bleda notatus notatus,Bleda notatus,2,Field1,NA,U,0,NA,Equatorial Guinea,NA,NA,NA,NA,NA,NA,91,NA,NA,NA,76,CAY,0,NA
AVIBASE-4F97BFE1,Bleda notatus,Bleda notatus,Bleda notatus notatus,Bleda notatus,2,Field1,NA,U,0,NA,Equatorial Guinea,NA,NA,NA,NA,NA,NA,94,NA,NA,NA,NA,CJ,0,NA
AVIBASE-4F97BFE1,Bleda notatus,Bleda notatus,Bleda notatus notatus,Bleda notatus,2,Field1,NA,U,0,NA,Equatorial Guinea,NA,NA,NA,NA,NA,NA,90,NA,NA,NA,80,CAY,0,NA
AVIBASE-4F97BFE1,Bleda notatus,Bleda notatus,Bleda notatus notatus,Bleda notatus,2,Field1,NA,U,0,NA,Equatorial Guinea,NA,NA,NA,NA,NA,NA,98,NA,NA,NA,88,JDW,0,NA
AVIBASE-4F97BFE1,Bleda notatus,Bleda notatus,Bleda notatus notatus,Bleda notatus,2,Field1,NA,U,0,NA,Equatorial Guinea,NA,NA,NA,NA,NA,NA,96,NA,NA,NA,88,SAL,0,NA
AVIBASE-4F97BFE1,Bleda notatus,Bleda notatus,Bleda notatus notatus,Bleda notatus,2,Field1,NA,U,0,NA,Equatorial Guinea,NA,NA,NA,NA,NA,NA,75,NA,NA,NA,77,JDW,0,NA
AVIBASE-4F97BFE1,Bleda notatus,Bleda notatus,Bleda notatus notatus,Bleda notatus,2,Field1,NA,U,0,NA,Equatorial Guinea,NA,NA,NA,NA,NA,NA,85,NA,NA,NA,80,AKW,0,NA
AVIBASE-4F97BFE1,Bleda notatus,Bleda notatus,Bleda notatus notatus,Bleda notatus,2,Field1,NA,U,0,NA,Equatorial Guinea,NA,NA,NA,NA,NA,NA,83,NA,NA,NA,76,SAL,0,NA
AVIBASE-4F97BFE1,Bleda notatus,Bleda notatus,Bleda notatus notatus,Bleda notatus,2,Field1,NA,U,0,NA,Equatorial Guinea,NA,NA,NA,NA,NA,NA,89,NA,NA,NA,83,JDW,0,NA
AVIBASE-4F97BFE1,Bleda notatus,Bleda notatus,Bleda notatus notatus,Bleda notatus,2,Field1,NA,U,0,NA,Equatorial Guinea,NA,NA,NA,NA,NA,NA,90,NA,NA,NA,NA,JHW,0,NA
AVIBASE-4F97BFE1,Bleda notatus,Bleda notatus,Bleda notatus notatus,Bleda notatus,2,Field1,NA,U,0,NA,Equatorial Guinea,NA,NA,NA,NA,NA,NA,90,NA,NA,NA,NA,SAL,0,NA
AVIBASE-4F97BFE1,Bleda notatus,Bleda notatus,Bleda notatus notatus,Bleda notatus,2,Field1,NA,U,0,NA,Equatorial Guinea,NA,NA,NA,NA,NA,NA,90,NA,NA,NA,81,EMB,0,NA
AVIBASE-4F97BFE1,Bleda notatus,Bleda notatus,Bleda notatus notatus,Bleda notatus,2,Field1,NA,U,0,NA,Equatorial Guinea,NA,NA,NA,NA,NA,NA,87,NA,NA,NA,80,JDW,0,NA
AVIBASE-4F97BFE1,Bleda notatus,Bleda notatus,Bleda notatus notatus,Bleda notatus,2,Field1,NA,U,0,NA,Equatorial Guinea,NA,NA,NA,NA,NA,NA,96,NA,NA,NA,NA,BAK,0,NA
AVIBASE-4F97BFE1,Bleda notatus,Bleda notatus,Bleda notatus notatus,Bleda notatus,2,Field1,NA,U,0,NA,Equatorial Guinea,NA,NA,NA,NA,NA,NA,81,NA,NA,NA,72,JDW,0,NA
AVIBASE-4F97BFE1,Bleda notatus,Bleda notatus,Bleda notatus notatus,Bleda notatus,2,Field1,NA,U,0,NA,Equatorial Guinea,NA,NA,NA,NA,NA,NA,82,NA,NA,NA,77,JDW,0,NA
AVIBASE-4F97BFE1,Bleda notatus,Bleda notatus,Bleda notatus notatus,Bleda notatus,2,Field1,NA,U,0,NA,Equatorial Guinea,NA,NA,NA,NA,NA,NA,86,NA,NA,NA,82,JHW,0,NA
AVIBASE-4F97BFE1,Bleda notatus,Bleda notatus,Bleda notatus notatus,Bleda notatus,2,Field1,NA,U,0,NA,Equatorial Guinea,NA,NA,NA,NA,NA,NA,87,NA,NA,NA,83,JHW,0,NA
AVIBASE-4F97BFE1,Bleda notatus,Bleda notatus,Bleda notatus notatus,Bleda notatus,2,Field1,NA,U,0,NA,Equatorial Guinea,NA,NA,NA,NA,NA,NA,88,NA,NA,NA,83,AKW,0,NA
AVIBASE-4F97BFE1,Bleda notatus,Bleda notatus,Bleda notatus notatus,Bleda notatus,2,Field1,NA,U,0,NA,Equatorial Guinea,NA,NA,NA,NA,NA,NA,86,NA,NA,NA,82,BAK,0,NA
AVIBASE-4F97BFE1,Bleda notatus,Bleda notatus,Bleda notatus notatus,Bleda notatus,2,Field1,NA,U,0,NA,Equatorial Guinea,NA,NA,NA,NA,NA,NA,87,NA,NA,NA,80,JDW,0,NA
AVIBASE-4F97BFE1,Bleda notatus,Bleda notatus,Bleda notatus notatus,Bleda notatus,2,Field1,NA,U,0,NA,Equatorial Guinea,NA,NA,NA,NA,NA,NA,86,NA,NA,NA,81,JDW,0,NA
AVIBASE-4F97BFE1,Bleda notatus,Bleda notatus,Bleda notatus notatus,Bleda notatus,2,Field1,NA,U,0,NA,Equatorial Guinea,NA,NA,NA,NA,NA,NA,87,NA,NA,NA,84,JHW,0,NA
AVIBASE-4F97BFE1,Bleda notatus,Bleda notatus,Bleda notatus notatus,Bleda notatus,2,Field1,NA,U,0,NA,Equatorial Guinea,NA,NA,NA,NA,NA,NA,96,NA,NA,NA,89,SEM,0,NA
AVIBASE-4F97BFE1,Bleda notatus,Bleda notatus,Bleda notatus notatus,Bleda notatus,2,Field1,NA,U,0,NA,Equatorial Guinea,NA,NA,NA,NA,NA,NA,94,NA,NA,NA,88,AKW,0,NA
AVIBASE-4F97BFE1,Bleda notatus,Bleda notatus,Bleda notatus notatus,Bleda notatus,2,Field1,NA,U,0,NA,Equatorial Guinea,NA,NA,NA,NA,NA,NA,91,NA,NA,NA,84,JDW,0,NA
AVIBASE-4F97BFE1,Bleda notatus,Bleda notatus,Bleda notatus notatus,Bleda notatus,2,Field1,NA,U,0,NA,Equatorial Guinea,NA,NA,NA,NA,NA,NA,93,NA,NA,NA,84,AKW,0,NA
AVIBASE-4F97BFE1,Bleda notatus,Bleda notatus,Bleda notatus notatus,Bleda notatus,2,Field1,NA,U,0,NA,Equatorial Guinea,NA,NA,NA,NA,NA,NA,94,NA,NA,NA,85,BAK,0,NA
AVIBASE-4F97BFE1,Bleda notatus,Bleda notatus,Bleda notatus notatus,Bleda notatus,2,Field1,NA,U,0,NA,Equatorial Guinea,NA,NA,NA,NA,NA,NA,97,NA,NA,NA,87,SAL,0,NA
AVIBASE-4F97BFE1,Bleda notatus,Bleda notatus,Bleda notatus notatus,Bleda notatus,2,Field1,NA,U,0,NA,Equatorial Guinea,NA,NA,NA,NA,NA,NA,85,NA,NA,NA,78,JHW,0,NA
AVIBASE-4F97BFE1,Bleda notatus,Bleda notatus,Bleda notatus notatus,Bleda notatus,2,Field1,NA,U,0,NA,Equatorial Guinea,NA,NA,NA,NA,NA,NA,86,NA,NA,NA,77,AKW,0,NA
AVIBASE-4F97BFE1,Bleda notatus,Bleda notatus,Bleda notatus notatus,Bleda notatus,2,Field1,NA,U,0,NA,Equatorial Guinea,NA,NA,NA,NA,NA,NA,88,NA,NA,NA,83,LLP,0,NA
AVIBASE-4F97BFE1,Bleda notatus,Bleda notatus,Bleda notatus notatus,Bleda notatus,2,Field1,NA,U,0,NA,Equatorial Guinea,NA,NA,NA,NA,NA,NA,90,NA,NA,NA,79,AKW,0,NA
AVIBASE-4F97BFE1,Bleda notatus,Bleda notatus,Bleda notatus notatus,Bleda notatus,2,Field1,NA,U,0,NA,Equatorial Guinea,NA,NA,NA,NA,NA,NA,89,NA,NA,NA,NA,SEM,0,NA
AVIBASE-4F97BFE1,Bleda notatus,Bleda notatus,Bleda notatus notatus,Bleda notatus,2,Field1,NA,U,0,NA,Equatorial Guinea,NA,NA,NA,NA,NA,NA,82,NA,NA,NA,73,AKW,0,NA
AVIBASE-4F97BFE1,Bleda notatus,Bleda notatus,Bleda notatus notatus,Bleda notatus,2,Field1,NA,U,0,NA,Equatorial Guinea,NA,NA,NA,NA,NA,NA,94,NA,NA,NA,78,JHW,0,NA
AVIBASE-4F97BFE1,Bleda notatus,Bleda notatus,Bleda notatus notatus,Bleda notatus,2,Field1,NA,U,0,NA,Equatorial Guinea,NA,NA,NA,NA,NA,NA,94,NA,NA,NA,NA,JHW,0,NA
AVIBASE-4F97BFE1,Bleda notatus,Bleda notatus,Bleda notatus notatus,Bleda notatus,2,Field1,NA,U,0,NA,Equatorial Guinea,NA,NA,NA,NA,NA,NA,87,NA,NA,NA,83,SEM,0,NA
AVIBASE-4F97BFE1,Bleda notatus,Bleda notatus,Bleda notatus notatus,Bleda notatus,2,Field1,NA,U,0,NA,Equatorial Guinea,NA,NA,NA,NA,NA,NA,93,NA,NA,NA,84,AKW,0,NA
AVIBASE-4F97BFE1,Bleda notatus,Bleda notatus,Bleda notatus notatus,Bleda notatus,2,Field1,NA,U,0,NA,Equatorial Guinea,NA,NA,NA,NA,NA,NA,95,NA,NA,NA,NA,BAK,0,NA
AVIBASE-4F97BFE1,Bleda notatus,Bleda notatus,Bleda notatus notatus,Bleda notatus,2,Field1,NA,U,0,NA,Equatorial Guinea,NA,NA,NA,NA,NA,NA,93,NA,NA,NA,75,JDW,0,NA
AVIBASE-4F97BFE1,Bleda notatus,Bleda notatus,Bleda notatus notatus,Bleda notatus,2,Field1,NA,U,0,NA,Equatorial Guinea,NA,NA,NA,NA,NA,NA,90,NA,NA,NA,82,AKW,0,NA
AVIBASE-4F97BFE1,Bleda notatus,Bleda notatus,Bleda notatus notatus,Bleda notatus,2,Field1,NA,U,0,NA,Equatorial Guinea,NA,NA,NA,NA,NA,NA,95,NA,NA,NA,83,CAY,0,NA
AVIBASE-4F97BFE1,Bleda notatus,Bleda notatus,Bleda notatus notatus,Bleda notatus,2,Field1,NA,U,0,NA,Equatorial Guinea,NA,NA,NA,NA,NA,NA,95,NA,NA,NA,84,CAY,0,NA
AVIBASE-4F97BFE1,Bleda notatus,Bleda notatus,Bleda notatus notatus,Bleda notatus,2,Field1,NA,U,0,NA,Equatorial Guinea,NA,NA,NA,NA,NA,NA,94,NA,NA,NA,86,CAY,0,NA
AVIBASE-4F97BFE1,Bleda notatus,Bleda notatus,Bleda notatus notatus,Bleda notatus,2,Field1,NA,U,0,NA,Equatorial Guinea,NA,NA,NA,NA,NA,NA,95,NA,NA,NA,83,JDW,0,NA
AVIBASE-4F97BFE1,Bleda notatus,Bleda notatus,Bleda notatus notatus,Bleda notatus,2,Field1,NA,U,0,NA,Equatorial Guinea,NA,NA,NA,NA,NA,NA,87,NA,NA,NA,78,MEB,0,NA
AVIBASE-4F97BFE1,Bleda notatus,Bleda notatus,Bleda notatus notatus,Bleda notatus,2,Field1,NA,U,0,NA,Equatorial Guinea,NA,NA,NA,NA,NA,NA,81,NA,NA,NA,73,CAY,0,NA
AVIBASE-4F97BFE1,Bleda notatus,Bleda notatus,Bleda notatus notatus,Bleda notatus,2,Field1,NA,U,0,NA,Equatorial Guinea,NA,NA,NA,NA,NA,NA,81,NA,NA,NA,74,CAY,0,NA
AVIBASE-4F97BFE1,Bleda notatus,Bleda notatus,Bleda notatus notatus,Bleda notatus,2,Field1,NA,U,0,NA,Equatorial Guinea,NA,NA,NA,NA,NA,NA,94,NA,NA,NA,NA,JDW,0,NA
AVIBASE-4F97BFE1,Bleda notatus,Bleda notatus,Bleda notatus notatus,Bleda notatus,2,Field1,NA,U,0,NA,Equatorial Guinea,NA,NA,NA,NA,NA,NA,92,NA,NA,NA,84,SAL,0,NA
AVIBASE-4F97BFE1,Bleda notatus,Bleda notatus,Bleda notatus notatus,Bleda notatus,2,Field1,NA,U,0,NA,Equatorial Guinea,NA,NA,NA,NA,NA,NA,92,NA,NA,NA,86,BAK,0,NA
AVIBASE-4F97BFE1,Bleda notatus,Bleda notatus,Bleda notatus notatus,Bleda notatus,2,Field1,NA,U,0,NA,Equatorial Guinea,NA,NA,NA,NA,NA,NA,91,NA,NA,NA,63,AKW,0,NA
AVIBASE-4F97BFE1,Bleda notatus,Bleda notatus,Bleda notatus notatus,Bleda notatus,2,Field1,NA,U,0,NA,Equatorial Guinea,NA,NA,NA,NA,NA,NA,89,NA,NA,NA,82,JHW,0,NA
AVIBASE-4F97BFE1,Bleda notatus,Bleda notatus,Bleda notatus notatus,Bleda notatus,2,Field1,NA,U,0,NA,Equatorial Guinea,NA,NA,NA,NA,NA,NA,90,NA,NA,NA,85,PFR,0,NA
AVIBASE-4F97BFE1,Bleda notatus,Bleda notatus,Bleda notatus notatus,Bleda notatus,2,Field1,NA,U,0,NA,Equatorial Guinea,NA,NA,NA,NA,NA,NA,98,NA,NA,NA,NA,LLP,0,NA
AVIBASE-4F97BFE1,Bleda notatus,Bleda notatus,Bleda notatus notatus,Bleda notatus,2,Field1,NA,U,0,NA,Equatorial Guinea,NA,NA,NA,NA,NA,NA,93,NA,NA,NA,76,SAL,0,NA
AVIBASE-4F97BFE1,Bleda notatus,Bleda notatus,Bleda notatus notatus,Bleda notatus,2,Field1,NA,U,0,NA,Equatorial Guinea,NA,NA,NA,NA,NA,NA,NA,NA,NA,NA,78,JDW,0,NA
AVIBASE-4F97BFE1,Bleda notatus,Bleda notatus,Bleda notatus notatus,Bleda notatus,2,Field1,NA,U,0,NA,Equatorial Guinea,NA,NA,NA,NA,NA,NA,88,NA,NA,NA,78,JHW,0,NA
AVIBASE-4F97BFE1,Bleda notatus,Bleda notatus,Bleda notatus notatus,Bleda notatus,2,Field1,NA,U,0,NA,Equatorial Guinea,NA,NA,NA,NA,NA,NA,86,NA,NA,NA,80,JDW,0,NA
AVIBASE-4F97BFE1,Bleda notatus,Bleda notatus,Bleda notatus notatus,Bleda notatus,2,Field1,NA,U,0,NA,Equatorial Guinea,NA,NA,NA,NA,NA,NA,93,NA,NA,NA,73,LLP,0,NA
AVIBASE-4F97BFE1,Bleda notatus,Bleda notatus,Bleda notatus notatus,Bleda notatus,2,Field1,NA,U,0,NA,Equatorial Guinea,NA,NA,NA,NA,NA,NA,91,NA,NA,NA,83,BAK,0,NA
AVIBASE-4F97BFE1,Bleda notatus,Bleda notatus,Bleda notatus notatus,Bleda notatus,2,Field1,NA,U,0,NA,Equatorial Guinea,NA,NA,NA,NA,NA,NA,96,NA,NA,NA,83,JDW,0,NA
AVIBASE-4F97BFE1,Bleda notatus,Bleda notatus,Bleda notatus notatus,Bleda notatus,2,Field1,NA,U,0,NA,Equatorial Guinea,NA,NA,NA,NA,NA,NA,91,NA,NA,NA,82,AKW,0,NA
AVIBASE-4F97BFE1,Bleda notatus,Bleda notatus,Bleda notatus notatus,Bleda notatus,2,Field1,NA,U,0,NA,Equatorial Guinea,NA,NA,NA,NA,NA,NA,96,NA,NA,NA,91,BAK,0,NA
AVIBASE-4F97BFE1,Bleda notatus,Bleda notatus,Bleda notatus notatus,Bleda notatus,2,Field1,NA,U,0,NA,Equatorial Guinea,NA,NA,NA,NA,NA,NA,83,NA,NA,NA,NA,SAL,0,NA
AVIBASE-4F97BFE1,Bleda notatus,Bleda notatus,Bleda notatus notatus,Bleda notatus,2,Field1,NA,U,0,NA,Equatorial Guinea,NA,NA,NA,NA,NA,NA,88,NA,NA,NA,81,JDW,0,NA
AVIBASE-4F97BFE1,Bleda notatus,Bleda notatus,Bleda notatus notatus,Bleda notatus,2,Field1,NA,U,0,NA,Equatorial Guinea,NA,NA,NA,NA,NA,NA,100,NA,NA,NA,92,JDW,0,NA
AVIBASE-4F97BFE1,Bleda notatus,Bleda notatus,Bleda notatus notatus,Bleda notatus,2,Field1,NA,U,0,NA,Equatorial Guinea,NA,NA,NA,NA,NA,NA,96,NA,NA,NA,92,BAK,0,NA
AVIBASE-4F97BFE1,Bleda notatus,Bleda notatus,Bleda notatus notatus,Bleda notatus,2,Field1,NA,U,0,NA,Equatorial Guinea,NA,NA,NA,NA,NA,NA,85,NA,NA,NA,65,SEM,0,NA
AVIBASE-4F97BFE1,Bleda notatus,Bleda notatus,Bleda notatus notatus,Bleda notatus,2,Field1,NA,U,0,NA,Equatorial Guinea,NA,NA,NA,NA,NA,NA,94,NA,NA,NA,88,JHW,0,NA
AVIBASE-4F97BFE1,Bleda notatus,Bleda notatus,Bleda notatus notatus,Bleda notatus,2,Field1,NA,U,0,NA,Equatorial Guinea,NA,NA,NA,NA,NA,NA,80,NA,NA,NA,70,JHW,0,NA
AVIBASE-4F97BFE1,Bleda notatus,Bleda notatus,Bleda notatus notatus,Bleda notatus,2,Field1,NA,U,0,NA,Equatorial Guinea,NA,NA,NA,NA,NA,NA,NA,NA,NA,NA,83,SEM,0,NA
AVIBASE-4F97BFE1,Bleda notatus,Bleda notatus,Bleda notatus notatus,Bleda notatus,2,Field1,NA,U,0,NA,Equatorial Guinea,NA,NA,NA,NA,NA,NA,85,NA,NA,NA,80,JDW,0,NA
AVIBASE-4F97BFE1,Bleda notatus,Bleda notatus,Bleda notatus notatus,Bleda notatus,2,Field1,NA,U,0,NA,Equatorial Guinea,NA,NA,NA,NA,NA,NA,93,NA,NA,NA,82,JDW,0,NA
AVIBASE-4F97BFE1,Bleda notatus,Bleda notatus,Bleda notatus notatus,Bleda notatus,2,Field1,NA,U,0,NA,Equatorial Guinea,NA,NA,NA,NA,NA,NA,91,NA,NA,NA,83,MEB,0,NA
AVIBASE-4F97BFE1,Bleda notatus,Bleda notatus,Bleda notatus notatus,Bleda notatus,2,Field1,NA,U,0,NA,Equatorial Guinea,NA,NA,NA,NA,NA,NA,86,NA,NA,NA,83,AKW,0,NA
AVIBASE-4F97BFE1,Bleda notatus,Bleda notatus,Bleda notatus notatus,Bleda notatus,2,Field1,NA,U,0,NA,Equatorial Guinea,NA,NA,NA,NA,NA,NA,86,NA,NA,NA,81,CAY,0,NA
AVIBASE-4F97BFE1,Bleda notatus,Bleda notatus,Bleda notatus notatus,Bleda notatus,2,Field1,NA,U,0,NA,Equatorial Guinea,NA,NA,NA,NA,NA,NA,91,NA,NA,NA,85,JDW,0,NA
AVIBASE-4F97BFE1,Bleda notatus,Bleda notatus,Bleda notatus notatus,Bleda notatus,2,Field1,NA,U,0,NA,Equatorial Guinea,NA,NA,NA,NA,NA,NA,87,NA,NA,NA,75,CJ,0,NA
AVIBASE-4F97BFE1,Bleda notatus,Bleda notatus,Bleda notatus notatus,Bleda notatus,2,Field1,NA,U,0,NA,Equatorial Guinea,NA,NA,NA,NA,NA,NA,88,NA,NA,NA,83,JDW,0,NA
AVIBASE-4F97BFE1,Bleda notatus,Bleda notatus,Bleda notatus notatus,Bleda notatus,2,Field1,NA,U,0,NA,Equatorial Guinea,NA,NA,NA,NA,NA,NA,86,NA,NA,NA,85,JDW,0,NA
AVIBASE-4F97BFE1,Bleda notatus,Bleda notatus,Bleda notatus notatus,Bleda notatus,2,Field1,NA,U,0,NA,Equatorial Guinea,NA,NA,NA,NA,NA,NA,86,NA,NA,NA,NA,JHW,0,NA
AVIBASE-4F97BFE1,Bleda notatus,Bleda notatus,Bleda notatus notatus,Bleda notatus,2,Field1,NA,U,0,NA,Equatorial Guinea,NA,NA,NA,NA,NA,NA,95,NA,NA,NA,73,SAL,0,NA
AVIBASE-4F97BFE1,Bleda notatus,Bleda notatus,Bleda notatus notatus,Bleda notatus,2,Field1,NA,U,0,NA,Equatorial Guinea,NA,NA,NA,NA,NA,NA,95,NA,NA,NA,91,SAL,0,NA
AVIBASE-4F97BFE1,Bleda notatus,Bleda notatus,Bleda notatus notatus,Bleda notatus,2,Field1,NA,U,0,NA,Equatorial Guinea,NA,NA,NA,NA,NA,NA,93,NA,NA,NA,89,EMB,0,NA
AVIBASE-4F97BFE1,Bleda notatus,Bleda notatus,Bleda notatus notatus,Bleda notatus,2,Field1,NA,U,0,NA,Equatorial Guinea,NA,NA,NA,NA,NA,NA,88,NA,NA,NA,78,JDW,0,NA
AVIBASE-4F97BFE1,Bleda notatus,Bleda notatus,Bleda notatus notatus,Bleda notatus,2,Field1,NA,U,0,NA,Equatorial Guinea,NA,NA,NA,NA,NA,NA,91,NA,NA,NA,80,CAY,0,NA
AVIBASE-4F97BFE1,Bleda notatus,Bleda notatus,Bleda notatus notatus,Bleda notatus,2,Field1,NA,U,0,NA,Equatorial Guinea,NA,NA,NA,NA,NA,NA,87,NA,NA,NA,78,EMB,0,NA
AVIBASE-4F97BFE1,Bleda notatus,Bleda notatus,Bleda notatus notatus,Bleda notatus,2,Field1,NA,U,0,NA,Equatorial Guinea,NA,NA,NA,NA,NA,NA,93,NA,NA,NA,83,PFR,0,NA
AVIBASE-4F97BFE1,Bleda notatus,Bleda notatus,Bleda notatus notatus,Bleda notatus,2,Field1,NA,U,0,NA,Equatorial Guinea,NA,NA,NA,NA,NA,NA,89,NA,NA,NA,NA,AKW,0,NA
AVIBASE-4F97BFE1,Bleda notatus,Bleda notatus,Bleda notatus notatus,Bleda notatus,2,Field1,NA,U,0,NA,Equatorial Guinea,NA,NA,NA,NA,NA,NA,93,NA,NA,NA,84,SAL,0,NA
AVIBASE-4F97BFE1,Bleda notatus,Bleda notatus,Bleda notatus notatus,Bleda notatus,2,Field1,NA,U,0,NA,Equatorial Guinea,NA,NA,NA,NA,NA,NA,87,NA,NA,NA,76,BAK,0,NA
AVIBASE-4F97BFE1,Bleda notatus,Bleda notatus,Bleda notatus notatus,Bleda notatus,2,Field1,NA,U,0,NA,Equatorial Guinea,NA,NA,NA,NA,NA,NA,86,NA,NA,NA,82,CAY,0,NA
AVIBASE-4F97BFE1,Bleda notatus,Bleda notatus,Bleda notatus notatus,Bleda notatus,2,Field1,NA,U,0,NA,Equatorial Guinea,NA,NA,NA,NA,NA,NA,87,NA,NA,NA,80,BAK,0,NA
AVIBASE-4F97BFE1,Bleda notatus,Bleda notatus,Bleda notatus notatus,Bleda notatus,2,Field1,NA,U,0,NA,Equatorial Guinea,NA,NA,NA,NA,NA,NA,86,NA,NA,NA,80,SEM,0,NA
AVIBASE-4F97BFE1,Bleda notatus,Bleda notatus,Bleda notatus notatus,Bleda notatus,2,Field1,NA,U,0,NA,Equatorial Guinea,NA,NA,NA,NA,NA,NA,95,NA,NA,NA,85,JDW,0,NA
AVIBASE-4F97BFE1,Bleda notatus,Bleda notatus,Bleda notatus notatus,Bleda notatus,2,Field1,NA,U,0,NA,Equatorial Guinea,NA,NA,NA,NA,NA,NA,95,NA,NA,NA,NA,SEM,0,NA
AVIBASE-4F97BFE1,Bleda notatus,Bleda notatus,Bleda notatus notatus,Bleda notatus,2,Field1,NA,U,0,NA,Equatorial Guinea,NA,NA,NA,NA,NA,NA,87,NA,NA,NA,76,LLP,0,NA
AVIBASE-4F97BFE1,Bleda notatus,Bleda notatus,Bleda notatus notatus,Bleda notatus,2,Field1,NA,U,0,NA,Equatorial Guinea,NA,NA,NA,NA,NA,NA,90,NA,NA,NA,NA,HP,0,NA
AVIBASE-4F97BFE1,Bleda notatus,Bleda notatus,Bleda notatus notatus,Bleda notatus,2,Field1,NA,U,0,NA,Equatorial Guinea,NA,NA,NA,NA,NA,NA,97,NA,NA,NA,86,ELK,0,NA
AVIBASE-4F97BFE1,Bleda notatus,Bleda notatus,Bleda notatus notatus,Bleda notatus,2,Field1,NA,U,0,NA,Equatorial Guinea,NA,NA,NA,NA,NA,NA,95,NA,NA,NA,88,JDW,0,NA
AVIBASE-4F97BFE1,Bleda notatus,Bleda notatus,Bleda notatus notatus,Bleda notatus,2,Field1,NA,U,0,NA,Equatorial Guinea,NA,NA,NA,NA,NA,NA,86,NA,NA,NA,83,PFR,0,NA
AVIBASE-4F97BFE1,Bleda notatus,Bleda notatus,Bleda notatus notatus,Bleda notatus,2,Field1,NA,U,0,NA,Equatorial Guinea,NA,NA,NA,NA,NA,NA,93,NA,NA,NA,73,JDW,0,NA
AVIBASE-4F97BFE1,Bleda notatus,Bleda notatus,Bleda notatus notatus,Bleda notatus,2,Field1,NA,U,0,NA,Equatorial Guinea,NA,NA,NA,NA,NA,NA,NA,NA,NA,NA,75,EMB,0,NA
AVIBASE-4F97BFE1,Bleda notatus,Bleda notatus,Bleda notatus notatus,Bleda notatus,2,Field1,NA,U,0,NA,Equatorial Guinea,NA,NA,NA,NA,NA,NA,90,NA,NA,NA,86,AKW,0,NA
AVIBASE-4F97BFE1,Bleda notatus,Bleda notatus,Bleda notatus notatus,Bleda notatus,2,Field1,NA,U,0,NA,Equatorial Guinea,NA,NA,NA,NA,NA,NA,90,NA,NA,NA,88,CAY,0,NA
AVIBASE-4F97BFE1,Bleda notatus,Bleda notatus,Bleda notatus notatus,Bleda notatus,2,Field1,NA,U,0,NA,Equatorial Guinea,NA,NA,NA,NA,NA,NA,81,NA,NA,NA,62,SAL,0,NA
AVIBASE-4F97BFE1,Bleda notatus,Bleda notatus,Bleda notatus notatus,Bleda notatus,2,Field1,NA,U,0,NA,Equatorial Guinea,NA,NA,NA,NA,NA,NA,85,NA,NA,NA,NA,SEM,0,NA
AVIBASE-4F97BFE1,Bleda notatus,Bleda notatus,Bleda notatus notatus,Bleda notatus,2,Field1,NA,U,0,NA,Equatorial Guinea,NA,NA,NA,NA,NA,NA,96,NA,NA,NA,NA,CAY,0,NA
AVIBASE-4F97BFE1,Bleda notatus,Bleda notatus,Bleda notatus notatus,Bleda notatus,2,Field1,NA,U,0,NA,Equatorial Guinea,NA,NA,NA,NA,NA,NA,91,NA,NA,NA,83,JHW,0,NA
AVIBASE-4F97BFE1,Bleda notatus,Bleda notatus,Bleda notatus notatus,Bleda notatus,2,Field1,NA,U,0,NA,Equatorial Guinea,NA,NA,NA,NA,NA,NA,92,NA,NA,NA,86,JDW,0,NA
AVIBASE-4F97BFE1,Bleda notatus,Bleda notatus,Bleda notatus notatus,Bleda notatus,2,Field1,NA,U,0,NA,Equatorial Guinea,NA,NA,NA,NA,NA,NA,92,NA,NA,NA,88,LLP,0,NA
AVIBASE-4F97BFE1,Bleda notatus,Bleda notatus,Bleda notatus notatus,Bleda notatus,2,Field1,NA,U,0,NA,Equatorial Guinea,NA,NA,NA,NA,NA,NA,94,NA,NA,NA,85,CJ,0,NA
AVIBASE-4F97BFE1,Bleda notatus,Bleda notatus,Bleda notatus notatus,Bleda notatus,2,Field1,NA,U,0,NA,Equatorial Guinea,NA,NA,NA,NA,NA,NA,95,NA,NA,NA,81,JDW,0,NA
AVIBASE-4F97BFE1,Bleda notatus,Bleda notatus,Bleda notatus notatus,Bleda notatus,2,Field1,NA,U,0,NA,Equatorial Guinea,NA,NA,NA,NA,NA,NA,95,NA,NA,NA,89,PFR,0,NA
AVIBASE-4F97BFE1,Bleda notatus,Bleda notatus,Bleda notatus notatus,Bleda notatus,2,Field1,NA,U,0,NA,Equatorial Guinea,NA,NA,NA,NA,NA,NA,82,NA,NA,NA,71,JDW,0,NA
AVIBASE-4F97BFE1,Bleda notatus,Bleda notatus,Bleda notatus notatus,Bleda notatus,2,Field1,NA,U,0,NA,Equatorial Guinea,NA,NA,NA,NA,NA,NA,90,NA,NA,NA,82,AKW,0,NA
AVIBASE-4F97BFE1,Bleda notatus,Bleda notatus,Bleda notatus notatus,Bleda notatus,2,Field1,NA,U,0,NA,Equatorial Guinea,NA,NA,NA,NA,NA,NA,90,NA,NA,NA,70,EMB,0,NA
AVIBASE-4F97BFE1,Bleda notatus,Bleda notatus,Bleda notatus notatus,Bleda notatus,2,Field1,NA,U,0,NA,Equatorial Guinea,NA,NA,NA,NA,NA,NA,92,NA,NA,NA,NA,PFR,0,NA
AVIBASE-4F97BFE1,Bleda notatus,Bleda notatus,Bleda notatus notatus,Bleda notatus,2,Field1,NA,U,0,NA,Equatorial Guinea,NA,NA,NA,NA,NA,NA,92,NA,NA,NA,86,SAL,0,NA
AVIBASE-4F97BFE1,Bleda notatus,Bleda notatus,Bleda notatus notatus,Bleda notatus,2,Field1,NA,U,0,NA,Equatorial Guinea,NA,NA,NA,NA,NA,NA,88,NA,NA,NA,80,CJ,0,NA
AVIBASE-4F97BFE1,Bleda notatus,Bleda notatus,Bleda notatus notatus,Bleda notatus,2,Field1,NA,U,0,NA,Equatorial Guinea,NA,NA,NA,NA,NA,NA,97,NA,NA,NA,86,JDW,0,NA
AVIBASE-4F97BFE1,Bleda notatus,Bleda notatus,Bleda notatus notatus,Bleda notatus,2,Field1,NA,U,0,NA,Equatorial Guinea,NA,NA,NA,NA,NA,NA,91,NA,NA,NA,84,AKW,0,NA
AVIBASE-4F97BFE1,Bleda notatus,Bleda notatus,Bleda notatus notatus,Bleda notatus,2,Field1,NA,U,0,NA,Equatorial Guinea,NA,NA,NA,NA,NA,NA,82,NA,NA,NA,76,JDW,0,NA
AVIBASE-4F97BFE1,Bleda notatus,Bleda notatus,Bleda notatus notatus,Bleda notatus,2,Field1,NA,U,0,NA,Equatorial Guinea,NA,NA,NA,NA,NA,NA,104,NA,NA,NA,92,AKW,0,NA
AVIBASE-4F97BFE1,Bleda notatus,Bleda notatus,Bleda notatus notatus,Bleda notatus,2,Field1,NA,U,0,NA,Equatorial Guinea,NA,NA,NA,NA,NA,NA,88,NA,NA,NA,80,CAY,0,NA
AVIBASE-4F97BFE1,Bleda notatus,Bleda notatus,Bleda notatus notatus,Bleda notatus,2,Field1,NA,U,0,NA,Equatorial Guinea,NA,NA,NA,NA,NA,NA,85,NA,NA,NA,74,AKW,0,NA
AVIBASE-4F97BFE1,Bleda notatus,Bleda notatus,Bleda notatus notatus,Bleda notatus,2,Field1,NA,U,0,NA,Equatorial Guinea,NA,NA,NA,NA,NA,NA,86,NA,NA,NA,NA,AKW,0,NA
AVIBASE-4F97BFE1,Bleda notatus,Bleda notatus,Bleda notatus notatus,Bleda notatus,2,Field1,NA,U,0,NA,Equatorial Guinea,NA,NA,NA,NA,NA,NA,82,NA,NA,NA,76,EMB,0,NA
AVIBASE-4F97BFE1,Bleda notatus,Bleda notatus,Bleda notatus notatus,Bleda notatus,2,Field1,NA,U,0,NA,Equatorial Guinea,NA,NA,NA,NA,NA,NA,87,NA,NA,NA,78,EMB,0,NA
AVIBASE-4F97BFE1,Bleda notatus,Bleda notatus,Bleda notatus notatus,Bleda notatus,2,Field1,NA,U,0,NA,Equatorial Guinea,NA,NA,NA,NA,NA,NA,85,NA,NA,NA,78,AKW,0,NA
AVIBASE-4F97BFE1,Bleda notatus,Bleda notatus,Bleda notatus notatus,Bleda notatus,2,Field1,NA,U,0,NA,Equatorial Guinea,NA,NA,NA,NA,NA,NA,84,NA,NA,NA,78,CAY,0,NA
AVIBASE-4F97BFE1,Bleda notatus,Bleda notatus,Bleda notatus notatus,Bleda notatus,2,Field1,NA,U,0,NA,Equatorial Guinea,NA,NA,NA,NA,NA,NA,91,NA,NA,NA,76,AKW,0,NA
AVIBASE-4F97BFE1,Bleda notatus,Bleda notatus,Bleda notatus notatus,Bleda notatus,2,Field1,NA,U,0,NA,Equatorial Guinea,NA,NA,NA,NA,NA,NA,95,NA,NA,NA,68,LLP,0,NA
AVIBASE-4F97BFE1,Bleda notatus,Bleda notatus,Bleda notatus notatus,Bleda notatus,2,Field1,NA,U,0,NA,Equatorial Guinea,NA,NA,NA,NA,NA,NA,84,NA,NA,NA,81,CJ,0,NA
AVIBASE-4F97BFE1,Bleda notatus,Bleda notatus,Bleda notatus notatus,Bleda notatus,2,Field1,NA,U,0,NA,Equatorial Guinea,NA,NA,NA,NA,NA,NA,91,NA,NA,NA,76,BAK,0,NA
AVIBASE-4F97BFE1,Bleda notatus,Bleda notatus,Bleda notatus notatus,Bleda notatus,2,Field1,NA,U,0,NA,Equatorial Guinea,NA,NA,NA,NA,NA,NA,90,NA,NA,NA,85,JDW,0,NA
AVIBASE-4F97BFE1,Bleda notatus,Bleda notatus,Bleda notatus notatus,Bleda notatus,2,Field1,NA,U,0,NA,Equatorial Guinea,NA,NA,NA,NA,NA,NA,92,NA,NA,NA,86,BAK,0,NA
AVIBASE-4F97BFE1,Bleda notatus,Bleda notatus,Bleda notatus notatus,Bleda notatus,2,Field1,NA,U,0,NA,Equatorial Guinea,NA,NA,NA,NA,NA,NA,92,NA,NA,NA,96,JHW,0,NA
AVIBASE-4F97BFE1,Bleda notatus,Bleda notatus,Bleda notatus notatus,Bleda notatus,2,Field1,NA,U,0,NA,Equatorial Guinea,NA,NA,NA,NA,NA,NA,95,NA,NA,NA,90,LLP,0,NA
AVIBASE-4F97BFE1,Bleda notatus,Bleda notatus,Bleda notatus notatus,Bleda notatus,2,Field1,NA,U,0,NA,Equatorial Guinea,NA,NA,NA,NA,NA,NA,87,NA,NA,NA,77,EMB,0,NA
AVIBASE-4F97BFE1,Bleda notatus,Bleda notatus,Bleda notatus notatus,Bleda notatus,2,Field1,NA,U,0,NA,Equatorial Guinea,NA,NA,NA,NA,NA,NA,89,NA,NA,NA,80,LLP,0,NA
AVIBASE-4F97BFE1,Bleda notatus,Bleda notatus,Bleda notatus notatus,Bleda notatus,2,Field1,NA,U,0,NA,Equatorial Guinea,NA,NA,NA,NA,NA,NA,93,NA,NA,NA,86,JHW,0,NA
AVIBASE-4F97BFE1,Bleda notatus,Bleda notatus,Bleda notatus notatus,Bleda notatus,2,Field1,NA,U,0,NA,Equatorial Guinea,NA,NA,NA,NA,NA,NA,90,NA,NA,NA,82,JDW,0,NA
AVIBASE-4F97BFE1,Bleda notatus,Bleda notatus,Bleda notatus notatus,Bleda notatus,2,Field1,NA,U,0,NA,Equatorial Guinea,NA,NA,NA,NA,NA,NA,96,NA,NA,NA,86,BAK,0,NA
AVIBASE-4F97BFE1,Bleda notatus,Bleda notatus,Bleda notatus notatus,Bleda notatus,2,Field1,NA,U,0,NA,Equatorial Guinea,NA,NA,NA,NA,NA,NA,95,NA,NA,NA,85,AKW,0,NA
AVIBASE-4F97BFE1,Bleda notatus,Bleda notatus,Bleda notatus notatus,Bleda notatus,2,Field1,NA,U,0,NA,Equatorial Guinea,NA,NA,NA,NA,NA,NA,96,NA,NA,NA,89,SAL,0,NA
AVIBASE-4F97BFE1,Bleda notatus,Bleda notatus,Bleda notatus notatus,Bleda notatus,2,Field1,NA,U,0,NA,Equatorial Guinea,NA,NA,NA,NA,NA,NA,95,NA,NA,NA,NA,BAK,0,NA
AVIBASE-4F97BFE1,Bleda notatus,Bleda notatus,Bleda notatus notatus,Bleda notatus,2,Field1,NA,U,0,NA,Equatorial Guinea,NA,NA,NA,NA,NA,NA,95,NA,NA,NA,85,JDW,0,NA
AVIBASE-4F97BFE1,Bleda notatus,Bleda notatus,Bleda notatus notatus,Bleda notatus,2,Field1,NA,U,0,NA,Equatorial Guinea,NA,NA,NA,NA,NA,NA,87,NA,NA,NA,72,BAK,0,NA
AVIBASE-4F97BFE1,Bleda notatus,Bleda notatus,Bleda notatus notatus,Bleda notatus,2,Field1,NA,U,0,NA,Equatorial Guinea,NA,NA,NA,NA,NA,NA,93,NA,NA,NA,83,JDW,0,NA
AVIBASE-4F97BFE1,Bleda notatus,Bleda notatus,Bleda notatus notatus,Bleda notatus,2,Field1,NA,U,0,NA,Equatorial Guinea,NA,NA,NA,NA,NA,NA,88,NA,NA,NA,76,LLP,0,NA
AVIBASE-4F97BFE1,Bleda notatus,Bleda notatus,Bleda notatus notatus,Bleda notatus,2,Field1,NA,U,0,NA,Equatorial Guinea,NA,NA,NA,NA,NA,NA,89,NA,NA,NA,87,LLP,0,NA
AVIBASE-4F97BFE1,Bleda notatus,Bleda notatus,Bleda notatus notatus,Bleda notatus,2,Field1,NA,U,0,NA,Equatorial Guinea,NA,NA,NA,NA,NA,NA,95,NA,NA,NA,88,SAL,0,NA
AVIBASE-4F97BFE1,Bleda notatus,Bleda notatus,Bleda notatus notatus,Bleda notatus,2,Field1,NA,U,0,NA,Equatorial Guinea,NA,NA,NA,NA,NA,NA,85,NA,NA,NA,77,LLP,0,NA
AVIBASE-4F97BFE1,Bleda notatus,Bleda notatus,Bleda notatus notatus,Bleda notatus,2,Field1,NA,U,0,NA,Equatorial Guinea,NA,NA,NA,NA,NA,NA,92,NA,NA,NA,86,JHW,0,NA
AVIBASE-4F97BFE1,Bleda notatus,Bleda notatus,Bleda notatus notatus,Bleda notatus,2,Field1,NA,U,0,NA,Equatorial Guinea,NA,NA,NA,NA,NA,NA,94,NA,NA,NA,88,LLP,0,NA
AVIBASE-4F97BFE1,Bleda notatus,Bleda notatus,Bleda notatus notatus,Bleda notatus,2,Field1,NA,U,0,NA,Equatorial Guinea,NA,NA,NA,NA,NA,NA,94,NA,NA,NA,86,SEM,0,NA
AVIBASE-4F97BFE1,Bleda notatus,Bleda notatus,Bleda notatus notatus,Bleda notatus,2,Field1,NA,U,0,NA,Equatorial Guinea,NA,NA,NA,NA,NA,NA,89,NA,NA,NA,80,AKW,0,NA
AVIBASE-4F97BFE1,Bleda notatus,Bleda notatus,Bleda notatus notatus,Bleda notatus,2,Field1,NA,U,0,NA,Equatorial Guinea,NA,NA,NA,NA,NA,NA,86,NA,NA,NA,77,CJ,0,NA
AVIBASE-4F97BFE1,Bleda notatus,Bleda notatus,Bleda notatus notatus,Bleda notatus,2,Field1,NA,U,0,NA,Equatorial Guinea,NA,NA,NA,NA,NA,NA,98,NA,NA,NA,89,LLP,0,NA
AVIBASE-4F97BFE1,Bleda notatus,Bleda notatus,Bleda notatus notatus,Bleda notatus,2,Field1,NA,U,0,NA,Equatorial Guinea,NA,NA,NA,NA,NA,NA,86,NA,NA,NA,72,BAK,0,NA
AVIBASE-4F97BFE1,Bleda notatus,Bleda notatus,Bleda notatus notatus,Bleda notatus,2,Field1,NA,U,0,NA,Equatorial Guinea,NA,NA,NA,NA,NA,NA,92,NA,NA,NA,82,CJ,0,NA
AVIBASE-4F97BFE1,Bleda notatus,Bleda notatus,Bleda notatus notatus,Bleda notatus,2,Field1,NA,U,0,NA,Equatorial Guinea,NA,NA,NA,NA,NA,NA,98,NA,NA,NA,88,AKW,0,NA
AVIBASE-4F97BFE1,Bleda notatus,Bleda notatus,Bleda notatus notatus,Bleda notatus,2,Field1,NA,U,0,NA,Equatorial Guinea,NA,NA,NA,NA,NA,NA,81,NA,NA,NA,83,AKW,0,NA
AVIBASE-4F97BFE1,Bleda notatus,Bleda notatus,Bleda notatus notatus,Bleda notatus,2,Field1,NA,U,0,NA,Equatorial Guinea,NA,NA,NA,NA,NA,NA,90,NA,NA,NA,84,JDW,0,NA
AVIBASE-4F97BFE1,Bleda notatus,Bleda notatus,Bleda notatus notatus,Bleda notatus,2,Field1,NA,U,0,NA,Equatorial Guinea,NA,NA,NA,NA,NA,NA,94,NA,NA,NA,86,BAK,0,NA
AVIBASE-4F97BFE1,Bleda notatus,Bleda notatus,Bleda notatus notatus,Bleda notatus,2,Field1,NA,U,0,NA,Equatorial Guinea,NA,NA,NA,NA,NA,NA,86,NA,NA,NA,80,EMB,0,NA
AVIBASE-4F97BFE1,Bleda notatus,Bleda notatus,Bleda notatus notatus,Bleda notatus,2,Field1,NA,U,0,NA,Equatorial Guinea,NA,NA,NA,NA,NA,NA,88,NA,NA,NA,81,CAY,0,NA
AVIBASE-4F97BFE1,Bleda notatus,Bleda notatus,Bleda notatus notatus,Bleda notatus,2,Field1,NA,U,0,NA,Equatorial Guinea,NA,NA,NA,NA,NA,NA,87,NA,NA,NA,81,PFR,0,NA
AVIBASE-4F97BFE1,Bleda notatus,Bleda notatus,Bleda notatus notatus,Bleda notatus,2,Field1,NA,U,0,NA,Equatorial Guinea,NA,NA,NA,NA,NA,NA,93,NA,NA,NA,84,JHW,0,NA
AVIBASE-4F97BFE1,Bleda notatus,Bleda notatus,Bleda notatus notatus,Bleda notatus,2,Field1,NA,U,0,NA,Equatorial Guinea,NA,NA,NA,NA,NA,NA,95,NA,NA,NA,85,CJ,0,NA
AVIBASE-4F97BFE1,Bleda notatus,Bleda notatus,Bleda notatus notatus,Bleda notatus,2,Field1,NA,U,0,NA,Equatorial Guinea,NA,NA,NA,NA,NA,NA,97,NA,NA,NA,92,LLP,0,NA
AVIBASE-5A94FEAE,Bleda syndactylus,Bleda syndactylus,Bleda syndactylus,Bleda syndactylus,1,NHMUK,1977.20.1175,M,0,NA,Liberia,NA,27.7,18.5,3.9,7.4,25.2,109,18.4,90.6,16.9,97,CS,1,NA
AVIBASE-5A94FEAE,Bleda syndactylus,Bleda syndactylus,Bleda syndactylus,Bleda syndactylus,1,NHMUK,1977.20.1178,M,0,NA,Liberia,NA,27.9,18.7,4.8,7.4,25.5,111,17.4,93.6,15.7,100,CS,1,NA
AVIBASE-5A94FEAE,Bleda syndactylus,Bleda syndactylus,Bleda syndactylus,Bleda syndactylus,1,NHMUK,1977.20.1186,F,0,NA,Liberia,NA,22.7,14.1,4.2,6.5,24.5,99,15.8,83.2,16,89,CS,1,NA
AVIBASE-5A94FEAE,Bleda syndactylus,Bleda syndactylus,Bleda syndactylus,Bleda syndactylus,1,NHMUK,1977.20.1189,F,0,NA,Liberia,NA,23.6,14.9,4.8,7.4,24.7,103,13.6,89.4,13.2,89,CS,1,NA
AVIBASE-5A94FEAE,Bleda syndactylus,Bleda syndactylus,Bleda syndactylus,Bleda syndactylus,1,ZFMK,1978-056,M,0,NA,South Sudan,NA,30.8,NA,NA,NA,25.3,113,19,94,16.8,100,LN,0,NA
AVIBASE-5A94FEAE,Bleda syndactylus,Bleda syndactylus,Bleda syndactylus,Bleda syndactylus,1,ZFMK,1978-058,F,0,NA,South Sudan,NA,25.3,NA,NA,NA,24.8,102,14,88,13.7,91,LN,0,NA
AVIBASE-5A94FEAE,Bleda syndactylus,Bleda syndactylus,Bleda syndactylus,Bleda syndactylus,1,ZFMK,1986-068,M,0,NA,Democratic Republic of the Congo,NA,32.3,NA,NA,NA,25.1,100,11,89,11,107,DH,0,NA
AVIBASE-5A94FEAE,Bleda syndactylus,Bleda syndactylus,Bleda syndactylus,Bleda syndactylus,2,Field1,NA,U,0,NA,Equatorial Guinea,NA,NA,NA,NA,NA,NA,90,NA,NA,NA,86,SAL,0,NA
AVIBASE-5A94FEAE,Bleda syndactylus,Bleda syndactylus,Bleda syndactylus,Bleda syndactylus,2,Field1,NA,U,0,NA,Equatorial Guinea,NA,NA,NA,NA,NA,NA,110,NA,NA,NA,96,CAY,0,NA
AVIBASE-5A94FEAE,Bleda syndactylus,Bleda syndactylus,Bleda syndactylus,Bleda syndactylus,2,Field1,NA,U,0,NA,Equatorial Guinea,NA,NA,NA,NA,NA,NA,108,NA,NA,NA,95,CAY,0,NA
AVIBASE-5A94FEAE,Bleda syndactylus,Bleda syndactylus,Bleda syndactylus,Bleda syndactylus,2,Field1,NA,U,0,NA,Equatorial Guinea,NA,NA,NA,NA,NA,NA,98,NA,NA,NA,90,JDW,0,NA
AVIBASE-5A94FEAE,Bleda syndactylus,Bleda syndactylus,Bleda syndactylus,Bleda syndactylus,2,Field1,NA,U,0,NA,Equatorial Guinea,NA,NA,NA,NA,NA,NA,113,NA,NA,NA,100,CAY,0,NA
AVIBASE-5A94FEAE,Bleda syndactylus,Bleda syndactylus,Bleda syndactylus,Bleda syndactylus,2,Field1,NA,U,0,NA,Equatorial Guinea,NA,NA,NA,NA,NA,NA,102,NA,NA,NA,90,AKW,0,NA
AVIBASE-5A94FEAE,Bleda syndactylus,Bleda syndactylus,Bleda syndactylus,Bleda syndactylus,2,Field1,NA,U,0,NA,Equatorial Guinea,NA,NA,NA,NA,NA,NA,101,NA,NA,NA,74,AKW,0,NA
AVIBASE-5A94FEAE,Bleda syndactylus,Bleda syndactylus,Bleda syndactylus,Bleda syndactylus,2,Field1,NA,U,0,NA,Equatorial Guinea,NA,NA,NA,NA,NA,NA,103,NA,NA,NA,91,JDW,0,NA
AVIBASE-5A94FEAE,Bleda syndactylus,Bleda syndactylus,Bleda syndactylus,Bleda syndactylus,2,Field1,NA,U,0,NA,Equatorial Guinea,NA,NA,NA,NA,NA,NA,107,NA,NA,NA,99,AKW,0,NA
AVIBASE-5A94FEAE,Bleda syndactylus,Bleda syndactylus,Bleda syndactylus,Bleda syndactylus,2,Field1,NA,U,0,NA,Equatorial Guinea,NA,NA,NA,NA,NA,NA,100,NA,NA,NA,112,JDW,0,NA
AVIBASE-5A94FEAE,Bleda syndactylus,Bleda syndactylus,Bleda syndactylus,Bleda syndactylus,2,Field1,NA,U,0,NA,Equatorial Guinea,NA,NA,NA,NA,NA,NA,106,NA,NA,NA,101,MEB,0,NA
AVIBASE-5A94FEAE,Bleda syndactylus,Bleda syndactylus,Bleda syndactylus,Bleda syndactylus,2,Field1,NA,U,0,NA,Equatorial Guinea,NA,NA,NA,NA,NA,NA,101,NA,NA,NA,102,SAL,0,NA
AVIBASE-5A94FEAE,Bleda syndactylus,Bleda syndactylus,Bleda syndactylus,Bleda syndactylus,2,Field1,NA,U,0,NA,Equatorial Guinea,NA,NA,NA,NA,NA,NA,103,NA,NA,NA,92,JDW,0,NA
AVIBASE-5A94FEAE,Bleda syndactylus,Bleda syndactylus,Bleda syndactylus,Bleda syndactylus,2,Field1,NA,U,0,NA,Equatorial Guinea,NA,NA,NA,NA,NA,NA,103,NA,NA,NA,93,MEB,0,NA
AVIBASE-5A94FEAE,Bleda syndactylus,Bleda syndactylus,Bleda syndactylus,Bleda syndactylus,2,Field1,NA,U,0,NA,Equatorial Guinea,NA,NA,NA,NA,NA,NA,104,NA,NA,NA,93,SAL,0,NA
AVIBASE-5A94FEAE,Bleda syndactylus,Bleda syndactylus,Bleda syndactylus,Bleda syndactylus,2,Field1,NA,U,0,NA,Equatorial Guinea,NA,NA,NA,NA,NA,NA,111,NA,NA,NA,94,AKW,0,NA
AVIBASE-5A94FEAE,Bleda syndactylus,Bleda syndactylus,Bleda syndactylus,Bleda syndactylus,2,Field1,NA,U,0,NA,Equatorial Guinea,NA,NA,NA,NA,NA,NA,105,NA,NA,NA,87,JHW,0,NA
AVIBASE-5A94FEAE,Bleda syndactylus,Bleda syndactylus,Bleda syndactylus,Bleda syndactylus,2,Field1,NA,U,0,NA,Equatorial Guinea,NA,NA,NA,NA,NA,NA,111,NA,NA,NA,98,JDW,0,NA
AVIBASE-5A94FEAE,Bleda syndactylus,Bleda syndactylus,Bleda syndactylus,Bleda syndactylus,2,Field1,NA,U,0,NA,Equatorial Guinea,NA,NA,NA,NA,NA,NA,111,NA,NA,NA,100,JHW,0,NA
AVIBASE-5A94FEAE,Bleda syndactylus,Bleda syndactylus,Bleda syndactylus,Bleda syndactylus,2,Field1,NA,U,0,NA,Equatorial Guinea,NA,NA,NA,NA,NA,NA,110,NA,NA,NA,70,JHW,0,NA
AVIBASE-5A94FEAE,Bleda syndactylus,Bleda syndactylus,Bleda syndactylus,Bleda syndactylus,2,Field1,NA,U,0,NA,Equatorial Guinea,NA,NA,NA,NA,NA,NA,103,NA,NA,NA,91,JHW,0,NA
AVIBASE-5A94FEAE,Bleda syndactylus,Bleda syndactylus,Bleda syndactylus,Bleda syndactylus,2,Field1,NA,U,0,NA,Equatorial Guinea,NA,NA,NA,NA,NA,NA,98,NA,NA,NA,93,SEM,0,NA
AVIBASE-5A94FEAE,Bleda syndactylus,Bleda syndactylus,Bleda syndactylus,Bleda syndactylus,2,Field1,NA,U,0,NA,Equatorial Guinea,NA,NA,NA,NA,NA,NA,112,NA,NA,NA,100,JHW,0,NA
AVIBASE-5A94FEAE,Bleda syndactylus,Bleda syndactylus,Bleda syndactylus,Bleda syndactylus,2,Field1,NA,U,0,NA,Equatorial Guinea,NA,NA,NA,NA,NA,NA,105,NA,NA,NA,93,JDW,0,NA
AVIBASE-5A94FEAE,Bleda syndactylus,Bleda syndactylus,Bleda syndactylus,Bleda syndactylus,2,Field1,NA,U,0,NA,Equatorial Guinea,NA,NA,NA,NA,NA,NA,105,NA,NA,NA,NA,JHW,0,NA
AVIBASE-5A94FEAE,Bleda syndactylus,Bleda syndactylus,Bleda syndactylus,Bleda syndactylus,2,Field1,NA,U,0,NA,Equatorial Guinea,NA,NA,NA,NA,NA,NA,104,NA,NA,NA,91,JHW,0,NA
AVIBASE-5A94FEAE,Bleda syndactylus,Bleda syndactylus,Bleda syndactylus,Bleda syndactylus,2,Field1,NA,U,0,NA,Equatorial Guinea,NA,NA,NA,NA,NA,NA,112,NA,NA,NA,NA,AKW,0,NA
AVIBASE-5A94FEAE,Bleda syndactylus,Bleda syndactylus,Bleda syndactylus,Bleda syndactylus,2,Field1,NA,U,0,NA,Equatorial Guinea,NA,NA,NA,NA,NA,NA,NA,NA,NA,NA,96,JDW,0,NA
AVIBASE-5A94FEAE,Bleda syndactylus,Bleda syndactylus,Bleda syndactylus,Bleda syndactylus,2,Field1,NA,U,0,NA,Equatorial Guinea,NA,NA,NA,NA,NA,NA,106,NA,NA,NA,NA,JHW,0,NA
AVIBASE-5A94FEAE,Bleda syndactylus,Bleda syndactylus,Bleda syndactylus,Bleda syndactylus,2,Field1,NA,U,0,NA,Equatorial Guinea,NA,NA,NA,NA,NA,NA,106,NA,NA,NA,NA,AKW,0,NA
AVIBASE-5A94FEAE,Bleda syndactylus,Bleda syndactylus,Bleda syndactylus,Bleda syndactylus,2,Field1,NA,U,0,NA,Equatorial Guinea,NA,NA,NA,NA,NA,NA,98,NA,NA,NA,92,AKW,0,NA
AVIBASE-5A94FEAE,Bleda syndactylus,Bleda syndactylus,Bleda syndactylus,Bleda syndactylus,2,Field1,NA,U,0,NA,Equatorial Guinea,NA,NA,NA,NA,NA,NA,104,NA,NA,NA,95,AKW,0,NA
AVIBASE-5A94FEAE,Bleda syndactylus,Bleda syndactylus,Bleda syndactylus,Bleda syndactylus,2,Field1,NA,U,0,NA,Equatorial Guinea,NA,NA,NA,NA,NA,NA,102,NA,NA,NA,88,JDW,0,NA
AVIBASE-5A94FEAE,Bleda syndactylus,Bleda syndactylus,Bleda syndactylus,Bleda syndactylus,2,Field1,NA,U,0,NA,Equatorial Guinea,NA,NA,NA,NA,NA,NA,99,NA,NA,NA,88,JDW,0,NA
AVIBASE-5A94FEAE,Bleda syndactylus,Bleda syndactylus,Bleda syndactylus,Bleda syndactylus,2,Field1,NA,U,0,NA,Equatorial Guinea,NA,NA,NA,NA,NA,NA,106,NA,NA,NA,NA,SEM,0,NA
AVIBASE-5A94FEAE,Bleda syndactylus,Bleda syndactylus,Bleda syndactylus,Bleda syndactylus,2,Field1,NA,U,0,NA,Equatorial Guinea,NA,NA,NA,NA,NA,NA,113,NA,NA,NA,NA,AKW,0,NA
AVIBASE-5A94FEAE,Bleda syndactylus,Bleda syndactylus,Bleda syndactylus,Bleda syndactylus,2,Field1,NA,U,0,NA,Equatorial Guinea,NA,NA,NA,NA,NA,NA,112,NA,NA,NA,102,SEM,0,NA
AVIBASE-5A94FEAE,Bleda syndactylus,Bleda syndactylus,Bleda syndactylus,Bleda syndactylus,2,Field1,NA,U,0,NA,Equatorial Guinea,NA,NA,NA,NA,NA,NA,102,NA,NA,NA,95,AKW,0,NA
AVIBASE-5A94FEAE,Bleda syndactylus,Bleda syndactylus,Bleda syndactylus,Bleda syndactylus,2,Field1,NA,U,0,NA,Equatorial Guinea,NA,NA,NA,NA,NA,NA,106,NA,NA,NA,101,CJ,0,NA
AVIBASE-5A94FEAE,Bleda syndactylus,Bleda syndactylus,Bleda syndactylus,Bleda syndactylus,2,Field1,NA,U,0,NA,Equatorial Guinea,NA,NA,NA,NA,NA,NA,102,NA,NA,NA,90,JDW,0,NA
AVIBASE-5A94FEAE,Bleda syndactylus,Bleda syndactylus,Bleda syndactylus,Bleda syndactylus,2,Field1,NA,U,0,NA,Equatorial Guinea,NA,NA,NA,NA,NA,NA,101,NA,NA,NA,89,JDW,0,NA
AVIBASE-5A94FEAE,Bleda syndactylus,Bleda syndactylus,Bleda syndactylus,Bleda syndactylus,2,Field1,NA,U,0,NA,Equatorial Guinea,NA,NA,NA,NA,NA,NA,113,NA,NA,NA,98,JDW,0,NA
AVIBASE-5A94FEAE,Bleda syndactylus,Bleda syndactylus,Bleda syndactylus,Bleda syndactylus,2,Field1,NA,U,0,NA,Equatorial Guinea,NA,NA,NA,NA,NA,NA,103,NA,NA,NA,94,JHW,0,NA
AVIBASE-5A94FEAE,Bleda syndactylus,Bleda syndactylus,Bleda syndactylus,Bleda syndactylus,2,Field1,NA,U,0,NA,Equatorial Guinea,NA,NA,NA,NA,NA,NA,108,NA,NA,NA,99,JHW,0,NA
AVIBASE-5A94FEAE,Bleda syndactylus,Bleda syndactylus,Bleda syndactylus,Bleda syndactylus,2,Field1,NA,U,0,NA,Equatorial Guinea,NA,NA,NA,NA,NA,NA,107,NA,NA,NA,89,SEM,0,NA
AVIBASE-5A94FEAE,Bleda syndactylus,Bleda syndactylus,Bleda syndactylus,Bleda syndactylus,2,Field1,NA,U,0,NA,Equatorial Guinea,NA,NA,NA,NA,NA,NA,106,NA,NA,NA,90,JHW,0,NA
AVIBASE-5A94FEAE,Bleda syndactylus,Bleda syndactylus,Bleda syndactylus,Bleda syndactylus,2,Field1,NA,U,0,NA,Equatorial Guinea,NA,NA,NA,NA,NA,NA,112,NA,NA,NA,102,SEM,0,NA
AVIBASE-5A94FEAE,Bleda syndactylus,Bleda syndactylus,Bleda syndactylus,Bleda syndactylus,2,Field1,NA,U,0,NA,Equatorial Guinea,NA,NA,NA,NA,NA,NA,103,NA,NA,NA,94,JHW,0,NA
AVIBASE-5A94FEAE,Bleda syndactylus,Bleda syndactylus,Bleda syndactylus,Bleda syndactylus,2,Field1,NA,U,0,NA,Equatorial Guinea,NA,NA,NA,NA,NA,NA,101,NA,NA,NA,100,KEB,0,NA
AVIBASE-5A94FEAE,Bleda syndactylus,Bleda syndactylus,Bleda syndactylus,Bleda syndactylus,2,Field1,NA,U,0,NA,Equatorial Guinea,NA,NA,NA,NA,NA,NA,104,NA,NA,NA,107,SEM,0,NA
AVIBASE-5A94FEAE,Bleda syndactylus,Bleda syndactylus,Bleda syndactylus,Bleda syndactylus,2,Field1,NA,U,0,NA,Equatorial Guinea,NA,NA,NA,NA,NA,NA,111,NA,NA,NA,NA,CJ,0,NA
AVIBASE-5A94FEAE,Bleda syndactylus,Bleda syndactylus,Bleda syndactylus,Bleda syndactylus,2,Field1,NA,U,0,NA,Equatorial Guinea,NA,NA,NA,NA,NA,NA,102,NA,NA,NA,86,CJ,0,NA
AVIBASE-5A94FEAE,Bleda syndactylus,Bleda syndactylus,Bleda syndactylus,Bleda syndactylus,2,Field1,NA,U,0,NA,Equatorial Guinea,NA,NA,NA,NA,NA,NA,102,NA,NA,NA,NA,CJ,0,NA
AVIBASE-5A94FEAE,Bleda syndactylus,Bleda syndactylus,Bleda syndactylus,Bleda syndactylus,2,Field1,NA,U,0,NA,Equatorial Guinea,NA,NA,NA,NA,NA,NA,NA,NA,NA,NA,99,JDW,0,NA
AVIBASE-5A94FEAE,Bleda syndactylus,Bleda syndactylus,Bleda syndactylus,Bleda syndactylus,2,Field1,NA,U,0,NA,Equatorial Guinea,NA,NA,NA,NA,NA,NA,103,NA,NA,NA,99,JHW,0,NA
AVIBASE-5A94FEAE,Bleda syndactylus,Bleda syndactylus,Bleda syndactylus,Bleda syndactylus,2,Field1,NA,U,0,NA,Equatorial Guinea,NA,NA,NA,NA,NA,NA,106,NA,NA,NA,94,SEM,0,NA
AVIBASE-5A94FEAE,Bleda syndactylus,Bleda syndactylus,Bleda syndactylus,Bleda syndactylus,2,Field1,NA,U,0,NA,Equatorial Guinea,NA,NA,NA,NA,NA,NA,115,NA,NA,NA,104,JDW,0,NA
AVIBASE-5A94FEAE,Bleda syndactylus,Bleda syndactylus,Bleda syndactylus,Bleda syndactylus,2,Field1,NA,U,0,NA,Equatorial Guinea,NA,NA,NA,NA,NA,NA,95,NA,NA,NA,97,SEM,0,NA
AVIBASE-5A94FEAE,Bleda syndactylus,Bleda syndactylus,Bleda syndactylus,Bleda syndactylus,2,Field1,NA,U,0,NA,Equatorial Guinea,NA,NA,NA,NA,NA,NA,95,NA,NA,NA,89,SEM,0,NA
AVIBASE-5A94FEAE,Bleda syndactylus,Bleda syndactylus,Bleda syndactylus,Bleda syndactylus,2,Field1,NA,U,0,NA,Equatorial Guinea,NA,NA,NA,NA,NA,NA,101,NA,NA,NA,101,SEM,0,NA
AVIBASE-5A94FEAE,Bleda syndactylus,Bleda syndactylus,Bleda syndactylus,Bleda syndactylus,2,Field1,NA,U,0,NA,Equatorial Guinea,NA,NA,NA,NA,NA,NA,110,NA,NA,NA,99,HP,0,NA
AVIBASE-5A94FEAE,Bleda syndactylus,Bleda syndactylus,Bleda syndactylus,Bleda syndactylus,2,Field1,NA,U,0,NA,Equatorial Guinea,NA,NA,NA,NA,NA,NA,NA,NA,NA,NA,96,SAL,0,NA
AVIBASE-5A94FEAE,Bleda syndactylus,Bleda syndactylus,Bleda syndactylus,Bleda syndactylus,2,Field1,NA,U,0,NA,Equatorial Guinea,NA,NA,NA,NA,NA,NA,107,NA,NA,NA,95,HP,0,NA
AVIBASE-5A94FEAE,Bleda syndactylus,Bleda syndactylus,Bleda syndactylus,Bleda syndactylus,2,Field1,NA,U,0,NA,Equatorial Guinea,NA,NA,NA,NA,NA,NA,99,NA,NA,NA,97,SAL,0,NA
AVIBASE-5A94FEAE,Bleda syndactylus,Bleda syndactylus,Bleda syndactylus,Bleda syndactylus,2,Field1,NA,U,0,NA,Equatorial Guinea,NA,NA,NA,NA,NA,NA,102,NA,NA,NA,93,BAK,0,NA
AVIBASE-5A94FEAE,Bleda syndactylus,Bleda syndactylus,Bleda syndactylus,Bleda syndactylus,2,Field1,NA,U,0,NA,Equatorial Guinea,NA,NA,NA,NA,NA,NA,104,NA,NA,NA,96,PFR,0,NA
AVIBASE-5A94FEAE,Bleda syndactylus,Bleda syndactylus,Bleda syndactylus,Bleda syndactylus,2,Field1,NA,U,0,NA,Equatorial Guinea,NA,NA,NA,NA,NA,NA,113,NA,NA,NA,100,BAK,0,NA
AVIBASE-5A94FEAE,Bleda syndactylus,Bleda syndactylus,Bleda syndactylus,Bleda syndactylus,2,Field1,NA,U,0,NA,Equatorial Guinea,NA,NA,NA,NA,NA,NA,111,NA,NA,NA,99,BAK,0,NA
AVIBASE-5A94FEAE,Bleda syndactylus,Bleda syndactylus,Bleda syndactylus,Bleda syndactylus,2,Field1,NA,U,0,NA,Equatorial Guinea,NA,NA,NA,NA,NA,NA,105,NA,NA,NA,97,BAK,0,NA
AVIBASE-5A94FEAE,Bleda syndactylus,Bleda syndactylus,Bleda syndactylus,Bleda syndactylus,2,Field1,NA,U,0,NA,Equatorial Guinea,NA,NA,NA,NA,NA,NA,116,NA,NA,NA,102,SAL,0,NA
AVIBASE-5A94FEAE,Bleda syndactylus,Bleda syndactylus,Bleda syndactylus,Bleda syndactylus,2,Field1,NA,U,0,NA,Equatorial Guinea,NA,NA,NA,NA,NA,NA,113,NA,NA,NA,102,BAK,0,NA
AVIBASE-5A94FEAE,Bleda syndactylus,Bleda syndactylus,Bleda syndactylus,Bleda syndactylus,2,Field1,NA,U,0,NA,Equatorial Guinea,NA,NA,NA,NA,NA,NA,113,NA,NA,NA,102,EMB,0,NA
AVIBASE-5A94FEAE,Bleda syndactylus,Bleda syndactylus,Bleda syndactylus,Bleda syndactylus,2,Field1,NA,U,0,NA,Equatorial Guinea,NA,NA,NA,NA,NA,NA,109,NA,NA,NA,96,BAK,0,NA
AVIBASE-5A94FEAE,Bleda syndactylus,Bleda syndactylus,Bleda syndactylus,Bleda syndactylus,2,Field1,NA,U,0,NA,Equatorial Guinea,NA,NA,NA,NA,NA,NA,106,NA,NA,NA,95,SAL,0,NA
AVIBASE-5A94FEAE,Bleda syndactylus,Bleda syndactylus,Bleda syndactylus,Bleda syndactylus,2,Field1,NA,U,0,NA,Equatorial Guinea,NA,NA,NA,NA,NA,NA,100,NA,NA,NA,89,PFR,0,NA
AVIBASE-5A94FEAE,Bleda syndactylus,Bleda syndactylus,Bleda syndactylus,Bleda syndactylus,2,Field1,NA,U,0,NA,Equatorial Guinea,NA,NA,NA,NA,NA,NA,100,NA,NA,NA,90,PFR,0,NA
AVIBASE-5A94FEAE,Bleda syndactylus,Bleda syndactylus,Bleda syndactylus,Bleda syndactylus,2,Field1,NA,U,0,NA,Equatorial Guinea,NA,NA,NA,NA,NA,NA,102,NA,NA,NA,85,ELK,0,NA
AVIBASE-5A94FEAE,Bleda syndactylus,Bleda syndactylus,Bleda syndactylus,Bleda syndactylus,2,Field1,NA,U,0,NA,Equatorial Guinea,NA,NA,NA,NA,NA,NA,106,NA,NA,NA,95,EMB,0,NA
AVIBASE-5A94FEAE,Bleda syndactylus,Bleda syndactylus,Bleda syndactylus,Bleda syndactylus,2,Field1,NA,U,0,NA,Equatorial Guinea,NA,NA,NA,NA,NA,NA,95,NA,NA,NA,93,SAL,0,NA
AVIBASE-5A94FEAE,Bleda syndactylus,Bleda syndactylus,Bleda syndactylus,Bleda syndactylus,2,Field1,NA,U,0,NA,Equatorial Guinea,NA,NA,NA,NA,NA,NA,105,NA,NA,NA,88,BAK,0,NA
AVIBASE-5A94FEAE,Bleda syndactylus,Bleda syndactylus,Bleda syndactylus,Bleda syndactylus,2,Field1,NA,U,0,NA,Equatorial Guinea,NA,NA,NA,NA,NA,25.8,112,NA,NA,NA,101,JDW,0,NA
AVIBASE-5A94FEAE,Bleda syndactylus,Bleda syndactylus,Bleda syndactylus,Bleda syndactylus,2,Field1,NA,U,0,NA,Equatorial Guinea,NA,NA,NA,NA,NA,NA,110,NA,NA,NA,101,JDW,0,NA
AVIBASE-5A94FEAE,Bleda syndactylus,Bleda syndactylus,Bleda syndactylus,Bleda syndactylus,2,Field1,NA,U,0,NA,Equatorial Guinea,NA,NA,NA,NA,NA,NA,101,NA,NA,NA,93,JDW,0,NA
AVIBASE-5A94FEAE,Bleda syndactylus,Bleda syndactylus,Bleda syndactylus,Bleda syndactylus,2,Field1,NA,U,0,NA,Equatorial Guinea,NA,NA,NA,NA,NA,NA,110,NA,NA,NA,100,LLP,0,NA
AVIBASE-5A94FEAE,Bleda syndactylus,Bleda syndactylus,Bleda syndactylus,Bleda syndactylus,2,Field1,NA,U,0,NA,Equatorial Guinea,NA,NA,NA,NA,NA,NA,112,NA,NA,NA,101,JDW,0,NA
AVIBASE-5A94FEAE,Bleda syndactylus,Bleda syndactylus,Bleda syndactylus,Bleda syndactylus,2,Field1,NA,U,0,NA,Equatorial Guinea,NA,NA,NA,NA,NA,NA,103,NA,NA,NA,94,JDW,0,NA
AVIBASE-5A94FEAE,Bleda syndactylus,Bleda syndactylus,Bleda syndactylus,Bleda syndactylus,2,Field1,NA,U,0,NA,Equatorial Guinea,NA,NA,NA,NA,NA,NA,107,NA,NA,NA,NA,BAK,0,NA
AVIBASE-5A94FEAE,Bleda syndactylus,Bleda syndactylus,Bleda syndactylus,Bleda syndactylus,1,NHMUK,1977.20.1180,M,0,NA,NA,NA,27.4,NA,4.6,7.4,28,112,NA,NA,NA,89,GT,0,NA
AVIBASE-1D9175EA,Bleda ugandae,Bleda notatus,Bleda notatus ugandae,Bleda notatus,1,NHMUK,1900.2.24.6,F,0,NA,Democratic Republic of the Congo,NA,18.9,12.8,4,6.3,23.8,88,12,76,13.6,93,CS,1,NA
AVIBASE-C72EC8C8,Brachypodius atriceps,Brachypodius melanocephalos,Brachypodius melanocephalos,Pycnonotus atriceps,1,OUM,B/10245,F,0,NA,Malaysia,NA,15.5,10.4,4.7,4.6,15,77,14.4,62.6,18.7,62,HM,1,NA
AVIBASE-C72EC8C8,Brachypodius atriceps,Brachypodius melanocephalos,Brachypodius melanocephalos,Pycnonotus atriceps,1,OUM,B/10246,F,0,NA,Malaysia,NA,15,9.7,4.6,4.6,14.6,79,14.7,64.3,18.6,67,HM,1,NA
AVIBASE-C72EC8C8,Brachypodius atriceps,Brachypodius melanocephalos,Brachypodius melanocephalos,Pycnonotus atriceps,1,OUM,B/10247,M,0,NA,Malaysia,NA,15.4,10,4.1,4.7,14.2,78,13.4,64.6,17.2,65,HM,1,NA
AVIBASE-C72EC8C8,Brachypodius atriceps,Brachypodius melanocephalos,Brachypodius melanocephalos,Pycnonotus atriceps,1,OUM,B/10248,M,0,NA,Malaysia,NA,16.4,9.9,4.2,4.6,14.7,77,13.9,63.1,18.1,63,HM,1,NA
AVIBASE-C72EC8C8,Brachypodius atriceps,Brachypodius melanocephalos,Brachypodius melanocephalos,Pycnonotus atriceps,1,NHMUK,86.9.1.1175,M,0,NA,NA,NA,16.2,NA,4.2,4.8,15.5,82,NA,NA,NA,79,GT,0,NA
AVIBASE-78E73320,Brachypodius fuscoflavescens,Brachypodius fuscoflavescens,Brachypodius fuscoflavescens,Pycnonotus atriceps,1,NHMUK,86.9.1.12.68,F,0,NA,India,NA,14.7,8.2,3.9,4.5,15.9,74,12.9,61.1,17.4,65,NS,1,NA
AVIBASE-78E73320,Brachypodius fuscoflavescens,Brachypodius fuscoflavescens,Brachypodius fuscoflavescens,Pycnonotus atriceps,1,NHMUK,86.9.1.1270,M,0,NA,India,NA,16.8,9.9,3.7,4.8,15.4,75,12.1,62.9,16.1,64,NS,1,NA
AVIBASE-78E73320,Brachypodius fuscoflavescens,Brachypodius fuscoflavescens,Brachypodius fuscoflavescens,Pycnonotus atriceps,1,NHMUK,88.4.1.382,M,0,NA,India,NA,15.5,8.5,3.8,4.5,14.9,78,11.4,66.6,14.6,69,NS,1,NA
AVIBASE-78E73320,Brachypodius fuscoflavescens,Brachypodius fuscoflavescens,Brachypodius fuscoflavescens,Pycnonotus atriceps,1,NHMUK,88.4.1.385,F,0,NA,India,NA,15.7,9.1,4.2,4.6,15.9,79,11.9,67.1,15.1,69,NS,1,NA
AVIBASE-D370538F,Brachypodius priocephalus,Brachypodius priocephalus,Brachypodius priocephalus,Pycnonotus priocephalus,1,NHMUK,86.9.1.1306,M,0,NA,India,NA,16.1,NA,4,4.4,12.3,72,NA,NA,NA,72,GT,0,NA
AVIBASE-D370538F,Brachypodius priocephalus,Brachypodius priocephalus,Brachypodius priocephalus,Pycnonotus priocephalus,1,NHMUK,1925.12.23.377,F,0,NA,India,NA,13.1,8.5,3.8,4.1,14.6,75,9.7,65.3,12.9,74,CV,1,NA
AVIBASE-D370538F,Brachypodius priocephalus,Brachypodius priocephalus,Brachypodius priocephalus,Pycnonotus priocephalus,1,NHMUK,1949.Whi.1.14546,F,0,NA,India,NA,14.5,7.8,3.6,3.9,14.5,74,10.7,63.3,14.5,76,CV,1,NA
AVIBASE-D370538F,Brachypodius priocephalus,Brachypodius priocephalus,Brachypodius priocephalus,Pycnonotus priocephalus,1,NHMUK,86.9.1.1312,M,0,NA,India,NA,14.4,7.9,3.4,3.8,14.3,75,10.5,64.5,14,78,CV,1,NA
AVIBASE-D370538F,Brachypodius priocephalus,Brachypodius priocephalus,Brachypodius priocephalus,Pycnonotus priocephalus,1,NHMUK,88.4.1.389,M,0,NA,India,NA,13.1,6.9,3.4,3.9,14.8,76,12.3,63.7,16.2,71,CV,1,NA
AVIBASE-3B3C39F1,Calyptocichla serinus,Calyptocichla serinus,Calyptocichla serinus,Calyptocichla serina,1,NHMUK,1977.20.1065,M,0,NA,Liberia,NA,17.8,10.8,4.1,4.3,18,89,14.8,74.2,16.6,79,CV,1,NA
AVIBASE-3B3C39F1,Calyptocichla serinus,Calyptocichla serinus,Calyptocichla serinus,Calyptocichla serina,1,NHMUK,1977.20.1066,M,0,NA,Liberia,NA,16.4,9.9,3.9,4.4,21.3,88,16.8,71.2,19.1,79,CV,1,NA
AVIBASE-3B3C39F1,Calyptocichla serinus,Calyptocichla serinus,Calyptocichla serinus,Calyptocichla serina,1,NHMUK,1977.20.1069,F,0,NA,Liberia,NA,17.7,10.1,4,4.7,20.9,92,15.5,76.5,16.8,81,CV,1,NA
AVIBASE-3B3C39F1,Calyptocichla serinus,Calyptocichla serinus,Calyptocichla serinus,Calyptocichla serina,1,NHMUK,1977.20.1074,F,0,NA,Liberia,NA,17.7,10.5,3.5,4.4,19,90,16.8,73.2,18.7,78,CV,1,NA
AVIBASE-3B3C39F1,Calyptocichla serinus,Calyptocichla serinus,Calyptocichla serinus,Calyptocichla serina,1,NHMUK,1903.7.16.73,M,0,NA,NA,NA,19.9,NA,3.5,4.8,21.7,89,NA,NA,NA,79,GT,0,NA
AVIBASE-FCA9F934,Chlorocichla falkensteini,Chlorocichla falkensteini,Chlorocichla falkensteini,Chlorocichla falkensteini,1,NHMUK,1910.5.6.589,F,0,NA,Angola,NA,17.3,9.2,4.1,5.1,21,91,14.4,76.6,15.8,85,CV,1,NA
AVIBASE-FCA9F934,Chlorocichla falkensteini,Chlorocichla falkensteini,Chlorocichla falkensteini,Chlorocichla falkensteini,1,NHMUK,1910.5.6.592,M,0,NA,Angola,NA,18.8,10.6,4.4,4.7,20.2,94,10.9,83.1,11.6,98,CV,1,NA
AVIBASE-FCA9F934,Chlorocichla falkensteini,Chlorocichla falkensteini,Chlorocichla falkensteini,Chlorocichla falkensteini,1,NHMUK,1957.35.180,F,0,NA,Angola,NA,17.9,9.6,4.3,4.9,20.9,93,12.7,80.3,13.7,85,CV,1,NA
AVIBASE-FCA9F934,Chlorocichla falkensteini,Chlorocichla falkensteini,Chlorocichla falkensteini,Chlorocichla falkensteini,1,NHMUK,1957.35.182,M,0,NA,Angola,NA,18,9.8,3.9,5.3,19.9,94,12,82,12.8,86,CV,1,NA
AVIBASE-FCA9F934,Chlorocichla falkensteini,Chlorocichla falkensteini,Chlorocichla falkensteini,Chlorocichla falkensteini,1,NHMUK,1910.5.6.597,M,0,NA,NA,NA,21.6,NA,4.1,5.9,22.8,90,NA,NA,NA,85,GT,0,NA
AVIBASE-D083BB3F,Chlorocichla flaviventris,Chlorocichla flaviventris,Chlorocichla flaviventris,Chlorocichla flaviventris,1,ZFMK,1959-540,F,0,NA,United Republic of Tanzania,NA,22.9,NA,NA,NA,21.7,100,10,90,10,93,LN,0,NA
AVIBASE-D083BB3F,Chlorocichla flaviventris,Chlorocichla flaviventris,Chlorocichla flaviventris,Chlorocichla flaviventris,1,ZFMK,2012-192,M,0,NA,United Republic of Tanzania,NA,25.3,NA,NA,NA,25.8,108,14,94,13,91,LN,0,NA
AVIBASE-D083BB3F,Chlorocichla flaviventris,Chlorocichla flaviventris,Chlorocichla flaviventris,Chlorocichla flaviventris,1,ZFMK,1959.541,M,0,NA,United Republic of Tanzania,NA,NA,NA,NA,NA,23.5,108,11.5,96.5,10.6,97.5,LB,0,NA
AVIBASE-D083BB3F,Chlorocichla flaviventris,Chlorocichla flaviventris,Chlorocichla flaviventris,Chlorocichla flaviventris,1,ZFMK,1965.493,F,0,NA,United Republic of Tanzania,NA,23.1,NA,NA,NA,22,99.5,11.5,88,11.6,90.5,LB,0,NA
AVIBASE-D083BB3F,Chlorocichla flaviventris,Chlorocichla flaviventris,Chlorocichla flaviventris,Chlorocichla flaviventris,1,NHMUK,1905.12.29.1952,F,0,NA,South Africa,NA,20.7,11.1,4.7,5.9,25.1,88,10.9,77.1,12.4,88,CV,1,NA
AVIBASE-D083BB3F,Chlorocichla flaviventris,Chlorocichla flaviventris,Chlorocichla flaviventris,Chlorocichla flaviventris,1,ZFMK,1966-642,F,0,NA,Angola,NA,21.1,NA,NA,NA,24.6,100,14,86,14,94,LN,0,NA
AVIBASE-D083BB3F,Chlorocichla flaviventris,Chlorocichla flaviventris,Chlorocichla flaviventris,Chlorocichla flaviventris,1,ZFMK,1967-368,F,0,NA,South Africa,NA,23.8,NA,NA,NA,25.1,102,12,90,11.8,99,LN,0,NA
AVIBASE-D083BB3F,Chlorocichla flaviventris,Chlorocichla flaviventris,Chlorocichla flaviventris,Chlorocichla flaviventris,1,ZFMK,1992-057,M,0,NA,United Republic of Tanzania,NA,24.6,NA,NA,NA,25.3,105,16,89,15.2,95,LN,0,NA
AVIBASE-D083BB3F,Chlorocichla flaviventris,Chlorocichla flaviventris,Chlorocichla flaviventris,Chlorocichla flaviventris,1,NHMUK,79.9.7.96,M,0,NA,South Africa,NA,22.1,12,4.7,6.3,22,105,16.3,88.7,15.5,103,CV,1,NA
AVIBASE-D083BB3F,Chlorocichla flaviventris,Chlorocichla flaviventris,Chlorocichla flaviventris,Chlorocichla flaviventris,1,NHMUK,85.1.3.4,M,0,NA,South Africa,NA,22.3,12.7,5,6.7,23.3,104,12.8,91.2,12.3,101,CV,1,NA
AVIBASE-D083BB3F,Chlorocichla flaviventris,Chlorocichla flaviventris,Chlorocichla flaviventris,Chlorocichla flaviventris,1,NHMUK,95.5.1.730,F,0,NA,South Africa,NA,20.2,10.8,4.6,5.7,23.3,96,12.7,83.3,13.2,92,CV,1,NA
AVIBASE-D083BB3F,Chlorocichla flaviventris,Chlorocichla flaviventris,Chlorocichla flaviventris,Chlorocichla flaviventris,2,Field1,NA,U,0,NA,Zambia,NA,20.8,11.4,5.1,6,24.3,95,13,82,13.7,92,MFZ,1,NA
AVIBASE-D083BB3F,Chlorocichla flaviventris,Chlorocichla flaviventris,Chlorocichla flaviventris,Chlorocichla flaviventris,2,Field1,NA,U,0,NA,Zambia,NA,18.7,11.7,5.3,5.8,23.4,98,11,87,11.2,92,MFZ,1,NA
AVIBASE-D083BB3F,Chlorocichla flaviventris,Chlorocichla flaviventris,Chlorocichla flaviventris,Chlorocichla flaviventris,2,Field1,NA,U,0,NA,Zambia,NA,21.6,11.8,4.7,6.2,25.2,104,14,90,13.5,102,MFZ,1,NA
AVIBASE-D083BB3F,Chlorocichla flaviventris,Chlorocichla flaviventris,Chlorocichla flaviventris,Chlorocichla flaviventris,2,Field1,NA,U,1,NA,Zambia,NA,20.3,11.3,5.1,6.3,24.5,100,11,89,11,99,MFZ,1,NA
AVIBASE-D083BB3F,Chlorocichla flaviventris,Chlorocichla flaviventris,Chlorocichla flaviventris,Chlorocichla flaviventris,2,Field1,NA,U,0,NA,Zambia,NA,20,12.5,4.8,6,24.3,105,13,92,12.4,98,MFZ,1,NA
AVIBASE-D083BB3F,Chlorocichla flaviventris,Chlorocichla flaviventris,Chlorocichla flaviventris,Chlorocichla flaviventris,2,Field1,NA,U,0,NA,Zambia,NA,21.2,11.8,5,6.3,23.9,101,14,87,13.9,97,MFZ,1,NA
AVIBASE-D083BB3F,Chlorocichla flaviventris,Chlorocichla flaviventris,Chlorocichla flaviventris,Chlorocichla flaviventris,2,Field1,NA,U,0,NA,Zambia,NA,20.4,12,4.3,5.9,23.2,99,13,86,13.1,95,MFZ,1,NA
AVIBASE-D083BB3F,Chlorocichla flaviventris,Chlorocichla flaviventris,Chlorocichla flaviventris,Chlorocichla flaviventris,2,Field1,NA,U,0,NA,Zambia,NA,19.6,13.1,5,6.1,24.2,105,15,90,14.3,105,MFZ,1,NA
AVIBASE-D083BB3F,Chlorocichla flaviventris,Chlorocichla flaviventris,Chlorocichla flaviventris,Chlorocichla flaviventris,2,Field1,NA,U,0,NA,Zambia,NA,22.1,12.7,5.1,6.2,24.3,106,13,93,12.3,103,MFZ,1,NA
AVIBASE-D083BB3F,Chlorocichla flaviventris,Chlorocichla flaviventris,Chlorocichla flaviventris,Chlorocichla flaviventris,2,Field1,NA,U,0,NA,Zambia,NA,21.1,12.6,5.2,5.9,24,98,12,86,12.2,98,MFZ,1,NA
AVIBASE-4602AC01,Chlorocichla laetissima,Chlorocichla laetissima,Chlorocichla laetissima,Chlorocichla laetissima,1,NHMD,139662,U,0,NA,Uganda,NA,23.4,NA,NA,NA,20.6,102,21,81,20.6,104,LN,0,NA
AVIBASE-4602AC01,Chlorocichla laetissima,Chlorocichla laetissima,Chlorocichla laetissima,Chlorocichla laetissima,1,NHMUK,1906.12.23.1337,F,0,NA,Uganda,NA,17.1,8.7,4.8,4.8,21,101,14.4,86.6,14.3,100,CV,1,NA
AVIBASE-4602AC01,Chlorocichla laetissima,Chlorocichla laetissima,Chlorocichla laetissima,Chlorocichla laetissima,1,NHMUK,1906.12.23.1338,M,0,NA,Uganda,NA,21.6,11.5,4.7,5.6,20.8,107,12.6,94.4,11.8,100,CV,1,NA
AVIBASE-4602AC01,Chlorocichla laetissima,Chlorocichla laetissima,Chlorocichla laetissima,Chlorocichla laetissima,1,NHMUK,1906.12.23.1339,M,0,NA,Uganda,NA,21.6,11,5,5.4,21.4,105,14.3,90.7,13.6,101,CV,1,NA
AVIBASE-4602AC01,Chlorocichla laetissima,Chlorocichla laetissima,Chlorocichla laetissima,Chlorocichla laetissima,1,NHMUK,1949.30.137,F,0,NA,South Sudan,NA,20.7,10.7,4.9,5,20.7,103,13.9,89.1,13.5,95,CV,1,NA
AVIBASE-4602AC01,Chlorocichla laetissima,Chlorocichla laetissima,Chlorocichla laetissima,Chlorocichla laetissima,1,ZFMK,1980-260,M,0,NA,Sudan,NA,24.4,NA,NA,NA,23.8,108,14.5,93.5,13.4,101,DH,0,NA
AVIBASE-4602AC01,Chlorocichla laetissima,Chlorocichla laetissima,Chlorocichla laetissima,Chlorocichla laetissima,1,ZFMK,1980-261,M,0,NA,Sudan,NA,25.1,NA,NA,NA,22.6,109,14,95,12.8,103,LN,0,NA
AVIBASE-38652F17,Chlorocichla prigoginei,Chlorocichla prigoginei,Chlorocichla prigoginei,Chlorocichla prigoginei,1,AMNH,764389,M,0,NA,Democratic Republic of the Congo,NA,17.8,10.3,4.2,5.3,18.2,96,10.2,85.8,10.6,95,CS,1,NA
AVIBASE-D3D4D1B7,Chlorocichla simplex,Chlorocichla simplex,Chlorocichla simplex,Chlorocichla simplex,1,NHMUK,1977.20.1106,M,0,NA,Liberia,NA,20,11.5,5,5.8,22.7,105,13.7,91.3,13,98,CV,1,NA
AVIBASE-D3D4D1B7,Chlorocichla simplex,Chlorocichla simplex,Chlorocichla simplex,Chlorocichla simplex,1,NHMUK,1977.20.1112,M,0,NA,Liberia,NA,22,11.8,5.3,6.4,25.3,106,14.4,91.6,13.6,96,CV,1,NA
AVIBASE-D3D4D1B7,Chlorocichla simplex,Chlorocichla simplex,Chlorocichla simplex,Chlorocichla simplex,1,NHMUK,1977.20.1117,F,0,NA,Liberia,NA,19.2,11.1,5.5,6.1,22.6,93,12.5,80.5,13.4,89,CV,1,NA
AVIBASE-D3D4D1B7,Chlorocichla simplex,Chlorocichla simplex,Chlorocichla simplex,Chlorocichla simplex,1,NHMUK,1977.20.1119,F,0,NA,Liberia,NA,19.8,10.9,4.9,5.9,22.9,99,11.3,87.7,11.4,93,CV,1,NA
AVIBASE-D3D4D1B7,Chlorocichla simplex,Chlorocichla simplex,Chlorocichla simplex,Chlorocichla simplex,2,Field1,NA,U,0,NA,Ghana,NA,17.8,11.1,6,5.7,27.7,98,14,84,14.3,95,NNDA,1,NA
AVIBASE-D3D4D1B7,Chlorocichla simplex,Chlorocichla simplex,Chlorocichla simplex,Chlorocichla simplex,2,Field1,NA,U,0,NA,Ghana,NA,21.2,12,5.7,6.8,30.5,100,9,91,9,92,NNDA,1,NA
AVIBASE-D3D4D1B7,Chlorocichla simplex,Chlorocichla simplex,Chlorocichla simplex,Chlorocichla simplex,1,NHMUK,1920.6.15.88,M,0,NA,NA,NA,21.3,NA,5.1,6.3,25.4,103,NA,NA,NA,95,GT,0,NA
AVIBASE-0F97A356,Criniger barbatus,Criniger barbatus,Criniger barbatus,Criniger barbatus,1,NHMUK,1911.12.23.1701,M,0,NA,Ghana,NA,22.3,13.9,5.3,6.6,22.9,109,14.4,94.6,13.2,99,CS,1,NA
AVIBASE-0F97A356,Criniger barbatus,Criniger barbatus,Criniger barbatus,Criniger barbatus,1,NHMUK,1930.12.3.288,F,0,NA,Sierra Leone,NA,21.6,12.1,4.7,6.2,23.6,95,13.1,81.9,13.8,93,CS,1,NA
AVIBASE-0F97A356,Criniger barbatus,Criniger barbatus,Criniger barbatus,Criniger barbatus,1,NHMUK,1937.10.15.62,M,0,NA,Sierra Leone,NA,21.4,12.1,5.3,6.8,23.6,105.5,14.6,90.9,13.8,99,CS,1,NA
AVIBASE-0F97A356,Criniger barbatus,Criniger barbatus,Criniger barbatus,Criniger barbatus,1,NHMUK,1977.20.1249,F,0,NA,Liberia,NA,21.1,12.2,4.6,7,22.3,98,14.4,83.6,14.7,91,CS,1,NA
AVIBASE-0F97A356,Criniger barbatus,Criniger barbatus,Criniger barbatus,Criniger barbatus,2,Field1,NA,U,0,NA,Ghana,NA,21.8,14.3,6.5,7.1,22.9,105,14.7,90.3,14,93,NNDA,1,NA
AVIBASE-0F97A356,Criniger barbatus,Criniger barbatus,Criniger barbatus,Criniger barbatus,2,Field1,NA,U,0,NA,Ghana,NA,21.8,14.2,6.7,6.7,24,107,15.9,91.1,14.9,96,NNDA,1,NA
AVIBASE-0F97A356,Criniger barbatus,Criniger barbatus,Criniger barbatus,Criniger barbatus,2,Field1,NA,U,0,NA,Ghana,NA,19.4,11.9,5.4,5.9,31,102,30,72,29.4,94,NNDA,1,NA
AVIBASE-0F97A356,Criniger barbatus,Criniger barbatus,Criniger barbatus,Criniger barbatus,2,Field1,NA,U,0,NA,Ghana,NA,21.2,12.9,6.2,6.2,28.9,110,18,92,16.4,100,NNDA,1,NA
AVIBASE-0F97A356,Criniger barbatus,Criniger barbatus,Criniger barbatus,Criniger barbatus,2,Field1,NA,U,0,NA,Ghana,NA,20.5,12.9,6.1,6.4,28.9,101,NA,NA,NA,102,NNDA,1,NA
AVIBASE-0F97A356,Criniger barbatus,Criniger barbatus,Criniger barbatus,Criniger barbatus,2,Field1,NA,U,1,NA,Ghana,NA,21.3,13.2,6.7,6.6,24.9,103,21.6,81.4,21,100,NNDA,1,NA
AVIBASE-0F97A356,Criniger barbatus,Criniger barbatus,Criniger barbatus,Criniger barbatus,2,Field1,NA,U,0,NA,Ghana,NA,19.9,11.6,6.9,6.5,23.5,98,6.8,91.2,6.9,88,NNDA,1,NA
AVIBASE-0F97A356,Criniger barbatus,Criniger barbatus,Criniger barbatus,Criniger barbatus,2,Field1,NA,U,0,NA,Ghana,NA,21.4,12.5,6.9,6.5,29.2,105,8,97,7.6,97,NNDA,1,NA
AVIBASE-0F97A356,Criniger barbatus,Criniger barbatus,Criniger barbatus,Criniger barbatus,2,Field1,NA,U,0,NA,Ghana,NA,20.4,13.1,5.8,5.9,28.9,105,13,92,12.4,NA,NNDA,1,NA
AVIBASE-0F97A356,Criniger barbatus,Criniger barbatus,Criniger barbatus,Criniger barbatus,1,NHMUK,95.5.1.680,M,0,NA,NA,NA,20.9,NA,5.4,6.4,24.9,103,NA,NA,NA,70,GT,0,NA
AVIBASE-F8104BC1,Criniger calurus,Criniger calurus,Criniger calurus,Criniger calurus,1,NHMUK,1902.7.15.10,M,0,NA,Cameroon,NA,21.6,12.8,5.3,6,21.1,89,12.9,76.1,14.5,72,PW,1,NA
AVIBASE-F8104BC1,Criniger calurus,Criniger calurus,Criniger calurus,Criniger calurus,1,NHMUK,1911.12.23.1695,M,0,NA,Equatorial Guinea,NA,21.5,13.8,6,6.3,20.5,91,10.1,80.9,11.1,75,PW,1,NA
AVIBASE-F8104BC1,Criniger calurus,Criniger calurus,Criniger calurus,Criniger calurus,1,NHMUK,1911.12.23.1696,M,0,NA,Equatorial Guinea,NA,22.1,13,5.7,6.3,20.5,88,11.1,76.9,12.6,78,PW,1,NA
AVIBASE-F8104BC1,Criniger calurus,Criniger calurus,Criniger calurus,Criniger calurus,1,NHMUK,1930.1.10.12,M,0,NA,Equatorial Guinea,NA,21.8,13.2,6.4,6.1,21.2,85,11,74,12.9,71,PW,1,NA
AVIBASE-F8104BC1,Criniger calurus,Criniger calurus,Criniger calurus,Criniger calurus,1,NHMUK,1936.2.21.287,M,0,NA,Equatorial Guinea,NA,22.9,13.7,6.4,5.9,21.4,90,12.1,77.9,13.4,77,PW,1,NA
AVIBASE-F8104BC1,Criniger calurus,Criniger calurus,Criniger calurus,Criniger calurus,1,NHMUK,1966.16.840,M,0,NA,Cameroon,NA,22.7,13.6,6.2,6.6,22.4,86,10.6,75.4,12.3,81,PW,1,NA
AVIBASE-F8104BC1,Criniger calurus,Criniger calurus,Criniger calurus,Criniger calurus,1,NHMUK,1966.16.847,M,0,NA,Nigeria,NA,22.9,14.6,5.6,6.4,20.5,86,8,78,9.3,81,CS,1,NA
AVIBASE-F8104BC1,Criniger calurus,Criniger calurus,Criniger calurus,Criniger calurus,1,NHMUK,1966.16.853,M,0,NA,Nigeria,NA,20.8,13.3,4.7,5.8,19.6,87,8.9,78.1,10.2,88,CS,1,NA
AVIBASE-F8104BC1,Criniger calurus,Criniger calurus,Criniger calurus,Criniger calurus,1,NHMUK,1966.16.857,F,0,NA,Nigeria,NA,20.2,12.6,5.3,5.4,20.4,81,7.9,73.1,9.8,81,CS,1,NA
AVIBASE-F8104BC1,Criniger calurus,Criniger calurus,Criniger calurus,Criniger calurus,1,NHMUK,1966.16.865,F,0,NA,Nigeria,NA,21.5,13.3,5.2,5.6,19.3,83,8.4,74.6,10.1,93,CS,1,NA
AVIBASE-F8104BC1,Criniger calurus,Criniger calurus,Criniger calurus,Criniger calurus,2,Field1,NA,F,0,NA,Equatorial Guinea,NA,NA,NA,NA,NA,NA,82,NA,NA,NA,75,KEB,0,NA
AVIBASE-F8104BC1,Criniger calurus,Criniger calurus,Criniger calurus,Criniger calurus,2,Field1,NA,U,0,NA,Equatorial Guinea,NA,NA,NA,NA,NA,NA,92,NA,NA,NA,80,KEB,0,NA
AVIBASE-F8104BC1,Criniger calurus,Criniger calurus,Criniger calurus,Criniger calurus,2,Field1,NA,U,0,NA,Equatorial Guinea,NA,NA,NA,NA,NA,NA,82,NA,NA,NA,49,AKW,0,NA
AVIBASE-F8104BC1,Criniger calurus,Criniger calurus,Criniger calurus,Criniger calurus,2,Field1,NA,U,0,NA,Equatorial Guinea,NA,NA,NA,NA,NA,NA,100,NA,NA,NA,99,SEM,0,NA
AVIBASE-F8104BC1,Criniger calurus,Criniger calurus,Criniger calurus,Criniger calurus,2,Field1,NA,U,0,NA,Ghana,NA,21,13.9,7.4,6.2,22.4,95,10.6,84.4,11.2,90,NNDA,1,NA
AVIBASE-F8104BC1,Criniger calurus,Criniger calurus,Criniger calurus,Criniger calurus,1,NHMUK,1904.7.18.84,M,0,NA,NA,NA,23.7,NA,5.3,6.3,25.1,85,NA,NA,NA,84,GT,0,NA
AVIBASE-8A90BC6D,Criniger chloronotus,Criniger chloronotus,Criniger chloronotus,Criniger chloronotus,1,NHMUK,1901.4.24.11,F,0,NA,Equatorial Guinea,NA,21.5,11.6,5.2,6.4,23.9,93,12.9,80.1,13.9,91,CS,1,NA
AVIBASE-8A90BC6D,Criniger chloronotus,Criniger chloronotus,Criniger chloronotus,Criniger chloronotus,1,NHMUK,1911.12.23.1680,M,0,NA,Democratic Republic of the Congo,NA,22.3,12.8,4.8,6.6,24.7,105,14.8,90.2,14.1,96,CS,1,NA
AVIBASE-8A90BC6D,Criniger chloronotus,Criniger chloronotus,Criniger chloronotus,Criniger chloronotus,1,NHMUK,1966.16.1668,F,0,NA,Cameroon,NA,22.2,13.4,5.1,6.1,23.2,91,12.6,78.4,13.8,90,CS,1,NA
AVIBASE-8A90BC6D,Criniger chloronotus,Criniger chloronotus,Criniger chloronotus,Criniger chloronotus,1,NHMUK,95.5.1.675,M,0,NA,Republic of Congo,NA,21.5,12.4,5.4,6.9,23.1,111,15.4,95.6,13.9,97,CS,1,NA
AVIBASE-8A90BC6D,Criniger chloronotus,Criniger chloronotus,Criniger chloronotus,Criniger chloronotus,2,Field1,NA,U,0,NA,Equatorial Guinea,NA,NA,NA,NA,NA,NA,104,NA,NA,NA,93,JDW,0,NA
AVIBASE-8A90BC6D,Criniger chloronotus,Criniger chloronotus,Criniger chloronotus,Criniger chloronotus,2,Field1,NA,U,0,NA,Equatorial Guinea,NA,NA,NA,NA,NA,NA,101,NA,NA,NA,92,JDW,0,NA
AVIBASE-8A90BC6D,Criniger chloronotus,Criniger chloronotus,Criniger chloronotus,Criniger chloronotus,2,Field1,NA,U,0,NA,Equatorial Guinea,NA,NA,NA,NA,NA,NA,97,NA,NA,NA,NA,MEB,0,NA
AVIBASE-8A90BC6D,Criniger chloronotus,Criniger chloronotus,Criniger chloronotus,Criniger chloronotus,2,Field1,NA,U,0,NA,Equatorial Guinea,NA,NA,NA,NA,NA,NA,96,NA,NA,NA,87,AKW,0,NA
AVIBASE-8A90BC6D,Criniger chloronotus,Criniger chloronotus,Criniger chloronotus,Criniger chloronotus,2,Field1,NA,U,0,NA,Equatorial Guinea,NA,NA,NA,NA,NA,NA,95,NA,NA,NA,91,SAL,0,NA
AVIBASE-8A90BC6D,Criniger chloronotus,Criniger chloronotus,Criniger chloronotus,Criniger chloronotus,2,Field1,NA,U,0,NA,Equatorial Guinea,NA,NA,NA,NA,NA,NA,105,NA,NA,NA,64,PFR,0,NA
AVIBASE-6A110710,Criniger ndussumensis,Criniger ndussumensis,Criniger ndussumensis,Criniger ndussumensis,1,NHMUK,1966.16.801,F,0,NA,Nigeria,NA,18.1,10.9,4,5,21.1,84,10.8,73.2,12.9,78,CS,1,NA
AVIBASE-6A110710,Criniger ndussumensis,Criniger ndussumensis,Criniger ndussumensis,Criniger ndussumensis,1,NHMUK,1966.16.802,M,0,NA,Cameroon,NA,19.1,11.9,3.6,5.3,18.7,90,10.5,79.5,11.7,82,CS,1,NA
AVIBASE-6A110710,Criniger ndussumensis,Criniger ndussumensis,Criniger ndussumensis,Criniger ndussumensis,1,NHMUK,1966.16.803,M,0,NA,Cameroon,NA,18.4,11,4,5,20.6,86,11.7,74.3,13.6,76,CS,1,NA
AVIBASE-6A110710,Criniger ndussumensis,Criniger ndussumensis,Criniger ndussumensis,Criniger ndussumensis,1,NHMUK,1966.16.805,F,0,NA,Cameroon,NA,18.8,10.7,3.9,4.9,19,82,10.5,71.5,12.8,74,CS,1,NA
AVIBASE-6A110710,Criniger ndussumensis,Criniger ndussumensis,Criniger ndussumensis,Criniger ndussumensis,2,Field1,NA,U,0,NA,Equatorial Guinea,NA,NA,NA,NA,NA,NA,82,NA,NA,NA,73,MEB,0,NA
AVIBASE-6A110710,Criniger ndussumensis,Criniger ndussumensis,Criniger ndussumensis,Criniger ndussumensis,2,Field1,NA,U,0,NA,Equatorial Guinea,NA,NA,NA,NA,NA,NA,95,NA,NA,NA,84,HP,0,NA
AVIBASE-6A110710,Criniger ndussumensis,Criniger ndussumensis,Criniger ndussumensis,Criniger ndussumensis,1,NHMUK,1919.10.12.167,M,0,NA,NA,NA,18.2,NA,3.7,5,19.2,87,NA,NA,NA,80,GT,0,NA
AVIBASE-439C4BC9,Criniger olivaceus,Criniger olivaceus,Criniger olivaceus,Criniger olivaceus,1,NHMUK,1977.20.1272,M,0,NA,Liberia,NA,18,10.2,4.1,5.1,21.8,88,10.8,77.2,12.3,86,CS,1,NA
AVIBASE-439C4BC9,Criniger olivaceus,Criniger olivaceus,Criniger olivaceus,Criniger olivaceus,1,NHMUK,1977.20.1273,M,0,NA,Liberia,NA,17.8,10.8,3.5,5.2,21.3,90,10.7,79.3,11.9,85,CS,1,NA
AVIBASE-439C4BC9,Criniger olivaceus,Criniger olivaceus,Criniger olivaceus,Criniger olivaceus,1,NHMUK,1977.20.1279,F,0,NA,Liberia,NA,18.5,10.7,3.7,5.2,21.5,81,10.5,70.5,13,85,CS,1,NA
AVIBASE-439C4BC9,Criniger olivaceus,Criniger olivaceus,Criniger olivaceus,Criniger olivaceus,1,NHMUK,1977.20.1280,F,0,NA,Liberia,NA,17.8,9.5,3.3,4.8,20.6,84,10.7,73.3,12.7,75,CS,1,NA
AVIBASE-439C4BC9,Criniger olivaceus,Criniger olivaceus,Criniger olivaceus,Criniger olivaceus,1,NHMUK,1930.12.17.44,F,0,NA,NA,NA,18.6,NA,4.2,4.6,21.3,85,NA,NA,NA,72,GT,0,NA
AVIBASE-E11E7986,Euptilotus eutilotus,Brachypodius eutilotus,Brachypodius eutilotus,Pycnonotus eutilotus,1,NHMUK,1927.4.18.588A,M,0,NA,Malaysia,NA,19,11.8,4.6,5.9,18,89,21.2,67.8,23.8,72,JAT,1,NA
AVIBASE-E11E7986,Euptilotus eutilotus,Brachypodius eutilotus,Brachypodius eutilotus,Pycnonotus eutilotus,1,NHMUK,1935.10.22.343,F,0,NA,Malaysia,NA,18.4,11.7,5.1,5,17.6,93,16.4,76.6,17.6,75,JAT,1,NA
AVIBASE-E11E7986,Euptilotus eutilotus,Brachypodius eutilotus,Brachypodius eutilotus,Pycnonotus eutilotus,1,NHMUK,1935.10.22.344,M,0,NA,Malaysia,NA,19.4,11.9,4.8,5.9,18.4,97,23.4,73.6,24.1,77,JAT,1,NA
AVIBASE-E11E7986,Euptilotus eutilotus,Brachypodius eutilotus,Brachypodius eutilotus,Pycnonotus eutilotus,1,OUM,B/356,U,0,NA,Malaysia,NA,17.9,12.1,4.9,5.3,19.5,92,13.9,78.1,15.1,80,HM,1,NA
AVIBASE-E11E7986,Euptilotus eutilotus,Brachypodius eutilotus,Brachypodius eutilotus,Pycnonotus eutilotus,1,NHMUK,1936.4.12.1952,M,0,NA,NA,NA,17.2,NA,4.6,5.3,18.6,94,NA,NA,NA,89,GT,0,NA
AVIBASE-E11E7986,Euptilotus eutilotus,Brachypodius eutilotus,Brachypodius eutilotus,Pycnonotus eutilotus,1,OUM,B/1275,U,0,NA,NA,NA,17.8,11.7,4.5,3.9,14,84,13.2,70.8,15.7,71,HM,1,NA
AVIBASE-0EA5F2E1,Eurillas ansorgei,Eurillas ansorgei,Eurillas ansorgei,Andropadus ansorgei,1,NHMUK,1966.16.1028,F,0,NA,Nigeria,NA,12.8,7.8,3.8,3.7,15.5,70,9.3,60.7,13.3,63,CV,1,NA
AVIBASE-0EA5F2E1,Eurillas ansorgei,Eurillas ansorgei,Eurillas ansorgei,Andropadus ansorgei,1,NHMUK,1966.16.1029,M,0,NA,Nigeria,NA,14.7,8.1,3.2,3.7,15.2,76,11.2,64.8,14.7,61,CV,1,NA
AVIBASE-0EA5F2E1,Eurillas ansorgei,Eurillas ansorgei,Eurillas ansorgei,Andropadus ansorgei,1,NHMUK,1966.16.1035,F,0,NA,Nigeria,NA,13.7,8.3,3.7,4,14.9,70,11.3,58.7,16.1,60,CV,1,NA
AVIBASE-0EA5F2E1,Eurillas ansorgei,Eurillas ansorgei,Eurillas ansorgei,Andropadus ansorgei,1,NHMUK,1977.20.985,M,0,NA,Liberia,NA,13.1,7.4,3.6,3.7,16.1,72,13.4,58.6,18.6,69,CV,1,NA
AVIBASE-0EA5F2E1,Eurillas ansorgei,Eurillas ansorgei,Eurillas ansorgei,Andropadus ansorgei,2,Field1,NA,U,0,NA,Equatorial Guinea,NA,NA,NA,NA,NA,NA,76,NA,NA,NA,70,JDW,0,NA
AVIBASE-0EA5F2E1,Eurillas ansorgei,Eurillas ansorgei,Eurillas ansorgei,Andropadus ansorgei,1,NHMUK,1950.9.24,M,0,NA,NA,NA,15.2,NA,3,4,17.7,67,NA,NA,NA,64,GT,0,NA
AVIBASE-0B325B7F,Eurillas curvirostris,Eurillas curvirostris,Eurillas curvirostris,Andropadus curvirostris,1,ZFMK,1961-1283,F,0,NA,Cameroon,NA,17.7,NA,NA,NA,17.7,73,10,63,13.7,66,LN,0,NA
AVIBASE-0B325B7F,Eurillas curvirostris,Eurillas curvirostris,Eurillas curvirostris,Andropadus curvirostris,1,ZFMK,1961-2855,M,0,NA,Democratic Republic of the Congo,NA,18,NA,NA,NA,18,78.5,11,67.5,14,65,DH,0,NA
AVIBASE-0B325B7F,Eurillas curvirostris,Eurillas curvirostris,Eurillas curvirostris,Andropadus curvirostris,1,ZFMK,1963-1001,F,0,NA,Equatorial Guinea,NA,15.4,NA,NA,NA,19.4,78.5,12,66.5,15.3,68,LN,0,NA
AVIBASE-0B325B7F,Eurillas curvirostris,Eurillas curvirostris,Eurillas curvirostris,Andropadus curvirostris,1,ZFMK,1963-996,M,0,NA,Equatorial Guinea,NA,18.9,NA,NA,NA,18.5,76,10.1,66,13.3,69,DH,0,NA
AVIBASE-0B325B7F,Eurillas curvirostris,Eurillas curvirostris,Eurillas curvirostris,Andropadus curvirostris,1,NHMUK,1966.16.1003,F,0,NA,Cameroon,NA,15.5,9.6,3.7,3.5,15.8,76,8.9,67.1,11.7,72,CV,1,NA
AVIBASE-0B325B7F,Eurillas curvirostris,Eurillas curvirostris,Eurillas curvirostris,Andropadus curvirostris,1,NHMUK,1966.16.1004,M,0,NA,Cameroon,NA,14.8,9.2,3.5,3.7,17.2,75,12.3,62.7,16.4,68,CV,1,NA
AVIBASE-0B325B7F,Eurillas curvirostris,Eurillas curvirostris,Eurillas curvirostris,Andropadus curvirostris,1,NHMUK,1966.16.972,F,0,NA,Cameroon,NA,15,8.1,3.8,4,17.2,76,9.3,66.7,12.2,72,CV,1,NA
AVIBASE-0B325B7F,Eurillas curvirostris,Eurillas curvirostris,Eurillas curvirostris,Andropadus curvirostris,1,NHMUK,1966.16.985,M,0,NA,Cameroon,NA,16.5,9.4,3.8,3.8,16.9,80,13.1,66.9,16.4,76,CV,1,NA
AVIBASE-0B325B7F,Eurillas curvirostris,Eurillas curvirostris,Eurillas curvirostris,Andropadus curvirostris,2,Field1,NA,M,0,NA,Equatorial Guinea,NA,NA,NA,NA,NA,NA,74,NA,NA,NA,72,JHW,0,NA
AVIBASE-0B325B7F,Eurillas curvirostris,Eurillas curvirostris,Eurillas curvirostris,Andropadus curvirostris,2,Field1,NA,U,0,NA,Equatorial Guinea,NA,NA,NA,NA,NA,NA,76,NA,NA,NA,NA,HP,0,NA
AVIBASE-0B325B7F,Eurillas curvirostris,Eurillas curvirostris,Eurillas curvirostris,Andropadus curvirostris,2,Field1,NA,U,0,NA,Ghana,NA,16,9.3,5.2,4,22.1,75,10,65,13.3,69,NNDA,1,NA
AVIBASE-0B325B7F,Eurillas curvirostris,Eurillas curvirostris,Eurillas curvirostris,Andropadus curvirostris,2,Field1,NA,U,0,NA,Ghana,NA,14.5,9.2,4.9,3.8,20.9,75.5,6,69.5,7.9,73,NNDA,1,NA
AVIBASE-0B325B7F,Eurillas curvirostris,Eurillas curvirostris,Eurillas curvirostris,Andropadus curvirostris,2,Field1,NA,U,0,NA,Ghana,NA,16,10,4.7,4.6,17.7,NA,NA,NA,NA,69,NNDA,1,NA
AVIBASE-0B325B7F,Eurillas curvirostris,Eurillas curvirostris,Eurillas curvirostris,Andropadus curvirostris,2,Field1,NA,U,0,NA,Ghana,NA,14.7,9.3,5.2,3.9,18,79,7.8,71.2,9.9,73,NNDA,1,NA
AVIBASE-0B325B7F,Eurillas curvirostris,Eurillas curvirostris,Eurillas curvirostris,Andropadus curvirostris,1,NHMUK,1904.7.18.116,M,0,NA,NA,NA,17.1,NA,4.2,4.3,17.9,75,NA,NA,NA,75,GT,0,NA
AVIBASE-486103D7,Eurillas gracilis,Eurillas gracilis,Eurillas gracilis,Andropadus gracilis,1,NHMUK,1966.16.1083,F,0,NA,Nigeria,NA,14.5,8.7,3.3,3.7,17,68,10.7,57.3,15.7,61,CV,1,NA
AVIBASE-486103D7,Eurillas gracilis,Eurillas gracilis,Eurillas gracilis,Andropadus gracilis,1,NHMUK,1966.16.1084,M,0,NA,Nigeria,NA,13.3,7.9,3.3,3.6,15.6,71,9,62,12.7,64,CV,1,NA
AVIBASE-486103D7,Eurillas gracilis,Eurillas gracilis,Eurillas gracilis,Andropadus gracilis,1,NHMUK,1966.16.1087,F,0,NA,Nigeria,NA,13.8,7.8,3.3,3.5,15.4,69,8.1,60.9,11.7,61,CV,1,NA
AVIBASE-486103D7,Eurillas gracilis,Eurillas gracilis,Eurillas gracilis,Andropadus gracilis,1,NHMUK,1966.16.1089,M,0,NA,Nigeria,NA,13.9,7.5,3.5,3.3,16.3,73,7.6,65.4,10.4,67,CV,1,NA
AVIBASE-486103D7,Eurillas gracilis,Eurillas gracilis,Eurillas gracilis,Andropadus gracilis,2,Field1,NA,U,0,NA,Equatorial Guinea,NA,NA,NA,NA,NA,NA,71,NA,NA,NA,73,JHW,0,NA
AVIBASE-486103D7,Eurillas gracilis,Eurillas gracilis,Eurillas gracilis,Andropadus gracilis,2,Field1,NA,U,0,NA,Equatorial Guinea,NA,NA,NA,NA,NA,NA,76,NA,NA,NA,78,BAK,0,NA
AVIBASE-486103D7,Eurillas gracilis,Eurillas gracilis,Eurillas gracilis,Andropadus gracilis,2,Field1,NA,U,0,NA,Equatorial Guinea,NA,NA,NA,NA,NA,NA,74,NA,NA,NA,77,BAK,0,NA
AVIBASE-486103D7,Eurillas gracilis,Eurillas gracilis,Eurillas gracilis,Andropadus gracilis,2,Field1,NA,U,0,NA,Ghana,NA,13.5,8.8,4.7,4.1,20.2,76,8.8,67.2,11.6,71,NNDA,1,NA
AVIBASE-486103D7,Eurillas gracilis,Eurillas gracilis,Eurillas gracilis,Andropadus gracilis,2,Field1,NA,U,0,NA,Ghana,NA,13.8,8.7,4.7,4.7,18.9,69,7,62,10.1,67,NNDA,1,NA
AVIBASE-486103D7,Eurillas gracilis,Eurillas gracilis,Eurillas gracilis,Andropadus gracilis,2,Field1,NA,U,0,NA,Ghana,NA,13.4,8.5,4.5,3.9,18.4,73,8.6,64.4,11.8,63,NNDA,1,NA
AVIBASE-486103D7,Eurillas gracilis,Eurillas gracilis,Eurillas gracilis,Andropadus gracilis,1,NHMUK,1905.1.24.128,M,0,NA,NA,NA,15.2,NA,3.4,3.8,19.4,72,NA,NA,NA,66,GT,0,NA
AVIBASE-728B225E,Eurillas latirostris,Eurillas latirostris,Eurillas latirostris,Andropadus latirostris,1,AMNH,297630,M,0,NA,Equatorial Guinea,NA,17.5,10.4,4.8,5.2,20.5,85,12.1,72.9,14.2,78.5,CS,1,NA
AVIBASE-728B225E,Eurillas latirostris,Eurillas latirostris,Eurillas latirostris,Andropadus latirostris,1,AMNH,297634,M,0,NA,Equatorial Guinea,NA,16.8,10.1,4.6,5.7,19.6,81,12,69,14.8,75,CS,1,NA
AVIBASE-728B225E,Eurillas latirostris,Eurillas latirostris,Eurillas latirostris,Andropadus latirostris,1,AMNH,567517,F,0,NA,Cameroon,NA,15.7,9.3,4.2,4.7,18.7,75,8.2,66.8,10.9,71,CS,1,NA
AVIBASE-728B225E,Eurillas latirostris,Eurillas latirostris,Eurillas latirostris,Andropadus latirostris,1,AMNH,567522,F,0,NA,Equatorial Guinea,NA,17.4,8.8,4.7,5.4,19.7,79.5,10.4,69.1,13.1,69,CS,1,NA
AVIBASE-728B225E,Eurillas latirostris,Eurillas latirostris,Eurillas latirostris,Andropadus latirostris,1,ZFMK,1954-1086,F,0,NA,Cameroon,NA,18.8,NA,NA,NA,18.1,78,10.5,67.5,13.5,73,LN,0,NA
AVIBASE-728B225E,Eurillas latirostris,Eurillas latirostris,Eurillas latirostris,Andropadus latirostris,1,ZFMK,1961-1270,M,0,NA,Cameroon,NA,18.8,NA,NA,NA,18.4,86.5,12,74.5,13.9,76,DH,0,NA
AVIBASE-728B225E,Eurillas latirostris,Eurillas latirostris,Eurillas latirostris,Andropadus latirostris,1,ZFMK,1968-751,M,0,NA,Cameroon,NA,17.6,NA,NA,NA,19.4,85,11,74,12.9,79,DH,0,NA
AVIBASE-728B225E,Eurillas latirostris,Eurillas latirostris,Eurillas latirostris,Andropadus latirostris,1,ZFMK,1968-760,F,0,NA,Cameroon,NA,19.3,NA,NA,NA,18.1,78,10,68,12.8,69.5,DH,0,NA
AVIBASE-728B225E,Eurillas latirostris,Eurillas latirostris,Eurillas latirostris,Andropadus latirostris,2,Field1,NA,U,0,NA,Equatorial Guinea,NA,NA,NA,NA,NA,NA,88,NA,NA,NA,82,LLP,0,NA
AVIBASE-728B225E,Eurillas latirostris,Eurillas latirostris,Eurillas latirostris,Andropadus latirostris,2,Field1,NA,U,0,NA,Equatorial Guinea,NA,NA,NA,NA,NA,NA,83,NA,NA,NA,73,LLP,0,NA
AVIBASE-728B225E,Eurillas latirostris,Eurillas latirostris,Eurillas latirostris,Andropadus latirostris,2,Field1,NA,U,0,NA,Equatorial Guinea,NA,NA,NA,NA,NA,NA,79,NA,NA,NA,77,SEM,0,NA
AVIBASE-728B225E,Eurillas latirostris,Eurillas latirostris,Eurillas latirostris,Andropadus latirostris,2,Field1,NA,U,0,NA,Equatorial Guinea,NA,NA,NA,NA,NA,NA,76,NA,NA,NA,72,JDW,0,NA
AVIBASE-728B225E,Eurillas latirostris,Eurillas latirostris,Eurillas latirostris,Andropadus latirostris,2,Field1,NA,U,0,NA,Equatorial Guinea,NA,NA,NA,NA,NA,NA,79,NA,NA,NA,77,CAY,0,NA
AVIBASE-728B225E,Eurillas latirostris,Eurillas latirostris,Eurillas latirostris,Andropadus latirostris,2,Field1,NA,U,0,NA,Equatorial Guinea,NA,NA,NA,NA,NA,NA,80,NA,NA,NA,71,CAY,0,NA
AVIBASE-728B225E,Eurillas latirostris,Eurillas latirostris,Eurillas latirostris,Andropadus latirostris,2,Field1,NA,F,0,NA,Equatorial Guinea,NA,NA,NA,NA,NA,NA,78,NA,NA,NA,75,CJ,0,NA
AVIBASE-728B225E,Eurillas latirostris,Eurillas latirostris,Eurillas latirostris,Andropadus latirostris,2,Field1,NA,U,0,NA,Equatorial Guinea,NA,NA,NA,NA,NA,NA,82,NA,NA,NA,73,CAY,0,NA
AVIBASE-728B225E,Eurillas latirostris,Eurillas latirostris,Eurillas latirostris,Andropadus latirostris,2,Field1,NA,U,0,NA,Equatorial Guinea,NA,NA,NA,NA,NA,NA,78,NA,NA,NA,75,JDW,0,NA
AVIBASE-728B225E,Eurillas latirostris,Eurillas latirostris,Eurillas latirostris,Andropadus latirostris,2,Field1,NA,U,0,NA,Equatorial Guinea,NA,NA,NA,NA,NA,NA,81,NA,NA,NA,75,JHW,0,NA
AVIBASE-728B225E,Eurillas latirostris,Eurillas latirostris,Eurillas latirostris,Andropadus latirostris,2,Field1,NA,F,0,NA,Equatorial Guinea,NA,NA,NA,NA,NA,NA,79,NA,NA,NA,NA,CAY,0,NA
AVIBASE-728B225E,Eurillas latirostris,Eurillas latirostris,Eurillas latirostris,Andropadus latirostris,2,Field1,NA,M,0,NA,Equatorial Guinea,NA,NA,NA,NA,NA,NA,83,NA,NA,NA,78,JDW,0,NA
AVIBASE-728B225E,Eurillas latirostris,Eurillas latirostris,Eurillas latirostris,Andropadus latirostris,2,Field1,NA,U,0,NA,Equatorial Guinea,NA,NA,NA,NA,NA,NA,82,NA,NA,NA,75,JHW,0,NA
AVIBASE-728B225E,Eurillas latirostris,Eurillas latirostris,Eurillas latirostris,Andropadus latirostris,2,Field1,NA,U,0,NA,Equatorial Guinea,NA,NA,NA,NA,NA,NA,72,NA,NA,NA,76,MEB,0,NA
AVIBASE-728B225E,Eurillas latirostris,Eurillas latirostris,Eurillas latirostris,Andropadus latirostris,2,Field1,NA,U,0,NA,Equatorial Guinea,NA,NA,NA,NA,NA,NA,86,NA,NA,NA,75,LLP,0,NA
AVIBASE-728B225E,Eurillas latirostris,Eurillas latirostris,Eurillas latirostris,Andropadus latirostris,2,Field1,NA,U,0,NA,Equatorial Guinea,NA,NA,NA,NA,NA,NA,88,NA,NA,NA,76,CAY,0,NA
AVIBASE-728B225E,Eurillas latirostris,Eurillas latirostris,Eurillas latirostris,Andropadus latirostris,2,Field1,NA,U,0,NA,Equatorial Guinea,NA,NA,NA,NA,NA,NA,78,NA,NA,NA,71,CAY,0,NA
AVIBASE-728B225E,Eurillas latirostris,Eurillas latirostris,Eurillas latirostris,Andropadus latirostris,2,Field1,NA,U,0,NA,Equatorial Guinea,NA,NA,NA,NA,NA,NA,77,NA,NA,NA,66,CAY,0,NA
AVIBASE-728B225E,Eurillas latirostris,Eurillas latirostris,Eurillas latirostris,Andropadus latirostris,2,Field1,NA,U,0,NA,Equatorial Guinea,NA,NA,NA,NA,NA,NA,76,NA,NA,NA,69,CAY,0,NA
AVIBASE-728B225E,Eurillas latirostris,Eurillas latirostris,Eurillas latirostris,Andropadus latirostris,2,Field1,NA,U,0,NA,Equatorial Guinea,NA,NA,NA,NA,NA,NA,70,NA,NA,NA,57,CAY,0,NA
AVIBASE-728B225E,Eurillas latirostris,Eurillas latirostris,Eurillas latirostris,Andropadus latirostris,2,Field1,NA,U,0,NA,Equatorial Guinea,NA,NA,NA,NA,NA,NA,78,NA,NA,NA,72,MEB,0,NA
AVIBASE-728B225E,Eurillas latirostris,Eurillas latirostris,Eurillas latirostris,Andropadus latirostris,2,Field1,NA,U,0,NA,Equatorial Guinea,NA,NA,NA,NA,NA,NA,84,NA,NA,NA,75,MEB,0,NA
AVIBASE-728B225E,Eurillas latirostris,Eurillas latirostris,Eurillas latirostris,Andropadus latirostris,2,Field1,NA,F,0,NA,Equatorial Guinea,NA,NA,NA,NA,NA,NA,73,NA,NA,NA,69,JHW,0,NA
AVIBASE-728B225E,Eurillas latirostris,Eurillas latirostris,Eurillas latirostris,Andropadus latirostris,2,Field1,NA,U,0,NA,Equatorial Guinea,NA,NA,NA,NA,NA,NA,75,NA,NA,NA,66,MAF,0,NA
AVIBASE-728B225E,Eurillas latirostris,Eurillas latirostris,Eurillas latirostris,Andropadus latirostris,2,Field1,NA,U,0,NA,Equatorial Guinea,NA,NA,NA,NA,NA,NA,75,NA,NA,NA,67,MEB,0,NA
AVIBASE-728B225E,Eurillas latirostris,Eurillas latirostris,Eurillas latirostris,Andropadus latirostris,2,Field1,NA,U,0,NA,Equatorial Guinea,NA,NA,NA,NA,NA,NA,72,NA,NA,NA,66,SAL,0,NA
AVIBASE-728B225E,Eurillas latirostris,Eurillas latirostris,Eurillas latirostris,Andropadus latirostris,2,Field1,NA,U,0,NA,Equatorial Guinea,NA,NA,NA,NA,NA,NA,85,NA,NA,NA,78,JDW,0,NA
AVIBASE-728B225E,Eurillas latirostris,Eurillas latirostris,Eurillas latirostris,Andropadus latirostris,2,Field1,NA,F,0,NA,Equatorial Guinea,NA,NA,NA,NA,NA,NA,80,NA,NA,NA,65,CAY,0,NA
AVIBASE-728B225E,Eurillas latirostris,Eurillas latirostris,Eurillas latirostris,Andropadus latirostris,2,Field1,NA,F,0,NA,Equatorial Guinea,NA,NA,NA,NA,NA,NA,79,NA,NA,NA,75,LLP,0,NA
AVIBASE-728B225E,Eurillas latirostris,Eurillas latirostris,Eurillas latirostris,Andropadus latirostris,2,Field1,NA,U,0,NA,Equatorial Guinea,NA,NA,NA,NA,NA,NA,79,NA,NA,NA,75,JDW,0,NA
AVIBASE-728B225E,Eurillas latirostris,Eurillas latirostris,Eurillas latirostris,Andropadus latirostris,2,Field1,NA,U,0,NA,Equatorial Guinea,NA,NA,NA,NA,NA,NA,84,NA,NA,NA,NA,JDW,0,NA
AVIBASE-728B225E,Eurillas latirostris,Eurillas latirostris,Eurillas latirostris,Andropadus latirostris,2,Field1,NA,U,0,NA,Equatorial Guinea,NA,NA,NA,NA,NA,NA,78,NA,NA,NA,71,LLP,0,NA
AVIBASE-728B225E,Eurillas latirostris,Eurillas latirostris,Eurillas latirostris,Andropadus latirostris,2,Field1,NA,U,0,NA,Equatorial Guinea,NA,NA,NA,NA,NA,NA,76,NA,NA,NA,71,JDW,0,NA
AVIBASE-728B225E,Eurillas latirostris,Eurillas latirostris,Eurillas latirostris,Andropadus latirostris,2,Field1,NA,U,0,NA,Equatorial Guinea,NA,NA,NA,NA,NA,NA,80,NA,NA,NA,78,JDW,0,NA
AVIBASE-728B225E,Eurillas latirostris,Eurillas latirostris,Eurillas latirostris,Andropadus latirostris,2,Field1,NA,U,0,NA,Equatorial Guinea,NA,NA,NA,NA,NA,NA,75,NA,NA,NA,76,LLP,0,NA
AVIBASE-728B225E,Eurillas latirostris,Eurillas latirostris,Eurillas latirostris,Andropadus latirostris,2,Field1,NA,U,0,NA,Equatorial Guinea,NA,NA,NA,NA,NA,NA,NA,NA,NA,NA,73,JDW,0,NA
AVIBASE-728B225E,Eurillas latirostris,Eurillas latirostris,Eurillas latirostris,Andropadus latirostris,2,Field1,NA,U,0,NA,Equatorial Guinea,NA,NA,NA,NA,NA,NA,83,NA,NA,NA,78,JDW,0,NA
AVIBASE-728B225E,Eurillas latirostris,Eurillas latirostris,Eurillas latirostris,Andropadus latirostris,2,Field1,NA,F,0,NA,Equatorial Guinea,NA,NA,NA,NA,NA,NA,77,NA,NA,NA,70,CAY,0,NA
AVIBASE-728B225E,Eurillas latirostris,Eurillas latirostris,Eurillas latirostris,Andropadus latirostris,2,Field1,NA,U,0,NA,Equatorial Guinea,NA,NA,NA,NA,NA,NA,78,NA,NA,NA,NA,LLP,0,NA
AVIBASE-728B225E,Eurillas latirostris,Eurillas latirostris,Eurillas latirostris,Andropadus latirostris,2,Field1,NA,F,0,NA,Equatorial Guinea,NA,NA,NA,NA,NA,NA,78,NA,NA,NA,70,AME,0,NA
AVIBASE-728B225E,Eurillas latirostris,Eurillas latirostris,Eurillas latirostris,Andropadus latirostris,2,Field1,NA,U,0,NA,Equatorial Guinea,NA,NA,NA,NA,NA,NA,80,NA,NA,NA,73,AME,0,NA
AVIBASE-728B225E,Eurillas latirostris,Eurillas latirostris,Eurillas latirostris,Andropadus latirostris,2,Field1,NA,U,0,NA,Equatorial Guinea,NA,NA,NA,NA,NA,NA,78,NA,NA,NA,68,AME,0,NA
AVIBASE-728B225E,Eurillas latirostris,Eurillas latirostris,Eurillas latirostris,Andropadus latirostris,2,Field1,NA,U,0,NA,Equatorial Guinea,NA,NA,NA,NA,NA,NA,78,NA,NA,NA,74,AME,0,NA
AVIBASE-728B225E,Eurillas latirostris,Eurillas latirostris,Eurillas latirostris,Andropadus latirostris,2,Field1,NA,U,0,NA,Equatorial Guinea,NA,NA,NA,NA,NA,20.8,72,NA,NA,NA,66,AME,0,NA
AVIBASE-728B225E,Eurillas latirostris,Eurillas latirostris,Eurillas latirostris,Andropadus latirostris,2,Field1,NA,U,0,NA,Equatorial Guinea,NA,NA,NA,NA,NA,NA,81,NA,NA,NA,78,CAY,0,NA
AVIBASE-728B225E,Eurillas latirostris,Eurillas latirostris,Eurillas latirostris,Andropadus latirostris,2,Field1,NA,U,0,NA,Equatorial Guinea,NA,NA,NA,NA,NA,NA,78,NA,NA,NA,72,CAY,0,NA
AVIBASE-728B225E,Eurillas latirostris,Eurillas latirostris,Eurillas latirostris,Andropadus latirostris,2,Field1,NA,U,0,NA,Equatorial Guinea,NA,NA,NA,NA,NA,NA,78,NA,NA,NA,73,CAY,0,NA
AVIBASE-728B225E,Eurillas latirostris,Eurillas latirostris,Eurillas latirostris,Andropadus latirostris,2,Field1,NA,U,0,NA,Equatorial Guinea,NA,NA,NA,NA,NA,NA,76,NA,NA,NA,74,CJ,0,NA
AVIBASE-728B225E,Eurillas latirostris,Eurillas latirostris,Eurillas latirostris,Andropadus latirostris,2,Field1,NA,U,0,NA,Equatorial Guinea,NA,NA,NA,NA,NA,NA,76,NA,NA,NA,68,CAY,0,NA
AVIBASE-728B225E,Eurillas latirostris,Eurillas latirostris,Eurillas latirostris,Andropadus latirostris,2,Field1,NA,U,0,NA,Equatorial Guinea,NA,NA,NA,NA,NA,NA,81,NA,NA,NA,73,CAY,0,NA
AVIBASE-728B225E,Eurillas latirostris,Eurillas latirostris,Eurillas latirostris,Andropadus latirostris,2,Field1,NA,U,0,NA,Equatorial Guinea,NA,NA,NA,NA,NA,NA,87,NA,NA,NA,NA,CAY,0,NA
AVIBASE-728B225E,Eurillas latirostris,Eurillas latirostris,Eurillas latirostris,Andropadus latirostris,2,Field1,NA,U,0,NA,Equatorial Guinea,NA,NA,NA,NA,NA,NA,80,NA,NA,NA,79,CAY,0,NA
AVIBASE-728B225E,Eurillas latirostris,Eurillas latirostris,Eurillas latirostris,Andropadus latirostris,2,Field1,NA,U,0,NA,Equatorial Guinea,NA,NA,NA,NA,NA,NA,75,NA,NA,NA,71,CAY,0,NA
AVIBASE-728B225E,Eurillas latirostris,Eurillas latirostris,Eurillas latirostris,Andropadus latirostris,2,Field1,NA,U,0,NA,Equatorial Guinea,NA,NA,NA,NA,NA,NA,75,NA,NA,NA,67,AKW,0,NA
AVIBASE-728B225E,Eurillas latirostris,Eurillas latirostris,Eurillas latirostris,Andropadus latirostris,2,Field1,NA,U,0,NA,Equatorial Guinea,NA,NA,NA,NA,NA,NA,78,NA,NA,NA,74,JDW,0,NA
AVIBASE-728B225E,Eurillas latirostris,Eurillas latirostris,Eurillas latirostris,Andropadus latirostris,2,Field1,NA,U,0,NA,Equatorial Guinea,NA,NA,NA,NA,NA,NA,78,NA,NA,NA,69,HP,0,NA
AVIBASE-728B225E,Eurillas latirostris,Eurillas latirostris,Eurillas latirostris,Andropadus latirostris,2,Field1,NA,U,0,NA,Equatorial Guinea,NA,NA,NA,NA,NA,NA,76,NA,NA,NA,70,JDW,0,NA
AVIBASE-728B225E,Eurillas latirostris,Eurillas latirostris,Eurillas latirostris,Andropadus latirostris,2,Field1,NA,F,0,NA,Equatorial Guinea,NA,NA,NA,NA,NA,NA,76,NA,NA,NA,70,JDW,0,NA
AVIBASE-728B225E,Eurillas latirostris,Eurillas latirostris,Eurillas latirostris,Andropadus latirostris,2,Field1,NA,U,0,NA,Equatorial Guinea,NA,NA,NA,NA,NA,NA,77,NA,NA,NA,69,SEM,0,NA
AVIBASE-728B225E,Eurillas latirostris,Eurillas latirostris,Eurillas latirostris,Andropadus latirostris,2,Field1,NA,F,0,NA,Equatorial Guinea,NA,NA,NA,NA,NA,NA,80,NA,NA,NA,78,JDW,0,NA
AVIBASE-728B225E,Eurillas latirostris,Eurillas latirostris,Eurillas latirostris,Andropadus latirostris,2,Field1,NA,U,0,NA,Equatorial Guinea,NA,NA,NA,NA,NA,NA,NA,NA,NA,NA,72,JDW,0,NA
AVIBASE-728B225E,Eurillas latirostris,Eurillas latirostris,Eurillas latirostris,Andropadus latirostris,2,Field1,NA,F,0,NA,Equatorial Guinea,NA,NA,NA,NA,NA,NA,83,NA,NA,NA,78,CJ,0,NA
AVIBASE-728B225E,Eurillas latirostris,Eurillas latirostris,Eurillas latirostris,Andropadus latirostris,2,Field1,NA,F,0,NA,Equatorial Guinea,NA,NA,NA,NA,NA,NA,83,NA,NA,NA,74,JDW,0,NA
AVIBASE-728B225E,Eurillas latirostris,Eurillas latirostris,Eurillas latirostris,Andropadus latirostris,2,Field1,NA,U,0,NA,Equatorial Guinea,NA,NA,NA,NA,NA,NA,NA,NA,NA,NA,72,JDW,0,NA
AVIBASE-728B225E,Eurillas latirostris,Eurillas latirostris,Eurillas latirostris,Andropadus latirostris,2,Field1,NA,F,0,NA,Equatorial Guinea,NA,NA,NA,NA,NA,NA,78,NA,NA,NA,76,JDW,0,NA
AVIBASE-728B225E,Eurillas latirostris,Eurillas latirostris,Eurillas latirostris,Andropadus latirostris,2,Field1,NA,F,0,NA,Equatorial Guinea,NA,NA,NA,NA,NA,NA,74,NA,NA,NA,74,JDW,0,NA
AVIBASE-728B225E,Eurillas latirostris,Eurillas latirostris,Eurillas latirostris,Andropadus latirostris,2,Field1,NA,U,0,NA,Equatorial Guinea,NA,NA,NA,NA,NA,NA,77,NA,NA,NA,71,JDW,0,NA
AVIBASE-728B225E,Eurillas latirostris,Eurillas latirostris,Eurillas latirostris,Andropadus latirostris,2,Field1,NA,M,0,NA,Equatorial Guinea,NA,NA,NA,NA,NA,NA,83,NA,NA,NA,77,CJ,0,NA
AVIBASE-728B225E,Eurillas latirostris,Eurillas latirostris,Eurillas latirostris,Andropadus latirostris,2,Field1,NA,F,0,NA,Equatorial Guinea,NA,NA,NA,NA,NA,NA,75,NA,NA,NA,66,CJ,0,NA
AVIBASE-728B225E,Eurillas latirostris,Eurillas latirostris,Eurillas latirostris,Andropadus latirostris,2,Field1,NA,F,0,NA,Equatorial Guinea,NA,NA,NA,NA,NA,NA,75,NA,NA,NA,72,CJ,0,NA
AVIBASE-728B225E,Eurillas latirostris,Eurillas latirostris,Eurillas latirostris,Andropadus latirostris,2,Field1,NA,U,0,NA,Equatorial Guinea,NA,NA,NA,NA,NA,NA,76,NA,NA,NA,71,SAL,0,NA
AVIBASE-728B225E,Eurillas latirostris,Eurillas latirostris,Eurillas latirostris,Andropadus latirostris,2,Field1,NA,F,0,NA,Equatorial Guinea,NA,NA,NA,NA,NA,NA,79,NA,NA,NA,84,CJ,0,NA
AVIBASE-728B225E,Eurillas latirostris,Eurillas latirostris,Eurillas latirostris,Andropadus latirostris,2,Field1,NA,U,0,NA,Equatorial Guinea,NA,NA,NA,NA,NA,NA,83,NA,NA,NA,77,JDW,0,NA
AVIBASE-728B225E,Eurillas latirostris,Eurillas latirostris,Eurillas latirostris,Andropadus latirostris,2,Field1,NA,F,0,NA,Equatorial Guinea,NA,NA,NA,NA,NA,NA,78,NA,NA,NA,75,AKW,0,NA
AVIBASE-728B225E,Eurillas latirostris,Eurillas latirostris,Eurillas latirostris,Andropadus latirostris,2,Field1,NA,U,0,NA,Equatorial Guinea,NA,NA,NA,NA,NA,NA,72,NA,NA,NA,66,CJ,0,NA
AVIBASE-728B225E,Eurillas latirostris,Eurillas latirostris,Eurillas latirostris,Andropadus latirostris,2,Field1,NA,U,0,NA,Equatorial Guinea,NA,NA,NA,NA,NA,NA,81,NA,NA,NA,77,CJ,0,NA
AVIBASE-728B225E,Eurillas latirostris,Eurillas latirostris,Eurillas latirostris,Andropadus latirostris,2,Field1,NA,U,0,NA,Equatorial Guinea,NA,NA,NA,NA,NA,NA,84,NA,NA,NA,78,MAF,0,NA
AVIBASE-728B225E,Eurillas latirostris,Eurillas latirostris,Eurillas latirostris,Andropadus latirostris,2,Field1,NA,U,0,NA,Equatorial Guinea,NA,NA,NA,NA,NA,NA,74,NA,NA,NA,76,CJ,0,NA
AVIBASE-728B225E,Eurillas latirostris,Eurillas latirostris,Eurillas latirostris,Andropadus latirostris,2,Field1,NA,U,0,NA,Equatorial Guinea,NA,NA,NA,NA,NA,NA,82,NA,NA,NA,78,CJ,0,NA
AVIBASE-728B225E,Eurillas latirostris,Eurillas latirostris,Eurillas latirostris,Andropadus latirostris,2,Field1,NA,F,0,NA,Equatorial Guinea,NA,NA,NA,NA,NA,NA,78,NA,NA,NA,73,JDW,0,NA
AVIBASE-728B225E,Eurillas latirostris,Eurillas latirostris,Eurillas latirostris,Andropadus latirostris,2,Field1,NA,U,0,NA,Equatorial Guinea,NA,NA,NA,NA,NA,NA,83,NA,NA,NA,75,JDW,0,NA
AVIBASE-728B225E,Eurillas latirostris,Eurillas latirostris,Eurillas latirostris,Andropadus latirostris,2,Field1,NA,F,0,NA,Equatorial Guinea,NA,NA,NA,NA,NA,NA,77,NA,NA,NA,68,LLP,0,NA
AVIBASE-728B225E,Eurillas latirostris,Eurillas latirostris,Eurillas latirostris,Andropadus latirostris,2,Field1,NA,U,0,NA,Equatorial Guinea,NA,NA,NA,NA,NA,NA,77,NA,NA,NA,73,CJ,0,NA
AVIBASE-728B225E,Eurillas latirostris,Eurillas latirostris,Eurillas latirostris,Andropadus latirostris,2,Field1,NA,F,0,NA,Equatorial Guinea,NA,NA,NA,NA,NA,NA,78,NA,NA,NA,75,JDW,0,NA
AVIBASE-728B225E,Eurillas latirostris,Eurillas latirostris,Eurillas latirostris,Andropadus latirostris,2,Field1,NA,F,0,NA,Equatorial Guinea,NA,NA,NA,NA,NA,NA,78,NA,NA,NA,76,JDW,0,NA
AVIBASE-728B225E,Eurillas latirostris,Eurillas latirostris,Eurillas latirostris,Andropadus latirostris,2,Field1,NA,U,0,NA,Equatorial Guinea,NA,NA,NA,NA,NA,NA,74,NA,NA,NA,72,JDW,0,NA
AVIBASE-728B225E,Eurillas latirostris,Eurillas latirostris,Eurillas latirostris,Andropadus latirostris,2,Field1,NA,F,0,NA,Equatorial Guinea,NA,NA,NA,NA,NA,NA,77,NA,NA,NA,72,JDW,0,NA
AVIBASE-728B225E,Eurillas latirostris,Eurillas latirostris,Eurillas latirostris,Andropadus latirostris,2,Field1,NA,U,0,NA,Equatorial Guinea,NA,NA,NA,NA,NA,NA,82,NA,NA,NA,76,JDW,0,NA
AVIBASE-728B225E,Eurillas latirostris,Eurillas latirostris,Eurillas latirostris,Andropadus latirostris,2,Field1,NA,U,0,NA,Equatorial Guinea,NA,NA,NA,NA,NA,NA,82,NA,NA,NA,87,SEM,0,NA
AVIBASE-728B225E,Eurillas latirostris,Eurillas latirostris,Eurillas latirostris,Andropadus latirostris,2,Field1,NA,U,0,NA,Equatorial Guinea,NA,NA,NA,NA,NA,NA,72,NA,NA,NA,69,JDW,0,NA
AVIBASE-728B225E,Eurillas latirostris,Eurillas latirostris,Eurillas latirostris,Andropadus latirostris,2,Field1,NA,F,0,NA,Equatorial Guinea,NA,NA,NA,NA,NA,NA,76,NA,NA,NA,74,JDW,0,NA
AVIBASE-728B225E,Eurillas latirostris,Eurillas latirostris,Eurillas latirostris,Andropadus latirostris,2,Field1,NA,M,0,NA,Equatorial Guinea,NA,NA,NA,NA,NA,NA,76,NA,NA,NA,70,AKW,0,NA
AVIBASE-728B225E,Eurillas latirostris,Eurillas latirostris,Eurillas latirostris,Andropadus latirostris,2,Field1,NA,F,0,NA,Equatorial Guinea,NA,NA,NA,NA,NA,NA,76,NA,NA,NA,70,AKW,0,NA
AVIBASE-728B225E,Eurillas latirostris,Eurillas latirostris,Eurillas latirostris,Andropadus latirostris,2,Field1,NA,F,0,NA,Equatorial Guinea,NA,NA,NA,NA,NA,NA,81,NA,NA,NA,73,AKW,0,NA
AVIBASE-728B225E,Eurillas latirostris,Eurillas latirostris,Eurillas latirostris,Andropadus latirostris,2,Field1,NA,F,0,NA,Equatorial Guinea,NA,NA,NA,NA,NA,NA,80,NA,NA,NA,75,JHW,0,NA
AVIBASE-728B225E,Eurillas latirostris,Eurillas latirostris,Eurillas latirostris,Andropadus latirostris,2,Field1,NA,F,0,NA,Equatorial Guinea,NA,NA,NA,NA,NA,NA,78,NA,NA,NA,74,JHW,0,NA
AVIBASE-728B225E,Eurillas latirostris,Eurillas latirostris,Eurillas latirostris,Andropadus latirostris,2,Field1,NA,F,0,NA,Equatorial Guinea,NA,NA,NA,NA,NA,NA,75,NA,NA,NA,71,CJ,0,NA
AVIBASE-728B225E,Eurillas latirostris,Eurillas latirostris,Eurillas latirostris,Andropadus latirostris,2,Field1,NA,U,0,NA,Equatorial Guinea,NA,NA,NA,NA,NA,NA,78,NA,NA,NA,69,AKW,0,NA
AVIBASE-728B225E,Eurillas latirostris,Eurillas latirostris,Eurillas latirostris,Andropadus latirostris,2,Field1,NA,F,0,NA,Equatorial Guinea,NA,NA,NA,NA,NA,NA,78,NA,NA,NA,70,LLP,0,NA
AVIBASE-728B225E,Eurillas latirostris,Eurillas latirostris,Eurillas latirostris,Andropadus latirostris,2,Field1,NA,U,0,NA,Equatorial Guinea,NA,NA,NA,NA,NA,NA,83,NA,NA,NA,80,CAY,0,NA
AVIBASE-728B225E,Eurillas latirostris,Eurillas latirostris,Eurillas latirostris,Andropadus latirostris,2,Field1,NA,U,0,NA,Equatorial Guinea,NA,NA,NA,NA,NA,NA,89,NA,NA,NA,71,CAY,0,NA
AVIBASE-728B225E,Eurillas latirostris,Eurillas latirostris,Eurillas latirostris,Andropadus latirostris,2,Field1,NA,U,0,NA,Equatorial Guinea,NA,NA,NA,NA,NA,NA,83,NA,NA,NA,75,JDW,0,NA
AVIBASE-728B225E,Eurillas latirostris,Eurillas latirostris,Eurillas latirostris,Andropadus latirostris,2,Field1,NA,U,0,NA,Equatorial Guinea,NA,NA,NA,NA,NA,NA,82,NA,NA,NA,75,JHW,0,NA
AVIBASE-728B225E,Eurillas latirostris,Eurillas latirostris,Eurillas latirostris,Andropadus latirostris,2,Field1,NA,U,0,NA,Equatorial Guinea,NA,NA,NA,NA,NA,NA,83,NA,NA,NA,76,LLP,0,NA
AVIBASE-728B225E,Eurillas latirostris,Eurillas latirostris,Eurillas latirostris,Andropadus latirostris,2,Field1,NA,U,0,NA,Equatorial Guinea,NA,NA,NA,NA,NA,NA,84,NA,NA,NA,83,JDW,0,NA
AVIBASE-728B225E,Eurillas latirostris,Eurillas latirostris,Eurillas latirostris,Andropadus latirostris,2,Field1,NA,F,0,NA,Equatorial Guinea,NA,NA,NA,NA,NA,NA,75,NA,NA,NA,71,JDW,0,NA
AVIBASE-728B225E,Eurillas latirostris,Eurillas latirostris,Eurillas latirostris,Andropadus latirostris,2,Field1,NA,U,0,NA,Equatorial Guinea,NA,NA,NA,NA,NA,NA,75,NA,NA,NA,73,JDW,0,NA
AVIBASE-728B225E,Eurillas latirostris,Eurillas latirostris,Eurillas latirostris,Andropadus latirostris,2,Field1,NA,U,0,NA,Equatorial Guinea,NA,NA,NA,NA,NA,NA,82,NA,NA,NA,74,CAY,0,NA
AVIBASE-728B225E,Eurillas latirostris,Eurillas latirostris,Eurillas latirostris,Andropadus latirostris,2,Field1,NA,U,0,NA,Equatorial Guinea,NA,NA,NA,NA,NA,NA,73,NA,NA,NA,66,CAY,0,NA
AVIBASE-728B225E,Eurillas latirostris,Eurillas latirostris,Eurillas latirostris,Andropadus latirostris,2,Field1,NA,U,0,NA,Equatorial Guinea,NA,NA,NA,NA,NA,NA,80,NA,NA,NA,82,KEB,0,NA
AVIBASE-728B225E,Eurillas latirostris,Eurillas latirostris,Eurillas latirostris,Andropadus latirostris,2,Field1,NA,U,0,NA,Equatorial Guinea,NA,NA,NA,NA,NA,NA,78,NA,NA,NA,69,CAY,0,NA
AVIBASE-728B225E,Eurillas latirostris,Eurillas latirostris,Eurillas latirostris,Andropadus latirostris,2,Field1,NA,F,0,NA,Equatorial Guinea,NA,NA,NA,NA,NA,NA,75,NA,NA,NA,71,JDW,0,NA
AVIBASE-728B225E,Eurillas latirostris,Eurillas latirostris,Eurillas latirostris,Andropadus latirostris,2,Field1,NA,U,0,NA,Equatorial Guinea,NA,NA,NA,NA,NA,NA,79,NA,NA,NA,71,LLP,0,NA
AVIBASE-728B225E,Eurillas latirostris,Eurillas latirostris,Eurillas latirostris,Andropadus latirostris,2,Field1,NA,U,0,NA,Equatorial Guinea,NA,NA,NA,NA,NA,NA,80,NA,NA,NA,77,JDW,0,NA
AVIBASE-728B225E,Eurillas latirostris,Eurillas latirostris,Eurillas latirostris,Andropadus latirostris,2,Field1,NA,U,0,NA,Equatorial Guinea,NA,NA,NA,NA,NA,NA,81,NA,NA,NA,NA,LLP,0,NA
AVIBASE-728B225E,Eurillas latirostris,Eurillas latirostris,Eurillas latirostris,Andropadus latirostris,2,Field1,NA,U,0,NA,Equatorial Guinea,NA,NA,NA,NA,NA,NA,76,NA,NA,NA,71,LLP,0,NA
AVIBASE-728B225E,Eurillas latirostris,Eurillas latirostris,Eurillas latirostris,Andropadus latirostris,2,Field1,NA,F,0,NA,Equatorial Guinea,NA,NA,NA,NA,NA,NA,74,NA,NA,NA,NA,LLP,0,NA
AVIBASE-728B225E,Eurillas latirostris,Eurillas latirostris,Eurillas latirostris,Andropadus latirostris,2,Field1,NA,U,0,NA,Equatorial Guinea,NA,NA,NA,NA,NA,NA,84,NA,NA,NA,77,LLP,0,NA
AVIBASE-728B225E,Eurillas latirostris,Eurillas latirostris,Eurillas latirostris,Andropadus latirostris,2,Field1,NA,U,0,NA,Equatorial Guinea,NA,NA,NA,NA,NA,NA,82,NA,NA,NA,76,LLP,0,NA
AVIBASE-728B225E,Eurillas latirostris,Eurillas latirostris,Eurillas latirostris,Andropadus latirostris,2,Field1,NA,U,0,NA,Equatorial Guinea,NA,NA,NA,NA,NA,NA,76,NA,NA,NA,74,JDW,0,NA
AVIBASE-728B225E,Eurillas latirostris,Eurillas latirostris,Eurillas latirostris,Andropadus latirostris,2,Field1,NA,F,0,NA,Equatorial Guinea,NA,NA,NA,NA,NA,NA,79,NA,NA,NA,68,JDW,0,NA
AVIBASE-728B225E,Eurillas latirostris,Eurillas latirostris,Eurillas latirostris,Andropadus latirostris,2,Field1,NA,U,0,NA,Equatorial Guinea,NA,NA,NA,NA,NA,NA,82,NA,NA,NA,74,LLP,0,NA
AVIBASE-728B225E,Eurillas latirostris,Eurillas latirostris,Eurillas latirostris,Andropadus latirostris,2,Field1,NA,F,0,NA,Equatorial Guinea,NA,NA,NA,NA,NA,NA,78,NA,NA,NA,75,JDW,0,NA
AVIBASE-728B225E,Eurillas latirostris,Eurillas latirostris,Eurillas latirostris,Andropadus latirostris,2,Field1,NA,F,0,NA,Equatorial Guinea,NA,NA,NA,NA,NA,NA,78,NA,NA,NA,74,JDW,0,NA
AVIBASE-728B225E,Eurillas latirostris,Eurillas latirostris,Eurillas latirostris,Andropadus latirostris,2,Field1,NA,F,0,NA,Equatorial Guinea,NA,NA,NA,NA,NA,NA,78,NA,NA,NA,75,JDW,0,NA
AVIBASE-728B225E,Eurillas latirostris,Eurillas latirostris,Eurillas latirostris,Andropadus latirostris,2,Field1,NA,F,0,NA,Equatorial Guinea,NA,NA,NA,NA,NA,NA,73,NA,NA,NA,71,JHW,0,NA
AVIBASE-728B225E,Eurillas latirostris,Eurillas latirostris,Eurillas latirostris,Andropadus latirostris,2,Field1,NA,U,0,NA,Equatorial Guinea,NA,NA,NA,NA,NA,NA,78,NA,NA,NA,71,JHW,0,NA
AVIBASE-728B225E,Eurillas latirostris,Eurillas latirostris,Eurillas latirostris,Andropadus latirostris,2,Field1,NA,M,0,NA,Equatorial Guinea,NA,NA,NA,NA,NA,NA,81,NA,NA,NA,77,JDW,0,NA
AVIBASE-728B225E,Eurillas latirostris,Eurillas latirostris,Eurillas latirostris,Andropadus latirostris,2,Field1,NA,U,0,NA,Equatorial Guinea,NA,NA,NA,NA,NA,NA,82,NA,NA,NA,77,JDW,0,NA
AVIBASE-728B225E,Eurillas latirostris,Eurillas latirostris,Eurillas latirostris,Andropadus latirostris,2,Field1,NA,U,0,NA,Equatorial Guinea,NA,NA,NA,NA,NA,NA,77,NA,NA,NA,71,JHW,0,NA
AVIBASE-728B225E,Eurillas latirostris,Eurillas latirostris,Eurillas latirostris,Andropadus latirostris,2,Field1,NA,M,0,NA,Equatorial Guinea,NA,NA,NA,NA,NA,NA,85,NA,NA,NA,70,SAL,0,NA
AVIBASE-728B225E,Eurillas latirostris,Eurillas latirostris,Eurillas latirostris,Andropadus latirostris,2,Field1,NA,U,0,NA,Equatorial Guinea,NA,NA,NA,NA,NA,NA,87,NA,NA,NA,77,JHW,0,NA
AVIBASE-728B225E,Eurillas latirostris,Eurillas latirostris,Eurillas latirostris,Andropadus latirostris,2,Field1,NA,U,0,NA,Equatorial Guinea,NA,NA,NA,NA,NA,NA,83,NA,NA,NA,74,JHW,0,NA
AVIBASE-728B225E,Eurillas latirostris,Eurillas latirostris,Eurillas latirostris,Andropadus latirostris,2,Field1,NA,U,0,NA,Equatorial Guinea,NA,NA,NA,NA,NA,NA,87,NA,NA,NA,71,JHW,0,NA
AVIBASE-728B225E,Eurillas latirostris,Eurillas latirostris,Eurillas latirostris,Andropadus latirostris,2,Field1,NA,U,0,NA,Equatorial Guinea,NA,NA,NA,NA,NA,NA,87,NA,NA,NA,81,SAL,0,NA
AVIBASE-728B225E,Eurillas latirostris,Eurillas latirostris,Eurillas latirostris,Andropadus latirostris,2,Field1,NA,U,0,NA,Equatorial Guinea,NA,NA,NA,NA,NA,NA,83,NA,NA,NA,79,JHW,0,NA
AVIBASE-728B225E,Eurillas latirostris,Eurillas latirostris,Eurillas latirostris,Andropadus latirostris,2,Field1,NA,U,0,NA,Equatorial Guinea,NA,NA,NA,NA,NA,NA,78,NA,NA,NA,73,JHW,0,NA
AVIBASE-728B225E,Eurillas latirostris,Eurillas latirostris,Eurillas latirostris,Andropadus latirostris,2,Field1,NA,M,0,NA,Equatorial Guinea,NA,NA,NA,NA,NA,NA,81,NA,NA,NA,79,JHW,0,NA
AVIBASE-728B225E,Eurillas latirostris,Eurillas latirostris,Eurillas latirostris,Andropadus latirostris,2,Field1,NA,U,0,NA,Equatorial Guinea,NA,NA,NA,NA,NA,NA,78,NA,NA,NA,74,AKW,0,NA
AVIBASE-728B225E,Eurillas latirostris,Eurillas latirostris,Eurillas latirostris,Andropadus latirostris,2,Field1,NA,U,0,NA,Equatorial Guinea,NA,NA,NA,NA,NA,NA,83,NA,NA,NA,76,AKW,0,NA
AVIBASE-728B225E,Eurillas latirostris,Eurillas latirostris,Eurillas latirostris,Andropadus latirostris,2,Field1,NA,U,0,NA,Equatorial Guinea,NA,NA,NA,NA,NA,NA,82,NA,NA,NA,77,JHW,0,NA
AVIBASE-728B225E,Eurillas latirostris,Eurillas latirostris,Eurillas latirostris,Andropadus latirostris,2,Field1,NA,U,0,NA,Equatorial Guinea,NA,NA,NA,NA,NA,NA,79,NA,NA,NA,78,AKW,0,NA
AVIBASE-728B225E,Eurillas latirostris,Eurillas latirostris,Eurillas latirostris,Andropadus latirostris,2,Field1,NA,U,0,NA,Equatorial Guinea,NA,NA,NA,NA,NA,NA,77,NA,NA,NA,73,JHW,0,NA
AVIBASE-728B225E,Eurillas latirostris,Eurillas latirostris,Eurillas latirostris,Andropadus latirostris,2,Field1,NA,F,0,NA,Equatorial Guinea,NA,NA,NA,NA,NA,NA,79,NA,NA,NA,73,LLP,0,NA
AVIBASE-728B225E,Eurillas latirostris,Eurillas latirostris,Eurillas latirostris,Andropadus latirostris,2,Field1,NA,M,0,NA,Equatorial Guinea,NA,NA,NA,NA,NA,NA,82,NA,NA,NA,79,CJ,0,NA
AVIBASE-728B225E,Eurillas latirostris,Eurillas latirostris,Eurillas latirostris,Andropadus latirostris,2,Field1,NA,U,0,NA,Equatorial Guinea,NA,NA,NA,NA,NA,NA,82,NA,NA,NA,79,JHW,0,NA
AVIBASE-728B225E,Eurillas latirostris,Eurillas latirostris,Eurillas latirostris,Andropadus latirostris,2,Field1,NA,M,0,NA,Equatorial Guinea,NA,NA,NA,NA,NA,NA,85,NA,NA,NA,81,JHW,0,NA
AVIBASE-728B225E,Eurillas latirostris,Eurillas latirostris,Eurillas latirostris,Andropadus latirostris,2,Field1,NA,U,0,NA,Equatorial Guinea,NA,NA,NA,NA,NA,NA,83,NA,NA,NA,NA,JHW,0,NA
AVIBASE-728B225E,Eurillas latirostris,Eurillas latirostris,Eurillas latirostris,Andropadus latirostris,2,Field1,NA,U,0,NA,Equatorial Guinea,NA,NA,NA,NA,NA,NA,85,NA,NA,NA,NA,JHW,0,NA
AVIBASE-728B225E,Eurillas latirostris,Eurillas latirostris,Eurillas latirostris,Andropadus latirostris,2,Field1,NA,U,0,NA,Equatorial Guinea,NA,NA,NA,NA,NA,NA,75,NA,NA,NA,71,JHW,0,NA
AVIBASE-728B225E,Eurillas latirostris,Eurillas latirostris,Eurillas latirostris,Andropadus latirostris,2,Field1,NA,U,0,NA,Equatorial Guinea,NA,NA,NA,NA,NA,NA,74,NA,NA,NA,70,JHW,0,NA
AVIBASE-728B225E,Eurillas latirostris,Eurillas latirostris,Eurillas latirostris,Andropadus latirostris,2,Field1,NA,M,0,NA,Equatorial Guinea,NA,NA,NA,NA,NA,NA,84,NA,NA,NA,79,JHW,0,NA
AVIBASE-728B225E,Eurillas latirostris,Eurillas latirostris,Eurillas latirostris,Andropadus latirostris,2,Field1,NA,U,0,NA,Equatorial Guinea,NA,NA,NA,NA,NA,NA,82,NA,NA,NA,75,AKW,0,NA
AVIBASE-728B225E,Eurillas latirostris,Eurillas latirostris,Eurillas latirostris,Andropadus latirostris,2,Field1,NA,M,0,NA,Equatorial Guinea,NA,NA,NA,NA,NA,NA,86,NA,NA,NA,81,JHW,0,NA
AVIBASE-728B225E,Eurillas latirostris,Eurillas latirostris,Eurillas latirostris,Andropadus latirostris,2,Field1,NA,U,0,NA,Equatorial Guinea,NA,NA,NA,NA,NA,NA,77,NA,NA,NA,72,AKW,0,NA
AVIBASE-728B225E,Eurillas latirostris,Eurillas latirostris,Eurillas latirostris,Andropadus latirostris,2,Field1,NA,U,0,NA,Equatorial Guinea,NA,NA,NA,NA,NA,NA,73,NA,NA,NA,70,JHW,0,NA
AVIBASE-728B225E,Eurillas latirostris,Eurillas latirostris,Eurillas latirostris,Andropadus latirostris,2,Field1,NA,U,0,NA,Equatorial Guinea,NA,NA,NA,NA,NA,NA,84,NA,NA,NA,77,AKW,0,NA
AVIBASE-728B225E,Eurillas latirostris,Eurillas latirostris,Eurillas latirostris,Andropadus latirostris,2,Field1,NA,U,0,NA,Equatorial Guinea,NA,NA,NA,NA,NA,NA,82,NA,NA,NA,80,AKW,0,NA
AVIBASE-728B225E,Eurillas latirostris,Eurillas latirostris,Eurillas latirostris,Andropadus latirostris,2,Field1,NA,U,0,NA,Equatorial Guinea,NA,NA,NA,NA,NA,NA,82,NA,NA,NA,74,AKW,0,NA
AVIBASE-728B225E,Eurillas latirostris,Eurillas latirostris,Eurillas latirostris,Andropadus latirostris,2,Field1,NA,U,0,NA,Equatorial Guinea,NA,NA,NA,NA,NA,NA,81,NA,NA,NA,75,JHW,0,NA
AVIBASE-728B225E,Eurillas latirostris,Eurillas latirostris,Eurillas latirostris,Andropadus latirostris,2,Field1,NA,U,0,NA,Equatorial Guinea,NA,NA,NA,NA,NA,NA,74,NA,NA,NA,69,AKW,0,NA
AVIBASE-728B225E,Eurillas latirostris,Eurillas latirostris,Eurillas latirostris,Andropadus latirostris,2,Field1,NA,U,0,NA,Equatorial Guinea,NA,NA,NA,NA,NA,NA,75,NA,NA,NA,73,AKW,0,NA
AVIBASE-728B225E,Eurillas latirostris,Eurillas latirostris,Eurillas latirostris,Andropadus latirostris,2,Field1,NA,U,0,NA,Equatorial Guinea,NA,NA,NA,NA,NA,NA,83,NA,NA,NA,82,AKW,0,NA
AVIBASE-728B225E,Eurillas latirostris,Eurillas latirostris,Eurillas latirostris,Andropadus latirostris,2,Field1,NA,F,0,NA,Equatorial Guinea,NA,NA,NA,NA,NA,NA,77,NA,NA,NA,70,SEM,0,NA
AVIBASE-728B225E,Eurillas latirostris,Eurillas latirostris,Eurillas latirostris,Andropadus latirostris,2,Field1,NA,F,0,NA,Equatorial Guinea,NA,NA,NA,NA,NA,NA,79,NA,NA,NA,74,SEM,0,NA
AVIBASE-728B225E,Eurillas latirostris,Eurillas latirostris,Eurillas latirostris,Andropadus latirostris,2,Field1,NA,F,0,NA,Equatorial Guinea,NA,NA,NA,NA,NA,NA,75,NA,NA,NA,NA,CJ,0,NA
AVIBASE-728B225E,Eurillas latirostris,Eurillas latirostris,Eurillas latirostris,Andropadus latirostris,2,Field1,NA,U,0,NA,Equatorial Guinea,NA,NA,NA,NA,NA,NA,83,NA,NA,NA,78,SEM,0,NA
AVIBASE-728B225E,Eurillas latirostris,Eurillas latirostris,Eurillas latirostris,Andropadus latirostris,2,Field1,NA,F,0,NA,Equatorial Guinea,NA,NA,NA,NA,NA,NA,76,NA,NA,NA,74,SEM,0,NA
AVIBASE-728B225E,Eurillas latirostris,Eurillas latirostris,Eurillas latirostris,Andropadus latirostris,2,Field1,NA,F,0,NA,Equatorial Guinea,NA,NA,NA,NA,NA,NA,78,NA,NA,NA,74,CJ,0,NA
AVIBASE-728B225E,Eurillas latirostris,Eurillas latirostris,Eurillas latirostris,Andropadus latirostris,2,Field1,NA,F,0,NA,Equatorial Guinea,NA,NA,NA,NA,NA,NA,76,NA,NA,NA,73,JHW,0,NA
AVIBASE-728B225E,Eurillas latirostris,Eurillas latirostris,Eurillas latirostris,Andropadus latirostris,2,Field1,NA,F,0,NA,Equatorial Guinea,NA,NA,NA,NA,NA,NA,74,NA,NA,NA,72,JDW,0,NA
AVIBASE-728B225E,Eurillas latirostris,Eurillas latirostris,Eurillas latirostris,Andropadus latirostris,2,Field1,NA,F,0,NA,Equatorial Guinea,NA,NA,NA,NA,NA,NA,77,NA,NA,NA,68,CJ,0,NA
AVIBASE-728B225E,Eurillas latirostris,Eurillas latirostris,Eurillas latirostris,Andropadus latirostris,2,Field1,NA,F,0,NA,Equatorial Guinea,NA,NA,NA,NA,NA,NA,79,NA,NA,NA,71,CJ,0,NA
AVIBASE-728B225E,Eurillas latirostris,Eurillas latirostris,Eurillas latirostris,Andropadus latirostris,2,Field1,NA,F,0,NA,Equatorial Guinea,NA,NA,NA,NA,NA,NA,77,NA,NA,NA,77,JHW,0,NA
AVIBASE-728B225E,Eurillas latirostris,Eurillas latirostris,Eurillas latirostris,Andropadus latirostris,2,Field1,NA,F,0,NA,Equatorial Guinea,NA,NA,NA,NA,NA,NA,76,NA,NA,NA,75,JHW,0,NA
AVIBASE-728B225E,Eurillas latirostris,Eurillas latirostris,Eurillas latirostris,Andropadus latirostris,2,Field1,NA,U,0,NA,Equatorial Guinea,NA,NA,NA,NA,NA,NA,73,NA,NA,NA,72,SEM,0,NA
AVIBASE-728B225E,Eurillas latirostris,Eurillas latirostris,Eurillas latirostris,Andropadus latirostris,2,Field1,NA,F,0,NA,Equatorial Guinea,NA,NA,NA,NA,NA,NA,78,NA,NA,NA,70,LLP,0,NA
AVIBASE-728B225E,Eurillas latirostris,Eurillas latirostris,Eurillas latirostris,Andropadus latirostris,2,Field1,NA,F,0,NA,Equatorial Guinea,NA,NA,NA,NA,NA,NA,77,NA,NA,NA,72,AKW,0,NA
AVIBASE-728B225E,Eurillas latirostris,Eurillas latirostris,Eurillas latirostris,Andropadus latirostris,2,Field1,NA,U,0,NA,Equatorial Guinea,NA,NA,NA,NA,NA,NA,87,NA,NA,NA,81,AKW,0,NA
AVIBASE-728B225E,Eurillas latirostris,Eurillas latirostris,Eurillas latirostris,Andropadus latirostris,2,Field1,NA,U,0,NA,Equatorial Guinea,NA,NA,NA,NA,NA,NA,84,NA,NA,NA,75,AKW,0,NA
AVIBASE-728B225E,Eurillas latirostris,Eurillas latirostris,Eurillas latirostris,Andropadus latirostris,2,Field1,NA,F,0,NA,Equatorial Guinea,NA,NA,NA,NA,NA,NA,77,NA,NA,NA,71,CJ,0,NA
AVIBASE-728B225E,Eurillas latirostris,Eurillas latirostris,Eurillas latirostris,Andropadus latirostris,2,Field1,NA,M,0,NA,Equatorial Guinea,NA,NA,NA,NA,NA,NA,79,NA,NA,NA,72,JDW,0,NA
AVIBASE-728B225E,Eurillas latirostris,Eurillas latirostris,Eurillas latirostris,Andropadus latirostris,2,Field1,NA,U,0,NA,Equatorial Guinea,NA,NA,NA,NA,NA,NA,NA,NA,NA,NA,82,JDW,0,NA
AVIBASE-728B225E,Eurillas latirostris,Eurillas latirostris,Eurillas latirostris,Andropadus latirostris,2,Field1,NA,U,0,NA,Equatorial Guinea,NA,NA,NA,NA,NA,NA,82,NA,NA,NA,76,JHW,0,NA
AVIBASE-728B225E,Eurillas latirostris,Eurillas latirostris,Eurillas latirostris,Andropadus latirostris,2,Field1,NA,U,0,NA,Equatorial Guinea,NA,NA,NA,NA,NA,NA,76,NA,NA,NA,68,JHW,0,NA
AVIBASE-728B225E,Eurillas latirostris,Eurillas latirostris,Eurillas latirostris,Andropadus latirostris,2,Field1,NA,F,0,NA,Equatorial Guinea,NA,NA,NA,NA,NA,NA,76,NA,NA,NA,71,CJ,0,NA
AVIBASE-728B225E,Eurillas latirostris,Eurillas latirostris,Eurillas latirostris,Andropadus latirostris,2,Field1,NA,U,0,NA,Equatorial Guinea,NA,NA,NA,NA,NA,NA,78,NA,NA,NA,70,JHW,0,NA
AVIBASE-728B225E,Eurillas latirostris,Eurillas latirostris,Eurillas latirostris,Andropadus latirostris,2,Field1,NA,U,0,NA,Equatorial Guinea,NA,NA,NA,NA,NA,NA,87,NA,NA,NA,78,JDW,0,NA
AVIBASE-728B225E,Eurillas latirostris,Eurillas latirostris,Eurillas latirostris,Andropadus latirostris,2,Field1,NA,M,0,NA,Equatorial Guinea,NA,NA,NA,NA,NA,NA,86,NA,NA,NA,79,AKW,0,NA
AVIBASE-728B225E,Eurillas latirostris,Eurillas latirostris,Eurillas latirostris,Andropadus latirostris,2,Field1,NA,U,0,NA,Equatorial Guinea,NA,NA,NA,NA,NA,NA,87,NA,NA,NA,78,JHW,0,NA
AVIBASE-728B225E,Eurillas latirostris,Eurillas latirostris,Eurillas latirostris,Andropadus latirostris,2,Field1,NA,U,0,NA,Equatorial Guinea,NA,NA,NA,NA,NA,NA,75,NA,NA,NA,73,JHW,0,NA
AVIBASE-728B225E,Eurillas latirostris,Eurillas latirostris,Eurillas latirostris,Andropadus latirostris,2,Field1,NA,U,0,NA,Equatorial Guinea,NA,NA,NA,NA,NA,NA,69,NA,NA,NA,69,HP,0,NA
AVIBASE-728B225E,Eurillas latirostris,Eurillas latirostris,Eurillas latirostris,Andropadus latirostris,2,Field1,NA,U,0,NA,Equatorial Guinea,NA,NA,NA,NA,NA,NA,78,NA,NA,NA,71,JHW,0,NA
AVIBASE-728B225E,Eurillas latirostris,Eurillas latirostris,Eurillas latirostris,Andropadus latirostris,2,Field1,NA,F,0,NA,Equatorial Guinea,NA,NA,NA,NA,NA,NA,78,NA,NA,NA,71,LLP,0,NA
AVIBASE-728B225E,Eurillas latirostris,Eurillas latirostris,Eurillas latirostris,Andropadus latirostris,2,Field1,NA,U,0,NA,Equatorial Guinea,NA,NA,NA,NA,NA,NA,78,NA,NA,NA,72,JHW,0,NA
AVIBASE-728B225E,Eurillas latirostris,Eurillas latirostris,Eurillas latirostris,Andropadus latirostris,2,Field1,NA,U,0,NA,Equatorial Guinea,NA,NA,NA,NA,NA,NA,82,NA,NA,NA,76,JDW,0,NA
AVIBASE-728B225E,Eurillas latirostris,Eurillas latirostris,Eurillas latirostris,Andropadus latirostris,2,Field1,NA,U,0,NA,Equatorial Guinea,NA,NA,NA,NA,NA,NA,86,NA,NA,NA,79,JHW,0,NA
AVIBASE-728B225E,Eurillas latirostris,Eurillas latirostris,Eurillas latirostris,Andropadus latirostris,2,Field1,NA,U,0,NA,Equatorial Guinea,NA,NA,NA,NA,NA,NA,82,NA,NA,NA,80,SEM,0,NA
AVIBASE-728B225E,Eurillas latirostris,Eurillas latirostris,Eurillas latirostris,Andropadus latirostris,2,Field1,NA,U,0,NA,Equatorial Guinea,NA,NA,NA,NA,NA,NA,78,NA,NA,NA,74,AKW,0,NA
AVIBASE-728B225E,Eurillas latirostris,Eurillas latirostris,Eurillas latirostris,Andropadus latirostris,2,Field1,NA,U,0,NA,Equatorial Guinea,NA,NA,NA,NA,NA,NA,77,NA,NA,NA,69,JHW,0,NA
AVIBASE-728B225E,Eurillas latirostris,Eurillas latirostris,Eurillas latirostris,Andropadus latirostris,2,Field1,NA,U,0,NA,Equatorial Guinea,NA,NA,NA,NA,NA,NA,81,NA,NA,NA,75,AKW,0,NA
AVIBASE-728B225E,Eurillas latirostris,Eurillas latirostris,Eurillas latirostris,Andropadus latirostris,2,Field1,NA,U,0,NA,Equatorial Guinea,NA,NA,NA,NA,NA,NA,83,NA,NA,NA,79,AKW,0,NA
AVIBASE-728B225E,Eurillas latirostris,Eurillas latirostris,Eurillas latirostris,Andropadus latirostris,2,Field1,NA,U,0,NA,Equatorial Guinea,NA,NA,NA,NA,NA,NA,82,NA,NA,NA,76,JHW,0,NA
AVIBASE-728B225E,Eurillas latirostris,Eurillas latirostris,Eurillas latirostris,Andropadus latirostris,2,Field1,NA,U,0,NA,Equatorial Guinea,NA,NA,NA,NA,NA,NA,80,NA,NA,NA,72,LLP,0,NA
AVIBASE-728B225E,Eurillas latirostris,Eurillas latirostris,Eurillas latirostris,Andropadus latirostris,2,Field1,NA,U,0,NA,Equatorial Guinea,NA,NA,NA,NA,NA,NA,83,NA,NA,NA,73,JDW,0,NA
AVIBASE-728B225E,Eurillas latirostris,Eurillas latirostris,Eurillas latirostris,Andropadus latirostris,2,Field1,NA,U,0,NA,Equatorial Guinea,NA,NA,NA,NA,NA,NA,83,NA,NA,NA,72,JDW,0,NA
AVIBASE-728B225E,Eurillas latirostris,Eurillas latirostris,Eurillas latirostris,Andropadus latirostris,2,Field1,NA,U,0,NA,Equatorial Guinea,NA,NA,NA,NA,NA,NA,78,NA,NA,NA,68,JDW,0,NA
AVIBASE-728B225E,Eurillas latirostris,Eurillas latirostris,Eurillas latirostris,Andropadus latirostris,2,Field1,NA,U,0,NA,Equatorial Guinea,NA,NA,NA,NA,NA,NA,85,NA,NA,NA,78,JHW,0,NA
AVIBASE-728B225E,Eurillas latirostris,Eurillas latirostris,Eurillas latirostris,Andropadus latirostris,2,Field1,NA,U,0,NA,Equatorial Guinea,NA,NA,NA,NA,NA,NA,85,NA,NA,NA,78,JHW,0,NA
AVIBASE-728B225E,Eurillas latirostris,Eurillas latirostris,Eurillas latirostris,Andropadus latirostris,2,Field1,NA,U,0,NA,Equatorial Guinea,NA,NA,NA,NA,NA,NA,87,NA,NA,NA,79,MEB,0,NA
AVIBASE-728B225E,Eurillas latirostris,Eurillas latirostris,Eurillas latirostris,Andropadus latirostris,2,Field1,NA,U,0,NA,Equatorial Guinea,NA,NA,NA,NA,NA,NA,88,NA,NA,NA,85,MEB,0,NA
AVIBASE-728B225E,Eurillas latirostris,Eurillas latirostris,Eurillas latirostris,Andropadus latirostris,2,Field1,NA,U,0,NA,Equatorial Guinea,NA,NA,NA,NA,NA,NA,89,NA,NA,NA,83,SAL,0,NA
AVIBASE-728B225E,Eurillas latirostris,Eurillas latirostris,Eurillas latirostris,Andropadus latirostris,2,Field1,NA,U,0,NA,Equatorial Guinea,NA,NA,NA,NA,NA,NA,83,NA,NA,NA,79,JDW,0,NA
AVIBASE-728B225E,Eurillas latirostris,Eurillas latirostris,Eurillas latirostris,Andropadus latirostris,2,Field1,NA,U,0,NA,Equatorial Guinea,NA,NA,NA,NA,NA,NA,82,NA,NA,NA,77,MEB,0,NA
AVIBASE-728B225E,Eurillas latirostris,Eurillas latirostris,Eurillas latirostris,Andropadus latirostris,2,Field1,NA,U,0,NA,Equatorial Guinea,NA,NA,NA,NA,NA,NA,73,NA,NA,NA,69,MEB,0,NA
AVIBASE-728B225E,Eurillas latirostris,Eurillas latirostris,Eurillas latirostris,Andropadus latirostris,2,Field1,NA,U,0,NA,Equatorial Guinea,NA,NA,NA,NA,NA,NA,75,NA,NA,NA,70,SAL,0,NA
AVIBASE-728B225E,Eurillas latirostris,Eurillas latirostris,Eurillas latirostris,Andropadus latirostris,2,Field1,NA,M,0,NA,Equatorial Guinea,NA,NA,NA,NA,NA,NA,73,NA,NA,NA,79,MEB,0,NA
AVIBASE-728B225E,Eurillas latirostris,Eurillas latirostris,Eurillas latirostris,Andropadus latirostris,2,Field1,NA,M,0,NA,Equatorial Guinea,NA,NA,NA,NA,NA,NA,81,NA,NA,NA,75,MEB,0,NA
AVIBASE-728B225E,Eurillas latirostris,Eurillas latirostris,Eurillas latirostris,Andropadus latirostris,2,Field1,NA,U,0,NA,Equatorial Guinea,NA,NA,NA,NA,NA,NA,79,NA,NA,NA,75,PFR,0,NA
AVIBASE-728B225E,Eurillas latirostris,Eurillas latirostris,Eurillas latirostris,Andropadus latirostris,2,Field1,NA,U,0,NA,Equatorial Guinea,NA,NA,NA,NA,NA,NA,83,NA,NA,NA,74,SAL,0,NA
AVIBASE-728B225E,Eurillas latirostris,Eurillas latirostris,Eurillas latirostris,Andropadus latirostris,2,Field1,NA,U,0,NA,Equatorial Guinea,NA,NA,NA,NA,NA,NA,87,NA,NA,NA,75,SEM,0,NA
AVIBASE-728B225E,Eurillas latirostris,Eurillas latirostris,Eurillas latirostris,Andropadus latirostris,2,Field1,NA,M,0,NA,Equatorial Guinea,NA,NA,NA,NA,NA,NA,73,NA,NA,NA,87,MEB,0,NA
AVIBASE-728B225E,Eurillas latirostris,Eurillas latirostris,Eurillas latirostris,Andropadus latirostris,2,Field1,NA,U,0,NA,Equatorial Guinea,NA,NA,NA,NA,NA,NA,86,NA,NA,NA,81,AKW,0,NA
AVIBASE-728B225E,Eurillas latirostris,Eurillas latirostris,Eurillas latirostris,Andropadus latirostris,2,Field1,NA,U,0,NA,Equatorial Guinea,NA,NA,NA,NA,NA,NA,74,NA,NA,NA,72,AKW,0,NA
AVIBASE-728B225E,Eurillas latirostris,Eurillas latirostris,Eurillas latirostris,Andropadus latirostris,2,Field1,NA,U,0,NA,Equatorial Guinea,NA,NA,NA,NA,NA,NA,74,NA,NA,NA,70,AKW,0,NA
AVIBASE-728B225E,Eurillas latirostris,Eurillas latirostris,Eurillas latirostris,Andropadus latirostris,2,Field1,NA,M,0,NA,Equatorial Guinea,NA,NA,NA,NA,NA,NA,88,NA,NA,NA,80,MEB,0,NA
AVIBASE-728B225E,Eurillas latirostris,Eurillas latirostris,Eurillas latirostris,Andropadus latirostris,2,Field1,NA,U,0,NA,Equatorial Guinea,NA,NA,NA,NA,NA,NA,77,NA,NA,NA,80,MEB,0,NA
AVIBASE-728B225E,Eurillas latirostris,Eurillas latirostris,Eurillas latirostris,Andropadus latirostris,2,Field1,NA,U,0,NA,Equatorial Guinea,NA,NA,NA,NA,NA,NA,79,NA,NA,NA,NA,MEB,0,NA
AVIBASE-728B225E,Eurillas latirostris,Eurillas latirostris,Eurillas latirostris,Andropadus latirostris,2,Field1,NA,U,0,NA,Equatorial Guinea,NA,NA,NA,NA,NA,NA,78,NA,NA,NA,71,MEB,0,NA
AVIBASE-728B225E,Eurillas latirostris,Eurillas latirostris,Eurillas latirostris,Andropadus latirostris,2,Field1,NA,U,0,NA,Equatorial Guinea,NA,NA,NA,NA,NA,NA,80,NA,NA,NA,76,MEB,0,NA
AVIBASE-728B225E,Eurillas latirostris,Eurillas latirostris,Eurillas latirostris,Andropadus latirostris,2,Field1,NA,U,0,NA,Equatorial Guinea,NA,NA,NA,NA,NA,NA,80,NA,NA,NA,75,MEB,0,NA
AVIBASE-728B225E,Eurillas latirostris,Eurillas latirostris,Eurillas latirostris,Andropadus latirostris,2,Field1,NA,U,0,NA,Equatorial Guinea,NA,NA,NA,NA,NA,NA,82,NA,NA,NA,77,JHW,0,NA
AVIBASE-728B225E,Eurillas latirostris,Eurillas latirostris,Eurillas latirostris,Andropadus latirostris,2,Field1,NA,U,0,NA,Equatorial Guinea,NA,NA,NA,NA,NA,NA,88,NA,NA,NA,83,JHW,0,NA
AVIBASE-728B225E,Eurillas latirostris,Eurillas latirostris,Eurillas latirostris,Andropadus latirostris,2,Field1,NA,U,0,NA,Equatorial Guinea,NA,NA,NA,NA,NA,NA,81,NA,NA,NA,75,JHW,0,NA
AVIBASE-728B225E,Eurillas latirostris,Eurillas latirostris,Eurillas latirostris,Andropadus latirostris,2,Field1,NA,U,0,NA,Equatorial Guinea,NA,NA,NA,NA,NA,NA,77,NA,NA,NA,72,JHW,0,NA
AVIBASE-728B225E,Eurillas latirostris,Eurillas latirostris,Eurillas latirostris,Andropadus latirostris,2,Field1,NA,U,0,NA,Equatorial Guinea,NA,NA,NA,NA,NA,NA,79,NA,NA,NA,77,MEB,0,NA
AVIBASE-728B225E,Eurillas latirostris,Eurillas latirostris,Eurillas latirostris,Andropadus latirostris,2,Field1,NA,U,0,NA,Equatorial Guinea,NA,NA,NA,NA,NA,NA,81,NA,NA,NA,76,MEB,0,NA
AVIBASE-728B225E,Eurillas latirostris,Eurillas latirostris,Eurillas latirostris,Andropadus latirostris,2,Field1,NA,M,0,NA,Equatorial Guinea,NA,NA,NA,NA,NA,NA,85,NA,NA,NA,81,MAF,0,NA
AVIBASE-728B225E,Eurillas latirostris,Eurillas latirostris,Eurillas latirostris,Andropadus latirostris,2,Field1,NA,U,0,NA,Equatorial Guinea,NA,NA,NA,NA,NA,NA,82,NA,NA,NA,NA,MEB,0,NA
AVIBASE-728B225E,Eurillas latirostris,Eurillas latirostris,Eurillas latirostris,Andropadus latirostris,2,Field1,NA,U,0,NA,Equatorial Guinea,NA,NA,NA,NA,NA,NA,78,NA,NA,NA,76,JDW,0,NA
AVIBASE-728B225E,Eurillas latirostris,Eurillas latirostris,Eurillas latirostris,Andropadus latirostris,2,Field1,NA,U,0,NA,Equatorial Guinea,NA,NA,NA,NA,NA,NA,81,NA,NA,NA,74,AKW,0,NA
AVIBASE-728B225E,Eurillas latirostris,Eurillas latirostris,Eurillas latirostris,Andropadus latirostris,2,Field1,NA,U,0,NA,Equatorial Guinea,NA,NA,NA,NA,NA,NA,78,NA,NA,NA,75,MEB,0,NA
AVIBASE-728B225E,Eurillas latirostris,Eurillas latirostris,Eurillas latirostris,Andropadus latirostris,2,Field1,NA,U,0,NA,Equatorial Guinea,NA,NA,NA,NA,NA,NA,75,NA,NA,NA,79,AKW,0,NA
AVIBASE-728B225E,Eurillas latirostris,Eurillas latirostris,Eurillas latirostris,Andropadus latirostris,2,Field1,NA,U,0,NA,Equatorial Guinea,NA,NA,NA,NA,NA,NA,78,NA,NA,NA,75,AKW,0,NA
AVIBASE-728B225E,Eurillas latirostris,Eurillas latirostris,Eurillas latirostris,Andropadus latirostris,2,Field1,NA,U,0,NA,Equatorial Guinea,NA,NA,NA,NA,NA,NA,83,NA,NA,NA,78,AKW,0,NA
AVIBASE-728B225E,Eurillas latirostris,Eurillas latirostris,Eurillas latirostris,Andropadus latirostris,2,Field1,NA,U,0,NA,Equatorial Guinea,NA,NA,NA,NA,NA,NA,75,NA,NA,NA,70,MEB,0,NA
AVIBASE-728B225E,Eurillas latirostris,Eurillas latirostris,Eurillas latirostris,Andropadus latirostris,2,Field1,NA,U,0,NA,Equatorial Guinea,NA,NA,NA,NA,NA,NA,78,NA,NA,NA,75,AKW,0,NA
AVIBASE-728B225E,Eurillas latirostris,Eurillas latirostris,Eurillas latirostris,Andropadus latirostris,2,Field1,NA,U,0,NA,Equatorial Guinea,NA,NA,NA,NA,NA,NA,82,NA,NA,NA,77,AKW,0,NA
AVIBASE-728B225E,Eurillas latirostris,Eurillas latirostris,Eurillas latirostris,Andropadus latirostris,2,Field1,NA,U,0,NA,Equatorial Guinea,NA,NA,NA,NA,NA,NA,77,NA,NA,NA,75,JDW,0,NA
AVIBASE-728B225E,Eurillas latirostris,Eurillas latirostris,Eurillas latirostris,Andropadus latirostris,2,Field1,NA,F,0,NA,Equatorial Guinea,NA,NA,NA,NA,NA,NA,78,NA,NA,NA,75,JDW,0,NA
AVIBASE-728B225E,Eurillas latirostris,Eurillas latirostris,Eurillas latirostris,Andropadus latirostris,2,Field1,NA,F,0,NA,Equatorial Guinea,NA,NA,NA,NA,NA,NA,76,NA,NA,NA,73,JDW,0,NA
AVIBASE-728B225E,Eurillas latirostris,Eurillas latirostris,Eurillas latirostris,Andropadus latirostris,2,Field1,NA,U,0,NA,Equatorial Guinea,NA,NA,NA,NA,NA,NA,81,NA,NA,NA,77,CJ,0,NA
AVIBASE-728B225E,Eurillas latirostris,Eurillas latirostris,Eurillas latirostris,Andropadus latirostris,2,Field1,NA,F,0,NA,Equatorial Guinea,NA,NA,NA,NA,NA,NA,81,NA,NA,NA,76,SEM,0,NA
AVIBASE-728B225E,Eurillas latirostris,Eurillas latirostris,Eurillas latirostris,Andropadus latirostris,2,Field1,NA,U,0,NA,Equatorial Guinea,NA,NA,NA,NA,NA,NA,83,NA,NA,NA,81,JHW,0,NA
AVIBASE-728B225E,Eurillas latirostris,Eurillas latirostris,Eurillas latirostris,Andropadus latirostris,2,Field1,NA,U,0,NA,Equatorial Guinea,NA,NA,NA,NA,NA,NA,81,NA,NA,NA,75,SEM,0,NA
AVIBASE-728B225E,Eurillas latirostris,Eurillas latirostris,Eurillas latirostris,Andropadus latirostris,2,Field1,NA,U,0,NA,Equatorial Guinea,NA,NA,NA,NA,NA,NA,78,NA,NA,NA,74,AKW,0,NA
AVIBASE-728B225E,Eurillas latirostris,Eurillas latirostris,Eurillas latirostris,Andropadus latirostris,2,Field1,NA,M,0,NA,Equatorial Guinea,NA,NA,NA,NA,NA,NA,84,NA,NA,NA,79,JDW,0,NA
AVIBASE-728B225E,Eurillas latirostris,Eurillas latirostris,Eurillas latirostris,Andropadus latirostris,2,Field1,NA,U,0,NA,Equatorial Guinea,NA,NA,NA,NA,NA,NA,84,NA,NA,NA,77,LLP,0,NA
AVIBASE-728B225E,Eurillas latirostris,Eurillas latirostris,Eurillas latirostris,Andropadus latirostris,2,Field1,NA,U,0,NA,Equatorial Guinea,NA,NA,NA,NA,NA,NA,83,NA,NA,NA,79,AKW,0,NA
AVIBASE-728B225E,Eurillas latirostris,Eurillas latirostris,Eurillas latirostris,Andropadus latirostris,2,Field1,NA,U,0,NA,Equatorial Guinea,NA,NA,NA,NA,NA,NA,74,NA,NA,NA,67,AKW,0,NA
AVIBASE-728B225E,Eurillas latirostris,Eurillas latirostris,Eurillas latirostris,Andropadus latirostris,2,Field1,NA,U,0,NA,Equatorial Guinea,NA,NA,NA,NA,NA,NA,82,NA,NA,NA,79,AKW,0,NA
AVIBASE-728B225E,Eurillas latirostris,Eurillas latirostris,Eurillas latirostris,Andropadus latirostris,2,Field1,NA,U,0,NA,Equatorial Guinea,NA,NA,NA,NA,NA,NA,83,NA,NA,NA,81,AKW,0,NA
AVIBASE-728B225E,Eurillas latirostris,Eurillas latirostris,Eurillas latirostris,Andropadus latirostris,2,Field1,NA,U,0,NA,Equatorial Guinea,NA,NA,NA,NA,NA,NA,84,NA,NA,NA,80,AKW,0,NA
AVIBASE-728B225E,Eurillas latirostris,Eurillas latirostris,Eurillas latirostris,Andropadus latirostris,2,Field1,NA,U,0,NA,Equatorial Guinea,NA,NA,NA,NA,NA,NA,79,NA,NA,NA,75,AKW,0,NA
AVIBASE-728B225E,Eurillas latirostris,Eurillas latirostris,Eurillas latirostris,Andropadus latirostris,2,Field1,NA,U,0,NA,Equatorial Guinea,NA,NA,NA,NA,NA,NA,76,NA,NA,NA,71,AKW,0,NA
AVIBASE-728B225E,Eurillas latirostris,Eurillas latirostris,Eurillas latirostris,Andropadus latirostris,2,Field1,NA,F,0,NA,Equatorial Guinea,NA,NA,NA,NA,NA,NA,75,NA,NA,NA,68,JDW,0,NA
AVIBASE-728B225E,Eurillas latirostris,Eurillas latirostris,Eurillas latirostris,Andropadus latirostris,2,Field1,NA,U,0,NA,Equatorial Guinea,NA,NA,NA,NA,NA,NA,75,NA,NA,NA,67,AKW,0,NA
AVIBASE-728B225E,Eurillas latirostris,Eurillas latirostris,Eurillas latirostris,Andropadus latirostris,2,Field1,NA,U,0,NA,Equatorial Guinea,NA,NA,NA,NA,NA,NA,83,NA,NA,NA,78,AKW,0,NA
AVIBASE-728B225E,Eurillas latirostris,Eurillas latirostris,Eurillas latirostris,Andropadus latirostris,2,Field1,NA,U,0,NA,Equatorial Guinea,NA,NA,NA,NA,NA,NA,78,NA,NA,NA,NA,SEM,0,NA
AVIBASE-728B225E,Eurillas latirostris,Eurillas latirostris,Eurillas latirostris,Andropadus latirostris,2,Field1,NA,U,0,NA,Equatorial Guinea,NA,NA,NA,NA,NA,NA,NA,NA,NA,NA,80,JDW,0,NA
AVIBASE-728B225E,Eurillas latirostris,Eurillas latirostris,Eurillas latirostris,Andropadus latirostris,2,Field1,NA,U,0,NA,Equatorial Guinea,NA,NA,NA,NA,NA,NA,76,NA,NA,NA,82,PFR,0,NA
AVIBASE-728B225E,Eurillas latirostris,Eurillas latirostris,Eurillas latirostris,Andropadus latirostris,2,Field1,NA,U,0,NA,Equatorial Guinea,NA,NA,NA,NA,NA,NA,75,NA,NA,NA,69,JDW,0,NA
AVIBASE-728B225E,Eurillas latirostris,Eurillas latirostris,Eurillas latirostris,Andropadus latirostris,2,Field1,NA,U,0,NA,Equatorial Guinea,NA,NA,NA,NA,NA,NA,79,NA,NA,NA,79,SEM,0,NA
AVIBASE-728B225E,Eurillas latirostris,Eurillas latirostris,Eurillas latirostris,Andropadus latirostris,2,Field1,NA,U,0,NA,Equatorial Guinea,NA,NA,NA,NA,NA,NA,78,NA,NA,NA,75,JDW,0,NA
AVIBASE-728B225E,Eurillas latirostris,Eurillas latirostris,Eurillas latirostris,Andropadus latirostris,2,Field1,NA,U,0,NA,Equatorial Guinea,NA,NA,NA,NA,NA,NA,74,NA,NA,NA,73,PFR,0,NA
AVIBASE-728B225E,Eurillas latirostris,Eurillas latirostris,Eurillas latirostris,Andropadus latirostris,2,Field1,NA,U,0,NA,Equatorial Guinea,NA,NA,NA,NA,NA,NA,78,NA,NA,NA,74,MAF,0,NA
AVIBASE-728B225E,Eurillas latirostris,Eurillas latirostris,Eurillas latirostris,Andropadus latirostris,2,Field1,NA,U,0,NA,Equatorial Guinea,NA,NA,NA,NA,NA,NA,76,NA,NA,NA,77,SEM,0,NA
AVIBASE-728B225E,Eurillas latirostris,Eurillas latirostris,Eurillas latirostris,Andropadus latirostris,2,Field1,NA,M,0,NA,Equatorial Guinea,NA,NA,NA,NA,NA,NA,82,NA,NA,NA,78,JDW,0,NA
AVIBASE-728B225E,Eurillas latirostris,Eurillas latirostris,Eurillas latirostris,Andropadus latirostris,2,Field1,NA,U,0,NA,Equatorial Guinea,NA,NA,NA,NA,NA,NA,82,NA,NA,NA,74,SAL,0,NA
AVIBASE-728B225E,Eurillas latirostris,Eurillas latirostris,Eurillas latirostris,Andropadus latirostris,2,Field1,NA,U,0,NA,Equatorial Guinea,NA,NA,NA,NA,NA,NA,74,NA,NA,NA,71,JDW,0,NA
AVIBASE-728B225E,Eurillas latirostris,Eurillas latirostris,Eurillas latirostris,Andropadus latirostris,2,Field1,NA,U,0,NA,Equatorial Guinea,NA,NA,NA,NA,NA,NA,76,NA,NA,NA,73,SEM,0,NA
AVIBASE-728B225E,Eurillas latirostris,Eurillas latirostris,Eurillas latirostris,Andropadus latirostris,2,Field1,NA,U,0,NA,Equatorial Guinea,NA,NA,NA,NA,NA,NA,83,NA,NA,NA,77,HP,0,NA
AVIBASE-728B225E,Eurillas latirostris,Eurillas latirostris,Eurillas latirostris,Andropadus latirostris,2,Field1,NA,U,0,NA,Equatorial Guinea,NA,NA,NA,NA,NA,NA,85,NA,NA,NA,81,SEM,0,NA
AVIBASE-728B225E,Eurillas latirostris,Eurillas latirostris,Eurillas latirostris,Andropadus latirostris,2,Field1,NA,U,0,NA,Equatorial Guinea,NA,NA,NA,NA,NA,NA,78,NA,NA,NA,73,PFR,0,NA
AVIBASE-728B225E,Eurillas latirostris,Eurillas latirostris,Eurillas latirostris,Andropadus latirostris,2,Field1,NA,U,0,NA,Equatorial Guinea,NA,NA,NA,NA,NA,NA,85,NA,NA,NA,81,PFR,0,NA
AVIBASE-728B225E,Eurillas latirostris,Eurillas latirostris,Eurillas latirostris,Andropadus latirostris,2,Field1,NA,U,0,NA,Equatorial Guinea,NA,NA,NA,NA,NA,NA,81,NA,NA,NA,75,PFR,0,NA
AVIBASE-728B225E,Eurillas latirostris,Eurillas latirostris,Eurillas latirostris,Andropadus latirostris,2,Field1,NA,U,0,NA,Equatorial Guinea,NA,NA,NA,NA,NA,NA,84,NA,NA,NA,78,PFR,0,NA
AVIBASE-728B225E,Eurillas latirostris,Eurillas latirostris,Eurillas latirostris,Andropadus latirostris,2,Field1,NA,U,0,NA,Equatorial Guinea,NA,NA,NA,NA,NA,NA,86,NA,NA,NA,81,SEM,0,NA
AVIBASE-728B225E,Eurillas latirostris,Eurillas latirostris,Eurillas latirostris,Andropadus latirostris,2,Field1,NA,U,0,NA,Equatorial Guinea,NA,NA,NA,NA,NA,NA,85,NA,NA,NA,77,JDW,0,NA
AVIBASE-728B225E,Eurillas latirostris,Eurillas latirostris,Eurillas latirostris,Andropadus latirostris,2,Field1,NA,U,0,NA,Equatorial Guinea,NA,NA,NA,NA,NA,NA,78,NA,NA,NA,72,SAL,0,NA
AVIBASE-728B225E,Eurillas latirostris,Eurillas latirostris,Eurillas latirostris,Andropadus latirostris,2,Field1,NA,U,0,NA,Equatorial Guinea,NA,NA,NA,NA,NA,NA,76,NA,NA,NA,75,SEM,0,NA
AVIBASE-728B225E,Eurillas latirostris,Eurillas latirostris,Eurillas latirostris,Andropadus latirostris,2,Field1,NA,U,0,NA,Equatorial Guinea,NA,NA,NA,NA,NA,NA,79,NA,NA,NA,72,JDW,0,NA
AVIBASE-728B225E,Eurillas latirostris,Eurillas latirostris,Eurillas latirostris,Andropadus latirostris,2,Field1,NA,U,0,NA,Equatorial Guinea,NA,NA,NA,NA,NA,NA,77,NA,NA,NA,72,SEM,0,NA
AVIBASE-728B225E,Eurillas latirostris,Eurillas latirostris,Eurillas latirostris,Andropadus latirostris,2,Field1,NA,U,0,NA,Equatorial Guinea,NA,NA,NA,NA,NA,NA,82,NA,NA,NA,81,SEM,0,NA
AVIBASE-728B225E,Eurillas latirostris,Eurillas latirostris,Eurillas latirostris,Andropadus latirostris,2,Field1,NA,U,0,NA,Equatorial Guinea,NA,NA,NA,NA,NA,NA,83,NA,NA,NA,79,PFR,0,NA
AVIBASE-728B225E,Eurillas latirostris,Eurillas latirostris,Eurillas latirostris,Andropadus latirostris,2,Field1,NA,U,0,NA,Equatorial Guinea,NA,NA,NA,NA,NA,NA,78,NA,NA,NA,76,SEM,0,NA
AVIBASE-728B225E,Eurillas latirostris,Eurillas latirostris,Eurillas latirostris,Andropadus latirostris,2,Field1,NA,U,0,NA,Equatorial Guinea,NA,NA,NA,NA,NA,NA,88,NA,NA,NA,NA,HP,0,NA
AVIBASE-728B225E,Eurillas latirostris,Eurillas latirostris,Eurillas latirostris,Andropadus latirostris,2,Field1,NA,U,0,NA,Equatorial Guinea,NA,NA,NA,NA,NA,NA,80,NA,NA,NA,74,SAL,0,NA
AVIBASE-728B225E,Eurillas latirostris,Eurillas latirostris,Eurillas latirostris,Andropadus latirostris,2,Field1,NA,U,0,NA,Equatorial Guinea,NA,NA,NA,NA,NA,NA,80,NA,NA,NA,78,SAL,0,NA
AVIBASE-728B225E,Eurillas latirostris,Eurillas latirostris,Eurillas latirostris,Andropadus latirostris,2,Field1,NA,U,0,NA,Equatorial Guinea,NA,NA,NA,NA,NA,NA,84,NA,NA,NA,83,PFR,0,NA
AVIBASE-728B225E,Eurillas latirostris,Eurillas latirostris,Eurillas latirostris,Andropadus latirostris,2,Field1,NA,U,0,NA,Equatorial Guinea,NA,NA,NA,NA,NA,NA,80,NA,NA,NA,70,HP,0,NA
AVIBASE-728B225E,Eurillas latirostris,Eurillas latirostris,Eurillas latirostris,Andropadus latirostris,2,Field1,NA,U,0,NA,Equatorial Guinea,NA,NA,NA,NA,NA,NA,84,NA,NA,NA,79,SAL,0,NA
AVIBASE-728B225E,Eurillas latirostris,Eurillas latirostris,Eurillas latirostris,Andropadus latirostris,2,Field1,NA,U,0,NA,Equatorial Guinea,NA,NA,NA,NA,NA,NA,87,NA,NA,NA,86,SAL,0,NA
AVIBASE-728B225E,Eurillas latirostris,Eurillas latirostris,Eurillas latirostris,Andropadus latirostris,2,Field1,NA,U,0,NA,Equatorial Guinea,NA,NA,NA,NA,NA,NA,89,NA,NA,NA,82,SAL,0,NA
AVIBASE-728B225E,Eurillas latirostris,Eurillas latirostris,Eurillas latirostris,Andropadus latirostris,2,Field1,NA,U,0,NA,Equatorial Guinea,NA,NA,NA,NA,NA,NA,72,NA,NA,NA,NA,SAL,0,NA
AVIBASE-728B225E,Eurillas latirostris,Eurillas latirostris,Eurillas latirostris,Andropadus latirostris,2,Field1,NA,U,0,NA,Equatorial Guinea,NA,NA,NA,NA,NA,NA,83,NA,NA,NA,71,SAL,0,NA
AVIBASE-728B225E,Eurillas latirostris,Eurillas latirostris,Eurillas latirostris,Andropadus latirostris,2,Field1,NA,U,0,NA,Equatorial Guinea,NA,NA,NA,NA,NA,NA,81,NA,NA,NA,73,PFR,0,NA
AVIBASE-728B225E,Eurillas latirostris,Eurillas latirostris,Eurillas latirostris,Andropadus latirostris,2,Field1,NA,U,0,NA,Equatorial Guinea,NA,NA,NA,NA,NA,NA,80,NA,NA,NA,73,SAL,0,NA
AVIBASE-728B225E,Eurillas latirostris,Eurillas latirostris,Eurillas latirostris,Andropadus latirostris,2,Field1,NA,U,0,NA,Equatorial Guinea,NA,NA,NA,NA,NA,NA,87,NA,NA,NA,72,SEM,0,NA
AVIBASE-728B225E,Eurillas latirostris,Eurillas latirostris,Eurillas latirostris,Andropadus latirostris,2,Field1,NA,U,0,NA,Equatorial Guinea,NA,NA,NA,NA,NA,NA,81,NA,NA,NA,78,SEM,0,NA
AVIBASE-728B225E,Eurillas latirostris,Eurillas latirostris,Eurillas latirostris,Andropadus latirostris,2,Field1,NA,U,0,NA,Equatorial Guinea,NA,NA,NA,NA,NA,NA,85,NA,NA,NA,87,SEM,0,NA
AVIBASE-728B225E,Eurillas latirostris,Eurillas latirostris,Eurillas latirostris,Andropadus latirostris,2,Field1,NA,U,0,NA,Equatorial Guinea,NA,NA,NA,NA,NA,NA,82,NA,NA,NA,77,SEM,0,NA
AVIBASE-728B225E,Eurillas latirostris,Eurillas latirostris,Eurillas latirostris,Andropadus latirostris,2,Field1,NA,U,0,NA,Equatorial Guinea,NA,NA,NA,NA,NA,NA,72,NA,NA,NA,76,SAL,0,NA
AVIBASE-728B225E,Eurillas latirostris,Eurillas latirostris,Eurillas latirostris,Andropadus latirostris,2,Field1,NA,U,0,NA,Equatorial Guinea,NA,NA,NA,NA,NA,NA,78,NA,NA,NA,72,SEM,0,NA
AVIBASE-728B225E,Eurillas latirostris,Eurillas latirostris,Eurillas latirostris,Andropadus latirostris,2,Field1,NA,U,0,NA,Equatorial Guinea,NA,NA,NA,NA,NA,NA,75,NA,NA,NA,83,SAL,0,NA
AVIBASE-728B225E,Eurillas latirostris,Eurillas latirostris,Eurillas latirostris,Andropadus latirostris,2,Field1,NA,U,0,NA,Equatorial Guinea,NA,NA,NA,NA,NA,NA,83,NA,NA,NA,63,SEM,0,NA
AVIBASE-728B225E,Eurillas latirostris,Eurillas latirostris,Eurillas latirostris,Andropadus latirostris,2,Field1,NA,U,0,NA,Equatorial Guinea,NA,NA,NA,NA,NA,NA,74,NA,NA,NA,70,SAL,0,NA
AVIBASE-728B225E,Eurillas latirostris,Eurillas latirostris,Eurillas latirostris,Andropadus latirostris,2,Field1,NA,U,0,NA,Equatorial Guinea,NA,NA,NA,NA,NA,NA,77,NA,NA,NA,75,MAF,0,NA
AVIBASE-728B225E,Eurillas latirostris,Eurillas latirostris,Eurillas latirostris,Andropadus latirostris,2,Field1,NA,U,0,NA,Equatorial Guinea,NA,NA,NA,NA,NA,NA,82,NA,NA,NA,78,MAF,0,NA
AVIBASE-728B225E,Eurillas latirostris,Eurillas latirostris,Eurillas latirostris,Andropadus latirostris,2,Field1,NA,U,0,NA,Equatorial Guinea,NA,NA,NA,NA,NA,NA,80,NA,NA,NA,73,MAF,0,NA
AVIBASE-728B225E,Eurillas latirostris,Eurillas latirostris,Eurillas latirostris,Andropadus latirostris,2,Field1,NA,U,0,NA,Equatorial Guinea,NA,NA,NA,NA,NA,NA,80.5,NA,NA,NA,75,MAF,0,NA
AVIBASE-728B225E,Eurillas latirostris,Eurillas latirostris,Eurillas latirostris,Andropadus latirostris,2,Field1,NA,U,0,NA,Equatorial Guinea,NA,NA,NA,NA,NA,NA,82,NA,NA,NA,80,MAF,0,NA
AVIBASE-728B225E,Eurillas latirostris,Eurillas latirostris,Eurillas latirostris,Andropadus latirostris,2,Field1,NA,U,0,NA,Equatorial Guinea,NA,NA,NA,NA,NA,NA,82,NA,NA,NA,73,MAF,0,NA
AVIBASE-728B225E,Eurillas latirostris,Eurillas latirostris,Eurillas latirostris,Andropadus latirostris,2,Field1,NA,U,0,NA,Equatorial Guinea,NA,NA,NA,NA,NA,NA,82,NA,NA,NA,76,MAF,0,NA
AVIBASE-728B225E,Eurillas latirostris,Eurillas latirostris,Eurillas latirostris,Andropadus latirostris,2,Field1,NA,U,0,NA,Equatorial Guinea,NA,NA,NA,NA,NA,NA,83,NA,NA,NA,78,MAF,0,NA
AVIBASE-728B225E,Eurillas latirostris,Eurillas latirostris,Eurillas latirostris,Andropadus latirostris,2,Field1,NA,U,0,NA,Equatorial Guinea,NA,NA,NA,NA,NA,NA,NA,NA,NA,NA,68,SAL,0,NA
AVIBASE-728B225E,Eurillas latirostris,Eurillas latirostris,Eurillas latirostris,Andropadus latirostris,2,Field1,NA,U,0,NA,Equatorial Guinea,NA,NA,NA,NA,NA,NA,78,NA,NA,NA,72,SAL,0,NA
AVIBASE-728B225E,Eurillas latirostris,Eurillas latirostris,Eurillas latirostris,Andropadus latirostris,2,Field1,NA,U,0,NA,Equatorial Guinea,NA,NA,NA,NA,NA,NA,89,NA,NA,NA,NA,SAL,0,NA
AVIBASE-728B225E,Eurillas latirostris,Eurillas latirostris,Eurillas latirostris,Andropadus latirostris,2,Field1,NA,U,0,NA,Equatorial Guinea,NA,NA,NA,NA,NA,NA,83,NA,NA,NA,80,SAL,0,NA
AVIBASE-728B225E,Eurillas latirostris,Eurillas latirostris,Eurillas latirostris,Andropadus latirostris,2,Field1,NA,U,0,NA,Equatorial Guinea,NA,NA,NA,NA,NA,NA,80,NA,NA,NA,73,MAF,0,NA
AVIBASE-728B225E,Eurillas latirostris,Eurillas latirostris,Eurillas latirostris,Andropadus latirostris,2,Field1,NA,U,0,NA,Equatorial Guinea,NA,NA,NA,NA,NA,NA,86,NA,NA,NA,78,EMB,0,NA
AVIBASE-728B225E,Eurillas latirostris,Eurillas latirostris,Eurillas latirostris,Andropadus latirostris,2,Field1,NA,U,0,NA,Equatorial Guinea,NA,NA,NA,NA,NA,NA,79,NA,NA,NA,74,BAK,0,NA
AVIBASE-728B225E,Eurillas latirostris,Eurillas latirostris,Eurillas latirostris,Andropadus latirostris,2,Field1,NA,U,0,NA,Equatorial Guinea,NA,NA,NA,NA,NA,NA,73,NA,NA,NA,70,EMB,0,NA
AVIBASE-728B225E,Eurillas latirostris,Eurillas latirostris,Eurillas latirostris,Andropadus latirostris,2,Field1,NA,U,0,NA,Equatorial Guinea,NA,NA,NA,NA,NA,NA,76,NA,NA,NA,72,ELK,0,NA
AVIBASE-728B225E,Eurillas latirostris,Eurillas latirostris,Eurillas latirostris,Andropadus latirostris,2,Field1,NA,U,0,NA,Equatorial Guinea,NA,NA,NA,NA,NA,NA,77,NA,NA,NA,66,EMB,0,NA
AVIBASE-728B225E,Eurillas latirostris,Eurillas latirostris,Eurillas latirostris,Andropadus latirostris,2,Field1,NA,U,0,NA,Equatorial Guinea,NA,NA,NA,NA,NA,NA,77,NA,NA,NA,70,EMB,0,NA
AVIBASE-728B225E,Eurillas latirostris,Eurillas latirostris,Eurillas latirostris,Andropadus latirostris,2,Field1,NA,F,0,NA,Equatorial Guinea,NA,NA,NA,NA,NA,NA,78,NA,NA,NA,62,EMB,0,NA
AVIBASE-728B225E,Eurillas latirostris,Eurillas latirostris,Eurillas latirostris,Andropadus latirostris,2,Field1,NA,U,0,NA,Equatorial Guinea,NA,NA,NA,NA,NA,NA,73,NA,NA,NA,68,SAL,0,NA
AVIBASE-728B225E,Eurillas latirostris,Eurillas latirostris,Eurillas latirostris,Andropadus latirostris,2,Field1,NA,U,0,NA,Equatorial Guinea,NA,NA,NA,NA,NA,NA,77,NA,NA,NA,72,BAK,0,NA
AVIBASE-728B225E,Eurillas latirostris,Eurillas latirostris,Eurillas latirostris,Andropadus latirostris,2,Field1,NA,U,0,NA,Equatorial Guinea,NA,NA,NA,NA,NA,NA,78,NA,NA,NA,74,BAK,0,NA
AVIBASE-728B225E,Eurillas latirostris,Eurillas latirostris,Eurillas latirostris,Andropadus latirostris,2,Field1,NA,U,0,NA,Equatorial Guinea,NA,NA,NA,NA,NA,NA,83,NA,NA,NA,NA,EMB,0,NA
AVIBASE-728B225E,Eurillas latirostris,Eurillas latirostris,Eurillas latirostris,Andropadus latirostris,2,Field1,NA,U,0,NA,Equatorial Guinea,NA,NA,NA,NA,NA,NA,79,NA,NA,NA,75,EMB,0,NA
AVIBASE-728B225E,Eurillas latirostris,Eurillas latirostris,Eurillas latirostris,Andropadus latirostris,2,Field1,NA,U,0,NA,Equatorial Guinea,NA,NA,NA,NA,NA,NA,82,NA,NA,NA,75,BAK,0,NA
AVIBASE-728B225E,Eurillas latirostris,Eurillas latirostris,Eurillas latirostris,Andropadus latirostris,2,Field1,NA,U,0,NA,Equatorial Guinea,NA,NA,NA,NA,NA,NA,90,NA,NA,NA,75,BAK,0,NA
AVIBASE-728B225E,Eurillas latirostris,Eurillas latirostris,Eurillas latirostris,Andropadus latirostris,2,Field1,NA,U,0,NA,Equatorial Guinea,NA,NA,NA,NA,NA,NA,80,NA,NA,NA,75,SAL,0,NA
AVIBASE-728B225E,Eurillas latirostris,Eurillas latirostris,Eurillas latirostris,Andropadus latirostris,2,Field1,NA,U,0,NA,Equatorial Guinea,NA,NA,NA,NA,NA,NA,84,NA,NA,NA,75,SAL,0,NA
AVIBASE-728B225E,Eurillas latirostris,Eurillas latirostris,Eurillas latirostris,Andropadus latirostris,2,Field1,NA,U,0,NA,Equatorial Guinea,NA,NA,NA,NA,NA,NA,79,NA,NA,NA,NA,BAK,0,NA
AVIBASE-728B225E,Eurillas latirostris,Eurillas latirostris,Eurillas latirostris,Andropadus latirostris,2,Field1,NA,U,0,NA,Equatorial Guinea,NA,NA,NA,NA,NA,NA,80,NA,NA,NA,75,BAK,0,NA
AVIBASE-728B225E,Eurillas latirostris,Eurillas latirostris,Eurillas latirostris,Andropadus latirostris,2,Field1,NA,U,0,NA,Equatorial Guinea,NA,NA,NA,NA,NA,NA,77,NA,NA,NA,75,SAL,0,NA
AVIBASE-728B225E,Eurillas latirostris,Eurillas latirostris,Eurillas latirostris,Andropadus latirostris,2,Field1,NA,U,0,NA,Equatorial Guinea,NA,NA,NA,NA,NA,NA,84,NA,NA,NA,78,EMB,0,NA
AVIBASE-728B225E,Eurillas latirostris,Eurillas latirostris,Eurillas latirostris,Andropadus latirostris,2,Field1,NA,U,0,NA,Equatorial Guinea,NA,NA,NA,NA,NA,NA,75,NA,NA,NA,68,ELK,0,NA
AVIBASE-728B225E,Eurillas latirostris,Eurillas latirostris,Eurillas latirostris,Andropadus latirostris,2,Field1,NA,U,0,NA,Equatorial Guinea,NA,NA,NA,NA,NA,NA,83,NA,NA,NA,76,SAL,0,NA
AVIBASE-728B225E,Eurillas latirostris,Eurillas latirostris,Eurillas latirostris,Andropadus latirostris,2,Field1,NA,U,0,NA,Equatorial Guinea,NA,NA,NA,NA,NA,NA,72,NA,NA,NA,68,BAK,0,NA
AVIBASE-728B225E,Eurillas latirostris,Eurillas latirostris,Eurillas latirostris,Andropadus latirostris,2,Field1,NA,U,0,NA,Equatorial Guinea,NA,NA,NA,NA,NA,NA,76,NA,NA,NA,79,EMB,0,NA
AVIBASE-728B225E,Eurillas latirostris,Eurillas latirostris,Eurillas latirostris,Andropadus latirostris,2,Field1,NA,U,0,NA,Equatorial Guinea,NA,NA,NA,NA,NA,NA,77,NA,NA,NA,70,EMB,0,NA
AVIBASE-728B225E,Eurillas latirostris,Eurillas latirostris,Eurillas latirostris,Andropadus latirostris,2,Field1,NA,U,0,NA,Equatorial Guinea,NA,NA,NA,NA,NA,NA,75,NA,NA,NA,75,EMB,0,NA
AVIBASE-728B225E,Eurillas latirostris,Eurillas latirostris,Eurillas latirostris,Andropadus latirostris,2,Field1,NA,U,0,NA,Equatorial Guinea,NA,NA,NA,NA,NA,NA,75,NA,NA,NA,68,EMB,0,NA
AVIBASE-728B225E,Eurillas latirostris,Eurillas latirostris,Eurillas latirostris,Andropadus latirostris,2,Field1,NA,U,0,NA,Equatorial Guinea,NA,NA,NA,NA,NA,NA,86,NA,NA,NA,78,BAK,0,NA
AVIBASE-728B225E,Eurillas latirostris,Eurillas latirostris,Eurillas latirostris,Andropadus latirostris,2,Field1,NA,U,0,NA,Equatorial Guinea,NA,NA,NA,NA,NA,NA,81,NA,NA,NA,73,BAK,0,NA
AVIBASE-728B225E,Eurillas latirostris,Eurillas latirostris,Eurillas latirostris,Andropadus latirostris,2,Field1,NA,U,0,NA,Equatorial Guinea,NA,NA,NA,NA,NA,NA,77,NA,NA,NA,82,BAK,0,NA
AVIBASE-728B225E,Eurillas latirostris,Eurillas latirostris,Eurillas latirostris,Andropadus latirostris,2,Field1,NA,U,0,NA,Equatorial Guinea,NA,NA,NA,NA,NA,NA,85,NA,NA,NA,86,BAK,0,NA
AVIBASE-728B225E,Eurillas latirostris,Eurillas latirostris,Eurillas latirostris,Andropadus latirostris,2,Field1,NA,U,0,NA,Equatorial Guinea,NA,NA,NA,NA,NA,NA,86,NA,NA,NA,87,BAK,0,NA
AVIBASE-728B225E,Eurillas latirostris,Eurillas latirostris,Eurillas latirostris,Andropadus latirostris,2,Field1,NA,U,0,NA,Equatorial Guinea,NA,NA,NA,NA,NA,NA,78,NA,NA,NA,71,BAK,0,NA
AVIBASE-728B225E,Eurillas latirostris,Eurillas latirostris,Eurillas latirostris,Andropadus latirostris,2,Field1,NA,F,0,NA,Equatorial Guinea,NA,NA,NA,NA,NA,NA,76,NA,NA,NA,71,PFR,0,NA
AVIBASE-728B225E,Eurillas latirostris,Eurillas latirostris,Eurillas latirostris,Andropadus latirostris,2,Field1,NA,U,0,NA,Equatorial Guinea,NA,NA,NA,NA,NA,NA,78,NA,NA,NA,69,BAK,0,NA
AVIBASE-728B225E,Eurillas latirostris,Eurillas latirostris,Eurillas latirostris,Andropadus latirostris,2,Field1,NA,U,0,NA,Equatorial Guinea,NA,NA,NA,NA,NA,NA,76,NA,NA,NA,71,BAK,0,NA
AVIBASE-728B225E,Eurillas latirostris,Eurillas latirostris,Eurillas latirostris,Andropadus latirostris,2,Field1,NA,U,0,NA,Equatorial Guinea,NA,NA,NA,NA,NA,NA,85,NA,NA,NA,80,BAK,0,NA
AVIBASE-728B225E,Eurillas latirostris,Eurillas latirostris,Eurillas latirostris,Andropadus latirostris,2,Field1,NA,U,0,NA,Equatorial Guinea,NA,NA,NA,NA,NA,NA,86,NA,NA,NA,73,BAK,0,NA
AVIBASE-728B225E,Eurillas latirostris,Eurillas latirostris,Eurillas latirostris,Andropadus latirostris,2,Field1,NA,U,0,NA,Equatorial Guinea,NA,NA,NA,NA,NA,NA,80,NA,NA,NA,77,BAK,0,NA
AVIBASE-728B225E,Eurillas latirostris,Eurillas latirostris,Eurillas latirostris,Andropadus latirostris,2,Field1,NA,U,0,NA,Equatorial Guinea,NA,NA,NA,NA,NA,NA,77,NA,NA,NA,71,BAK,0,NA
AVIBASE-728B225E,Eurillas latirostris,Eurillas latirostris,Eurillas latirostris,Andropadus latirostris,2,Field1,NA,U,0,NA,Equatorial Guinea,NA,NA,NA,NA,NA,NA,78,NA,NA,NA,69,EMB,0,NA
AVIBASE-728B225E,Eurillas latirostris,Eurillas latirostris,Eurillas latirostris,Andropadus latirostris,2,Field1,NA,U,0,NA,Equatorial Guinea,NA,NA,NA,NA,NA,NA,79,NA,NA,NA,68,EMB,0,NA
AVIBASE-728B225E,Eurillas latirostris,Eurillas latirostris,Eurillas latirostris,Andropadus latirostris,2,Field1,NA,U,0,NA,Equatorial Guinea,NA,NA,NA,NA,NA,NA,78,NA,NA,NA,71,BAK,0,NA
AVIBASE-728B225E,Eurillas latirostris,Eurillas latirostris,Eurillas latirostris,Andropadus latirostris,2,Field1,NA,U,0,NA,Equatorial Guinea,NA,NA,NA,NA,NA,NA,86,NA,NA,NA,NA,PFR,0,NA
AVIBASE-728B225E,Eurillas latirostris,Eurillas latirostris,Eurillas latirostris,Andropadus latirostris,2,Field1,NA,U,0,NA,Equatorial Guinea,NA,NA,NA,NA,NA,NA,83,NA,NA,NA,77,PFR,0,NA
AVIBASE-728B225E,Eurillas latirostris,Eurillas latirostris,Eurillas latirostris,Andropadus latirostris,2,Field1,NA,U,0,NA,Equatorial Guinea,NA,NA,NA,NA,NA,NA,81,NA,NA,NA,75,BAK,0,NA
AVIBASE-728B225E,Eurillas latirostris,Eurillas latirostris,Eurillas latirostris,Andropadus latirostris,2,Field1,NA,U,0,NA,Equatorial Guinea,NA,NA,NA,NA,NA,NA,85,NA,NA,NA,80,SAL,0,NA
AVIBASE-728B225E,Eurillas latirostris,Eurillas latirostris,Eurillas latirostris,Andropadus latirostris,2,Field1,NA,U,0,NA,Equatorial Guinea,NA,NA,NA,NA,NA,NA,76,NA,NA,NA,72,JDW,0,NA
AVIBASE-728B225E,Eurillas latirostris,Eurillas latirostris,Eurillas latirostris,Andropadus latirostris,2,Field1,NA,F,0,NA,Equatorial Guinea,NA,NA,NA,NA,NA,NA,80,NA,NA,NA,74,SAL,0,NA
AVIBASE-728B225E,Eurillas latirostris,Eurillas latirostris,Eurillas latirostris,Andropadus latirostris,2,Field1,NA,U,0,NA,Equatorial Guinea,NA,NA,NA,NA,NA,NA,76,NA,NA,NA,NA,JDW,0,NA
AVIBASE-728B225E,Eurillas latirostris,Eurillas latirostris,Eurillas latirostris,Andropadus latirostris,2,Field1,NA,U,0,NA,Equatorial Guinea,NA,NA,NA,NA,NA,NA,85,NA,NA,NA,80,PFR,0,NA
AVIBASE-728B225E,Eurillas latirostris,Eurillas latirostris,Eurillas latirostris,Andropadus latirostris,2,Field1,NA,U,0,NA,Equatorial Guinea,NA,NA,NA,NA,NA,NA,81,NA,NA,NA,76,JDW,0,NA
AVIBASE-728B225E,Eurillas latirostris,Eurillas latirostris,Eurillas latirostris,Andropadus latirostris,2,Field1,NA,U,0,NA,Equatorial Guinea,NA,NA,NA,NA,NA,NA,81,NA,NA,NA,79,PFR,0,NA
AVIBASE-728B225E,Eurillas latirostris,Eurillas latirostris,Eurillas latirostris,Andropadus latirostris,2,Field1,NA,U,0,NA,Equatorial Guinea,NA,NA,NA,NA,NA,NA,88,NA,NA,NA,74,PFR,0,NA
AVIBASE-728B225E,Eurillas latirostris,Eurillas latirostris,Eurillas latirostris,Andropadus latirostris,2,Field1,NA,U,0,NA,Equatorial Guinea,NA,NA,NA,NA,NA,NA,79,NA,NA,NA,75,SAL,0,NA
AVIBASE-728B225E,Eurillas latirostris,Eurillas latirostris,Eurillas latirostris,Andropadus latirostris,2,Field1,NA,U,0,NA,Equatorial Guinea,NA,NA,NA,NA,NA,NA,71,NA,NA,NA,69,SAL,0,NA
AVIBASE-728B225E,Eurillas latirostris,Eurillas latirostris,Eurillas latirostris,Andropadus latirostris,2,Field1,NA,U,0,NA,Equatorial Guinea,NA,NA,NA,NA,NA,NA,81,NA,NA,NA,75,SAL,0,NA
AVIBASE-728B225E,Eurillas latirostris,Eurillas latirostris,Eurillas latirostris,Andropadus latirostris,2,Field1,NA,U,0,NA,Equatorial Guinea,NA,NA,NA,NA,NA,NA,76,NA,NA,NA,70,ELK,0,NA
AVIBASE-728B225E,Eurillas latirostris,Eurillas latirostris,Eurillas latirostris,Andropadus latirostris,2,Field1,NA,F,0,NA,Equatorial Guinea,NA,NA,NA,NA,NA,NA,76,NA,NA,NA,71,PFR,0,NA
AVIBASE-728B225E,Eurillas latirostris,Eurillas latirostris,Eurillas latirostris,Andropadus latirostris,2,Field1,NA,U,0,NA,Equatorial Guinea,NA,NA,NA,NA,NA,NA,83,NA,NA,NA,79,JDW,0,NA
AVIBASE-728B225E,Eurillas latirostris,Eurillas latirostris,Eurillas latirostris,Andropadus latirostris,2,Field1,NA,U,0,NA,Equatorial Guinea,NA,NA,NA,NA,NA,NA,77,NA,NA,NA,70,PFR,0,NA
AVIBASE-728B225E,Eurillas latirostris,Eurillas latirostris,Eurillas latirostris,Andropadus latirostris,2,Field1,NA,U,0,NA,Equatorial Guinea,NA,NA,NA,NA,NA,NA,78,NA,NA,NA,75,SAL,0,NA
AVIBASE-728B225E,Eurillas latirostris,Eurillas latirostris,Eurillas latirostris,Andropadus latirostris,2,Field1,NA,U,0,NA,Equatorial Guinea,NA,NA,NA,NA,NA,NA,81,NA,NA,NA,75,SAL,0,NA
AVIBASE-728B225E,Eurillas latirostris,Eurillas latirostris,Eurillas latirostris,Andropadus latirostris,2,Field1,NA,U,0,NA,Equatorial Guinea,NA,NA,NA,NA,NA,NA,76,NA,NA,NA,72,PFR,0,NA
AVIBASE-728B225E,Eurillas latirostris,Eurillas latirostris,Eurillas latirostris,Andropadus latirostris,2,Field1,NA,U,0,NA,Equatorial Guinea,NA,NA,NA,NA,NA,NA,80,NA,NA,NA,79,SAL,0,NA
AVIBASE-728B225E,Eurillas latirostris,Eurillas latirostris,Eurillas latirostris,Andropadus latirostris,2,Field1,NA,U,0,NA,Equatorial Guinea,NA,NA,NA,NA,NA,NA,85,NA,NA,NA,80,ELK,0,NA
AVIBASE-728B225E,Eurillas latirostris,Eurillas latirostris,Eurillas latirostris,Andropadus latirostris,2,Field1,NA,U,0,NA,Equatorial Guinea,NA,NA,NA,NA,NA,NA,84,NA,NA,NA,71,BAK,0,NA
AVIBASE-728B225E,Eurillas latirostris,Eurillas latirostris,Eurillas latirostris,Andropadus latirostris,2,Field1,NA,U,0,NA,Equatorial Guinea,NA,NA,NA,NA,NA,NA,79,NA,NA,NA,72,EMB,0,NA
AVIBASE-728B225E,Eurillas latirostris,Eurillas latirostris,Eurillas latirostris,Andropadus latirostris,2,Field1,NA,U,0,NA,Equatorial Guinea,NA,NA,NA,NA,NA,NA,81,NA,NA,NA,72,SAL,0,NA
AVIBASE-728B225E,Eurillas latirostris,Eurillas latirostris,Eurillas latirostris,Andropadus latirostris,2,Field1,NA,U,0,NA,Equatorial Guinea,NA,NA,NA,NA,NA,NA,86,NA,NA,NA,82,BAK,0,NA
AVIBASE-728B225E,Eurillas latirostris,Eurillas latirostris,Eurillas latirostris,Andropadus latirostris,2,Field1,NA,U,0,NA,Equatorial Guinea,NA,NA,NA,NA,NA,NA,75,NA,NA,NA,69,SAL,0,NA
AVIBASE-728B225E,Eurillas latirostris,Eurillas latirostris,Eurillas latirostris,Andropadus latirostris,2,Field1,NA,U,0,NA,Equatorial Guinea,NA,NA,NA,NA,NA,NA,79,NA,NA,NA,73,SAL,0,NA
AVIBASE-728B225E,Eurillas latirostris,Eurillas latirostris,Eurillas latirostris,Andropadus latirostris,2,Field1,NA,U,0,NA,Equatorial Guinea,NA,NA,NA,NA,NA,NA,80,NA,NA,NA,76,BAK,0,NA
AVIBASE-728B225E,Eurillas latirostris,Eurillas latirostris,Eurillas latirostris,Andropadus latirostris,2,Field1,NA,U,0,NA,Equatorial Guinea,NA,NA,NA,NA,NA,NA,83,NA,NA,NA,75,SAL,0,NA
AVIBASE-728B225E,Eurillas latirostris,Eurillas latirostris,Eurillas latirostris,Andropadus latirostris,2,Field1,NA,U,0,NA,Equatorial Guinea,NA,NA,NA,NA,NA,NA,78,NA,NA,NA,76,BAK,0,NA
AVIBASE-728B225E,Eurillas latirostris,Eurillas latirostris,Eurillas latirostris,Andropadus latirostris,2,Field1,NA,U,0,NA,Equatorial Guinea,NA,NA,NA,NA,NA,NA,79,NA,NA,NA,75,ELK,0,NA
AVIBASE-728B225E,Eurillas latirostris,Eurillas latirostris,Eurillas latirostris,Andropadus latirostris,2,Field1,NA,U,0,NA,Equatorial Guinea,NA,NA,NA,NA,NA,NA,80,NA,NA,NA,72,EMB,0,NA
AVIBASE-728B225E,Eurillas latirostris,Eurillas latirostris,Eurillas latirostris,Andropadus latirostris,2,Field1,NA,U,0,NA,Equatorial Guinea,NA,NA,NA,NA,NA,NA,79,NA,NA,NA,66,EMB,0,NA
AVIBASE-728B225E,Eurillas latirostris,Eurillas latirostris,Eurillas latirostris,Andropadus latirostris,2,Field1,NA,U,0,NA,Equatorial Guinea,NA,NA,NA,NA,NA,NA,84,NA,NA,NA,87,BAK,0,NA
AVIBASE-728B225E,Eurillas latirostris,Eurillas latirostris,Eurillas latirostris,Andropadus latirostris,2,Field1,NA,F,0,NA,Equatorial Guinea,NA,NA,NA,NA,NA,NA,76,NA,NA,NA,73,PFR,0,NA
AVIBASE-728B225E,Eurillas latirostris,Eurillas latirostris,Eurillas latirostris,Andropadus latirostris,2,Field1,NA,U,0,NA,Equatorial Guinea,NA,NA,NA,NA,NA,NA,79,NA,NA,NA,71,SAL,0,NA
AVIBASE-728B225E,Eurillas latirostris,Eurillas latirostris,Eurillas latirostris,Andropadus latirostris,2,Field1,NA,U,0,NA,Equatorial Guinea,NA,NA,NA,NA,NA,NA,77,NA,NA,NA,70,BAK,0,NA
AVIBASE-728B225E,Eurillas latirostris,Eurillas latirostris,Eurillas latirostris,Andropadus latirostris,2,Field1,NA,U,0,NA,Equatorial Guinea,NA,NA,NA,NA,NA,NA,78,NA,NA,NA,72,BAK,0,NA
AVIBASE-728B225E,Eurillas latirostris,Eurillas latirostris,Eurillas latirostris,Andropadus latirostris,2,Field1,NA,U,0,NA,Equatorial Guinea,NA,NA,NA,NA,NA,NA,74,NA,NA,NA,75,BAK,0,NA
AVIBASE-728B225E,Eurillas latirostris,Eurillas latirostris,Eurillas latirostris,Andropadus latirostris,2,Field1,NA,U,0,NA,Equatorial Guinea,NA,NA,NA,NA,NA,NA,81,NA,NA,NA,74,ELK,0,NA
AVIBASE-728B225E,Eurillas latirostris,Eurillas latirostris,Eurillas latirostris,Andropadus latirostris,2,Field1,NA,U,0,NA,Equatorial Guinea,NA,NA,NA,NA,NA,NA,84,NA,NA,NA,79,ELK,0,NA
AVIBASE-728B225E,Eurillas latirostris,Eurillas latirostris,Eurillas latirostris,Andropadus latirostris,2,Field1,NA,U,0,NA,Equatorial Guinea,NA,NA,NA,NA,NA,NA,83,NA,NA,NA,88,EMB,0,NA
AVIBASE-728B225E,Eurillas latirostris,Eurillas latirostris,Eurillas latirostris,Andropadus latirostris,2,Field1,NA,U,0,NA,Equatorial Guinea,NA,NA,NA,NA,NA,NA,79,NA,NA,NA,75,EMB,0,NA
AVIBASE-728B225E,Eurillas latirostris,Eurillas latirostris,Eurillas latirostris,Andropadus latirostris,2,Field1,NA,U,0,NA,Equatorial Guinea,NA,NA,NA,NA,NA,NA,78,NA,NA,NA,70,SAL,0,NA
AVIBASE-728B225E,Eurillas latirostris,Eurillas latirostris,Eurillas latirostris,Andropadus latirostris,2,Field1,NA,U,0,NA,Equatorial Guinea,NA,NA,NA,NA,NA,NA,80,NA,NA,NA,76,PFR,0,NA
AVIBASE-728B225E,Eurillas latirostris,Eurillas latirostris,Eurillas latirostris,Andropadus latirostris,2,Field1,NA,U,0,NA,Equatorial Guinea,NA,NA,NA,NA,NA,NA,78,NA,NA,NA,71,BAK,0,NA
AVIBASE-728B225E,Eurillas latirostris,Eurillas latirostris,Eurillas latirostris,Andropadus latirostris,2,Field1,NA,U,0,NA,Equatorial Guinea,NA,NA,NA,NA,NA,NA,78,NA,NA,NA,73,EMB,0,NA
AVIBASE-728B225E,Eurillas latirostris,Eurillas latirostris,Eurillas latirostris,Andropadus latirostris,2,Field1,NA,U,0,NA,Equatorial Guinea,NA,NA,NA,NA,NA,NA,80,NA,NA,NA,68,ELK,0,NA
AVIBASE-728B225E,Eurillas latirostris,Eurillas latirostris,Eurillas latirostris,Andropadus latirostris,2,Field1,NA,U,0,NA,Equatorial Guinea,NA,NA,NA,NA,NA,NA,76,NA,NA,NA,69,EMB,0,NA
AVIBASE-728B225E,Eurillas latirostris,Eurillas latirostris,Eurillas latirostris,Andropadus latirostris,2,Field1,NA,U,0,NA,Equatorial Guinea,NA,NA,NA,NA,NA,NA,75,NA,NA,NA,70,SAL,0,NA
AVIBASE-728B225E,Eurillas latirostris,Eurillas latirostris,Eurillas latirostris,Andropadus latirostris,2,Field1,NA,U,0,NA,Equatorial Guinea,NA,NA,NA,NA,NA,NA,76,NA,NA,NA,68,BAK,0,NA
AVIBASE-728B225E,Eurillas latirostris,Eurillas latirostris,Eurillas latirostris,Andropadus latirostris,2,Field1,NA,U,0,NA,Equatorial Guinea,NA,NA,NA,NA,NA,NA,76,NA,NA,NA,58,EMB,0,NA
AVIBASE-728B225E,Eurillas latirostris,Eurillas latirostris,Eurillas latirostris,Andropadus latirostris,2,Field1,NA,U,0,NA,Equatorial Guinea,NA,NA,NA,NA,NA,NA,78,NA,NA,NA,70,EMB,0,NA
AVIBASE-728B225E,Eurillas latirostris,Eurillas latirostris,Eurillas latirostris,Andropadus latirostris,2,Field1,NA,U,0,NA,Equatorial Guinea,NA,NA,NA,NA,NA,NA,83,NA,NA,NA,71,SAL,0,NA
AVIBASE-728B225E,Eurillas latirostris,Eurillas latirostris,Eurillas latirostris,Andropadus latirostris,2,Field1,NA,U,0,NA,Equatorial Guinea,NA,NA,NA,NA,NA,NA,80,NA,NA,NA,73,JDW,0,NA
AVIBASE-728B225E,Eurillas latirostris,Eurillas latirostris,Eurillas latirostris,Andropadus latirostris,2,Field1,NA,F,0,NA,Equatorial Guinea,NA,NA,NA,NA,NA,NA,78,NA,NA,NA,72,JDW,0,NA
AVIBASE-728B225E,Eurillas latirostris,Eurillas latirostris,Eurillas latirostris,Andropadus latirostris,2,Field1,NA,M,0,NA,Equatorial Guinea,NA,NA,NA,NA,NA,NA,85,NA,NA,NA,81,JDW,0,NA
AVIBASE-728B225E,Eurillas latirostris,Eurillas latirostris,Eurillas latirostris,Andropadus latirostris,2,Field1,NA,U,0,NA,Equatorial Guinea,NA,NA,NA,NA,NA,NA,74,NA,NA,NA,NA,JDW,0,NA
AVIBASE-728B225E,Eurillas latirostris,Eurillas latirostris,Eurillas latirostris,Andropadus latirostris,2,Field1,NA,F,0,NA,Equatorial Guinea,NA,NA,NA,NA,NA,NA,77,NA,NA,NA,71,JDW,0,NA
AVIBASE-728B225E,Eurillas latirostris,Eurillas latirostris,Eurillas latirostris,Andropadus latirostris,2,Field1,NA,F,0,NA,Equatorial Guinea,NA,NA,NA,NA,NA,NA,78,NA,NA,NA,74,JDW,0,NA
AVIBASE-728B225E,Eurillas latirostris,Eurillas latirostris,Eurillas latirostris,Andropadus latirostris,2,Field1,NA,U,0,NA,Equatorial Guinea,NA,NA,NA,NA,NA,NA,79,NA,NA,NA,73,JDW,0,NA
AVIBASE-728B225E,Eurillas latirostris,Eurillas latirostris,Eurillas latirostris,Andropadus latirostris,2,Field1,NA,M,0,NA,Equatorial Guinea,NA,NA,NA,NA,NA,NA,76,NA,NA,NA,74,JDW,0,NA
AVIBASE-728B225E,Eurillas latirostris,Eurillas latirostris,Eurillas latirostris,Andropadus latirostris,2,Field1,NA,F,0,NA,Equatorial Guinea,NA,NA,NA,NA,NA,NA,71,NA,NA,NA,66,JDW,0,NA
AVIBASE-728B225E,Eurillas latirostris,Eurillas latirostris,Eurillas latirostris,Andropadus latirostris,2,Field1,NA,F,0,NA,Equatorial Guinea,NA,NA,NA,NA,NA,NA,78,NA,NA,NA,72,JDW,0,NA
AVIBASE-728B225E,Eurillas latirostris,Eurillas latirostris,Eurillas latirostris,Andropadus latirostris,2,Field1,NA,U,0,NA,Equatorial Guinea,NA,NA,NA,NA,NA,NA,77,NA,NA,NA,72,JDW,0,NA
AVIBASE-728B225E,Eurillas latirostris,Eurillas latirostris,Eurillas latirostris,Andropadus latirostris,2,Field1,NA,U,0,NA,Equatorial Guinea,NA,NA,NA,NA,NA,NA,79,NA,NA,NA,77,JDW,0,NA
AVIBASE-728B225E,Eurillas latirostris,Eurillas latirostris,Eurillas latirostris,Andropadus latirostris,2,Field1,NA,F,0,NA,Equatorial Guinea,NA,NA,NA,NA,NA,NA,77,NA,NA,NA,73,JDW,0,NA
AVIBASE-728B225E,Eurillas latirostris,Eurillas latirostris,Eurillas latirostris,Andropadus latirostris,2,Field1,NA,U,0,NA,Equatorial Guinea,NA,NA,NA,NA,NA,NA,77,NA,NA,NA,72,JDW,0,NA
AVIBASE-728B225E,Eurillas latirostris,Eurillas latirostris,Eurillas latirostris,Andropadus latirostris,2,Field1,NA,U,0,NA,Equatorial Guinea,NA,NA,NA,NA,NA,NA,78,NA,NA,NA,74,JDW,0,NA
AVIBASE-728B225E,Eurillas latirostris,Eurillas latirostris,Eurillas latirostris,Andropadus latirostris,2,Field1,NA,U,0,NA,Equatorial Guinea,NA,NA,NA,NA,NA,NA,80,NA,NA,NA,71,JDW,0,NA
AVIBASE-728B225E,Eurillas latirostris,Eurillas latirostris,Eurillas latirostris,Andropadus latirostris,2,Field1,NA,U,0,NA,Equatorial Guinea,NA,NA,NA,NA,NA,NA,84,NA,NA,NA,81,JDW,0,NA
AVIBASE-728B225E,Eurillas latirostris,Eurillas latirostris,Eurillas latirostris,Andropadus latirostris,2,Field1,NA,F,0,NA,Equatorial Guinea,NA,NA,NA,NA,NA,NA,71,NA,NA,NA,64,JDW,0,NA
AVIBASE-728B225E,Eurillas latirostris,Eurillas latirostris,Eurillas latirostris,Andropadus latirostris,2,Field1,NA,U,0,NA,Equatorial Guinea,NA,NA,NA,NA,NA,NA,79,NA,NA,NA,76,LLP,0,NA
AVIBASE-728B225E,Eurillas latirostris,Eurillas latirostris,Eurillas latirostris,Andropadus latirostris,2,Field1,NA,M,0,NA,Equatorial Guinea,NA,NA,NA,NA,NA,NA,83,NA,NA,NA,79,JDW,0,NA
AVIBASE-728B225E,Eurillas latirostris,Eurillas latirostris,Eurillas latirostris,Andropadus latirostris,2,Field1,NA,F,0,NA,Equatorial Guinea,NA,NA,NA,NA,NA,NA,80,NA,NA,NA,76,LLP,0,NA
AVIBASE-728B225E,Eurillas latirostris,Eurillas latirostris,Eurillas latirostris,Andropadus latirostris,2,Field1,NA,M,0,NA,Equatorial Guinea,NA,NA,NA,NA,NA,NA,81,NA,NA,NA,77,JDW,0,NA
AVIBASE-728B225E,Eurillas latirostris,Eurillas latirostris,Eurillas latirostris,Andropadus latirostris,2,Field1,NA,F,0,NA,Equatorial Guinea,NA,NA,NA,NA,NA,NA,73,NA,NA,NA,71,JDW,0,NA
AVIBASE-728B225E,Eurillas latirostris,Eurillas latirostris,Eurillas latirostris,Andropadus latirostris,2,Field1,NA,M,0,NA,Equatorial Guinea,NA,NA,NA,NA,NA,NA,87,NA,NA,NA,80,JDW,0,NA
AVIBASE-728B225E,Eurillas latirostris,Eurillas latirostris,Eurillas latirostris,Andropadus latirostris,2,Field1,NA,F,0,NA,Equatorial Guinea,NA,NA,NA,NA,NA,NA,72,NA,NA,NA,62,LLP,0,NA
AVIBASE-728B225E,Eurillas latirostris,Eurillas latirostris,Eurillas latirostris,Andropadus latirostris,2,Field1,NA,U,0,NA,Equatorial Guinea,NA,NA,NA,NA,NA,NA,79,NA,NA,NA,72,JDW,0,NA
AVIBASE-728B225E,Eurillas latirostris,Eurillas latirostris,Eurillas latirostris,Andropadus latirostris,2,Field1,NA,U,0,NA,Equatorial Guinea,NA,NA,NA,NA,NA,NA,77,NA,NA,NA,75,JDW,0,NA
AVIBASE-728B225E,Eurillas latirostris,Eurillas latirostris,Eurillas latirostris,Andropadus latirostris,2,Field1,NA,F,0,NA,Equatorial Guinea,NA,NA,NA,NA,NA,NA,76,NA,NA,NA,66,LLP,0,NA
AVIBASE-728B225E,Eurillas latirostris,Eurillas latirostris,Eurillas latirostris,Andropadus latirostris,2,Field1,NA,F,0,NA,Equatorial Guinea,NA,NA,NA,NA,NA,NA,76,NA,NA,NA,68,JDW,0,NA
AVIBASE-728B225E,Eurillas latirostris,Eurillas latirostris,Eurillas latirostris,Andropadus latirostris,2,Field1,NA,U,0,NA,Equatorial Guinea,NA,NA,NA,NA,NA,NA,73,NA,NA,NA,71,JDW,0,NA
AVIBASE-728B225E,Eurillas latirostris,Eurillas latirostris,Eurillas latirostris,Andropadus latirostris,2,Field1,NA,U,0,NA,Equatorial Guinea,NA,NA,NA,NA,NA,NA,69,NA,NA,NA,65,JDW,0,NA
AVIBASE-728B225E,Eurillas latirostris,Eurillas latirostris,Eurillas latirostris,Andropadus latirostris,2,Field1,NA,F,0,NA,Equatorial Guinea,NA,NA,NA,NA,NA,NA,66,NA,NA,NA,65,JDW,0,NA
AVIBASE-728B225E,Eurillas latirostris,Eurillas latirostris,Eurillas latirostris,Andropadus latirostris,2,Field1,NA,F,0,NA,Equatorial Guinea,NA,NA,NA,NA,NA,NA,75,NA,NA,NA,71,JDW,0,NA
AVIBASE-728B225E,Eurillas latirostris,Eurillas latirostris,Eurillas latirostris,Andropadus latirostris,2,Field1,NA,F,0,NA,Equatorial Guinea,NA,NA,NA,NA,NA,NA,77,NA,NA,NA,73,JDW,0,NA
AVIBASE-728B225E,Eurillas latirostris,Eurillas latirostris,Eurillas latirostris,Andropadus latirostris,2,Field1,NA,U,0,NA,Equatorial Guinea,NA,NA,NA,NA,NA,NA,84,NA,NA,NA,NA,JDW,0,NA
AVIBASE-728B225E,Eurillas latirostris,Eurillas latirostris,Eurillas latirostris,Andropadus latirostris,2,Field1,NA,U,0,NA,Equatorial Guinea,NA,NA,NA,NA,NA,NA,80,NA,NA,NA,76,JDW,0,NA
AVIBASE-728B225E,Eurillas latirostris,Eurillas latirostris,Eurillas latirostris,Andropadus latirostris,2,Field1,NA,M,0,NA,Equatorial Guinea,NA,NA,NA,NA,NA,NA,88,NA,NA,NA,84,JDW,0,NA
AVIBASE-728B225E,Eurillas latirostris,Eurillas latirostris,Eurillas latirostris,Andropadus latirostris,2,Field1,NA,F,0,NA,Equatorial Guinea,NA,NA,NA,NA,NA,NA,NA,NA,NA,NA,72,JDW,0,NA
AVIBASE-728B225E,Eurillas latirostris,Eurillas latirostris,Eurillas latirostris,Andropadus latirostris,2,Field1,NA,M,0,NA,Equatorial Guinea,NA,NA,NA,NA,NA,NA,83,NA,NA,NA,77,JDW,0,NA
AVIBASE-728B225E,Eurillas latirostris,Eurillas latirostris,Eurillas latirostris,Andropadus latirostris,2,Field1,NA,M,0,NA,Equatorial Guinea,NA,NA,NA,NA,NA,NA,85,NA,NA,NA,NA,JDW,0,NA
AVIBASE-728B225E,Eurillas latirostris,Eurillas latirostris,Eurillas latirostris,Andropadus latirostris,2,Field1,NA,F,0,NA,Equatorial Guinea,NA,NA,NA,NA,NA,NA,79,NA,NA,NA,72,LLP,0,NA
AVIBASE-728B225E,Eurillas latirostris,Eurillas latirostris,Eurillas latirostris,Andropadus latirostris,2,Field1,NA,M,0,NA,Equatorial Guinea,NA,NA,NA,NA,NA,NA,83,NA,NA,NA,79,JDW,0,NA
AVIBASE-728B225E,Eurillas latirostris,Eurillas latirostris,Eurillas latirostris,Andropadus latirostris,2,Field1,NA,U,0,NA,Equatorial Guinea,NA,NA,NA,NA,NA,NA,72,NA,NA,NA,74,JDW,0,NA
AVIBASE-728B225E,Eurillas latirostris,Eurillas latirostris,Eurillas latirostris,Andropadus latirostris,2,Field1,NA,F,0,NA,Equatorial Guinea,NA,NA,NA,NA,NA,NA,78,NA,NA,NA,72,LLP,0,NA
AVIBASE-728B225E,Eurillas latirostris,Eurillas latirostris,Eurillas latirostris,Andropadus latirostris,2,Field1,NA,F,0,NA,Equatorial Guinea,NA,NA,NA,NA,NA,NA,78,NA,NA,NA,72,JDW,0,NA
AVIBASE-728B225E,Eurillas latirostris,Eurillas latirostris,Eurillas latirostris,Andropadus latirostris,2,Field1,NA,U,0,NA,Equatorial Guinea,NA,NA,NA,NA,NA,NA,78,NA,NA,NA,71,JDW,0,NA
AVIBASE-728B225E,Eurillas latirostris,Eurillas latirostris,Eurillas latirostris,Andropadus latirostris,2,Field1,NA,U,0,NA,Equatorial Guinea,NA,NA,NA,NA,NA,NA,80,NA,NA,NA,76,JDW,0,NA
AVIBASE-728B225E,Eurillas latirostris,Eurillas latirostris,Eurillas latirostris,Andropadus latirostris,2,Field1,NA,U,0,NA,Equatorial Guinea,NA,NA,NA,NA,NA,NA,79,NA,NA,NA,72,JDW,0,NA
AVIBASE-728B225E,Eurillas latirostris,Eurillas latirostris,Eurillas latirostris,Andropadus latirostris,2,Field1,NA,U,0,NA,Equatorial Guinea,NA,NA,NA,NA,NA,NA,85,NA,NA,NA,NA,JDW,0,NA
AVIBASE-728B225E,Eurillas latirostris,Eurillas latirostris,Eurillas latirostris,Andropadus latirostris,2,Field1,NA,U,0,NA,Equatorial Guinea,NA,NA,NA,NA,NA,NA,76,NA,NA,NA,72,JDW,0,NA
AVIBASE-728B225E,Eurillas latirostris,Eurillas latirostris,Eurillas latirostris,Andropadus latirostris,2,Field1,NA,U,0,NA,Equatorial Guinea,NA,NA,NA,NA,NA,NA,83,NA,NA,NA,79,JDW,0,NA
AVIBASE-728B225E,Eurillas latirostris,Eurillas latirostris,Eurillas latirostris,Andropadus latirostris,2,Field1,NA,U,0,NA,Equatorial Guinea,NA,NA,NA,NA,NA,NA,82,NA,NA,NA,76,JDW,0,NA
AVIBASE-728B225E,Eurillas latirostris,Eurillas latirostris,Eurillas latirostris,Andropadus latirostris,2,Field1,NA,F,0,NA,Equatorial Guinea,NA,NA,NA,NA,NA,NA,80,NA,NA,NA,78,JDW,0,NA
AVIBASE-728B225E,Eurillas latirostris,Eurillas latirostris,Eurillas latirostris,Andropadus latirostris,2,Field1,NA,F,0,NA,Equatorial Guinea,NA,NA,NA,NA,NA,NA,76,NA,NA,NA,74,JDW,0,NA
AVIBASE-728B225E,Eurillas latirostris,Eurillas latirostris,Eurillas latirostris,Andropadus latirostris,2,Field1,NA,F,0,NA,Equatorial Guinea,NA,NA,NA,NA,NA,NA,79,NA,NA,NA,72,JDW,0,NA
AVIBASE-728B225E,Eurillas latirostris,Eurillas latirostris,Eurillas latirostris,Andropadus latirostris,2,Field1,NA,U,0,NA,Equatorial Guinea,NA,NA,NA,NA,NA,NA,80,NA,NA,NA,72,JDW,0,NA
AVIBASE-728B225E,Eurillas latirostris,Eurillas latirostris,Eurillas latirostris,Andropadus latirostris,2,Field1,NA,F,0,NA,Equatorial Guinea,NA,NA,NA,NA,NA,NA,80,NA,NA,NA,78,JDW,0,NA
AVIBASE-728B225E,Eurillas latirostris,Eurillas latirostris,Eurillas latirostris,Andropadus latirostris,2,Field1,NA,U,0,NA,Equatorial Guinea,NA,NA,NA,NA,NA,NA,83,NA,NA,NA,72,JDW,0,NA
AVIBASE-728B225E,Eurillas latirostris,Eurillas latirostris,Eurillas latirostris,Andropadus latirostris,2,Field1,NA,U,0,NA,Equatorial Guinea,NA,NA,NA,NA,NA,NA,74,NA,NA,NA,80,JDW,0,NA
AVIBASE-728B225E,Eurillas latirostris,Eurillas latirostris,Eurillas latirostris,Andropadus latirostris,2,Field1,NA,M,0,NA,Equatorial Guinea,NA,NA,NA,NA,NA,NA,75,NA,NA,NA,71,LLP,0,NA
AVIBASE-728B225E,Eurillas latirostris,Eurillas latirostris,Eurillas latirostris,Andropadus latirostris,2,Field1,NA,F,0,NA,Equatorial Guinea,NA,NA,NA,NA,NA,NA,76,NA,NA,NA,70,JDW,0,NA
AVIBASE-728B225E,Eurillas latirostris,Eurillas latirostris,Eurillas latirostris,Andropadus latirostris,2,Field1,NA,U,0,NA,Equatorial Guinea,NA,NA,NA,NA,NA,NA,82,NA,NA,NA,NA,LLP,0,NA
AVIBASE-728B225E,Eurillas latirostris,Eurillas latirostris,Eurillas latirostris,Andropadus latirostris,2,Field1,NA,U,0,NA,Equatorial Guinea,NA,NA,NA,NA,NA,NA,78,NA,NA,NA,67,LLP,0,NA
AVIBASE-728B225E,Eurillas latirostris,Eurillas latirostris,Eurillas latirostris,Andropadus latirostris,2,Field1,NA,F,0,NA,Equatorial Guinea,NA,NA,NA,NA,NA,NA,80,NA,NA,NA,73,JDW,0,NA
AVIBASE-728B225E,Eurillas latirostris,Eurillas latirostris,Eurillas latirostris,Andropadus latirostris,2,Field1,NA,M,0,NA,Equatorial Guinea,NA,NA,NA,NA,NA,NA,81,NA,NA,NA,73,JDW,0,NA
AVIBASE-728B225E,Eurillas latirostris,Eurillas latirostris,Eurillas latirostris,Andropadus latirostris,2,Field1,NA,U,0,NA,Equatorial Guinea,NA,NA,NA,NA,NA,NA,82,NA,NA,NA,77,JDW,0,NA
AVIBASE-728B225E,Eurillas latirostris,Eurillas latirostris,Eurillas latirostris,Andropadus latirostris,2,Field1,NA,F,0,NA,Equatorial Guinea,NA,NA,NA,NA,NA,19.1,70,NA,NA,NA,67,LLP,0,NA
AVIBASE-728B225E,Eurillas latirostris,Eurillas latirostris,Eurillas latirostris,Andropadus latirostris,2,Field1,NA,U,0,NA,Ghana,NA,11.1,7.9,4.3,4,NA,74,8,66,10.8,70,NNDA,1,NA
AVIBASE-728B225E,Eurillas latirostris,Eurillas latirostris,Eurillas latirostris,Andropadus latirostris,2,Field1,NA,U,1,NA,Ghana,NA,16,9.2,4.4,4.5,20.8,77,NA,NA,NA,74,NNDA,1,NA
AVIBASE-728B225E,Eurillas latirostris,Eurillas latirostris,Eurillas latirostris,Andropadus latirostris,2,Field1,NA,U,1,NA,Ghana,NA,14.5,8.6,4.9,4.5,21.2,74,10.8,63.2,14.6,68,NNDA,1,NA
AVIBASE-728B225E,Eurillas latirostris,Eurillas latirostris,Eurillas latirostris,Andropadus latirostris,2,Field1,NA,U,1,NA,Ghana,NA,15.3,9.2,5.2,4.5,21,72,9.8,62.2,13.6,69,NNDA,1,NA
AVIBASE-728B225E,Eurillas latirostris,Eurillas latirostris,Eurillas latirostris,Andropadus latirostris,2,Field1,NA,U,1,NA,Ghana,NA,16.4,10,5.2,4.6,20.3,75,12.7,62.3,16.9,70,NNDA,1,NA
AVIBASE-728B225E,Eurillas latirostris,Eurillas latirostris,Eurillas latirostris,Andropadus latirostris,2,Field1,NA,U,0,NA,Ghana,NA,14.7,8.7,5.2,4.7,18,76,NA,NA,NA,NA,NNDA,1,NA
AVIBASE-728B225E,Eurillas latirostris,Eurillas latirostris,Eurillas latirostris,Andropadus latirostris,2,Field1,NA,U,1,NA,Ghana,NA,18.1,9.4,5.2,5,18.2,74,NA,NA,NA,73,NNDA,1,NA
AVIBASE-728B225E,Eurillas latirostris,Eurillas latirostris,Eurillas latirostris,Andropadus latirostris,2,Field1,NA,U,1,NA,Ghana,NA,16.1,9.4,5.9,4.5,18.5,71,11.2,59.8,15.8,68,NNDA,1,NA
AVIBASE-728B225E,Eurillas latirostris,Eurillas latirostris,Eurillas latirostris,Andropadus latirostris,2,Field1,NA,U,1,NA,Ghana,NA,13.3,9.1,4.4,4.3,18.6,72,12.2,59.8,16.9,68,NNDA,1,NA
AVIBASE-728B225E,Eurillas latirostris,Eurillas latirostris,Eurillas latirostris,Andropadus latirostris,2,Field1,NA,U,0,NA,Ghana,NA,13,9.8,5.5,4.9,19.1,80,11.3,68.7,14.1,NA,NNDA,1,NA
AVIBASE-728B225E,Eurillas latirostris,Eurillas latirostris,Eurillas latirostris,Andropadus latirostris,2,Field1,NA,U,1,NA,Ghana,NA,14.3,9.6,5.1,4.4,19.7,71,NA,NA,NA,67,NNDA,1,NA
AVIBASE-728B225E,Eurillas latirostris,Eurillas latirostris,Eurillas latirostris,Andropadus latirostris,2,Field1,NA,U,1,NA,Ghana,NA,13.6,6.6,5.1,4.3,18.6,72,NA,NA,NA,NA,NNDA,1,NA
AVIBASE-728B225E,Eurillas latirostris,Eurillas latirostris,Eurillas latirostris,Andropadus latirostris,2,Field1,NA,U,0,NA,Ghana,NA,12.9,8.4,4.6,4,21.2,80,9,71,11.3,75,NNDA,1,NA
AVIBASE-728B225E,Eurillas latirostris,Eurillas latirostris,Eurillas latirostris,Andropadus latirostris,2,Field1,NA,U,0,NA,Ghana,NA,12.7,8.3,NA,4.2,21.2,76,9,67,11.8,74,NNDA,1,NA
AVIBASE-728B225E,Eurillas latirostris,Eurillas latirostris,Eurillas latirostris,Andropadus latirostris,2,Field1,NA,U,0,NA,Ghana,NA,14.5,9.1,5.1,4.6,17.4,79,9.5,69.5,12,79,NNDA,1,NA
AVIBASE-728B225E,Eurillas latirostris,Eurillas latirostris,Eurillas latirostris,Andropadus latirostris,2,Field1,NA,U,1,NA,Ghana,NA,12.6,8.3,5,4.4,18.7,77,NA,NA,NA,85,NNDA,1,NA
AVIBASE-728B225E,Eurillas latirostris,Eurillas latirostris,Eurillas latirostris,Andropadus latirostris,2,Field1,NA,U,1,NA,Ghana,NA,15.5,9.6,5.4,4.7,19.8,73,10.5,62.5,14.4,57,NNDA,1,NA
AVIBASE-728B225E,Eurillas latirostris,Eurillas latirostris,Eurillas latirostris,Andropadus latirostris,2,Field1,NA,U,1,NA,Ghana,NA,15,9,5.3,4.6,19.5,78,13.9,64.1,17.8,70,NNDA,1,NA
AVIBASE-728B225E,Eurillas latirostris,Eurillas latirostris,Eurillas latirostris,Andropadus latirostris,2,Field1,NA,U,0,NA,Ghana,NA,15.9,8.9,4.8,4.7,19.2,76,13,63,17.1,73,NNDA,1,NA
AVIBASE-728B225E,Eurillas latirostris,Eurillas latirostris,Eurillas latirostris,Andropadus latirostris,2,Field1,NA,U,0,NA,Ghana,NA,15.6,8.5,4.2,3.3,20.7,NA,NA,NA,NA,NA,NNDA,1,NA
AVIBASE-728B225E,Eurillas latirostris,Eurillas latirostris,Eurillas latirostris,Andropadus latirostris,2,Field1,NA,U,1,NA,Ghana,NA,13.8,7.7,4.8,4.1,21.4,73,9,64,12.3,68,NNDA,1,NA
AVIBASE-728B225E,Eurillas latirostris,Eurillas latirostris,Eurillas latirostris,Andropadus latirostris,2,Field1,NA,U,0,NA,Ghana,NA,14.2,8.6,5.5,4.5,21.5,75,11,64,14.7,71,NNDA,1,NA
AVIBASE-728B225E,Eurillas latirostris,Eurillas latirostris,Eurillas latirostris,Andropadus latirostris,2,Field1,NA,U,1,NA,Ghana,NA,14.7,8.5,4.6,4.5,22.1,71,8,63,11.3,71,NNDA,1,NA
AVIBASE-3413C42C,Eurillas virens,Eurillas virens,Eurillas virens,Andropadus virens,1,ZFMK,1979.716,F,0,NA,Democratic Republic of the Congo,NA,14.6,NA,NA,NA,20.1,77,11.5,65.5,14.9,65.5,LB,0,NA
AVIBASE-3413C42C,Eurillas virens,Eurillas virens,Eurillas virens,Andropadus virens,1,ZFMK,2012.175,F,0,NA,United Republic of Tanzania,NA,14.2,NA,NA,NA,19.7,85,14,71,16.5,77.5,LB,0,NA
AVIBASE-3413C42C,Eurillas virens,Eurillas virens,Eurillas virens,Andropadus virens,1,ZFMK,2012.177,M,0,NA,United Republic of Tanzania,NA,15.8,NA,NA,NA,20.7,85,15,70,17.6,78,LB,0,NA
AVIBASE-3413C42C,Eurillas virens,Eurillas virens,Eurillas virens,Andropadus virens,1,ZFMK,2012.178,M,0,NA,United Republic of Tanzania,NA,15.2,NA,NA,NA,19.3,86,14,72,16.3,81,LB,0,NA
AVIBASE-3413C42C,Eurillas virens,Eurillas virens,Eurillas virens,Andropadus virens,1,AMNH,348736,M,0,NA,Cameroon,NA,14.3,7.8,4.1,4.6,19,75,12.9,62.1,17.2,73.5,CS,1,NA
AVIBASE-3413C42C,Eurillas virens,Eurillas virens,Eurillas virens,Andropadus virens,1,AMNH,388170,M,0,NA,Cameroon,NA,14.6,8.4,4.4,4.8,18.9,77.5,12.2,65.3,15.7,73,CS,1,NA
AVIBASE-3413C42C,Eurillas virens,Eurillas virens,Eurillas virens,Andropadus virens,1,AMNH,415427,F,0,NA,Cameroon,NA,13.4,7.9,4.2,4,18.3,73.5,10.7,62.8,14.6,81,CS,1,NA
AVIBASE-3413C42C,Eurillas virens,Eurillas virens,Eurillas virens,Andropadus virens,1,AMNH,415428,F,0,NA,Cameroon,NA,13,7.5,4.1,4.2,16.6,71,8.3,62.7,11.7,67,CS,1,NA
AVIBASE-3413C42C,Eurillas virens,Eurillas virens,Eurillas virens,Andropadus virens,1,ZFMK,1961-1273,F,0,NA,Cameroon,NA,16.9,NA,NA,NA,19.6,71,6.5,64.5,9.2,66,DH,0,NA
AVIBASE-3413C42C,Eurillas virens,Eurillas virens,Eurillas virens,Andropadus virens,1,ZFMK,1961-1311,M,0,NA,Cameroon,NA,18.3,NA,NA,NA,19.9,75,10,65,13.3,68,LN,0,NA
AVIBASE-3413C42C,Eurillas virens,Eurillas virens,Eurillas virens,Andropadus virens,1,ZFMK,1961-1312,F,0,NA,Cameroon,NA,15.7,NA,NA,NA,18.4,68,8,60,11.8,63,LN,0,NA
AVIBASE-3413C42C,Eurillas virens,Eurillas virens,Eurillas virens,Andropadus virens,1,ZFMK,1961-1314,M,0,NA,Cameroon,NA,18.4,NA,NA,NA,19.4,74,10,64,13.5,69.5,DH,0,NA
AVIBASE-3413C42C,Eurillas virens,Eurillas virens,Eurillas virens,Andropadus virens,2,Field1,NA,U,0,NA,Equatorial Guinea,NA,NA,NA,NA,NA,NA,69,NA,NA,NA,NA,JDW,0,NA
AVIBASE-3413C42C,Eurillas virens,Eurillas virens,Eurillas virens,Andropadus virens,2,Field1,NA,U,0,NA,Equatorial Guinea,NA,NA,NA,NA,NA,NA,62,NA,NA,NA,68,JDW,0,NA
AVIBASE-3413C42C,Eurillas virens,Eurillas virens,Eurillas virens,Andropadus virens,2,Field1,NA,U,0,NA,Equatorial Guinea,NA,NA,NA,NA,NA,NA,69,NA,NA,NA,65,AME,0,NA
AVIBASE-3413C42C,Eurillas virens,Eurillas virens,Eurillas virens,Andropadus virens,2,Field1,NA,F,0,NA,Equatorial Guinea,NA,NA,NA,NA,NA,NA,60,NA,NA,NA,62,JDW,0,NA
AVIBASE-3413C42C,Eurillas virens,Eurillas virens,Eurillas virens,Andropadus virens,2,Field1,NA,U,0,NA,Equatorial Guinea,NA,NA,NA,NA,NA,NA,70,NA,NA,NA,62,JHW,0,NA
AVIBASE-3413C42C,Eurillas virens,Eurillas virens,Eurillas virens,Andropadus virens,2,Field1,NA,U,0,NA,Equatorial Guinea,NA,NA,NA,NA,NA,NA,69,NA,NA,NA,NA,JHW,0,NA
AVIBASE-3413C42C,Eurillas virens,Eurillas virens,Eurillas virens,Andropadus virens,2,Field1,NA,U,0,NA,Equatorial Guinea,NA,NA,NA,NA,NA,NA,75,NA,NA,NA,76,JHW,0,NA
AVIBASE-3413C42C,Eurillas virens,Eurillas virens,Eurillas virens,Andropadus virens,2,Field1,NA,U,0,NA,Equatorial Guinea,NA,NA,NA,NA,NA,NA,75,NA,NA,NA,69,JHW,0,NA
AVIBASE-3413C42C,Eurillas virens,Eurillas virens,Eurillas virens,Andropadus virens,2,Field1,NA,U,0,NA,Equatorial Guinea,NA,NA,NA,NA,NA,NA,79,NA,NA,NA,70,JDW,0,NA
AVIBASE-3413C42C,Eurillas virens,Eurillas virens,Eurillas virens,Andropadus virens,2,Field1,NA,U,0,NA,Equatorial Guinea,NA,NA,NA,NA,NA,NA,77,NA,NA,NA,73,LLP,0,NA
AVIBASE-3413C42C,Eurillas virens,Eurillas virens,Eurillas virens,Andropadus virens,2,Field1,NA,U,0,NA,Equatorial Guinea,NA,NA,NA,NA,NA,NA,72,NA,NA,NA,NA,JDW,0,NA
AVIBASE-3413C42C,Eurillas virens,Eurillas virens,Eurillas virens,Andropadus virens,2,Field1,NA,U,0,NA,Equatorial Guinea,NA,NA,NA,NA,NA,NA,74,NA,NA,NA,63,CAY,0,NA
AVIBASE-3413C42C,Eurillas virens,Eurillas virens,Eurillas virens,Andropadus virens,2,Field1,NA,U,0,NA,Equatorial Guinea,NA,NA,NA,NA,NA,NA,79,NA,NA,NA,73,LLP,0,NA
AVIBASE-3413C42C,Eurillas virens,Eurillas virens,Eurillas virens,Andropadus virens,2,Field1,NA,U,0,NA,Equatorial Guinea,NA,NA,NA,NA,NA,NA,72,NA,NA,NA,NA,LLP,0,NA
AVIBASE-3413C42C,Eurillas virens,Eurillas virens,Eurillas virens,Andropadus virens,2,Field1,NA,U,0,NA,Equatorial Guinea,NA,NA,NA,NA,NA,NA,76,NA,NA,NA,67,AME,0,NA
AVIBASE-3413C42C,Eurillas virens,Eurillas virens,Eurillas virens,Andropadus virens,2,Field1,NA,U,0,NA,Equatorial Guinea,NA,NA,NA,NA,NA,NA,74,NA,NA,NA,67,CJ,0,NA
AVIBASE-3413C42C,Eurillas virens,Eurillas virens,Eurillas virens,Andropadus virens,2,Field1,NA,F,0,NA,Equatorial Guinea,NA,NA,NA,NA,NA,NA,66,NA,NA,NA,62,AKW,0,NA
AVIBASE-3413C42C,Eurillas virens,Eurillas virens,Eurillas virens,Andropadus virens,2,Field1,NA,M,0,NA,Equatorial Guinea,NA,NA,NA,NA,NA,NA,74,NA,NA,NA,69,CJ,0,NA
AVIBASE-3413C42C,Eurillas virens,Eurillas virens,Eurillas virens,Andropadus virens,2,Field1,NA,U,0,NA,Equatorial Guinea,NA,NA,NA,NA,NA,NA,75,NA,NA,NA,62,CAY,0,NA
AVIBASE-3413C42C,Eurillas virens,Eurillas virens,Eurillas virens,Andropadus virens,2,Field1,NA,F,0,NA,Equatorial Guinea,NA,NA,NA,NA,NA,NA,67,NA,NA,NA,64,JDW,0,NA
AVIBASE-3413C42C,Eurillas virens,Eurillas virens,Eurillas virens,Andropadus virens,2,Field1,NA,F,0,NA,Equatorial Guinea,NA,NA,NA,NA,NA,NA,71,NA,NA,NA,64,JDW,0,NA
AVIBASE-3413C42C,Eurillas virens,Eurillas virens,Eurillas virens,Andropadus virens,2,Field1,NA,U,0,NA,Equatorial Guinea,NA,NA,NA,NA,NA,NA,69,NA,NA,NA,69,JDW,0,NA
AVIBASE-3413C42C,Eurillas virens,Eurillas virens,Eurillas virens,Andropadus virens,2,Field1,NA,F,0,NA,Equatorial Guinea,NA,NA,NA,NA,NA,NA,68,NA,NA,NA,65,JDW,0,NA
AVIBASE-3413C42C,Eurillas virens,Eurillas virens,Eurillas virens,Andropadus virens,2,Field1,NA,U,0,NA,Equatorial Guinea,NA,NA,NA,NA,NA,NA,73,NA,NA,NA,69,AKW,0,NA
AVIBASE-3413C42C,Eurillas virens,Eurillas virens,Eurillas virens,Andropadus virens,2,Field1,NA,U,0,NA,Equatorial Guinea,NA,NA,NA,NA,NA,NA,71,NA,NA,NA,70,AKW,0,NA
AVIBASE-3413C42C,Eurillas virens,Eurillas virens,Eurillas virens,Andropadus virens,2,Field1,NA,U,0,NA,Equatorial Guinea,NA,NA,NA,NA,NA,NA,73,NA,NA,NA,68,AKW,0,NA
AVIBASE-3413C42C,Eurillas virens,Eurillas virens,Eurillas virens,Andropadus virens,2,Field1,NA,U,0,NA,Equatorial Guinea,NA,NA,NA,NA,NA,NA,74,NA,NA,NA,70,AKW,0,NA
AVIBASE-3413C42C,Eurillas virens,Eurillas virens,Eurillas virens,Andropadus virens,2,Field1,NA,U,0,NA,Equatorial Guinea,NA,NA,NA,NA,NA,NA,78,NA,NA,NA,NA,AKW,0,NA
AVIBASE-3413C42C,Eurillas virens,Eurillas virens,Eurillas virens,Andropadus virens,2,Field1,NA,U,0,NA,Equatorial Guinea,NA,NA,NA,NA,NA,NA,73,NA,NA,NA,68,SEM,0,NA
AVIBASE-3413C42C,Eurillas virens,Eurillas virens,Eurillas virens,Andropadus virens,2,Field1,NA,U,0,NA,Equatorial Guinea,NA,NA,NA,NA,NA,NA,68,NA,NA,NA,67,JHW,0,NA
AVIBASE-3413C42C,Eurillas virens,Eurillas virens,Eurillas virens,Andropadus virens,2,Field1,NA,U,0,NA,Equatorial Guinea,NA,NA,NA,NA,NA,NA,68,NA,NA,NA,64,PFR,0,NA
AVIBASE-3413C42C,Eurillas virens,Eurillas virens,Eurillas virens,Andropadus virens,2,Field1,NA,F,0,NA,Equatorial Guinea,NA,NA,NA,NA,NA,NA,70,NA,NA,NA,66,CJ,0,NA
AVIBASE-3413C42C,Eurillas virens,Eurillas virens,Eurillas virens,Andropadus virens,2,Field1,NA,U,0,NA,Equatorial Guinea,NA,NA,NA,NA,NA,NA,69,NA,NA,NA,67,SEM,0,NA
AVIBASE-3413C42C,Eurillas virens,Eurillas virens,Eurillas virens,Andropadus virens,2,Field1,NA,F,0,NA,Equatorial Guinea,NA,NA,NA,NA,NA,NA,68,NA,NA,NA,63,CJ,0,NA
AVIBASE-3413C42C,Eurillas virens,Eurillas virens,Eurillas virens,Andropadus virens,2,Field1,NA,F,0,NA,Equatorial Guinea,NA,NA,NA,NA,NA,NA,67,NA,NA,NA,NA,CJ,0,NA
AVIBASE-3413C42C,Eurillas virens,Eurillas virens,Eurillas virens,Andropadus virens,2,Field1,NA,M,0,NA,Equatorial Guinea,NA,NA,NA,NA,NA,NA,72,NA,NA,NA,70,KEB,0,NA
AVIBASE-3413C42C,Eurillas virens,Eurillas virens,Eurillas virens,Andropadus virens,2,Field1,NA,U,0,NA,Equatorial Guinea,NA,NA,NA,NA,NA,NA,73,NA,NA,NA,65,SEM,0,NA
AVIBASE-3413C42C,Eurillas virens,Eurillas virens,Eurillas virens,Andropadus virens,2,Field1,NA,U,0,NA,Equatorial Guinea,NA,NA,NA,NA,NA,NA,74,NA,NA,NA,70,SEM,0,NA
AVIBASE-3413C42C,Eurillas virens,Eurillas virens,Eurillas virens,Andropadus virens,2,Field1,NA,U,0,NA,Equatorial Guinea,NA,NA,NA,NA,NA,NA,71,NA,NA,NA,NA,HP,0,NA
AVIBASE-3413C42C,Eurillas virens,Eurillas virens,Eurillas virens,Andropadus virens,2,Field1,NA,U,0,NA,Equatorial Guinea,NA,NA,NA,NA,NA,NA,76,NA,NA,NA,NA,HP,0,NA
AVIBASE-3413C42C,Eurillas virens,Eurillas virens,Eurillas virens,Andropadus virens,2,Field1,NA,U,0,NA,Equatorial Guinea,NA,NA,NA,NA,NA,NA,68,NA,NA,NA,67,SEM,0,NA
AVIBASE-3413C42C,Eurillas virens,Eurillas virens,Eurillas virens,Andropadus virens,2,Field1,NA,U,0,NA,Equatorial Guinea,NA,NA,NA,NA,NA,NA,74,NA,NA,NA,68,SEM,0,NA
AVIBASE-3413C42C,Eurillas virens,Eurillas virens,Eurillas virens,Andropadus virens,2,Field1,NA,U,0,NA,Equatorial Guinea,NA,NA,NA,NA,NA,NA,63,NA,NA,NA,75,SEM,0,NA
AVIBASE-3413C42C,Eurillas virens,Eurillas virens,Eurillas virens,Andropadus virens,2,Field1,NA,U,0,NA,Equatorial Guinea,NA,NA,NA,NA,NA,NA,73,NA,NA,NA,68,SEM,0,NA
AVIBASE-3413C42C,Eurillas virens,Eurillas virens,Eurillas virens,Andropadus virens,2,Field1,NA,U,0,NA,Equatorial Guinea,NA,NA,NA,NA,NA,NA,77,NA,NA,NA,70,LLP,0,NA
AVIBASE-3413C42C,Eurillas virens,Eurillas virens,Eurillas virens,Andropadus virens,2,Field1,NA,U,0,NA,Equatorial Guinea,NA,NA,NA,NA,NA,NA,74,NA,NA,NA,68,BAK,0,NA
AVIBASE-3413C42C,Eurillas virens,Eurillas virens,Eurillas virens,Andropadus virens,2,Field1,NA,U,0,NA,Equatorial Guinea,NA,NA,NA,NA,NA,NA,74,NA,NA,NA,67,BAK,0,NA
AVIBASE-3413C42C,Eurillas virens,Eurillas virens,Eurillas virens,Andropadus virens,2,Field1,NA,U,0,NA,Equatorial Guinea,NA,NA,NA,NA,NA,NA,87,NA,NA,NA,71,BAK,0,NA
AVIBASE-3413C42C,Eurillas virens,Eurillas virens,Eurillas virens,Andropadus virens,2,Field1,NA,U,0,NA,Equatorial Guinea,NA,NA,NA,NA,NA,NA,70,NA,NA,NA,67,EMB,0,NA
AVIBASE-3413C42C,Eurillas virens,Eurillas virens,Eurillas virens,Andropadus virens,2,Field1,NA,U,0,NA,Equatorial Guinea,NA,NA,NA,NA,NA,NA,73,NA,NA,NA,66,BAK,0,NA
AVIBASE-3413C42C,Eurillas virens,Eurillas virens,Eurillas virens,Andropadus virens,2,Field1,NA,U,0,NA,Equatorial Guinea,NA,NA,NA,NA,NA,NA,73,NA,NA,NA,69,EMB,0,NA
AVIBASE-3413C42C,Eurillas virens,Eurillas virens,Eurillas virens,Andropadus virens,2,Field1,NA,U,0,NA,Equatorial Guinea,NA,NA,NA,NA,NA,NA,70,NA,NA,NA,66,SAL,0,NA
AVIBASE-3413C42C,Eurillas virens,Eurillas virens,Eurillas virens,Andropadus virens,2,Field1,NA,U,0,NA,Equatorial Guinea,NA,NA,NA,NA,NA,NA,75,NA,NA,NA,72,BAK,0,NA
AVIBASE-3413C42C,Eurillas virens,Eurillas virens,Eurillas virens,Andropadus virens,2,Field1,NA,U,0,NA,Equatorial Guinea,NA,NA,NA,NA,NA,NA,73,NA,NA,NA,66,ELK,0,NA
AVIBASE-3413C42C,Eurillas virens,Eurillas virens,Eurillas virens,Andropadus virens,2,Field1,NA,U,0,NA,Equatorial Guinea,NA,NA,NA,NA,NA,NA,73,NA,NA,NA,67,JDW,0,NA
AVIBASE-3413C42C,Eurillas virens,Eurillas virens,Eurillas virens,Andropadus virens,2,Field1,NA,U,0,NA,Equatorial Guinea,NA,NA,NA,NA,NA,NA,74,NA,NA,NA,66,BAK,0,NA
AVIBASE-3413C42C,Eurillas virens,Eurillas virens,Eurillas virens,Andropadus virens,2,Field1,NA,U,0,NA,Equatorial Guinea,NA,NA,NA,NA,NA,NA,74,NA,NA,NA,69,ELK,0,NA
AVIBASE-3413C42C,Eurillas virens,Eurillas virens,Eurillas virens,Andropadus virens,2,Field1,NA,U,0,NA,Equatorial Guinea,NA,NA,NA,NA,NA,NA,74,NA,NA,NA,66,EMB,0,NA
AVIBASE-3413C42C,Eurillas virens,Eurillas virens,Eurillas virens,Andropadus virens,2,Field1,NA,F,0,NA,Equatorial Guinea,NA,NA,NA,NA,NA,NA,70,NA,NA,NA,65,SAL,0,NA
AVIBASE-3413C42C,Eurillas virens,Eurillas virens,Eurillas virens,Andropadus virens,2,Field1,NA,F,0,NA,Equatorial Guinea,NA,NA,NA,NA,NA,NA,68,NA,NA,NA,63,PFR,0,NA
AVIBASE-3413C42C,Eurillas virens,Eurillas virens,Eurillas virens,Andropadus virens,2,Field1,NA,U,0,NA,Equatorial Guinea,NA,NA,NA,NA,NA,NA,80,NA,NA,NA,71,LLP,0,NA
AVIBASE-3413C42C,Eurillas virens,Eurillas virens,Eurillas virens,Andropadus virens,2,Field1,NA,U,0,NA,Ghana,NA,12.5,8.3,4.6,3.6,23.7,NA,NA,NA,NA,73,NNDA,1,NA
AVIBASE-3413C42C,Eurillas virens,Eurillas virens,Eurillas virens,Andropadus virens,2,Field1,NA,U,1,NA,Ghana,NA,14.9,8.6,5.4,4.2,22.1,72,NA,NA,NA,74,NNDA,1,NA
AVIBASE-3413C42C,Eurillas virens,Eurillas virens,Eurillas virens,Andropadus virens,2,Field1,NA,U,0,NA,Ghana,NA,14.7,8.3,4.9,4.3,21.5,NA,NA,NA,NA,NA,NNDA,1,NA
AVIBASE-3413C42C,Eurillas virens,Eurillas virens,Eurillas virens,Andropadus virens,2,Field1,NA,U,0,NA,Ghana,NA,15.5,8.6,5.1,4.4,20.6,78,8,70,10.3,78,NNDA,1,NA
AVIBASE-3413C42C,Eurillas virens,Eurillas virens,Eurillas virens,Andropadus virens,2,Field1,NA,U,0,NA,Ghana,NA,13.8,7.5,3.5,4.1,21.5,78,NA,NA,NA,69,NNDA,1,NA
AVIBASE-3413C42C,Eurillas virens,Eurillas virens,Eurillas virens,Andropadus virens,2,Field1,NA,U,0,NA,Ghana,NA,13.2,7.8,5.2,4.2,21.1,71.5,4.5,67,6.3,67,NNDA,1,NA
AVIBASE-3413C42C,Eurillas virens,Eurillas virens,Eurillas virens,Andropadus virens,2,Field1,NA,U,0,NA,Ghana,NA,14.2,7.7,4.8,4.8,21.2,69,3,66,4.3,71,NNDA,1,NA
AVIBASE-3413C42C,Eurillas virens,Eurillas virens,Eurillas virens,Andropadus virens,2,Field1,NA,U,1,NA,Ghana,NA,12.9,8.5,4.2,4.3,21.1,75,8,67,10.7,73,NNDA,1,NA
AVIBASE-3413C42C,Eurillas virens,Eurillas virens,Eurillas virens,Andropadus virens,2,Field1,NA,U,0,NA,Ghana,NA,15.2,9,5.9,4.6,19.4,75,8.7,66.3,11.6,71,NNDA,1,NA
AVIBASE-3413C42C,Eurillas virens,Eurillas virens,Eurillas virens,Andropadus virens,2,Field1,NA,U,0,NA,Ghana,NA,13.9,8.6,5.2,4.4,18.6,75,8.1,66.9,10.8,70,NNDA,1,NA
AVIBASE-3413C42C,Eurillas virens,Eurillas virens,Eurillas virens,Andropadus virens,2,Field1,NA,U,0,NA,Ghana,NA,12.1,8.6,4.5,4.6,20.4,78,10.6,67.4,13.6,72,NNDA,1,NA
AVIBASE-3413C42C,Eurillas virens,Eurillas virens,Eurillas virens,Andropadus virens,2,Field1,NA,U,0,NA,Ghana,NA,12.8,7.8,4.7,4.2,21.9,72,7.8,64.2,10.8,70,NNDA,1,NA
AVIBASE-3413C42C,Eurillas virens,Eurillas virens,Eurillas virens,Andropadus virens,2,Field1,NA,U,0,NA,Ghana,NA,13.9,8,5.9,4.7,19.7,71,NA,NA,NA,70,NNDA,1,NA
AVIBASE-3413C42C,Eurillas virens,Eurillas virens,Eurillas virens,Andropadus virens,2,Field1,NA,U,1,NA,Ghana,NA,13.5,8.6,4.6,4.5,20.7,71,9.2,61.8,13,69,NNDA,1,NA
AVIBASE-3413C42C,Eurillas virens,Eurillas virens,Eurillas virens,Andropadus virens,2,Field1,NA,U,0,NA,Ghana,NA,13.3,8.2,4.2,4.3,20.9,76,8.9,67.1,11.7,65,NNDA,1,NA
AVIBASE-3413C42C,Eurillas virens,Eurillas virens,Eurillas virens,Andropadus virens,2,Field1,NA,U,0,NA,Ghana,NA,14.3,8.8,5.6,4.7,20.2,75,7.3,67.7,9.7,70,NNDA,1,NA
AVIBASE-3413C42C,Eurillas virens,Eurillas virens,Eurillas virens,Andropadus virens,2,Field1,NA,U,0,NA,Ghana,NA,13.6,8.6,5.5,4.6,21.6,73,7.4,65.6,10.1,69,NNDA,1,NA
AVIBASE-3413C42C,Eurillas virens,Eurillas virens,Eurillas virens,Andropadus virens,2,Field1,NA,U,0,NA,Ghana,NA,11.8,7.6,5,4.1,20,70,8.3,61.7,11.9,65,NNDA,1,NA
AVIBASE-3413C42C,Eurillas virens,Eurillas virens,Eurillas virens,Andropadus virens,2,Field1,NA,U,0,NA,Ghana,NA,14.3,7.5,5.5,4.6,21.9,75,8.9,66.1,11.9,71,NNDA,1,NA
AVIBASE-3413C42C,Eurillas virens,Eurillas virens,Eurillas virens,Andropadus virens,2,Field1,NA,U,0,NA,Ghana,NA,14.2,8.6,4.2,4.4,18.6,70,NA,NA,NA,65,NNDA,1,NA
AVIBASE-3413C42C,Eurillas virens,Eurillas virens,Eurillas virens,Andropadus virens,2,Field1,NA,U,0,NA,Ghana,NA,13.9,8.5,4.8,4.6,23.2,74,6,68,8.1,70,NNDA,1,NA
AVIBASE-3413C42C,Eurillas virens,Eurillas virens,Eurillas virens,Andropadus virens,2,Field1,NA,U,0,NA,Ghana,NA,13.9,8.9,4.3,4.5,19.2,72,11.4,60.6,15.8,65,NNDA,1,NA
AVIBASE-3413C42C,Eurillas virens,Eurillas virens,Eurillas virens,Andropadus virens,2,Field1,NA,U,0,NA,Ghana,NA,13.2,8.4,4.8,4.7,19.2,78,5.8,72.2,7.4,71,NNDA,1,NA
AVIBASE-3413C42C,Eurillas virens,Eurillas virens,Eurillas virens,Andropadus virens,2,Field1,NA,U,0,NA,Ghana,NA,12.8,8.5,4.8,4.7,19.2,72,6,66,8.3,67,NNDA,1,NA
AVIBASE-3413C42C,Eurillas virens,Eurillas virens,Eurillas virens,Andropadus virens,2,Field1,NA,U,0,NA,Ghana,NA,12.9,8.4,4.7,4.5,19.4,73,7.2,65.8,9.9,66,NNDA,1,NA
AVIBASE-3413C42C,Eurillas virens,Eurillas virens,Eurillas virens,Andropadus virens,2,Field1,NA,U,0,NA,Ghana,NA,13.4,8.2,5.7,4.5,21,NA,NA,NA,NA,70,NNDA,1,NA
AVIBASE-3413C42C,Eurillas virens,Eurillas virens,Eurillas virens,Andropadus virens,2,Field1,NA,U,0,NA,Ghana,NA,12.8,7.7,4.7,4.4,21.5,75,10.8,64.2,14.4,71,NNDA,1,NA
AVIBASE-3413C42C,Eurillas virens,Eurillas virens,Eurillas virens,Andropadus virens,2,Field1,NA,U,1,NA,Ghana,NA,13.7,8.2,5.7,4.7,21.2,72,6.7,65.3,9.3,71,NNDA,1,NA
AVIBASE-3413C42C,Eurillas virens,Eurillas virens,Eurillas virens,Andropadus virens,2,Field1,NA,U,1,NA,Ghana,NA,13.5,8.7,5.6,4.6,22.3,74,6.6,67.4,8.9,73,NNDA,1,NA
AVIBASE-3413C42C,Eurillas virens,Eurillas virens,Eurillas virens,Andropadus virens,2,Field1,NA,U,0,NA,Ghana,NA,13.9,7.8,5,4.4,21.5,73,6.9,66.1,9.5,68,NNDA,1,NA
AVIBASE-3413C42C,Eurillas virens,Eurillas virens,Eurillas virens,Andropadus virens,2,Field1,NA,U,0,NA,Ghana,NA,14.3,8.8,6,4.2,20.5,72,7.2,64.8,10,70,NNDA,1,NA
AVIBASE-3413C42C,Eurillas virens,Eurillas virens,Eurillas virens,Andropadus virens,2,Field1,NA,U,0,NA,Ghana,NA,12.6,8.3,5,4.5,22.1,75,NA,NA,NA,71,NNDA,1,NA
AVIBASE-3413C42C,Eurillas virens,Eurillas virens,Eurillas virens,Andropadus virens,2,Field1,NA,U,0,NA,Ghana,NA,13.8,8,5.3,4.3,19.4,69,NA,NA,NA,63,NNDA,1,NA
AVIBASE-3413C42C,Eurillas virens,Eurillas virens,Eurillas virens,Andropadus virens,2,Field1,NA,U,1,NA,Ghana,NA,13.9,8.3,5,4.6,21.6,72,8.1,63.9,11.3,73,NNDA,1,NA
AVIBASE-3413C42C,Eurillas virens,Eurillas virens,Eurillas virens,Andropadus virens,2,Field1,NA,U,0,NA,Ghana,NA,12.6,8.6,4.8,4.2,20.5,72,NA,NA,NA,70,NNDA,1,NA
AVIBASE-3413C42C,Eurillas virens,Eurillas virens,Eurillas virens,Andropadus virens,2,Field1,NA,U,0,NA,Ghana,NA,12.5,8,4.9,4.3,20.4,67,8.4,58.6,12.5,62,NNDA,1,NA
AVIBASE-3413C42C,Eurillas virens,Eurillas virens,Eurillas virens,Andropadus virens,2,Field1,NA,U,1,NA,Ghana,NA,12.9,8.9,4.3,4.2,21.5,73,11.1,61.9,15.2,62,NNDA,1,NA
AVIBASE-3413C42C,Eurillas virens,Eurillas virens,Eurillas virens,Andropadus virens,2,Field1,NA,U,0,NA,Ghana,NA,11.9,9.2,4,4.4,20.3,77,10.5,66.5,13.6,72,NNDA,1,NA
AVIBASE-3413C42C,Eurillas virens,Eurillas virens,Eurillas virens,Andropadus virens,2,Field1,NA,U,1,NA,Ghana,NA,11.8,8.6,4.2,4,22.4,70,4,66,5.7,70,NNDA,1,NA
AVIBASE-3413C42C,Eurillas virens,Eurillas virens,Eurillas virens,Andropadus virens,2,Field1,NA,U,0,NA,Ghana,NA,13.4,8.1,4.7,4,19.9,71,7.2,63.8,10.1,63,NNDA,1,NA
AVIBASE-3413C42C,Eurillas virens,Eurillas virens,Eurillas virens,Andropadus virens,2,Field1,NA,U,1,NA,Ghana,NA,11.3,8.3,4.2,4.1,18.7,68,8.6,59.4,12.6,70,NNDA,1,NA
AVIBASE-3413C42C,Eurillas virens,Eurillas virens,Eurillas virens,Andropadus virens,2,Field1,NA,U,0,NA,Ghana,NA,13.6,8.1,5,4.4,20.3,74,9.5,64.5,12.8,68,NNDA,1,NA
AVIBASE-3413C42C,Eurillas virens,Eurillas virens,Eurillas virens,Andropadus virens,2,Field1,NA,U,0,NA,Ghana,NA,14.2,8.6,4.9,4.8,20.6,76,11.5,64.5,15.1,75,NNDA,1,NA
AVIBASE-3413C42C,Eurillas virens,Eurillas virens,Eurillas virens,Andropadus virens,2,Field1,NA,U,0,NA,Ghana,NA,14,9,5,4.2,20.5,75,11.4,63.6,15.2,73,NNDA,1,NA
AVIBASE-3413C42C,Eurillas virens,Eurillas virens,Eurillas virens,Andropadus virens,2,Field1,NA,U,0,NA,Ghana,NA,13.9,8.2,5.1,4.3,22.9,75,8,67,10.7,72,NNDA,1,NA
AVIBASE-3413C42C,Eurillas virens,Eurillas virens,Eurillas virens,Andropadus virens,2,Field1,NA,U,0,NA,Ghana,NA,14.5,8.8,5.6,4.5,21.7,74,NA,NA,NA,NA,NNDA,1,NA
AVIBASE-3413C42C,Eurillas virens,Eurillas virens,Eurillas virens,Andropadus virens,2,Field1,NA,U,1,NA,Ghana,NA,11.6,7.8,4.1,4.5,23,71,3,68,4.2,70,NNDA,1,NA
AVIBASE-3413C42C,Eurillas virens,Eurillas virens,Eurillas virens,Andropadus virens,2,Field1,NA,U,0,NA,Ghana,NA,15,8.5,4.9,4.4,24.4,76,5.5,70.5,7.2,74,NNDA,1,NA
AVIBASE-3413C42C,Eurillas virens,Eurillas virens,Eurillas virens,Andropadus virens,2,Field1,NA,U,0,NA,Ghana,NA,14.6,8.4,5,4.6,23.7,75,7,68,9.3,73,NNDA,1,NA
AVIBASE-3413C42C,Eurillas virens,Eurillas virens,Eurillas virens,Andropadus virens,2,Field1,NA,U,0,NA,Ghana,NA,14.1,8.2,4.8,4.2,22.9,72,6,66,8.3,68,NNDA,1,NA
AVIBASE-3413C42C,Eurillas virens,Eurillas virens,Eurillas virens,Andropadus virens,2,Field1,NA,U,1,NA,Ghana,NA,15,8.8,5.3,4.4,22.2,77,2.5,74.5,3.2,76,NNDA,1,NA
AVIBASE-3413C42C,Eurillas virens,Eurillas virens,Eurillas virens,Andropadus virens,2,Field1,NA,U,0,NA,Mozambique,NA,13.8,7.2,4.3,NA,NA,82,NA,NA,NA,81,SEIJ,1,NA
AVIBASE-3413C42C,Eurillas virens,Eurillas virens,Eurillas virens,Andropadus virens,2,Field1,NA,U,0,NA,Mozambique,NA,13.1,7.2,4.3,NA,NA,81,NA,NA,NA,82,SEIJ,1,NA
AVIBASE-3413C42C,Eurillas virens,Eurillas virens,Eurillas virens,Andropadus virens,2,Field1,NA,U,0,NA,Mozambique,NA,14,7.2,4.1,NA,NA,82,NA,NA,NA,78,SEIJ,1,NA
AVIBASE-3413C42C,Eurillas virens,Eurillas virens,Eurillas virens,Andropadus virens,2,Field1,NA,U,0,NA,Mozambique,NA,12.9,7.2,3.9,NA,NA,78,NA,NA,NA,NA,SEIJ,1,NA
AVIBASE-3413C42C,Eurillas virens,Eurillas virens,Eurillas virens,Andropadus virens,2,Field1,NA,F,0,NA,Mozambique,NA,13.8,8,5,NA,NA,79,NA,NA,NA,83,SEIJ,1,NA
AVIBASE-3413C42C,Eurillas virens,Eurillas virens,Eurillas virens,Andropadus virens,2,Field1,NA,U,0,NA,Mozambique,NA,13.4,7.8,4.7,NA,NA,87,NA,NA,NA,83,SEIJ,1,NA
AVIBASE-3413C42C,Eurillas virens,Eurillas virens,Eurillas virens,Andropadus virens,2,Field1,NA,F,0,NA,Mozambique,NA,14.1,7.7,4.5,NA,NA,81,NA,NA,NA,86,SEIJ,1,NA
AVIBASE-3413C42C,Eurillas virens,Eurillas virens,Eurillas virens,Andropadus virens,2,Field1,NA,U,0,NA,Mozambique,NA,14.2,7.9,4.2,NA,NA,87,NA,NA,NA,85,SEIJ,1,NA
AVIBASE-3413C42C,Eurillas virens,Eurillas virens,Eurillas virens,Andropadus virens,2,Field1,NA,U,0,NA,United Republic of Tanzania,NA,14.5,7.8,4.4,3.9,20,84,15,69,17.9,80,MNC,1,NA
AVIBASE-3413C42C,Eurillas virens,Eurillas virens,Eurillas virens,Andropadus virens,2,Field1,NA,U,0,NA,United Republic of Tanzania,NA,13.5,6.7,4.3,3.8,20.8,77,12,65,15.6,76,MNC,1,NA
AVIBASE-3413C42C,Eurillas virens,Eurillas virens,Eurillas virens,Andropadus virens,2,Field1,NA,U,0,NA,United Republic of Tanzania,NA,14.3,7,4.6,4.1,20,80,13,67,16.3,80,MNC,1,NA
AVIBASE-3413C42C,Eurillas virens,Eurillas virens,Eurillas virens,Andropadus virens,2,Field1,NA,U,0,NA,United Republic of Tanzania,NA,13.7,7,4.9,4,21,80,15,65,18.8,75,MNC,1,NA
AVIBASE-3413C42C,Eurillas virens,Eurillas virens,Eurillas virens,Andropadus virens,2,Field1,NA,U,0,NA,United Republic of Tanzania,NA,13.5,6.5,3.9,3.9,20.8,77,12,65,15.6,76,MNC,1,NA
AVIBASE-3413C42C,Eurillas virens,Eurillas virens,Eurillas virens,Andropadus virens,2,Field1,NA,U,0,NA,United Republic of Tanzania,NA,13.2,6.8,4,4,20.3,76,13,63,17.1,76,MNC,1,NA
AVIBASE-3413C42C,Eurillas virens,Eurillas virens,Eurillas virens,Andropadus virens,2,Field1,NA,U,0,NA,United Republic of Tanzania,NA,13.4,6.7,4.2,3.8,19.7,78,14,64,17.9,74,MNC,1,NA
AVIBASE-3413C42C,Eurillas virens,Eurillas virens,Eurillas virens,Andropadus virens,2,Field1,NA,U,0,NA,United Republic of Tanzania,NA,14.3,7.2,4.5,4.3,20.6,80,13,67,16.3,77,MNC,1,NA
AVIBASE-3413C42C,Eurillas virens,Eurillas virens,Eurillas virens,Andropadus virens,2,Field1,NA,U,0,NA,United Republic of Tanzania,NA,13.5,8,4.1,4.2,20.5,78,12,66,15.4,77,MNC,1,NA
AVIBASE-3413C42C,Eurillas virens,Eurillas virens,Eurillas virens,Andropadus virens,2,Field1,NA,U,0,NA,United Republic of Tanzania,NA,12.9,6.5,4,3.9,19.7,75,12,63,16,73,MNC,1,NA
AVIBASE-3413C42C,Eurillas virens,Eurillas virens,Eurillas virens,Andropadus virens,2,Field1,NA,U,0,NA,United Republic of Tanzania,NA,13.4,6.7,4,3.7,20.3,76,12,64,15.8,75,MNC,1,NA
AVIBASE-3413C42C,Eurillas virens,Eurillas virens,Eurillas virens,Andropadus virens,2,Field1,NA,U,0,NA,United Republic of Tanzania,NA,14.3,7.9,4.3,4.2,22,86,17,69,19.8,79,MNC,1,NA
AVIBASE-3413C42C,Eurillas virens,Eurillas virens,Eurillas virens,Andropadus virens,2,Field1,NA,U,0,NA,United Republic of Tanzania,NA,13.8,7.8,4.2,3.9,20.8,81,15,66,18.5,74,MNC,1,NA
AVIBASE-3413C42C,Eurillas virens,Eurillas virens,Eurillas virens,Andropadus virens,2,Field1,NA,U,0,NA,United Republic of Tanzania,NA,14.8,8.3,4.6,4.1,20.7,80,14,66,17.5,72,MNC,1,NA
AVIBASE-3413C42C,Eurillas virens,Eurillas virens,Eurillas virens,Andropadus virens,2,Field1,NA,U,0,NA,United Republic of Tanzania,NA,13.6,6.5,4.3,3.9,20.3,73,12,61,16.4,77,MNC,1,NA
AVIBASE-3413C42C,Eurillas virens,Eurillas virens,Eurillas virens,Andropadus virens,2,Field1,NA,U,0,NA,United Republic of Tanzania,NA,14.5,7.4,3.8,4,21,85,16,69,18.8,82,MNC,1,NA
AVIBASE-3413C42C,Eurillas virens,Eurillas virens,Eurillas virens,Andropadus virens,2,Field1,NA,U,0,NA,United Republic of Tanzania,NA,14.2,7.6,4.5,4.1,21.3,81,14,67,17.3,82,MNC,1,NA
AVIBASE-3413C42C,Eurillas virens,Eurillas virens,Eurillas virens,Andropadus virens,2,Field1,NA,U,0,NA,United Republic of Tanzania,NA,14.5,7.4,4.1,4.1,20,82,13,69,15.9,80,MNC,1,NA
AVIBASE-3413C42C,Eurillas virens,Eurillas virens,Eurillas virens,Andropadus virens,2,Field1,NA,U,0,NA,United Republic of Tanzania,NA,13.6,7.5,4.6,4.1,20,79,12,67,15.2,78,MNC,1,NA
AVIBASE-3413C42C,Eurillas virens,Eurillas virens,Eurillas virens,Andropadus virens,2,Field1,NA,U,0,NA,United Republic of Tanzania,NA,13.9,7.4,3.6,4,21.5,84,9,75,10.7,79,MNC,1,NA
AVIBASE-3413C42C,Eurillas virens,Eurillas virens,Eurillas virens,Andropadus virens,1,NHMUK,1940.12.2.18,M,0,NA,NA,NA,14.6,NA,4.4,4,17.4,72,NA,NA,NA,75,GT,0,NA
AVIBASE-5BAE0043,Hemixos castanonotus,Hemixos castanonotus,Hemixos castanonotus,Hemixos castanonotus,1,NHMUK,1900.1.2.38,F,0,NA,China,NA,19.2,10.9,4,4.9,17.2,91,17,74,18.7,84,NJTA,1,NA
AVIBASE-5BAE0043,Hemixos castanonotus,Hemixos castanonotus,Hemixos castanonotus,Hemixos castanonotus,1,NHMUK,1914.5.6.539,F,0,NA,China,NA,19.6,12.2,5,4.9,16.9,95,19.5,75.5,20.5,87,NJTA,1,NA
AVIBASE-5BAE0043,Hemixos castanonotus,Hemixos castanonotus,Hemixos castanonotus,Hemixos castanonotus,1,NHMUK,1927.6.5.809,M,0,NA,Vietnam,NA,19.8,11.2,4.6,5.2,17.9,103.5,19.9,83.6,19.2,92.5,CS,1,NA
AVIBASE-5BAE0043,Hemixos castanonotus,Hemixos castanonotus,Hemixos castanonotus,Hemixos castanonotus,1,NHMUK,1927.6.5.811,M,0,NA,Vietnam,NA,20.7,11.3,4.6,5,17.5,100,20.3,79.7,20.3,96,CS,1,NA
AVIBASE-822717D8,Hemixos cinereus,Hemixos cinereus,Hemixos cinereus cinereus,Hemixos flavala,1,NHMUK,1941.5.30.91,M,0,NA,Malaysia,NA,20.1,11.8,4,5.1,17.1,96.5,19.4,77.1,20.1,87,CS,1,NA
AVIBASE-822717D8,Hemixos cinereus,Hemixos cinereus,Hemixos cinereus cinereus,Hemixos flavala,1,NHMUK,1969.27.352,M,0,NA,Malaysia,NA,20.9,11.7,4.1,5.2,17.6,101,19.3,81.7,19.1,87.5,CS,1,NA
AVIBASE-822717D8,Hemixos cinereus,Hemixos cinereus,Hemixos cinereus cinereus,Hemixos flavala,1,NHMUK,1969.27.358,F,0,NA,Malaysia,NA,19.4,11.8,4,4.9,17.9,97.5,15.7,81.8,16.1,93,CS,1,NA
AVIBASE-822717D8,Hemixos cinereus,Hemixos cinereus,Hemixos cinereus cinereus,Hemixos flavala,1,NHMUK,1969.41.986,F,0,NA,Malaysia,NA,18.9,10.3,3.9,5.3,17.3,94,12.7,81.3,13.5,93,CS,1,NA
AVIBASE-482275EB,Hemixos connectens,Hemixos cinereus,Hemixos cinereus connectens,Hemixos flavala,NA,,,,NA,NA,,NA,NA,NA,NA,NA,NA,NA,NA,NA,NA,NA,GAPSPECIES,NA,NA
AVIBASE-32E65FB3,Hemixos flavala,Hemixos flavala,Hemixos flavala,Hemixos flavala,1,NHMUK,1949.76.182,F,0,NA,India,NA,18.4,11.3,3.8,5.1,17.6,96,18.5,77.5,19.3,89,CS,1,NA
AVIBASE-32E65FB3,Hemixos flavala,Hemixos flavala,Hemixos flavala,Hemixos flavala,1,NHMUK,86.9.1.1008,M,0,NA,India,NA,19.7,12,4.2,5.6,18.2,98,18.9,79.1,19.3,92,CS,1,NA
AVIBASE-32E65FB3,Hemixos flavala,Hemixos flavala,Hemixos flavala,Hemixos flavala,1,NHMUK,95.7.14.1263,F,0,NA,India,NA,18.2,10.6,4.3,5.2,17.1,89.5,16.5,73,18.4,82,CS,1,NA
AVIBASE-32E65FB3,Hemixos flavala,Hemixos flavala,Hemixos flavala,Hemixos flavala,1,NHMUK,95.7.14.1261,M,0,NA,NA,NA,20.1,11.7,4.7,5,18.6,92,15.3,76.7,16.6,87,CS,1,NA
AVIBASE-32E65FB3,Hemixos flavala,Hemixos flavala,Hemixos flavala,Hemixos flavala,1,NHMUK,95.7.14.1267,M,0,NA,NA,NA,20.9,NA,4.8,5.1,20.3,101,NA,NA,NA,94,GT,0,NA
AVIBASE-710EBAE8,Hemixos leucogrammicus,Pycnonotus leucogrammicus,Pycnonotus leucogrammicus,Pycnonotus leucogrammicus,1,NHMUK,1920.6.29.302,M,0,NA,Indonesia,NA,15.7,8.2,3.1,4.4,18.2,87,16.6,70.4,19.1,82,CV,1,NA
AVIBASE-710EBAE8,Hemixos leucogrammicus,Pycnonotus leucogrammicus,Pycnonotus leucogrammicus,Pycnonotus leucogrammicus,1,NHMUK,1920.6.29.302,F,0,NA,Indonesia,NA,15.3,8.4,4.1,4,15.2,90,18.5,71.5,20.6,94,CV,1,NA
AVIBASE-710EBAE8,Hemixos leucogrammicus,Pycnonotus leucogrammicus,Pycnonotus leucogrammicus,Pycnonotus leucogrammicus,1,NHMUK,88.4.1.661,U,0,NA,Indonesia,NA,14.4,7.8,3.5,4.2,14.1,84,14.1,69.9,16.8,78,CV,1,NA
AVIBASE-710EBAE8,Hemixos leucogrammicus,Pycnonotus leucogrammicus,Pycnonotus leucogrammicus,Pycnonotus leucogrammicus,1,NHMUK,88.4.1.662,U,0,NA,Indonesia,NA,14.1,7.8,3.5,3.8,14.4,85,14.8,70.2,17.4,78,CV,1,NA
AVIBASE-712764DC,Hypsipetes affinis,Alophoixus affinis,Alophoixus affinis,Alophoixus affinis,1,NHMUK,1910.12.28.188,M,0,NA,Indonesia,NA,27,16.5,5.6,6.8,19,108,17.7,90.3,16.4,93,CS,1,NA
AVIBASE-712764DC,Hypsipetes affinis,Alophoixus affinis,Alophoixus affinis,Alophoixus affinis,1,NHMUK,1910.12.28.190,F,0,NA,Indonesia,NA,25.4,15.3,4.8,6.9,19.1,105,17.9,87.1,17,86,CS,1,NA
AVIBASE-712764DC,Hypsipetes affinis,Alophoixus affinis,Alophoixus affinis,Alophoixus affinis,1,NHMUK,73.5.12.91,F,0,NA,Indonesia,NA,26.1,14.7,5,7.1,19.1,105.5,17.8,87.7,16.9,89,CS,1,NA
AVIBASE-712764DC,Hypsipetes affinis,Alophoixus affinis,Alophoixus affinis,Alophoixus affinis,1,NHMUK,73.5.12.92,M,0,NA,Indonesia,NA,27.8,17.8,5.5,6.9,20,110,19.4,90.6,17.6,106,CS,1,NA
AVIBASE-59BEAB80,Hypsipetes amaurotis,Hypsipetes amaurotis,Hypsipetes amaurotis,Ixos amaurotis,1,NHMUK,05.12.21.12,M,0,NA,Japan,NA,30.1,17.2,5.3,6.6,22.3,132,29.4,102.6,22.3,121,CS,1,NA
AVIBASE-59BEAB80,Hypsipetes amaurotis,Hypsipetes amaurotis,Hypsipetes amaurotis,Ixos amaurotis,1,NHMUK,05.12.21.9,F,0,NA,Japan,NA,29.2,15.7,5.1,6.3,21.6,119.5,25.5,94,21.3,114,CS,1,NA
AVIBASE-59BEAB80,Hypsipetes amaurotis,Hypsipetes amaurotis,Hypsipetes amaurotis,Ixos amaurotis,1,NHMUK,06.12.18.85,M,0,NA,Japan,NA,29.8,16.5,5.4,6.4,22.5,131,27.8,103.2,21.2,126,CS,1,NA
AVIBASE-59BEAB80,Hypsipetes amaurotis,Hypsipetes amaurotis,Hypsipetes amaurotis,Ixos amaurotis,1,NHMUK,06.12.18.87,F,0,NA,Japan,NA,27.2,15.4,5.5,6.5,22.2,123,25.1,97.9,20.4,112,CS,1,NA
AVIBASE-59BEAB80,Hypsipetes amaurotis,Hypsipetes amaurotis,Hypsipetes amaurotis,Ixos amaurotis,1,NHMUK,1955.3.292,M,0,NA,NA,NA,32.6,NA,5.3,6.4,19.4,136,NA,NA,NA,130,GT,0,NA
AVIBASE-61540F2E,Hypsipetes aureus,Alophoixus aureus,Alophoixus aureus,Alophoixus affinis,NA,,,,NA,NA,,NA,NA,NA,NA,NA,NA,NA,NA,NA,NA,NA,GAPSPECIES,NA,NA
AVIBASE-E55C03F8,Hypsipetes borbonicus,Hypsipetes borbonicus,Hypsipetes borbonicus,Hypsipetes borbonicus,1,MNHN,1961-837,U,0,NA,France,NA,25.5,13.6,5.2,6.4,25.7,111,24.2,86.8,21.8,100,FS,1,NA
AVIBASE-E55C03F8,Hypsipetes borbonicus,Hypsipetes borbonicus,Hypsipetes borbonicus,Hypsipetes borbonicus,1,MNHN,1961-840,U,0,NA,France,NA,24.6,12.6,5.5,5.7,25.2,112,25.3,86.8,22.6,100,FS,1,NA
AVIBASE-E55C03F8,Hypsipetes borbonicus,Hypsipetes borbonicus,Hypsipetes borbonicus,Hypsipetes borbonicus,1,MNHN,2012-563,M,0,NA,France,NA,25.2,13.5,5.2,6,24.7,116,25.5,90.5,22,103,FS,1,NA
AVIBASE-E55C03F8,Hypsipetes borbonicus,Hypsipetes borbonicus,Hypsipetes borbonicus,Hypsipetes borbonicus,1,NHMUK,70.4.18.11,U,0,NA,France,NA,24,12.8,4.4,6.4,26.8,114,24.9,89.1,21.8,106,CS,1,NA
AVIBASE-24F99A8F,Hypsipetes catarmanensis,Hypsipetes everetti,Hypsipetes everetti catarmanensis,Ixos everetti,NA,,,,NA,NA,,NA,NA,NA,NA,NA,NA,NA,NA,NA,NA,NA,GAPSPECIES,NA,NA
AVIBASE-8EA40B11,Hypsipetes chloris,Alophoixus chloris,Alophoixus chloris,Alophoixus affinis,NA,,,,NA,NA,,NA,NA,NA,NA,NA,NA,NA,NA,NA,NA,NA,GAPSPECIES,NA,NA
AVIBASE-5E2E4545,Hypsipetes crassirostris,Hypsipetes crassirostris,Hypsipetes crassirostris,Hypsipetes crassirostris,1,NHMUK,1906.12.21.311,M,0,NA,Seychelles,NA,30.7,17.9,6.8,9.4,26.9,141,34.1,106.9,24.2,116,CS,1,NA
AVIBASE-5E2E4545,Hypsipetes crassirostris,Hypsipetes crassirostris,Hypsipetes crassirostris,Hypsipetes crassirostris,1,NHMUK,1906.12.21.314,M,0,NA,Seychelles,NA,31,17.6,6.3,9.1,27.2,137,28.5,108.5,20.8,113,CS,1,NA
AVIBASE-5E2E4545,Hypsipetes crassirostris,Hypsipetes crassirostris,Hypsipetes crassirostris,Hypsipetes crassirostris,1,NHMUK,1906.12.21.317,F,0,NA,Seychelles,NA,28.3,15.3,6.3,8.3,26.8,128,29,99,22.7,105,CS,1,NA
AVIBASE-5E2E4545,Hypsipetes crassirostris,Hypsipetes crassirostris,Hypsipetes crassirostris,Hypsipetes crassirostris,1,NHMUK,1906.12.21.318,F,0,NA,Seychelles,NA,28.8,16.8,6.3,8,25.5,132,27.7,104.3,21,102,CS,1,NA
AVIBASE-5E2E4545,Hypsipetes crassirostris,Hypsipetes crassirostris,Hypsipetes crassirostris,Hypsipetes crassirostris,1,NHMUK,1946.75.20,M,0,NA,NA,NA,29.7,NA,5.5,7.7,27.3,137,NA,NA,NA,110,GT,0,NA
AVIBASE-8A0F54C9,Hypsipetes everetti,Hypsipetes everetti,Hypsipetes everetti everetti/samarensis,Ixos everetti,1,NHMUK,1977.16.58,M,0,NA,Philippines,NA,25.6,16.3,5.7,7.3,18.7,109,15.8,93.2,14.5,97,CS,1,NA
AVIBASE-8A0F54C9,Hypsipetes everetti,Hypsipetes everetti,Hypsipetes everetti everetti/samarensis,Ixos everetti,1,NHMUK,88.4.1.322,F,0,NA,Philippines,NA,28.3,17.8,5.6,7.5,20.2,109,16.1,92.9,14.8,92,CS,1,NA
AVIBASE-8A0F54C9,Hypsipetes everetti,Hypsipetes everetti,Hypsipetes everetti everetti/samarensis,Ixos everetti,1,NHMUK,88.4.1.323,M,0,NA,Philippines,NA,26.2,15.7,5.1,6.6,19.2,112,16.2,95.8,14.5,100,CS,1,NA
AVIBASE-8A0F54C9,Hypsipetes everetti,Hypsipetes everetti,Hypsipetes everetti everetti/samarensis,Ixos everetti,1,NHMUK,88.4.1.327,F,0,NA,Philippines,NA,28.5,18.4,5.8,7.2,21.6,107,16.1,90.9,15,98,CS,1,NA
AVIBASE-8A0F54C9,Hypsipetes everetti,Hypsipetes everetti,Hypsipetes everetti everetti/samarensis,Ixos everetti,1,NHMUK,1905.11.26.82,M,0,NA,Philippines,NA,29,NA,5.3,7.1,20.3,121,NA,NA,NA,100,GT,0,NA
AVIBASE-4E74E6CC,Hypsipetes ganeesa,Hypsipetes ganeesa,Hypsipetes ganeesa,Hypsipetes leucocephalus,1,NHMUK,1925.12.23.354,M,0,NA,India,NA,27.4,16.3,4.9,6,17.6,114,27.9,86.1,24.5,92,NS,1,NA
AVIBASE-4E74E6CC,Hypsipetes ganeesa,Hypsipetes ganeesa,Hypsipetes ganeesa,Hypsipetes leucocephalus,1,NHMUK,80.8.19.15,F,0,NA,India,NA,27.2,16.2,5.5,6,17.8,119,28,91,23.5,105,NS,1,NA
AVIBASE-4E74E6CC,Hypsipetes ganeesa,Hypsipetes ganeesa,Hypsipetes ganeesa,Hypsipetes leucocephalus,1,NHMUK,80.8.19.78,M,0,NA,India,NA,26.8,16.2,5.6,5.9,18.2,117,26.8,90.2,22.9,103,NS,1,NA
AVIBASE-4E74E6CC,Hypsipetes ganeesa,Hypsipetes ganeesa,Hypsipetes ganeesa,Hypsipetes leucocephalus,1,NHMUK,88.4.1.252,M,0,NA,India,NA,26.3,15.6,4.8,5.5,17.9,115,25.5,89.5,22.2,98,NS,1,NA
AVIBASE-21FADED4,Hypsipetes harterti,Alophoixus longirostris,Alophoixus longirostris harterti,Alophoixus affinis,NA,,,,NA,NA,,NA,NA,NA,NA,NA,NA,NA,NA,NA,NA,NA,GAPSPECIES,NA,NA
AVIBASE-D18AE87D,Hypsipetes haynaldi,Hypsipetes everetti,Hypsipetes everetti haynaldi,Ixos everetti,NA,,,,NA,NA,,NA,NA,NA,NA,NA,NA,NA,NA,NA,NA,NA,GAPSPECIES,NA,NA
AVIBASE-B76214D7,Hypsipetes leucocephalus,Hypsipetes leucocephalus,Hypsipetes leucocephalus,Hypsipetes leucocephalus,1,NHMUK,1900.1.18.504,F,0,NA,China,NA,23.5,12.7,4.4,5.3,17.1,111.5,26.4,85.1,23.7,92,CS,1,NA
AVIBASE-B76214D7,Hypsipetes leucocephalus,Hypsipetes leucocephalus,Hypsipetes leucocephalus,Hypsipetes leucocephalus,1,NHMUK,1905.12.24.541,M,0,NA,China,NA,23.9,13.1,4.7,5.8,16.9,116,28.4,87.6,24.5,68,CS,1,NA
AVIBASE-B76214D7,Hypsipetes leucocephalus,Hypsipetes leucocephalus,Hypsipetes leucocephalus,Hypsipetes leucocephalus,1,NHMUK,1918.6.25.63,M,0,NA,China,NA,26,14.9,4.7,5.9,19,123.5,30.5,93,24.7,106,CS,1,NA
AVIBASE-B76214D7,Hypsipetes leucocephalus,Hypsipetes leucocephalus,Hypsipetes leucocephalus,Hypsipetes leucocephalus,1,NHMUK,80.10.19.23,F,0,NA,Myanmar,NA,26.1,14.7,5,5.6,17.9,111,27.9,83.1,25.1,103,CS,1,NA
AVIBASE-B76214D7,Hypsipetes leucocephalus,Hypsipetes leucocephalus,Hypsipetes leucocephalus,Hypsipetes leucocephalus,1,NHMUK,86..9.1.930,F,0,NA,Thailand,NA,24.6,14.1,4.9,5.8,17.6,115.5,30.5,85,26.4,104,CS,1,NA
AVIBASE-B76214D7,Hypsipetes leucocephalus,Hypsipetes leucocephalus,Hypsipetes leucocephalus,Hypsipetes leucocephalus,1,NHMUK,86.9.1.933,M,0,NA,Thailand,NA,26.5,14.5,5.2,5.7,18.3,123,28.7,94.3,23.3,105,CS,1,NA
AVIBASE-B76214D7,Hypsipetes leucocephalus,Hypsipetes leucocephalus,Hypsipetes leucocephalus,Hypsipetes leucocephalus,1,NHMUK,86.9.1.935,M,0,NA,Myanmar,NA,27.4,17,5,6.2,18.2,128,32.3,95.7,25.2,113,CS,1,NA
AVIBASE-B76214D7,Hypsipetes leucocephalus,Hypsipetes leucocephalus,Hypsipetes leucocephalus,Hypsipetes leucocephalus,1,NHMUK,98.1.28.37,F,0,NA,China,NA,24,13.5,5,5.4,19.2,113.5,28,85.5,24.7,91.5,CS,1,NA
AVIBASE-CB468573,Hypsipetes longirostris,Alophoixus longirostris,Alophoixus longirostris longirostris,Alophoixus affinis,1,NHMUK,1934.10.21.139,M,0,NA,Indonesia,NA,28.6,18.5,5.6,7.6,23.1,120,21.4,98.6,17.8,106,CS,1,NA
AVIBASE-CB468573,Hypsipetes longirostris,Alophoixus longirostris,Alophoixus longirostris longirostris,Alophoixus affinis,1,NHMUK,1934.10.21.140,M,0,NA,Indonesia,NA,27.5,16.8,5.6,8.2,20,111,21,90,18.9,116,CS,1,NA
AVIBASE-CB468573,Hypsipetes longirostris,Alophoixus longirostris,Alophoixus longirostris longirostris,Alophoixus affinis,1,NHMUK,62.12.21.8,U,0,NA,Indonesia,NA,30.6,18.5,6,7.5,20.6,116,23.1,92.9,19.9,123.5,CS,1,NA
AVIBASE-CB468573,Hypsipetes longirostris,Alophoixus longirostris,Alophoixus longirostris longirostris,Alophoixus affinis,1,NHMUK,73.5.12.89,U,0,NA,Indonesia,NA,30,20.3,6.1,8,19.9,118,20.2,97.8,17.1,111,CS,1,NA
AVIBASE-9C8EFCC6,Hypsipetes lucasi,Alophoixus lucasi,Alophoixus lucasi,Alophoixus affinis,NA,,,,NA,NA,,NA,NA,NA,NA,NA,NA,NA,NA,NA,NA,NA,GAPSPECIES,NA,NA
AVIBASE-5089E131,Hypsipetes madagascariensis,Hypsipetes madagascariensis,Hypsipetes madagascariensis,Hypsipetes madagascariensis,1,NHMUK,1931.8.18.2253,M,0,NA,Madagascar,NA,24,15.8,5.4,6.5,19,116,28,88,24.1,91,NJTA,1,NA
AVIBASE-5089E131,Hypsipetes madagascariensis,Hypsipetes madagascariensis,Hypsipetes madagascariensis,Hypsipetes madagascariensis,1,NHMUK,1931.8.18.2255,F,0,NA,Madagascar,NA,23.6,15.6,4.8,6.1,18.5,99,22,77,22.2,77,NJTA,1,NA
AVIBASE-5089E131,Hypsipetes madagascariensis,Hypsipetes madagascariensis,Hypsipetes madagascariensis,Hypsipetes madagascariensis,1,NHMUK,1931.8.18.2271,F,0,NA,Madagascar,NA,22.5,15,5.9,5.7,17.6,109.5,25,84.5,22.8,90,NJTA,1,NA
AVIBASE-5089E131,Hypsipetes madagascariensis,Hypsipetes madagascariensis,Hypsipetes madagascariensis,Hypsipetes madagascariensis,1,NHMUK,1931.8.18.2277,M,0,NA,Madagascar,NA,25.4,15.6,5.5,6.9,18.6,110,27,83,24.5,82,NJTA,1,NA
AVIBASE-5089E131,Hypsipetes madagascariensis,Hypsipetes madagascariensis,Hypsipetes madagascariensis,Hypsipetes madagascariensis,1,NHMUK,1931.8.18.2258,M,0,NA,NA,NA,26.7,NA,4.9,6.2,18.1,105,NA,NA,NA,94,GT,0,NA
AVIBASE-0A2ACE45,Hypsipetes moheliensis,Hypsipetes moheliensis,Hypsipetes moheliensis,Hypsipetes parvirostris,NA,,,,NA,NA,,NA,NA,NA,NA,NA,NA,NA,NA,NA,NA,NA,GAPSPECIES,NA,NA
AVIBASE-07BCEAC0,Hypsipetes mysticalis,Alophoixus mystacalis,Alophoixus mystacalis,Alophoixus affinis,1,NHMUK,1910.12.28.192,M,0,NA,Indonesia,NA,25.4,15.8,4.9,6.2,18.2,109,19.9,89.1,18.3,91,CS,1,NA
AVIBASE-07BCEAC0,Hypsipetes mysticalis,Alophoixus mystacalis,Alophoixus mystacalis,Alophoixus affinis,1,NHMUK,1923.9.15.88,M,0,NA,Indonesia,NA,25.6,15.8,4.9,6.9,18.3,110,18.9,91.1,17.2,98,CS,1,NA
AVIBASE-07BCEAC0,Hypsipetes mysticalis,Alophoixus mystacalis,Alophoixus mystacalis,Alophoixus affinis,1,NHMUK,1969.29.200,F,0,NA,Indonesia,NA,25.6,15.6,5.3,6,18.6,103,17.1,85.9,16.6,89,CS,1,NA
AVIBASE-07BCEAC0,Hypsipetes mysticalis,Alophoixus mystacalis,Alophoixus mystacalis,Alophoixus affinis,1,NHMUK,99.5.24.2,F,0,NA,Indonesia,NA,25,14.6,5.1,6,19.2,102,16.4,85.6,16.1,102,CS,1,NA
AVIBASE-650CC5B3,Hypsipetes olivaceus,Hypsipetes olivaceus,Hypsipetes olivaceus,Hypsipetes olivaceus,1,NHMUK,55.12.19.296,U,0,NA,Mauritius,NA,30,16.1,6.1,8.5,25,126,18.2,107.8,14.4,118,CS,1,NA
AVIBASE-650CC5B3,Hypsipetes olivaceus,Hypsipetes olivaceus,Hypsipetes olivaceus,Hypsipetes olivaceus,1,NHMUK,72.5.28.30,U,0,NA,Mauritius,NA,30,19.2,7,7.6,26.3,137,32.6,104.4,23.8,109,NJTA,1,NA
AVIBASE-650CC5B3,Hypsipetes olivaceus,Hypsipetes olivaceus,Hypsipetes olivaceus,Hypsipetes olivaceus,1,NHMUK,95.5.1.669,U,0,NA,Mauritius,NA,28.5,21,6.8,7.7,25.9,132,29.5,102.5,22.3,105,NJTA,1,NA
AVIBASE-650CC5B3,Hypsipetes olivaceus,Hypsipetes olivaceus,Hypsipetes olivaceus,Hypsipetes olivaceus,1,NHMUK,98.10.2.365,U,0,NA,Mauritius,NA,28.5,16.1,7,7.3,27.3,129.5,28.5,101,22,110,NJTA,1,NA
AVIBASE-650CC5B3,Hypsipetes olivaceus,Hypsipetes olivaceus,Hypsipetes olivaceus,Hypsipetes olivaceus,1,NHMUK,95.4.1.1294,U,0,NA,NA,NA,29.5,NA,6,7.1,28.3,131,NA,NA,NA,113,GT,0,NA
AVIBASE-105A8F99,Hypsipetes parvirostris,Hypsipetes parvirostris,Hypsipetes parvirostris,Hypsipetes parvirostris,1,NHMUK,1906.12.21.305,F,0,NA,France,NA,23.8,13.4,4.5,5.5,19.6,99.5,16.8,82.7,16.9,91,CS,1,NA
AVIBASE-105A8F99,Hypsipetes parvirostris,Hypsipetes parvirostris,Hypsipetes parvirostris,Hypsipetes parvirostris,1,NHMUK,1959.5.189,M,0,NA,Comoros,NA,24.7,13.8,4.8,5.8,20.1,113.5,22.8,90.7,20.1,106,CS,1,NA
AVIBASE-105A8F99,Hypsipetes parvirostris,Hypsipetes parvirostris,Hypsipetes parvirostris,Hypsipetes parvirostris,1,NHMUK,1959.5.193,F,0,NA,Comoros,NA,23.5,13.5,4,5.5,17.7,103,22.8,80.2,22.1,87,CS,1,NA
AVIBASE-6298D46A,Hypsipetes philippinus,Hypsipetes philippinus,Hypsipetes philippinus,Ixos philippinus,1,NHMUK,88.4.1.335,F,0,NA,Philippines,NA,21.3,12.8,4.7,5.4,19.3,92,14.6,77.4,15.9,85,CS,1,NA
AVIBASE-6298D46A,Hypsipetes philippinus,Hypsipetes philippinus,Hypsipetes philippinus,Ixos philippinus,1,NHMUK,88.4.1.339,M,0,NA,Philippines,NA,24.2,14.3,5,5.5,19,98,13.3,84.7,13.6,90,CS,1,NA
AVIBASE-6298D46A,Hypsipetes philippinus,Hypsipetes philippinus,Hypsipetes philippinus,Ixos philippinus,1,NHMUK,88.4.1.343,M,0,NA,Philippines,NA,21.7,13.8,4.9,5.5,17.9,99.5,12.7,86.8,12.8,91.5,CS,1,NA
AVIBASE-6298D46A,Hypsipetes philippinus,Hypsipetes philippinus,Hypsipetes philippinus,Ixos philippinus,1,NHMUK,96.6.6.304,F,0,NA,Philippines,NA,21.6,12.8,4.9,5.3,20,87,8.8,78.2,10.1,85,CS,1,NA
AVIBASE-6298D46A,Hypsipetes philippinus,Hypsipetes philippinus,Hypsipetes philippinus,Ixos philippinus,1,NHMUK,96.6.6.307,M,0,NA,NA,NA,23.3,NA,5.1,5.1,18.1,93,NA,NA,NA,90,GT,0,NA
AVIBASE-C4890A33,Hypsipetes platenae,Alophoixus platenae,Alophoixus platenae,Alophoixus affinis,NA,,,,NA,NA,,NA,NA,NA,NA,NA,NA,NA,NA,NA,NA,NA,GAPSPECIES,NA,NA
AVIBASE-BFD69DF2,Hypsipetes rufigularis,Hypsipetes rufigularis,Hypsipetes rufigularis,Ixos rufigularis,1,NHMUK,88.4.1.329,F,0,NA,Philippines,NA,26.8,16.5,5.3,6.3,21.6,109.5,14.1,95.4,12.9,92,CS,1,NA
AVIBASE-BFD69DF2,Hypsipetes rufigularis,Hypsipetes rufigularis,Hypsipetes rufigularis,Ixos rufigularis,1,NHMUK,88.4.1.331,M,0,NA,Philippines,NA,27.6,17.4,4.9,6.5,20.9,119,18.4,100.6,15.5,110,CS,1,NA
AVIBASE-BFD69DF2,Hypsipetes rufigularis,Hypsipetes rufigularis,Hypsipetes rufigularis,Ixos rufigularis,1,NHMUK,88.4.1.332,M,0,NA,Philippines,NA,28.7,17.6,5.5,6.8,21.6,115,14.7,100.3,12.8,100,CS,1,NA
AVIBASE-BFD69DF2,Hypsipetes rufigularis,Hypsipetes rufigularis,Hypsipetes rufigularis,Ixos rufigularis,1,NHMUK,80.11.18.57,M,0,NA,NA,NA,29,NA,5.7,7.9,18.5,114,NA,NA,NA,99,GT,0,NA
AVIBASE-BFD69DF2,Hypsipetes rufigularis,Hypsipetes rufigularis,Hypsipetes rufigularis,Ixos rufigularis,1,NHMUK,80.11.18.59,F,0,NA,NA,NA,26.2,16.8,5.5,6.6,22.7,114,15.8,98.2,13.9,94,CS,1,NA
AVIBASE-CE85FAB6,Hypsipetes siquijorensis,Hypsipetes siquijorensis,Hypsipetes siquijorensis,Ixos siquijorensis,1,NHMUK,91.4.25.14,F,0,NA,Philippines,NA,29.2,17.6,6,7.8,22.7,119,22.6,96.4,19,118,CS,1,NA
AVIBASE-CE85FAB6,Hypsipetes siquijorensis,Hypsipetes siquijorensis,Hypsipetes siquijorensis,Ixos siquijorensis,1,NHMUK,96.6.6.315,F,0,NA,Philippines,NA,28.4,17.7,5.8,7.6,23.5,120,23,97,19.2,113.5,CS,1,NA
AVIBASE-A3E5953D,Hypsipetes thompsoni,Hypsipetes thompsoni,Hypsipetes thompsoni,Hypsipetes thompsoni,1,NHMUK,1903.12.24.227,M,0,NA,Myanmar,NA,20.9,11.5,4.2,4.6,18.4,88,16.1,71.9,18.3,91,CS,1,NA
AVIBASE-A3E5953D,Hypsipetes thompsoni,Hypsipetes thompsoni,Hypsipetes thompsoni,Hypsipetes thompsoni,1,NHMUK,1948.80.2080,F,0,NA,Myanmar,NA,20.9,11,4.5,4.7,18,89,17.9,71.1,20.1,86,CS,1,NA
AVIBASE-A3E5953D,Hypsipetes thompsoni,Hypsipetes thompsoni,Hypsipetes thompsoni,Hypsipetes thompsoni,1,NHMUK,1948.80.2082,M,0,NA,Myanmar,NA,20.7,10.9,4.2,4.6,16.9,93,17.6,75.4,18.9,91,CS,1,NA
AVIBASE-A3E5953D,Hypsipetes thompsoni,Hypsipetes thompsoni,Hypsipetes thompsoni,Hypsipetes thompsoni,1,NHMUK,1948.89.2081,F,0,NA,Myanmar,NA,20.7,10.7,4.7,4.5,18.2,91,16.8,74.2,18.5,85,CS,1,NA
AVIBASE-BD51402C,Iole charlottae,Iole charlottae,Iole charlottae,Iole olivacea,1,NHMUK,1888.4.1.312,F,0,NA,Malaysia,NA,19.7,12.3,4.8,4.9,17.6,81,15,66,18.5,71,JAT,1,NA
AVIBASE-BD51402C,Iole charlottae,Iole charlottae,Iole charlottae,Iole olivacea,1,NHMUK,1893.7.2.65,F,0,NA,Malaysia,NA,19.8,11.9,5,4.9,17.5,81,14.1,66.9,17.4,68,JAT,1,NA
AVIBASE-BD51402C,Iole charlottae,Iole charlottae,Iole charlottae,Iole olivacea,1,NHMUK,1900.2.15.28,M,0,NA,Malaysia,NA,19.9,12.3,5,5.4,17.2,87,16.9,70.1,19.4,73,JAT,1,NA
AVIBASE-BD51402C,Iole charlottae,Iole charlottae,Iole charlottae,Iole olivacea,1,NHMUK,1927.4.18.564,M,0,NA,Malaysia,NA,23.2,14.5,5.6,5.1,17.7,89,18,71,20.2,71,JAT,1,NA
AVIBASE-BD51402C,Iole charlottae,Iole charlottae,Iole charlottae,Iole olivacea,2,Field1,NA,U,0,NA,Malaysia,NA,20.1,15,6.5,7.1,22.7,100,14.2,85.8,14.2,NA,JAT,1,NA
AVIBASE-88FC3084,Iole charlottae,Iole crypta,Iole crypta,Iole olivacea,1,NHMUK,1935.10.22.342,M,0,NA,NA,NA,21.2,NA,5.1,5.2,18.1,86,NA,NA,NA,77,GT,0,NA
AVIBASE-F9E2A503,Iole finschii,Alophoixus finschii,Alophoixus finschii,Alophoixus finschii,1,NHMUK,1873.3.12.1397,M,0,NA,Malaysia,NA,17.3,11.7,4.8,5.7,17.1,85,16,69,18.8,70,HM,1,NA
AVIBASE-F9E2A503,Iole finschii,Alophoixus finschii,Alophoixus finschii,Alophoixus finschii,1,NHMUK,1893.7.2.64,F,0,NA,Malaysia,NA,17.1,11.3,4.8,5.4,15.9,86,18.3,67.7,21.3,65,HM,1,NA
AVIBASE-F9E2A503,Iole finschii,Alophoixus finschii,Alophoixus finschii,Alophoixus finschii,1,NHMUK,1900.2.14.83,F,0,NA,Malaysia,NA,18,11.4,4.6,5.5,15.3,82,13.7,68.3,16.7,65,HM,1,NA
AVIBASE-F9E2A503,Iole finschii,Alophoixus finschii,Alophoixus finschii,Alophoixus finschii,1,NHMUK,1936.4.12.1898,M,0,NA,Malaysia,NA,17.7,11.9,4.7,5.7,15.3,86,16.7,69.3,19.4,69,HM,1,NA
AVIBASE-4763A554,Iole palawanensis,Iole palawanensis,Iole palawanensis,Ixos palawanensis,1,NHMUK,1911.11.16.238,M,0,NA,Philippines,NA,19.2,11.5,4.5,5.8,17.4,86,15.8,70.2,18.4,81,CS,1,NA
AVIBASE-4763A554,Iole palawanensis,Iole palawanensis,Iole palawanensis,Ixos palawanensis,1,NHMUK,88.4.1.442,F,0,NA,Philippines,NA,19.6,11.2,4.3,4.7,16.9,83.5,12.1,71.4,14.5,72,CS,1,NA
AVIBASE-4763A554,Iole palawanensis,Iole palawanensis,Iole palawanensis,Ixos palawanensis,1,NHMUK,88.4.1.443,F,0,NA,Philippines,NA,18.7,11.6,4.8,5.1,17.5,82,11.8,70.2,14.4,73,CS,1,NA
AVIBASE-4763A554,Iole palawanensis,Iole palawanensis,Iole palawanensis,Ixos palawanensis,1,NHMUK,94.8.6.87,M,0,NA,Philippines,NA,19.5,11.5,4.6,5,18.7,84,13.3,70.7,15.8,73,CS,1,NA
AVIBASE-4763A554,Iole palawanensis,Iole palawanensis,Iole palawanensis,Ixos palawanensis,1,NHMUK,88.4.1.441,M,0,NA,Philippines,NA,20.2,NA,5.6,5,18.3,84,NA,NA,NA,71,GT,0,NA
AVIBASE-BD494C66,Iole propinqua,Iole propinqua,Iole propinqua,Iole propinqua,1,NHMUK,1926.6.26.907,M,0,NA,Laos,NA,19,11.6,5,5.2,17.3,86,13.6,72.4,15.8,91,CS,1,NA
AVIBASE-BD494C66,Iole propinqua,Iole propinqua,Iole propinqua,Iole propinqua,1,NHMUK,1955.1.5515,F,0,NA,Thailand,NA,19.9,11.9,5.1,4.8,18.2,87.5,14.3,73.2,16.3,83,CS,1,NA
AVIBASE-BD494C66,Iole propinqua,Iole propinqua,Iole propinqua,Iole propinqua,1,NHMUK,1921.12.31.152,F,0,NA,NA,NA,18.8,10.9,5.2,5.1,19.1,80,12.6,67.4,15.8,76,CS,1,NA
AVIBASE-BD494C66,Iole propinqua,Iole propinqua,Iole propinqua,Iole propinqua,1,NHMUK,1921.12.31.153,M,0,NA,NA,NA,19.2,11.5,5.1,5.2,18.3,84.5,14,70.5,16.6,80,CS,1,NA
AVIBASE-BD494C66,Iole propinqua,Iole propinqua,Iole propinqua,Iole propinqua,1,NHMUK,1928.6.26.907,M,0,NA,NA,NA,19.6,NA,4.9,5.2,16.9,85,NA,NA,NA,87,GT,0,NA
AVIBASE-804922A3,Iole viridescens,Iole viridescens,Iole viridescens,Iole virescens,1,NHMUK,1948.80.1365,M,0,NA,NA,NA,19,NA,4.8,5.2,18.3,87,NA,NA,NA,84,GT,0,NA
AVIBASE-31F7A690,Ixidia cyaniventris,Rubigula cyaniventris,Rubigula cyaniventris,Pycnonotus cyaniventris,1,NHMUK,1821.6.1959,F,0,NA,Malaysia,NA,16.9,8.5,3.5,3.6,12.2,73,10.2,62.8,14,59,HM,1,NA
AVIBASE-31F7A690,Ixidia cyaniventris,Rubigula cyaniventris,Rubigula cyaniventris,Pycnonotus cyaniventris,1,OUM,B/10253,M,0,NA,Malaysia,NA,15.1,8.4,3.9,3.9,14.6,77,15.2,61.8,19.7,59,HM,1,NA
AVIBASE-31F7A690,Ixidia cyaniventris,Rubigula cyaniventris,Rubigula cyaniventris,Pycnonotus cyaniventris,1,OUM,B/10254,M,0,NA,Malaysia,NA,13.6,8.7,4,3.8,15.4,80,15.5,64.5,19.4,58,HM,1,NA
AVIBASE-31F7A690,Ixidia cyaniventris,Rubigula cyaniventris,Rubigula cyaniventris,Pycnonotus cyaniventris,1,OUM,B/10255,F,0,NA,Malaysia,NA,14.3,8.2,4,4.1,13.9,75,12.4,62.6,16.5,56,HM,1,NA
AVIBASE-31F7A690,Ixidia cyaniventris,Rubigula cyaniventris,Rubigula cyaniventris,Pycnonotus cyaniventris,1,OUM,B/10256,F,0,NA,Malaysia,NA,13.5,8.8,4,4.2,14,78,14.7,63.3,18.8,56,HM,1,NA
AVIBASE-31F7A690,Ixidia cyaniventris,Rubigula cyaniventris,Rubigula cyaniventris,Pycnonotus cyaniventris,1,OUM,B/10257,U,0,NA,Malaysia,NA,14.1,9.1,3.8,4,13.4,74,12.3,61.7,16.6,58,HM,1,NA
AVIBASE-31F7A690,Ixidia cyaniventris,Rubigula cyaniventris,Rubigula cyaniventris,Pycnonotus cyaniventris,1,NHMUK,1904.7.23.103,M,0,NA,NA,NA,15,NA,4.1,3.4,16,72,NA,NA,NA,64,GT,0,NA
AVIBASE-01D478BD,Ixidia erythropthalmos,Rubigula erythropthalmos,Rubigula erythropthalmos,Pycnonotus erythropthalmos,1,NHMUK,1927.4.18.582A,M,0,NA,Malaysia,NA,14.1,8.3,3.6,3.7,14.5,76,13.5,62.5,17.8,63,HM,1,NA
AVIBASE-01D478BD,Ixidia erythropthalmos,Rubigula erythropthalmos,Rubigula erythropthalmos,Pycnonotus erythropthalmos,1,NHMUK,1927.4.18.584,M,0,NA,Malaysia,NA,14.2,8.9,3.7,3.8,13.7,75,11.2,63.8,14.9,61,HM,1,NA
AVIBASE-01D478BD,Ixidia erythropthalmos,Rubigula erythropthalmos,Rubigula erythropthalmos,Pycnonotus erythropthalmos,1,NHMUK,1935.10.22.366,F,0,NA,Malaysia,NA,13.2,8.6,3.5,3.8,13.6,76,13.1,62.9,17.2,61,HM,1,NA
AVIBASE-01D478BD,Ixidia erythropthalmos,Rubigula erythropthalmos,Rubigula erythropthalmos,Pycnonotus erythropthalmos,1,NHMUK,1935.10.22.367,F,0,NA,Malaysia,NA,13.6,8.7,3.6,3.7,14.5,75,15.8,59.2,21.1,64,HM,1,NA
AVIBASE-01D478BD,Ixidia erythropthalmos,Rubigula erythropthalmos,Rubigula erythropthalmos,Pycnonotus erythropthalmos,2,Field1,NA,U,0,NA,Malaysia,NA,11.4,7.6,3.6,3.6,17.8,73,8,65,11,NA,JAT,1,NA
AVIBASE-01D478BD,Ixidia erythropthalmos,Rubigula erythropthalmos,Rubigula erythropthalmos,Pycnonotus erythropthalmos,2,Field1,NA,U,0,NA,Malaysia,NA,15.4,9.4,4,3.4,19.3,72,6,66,8.3,NA,JAT,1,NA
AVIBASE-01D478BD,Ixidia erythropthalmos,Rubigula erythropthalmos,Rubigula erythropthalmos,Pycnonotus erythropthalmos,2,Field1,NA,U,0,NA,Malaysia,NA,13,8.4,3.8,4,19.4,74,8,66,10.8,NA,JAT,1,NA
AVIBASE-01D478BD,Ixidia erythropthalmos,Rubigula erythropthalmos,Rubigula erythropthalmos,Pycnonotus erythropthalmos,1,NHMUK,1910.12.27.260,M,0,NA,NA,NA,13.9,NA,4.3,3.7,15.2,73,NA,NA,NA,70,GT,0,NA
AVIBASE-7F4011E2,Ixidia squamata,Rubigula squamata,Rubigula squamata,Pycnonotus squamatus,1,NHMUK,1893.7.2.68,M,0,NA,Malaysia,NA,14.4,7.2,4,3.7,15.1,78,13.1,64.9,16.8,61,JAT,1,NA
AVIBASE-7F4011E2,Ixidia squamata,Rubigula squamata,Rubigula squamata,Pycnonotus squamatus,1,NHMUK,1927.4.18.648,M,0,NA,Malaysia,NA,14.4,7.3,4.1,3.5,15.3,73,13.3,59.7,18.2,57,JAT,1,NA
AVIBASE-7F4011E2,Ixidia squamata,Rubigula squamata,Rubigula squamata,Pycnonotus squamatus,1,NHMUK,1927.4.18.649,F,0,NA,Malaysia,NA,14.1,7.3,4.2,3.9,15.3,73,13,60,17.8,59,JAT,1,NA
AVIBASE-7F4011E2,Ixidia squamata,Rubigula squamata,Rubigula squamata,Pycnonotus squamatus,1,NHMUK,1956.60.294,F,0,NA,Malaysia,NA,14.4,7.2,4.3,3.5,15.2,71,13,58,18.3,58,JAT,1,NA
AVIBASE-7F4011E2,Ixidia squamata,Rubigula squamata,Rubigula squamata,Pycnonotus squamatus,1,NHMUK,1936.4.12.1912,M,0,NA,NA,NA,14.5,NA,3.9,4,NA,74,NA,NA,NA,66,GT,0,NA
AVIBASE-33703E6F,Ixonotus guttatus,Ixonotus guttatus,Ixonotus guttatus,Ixonotus guttatus,1,NHMUK,1920.3.10.24,F,0,NA,Nigeria,NA,15.3,8.6,3.5,4.1,17.6,88,17.9,70.1,20.3,74,CV,1,NA
AVIBASE-33703E6F,Ixonotus guttatus,Ixonotus guttatus,Ixonotus guttatus,Ixonotus guttatus,1,NHMUK,1920.3.10.28,M,0,NA,Nigeria,NA,15.7,9.3,4,4.1,16.3,90,17.4,72.6,19.3,79,CV,1,NA
AVIBASE-33703E6F,Ixonotus guttatus,Ixonotus guttatus,Ixonotus guttatus,Ixonotus guttatus,1,NHMUK,1966.16.1192,M,0,NA,Nigeria,NA,15.4,9.4,3.7,4.1,18.4,87,17.8,69.2,20.5,75,CV,1,NA
AVIBASE-33703E6F,Ixonotus guttatus,Ixonotus guttatus,Ixonotus guttatus,Ixonotus guttatus,1,NHMUK,1966.16.1193,F,0,NA,Nigeria,NA,16.4,9,4.5,4.4,16.9,84,16.3,67.7,19.4,69,CV,1,NA
AVIBASE-33703E6F,Ixonotus guttatus,Ixonotus guttatus,Ixonotus guttatus,Ixonotus guttatus,1,NHMUK,1969.44.59,M,0,NA,NA,NA,15.8,NA,3.9,4.6,19.8,87,NA,NA,NA,76,GT,0,NA
AVIBASE-0457ECD3,Ixos malaccensis,Ixos malaccensis,Ixos malaccensis,Ixos malaccensis,1,NHMUK,1927.4.18.604,M,0,NA,Malaysia,NA,26.9,17,4.9,6.5,17.5,106,20.7,85.3,19.5,83,HM,1,NA
AVIBASE-0457ECD3,Ixos malaccensis,Ixos malaccensis,Ixos malaccensis,Ixos malaccensis,1,NHMUK,1927.4.18.605,M,0,NA,Malaysia,NA,26.1,17.7,5.6,6.5,16.5,108,21.2,86.8,19.6,89,HM,1,NA
AVIBASE-0457ECD3,Ixos malaccensis,Ixos malaccensis,Ixos malaccensis,Ixos malaccensis,1,NHMUK,1956.60.323,F,0,NA,Malaysia,NA,27.9,18.1,5.3,6.5,17,103,18.6,84.4,18.1,90,HM,1,NA
AVIBASE-0457ECD3,Ixos malaccensis,Ixos malaccensis,Ixos malaccensis,Ixos malaccensis,1,OUM,B/320,F,0,NA,Malaysia,NA,24,16.2,5.2,6.3,16.6,98,18.5,79.5,18.9,74,HM,1,NA
AVIBASE-0457ECD3,Ixos malaccensis,Ixos malaccensis,Ixos malaccensis,Ixos malaccensis,1,OUM,B/369,U,0,NA,NA,NA,25.2,16.9,5.2,6.5,17,105,21.7,83.3,20.7,85,HM,1,NA
AVIBASE-473131CC,Ixos mcclellandii,Ixos mcclellandii,Ixos mcclellandii,Hypsipetes mcclellandii,1,NHMUK,1938.7.15.1432,M,0,NA,Nepal,NA,25.9,16,5,5.6,18.2,106,19.9,86.1,18.8,114,CS,1,NA
AVIBASE-473131CC,Ixos mcclellandii,Ixos mcclellandii,Ixos mcclellandii,Hypsipetes mcclellandii,1,NHMUK,1938.7.15.931,F,0,NA,Nepal,NA,27.4,16.7,5.1,5.6,17.6,106,18.9,87.1,17.8,102,CS,1,NA
AVIBASE-473131CC,Ixos mcclellandii,Ixos mcclellandii,Ixos mcclellandii,Hypsipetes mcclellandii,1,NHMUK,1938.7.15.933,M,0,NA,Nepal,NA,25.7,15.9,4.9,5.8,17.8,111,20.1,90.9,18.1,114,CS,1,NA
AVIBASE-473131CC,Ixos mcclellandii,Ixos mcclellandii,Ixos mcclellandii,Hypsipetes mcclellandii,1,NHMUK,86.9.1.1113,F,0,NA,Nepal,NA,25.2,14.6,4.9,5.1,19.5,101,17.8,83.2,17.6,101,CS,1,NA
AVIBASE-0D2A9574,Ixos nicobariensis,Hypsipetes nicobariensis,Hypsipetes nicobariensis,Hypsipetes nicobariensis,1,NHMUK,85.9.1.976,F,0,NA,India,NA,22.7,12.8,4.8,6.1,19.6,91,15.7,75.3,17.3,90,CS,1,NA
AVIBASE-0D2A9574,Ixos nicobariensis,Hypsipetes nicobariensis,Hypsipetes nicobariensis,Hypsipetes nicobariensis,1,NHMUK,86.9.1.973,M,0,NA,India,NA,23.4,13.7,5,6.2,19.6,100,18.6,81.4,18.6,98,CS,1,NA
AVIBASE-0D2A9574,Ixos nicobariensis,Hypsipetes nicobariensis,Hypsipetes nicobariensis,Hypsipetes nicobariensis,1,NHMUK,86.9.1.977,F,0,NA,India,NA,21.6,12.1,5.2,6.2,19.6,97,18.3,78.7,18.9,92.5,CS,1,NA
AVIBASE-0D2A9574,Ixos nicobariensis,Hypsipetes nicobariensis,Hypsipetes nicobariensis,Hypsipetes nicobariensis,1,NHMUK,88.4.1.280,M,0,NA,India,NA,23.1,14.1,5.5,6.4,20.3,100,18.7,81.3,18.7,93,CS,1,NA
AVIBASE-0D2A9574,Ixos nicobariensis,Hypsipetes nicobariensis,Hypsipetes nicobariensis,Hypsipetes nicobariensis,1,NHMUK,86.9.1.982,M,0,NA,NA,NA,25.7,NA,5.7,6.3,21.9,99,NA,NA,NA,94,GT,0,NA
AVIBASE-5AD8890F,Ixos sumatranus,Ixos virescens,Ixos virescens sumatranus,Hypsipetes virescens,1,NHMUK,1920.6.29.297,F,0,NA,Indonesia,NA,19.7,12.9,4.1,4.5,16.7,90.5,15.3,75.2,16.9,94,CS,1,NA
AVIBASE-5AD8890F,Ixos sumatranus,Ixos virescens,Ixos virescens sumatranus,Hypsipetes virescens,1,NHMUK,1920.6.29.301,M,0,NA,Indonesia,NA,19.7,12.5,4.2,5.2,16.5,93,19.1,73.9,20.5,95,CS,1,NA
AVIBASE-5AD8890F,Ixos sumatranus,Ixos virescens,Ixos virescens sumatranus,Hypsipetes virescens,1,NHMUK,1920.6.29.304,M,0,NA,Indonesia,NA,19.4,12.7,4.2,5,15.3,94.5,19.6,74.9,20.7,92,CS,1,NA
AVIBASE-5AD8890F,Ixos sumatranus,Ixos virescens,Ixos virescens sumatranus,Hypsipetes virescens,1,NHMUK,1920.6.29.305,F,0,NA,Indonesia,NA,19.9,12.6,4.3,5.1,16,87,15.4,71.6,17.7,88,CS,1,NA
AVIBASE-92BF7060,Ixos virescens,Ixos virescens,Ixos virescens virescens,Hypsipetes virescens,1,NHMUK,1927.4.18.601,M,0,NA,Indonesia,NA,17.6,NA,4.9,4.5,21.1,84,NA,NA,NA,85,GT,0,NA
AVIBASE-92BF7060,Ixos virescens,Ixos virescens,Ixos virescens virescens,Hypsipetes virescens,1,AMNH,258954,F,0,NA,Indonesia,NA,19.4,13.3,4.9,5.3,17,84,11.8,72.2,14,81,CS,1,NA
AVIBASE-92BF7060,Ixos virescens,Ixos virescens,Ixos virescens virescens,Hypsipetes virescens,1,AMNH,565487,M,0,NA,Indonesia,NA,21.1,14.5,4.2,5.3,17.8,90,13.1,76.9,14.6,85,CS,1,NA
AVIBASE-92BF7060,Ixos virescens,Ixos virescens,Ixos virescens virescens,Hypsipetes virescens,1,AMNH,565491,M,0,NA,Indonesia,NA,19.4,12.3,4.2,4.8,17.8,85.5,11.3,74.2,13.2,80,CS,1,NA
AVIBASE-92BF7060,Ixos virescens,Ixos virescens,Ixos virescens virescens,Hypsipetes virescens,1,AMNH,565502,F,0,NA,Indonesia,NA,20.2,12.5,5.6,5.2,18.4,86,12.2,73.8,14.2,88.5,CS,1,NA
AVIBASE-B36D1FAC,Microtarsus melanoleucos,Brachypodius melanoleucos,Brachypodius melanoleucos,Pycnonotus melanoleucos,1,NHMUK,1936.4.12,F,0,NA,Malaysia,NA,16.4,11.1,4.2,4.4,12.5,85,14.3,70.7,16.8,69,HM,1,NA
AVIBASE-B36D1FAC,Microtarsus melanoleucos,Brachypodius melanoleucos,Brachypodius melanoleucos,Pycnonotus melanoleucos,1,NHMUK,1936.4.12.1810,M,0,NA,Malaysia,NA,19.6,NA,4.3,4.4,13.4,84,NA,NA,NA,75,GT,0,NA
AVIBASE-B36D1FAC,Microtarsus melanoleucos,Brachypodius melanoleucos,Brachypodius melanoleucos,Pycnonotus melanoleucos,1,OUM,B/1277,U,0,NA,Malaysia,NA,18,10.9,5,4.5,14.2,83,14.4,68.6,17.3,69,HM,1,NA
AVIBASE-B36D1FAC,Microtarsus melanoleucos,Brachypodius melanoleucos,Brachypodius melanoleucos,Pycnonotus melanoleucos,1,OUM,B/321,M,0,NA,Malaysia,NA,16.5,10.5,3.7,4.3,15,81,15.3,65.7,18.9,68,HM,1,NA
AVIBASE-B36D1FAC,Microtarsus melanoleucos,Brachypodius melanoleucos,Brachypodius melanoleucos,Pycnonotus melanoleucos,1,OUM,B/322,M,0,NA,Malaysia,NA,17.7,10.1,4,4,14.5,83,18.6,64.4,22.4,61,HM,1,NA
AVIBASE-D4CB1B89,NA,Phyllastrephus albigularis,Phyllastrephus albigularis,Phyllastrephus albigularis,1,NHMUK,1906.12.14.105,M,0,NA,NA,NA,22.8,NA,4.5,5.2,19.1,85,NA,NA,NA,81,GT,0,NA
AVIBASE-B7F05102,Neolestes torquatus,Neolestes torquatus,Neolestes torquatus,Neolestes torquatus,1,NHMUK,1947.80.48,F,0,NA,Democratic Republic of the Congo,NA,15,7.5,3.6,4.5,19,71,9.7,61.3,13.7,65,CS,1,NA
AVIBASE-B7F05102,Neolestes torquatus,Neolestes torquatus,Neolestes torquatus,Neolestes torquatus,1,NHMUK,1953.54.243,M,0,NA,Democratic Republic of the Congo,NA,14.9,7.4,3.3,4.6,20.9,69,8.8,60.2,12.8,69,CS,1,NA
AVIBASE-B7F05102,Neolestes torquatus,Neolestes torquatus,Neolestes torquatus,Neolestes torquatus,1,NHMUK,1953.54.244,F,0,NA,Democratic Republic of the Congo,NA,14.8,7.4,3.8,4.8,20.2,66.5,8.8,57.7,13.2,61,CS,1,NA
AVIBASE-B7F05102,Neolestes torquatus,Neolestes torquatus,Neolestes torquatus,Neolestes torquatus,1,NHMUK,1956.35.36,M,0,NA,Democratic Republic of the Congo,NA,15.7,8,3.8,4.6,22,70.5,9.7,60.8,13.8,62,CS,1,NA
AVIBASE-B6EF6AA0,Nok hualon,Nok hualon,Nok hualon,Pycnonotus hualon,1,NHMUK,2009.1.1,F,0,NA,Laos,NA,15.9,7.8,3.8,4.2,18.5,90,13.5,76.5,15,73,JAT,1,NA
AVIBASE-CEE94E55,Phyllastrephus albigula,Phyllastrephus albigula,Phyllastrephus albigula,Phyllastrephus debilis,2,Field1,NA,U,0,NA,United Republic of Tanzania,NA,17.1,10.3,4,3.5,19,70,12,58,17.1,67,MNC,1,NA
AVIBASE-CEE94E55,Phyllastrephus albigula,Phyllastrephus albigula,Phyllastrephus albigula,Phyllastrephus debilis,2,Field1,NA,U,0,NA,United Republic of Tanzania,NA,16.4,9.3,3.8,3.5,19.5,67,8,59,11.9,66,MNC,1,NA
AVIBASE-CEE94E55,Phyllastrephus albigula,Phyllastrephus albigula,Phyllastrephus albigula,Phyllastrephus debilis,2,Field1,NA,U,0,NA,United Republic of Tanzania,NA,15.5,9.2,3.6,3.5,18.2,61,8,53,13.1,61,MNC,1,NA
AVIBASE-CEE94E55,Phyllastrephus albigula,Phyllastrephus albigula,Phyllastrephus albigula,Phyllastrephus debilis,2,Field1,NA,U,0,NA,United Republic of Tanzania,NA,15.3,8.8,3.7,3.3,18.7,62,7,55,11.3,64,MNC,1,NA
AVIBASE-CEE94E55,Phyllastrephus albigula,Phyllastrephus albigula,Phyllastrephus albigula,Phyllastrephus debilis,2,Field1,NA,U,0,NA,United Republic of Tanzania,NA,15.6,9.3,3.7,3.5,19.5,64,9,55,14.1,63,MNC,1,NA
AVIBASE-CEE94E55,Phyllastrephus albigula,Phyllastrephus albigula,Phyllastrephus albigula,Phyllastrephus debilis,2,Field1,NA,U,0,NA,United Republic of Tanzania,NA,14.1,8.3,3.2,3.3,19,64,10,54,15.6,67,MNC,1,NA
AVIBASE-CEE94E55,Phyllastrephus albigula,Phyllastrephus albigula,Phyllastrephus albigula,Phyllastrephus debilis,2,Field1,NA,U,0,NA,United Republic of Tanzania,NA,14.5,7.9,3.4,3.4,18.7,63,10,53,15.9,62,MNC,1,NA
AVIBASE-CEE94E55,Phyllastrephus albigula,Phyllastrephus albigula,Phyllastrephus albigula,Phyllastrephus debilis,2,Field1,NA,U,0,NA,United Republic of Tanzania,NA,15.8,8.4,3.8,3.7,19,64,8,56,12.5,64,MNC,1,NA
AVIBASE-CEE94E55,Phyllastrephus albigula,Phyllastrephus albigula,Phyllastrephus albigula,Phyllastrephus debilis,2,Field1,NA,U,0,NA,United Republic of Tanzania,NA,18.2,8.4,3.5,3.4,19.2,65,9,56,13.8,65,MNC,1,NA
AVIBASE-CEE94E55,Phyllastrephus albigula,Phyllastrephus albigula,Phyllastrephus albigula,Phyllastrephus debilis,2,Field1,NA,U,0,NA,United Republic of Tanzania,NA,15.1,9.5,3.3,3.4,19,67,10,57,14.9,68,MNC,1,NA
AVIBASE-CEE94E55,Phyllastrephus albigula,Phyllastrephus albigula,Phyllastrephus albigula,Phyllastrephus debilis,2,Field1,NA,U,0,NA,United Republic of Tanzania,NA,15.3,8.5,3.8,3.6,18.2,61,10,51,16.4,59,MNC,1,NA
AVIBASE-CEE94E55,Phyllastrephus albigula,Phyllastrephus albigula,Phyllastrephus albigula,Phyllastrephus debilis,2,Field1,NA,U,0,NA,United Republic of Tanzania,NA,17,9.2,3.5,3.5,18.5,61,7,54,11.5,61,MNC,1,NA
AVIBASE-CEE94E55,Phyllastrephus albigula,Phyllastrephus albigula,Phyllastrephus albigula,Phyllastrephus debilis,2,Field1,NA,U,0,NA,United Republic of Tanzania,NA,15.1,8.7,3.7,3.3,19,63,9,54,14.3,62,MNC,1,NA
AVIBASE-CEE94E55,Phyllastrephus albigula,Phyllastrephus albigula,Phyllastrephus albigula,Phyllastrephus debilis,2,Field1,NA,U,0,NA,United Republic of Tanzania,NA,15.8,8.6,3.7,3.4,19.2,65,7,58,10.8,63,MNC,1,NA
AVIBASE-CEE94E55,Phyllastrephus albigula,Phyllastrephus albigula,Phyllastrephus albigula,Phyllastrephus debilis,2,Field1,NA,U,0,NA,United Republic of Tanzania,NA,16.1,8.3,3.6,3.7,18.3,64,6,58,9.4,62,MNC,1,NA
AVIBASE-CEE94E55,Phyllastrephus albigula,Phyllastrephus albigula,Phyllastrephus albigula,Phyllastrephus debilis,2,Field1,NA,U,0,NA,United Republic of Tanzania,NA,17.7,8.5,3.5,3.5,18.5,66,11,55,16.7,66,MNC,1,NA
AVIBASE-CEE94E55,Phyllastrephus albigula,Phyllastrephus albigula,Phyllastrephus albigula,Phyllastrephus debilis,2,Field1,NA,U,0,NA,United Republic of Tanzania,NA,15.6,8.3,3.5,3.4,19.5,62,8,54,12.9,59,MNC,1,NA
AVIBASE-CEE94E55,Phyllastrephus albigula,Phyllastrephus albigula,Phyllastrephus albigula,Phyllastrephus debilis,2,Field1,NA,U,0,NA,United Republic of Tanzania,NA,14.9,8,3.5,3.5,19,62,9,53,14.5,59,MNC,1,NA
AVIBASE-CEE94E55,Phyllastrephus albigula,Phyllastrephus albigula,Phyllastrephus albigula,Phyllastrephus debilis,2,Field1,NA,U,0,NA,United Republic of Tanzania,NA,16,8.5,3.8,3.5,19.3,67,9,58,13.4,65,MNC,1,NA
AVIBASE-CEE94E55,Phyllastrephus albigula,Phyllastrephus albigula,Phyllastrephus albigula,Phyllastrephus debilis,2,Field1,NA,U,0,NA,United Republic of Tanzania,NA,15.9,8.3,3.5,3.5,18.8,63,8,55,12.7,63,MNC,1,NA
AVIBASE-CEE94E55,Phyllastrephus albigula,Phyllastrephus albigula,Phyllastrephus albigula,Phyllastrephus debilis,2,Field1,NA,U,0,NA,United Republic of Tanzania,NA,16.2,8.6,3.5,3.6,19.6,68,10,58,14.7,67,MNC,1,NA
AVIBASE-7927D0DD,Phyllastrephus albigularis,Phyllastrephus albigularis,Phyllastrephus albigularis albigularis,Phyllastrephus albigularis,1,NHMUK,1950.9.35,F,0,NA,Nigeria,NA,18.3,10.5,4.3,4.7,19.3,71,6.1,64.9,8.6,66,CS,1,NA
AVIBASE-7927D0DD,Phyllastrephus albigularis,Phyllastrephus albigularis,Phyllastrephus albigularis albigularis,Phyllastrephus albigularis,1,NHMUK,1966.16.1443,M,0,NA,Nigeria,NA,20.4,12.3,3.9,5.2,20.7,79,6.3,72.7,8,85,CS,1,NA
AVIBASE-7927D0DD,Phyllastrephus albigularis,Phyllastrephus albigularis,Phyllastrephus albigularis albigularis,Phyllastrephus albigularis,1,NHMUK,1966.16.1451,M,0,NA,Nigeria,NA,19.9,11.3,4.3,4.2,21.4,76,6,70,7.9,90,CS,1,NA
AVIBASE-7927D0DD,Phyllastrephus albigularis,Phyllastrephus albigularis,Phyllastrephus albigularis albigularis,Phyllastrephus albigularis,1,NHMUK,1966.16.1467,F,0,NA,Nigeria,NA,19,11.6,4.5,4.8,19.8,69,6.5,62.5,9.4,64.5,CS,1,NA
AVIBASE-7927D0DD,Phyllastrephus albigularis,Phyllastrephus albigularis,Phyllastrephus albigularis albigularis,Phyllastrephus albigularis,2,Field1,NA,U,0,NA,Ghana,NA,21.7,13,4.6,5.1,21.2,86,12,74,14,79,NNDA,1,NA
AVIBASE-7927D0DD,Phyllastrephus albigularis,Phyllastrephus albigularis,Phyllastrephus albigularis albigularis,Phyllastrephus albigularis,2,Field1,NA,U,1,NA,Ghana,NA,20.8,11.2,5.2,4.6,22.2,77,7.3,69.7,9.5,79,NNDA,1,NA
AVIBASE-7927D0DD,Phyllastrephus albigularis,Phyllastrephus albigularis,Phyllastrephus albigularis albigularis,Phyllastrephus albigularis,2,Field1,NA,U,0,NA,Ghana,NA,17.2,12.8,4.8,4.7,19.8,72,5.9,66.1,8.2,65,NNDA,1,NA
AVIBASE-7927D0DD,Phyllastrephus albigularis,Phyllastrephus albigularis,Phyllastrephus albigularis albigularis,Phyllastrephus albigularis,2,Field1,NA,U,0,NA,Ghana,NA,16.9,11.5,4.7,4.3,17.6,72,9.1,62.9,12.6,NA,NNDA,1,NA
AVIBASE-7927D0DD,Phyllastrephus albigularis,Phyllastrephus albigularis,Phyllastrephus albigularis albigularis,Phyllastrephus albigularis,2,Field1,NA,U,0,NA,Ghana,NA,17.2,13.1,4.6,4.8,18.1,81,9.4,71.6,11.6,78,NNDA,1,NA
AVIBASE-7927D0DD,Phyllastrephus albigularis,Phyllastrephus albigularis,Phyllastrephus albigularis albigularis,Phyllastrephus albigularis,2,Field1,NA,U,0,NA,Ghana,NA,17.5,11.2,4.9,4.2,21,71,5,66,7,68,NNDA,1,NA
AVIBASE-7927D0DD,Phyllastrephus albigularis,Phyllastrephus albigularis,Phyllastrephus albigularis albigularis,Phyllastrephus albigularis,2,Field1,NA,U,0,NA,Ghana,NA,20.5,12.1,4.8,4.9,21.7,83,9,74,10.8,79,NNDA,1,NA
AVIBASE-D5A35997,Phyllastrephus baumanni,Phyllastrephus baumanni,Phyllastrephus baumanni,Phyllastrephus baumanni,1,NHMUK,1977.20.1133,M,0,NA,Liberia,NA,18.9,10.9,4.4,4.6,21.2,83,6.9,76.1,8.3,86,CV,1,NA
AVIBASE-D5A35997,Phyllastrephus baumanni,Phyllastrephus baumanni,Phyllastrephus baumanni,Phyllastrephus baumanni,1,NHMUK,1977.20.1136,F,0,NA,Liberia,NA,17.5,9.8,3.9,4.5,19.9,74,6.9,67.1,9.3,75,CV,1,NA
AVIBASE-D5A35997,Phyllastrephus baumanni,Phyllastrephus baumanni,Phyllastrephus baumanni,Phyllastrephus baumanni,1,NHMUK,1977.20.1137,F,0,NA,Liberia,NA,15.6,8.9,4.3,4.2,19.4,71,6.7,64.3,9.4,70,CV,1,NA
AVIBASE-D5A35997,Phyllastrephus baumanni,Phyllastrephus baumanni,Phyllastrephus baumanni,Phyllastrephus baumanni,1,NHMUK,1977.20.1138,M,0,NA,Liberia,NA,19.5,11.2,4,4.9,21,78,6.6,71.4,8.5,77,CV,1,NA
AVIBASE-D5A35997,Phyllastrephus baumanni,Phyllastrephus baumanni,Phyllastrephus baumanni,Phyllastrephus baumanni,1,NHMUK,1930.12.3.326,M,0,NA,NA,NA,18.7,NA,4.4,4.9,20.9,81,NA,NA,NA,76,GT,0,NA
AVIBASE-24F71192,Phyllastrephus cabanisi,Phyllastrephus cabanisi,Phyllastrephus cabanisi,Phyllastrephus cabanisi,1,NHMUK,1931.12.18.46,F,0,NA,United Republic of Tanzania,NA,17.7,9.2,3.3,3.9,19.8,80,10.1,69.9,12.6,86,CV,1,NA
AVIBASE-24F71192,Phyllastrephus cabanisi,Phyllastrephus cabanisi,Phyllastrephus cabanisi,Phyllastrephus cabanisi,1,NHMUK,1932.5.10.550,F,0,NA,United Republic of Tanzania,NA,16.2,8.7,3.3,3.6,19.8,73,6.6,66.4,9,75,CV,1,NA
AVIBASE-24F71192,Phyllastrephus cabanisi,Phyllastrephus cabanisi,Phyllastrephus cabanisi,Phyllastrephus cabanisi,1,NHMUK,1934.10.19.64,F,0,NA,Democratic Republic of the Congo,NA,17.5,9,3.8,4,20.3,87,11.7,75.3,13.4,87,CV,1,NA
AVIBASE-24F71192,Phyllastrephus cabanisi,Phyllastrephus cabanisi,Phyllastrephus cabanisi,Phyllastrephus cabanisi,1,NHMUK,1936.7.2.123,M,0,NA,United Republic of Tanzania,NA,19.4,10.5,3.7,4.3,20.9,86,10.7,75.3,12.4,84,CV,1,NA
AVIBASE-24F71192,Phyllastrephus cabanisi,Phyllastrephus cabanisi,Phyllastrephus cabanisi,Phyllastrephus cabanisi,1,NHMUK,1937.6.22.108,M,0,NA,United Republic of Tanzania,NA,20.4,11.2,3.5,4.5,19.7,88,11,77,12.5,86,CV,1,NA
AVIBASE-24F71192,Phyllastrephus cabanisi,Phyllastrephus cabanisi,Phyllastrephus cabanisi,Phyllastrephus cabanisi,1,NHMUK,1948.45.3,M,0,NA,Zimbabwe,NA,19.7,11.2,4,4.6,19.9,92,13.9,78.1,15.1,96,CV,1,NA
AVIBASE-24F71192,Phyllastrephus cabanisi,Phyllastrephus cabanisi,Phyllastrephus cabanisi,Phyllastrephus cabanisi,1,NHMUK,1957.35.189,M,0,NA,Angola,NA,19.4,11.3,4,4.5,23.4,88,8.2,79.8,9.3,92,CV,1,NA
AVIBASE-24F71192,Phyllastrephus cabanisi,Phyllastrephus cabanisi,Phyllastrephus cabanisi,Phyllastrephus cabanisi,1,NHMUK,1957.35.192,F,0,NA,Angola,NA,18.3,9.9,4.1,4.3,21.3,85,10.1,74.9,11.9,84,CV,1,NA
AVIBASE-24F71192,Phyllastrephus cabanisi,Phyllastrephus cabanisi,Phyllastrephus cabanisi,Phyllastrephus cabanisi,1,ZFMK,1957-561,F,0,NA,United Republic of Tanzania,NA,21.8,NA,NA,NA,21.9,81,9,72,11.1,77.5,AN,0,NA
AVIBASE-24F71192,Phyllastrephus cabanisi,Phyllastrephus cabanisi,Phyllastrephus cabanisi,Phyllastrephus cabanisi,1,ZFMK,1959-249,M,0,NA,United Republic of Tanzania,NA,22.1,NA,NA,NA,20,83,11.5,71.5,13.9,82.5,AN,0,NA
AVIBASE-24F71192,Phyllastrephus cabanisi,Phyllastrephus cabanisi,Phyllastrephus cabanisi,Phyllastrephus cabanisi,1,ZFMK,1959-536,M,0,NA,United Republic of Tanzania,NA,22.1,NA,NA,NA,22.5,87,11.5,75.5,13.2,85,AN,0,NA
AVIBASE-24F71192,Phyllastrephus cabanisi,Phyllastrephus cabanisi,Phyllastrephus cabanisi,Phyllastrephus cabanisi,1,ZFMK,1961-530,F,0,NA,United Republic of Tanzania,NA,20.6,NA,NA,NA,22.5,77,11,66,14.3,83,AN,0,NA
AVIBASE-24F71192,Phyllastrephus cabanisi,Phyllastrephus cabanisi,Phyllastrephus cabanisi,Phyllastrephus cabanisi,1,ZFMK,1978-071,M,0,NA,South Sudan,NA,19.4,NA,NA,NA,21.4,88,14,74,15.9,85,LN,0,NA
AVIBASE-24F71192,Phyllastrephus cabanisi,Phyllastrephus cabanisi,Phyllastrephus cabanisi,Phyllastrephus cabanisi,1,ZFMK,1978-072,M,0,NA,South Sudan,NA,22.5,NA,NA,NA,23,86,6,80,7,88,LN,0,NA
AVIBASE-24F71192,Phyllastrephus cabanisi,Phyllastrephus cabanisi,Phyllastrephus cabanisi,Phyllastrephus cabanisi,1,ZFMK,1978-075,F,0,NA,South Sudan,NA,20.4,NA,NA,NA,21.9,80,8,72,10,82.5,DH,0,NA
AVIBASE-24F71192,Phyllastrephus cabanisi,Phyllastrephus cabanisi,Phyllastrephus cabanisi,Phyllastrephus cabanisi,2,Field1,NA,U,0,NA,Mozambique,NA,17.9,10.3,4.4,NA,NA,78,NA,NA,NA,85,SEIJ,1,NA
AVIBASE-24F71192,Phyllastrephus cabanisi,Phyllastrephus cabanisi,Phyllastrephus cabanisi,Phyllastrephus cabanisi,2,Field1,NA,U,0,NA,Mozambique,NA,17.1,9.4,4.2,NA,NA,75,NA,NA,NA,78,SEIJ,1,NA
AVIBASE-24F71192,Phyllastrephus cabanisi,Phyllastrephus cabanisi,Phyllastrephus cabanisi,Phyllastrephus cabanisi,2,Field1,NA,F,0,NA,Mozambique,NA,17,10.2,4.2,NA,NA,78,NA,NA,NA,77,SEIJ,1,NA
AVIBASE-24F71192,Phyllastrephus cabanisi,Phyllastrephus cabanisi,Phyllastrephus cabanisi,Phyllastrephus cabanisi,2,Field1,NA,F,0,NA,Mozambique,NA,16.4,9.8,4.1,NA,NA,73,NA,NA,NA,77,SEIJ,1,NA
AVIBASE-24F71192,Phyllastrephus cabanisi,Phyllastrephus cabanisi,Phyllastrephus cabanisi,Phyllastrephus cabanisi,2,Field1,NA,U,0,NA,United Republic of Tanzania,NA,20.8,10.5,4.1,4.6,23.4,81,13,68,16,76,MNC,1,NA
AVIBASE-24F71192,Phyllastrephus cabanisi,Phyllastrephus cabanisi,Phyllastrephus cabanisi,Phyllastrephus cabanisi,2,Field1,NA,U,0,NA,United Republic of Tanzania,NA,20.9,11.1,3.7,4.3,22.8,86,10,76,11.6,81,MNC,1,NA
AVIBASE-24F71192,Phyllastrephus cabanisi,Phyllastrephus cabanisi,Phyllastrephus cabanisi,Phyllastrephus cabanisi,2,Field1,NA,U,0,NA,United Republic of Tanzania,NA,20,10.4,3.9,4.3,23.7,83,13,70,15.7,82,MNC,1,NA
AVIBASE-24F71192,Phyllastrephus cabanisi,Phyllastrephus cabanisi,Phyllastrephus cabanisi,Phyllastrephus cabanisi,2,Field1,NA,U,0,NA,United Republic of Tanzania,NA,21.7,12.5,4,4.4,23.1,84,11,73,13.1,84,MNC,1,NA
AVIBASE-24F71192,Phyllastrephus cabanisi,Phyllastrephus cabanisi,Phyllastrephus cabanisi,Phyllastrephus cabanisi,2,Field1,NA,U,0,NA,United Republic of Tanzania,NA,17.6,9.4,3.7,3.8,22.1,74,10,64,13.5,82,MNC,1,NA
AVIBASE-24F71192,Phyllastrephus cabanisi,Phyllastrephus cabanisi,Phyllastrephus cabanisi,Phyllastrephus cabanisi,2,Field1,NA,U,0,NA,United Republic of Tanzania,NA,19.4,10.3,4.5,4.2,23.8,74,9,65,12.2,74,MNC,1,NA
AVIBASE-24F71192,Phyllastrephus cabanisi,Phyllastrephus cabanisi,Phyllastrephus cabanisi,Phyllastrephus cabanisi,2,Field1,NA,U,0,NA,United Republic of Tanzania,NA,18.8,10.5,3.9,4.1,23.5,73,11,62,15.1,73,MNC,1,NA
AVIBASE-24F71192,Phyllastrephus cabanisi,Phyllastrephus cabanisi,Phyllastrephus cabanisi,Phyllastrephus cabanisi,2,Field1,NA,U,0,NA,United Republic of Tanzania,NA,21,11.4,4.3,4.4,23.6,77,9,68,11.7,79,MNC,1,NA
AVIBASE-24F71192,Phyllastrephus cabanisi,Phyllastrephus cabanisi,Phyllastrephus cabanisi,Phyllastrephus cabanisi,2,Field1,NA,U,0,NA,United Republic of Tanzania,NA,20.3,11,4.3,4.5,24.3,80,12,68,15,81,MNC,1,NA
AVIBASE-24F71192,Phyllastrephus cabanisi,Phyllastrephus cabanisi,Phyllastrephus cabanisi,Phyllastrephus cabanisi,2,Field1,NA,U,0,NA,United Republic of Tanzania,NA,17.4,9.5,4,3.8,22.4,73,12,61,16.4,72,MNC,1,NA
AVIBASE-24F71192,Phyllastrephus cabanisi,Phyllastrephus cabanisi,Phyllastrephus cabanisi,Phyllastrephus cabanisi,2,Field1,NA,U,0,NA,United Republic of Tanzania,NA,19.2,10.1,4.2,4.6,23.6,75,10,65,13.3,76,MNC,1,NA
AVIBASE-24F71192,Phyllastrephus cabanisi,Phyllastrephus cabanisi,Phyllastrephus cabanisi,Phyllastrephus cabanisi,2,Field1,NA,U,0,NA,United Republic of Tanzania,NA,23,11,3.8,3.7,23.2,84,12,72,14.3,83,MNC,1,NA
AVIBASE-24F71192,Phyllastrephus cabanisi,Phyllastrephus cabanisi,Phyllastrephus cabanisi,Phyllastrephus cabanisi,2,Field1,NA,U,0,NA,United Republic of Tanzania,NA,19.1,9.9,3.7,4,22.4,76,11,65,14.5,77,MNC,1,NA
AVIBASE-24F71192,Phyllastrephus cabanisi,Phyllastrephus cabanisi,Phyllastrephus cabanisi,Phyllastrephus cabanisi,2,Field1,NA,U,0,NA,United Republic of Tanzania,NA,18.9,10,3.9,3.8,21.9,74,9,65,12.2,77,MNC,1,NA
AVIBASE-24F71192,Phyllastrephus cabanisi,Phyllastrephus cabanisi,Phyllastrephus cabanisi,Phyllastrephus cabanisi,2,Field1,NA,U,0,NA,United Republic of Tanzania,NA,21.1,11.1,3.8,4.5,23.6,83,11,72,13.3,82,MNC,1,NA
AVIBASE-24F71192,Phyllastrephus cabanisi,Phyllastrephus cabanisi,Phyllastrephus cabanisi,Phyllastrephus cabanisi,2,Field1,NA,U,0,NA,United Republic of Tanzania,NA,19.3,10,3.5,4,22.7,74,9,65,12.2,73,MNC,1,NA
AVIBASE-24F71192,Phyllastrephus cabanisi,Phyllastrephus cabanisi,Phyllastrephus cabanisi,Phyllastrephus cabanisi,2,Field1,NA,U,0,NA,United Republic of Tanzania,NA,21.2,11.2,4,4.3,24.7,82,13,69,15.9,82,MNC,1,NA
AVIBASE-24F71192,Phyllastrephus cabanisi,Phyllastrephus cabanisi,Phyllastrephus cabanisi,Phyllastrephus cabanisi,2,Field1,NA,U,0,NA,United Republic of Tanzania,NA,21.4,14.4,4.2,4.5,24.1,81,11,70,13.6,80,MNC,1,NA
AVIBASE-24F71192,Phyllastrephus cabanisi,Phyllastrephus cabanisi,Phyllastrephus cabanisi,Phyllastrephus cabanisi,2,Field1,NA,U,0,NA,United Republic of Tanzania,NA,19.9,11.4,3.8,4.8,23.4,84,10,74,11.9,80,MNC,1,NA
AVIBASE-24F71192,Phyllastrephus cabanisi,Phyllastrephus cabanisi,Phyllastrephus cabanisi,Phyllastrephus cabanisi,2,Field1,NA,U,0,NA,United Republic of Tanzania,NA,19.2,10.8,3.9,4.5,23.3,85,12,73,14.1,85,MNC,1,NA
AVIBASE-24F71192,Phyllastrephus cabanisi,Phyllastrephus cabanisi,Phyllastrephus cabanisi,Phyllastrephus cabanisi,2,Field1,NA,U,0,NA,Zambia,NA,18.5,10.3,4.3,4.3,23.8,83,11,72,13.3,96,MFZ,1,NA
AVIBASE-24F71192,Phyllastrephus cabanisi,Phyllastrephus cabanisi,Phyllastrephus cabanisi,Phyllastrephus cabanisi,2,Field1,NA,U,1,NA,Zambia,NA,17.7,9.7,4.8,4.5,22.2,78,8,70,10.3,82,MFZ,1,NA
AVIBASE-24F71192,Phyllastrephus cabanisi,Phyllastrephus cabanisi,Phyllastrephus cabanisi,Phyllastrephus cabanisi,2,Field1,NA,U,1,NA,Zambia,NA,20.2,11.3,4.8,4.7,24.4,92,12,80,13,94,MFZ,1,NA
AVIBASE-24F71192,Phyllastrephus cabanisi,Phyllastrephus cabanisi,Phyllastrephus cabanisi,Phyllastrephus cabanisi,2,Field1,NA,U,1,NA,Zambia,NA,17,9.8,4.2,4.5,23.3,81,8,73,9.9,92,MFZ,1,NA
AVIBASE-24F71192,Phyllastrephus cabanisi,Phyllastrephus cabanisi,Phyllastrephus cabanisi,Phyllastrephus cabanisi,2,Field1,NA,U,1,NA,Zambia,NA,16.9,10.5,4.4,4.7,23.8,84,NA,NA,NA,85,MFZ,1,NA
AVIBASE-24F71192,Phyllastrephus cabanisi,Phyllastrephus cabanisi,Phyllastrephus cabanisi,Phyllastrephus cabanisi,2,Field1,NA,U,1,NA,Zambia,NA,18.9,10.9,4.2,5,23.8,88,10,78,11.4,87,MFZ,1,NA
AVIBASE-24F71192,Phyllastrephus cabanisi,Phyllastrephus cabanisi,Phyllastrephus cabanisi,Phyllastrephus cabanisi,2,Field1,NA,U,1,NA,Zambia,NA,16.3,9.3,4.5,4.6,22.8,77,8,69,10.4,81,MFZ,1,NA
AVIBASE-24F71192,Phyllastrephus cabanisi,Phyllastrephus cabanisi,Phyllastrephus cabanisi,Phyllastrephus cabanisi,2,Field1,NA,U,0,NA,Zambia,NA,17.8,10.3,4.2,4.4,23.8,87,12,75,13.8,96,MFZ,1,NA
AVIBASE-24F71192,Phyllastrephus cabanisi,Phyllastrephus cabanisi,Phyllastrephus cabanisi,Phyllastrephus cabanisi,2,Field1,NA,U,0,NA,Zambia,NA,18.5,11.5,4.4,4.9,23.3,87,12,75,13.8,84,MFZ,1,NA
AVIBASE-24F71192,Phyllastrephus cabanisi,Phyllastrephus cabanisi,Phyllastrephus cabanisi,Phyllastrephus cabanisi,2,Field1,NA,U,0,NA,Zambia,NA,15.7,10.2,4.4,4.5,22.7,82,11,71,13.4,84,MFZ,1,NA
AVIBASE-24F71192,Phyllastrephus cabanisi,Phyllastrephus cabanisi,Phyllastrephus cabanisi,Phyllastrephus cabanisi,2,Field1,NA,U,0,NA,Zambia,NA,18,11.1,4.5,4.4,23.3,85,12,73,14.1,87,MFZ,1,NA
AVIBASE-24F71192,Phyllastrephus cabanisi,Phyllastrephus cabanisi,Phyllastrephus cabanisi,Phyllastrephus cabanisi,2,Field1,NA,U,0,NA,Zambia,NA,20,11.8,4.6,5.3,24.7,94,8,86,8.5,95,MFZ,1,NA
AVIBASE-24F71192,Phyllastrephus cabanisi,Phyllastrephus cabanisi,Phyllastrephus cabanisi,Phyllastrephus cabanisi,2,Field1,NA,U,0,NA,Zambia,NA,17.8,10.6,3.8,5.1,22.7,82,8,74,9.8,86,MFZ,1,NA
AVIBASE-24F71192,Phyllastrephus cabanisi,Phyllastrephus cabanisi,Phyllastrephus cabanisi,Phyllastrephus cabanisi,2,Field1,NA,U,0,NA,Zambia,NA,16.7,10.9,4.7,4.4,25.2,93,13,80,14,96,MFZ,1,NA
AVIBASE-24F71192,Phyllastrephus cabanisi,Phyllastrephus cabanisi,Phyllastrephus cabanisi,Phyllastrephus cabanisi,2,Field1,NA,U,0,NA,Zambia,NA,18,10.8,4.3,4.8,26.3,87,9,78,10.3,93,MFZ,1,NA
AVIBASE-24F71192,Phyllastrephus cabanisi,Phyllastrephus cabanisi,Phyllastrephus cabanisi,Phyllastrephus cabanisi,2,Field1,NA,U,0,NA,Zambia,NA,19.2,12.1,5,4.8,24.5,90,12,78,13.3,92,MFZ,1,NA
AVIBASE-24F71192,Phyllastrephus cabanisi,Phyllastrephus cabanisi,Phyllastrephus cabanisi,Phyllastrephus cabanisi,2,Field1,NA,U,0,NA,Zambia,NA,19.3,10.7,4.9,4.9,24.2,87,12,75,13.8,87,MFZ,1,NA
AVIBASE-24F71192,Phyllastrephus cabanisi,Phyllastrephus cabanisi,Phyllastrephus cabanisi,Phyllastrephus cabanisi,2,Field1,NA,U,0,NA,Zambia,NA,18.8,12.7,4.4,5.2,25,96,12,84,12.5,97,MFZ,1,NA
AVIBASE-24F71192,Phyllastrephus cabanisi,Phyllastrephus cabanisi,Phyllastrephus cabanisi,Phyllastrephus cabanisi,2,Field1,NA,U,0,NA,Zambia,NA,17.5,11.2,4.2,4.7,24,80,8,72,10,84,MFZ,1,NA
AVIBASE-24F71192,Phyllastrephus cabanisi,Phyllastrephus cabanisi,Phyllastrephus cabanisi,Phyllastrephus cabanisi,2,Field1,NA,U,0,NA,Zambia,NA,19.5,11.3,5,4.7,24.3,95,12,83,12.6,93,MFZ,1,NA
AVIBASE-24F71192,Phyllastrephus cabanisi,Phyllastrephus cabanisi,Phyllastrephus cabanisi,Phyllastrephus cabanisi,2,Field1,NA,U,0,NA,Zambia,NA,17.9,11,4.4,5.2,23.1,87,10,77,11.5,91,MFZ,1,NA
AVIBASE-24F71192,Phyllastrephus cabanisi,Phyllastrephus cabanisi,Phyllastrephus cabanisi,Phyllastrephus cabanisi,2,Field1,NA,U,0,NA,Zambia,NA,19.1,12.8,5.2,5.2,26.1,93,9,84,9.7,97,MFZ,1,NA
AVIBASE-24F71192,Phyllastrephus cabanisi,Phyllastrephus cabanisi,Phyllastrephus cabanisi,Phyllastrephus cabanisi,2,Field1,NA,U,0,NA,Zambia,NA,15.9,10.7,4.3,4.5,24.4,85,12,73,14.1,83,MFZ,1,NA
AVIBASE-24F71192,Phyllastrephus cabanisi,Phyllastrephus cabanisi,Phyllastrephus cabanisi,Phyllastrephus cabanisi,1,NHMUK,1945.34.102,M,0,NA,NA,NA,21.6,NA,4,5.2,22.5,87,NA,NA,NA,87,GT,0,NA
AVIBASE-7CE29E0E,Phyllastrephus cerviniventris,Phyllastrephus cerviniventris,Phyllastrephus cerviniventris,Phyllastrephus cerviniventris,1,NHMUK,1933.3.1.652,F,0,NA,Mozambique,NA,18.8,9.9,3.3,3.7,21.5,80,11.3,68.7,14.1,80,CV,1,NA
AVIBASE-7CE29E0E,Phyllastrephus cerviniventris,Phyllastrephus cerviniventris,Phyllastrephus cerviniventris,Phyllastrephus cerviniventris,1,NHMUK,1933.3.1.655,F,0,NA,Malawi,NA,17.6,9.5,3.2,3.8,19.2,79,9.6,69.4,12.2,81,CV,1,NA
AVIBASE-7CE29E0E,Phyllastrephus cerviniventris,Phyllastrephus cerviniventris,Phyllastrephus cerviniventris,Phyllastrephus cerviniventris,1,NHMUK,1933.3.1.663,M,0,NA,Mozambique,NA,18.5,11.1,3.8,3.8,21.5,83,10,73,12,82,CV,1,NA
AVIBASE-7CE29E0E,Phyllastrephus cerviniventris,Phyllastrephus cerviniventris,Phyllastrephus cerviniventris,Phyllastrephus cerviniventris,1,NHMUK,1933.3.1.665,M,0,NA,Mozambique,NA,19.6,11.4,3.9,4.1,21.4,89,11.5,77.5,12.9,88,CV,1,NA
AVIBASE-7CE29E0E,Phyllastrephus cerviniventris,Phyllastrephus cerviniventris,Phyllastrephus cerviniventris,Phyllastrephus cerviniventris,1,NHMUK,1936.7.2.127,M,0,NA,NA,NA,21.2,NA,3.8,4.5,19.9,84,NA,NA,NA,89,GT,0,NA
AVIBASE-FA137697,Phyllastrephus debilis,Phyllastrephus debilis,Phyllastrephus debilis,Phyllastrephus debilis,1,NHMUK,1928.2.5.15,M,0,NA,Mozambique,NA,13.9,8.1,3,4,16.4,62,5.4,56.6,8.7,60,CS,1,NA
AVIBASE-FA137697,Phyllastrephus debilis,Phyllastrephus debilis,Phyllastrephus debilis,Phyllastrephus debilis,1,NHMUK,1945.47.14,F,0,NA,United Republic of Tanzania,NA,14.2,8.8,3.6,3.6,16,62,8,54,12.9,59,CS,1,NA
AVIBASE-FA137697,Phyllastrephus debilis,Phyllastrephus debilis,Phyllastrephus debilis,Phyllastrephus debilis,1,NHMUK,1946.5.711,M,0,NA,Mozambique,NA,15.9,8.8,3.2,3.7,16.6,65,8.3,56.7,12.8,69,CS,1,NA
AVIBASE-FA137697,Phyllastrephus debilis,Phyllastrephus debilis,Phyllastrephus debilis,Phyllastrephus debilis,1,NHMUK,1946.5.713,F,0,NA,Mozambique,NA,16.1,9.7,3.5,3.8,17.6,64,6.6,57.4,10.3,68,CS,1,NA
AVIBASE-FA137697,Phyllastrephus debilis,Phyllastrephus debilis,Phyllastrephus debilis,Phyllastrephus debilis,1,NHMUK,1946.5.710,M,0,NA,NA,NA,16,NA,3.5,3.6,17.4,70,NA,NA,NA,64,GT,0,NA
AVIBASE-2DA2C52F,Phyllastrephus fischeri,Phyllastrephus fischeri,Phyllastrephus fischeri,Phyllastrephus fischeri,1,NHMUK,1931.10.21.2,M,0,NA,Kenya,NA,23.3,13.9,4.1,4.5,19.5,89,9.8,79.2,11,91,CV,1,NA
AVIBASE-2DA2C52F,Phyllastrephus fischeri,Phyllastrephus fischeri,Phyllastrephus fischeri,Phyllastrephus fischeri,1,NHMUK,1931.10.21.5,F,0,NA,Kenya,NA,18.6,10.6,3.7,4.5,21.2,79,7.5,71.5,9.5,79,CV,1,NA
AVIBASE-2DA2C52F,Phyllastrephus fischeri,Phyllastrephus fischeri,Phyllastrephus fischeri,Phyllastrephus fischeri,1,NHMUK,1971.16.64,M,0,NA,Kenya,NA,22.1,12.7,3.6,4.3,19.1,85,12.2,72.8,14.4,87,CV,1,NA
AVIBASE-2DA2C52F,Phyllastrephus fischeri,Phyllastrephus fischeri,Phyllastrephus fischeri,Phyllastrephus fischeri,1,NHMUK,1971.16.67,F,0,NA,Kenya,NA,17.6,10.3,3.4,3.8,19.7,78,9.4,68.6,12.1,78,CV,1,NA
AVIBASE-2DA2C52F,Phyllastrephus fischeri,Phyllastrephus fischeri,Phyllastrephus fischeri,Phyllastrephus fischeri,2,Field1,NA,U,0,NA,United Republic of Tanzania,NA,23.5,13.6,3.5,4.4,22,85,11,74,12.9,89,MNC,1,NA
AVIBASE-2DA2C52F,Phyllastrephus fischeri,Phyllastrephus fischeri,Phyllastrephus fischeri,Phyllastrephus fischeri,2,Field1,NA,U,0,NA,United Republic of Tanzania,NA,18.5,10.8,3.7,4.3,22.8,75,10,65,13.3,80,MNC,1,NA
AVIBASE-2DA2C52F,Phyllastrephus fischeri,Phyllastrephus fischeri,Phyllastrephus fischeri,Phyllastrephus fischeri,2,Field1,NA,U,0,NA,United Republic of Tanzania,NA,22,13,3.8,4.8,22.1,87,15,72,17.2,90,MNC,1,NA
AVIBASE-2DA2C52F,Phyllastrephus fischeri,Phyllastrephus fischeri,Phyllastrephus fischeri,Phyllastrephus fischeri,2,Field1,NA,U,0,NA,United Republic of Tanzania,NA,18.5,10.6,4,4.3,23.5,75,14,61,18.7,82,MNC,1,NA
AVIBASE-2DA2C52F,Phyllastrephus fischeri,Phyllastrephus fischeri,Phyllastrephus fischeri,Phyllastrephus fischeri,1,NHMUK,1931.10.21.1,M,0,NA,NA,NA,22.2,NA,3.5,4.6,20.5,87,NA,NA,NA,90,GT,0,NA
AVIBASE-651384DF,Phyllastrephus flavostriatus,Phyllastrephus flavostriatus,Phyllastrephus flavostriatus,Phyllastrephus flavostriatus,1,NHMUK,1905.12.29.1970,F,0,NA,South Africa,NA,21.7,12.6,3.2,4.2,19.9,82,10.1,71.9,12.3,83,CS,1,NA
AVIBASE-651384DF,Phyllastrephus flavostriatus,Phyllastrephus flavostriatus,Phyllastrephus flavostriatus,Phyllastrephus flavostriatus,1,NHMUK,1905.12.29.1974,M,0,NA,South Africa,NA,23.3,13.7,3.7,4.9,23.3,91,10.3,80.7,11.3,86,CS,1,NA
AVIBASE-651384DF,Phyllastrephus flavostriatus,Phyllastrephus flavostriatus,Phyllastrephus flavostriatus,Phyllastrephus flavostriatus,1,NHMUK,1905.12.29.1976,F,0,NA,South Africa,NA,19.2,11,3.3,4.8,21.7,84.5,9.4,75.1,11.1,79.5,CS,1,NA
AVIBASE-651384DF,Phyllastrephus flavostriatus,Phyllastrephus flavostriatus,Phyllastrephus flavostriatus,Phyllastrephus flavostriatus,1,NHMUK,1945.34.105,M,0,NA,United Republic of Tanzania,NA,21.3,12.2,3.8,5.1,23.8,100,13.1,86.9,13.1,103,CS,1,NA
AVIBASE-651384DF,Phyllastrephus flavostriatus,Phyllastrephus flavostriatus,Phyllastrephus flavostriatus,Phyllastrephus flavostriatus,1,NHMUK,1945.34.106,F,0,NA,United Republic of Tanzania,NA,18.2,10.9,4,5,21,83,9.9,73.1,11.9,89,CS,1,NA
AVIBASE-651384DF,Phyllastrephus flavostriatus,Phyllastrephus flavostriatus,Phyllastrephus flavostriatus,Phyllastrephus flavostriatus,1,NHMUK,1949.73.78,M,0,NA,Zambia,NA,18.5,10.8,4.2,4.6,21.6,85.5,12.6,72.9,14.7,82,CS,1,NA
AVIBASE-651384DF,Phyllastrephus flavostriatus,Phyllastrephus flavostriatus,Phyllastrephus flavostriatus,Phyllastrephus flavostriatus,1,NHMUK,1959.2.25.297,F,0,NA,Malawi,NA,16.5,9.7,3.3,3.9,18.8,80,12.1,67.9,15.1,80,CS,1,NA
AVIBASE-651384DF,Phyllastrephus flavostriatus,Phyllastrephus flavostriatus,Phyllastrephus flavostriatus,Phyllastrephus flavostriatus,1,NHMUK,76.6.5.1,M,0,NA,South Africa,NA,23.4,13.9,3.4,5.2,23.9,96,12.7,83.3,13.2,91,CS,1,NA
AVIBASE-651384DF,Phyllastrephus flavostriatus,Phyllastrephus flavostriatus,Phyllastrephus flavostriatus,Phyllastrephus flavostriatus,2,Field1,NA,U,0,NA,United Republic of Tanzania,NA,23,13.3,4.8,4.4,23.3,92,14,78,15.2,92,MNC,1,NA
AVIBASE-651384DF,Phyllastrephus flavostriatus,Phyllastrephus flavostriatus,Phyllastrephus flavostriatus,Phyllastrephus flavostriatus,2,Field1,NA,U,0,NA,United Republic of Tanzania,NA,22.3,13.5,4.1,4.6,22.5,92,13,79,14.1,92,MNC,1,NA
AVIBASE-651384DF,Phyllastrephus flavostriatus,Phyllastrephus flavostriatus,Phyllastrephus flavostriatus,Phyllastrephus flavostriatus,2,Field1,NA,U,0,NA,United Republic of Tanzania,NA,20,11.1,4,4.4,23,86,15,71,17.4,86,MNC,1,NA
AVIBASE-651384DF,Phyllastrephus flavostriatus,Phyllastrephus flavostriatus,Phyllastrephus flavostriatus,Phyllastrephus flavostriatus,2,Field1,NA,U,0,NA,United Republic of Tanzania,NA,20,11,3.7,4,22,83,14,69,16.9,81,MNC,1,NA
AVIBASE-651384DF,Phyllastrephus flavostriatus,Phyllastrephus flavostriatus,Phyllastrephus flavostriatus,Phyllastrephus flavostriatus,2,Field1,NA,U,0,NA,United Republic of Tanzania,NA,21.9,12.3,4.3,4.7,23.6,90,15,75,16.7,90,MNC,1,NA
AVIBASE-651384DF,Phyllastrephus flavostriatus,Phyllastrephus flavostriatus,Phyllastrephus flavostriatus,Phyllastrephus flavostriatus,2,Field1,NA,U,0,NA,United Republic of Tanzania,NA,20.8,11.7,4.2,4,21.6,84,11,73,13.1,86,MNC,1,NA
AVIBASE-651384DF,Phyllastrephus flavostriatus,Phyllastrephus flavostriatus,Phyllastrephus flavostriatus,Phyllastrephus flavostriatus,2,Field1,NA,U,0,NA,United Republic of Tanzania,NA,20.8,11.5,3.8,4.3,21.5,80,12,68,15,81,MNC,1,NA
AVIBASE-146387FC,Phyllastrephus fulviventris,Phyllastrephus fulviventris,Phyllastrephus fulviventris,Phyllastrephus fulviventris,1,NHMUK,1910.5.6.601,F,0,NA,Angola,NA,20.1,11,3.4,4.3,17.9,86,10.4,75.6,12.1,87,CV,1,NA
AVIBASE-146387FC,Phyllastrephus fulviventris,Phyllastrephus fulviventris,Phyllastrephus fulviventris,Phyllastrephus fulviventris,1,NHMUK,1910.5.6.602,F,0,NA,Angola,NA,20.9,11.2,3.8,4.1,20,82,7.1,74.9,8.7,83,CV,1,NA
AVIBASE-146387FC,Phyllastrephus fulviventris,Phyllastrephus fulviventris,Phyllastrephus fulviventris,Phyllastrephus fulviventris,1,NHMUK,1910.5.6.603,M,0,NA,Angola,NA,20.8,11.8,4,4.7,21.5,92,11.2,80.8,12.2,93,CV,1,NA
AVIBASE-146387FC,Phyllastrephus fulviventris,Phyllastrephus fulviventris,Phyllastrephus fulviventris,Phyllastrephus fulviventris,1,NHMUK,1957.35.194,M,0,NA,Angola,NA,22.4,12.6,3.6,4.9,21.9,96,10.6,85.4,11,101,CV,1,NA
AVIBASE-146387FC,Phyllastrephus fulviventris,Phyllastrephus fulviventris,Phyllastrephus fulviventris,Phyllastrephus fulviventris,1,NHMUK,95.5.1.746,M,0,NA,NA,NA,22.9,NA,4.4,5,24.7,89,NA,NA,NA,91,GT,0,NA
AVIBASE-2E3D5AAF,Phyllastrephus hypochloris,Phyllastrephus hypochloris,Phyllastrephus hypochloris,Phyllastrephus hypochloris,1,NHMUK,1933.5.31.10,F,0,NA,Uganda,NA,17.4,9.6,4.2,4.2,20.1,74,7,67,9.5,73,CV,1,NA
AVIBASE-2E3D5AAF,Phyllastrephus hypochloris,Phyllastrephus hypochloris,Phyllastrephus hypochloris,Phyllastrephus hypochloris,1,NHMUK,1936.9.13.11,M,0,NA,Sudan,NA,18.5,10.1,4.2,4.6,20.5,75,6.7,68.3,8.9,81,CV,1,NA
AVIBASE-2E3D5AAF,Phyllastrephus hypochloris,Phyllastrephus hypochloris,Phyllastrephus hypochloris,Phyllastrephus hypochloris,1,NHMUK,1939.10.1.23,M,0,NA,Sudan,NA,19.7,10.4,4,4.5,19.8,83,8.8,74.2,10.6,86,CV,1,NA
AVIBASE-2E3D5AAF,Phyllastrephus hypochloris,Phyllastrephus hypochloris,Phyllastrephus hypochloris,Phyllastrephus hypochloris,1,NHMUK,1939.12.9.3083,F,0,NA,Kenya,NA,19,10.3,4.4,4,19.8,76,4.6,71.4,6.1,81,CV,1,NA
AVIBASE-2E3D5AAF,Phyllastrephus hypochloris,Phyllastrephus hypochloris,Phyllastrephus hypochloris,Phyllastrephus hypochloris,1,NHMUK,1936.9.13.10,M,0,NA,NA,NA,21.1,NA,4.5,NA,NA,NA,NA,NA,NA,82,GT,0,NA
AVIBASE-DD741082,Phyllastrephus icterinus,Phyllastrephus icterinus,Phyllastrephus icterinus,Phyllastrephus leucolepis,1,ZFMK,1984.221,U,0,NA,Liberia,NA,18,10.3,4.2,4.3,19.1,71,7.5,63.5,10.6,NA,TT,0,NA
AVIBASE-DD741082,Phyllastrephus icterinus,Phyllastrephus icterinus,Phyllastrephus icterinus,Phyllastrephus icterinus,1,NHMUK,1911.12.223.1688,F,0,NA,Equatorial Guinea,NA,18.5,10.7,3.9,4.3,17.5,73,7.6,65.4,10.4,66,CS,1,NA
AVIBASE-DD741082,Phyllastrephus icterinus,Phyllastrephus icterinus,Phyllastrephus icterinus,Phyllastrephus icterinus,1,NHMUK,1949.33.44,F,0,NA,Nigeria,NA,20,11.6,4.4,4,17.7,68,5.3,62.7,7.8,63,CS,1,NA
AVIBASE-DD741082,Phyllastrephus icterinus,Phyllastrephus icterinus,Phyllastrephus icterinus,Phyllastrephus icterinus,1,NHMUK,1966.16.1324,M,0,NA,Nigeria,NA,19.1,12,4.1,4.5,18.8,75,7.5,67.5,10,72,CS,1,NA
AVIBASE-DD741082,Phyllastrephus icterinus,Phyllastrephus icterinus,Phyllastrephus icterinus,Phyllastrephus icterinus,1,NHMUK,1966.16.1341,M,0,NA,Nigeria,NA,19.8,12.2,4.3,4.6,20.4,76.5,7.6,68.9,9.9,62,CS,1,NA
AVIBASE-DD741082,Phyllastrephus icterinus,Phyllastrephus icterinus,Phyllastrephus icterinus,Phyllastrephus icterinus,2,Field1,NA,U,0,NA,Equatorial Guinea,NA,NA,NA,NA,NA,NA,72,NA,NA,NA,70,LLP,0,NA
AVIBASE-DD741082,Phyllastrephus icterinus,Phyllastrephus icterinus,Phyllastrephus icterinus,Phyllastrephus icterinus,2,Field1,NA,U,0,NA,Equatorial Guinea,NA,NA,NA,NA,NA,NA,65,NA,NA,NA,72,SAL,0,NA
AVIBASE-DD741082,Phyllastrephus icterinus,Phyllastrephus icterinus,Phyllastrephus icterinus,Phyllastrephus icterinus,2,Field1,NA,U,0,NA,Equatorial Guinea,NA,NA,NA,NA,NA,NA,67,NA,NA,NA,63,SEM,0,NA
AVIBASE-DD741082,Phyllastrephus icterinus,Phyllastrephus icterinus,Phyllastrephus icterinus,Phyllastrephus icterinus,2,Field1,NA,U,0,NA,Equatorial Guinea,NA,NA,NA,NA,NA,NA,73,NA,NA,NA,70,SEM,0,NA
AVIBASE-DD741082,Phyllastrephus icterinus,Phyllastrephus icterinus,Phyllastrephus icterinus,Phyllastrephus icterinus,2,Field1,NA,U,0,NA,Equatorial Guinea,NA,NA,NA,NA,NA,NA,74,NA,NA,NA,69,SAL,0,NA
AVIBASE-DD741082,Phyllastrephus icterinus,Phyllastrephus icterinus,Phyllastrephus icterinus,Phyllastrephus icterinus,2,Field1,NA,U,0,NA,Equatorial Guinea,NA,NA,NA,NA,NA,NA,73,NA,NA,NA,66,SEM,0,NA
AVIBASE-DD741082,Phyllastrephus icterinus,Phyllastrephus icterinus,Phyllastrephus icterinus,Phyllastrephus icterinus,2,Field1,NA,U,0,NA,Equatorial Guinea,NA,NA,NA,NA,NA,NA,75,NA,NA,NA,71,SAL,0,NA
AVIBASE-DD741082,Phyllastrephus icterinus,Phyllastrephus icterinus,Phyllastrephus icterinus,Phyllastrephus icterinus,2,Field1,NA,U,0,NA,Equatorial Guinea,NA,NA,NA,NA,NA,NA,70,NA,NA,NA,73,SAL,0,NA
AVIBASE-DD741082,Phyllastrephus icterinus,Phyllastrephus icterinus,Phyllastrephus icterinus,Phyllastrephus icterinus,2,Field1,NA,U,0,NA,Equatorial Guinea,NA,NA,NA,NA,NA,NA,72,NA,NA,NA,68,SEM,0,NA
AVIBASE-DD741082,Phyllastrephus icterinus,Phyllastrephus icterinus,Phyllastrephus icterinus,Phyllastrephus icterinus,2,Field1,NA,U,0,NA,Equatorial Guinea,NA,NA,NA,NA,NA,NA,68,NA,NA,NA,60,LLP,0,NA
AVIBASE-DD741082,Phyllastrephus icterinus,Phyllastrephus icterinus,Phyllastrephus icterinus,Phyllastrephus icterinus,2,Field1,NA,U,0,NA,Equatorial Guinea,NA,NA,NA,NA,NA,NA,75,NA,NA,NA,72,SEM,0,NA
AVIBASE-DD741082,Phyllastrephus icterinus,Phyllastrephus icterinus,Phyllastrephus icterinus,Phyllastrephus icterinus,2,Field1,NA,F,0,NA,Equatorial Guinea,NA,NA,NA,NA,NA,NA,79,NA,NA,NA,62,SAL,0,NA
AVIBASE-DD741082,Phyllastrephus icterinus,Phyllastrephus icterinus,Phyllastrephus icterinus,Phyllastrephus icterinus,2,Field1,NA,U,0,NA,Equatorial Guinea,NA,NA,NA,NA,NA,NA,75,NA,NA,NA,NA,BAK,0,NA
AVIBASE-DD741082,Phyllastrephus icterinus,Phyllastrephus icterinus,Phyllastrephus icterinus,Phyllastrephus icterinus,2,Field1,NA,U,0,NA,Equatorial Guinea,NA,NA,NA,NA,NA,NA,75,NA,NA,NA,68,PFR,0,NA
AVIBASE-DD741082,Phyllastrephus icterinus,Phyllastrephus icterinus,Phyllastrephus icterinus,Phyllastrephus icterinus,2,Field1,NA,U,0,NA,Ghana,NA,16.4,10.6,4.4,4.5,19.2,68,NA,NA,NA,63,NNDA,1,NA
AVIBASE-DD741082,Phyllastrephus icterinus,Phyllastrephus icterinus,Phyllastrephus icterinus,Phyllastrephus icterinus,2,Field1,NA,U,0,NA,Ghana,NA,17.5,11.7,5.1,4.5,18.9,78,10.3,67.7,13.2,68,NNDA,1,NA
AVIBASE-DD741082,Phyllastrephus icterinus,Phyllastrephus icterinus,Phyllastrephus icterinus,Phyllastrephus icterinus,2,Field1,NA,U,0,NA,Ghana,NA,19,11.4,5.3,3.5,18.8,75,11.1,63.9,14.8,69,NNDA,1,NA
AVIBASE-DD741082,Phyllastrephus icterinus,Phyllastrephus icterinus,Phyllastrephus icterinus,Phyllastrephus icterinus,2,Field1,NA,U,0,NA,Ghana,NA,15.6,10,5,4.2,24.9,81,9,72,11.1,75,NNDA,1,NA
AVIBASE-DD741082,Phyllastrephus icterinus,Phyllastrephus icterinus,Phyllastrephus icterinus,Phyllastrephus icterinus,2,Field1,NA,U,0,NA,Ghana,NA,16.7,9.9,3.6,4.4,21.2,69,6,63,8.7,65,NNDA,1,NA
AVIBASE-4B94ECF0,Phyllastrephus lorenzi,Phyllastrephus lorenzi,Phyllastrephus lorenzi,Phyllastrephus lorenzi,1,NHMUK,1984.10.10,M,0,NA,Democratic Republic of the Congo,NA,16.5,8.9,3.9,4,17.7,69,8.4,60.6,12.2,64,CV,1,NA
AVIBASE-B6EA8FA2,Phyllastrephus poensis,Phyllastrephus poensis,Phyllastrephus poensis,Phyllastrephus poensis,1,NHMUK,1904.6.22.167,M,0,NA,Equatorial Guinea,NA,21.9,12.2,4.6,5,23.5,87,9.7,77.3,11.1,NA,PW,1,NA
AVIBASE-B6EA8FA2,Phyllastrephus poensis,Phyllastrephus poensis,Phyllastrephus poensis,Phyllastrephus poensis,1,NHMUK,1904.6.22.168,M,0,NA,Equatorial Guinea,NA,19.3,10.6,4.5,4.6,23.5,72,6.6,65.4,9.2,NA,PW,1,NA
AVIBASE-B6EA8FA2,Phyllastrephus poensis,Phyllastrephus poensis,Phyllastrephus poensis,Phyllastrephus poensis,1,NHMUK,1904.6.22.170,M,0,NA,Equatorial Guinea,NA,21,11.6,4.3,4.6,23.5,82,9.9,72.1,12.1,77,PW,1,NA
AVIBASE-B6EA8FA2,Phyllastrephus poensis,Phyllastrephus poensis,Phyllastrephus poensis,Phyllastrephus poensis,1,NHMUK,1936.2.21.297,M,0,NA,Equatorial Guinea,NA,21.9,12,4.3,4.8,24,79,10.8,68.2,13.7,70,PW,1,NA
AVIBASE-B6EA8FA2,Phyllastrephus poensis,Phyllastrephus poensis,Phyllastrephus poensis,Phyllastrephus poensis,1,NHMUK,1966.16.1476,F,0,NA,Cameroon,NA,19.1,10.8,3.4,4.3,21.5,73,7.2,65.8,9.9,75,CS,1,NA
AVIBASE-B6EA8FA2,Phyllastrephus poensis,Phyllastrephus poensis,Phyllastrephus poensis,Phyllastrephus poensis,1,NHMUK,1966.16.1490,M,0,NA,Cameroon,NA,23.1,12.9,4.3,4.7,23.7,81,8.2,72.8,10.1,84,PW,1,NA
AVIBASE-B6EA8FA2,Phyllastrephus poensis,Phyllastrephus poensis,Phyllastrephus poensis,Phyllastrephus poensis,1,NHMUK,1966.16.1495,M,0,NA,Cameroon,NA,21.8,12.1,4.3,4.8,23.8,79,6.9,72.1,8.7,78,PW,1,NA
AVIBASE-B6EA8FA2,Phyllastrephus poensis,Phyllastrephus poensis,Phyllastrephus poensis,Phyllastrephus poensis,1,NHMUK,1966.16.1505,M,0,NA,Cameroon,NA,19.6,9.6,3.6,4.5,23.9,81,7.7,73.3,9.5,83,CS,1,NA
AVIBASE-B6EA8FA2,Phyllastrephus poensis,Phyllastrephus poensis,Phyllastrephus poensis,Phyllastrephus poensis,1,NHMUK,1966.16.1507,M,0,NA,Cameroon,NA,20.5,10.5,3.4,4.8,23,84.5,7.6,76.9,9,79,CS,1,NA
AVIBASE-B6EA8FA2,Phyllastrephus poensis,Phyllastrephus poensis,Phyllastrephus poensis,Phyllastrephus poensis,1,NHMUK,1966.16.1514,F,0,NA,Cameroon,NA,18.8,11,3.5,4.1,21.6,72,7,65,9.7,80,CS,1,NA
AVIBASE-B6EA8FA2,Phyllastrephus poensis,Phyllastrephus poensis,Phyllastrephus poensis,Phyllastrephus poensis,1,NHMUK,1966.16.1499,M,0,NA,NA,NA,22.4,NA,3.6,4.6,23.4,87,NA,NA,NA,90,GT,0,NA
AVIBASE-04A5B0F9,Phyllastrephus poliocephalus,Phyllastrephus poliocephalus,Phyllastrephus poliocephalus,Phyllastrephus poliocephalus,1,NHMUK,1966.16.1394,M,0,NA,Cameroon,NA,22.9,12.7,4.2,5.8,27.2,102,9.3,92.7,9.1,107,CS,1,NA
AVIBASE-04A5B0F9,Phyllastrephus poliocephalus,Phyllastrephus poliocephalus,Phyllastrephus poliocephalus,Phyllastrephus poliocephalus,1,NHMUK,1966.16.1401,M,0,NA,Cameroon,NA,22.8,12.2,3.8,5.7,29,96.5,9.7,86.8,10.1,100,CS,1,NA
AVIBASE-04A5B0F9,Phyllastrephus poliocephalus,Phyllastrephus poliocephalus,Phyllastrephus poliocephalus,Phyllastrephus poliocephalus,1,NHMUK,1966.16.1437,F,0,NA,Cameroon,NA,21.3,12.3,4.4,5.1,24.3,90.5,9.1,81.4,10.1,94,CS,1,NA
AVIBASE-04A5B0F9,Phyllastrephus poliocephalus,Phyllastrephus poliocephalus,Phyllastrephus poliocephalus,Phyllastrephus poliocephalus,1,NHMUK,1966.16.1440,F,0,NA,Cameroon,NA,22.1,12.4,4.3,5.1,25.8,96,10,86,10.4,97,CS,1,NA
AVIBASE-04A5B0F9,Phyllastrephus poliocephalus,Phyllastrephus poliocephalus,Phyllastrephus poliocephalus,Phyllastrephus poliocephalus,1,NHMUK,1966.16.1432,M,0,NA,NA,NA,28.6,NA,4.9,6.3,27.2,111,NA,NA,NA,111,GT,0,NA
AVIBASE-29820AD9,Phyllastrephus strepitans,Phyllastrephus strepitans,Phyllastrephus strepitans,Phyllastrephus strepitans,1,ZFMK,1976.059,M,0,NA,Ethiopia,NA,20.9,NA,NA,NA,21.3,85,8,77,9.4,85.5,LB,0,NA
AVIBASE-29820AD9,Phyllastrephus strepitans,Phyllastrephus strepitans,Phyllastrephus strepitans,Phyllastrephus strepitans,1,ZFMK,1976.061,F,0,NA,Ethiopia,NA,19.4,NA,NA,NA,22,77,7,70,9.1,80,LB,0,NA
AVIBASE-29820AD9,Phyllastrephus strepitans,Phyllastrephus strepitans,Phyllastrephus strepitans,Phyllastrephus strepitans,1,ZFMK,1977.269,F,0,NA,South Sudan,NA,20.5,NA,NA,NA,21.4,79,6,73,7.6,81.5,LB,0,NA
AVIBASE-29820AD9,Phyllastrephus strepitans,Phyllastrephus strepitans,Phyllastrephus strepitans,Phyllastrephus strepitans,1,ZFMK,1978.063,M,0,NA,South Sudan,NA,20.4,NA,NA,NA,22.9,86.5,8,78.5,9.2,84,LB,0,NA
AVIBASE-29820AD9,Phyllastrephus strepitans,Phyllastrephus strepitans,Phyllastrephus strepitans,Phyllastrephus strepitans,1,NHMUK,1903.8.1.91,F,0,NA,Kenya,NA,18.6,10.3,3.9,4.2,19.8,75,6.4,68.6,8.5,79,CV,1,NA
AVIBASE-29820AD9,Phyllastrephus strepitans,Phyllastrephus strepitans,Phyllastrephus strepitans,Phyllastrephus strepitans,1,NHMUK,1916.12.1.1234,M,0,NA,Kenya,NA,20.4,12,3.6,4.2,19.8,84,7.3,76.7,8.7,88,CV,1,NA
AVIBASE-29820AD9,Phyllastrephus strepitans,Phyllastrephus strepitans,Phyllastrephus strepitans,Phyllastrephus strepitans,1,NHMUK,1971.16.56,M,0,NA,Kenya,NA,20.1,12.1,4,4.2,21.7,83,9.8,73.2,11.8,90,CV,1,NA
AVIBASE-29820AD9,Phyllastrephus strepitans,Phyllastrephus strepitans,Phyllastrephus strepitans,Phyllastrephus strepitans,1,NHMUK,1971.16.58,F,0,NA,Kenya,NA,16.5,9.9,3.4,3.5,19.4,70,6.4,63.6,9.1,79,CV,1,NA
AVIBASE-29820AD9,Phyllastrephus strepitans,Phyllastrephus strepitans,Phyllastrephus strepitans,Phyllastrephus strepitans,1,NHMUK,1936.7.2.120,M,0,NA,NA,NA,19.6,NA,3.5,4.6,21.5,77,NA,NA,NA,80,GT,0,NA
AVIBASE-07FD1D4C,Phyllastrephus terrestris,Phyllastrephus terrestris,Phyllastrephus terrestris,Phyllastrephus terrestris,1,NHMUK,1905.12.20.16,F,0,NA,South Africa,NA,20,11.5,3.5,4.7,21.8,86,9.8,76.2,11.4,92,CV,1,NA
AVIBASE-07FD1D4C,Phyllastrephus terrestris,Phyllastrephus terrestris,Phyllastrephus terrestris,Phyllastrephus terrestris,1,NHMUK,1905.12.29.1957,M,0,NA,South Africa,NA,22.9,12.8,4,4.9,21.1,87,8.7,78.3,10,81,CV,1,NA
AVIBASE-07FD1D4C,Phyllastrephus terrestris,Phyllastrephus terrestris,Phyllastrephus terrestris,Phyllastrephus terrestris,1,NHMUK,1905.12.29.1958,F,0,NA,South Africa,NA,21.2,11.9,4,5.3,21.3,84,7.5,76.5,8.9,85,CV,1,NA
AVIBASE-07FD1D4C,Phyllastrephus terrestris,Phyllastrephus terrestris,Phyllastrephus terrestris,Phyllastrephus terrestris,1,NHMUK,1930.12.20.17,F,0,NA,South Africa,NA,20.4,12.3,3.5,4.4,22.5,85,9.7,75.3,11.4,83,CV,1,NA
AVIBASE-07FD1D4C,Phyllastrephus terrestris,Phyllastrephus terrestris,Phyllastrephus terrestris,Phyllastrephus terrestris,1,NHMUK,95.5.1.739,M,0,NA,NA,NA,24.6,NA,4.1,5.7,22,91,NA,NA,NA,87,GT,0,NA
AVIBASE-C47F378C,Phyllastrephus viridiceps,Phyllastrephus albigularis,Phyllastrephus albigularis viridiceps,Phyllastrephus albigularis,NA,,,,NA,NA,,NA,NA,NA,NA,NA,NA,NA,NA,NA,NA,NA,GAPSPECIES,NA,NA
AVIBASE-1D1C9EDA,Phyllastrephus xavieri,Phyllastrephus xavieri,Phyllastrephus xavieri,Phyllastrephus xavieri,1,NHMUK,1924.11.2.121,M,0,NA,Cameroon,NA,21.7,12.6,4.3,5,20.9,87.5,9.7,77.8,11.1,84.5,CS,1,NA
AVIBASE-1D1C9EDA,Phyllastrephus xavieri,Phyllastrephus xavieri,Phyllastrephus xavieri,Phyllastrephus xavieri,1,NHMUK,1933.5.31.2,F,0,NA,Uganda,NA,18.5,10.4,3.5,4.6,16.7,75,7.2,67.8,9.6,70.5,CS,1,NA
AVIBASE-1D1C9EDA,Phyllastrephus xavieri,Phyllastrephus xavieri,Phyllastrephus xavieri,Phyllastrephus xavieri,1,NHMUK,1945.23.8,M,0,NA,Uganda,NA,20.9,12.3,3.7,5.3,21,90,12.2,77.8,13.6,87,CS,1,NA
AVIBASE-1D1C9EDA,Phyllastrephus xavieri,Phyllastrephus xavieri,Phyllastrephus xavieri,Phyllastrephus xavieri,1,NHMUK,1966.16.1317,F,0,NA,Cameroon,NA,17.9,10,3.8,4.5,18.2,78,8,70,10.3,73,CS,1,NA
AVIBASE-1D1C9EDA,Phyllastrephus xavieri,Phyllastrephus xavieri,Phyllastrephus xavieri,Phyllastrephus xavieri,2,Field1,NA,U,0,NA,Equatorial Guinea,NA,NA,NA,NA,NA,NA,82,NA,NA,NA,79,SAL,0,NA
AVIBASE-1D1C9EDA,Phyllastrephus xavieri,Phyllastrephus xavieri,Phyllastrephus xavieri,Phyllastrephus xavieri,2,Field1,NA,U,0,NA,Equatorial Guinea,NA,NA,NA,NA,NA,NA,83,NA,NA,NA,NA,SEM,0,NA
AVIBASE-1D1C9EDA,Phyllastrephus xavieri,Phyllastrephus xavieri,Phyllastrephus xavieri,Phyllastrephus xavieri,2,Field1,NA,U,0,NA,Equatorial Guinea,NA,NA,NA,NA,NA,NA,76,NA,NA,NA,78,SAL,0,NA
AVIBASE-58147836,Microtarsus urostictus,Brachypodius urostictus,Brachypodius urostictus,Pycnonotus urostictus,1,NHMUK,24.5.95.333,M,0,NA,Philippines,NA,16.4,9.4,4.2,4.9,17.2,83,12.6,70.4,15.2,89,CV,1,NA
AVIBASE-58147836,Microtarsus urostictus,Brachypodius urostictus,Brachypodius urostictus,Pycnonotus urostictus,1,NHMUK,42.2.15.20,U,0,NA,Philippines,NA,15.2,8.5,4,4.1,17,81,12.3,68.7,15.2,88,CV,1,NA
AVIBASE-58147836,Microtarsus urostictus,Brachypodius urostictus,Brachypodius urostictus,Pycnonotus urostictus,1,NHMUK,96.6.6.323,F,0,NA,Philippines,NA,14.4,4,2.5,3.8,15.2,71,11.4,59.6,16.1,77,CV,1,NA
AVIBASE-58147836,Microtarsus urostictus,Brachypodius urostictus,Brachypodius urostictus,Pycnonotus urostictus,1,NHMUK,97.5.13.332,F,0,NA,Philippines,NA,15.5,9.2,3.9,4.2,16.2,79,12.3,66.7,15.6,84,CV,1,NA
AVIBASE-58147836,Microtarsus urostictus,Brachypodius urostictus,Brachypodius urostictus,Pycnonotus urostictus,1,NHMUK,1905.11.26.77,M,0,NA,Philippines,NA,14.7,NA,4.1,4.6,15,81,NA,NA,NA,78,GT,0,NA
AVIBASE-E28751A7,Pycnonotus aurigaster,Pycnonotus aurigaster,Pycnonotus aurigaster,Pycnonotus aurigaster,1,NHMUK,1915.12.18.137,M,0,NA,Thailand,NA,18.4,9.3,4.2,4.3,22.6,87,10.9,76.1,12.5,75,PW,1,NA
AVIBASE-E28751A7,Pycnonotus aurigaster,Pycnonotus aurigaster,Pycnonotus aurigaster,Pycnonotus aurigaster,1,NHMUK,1919.12.12.103,M,0,NA,Indonesia,NA,18.8,10.2,4.9,5.9,22.6,95,14,81,14.7,82,PW,1,NA
AVIBASE-E28751A7,Pycnonotus aurigaster,Pycnonotus aurigaster,Pycnonotus aurigaster,Pycnonotus aurigaster,1,NHMUK,1955.1.5679,M,0,NA,Thailand,NA,19.9,10.2,3.9,4.5,20.6,89,16,73.1,18,73,PW,1,NA
AVIBASE-E28751A7,Pycnonotus aurigaster,Pycnonotus aurigaster,Pycnonotus aurigaster,Pycnonotus aurigaster,1,NHMUK,1955.1.5680,M,0,NA,Thailand,NA,19.3,11,4.4,4.8,21.9,92,17.7,74.3,19.2,85,PW,1,NA
AVIBASE-E28751A7,Pycnonotus aurigaster,Pycnonotus aurigaster,Pycnonotus aurigaster,Pycnonotus aurigaster,1,NHMUK,1955.1.5683,M,0,NA,Thailand,NA,18.5,10.4,4.1,4.8,20.8,88,13.1,74.9,14.9,78,PW,1,NA
AVIBASE-E28751A7,Pycnonotus aurigaster,Pycnonotus aurigaster,Pycnonotus aurigaster,Pycnonotus aurigaster,1,NHMUK,73.5.12.123,F,0,NA,Indonesia,NA,17.5,9.6,4.1,5,21,92,11.8,80.2,12.8,96,CV,1,NA
AVIBASE-E28751A7,Pycnonotus aurigaster,Pycnonotus aurigaster,Pycnonotus aurigaster,Pycnonotus aurigaster,1,NHMUK,73.5.12.124,M,0,NA,Indonesia,NA,18.8,10,4.1,5.1,19.1,94,13.8,80.2,14.7,85,CV,1,NA
AVIBASE-E28751A7,Pycnonotus aurigaster,Pycnonotus aurigaster,Pycnonotus aurigaster,Pycnonotus aurigaster,1,NHMUK,79.4.5.1648,F,0,NA,Indonesia,NA,18,8.8,3.9,4.8,18.2,87,13.3,73.7,15.3,80,CV,1,NA
AVIBASE-E28751A7,Pycnonotus aurigaster,Pycnonotus aurigaster,Pycnonotus aurigaster,Pycnonotus aurigaster,1,NHMUK,98.10.2.113,M,0,NA,Indonesia,NA,17.4,8.9,4,4.5,18.6,89,15.2,73.8,17.1,76,CV,1,NA
AVIBASE-E28751A7,Pycnonotus aurigaster,Pycnonotus aurigaster,Pycnonotus aurigaster,Pycnonotus aurigaster,2,Field1,NA,M,0,NA,Indonesia,NA,20.8,NA,NA,5,32.9,96,NA,NA,NA,90,NM,0,NA
AVIBASE-E28751A7,Pycnonotus aurigaster,Pycnonotus aurigaster,Pycnonotus aurigaster,Pycnonotus aurigaster,2,Field1,NA,U,0,NA,Indonesia,NA,21.5,NA,NA,4.8,23.4,99,NA,NA,NA,90,NM,0,NA
AVIBASE-E28751A7,Pycnonotus aurigaster,Pycnonotus aurigaster,Pycnonotus aurigaster,Pycnonotus aurigaster,2,Field1,NA,U,0,NA,Indonesia,NA,19.7,NA,NA,4.7,20.5,92,NA,NA,NA,80,NM,0,NA
AVIBASE-E28751A7,Pycnonotus aurigaster,Pycnonotus aurigaster,Pycnonotus aurigaster,Pycnonotus aurigaster,2,Field1,NA,F,0,NA,Indonesia,NA,20.4,NA,NA,4.8,21.9,96,NA,NA,NA,82,NM,0,NA
AVIBASE-E28751A7,Pycnonotus aurigaster,Pycnonotus aurigaster,Pycnonotus aurigaster,Pycnonotus aurigaster,2,Field1,NA,U,0,NA,Indonesia,NA,19.9,NA,NA,4.4,21.7,88.5,NA,NA,NA,79,NM,0,NA
AVIBASE-E28751A7,Pycnonotus aurigaster,Pycnonotus aurigaster,Pycnonotus aurigaster,Pycnonotus aurigaster,2,Field1,NA,U,0,NA,Indonesia,NA,21.6,NA,3.5,4.7,22.9,93,NA,NA,NA,85,NM,0,NA
AVIBASE-6ABDB635,Pycnonotus barbatus,Pycnonotus barbatus,Pycnonotus barbatus,Pycnonotus barbatus,1,NHMUK,95.5.1.1299,M,0,NA,NA,NA,19.9,NA,4.5,5.8,20.7,102,NA,NA,NA,95,GT,0,NA
AVIBASE-6ABDB635,Pycnonotus barbatus,Pycnonotus barbatus,Pycnonotus barbatus,Pycnonotus barbatus,1,ZFMK,1966.24,M,0,NA,Zimbabwe,NA,22.3,NA,NA,NA,22,102,17,85,16.7,88,LB,0,NA
AVIBASE-6ABDB635,Pycnonotus barbatus,Pycnonotus barbatus,Pycnonotus barbatus,Pycnonotus barbatus,1,ZFMK,1966.242,F,0,NA,Zimbabwe,NA,20.4,NA,NA,NA,22.1,98,15.5,82.5,15.8,87,LB,0,NA
AVIBASE-6ABDB635,Pycnonotus barbatus,Pycnonotus barbatus,Pycnonotus barbatus,Pycnonotus barbatus,1,ZFMK,1976.1139,M,0,NA,Botswana,NA,19.9,NA,NA,NA,21.6,96,14.5,81.5,15.1,84,LB,0,NA
AVIBASE-6ABDB635,Pycnonotus barbatus,Pycnonotus barbatus,Pycnonotus barbatus,Pycnonotus barbatus,1,ZFMK,1976.114,F,0,NA,Botswana,NA,19.1,NA,NA,NA,21.9,91,16.5,74.5,18.1,77.5,LB,0,NA
AVIBASE-6ABDB635,Pycnonotus barbatus,Pycnonotus barbatus,Pycnonotus barbatus,Pycnonotus barbatus,1,NHMUK,1927.12.18.352,M,0,NA,Algeria,NA,19.1,10.1,4.1,5.2,20.2,97,14.4,82.6,14.8,90,CV,1,NA
AVIBASE-6ABDB635,Pycnonotus barbatus,Pycnonotus barbatus,Pycnonotus barbatus,Pycnonotus barbatus,1,NHMUK,1934.1.1.6352,F,0,NA,Algeria,NA,18.6,9.8,4.2,5.3,21.7,92,13.5,78.5,14.7,87,CV,1,NA
AVIBASE-6ABDB635,Pycnonotus barbatus,Pycnonotus barbatus,Pycnonotus barbatus,Pycnonotus barbatus,1,NHMUK,1934.10.19.63,M,0,NA,Democratic Republic of the Congo,NA,17.1,8.6,4.1,5.1,20.9,96,14.4,81.6,15,87,NS,1,NA
AVIBASE-6ABDB635,Pycnonotus barbatus,Pycnonotus barbatus,Pycnonotus barbatus,Pycnonotus barbatus,1,NHMUK,1939.12.9.3850,M,0,NA,Democratic Republic of the Congo,NA,17.9,10,4.2,5,22.7,94,12.9,81.1,13.7,83,NS,1,NA
AVIBASE-6ABDB635,Pycnonotus barbatus,Pycnonotus barbatus,Pycnonotus barbatus,Pycnonotus barbatus,1,NHMUK,1946.5.2268,F,0,NA,Ethiopia,NA,15.3,7.8,3.9,4.6,17.5,84,11.8,72.2,14,73,CV,1,NA
AVIBASE-6ABDB635,Pycnonotus barbatus,Pycnonotus barbatus,Pycnonotus barbatus,Pycnonotus barbatus,1,NHMUK,1946.5.2269,M,0,NA,Ethiopia,NA,16.4,8.9,3.7,4.4,20.8,87,10.8,76.2,12.4,80,CV,1,NA
AVIBASE-6ABDB635,Pycnonotus barbatus,Pycnonotus barbatus,Pycnonotus barbatus,Pycnonotus barbatus,1,NHMUK,1946.5.2273,F,0,NA,Ethiopia,NA,14.8,7.9,4,4.5,18.4,80,11.3,68.7,14.1,74,CV,1,NA
AVIBASE-6ABDB635,Pycnonotus barbatus,Pycnonotus barbatus,Pycnonotus barbatus,Pycnonotus barbatus,1,NHMUK,1946.5.2279,M,0,NA,Ethiopia,NA,15.7,7.9,4.2,4.3,19.9,85,11.4,73.6,13.4,75,CV,1,NA
AVIBASE-6ABDB635,Pycnonotus barbatus,Pycnonotus barbatus,Pycnonotus barbatus,Pycnonotus barbatus,1,NHMUK,1953.54.215,F,0,NA,Democratic Republic of the Congo,NA,16.5,9.7,3.7,4.5,19.7,85,12.8,72.2,15.1,80,NS,1,NA
AVIBASE-6ABDB635,Pycnonotus barbatus,Pycnonotus barbatus,Pycnonotus barbatus,Pycnonotus barbatus,1,NHMUK,1953.54.217,F,0,NA,Democratic Republic of the Congo,NA,17.4,8.9,4.2,4.8,21.4,87,15.7,71.3,18,75,NS,1,NA
AVIBASE-6ABDB635,Pycnonotus barbatus,Pycnonotus barbatus,Pycnonotus barbatus,Pycnonotus barbatus,1,NHMUK,1957.13.1670,F,0,NA,Algeria,NA,17.8,9.3,4.1,4.7,18.5,92,13,79,14.1,88,CV,1,NA
AVIBASE-6ABDB635,Pycnonotus barbatus,Pycnonotus barbatus,Pycnonotus barbatus,Pycnonotus barbatus,1,NHMUK,1965.M.9670,M,0,NA,Somalia,NA,17.4,8.9,4,4.5,21,89,14.2,74.8,16,79,CV,1,NA
AVIBASE-6ABDB635,Pycnonotus barbatus,Pycnonotus barbatus,Pycnonotus barbatus,Pycnonotus barbatus,1,NHMUK,1965.M.9672,M,0,NA,Somalia,NA,18.1,9.6,3.5,4.7,19.3,88,13.7,74.3,15.6,77,CV,1,NA
AVIBASE-6ABDB635,Pycnonotus barbatus,Pycnonotus barbatus,Pycnonotus barbatus,Pycnonotus barbatus,1,NHMUK,1965.M.9673,F,0,NA,Somalia,NA,16.6,8.6,3.5,4.5,18.9,86,11.6,74.4,13.5,78,CV,1,NA
AVIBASE-6ABDB635,Pycnonotus barbatus,Pycnonotus barbatus,Pycnonotus barbatus,Pycnonotus barbatus,1,NHMUK,1965.M.9674,F,0,NA,Somalia,NA,17.9,8.5,3.8,4.7,21.3,84,10.1,73.9,12,75,CV,1,NA
AVIBASE-6ABDB635,Pycnonotus barbatus,Pycnonotus barbatus,Pycnonotus barbatus,Pycnonotus barbatus,1,NHMUK,97.11.10.983,M,0,NA,Algeria,NA,19.7,10.7,4.4,5.5,21.9,102,13.1,88.9,12.8,94,CV,1,NA
AVIBASE-6ABDB635,Pycnonotus barbatus,Pycnonotus barbatus,Pycnonotus barbatus,Pycnonotus barbatus,1,ZFMK,F.II.1.a.?,F,0,NA,Morocco,NA,19.3,NA,NA,NA,22.9,98.5,16,82.5,16.2,91,DH,0,NA
AVIBASE-6ABDB635,Pycnonotus barbatus,Pycnonotus barbatus,Pycnonotus barbatus,Pycnonotus barbatus,1,ZFMK,F.II.1.a.?.,M,0,NA,Morocco,NA,21.1,NA,NA,NA,22.6,95,14,81,14.7,90,DH,0,NA
AVIBASE-6ABDB635,Pycnonotus barbatus,Pycnonotus barbatus,Pycnonotus barbatus,Pycnonotus barbatus,1,ZFMK,F.II.1.a.?.,M,0,NA,Morocco,NA,23.2,NA,NA,NA,22.3,104,17,87,16.3,94,DH,0,NA
AVIBASE-6ABDB635,Pycnonotus barbatus,Pycnonotus barbatus,Pycnonotus barbatus,Pycnonotus barbatus,1,ZFMK,F.II.1.a.?.,F,0,NA,Morocco,NA,21.3,NA,NA,NA,21.6,94,12,82,12.8,85,DH,0,NA
AVIBASE-6ABDB635,Pycnonotus barbatus,Pycnonotus barbatus,Pycnonotus barbatus,Pycnonotus barbatus,2,Field1,NA,U,0,NA,Ghana,NA,18.3,10.7,5.7,5.3,21.9,92,NA,NA,NA,83,NNDA,1,NA
AVIBASE-6ABDB635,Pycnonotus barbatus,Pycnonotus barbatus,Pycnonotus barbatus,Pycnonotus barbatus,2,Field1,NA,U,0,NA,Zambia,NA,17,10.4,4.3,5.3,22.8,99,19,80,19.2,90,MFZ,1,NA
AVIBASE-6ABDB635,Pycnonotus barbatus,Pycnonotus barbatus,Pycnonotus barbatus,Pycnonotus barbatus,2,Field1,NA,F,0,NA,Zambia,NA,21.2,10.1,4.1,5.2,16.5,93,13,80,14,84,MFZ,1,NA
AVIBASE-6ABDB635,Pycnonotus barbatus,Pycnonotus barbatus,Pycnonotus barbatus,Pycnonotus barbatus,2,Field1,NA,U,0,NA,Zambia,NA,18.5,9.5,5.9,5.3,22.4,95,16,79,16.8,88,MFZ,1,NA
AVIBASE-6ABDB635,Pycnonotus barbatus,Pycnonotus barbatus,Pycnonotus barbatus,Pycnonotus barbatus,2,Field1,NA,U,0,NA,Zambia,NA,18.9,10.8,5,5.2,22.1,100,14,86,14,89,MFZ,1,NA
AVIBASE-6ABDB635,Pycnonotus barbatus,Pycnonotus barbatus,Pycnonotus barbatus,Pycnonotus barbatus,2,Field1,NA,U,0,NA,Zambia,NA,16.2,10.4,4.4,5.2,21.3,95,13,82,13.7,91,MFZ,1,NA
AVIBASE-6ABDB635,Pycnonotus barbatus,Pycnonotus barbatus,Pycnonotus barbatus,Pycnonotus barbatus,2,Field1,NA,U,0,NA,Zambia,NA,17.7,11.7,3.9,5.2,21.6,94,13,81,13.8,87,MFZ,1,NA
AVIBASE-6ABDB635,Pycnonotus barbatus,Pycnonotus barbatus,Pycnonotus barbatus,Pycnonotus barbatus,2,Field1,NA,U,0,NA,Zambia,NA,13.5,8.3,5.3,5.4,24,95,NA,NA,NA,90,CM,1,NA
AVIBASE-6ABDB635,Pycnonotus barbatus,Pycnonotus barbatus,Pycnonotus barbatus,Pycnonotus barbatus,2,Field1,NA,U,0,NA,Zambia,NA,16.5,9.6,4.6,5.2,21.2,93,13,80,14,88,MFZ,1,NA
AVIBASE-6ABDB635,Pycnonotus barbatus,Pycnonotus barbatus,Pycnonotus barbatus,Pycnonotus barbatus,2,Field1,NA,U,0,NA,Zambia,NA,19.2,10.8,5.3,5.6,21.4,99,18,81,18.2,89,MFZ,1,NA
AVIBASE-6ABDB635,Pycnonotus barbatus,Pycnonotus barbatus,Pycnonotus barbatus,Pycnonotus barbatus,2,Field1,NA,U,0,NA,Zambia,NA,18.2,11,4.9,5.2,21.1,100,18,82,18,91,MFZ,1,NA
AVIBASE-6ABDB635,Pycnonotus barbatus,Pycnonotus barbatus,Pycnonotus barbatus,Pycnonotus barbatus,2,Field1,NA,U,0,NA,Zambia,NA,18.3,9.8,4.7,4.7,22,89,NA,NA,NA,84,MFZ,1,NA
AVIBASE-6ABDB635,Pycnonotus barbatus,Pycnonotus barbatus,Pycnonotus barbatus,Pycnonotus barbatus,2,Field1,NA,U,0,NA,Zambia,NA,17.9,10.2,4.2,5.2,22.3,98,12,86,12.2,88,MFZ,1,NA
AVIBASE-6ABDB635,Pycnonotus barbatus,Pycnonotus barbatus,Pycnonotus barbatus,Pycnonotus barbatus,2,Field1,NA,U,0,NA,Zambia,NA,18.4,10,4.8,5,21.9,89,13,76,14.6,82,MFZ,1,NA
AVIBASE-6ABDB635,Pycnonotus barbatus,Pycnonotus barbatus,Pycnonotus barbatus,Pycnonotus barbatus,2,Field1,NA,U,0,NA,Zambia,NA,18.7,10.4,3.9,5.1,20.8,96,15,81,15.6,89,MFZ,1,NA
AVIBASE-6ABDB635,Pycnonotus barbatus,Pycnonotus barbatus,Pycnonotus barbatus,Pycnonotus barbatus,2,Field1,NA,U,0,NA,Zambia,NA,16.5,9.2,4,5.1,21.9,95,16,79,16.8,87,MFZ,1,NA
AVIBASE-6ABDB635,Pycnonotus barbatus,Pycnonotus barbatus,Pycnonotus barbatus,Pycnonotus barbatus,2,Field1,NA,U,0,NA,Zambia,NA,15.4,9.4,4.1,5.2,19.8,95,15,80,15.8,89,MFZ,1,NA
AVIBASE-6ABDB635,Pycnonotus barbatus,Pycnonotus barbatus,Pycnonotus barbatus,Pycnonotus barbatus,2,Field1,NA,U,0,NA,Zambia,NA,17.1,9.6,3.9,5.8,22.3,98,13,85,13.3,91,MFZ,1,NA
AVIBASE-6ABDB635,Pycnonotus barbatus,Pycnonotus barbatus,Pycnonotus barbatus,Pycnonotus barbatus,2,Field1,NA,U,0,NA,Zambia,NA,17.5,9.1,3.6,4.6,23,96,15,81,15.6,88,MFZ,1,NA
AVIBASE-6EFA005F,Pycnonotus bimaculatus,Pycnonotus bimaculatus,Pycnonotus bimaculatus,Pycnonotus bimaculatus,1,NHMUK,1918.12.2.2,M,0,NA,Indonesia,NA,16.9,8.7,4.5,5,22.2,88,12.7,75.3,14.4,102,CV,1,NA
AVIBASE-6EFA005F,Pycnonotus bimaculatus,Pycnonotus bimaculatus,Pycnonotus bimaculatus,Pycnonotus bimaculatus,1,NHMUK,1919.12.12.101,M,0,NA,Indonesia,NA,18.4,9.4,4.8,4.9,21.8,86,12.2,73.8,14.2,94,CV,1,NA
AVIBASE-6EFA005F,Pycnonotus bimaculatus,Pycnonotus bimaculatus,Pycnonotus bimaculatus,Pycnonotus bimaculatus,1,NHMUK,1919.12.12.102,M,0,NA,Indonesia,NA,15.5,8,4.8,4,19.4,87,11.2,75.8,12.9,93,CV,1,NA
AVIBASE-6EFA005F,Pycnonotus bimaculatus,Pycnonotus bimaculatus,Pycnonotus bimaculatus,Pycnonotus bimaculatus,1,NHMUK,81.5.1.24.5,M,0,NA,Indonesia,NA,16.7,8.6,4.4,5,16.5,84,8.8,75.2,10.5,86,CV,1,NA
AVIBASE-33C76559,Pycnonotus blanfordi,Pycnonotus blanfordi,Pycnonotus blanfordi,Pycnonotus blanfordi,1,NHMUK,1948.80.1306,M,0,NA,NA,NA,17.1,NA,3.5,4.3,18.2,83,NA,NA,NA,76,GT,0,NA
AVIBASE-33C76559,Pycnonotus blanfordi,Pycnonotus blanfordi,Pycnonotus blanfordi,Pycnonotus blanfordi,1,NHMUK,1948.80.1302,M,0,NA,Myanmar,NA,18,9.1,3.5,4.4,19.5,81,8.4,72.6,10.4,93,CV,1,NA
AVIBASE-33C76559,Pycnonotus blanfordi,Pycnonotus blanfordi,Pycnonotus blanfordi,Pycnonotus blanfordi,1,NHMUK,1948.80.1304,F,0,NA,Myanmar,NA,16.8,8.9,3.9,4.5,20,84,11.5,72.5,13.7,85,CV,1,NA
AVIBASE-33C76559,Pycnonotus blanfordi,Pycnonotus blanfordi,Pycnonotus blanfordi,Pycnonotus blanfordi,1,NHMUK,1948.80.1307,M,0,NA,Myanmar,NA,16.8,8.8,3.6,4.5,20.9,88,15.2,72.8,17.3,85,CV,1,NA
AVIBASE-33C76559,Pycnonotus blanfordi,Pycnonotus blanfordi,Pycnonotus blanfordi,Pycnonotus blanfordi,1,NHMUK,86.9.1.2326,F,0,NA,Myanmar,NA,15,8.8,3.9,4.7,16.5,77,11.3,65.7,14.7,69,CV,1,NA
AVIBASE-9B937C26,Pycnonotus brunneus,Pycnonotus brunneus,Pycnonotus brunneus,Pycnonotus brunneus,1,NHMUK,1936.4.12.1849,M,0,NA,NA,NA,18.6,NA,3.8,5.2,18.1,89,NA,NA,NA,81,GT,0,NA
AVIBASE-9B937C26,Pycnonotus brunneus,Pycnonotus brunneus,Pycnonotus brunneus,Pycnonotus brunneus,1,NHMUK,86.9.1.2279,F,0,NA,NA,NA,15.8,9.4,4.3,4.3,18.4,79,7.5,71.5,9.5,68,SEIJ,1,NA
AVIBASE-9B937C26,Pycnonotus brunneus,Pycnonotus brunneus,Pycnonotus brunneus,Pycnonotus brunneus,1,NHMUK,86.9.1.2288,M,0,NA,NA,NA,16.2,9.5,4.2,5,18.7,81,11.2,69.8,13.8,66,SEIJ,1,NA
AVIBASE-9B937C26,Pycnonotus brunneus,Pycnonotus brunneus,Pycnonotus brunneus,Pycnonotus brunneus,2,Field1,NA,U,0,NA,Malaysia,NA,15.4,10.6,5.2,5.6,20.9,85,8,77,9.4,NA,JAT,1,NA
AVIBASE-9B937C26,Pycnonotus brunneus,Pycnonotus brunneus,Pycnonotus brunneus,Pycnonotus brunneus,2,Field1,NA,U,0,NA,Malaysia,NA,NA,8,4.4,4,18.2,77,12.6,64.4,16.4,NA,JAT,1,NA
AVIBASE-95F3F185,Pycnonotus cafer,Pycnonotus cafer,Pycnonotus cafer,Pycnonotus cafer,1,NHMUK,1949.14204,M,0,NA,India,NA,16.6,10,5.9,5.3,21.4,88,12.3,75.7,14,79,PW,1,NA
AVIBASE-95F3F185,Pycnonotus cafer,Pycnonotus cafer,Pycnonotus cafer,Pycnonotus cafer,1,NHMUK,1928.6.25.45,M,0,NA,Sri Lanka,NA,18.9,10.7,4.6,5.2,21.9,91,14.7,76.3,16.2,74,PW,1,NA
AVIBASE-95F3F185,Pycnonotus cafer,Pycnonotus cafer,Pycnonotus cafer,Pycnonotus cafer,1,NHMUK,1939.12.9.1867,F,0,NA,India,NA,21.6,11.8,4.6,5.2,19.3,112,23.2,88.8,20.7,109,ECJ,1,NA
AVIBASE-95F3F185,Pycnonotus cafer,Pycnonotus cafer,Pycnonotus cafer,Pycnonotus cafer,1,NHMUK,1940.12.3.32,M,0,NA,Sri Lanka,NA,19.3,10.3,4.5,5,22.2,93,14.2,78.8,15.3,86,CV,1,NA
AVIBASE-95F3F185,Pycnonotus cafer,Pycnonotus cafer,Pycnonotus cafer,Pycnonotus cafer,1,NHMUK,1946.28.307,F,0,NA,Sri Lanka,NA,16.7,9,3.6,4.3,19.7,85,11.9,73.1,14,73,CV,1,NA
AVIBASE-95F3F185,Pycnonotus cafer,Pycnonotus cafer,Pycnonotus cafer,Pycnonotus cafer,1,NHMUK,1947.11.34,M,0,NA,Sri Lanka,NA,19.7,11,5.6,5.2,21.6,95,12.9,82.1,13.6,84,PW,1,NA
AVIBASE-95F3F185,Pycnonotus cafer,Pycnonotus cafer,Pycnonotus cafer,Pycnonotus cafer,1,NHMUK,79.4.5,F,0,NA,Sri Lanka,NA,16.4,8.2,4.2,5.2,20.8,84,12.4,71.6,14.8,79,CV,1,NA
AVIBASE-95F3F185,Pycnonotus cafer,Pycnonotus cafer,Pycnonotus cafer,Pycnonotus cafer,1,NHMUK,86.9.1.1754,M,0,NA,Sri Lanka,NA,17.7,9.8,4.1,4.9,20.4,91,14.5,76.5,15.9,86,CV,1,NA
AVIBASE-95F3F185,Pycnonotus cafer,Pycnonotus cafer,Pycnonotus cafer,Pycnonotus cafer,1,NHMUK,86.9.1.1768,F,0,NA,India,NA,20.2,11,5.2,6,20.2,103,19.5,83.5,18.9,97,ECJ,1,NA
AVIBASE-95F3F185,Pycnonotus cafer,Pycnonotus cafer,Pycnonotus cafer,Pycnonotus cafer,1,NHMUK,86.9.1.1864,M,0,NA,India,NA,23.6,11.7,5.4,6.1,22.1,107,20.3,86.7,19,92,ECJ,1,NA
AVIBASE-95F3F185,Pycnonotus cafer,Pycnonotus cafer,Pycnonotus cafer,Pycnonotus cafer,1,NHMUK,86.9.1.1865,M,0,NA,India,NA,22,11.2,4.6,5.4,22.9,102.5,17.8,84.7,17.4,97,ECJ,1,NA
AVIBASE-95F3F185,Pycnonotus cafer,Pycnonotus cafer,Pycnonotus cafer,Pycnonotus cafer,1,NHMUK,88.4.1.510,M,0,NA,India,NA,19.5,11.4,5.6,5.3,22.7,83,14.9,68.1,18,78,PW,1,NA
AVIBASE-6234824B,Pycnonotus capensis,Pycnonotus capensis,Pycnonotus capensis,Pycnonotus capensis,1,NHMUK,1950.50.577,M,0,NA,South Africa,NA,19.4,10.3,4,4.5,21.4,93,14.7,78.3,15.8,86,CV,1,NA
AVIBASE-6234824B,Pycnonotus capensis,Pycnonotus capensis,Pycnonotus capensis,Pycnonotus capensis,1,NHMUK,1965.M.9648,F,0,NA,South Africa,NA,20.1,10.1,3.7,4.3,20.8,90,15,75,16.7,85,CV,1,NA
AVIBASE-6234824B,Pycnonotus capensis,Pycnonotus capensis,Pycnonotus capensis,Pycnonotus capensis,1,NHMUK,1965.M.9649,M,0,NA,South Africa,NA,20.5,10.3,4.4,5.1,23.8,98,15,83,15.3,92,CV,1,NA
AVIBASE-6234824B,Pycnonotus capensis,Pycnonotus capensis,Pycnonotus capensis,Pycnonotus capensis,1,NHMUK,1965.M.9650,F,0,NA,South Africa,NA,18.4,8.7,3.9,4.6,22.2,90,13.3,76.7,14.8,82,CV,1,NA
AVIBASE-8BEDAAAC,Pycnonotus cinereifrons,Pycnonotus cinereifrons,Pycnonotus cinereifrons,Pycnonotus plumosus,NA,,,,NA,NA,,NA,NA,NA,NA,NA,NA,NA,NA,NA,NA,NA,GAPSPECIES,NA,NA
AVIBASE-E68BC96B,Pycnonotus davisoni,Pycnonotus finlaysoni,Pycnonotus finlaysoni davisoni,Pycnonotus finlaysoni,NA,,,,NA,NA,,NA,NA,NA,NA,NA,NA,NA,NA,NA,NA,NA,GAPSPECIES,NA,NA
AVIBASE-249A8210,Pycnonotus finlaysoni,Pycnonotus finlaysoni,Pycnonotus finlaysoni finlaysoni/eous,Pycnonotus finlaysoni,1,NHMUK,86.9.1.2124,M,0,NA,NA,NA,17.9,NA,4,5.4,21.7,78,NA,NA,NA,77,GT,0,NA
AVIBASE-249A8210,Pycnonotus finlaysoni,Pycnonotus finlaysoni,Pycnonotus finlaysoni finlaysoni/eous,Pycnonotus finlaysoni,1,NHMUK,86.9.1.2102,M,0,NA,Thailand,NA,14.2,8.2,4.5,4.6,17.2,81,10.5,70.5,13,79,CV,1,NA
AVIBASE-249A8210,Pycnonotus finlaysoni,Pycnonotus finlaysoni,Pycnonotus finlaysoni finlaysoni/eous,Pycnonotus finlaysoni,1,NHMUK,86.9.1.2109,M,0,NA,Thailand,NA,17,9.8,4,5.1,15.7,83,10.9,72.1,13.1,80,CV,1,NA
AVIBASE-249A8210,Pycnonotus finlaysoni,Pycnonotus finlaysoni,Pycnonotus finlaysoni finlaysoni/eous,Pycnonotus finlaysoni,1,NHMUK,86.9.1.2111,F,0,NA,Thailand,NA,17.2,9.6,4,5.2,19.2,80,10.6,69.4,13.3,81,CV,1,NA
AVIBASE-249A8210,Pycnonotus finlaysoni,Pycnonotus finlaysoni,Pycnonotus finlaysoni finlaysoni/eous,Pycnonotus finlaysoni,1,NHMUK,86.9.1.2114,F,0,NA,Thailand,NA,16.8,8.6,3.6,4.5,17.9,78,8.9,69.1,11.4,78,CV,1,NA
AVIBASE-9F6CB52D,Pycnonotus flavescens,Pycnonotus flavescens,Pycnonotus flavescens [flavescens Group],Pycnonotus flavescens,1,NHMUK,86.9.1.2029,M,0,NA,NA,NA,18,NA,3.5,4.6,17.3,84,NA,NA,NA,93,GT,0,NA
AVIBASE-9F6CB52D,Pycnonotus flavescens,Pycnonotus flavescens,Pycnonotus flavescens [flavescens Group],Pycnonotus flavescens,1,NHMUK,1925.12.23.378,F,0,NA,India,NA,18.4,9,3.8,5.7,18.8,96,10.1,85.9,10.5,80,CV,1,NA
AVIBASE-9F6CB52D,Pycnonotus flavescens,Pycnonotus flavescens,Pycnonotus flavescens [flavescens Group],Pycnonotus flavescens,1,NHMUK,86.9.1.2030,M,0,NA,India,NA,16.4,8.1,3.9,4.3,19.2,85,13.7,71.3,16.1,90,CV,1,NA
AVIBASE-9F6CB52D,Pycnonotus flavescens,Pycnonotus flavescens,Pycnonotus flavescens [flavescens Group],Pycnonotus flavescens,1,NHMUK,86.9.1.2043,M,0,NA,India,NA,17.3,8.1,4.1,4.3,21.4,80,12.3,67.7,15.4,88,CV,1,NA
AVIBASE-9F6CB52D,Pycnonotus flavescens,Pycnonotus flavescens,Pycnonotus flavescens [flavescens Group],Pycnonotus flavescens,1,NHMUK,86.9.1.2044,F,0,NA,India,NA,17.2,8.5,4.2,4.3,20.9,82,12.1,69.9,14.8,98,CV,1,NA
AVIBASE-E6413C7F,Pycnonotus goiavier,Pycnonotus goiavier,Pycnonotus goiavier,Pycnonotus goiavier,1,NHMUK,96.6.6.335,M,0,NA,NA,NA,18.1,NA,4.4,4.7,19,78,NA,NA,NA,78,GT,0,NA
AVIBASE-E6413C7F,Pycnonotus goiavier,Pycnonotus goiavier,Pycnonotus goiavier,Pycnonotus goiavier,1,OUM,B/10297,U,0,NA,Malaysia,NA,19.2,11.5,4.5,5.1,20,91,14.1,76.9,15.5,78,HM,1,NA
AVIBASE-E6413C7F,Pycnonotus goiavier,Pycnonotus goiavier,Pycnonotus goiavier,Pycnonotus goiavier,1,OUM,B/10298,U,0,NA,Malaysia,NA,18.8,11.2,4.2,4.7,20.7,88,12.2,75.8,13.9,72,HM,1,NA
AVIBASE-E6413C7F,Pycnonotus goiavier,Pycnonotus goiavier,Pycnonotus goiavier,Pycnonotus goiavier,1,OUM,B/10299,U,0,NA,Malaysia,NA,19.3,11.4,4.3,5.2,20.6,89,13.6,75.4,15.3,80,HM,1,NA
AVIBASE-E6413C7F,Pycnonotus goiavier,Pycnonotus goiavier,Pycnonotus goiavier,Pycnonotus goiavier,1,OUM,B/10301,U,0,NA,Malaysia,NA,18.8,11.4,4.1,5.2,20.9,88,12.2,75.8,13.9,78,HM,1,NA
AVIBASE-E6413C7F,Pycnonotus goiavier,Pycnonotus goiavier,Pycnonotus goiavier,Pycnonotus goiavier,2,Field1,NA,U,0,NA,Malaysia,NA,16.9,10.5,4.4,5,24.1,88,12.2,75.8,13.9,NA,JAT,1,NA
AVIBASE-F9E37510,Pycnonotus jocosus,Pycnonotus jocosus,Pycnonotus jocosus,Pycnonotus jocosus,1,MMUM,1105,M,0,NA,NA,NA,19.5,NA,4.9,4.6,20,84,NA,NA,NA,87,GT,0,NA
AVIBASE-F9E37510,Pycnonotus jocosus,Pycnonotus jocosus,Pycnonotus jocosus,Pycnonotus jocosus,1,NHMUK,1925.12.23.360,F,0,NA,India,NA,17.7,9.2,3.6,4.6,18.9,86,10.5,75.5,12.2,84,CV,1,NA
AVIBASE-F9E37510,Pycnonotus jocosus,Pycnonotus jocosus,Pycnonotus jocosus,Pycnonotus jocosus,1,NHMUK,1935.4.5.631,M,0,NA,Bhutan,NA,18.3,9.2,4.5,4.9,21.1,89,14.9,74.1,16.7,102,CV,1,NA
AVIBASE-F9E37510,Pycnonotus jocosus,Pycnonotus jocosus,Pycnonotus jocosus,Pycnonotus jocosus,1,NHMUK,1965.M.9535,F,0,NA,India,NA,15.1,7.9,3.9,4,19.6,77,11.7,65.3,15.2,74,CV,1,NA
AVIBASE-F9E37510,Pycnonotus jocosus,Pycnonotus jocosus,Pycnonotus jocosus,Pycnonotus jocosus,1,NHMUK,86.9.1.2410,M,0,NA,India,NA,18.3,9.5,4.9,5.2,25.4,102,13,89,12.7,98,ECJ,1,NA
AVIBASE-F9E37510,Pycnonotus jocosus,Pycnonotus jocosus,Pycnonotus jocosus,Pycnonotus jocosus,1,NHMUK,86.9.1.2412,F,0,NA,India,NA,16.8,9.7,4.7,5.2,18.5,86,13.9,72.1,16.2,87,ECJ,1,NA
AVIBASE-F9E37510,Pycnonotus jocosus,Pycnonotus jocosus,Pycnonotus jocosus,Pycnonotus jocosus,1,NHMUK,86.9.1.2414,M,0,NA,India,NA,18.1,9.8,5.1,5.1,22.1,90.5,13.2,77.3,14.6,88,ECJ,1,NA
AVIBASE-F9E37510,Pycnonotus jocosus,Pycnonotus jocosus,Pycnonotus jocosus,Pycnonotus jocosus,1,NHMUK,86.9.1.2419,F,0,NA,India,NA,16.7,9.1,5,4.9,18.8,90,11.6,78.4,12.9,91,ECJ,1,NA
AVIBASE-F9E37510,Pycnonotus jocosus,Pycnonotus jocosus,Pycnonotus jocosus,Pycnonotus jocosus,1,NHMUK,88.4.1.673,M,0,NA,India,NA,17.1,8.6,3.8,4.3,20.5,77,10.4,66.6,13.5,82,CV,1,NA
AVIBASE-A1DD797F,Pycnonotus leucogenys,Pycnonotus leucogenys,Pycnonotus leucogenys,Pycnonotus leucogenys,1,NHMUK,1938.7.15.846,M,0,NA,NA,NA,18.7,NA,4,4.6,19.3,93,NA,NA,NA,89,GT,0,NA
AVIBASE-A1DD797F,Pycnonotus leucogenys,Pycnonotus leucogenys,Pycnonotus leucogenys,Pycnonotus leucogenys,1,NHMUK,1949.Whi.1.14284,F,0,NA,India,NA,17.1,8.3,3.5,4.8,20,89,10.7,78.3,12,88,CV,1,NA
AVIBASE-A1DD797F,Pycnonotus leucogenys,Pycnonotus leucogenys,Pycnonotus leucogenys,Pycnonotus leucogenys,1,NHMUK,1965.M.9569,M,0,NA,India,NA,17.2,9.3,4.1,4.9,22,95,15.5,79.5,16.3,95,CV,1,NA
AVIBASE-A1DD797F,Pycnonotus leucogenys,Pycnonotus leucogenys,Pycnonotus leucogenys,Pycnonotus leucogenys,1,NHMUK,1965.M.9571,M,0,NA,India,NA,17.9,9.5,3.6,4.6,22.3,96,15,81,15.6,96,CV,1,NA
AVIBASE-A1DD797F,Pycnonotus leucogenys,Pycnonotus leucogenys,Pycnonotus leucogenys,Pycnonotus leucogenys,1,NHMUK,1965.M.9572,F,0,NA,India,NA,17.2,8.8,4,4.2,20,94,13.7,80.3,14.6,91,CV,1,NA
AVIBASE-9B0BF560,Pycnonotus leucops,Pycnonotus flavescens,Pycnonotus flavescens leucops,Pycnonotus flavescens,NA,,,,NA,NA,,NA,NA,NA,NA,NA,NA,NA,NA,NA,NA,NA,GAPSPECIES,NA,NA
AVIBASE-4A85D701,Pycnonotus leucotis,Pycnonotus leucotis,Pycnonotus leucotis,Pycnonotus leucotis,1,NHMUK,86.9.1.1882,M,0,NA,NA,NA,15.8,NA,4.1,5.3,19.8,82,NA,NA,NA,78,GT,0,NA
AVIBASE-4A85D701,Pycnonotus leucotis,Pycnonotus leucotis,Pycnonotus leucotis,Pycnonotus leucotis,1,NHMUK,1949.25.3378,M,0,NA,India,NA,16.7,8.9,4.2,5.1,20.4,90,14.6,75.4,16.2,86,CV,1,NA
AVIBASE-4A85D701,Pycnonotus leucotis,Pycnonotus leucotis,Pycnonotus leucotis,Pycnonotus leucotis,1,NHMUK,1949.Whi.1.14297,F,0,NA,India,NA,15.8,7.8,4.1,4.8,19.8,83,13.4,69.6,16.1,92,CV,1,NA
AVIBASE-4A85D701,Pycnonotus leucotis,Pycnonotus leucotis,Pycnonotus leucotis,Pycnonotus leucotis,1,NHMUK,1949.Whi.1.14299,M,0,NA,India,NA,15.8,7.6,3.9,4.8,20.6,86,13.5,72.5,15.7,82,CV,1,NA
AVIBASE-4A85D701,Pycnonotus leucotis,Pycnonotus leucotis,Pycnonotus leucotis,Pycnonotus leucotis,1,NHMUK,1949.Whi.1.14300,F,0,NA,India,NA,15.1,7.6,4.1,4.4,19.3,82,15.2,66.8,18.5,78,CV,1,NA
AVIBASE-587EC0C3,Pycnonotus luteolus,Pycnonotus luteolus,Pycnonotus luteolus,Pycnonotus luteolus,1,NHMUK,1937.12.21.245,F,0,NA,India,NA,17.6,10,4.1,5.4,21,84,9.6,74.4,11.4,77,CV,1,NA
AVIBASE-587EC0C3,Pycnonotus luteolus,Pycnonotus luteolus,Pycnonotus luteolus,Pycnonotus luteolus,1,NHMUK,1937.12.21.246,M,0,NA,India,NA,18.5,9,3.6,5.2,21.8,85,9.6,75.4,11.3,83,CV,1,NA
AVIBASE-587EC0C3,Pycnonotus luteolus,Pycnonotus luteolus,Pycnonotus luteolus,Pycnonotus luteolus,1,NHMUK,1949.Whi.1.14312,F,0,NA,India,NA,18.2,9.2,4.1,5.2,21.3,81,9.4,71.6,11.6,78,CV,1,NA
AVIBASE-587EC0C3,Pycnonotus luteolus,Pycnonotus luteolus,Pycnonotus luteolus,Pycnonotus luteolus,1,NHMUK,86.9.1.2056,M,0,NA,India,NA,17.4,9.4,4.1,5.4,21.5,83,8.7,74.3,10.5,78,CV,1,NA
AVIBASE-84F1B408,Pycnonotus nieuwenhuisii,Pycnonotus nieuwenhuisii,Pycnonotus nieuwenhuisii,Pycnonotus nieuwenhuisii,1,RMNH,NA,M,0,NA,Indonesia,NA,18.2,NA,NA,NA,16.4,84.7,NA,NA,NA,68.7,NJC,0,Collar 2014
AVIBASE-84F1B408,Pycnonotus nieuwenhuisii,Pycnonotus nieuwenhuisii,Pycnonotus nieuwenhuisii,Pycnonotus nieuwenhuisii,1,RMNH,NA,M,0,NA,Indonesia,NA,18.2,NA,NA,NA,16.4,84.7,NA,NA,NA,68.7,NJC,0,Collar 2014
AVIBASE-9EF3E079,Pycnonotus nigricans,Pycnonotus nigricans,Pycnonotus nigricans,Pycnonotus nigricans,1,NHMUK,1905.12.29.1937,M,0,NA,NA,NA,21,NA,4,5.3,22.6,89,NA,NA,NA,76,GT,0,NA
AVIBASE-9EF3E079,Pycnonotus nigricans,Pycnonotus nigricans,Pycnonotus nigricans,Pycnonotus nigricans,1,OUM,B/10268,U,0,NA,NA,NA,19,10.6,4.1,4.8,20.7,97,17.8,79.2,18.4,78,HM,1,NA
AVIBASE-9EF3E079,Pycnonotus nigricans,Pycnonotus nigricans,Pycnonotus nigricans,Pycnonotus nigricans,1,OUM,B/2092,U,0,NA,South Africa,NA,19.9,11.1,4,5.2,22,93,16,77,17.2,80,HM,1,NA
AVIBASE-9EF3E079,Pycnonotus nigricans,Pycnonotus nigricans,Pycnonotus nigricans,Pycnonotus nigricans,1,OUM,B/2093,U,0,NA,South Africa,NA,19,10.8,4.2,4.9,21.4,93,16.4,76.6,17.6,75,HM,1,NA
AVIBASE-9EF3E079,Pycnonotus nigricans,Pycnonotus nigricans,Pycnonotus nigricans,Pycnonotus nigricans,1,OUM,B/2095,U,0,NA,South Africa,NA,19.1,11.2,4.2,4.8,21.2,92,14.9,77.1,16.2,77,HM,1,NA
AVIBASE-4F30CD0E,Pycnonotus penicillatus,Pycnonotus penicillatus,Pycnonotus penicillatus,Pycnonotus penicillatus,1,NHMUK,1940.12.3.38,F,0,NA,Sri Lanka,NA,17.4,8.6,4.6,4.9,21.5,75,6.1,68.9,8.1,75,CV,1,NA
AVIBASE-4F30CD0E,Pycnonotus penicillatus,Pycnonotus penicillatus,Pycnonotus penicillatus,Pycnonotus penicillatus,1,NHMUK,1940.12.3.39,F,0,NA,Sri Lanka,NA,16.9,8,4,4.6,19.5,78,9.8,68.2,12.6,76,CV,1,NA
AVIBASE-4F30CD0E,Pycnonotus penicillatus,Pycnonotus penicillatus,Pycnonotus penicillatus,Pycnonotus penicillatus,1,NHMUK,1940.12.3.41,M,0,NA,Sri Lanka,NA,17.4,8.6,4,5,21.8,81,10.3,70.7,12.7,82,CV,1,NA
AVIBASE-4F30CD0E,Pycnonotus penicillatus,Pycnonotus penicillatus,Pycnonotus penicillatus,Pycnonotus penicillatus,1,NHMUK,1969.41.435,M,0,NA,Sri Lanka,NA,17,9.3,4.8,4.8,20.5,83,10.5,72.5,12.7,83,CV,1,NA
AVIBASE-09CBDAE2,Pycnonotus plumosus,Pycnonotus plumosus,Pycnonotus plumosus,Pycnonotus plumosus,1,NHMUK,1955.1.5568,M,0,NA,NA,NA,17.5,NA,4.2,5.4,18,81,NA,NA,NA,75,GT,0,NA
AVIBASE-09CBDAE2,Pycnonotus plumosus,Pycnonotus plumosus,Pycnonotus plumosus,Pycnonotus plumosus,1,OUM,B/10312,F,0,NA,Singapore,NA,18.3,11.6,4.1,4.9,20.1,81,7,74,8.6,76,HM,1,NA
AVIBASE-09CBDAE2,Pycnonotus plumosus,Pycnonotus plumosus,Pycnonotus plumosus,Pycnonotus plumosus,1,OUM,B/10313,F,0,NA,Malaysia,NA,17,10.2,4.2,5.1,19.4,80,9.3,70.7,11.6,68,HM,1,NA
AVIBASE-09CBDAE2,Pycnonotus plumosus,Pycnonotus plumosus,Pycnonotus plumosus,Pycnonotus plumosus,1,OUM,B/10318,U,0,NA,Malaysia,NA,18.2,10.5,4.5,5,19.8,82,9,73,11,69,HM,1,NA
AVIBASE-09CBDAE2,Pycnonotus plumosus,Pycnonotus plumosus,Pycnonotus plumosus,Pycnonotus plumosus,1,OUM,B/10319,U,0,NA,Malaysia,NA,18.5,11.3,4.6,5.3,20.6,87,11,76,12.6,70,HM,1,NA
AVIBASE-09CBDAE2,Pycnonotus plumosus,Pycnonotus plumosus,Pycnonotus plumosus,Pycnonotus plumosus,2,Field1,NA,U,0,NA,Malaysia,NA,16.9,10.5,4.4,5,24.1,88,12.2,75.8,13.9,NA,JAT,1,NA
AVIBASE-09CBDAE2,Pycnonotus plumosus,Pycnonotus plumosus,Pycnonotus plumosus,Pycnonotus plumosus,2,Field1,NA,U,0,NA,Malaysia,NA,15.4,10.4,6.6,5.9,21.1,83,7.2,75.8,8.7,NA,JAT,1,NA
AVIBASE-CCF575F5,Pycnonotus pseudosimplex,Pycnonotus pseudosimplex,Pycnonotus pseudosimplex,Pycnonotus simplex,1,LSUMZ,181671,F,0,NA,Malaysia,NA,15.4,8.1,3.6,4.3,18,74,8.7,65.3,11.8,68,OJ,1,NA
AVIBASE-12679AF2,Pycnonotus simplex,Pycnonotus simplex,Pycnonotus simplex,Pycnonotus simplex,1,NHMUK,73.5.12.1408,M,0,NA,NA,NA,17,NA,3.6,4.6,17.5,79,NA,NA,NA,73,GT,0,NA
AVIBASE-12679AF2,Pycnonotus simplex,Pycnonotus simplex,Pycnonotus simplex,Pycnonotus simplex,1,NHMUK,1876.7.28.30,M,0,NA,Malaysia,NA,16,10.3,3.7,4.5,17.3,78,11.8,66.2,15.1,64,HM,1,NA
AVIBASE-12679AF2,Pycnonotus simplex,Pycnonotus simplex,Pycnonotus simplex,Pycnonotus simplex,1,NHMUK,1935.10.22.375,F,0,NA,Malaysia,NA,15.3,9.6,4.1,4.5,16.8,79,11,68,13.9,64,HM,1,NA
AVIBASE-12679AF2,Pycnonotus simplex,Pycnonotus simplex,Pycnonotus simplex,Pycnonotus simplex,1,NHMUK,1956.60.307,M,0,NA,Malaysia,NA,16.9,10.7,4.9,5.2,17.5,82,12.4,69.6,15.1,67,HM,1,NA
AVIBASE-12679AF2,Pycnonotus simplex,Pycnonotus simplex,Pycnonotus simplex,Pycnonotus simplex,1,NHMUK,1956.60.308,F,0,NA,Malaysia,NA,16.2,10.2,3.8,5,16.7,81,11,70,13.6,70,HM,1,NA
AVIBASE-12679AF2,Pycnonotus simplex,Pycnonotus simplex,Pycnonotus simplex,Pycnonotus simplex,1,OUM,B/10320,U,0,NA,Malaysia,NA,14,10,4.3,4.3,17.5,87,9.4,77.6,10.8,67,HM,1,NA
AVIBASE-12679AF2,Pycnonotus simplex,Pycnonotus simplex,Pycnonotus simplex,Pycnonotus simplex,2,Field1,NA,U,0,NA,Malaysia,NA,15.7,9.7,3.6,4.2,19,71,8.6,62.4,12.1,NA,JAT,1,NA
AVIBASE-BB5650EB,Pycnonotus sinensis,Pycnonotus sinensis,Pycnonotus sinensis,Pycnonotus sinensis,1,MMUM,7319,M,0,NA,NA,NA,18.5,NA,4.6,6.1,24.7,94,NA,NA,NA,87,GT,0,NA
AVIBASE-BB5650EB,Pycnonotus sinensis,Pycnonotus sinensis,Pycnonotus sinensis,Pycnonotus sinensis,1,SNHM,10007,F,0,NA,China,NA,18.1,8.8,5.6,4.9,20.9,87.8,13.5,74.3,15.4,82,BL/JW,1,NA
AVIBASE-BB5650EB,Pycnonotus sinensis,Pycnonotus sinensis,Pycnonotus sinensis,Pycnonotus sinensis,1,NHMUK,1900.1.18.420,F,0,NA,China,NA,17.5,NA,NA,NA,23,83.5,20.5,63,24.6,79,MS,1,NA
AVIBASE-BB5650EB,Pycnonotus sinensis,Pycnonotus sinensis,Pycnonotus sinensis,Pycnonotus sinensis,1,NHMUK,1903.7-3.135,M,0,NA,China,NA,20.7,NA,NA,NA,22.1,85,15.5,69.5,18.2,85,MS,1,NA
AVIBASE-BB5650EB,Pycnonotus sinensis,Pycnonotus sinensis,Pycnonotus sinensis,Pycnonotus sinensis,1,NHMUK,1905 12.24-536,F,0,NA,China,NA,18.5,NA,NA,NA,22.9,83,18,65,21.7,80,MS,1,NA
AVIBASE-BB5650EB,Pycnonotus sinensis,Pycnonotus sinensis,Pycnonotus sinensis,Pycnonotus sinensis,1,NHMUK,1909.8.30.57,M,0,NA,China,NA,16,8.1,3.7,4.8,19.4,87,20.5,66.5,23.6,77,CV,1,NA
AVIBASE-BB5650EB,Pycnonotus sinensis,Pycnonotus sinensis,Pycnonotus sinensis,Pycnonotus sinensis,1,NHMUK,1910.5.2.356,M,0,NA,China,NA,17.7,8.6,4.2,4.8,22.2,90,16,74,17.8,91,CV,1,NA
AVIBASE-BB5650EB,Pycnonotus sinensis,Pycnonotus sinensis,Pycnonotus sinensis,Pycnonotus sinensis,1,NHMUK,1935.10.23.451,F,0,NA,China,NA,16.7,8.5,4.4,4.6,19.3,84,18.2,65.8,21.7,76,CV,1,NA
AVIBASE-BB5650EB,Pycnonotus sinensis,Pycnonotus sinensis,Pycnonotus sinensis,Pycnonotus sinensis,1,NHMUK,1935.10.23.452,F,0,NA,China,NA,17,9,4,4.4,17.7,84,19.8,64.2,23.6,76,CV,1,NA
AVIBASE-BB5650EB,Pycnonotus sinensis,Pycnonotus sinensis,Pycnonotus sinensis,Pycnonotus sinensis,1,NHMUK,98.10.2.130,M,0,NA,China,NA,18.1,NA,NA,NA,24.1,89,18,71,20.2,88,MS,1,NA
AVIBASE-B4BD2218,Pycnonotus snouckaerti,Pycnonotus snouckaerti,Pycnonotus snouckaerti,Pycnonotus bimaculatus,NA,,,,NA,NA,,NA,NA,NA,NA,NA,NA,NA,NA,NA,NA,NA,GAPSPECIES,NA,NA
AVIBASE-A7C19329,Pycnonotus taivanus,Pycnonotus taivanus,Pycnonotus taivanus,Pycnonotus taivanus,1,SNHM,10008,F,0,NA,China,NA,17.2,8.7,5.5,5.1,19.1,91.2,15.1,76.1,16.6,83.1,BL/JW,1,NA
AVIBASE-A7C19329,Pycnonotus taivanus,Pycnonotus taivanus,Pycnonotus taivanus,Pycnonotus taivanus,1,NHMUK,1905.6.13.1,M,0,NA,Taiwan,NA,16.2,8.3,4.3,5,20.5,85,15.2,69.8,17.9,76,CV,1,NA
AVIBASE-1DAB56C6,Pycnonotus tympanistrigus,Pycnonotus tympanistrigus,Pycnonotus tympanistrigus,Pycnonotus tympanistrigus,1,NHMUK,1920.6.29.299,M,0,NA,Indonesia,NA,12.9,6.6,3.5,4.1,15.1,75,11.2,63.8,14.9,72,CV,1,NA
AVIBASE-1DAB56C6,Pycnonotus tympanistrigus,Pycnonotus tympanistrigus,Pycnonotus tympanistrigus,Pycnonotus tympanistrigus,1,NHMUK,52.5.12.17,F,0,NA,Indonesia,NA,13.2,6.8,3.2,3.5,13.9,74,11.6,62.4,15.7,70,CV,1,NA
AVIBASE-12D2FAB5,Pycnonotus xantholaemus,Pycnonotus xantholaemus,Pycnonotus xantholaemus,Pycnonotus xantholaemus,1,NHMUK,1937.12.21.243,M,0,NA,India,NA,15.8,9,3.3,4.5,18.8,88,10.9,77.1,12.4,88,CV,1,NA
AVIBASE-12D2FAB5,Pycnonotus xantholaemus,Pycnonotus xantholaemus,Pycnonotus xantholaemus,Pycnonotus xantholaemus,1,NHMUK,1949.Whi.1.14343,F,0,NA,India,NA,15.1,7.7,3.7,4.4,17.4,86,10.7,75.3,12.4,88,CV,1,NA
AVIBASE-12D2FAB5,Pycnonotus xantholaemus,Pycnonotus xantholaemus,Pycnonotus xantholaemus,Pycnonotus xantholaemus,1,NHMUK,1949.Whi.1.14344,M,0,NA,India,NA,17.2,8.7,3.8,4.8,18.7,91,10.8,80.2,11.9,88,CV,1,NA
AVIBASE-12D2FAB5,Pycnonotus xantholaemus,Pycnonotus xantholaemus,Pycnonotus xantholaemus,Pycnonotus xantholaemus,1,NHMUK,86.9.1.2168,U,0,NA,India,NA,16.8,8.2,3.3,4.6,19.6,85,14.2,70.8,16.7,84,CV,1,NA
AVIBASE-24B66475,Pycnonotus xanthopygos,Pycnonotus xanthopygos,Pycnonotus xanthopygos,Pycnonotus xanthopygos,1,NHMUK,1950.22.9,M,0,NA,NA,NA,19.9,NA,4.6,5.8,22.1,91,NA,NA,NA,91,GT,0,NA
AVIBASE-24B66475,Pycnonotus xanthopygos,Pycnonotus xanthopygos,Pycnonotus xanthopygos,Pycnonotus xanthopygos,1,NHMUK,27618,F,0,NA,Oman,NA,19.8,NA,NA,NA,22.2,92,12.5,79.5,13.6,89,MS,1,NA
AVIBASE-24B66475,Pycnonotus xanthopygos,Pycnonotus xanthopygos,Pycnonotus xanthopygos,Pycnonotus xanthopygos,1,NHMUK,1937.6.5.101,M,0,NA,Saudi Arabia,NA,17.9,8.9,3.8,4.9,20.8,95,16.5,78.5,17.4,88,CV,1,NA
AVIBASE-24B66475,Pycnonotus xanthopygos,Pycnonotus xanthopygos,Pycnonotus xanthopygos,Pycnonotus xanthopygos,1,NHMUK,1937.6.5.109,M,0,NA,Saudi Arabia,NA,18.3,9.5,4.4,5.4,18.9,94,14,80,14.9,87,CV,1,NA
AVIBASE-24B66475,Pycnonotus xanthopygos,Pycnonotus xanthopygos,Pycnonotus xanthopygos,Pycnonotus xanthopygos,1,NHMUK,1938.10.18.33,F,0,NA,Saudi Arabia,NA,19.2,9.8,4,5,20.7,94,13.6,80.4,14.5,89,CV,1,NA
AVIBASE-24B66475,Pycnonotus xanthopygos,Pycnonotus xanthopygos,Pycnonotus xanthopygos,Pycnonotus xanthopygos,1,NHMUK,1938.10.18.34,F,0,NA,Saudi Arabia,NA,18.8,9.5,3.6,4.9,19.8,90,14.5,75.5,16.1,95,CV,1,NA
AVIBASE-24B66475,Pycnonotus xanthopygos,Pycnonotus xanthopygos,Pycnonotus xanthopygos,Pycnonotus xanthopygos,1,NHMUK,1939.6.5.-101,M,0,NA,Saudi Arabia,NA,18.8,NA,NA,NA,24.1,94,14.6,79.4,15.5,92,MS,1,NA
AVIBASE-24B66475,Pycnonotus xanthopygos,Pycnonotus xanthopygos,Pycnonotus xanthopygos,Pycnonotus xanthopygos,1,NHMUK,1977-18-23,M,0,NA,United Arab Emirates,NA,16.8,NA,NA,NA,23.5,93,13.7,79.3,14.7,90,MS,1,NA
AVIBASE-24B66475,Pycnonotus xanthopygos,Pycnonotus xanthopygos,Pycnonotus xanthopygos,Pycnonotus xanthopygos,1,NHMUK,98.5.16.49,F,0,NA,Oman,NA,17.8,NA,NA,NA,23.5,89,13.3,75.7,14.9,82,MS,1,NA
AVIBASE-0604A8C5,Pycnonotus xanthorrhous,Pycnonotus xanthorrhous,Pycnonotus xanthorrhous,Pycnonotus xanthorrhous,1,NHMUK,1914.5.6.614,M,0,NA,NA,NA,18.3,NA,3.8,5.1,NA,95,NA,NA,NA,97,GT,0,NA
AVIBASE-0604A8C5,Pycnonotus xanthorrhous,Pycnonotus xanthorrhous,Pycnonotus xanthorrhous,Pycnonotus xanthorrhous,1,NHMUK,1914.5.6.604,M,0,NA,Laos,NA,17.6,9.2,4.1,4.6,19,92,15.4,76.6,16.7,89,CV,1,NA
AVIBASE-0604A8C5,Pycnonotus xanthorrhous,Pycnonotus xanthorrhous,Pycnonotus xanthorrhous,Pycnonotus xanthorrhous,1,NHMUK,1930.7.16.232,M,0,NA,Laos,NA,17.7,8.7,4,4.2,21.5,92,14.9,77.1,16.2,101,CV,1,NA
AVIBASE-0604A8C5,Pycnonotus xanthorrhous,Pycnonotus xanthorrhous,Pycnonotus xanthorrhous,Pycnonotus xanthorrhous,1,NHMUK,1930.7.16.233,F,0,NA,Laos,NA,18.3,9.5,4,4.2,19.8,88,14.4,73.6,16.4,95,CV,1,NA
AVIBASE-0604A8C5,Pycnonotus xanthorrhous,Pycnonotus xanthorrhous,Pycnonotus xanthorrhous,Pycnonotus xanthorrhous,1,NHMUK,1930.7.16.234,F,0,NA,Laos,NA,16.8,8.9,3.8,4.1,19.6,86,12,74,14,91,CV,1,NA
AVIBASE-6116C5B3,Pycnonotus zeylanicus,Pycnonotus zeylanicus,Pycnonotus zeylanicus,Pycnonotus zeylanicus,1,NHMUK,1927.4.18.650,M,0,NA,NA,NA,22.3,NA,5.1,7.2,17.2,115,NA,NA,NA,108,GT,0,NA
AVIBASE-6116C5B3,Pycnonotus zeylanicus,Pycnonotus zeylanicus,Pycnonotus zeylanicus,Pycnonotus zeylanicus,1,OUM,B/10228,U,0,NA,NA,NA,25.3,12.9,4.8,6,26,110,11.6,98.4,10.5,107,HM,1,NA
AVIBASE-6116C5B3,Pycnonotus zeylanicus,Pycnonotus zeylanicus,Pycnonotus zeylanicus,Pycnonotus zeylanicus,1,OUM,B/14680,U,0,NA,NA,NA,27.2,14.1,5.5,8,27.8,127,14.4,112.6,11.3,106,HM,1,NA
AVIBASE-6116C5B3,Pycnonotus zeylanicus,Pycnonotus zeylanicus,Pycnonotus zeylanicus,Pycnonotus zeylanicus,1,OUM,B/15606,F,0,NA,NA,NA,23.3,13.3,5.2,7.4,24.8,111,11.1,99.9,10,109,HM,1,NA
AVIBASE-6116C5B3,Pycnonotus zeylanicus,Pycnonotus zeylanicus,Pycnonotus zeylanicus,Pycnonotus zeylanicus,1,OUM,B/10226,U,0,NA,Malaysia,NA,23.4,12.3,4.9,6.2,24.5,109,13.1,95.9,12,97,HM,1,NA
AVIBASE-E781F61C,Pyrrhurus scandens,Phyllastrephus scandens,Phyllastrephus scandens,Pyrrhurus scandens,1,NHMUK,1926.8.8.143,M,0,NA,NA,NA,20.3,NA,4.6,5.4,27,101,NA,NA,NA,91,GT,0,NA
AVIBASE-E781F61C,Pyrrhurus scandens,Phyllastrephus scandens,Phyllastrephus scandens,Pyrrhurus scandens,1,NHMUK,1966.16.1549,M,0,NA,Nigeria,NA,22.5,12,4.7,5.8,25.4,115,16.6,98.4,14.4,106,CV,1,NA
AVIBASE-E781F61C,Pyrrhurus scandens,Phyllastrephus scandens,Phyllastrephus scandens,Pyrrhurus scandens,1,NHMUK,1966.16.1550,F,0,NA,Nigeria,NA,21.5,11.5,4.9,5.2,23,101,13.2,87.8,13.1,95,CV,1,NA
AVIBASE-E781F61C,Pyrrhurus scandens,Phyllastrephus scandens,Phyllastrephus scandens,Pyrrhurus scandens,1,NHMUK,1966.16.1554,M,0,NA,Nigeria,NA,24.5,13.1,5.3,5.9,22,111,14.6,96.4,13.2,105,CV,1,NA
AVIBASE-E781F61C,Pyrrhurus scandens,Phyllastrephus scandens,Phyllastrephus scandens,Pyrrhurus scandens,1,NHMUK,1966.16.1557,F,0,NA,Nigeria,NA,22.1,12,4.8,5.5,24.5,103,14.2,88.8,13.8,96,CV,1,NA
AVIBASE-74235327,Rubigula dispar,Rubigula dispar,Rubigula dispar,Pycnonotus melanicterus,1,NHMUK,1927.4.18.639,F,0,NA,Indonesia,NA,15.6,8.2,3.9,4.1,14.7,80,11.9,68.1,14.9,81,CV,1,NA
AVIBASE-74235327,Rubigula dispar,Rubigula dispar,Rubigula dispar,Pycnonotus melanicterus,1,NHMUK,1927.4.18.641,M,0,NA,Indonesia,NA,14.3,7.8,4,4.5,15.9,83,10.7,72.3,12.9,86,CV,1,NA
AVIBASE-74235327,Rubigula dispar,Rubigula dispar,Rubigula dispar,Pycnonotus melanicterus,1,NHMUK,1927.4.18.643,F,0,NA,Indonesia,NA,14.3,7.6,3.6,4.3,15.3,75,9.6,65.4,12.8,85,CV,1,NA
AVIBASE-74235327,Rubigula dispar,Rubigula dispar,Rubigula dispar,Pycnonotus melanicterus,1,NHMUK,1927.4.18.644,M,0,NA,Indonesia,NA,15.5,8,4.2,4.5,16,80,9.8,70.2,12.3,91,CV,1,NA
AVIBASE-F517B7FD,Rubigula flaviventris,Rubigula flaviventris,Rubigula flaviventris,Pycnonotus melanicterus,1,NHMUK,1949.Whi.1.14387,F,0,NA,India,NA,14.7,7.5,3.8,4.3,15.2,87,11.1,75.9,12.8,87,CV,1,NA
AVIBASE-F517B7FD,Rubigula flaviventris,Rubigula flaviventris,Rubigula flaviventris,Pycnonotus melanicterus,1,NHMUK,1949.Whi.I.14387,F,0,NA,India,NA,14.8,8,4.5,4.8,14.6,87,13.9,73.1,16,84,ECJ,1,NA
AVIBASE-F517B7FD,Rubigula flaviventris,Rubigula flaviventris,Rubigula flaviventris,Pycnonotus melanicterus,1,NHMUK,86.9.1.2609,M,0,NA,India,NA,15.2,7.7,3.8,4.5,16.8,91,15.6,75.4,17.1,102,CV,1,NA
AVIBASE-F517B7FD,Rubigula flaviventris,Rubigula flaviventris,Rubigula flaviventris,Pycnonotus melanicterus,1,NHMUK,86.9.1.2610,F,0,NA,India,NA,15.5,8.1,4.1,4.6,15.6,85,14.7,70.4,17.3,83.3,JAT,1,NA
AVIBASE-F517B7FD,Rubigula flaviventris,Rubigula flaviventris,Rubigula flaviventris,Pycnonotus melanicterus,1,NHMUK,86.9.1.2611,M,0,NA,India,NA,13.6,7.6,3.8,4.2,14.2,85.3,10.6,74.7,12.4,82.5,JAT,1,NA
AVIBASE-F517B7FD,Rubigula flaviventris,Rubigula flaviventris,Rubigula flaviventris,Pycnonotus melanicterus,1,NHMUK,95.7.14.1195,M,0,NA,India,NA,15.7,8.7,4.5,5.1,13.8,94,13.8,80.2,14.7,89,ECJ,1,NA
AVIBASE-442951D4,Rubigula gularis,Rubigula gularis,Rubigula gularis,Pycnonotus melanicterus,1,NHMUK,1949.Whi.1.14332,M,0,NA,India,NA,14.7,7.3,3.5,3.9,13.7,75,8.3,66.7,11.1,73,CV,1,NA
AVIBASE-442951D4,Rubigula gularis,Rubigula gularis,Rubigula gularis,Pycnonotus melanicterus,1,NHMUK,86.9.1.2650,M,0,NA,India,NA,13.5,7.4,3.8,3.7,15.6,75,8.5,66.5,11.3,83,CV,1,NA
AVIBASE-442951D4,Rubigula gularis,Rubigula gularis,Rubigula gularis,Pycnonotus melanicterus,1,NHMUK,86.9.1.2652,F,0,NA,India,NA,14.2,7.6,3.5,3.9,14.7,74,10.1,63.9,13.6,76,CV,1,NA
AVIBASE-442951D4,Rubigula gularis,Rubigula gularis,Rubigula gularis,Pycnonotus melanicterus,1,NHMUK,86.9.1.2654,F,0,NA,India,NA,14.1,7.1,3.6,3.7,13.7,71,8.3,62.7,11.7,80,CV,1,NA
AVIBASE-8F9DB2BC,Rubigula melanictera,Rubigula melanicterus,Rubigula melanicterus,Pycnonotus melanicterus,1,NHMUK,1940.12.3.48,F,0,NA,Sri Lanka,NA,14.9,8,3.4,4,15.9,71,8.2,62.8,11.5,69,CV,1,NA
AVIBASE-8F9DB2BC,Rubigula melanictera,Rubigula melanicterus,Rubigula melanicterus,Pycnonotus melanicterus,1,NHMUK,88.4.1.732,M,0,NA,Sri Lanka,NA,15.6,7.9,3.5,4.2,16.8,73,10.5,62.5,14.4,79,CV,1,NA
AVIBASE-8F9DB2BC,Rubigula melanictera,Rubigula melanicterus,Rubigula melanicterus,Pycnonotus melanicterus,1,NHMUK,98.10.2.171,M,0,NA,Sri Lanka,NA,15,8,3.7,4.2,15.3,75,7.2,67.8,9.6,67,CV,1,NA
AVIBASE-8F9DB2BC,Rubigula melanictera,Rubigula melanicterus,Rubigula melanicterus,Pycnonotus melanicterus,1,NHMUK,98.10.2.172,F,0,NA,Sri Lanka,NA,13.9,7.1,3.5,3.8,15.1,69,7.8,61.2,11.3,66,CV,1,NA
AVIBASE-8F9DB2BC,Rubigula melanictera,Rubigula melanicterus,Rubigula melanicterus,Pycnonotus melanicterus,1,NHMUK,88.4.1.728,M,0,NA,Sri Lanka,NA,15.7,NA,4.1,4.9,13.1,72,NA,NA,NA,72,GT,0,NA
AVIBASE-D0DE2864,Rubigula montis,Rubigula montis,Rubigula montis,Pycnonotus melanicterus,1,NHMUK,1927.4.18.612,F,0,NA,Malaysia,NA,13.6,7.5,3.2,3.8,13,80,12.2,67.8,15.3,70,CV,1,NA
AVIBASE-D0DE2864,Rubigula montis,Rubigula montis,Rubigula montis,Pycnonotus melanicterus,1,NHMUK,1927.4.18.613,M,0,NA,Malaysia,NA,15,7.8,3.2,4.1,19.1,81,12.9,68.1,15.9,81,CV,1,NA
AVIBASE-D0DE2864,Rubigula montis,Rubigula montis,Rubigula montis,Pycnonotus melanicterus,1,NHMUK,1935.10.22.380,M,0,NA,Malaysia,NA,14.3,7.8,3.3,4.1,14.5,81,11,70,13.6,78,CV,1,NA
AVIBASE-D0DE2864,Rubigula montis,Rubigula montis,Rubigula montis,Pycnonotus melanicterus,1,NHMUK,1969.29.189,F,0,NA,Malaysia,NA,14,7.3,3.4,4,13.5,74,9.6,64.4,13,69,CV,1,NA
AVIBASE-56478ACE,Setornis criniger,Setornis criniger,Setornis criniger,Setornis criniger,1,NHMUK,75.8.16.8,M,0,NA,NA,NA,24.3,NA,5.9,7.4,21.2,99,NA,NA,NA,85,GT,0,NA
AVIBASE-56478ACE,Setornis criniger,Setornis criniger,Setornis criniger,Setornis criniger,1,OUM,B/10347,U,0,NA,Malaysia,NA,22.6,14.6,5.1,6.2,19.6,97,19,78,19.6,81,HM,1,NA
AVIBASE-56478ACE,Setornis criniger,Setornis criniger,Setornis criniger,Setornis criniger,1,OUM,B/10348,U,0,NA,Malaysia,NA,25.8,17.8,5.1,6.8,22.4,100,19.3,80.7,19.3,82,HM,1,NA
AVIBASE-56478ACE,Setornis criniger,Setornis criniger,Setornis criniger,Setornis criniger,1,OUM,B/10349,U,0,NA,Malaysia,NA,22,15.5,5,5.9,17.8,83,13,70,15.7,70,HM,1,NA
AVIBASE-56478ACE,Setornis criniger,Setornis criniger,Setornis criniger,Setornis criniger,1,OUM,B/10350,U,0,NA,Malaysia,NA,24.6,17.3,5.2,6.3,18.7,99,16.6,82.4,16.8,80,HM,1,NA
AVIBASE-10F913B3,Spizixos canifrons,Spizixos canifrons,Spizixos canifrons,Spizixos canifrons,1,NHMUK,1914.5.6.675,M,0,NA,China,NA,13.8,7.9,5.3,7.3,20.5,100,20.6,79.4,20.6,97,CV,1,NA
AVIBASE-10F913B3,Spizixos canifrons,Spizixos canifrons,Spizixos canifrons,Spizixos canifrons,1,NHMUK,1914.5.6.676,F,0,NA,China,NA,13.8,8.1,5.2,6.4,16,91,14.3,76.7,15.7,92,CV,1,NA
AVIBASE-10F913B3,Spizixos canifrons,Spizixos canifrons,Spizixos canifrons,Spizixos canifrons,1,NHMUK,1923.3.10.60,M,0,NA,China,NA,13.4,8.4,5.6,7.3,20.6,97,17.2,79.8,17.7,95,CV,1,NA
AVIBASE-10F913B3,Spizixos canifrons,Spizixos canifrons,Spizixos canifrons,Spizixos canifrons,1,NHMUK,1923.3.10.61,F,0,NA,China,NA,13.5,8.2,5.5,7.3,19,92,15.6,76.4,17,92,CV,1,NA
AVIBASE-40F3B30B,Spizixos semitorques,Spizixos semitorques,Spizixos semitorques,Spizixos semitorques,1,NHMUK,1900.1.18.482,M,0,NA,NA,NA,13.2,NA,7,7.8,21.9,90,NA,NA,NA,93,GT,0,NA
AVIBASE-40F3B30B,Spizixos semitorques,Spizixos semitorques,Spizixos semitorques,Spizixos semitorques,1,NHMUK,1914.5.6.683,M,0,NA,NA,NA,14.6,NA,6.3,7.6,19.1,88,NA,NA,NA,93,GT,0,NA
AVIBASE-40F3B30B,Spizixos semitorques,Spizixos semitorques,Spizixos semitorques,Spizixos semitorques,1,NHMUK,1914.5.6.691,F,0,NA,NA,NA,15.1,NA,9.3,8.1,19.2,86,NA,NA,NA,96,GT,0,NA
AVIBASE-40F3B30B,Spizixos semitorques,Spizixos semitorques,Spizixos semitorques,Spizixos semitorques,1,NHMUK,1918.6.25.66,F,0,NA,NA,NA,15.9,NA,6.9,7.9,17.7,89,NA,NA,NA,71,GT,0,NA
AVIBASE-40F3B30B,Spizixos semitorques,Spizixos semitorques,Spizixos semitorques,Spizixos semitorques,1,NHMUK,1914.5.6.680,M,0,NA,Laos,NA,13.9,8.6,6,7.9,17.5,94,15.5,78.5,16.5,96,CV,1,NA
AVIBASE-40F3B30B,Spizixos semitorques,Spizixos semitorques,Spizixos semitorques,Spizixos semitorques,1,NHMUK,1930..7.16.231,M,0,NA,Laos,NA,13.9,8,6.3,7.4,19,90,11.3,78.7,12.6,94,CV,1,NA
AVIBASE-40F3B30B,Spizixos semitorques,Spizixos semitorques,Spizixos semitorques,Spizixos semitorques,1,NHMUK,1930.7.16.229,F,0,NA,Laos,NA,13.4,8.1,5.8,7.1,19.2,91,15.6,75.4,17.1,94,CV,1,NA
AVIBASE-40F3B30B,Spizixos semitorques,Spizixos semitorques,Spizixos semitorques,Spizixos semitorques,1,NHMUK,1930.7.16.230,F,0,NA,Laos,NA,13.4,7.6,6,7.5,19.2,90,11.9,78.1,13.2,98,CV,1,NA
AVIBASE-5D82C13B,Stelgidillas gracilirostris,Stelgidillas gracilirostris,Stelgidillas gracilirostris,Andropadus gracilirostris,1,NHMUK,1911.11.18.112,M,0,NA,NA,NA,20.3,NA,4.1,4.3,20.5,80,NA,NA,NA,79,GT,0,NA
AVIBASE-5D82C13B,Stelgidillas gracilirostris,Stelgidillas gracilirostris,Stelgidillas gracilirostris,Andropadus gracilirostris,1,NHMUK,1903.2.14.21,M,0,NA,Equatorial Guinea,NA,16.8,10.6,4.2,4.2,20.4,84,11.6,72.4,13.8,87,CV,1,NA
AVIBASE-5D82C13B,Stelgidillas gracilirostris,Stelgidillas gracilirostris,Stelgidillas gracilirostris,Andropadus gracilirostris,1,NHMUK,1904.6.22.164,F,0,NA,Equatorial Guinea,NA,18.8,11.1,4.4,4.5,19.2,82,19.8,62.2,24.1,74,CV,1,NA
AVIBASE-5D82C13B,Stelgidillas gracilirostris,Stelgidillas gracilirostris,Stelgidillas gracilirostris,Andropadus gracilirostris,1,NHMUK,1904.6.22.166,M,0,NA,Equatorial Guinea,NA,19.5,11.7,4.1,4.6,18.8,84,14.1,69.9,16.8,82,CV,1,NA
AVIBASE-5D82C13B,Stelgidillas gracilirostris,Stelgidillas gracilirostris,Stelgidillas gracilirostris,Andropadus gracilirostris,1,NHMUK,1911.12.23.1761,F,0,NA,Equatorial Guinea,NA,18.9,11,4.3,4.1,20,83,10.3,72.7,12.4,78,CV,1,NA
AVIBASE-5D82C13B,Stelgidillas gracilirostris,Stelgidillas gracilirostris,Stelgidillas gracilirostris,Andropadus gracilirostris,1,ZFMK,1963-992,M,0,NA,Equatorial Guinea,NA,19.1,NA,NA,NA,19.7,85.5,15,70.5,17.5,76.5,DH,0,NA
AVIBASE-5D82C13B,Stelgidillas gracilirostris,Stelgidillas gracilirostris,Stelgidillas gracilirostris,Andropadus gracilirostris,1,ZFMK,1963-993,M,0,NA,Equatorial Guinea,NA,21.5,NA,NA,NA,20.7,84,15,69,17.9,79,LN,0,NA
AVIBASE-5D82C13B,Stelgidillas gracilirostris,Stelgidillas gracilirostris,Stelgidillas gracilirostris,Andropadus gracilirostris,1,ZFMK,1968-791,F,0,NA,Cameroon,NA,20.2,NA,NA,NA,19.6,84,19,65,22.6,72,LN,0,NA
AVIBASE-5D82C13B,Stelgidillas gracilirostris,Stelgidillas gracilirostris,Stelgidillas gracilirostris,Andropadus gracilirostris,1,ZFMK,1968-792,F,0,NA,Cameroon,NA,19.2,NA,NA,NA,20.8,85,12.5,72.5,14.7,75,DH,0,NA
AVIBASE-5D82C13B,Stelgidillas gracilirostris,Stelgidillas gracilirostris,Stelgidillas gracilirostris,Andropadus gracilirostris,2,Field1,NA,M,0,NA,Equatorial Guinea,NA,NA,NA,NA,NA,NA,77,NA,NA,NA,61,JHW,0,NA
AVIBASE-5D82C13B,Stelgidillas gracilirostris,Stelgidillas gracilirostris,Stelgidillas gracilirostris,Andropadus gracilirostris,2,Field1,NA,F,0,NA,Equatorial Guinea,NA,NA,NA,NA,NA,NA,66,NA,NA,NA,51,JHW,0,NA
AVIBASE-5D82C13B,Stelgidillas gracilirostris,Stelgidillas gracilirostris,Stelgidillas gracilirostris,Andropadus gracilirostris,2,Field1,NA,M,0,NA,Equatorial Guinea,NA,NA,NA,NA,NA,NA,76,NA,NA,NA,NA,JHW,0,NA
AVIBASE-EBE56736,Thescelocichla leucopleura,Thescelocichla leucopleura,Thescelocichla leucopleura,Thescelocichla leucopleura,1,NHMUK,1905.1.24.120,F,0,NA,Cameroon,NA,21.5,11.6,4.7,5.3,24.4,113,15,98,13.3,115,CV,1,NA
AVIBASE-EBE56736,Thescelocichla leucopleura,Thescelocichla leucopleura,Thescelocichla leucopleura,Thescelocichla leucopleura,1,NHMUK,1924.11.2.135,M,0,NA,Cameroon,NA,22.6,12.9,4.4,5.9,23.5,115,17.5,97.5,15.2,110,CV,1,NA
AVIBASE-EBE56736,Thescelocichla leucopleura,Thescelocichla leucopleura,Thescelocichla leucopleura,Thescelocichla leucopleura,1,NHMUK,1966.16.1234,F,0,NA,Cameroon,NA,23.8,13.7,5.6,5.6,25,110,14.1,95.9,12.8,98,CV,1,NA
AVIBASE-EBE56736,Thescelocichla leucopleura,Thescelocichla leucopleura,Thescelocichla leucopleura,Thescelocichla leucopleura,1,NHMUK,1966.16.1235,M,0,NA,Cameroon,NA,23.2,12.5,4.9,5.7,25.2,114,19.5,94.5,17.1,102,CV,1,NA
AVIBASE-260C7E77,Tricholestes criniger,Tricholestes criniger,Tricholestes criniger,Tricholestes criniger,1,NHMUK,86.9.1.1611,M,0,NA,NA,NA,16.4,NA,4.3,NA,15.3,75,NA,NA,NA,71,GT,0,NA
AVIBASE-260C7E77,Tricholestes criniger,Tricholestes criniger,Tricholestes criniger,Tricholestes criniger,1,OUM,B/10360,U,0,NA,NA,NA,15.2,10.7,4.1,3.7,15.6,71,13,58,18.3,60,HM,1,NA
AVIBASE-260C7E77,Tricholestes criniger,Tricholestes criniger,Tricholestes criniger,Tricholestes criniger,1,NHMUK,1888.4.1.459,M,0,NA,Malaysia,NA,15.2,9.1,3.9,3.6,14.4,66,9,57,13.6,60,JAT,1,NA
AVIBASE-260C7E77,Tricholestes criniger,Tricholestes criniger,Tricholestes criniger,Tricholestes criniger,1,NHMUK,1892.10.30.48,M,0,NA,Malaysia,NA,15.3,9.3,3.8,4,14.7,77,13.9,63.1,18.1,66,JAT,1,NA
AVIBASE-260C7E77,Tricholestes criniger,Tricholestes criniger,Tricholestes criniger,Tricholestes criniger,1,NHMUK,1912.12.28.81,F,0,NA,Malaysia,NA,17.4,10.9,4.5,4,14.7,76,12.1,63.9,15.9,62,JAT,1,NA
AVIBASE-260C7E77,Tricholestes criniger,Tricholestes criniger,Tricholestes criniger,Tricholestes criniger,1,NHMUK,1912.12.28.82,F,0,NA,Malaysia,NA,15.7,10.1,4.4,4.1,14.1,71,11.2,59.8,15.8,61,JAT,1,NA
AVIBASE-260C7E77,Tricholestes criniger,Tricholestes criniger,Tricholestes criniger,Tricholestes criniger,1,OUM,B/10361,U,0,NA,Malaysia,NA,15.7,10.7,3.5,4.1,16.1,74,10.5,63.5,14.2,64,HM,1,NA
AVIBASE-260C7E77,Tricholestes criniger,Tricholestes criniger,Tricholestes criniger,Tricholestes criniger,2,Field1,NA,U,0,NA,Malaysia,NA,NA,10.1,3.8,4.1,16.5,76,10.9,65.1,14.3,NA,JAT,1,NA
AVIBASE-260C7E77,Tricholestes criniger,Tricholestes criniger,Tricholestes criniger,Tricholestes criniger,2,Field1,NA,U,0,NA,Malaysia,NA,15,10.5,3.5,4,17.2,73,9,64,12.3,NA,JAT,1,NA
AVIBASE-260C7E77,Tricholestes criniger,Tricholestes criniger,Tricholestes criniger,Tricholestes criniger,2,Field1,NA,U,0,NA,Malaysia,NA,NA,10.1,3.8,4,15.5,NA,10.6,NA,NA,NA,JAT,1,NA