LocalityString,Country,State,County,Lat,Lon,Correction.Status,Precision,Error.Polygon,Error.Polygon..circular.polygon.,Multiplot,AviList,Specimen.number,n_specimens,Correction Status,Error Polygon,Error Polygon (circular polygon),Code
Dibrugarh,India,NA,NA,27.489746,94.912796,yes,High(84),Unavailable,,"27.479888,94.90837,DIBRUGARH|Unavailable|Unavailable|High(84),27.5,95,DIBRUGARH|Unavailable|Unavailable|High(84),27.489746,94.912796,(g3)Dibrugarh|Unavailable|5405|Medium(59)",Alophoixus flaveolus,86.9.1.1423,1,NA,NA,NA,NA
Dewangiri on Bhutan-Assam frontier,Bhutan,NA,NA,26.866667,91.466667,no,Low(39),unavailable,,"26.866667,91.466667,DEWANGIRI|Unavailable|Unavailable|Low(39),27.5,90.5,BHUTAN|Unavailable|Unavailable|Low(36),27.5,90.5,BHUTAN|Unavailable|Unavailable|Low(36)",Alophoixus flaveolus,1935.4.5.622,1,NA,NA,NA,NA
"Dewangiri, Bhutan-Assam frontier",Bhutan,NA,NA,26.866667,91.466667,no,Low(39),unavailable,,"26.866667,91.466667,DEWANGIRI|Unavailable|Unavailable|Low(39),27.5,90.5,BHUTAN|Unavailable|Unavailable|Low(36),27.5,90.5,BHUTAN|Unavailable|Unavailable|Low(36)",Alophoixus flaveolus,1937.1.17.349,1,NA,NA,NA,NA
"Dooars, Bengal",India,NA,NA,26.831542,88.800611,yes,Low(36),N/A,,"24,88,BENGAL|Unavailable|Unavailable|Low(36),24,90,BENGAL|Unavailable|Unavailable|Low(36),23,87.8333,BENGAL|Unavailable|Unavailable|Low(36),11.289095,76.678066,BENGAL|Unavailable|Unavailable|Low(36)",Alophoixus flaveolus,1949.1.14398,1,NA,NA,NA,NA
Manipur,India,NA,NA,24.75,93.833333,yes,High(82),Unavailable,,"25.621997,82.640132,MANIPUR|Unavailable|Unavailable|High(82),25.208295,83.984557,MANIPUR|Unavailable|Unavailable|High(82),24.948075,81.402671,MANIPUR|Unavailable|Unavailable|High(82),25.383149,83.926319,MANIPUR|Unavailable|Unavailable|High(82),25.481034,82.101691,MANIPUR|Unavailable|Unavailable|High(82),25.189676,83.466013,MANIPUR|Unavailable|Unavailable|High(82),24.801706,80.47892,MANIPUR|Unavailable|Unavailable|High(82),25.35395,80.354603,MANIPUR|Unavailable|Unavailable|High(82),24.75,93.833333,MANIPUR|Unavailable|Unavailable|High(82),30.315976,77.388617,MANIPUR|Unavailable|Unavailable|High(82),22.281944,88.911111,MANIPUR|Unavailable|Unavailable|High(82),24.81722,92.954619,MANIPUR|Unavailable|Unavailable|High(82),27.829293,78.345945,MANIPUR|Unavailable|Unavailable|High(82),26.609796,79.665193,MANIPUR|Unavailable|Unavailable|High(82),21.346106,78.001184,MANIPUR|Unavailable|Unavailable|High(82),25.57714,82.498353,MANIPUR|Unavailable|Unavailable|High(82),27.052721,79.358072,MANIPUR|Unavailable|Unavailable|High(82),25.923728,81.706253,MANIPUR|Unavailable|Unavailable|High(82),26.167184,81.669165,MANIPUR|Unavailable|Unavailable|High(82),25.969437,81.509504,MANIPUR|Unavailable|Unavailable|High(82),26.095622,82.346313,MANIPUR|Unavailable|Unavailable|High(82),25.046449,84.076917,MANIPUR|Unavailable|Unavailable|High(82),25.641044,84.309804,MANIPUR|Unavailable|Unavailable|High(82),21.09161,82.905846,MANIPUR|Unavailable|Unavailable|High(82),26.127344,81.637461,MANIPUR|Unavailable|Unavailable|High(82),26.368296,83.295984,MANIPUR|Unavailable|Unavailable|High(82),25.924477,81.310816,MANIPUR|Unavailable|Unavailable|High(82),26.598477,81.327491,MANIPUR|Unavailable|Unavailable|High(82),25.847924,80.80533,MANIPUR|Unavailable|Unavailable|High(82),26.269052,81.796057,MANIPUR|Unavailable|Unavailable|High(82),29.151646,78.67664,MANIPUR|Unavailable|Unavailable|High(82),25.469329,81.477235,MANIPUR|Unavailable|Unavailable|High(82),26.020347,81.883192,MANIPUR|Unavailable|Unavailable|High(82)",Alophoixus flaveolus,86.9.1.1434,1,NA,NA,NA,NA
"Sukna, Darjeeling",India,NA,NA,27.031651,88.260273,no,Medium(60),unavailable,,"27.031651,88.260273,(g3)Darjeeling|Unavailable|1368|Medium(60)",Alophoixus flaveolus,1921.7.12.988,1,NA,NA,NA,NA
Tripura,India,NA,NA,23.75,91.733333,no,High(82),unavailable,,"23.75,91.733333,TRIPURA|Unavailable|Unavailable|High(82),13.088787,75.562482,TRIPURA|Unavailable|Unavailable|High(82),24,92,TRIPURA|Unavailable|Unavailable|High(82)",Alophoixus flaveolus,86.9.1.1442,1,NA,NA,NA,NA
Ye,Myanmar,NA,NA,15.226048,97.926138,yes,,,,,Alophoixus ochraceus,86.9.1.1506,1,NA,NA,NA,NA
"LAWAS, SARAWAK, N.E BORNEO",Malaysia,NA,NA,4.8333,115.4167,yes,Low(37),Unavailable,,"1.5333,110.3333,SARAWAK|Unavailable|Unavailable|Low(37),2.5,113.5,SARAWAK|Unavailable|Unavailable|Low(37),4,115,BORNEO|Unavailable|Unavailable|Low(36),1,114,BORNEO|Unavailable|Unavailable|Low(36),4.5,115.416667,LAWAS|Unavailable|Unavailable|Low(35),4.8333,115.4167,LAWAS|Unavailable|Unavailable|Low(35),4.5,115.5,LAWAS|Unavailable|Unavailable|Low(35),4.8604,115.409,LAWAS|Unavailable|Unavailable|Low(35)",Alophoixus phaeocephalus,B/10346,1,NA,NA,NA,NA
MALACCA,Malaysia,NA,NA,2.191944,102.255833,no,High(82),unavailable,,"2.191944,102.255833,MALACCA|Unavailable|Unavailable|High(82),2.2333,102.2333,MALACCA|Unavailable|Unavailable|High(82),2.25,102.25,MALACCA|Unavailable|Unavailable|High(82)",Alophoixus phaeocephalus,B/331,1,NA,NA,NA,NA
"MORA BARUE, SAMARAHAN, SARAWAK",Malaysia,NA,NA,1.448785,110.494607,yes,Low(37),Unavailable,,"2.5,113.5,SARAWAK|Unavailable|Unavailable|Low(37),1.5333,110.3333,SARAWAK|Unavailable|Unavailable|Low(37)",Alophoixus phaeocephalus,1927.4.18.591,1,NA,NA,NA,NA
Gunung Magdalena,Malaysia,NA,NA,4.493505,117.938538,yes,,,,,Alophoixus phaeocephalus,1956.60.316,1,NA,NA,NA,NA
East London,South Africa,NA,NA,-33,27.9,no,High(86),unavailable,,"-33,27.9,EAST LONDON|Unavailable|Unavailable|High(86),-33.011051,27.910049,EAST LONDON|Unavailable|Unavailable|High(86),-33.01491,27.930743,(g3)East London|Unavailable|7349|Medium(61),-33.01491,27.930743,(g3)East London|Unavailable|7349|Medium(61)",Andropadus importunus,1952.50.5,1,NA,NA,NA,NA
"Ferndale, nr Patensie, 58 miles NW of Port Elizabeth","South Africa, South Africa",NA,NA,-33.754549,24.812592,yes,,,,,Andropadus importunus,"1960.18.6, 1960.18.7",2,NA,NA,NA,NA
"Magogoni, Ruvu (river), Morogoro, Tanzania, Africa",United Republic of Tanzania,NA,NA,-7.226771,37.987544,yes,Low(40),Unavailable,,"-6.383333,38.866667,RUVU RIVER|Unavailable|Unavailable|Low(40),-5.433333,38.966667,RUVU RIVER|Unavailable|Unavailable|Low(40),-5.183333,38.4,MOROGORO|Unavailable|Unavailable|Low(38),-7.226771,37.987544,MAGOGONI|Unavailable|Unavailable|Low(38),-4.983333,39.7,MAGOGONI|Unavailable|Unavailable|Low(38),-5.1,39.716667,MAGOGONI|Unavailable|Unavailable|Low(38),-5.166667,39.783333,MAGOGONI|Unavailable|Unavailable|Low(38),-7.716667,35.866667,MOROGORO|Unavailable|Unavailable|Low(38),-10.633333,35.433333,MOROGORO|Unavailable|Unavailable|Low(38),-5.583333,32.75,MOROGORO|Unavailable|Unavailable|Low(38),-6.816667,37.666667,MOROGORO|Unavailable|Unavailable|Low(38),-5.216667,39.75,MAGOGONI|Unavailable|Unavailable|Low(38),-6.8167,37.6667,MOROGORO|Unavailable|Unavailable|Low(38),-6.906139,37.945539,MOROGORO|Unavailable|Unavailable|Low(38),-8,37,MOROGORO|Unavailable|Unavailable|Low(38),-6,35,TANZANIA|Unavailable|Unavailable|Low(38),-6.833333,39.333333,MAGOGONI|Unavailable|Unavailable|Low(38),-6.162121,39.235664,MAGOGONI|Unavailable|Unavailable|Low(38),-7.916667,37.25,MOROGORO|Unavailable|Unavailable|Low(38),-6,35,TANZANIA|Unavailable|Unavailable|Low(38),-6.383333,38.866667,RUVU|Unavailable|Unavailable|Low(34),-6.8,38.65,RUVU|Unavailable|Unavailable|Low(34),-9.65,39.7,RUVU|Unavailable|Unavailable|Low(34),-6.839258,38.634822,RUVU|Unavailable|Unavailable|Low(34),-4.217982,37.577881,RUVU|Unavailable|Unavailable|Low(34),-4.633333,37.766667,RUVU|Unavailable|Unavailable|Low(34),-6.8,38.65,RUVU|Unavailable|Unavailable|Low(34)",Andropadus importunus,2000.26453,1,NA,NA,NA,NA
"Morogoro, Ostafrika",United Republic of Tanzania,NA,NA,-6.8167,37.6667,yes,Low(38),Unavailable,,"-7.716667,35.866667,MOROGORO|Unavailable|Unavailable|Low(38),-5.583333,32.75,MOROGORO|Unavailable|Unavailable|Low(38),-6.816667,37.666667,MOROGORO|Unavailable|Unavailable|Low(38),-10.633333,35.433333,MOROGORO|Unavailable|Unavailable|Low(38),-5.183333,38.4,MOROGORO|Unavailable|Unavailable|Low(38),-8,37,MOROGORO|Unavailable|Unavailable|Low(38),-6.8167,37.6667,MOROGORO|Unavailable|Unavailable|Low(38),-7.916667,37.25,MOROGORO|Unavailable|Unavailable|Low(38),-6.906139,37.945539,MOROGORO|Unavailable|Unavailable|Low(38)",Andropadus importunus,1955.684,1,NA,NA,NA,NA
"Near Beira, Mozambique","Mozambique, Mozambique",NA,NA,-19.768894,34.835483,yes,,,,,Andropadus importunus,"1968.1267, 1968.1268",2,NA,NA,NA,NA
"Near Port St. Johns, Transkei Coast, Mzimvubu River, South Africa",South Africa,NA,NA,-31.6333,29.5333,no,Medium(59),unavailable,,"-31.6333,29.5333,Near PORT ST. JOHNS|Unavailable|Unavailable|Medium(59)",Andropadus importunus,1981-61,1,NA,NA,NA,NA
"Tokai Retreat, Simons Town Dist.",South Africa,NA,NA,-34.060458,18.437825,yes,Low(37),Unavailable,,"-29.67522,29.544455,RETREAT|Unavailable|Unavailable|Low(37),-27.714386,31.194129,RETREAT|Unavailable|Unavailable|Low(37),-23.715365,27.034283,RETREAT|Unavailable|Unavailable|Low(37),-32.051269,23.651371,RETREAT|Unavailable|Unavailable|Low(37),-30.387842,29.141538,RETREAT|Unavailable|Unavailable|Low(37),-29.83703,30.693932,RETREAT|Unavailable|Unavailable|Low(37),-31.916667,26.966667,RETREAT|Unavailable|Unavailable|Low(37),-34.05,18.45,RETREAT|Unavailable|Unavailable|Low(37),-28.287278,24.50119,RETREAT|Unavailable|Unavailable|Low(37),-22.601792,28.356294,RETREAT|Unavailable|Unavailable|Low(37),-22.581516,28.342161,RETREAT|Unavailable|Unavailable|Low(37),-28.273881,26.643058,RETREAT|Unavailable|Unavailable|Low(37),-32.297204,26.986035,RETREAT|Unavailable|Unavailable|Low(37),-33.420762,26.054796,RETREAT|Unavailable|Unavailable|Low(37),-32.002683,26.950243,RETREAT|Unavailable|Unavailable|Low(37),-32.253016,25.650239,RETREAT|Unavailable|Unavailable|Low(37),-30.681314,26.852098,RETREAT|Unavailable|Unavailable|Low(37),-31.562699,29.477784,RETREAT|Unavailable|Unavailable|Low(37),-29.796959,22.956994,RETREAT|Unavailable|Unavailable|Low(37),-27.30617,28.097165,RETREAT|Unavailable|Unavailable|Low(37),-27.017774,24.67263,RETREAT|Unavailable|Unavailable|Low(37),-32.489811,22.760928,RETREAT|Unavailable|Unavailable|Low(37),-34.060458,18.437825,TOKAI|Unavailable|Unavailable|Low(35)",Andropadus importunus,1905.12.29.1940,1,NA,NA,NA,NA
"Transkei Coast, Lusikisiki District, Mzimhlava River Mouth, South Africa",South Africa,NA,NA,-31.619343,29.551357,yes,Low(42),Unavailable,,"-29,25,SOUTH AFRICA|Unavailable|Unavailable|Low(42),-30,26,SOUTH AFRICA|Unavailable|Unavailable|Low(42),-31.361987,29.573285,LUSIKISIKI|Unavailable|Unavailable|Low(40),-31.366667,29.566667,LUSIKISIKI|Unavailable|Unavailable|Low(40),-31.3667,29.5833,LUSIKISIKI|Unavailable|Unavailable|Low(40),-31.5,29,TRANSKEI|Unavailable|Unavailable|Low(38),-31.3333,29,TRANSKEI|Unavailable|Unavailable|Low(38)",Andropadus importunus,1980-115,1,NA,NA,NA,NA
"Transkei Coast-Lusikisiki district, Mzimhlava River mouth","South Africa, South Africa",NA,NA,-31.620552,29.552087,yes,,,,,Andropadus importunus,"1980-108, 1980-116",2,NA,NA,NA,NA
Bwindi Impenetrable Forest,"Uganda, Uganda",NA,NA,-1.008352,29.638347,yes,,,,,Arizelocichla masukuensis,"28567, 28568",2,NA,NA,NA,NA
Kakamega Forest,"Kenya, Kenya, Kenya",NA,NA,0.285235,34.875478,yes,,,,,Arizelocichla masukuensis,"1971.16.72, 1971.16.73, 1971.16.71",3,NA,NA,NA,NA
"Magamba Forest Reserve, W Usambara Region",United Republic of Tanzania,NA,NA,-4.7,38.3,yes,Low(38),Unavailable,,"-4.942272,38.351798,USAMBARA|Unavailable|Unavailable|Low(38),-6.427666,31.046592,MAGAMBA|Unavailable|Unavailable|Low(37),-4.7,38.3,MAGAMBA|Unavailable|Unavailable|Low(37),-6.429099,31.102321,MAGAMBA|Unavailable|Unavailable|Low(37),-5.533333,38.083333,MAGAMBA|Unavailable|Unavailable|Low(37),-8.619069,32.912637,MAGAMBA|Unavailable|Unavailable|Low(37),-5.645275,38.050353,MAGAMBA|Unavailable|Unavailable|Low(37)",Arizelocichla masukuensis,2012.12,1,NA,NA,NA,NA
"Magamba Forest Reserve, W. Usambara Mts., Lushoto District, Tanga Region, Tanzania",United Republic of Tanzania,NA,NA,-4.7,38.3,yes,Low(46),Unavailable,,"-4.545278,38.43927,LUSHOTO DISTRICT|Unavailable|Unavailable|Low(46),-5.2,38.283333,TANGA REGION|Unavailable|Unavailable|Low(42),-5,38.25,TANGA REGION|Unavailable|Unavailable|Low(42),-6,35,TANZANIA|Unavailable|Unavailable|Low(38),-6,35,TANZANIA|Unavailable|Unavailable|Low(38),-4.942272,38.351798,USAMBARA|Unavailable|Unavailable|Low(38),-4.783333,38.283333,LUSHOTO|Unavailable|Unavailable|Low(37),-6.427666,31.046592,MAGAMBA|Unavailable|Unavailable|Low(37),-5.645275,38.050353,MAGAMBA|Unavailable|Unavailable|Low(37),-4.7,38.3,MAGAMBA|Unavailable|Unavailable|Low(37),-4.545278,38.43927,LUSHOTO|Unavailable|Unavailable|Low(37),-5.533333,38.083333,MAGAMBA|Unavailable|Unavailable|Low(37),-4.333333,37.866667,LUSHOTO|Unavailable|Unavailable|Low(37),-6.429099,31.102321,MAGAMBA|Unavailable|Unavailable|Low(37),-4.784936,38.31374,LUSHOTO|Unavailable|Unavailable|Low(37),-4.772001,38.289233,LUSHOTO|Unavailable|Unavailable|Low(37),-8.619069,32.912637,MAGAMBA|Unavailable|Unavailable|Low(37),-10.568095,35.716618,TANGA|Unavailable|Unavailable|Low(35),-9.016667,36.05,TANGA|Unavailable|Unavailable|Low(35),-10.566667,35.683333,TANGA|Unavailable|Unavailable|Low(35),-5.416667,39.7,TANGA|Unavailable|Unavailable|Low(35),-5,38.25,TANGA|Unavailable|Unavailable|Low(35),-5.115738,39.027526,TANGA|Unavailable|Unavailable|Low(35),-5.2,38.283333,TANGA|Unavailable|Unavailable|Low(35),-5.066667,39.1,TANGA|Unavailable|Unavailable|Low(35),-5.083333,39.066667,TANGA|Unavailable|Unavailable|Low(35)",Arizelocichla masukuensis,2012-120,1,NA,NA,NA,NA
Mugesse Mt. Masuku Mts,"Malawi, Malawi",NA,NA,-9.655562,33.551625,yes,,,,,Arizelocichla masukuensis,"1935.10.9.92, 1935.10.9.91",2,NA,NA,NA,NA
"Ndundulu Forest Reserve, Udzurgwa Mts. Kilolo District, Iringa Region, Tanzania",United Republic of Tanzania,NA,NA,-7.819838,36.609184,yes,Low(43),Unavailable,,"-7.85,35.55,IRINGA REGION|Unavailable|Unavailable|Low(43),-6,35,TANZANIA|Unavailable|Unavailable|Low(38),-6,35,TANZANIA|Unavailable|Unavailable|Low(38),-1.816667,33.383333,IRINGA|Unavailable|Unavailable|Low(36),-8,35.85,KILOLO|Unavailable|Unavailable|Low(36),-7.766667,35.7,IRINGA|Unavailable|Unavailable|Low(36),-7.743429,36.203281,KILOLO|Unavailable|Unavailable|Low(36),-7.516829,35.2284,IRINGA|Unavailable|Unavailable|Low(36),-7.85,35.55,IRINGA|Unavailable|Unavailable|Low(36)",Arizelocichla masukuensis,2012-121,1,NA,NA,NA,NA
Rungwe Mts,United Republic of Tanzania,NA,NA,-9.107725,33.61683,yes,Low(36),Unavailable,,"-4.566667,38.25,RUNGWE|Unavailable|Unavailable|Low(36),-9.166667,33.6,RUNGWE|Unavailable|Unavailable|Low(36),-6.04152,30.538226,RUNGWE|Unavailable|Unavailable|Low(36),-9.1667,33.5833,RUNGWE|Unavailable|Unavailable|Low(36),-9.235497,33.690343,RUNGWE|Unavailable|Unavailable|Low(36)",Arizelocichla masukuensis,1949.69.38,1,NA,NA,NA,NA
"Uluguru North Forest Reserve, Morogoro Region",United Republic of Tanzania,NA,NA,-6.916667,37.7,no,Low(58),unavailable,,"-6.916667,37.7,ULUGURU NORTH FOREST RESERVE|Unavailable|Unavailable|Low(58),-7.916667,37.25,MOROGORO REGION|Unavailable|Unavailable|Low(45),-8,37,MOROGORO REGION|Unavailable|Unavailable|Low(45),-5.583333,32.75,MOROGORO|Unavailable|Unavailable|Low(38),-7.716667,35.866667,MOROGORO|Unavailable|Unavailable|Low(38),-6.816667,37.666667,MOROGORO|Unavailable|Unavailable|Low(38),-10.633333,35.433333,MOROGORO|Unavailable|Unavailable|Low(38),-5.183333,38.4,MOROGORO|Unavailable|Unavailable|Low(38),-6.906139,37.945539,MOROGORO|Unavailable|Unavailable|Low(38),-8,37,MOROGORO|Unavailable|Unavailable|Low(38),-6.8167,37.6667,MOROGORO|Unavailable|Unavailable|Low(38),-7.916667,37.25,MOROGORO|Unavailable|Unavailable|Low(38)",Arizelocichla masukuensis,2012.116,1,NA,NA,NA,NA
"Uluguru North Forest Reserve, Muomero District, Morogoro Region, Tanzania","United Republic of Tanzania, United Republic of Tanzania",NA,NA,-6.915786,37.697593,yes,,,,,Arizelocichla masukuensis,"2012-116, 2012-117",2,NA,NA,NA,NA
"Ambangulu Forest Reserve, W-Usambara Mts, Korogwe District, Tanga Region, Tanzania",United Republic of Tanzania,NA,NA,-5.083333,38.433333,yes,Low(46),Unavailable,,"-5.026859,38.395007,KOROGWE DISTRICT|Unavailable|Unavailable|Low(46),-5.2,38.283333,TANGA REGION|Unavailable|Unavailable|Low(42),-5,38.25,TANGA REGION|Unavailable|Unavailable|Low(42),-5.083333,38.433333,AMBANGULU|Unavailable|Unavailable|Low(39),-6,35,TANZANIA|Unavailable|Unavailable|Low(38),-6,35,TANZANIA|Unavailable|Unavailable|Low(38),-4.942272,38.351798,USAMBARA|Unavailable|Unavailable|Low(38),-5.204803,38.554133,KOROGWE|Unavailable|Unavailable|Low(37),-5.15,38.483333,KOROGWE|Unavailable|Unavailable|Low(37),-5.1667,38.5,KOROGWE|Unavailable|Unavailable|Low(37),-5.026859,38.395007,KOROGWE|Unavailable|Unavailable|Low(37),-5.083333,39.066667,TANGA|Unavailable|Unavailable|Low(35),-5.416667,39.7,TANGA|Unavailable|Unavailable|Low(35),-10.566667,35.683333,TANGA|Unavailable|Unavailable|Low(35),-9.016667,36.05,TANGA|Unavailable|Unavailable|Low(35),-5.066667,39.1,TANGA|Unavailable|Unavailable|Low(35),-5.2,38.283333,TANGA|Unavailable|Unavailable|Low(35),-5.115738,39.027526,TANGA|Unavailable|Unavailable|Low(35),-10.568095,35.716618,TANGA|Unavailable|Unavailable|Low(35),-5,38.25,TANGA|Unavailable|Unavailable|Low(35)",Arizelocichla milanjensis,2012.173,1,NA,NA,NA,NA
Chirinda Forest,"Zimbabwe, Zimbabwe, Zimbabwe, Zimbabwe",NA,NA,-20.431251,32.696088,yes,,,,,Arizelocichla milanjensis,"1910.7.1.398, 1910.7.1.389, 1911.5.80.551, 1910.7.1.397",4,NA,NA,NA,NA
"Magamba Forest Reserve, W-Usambara Mts, Lushoto District, Tanga Region, Tanzania",United Republic of Tanzania,NA,NA,-4.7,38.3,yes,Low(46),Unavailable,,"-4.545278,38.43927,LUSHOTO DISTRICT|Unavailable|Unavailable|Low(46),-5.2,38.283333,TANGA REGION|Unavailable|Unavailable|Low(42),-5,38.25,TANGA REGION|Unavailable|Unavailable|Low(42),-6,35,TANZANIA|Unavailable|Unavailable|Low(38),-6,35,TANZANIA|Unavailable|Unavailable|Low(38),-4.942272,38.351798,USAMBARA|Unavailable|Unavailable|Low(38),-4.783333,38.283333,LUSHOTO|Unavailable|Unavailable|Low(37),-6.427666,31.046592,MAGAMBA|Unavailable|Unavailable|Low(37),-5.645275,38.050353,MAGAMBA|Unavailable|Unavailable|Low(37),-4.7,38.3,MAGAMBA|Unavailable|Unavailable|Low(37),-4.545278,38.43927,LUSHOTO|Unavailable|Unavailable|Low(37),-5.533333,38.083333,MAGAMBA|Unavailable|Unavailable|Low(37),-4.333333,37.866667,LUSHOTO|Unavailable|Unavailable|Low(37),-6.429099,31.102321,MAGAMBA|Unavailable|Unavailable|Low(37),-4.784936,38.31374,LUSHOTO|Unavailable|Unavailable|Low(37),-4.772001,38.289233,LUSHOTO|Unavailable|Unavailable|Low(37),-8.619069,32.912637,MAGAMBA|Unavailable|Unavailable|Low(37),-10.568095,35.716618,TANGA|Unavailable|Unavailable|Low(35),-9.016667,36.05,TANGA|Unavailable|Unavailable|Low(35),-10.566667,35.683333,TANGA|Unavailable|Unavailable|Low(35),-5.416667,39.7,TANGA|Unavailable|Unavailable|Low(35),-5,38.25,TANGA|Unavailable|Unavailable|Low(35),-5.115738,39.027526,TANGA|Unavailable|Unavailable|Low(35),-5.2,38.283333,TANGA|Unavailable|Unavailable|Low(35),-5.066667,39.1,TANGA|Unavailable|Unavailable|Low(35),-5.083333,39.066667,TANGA|Unavailable|Unavailable|Low(35)",Arizelocichla milanjensis,2012.142,1,NA,NA,NA,NA
"Uluguru North Forest Reserve, Muomero District, Morogoro Region, Tanzania","United Republic of Tanzania, United Republic of Tanzania",NA,NA,-6.912686,37.696218,yes,,,,,Arizelocichla milanjensis,"2012.143, 2012.147",2,NA,NA,NA,NA
Lake Oku,Cameroon,NA,NA,6.166667,10.416667,no,High(83),unavailable,,"6.166667,10.416667,LAKE OKU|Unavailable|Unavailable|High(83)",Arizelocichla montana,1966.16.1753,1,NA,NA,NA,NA
Ndu,Cameroon,NA,NA,6.4,10.766667,yes,High(78),Unavailable,,"3.083333,12.35,NDU|Unavailable|Unavailable|High(78),4.266667,9.233333,NDU|Unavailable|Unavailable|High(78),6.4,10.766667,NDU|Unavailable|Unavailable|High(78),4.5,11.916667,NDU|Unavailable|Unavailable|High(78),2.45,10.933333,NDU|Unavailable|Unavailable|High(78),3.383333,14.033333,NDU|Unavailable|Unavailable|High(78)",Arizelocichla montana,1966.16.1766,1,NA,NA,NA,NA
"Saxenhof, near Buea",Cameroon,NA,NA,4.15,9.2167,yes,Medium(49),Unavailable,,"4.1527,9.241,Near BUEA|Unavailable|Unavailable|Medium(49),4.15,9.2167,Near BUEA|Unavailable|Unavailable|Medium(49)",Arizelocichla montana,1966.16.1763,1,NA,NA,NA,NA
above Saxenhof near Buea,Cameroon,NA,NA,4.15,9.2167,yes,Medium(49),Unavailable,,"4.1527,9.241,Near BUEA|Unavailable|Unavailable|Medium(49),4.15,9.2167,Near BUEA|Unavailable|Unavailable|Medium(49)",Arizelocichla montana,1966.16.1765,1,NA,NA,NA,NA
"Bismarck Hut, Kilimanjaro 8500'",United Republic of Tanzania,NA,NA,-3.337829,37.32765,yes,Low(41),Unavailable,,"-5.383333,38.05,KILIMANJARO|Unavailable|Unavailable|Low(41),-3.066667,37.366667,KILIMANJARO|Unavailable|Unavailable|Low(41),-9.866667,35.35,KILIMANJARO|Unavailable|Unavailable|Low(41),-3.75,37.633333,KILIMANJARO|Unavailable|Unavailable|Low(41),-3.75,37.75,KILIMANJARO|Unavailable|Unavailable|Low(41),-3.066,37.372,KILIMANJARO|Unavailable|Unavailable|Low(41),-3.337829,37.32765,KILIMANJARO|Unavailable|Unavailable|Low(41),-5.416667,34.9,MANJARO|Unavailable|Unavailable|Low(24)",Arizelocichla nigriceps,1934.6.18.15,1,NA,NA,NA,NA
"Kibosho, Kilimanjaro",United Republic of Tanzania,NA,NA,-3.25,37.316667,yes,Low(41),Unavailable,,"-5.383333,38.05,KILIMANJARO|Unavailable|Unavailable|Low(41),-3.75,37.633333,KILIMANJARO|Unavailable|Unavailable|Low(41),-9.866667,35.35,KILIMANJARO|Unavailable|Unavailable|Low(41),-3.066667,37.366667,KILIMANJARO|Unavailable|Unavailable|Low(41),-3.75,37.75,KILIMANJARO|Unavailable|Unavailable|Low(41),-3.337829,37.32765,KILIMANJARO|Unavailable|Unavailable|Low(41),-3.066,37.372,KILIMANJARO|Unavailable|Unavailable|Low(41),-3.25,37.316667,KIBOSHO|Unavailable|Unavailable|Low(37),-3.221451,37.305,KIBOSHO|Unavailable|Unavailable|Low(37),-5.416667,34.9,MANJARO|Unavailable|Unavailable|Low(24)",Arizelocichla nigriceps,1933.3.2.31,1,NA,NA,NA,NA
Loliondo Forest,United Republic of Tanzania,NA,NA,-2.066667,35.6,yes,Low(38),Unavailable,,"-2.25,35.583333,LOLIONDO|Unavailable|Unavailable|Low(38),-2.066667,35.6,LOLIONDO|Unavailable|Unavailable|Low(38),-2.05,35.616667,LOLIONDO|Unavailable|Unavailable|Low(38)",Arizelocichla nigriceps,1945.41.53,1,NA,NA,NA,NA
"Lossogonoi Hill, S of Lolbene",United Republic of Tanzania,NA,NA,-3.95,37.116667,no,Low(37),unavailable,,"-3.95,37.116667,LOLBENE|Unavailable|Unavailable|Low(37)",Arizelocichla nigriceps,1945.41.51,1,NA,NA,NA,NA
"Magamba Forest Reserve, W-Usambara Mts, Lushoto District, Tanga Region, Tanzania","United Republic of Tanzania, United Republic of Tanzania, United Republic of Tanzania, United Republic of Tanzania",NA,NA,-4.709516,38.301839,yes,,,,,Arizelocichla nigriceps,"2012.136, 2012.137, 2012.139, 2012.134",4,NA,NA,NA,NA
Meru Urwald,"United Republic of Tanzania, United Republic of Tanzania",NA,NA,-3.267752,36.720666,yes,,,,,Arizelocichla nigriceps,"1960-145, 1960-147",2,NA,NA,NA,NA
"Meru, Ost",United Republic of Tanzania,NA,NA,-3.233333,36.75,yes,Low(34),Unavailable,,"-3.216667,36.666667,MERU|Unavailable|Unavailable|Low(34),-3.326734,36.900834,MERU|Unavailable|Unavailable|Low(34),-3.233333,36.75,MERU|Unavailable|Unavailable|Low(34)",Arizelocichla nigriceps,1960-148,1,NA,NA,NA,NA
"Meru-Ost, Urwald",United Republic of Tanzania,NA,NA,-3.216667,36.666667,yes,Low(34),,,"-3.216667,36.666667,MERU|Unavailable|Unavailable|Low(34),-3.326734,36.900834,MERU|Unavailable|Unavailable|Low(34),-3.233333,36.75,MERU|Unavailable|Unavailable|Low(34)",Arizelocichla nigriceps,1960-146,1,NA,NA,NA,NA
"Mubuku Valley, East Ruwenzori","Uganda, Uganda, Uganda, Uganda",NA,NA,0.273041,30.121229,yes,,,,,Arizelocichla nigriceps,"1906.12.23.1330, 1906.12.23.1332, 1906.12.23.1329, 1906.12.23.1326",4,NA,NA,NA,NA
"Bantabare, Bioko","Equatorial Guinea, Equatorial Guinea",NA,NA,3.429005,8.791831,yes,,,,,Arizelocichla tephrolaema,"1904.6.22.117, 1904.6.22.121",2,NA,NA,NA,NA
"Besoso, Fernando Po (now Bioko)",Equatorial Guinea,NA,NA,3.5,8.7,yes,Low(41),Unavailable,,"3.5,8.7,FERNANDO PO|Unavailable|Unavailable|Low(41),3.5,8.7,FERNANDO PO|Unavailable|Unavailable|Low(41),3.5833,8.75,BIOKO|Unavailable|Unavailable|Low(35),3.350442,8.662766,BIOKO|Unavailable|Unavailable|Low(35),3.5,8.7,BIOKO|Unavailable|Unavailable|Low(35)",Arizelocichla tephrolaema,1911.12.23.1745,1,NA,NA,NA,NA
"Moka, Fernando Po (now Bioko)",Equatorial Guinea,NA,NA,3.333333,8.666667,yes,Low(41),Unavailable,,"3.5,8.7,FERNANDO PO|Unavailable|Unavailable|Low(41),3.5,8.7,FERNANDO PO|Unavailable|Unavailable|Low(41),3.350442,8.662766,BIOKO|Unavailable|Unavailable|Low(35),3.5,8.7,BIOKO|Unavailable|Unavailable|Low(35),3.5833,8.75,BIOKO|Unavailable|Unavailable|Low(35),3.333333,8.666667,MOKA|Unavailable|Unavailable|Low(34)",Arizelocichla tephrolaema,1911.12.23.1668,1,NA,NA,NA,NA
Enugu,"Nigeria, Nigeria, Nigeria, Nigeria",NA,NA,6.431042,7.508187,yes,,,,,Atimastillas flavicollis,"1966.16.1782, 1949.33.48, 1966.16.1786, 1966.16.1776",4,NA,NA,NA,NA
"Kimpoko, Zaire",Democratic Republic of the Congo,NA,NA,-4.202222,15.551667,yes,Low(37),Unavailable,,"-4.234444,15.550278,KIMPOKO|Unavailable|Unavailable|Low(37),-4.202222,15.551667,KIMPOKO|Unavailable|Unavailable|Low(37),0,25,ZAIRE|Unavailable|Unavailable|Low(35)",Baeopogon indicator,1992-054,1,NA,NA,NA,NA
Kumba,"Cameroon, Cameroon",NA,NA,4.620062,9.440903,yes,,,,,Baeopogon indicator,"1966.16.1190, 1966.16.1181",2,NA,NA,NA,NA
"Kupe, Westkamerun",Cameroon,NA,NA,4.7571,9.6854,yes,Low(34),Unavailable,,"4.7571,9.6854,KUPE|Unavailable|Unavailable|Low(34),6,12,KAMERUN|Unavailable|Unavailable|Low(24)",Baeopogon indicator,1968-779,1,NA,NA,NA,NA
River Ja,"Cameroon, Cameroon",NA,NA,2.846401,13.276172,yes,,,,,Baeopogon indicator,"1911.5.31.287, 1911.5.31.284",2,NA,NA,NA,NA
20 mi south of Sefadu,Sierra Leone,NA,NA,8.46409,-10.904029,yes,High(81),Unavailable,,"8.364628,-10.998033,Distance South of SEFADU|Unavailable|Unavailable|High(81),8.358981,-10.983333,Distance South of SEFADU|Unavailable|Unavailable|High(81),8.358981,-10.9667,Distance South of SEFADU|Unavailable|Unavailable|High(81),8.46409,-10.904029,Distance South of SEFADU|Unavailable|Unavailable|High(81)",Bleda canicapillus,1930.12.3.319,1,NA,NA,NA,NA
Kamasigi,Sierra Leone,NA,NA,9.319963,-11.911648,yes,,,,,Bleda canicapillus,1930.12.3.318,1,NA,NA,NA,NA
York Pass,Sierra Leone,NA,NA,8.284904,-13.180598,yes,Low(34),Unavailable,,"7.541151,-12.46296,YORK|Unavailable|Unavailable|Low(34),8.284904,-13.180598,YORK|Unavailable|Unavailable|Low(34),8.2833,-13.1667,YORK|Unavailable|Unavailable|Low(34)",Bleda canicapillus,1937.10.15.61,1,NA,NA,NA,NA
"Bitye, River Dja, South Region",Cameroon,NA,NA,3.016667,12.366667,yes,Low(42),Unavailable,,"2.75,11.583333,SOUTH REGION|Unavailable|Unavailable|Low(42),2.5,11.75,SOUTH REGION|Unavailable|Unavailable|Low(42),3.016667,12.366667,BITYE|Unavailable|Unavailable|Low(35),2.75,11.583333,SOUTH|Unavailable|Unavailable|Low(35),2.5,11.75,SOUTH|Unavailable|Unavailable|Low(35),4.466667,14.416667,DJA|Unavailable|Unavailable|Low(33),5.483333,12.35,DJA|Unavailable|Unavailable|Low(33),2.433333,12.4,DJA|Unavailable|Unavailable|Low(33),2.033333,15.2,DJA|Unavailable|Unavailable|Low(33),5.3,12.233333,DJA|Unavailable|Unavailable|Low(33),3.816667,12.7,DJA|Unavailable|Unavailable|Low(33)",Bleda notatus,1924.11.2.130,1,NA,NA,NA,NA
"Bubi Town, Bioko","Equatorial Guinea, Equatorial Guinea",NA,NA,3.717903,8.83543,yes,,,,,Bleda notatus,1904.6.22.128,1,NA,NA,NA,NA
"Fish Town, Fernando PO",Equatorial Guinea,NA,NA,3.387037,8.755876,yes,Low(41),,,"3.5,8.7,FERNANDO PO|Unavailable|Unavailable|Low(41),3.5,8.7,FERNANDO PO|Unavailable|Unavailable|Low(41)",Bleda notatus,1904.6.22.129,1,NA,NA,NA,NA
River Ja,Cameroon,NA,NA,2.811894,13.325373,yes,,,,,Bleda notatus,1905.1.24.114,1,NA,NA,NA,NA
"Sepopo, Fernando PO",Equatorial Guinea,NA,NA,3.756537,8.890437,yes,Low(41),,,"3.5,8.7,FERNANDO PO|Unavailable|Unavailable|Low(41),3.5,8.7,FERNANDO PO|Unavailable|Unavailable|Low(41)",Bleda notatus,1936.2.21.288,1,NA,NA,NA,NA
"Sipopo, Fernando Po (now Bioko)",Equatorial Guinea,NA,NA,3.758636,8.887486,yes,Low(41),,,"3.5,8.7,FERNANDO PO|Unavailable|Unavailable|Low(41),3.5,8.7,FERNANDO PO|Unavailable|Unavailable|Low(41),3.5833,8.75,BIOKO|Unavailable|Unavailable|Low(35),3.350442,8.662766,BIOKO|Unavailable|Unavailable|Low(35),3.5,8.7,BIOKO|Unavailable|Unavailable|Low(35)",Bleda notatus,1911.12.23.1672,1,NA,NA,NA,NA
"near Rebola, Fernando Po (now Bioko)",Equatorial Guinea,NA,NA,3.716667,8.833333,no,Medium(51),unavailable,,"3.716667,8.833333,Near REBOLA|Unavailable|Unavailable|Medium(51)",Bleda notatus,1911.12.23.1671,1,NA,NA,NA,NA
"Bu, Zaire",Democratic Republic of the Congo,NA,NA,-4.751453,15.663939,yes,Low(35),,,"0,25,ZAIRE|Unavailable|Unavailable|Low(35)",Bleda syndactylus,1986-068,1,NA,NA,NA,NA
Katire Primary Forest,"South Sudan, South Sudan",NA,NA,3.965038,32.783599,yes,,,,,Bleda syndactylus,"1978-056, 1978-058",2,NA,NA,NA,NA
Mt. Nimba,"Liberia, Liberia, Liberia, Liberia",NA,NA,7.535399,-8.50491,yes,,,,,Bleda syndactylus,"1977.20.1178, 1977.20.1175, 1977.20.1186, 1977.20.1189",4,NA,NA,NA,NA
S.Sylhet,India,NA,NA,24.604022,91.938925,yes,,,,,Brachypodius melanocephalos,2089,1,NA,NA,NA,NA
M.Andaman,"India, India",NA,NA,12.559671,92.816115,yes,,,,,Brachypodius fuscoflavescens,"22076, 22075",2,NA,NA,NA,NA
PENANG HILL,"Malaysia, Malaysia, Malaysia, Malaysia",NA,NA,5.435295,100.255576,yes,,,,,Brachypodius melanocephalos,"B/10248, B/10247, B/10246, B/10245",4,NA,NA,NA,NA
Port Blair,India,NA,NA,11.658093,92.730345,yes,High(85),Unavailable,,"11.666667,92.75,PORT BLAIR|Unavailable|Unavailable|High(85),11.658093,92.730345,(g3)Port Blair|Unavailable|5253|Medium(60)",Brachypodius fuscoflavescens,22077,1,NA,NA,NA,NA
S.Andaman,"India, India, India",NA,NA,11.828766,92.655372,yes,,,,,Brachypodius fuscoflavescens,"23322, 22074, 25889",3,NA,NA,NA,NA
S.Andaman,India,NA,NA,12,92.75,yes,Low(37),Unavailable,,"10,93,ANDAMAN|Unavailable|Unavailable|Low(37),10.033105,78.165045,ANDAMAN|Unavailable|Unavailable|Low(37),12,92.75,ANDAMAN|Unavailable|Unavailable|Low(37)",Brachypodius fuscoflavescens,1005,1,NA,NA,NA,NA
"Canacona, Goa","India, India",NA,NA,14.996381,74.042758,yes,,,,,Brachypodius priocephalus,"24102, 24101",2,NA,NA,NA,NA
"Karwar, MH",India,NA,NA,14.813611,74.129722,yes,Low(36),Unavailable,,"25.151029,83.854112,KARWAR|Unavailable|Unavailable|Low(36),21.530233,78.548228,KARWAR|Unavailable|Unavailable|Low(36),21.549574,78.421319,KARWAR|Unavailable|Unavailable|Low(36),25.720108,76.11436,KARWAR|Unavailable|Unavailable|Low(36),27.944261,76.751149,KARWAR|Unavailable|Unavailable|Low(36),22.501723,81.994349,KARWAR|Unavailable|Unavailable|Low(36),23.105351,74.86893,KARWAR|Unavailable|Unavailable|Low(36),14.813611,74.129722,KARWAR|Unavailable|Unavailable|Low(36),25.720108,76.11436,KARWAR|Unavailable|Unavailable|Low(36),23.105005,74.869377,KARWAR|Unavailable|Unavailable|Low(36),14.809304,74.12885,KARWAR|Unavailable|Unavailable|Low(36)",Brachypodius priocephalus,2097,1,NA,NA,NA,NA
Kannur,India,NA,NA,11.867003,75.365998,yes,High(81),Unavailable,,"13.166785,77.151589,KANNUR|Unavailable|Unavailable|High(81),13.092095,77.65364,KANNUR|Unavailable|Unavailable|High(81),11.867003,75.365998,KANNUR|Unavailable|Unavailable|High(81),14.285075,75.16323,KANNUR|Unavailable|Unavailable|High(81),12.166667,75.333333,KANNUR|Unavailable|Unavailable|High(81),17.042918,76.926287,KANNUR|Unavailable|Unavailable|High(81),17.517295,76.87558,KANNUR|Unavailable|Unavailable|High(81),12.970319,78.370001,KANNUR|Unavailable|Unavailable|High(81),12.981717,79.84166,KANNUR|Unavailable|Unavailable|High(81),11.938066,78.712177,KANNUR|Unavailable|Unavailable|High(81),12.1097,77.244735,KANNUR|Unavailable|Unavailable|High(81),14.110563,75.245196,KANNUR|Unavailable|Unavailable|High(81),11.445387,75.738675,KANNUR|Unavailable|Unavailable|High(81),18.206166,79.506682,KANNUR|Unavailable|Unavailable|High(81)",Brachypodius priocephalus,88.4.1.389,1,NA,NA,NA,NA
Katyal,India,NA,NA,14.833385,74.133075,yes,,,,,Brachypodius priocephalus,1925.12.23.377,1,NA,NA,NA,NA
Malabar Cst.,India,NA,NA,9.947743,76.253802,no,Low(37),unavailable,,"9.947743,76.253802,MALABAR|Unavailable|Unavailable|Low(37)",Brachypodius priocephalus,86.9.1.1312,1,NA,NA,NA,NA
"Mollem, Goa",India,NA,NA,15.375955,74.194003,yes,Low(33),Unavailable,,"15.409269,73.788685,GOA|Unavailable|Unavailable|Low(33),24.602428,72.725831,GOA|Unavailable|Unavailable|Low(33),15.333333,74.08333,GOA|Unavailable|Unavailable|Low(33),15.501574,73.913146,GOA|Unavailable|Unavailable|Low(33),32.448826,76.539889,GOA|Unavailable|Unavailable|Low(33),15.4,73.8,GOA|Unavailable|Unavailable|Low(33),15.5,73.916667,GOA|Unavailable|Unavailable|Low(33),23.785769,84.315969,GOA|Unavailable|Unavailable|Low(33),15.333,74.083,GOA|Unavailable|Unavailable|Low(33)",Brachypodius priocephalus,24100,1,NA,NA,NA,NA
"Mysore, KA",India,NA,NA,12.292664,76.638543,yes,Low(36),Unavailable,,"12.316672,76.645833,MYSORE|Unavailable|Unavailable|Low(36),14.666667,75.833333,MYSORE|Unavailable|Unavailable|Low(36),12,76.5,MYSORE|Unavailable|Unavailable|Low(36),12.292664,76.638543,MYSORE|Unavailable|Unavailable|Low(36),12,76.5,MYSORE|Unavailable|Unavailable|Low(36),12.307222,76.649722,MYSORE|Unavailable|Unavailable|Low(36),13.5,76,MYSORE|Unavailable|Unavailable|Low(36)",Brachypodius priocephalus,2093,1,NA,NA,NA,NA
"Palni, KL",India,NA,NA,10.452283,77.516518,yes,Low(35),Unavailable,,"25.12926,85.612429,PALNI|Unavailable|Unavailable|Low(35),29.222046,78.432265,PALNI|Unavailable|Unavailable|Low(35),10.466667,77.533333,PALNI|Unavailable|Unavailable|Low(35),10.452283,77.516518,PALNI|Unavailable|Unavailable|Low(35)",Brachypodius priocephalus,19883,1,NA,NA,NA,NA
"Sakleshpur, KA",India,NA,NA,12.94119,75.784672,no,Low(40),unavailable,,"12.94119,75.784672,SAKLESHPUR|Unavailable|Unavailable|Low(40),12.966667,75.783333,SAKLESHPUR|Unavailable|Unavailable|Low(40)",Brachypodius priocephalus,2092,1,NA,NA,NA,NA
"Thatlakad, N Travancore",India,NA,NA,10.09727,76.709455,yes,Low(40),,,"8.885634,76.59257,TRAVANCORE|Unavailable|Unavailable|Low(40),27.666667,88.5,NORTH|Unavailable|Unavailable|Low(35)",Brachypodius priocephalus,1949.Whi.1.14546,1,NA,NA,NA,NA
"Grassfield, Mt Nimba","Liberia, Liberia, Liberia",NA,NA,7.487041,-8.574094,yes,,,,,Calyptocichla serinus,"1977.20.1066, 1977.20.1069, 1977.20.1065",3,NA,NA,NA,NA
Mt Nimba,Liberia,NA,NA,7.488889,-8.570833,yes,Low(35),Unavailable,,"7.493611,-8.585,NIMBA|Unavailable|Unavailable|Low(35),7.488889,-8.570833,NIMBA|Unavailable|Unavailable|Low(35),6.75,-8.75,NIMBA|Unavailable|Unavailable|Low(35),6.816667,-8.783333,NIMBA|Unavailable|Unavailable|Low(35)",Calyptocichla serinus,1977.20.1074,1,NA,NA,NA,NA
"Chongoroi, Benguela",Angola,NA,NA,-13.589313,13.812305,no,Low(39),unavailable,,"-13.589313,13.812305,CHONGOROI|Unavailable|Unavailable|Low(39),-13.35,13.8,CHONGOROI|Unavailable|Unavailable|Low(39),-13.566667,13.95,CHONGOROI|Unavailable|Unavailable|Low(39),-13.5667,13.95,CHONGOROI|Unavailable|Unavailable|Low(39),-12.1,15.283333,BENGUELA|Unavailable|Unavailable|Low(38),-12.578333,13.407222,BENGUELA|Unavailable|Unavailable|Low(38),-12.853995,13.928248,BENGUELA|Unavailable|Unavailable|Low(38),-12.739634,13.577837,BENGUELA|Unavailable|Unavailable|Low(38),-12.5667,13.4,BENGUELA|Unavailable|Unavailable|Low(38),-12.853,13.928,BENGUELA|Unavailable|Unavailable|Low(38)",Chlorocichla falkensteini,1957.35.182,1,NA,NA,NA,NA
"N'dalatando, Cuanza Norte","Angola, Angola",NA,NA,-9.326953,14.916045,yes,,,,,Chlorocichla falkensteini,"1910.5.6.589, 1910.5.6.592",2,NA,NA,NA,NA
"Near Cuvo River, 12 miles south-west of Gabela, Cuanza Sul",Angola,NA,NA,-10.980425,14.30053,yes,Medium(49),Unavailable,,"-6.794451,15.11166,Near CUVO|Unavailable|Unavailable|Medium(49),-9.216501,16.349001,Near CUVO|Unavailable|Unavailable|Medium(49),-9.802246,15.390444,Near CUVO|Unavailable|Unavailable|Medium(49),-10.839879,13.795859,Near CUVO|Unavailable|Unavailable|Medium(49),-10.858908,13.794264,Near CUVO|Unavailable|Unavailable|Medium(49),-11.470777,14.678303,Near CUVO|Unavailable|Unavailable|Medium(49),-12.15,15.583333,Near CUVO|Unavailable|Unavailable|Medium(49)",Chlorocichla falkensteini,1957.35.180,1,NA,NA,NA,NA
Durban,"South Africa, South Africa, South Africa",NA,NA,-29.841656,30.930397,yes,,,,,Chlorocichla flaviventris,"85.1.3.4, 95.5.1.730, 79.9.7.96",3,NA,NA,NA,NA
Illovo,South Africa,NA,NA,-26.1333,28.05,yes,High(81),Unavailable,,"-22.512332,28.729888,ILLOVO|Unavailable|Unavailable|High(81),-29.833333,30.2,ILLOVO|Unavailable|Unavailable|High(81),-30.116667,30.85,ILLOVO|Unavailable|Unavailable|High(81),-22.533375,28.735764,ILLOVO|Unavailable|Unavailable|High(81),-26.1333,28.05,ILLOVO|Unavailable|Unavailable|High(81),-30.1,30.8333,ILLOVO|Unavailable|Unavailable|High(81),-30.111773,30.852597,ILLOVO|Unavailable|Unavailable|High(81)",Chlorocichla flaviventris,1905.12.29.1952,1,NA,NA,NA,NA
Inland Durban Natal,South Africa,NA,NA,-29.857896,31.029198,yes,Low(36),Unavailable,,"-29.85,31.033333,DURBAN|Unavailable|Unavailable|Low(36),-29.857896,31.029198,DURBAN|Unavailable|Unavailable|Low(36),-22.620184,29.501299,DURBAN|Unavailable|Unavailable|Low(36),-26.183333,27.833333,DURBAN|Unavailable|Unavailable|Low(36),-26.183333,27.8,DURBAN|Unavailable|Unavailable|Low(36),-29.8833,31,DURBAN|Unavailable|Unavailable|Low(36),-23.661891,28.030794,DURBAN|Unavailable|Unavailable|Low(36),-29.866667,31.05,NATAL|Unavailable|Unavailable|Low(35),-28.388578,27.228258,NATAL|Unavailable|Unavailable|Low(35),-29,30,NATAL|Unavailable|Unavailable|Low(35),-26.429855,28.16055,NATAL|Unavailable|Unavailable|Low(35),-29,30,NATAL|Unavailable|Unavailable|Low(35),-22.909428,29.399831,NATAL|Unavailable|Unavailable|Low(35)",Chlorocichla flaviventris,1967-368,1,NA,NA,NA,NA
"Mikindani, Mtwara-Distr., Tanganyika",United Republic of Tanzania,NA,NA,-10.283333,40.116667,yes,Low(40),Unavailable,,"-9.116667,35.65,TANGANYIKA|Unavailable|Unavailable|Low(40),-5.159042,38.8025,TANGANYIKA|Unavailable|Unavailable|Low(40),-6,35,TANGANYIKA|Unavailable|Unavailable|Low(40),-5.4,39.65,MIKINDANI|Unavailable|Unavailable|Low(39),-5.116667,39.783333,MIKINDANI|Unavailable|Unavailable|Low(39),-5.066667,39.75,MIKINDANI|Unavailable|Unavailable|Low(39),-10.266667,40.183333,MIKINDANI|Unavailable|Unavailable|Low(39),-10.283333,40.116667,MIKINDANI|Unavailable|Unavailable|Low(39),-10.2667,40.0833,MIKINDANI|Unavailable|Unavailable|Low(39),-10.295164,40.111164,MIKINDANI|Unavailable|Unavailable|Low(39),-6.033333,39.233333,MIKINDANI|Unavailable|Unavailable|Low(39),-10.666667,39,MTWARA|Unavailable|Unavailable|Low(36),-10.266667,40.183333,MTWARA|Unavailable|Unavailable|Low(36),-10.47941,39.988072,MTWARA|Unavailable|Unavailable|Low(36),-10.8,39.133333,MTWARA|Unavailable|Unavailable|Low(36),-10.2833,40.1833,MTWARA|Unavailable|Unavailable|Low(36),-5.35,39.65,KINDANI|Unavailable|Unavailable|Low(24)",Chlorocichla flaviventris,1965.493,1,NA,NA,NA,NA
"Olumoti- Masail, N-Tansania",United Republic of Tanzania,NA,NA,-3.027142,35.626478,yes,Low(38),,,"-6,35,TANSANIA|Unavailable|Unavailable|Low(38),-6,35,TANSANIA|Unavailable|Unavailable|Low(38)",Chlorocichla flaviventris,1992-057,1,NA,NA,NA,NA
"Pugu Hills Forest Reserve, Kisarawe Distr., Coast Region, Tanzania",United Republic of Tanzania,NA,NA,-6.9,39.083333,yes,Low(42),Unavailable,,"-7.25,38.833333,COAST REGION|Unavailable|Unavailable|Low(42),-6,35,TANZANIA|Unavailable|Unavailable|Low(38),-6,35,TANZANIA|Unavailable|Unavailable|Low(38),-6.9,39.066667,KISARAWE|Unavailable|Unavailable|Low(38),-6.9,39.083333,KISARAWE|Unavailable|Unavailable|Low(38),-7.145858,38.695199,KISARAWE|Unavailable|Unavailable|Low(38),-6.9261,39.000792,KISARAWE|Unavailable|Unavailable|Low(38),-6.9,39.066667,KISARAWE|Unavailable|Unavailable|Low(38),-7,39,COAST|Unavailable|Unavailable|Low(35),-7.25,38.833333,COAST|Unavailable|Unavailable|Low(35),-6.983333,37.816667,PUGU|Unavailable|Unavailable|Low(34),-6.896464,39.122468,PUGU|Unavailable|Unavailable|Low(34),-6.9,39.116667,PUGU|Unavailable|Unavailable|Low(34)",Chlorocichla flaviventris,2012-192,1,NA,NA,NA,NA
"Same District North Pare Mountains, Tansania",United Republic of Tanzania,NA,NA,-4,37.75,yes,Low(50),Unavailable,,"-3.75,37.666667,NORTH PARE MOUNTAINS|Unavailable|Unavailable|Low(50),-4,37.75,PARE MOUNTAINS|Unavailable|Unavailable|Low(44),-4.221991,37.882783,SAME DISTRICT|Unavailable|Unavailable|Low(43),-6,35,TANSANIA|Unavailable|Unavailable|Low(38),-6,35,TANSANIA|Unavailable|Unavailable|Low(38),-4.066667,37.733333,SAME|Unavailable|Unavailable|Low(34),-4.221991,37.882783,SAME|Unavailable|Unavailable|Low(34),-4.0667,37.6833,SAME|Unavailable|Unavailable|Low(34),-4.035103,37.6974,SAME|Unavailable|Unavailable|Low(34),-4.138185,37.580691,SAME|Unavailable|Unavailable|Low(34)",Chlorocichla flaviventris,1959-540,1,NA,NA,NA,NA
Tanganyika,United Republic of Tanzania,NA,NA,-9.116667,35.65,yes,High(85),Unavailable,,"-6,35,TANGANYIKA|Unavailable|Unavailable|High(85),-9.116667,35.65,TANGANYIKA|Unavailable|Unavailable|High(85),-5.159042,38.8025,TANGANYIKA|Unavailable|Unavailable|High(85)",Chlorocichla flaviventris,1959.541,1,NA,NA,NA,NA
"Tundavala (Sa da Bandira), Hoila, Angola",Angola,NA,NA,-14.860448,13.446402,yes,Low(36),Unavailable,,"-14.133333,14.5,ANGOLA|Unavailable|Unavailable|Low(36),-12.5,18.5,ANGOLA|Unavailable|Unavailable|Low(36),-12.5,18.5,ANGOLA|Unavailable|Unavailable|Low(36)",Chlorocichla flaviventris,1966-642,1,NA,NA,NA,NA
"Gilo, Imatong Mts",South Sudan,NA,NA,4.038061,32.843762,yes,Low(37),Unavailable,,"4.170839,32.761496,IMATONG|Unavailable|Unavailable|Low(37),4.038061,32.843762,GILO|Unavailable|Unavailable|Low(34)",Chlorocichla laetissima,1949.30.137,1,NA,NA,NA,NA
"Mpanga Forest, Fort Portal","Uganda, Uganda, Uganda",NA,NA,0.080535,30.336113,yes,,,,,Chlorocichla laetissima,"1906.12.23.1338, 1906.12.23.1337, 1906.12.23.1339",3,NA,NA,NA,NA
"Upper Talanga, Sudan","Sudan, Sudan",NA,NA,3.934627,32.764863,yes,,,,,Chlorocichla laetissima,"1980-261, 1980-260",2,NA,NA,NA,NA
"Grassfield, Mt Nimba","Liberia, Liberia",NA,NA,7.48719,-8.570038,yes,,,,,Chlorocichla simplex,"1977.20.1106, 1977.20.1119",2,NA,NA,NA,NA
"Mine Road, Mt Nimba",Liberia,NA,NA,7.553343,-8.495444,yes,Low(35),,,"7.493611,-8.585,NIMBA|Unavailable|Unavailable|Low(35),7.488889,-8.570833,NIMBA|Unavailable|Unavailable|Low(35),6.75,-8.75,NIMBA|Unavailable|Unavailable|Low(35),6.816667,-8.783333,NIMBA|Unavailable|Unavailable|Low(35)",Chlorocichla simplex,1977.20.1117,1,NA,NA,NA,NA
"Yekepa, Mt Nimba",Liberia,NA,NA,7.579444,-8.537778,no,Low(36),unavailable,,"7.579444,-8.537778,YEKEPA|Unavailable|Unavailable|Low(36),7.488889,-8.570833,NIMBA|Unavailable|Unavailable|Low(35),7.493611,-8.585,NIMBA|Unavailable|Unavailable|Low(35),6.816667,-8.783333,NIMBA|Unavailable|Unavailable|Low(35),6.75,-8.75,NIMBA|Unavailable|Unavailable|Low(35)",Chlorocichla simplex,1977.20.1112,1,NA,NA,NA,NA
Fumsu,Ghana,NA,NA,6.106053,-1.452838,yes,,,,,Criniger barbatus,1911.12.23.1701,1,NA,NA,NA,NA
Mt. Nimba,Liberia,NA,NA,7.518329,-8.508855,yes,Low(35),,,"7.493611,-8.585,NIMBA|Unavailable|Unavailable|Low(35),7.488889,-8.570833,NIMBA|Unavailable|Unavailable|Low(35),6.75,-8.75,NIMBA|Unavailable|Unavailable|Low(35),6.816667,-8.783333,NIMBA|Unavailable|Unavailable|Low(35)",Criniger barbatus,1977.20.1249,1,NA,NA,NA,NA
York Pass,Sierra Leone,NA,NA,8.2833,-13.1667,yes,Low(34),Unavailable,,"7.541151,-12.46296,YORK|Unavailable|Unavailable|Low(34),8.284904,-13.180598,YORK|Unavailable|Unavailable|Low(34),8.2833,-13.1667,YORK|Unavailable|Unavailable|Low(34)",Criniger barbatus,1937.10.15.62,1,NA,NA,NA,NA
near Bintumane Peak,Sierra Leone,NA,NA,9.211573,-11.127653,yes,,,,,Criniger barbatus,1930.12.3.288,1,NA,NA,NA,NA
Efulen,Cameroon,NA,NA,2.766667,10.716667,yes,High(81),Unavailable,,"2.766667,10.716667,EFULEN|Unavailable|Unavailable|High(81),2.783333,10.533333,EFULEN|Unavailable|Unavailable|High(81)",Criniger calurus,1902.7.15.10,1,NA,NA,NA,NA
Kumba,Cameroon,NA,NA,4.65,9.4333,yes,High(80),Unavailable,,"4.6363,9.4469,KUMBA|Unavailable|Unavailable|High(80),4.6921,9.2097,KUMBA|Unavailable|Unavailable|High(80),4.65,9.4333,KUMBA|Unavailable|Unavailable|High(80),4.5307,9.4997,KUMBA|Unavailable|Unavailable|High(80)",Criniger calurus,1966.16.840,1,NA,NA,NA,NA
"Omanelu, Rivers Province",Nigeria,NA,NA,5.203229,6.865112,yes,Low(36),,,"4.75,6.833333,RIVERS|Unavailable|Unavailable|Low(36)",Criniger calurus,1966.16.865,1,NA,NA,NA,NA
"Umuagwu, Owerri Province","Nigeria, Nigeria, Nigeria",NA,NA,5.306969,6.938658,yes,,,,,Criniger calurus,"1966.16.857, 1966.16.853, 1966.16.847",3,NA,NA,NA,NA
"Komo River, 60 miles from Gabon",Equatorial Guinea,NA,NA,0.15,9.833333,yes,Low(34),,,"0.15,9.833333,KOMO|Unavailable|Unavailable|Low(34)",Criniger chloronotus,1901.4.24.11,1,NA,NA,NA,NA
"Kumba, Southwest Province",Cameroon,NA,NA,4.65,9.4333,yes,Low(35),Unavailable,,"4.5307,9.4997,KUMBA|Unavailable|Unavailable|Low(35),4.6363,9.4469,KUMBA|Unavailable|Unavailable|Low(35),4.6921,9.2097,KUMBA|Unavailable|Unavailable|Low(35),4.65,9.4333,KUMBA|Unavailable|Unavailable|Low(35),5.5,10.666667,WEST PROVINCE|Unavailable|Unavailable|Low(30),5.5,10.5,WEST PROVINCE|Unavailable|Unavailable|Low(30)",Criniger chloronotus,1966.16.1668,1,NA,NA,NA,NA
Landana,Republic of Congo,NA,NA,-5.23473,12.162915,yes,,,,,Criniger chloronotus,95.5.1.675,1,NA,NA,NA,NA
Ekona,Cameroon,NA,NA,4.231839,9.324966,yes,High(80),,,"5.0288,9.4924,EKONA|Unavailable|Unavailable|High(80)",Criniger ndussumensis,1966.16.802,1,NA,NA,NA,NA
Kumba,Cameroon,NA,NA,4.65,9.4333,yes,High(80),Unavailable,,"4.6363,9.4469,KUMBA|Unavailable|Unavailable|High(80),4.6921,9.2097,KUMBA|Unavailable|Unavailable|High(80),4.65,9.4333,KUMBA|Unavailable|Unavailable|High(80),4.5307,9.4997,KUMBA|Unavailable|Unavailable|High(80)",Criniger ndussumensis,1966.16.805,1,NA,NA,NA,NA
Ndor,Cameroon,NA,NA,4.883333,9.433333,no,High(79),unavailable,,"4.883333,9.433333,NDOR|Unavailable|Unavailable|High(79)",Criniger ndussumensis,1966.16.803,1,NA,NA,NA,NA
Umuagu,Nigeria,NA,NA,5.307124,6.943678,yes,High(81),Unavailable,,"5.233333,7.416667,UMUAGU|Unavailable|Unavailable|High(81),5.307124,6.943678,UMUAGU|Unavailable|Unavailable|High(81),5.150101,7.393744,UMUAGU|Unavailable|Unavailable|High(81),6.26553,7.36431,UMUAGU|Unavailable|Unavailable|High(81),6.15816,7.291489,UMUAGU|Unavailable|Unavailable|High(81)",Criniger ndussumensis,1966.16.801,1,NA,NA,NA,NA
Mt. Nimba,"Liberia, Liberia, Liberia, Liberia",NA,NA,7.503267,-8.516544,yes,,,,,Criniger olivaceus,"1977.20.1273, 1977.20.1280, 1977.20.1279, 1977.20.1272",4,NA,NA,NA,NA
"Aba, Abai, Nigeria",Nigeria,NA,NA,5.1,7.35,yes,Low(37),Unavailable,,"10,8,NIGERIA|Unavailable|Unavailable|Low(37),10,8,NIGERIA|Unavailable|Unavailable|Low(37),5.416667,7.5,ABAI|Unavailable|Unavailable|Low(34),6.81762,9.610869,ABA|Unavailable|Unavailable|Low(33),7.7,3.566667,ABA|Unavailable|Unavailable|Low(33),7.61554,8.190353,ABA|Unavailable|Unavailable|Low(33),7.35208,8.172406,ABA|Unavailable|Unavailable|Low(33),7.465366,9.283496,ABA|Unavailable|Unavailable|Low(33),4.822309,7.490881,ABA|Unavailable|Unavailable|Low(33),7.983333,3.133333,ABA|Unavailable|Unavailable|Low(33),7.194875,8.601925,ABA|Unavailable|Unavailable|Low(33),11.019253,7.762308,ABA|Unavailable|Unavailable|Low(33),8.914444,7.635556,ABA|Unavailable|Unavailable|Low(33),10.989055,7.724679,ABA|Unavailable|Unavailable|Low(33),7.308108,8.975673,ABA|Unavailable|Unavailable|Low(33),8.70207,12.470211,ABA|Unavailable|Unavailable|Low(33),5.106576,7.366667,ABA|Unavailable|Unavailable|Low(33),8.502647,12.277723,ABA|Unavailable|Unavailable|Low(33),6.494493,3.383927,ABA|Unavailable|Unavailable|Low(33),8.664109,12.346042,ABA|Unavailable|Unavailable|Low(33),7.786849,9.692825,ABA|Unavailable|Unavailable|Low(33),7.318081,8.78702,ABA|Unavailable|Unavailable|Low(33),5.1,7.35,ABA|Unavailable|Unavailable|Low(33),7.224878,8.521852,ABA|Unavailable|Unavailable|Low(33),7.37785,9.159263,ABA|Unavailable|Unavailable|Low(33),7.330338,9.147198,ABA|Unavailable|Unavailable|Low(33)",Eurillas ansorgei,1966.16.1035,1,NA,NA,NA,NA
"Grassfield, Mt Nimba",Liberia,NA,NA,7.488889,-8.570833,yes,Low(40),Unavailable,,"6.766667,-11.35,GRASSFIELD|Unavailable|Unavailable|Low(40),7.488889,-8.570833,GRASSFIELD|Unavailable|Unavailable|Low(40),7.488889,-8.570833,NIMBA|Unavailable|Unavailable|Low(35),6.75,-8.75,NIMBA|Unavailable|Unavailable|Low(35),7.493611,-8.585,NIMBA|Unavailable|Unavailable|Low(35),6.816667,-8.783333,NIMBA|Unavailable|Unavailable|Low(35)",Eurillas ansorgei,1977.20.985,1,NA,NA,NA,NA
Umuagwu,Nigeria,NA,NA,5.293845,6.896488,yes,High(82),Unavailable,,"5.293845,6.896488,UMUAGWU|Unavailable|Unavailable|High(82)",Eurillas ansorgei,1966.16.1028,1,NA,NA,NA,NA
"Umuagwu, Owerri Province",Nigeria,NA,NA,5.293845,6.896488,no,Low(37),unavailable,,"5.293845,6.896488,UMUAGWU|Unavailable|Unavailable|Low(37),5.75,7.116667,OWERRI|Unavailable|Unavailable|Low(36),5.4833,7.0333,OWERRI|Unavailable|Unavailable|Low(36),5.483626,7.033248,OWERRI|Unavailable|Unavailable|Low(36)",Eurillas ansorgei,1966.16.1029,1,NA,NA,NA,NA
Feshi,Democratic Republic of the Congo,NA,NA,-6.116667,18.166667,yes,High(80),Unavailable,,"-6.116667,18.166667,FESHI|Unavailable|Unavailable|High(80),-6.216667,18.366667,FESHI|Unavailable|Unavailable|High(80)",Eurillas curvirostris,1961-2855,1,NA,NA,NA,NA
"Lager II, Malembe, N-O-Seite",Cameroon,NA,NA,2.147151,15.34808,yes,,,,,Eurillas curvirostris,1961-1283,1,NA,NA,NA,NA
Meme River Ferry,Cameroon,NA,NA,4.5316,9.0798,yes,Low(40),Unavailable,,"4.4758,8.8846,MEME RIVER|Unavailable|Unavailable|Low(40),4.4758,8.8846,MEME|Unavailable|Unavailable|Low(34),10.978093,14.241673,MEME|Unavailable|Unavailable|Low(34),4.5316,9.0798,MEME|Unavailable|Unavailable|Low(34),2.333333,10.75,MEME|Unavailable|Unavailable|Low(34)",Eurillas curvirostris,1966.16.1004,1,NA,NA,NA,NA
Ndoi,Cameroon,NA,NA,4.883333,9.433333,yes,High(79),Unavailable,,"5.081094,9.170743,NDOI|Unavailable|Unavailable|High(79),4.883333,9.433333,NDOI|Unavailable|Unavailable|High(79)",Eurillas curvirostris,1966.16.1003,1,NA,NA,NA,NA
San Carlos,"Equatorial Guinea, Equatorial Guinea",NA,NA,3.457938,8.551534,yes,,,,,Eurillas curvirostris,"1963-996, 1963-1001",2,NA,NA,NA,NA
Victoria,"Cameroon, Cameroon",NA,NA,4.013215,9.22067,yes,,,,,Eurillas curvirostris,"1966.16.985, 1966.16.972",2,NA,NA,NA,NA
Enugu,"Nigeria, Nigeria",NA,NA,6.435113,7.499314,yes,,,,,Eurillas gracilis,"1966.16.1087, 1966.16.1089",2,NA,NA,NA,NA
"Mamu Forest, Onitsha Province",Nigeria,NA,NA,6.361278,6.86069,yes,Low(37),Unavailable,,"6.149779,6.78569,ONITSHA|Unavailable|Unavailable|Low(37),6.1667,6.7833,ONITSHA|Unavailable|Unavailable|Low(37),6.437746,6.975491,MAMU|Unavailable|Unavailable|Low(34),6.361278,6.86069,MAMU|Unavailable|Unavailable|Low(34),7.083333,3.916667,MAMU|Unavailable|Unavailable|Low(34)",Eurillas gracilis,1966.16.1083,1,NA,NA,NA,NA
"Nibo, Nsukka",Nigeria,NA,NA,6.819863,7.168023,yes,Low(36),Unavailable,,"6.853294,7.34801,NSUKKA|Unavailable|Unavailable|Low(36),6.856543,7.385977,NSUKKA|Unavailable|Unavailable|Low(36),6.819863,7.168023,NIBO|Unavailable|Unavailable|Low(34),6.171972,7.067359,NIBO|Unavailable|Unavailable|Low(34)",Eurillas gracilis,1966.16.1084,1,NA,NA,NA,NA
"Basoala, Fernando Po (now Bioko)","Equatorial Guinea, Equatorial Guinea",NA,NA,3.654233,8.9197,yes,,,,,Eurillas latirostris,"297634, 297630",2,NA,NA,NA,NA
"Bitye, River Dja, South Region",Cameroon,NA,NA,3.016667,12.366667,yes,Low(42),Unavailable,,"2.75,11.583333,SOUTH REGION|Unavailable|Unavailable|Low(42),2.5,11.75,SOUTH REGION|Unavailable|Unavailable|Low(42),3.016667,12.366667,BITYE|Unavailable|Unavailable|Low(35),2.75,11.583333,SOUTH|Unavailable|Unavailable|Low(35),2.5,11.75,SOUTH|Unavailable|Unavailable|Low(35),4.466667,14.416667,DJA|Unavailable|Unavailable|Low(33),5.483333,12.35,DJA|Unavailable|Unavailable|Low(33),2.433333,12.4,DJA|Unavailable|Unavailable|Low(33),2.033333,15.2,DJA|Unavailable|Unavailable|Low(33),5.3,12.233333,DJA|Unavailable|Unavailable|Low(33),3.816667,12.7,DJA|Unavailable|Unavailable|Low(33)",Eurillas latirostris,567517,1,NA,NA,NA,NA
"Clarence Mountain, Fernando Po (now Bioko)",Equatorial Guinea,NA,NA,3.5833,8.75,yes,Low(41),Unavailable,,"3.5,8.7,FERNANDO PO|Unavailable|Unavailable|Low(41),3.5,8.7,FERNANDO PO|Unavailable|Unavailable|Low(41),3.5833,8.75,BIOKO|Unavailable|Unavailable|Low(35),3.350442,8.662766,BIOKO|Unavailable|Unavailable|Low(35),3.5,8.7,BIOKO|Unavailable|Unavailable|Low(35)",Eurillas latirostris,567522,1,NA,NA,NA,NA
"Dilemme, Westkamerun",Cameroon,NA,NA,4.038906,9.190547,yes,Low(24),,,"6,12,KAMERUN|Unavailable|Unavailable|Low(24)",Eurillas latirostris,1968-760,1,NA,NA,NA,NA
"Lager VI, Isobi nahe Bibumti, Westseite Kamerungebirge",Cameroon,NA,NA,4.184475,9.001821,yes,Low(35),,,"4.120682,8.992438,ISOBI|Unavailable|Unavailable|Low(35),6,12,KAMERUN|Unavailable|Unavailable|Low(24)",Eurillas latirostris,1961-1270,1,NA,NA,NA,NA
"M'balnayo, Kamerun",Cameroon,NA,NA,3.509153,11.504457,yes,Low(37),,,"6,12,KAMERUN|Unavailable|Unavailable|Low(37)",Eurillas latirostris,1954-1086,1,NA,NA,NA,NA
"Nyasoso Kupe, Westkamerun",Cameroon,NA,NA,4.8277,9.6811,no,Low(37),unavailable,,"4.8277,9.6811,NYASOSO|Unavailable|Unavailable|Low(37),4.7571,9.6854,KUPE|Unavailable|Unavailable|Low(34),6,12,KAMERUN|Unavailable|Unavailable|Low(24)",Eurillas latirostris,1968-751,1,NA,NA,NA,NA
Ebolowa,Cameroon,NA,NA,2.9,11.15,no,High(82),unavailable,,"2.9,11.15,EBOLOWA|Unavailable|Unavailable|High(82),3.9,11.9,EBOLOWA|Unavailable|Unavailable|High(82),2.9,11.15,EBOLOWA|Unavailable|Unavailable|High(82)",Eurillas virens,388170,1,NA,NA,NA,NA
"Kimpoko, Zaire, Murashiya-Tshinyanye, Ngala-Kuhuma",Democratic Republic of the Congo,NA,NA,-4.234444,15.550278,no,Low(37),unavailable,,"-4.234444,15.550278,KIMPOKO|Unavailable|Unavailable|Low(37),-4.202222,15.551667,KIMPOKO|Unavailable|Unavailable|Low(37),0,25,ZAIRE|Unavailable|Unavailable|Low(35)",Eurillas virens,1979.716,1,NA,NA,NA,NA
Kribi,Cameroon,NA,NA,2.95,9.916667,no,High(80),unavailable,,"2.95,9.916667,KRIBI|Unavailable|Unavailable|High(80),2.933333,9.9,KRIBI|Unavailable|Unavailable|High(80),2.9333,9.9,KRIBI|Unavailable|Unavailable|High(80)",Eurillas virens,348736,1,NA,NA,NA,NA
"Lager IV, nahe dem Koto-Baromli-See, Nordseite, Kamerungebirge",Cameroon,NA,NA,4.46486,9.266765,yes,Low(34),,,"4.183333,9.633333,KOTO|Unavailable|Unavailable|Low(34),4.6902,9.1986,KOTO|Unavailable|Unavailable|Low(34),4.0957,9.7572,KOTO|Unavailable|Unavailable|Low(34),9.933333,13.85,DEM|Unavailable|Unavailable|Low(33),7.416667,15.383333,DEM|Unavailable|Unavailable|Low(33),4.233333,14.55,SEE|Unavailable|Unavailable|Low(33),9.770191,13.736678,DEM|Unavailable|Unavailable|Low(33),4.466667,14.433333,DEM|Unavailable|Unavailable|Low(33),4.25,13.8,DEM|Unavailable|Unavailable|Low(33),6,12,KAMERUN|Unavailable|Unavailable|Low(24)",Eurillas virens,1961-1314,1,NA,NA,NA,NA
"Lager IV, nahe dem Koto-Barumbi-See, Nordseite, Kamerungebirge",Cameroon,NA,NA,4.468454,9.26316,yes,Low(34),,,"4.183333,9.633333,KOTO|Unavailable|Unavailable|Low(34),4.6902,9.1986,KOTO|Unavailable|Unavailable|Low(34),4.0957,9.7572,KOTO|Unavailable|Unavailable|Low(34),9.933333,13.85,DEM|Unavailable|Unavailable|Low(33),7.416667,15.383333,DEM|Unavailable|Unavailable|Low(33),4.233333,14.55,SEE|Unavailable|Unavailable|Low(33),9.770191,13.736678,DEM|Unavailable|Unavailable|Low(33),4.466667,14.433333,DEM|Unavailable|Unavailable|Low(33),4.25,13.8,DEM|Unavailable|Unavailable|Low(33),6,12,KAMERUN|Unavailable|Unavailable|Low(24)",Eurillas virens,1961-1311,1,NA,NA,NA,NA
"Lager VI, Isobi nahe Bibumti, Westseite Kamerungebirge",Cameroon,NA,NA,4.120682,8.992438,no,Low(35),unavailable,,"4.120682,8.992438,ISOBI|Unavailable|Unavailable|Low(35),6,12,KAMERUN|Unavailable|Unavailable|Low(24)",Eurillas virens,1961-1273,1,NA,NA,NA,NA
"Lager VI, Isobi, nahe Bibumli, Westseite Kamerungebirge",Cameroon,NA,NA,4.120682,8.992438,no,Low(35),unavailable,,"4.120682,8.992438,ISOBI|Unavailable|Unavailable|Low(35),6,12,KAMERUN|Unavailable|Unavailable|Low(24)",Eurillas virens,1961-1312,1,NA,NA,NA,NA
Ncongsamba District,"Cameroon, Cameroon",NA,NA,4.976209,9.921497,yes,,,,,Eurillas virens,"415428, 415427",2,NA,NA,NA,NA
"Ndundulu Forest Reserve, Udzungwa Mts, Kilolo District; Iringa Region, Tanzania",United Republic of Tanzania,NA,NA,-7.743429,36.203281,yes,Low(43),Unavailable,,"-7.85,35.55,IRINGA REGION|Unavailable|Unavailable|Low(43),-6,35,TANZANIA|Unavailable|Unavailable|Low(38),-6,35,TANZANIA|Unavailable|Unavailable|Low(38),-1.816667,33.383333,IRINGA|Unavailable|Unavailable|Low(36),-8,35.85,KILOLO|Unavailable|Unavailable|Low(36),-7.766667,35.7,IRINGA|Unavailable|Unavailable|Low(36),-7.743429,36.203281,KILOLO|Unavailable|Unavailable|Low(36),-7.516829,35.2284,IRINGA|Unavailable|Unavailable|Low(36),-7.85,35.55,IRINGA|Unavailable|Unavailable|Low(36)",Eurillas virens,2012.175,1,NA,NA,NA,NA
"Uluguru North Forest Reserve, Muomero District, Morogoro Region, Tanzania","United Republic of Tanzania, United Republic of Tanzania",NA,NA,-6.8813,37.714297,yes,,,,,Eurillas virens,"2012.177, 2012.178",2,NA,NA,NA,NA
"Imperial River, Kanglatongbi, Manipur, Assam",India,NA,NA,24.960332,93.901939,yes,High(74),,,"24.836155,93.883528,(g3)Manipur  Assam|Unavailable|118574|High(74)",Hemixos flavala,1949.76.182,1,NA,NA,NA,NA
Manipur,India,NA,NA,24.75,93.833333,yes,High(82),62568,"POLYGON ((93.7791776259511 25.3126697965214, 93.725440080903 25.3062092381894, 93.6725348359179 25.2954970291983, 93.6208696775368 25.2806157845261, 93.5708424434651 25.2616802349145, 93.5228378505659 25.2388363070829, 93.4772244439205 25.2122599558932, 93.4343516940548 25.1821557592376, 93.3945472674422 25.1487552885023, 93.3581144931144 25.1123152693664, 93.3253300457051 25.0731155494093, 93.2964418636307 25.0314568899479, 93.2716673113963 24.9876586045611, 93.2511916092035 24.9420560576733, 93.23516653519 24.8949980496588, 93.223709388094 24.8468441142201, 93.2169022473143 24.7979617383896, 93.21479150533 24.748723537594, 93.2173876810758 24.6995044039134, 93.2246655089193 24.6506786502512, 93.2365642973974 24.6026171720818, 93.2529885499948 24.555684647912, 93.2738088393443 24.5102367992553, 93.2988629207113 24.4666177286073, 93.327957073885 24.4251573532198, 93.3608676781173 24.3861689647262, 93.3973429580989 24.349946903143, 93.4371049447214 24.3167643936885, 93.4798515955077 24.2868715392311, 93.5252590728354 24.2604934891472, 93.5729841613023 24.2378287953086, 93.6226668073981 24.2190479657326, 93.6739327643904 24.2042922250794, 93.7263963251346 24.193672489804, 93.7796631253757 24.1872685643748, 93.833333 24.1851285635617, 93.8870028746243 24.1872685643748, 93.9402696748654 24.193672489804, 93.9927332356096 24.2042922250794, 94.0439991926019 24.2190479657326, 94.0936818386977 24.2378287953086, 94.1414069271646 24.2604934891472, 94.1868144044924 24.2868715392311, 94.2295610552786 24.3167643936885, 94.2693230419011 24.349946903143, 94.3057983218827 24.3861689647262, 94.338708926115 24.4251573532198, 94.3678030792887 24.4666177286073, 94.3928571606557 24.5102367992553, 94.4136774500052 24.555684647912, 94.4301017026026 24.6026171720818, 94.4420004910807 24.6506786502512, 94.4492783189242 24.6995044039134, 94.4518744946701 24.748723537594, 94.4497637526857 24.7979617383896, 94.442956611906 24.8468441142201, 94.43149946481 24.8949980496588, 94.4154743907965 24.9420560576732, 94.3949986886037 24.9876586045611, 94.3702241363693 25.0314568899479, 94.3413359542949 25.0731155494093, 94.3085515068856 25.1123152693664, 94.2721187325578 25.1487552885023, 94.2323143059452 25.1821557592376, 94.1894415560795 25.2122599558932, 94.1438281494341 25.2388363070829, 94.0958235565349 25.2616802349145, 94.0457963224632 25.2806157845261, 93.9941311640821 25.2954970291983, 93.941225919097 25.3062092381894, 93.8874883740489 25.3126697965214, 93.833333 25.3148288681774, 93.7791776259511 25.3126697965214))","25.621997,82.640132,MANIPUR|Unavailable|Unavailable|High(82),25.208295,83.984557,MANIPUR|Unavailable|Unavailable|High(82),24.948075,81.402671,MANIPUR|Unavailable|Unavailable|High(82),25.383149,83.926319,MANIPUR|Unavailable|Unavailable|High(82),25.481034,82.101691,MANIPUR|Unavailable|Unavailable|High(82),25.189676,83.466013,MANIPUR|Unavailable|Unavailable|High(82),24.801706,80.47892,MANIPUR|Unavailable|Unavailable|High(82),25.35395,80.354603,MANIPUR|Unavailable|Unavailable|High(82),24.75,93.833333,MANIPUR|Unavailable|Unavailable|High(82),30.315976,77.388617,MANIPUR|Unavailable|Unavailable|High(82),22.281944,88.911111,MANIPUR|Unavailable|Unavailable|High(82),24.81722,92.954619,MANIPUR|Unavailable|Unavailable|High(82),27.829293,78.345945,MANIPUR|Unavailable|Unavailable|High(82),26.609796,79.665193,MANIPUR|Unavailable|Unavailable|High(82),21.346106,78.001184,MANIPUR|Unavailable|Unavailable|High(82),25.57714,82.498353,MANIPUR|Unavailable|Unavailable|High(82),27.052721,79.358072,MANIPUR|Unavailable|Unavailable|High(82),25.923728,81.706253,MANIPUR|Unavailable|Unavailable|High(82),26.167184,81.669165,MANIPUR|Unavailable|Unavailable|High(82),25.969437,81.509504,MANIPUR|Unavailable|Unavailable|High(82),26.095622,82.346313,MANIPUR|Unavailable|Unavailable|High(82),25.046449,84.076917,MANIPUR|Unavailable|Unavailable|High(82),25.641044,84.309804,MANIPUR|Unavailable|Unavailable|High(82),21.09161,82.905846,MANIPUR|Unavailable|Unavailable|High(82),26.127344,81.637461,MANIPUR|Unavailable|Unavailable|High(82),26.368296,83.295984,MANIPUR|Unavailable|Unavailable|High(82),25.924477,81.310816,MANIPUR|Unavailable|Unavailable|High(82),26.598477,81.327491,MANIPUR|Unavailable|Unavailable|High(82),25.847924,80.80533,MANIPUR|Unavailable|Unavailable|High(82),26.269052,81.796057,MANIPUR|Unavailable|Unavailable|High(82),29.151646,78.67664,MANIPUR|Unavailable|Unavailable|High(82),25.469329,81.477235,MANIPUR|Unavailable|Unavailable|High(82),26.020347,81.883192,MANIPUR|Unavailable|Unavailable|High(82)",Hemixos flavala,86.9.1.1008,1,NA,NA,NA,NA
Noa Dihing,India,NA,NA,27.747399,95.755978,yes,High(85),,,"27.747399,95.755978,NOA DIHING|Unavailable|Unavailable|High(85)",Hemixos flavala,95.7.14.1263,1,NA,NA,NA,NA
"Isle Mahe, Seychelles",Seychelles,NA,NA,-4.691414,55.476886,no,Medium(66),unavailable,,"-4.691414,55.476886,(g3)Mahe  Seychelles|Unavailable|15209|Medium(66),-4.568503,55.482691,(g3)Seychelles|Unavailable|101840|Medium(60)",Hypsipetes crassirostris,1906.12.21.311,1,NA,NA,NA,NA
"Isle of Praslin, Seychelles","Seychelles, Seychelles, Seychelles",NA,NA,-4.31986,55.714278,yes,,,,,Hypsipetes crassirostris,"1906.12.21.318, 1906.12.21.317, 1906.12.21.314",3,NA,NA,NA,NA
Dinagat Island,"Philippines, Philippines",NA,NA,10.114406,125.586638,yes,,,,,Hypsipetes everetti,"88.4.1.327, 1977.16.58",2,NA,NA,NA,NA
Surigao,"Philippines, Philippines",NA,NA,9.781656,125.483298,yes,,,,,Hypsipetes everetti,"88.4.1.323, 88.4.1.322",2,NA,NA,NA,NA
"Daping, Fujian",China,NA,NA,25.939954,118.218575,yes,Low(36),Unavailable,,"27.298611,111.866667,DAPING|Unavailable|Unavailable|Low(36),33.852231,106.838106,DAPING|Unavailable|Unavailable|Low(36),25.749722,112.293056,DAPING|Unavailable|Unavailable|Low(36),32.511944,110.886111,DAPING|Unavailable|Unavailable|Low(36),34.579465,103.923581,DAPING|Unavailable|Unavailable|Low(36),35.970068,105.566691,DAPING|Unavailable|Unavailable|Low(36),26.025725,116.526893,DAPING|Unavailable|Unavailable|Low(36),23.858177,116.215135,DAPING|Unavailable|Unavailable|Low(36),27.381944,112.378889,DAPING|Unavailable|Unavailable|Low(36),25.810556,119.158056,DAPING|Unavailable|Unavailable|Low(36),22.9,111.2,DAPING|Unavailable|Unavailable|Low(36),26.708889,110.488611,DAPING|Unavailable|Unavailable|Low(36),25.557778,117.536667,DAPING|Unavailable|Unavailable|Low(36),25.706389,117.968611,DAPING|Unavailable|Unavailable|Low(36),25.756667,109.720833,DAPING|Unavailable|Unavailable|Low(36),23.570833,115.846944,DAPING|Unavailable|Unavailable|Low(36),33.585465,106.473167,DAPING|Unavailable|Unavailable|Low(36),23.606787,114.441542,DAPING|Unavailable|Unavailable|Low(36),30.357078,107.06008,DAPING|Unavailable|Unavailable|Low(36),22.679586,112.515412,DAPING|Unavailable|Unavailable|Low(36),32.00478,105.360979,DAPING|Unavailable|Unavailable|Low(36),31.4646,105.55139,DAPING|Unavailable|Unavailable|Low(36),31.779708,108.32873,DAPING|Unavailable|Unavailable|Low(36),31.993633,104.77448,DAPING|Unavailable|Unavailable|Low(36),31.748712,104.430021,DAPING|Unavailable|Unavailable|Low(36),26.600245,117.310279,DAPING|Unavailable|Unavailable|Low(36),26.508732,117.884351,DAPING|Unavailable|Unavailable|Low(36),23.389167,116.01,DAPING|Unavailable|Unavailable|Low(36),32.539133,104.179524,DAPING|Unavailable|Unavailable|Low(36),27.77974,105.474057,DAPING|Unavailable|Unavailable|Low(36),22.414194,111.569076,DAPING|Unavailable|Unavailable|Low(36),32.453144,105.087239,DAPING|Unavailable|Unavailable|Low(36),26.703,117.831531,DAPING|Unavailable|Unavailable|Low(36)",Hypsipetes leucocephalus,1905.12.24.541,1,NA,NA,NA,NA
"Fujian, South China",China,NA,NA,26.25,118,yes,Low(36),Unavailable,,"28.926509,106.129716,FUJIAN|Unavailable|Unavailable|Low(36),26.25,118,FUJIAN|Unavailable|Unavailable|Low(36),23.3478,109.674,FUJIAN|Unavailable|Unavailable|Low(36),28.926509,106.129716,FUJIAN|Unavailable|Unavailable|Low(36),35,105,CHINA|Unavailable|Unavailable|Low(35),35,105,CHINA|Unavailable|Unavailable|Low(35)",Hypsipetes leucocephalus,1918.6.25.63,1,NA,NA,NA,NA
Kuatun,China,NA,NA,27.737688,117.651142,yes,,,,,Hypsipetes leucocephalus,98.1.28.37,1,NA,NA,NA,NA
"Wuyishan National Park, Fujian, South China",China,NA,NA,27.759947,118.030659,no,Low(38),unavailable,,"27.759947,118.030659,WUYISHAN|Unavailable|Unavailable|Low(38),27.706516,118.016784,WUYISHAN|Unavailable|Unavailable|Low(38),28.004733,117.811377,WUYISHAN|Unavailable|Unavailable|Low(38),26.25,118,FUJIAN|Unavailable|Unavailable|Low(36),23.3478,109.674,FUJIAN|Unavailable|Unavailable|Low(36),28.926509,106.129716,FUJIAN|Unavailable|Unavailable|Low(36),28.926509,106.129716,FUJIAN|Unavailable|Unavailable|Low(36),35,105,CHINA|Unavailable|Unavailable|Low(35),35,105,CHINA|Unavailable|Unavailable|Low(35)",Hypsipetes leucocephalus,1900.1.18.504,1,NA,NA,NA,NA
Thenganee Sakan,Myanmar,NA,NA,16.554702,98.463033,yes,Low(35),Unavailable,,"21.316667,93.95,SAKAN|Unavailable|Unavailable|Low(35),22.190761,94.456899,SAKAN|Unavailable|Unavailable|Low(35),22.020603,94.434665,SAKAN|Unavailable|Unavailable|Low(35),21.316667,93.95,E SAKAN|Unavailable|Unavailable|Low(24)",Hypsipetes leucocephalus,86.9.1.935,1,NA,NA,NA,NA
Thowngyah,"Thailand, Thailand",NA,NA,15.881229,101.504072,yes,,,,,Hypsipetes leucocephalus,"86.9.1.933, 86..9.1.930",2,NA,NA,NA,NA
Tonghoo,Myanmar,NA,NA,18.942623,96.450018,yes,,,,,Hypsipetes leucocephalus,80.10.19.23,1,NA,NA,NA,NA
Lanandroka,Madagascar,NA,NA,-25.026731,44.076515,yes,Low(24),Unavailable,,"-25.130208,44.454527,ANDROKA|Unavailable|Unavailable|Low(24),-18.119308,44.18966,ANDROKA|Unavailable|Unavailable|Low(24),-17.505442,49.411078,ANDROKA|Unavailable|Unavailable|Low(24),-24.50926,46.99271,ANDROKA|Unavailable|Unavailable|Low(24),-25.026731,44.076515,ANDROKA|Unavailable|Unavailable|Low(24),-18.875706,45.27838,ANDROKA|Unavailable|Unavailable|Low(24),-23.808284,45.681957,ANDROKA|Unavailable|Unavailable|Low(24)",Hypsipetes madagascariensis,1931.8.18.2253,1,NA,NA,NA,NA
"Tabiky, SW Madagascar",Madagascar,NA,NA,-22.124758,44.251272,yes,Low(40),,,"-20,47,MADAGASCAR|Unavailable|Unavailable|Low(40),-20,47,MADAGASCAR|Unavailable|Unavailable|Low(40)",Hypsipetes madagascariensis,1931.8.18.2271,1,NA,NA,NA,NA
"Tsiandro, WC Madagascar",Madagascar,NA,NA,-18.74347,44.902683,yes,Low(40),Unavailable,,"-20,47,MADAGASCAR|Unavailable|Unavailable|Low(40),-20,47,MADAGASCAR|Unavailable|Unavailable|Low(40),-18.719764,44.952158,TSIANDRO|Unavailable|Unavailable|Low(38),-18.74347,44.902683,TSIANDRO|Unavailable|Unavailable|Low(38)",Hypsipetes madagascariensis,1931.8.18.2255,1,NA,NA,NA,NA
"Vondrozo, SE Magagascar",Madagascar,NA,NA,-22.820834,47.319774,no,Low(38),unavailable,,"-22.820834,47.319774,VONDROZO|Unavailable|Unavailable|Low(38),-23.359205,46.172998,VONDROZO|Unavailable|Unavailable|Low(38),-22.8333,47.3333,VONDROZO|Unavailable|Unavailable|Low(38)",Hypsipetes madagascariensis,1931.8.18.2277,1,NA,NA,NA,NA
Mauritius,Mauritius,NA,NA,-20.3,57.583333,no,High(84),unavailable,,"-20.3,57.583333,MAURITIUS|Unavailable|Unavailable|High(84),-20.2833,57.55,MAURITIUS|Unavailable|Unavailable|High(84),-20.3,57.5833,MAURITIUS|Unavailable|Unavailable|High(84)",Hypsipetes olivaceus,55.12.19.296,1,NA,NA,NA,NA
"Catbalogan, Samar",Philippines,NA,NA,11.774312,124.879159,no,Medium(60),unavailable,,"11.774312,124.879159,(g3)Catbalogan|Unavailable|1791|Medium(60)",Hypsipetes philippinus,96.6.6.304,1,NA,NA,NA,NA
Cebu,Philippines,NA,NA,10.311111,123.891667,yes,High(79),Unavailable,,"14.463389,121.002733,CEBU|Unavailable|Unavailable|High(79),14.444931,120.978494,CEBU|Unavailable|Unavailable|High(79),14.319627,121.078253,CEBU|Unavailable|Unavailable|High(79),10.333333,123.75,CEBU|Unavailable|Unavailable|High(79),10.321272,123.75461,CEBU|Unavailable|Unavailable|High(79),10.3,123.9,CEBU|Unavailable|Unavailable|High(79),14.437444,121.029016,CEBU|Unavailable|Unavailable|High(79),10.321,123.754,CEBU|Unavailable|Unavailable|High(79),10.311,123.891,CEBU|Unavailable|Unavailable|High(79),10.3,123.9,CEBU|Unavailable|Unavailable|High(79),16.751874,121.596099,CEBU|Unavailable|Unavailable|High(79),10.311111,123.891667,CEBU|Unavailable|Unavailable|High(79),16.781784,121.587343,CEBU|Unavailable|Unavailable|High(79)",Hypsipetes philippinus,88.4.1.339,1,NA,NA,NA,NA
S. Leyte,Philippines,NA,NA,10.436592,124.988116,yes,Low(35),,,"11.3697,124.4873,LEYTE|Unavailable|Unavailable|Low(35),10.833333,124.833333,LEYTE|Unavailable|Unavailable|Low(35),11.366667,124.5,LEYTE|Unavailable|Unavailable|Low(35),11.3556,124.4758,LEYTE|Unavailable|Unavailable|Low(35),11.002,124.857,LEYTE|Unavailable|Unavailable|Low(35),11.3833,124.4833,LEYTE|Unavailable|Unavailable|Low(35),11.002682,124.857732,LEYTE|Unavailable|Unavailable|Low(35),10.8333,124.8333,LEYTE|Unavailable|Unavailable|Low(35)",Hypsipetes philippinus,88.4.1.343,1,NA,NA,NA,NA
San Mateo,Philippines,NA,NA,14.683333,121.15,yes,High(84),Unavailable,,"14.0081,121.4013,SAN MATEO|Unavailable|Unavailable|High(84),14.1116,121.2991,SAN MATEO|Unavailable|Unavailable|High(84),11.631667,125.3925,SAN MATEO|Unavailable|Unavailable|High(84),11.3,124.7,SAN MATEO|Unavailable|Unavailable|High(84),6.933333,122.016667,SAN MATEO|Unavailable|Unavailable|High(84),18.0499,120.6072,SAN MATEO|Unavailable|Unavailable|High(84),14.6982,121.1236,SAN MATEO|Unavailable|Unavailable|High(84),7.176389,124.5775,SAN MATEO|Unavailable|Unavailable|High(84),14.683333,121.15,SAN MATEO|Unavailable|Unavailable|High(84),8.786944,125.594722,SAN MATEO|Unavailable|Unavailable|High(84),13.987778,122.298611,SAN MATEO|Unavailable|Unavailable|High(84),17.13754,121.745344,SAN MATEO|Unavailable|Unavailable|High(84),10.661,122.0763,SAN MATEO|Unavailable|Unavailable|High(84),7.149444,124.583056,SAN MATEO|Unavailable|Unavailable|High(84),14.8742,121.1283,SAN MATEO|Unavailable|Unavailable|High(84),16.881986,121.584372,SAN MATEO|Unavailable|Unavailable|High(84),14.317251,120.968703,SAN MATEO|Unavailable|Unavailable|High(84),17.294536,121.804652,SAN MATEO|Unavailable|Unavailable|High(84),14.567703,121.06058,SAN MATEO|Unavailable|Unavailable|High(84),14.638193,120.973338,SAN MATEO|Unavailable|Unavailable|High(84),14.570292,121.020321,SAN MATEO|Unavailable|Unavailable|High(84),15.200082,120.794599,SAN MATEO|Unavailable|Unavailable|High(84),16.866667,121.583333,SAN MATEO|Unavailable|Unavailable|High(84),11.803333,125.434167,SAN MATEO|Unavailable|Unavailable|High(84),15.833333,120.65,SAN MATEO|Unavailable|Unavailable|High(84),18.244,120.5547,SAN MATEO|Unavailable|Unavailable|High(84),18.1722,120.6299,SAN MATEO|Unavailable|Unavailable|High(84)",Hypsipetes philippinus,88.4.1.335,1,NA,NA,NA,NA
Basilan,"Philippines, Philippines",NA,NA,6.56667,122.020024,yes,,,,,Hypsipetes rufigularis,"88.4.1.331, 88.4.1.332",2,NA,NA,NA,NA
Zamboango,Philippines,NA,NA,7.152615,122.116154,yes,,,,,Hypsipetes rufigularis,88.4.1.329,1,NA,NA,NA,NA
"GUNONG, SIDONG, SAMARAHAN, SARAWAK",Malaysia,NA,NA,1.156267,110.57392,yes,Low(37),Unavailable,,"2.5,113.5,SARAWAK|Unavailable|Unavailable|Low(37),1.5333,110.3333,SARAWAK|Unavailable|Unavailable|Low(37),5.9713,102.360855,GUNONG|Unavailable|Unavailable|Low(36),6.192983,100.346052,GUNONG|Unavailable|Unavailable|Low(36),5.983333,102.35,GUNONG|Unavailable|Unavailable|Low(36)",Iole charlottae,1927.4.18.564,1,NA,NA,NA,NA
"MT. KALULONG, SARAWAK, BORNEO",Malaysia,NA,NA,3.216991,114.648824,yes,Low(37),Unavailable,,"2.5,113.5,SARAWAK|Unavailable|Unavailable|Low(37),1.5333,110.3333,SARAWAK|Unavailable|Unavailable|Low(37),1,114,BORNEO|Unavailable|Unavailable|Low(36),4,115,BORNEO|Unavailable|Unavailable|Low(36)",Iole charlottae,1893.7.2.65,1,NA,NA,NA,NA
"MT.DULIT, SARAWAK",Malaysia,NA,NA,3.32916,114.149278,yes,Low(37),,,"2.5,113.5,SARAWAK|Unavailable|Unavailable|Low(37),1.5333,110.3333,SARAWAK|Unavailable|Unavailable|Low(37)",Iole charlottae,1900.2.15.28,1,NA,NA,NA,NA
SARAWAK,Malaysia,NA,NA,2.5,113.5,yes,High(82),,,"2.5,113.5,SARAWAK|Unavailable|Unavailable|High(82),1.5333,110.3333,SARAWAK|Unavailable|Unavailable|High(82)",Iole charlottae,1888.4.1.312,1,NA,NA,NA,NA
"Iwahig, Palawan",Philippines,NA,NA,9.750278,118.661667,yes,Low(37),Unavailable,,"11.0366,124.3964,PALAWAN|Unavailable|Unavailable|Low(37),9.5,118.5,PALAWAN|Unavailable|Unavailable|Low(37),8.633333,123.4,PALAWAN|Unavailable|Unavailable|Low(37),11.8921,121.5455,PALAWAN|Unavailable|Unavailable|Low(37),16.7304,121.7353,PALAWAN|Unavailable|Unavailable|Low(37),10.7891,124.555,PALAWAN|Unavailable|Unavailable|Low(37),10.066713,118.905002,PALAWAN|Unavailable|Unavailable|Low(37),16.724039,121.847291,PALAWAN|Unavailable|Unavailable|Low(37),14.417578,121.030226,PALAWAN|Unavailable|Unavailable|Low(37),10.066,118.905,PALAWAN|Unavailable|Unavailable|Low(37),9.5,118.5,PALAWAN|Unavailable|Unavailable|Low(37),14.632553,121.001169,PALAWAN|Unavailable|Unavailable|Low(37),16.704815,121.850321,PALAWAN|Unavailable|Unavailable|Low(37),9.282778,118.075556,IWAHIG|Unavailable|Unavailable|Low(36),9.750278,118.661667,IWAHIG|Unavailable|Unavailable|Low(36),9.735278,118.697778,IWAHIG|Unavailable|Unavailable|Low(36),9.300278,118.067222,IWAHIG|Unavailable|Unavailable|Low(36),8.599167,117.516667,IWAHIG|Unavailable|Unavailable|Low(36),8.614118,117.517795,IWAHIG|Unavailable|Unavailable|Low(36)",Iole palawanensis,1911.11.16.238,1,NA,NA,NA,NA
Palawan,"Philippines, Philippines",NA,NA,9.409152,118.344183,yes,,,,,Iole palawanensis,"88.4.1.442, 94.8.6.87",2,NA,NA,NA,NA
Palawan Island,Philippines,NA,NA,9.5,118.5,yes,High(89),,,"9.5,118.5,PALAWAN ISLAND|Unavailable|Unavailable|High(89),9.532505,118.543945,(g3)PALAWAN ISLAND|Unavailable|257633|Medium(64)",Iole palawanensis,88.4.1.443,1,NA,NA,NA,NA
Nape,Laos,NA,NA,18.307081,105.081917,yes,,,,,Iole propinqua,1926.6.26.907,1,NA,NA,NA,NA
"Pang Ton Phung, North Siam",Thailand,NA,NA,17.807596,100.067876,yes,Low(34),,,"18.111278,98.891306,PANG|Unavailable|Unavailable|Low(34),15.5,101,SIAM|Unavailable|Unavailable|Low(34),15,100,SIAM|Unavailable|Unavailable|Low(34)",Iole propinqua,1955.1.5515,1,NA,NA,NA,NA
15 miles S of Benin,Nigeria,NA,NA,6.119866,5.625749,no,High(80),unavailable,,"6.119866,5.625749,Distance South of BENIN|Unavailable|Unavailable|High(80),5.540578,5.072606,Distance South of BENIN|Unavailable|Unavailable|High(80),6.125713,5.627,Distance South of BENIN|Unavailable|Unavailable|High(80)",Ixonotus guttatus,1966.16.1193,1,NA,NA,NA,NA
"Iju Water-works, near Lagos, South Nigeria","Nigeria, Nigeria",NA,NA,6.676047,3.335099,yes,,,,,Ixonotus guttatus,"1920.3.10.28, 1920.3.10.24",2,NA,NA,NA,NA
Umuagwu,Nigeria,NA,NA,5.293845,6.896488,no,High(82),unavailable,,"5.293845,6.896488,UMUAGWU|Unavailable|Unavailable|High(82)",Ixonotus guttatus,1966.16.1192,1,NA,NA,NA,NA
"Baram River, Sarawak, Borneo",Malaysia,NA,NA,3.539684,114.427163,no,High(71),unavailable,,"3.539684,114.427163,(g3)Baram River|Unavailable|136045|High(71)",Ixos malaccensis,B/320,1,NA,NA,NA,NA
"MT MAGDALENA, SABAH, BORNEO",Malaysia,NA,NA,4.506853,117.952614,yes,Low(36),Unavailable,,"1,114,BORNEO|Unavailable|Unavailable|Low(36),4,115,BORNEO|Unavailable|Unavailable|Low(36),3.7698,100.9879,SABAH|Unavailable|Unavailable|Low(35),5.5,117,SABAH|Unavailable|Unavailable|Low(35)",Ixos malaccensis,1956.60.323,1,NA,NA,NA,NA
"MT SIDONG, SAMARAHAN, SARAWAK","Malaysia, Malaysia",NA,NA,1.195674,110.487115,yes,,,,,Ixos malaccensis,"1927.4.18.604, 1927.4.18.605",2,NA,NA,NA,NA
"Andjoens, Java","Indonesia, Indonesia",NA,NA,-7.725227,112.588851,yes,,,,,Ixos virescens,"565491, 565487",2,NA,NA,NA,NA
"Mt. Andjoem, Java",Indonesia,NA,NA,-7.724686,112.589228,yes,Low(34),Unavailable,,"-7.4,110,JAVA|Unavailable|Unavailable|Low(34),-7.491667,110.004444,JAVA|Unavailable|Unavailable|Low(34)",Ixos virescens,565502,1,NA,NA,NA,NA
Tjerimoj,Indonesia,NA,NA,-6.894474,108.409673,yes,,,,,Ixos virescens,258954,1,NA,NA,NA,NA
Ede,Nigeria,NA,NA,7.287515,7.651932,yes,High(78),Unavailable,,"7.146264,7.539064,EDE|Unavailable|Unavailable|High(78),7.294552,7.697076,EDE|Unavailable|Unavailable|High(78),5.2748,6.644872,EDE|Unavailable|Unavailable|High(78),7.173714,9.234941,EDE|Unavailable|Unavailable|High(78),7.885836,4.886247,EDE|Unavailable|Unavailable|High(78),7.733333,4.433333,EDE|Unavailable|Unavailable|High(78),7.221501,7.641954,EDE|Unavailable|Unavailable|High(78),7.736347,4.435363,EDE|Unavailable|Unavailable|High(78)",Phyllastrephus albigularis,1966.16.1443,1,NA,NA,NA,NA
Enugu,Nigeria,NA,NA,6.441321,7.498834,yes,High(80),Unavailable,,"6.17146,7.005252,ENUGU|Unavailable|Unavailable|High(80),6.5,7.5,ENUGU|Unavailable|Unavailable|High(80),6.442579,7.502199,ENUGU|Unavailable|Unavailable|High(80),6.441321,7.498834,ENUGU|Unavailable|Unavailable|High(80)",Phyllastrephus albigularis,1966.16.1467,1,NA,NA,NA,NA
"Mamu Forest, Onitsha Province",Nigeria,NA,NA,6.361278,6.86069,yes,Low(37),Unavailable,,"6.149779,6.78569,ONITSHA|Unavailable|Unavailable|Low(37),6.1667,6.7833,ONITSHA|Unavailable|Unavailable|Low(37),6.437746,6.975491,MAMU|Unavailable|Unavailable|Low(34),6.361278,6.86069,MAMU|Unavailable|Unavailable|Low(34),7.083333,3.916667,MAMU|Unavailable|Unavailable|Low(34)",Phyllastrephus albigularis,1966.16.1451,1,NA,NA,NA,NA
"Owerri, South Nigeria",Nigeria,NA,NA,5.4833,7.0333,yes,Low(37),Unavailable,,"10,8,NIGERIA|Unavailable|Unavailable|Low(37),10,8,NIGERIA|Unavailable|Unavailable|Low(37),5.483626,7.033248,OWERRI|Unavailable|Unavailable|Low(36),5.75,7.116667,OWERRI|Unavailable|Unavailable|Low(36),5.4833,7.0333,OWERRI|Unavailable|Unavailable|Low(36)",Phyllastrephus albigularis,1950.9.35,1,NA,NA,NA,NA
"Grassfield, Mt Nimba",Liberia,NA,NA,7.488889,-8.570833,yes,Low(40),Unavailable,,"6.766667,-11.35,GRASSFIELD|Unavailable|Unavailable|Low(40),7.488889,-8.570833,GRASSFIELD|Unavailable|Unavailable|Low(40),7.488889,-8.570833,NIMBA|Unavailable|Unavailable|Low(35),6.75,-8.75,NIMBA|Unavailable|Unavailable|Low(35),7.493611,-8.585,NIMBA|Unavailable|Unavailable|Low(35),6.816667,-8.783333,NIMBA|Unavailable|Unavailable|Low(35)",Phyllastrephus baumanni,1977.20.1138,1,NA,NA,NA,NA
"Mine Road, Mt Nimba","Liberia, Liberia, Liberia",NA,NA,7.547259,-8.49563,yes,,,,,Phyllastrephus baumanni,"1977.20.1136, 1977.20.1133, 1977.20.1137",3,NA,NA,NA,NA
"Dabaga Highlands, Tanganyika",United Republic of Tanzania,NA,NA,-8.116667,35.916667,yes,Low(40),Unavailable,,"-6,35,TANGANYIKA|Unavailable|Unavailable|Low(40),-9.116667,35.65,TANGANYIKA|Unavailable|Unavailable|Low(40),-5.159042,38.8025,TANGANYIKA|Unavailable|Unavailable|Low(40),-8.116667,35.916667,DABAGA|Unavailable|Unavailable|Low(36),-7.983333,35.933333,DABAGA|Unavailable|Unavailable|Low(36),-8.074515,35.94366,DABAGA|Unavailable|Unavailable|Low(36)",Phyllastrephus cabanisi,1932.5.10.550,1,NA,NA,NA,NA
Elizabethville,Democratic Republic of the Congo,NA,NA,-11.666667,27.466667,yes,High(89),,,"-11.666667,27.466667,ELIZABETHVILLE|Unavailable|Unavailable|High(89)",Phyllastrephus cabanisi,1934.10.19.64,1,NA,NA,NA,NA
"Kindoroko forest, N Pare Mts, Tanganyika",United Republic of Tanzania,NA,NA,-3.75,37.65,yes,Low(40),Unavailable,,"-6,35,TANGANYIKA|Unavailable|Unavailable|Low(40),-9.116667,35.65,TANGANYIKA|Unavailable|Unavailable|Low(40),-5.159042,38.8025,TANGANYIKA|Unavailable|Unavailable|Low(40),-3.733333,37.65,KINDOROKO|Unavailable|Unavailable|Low(39),-3.75,37.65,KINDOROKO|Unavailable|Unavailable|Low(39)",Phyllastrephus cabanisi,1937.6.22.108,1,NA,NA,NA,NA
"Kolala, Muchinga Mts, Lundazi Dist, Rhodesia",Zambia,NA,NA,-11.962958,31.691742,yes,Low(38),Unavailable,,"-19,29.75,RHODESIA|Unavailable|Unavailable|Low(38),-19,29,RHODESIA|Unavailable|Unavailable|Low(38)",Phyllastrephus cabanisi,1948.45.3,1,NA,NA,NA,NA
"Luacano, Moxico",Angola,NA,NA,-11.212157,21.657767,yes,Low(37),,,"-11.212157,21.657767,LUACANO|Unavailable|Unavailable|Low(37),-11.172362,21.651903,LUACANO|Unavailable|Unavailable|Low(37),-11.21762,21.645305,LUACANO|Unavailable|Unavailable|Low(37),-11.213347,21.66535,LUACANO|Unavailable|Unavailable|Low(37),-11.70471,22.020019,LUACANO|Unavailable|Unavailable|Low(37),-11.2167,21.65,LUACANO|Unavailable|Unavailable|Low(37),-11.483672,15.361055,MOXICO|Unavailable|Unavailable|Low(36),-11.85,20.033333,MOXICO|Unavailable|Unavailable|Low(36),-13.266667,21.25,MOXICO|Unavailable|Unavailable|Low(36),-12.848689,20.932663,MOXICO|Unavailable|Unavailable|Low(36),-12.848,20.932,MOXICO|Unavailable|Unavailable|Low(36)",Phyllastrephus cabanisi,1957.35.189,1,NA,NA,NA,NA
"Magamba, Nr Lushoto, Tanganyika, Tanganyika",United Republic of Tanzania,NA,NA,-4.772001,38.289233,yes,Low(40),Unavailable,,"-5.159042,38.8025,TANGANYIKA|Unavailable|Unavailable|Low(40),-9.116667,35.65,TANGANYIKA|Unavailable|Unavailable|Low(40),-6,35,TANGANYIKA|Unavailable|Unavailable|Low(40),-4.7,38.3,MAGAMBA|Unavailable|Unavailable|Low(37),-4.783333,38.283333,LUSHOTO|Unavailable|Unavailable|Low(37),-4.333333,37.866667,LUSHOTO|Unavailable|Unavailable|Low(37),-6.427666,31.046592,MAGAMBA|Unavailable|Unavailable|Low(37),-5.533333,38.083333,MAGAMBA|Unavailable|Unavailable|Low(37),-6.429099,31.102321,MAGAMBA|Unavailable|Unavailable|Low(37),-8.619069,32.912637,MAGAMBA|Unavailable|Unavailable|Low(37),-4.784936,38.31374,LUSHOTO|Unavailable|Unavailable|Low(37),-5.645275,38.050353,MAGAMBA|Unavailable|Unavailable|Low(37),-4.545278,38.43927,LUSHOTO|Unavailable|Unavailable|Low(37),-4.772001,38.289233,LUSHOTO|Unavailable|Unavailable|Low(37)",Phyllastrephus cabanisi,1931.12.18.46,1,NA,NA,NA,NA
"Momella, Merugebirge, Tansania",United Republic of Tanzania,NA,NA,-3.217746,36.85317,yes,Low(38),,,"-6,35,TANSANIA|Unavailable|Unavailable|Low(38),-6,35,TANSANIA|Unavailable|Unavailable|Low(38)",Phyllastrephus cabanisi,1957-561,1,NA,NA,NA,NA
"Mount Moco, Huambo ",Angola,NA,NA,-12.462025,15.176721,no,Low(40),unavailable,,"-12.462025,15.176721,MOUNT MOCO|Unavailable|Unavailable|Low(40),-9.824115,14.89489,HUAMBO|Unavailable|Unavailable|Low(36),-12.7333,15.7833,HUAMBO|Unavailable|Unavailable|Low(36),-11.089807,14.394933,HUAMBO|Unavailable|Unavailable|Low(36),-14.833333,15.366667,HUAMBO|Unavailable|Unavailable|Low(36),-12.55,14.25,HUAMBO|Unavailable|Unavailable|Low(36),-11.85,14.233333,HUAMBO|Unavailable|Unavailable|Low(36),-12.776111,15.739167,HUAMBO|Unavailable|Unavailable|Low(36),-12.5,15.666667,HUAMBO|Unavailable|Unavailable|Low(36),-12.79347,15.791155,HUAMBO|Unavailable|Unavailable|Low(36),-12.5,15.6667,HUAMBO|Unavailable|Unavailable|Low(36),-7.536901,15.538241,HUAMBO|Unavailable|Unavailable|Low(36),-12.420742,15.258085,MOCO|Unavailable|Unavailable|Low(34),-12.466667,15.083333,MOCO|Unavailable|Unavailable|Low(34),-12.462025,15.176721,MOCO|Unavailable|Unavailable|Low(34),-12.427808,15.152708,MOCO|Unavailable|Unavailable|Low(34),-12.633333,14.5,MOCO|Unavailable|Unavailable|Low(34),-12.666667,14.466667,MOCO|Unavailable|Unavailable|Low(34)",Phyllastrephus cabanisi,1957.35.192,1,NA,NA,NA,NA
"Mt Meru, above Arusha",United Republic of Tanzania,NA,NA,-3.233333,36.75,yes,Low(36),Unavailable,,"-3,36,ARUSHA|Unavailable|Unavailable|Low(36),-3.366667,36.633333,ARUSHA|Unavailable|Unavailable|Low(36),-3.299849,36.632339,ARUSHA|Unavailable|Unavailable|Low(36),-3.3833,36.6667,ARUSHA|Unavailable|Unavailable|Low(36),-3.366667,36.683333,ARUSHA|Unavailable|Unavailable|Low(36),-3.233333,36.75,MERU|Unavailable|Unavailable|Low(34),-3.326734,36.900834,MERU|Unavailable|Unavailable|Low(34),-3.216667,36.666667,MERU|Unavailable|Unavailable|Low(34)",Phyllastrephus cabanisi,1936.7.2.123,1,NA,NA,NA,NA
Nahichod,"South Sudan, South Sudan",NA,NA,4.267124,33.565133,yes,,,,,Phyllastrephus cabanisi,"1978-072, 1978-071, 1978-075",3,NA,NA,NA,NA
"Same District South Pare Mountains, Tanzania","United Republic of Tanzania, United Republic of Tanzania",NA,NA,-4.057972,37.744658,yes,,,,,Phyllastrephus cabanisi,"1961-530, 1959-536",2,NA,NA,NA,NA
"Tengeru, nahe Arusha, Tanzania",United Republic of Tanzania,NA,NA,-3.383333,36.833333,yes,Low(38),Unavailable,,"-6,35,TANZANIA|Unavailable|Unavailable|Low(38),-6,35,TANZANIA|Unavailable|Unavailable|Low(38),-3.45,36.85,TENGERU|Unavailable|Unavailable|Low(37),-3.383333,36.833333,TENGERU|Unavailable|Unavailable|Low(37),-3.366667,36.633333,ARUSHA|Unavailable|Unavailable|Low(36),-3,36,ARUSHA|Unavailable|Unavailable|Low(36),-3.299849,36.632339,ARUSHA|Unavailable|Unavailable|Low(36),-3.366667,36.683333,ARUSHA|Unavailable|Unavailable|Low(36),-3.3833,36.6667,ARUSHA|Unavailable|Unavailable|Low(36)",Phyllastrephus cabanisi,1959-249,1,NA,NA,NA,NA
"10m SW of Zobue, Tete Prov.",Mozambique,NA,NA,-15.694986,34.343223,yes,Low(35),,,"-16.533333,33.416667,ZOBUE|Unavailable|Unavailable|Low(35),-15.616667,34.466667,ZOBUE|Unavailable|Unavailable|Low(35),-15.597222,34.4475,ZOBUE|Unavailable|Unavailable|Low(35),-16.273889,33.321111,TETE|Unavailable|Unavailable|Low(34),-16.144167,33.562778,TETE|Unavailable|Unavailable|Low(34),-17.046667,33.105833,TETE|Unavailable|Unavailable|Low(34),-21.9525,35.296389,TETE|Unavailable|Unavailable|Low(34),-16.7625,33.138889,TETE|Unavailable|Unavailable|Low(34),-16.156389,33.586667,TETE|Unavailable|Unavailable|Low(34),-15.5,33,TETE|Unavailable|Unavailable|Low(34),-16.1667,33.5833,TETE|Unavailable|Unavailable|Low(34),-18.632778,35.207778,TETE|Unavailable|Unavailable|Low(34),-15.914722,33.158889,TETE|Unavailable|Unavailable|Low(34)",Phyllastrephus cerviniventris,1933.3.1.652,1,NA,NA,NA,NA
Namwera,Malawi,NA,NA,-14.35,35.5,yes,High(82),Unavailable,,"-14.35,35.5,NAMWERA|Unavailable|Unavailable|High(82),-14.363227,35.502546,NAMWERA|Unavailable|Unavailable|High(82),-14.3667,35.5,NAMWERA|Unavailable|Unavailable|High(82)",Phyllastrephus cerviniventris,1933.3.1.655,1,NA,NA,NA,NA
"Nr Chinga, Mozambique Prov.",Mozambique,NA,NA,-15.201667,38.691389,yes,Low(40),Unavailable,,"-15.034167,40.735833,MOZAMBIQUE|Unavailable|Unavailable|Low(40),-18.25,35,MOZAMBIQUE|Unavailable|Unavailable|Low(40),-18.25,35,MOZAMBIQUE|Unavailable|Unavailable|Low(40),-17.185278,37.838889,CHINGA|Unavailable|Unavailable|Low(36),-14.288889,37.387778,CHINGA|Unavailable|Unavailable|Low(36),-15.201667,38.691389,CHINGA|Unavailable|Unavailable|Low(36)",Phyllastrephus cerviniventris,1933.3.1.663,1,NA,NA,NA,NA
"Nr Nhauela, Quelimane Prov.",Mozambique,NA,NA,-15.437222,37.44,yes,Low(39),Unavailable,,"-17.885,36.887222,QUELIMANE|Unavailable|Unavailable|Low(39),-17.750278,36.915556,QUELIMANE|Unavailable|Unavailable|Low(39),-11.163056,40.304167,QUELIMANE|Unavailable|Unavailable|Low(39),-17.878611,36.888333,QUELIMANE|Unavailable|Unavailable|Low(39),-15.843611,39.609722,QUELIMANE|Unavailable|Unavailable|Low(39),-18.125,36.808333,QUELIMANE|Unavailable|Unavailable|Low(39),-17.856072,36.923029,QUELIMANE|Unavailable|Unavailable|Low(39),-18.0125,36.9075,QUELIMANE|Unavailable|Unavailable|Low(39),-17.861389,36.855833,QUELIMANE|Unavailable|Unavailable|Low(39),-15.437222,37.44,NHAUELA|Unavailable|Unavailable|Low(37)",Phyllastrephus cerviniventris,1933.3.1.665,1,NA,NA,NA,NA
"Dondo, near Beira, Portuguese East Africa","Mozambique, Mozambique",NA,NA,-19.619854,34.741248,yes,,,,,Phyllastrephus debilis,"1946.5.713, 1946.5.711",2,NA,NA,NA,NA
"Liwale, Southern Province, Tanganyika Territory",United Republic of Tanzania,NA,NA,-9.766667,37.933333,yes,Low(40),Unavailable,,"-9.116667,35.65,TANGANYIKA|Unavailable|Unavailable|Low(40),-6,35,TANGANYIKA|Unavailable|Unavailable|Low(40),-5.159042,38.8025,TANGANYIKA|Unavailable|Unavailable|Low(40),-9.766667,37.933333,LIWALE|Unavailable|Unavailable|Low(36),-9.133333,38.283333,LIWALE|Unavailable|Unavailable|Low(36),-6.266667,37.7,LIWALE|Unavailable|Unavailable|Low(36),-7.116667,37.533333,LIWALE|Unavailable|Unavailable|Low(36),-9.327393,37.918434,LIWALE|Unavailable|Unavailable|Low(36)",Phyllastrephus debilis,1945.47.14,1,NA,NA,NA,NA
"Zimbiti, Portuguese East Africa",Mozambique,NA,NA,-19.557235,34.659758,yes,Low(52),Unavailable,,"-18.25,35,PORTUGUESE EAST AFRICA|Unavailable|Unavailable|Low(52),-18.25,35,PORTUGUESE EAST AFRICA|Unavailable|Unavailable|Low(52),-26.045556,32.191944,PORTUGUES|Unavailable|Unavailable|Low(26)",Phyllastrephus debilis,1928.2.5.15,1,NA,NA,NA,NA
"Rabai, 12m NW of Mombasa",Kenya,NA,NA,-3.931682,39.570408,yes,Low(37),Unavailable,,"-1.710817,37.871106,MOMBASA|Unavailable|Unavailable|Low(37),-1.689943,37.920036,MOMBASA|Unavailable|Unavailable|Low(37),-4.054655,39.663588,MOMBASA|Unavailable|Unavailable|Low(37),-4,39.666667,MOMBASA|Unavailable|Unavailable|Low(37),-1.686184,37.913436,MOMBASA|Unavailable|Unavailable|Low(37),-4.0667,39.6667,MOMBASA|Unavailable|Unavailable|Low(37),-4,39.666,MOMBASA|Unavailable|Unavailable|Low(37),-3.933333,39.566667,RABAI|Unavailable|Unavailable|Low(35),-3.931682,39.570408,RABAI|Unavailable|Unavailable|Low(35),-3.9167,39.5667,RABAI|Unavailable|Unavailable|Low(35),-3.763961,39.464357,RABAI|Unavailable|Unavailable|Low(35)",Phyllastrephus fischeri,1931.10.21.5,1,NA,NA,NA,NA
"Sokoke Forest, Malinde","Kenya, Kenya, Kenya",NA,NA,-3.386137,39.84522,yes,,,,,Phyllastrephus fischeri,"1971.16.64, 1931.10.21.2, 1971.16.67",3,NA,NA,NA,NA
Macamac,South Africa,NA,NA,-25.004521,30.818836,yes,,,,,Phyllastrephus flavostriatus,76.6.5.1,1,NA,NA,NA,NA
"Malinga Mountains, Nyasaland, North Rhodesia, 20 miles south of Fort Hill, Everfreen",Malawi,NA,NA,-9.995623,33.274096,no,High(84),unavailable,,"-9.995623,33.274096,Distance South of FORT HILL|Unavailable|Unavailable|High(84),-9.991002,33.266667,Distance South of FORT HILL|Unavailable|Unavailable|High(84)",Phyllastrephus flavostriatus,1959.2.25.297,1,NA,NA,NA,NA
"Mbisi Forest, Sumbawanga","United Republic of Tanzania, United Republic of Tanzania",NA,NA,-7.876508,31.67436,yes,,,,,Phyllastrephus flavostriatus,"1945.34.105, 1945.34.106",2,NA,NA,NA,NA
"Ngoye Forest, KwaZulu-Natal",South Africa,NA,NA,-28.84113,31.686591,yes,Low(43),Unavailable,,"-29,30,KWAZULU-NATAL|Unavailable|Unavailable|Low(43),-30.945279,29.260732,KWAZULU|Unavailable|Unavailable|Low(37),-30.95433,29.243622,KWAZULU|Unavailable|Unavailable|Low(37),-30.982785,29.239712,KWAZULU|Unavailable|Unavailable|Low(37),-31.289484,29.45508,KWAZULU|Unavailable|Unavailable|Low(37),-22.909428,29.399831,NATAL|Unavailable|Unavailable|Low(35),-28.84113,31.686591,NGOYE|Unavailable|Unavailable|Low(35),-29,30,NATAL|Unavailable|Unavailable|Low(35),-28.388578,27.228258,NATAL|Unavailable|Unavailable|Low(35),-26.429855,28.16055,NATAL|Unavailable|Unavailable|Low(35),-29.866667,31.05,NATAL|Unavailable|Unavailable|Low(35),-29,30,NATAL|Unavailable|Unavailable|Low(35)",Phyllastrephus flavostriatus,1905.12.29.1970,1,NA,NA,NA,NA
"Nukuth Mountains, North Rhodesia",Zambia,NA,NA,-10.46456,33.196896,yes,,,,,Phyllastrephus flavostriatus,1949.73.78,1,NA,NA,NA,NA
"Woodbush, NE Transvaal","South Africa, South Africa",NA,NA,-23.840901,29.990261,yes,,,,,Phyllastrephus flavostriatus,"1905.12.29.1974, 1905.12.29.1976",2,NA,NA,NA,NA
"Issore, Imatong Mts",Sudan,NA,NA,3.915205,32.762592,yes,,,,,Phyllastrephus hypochloris,1939.10.1.23,1,NA,NA,NA,NA
"Lotti Forest, Equatorial Prov.",Sudan,NA,NA,4.024216,32.523486,yes,Low(26),Unavailable,,"5,31,EQUATORIA|Unavailable|Unavailable|Low(26),5.4,28.4,EQUATORIA|Unavailable|Unavailable|Low(26)",Phyllastrephus hypochloris,1936.9.13.11,1,NA,NA,NA,NA
Lugalambo,Uganda,NA,NA,0.403747,33.073228,yes,,,,,Phyllastrephus hypochloris,1939.12.9.3083,1,NA,NA,NA,NA
Nabera Forest,Uganda,NA,NA,0.452927,33.007224,yes,,,,,Phyllastrephus hypochloris,1933.5.31.10,1,NA,NA,NA,NA
"Badasori, Fernando Po",Equatorial Guinea,NA,NA,3.5,8.7,no,Low(41),unavailable,,"3.5,8.7,FERNANDO PO|Unavailable|Unavailable|Low(41),3.5,8.7,FERNANDO PO|Unavailable|Unavailable|Low(41)",Phyllastrephus icterinus,1911.12.223.1688,1,NA,NA,NA,NA
"Ikom, Ogoja Province",Nigeria,NA,NA,5.962385,8.708234,yes,Low(35),Unavailable,,"6.658398,8.799227,OGOJA|Unavailable|Unavailable|Low(35),6.506425,8.688134,OGOJA|Unavailable|Unavailable|Low(35),6.6667,8.8,OGOJA|Unavailable|Unavailable|Low(35),6.05935,8.624266,IKOM|Unavailable|Unavailable|Low(34),5.962385,8.708234,IKOM|Unavailable|Unavailable|Low(34),6,8.6833,IKOM|Unavailable|Unavailable|Low(34)",Phyllastrephus icterinus,1966.16.1341,1,NA,NA,NA,NA
"Owerri, South Nigeria",Nigeria,NA,NA,5.4833,7.0333,yes,Low(37),Unavailable,,"10,8,NIGERIA|Unavailable|Unavailable|Low(37),10,8,NIGERIA|Unavailable|Unavailable|Low(37),5.483626,7.033248,OWERRI|Unavailable|Unavailable|Low(36),5.75,7.116667,OWERRI|Unavailable|Unavailable|Low(36),5.4833,7.0333,OWERRI|Unavailable|Unavailable|Low(36)",Phyllastrephus icterinus,1949.33.44,1,NA,NA,NA,NA
Umuagwu,Nigeria,NA,NA,5.293845,6.896488,no,High(82),unavailable,,"5.293845,6.896488,UMUAGWU|Unavailable|Unavailable|High(82)",Phyllastrephus icterinus,1966.16.1324,1,NA,NA,NA,NA
"Zwedru, Grand Gedeh",Liberia,NA,NA,6.0667,-8.1333,yes,Low(41),Unavailable,,"5.916667,-8.083333,GRAND GEDEH|Unavailable|Unavailable|Low(41),5.966667,-8.2,GRAND GEDEH|Unavailable|Unavailable|Low(41),6.023333,-8.148056,ZWEDRU|Unavailable|Unavailable|Low(36),6.068462,-8.135585,ZWEDRU|Unavailable|Unavailable|Low(36),6.0667,-8.1333,ZWEDRU|Unavailable|Unavailable|Low(36)",Phyllastrephus icterinus,1984.221,1,NA,NA,NA,NA
Bakaki,Equatorial Guinea,NA,NA,3.605009,8.880962,yes,,,,,Phyllastrephus poensis,1936.2.21.297,1,NA,NA,NA,NA
"Bantabare, Bioko","Equatorial Guinea, Equatorial Guinea, Equatorial Guinea",NA,NA,3.429388,8.792063,yes,,,,,Phyllastrephus poensis,"1904.6.22.168, 1904.6.22.167, 1904.6.22.170",3,NA,NA,NA,NA
Mount Cameroon,"Cameroon, Cameroon, Cameroon, Cameroon",NA,NA,4.216239,9.172786,yes,,,,,Phyllastrephus poensis,"1966.16.1505, 1966.16.1514, 1966.16.1476, 1966.16.1507",4,NA,NA,NA,NA
"Kupe Mountain, above Nyassoso, British Cameroons",Cameroon,NA,NA,4.801287,9.707221,yes,Low(34),Unavailable,,"4.7571,9.6854,KUPE|Unavailable|Unavailable|Low(34),6,12.5,CAMEROON|Unavailable|Unavailable|Low(25),6,12,CAMEROON|Unavailable|Unavailable|Low(25)",Phyllastrephus poensis,1966.16.1490,1,NA,NA,NA,NA
"Dikume Balue, British Cameroons","Cameroon, Cameroon",NA,NA,4.900921,9.252662,yes,,,,,Phyllastrephus poliocephalus,"1966.16.1440, 1966.16.1437",2,NA,NA,NA,NA
"near Buea, Cameroon Mountain, Southern Cameroons",Cameroon,NA,NA,4.15,9.2167,yes,Medium(49),,,"4.15,9.2167,Near BUEA|Unavailable|Unavailable|Medium(49),4.1527,9.241,Near BUEA|Unavailable|Unavailable|Medium(49)",Phyllastrephus poliocephalus,1966.16.1401,1,NA,NA,NA,NA
"near Foto, Bangwa District, Mamfe Division, Southern Cameroons",Cameroon,NA,NA,5.528042,9.93647,yes,Medium(49),Unavailable,,"5.504938,10.559917,Near FOTO|Unavailable|Unavailable|Medium(49),5.464586,10.072513,Near FOTO|Unavailable|Unavailable|Medium(49),5.528042,9.93647,Near FOTO|Unavailable|Unavailable|Medium(49)",Phyllastrephus poliocephalus,1966.16.1394,1,NA,NA,NA,NA
"20 km north of Juba, S-Sudan",South Sudan,NA,NA,5.026723,31.601203,no,High(79),unavailable,,"5.026723,31.601203,Distance North of JUBA|Unavailable|Unavailable|High(79)",Phyllastrephus strepitans,1977.269,1,NA,NA,NA,NA
"Fafen River, 30 km W Deghahabur","Ethiopia, Ethiopia",NA,NA,8.209523,43.214267,yes,,,,,Phyllastrephus strepitans,"1976.061, 1976.059",2,NA,NA,NA,NA
"Lokori, Mt. Kangetet, South Turkana",Kenya,NA,NA,1.952375,36.029836,yes,Low(38),Unavailable,,"1.983333,36.1,KANGETET|Unavailable|Unavailable|Low(38),1.998082,36.075344,KANGETET|Unavailable|Unavailable|Low(38),1.966667,36.616667,KANGETET|Unavailable|Unavailable|Low(38),3.2,35.466667,TURKANA|Unavailable|Unavailable|Low(37),1.826672,35.730057,TURKANA|Unavailable|Unavailable|Low(37),3.2,35.466,TURKANA|Unavailable|Unavailable|Low(37),4.488192,35.202793,TURKANA|Unavailable|Unavailable|Low(37),0.6667,35.5,TURKANA|Unavailable|Unavailable|Low(37),0.664944,37.891328,TURKANA|Unavailable|Unavailable|Low(37),3.142307,36.064213,TURKANA|Unavailable|Unavailable|Low(37),1.952375,36.029836,LOKORI|Unavailable|Unavailable|Low(36)",Phyllastrephus strepitans,1971.16.56,1,NA,NA,NA,NA
Mombasa,Kenya,NA,NA,-4,39.666,yes,High(82),Unavailable,,"-1.710817,37.871106,MOMBASA|Unavailable|Unavailable|High(82),-4,39.666667,MOMBASA|Unavailable|Unavailable|High(82),-4.054655,39.663588,MOMBASA|Unavailable|Unavailable|High(82),-1.689943,37.920036,MOMBASA|Unavailable|Unavailable|High(82),-4,39.666,MOMBASA|Unavailable|Unavailable|High(82),-4.0667,39.6667,MOMBASA|Unavailable|Unavailable|High(82),-1.686184,37.913436,MOMBASA|Unavailable|Unavailable|High(82)",Phyllastrephus strepitans,1903.8.1.91,1,NA,NA,NA,NA
"Nathilani, Didinga Berge, Sudan",South Sudan,NA,NA,4.340075,33.67465,yes,Low(39),Unavailable,,"4.340075,33.67465,NATHILANI|Unavailable|Unavailable|Low(39),4.101795,33.527888,DIDINGA|Unavailable|Unavailable|Low(37)",Phyllastrephus strepitans,1978.063,1,NA,NA,NA,NA
S Guaso Nyiro,Kenya,NA,NA,-2.133448,36.050535,yes,Low(41),Unavailable,,"0.407946,40.017985,GUASO NYIRO|Unavailable|Unavailable|Low(41),-1.15312,35.762774,GUASO NYIRO|Unavailable|Unavailable|Low(41),0.553626,36.327501,NYIRO|Unavailable|Unavailable|Low(35),0.407946,40.017985,UASO NYIRO|Unavailable|Unavailable|Low(27),-0.273012,36.826004,UASO NYIRO|Unavailable|Unavailable|Low(27),-2.133448,36.050535,UASO NYIRO|Unavailable|Unavailable|Low(27)",Phyllastrephus strepitans,1916.12.1.1234,1,NA,NA,NA,NA
Sokoke Forest,Kenya,NA,NA,-3.365427,39.856538,yes,Low(36),Unavailable,,"-3.523541,39.767685,SOKOKE|Unavailable|Unavailable|Low(36),-3.516667,39.8,SOKOKE|Unavailable|Unavailable|Low(36),-3.542225,39.817046,SOKOKE|Unavailable|Unavailable|Low(36),-3.55299,39.802077,SOKOKE|Unavailable|Unavailable|Low(36),-3.513368,39.819563,SOKOKE|Unavailable|Unavailable|Low(36)",Phyllastrephus strepitans,1971.16.58,1,NA,NA,NA,NA
"Grahamstown, E Cape Province",South Africa,NA,NA,-33.304216,26.53276,yes,Low(43),Unavailable,,"-31,23,CAPE PROVINCE|Unavailable|Unavailable|Low(43),-33.3,26.5333,GRAHAMSTOWN|Unavailable|Unavailable|Low(41),-33.304216,26.53276,GRAHAMSTOWN|Unavailable|Unavailable|Low(41),-33.285508,26.497057,GRAHAMSTOWN|Unavailable|Unavailable|Low(41),-46.652408,37.999222,EAST CAPE|Unavailable|Unavailable|Low(39),-34.086445,23.085835,EAST CAPE|Unavailable|Unavailable|Low(39),-46.901074,37.902948,EAST CAPE|Unavailable|Unavailable|Low(39),-31,23,CAPE|Unavailable|Unavailable|Low(34),-27.160765,22.955228,EAST|Unavailable|Unavailable|Low(34)",Phyllastrephus terrestris,1930.12.20.17,1,NA,NA,NA,NA
"Knysna, Cape Colony","South Africa, South Africa",NA,NA,-34.037011,23.042227,yes,,,,,Phyllastrephus terrestris,"1905.12.29.1957, 1905.12.29.1958",2,NA,NA,NA,NA
"Uitenhage, E Cape Province",South Africa,NA,NA,-33.75757,25.397099,yes,Low(43),Unavailable,,"-31,23,CAPE PROVINCE|Unavailable|Unavailable|Low(43),-30.213107,25.911433,UITENHAGE|Unavailable|Unavailable|Low(39),-27.772916,28.009568,UITENHAGE|Unavailable|Unavailable|Low(39),-27.147483,24.765075,UITENHAGE|Unavailable|Unavailable|Low(39),-33.783333,25.383333,UITENHAGE|Unavailable|Unavailable|Low(39),-23.4435,27.716241,UITENHAGE|Unavailable|Unavailable|Low(39),-24.627143,26.960018,UITENHAGE|Unavailable|Unavailable|Low(39),-33.7667,25.4167,UITENHAGE|Unavailable|Unavailable|Low(39),-46.901074,37.902948,EAST CAPE|Unavailable|Unavailable|Low(39),-33.766667,25.416667,UITENHAGE|Unavailable|Unavailable|Low(39),-46.652408,37.999222,EAST CAPE|Unavailable|Unavailable|Low(39),-34.086445,23.085835,EAST CAPE|Unavailable|Unavailable|Low(39),-33.75757,25.397099,UITENHAGE|Unavailable|Unavailable|Low(39),-27.160765,22.955228,EAST|Unavailable|Unavailable|Low(34),-31,23,CAPE|Unavailable|Unavailable|Low(34)",Phyllastrephus terrestris,1905.12.20.16,1,NA,NA,NA,NA
"Bitye, River Dja, South Region",Cameroon,NA,NA,3.016667,12.366667,yes,Low(42),Unavailable,,"2.75,11.583333,SOUTH REGION|Unavailable|Unavailable|Low(42),2.5,11.75,SOUTH REGION|Unavailable|Unavailable|Low(42),3.016667,12.366667,BITYE|Unavailable|Unavailable|Low(35),2.75,11.583333,SOUTH|Unavailable|Unavailable|Low(35),2.5,11.75,SOUTH|Unavailable|Unavailable|Low(35),4.466667,14.416667,DJA|Unavailable|Unavailable|Low(33),5.483333,12.35,DJA|Unavailable|Unavailable|Low(33),2.433333,12.4,DJA|Unavailable|Unavailable|Low(33),2.033333,15.2,DJA|Unavailable|Unavailable|Low(33),5.3,12.233333,DJA|Unavailable|Unavailable|Low(33),3.816667,12.7,DJA|Unavailable|Unavailable|Low(33)",Phyllastrephus xavieri,1924.11.2.121,1,NA,NA,NA,NA
Bugoma Forest,"Uganda, Uganda",NA,NA,1.292083,30.996914,yes,,,,,Phyllastrephus xavieri,"1945.23.8, 1933.5.31.2",2,NA,NA,NA,NA
"Kumba, Southwest Province",Cameroon,NA,NA,4.65,9.4333,yes,Low(35),Unavailable,,"4.5307,9.4997,KUMBA|Unavailable|Unavailable|Low(35),4.6363,9.4469,KUMBA|Unavailable|Unavailable|Low(35),4.6921,9.2097,KUMBA|Unavailable|Unavailable|Low(35),4.65,9.4333,KUMBA|Unavailable|Unavailable|Low(35),5.5,10.666667,WEST PROVINCE|Unavailable|Unavailable|Low(30),5.5,10.5,WEST PROVINCE|Unavailable|Unavailable|Low(30)",Phyllastrephus xavieri,1966.16.1317,1,NA,NA,NA,NA
Bangkok,"Thailand, Thailand, Thailand",NA,NA,13.749886,100.506726,yes,,,,,Pycnonotus aurigaster,"1955.1.5679, 1915.12.18.137, 1955.1.5680",3,NA,NA,NA,NA
Chantaburi,Thailand,NA,NA,12.609611,102.104472,yes,High(85),Unavailable,,"12.857983,102.154339,CHANTABURI|Unavailable|Unavailable|High(85),12.609611,102.104472,CHANTABURI|Unavailable|Unavailable|High(85),12.609895,102.115407,(g3)Chantaburi|Unavailable|4133|Medium(60)",Pycnonotus aurigaster,1955.1.5683,1,NA,NA,NA,NA
E Java,Indonesia,NA,NA,-7.594387,112.203355,yes,Low(34),,,"-7.4,110,JAVA|Unavailable|Unavailable|Low(34),-7.491667,110.004444,JAVA|Unavailable|Unavailable|Low(34)",Pycnonotus aurigaster,73.5.12.124,1,NA,NA,NA,NA
Java,"Indonesia, Indonesia",NA,NA,-7.593865,110.656731,yes,,,,,Pycnonotus aurigaster,"79.4.5.1648, 98.10.2.113",2,NA,NA,NA,NA
Ataran River,Myanmmar,NA,NA,16.47748,97.661278,yes,,,,,Pycnonotus aurigaster,1899,1,NA,NA,NA,NA
"Tjibodas, Java",Indonesia,NA,NA,-6.194722,106.614444,yes,Low(38),Unavailable,,"-6.730278,107.0675,TJIBODAS|Unavailable|Unavailable|Low(38),-6.828889,107.28,TJIBODAS|Unavailable|Unavailable|Low(38),-6.477222,106.655,TJIBODAS|Unavailable|Unavailable|Low(38),-6.636,105.7293,TJIBODAS|Unavailable|Unavailable|Low(38),-7.2499,106.9648,TJIBODAS|Unavailable|Unavailable|Low(38),-7.4245,107.5178,TJIBODAS|Unavailable|Unavailable|Low(38),-6.5874,105.7454,TJIBODAS|Unavailable|Unavailable|Low(38),-6.919167,107.663056,TJIBODAS|Unavailable|Unavailable|Low(38),-6.702778,107.242778,TJIBODAS|Unavailable|Unavailable|Low(38),-6.962778,106.916667,TJIBODAS|Unavailable|Unavailable|Low(38),-6.496944,107.733333,TJIBODAS|Unavailable|Unavailable|Low(38),-7.0107,107.7613,TJIBODAS|Unavailable|Unavailable|Low(38),-7.0891,107.4881,TJIBODAS|Unavailable|Unavailable|Low(38),-6.194722,106.614444,TJIBODAS|Unavailable|Unavailable|Low(38),-7.0604,107.1877,TJIBODAS|Unavailable|Unavailable|Low(38),-7.0678,107.1926,TJIBODAS|Unavailable|Unavailable|Low(38),-7.0861,108.7578,TJIBODAS|Unavailable|Unavailable|Low(38),-6.821944,106.739722,TJIBODAS|Unavailable|Unavailable|Low(38),-7.6247,108.5981,TJIBODAS|Unavailable|Unavailable|Low(38),-7.3624,108.6613,TJIBODAS|Unavailable|Unavailable|Low(38),-7.0209,108.3489,TJIBODAS|Unavailable|Unavailable|Low(38),-7.259,108.1861,TJIBODAS|Unavailable|Unavailable|Low(38),-7.0638,108.0811,TJIBODAS|Unavailable|Unavailable|Low(38),-7.2055,106.66,TJIBODAS|Unavailable|Unavailable|Low(38),-7.3129,108.3143,TJIBODAS|Unavailable|Unavailable|Low(38),-7.5138,107.9308,TJIBODAS|Unavailable|Unavailable|Low(38),-7.325835,106.622101,TJIBODAS|Unavailable|Unavailable|Low(38),-7.491667,110.004444,JAVA|Unavailable|Unavailable|Low(34),-7.4,110,JAVA|Unavailable|Unavailable|Low(34),-6.988056,107.810556,TJIBODA|Unavailable|Unavailable|Low(24)",Pycnonotus aurigaster,1919.12.12.103,1,NA,NA,NA,NA
W Java,Indonesia,NA,NA,-7.090799,107.58626,yes,Low(34),,,"-7.4,110,JAVA|Unavailable|Unavailable|Low(34),-7.491667,110.004444,JAVA|Unavailable|Unavailable|Low(34)",Pycnonotus aurigaster,73.5.12.123,1,NA,NA,NA,NA
30m W of Yavello,Ethiopia,NA,NA,4.883333,38.083333,no,Low(37),unavailable,,"4.883333,38.083333,YAVELLO|Unavailable|Unavailable|Low(37)",Pycnonotus barbatus,1946.5.2279,1,NA,NA,NA,NA
Algiers,Algeria,NA,NA,36.783333,3.05,no,High(82),unavailable,,"36.783333,3.05,ALGIERS|Unavailable|Unavailable|High(82),36.763056,3.050556,ALGIERS|Unavailable|Unavailable|High(82),36.783,3.05,ALGIERS|Unavailable|Unavailable|High(82),36.75,3.166667,ALGIERS|Unavailable|Unavailable|High(82)",Pycnonotus barbatus,97.11.10.983,1,NA,NA,NA,NA
Borama,"Somalia, Somalia, Somalia, Somalia",NA,NA,9.935382,43.179764,yes,,,,,Pycnonotus barbatus,"1965.M.9674, 1965.M.9673, 1965.M.9670, 1965.M.9672",4,NA,NA,NA,NA
"Dibete Kap, Bodswana",Botswana,NA,NA,-23.747595,26.47028,no,Low(36),unavailable,,"-23.747595,26.47028,DIBETE|Unavailable|Unavailable|Low(36),-21.758897,28.332796,DIBETE|Unavailable|Unavailable|Low(36),-21.675615,28.224295,DIBETE|Unavailable|Unavailable|Low(36),-23.75,26.4333,DIBETE|Unavailable|Unavailable|Low(36),-23.750114,26.515762,DIBETE|Unavailable|Unavailable|Low(36),-23.767479,26.566012,DIBETE|Unavailable|Unavailable|Low(36)",Pycnonotus barbatus,1976.114,1,NA,NA,NA,NA
Djebel Chedar (Morocco),Morocco,NA,NA,32,-6,yes,Low(37),Unavailable,,"32,-6,MOROCCO|Unavailable|Unavailable|Low(37),31.633,-8.009,MOROCCO|Unavailable|Unavailable|Low(37),32,-5,MOROCCO|Unavailable|Unavailable|Low(37)",Pycnonotus barbatus,F.II.1.a.?,1,NA,NA,NA,NA
"Hammam Maskoutine, Guelma","Algeria, Algeria, Algeria",NA,NA,36.46171,7.263257,yes,,,,,Pycnonotus barbatus,"1934.1.1.6352, 1927.12.18.352, 1957.13.1670",3,NA,NA,NA,NA
"Inolepolola, Botswana",Botswana,NA,NA,-24.401162,25.496029,yes,Low(38),,,"-22,24,BOTSWANA|Unavailable|Unavailable|Low(38),-22,24,BOTSWANA|Unavailable|Unavailable|Low(38)",Pycnonotus barbatus,1976.1139,1,NA,NA,NA,NA
Matobo Hills,"Zimbabwe, Zimbabwe",NA,NA,-20.578871,28.528685,yes,,,,,Pycnonotus barbatus,"1966.242, 1966.24",2,NA,NA,NA,NA
Mhoiwla (Morocco),"Morocco, Morocco, Morocco",NA,NA,31.620248,-7.983432,yes,,,,,Pycnonotus barbatus,"F.II.1.a.?.a, F.II.1.a.?.b, F.II.1.a.?.c, F.II.1.a.?.d",3,NA,NA,NA,NA
N. Yavello,Ethiopia,NA,NA,4.90762,38.08977,yes,Low(37),,,"4.883333,38.083333,YAVELLO|Unavailable|Unavailable|Low(37)",Pycnonotus barbatus,1946.5.2273,1,NA,NA,NA,NA
Yavello,"Ethiopia, Ethiopia",NA,NA,4.883162,38.082475,yes,,,,,Pycnonotus barbatus,"1946.5.2269, 1946.5.2268",2,NA,NA,NA,NA
Klang,Myanmar,NA,NA,22.552986,93.525194,yes,,,,,Pycnonotus blanfordi,86.9.1.2326,1,NA,NA,NA,NA
"Maymyo, Mandalay Dt.","Myanmar, Myanmar, Myanmar",NA,NA,22.039004,96.47159,yes,,,,,Pycnonotus blanfordi,"1948.80.1302, 1948.80.1307, 1948.80.1304",3,NA,NA,NA,NA
"Cachar, Assam",India,NA,NA,25.083333,92.916667,yes,Low(36),Unavailable,,"25.083333,92.916667,CACHAR|Unavailable|Unavailable|Low(36),26.25,93,ASSAM|Unavailable|Unavailable|Low(35),26,92,ASSAM|Unavailable|Unavailable|Low(35)",Pycnonotus cafer,1939.12.9.1867,1,NA,NA,NA,NA
"Colombo, Sri Lanka","Sri Lanka, Sri Lanka",NA,NA,6.926442,79.859543,yes,,,,,Pycnonotus cafer,"86.9.1.1754, 79.4.5",2,NA,NA,NA,NA
"Hambantota, S Prov., Ceylon",Sri Lanka,NA,NA,6.1241,81.1185,yes,Low(40),Unavailable,,"6.2544,81.1111,HAMBANTOTA|Unavailable|Unavailable|Low(40),6.1241,81.1185,HAMBANTOTA|Unavailable|Unavailable|Low(40),6.2077,81.1113,HAMBANTOTA|Unavailable|Unavailable|Low(40),7.75,80.75,CEYLON|Unavailable|Unavailable|Low(36),7,81,CEYLON|Unavailable|Unavailable|Low(36),7.5,80.5,CEYLON|Unavailable|Unavailable|Low(36)",Pycnonotus cafer,1946.28.307,1,NA,NA,NA,NA
Madras,India,NA,NA,13.084622,80.248357,no,High(81),unavailable,,"13.084622,80.248357,MADRAS|Unavailable|Unavailable|High(81),11,78.333333,MADRAS|Unavailable|Unavailable|High(81),13,80.25,MADRAS|Unavailable|Unavailable|High(81),13.084286,80.276314,MADRAS|Unavailable|Unavailable|High(81),13.083333,80.283333,MADRAS|Unavailable|Unavailable|High(81),13,80.25,MADRAS|Unavailable|Unavailable|High(81),11,78,MADRAS|Unavailable|Unavailable|High(81),13.081389,80.277222,MADRAS|Unavailable|Unavailable|High(81)",Pycnonotus cafer,1949.14204,1,NA,NA,NA,NA
Manipur,India,NA,NA,24.75,93.833333,yes,High(82),Unavailable,,"25.621997,82.640132,MANIPUR|Unavailable|Unavailable|High(82),25.208295,83.984557,MANIPUR|Unavailable|Unavailable|High(82),24.948075,81.402671,MANIPUR|Unavailable|Unavailable|High(82),25.383149,83.926319,MANIPUR|Unavailable|Unavailable|High(82),25.481034,82.101691,MANIPUR|Unavailable|Unavailable|High(82),25.189676,83.466013,MANIPUR|Unavailable|Unavailable|High(82),24.801706,80.47892,MANIPUR|Unavailable|Unavailable|High(82),25.35395,80.354603,MANIPUR|Unavailable|Unavailable|High(82),24.75,93.833333,MANIPUR|Unavailable|Unavailable|High(82),30.315976,77.388617,MANIPUR|Unavailable|Unavailable|High(82),22.281944,88.911111,MANIPUR|Unavailable|Unavailable|High(82),24.81722,92.954619,MANIPUR|Unavailable|Unavailable|High(82),27.829293,78.345945,MANIPUR|Unavailable|Unavailable|High(82),26.609796,79.665193,MANIPUR|Unavailable|Unavailable|High(82),21.346106,78.001184,MANIPUR|Unavailable|Unavailable|High(82),25.57714,82.498353,MANIPUR|Unavailable|Unavailable|High(82),27.052721,79.358072,MANIPUR|Unavailable|Unavailable|High(82),25.923728,81.706253,MANIPUR|Unavailable|Unavailable|High(82),26.167184,81.669165,MANIPUR|Unavailable|Unavailable|High(82),25.969437,81.509504,MANIPUR|Unavailable|Unavailable|High(82),26.095622,82.346313,MANIPUR|Unavailable|Unavailable|High(82),25.046449,84.076917,MANIPUR|Unavailable|Unavailable|High(82),25.641044,84.309804,MANIPUR|Unavailable|Unavailable|High(82),21.09161,82.905846,MANIPUR|Unavailable|Unavailable|High(82),26.127344,81.637461,MANIPUR|Unavailable|Unavailable|High(82),26.368296,83.295984,MANIPUR|Unavailable|Unavailable|High(82),25.924477,81.310816,MANIPUR|Unavailable|Unavailable|High(82),26.598477,81.327491,MANIPUR|Unavailable|Unavailable|High(82),25.847924,80.80533,MANIPUR|Unavailable|Unavailable|High(82),26.269052,81.796057,MANIPUR|Unavailable|Unavailable|High(82),29.151646,78.67664,MANIPUR|Unavailable|Unavailable|High(82),25.469329,81.477235,MANIPUR|Unavailable|Unavailable|High(82),26.020347,81.883192,MANIPUR|Unavailable|Unavailable|High(82)",Pycnonotus cafer,86.9.1.1768,1,NA,NA,NA,NA
Shillong,"India, India",NA,NA,25.576018,91.900648,yes,,,,,Pycnonotus cafer,"86.9.1.1865, 86.9.1.1864",2,NA,NA,NA,NA
Sri Lanka,Sri Lanka,NA,NA,7.5,80.5,yes,High(84),Unavailable,,"7,81,SRI LANKA|Unavailable|Unavailable|High(84),7.75,80.75,SRI LANKA|Unavailable|Unavailable|High(84),7.5,80.5,SRI LANKA|Unavailable|Unavailable|High(84),7.5,80.5,SRI LANKA|Unavailable|Unavailable|High(84),7.648349,79.769531,(g3)Sri Lanka|Unavailable|259057|High(69)",Pycnonotus cafer,1947.11.34,1,NA,NA,NA,NA
"Tellula, Ceylon",Sri Lanka,NA,NA,6.60058,81.138836,yes,Low(37),Unavailable,,"6.205,81.2826,TELLULA|Unavailable|Unavailable|Low(37),7.75,80.75,CEYLON|Unavailable|Unavailable|Low(36),7.5,80.5,CEYLON|Unavailable|Unavailable|Low(36),7,81,CEYLON|Unavailable|Unavailable|Low(36)",Pycnonotus cafer,1928.6.25.45,1,NA,NA,NA,NA
"Uragaha, Ceylon",Sri Lanka,NA,NA,6.3589,80.1181,yes,Low(37),,,"6.3589,80.1181,URAGAHA|Unavailable|Unavailable|Low(37),7.75,80.75,CEYLON|Unavailable|Unavailable|Low(36),7.5,80.5,CEYLON|Unavailable|Unavailable|Low(36),7,81,CEYLON|Unavailable|Unavailable|Low(36)",Pycnonotus cafer,1940.12.3.32,1,NA,NA,NA,NA
"Tapraw, Siam",Thailand,NA,NA,8.057441,98.423302,yes,Low(34),,,"15.5,101,SIAM|Unavailable|Unavailable|Low(34),15,100,SIAM|Unavailable|Unavailable|Low(34)",Pycnonotus finlaysoni,86.9.1.2102,1,NA,NA,NA,NA
"Taroar, Siam","Thailand, Thailand, Thailand",NA,NA,7.999237,98.404965,yes,,,,,Pycnonotus finlaysoni,"86.9.1.2114, 86.9.1.2109, 86.9.1.2111",3,NA,NA,NA,NA
"Haliyal, Kanara, Assam",India,NA,NA,26.2401,90.948896,yes,Low(37),Unavailable,,"15.333333,74.766667,HALIYAL|Unavailable|Unavailable|Low(37),14.432115,74.721813,HALIYAL|Unavailable|Unavailable|Low(37),14.453139,74.824522,HALIYAL|Unavailable|Unavailable|Low(37),15.329376,74.763303,HALIYAL|Unavailable|Unavailable|Low(37),25.371148,76.344711,KANARA|Unavailable|Unavailable|Low(36),21.850364,77.775622,KANARA|Unavailable|Unavailable|Low(36),14,75,KANARA|Unavailable|Unavailable|Low(36),21.233333,70.483333,KANARA|Unavailable|Unavailable|Low(36),16,75,KANARA|Unavailable|Unavailable|Low(36),14.883333,74.583333,KANARA|Unavailable|Unavailable|Low(36),21.227595,70.489178,KANARA|Unavailable|Unavailable|Low(36),22.402956,74.320637,KANARA|Unavailable|Unavailable|Low(36),14,75,KANARA|Unavailable|Unavailable|Low(36),16,75,KANARA|Unavailable|Unavailable|Low(36),14.883333,74.583333,KANARA|Unavailable|Unavailable|Low(36),33.186529,74.171821,KANARA|Unavailable|Unavailable|Low(36),30.619849,79.214429,KANARA|Unavailable|Unavailable|Low(36),30.802284,77.881836,KANARA|Unavailable|Unavailable|Low(36),26.25,93,ASSAM|Unavailable|Unavailable|Low(35),26,92,ASSAM|Unavailable|Unavailable|Low(35)",Pycnonotus flavescens,1925.12.23.378,1,NA,NA,NA,NA
Mindon,"Myanmar, Myanmar",NA,NA,19.351907,94.734373,yes,,,,,Pycnonotus flavescens,"1940, 1943",2,NA,NA,NA,NA
"Shillong, Assam","India, India, India",NA,NA,25.56949,91.881704,yes,,,,,Pycnonotus flavescens,"86.9.1.2030, 86.9.1.2044, 86.9.1.2043",3,NA,NA,NA,NA
"LABUAN, SABAH, BORNEO","Malaysia, Malaysia, Malaysia",NA,NA,5.315862,115.212888,yes,,,,,Pycnonotus goiavier,"B/10299, B/10297, B/10298",3,NA,NA,NA,NA
"LAWAS, SARAWAK, N.E BORNEO",Malaysia,NA,NA,4.8604,115.409,yes,Low(37),Unavailable,,"1.5333,110.3333,SARAWAK|Unavailable|Unavailable|Low(37),2.5,113.5,SARAWAK|Unavailable|Unavailable|Low(37),4,115,BORNEO|Unavailable|Unavailable|Low(36),1,114,BORNEO|Unavailable|Unavailable|Low(36),4.5,115.416667,LAWAS|Unavailable|Unavailable|Low(35),4.8333,115.4167,LAWAS|Unavailable|Unavailable|Low(35),4.5,115.5,LAWAS|Unavailable|Unavailable|Low(35),4.8604,115.409,LAWAS|Unavailable|Unavailable|Low(35)",Pycnonotus goiavier,B/10301,1,NA,NA,NA,NA
"Baglan, Nashik District",India,NA,NA,20.766345,74.130657,yes,Low(36),Unavailable,,"30.971285,77.577462,BAGLAN|Unavailable|Unavailable|Low(36),20.845756,75.692245,BAGLAN|Unavailable|Unavailable|Low(36)",Pycnonotus jocosus,1925.12.23.360,1,NA,NA,NA,NA
Bangalore,India,NA,NA,12.977063,77.587106,no,High(84),unavailable,,"12.977063,77.587106,BANGALORE|Unavailable|Unavailable|High(84),12.983333,77.583333,BANGALORE|Unavailable|Unavailable|High(84)",Pycnonotus jocosus,88.4.1.673,1,NA,NA,NA,NA
"Firm Base, Andhra Pradesh",India,NA,NA,17.863706,83.415242,yes,Low(44),Unavailable,,"16,79,ANDHRA PRADESH|Unavailable|Unavailable|Low(44),15.833333,79.75,ANDHRA PRADESH|Unavailable|Unavailable|Low(44),17.833333,79.083333,ANDHRA|Unavailable|Unavailable|Low(36),26.396826,86.33789,ANDHRA|Unavailable|Unavailable|Low(36),18.766667,73.65,ANDHRA|Unavailable|Unavailable|Low(36),18,79.5,ANDHRA|Unavailable|Unavailable|Low(36)",Pycnonotus jocosus,26301,1,NA,NA,NA,NA
"Dewangiri, Deothang, Samdrup Jongkhar",Bhutan,NA,NA,26.866667,91.466667,yes,Low(46),Unavailable,,"26.800687,91.505191,SAMDRUP JONGKHAR|Unavailable|Unavailable|Low(46),26.916667,91.616667,SAMDRUP JONGKHAR|Unavailable|Unavailable|Low(46),26.866667,91.466667,DEWANGIRI|Unavailable|Unavailable|Low(39),27.4,90.5,SAMDRUP|Unavailable|Unavailable|Low(37)",Pycnonotus jocosus,1935.4.5.631,1,NA,NA,NA,NA
"Shevaroys, Tamil Nadu","India, India",NA,NA,11.820735,78.229049,yes,,,,,Pycnonotus jocosus,"1975, 1968",2,NA,NA,NA,NA
"Kotagiri, Tamil Nadu",India,NA,NA,11.433,76.883,yes,Low(40),Unavailable,,"11,78.333333,TAMIL NADU|Unavailable|Unavailable|Low(40),11,78,TAMIL NADU|Unavailable|Unavailable|Low(40),11.421783,76.862113,KOTAGIRI|Unavailable|Unavailable|Low(38),11.433,76.883,KOTAGIRI|Unavailable|Unavailable|Low(38),12.853164,74.996978,NADU|Unavailable|Unavailable|Low(34)",Pycnonotus jocosus,25893,1,NA,NA,NA,NA
Lucknow,India,NA,NA,26.75,81,yes,High(82),,,"26.75,81,LUCKNOW|Unavailable|Unavailable|High(82),26.839281,80.923133,LUCKNOW|Unavailable|Unavailable|High(82),26.830607,80.931934,LUCKNOW|Unavailable|Unavailable|High(82)",Pycnonotus jocosus,1965.M.9535,1,NA,NA,NA,NA
Manipur,"India, India, India, India",NA,NA,24.712374,93.834796,yes,,,,,Pycnonotus jocosus,"86.9.1.2419, 86.9.1.2412, 86.9.1.2410, 86.9.1.2414",4,NA,NA,NA,NA
"Mysore, Karnataka",India,NA,NA,12.307222,76.649722,yes,Low(39),Unavailable,,"14.666667,75.833333,KARNATAKA|Unavailable|Unavailable|Low(39),13.5,76,KARNATAKA|Unavailable|Unavailable|Low(39),16,75,KARNATAKA|Unavailable|Unavailable|Low(39),16,75,KARNATAKA|Unavailable|Unavailable|Low(39),12.316672,76.645833,MYSORE|Unavailable|Unavailable|Low(36),12,76.5,MYSORE|Unavailable|Unavailable|Low(36),14.666667,75.833333,MYSORE|Unavailable|Unavailable|Low(36),12.292664,76.638543,MYSORE|Unavailable|Unavailable|Low(36),13.5,76,MYSORE|Unavailable|Unavailable|Low(36),12,76.5,MYSORE|Unavailable|Unavailable|Low(36),12.307222,76.649722,MYSORE|Unavailable|Unavailable|Low(36),16,75,KARNATAK|Unavailable|Unavailable|Low(25),16,75,KARNATAK|Unavailable|Unavailable|Low(25),12,78,KARNATA|Unavailable|Unavailable|Low(24),25.048409,77.229874,KARNATA|Unavailable|Unavailable|Low(24)",Pycnonotus jocosus,23983,1,NA,NA,NA,NA
Odisha,"India, India",NA,NA,20.512689,84.410156,yes,,,,,Pycnonotus jocosus,"16281, 16280",2,NA,NA,NA,NA
S.Andaman,India,NA,NA,11.828227,92.657718,yes,Low(37),Unavailable,,"10,93,ANDAMAN|Unavailable|Unavailable|Low(37),10.033105,78.165045,ANDAMAN|Unavailable|Unavailable|Low(37),12,92.75,ANDAMAN|Unavailable|Unavailable|Low(37)",Pycnonotus jocosus,22079,1,NA,NA,NA,NA
"Baramulla, Vale of Kashmir",India,NA,NA,34.203141,74.348056,yes,Low(45),Unavailable,,"34.166667,74.75,VALE OF KASHMIR|Unavailable|Unavailable|Low(45),34.166667,74.75,VALE OF KASHMIR|Unavailable|Unavailable|Low(45),34.566667,74.75,BARAMULLA|Unavailable|Unavailable|Low(39),34.566667,74.75,BARAMULLA|Unavailable|Unavailable|Low(39),33.91667,76.66667,KASHMIR|Unavailable|Unavailable|Low(37),24.869157,86.179941,KASHMIR|Unavailable|Unavailable|Low(37),31.336368,77.175049,KASHMIR|Unavailable|Unavailable|Low(37),34.129167,74.525,BARAMUL|Unavailable|Unavailable|Low(24),20.499167,84.872588,BARAMUL|Unavailable|Unavailable|Low(24)",Pycnonotus leucogenys,1965.M.9572,1,NA,NA,NA,NA
"Domel, Murree-Srinagar Rd, Kashmir",India,NA,NA,32.888889,74.958333,yes,Low(38),Unavailable,,"27.722405,79.23433,SRINAGAR|Unavailable|Unavailable|Low(38),17.197924,78.474382,SRINAGAR|Unavailable|Unavailable|Low(38),30.079417,76.716242,SRINAGAR|Unavailable|Unavailable|Low(38),22.952159,79.519799,SRINAGAR|Unavailable|Unavailable|Low(38),24.791356,78.903352,SRINAGAR|Unavailable|Unavailable|Low(38),34.085652,74.805553,SRINAGAR|Unavailable|Unavailable|Low(38),27.779185,79.391449,SRINAGAR|Unavailable|Unavailable|Low(38),30.966519,77.093173,SRINAGAR|Unavailable|Unavailable|Low(38),34.083333,74.833333,SRINAGAR|Unavailable|Unavailable|Low(38),13.013333,80.229722,SRINAGAR|Unavailable|Unavailable|Low(38),26.4351,74.776027,SRINAGAR|Unavailable|Unavailable|Low(38),25.180204,79.774849,SRINAGAR|Unavailable|Unavailable|Low(38),28.681538,77.138806,SRINAGAR|Unavailable|Unavailable|Low(38),28.987707,77.042054,SRINAGAR|Unavailable|Unavailable|Low(38),24.668432,82.939171,SRINAGAR|Unavailable|Unavailable|Low(38),26.685476,83.062356,SRINAGAR|Unavailable|Unavailable|Low(38),27.044999,83.742795,SRINAGAR|Unavailable|Unavailable|Low(38),27.418007,82.727268,SRINAGAR|Unavailable|Unavailable|Low(38),27.183338,82.409603,SRINAGAR|Unavailable|Unavailable|Low(38),26.952356,82.312035,SRINAGAR|Unavailable|Unavailable|Low(38),27.685198,82.097995,SRINAGAR|Unavailable|Unavailable|Low(38),26.702634,83.440587,SRINAGAR|Unavailable|Unavailable|Low(38),27.356807,82.227098,SRINAGAR|Unavailable|Unavailable|Low(38),24.497829,83.730106,SRINAGAR|Unavailable|Unavailable|Low(38),25.403057,78.57788,SRINAGAR|Unavailable|Unavailable|Low(38),27.255259,82.202574,SRINAGAR|Unavailable|Unavailable|Low(38),27.246443,82.193505,SRINAGAR|Unavailable|Unavailable|Low(38),27.20437,83.733184,SRINAGAR|Unavailable|Unavailable|Low(38),27.330279,82.72068,SRINAGAR|Unavailable|Unavailable|Low(38),31.336368,77.175049,KASHMIR|Unavailable|Unavailable|Low(37),33.91667,76.66667,KASHMIR|Unavailable|Unavailable|Low(37),34.586439,74.040578,DOMEL|Unavailable|Unavailable|Low(35),32.888889,74.958333,DOMEL|Unavailable|Unavailable|Low(35)",Pycnonotus leucogenys,1965.M.9571,1,NA,NA,NA,NA
Punjab,"Pakistan, Pakistan, Pakistan, Pakistan",NA,NA,31.174076,72.805261,yes,,,,,Pycnonotus leucogenys,"16245, 16233, 16248, 16249",4,NA,NA,NA,NA
"Serinaga, 5500', Kashmir",India,NA,NA,34.079756,74.799923,yes,Low(37),,,"33.91667,76.66667,KASHMIR|Unavailable|Unavailable|Low(37),31.336368,77.175049,KASHMIR|Unavailable|Unavailable|Low(37),24.869157,86.179941,KASHMIR|Unavailable|Unavailable|Low(37)",Pycnonotus leucogenys,1965.M.9569,1,NA,NA,NA,NA
"Srinagar, Kashmir",India,NA,NA,34.085652,74.805553,yes,Low(38),Unavailable,,"22.952159,79.519799,SRINAGAR|Unavailable|Unavailable|Low(38),27.722405,79.23433,SRINAGAR|Unavailable|Unavailable|Low(38),17.197924,78.474382,SRINAGAR|Unavailable|Unavailable|Low(38),27.779185,79.391449,SRINAGAR|Unavailable|Unavailable|Low(38),24.668432,82.939171,SRINAGAR|Unavailable|Unavailable|Low(38),24.791356,78.903352,SRINAGAR|Unavailable|Unavailable|Low(38),34.085652,74.805553,SRINAGAR|Unavailable|Unavailable|Low(38),30.079417,76.716242,SRINAGAR|Unavailable|Unavailable|Low(38),30.966519,77.093173,SRINAGAR|Unavailable|Unavailable|Low(38),34.083333,74.833333,SRINAGAR|Unavailable|Unavailable|Low(38),13.013333,80.229722,SRINAGAR|Unavailable|Unavailable|Low(38),26.4351,74.776027,SRINAGAR|Unavailable|Unavailable|Low(38),25.180204,79.774849,SRINAGAR|Unavailable|Unavailable|Low(38),28.681538,77.138806,SRINAGAR|Unavailable|Unavailable|Low(38),28.987707,77.042054,SRINAGAR|Unavailable|Unavailable|Low(38),24.497829,83.730106,SRINAGAR|Unavailable|Unavailable|Low(38),26.702634,83.440587,SRINAGAR|Unavailable|Unavailable|Low(38),27.183338,82.409603,SRINAGAR|Unavailable|Unavailable|Low(38),26.685476,83.062356,SRINAGAR|Unavailable|Unavailable|Low(38),27.685198,82.097995,SRINAGAR|Unavailable|Unavailable|Low(38),27.666186,82.143249,SRINAGAR|Unavailable|Unavailable|Low(38),26.050502,81.910117,SRINAGAR|Unavailable|Unavailable|Low(38),26.952356,82.312035,SRINAGAR|Unavailable|Unavailable|Low(38),27.044999,83.742795,SRINAGAR|Unavailable|Unavailable|Low(38),27.255259,82.202574,SRINAGAR|Unavailable|Unavailable|Low(38),27.356807,82.227098,SRINAGAR|Unavailable|Unavailable|Low(38),25.403057,78.57788,SRINAGAR|Unavailable|Unavailable|Low(38),27.330279,82.72068,SRINAGAR|Unavailable|Unavailable|Low(38),27.418007,82.727268,SRINAGAR|Unavailable|Unavailable|Low(38),27.246443,82.193505,SRINAGAR|Unavailable|Unavailable|Low(38),27.20437,83.733184,SRINAGAR|Unavailable|Unavailable|Low(38),33.91667,76.66667,KASHMIR|Unavailable|Unavailable|Low(37),31.336368,77.175049,KASHMIR|Unavailable|Unavailable|Low(37)",Pycnonotus leucogenys,1949.Whi.1.14284,1,NA,NA,NA,NA
Punjab,Pakistan,NA,NA,30.85,72.316667,yes,High(81),Unavailable,,"30,74,PUNJAB|Unavailable|Unavailable|High(81),30.85,72.316667,PUNJAB|Unavailable|Unavailable|High(81),30.860168,72.319759,PUNJAB|Unavailable|Unavailable|High(81)",Pycnonotus leucogenys,1928,1,NA,NA,NA,NA
"Baroda, Gujarat",India,NA,NA,22.299405,73.208119,yes,Low(37),Unavailable,,"23,72,GUJARAT|Unavailable|Unavailable|Low(37),23,71.75,GUJARAT|Unavailable|Unavailable|Low(37),22.85,71.5,GUJARAT|Unavailable|Unavailable|Low(37),28.952544,77.838686,BARODA|Unavailable|Unavailable|Low(36),26.278114,76.621835,BARODA|Unavailable|Unavailable|Low(36),26.560391,76.940009,BARODA|Unavailable|Unavailable|Low(36),27.710195,77.181469,BARODA|Unavailable|Unavailable|Low(36),23.291038,79.755792,BARODA|Unavailable|Unavailable|Low(36),29.438472,76.208172,BARODA|Unavailable|Unavailable|Low(36),24.184638,77.873425,BARODA|Unavailable|Unavailable|Low(36),22.299405,73.208119,BARODA|Unavailable|Unavailable|Low(36),25.5,76.65,BARODA|Unavailable|Unavailable|Low(36),28.333558,77.989738,BARODA|Unavailable|Unavailable|Low(36),23.301978,73.016907,BARODA|Unavailable|Unavailable|Low(36),27.484325,76.869529,BARODA|Unavailable|Unavailable|Low(36),23.719936,78.703889,BARODA|Unavailable|Unavailable|Low(36),23.903004,74.056,BARODA|Unavailable|Unavailable|Low(36),21.296843,81.711701,BARODA|Unavailable|Unavailable|Low(36),23.220744,80.691291,BARODA|Unavailable|Unavailable|Low(36),25.861122,78.999188,BARODA|Unavailable|Unavailable|Low(36),22.674848,79.87346,BARODA|Unavailable|Unavailable|Low(36),22.853213,75.841668,BARODA|Unavailable|Unavailable|Low(36),23.301978,73.016907,BARODA|Unavailable|Unavailable|Low(36),22.522887,76.666821,BARODA|Unavailable|Unavailable|Low(36),22.878205,75.970264,BARODA|Unavailable|Unavailable|Low(36),25.698815,78.083513,BARODA|Unavailable|Unavailable|Low(36),23.486275,80.005001,BARODA|Unavailable|Unavailable|Low(36),24.544854,78.383394,BARODA|Unavailable|Unavailable|Low(36),27.484676,76.870136,BARODA|Unavailable|Unavailable|Low(36),24.003237,79.375099,BARODA|Unavailable|Unavailable|Low(36),23.347737,77.892679,BARODA|Unavailable|Unavailable|Low(36),24.224304,77.312497,BARODA|Unavailable|Unavailable|Low(36),23.119806,75.261799,BARODA|Unavailable|Unavailable|Low(36)",Pycnonotus leucotis,2748,1,NA,NA,NA,NA
"Fort Munro, Dera Ghazi Khan, Punjab",Pakistan,NA,NA,29.943501,69.96657,yes,Low(45),Unavailable,,"30.409945,70.446987,DERA GHAZI KHAN|Unavailable|Unavailable|Low(45),29.943501,69.96657,FORT MUNRO|Unavailable|Unavailable|Low(40),29.927368,69.988532,FORT MUNRO|Unavailable|Unavailable|Low(40),30.85,72.316667,PUNJAB|Unavailable|Unavailable|Low(36),30,74,PUNJAB|Unavailable|Unavailable|Low(36),29.173448,67.836002,GHAZI|Unavailable|Unavailable|Low(35),32.952856,74.334318,GHAZI|Unavailable|Unavailable|Low(35),27.413223,67.9738,DERA|Unavailable|Unavailable|Low(34),35.382133,74.079443,KHAN|Unavailable|Unavailable|Low(34),30.933333,72.766667,DERA|Unavailable|Unavailable|Low(34),31.427485,69.400892,DERA|Unavailable|Unavailable|Low(34),33.973947,73.280986,DERA|Unavailable|Unavailable|Low(34),33.682918,73.667722,DERA|Unavailable|Unavailable|Low(34),31.911386,74.208447,DERA|Unavailable|Unavailable|Low(34),33.847192,73.741222,DERA|Unavailable|Unavailable|Low(34),32.215091,74.417079,DERA|Unavailable|Unavailable|Low(34),27.55,67.983333,DERA|Unavailable|Unavailable|Low(34),33.945158,74.085651,DERA|Unavailable|Unavailable|Low(34),25.177159,69.268018,DERA|Unavailable|Unavailable|Low(34),30.251177,71.408234,DERA|Unavailable|Unavailable|Low(34),31.803774,74.203124,DERA|Unavailable|Unavailable|Low(34),31.438323,71.704063,KHAN|Unavailable|Unavailable|Low(34),25.394745,68.983993,KHAN|Unavailable|Unavailable|Low(34),30.98635,67.270986,KHAN|Unavailable|Unavailable|Low(34),30.960249,67.262433,KHAN|Unavailable|Unavailable|Low(34),33.460642,73.051555,DERA|Unavailable|Unavailable|Low(34),32.787376,73.118916,DERA|Unavailable|Unavailable|Low(34),29.537093,71.764686,KHAN|Unavailable|Unavailable|Low(34),26.633333,68.4,DERA|Unavailable|Unavailable|Low(34),34.271313,72.84634,DERA|Unavailable|Unavailable|Low(34),32.07152,74.014974,DERA|Unavailable|Unavailable|Low(34),33.712275,73.467573,DERA|Unavailable|Unavailable|Low(34),33.867457,73.151786,KHAN|Unavailable|Unavailable|Low(34)",Pycnonotus leucotis,1949.25.3378,1,NA,NA,NA,NA
"Kutch, Gujarat",India,NA,NA,23.583333,70,yes,Low(37),Unavailable,,"23,71.75,GUJARAT|Unavailable|Unavailable|Low(37),23,72,GUJARAT|Unavailable|Unavailable|Low(37),22.85,71.5,GUJARAT|Unavailable|Unavailable|Low(37),23.583333,70,KUTCH|Unavailable|Unavailable|Low(35),23.583333,70,KUTCH|Unavailable|Unavailable|Low(35),24.083,70.166,KUTCH|Unavailable|Unavailable|Low(35)",Pycnonotus leucotis,1938,1,NA,NA,NA,NA
"Jhang, Punjab","Pakistan, Pakistan, Pakistan",NA,NA,31.274171,72.320419,yes,,,,,Pycnonotus leucotis,"1949.Whi.1.14299, 1949.Whi.1.14297, 1949.Whi.1.14300",3,NA,NA,NA,NA
Multan,"Pakistan, Pakistan",NA,NA,30.183813,71.487518,yes,,,,,Pycnonotus leucotis,"16254, 16253",2,NA,NA,NA,NA
"Bharatpur, Rajasthan",India,NA,NA,27.215251,77.492786,yes,Low(39),Unavailable,,"27.431303,78.869191,BHARATPUR|Unavailable|Unavailable|Low(39),27.851568,78.483618,BHARATPUR|Unavailable|Unavailable|Low(39),25.202044,78.133317,BHARATPUR|Unavailable|Unavailable|Low(39),27.822109,78.758752,BHARATPUR|Unavailable|Unavailable|Low(39),25.218352,83.151516,BHARATPUR|Unavailable|Unavailable|Low(39),27.881379,77.960183,BHARATPUR|Unavailable|Unavailable|Low(39),27.606941,78.283068,BHARATPUR|Unavailable|Unavailable|Low(39),25.098032,83.07321,BHARATPUR|Unavailable|Unavailable|Low(39),27.215251,77.492786,BHARATPUR|Unavailable|Unavailable|Low(39),23.734881,81.777038,BHARATPUR|Unavailable|Unavailable|Low(39),27,77.5,BHARATPUR|Unavailable|Unavailable|Low(39),24.165422,78.908245,BHARATPUR|Unavailable|Unavailable|Low(39),29.819471,77.82658,BHARATPUR|Unavailable|Unavailable|Low(39),24.650569,76.475995,BHARATPUR|Unavailable|Unavailable|Low(39),26.583333,73.833333,RAJASTHAN|Unavailable|Unavailable|Low(39),29.563205,77.070954,BHARATPUR|Unavailable|Unavailable|Low(39),27.88102,79.753029,BHARATPUR|Unavailable|Unavailable|Low(39),25.734876,83.230539,BHARATPUR|Unavailable|Unavailable|Low(39),24.197294,81.062376,BHARATPUR|Unavailable|Unavailable|Low(39),25.050911,77.223887,BHARATPUR|Unavailable|Unavailable|Low(39),25.934728,80.524996,BHARATPUR|Unavailable|Unavailable|Low(39),25.732903,82.533044,BHARATPUR|Unavailable|Unavailable|Low(39),26.375655,79.804432,BHARATPUR|Unavailable|Unavailable|Low(39),25.436462,82.811429,BHARATPUR|Unavailable|Unavailable|Low(39),24.303247,81.360844,BHARATPUR|Unavailable|Unavailable|Low(39),16.741138,79.087519,BHARATPUR|Unavailable|Unavailable|Low(39),26.490042,79.519536,BHARATPUR|Unavailable|Unavailable|Low(39),27.674599,77.925171,BHARATPUR|Unavailable|Unavailable|Low(39),27.278011,79.018257,BHARATPUR|Unavailable|Unavailable|Low(39),21.815378,82.050156,BHARATPUR|Unavailable|Unavailable|Low(39),27.999285,77.690325,BHARATPUR|Unavailable|Unavailable|Low(39),22.978039,79.650808,BHARATPUR|Unavailable|Unavailable|Low(39),27.748815,78.722695,BHARATPUR|Unavailable|Unavailable|Low(39)",Pycnonotus leucotis,23358,1,NA,NA,NA,NA
"Canacona, Goa",India,NA,NA,15.016667,74.016667,no,Low(38),unavailable,,"15.016667,74.016667,CANACONA|Unavailable|Unavailable|Low(38),15.026975,74.046168,CANACONA|Unavailable|Unavailable|Low(38),15.501574,73.913146,GOA|Unavailable|Unavailable|Low(33),15.409269,73.788685,GOA|Unavailable|Unavailable|Low(33),32.448826,76.539889,GOA|Unavailable|Unavailable|Low(33),15.333333,74.08333,GOA|Unavailable|Unavailable|Low(33),24.602428,72.725831,GOA|Unavailable|Unavailable|Low(33),15.333,74.083,GOA|Unavailable|Unavailable|Low(33),15.4,73.8,GOA|Unavailable|Unavailable|Low(33),15.5,73.916667,GOA|Unavailable|Unavailable|Low(33),23.785769,84.315969,GOA|Unavailable|Unavailable|Low(33)",Pycnonotus luteolus,24106,1,NA,NA,NA,NA
"Gingee, Madras",India,NA,NA,12.25,79.416667,yes,Low(36),Unavailable,,"11,78.333333,MADRAS|Unavailable|Unavailable|Low(36),12.252824,79.417274,GINGEE|Unavailable|Unavailable|Low(36),13.084622,80.248357,MADRAS|Unavailable|Unavailable|Low(36),13,80.25,MADRAS|Unavailable|Unavailable|Low(36),13.084286,80.276314,MADRAS|Unavailable|Unavailable|Low(36),11.882568,79.786223,GINGEE|Unavailable|Unavailable|Low(36),13,80.25,MADRAS|Unavailable|Unavailable|Low(36),12.25,79.416667,GINGEE|Unavailable|Unavailable|Low(36),13.083333,80.283333,MADRAS|Unavailable|Unavailable|Low(36),11,78,MADRAS|Unavailable|Unavailable|Low(36),13.081389,80.277222,MADRAS|Unavailable|Unavailable|Low(36)",Pycnonotus luteolus,1937.12.21.246,1,NA,NA,NA,NA
"Konta, Bastar",India,NA,NA,17.810176,81.382535,yes,Low(36),Unavailable,,"25.255316,81.989908,BASTAR|Unavailable|Unavailable|Low(36),19.203062,81.92959,BASTAR|Unavailable|Unavailable|Low(36),19.2,81.933333,BASTAR|Unavailable|Unavailable|Low(36),19.25,81.25,BASTAR|Unavailable|Unavailable|Low(36),19.25,81.25,BASTAR|Unavailable|Unavailable|Low(36),17.810176,81.382535,KONTA|Unavailable|Unavailable|Low(35),23.49674,76.452869,KONTA|Unavailable|Unavailable|Low(35),29.209243,79.672693,KONTA|Unavailable|Unavailable|Low(35),18.642245,82.690846,KONTA|Unavailable|Unavailable|Low(35),17.8,81.383333,KONTA|Unavailable|Unavailable|Low(35)",Pycnonotus luteolus,16303,1,NA,NA,NA,NA
"Kurumbapatti, Salem Dist.",India,NA,NA,11.585784,77.870455,yes,Low(42),Unavailable,,"10.939361,78.59785,KURUMBAPATTI|Unavailable|Unavailable|Low(42),11.585784,77.870455,KURUMBAPATTI|Unavailable|Unavailable|Low(42),10.423541,77.49645,KURUMBAPATTI|Unavailable|Unavailable|Low(42),10.544928,78.652854,KURUMBAPATTI|Unavailable|Unavailable|Low(42),10.547691,78.707227,KURUMBAPATTI|Unavailable|Unavailable|Low(42),12.111085,78.582592,KURUMBAPATTI|Unavailable|Unavailable|Low(42),12.431681,78.193631,KURUMBAPATTI|Unavailable|Unavailable|Low(42),11.108814,78.532228,KURUMBAPATTI|Unavailable|Unavailable|Low(42),12,78,SALEM|Unavailable|Unavailable|Low(35),11.653755,78.15538,SALEM|Unavailable|Unavailable|Low(35),15.7,73.916667,SALEM|Unavailable|Unavailable|Low(35),11.666667,78.1,SALEM|Unavailable|Unavailable|Low(35),15.7,73.916667,SALEM|Unavailable|Unavailable|Low(35),11.65,78.166667,SALEM|Unavailable|Unavailable|Low(35),12,78,SALEM|Unavailable|Unavailable|Low(35),11.670093,78.114093,SALEM|Unavailable|Unavailable|Low(35),11.088501,78.042285,SALEM|Unavailable|Unavailable|Low(35)",Pycnonotus luteolus,1937.12.21.245,1,NA,NA,NA,NA
Madras,India,NA,NA,13.084622,80.248357,no,High(81),unavailable,,"13.084622,80.248357,MADRAS|Unavailable|Unavailable|High(81),11,78.333333,MADRAS|Unavailable|Unavailable|High(81),13,80.25,MADRAS|Unavailable|Unavailable|High(81),13.084286,80.276314,MADRAS|Unavailable|Unavailable|High(81),13.083333,80.283333,MADRAS|Unavailable|Unavailable|High(81),13,80.25,MADRAS|Unavailable|Unavailable|High(81),11,78,MADRAS|Unavailable|Unavailable|High(81),13.081389,80.277222,MADRAS|Unavailable|Unavailable|High(81)",Pycnonotus luteolus,86.9.1.2056,1,NA,NA,NA,NA
Odisha,"India, India",NA,NA,20.297942,84.214604,yes,,,,,Pycnonotus luteolus,"25808, 16306",2,NA,NA,NA,NA
"Ooty, TN",India,NA,NA,11.41138,76.702695,no,Low(34),unavailable,,"11.41138,76.702695,OOTY|Unavailable|Unavailable|Low(34),11.4,76.7,OOTY|Unavailable|Unavailable|Low(34)",Pycnonotus luteolus,16300,1,NA,NA,NA,NA
"Palkonda Hills, Madras",India,NA,NA,14.252225,78.839865,yes,Low(44),Unavailable,,"14.100038,79.071518,PALKONDA HILLS|Unavailable|Unavailable|Low(44),13.886996,79.13593,PALKONDA HILLS|Unavailable|Unavailable|Low(44),14.304138,78.613743,PALKONDA HILLS|Unavailable|Unavailable|Low(44),14.291882,78.393188,PALKONDA HILLS|Unavailable|Unavailable|Low(44),14.083333,79.083333,PALKONDA HILLS|Unavailable|Unavailable|Low(44),14.252225,78.839865,PALKONDA HILLS|Unavailable|Unavailable|Low(44),18.603742,83.755679,PALKONDA|Unavailable|Unavailable|Low(38),14.490836,77.998385,PALKONDA|Unavailable|Unavailable|Low(38),18.027314,82.492173,PALKONDA|Unavailable|Unavailable|Low(38),18.247453,81.791693,PALKONDA|Unavailable|Unavailable|Low(38),18.866065,83.803464,PALKONDA|Unavailable|Unavailable|Low(38),11,78.333333,MADRAS|Unavailable|Unavailable|Low(36),13.084286,80.276314,MADRAS|Unavailable|Unavailable|Low(36),13,80.25,MADRAS|Unavailable|Unavailable|Low(36),13.084622,80.248357,MADRAS|Unavailable|Unavailable|Low(36),13.081389,80.277222,MADRAS|Unavailable|Unavailable|Low(36),13.083333,80.283333,MADRAS|Unavailable|Unavailable|Low(36),13,80.25,MADRAS|Unavailable|Unavailable|Low(36),11,78,MADRAS|Unavailable|Unavailable|Low(36)",Pycnonotus luteolus,1949.Whi.1.14312,1,NA,NA,NA,NA
"Salem, TN",India,NA,NA,11.653755,78.15538,no,Low(35),unavailable,,"11.653755,78.15538,SALEM|Unavailable|Unavailable|Low(35),11.670093,78.114093,SALEM|Unavailable|Unavailable|Low(35),15.7,73.916667,SALEM|Unavailable|Unavailable|Low(35),12,78,SALEM|Unavailable|Unavailable|Low(35),11.088501,78.042285,SALEM|Unavailable|Unavailable|Low(35),11.65,78.166667,SALEM|Unavailable|Unavailable|Low(35),12,78,SALEM|Unavailable|Unavailable|Low(35),11.666667,78.1,SALEM|Unavailable|Unavailable|Low(35),15.7,73.916667,SALEM|Unavailable|Unavailable|Low(35)",Pycnonotus luteolus,2074,1,NA,NA,NA,NA
"Seshachalam, AP",India,NA,NA,14.315329,78.230006,yes,,,,,Pycnonotus luteolus,2077,1,NA,NA,NA,NA
Asbestos mountains,South Africa,NA,NA,-28.833333,23.166667,no,High(93),unavailable,,"-28.833333,23.166667,ASBESTOS MOUNTAINS|Unavailable|Unavailable|High(93)",Pycnonotus nigricans,B/2095,1,NA,NA,NA,NA
MODDERT RIVER,South Africa,NA,NA,-29.02643,24.634973,yes,,,,,Pycnonotus nigricans,B/2092,1,NA,NA,NA,NA
"Orange river, north bank",South Africa,NA,NA,-29.668666,24.207505,yes,Low(42),Unavailable,,"-28.633464,16.451479,ORANGE RIVER|Unavailable|Unavailable|Low(42),-29.668666,24.207505,ORANGE RIVER|Unavailable|Unavailable|Low(42),-30.533333,27.066667,ORANGE RIVER|Unavailable|Unavailable|Low(42),-29.416787,25.268873,ORANGE|Unavailable|Unavailable|Low(36),-28.474014,30.413904,ORANGE|Unavailable|Unavailable|Low(36),-28.633464,16.451479,ORANGE|Unavailable|Unavailable|Low(36),-26.311827,27.512137,BANK|Unavailable|Unavailable|Low(34)",Pycnonotus nigricans,B/2093,1,NA,NA,NA,NA
"Ohiya, Sri Lanka","Sri Lanka, Sri Lanka, Sri Lanka",NA,NA,6.818971,80.844582,yes,,,,,Pycnonotus penicillatus,"1940.12.3.39, 1940.12.3.41, 1940.12.3.38",3,NA,NA,NA,NA
"Horton Plains, Sri Lanka","Sri Lanka, Sri Lanka",NA,NA,6.800989,80.801323,yes,,,,,Pycnonotus penicillatus,"20862, 1969.41.435",2,NA,NA,NA,NA
"LABUAN, SABAH, BORNEO",Malaysia,NA,NA,5.280278,115.2475,yes,Low(36),Unavailable,,"1,114,BORNEO|Unavailable|Unavailable|Low(36),4,115,BORNEO|Unavailable|Unavailable|Low(36),4.48448,118.625983,LABUAN|Unavailable|Unavailable|Low(36),5.280278,115.2475,LABUAN|Unavailable|Unavailable|Low(36),5.333333,115.2,LABUAN|Unavailable|Unavailable|Low(36),3.7698,100.9879,SABAH|Unavailable|Unavailable|Low(35),5.5,117,SABAH|Unavailable|Unavailable|Low(35)",Pycnonotus plumosus,B/10318,1,NA,NA,NA,NA
"LUMBIDAN, SABAH, BORNEO",Malaysia,NA,NA,5.347614,115.555534,yes,Low(36),Unavailable,,"1,114,BORNEO|Unavailable|Unavailable|Low(36),4,115,BORNEO|Unavailable|Unavailable|Low(36),3.7698,100.9879,SABAH|Unavailable|Unavailable|Low(35),5.5,117,SABAH|Unavailable|Unavailable|Low(35)",Pycnonotus plumosus,B/10319,1,NA,NA,NA,NA
PENANG HILL,Malaysia,NA,NA,5.433333,100.266667,no,High(86),unavailable,,"5.433333,100.266667,PENANG HILL|Unavailable|Unavailable|High(86)",Pycnonotus plumosus,B/10313,1,NA,NA,NA,NA
SINGAPORE,Singapore,NA,NA,1.3667,103.8,no,High(84),unavailable,,"1.3667,103.8,SINGAPORE|Unavailable|Unavailable|High(84),1.2833,103.85,SINGAPORE|Unavailable|Unavailable|High(84),1.366667,103.8,SINGAPORE|Unavailable|Unavailable|High(84),1.366,103.8,SINGAPORE|Unavailable|Unavailable|High(84),1.293056,103.855833,SINGAPORE|Unavailable|Unavailable|High(84),1.35843,103.803433,(g3)Singapore|Unavailable|26025|High(69),1.35843,103.803433,(g3)Singapore|Unavailable|26025|High(69),1.35843,103.803433,(g3)Singapore|Unavailable|26025|High(69)",Pycnonotus plumosus,B/10312,1,NA,NA,NA,NA
"Bintulu, Sarawak",Malaysia,NA,NA,3.166667,113.033333,yes,Low(37),Unavailable,,"3,113.333333,BINTULU|Unavailable|Unavailable|Low(37),3.166667,113.033333,BINTULU|Unavailable|Unavailable|Low(37),3.333333,113.166667,BINTULU|Unavailable|Unavailable|Low(37),1.5333,110.3333,SARAWAK|Unavailable|Unavailable|Low(37),2.5,113.5,SARAWAK|Unavailable|Unavailable|Low(37),2.083333,111.416667,ULU SARA|Unavailable|Unavailable|Low(25)",Pycnonotus simplex,1876.7.28.30,1,NA,NA,NA,NA
KUALA LUMPUR,Malaysia,NA,NA,3.166667,101.7,no,High(87),unavailable,,"3.166667,101.7,KUALA LUMPUR|Unavailable|Unavailable|High(87),3.116667,101.683333,KUALA LUMPUR|Unavailable|Unavailable|High(87),3.1667,101.7,KUALA LUMPUR|Unavailable|Unavailable|High(87)",Pycnonotus simplex,B/10320,1,NA,NA,NA,NA
"MT ENSUAN, SABAH, CENTRAL N BORNEO","Malaysia, Malaysia",NA,NA,5.927989,117.159043,yes,,,,,Pycnonotus simplex,"1956.60.307, 1956.60.308",2,NA,NA,NA,NA
"RIVER TINJAR, MT.DULIT, SARAWAK",Malaysia,NA,NA,3.392565,114.172109,yes,Low(37),,,"2.5,113.5,SARAWAK|Unavailable|Unavailable|Low(37),1.5333,110.3333,SARAWAK|Unavailable|Unavailable|Low(37)",Pycnonotus simplex,1935.10.22.375,1,NA,NA,NA,NA
"Canton Island, Phoenix Islands",China,NA,NA,23.116667,113.25,yes,Low(36),Unavailable,,"23.116667,113.25,CANTON|Unavailable|Unavailable|Low(36),23.5,113.25,CANTON|Unavailable|Unavailable|Low(36)",Pycnonotus sinensis,1910.5.2.356,1,NA,NA,NA,NA
"Fujian, S. China","China, China",NA,NA,25.980543,117.928802,yes,,,,,Pycnonotus sinensis,"1900.1.18.420, 1905 12.24-536",2,NA,NA,NA,NA
Fuzhou,"China, China",NA,NA,26.043178,119.295913,yes,,,,,Pycnonotus sinensis,"98.10.2.130, 1903.7-3.135",2,NA,NA,NA,NA
Konang-Tcheou-Wan,"China, China",NA,NA,21.197542,110.414153,yes,,,,,Pycnonotus sinensis,"1935.10.23.452, 1935.10.23.451",2,NA,NA,NA,NA
"Seven Finger Range, Central Hainan",China,NA,NA,18.71631,109.703613,yes,Low(37),Unavailable,,"28.5,86,CENTRAL|Unavailable|Unavailable|Low(37),33.0427,119.982,HAINAN|Unavailable|Unavailable|Low(36),44.5657,129.49,HAINAN|Unavailable|Unavailable|Low(36),34.98,116.542,HAINAN|Unavailable|Unavailable|Low(36),19.25,109.75,HAINAN|Unavailable|Unavailable|Low(36),23.053864,113.223395,HAINAN|Unavailable|Unavailable|Low(36),18.939444,109.484167,HAINAN|Unavailable|Unavailable|Low(36),47.232,126.979,HAINAN|Unavailable|Unavailable|Low(36),39.445452,106.891317,HAINAN|Unavailable|Unavailable|Low(36),27.788646,102.307174,HAINAN|Unavailable|Unavailable|Low(36),31.887878,121.179504,HAINAN|Unavailable|Unavailable|Low(36),32.491667,120.455556,HAINAN|Unavailable|Unavailable|Low(36),39.445452,106.891317,HAINAN|Unavailable|Unavailable|Low(36),27.7986,102.309,HAINAN|Unavailable|Unavailable|Low(36),35.81725,100.340527,HAINAN|Unavailable|Unavailable|Low(36),32.494324,120.454529,HAINAN|Unavailable|Unavailable|Low(36),19,109.5,HAINAN|Unavailable|Unavailable|Low(36),30.7453,101.348,RANGE|Unavailable|Unavailable|Low(35)",Pycnonotus sinensis,1909.8.30.57,1,NA,NA,NA,NA
Andhra Pradesh,India,NA,NA,15.833333,79.75,yes,High(89),Unavailable,,"16,79,ANDHRA PRADESH|Unavailable|Unavailable|High(89),15.833333,79.75,ANDHRA PRADESH|Unavailable|Unavailable|High(89)",Pycnonotus xantholaemus,2061,1,NA,NA,NA,NA
"Chitteri hills, Salem, Tamil Nadu",India,NA,NA,11.895612,78.500376,yes,Low(44),,,"11.895612,78.500376,CHITTERI HILLS|Unavailable|Unavailable|Low(44),11.833333,78.483333,CHITTERI HILLS|Unavailable|Unavailable|Low(44),11,78.333333,TAMIL NADU|Unavailable|Unavailable|Low(40),11,78,TAMIL NADU|Unavailable|Unavailable|Low(40),11.47135,79.646071,CHITTERI|Unavailable|Unavailable|Low(38),10.627694,79.470853,CHITTERI|Unavailable|Unavailable|Low(38),11.651707,79.028247,CHITTERI|Unavailable|Unavailable|Low(38),12.638604,79.297987,CHITTERI|Unavailable|Unavailable|Low(38),11.890636,78.51027,CHITTERI|Unavailable|Unavailable|Low(38),13.089555,78.340705,CHITTERI|Unavailable|Unavailable|Low(38),11.539462,78.919815,CHITTERI|Unavailable|Unavailable|Low(38),11.670093,78.114093,SALEM|Unavailable|Unavailable|Low(35),12,78,SALEM|Unavailable|Unavailable|Low(35),11.653755,78.15538,SALEM|Unavailable|Unavailable|Low(35),12,78,SALEM|Unavailable|Unavailable|Low(35),15.7,73.916667,SALEM|Unavailable|Unavailable|Low(35),11.65,78.166667,SALEM|Unavailable|Unavailable|Low(35),15.7,73.916667,SALEM|Unavailable|Unavailable|Low(35),11.088501,78.042285,SALEM|Unavailable|Unavailable|Low(35),11.666667,78.1,SALEM|Unavailable|Unavailable|Low(35),12.853164,74.996978,NADU|Unavailable|Unavailable|Low(34)",Pycnonotus xantholaemus,1937.12.21.243,1,NA,NA,NA,NA
"Horsely Hills, Tamil Nadu",India,NA,NA,13.648348,78.399622,yes,Low(40),,,"11,78.333333,TAMIL NADU|Unavailable|Unavailable|Low(40),11,78,TAMIL NADU|Unavailable|Unavailable|Low(40),12.853164,74.996978,NADU|Unavailable|Unavailable|Low(34)",Pycnonotus xantholaemus,2062,1,NA,NA,NA,NA
"Thondebhavi, Mysore","India, India",NA,NA,13.499681,77.517554,yes,,,,,Pycnonotus xantholaemus,"1949.Whi.1.14343, 1949.Whi.1.14344",2,NA,NA,NA,NA
W of Nellore,India,NA,NA,14.345051,79.483713,yes,Low(37),,,"14.083333,79.583333,NELLORE|Unavailable|Unavailable|Low(37),14.449918,79.986967,NELLORE|Unavailable|Unavailable|Low(37),14.433333,79.966667,NELLORE|Unavailable|Unavailable|Low(37)",Pycnonotus xantholaemus,86.9.1.2168,1,NA,NA,NA,NA
Gulf of Oman,Oman,NA,NA,23.602077,58.254917,yes,High(72),,,"24.700928,58.681152,(g3)Gulf of Oman|Unavailable|321402|High(72)",Pycnonotus xanthopygos,98.5.16.49,1,NA,NA,NA,NA
"Hila Seinun, Arabia",Saudi Arabia,NA,NA,26.603203,37.923603,yes,Low(36),,,"25,45,ARABIA|Unavailable|Unavailable|Low(36),25,45,ARABIA|Unavailable|Unavailable|Low(36)",Pycnonotus xanthopygos,1937.6.5.101,1,NA,NA,NA,NA
"Ila Tarim, Arabia",Yemen,NA,NA,16.048217,49.008289,yes,Low(36),,,"25,45,ARABIA|Unavailable|Unavailable|Low(36),25,45,ARABIA|Unavailable|Unavailable|Low(36),27.9,35.4,TARIM|Unavailable|Unavailable|Low(35)",Pycnonotus xanthopygos,1937.6.5.109,1,NA,NA,NA,NA
Oman,Oman,NA,NA,21,57,no,High(79),unavailable,,"21,57,OMAN|Unavailable|Unavailable|High(79),22.666667,57.5,OMAN|Unavailable|Unavailable|High(79),21,57,OMAN|Unavailable|Unavailable|High(79),22.163691,57.984857,OMAN|Unavailable|Unavailable|High(79)",Pycnonotus xanthopygos,27618,1,NA,NA,NA,NA
Rokba,"Saudi Arabia, Saudi Arabia",NA,NA,25.167992,45.798047,yes,,,,,Pycnonotus xanthopygos,"1938.10.18.34, 1938.10.18.33",2,NA,NA,NA,NA
UAE,United Arab Emirates,NA,NA,23.63983,54.068864,yes,,,,,Pycnonotus xanthopygos,1977-18-23,1,NA,NA,NA,NA
Hail,Saudi Arabia,NA,NA,27.5167,41.6833,yes,High(79),Unavailable,,"27.437555,41.690081,HAIL|Unavailable|Unavailable|High(79),27.5167,41.6833,HAIL|Unavailable|Unavailable|High(79)",Pycnonotus xanthopygos,1939.6.5.-101,1,NA,NA,NA,NA
Chapa Tonkin,"Vietnam, Vietnam, Vietnam",NA,NA,22.353181,103.873428,yes,,,,,Pycnonotus xanthorrhous,"1930.7.16.234, 1930.7.16.233, 1930.7.16.232",3,NA,NA,NA,NA
Ngan-Whei Province,China,NA,NA,31.106972,117.848037,yes,,,,,Pycnonotus xanthorrhous,1914.5.6.604,1,NA,NA,NA,NA
"LAWAS, SARAWAK, N.E BORNEO","Malaysia, Malaysia",NA,NA,4.828528,115.404266,yes,,,,,Setornis criniger,"B/10348, B/10347",2,NA,NA,NA,NA
"LUMBIDAN, SABAH, BORNEO","Malaysia, Malaysia",NA,NA,5.366437,115.533699,yes,,,,,Setornis criniger,"B/10350, B/10349",2,NA,NA,NA,NA
Pan Thabat,Myanmmar,NA,NA,23.829409,94.557365,yes,,,,,Spizixos canifrons,1984,1,NA,NA,NA,NA
Pimri Bau,India,NA,NA,24.545258,93.770001,yes,Low(33),,,"32.722894,74.88313,BAU|Unavailable|Unavailable|Low(33)",Spizixos canifrons,1986,1,NA,NA,NA,NA
"Milati, Yunnan","China, China",NA,NA,24.411865,103.395398,yes,,,,,Spizixos canifrons,"1923.3.10.60, 1923.3.10.61",2,NA,NA,NA,NA
Yunnan Province,"China, China",NA,NA,24.239177,101.332372,yes,,,,,Spizixos canifrons,"1914.5.6.676, 1914.5.6.675",2,NA,NA,NA,NA
Chapa Tonkin,"Vietnam, Vietnam, Vietnam",NA,NA,22.344082,103.849614,yes,,,,,Spizixos semitorques,"1930.7.16.229, 1930.7.16.230, 1930..7.16.231",3,NA,NA,NA,NA
Kweichow Province,China,NA,NA,27.095236,106.551221,yes,,,,,Spizixos semitorques,1914.5.6.680,1,NA,NA,NA,NA
"Basutur, Fernando Po",Equatorial Guinea,NA,NA,3.718455,8.685924,yes,Low(41),,,"3.5,8.7,FERNANDO PO|Unavailable|Unavailable|Low(41),3.5,8.7,FERNANDO PO|Unavailable|Unavailable|Low(41)",Stelgidillas gracilirostris,1903.2.14.21,1,NA,NA,NA,NA
"Bantabare, Bioko","Equatorial Guinea, Equatorial Guinea",NA,NA,3.430015,8.792096,yes,,,,,Stelgidillas gracilirostris,"1904.6.22.164, 1904.6.22.166",2,NA,NA,NA,NA
"Dikume, Rumpi-Hills, Westkamerun",Cameroon,NA,NA,4.916618,9.236381,yes,Low(24),,,"6,12,KAMERUN|Unavailable|Unavailable|Low(24)",Stelgidillas gracilirostris,1968-791,1,NA,NA,NA,NA
"Kupe, Westkamerun",Cameroon,NA,NA,4.7571,9.6854,yes,Low(34),Unavailable,,"4.7571,9.6854,KUPE|Unavailable|Unavailable|Low(34),6,12,KAMERUN|Unavailable|Unavailable|Low(24)",Stelgidillas gracilirostris,1968-792,1,NA,NA,NA,NA
"Near Rebola, Fernando Po",Equatorial Guinea,NA,NA,3.716667,8.833333,no,Medium(51),unavailable,,"3.716667,8.833333,Near REBOLA|Unavailable|Unavailable|Medium(51)",Stelgidillas gracilirostris,1911.12.23.1761,1,NA,NA,NA,NA
San Carlos,"Equatorial Guinea, Equatorial Guinea",NA,NA,3.457474,8.553825,yes,,,,,Stelgidillas gracilirostris,"1963-992, 1963-993",2,NA,NA,NA,NA
"LAWAS, SARAWAK, N.E BORNEO",Malaysia,NA,NA,4.8333,115.4167,yes,Low(37),Unavailable,,"1.5333,110.3333,SARAWAK|Unavailable|Unavailable|Low(37),2.5,113.5,SARAWAK|Unavailable|Unavailable|Low(37),4,115,BORNEO|Unavailable|Unavailable|Low(36),1,114,BORNEO|Unavailable|Unavailable|Low(36),4.5,115.416667,LAWAS|Unavailable|Unavailable|Low(35),4.8333,115.4167,LAWAS|Unavailable|Unavailable|Low(35),4.5,115.5,LAWAS|Unavailable|Unavailable|Low(35),4.8604,115.409,LAWAS|Unavailable|Unavailable|Low(35)",Tricholestes criniger,1892.10.30.48,1,NA,NA,NA,NA
"LUMBIDAN, SABAH, BORNEO",Malaysia,NA,NA,5.364705,115.525322,yes,Low(36),,,"1,114,BORNEO|Unavailable|Unavailable|Low(36),4,115,BORNEO|Unavailable|Unavailable|Low(36),3.7698,100.9879,SABAH|Unavailable|Unavailable|Low(35),5.5,117,SABAH|Unavailable|Unavailable|Low(35)",Tricholestes criniger,B/10361,1,NA,NA,NA,NA
"MOEWARA TEWE, BARITO R., BORNEO","Malaysia, Malaysia",NA,NA,-0.936983,114.890862,yes,,,,,Tricholestes criniger,"1912.12.28.82, 1912.12.28.81",2,NA,NA,NA,NA
SARAWAK,Malaysia,NA,NA,2.5,113.5,no,High(82),unavailable,,"2.5,113.5,SARAWAK|Unavailable|Unavailable|High(82),1.5333,110.3333,SARAWAK|Unavailable|Unavailable|High(82)",Tricholestes criniger,1888.4.1.459,1,NA,NA,NA,NA
"""Africa""",NA,,,6.27936,-0.560546,yes,,NA,NA,,Atimastillas flavicollis,UMZC 27/Pyc/4/b/2,1,,,,6
"""East Indies""",NA,,,22.48167,78.101637,yes,,NA,NA,,Pycnonotus jocosus,"UMZC 27/Pyc/11/t/1, UMZC 27/Pyc/11/t/2",2,,,,6
"""Himalaya""",NA,,,27.498116,86.780721,yes,,NA,NA,,Ixos mcclellandii,UMZC 27/Pyc/6/l/1,1,,,,5
"""South India""",NA,,,13.207467,77.574318,yes,,NA,NA,,Pycnonotus luteolus,UMZC 27/Pyc/11/x/2,1,,,,5
1.1 km SW of Kampung Long Tengoa,Malaysia,,,4.60387,115.327148,no,Medium(44),unavailable,"4.60387,115.327148,Distance SouthWest of %LONG TENGOA%|Unavailable|Unavailable|Medium(44),4.60387,115.327148,Distance SouthWest of %TENGOA%|Unavailable|Unavailable|Medium(39)",,"Alophoixus tephrogenys, Microtarsus melanocephalos, Rubigula erythropthalmos, Tricholestes criniger","191345, 191347, 191387, 191406, 191407, 191408, 191383",7,,,,1
"10 1/2 km N, 1 km E Zigida",Liberia,,,8.131549,-9.480594,no,High(81),unavailable,"8.131549,-9.480594,Distance NORTH of  then EAST of ZIGIDA|Unavailable|Unavailable|High(81)",,"Bleda canicapillus, Eurillas latirostris, Criniger barbatus, Criniger calurus","153036, 153040, 153022, 153023, 153024, 153041, 153042, 153043",9,,,,1
"11 km N, 3 km E Zigida",Liberia,,,8.136067,-9.462337,no,High(81),unavailable,"8.136067,-9.462337,Distance NORTH of  then EAST of ZIGIDA|Unavailable|Unavailable|High(81)",,Bleda canicapillus,153039,1,,,,1
"11 km N, 3 km E Zigida, Gabayae River",Liberia,,,8.136067,-9.462337,no,High(81),unavailable,"8.136067,-9.462337,Distance NORTH of  then EAST of ZIGIDA|Unavailable|Unavailable|High(81)",,Criniger olivaceus,153044,1,,,,1
"12 km N, 1 km E Zigida",Liberia,,,8.145104,-9.480594,no,High(81),unavailable,"8.145104,-9.480594,Distance NORTH of  then EAST of ZIGIDA|Unavailable|Unavailable|High(81)",,"Bleda canicapillus, Eurillas latirostris","153037, 153038, 153025, 153026",4,,,,1
"22.809334 N, 120.34301 E",Taiwan,,,22.808936,120.343247,yes,,,,,Hypsipetes leucocephalus,TESRI-14558,1,,,,1
15 miles west of Malema,Mozambique,,,-14.9485,37.188634,yes,High(81),Unavailable,"-14.779334,38.390752,Distance West of MALEMA|Unavailable|Unavailable|High(81),-15.070444,37.219341,Distance West of MALEMA|Unavailable|Unavailable|High(81),-15.479607,36.050297,Distance West of MALEMA|Unavailable|Unavailable|High(81),-14.122117,38.165573,Distance West of MALEMA|Unavailable|Unavailable|High(81),-14.833223,40.090975,Distance West of MALEMA|Unavailable|Unavailable|High(81),-13.445457,37.475377,Distance West of MALEMA|Unavailable|Unavailable|High(81),-16.816542,38.238791,Distance West of MALEMA|Unavailable|Unavailable|High(81),-12.98796,34.961068,Distance West of MALEMA|Unavailable|Unavailable|High(81),-14.77809,37.189879,Distance West of MALEMA|Unavailable|Unavailable|High(81),-14.949889,37.190888,Distance West of MALEMA|Unavailable|Unavailable|High(81),-15.103777,37.346251,Distance West of MALEMA|Unavailable|Unavailable|High(81),-14.9485,37.188634,Distance West of MALEMA|Unavailable|Unavailable|High(81),-13.336291,35.774366,Distance West of MALEMA|Unavailable|Unavailable|High(81)",,Phyllastrephus cerviniventris,1933.3.1.658,1,,,,2
"20 mi NW Eshowe, Sibideni, Zululand",NA,,,-28.594976,31.260038,yes,,,,,"Phyllastrephus terrestris, Andropadus importunus","JHF 19769, JHF 19768",2,,,,2
20 mi. NW Wamba,NA,,,1.232291173,37.17710542,no,,,,,Eurillas latirostris,26045,1,,,,2
20km west of Vondrozo,Madagascar,,,-22.811473,47.134752,yes,Low(38),,"-22.820834,47.319774,VONDROZO|Unavailable|Unavailable|Low(38),-23.359205,46.172998,VONDROZO|Unavailable|Unavailable|Low(38),-22.8333,47.3333,VONDROZO|Unavailable|Unavailable|Low(38)",,Hypsipetes madagascariensis,"1931.8.18.2274, 1931.8.18.2280",2,,,,2
22 mi. N Garsen,NA,,,-2.055877,40.104962,yes,,,,,Andropadus importunus,26034,1,,,,2
26 km SW Goaso,NA,,,6.632546662,-2.677333204,no,,,,,"Bleda eximius, Bleda syndactylus, Criniger barbatus, Criniger calurus, Phyllastrephus albigularis, Stelgidillas gracilirostris","174629, 174630, 174631, 174632, 174633, 174634, 174635, 174636, 174637, 174638, 174639, 174640, 174641, 174642, 174643, 174644, 174645, 174646, 174649, 174650, 174651, 174652, 174653, 174654, 174600, 174601, 174602, 174603, 174604, 174605, 174606, 174607, 174608, 174609, 174588, 174589",36,,,,2
3 mi. NW Iseri,NA,,,6.688344,3.377861,yes,,,,,"Bleda canicapillus, Eurillas latirostris, Phyllastrephus albigularis","73605, 73596, 73598, 73603",4,,,,2
"34 miles south, 11 mi east, Mussoorie (near Dhanaulti)",India,,,29.961279,78.255014,yes,High(84),Unavailable,"29.963406,78.23931,Distance SOUTH of  then EAST of MUSSOORIE|Unavailable|Unavailable|High(84),29.961279,78.255014,Distance SOUTH of  then EAST of MUSSOORIE|Unavailable|Unavailable|High(84)",,Hypsipetes leucocephalus,KU 71233,1,,,,2
4 mi. NW Iseri,Nigeria,,,6.703354,3.372849,yes,High(80),,"6.684259,3.339203,Distance NorthWest of ISERI|Unavailable|Unavailable|High(80),6.674458,3.341862,Distance NorthWest of ISERI|Unavailable|Unavailable|High(80)",,Eurillas latirostris,73597,1,,,,2
5 mi N Kampala,Uganda,,,0.406104,32.583333,yes,High(82),Unavailable,"1.769465,32.207669,Distance North of KAMPALA|Unavailable|Unavailable|High(82),0.388327,32.565556,Distance North of KAMPALA|Unavailable|Unavailable|High(82),0.406104,32.583333,Distance North of KAMPALA|Unavailable|Unavailable|High(82),0.406104,32.583333,Distance North of KAMPALA|Unavailable|Unavailable|High(82),0.389471,32.5833,Distance North of KAMPALA|Unavailable|Unavailable|High(82)",,Pycnonotus barbatus,923,1,,,,2
53 mi. SE Garissa,Kenya,,,-0.995417,40.195454,yes,High(82),Unavailable,"-0.871877,40.70601,Distance SouthEast of GARISSA|Unavailable|Unavailable|High(82),-0.998964,40.185562,Distance SouthEast of GARISSA|Unavailable|Unavailable|High(82),-1.045414,40.795458,Distance SouthEast of GARISSA|Unavailable|Unavailable|High(82),-1.045414,40.795458,Distance SouthEast of GARISSA|Unavailable|Unavailable|High(82),-0.995417,40.195454,Distance SouthEast of GARISSA|Unavailable|Unavailable|High(82),0.101635,38.745996,Distance SouthEast of GARISSA|Unavailable|Unavailable|High(82)",,"Phyllastrephus scandens, Chlorocichla flaviventris","25980, 25981, 26014",3,,,,2
"6 mi. S Araromi, 30 mi. SSE Ibadan",Nigeria,,,7.029398,4.083723,yes,High(82),Unavailable,"7.829358,4.383333,Distance South of ARAROMI|Unavailable|Unavailable|High(82),8.779362,4.433333,Distance South of ARAROMI|Unavailable|Unavailable|High(82),8.146025,4.116667,Distance South of ARAROMI|Unavailable|Unavailable|High(82),7.946024,4.366667,Distance South of ARAROMI|Unavailable|Unavailable|High(82),7.346022,3.7,Distance South of ARAROMI|Unavailable|Unavailable|High(82),8.346026,4.966667,Distance South of ARAROMI|Unavailable|Unavailable|High(82),6.596019,3.016667,Distance South of ARAROMI|Unavailable|Unavailable|High(82),7.529357,4.383333,Distance South of ARAROMI|Unavailable|Unavailable|High(82),6.396019,5.133333,Distance South of ARAROMI|Unavailable|Unavailable|High(82),8.129359,4.233333,Distance South of ARAROMI|Unavailable|Unavailable|High(82),8.212693,6.283333,Distance South of ARAROMI|Unavailable|Unavailable|High(82),6.362685,3.466667,Distance South of ARAROMI|Unavailable|Unavailable|High(82),7.596023,3.433333,Distance South of ARAROMI|Unavailable|Unavailable|High(82),8.312693,4.466667,Distance South of ARAROMI|Unavailable|Unavailable|High(82),7.762691,3.716667,Distance South of ARAROMI|Unavailable|Unavailable|High(82),7.61269,3.5,Distance South of ARAROMI|Unavailable|Unavailable|High(82),6.915287,5.6269,Distance South of ARAROMI|Unavailable|Unavailable|High(82),7.102688,5.3255,Distance South of ARAROMI|Unavailable|Unavailable|High(82),6.787495,3.081387,Distance South of ARAROMI|Unavailable|Unavailable|High(82),6.441243,3.892695,Distance South of ARAROMI|Unavailable|Unavailable|High(82),7.68419,5.138477,Distance South of ARAROMI|Unavailable|Unavailable|High(82),6.689077,3.625089,Distance South of ARAROMI|Unavailable|Unavailable|High(82),7.025588,5.2773,Distance South of ARAROMI|Unavailable|Unavailable|High(82),7.155788,5.4585,Distance South of ARAROMI|Unavailable|Unavailable|High(82),6.783811,3.595352,Distance South of ARAROMI|Unavailable|Unavailable|High(82),8.262693,4.233333,Distance South of ARAROMI|Unavailable|Unavailable|High(82),7.66269,3.5,Distance South of ARAROMI|Unavailable|Unavailable|High(82),8.179359,4.366667,Distance South of ARAROMI|Unavailable|Unavailable|High(82),8.246026,4.216667,Distance South of ARAROMI|Unavailable|Unavailable|High(82),6.843473,3.779935,Distance South of ARAROMI|Unavailable|Unavailable|High(82),6.874399,3.022184,Distance South of ARAROMI|Unavailable|Unavailable|High(82),7.079355,3.683333,Distance South of ARAROMI|Unavailable|Unavailable|High(82),7.029398,4.083723,Distance SSE of IBADAN|Unavailable|Unavailable|High(81)",,Stelgidillas gracilirostris,23651,1,,,,2
"6.5 mi S Matopos Park Headquarters, Cunningham Farm",NA,,,-20.507774,28.435315,yes,,,,,"Chlorocichla flaviventris, Pycnonotus barbatus","JAD 5122, JAD 5066",2,,,,2
"9th mile, Prome Road",Myanmar,,,16.881271,96.135398,yes,Low(35),,"18.824643,95.222159,PROME|Unavailable|Unavailable|Low(35)",,Pycnonotus davisoni,1937.1.7.158,1,,,,2
Abachanan Sierra bullones Bohol,NA,,,9.788317,124.333869,yes,,,,,Hypsipetes philippinus,MNH4141,1,,,,2
Abeokuta,Nigeria,,,7.15,3.35,yes,High(83),Unavailable,"10.839532,4.20094,ABEOKUTA|Unavailable|Unavailable|High(83),7.15571,3.345086,ABEOKUTA|Unavailable|Unavailable|High(83),7.15,3.35,ABEOKUTA|Unavailable|Unavailable|High(83)",,Atimastillas flavicollis,"1966.16.1787, 1966.16.1789",2,,,,3
"Abra de Ilog, Mindoro",NA,,,13.363353,120.751315,yes,,,,,Pycnonotus goiavier,PNM 3865,1,,,,4
"Abraham's Kraal, Modder river",South Africa,,,-28.912529,25.633993,yes,Low(42),Unavailable,"-33.482164,18.30664,MODDER RIVER|Unavailable|Unavailable|Low(42),-29.020712,24.636078,MODDER RIVER|Unavailable|Unavailable|Low(42),-29.039658,24.628673,MODDER RIVER|Unavailable|Unavailable|Low(42),-29,24.633333,MODDER RIVER|Unavailable|Unavailable|Low(42),-29.039658,24.628673,MODDER|Unavailable|Unavailable|Low(36),-25.324267,29.851957,MODDER|Unavailable|Unavailable|Low(36),-33.482164,18.30664,MODDER|Unavailable|Unavailable|Low(36),-25.910652,28.84274,MODDER|Unavailable|Unavailable|Low(36),-27.95,21.616667,KRAAL|Unavailable|Unavailable|Low(35),-31.983333,26.016667,KRAAL|Unavailable|Unavailable|Low(35),-26.5667,28.4333,KRAAL|Unavailable|Unavailable|Low(35),-25.95,26.766667,KRAAL|Unavailable|Unavailable|Low(35),-33,27.433333,KRAAL|Unavailable|Unavailable|Low(35),-26.562099,28.405556,KRAAL|Unavailable|Unavailable|Low(35),-33.141926,21.998438,KRAAL|Unavailable|Unavailable|Low(35),-25.969946,26.768455,KRAAL|Unavailable|Unavailable|Low(35),-27.589227,26.032587,KRAAL|Unavailable|Unavailable|Low(35)",,Pycnonotus nigricans,"1904.4.1.28, 1904.4.1.26",2,,,,4
Afgoye,Somalia,,,2.1381,45.1212,no,High(80),unavailable,"2.1381,45.1212,AFGOI|Unavailable|Unavailable|High(80)",,Andropadus importunus,1982.3.69,1,,,,2
Agia,NA,,,26.084111,90.560739,yes,,,,,Pycnonotus jocosus,"185259, 185260, 185261",3,,,,2
"Agumbe, KA",India,,,13.507696,75.095586,yes,Low(36),Unavailable,"13.517938,75.03299,AGUMBE|Unavailable|Unavailable|Low(36),13.507696,75.095586,AGUMBE|Unavailable|Unavailable|Low(36)",,Rubigula gularis,2066,1,,,,2
"Ah Chung, Foh-Kien",China,,,27.92,118.53,no,Low(35),unavailable,"30.29402,108.032963,CHUNG|Unavailable|Unavailable|Low(35),30.29402,108.032963,CHUNG|Unavailable|Unavailable|Low(35)",,Ixos mcclellandii,"1905.12.24.524, 1903.7.3.152",2,,,,4
"Ahsome, Myeik",NA,,,12.45093,98.626063,yes,,,,,Rubigula flaviventris,JHF 4496; TC 108,1,,,,3
Aizawl,NA,,,23.730453,92.717307,yes,,,,,Pycnonotus cafer,185084,1,,,,3
Al-Faw,Iraq,,,29.980607,48.467124,yes,,,,,Pycnonotus leucotis,85.3.7.104,1,,,,3
Alona Plateau near Yei,South Sudan,,,4.355287,33.913434,yes,Medium(48),Unavailable,"6.25,30.216,Near YEI|Unavailable|Unavailable|Medium(48),4.0833,30.65,Near YEI|Unavailable|Unavailable|Medium(48)",,Phyllastrephus hypochloris,1939.10.1.24,1,,,,4
Alonei Abba,NA,,,32.730827,35.171831,yes,,,,,Pycnonotus xanthopygos,11086,1,,,,2
"Alumar, Jetafe, Bohol",NA,,,10.189916,124.204433,yes,,,,,Pycnonotus goiavier,"PNM 15139, PNM 15140",2,,,,2
Amami Island,NA,,,28.306797,129.407489,yes,,,,,Hypsipetes amaurotis,P6V27220,1,,,,4
Amani,United Republic of Tanzania,,,-5.1,38.633333,yes,High(80),Unavailable,"-5.1,38.633333,AMANI|Unavailable|Unavailable|High(80),-5.366667,39.716667,AMANI|Unavailable|Unavailable|High(80),-5.133294,38.623351,AMANI|Unavailable|Unavailable|High(80),-5.06346,38.64974,AMANI|Unavailable|Unavailable|High(80),-6.163287,39.220156,AMANI|Unavailable|Unavailable|High(80)",,Phyllastrephus debilis,"1931.12.19.67, 1931.12.19.69",2,,,,3
"An Nan Chiao, Kwanhsien, W. Sichuan",China,,,31.0146,103.582,yes,Low(39),Unavailable,"36.480313,115.435097,KWANHSIEN|Unavailable|Unavailable|Low(39),31.0146,103.582,KWANHSIEN|Unavailable|Unavailable|Low(39),25.35,119.833333,NAN CHIAO|Unavailable|Unavailable|Low(39),35.4348,104.666,SICHUAN|Unavailable|Unavailable|Low(37),30.5,102.666667,SICHUAN|Unavailable|Unavailable|Low(37),35.122098,105.480318,SICHUAN|Unavailable|Unavailable|Low(37),22.8034,110.482,SICHUAN|Unavailable|Unavailable|Low(37),36.283889,120.003333,CHIAO|Unavailable|Unavailable|Low(35),28.371111,120.766389,NAN|Unavailable|Unavailable|Low(33),32.245556,111.694722,NAN|Unavailable|Unavailable|Low(33),29.359551,112.402433,NAN|Unavailable|Unavailable|Low(33),30.816667,108.35,WANHSIEN|Unavailable|Unavailable|Low(25),28.040283,120.66889,NAN CHI|Unavailable|Unavailable|Low(24)",,Spizixos semitorques,1954.59.201,1,,,,4
"An-Binh, Cochin",China,,,10.293474,105.981836,yes,,,,,Pycnonotus conradi,"1928.6.26.860, 1928.6.26.859",2,,,,3
"Anahaw, Misamis Oriental",NA,,,8.8,124.85,no,,,,,Pycnonotus goiavier,PNM 6645,1,,,,4
"Anai Valley, Padang Panjang, West Sumatra",NA,,,-0.477392,100.357998,yes,,,,,Alophoixus phaeocephalus,MZUA-110,1,,,,3
Analamazoatra,NA,,,-18.939907,48.433521,yes,,,,,Hypsipetes madagascariensis,JHF 30985; WFHR 2381,1,,,,3
Andaman Islands,NA,,,12.334293,92.787045,yes,,,,,Pycnonotus jocosus,JHF 19622,1,,,,5
"Andara-Kavango, Okavango River, NE",NA,,,-18.883333,22.4,no,Low(44),unavailable,"-18.883333,22.4,OKAVANGO RIVER|Unavailable|Unavailable|Low(44),-18.416667,19.75,OKAVANGO|Unavailable|Unavailable|Low(38),-18.883333,22.4,OKAVANGO|Unavailable|Unavailable|Low(38),-18.416,19.75,OKAVANGO|Unavailable|Unavailable|Low(38),-18.416667,19.75,KAVANGO|Unavailable|Unavailable|Low(37),-18.416,19.75,KAVANGO|Unavailable|Unavailable|Low(37),-18.0667,21.4833,ANDARA|Unavailable|Unavailable|Low(36),-18.066667,21.45,ANDARA|Unavailable|Unavailable|Low(36)",,Pycnonotus barbatus,"202813, 202814, 202815, 202816, 202817",5,,,,4
Angkor,Cambodia,,,13.412652,103.86703,yes,High(81),Unavailable,"13.44,103.85,ANGKOR|Unavailable|Unavailable|High(81),13.412652,103.86703,ANGKOR|Unavailable|Unavailable|High(81),13.412652,103.86703,ANGKOR|Unavailable|Unavailable|High(81),13.440616,103.858981,ANGKOR|Unavailable|Unavailable|High(81)",,Alophoixus pallidus,1928.6.26.812,1,,,,2
Anjouan,NA,,,-12.217443,44.439388,yes,,,,,Hypsipetes parvirostris,JHF 20696,1,,,,4
Annaba,Algeria,,,36.9075,7.757222,yes,High(81),Unavailable,"36.9,7.766667,ANNABA|Unavailable|Unavailable|High(81),36.833333,7.583333,ANNABA|Unavailable|Unavailable|High(81),36.9075,7.757222,ANNABA|Unavailable|Unavailable|High(81),36.8333,7.5833,ANNABA|Unavailable|Unavailable|High(81),36.9,7.766,ANNABA|Unavailable|Unavailable|High(81),36.829344,7.813786,ANNABA|Unavailable|Unavailable|High(81)",,Pycnonotus barbatus,JHF 24090,1,,,,3
"Antarsante, Mysore",India,,,11.996037,76.21595,yes,Low(36),Unavailable,"12.316672,76.645833,MYSORE|Unavailable|Unavailable|Low(36),14.666667,75.833333,MYSORE|Unavailable|Unavailable|Low(36),12,76.5,MYSORE|Unavailable|Unavailable|Low(36),12.292664,76.638543,MYSORE|Unavailable|Unavailable|Low(36),12,76.5,MYSORE|Unavailable|Unavailable|Low(36),12.307222,76.649722,MYSORE|Unavailable|Unavailable|Low(36),13.5,76,MYSORE|Unavailable|Unavailable|Low(36)",,Microtarsus priocephalus,1949.Whi.1.14547,1,,,,3
"Antiao River Valley, Samar",Philippines,,,11.795613,124.897853,yes,Low(36),,"11.159944,125.545479,VALLEY|Unavailable|Unavailable|Low(36),11.833333,125,SAMAR|Unavailable|Unavailable|Low(35),12,125,SAMAR|Unavailable|Unavailable|Low(35),12,125,SAMAR|Unavailable|Unavailable|Low(35),11.8333,125,SAMAR|Unavailable|Unavailable|Low(35)",,Hypsipetes philippinus,JHF 22582; JJM 367,1,,,,4
"Antuwanga, Cebu City, Cebu Island",NA,,,10.294192,123.849448,yes,,,,,"Pycnonotus goiavier, Hypsipetes philippinus","MNH 3797, MNH 4183, MNH 4189, MNH 4190, MNH 4199, MNH 4219, MNH 4304",7,,,,2
"Anyut Paku Saribas, Sarawak",Malaysia,,,1.548464,111.212356,yes,Low(37),,"1.5,111.333333,SARIBAS|Unavailable|Unavailable|Low(37),2.5,113.5,SARAWAK|Unavailable|Unavailable|Low(37),1.5333,110.3333,SARAWAK|Unavailable|Unavailable|Low(37),1.416667,110.183333,PAKU|Unavailable|Unavailable|Low(34),1.033333,111.583333,PAKU|Unavailable|Unavailable|Low(34)",,Microtarsus eutilotus,1927.4.18.586A,1,,,,2
Arabuko-Sokoke FR (Nature Trail),Kenya,,,-3.326854,39.871003,yes,Low(37),,"-3.25637,39.97754,ARABUKO|Unavailable|Unavailable|Low(37),-3.523541,39.767685,SOKOKE|Unavailable|Unavailable|Low(36),-3.542225,39.817046,SOKOKE|Unavailable|Unavailable|Low(36),-3.516667,39.8,SOKOKE|Unavailable|Unavailable|Low(36),-3.55299,39.802077,SOKOKE|Unavailable|Unavailable|Low(36),-3.513368,39.819563,SOKOKE|Unavailable|Unavailable|Low(36)",,"Phyllastrephus fischeri, Chlorocichla flaviventris","AA0967, AA0966, AB4633, AB4634, AB4635, AB4636",6,,,,4
Arakan,Myanmar,,,16.77661,96.19185,no,High(81),unavailable,"16.77661,96.19185,ARAKAN|Unavailable|Unavailable|High(81)",,Pycnonotus davisoni,80.1.1.2369,1,,,,3
Arakan,Myanmar,,,16.77661,96.19185,no,High(81),unavailable,"16.77661,96.19185,ARAKAN|Unavailable|Unavailable|High(81)",,Rubigula flaviventris,1946.23.67,1,,,,3
"Arakan, Myanmar",Myanmar,,,16.77661,96.19185,no,Low(37),unavailable,"21,96,MYANMAR|Unavailable|Unavailable|Low(37),16.77661,96.19185,ARAKAN|Unavailable|Unavailable|Low(36)",,"Hemixos flavala, Pycnonotus flavescens, Pycnonotus luteolus","UMZC 27/Pyc/6/h/4, UMZC 27/Pyc/11/o/1, UMZC 27/Pyc/11/x/1",3,,,,3
"Arboretum, Universitas Andalas, Padang West Sumatra",NA,,,-0.912299,100.467298,yes,,,,,"Pycnonotus plumosus, Pycnonotus goiavier","MZUA-170, MZUA-4, MZUA-30",3,,,,2
Arsu,NA,,,31.480501,77.580717,yes,,,,,Pycnonotus cafer,"78939, 78940, 78941, 78943",4,,,,2
Assam,India,,,24.843296,92.814484,yes,High(80),,"26.25,93,ASSAM|Unavailable|Unavailable|High(80),26,92,ASSAM|Unavailable|Unavailable|High(80)",,Iole cacharensis,88.4.1.313,1,,,,4
"Assobam, Boumba River",NA,,,3.930579,12.484274,no,,,,,Eurillas gracilis,JHF 26220; GLB 3258,1,,,,2
"Assobam, Bumba River",Cameroon,,,3.930579,12.484274,yes,Low(35),,"2.033333,15.2,BUMBA|Unavailable|Unavailable|Low(35)",,Eurillas gracilis,1920.6.26.403,1,,,,2
"Aswa-Lolim Game Preserve, ca 13 mi NE Pakwach",NA,,,2.715012,31.576688,yes,,,,,Pycnonotus xanthopygos,694,1,,,,3
Atlit,NA,,,32.695446,34.945843,yes,,,,,Pycnonotus xanthopygos,11104,1,,,,2
"Awka, Onitsha province",Nigeria,,,6.21269,7.071986,yes,Low(37),Unavailable,"6.149779,6.78569,ONITSHA|Unavailable|Unavailable|Low(37),6.1667,6.7833,ONITSHA|Unavailable|Unavailable|Low(37),5.62405,7.183821,AWKA|Unavailable|Unavailable|Low(34),5.449531,7.84548,AWKA|Unavailable|Unavailable|Low(34),6.21269,7.071986,AWKA|Unavailable|Unavailable|Low(34),6.2,7.0833,AWKA|Unavailable|Unavailable|Low(34)",,Thescelocichla leucopleura,1966.16.1232,1,,,,3
"Ayala, Mindanao",Philippines,,,6.958338,121.949967,yes,Low(38),Unavailable,"8,125,MINDANAO|Unavailable|Unavailable|Low(38),14.19258,121.167904,MINDANAO|Unavailable|Unavailable|Low(38),9.6441,123.3256,MINDANAO|Unavailable|Unavailable|Low(38),7.2575,124.203611,MINDANAO|Unavailable|Unavailable|Low(38),6.5,125,MINDANAO|Unavailable|Unavailable|Low(38),7.029,124.505,MINDANAO|Unavailable|Unavailable|Low(38),14.509425,120.98723,MINDANAO|Unavailable|Unavailable|Low(38),9.645452,123.349539,MINDANAO|Unavailable|Unavailable|Low(38),15.229339,120.700452,AYALA|Unavailable|Unavailable|Low(35),6.958338,121.949967,AYALA|Unavailable|Unavailable|Low(35),6.9614,121.9433,AYALA|Unavailable|Unavailable|Low(35)",,"Hypsipetes rufigularis, Microtarsus urostictus","96.6.6.301, 96.6.6.321",2,,,,3
"BERF Universitas Andalas, Padang, West Sumatra",NA,,,-0.915464,100.458201,yes,,,,,Microtarsus melanocephalos,MZUA-121,1,,,,2
"Babuyan Claro Island, Cagayan Province, Municipality of Calayan",NA,,,19.521742,121.958617,yes,,,,,Hypsipetes amaurotis,KU 97251,1,,,,3
"Bac-Kan, NE. Tonkin",Vietnam,,,22.1333,105.8333,no,Low(37),unavailable,"22.1333,105.8333,BAC-KAN|Unavailable|Unavailable|Low(37),22,105,TONKIN|Unavailable|Unavailable|Low(36),22,105,TONKIN|Unavailable|Unavailable|Low(36)",,"Pycnonotus sinensis, Pycnonotus aurigaster","1927.6.5.853, 1927.6.5.840",2,,,,2
Bacan Isands,NA,,,-0.711903,127.635812,yes,,,,,Hypsipetes chloris,"JHF 30315, JHF 30314",2,,,,4
"Bacungan, Puerto Princesa, Palawan",NA,,,9.915717,118.667192,yes,,,,,Iole palawanensis,"PNM 1059, PNM 1057",2,,,,3
"Badjulmati, E. Java",Indonesia,,,-7.925,114.386389,no,Low(41),unavailable,"-7.925,114.386389,BADJOELMATI|Unavailable|Unavailable|Low(41),-7.7394,112.5099,EAST JAVA|Unavailable|Unavailable|Low(39),-7.491667,110.004444,JAVA|Unavailable|Unavailable|Low(34),-7.4,110,JAVA|Unavailable|Unavailable|Low(34),-7.5136,108.6939,BADJOEL|Unavailable|Unavailable|Low(24)",,Rubigula dispar,"1927.4.18.640, 1927.4.18.642",2,,,,2
"Badok, Naujan, Mindoro",NA,,,13.156621,121.308621,yes,,,,,Pycnonotus goiavier,PNM 1288,1,,,,3
"Badok. Naujan, Mindoro",NA,,,13.156621,121.308621,no,,,,,Pycnonotus goiavier,PNM 1290,1,,,,3
"Bagacay, Siaton, Negros Oriental",NA,,,9.124246,123.034247,yes,,,,,Hypsipetes guimarasensis,4334,1,,,,4
"Bagacay, Siaton, Negros Oriental, Negros Island",NA,,,9.124246,123.034247,no,,,,,Pycnonotus goiavier,"MNH 3831, MNH 3832",2,,,,4
"Bagong Bayan, Puerto Princesa, Palawan Province, Palawan Island",NA,,,9.731717,118.556288,yes,,,,,Iole palawanensis,MNH 3995,1,,,,4
"Bahagian Song, Lanjak Entimau Wildlife Sanctuary HQ at Nanga Blok",Malaysia,,,1.473918,112.088571,yes,Low(34),Unavailable,"2.016667,112.55,SONG|Unavailable|Unavailable|Low(34),1.833333,112.666667,SONG|Unavailable|Unavailable|Low(34),2.0167,112.5333,SONG|Unavailable|Unavailable|Low(34),2.7175,102.2387,BAHAGIA|Unavailable|Unavailable|Low(24)",,"Pycnonotus brunneus, Rubigula erythropthalmos, Tricholestes criniger","198345, 198346, 198341, 198348",4,,,,3
"Bahagian Song, Lanjak Entimau Wildlife Sanctuary at Nanga Joh",NA,,,1.473918,112.088571,no,,,,,"Alophoixus tephrogenys, Iole charlottae, Microtarsus melanoleucos, Tricholestes criniger","191349, 198353, 198337, 198338, 198339, 198347",6,,,,3
Baijnath,NA,,,32.052228,76.648994,yes,,,,,Pycnonotus cafer,78928,1,,,,2
Bakingili,NA,,,4.065152,9.034356,yes,,,,,"Eurillas virens, Eurillas latirostris, Pycnonotus barbatus, Bleda notatus, Eurillas curvirostris","P6V109615, P6V109616, P6V109614, P6V109613, P6V109612, P6V109611, P6V109609, P6V109610, P6V109608, P6V109607, P6V109606, P6V109605, P6V109604, P6V109603, P6V109602, P6V109601, P6V109600, P6V109592, P6V109594, P6V109595, P6V109596, P6V109597, P6V109598, P6V109599",24,,,,2
Balabac Island,Philippines,,,7.939438,117.013753,yes,High(89),Unavailable,"6.911667,122.158889,BALABAC ISLAND|Unavailable|Unavailable|High(89),7.95,117.0167,BALABAC ISLAND|Unavailable|Unavailable|High(89),7.9748,117.0165,BALABAC ISLAND|Unavailable|Unavailable|High(89),7.939438,117.013753,(g3)Balabac Island|Unavailable|19565|Medium(64)",,Alophoixus frater,"1969.29.195, 96.6.6.326",2,,,,4
Baladhan,India,,,25.064853,93.218381,no,High(83),unavailable,"25.064853,93.218381,BALADHAN|Unavailable|Unavailable|High(83)",,Iole cacharensis,95.7.14.1199,1,,,,2
"Balanan, Siaton, Negros Oriental",NA,,,9.133677,123.002145,yes,,,,,Hypsipetes guimarasensis,"4326, 4327, 4328, 4330, 4371",5,,,,2
"Balanan, Siaton, Negros Oriental, Negros Island",NA,,,9.133677,123.002145,no,,,,,Hypsipetes guimarasensis,MNH 4371,1,,,,2
"Balang-Balang, Cabadbaran, Mt. Hilong-Hilong, Agusan, Mindanao Island",NA,,,9.052082,125.615475,yes,,,,,Pycnonotus goiavier,MNH 3573,1,,,,2
"Balang-Balang, Cabadbaran, Mt. Hilong-hilong, Agusan, Mindanao Island",NA,,,9.052082,125.615475,no,,,,,Microtarsus urostictus,MNH 3274,1,,,,2
"Balangbalang, Cabadbanan, Mt. Hilong-hilong, Agusan Province, Mindanao Island",NA,,,9.052082,125.615475,no,,,,,Hypsipetes philippinus,"MNH 4392, MNH 4393, MNH 4395, MNH 4396, MNH 4397, MNH 4398, MNH 4399, MNH 4400, MNH 4401, MNH 4408",10,,,,2
"Balangbalang, Cabadbaran, Mt Hilong-hilong, Agusan, Mindanao Island",NA,,,9.052082,125.615475,no,,,,,Microtarsus urostictus,"MNH 3721, MNH 3722",2,,,,2
"Balangbalang, Cabadbaran, Mt. Hilong-hilong, Agusan del Norte, Mindanao Island",NA,,,9.052082,125.615475,no,,,,,Microtarsus urostictus,"MNH 3725, MNH 3723",2,,,,2
"Balangbalang, Cabadbaran, Mt. Hilong-hilong, Agusan, Mindanao Island",NA,,,9.052082,125.615475,no,,,,,Microtarsus urostictus,"MNH 3673, MNH 3672, MNH 3671, MNH 3670, MNH 3669, MNH 3668, MNH 3667, MNH 3666, MNH 3665, MNH 3664",10,,,,2
"Balaoi, Pagudpud, Ilocos Norte, Luzon Island",NA,,,18.591089,120.866978,yes,,,,,"Microtarsus urostictus, Pycnonotus goiavier, Hypsipetes philippinus","MNH 3543, MNH 3772, MNH 3771, MNH 3997, MNH 3998, MNH 3999, MNH 4000, MNH 4001, MNH 4002, MNH 4003, MNH 4015",11,,,,4
"Balay, Catanduanes",NA,,,13.797232,124.240639,yes,,,,,Pycnonotus goiavier,PNM 10627,1,,,,5
"Balian, Pangil, Laguna",NA,,,14.398616,121.47908,yes,,,,,Pycnonotus goiavier,"PNM 8357, PNM 8356, PNM 8359",3,,,,2
"Balinsasayao, Abuyog, Leyte",NA,,,10.670564,124.966982,yes,,,,,Pycnonotus goiavier,PNM 13569,1,,,,3
"Balsahaw, Iwahig Penal Colony, Puerto Princesa, Palawan Province, Palawan Island",NA,,,9.74365,118.661602,yes,,,,,Pycnonotus cinereifrons,MNH 3757(A),1,,,,2
"Batu Caves, Selangor",Malaysia,,,3.248345,101.674273,yes,Low(38),,"3.35,101.25,SELANGOR|Unavailable|Unavailable|Low(38),3.166667,101.5,SELANGOR|Unavailable|Unavailable|Low(38),4.716667,116.583333,CAVES|Unavailable|Unavailable|Low(35)",,Pycnonotus zeylanicus,1936.4.12.1894,1,,,,3
Banbasa,India,,,28.991212,80.080001,yes,,,,,Pycnonotus cafer,1938.7.15.963,1,,,,2
"Bandama, Ivory Coast",Ivory Coast,,,6.22045,-5.096148,yes,Low(41),Unavailable,"5,-5,IVORY COAST|Unavailable|Unavailable|Low(41),8,-5.5,IVORY COAST|Unavailable|Unavailable|Low(41),5.142222,-4.973611,BANDAMA|Unavailable|Unavailable|Low(37),7.733333,-3.8,BANDAMA|Unavailable|Unavailable|Low(37),7.287581,-4.918128,BANDAMA|Unavailable|Unavailable|Low(37),7.191602,-4.86417,BANDAMA|Unavailable|Unavailable|Low(37)",,Stelgidillas gracilirostris,1923.11.12.183,1,,,,4
Bandar-e Mahtabi,NA,,,33.055852,47.5763,yes,,,,,Pycnonotus leucotis,"P6V103343, P6V103342",2,,,,2
"Bandila, Balansig, Naujan, Oriental Mindoro, Mindoro Island",NA,,,13.237992,121.339258,yes,,,,,Pycnonotus goiavier,"MNH 10194, MNH 10195, MNH 10196",3,,,,2
"Bangguran, Cebu City, Cebu Island",NA,,,10.321996,123.891026,yes,,,,,Pycnonotus goiavier,"MNH 3947, MNH 3953",2,,,,4
"Bangguran, Cebu Province, Cebu Island",NA,,,10.321996,123.891026,no,,,,,Pycnonotus goiavier,MNH 3957,1,,,,4
Bangkok,NA,,,13.754709,100.518986,yes,,,,,Pycnonotus goiavier,72662,1,,,,4
Bangnara,Thailand,,,6.187813,101.800438,yes,,,,,"Iole crypta, Microtarsus melanoleucos, Pycnonotus goiavier, Pycnonotus jocosus","1955.1.5517, 1955.1.5504, 1955.1.5575, 1955.1.5574, 1955.1.5573, 1955.1.5673",6,,,,4
Banjul,NA,,,13.454639,-16.576218,yes,,,,,Pycnonotus barbatus,"235189, 235190",2,,,,3
Bankachun,NA,,,10.14954,98.593052,yes,,,,,Alophoixus phaeocephalus,JHF 3001,1,,,,2
Bankachun,Myanmar,,,10.14954,98.593052,no,,,,,"Microtarsus eutilotus, Pycnonotus goiavier","86.9.1.1340, 86.9.1.1338, 86.9.1.1341, 86.9.1.1914",4,,,,2
Bang Non,Myanmar,,,9.982042,98.644083,yes,Low(34),Unavailable,"15.5,101,SIAM|Unavailable|Unavailable|Low(34),15,100,SIAM|Unavailable|Unavailable|Low(34)",,Pycnonotus simplex,1941.5.30.84,1,,,,4
Banyo,NA,,,6.749523,11.803529,yes,,,,,Pycnonotus barbatus,"202383, 203977",2,,,,3
"Bao-Ha, Tonkin",Vietnam,,,22.19174,104.345112,yes,Low(36),,"22,105,TONKIN|Unavailable|Unavailable|Low(36),22,105,TONKIN|Unavailable|Unavailable|Low(36)",,Iole propinqua,1924.12.21.129,1,,,,3
Baram District. Sarawak,Malaysia,,,4.182871,114.329332,yes,Low(37),,"2.5,113.5,SARAWAK|Unavailable|Unavailable|Low(37),1.5333,110.3333,SARAWAK|Unavailable|Unavailable|Low(37),3.666667,114.75,BARAM|Unavailable|Unavailable|Low(35)",,Setornis criniger,1900.2.15.97,1,,,,4
"Baram River, Entoyut River",NA,,,4.182871,114.329332,no,,,,,Microtarsus eutilotus,JHF 15639,1,,,,4
"Baram, Borneo",Malaysia,,,4.182871,114.329332,no,Low(36),unavailable,"4,115,BORNEO|Unavailable|Unavailable|Low(36),1,114,BORNEO|Unavailable|Unavailable|Low(36),3.666667,114.75,BARAM|Unavailable|Unavailable|Low(35)",,Ixos malaccensis,94.7.5.53,1,,,,4
"Barit, Abra District, NW. Luzon",Philippines,,,17.369836,120.67085,yes,Low(35),Unavailable,"15.233333,120.633333,BARIT|Unavailable|Unavailable|Low(35),15.007,120.9032,BARIT|Unavailable|Unavailable|Low(35),14.8047,121.0267,LUZON|Unavailable|Unavailable|Low(35),18.552935,121.125177,LUZON|Unavailable|Unavailable|Low(35),14.516897,121.024097,LUZON|Unavailable|Unavailable|Low(35),16.033333,120.45,LUZON|Unavailable|Unavailable|Low(35),17.316667,120.7,BARIT|Unavailable|Unavailable|Low(35),21,122,LUZON|Unavailable|Unavailable|Low(35),18.2375,120.5975,BARIT|Unavailable|Unavailable|Low(35),6.519041,126.094082,LUZON|Unavailable|Unavailable|Low(35),17.3851,120.6725,BARIT|Unavailable|Unavailable|Low(35),18.8705,121.2553,BARIT|Unavailable|Unavailable|Low(35),15.026385,120.83517,BARIT|Unavailable|Unavailable|Low(35),17.369836,120.67085,BARIT|Unavailable|Unavailable|Low(35),16.959638,121.693386,LUZON|Unavailable|Unavailable|Low(35),18.519167,121.117455,LUZON|Unavailable|Unavailable|Low(35),16.982861,121.694542,LUZON|Unavailable|Unavailable|Low(35),14.19203,121.168282,LUZON|Unavailable|Unavailable|Low(35),6.510107,126.130326,LUZON|Unavailable|Unavailable|Low(35),16,121,LUZON|Unavailable|Unavailable|Low(35),16,121,LUZON|Unavailable|Unavailable|Low(35),17.588,120.75,ABRA|Unavailable|Unavailable|Low(34),16.757478,121.516082,ABRA|Unavailable|Unavailable|Low(34),16.722,121.5188,ABRA|Unavailable|Unavailable|Low(34),14.658794,121.020013,ABRA|Unavailable|Unavailable|Low(34),18.044197,121.787876,ABRA|Unavailable|Unavailable|Low(34),17.583333,120.75,ABRA|Unavailable|Unavailable|Low(34),16.8379,120.74,ABRA|Unavailable|Unavailable|Low(34),18.039449,121.784962,ABRA|Unavailable|Unavailable|Low(34),17.505013,120.388427,ABRA|Unavailable|Unavailable|Low(34)",,Pycnonotus goiavier,97.5.13.26,1,,,,3
"Bas Congo Province, Luki Biosphere Reserve",NA,,,-5.695136,13.183874,yes,,,,,"Chlorocichla falkensteini, Eurillas gracilis","KU 120931, KU 120930, KU 120953, KU 120952, KU 120951",5,,,,3
"Basco, Batanes Island",NA,,,20.464074,122.00369,yes,,,,,Hypsipetes amaurotis,"PNM 1706, PNM 1700, PNM 1701, PNM 1684, PNM 1685, PNM 1695, PNM 1705, PNM 1694, PNM 1688, PNM 1708, PNM 1687, PNM 1693, PNM 1691, PNM 1696, PNM 1699, PNM 1702, PNM 1686, PNM 1703, PNM 1683, PNM 1690, PNM 1707, PNM 1704",22,,,,3
"Base Camp, Catanduanes",NA,,,13.593091,124.184787,yes,,,,,Pycnonotus goiavier,"PNM 16629, PNM 16639",2,,,,2
Basilan,Philippines,,,6.6667,121.9667,yes,High(82),Unavailable,"14.417578,121.031168,BASILAN|Unavailable|Unavailable|High(82),14.439557,121.031624,BASILAN|Unavailable|Unavailable|High(82),6.578645,122.034922,BASILAN|Unavailable|Unavailable|High(82),6.591,121.9885,BASILAN|Unavailable|Unavailable|High(82),6.704071,121.971171,BASILAN|Unavailable|Unavailable|High(82),14.575125,121.042314,BASILAN|Unavailable|Unavailable|High(82),6.6667,121.9667,BASILAN|Unavailable|Unavailable|High(82),10.2,122.9667,BASILAN|Unavailable|Unavailable|High(82),6.578,122.035,BASILAN|Unavailable|Unavailable|High(82),14.55764,121.04375,BASILAN|Unavailable|Unavailable|High(82),6.5667,122.05,BASILAN|Unavailable|Unavailable|High(82)",,Hypsipetes rufigularis,"96.6.6.303, 96.6.6.302",2,,,,3
"Bassein, Pegu",Myanmar,,,16.779188,94.732123,yes,Low(37),Unavailable,"16.813756,94.777003,BASSEIN|Unavailable|Unavailable|Low(37),16.779188,94.732123,BASSEIN|Unavailable|Unavailable|Low(37),17.335214,96.481351,PEGU|Unavailable|Unavailable|Low(34),21.97634,95.523775,PEGU|Unavailable|Unavailable|Low(34)",,Pycnonotus davisoni,98.10.2.127,1,,,,3
"Baswood, Basey, Samar",NA,,,11.280628,125.069537,yes,,,,,Hypsipetes everetti,"PNM 11690, PNM 11689",2,,,,3
Bat Yam,NA,,,32.015119,34.75265,yes,,,,,Pycnonotus xanthopygos,19531,1,,,,3
"Batan Island, Province of Batanes, Municipality of Basco, Barangay San Antonio, Sitio Chadpidan",NA,,,20.470995,121.974826,yes,,,,,Hypsipetes amaurotis,"KU 112238, KU 112241, KU 112234, KU 112239, KU 112237",5,,,,2
"Batan Island, Province of Batanes, Municipality of Ivana, Barangay Salagao, Sitio Inmadyed",NA,,,20.38817,121.943927,yes,,,,,Hypsipetes amaurotis,"KU 112367, KU 112366",2,,,,3
Batanga,NA,,,6.347109,9.717684,yes,,,,,"Atimastillas flavigula, Pycnonotus barbatus, Eurillas curvirostris, Eurillas virens","JHF 26031; GLB 66, JHF 26056; GLB 103, JHF 26040; HLB 104, JHF 26050; GLB 68, JHF 26051; GLB 102",5,,,,2
"Batavia, Java",NA,,,-6.197588,106.82587,yes,,,,,Microtarsus melanocephalos,UMZC 27/Pyc/11/b/3,1,,,,4
Bacan Island,Indonesia,,,-0.717231,127.64399,yes,Medium(59),,"0.956061,127.838826,(g3)Halmahera|Unavailable|274560|Medium(59)",,Hypsipetes chloris,60.2.4.27,1,,,,4
"Batu Pang, 5000ft, Baram river, Borneo",Malaysia,,,3.538635,115.551845,yes,High(71),,"3.539684,114.427163,(g3)Baram River|Unavailable|136045|High(71)",,"Alophoixus tephrogenys, Iole finschii","93.7.2.83, 92.7.17.10",2,,,,3
"Bawean Island, Pudakit Barat",NA,,,-5.806101,112.617144,yes,,,,,Microtarsus melanocephalos,198033,1,,,,2
Beau Champ.,NA,,,-20.275607,57.783608,yes,,,,,Pycnonotus jocosus,210036,1,,,,2
Beer Sheva,NA,,,31.251365,34.787421,yes,,,,,Pycnonotus xanthopygos,11090,1,,,,3
"Belen, Rosal, Libacao, Aklan",NA,,,11.402585,122.31657,yes,,,,,Pycnonotus goiavier,PNM 16945,1,,,,3
"Balingian, Sarawak",Malaysia,,,2.920871,112.544244,yes,Low(37),,"2.5,113.5,SARAWAK|Unavailable|Unavailable|Low(37),1.5333,110.3333,SARAWAK|Unavailable|Unavailable|Low(37)",,Tricholestes criniger,1927.4.18.638,1,,,,3
Bellary,NA,,,15.139731,76.921075,yes,,,,,Pycnonotus cafer,JHF 26216,1,,,,3
Belwani-Kisli,NA,,,22.285354,80.638145,yes,,,,,"Pycnonotus cafer, Pycnonotus jocosus","184918, 184919, 185225, 185226, 185227",5,,,,2
"Bendere, Zande District",Sudan,,,4.849118,28.183663,yes,,,,,Phyllastrephus scandens,1947.100.168,1,,,,4
"Bengengai, Zande Dist",Sudan,,,5.001332,27.556284,yes,,,,,Bleda ugandae,1949.30.139,1,,,,3
Benguet,Philippines,,,16.5,120.6667,yes,High(82),Unavailable,"16.5,120.666667,BENGUET|Unavailable|Unavailable|High(82),12.916667,123.116667,BENGUET|Unavailable|Unavailable|High(82),16.631544,121.83988,BENGUET|Unavailable|Unavailable|High(82),16.5,120.6667,BENGUET|Unavailable|Unavailable|High(82),16.640743,121.918976,BENGUET|Unavailable|Unavailable|High(82)",,Hypsipetes philippinus,"JHF 34009; JW 40, JHF 34008; JW 170",2,,,,4
"Banjarmasin, Borneo",Indonesia,,,-3.323611,114.588889,yes,Low(41),Unavailable,"-5.472046,104.560367,BANJARMASIN|Unavailable|Unavailable|Low(41),-6.691,111.5622,BANJARMASIN|Unavailable|Unavailable|Low(41),-6.3259,105.835,BANJARMASIN|Unavailable|Unavailable|Low(41),-5.762276,105.686344,BANJARMASIN|Unavailable|Unavailable|Low(41),-5.481525,104.898678,BANJARMASIN|Unavailable|Unavailable|Low(41),-4.757794,104.555549,BANJARMASIN|Unavailable|Unavailable|Low(41),1.4297,99.02185,BANJARMASIN|Unavailable|Unavailable|Low(41),-3.323611,114.588889,BANJARMASIN|Unavailable|Unavailable|Low(41),-3.3667,114.55,BANJARMASIN|Unavailable|Unavailable|Low(41),1,114,BORNEO|Unavailable|Unavailable|Low(36),-4.757794,104.555549,BANJARMASI|Unavailable|Unavailable|Low(27)",,Pycnonotus goiavier,73.5.12.118,1,,,,3
Beoumi,Ivory Coast,,,7.673951,-5.580855,yes,High(81),Unavailable,"7.764132,-5.529825,BEOUMI|Unavailable|Unavailable|High(81),7.673951,-5.580855,BEOUMI|Unavailable|Unavailable|High(81)",,Phyllastrephus baumanni,1923.11.12.208,1,,,,3
Berau Regency,NA,,,2.077049,117.444843,yes,,,,,Alophoixus phaeocephalus,198005,1,,,,4
"Betus, Gekedu and Macenta",Guinea,,,8.546111,-9.469444,yes,Low(37),Unavailable,"8.478333,-9.529722,MACENTA|Unavailable|Unavailable|Low(37),8.5,-9.416667,MACENTA|Unavailable|Unavailable|Low(37),8.546111,-9.469444,MACENTA|Unavailable|Unavailable|Low(37),8.546111,-9.469444,MACENTA|Unavailable|Unavailable|Low(37)",,Thescelocichla leucopleura,1930.12.17.16,1,,,,4
Bhadwar,NA,,,25.475625,84.340263,yes,,,,,Pycnonotus cafer,"78931, 78932, 78933, 78934, 78935, 78936",6,,,,2
Bhakunde,Nepal,,,27.56105,85.641542,yes,,,,,Pycnonotus leucogenys,1938.7.15.846,1,,,,2
Bhamo,Myanmar,,,24.252564,97.233571,yes,High(80),Unavailable,"24.260229,97.178824,BHAMO|Unavailable|Unavailable|High(80),24.252564,97.233571,BHAMO|Unavailable|Unavailable|High(80)",,Spizixos canifrons,1908.8.2.11,1,,,,3
Bhamo,Myanmar,,,24.252564,97.233571,yes,High(80),Unavailable,"24.260229,97.178824,BHAMO|Unavailable|Unavailable|High(80),24.252564,97.233571,BHAMO|Unavailable|Unavailable|High(80)",,Pycnonotus blanfordi,86.9.1.2177,1,,,,3
Bhedaghat,NA,,,23.131563,79.802824,yes,,,,,Pycnonotus cafer,"184920, 184921, 184923, 184925",4,,,,2
Bhuin,NA,,,25.366329,82.27389,yes,,,,,Pycnonotus cafer,78938,1,,,,2
Bhutan,Bhutan,,,27.5,90.5,no,High(81),unavailable,"27.5,90.5,BHUTAN|Unavailable|Unavailable|High(81),27.5,90.5,BHUTAN|Unavailable|Unavailable|High(81)",,Pycnonotus cafer,60.4.16.194,1,,,,5
Bhutan Dooars,Bhutan,,,26.75016,89.746407,yes,Low(36),,"27.5,90.5,BHUTAN|Unavailable|Unavailable|Low(36),27.5,90.5,BHUTAN|Unavailable|Unavailable|Low(36)",,Hemixos flavala,86.9.1.1002,1,,,,4
Bimbia forest,NA,,,3.971238,9.250439,yes,,,,,"Phyllastrephus icterinus, Eurillas latirostris, Bleda notatus","P6V120890, P6V120873, P6V120877, P6V120878, P6V120879, P6V120880, P6V120881, P6V120882, P6V120883, P6V120884, P6V120885, P6V120860, P6V120863, P6V120864, P6V120870, P6V120867, P6V120872",17,,,,3
"Binonoan, Pagbilao, Quezon Prov., Luzon Island",NA,,,14.692361,121.645339,yes,,,,,Microtarsus urostictus,MNH 3637,1,,,,2
"Binduyan, Babuyan, Palawan",NA,,,10.073646,119.08089,yes,,,,,Iole palawanensis,"PNM 9123, PNM 9125, PNM 9124",3,,,,4
Bintulu,Malaysia,,,3.166667,113.033333,no,High(82),unavailable,"3.166667,113.033333,BINTULU|Unavailable|Unavailable|High(82),3,113.333333,BINTULU|Unavailable|Unavailable|High(82),3.333333,113.166667,BINTULU|Unavailable|Unavailable|High(82)",,Setornis criniger,"76.7.28.29, 76.7.28.93",2,,,,3
"Bir Salem, near Ludol, Palestine",Israel,,,31.925234,34.827553,yes,,,,,Pycnonotus xanthopygos,"1920.5.2.29, 1965 M. 9619, 1919.7.20.11, 1965 M. 9620, 1920.5.2.27",5,,,,2
"Birket Qarun, near",NA,,,29.469665,30.666052,yes,,,,,Pycnonotus barbatus,207164,1,,,,3
"Bitye, River Ja",Cameroon,,,3.011181,12.350531,yes,Low(35),,"3.016667,12.366667,BITYE|Unavailable|Unavailable|Low(35)",,"Baeopogon clamans, Calyptocichla serinus, Chlorocichla falkensteini","1920.6.26.411, 1908.2948, 1940.2.8.7",3,,,,2
"Bitye, River Ja",NA,,,3.011181,12.350531,no,,,,,Pycnonotus barbatus,89744,1,,,,2
Blue Mountain,NA,,,22.631374,93.038276,yes,High(88),,"-26.116667,14.983333,BLUE MOUNTAIN|Unavailable|Unavailable|High(88)",,"Ixos mcclellandii, Spizixos canifrons","185631, 184895, 184896, 184897, 184898",5,,,,3
"Bo. Cevalig, Misamis Oriental",Philippines,,,8.723551,125.04363,yes,Low(46),,"8.75,125,MISAMIS ORIENTAL|Unavailable|Unavailable|Low(46),8.75,125,MISAMIS ORIENTAL|Unavailable|Unavailable|Low(46),8.1513,123.7689,MISAMIS|Unavailable|Unavailable|Low(37),8.1481,123.8405,MISAMIS|Unavailable|Unavailable|Low(37)",,Pycnonotus goiavier,PNM 6646,1,,,,2
"Bo. Kabawingan, Quezon, Palawan",Philippines,,,9.213241,118.04024,yes,Low(37),Unavailable,"11.8921,121.5455,PALAWAN|Unavailable|Unavailable|Low(37),9.5,118.5,PALAWAN|Unavailable|Unavailable|Low(37),16.7304,121.7353,PALAWAN|Unavailable|Unavailable|Low(37),10.7891,124.555,PALAWAN|Unavailable|Unavailable|Low(37),11.0366,124.3964,PALAWAN|Unavailable|Unavailable|Low(37),9.241111,118.031389,QUEZON|Unavailable|Unavailable|Low(36),12.275959,119.896313,QUEZON|Unavailable|Unavailable|Low(36),13.833333,124.25,QUEZON|Unavailable|Unavailable|Low(36),12.363889,124.566389,QUEZON|Unavailable|Unavailable|Low(36),17.316667,121.633333,QUEZON|Unavailable|Unavailable|Low(36),12.6,123.95,QUEZON|Unavailable|Unavailable|Low(36),7.730278,125.098889,QUEZON|Unavailable|Unavailable|Low(36),9.066667,117.783333,QUEZON|Unavailable|Unavailable|Low(36),16.483333,121.283333,QUEZON|Unavailable|Unavailable|Low(36),11.934722,124.835,QUEZON|Unavailable|Unavailable|Low(36),8.770278,124.825556,QUEZON|Unavailable|Unavailable|Low(36),16.5,121.266667,QUEZON|Unavailable|Unavailable|Low(36),10.5684,122.0205,QUEZON|Unavailable|Unavailable|Low(36),12.728,123.3622,QUEZON|Unavailable|Unavailable|Low(36),7.332778,125.679444,QUEZON|Unavailable|Unavailable|Low(36),9.6972,124.0911,QUEZON|Unavailable|Unavailable|Low(36),15.6001,120.9206,QUEZON|Unavailable|Unavailable|Low(36),14.066667,122.133333,QUEZON|Unavailable|Unavailable|Low(36),15.6,120.83333,QUEZON|Unavailable|Unavailable|Low(36),15.5512,120.8147,QUEZON|Unavailable|Unavailable|Low(36),7.733333,125.133333,QUEZON|Unavailable|Unavailable|Low(36),14.0057,122.1838,QUEZON|Unavailable|Unavailable|Low(36),14.6949,122.3312,QUEZON|Unavailable|Unavailable|Low(36),16.514882,121.174939,QUEZON|Unavailable|Unavailable|Low(36),9.7672,124.1674,QUEZON|Unavailable|Unavailable|Low(36),13.8409,122.0811,QUEZON|Unavailable|Unavailable|Low(36),7.778056,124.329167,BAWINGAN|Unavailable|Unavailable|Low(25),17.3011,121.2387,AWINGAN|Unavailable|Unavailable|Low(24)",,Iole palawanensis,"PNM 7021, PNM 7022, PNM 7019, PNM 7020",4,,,,3
"Bo. Kinama, Liwan, Kalinga, Apayao",Philippines,,,17.566114,121.519052,yes,Low(37),Unavailable,"14.657581,121.046902,KALINGA|Unavailable|Unavailable|Low(37),16.986563,121.710769,KALINGA|Unavailable|Unavailable|Low(37),17.121041,121.722744,KALINGA|Unavailable|Unavailable|Low(37),17.470193,121.304092,KALINGA|Unavailable|Unavailable|Low(37),17.755549,121.252607,KALINGA|Unavailable|Unavailable|Low(37),17.470193,121.304092,KALINGA|Unavailable|Unavailable|Low(37),18.083459,121.167176,APAYAO|Unavailable|Unavailable|Low(36),16.642864,120.543002,APAYAO|Unavailable|Unavailable|Low(36),18.083459,121.167176,APAYAO|Unavailable|Unavailable|Low(36),17.820293,121.489854,APAYAO|Unavailable|Unavailable|Low(36),18.1376,121.3606,APAYAO|Unavailable|Unavailable|Low(36),16.666667,120.466667,APAYAO|Unavailable|Unavailable|Low(36),17.546595,121.535168,KINAMA|Unavailable|Unavailable|Low(36),17.849301,121.502382,APAYAO|Unavailable|Unavailable|Low(36),17.755549,121.252607,APAYAO|Unavailable|Unavailable|Low(36),17.549979,121.553047,KINAMA|Unavailable|Unavailable|Low(36),17.82302,121.452761,LIWAN|Unavailable|Unavailable|Low(35),17.5,121.6,LIWAN|Unavailable|Unavailable|Low(35),17.8093,121.4426,LIWAN|Unavailable|Unavailable|Low(35),17.5191,121.632,LIWAN|Unavailable|Unavailable|Low(35),17.524831,121.584205,LIWAN|Unavailable|Unavailable|Low(35)",,Pycnonotus goiavier,PNM 12729,1,,,,2
"Bohol Island, Bohol Province, Municipality of Sierra Bullones, Raja Sikatuna Protected Landscape",Philippines,,,9.704419,124.123582,yes,Low(45),Unavailable,"9.8081,124.2921,SIERRA BULLONES|Unavailable|Unavailable|Low(45),9.85,124.333333,SIERRA BULLONES|Unavailable|Unavailable|Low(45),9.8333,124.1667,BOHOL ISLAND|Unavailable|Unavailable|Low(42),11.5858,124.9185,BOHOL ISLAND|Unavailable|Unavailable|Low(42),9.833333,124.166667,BOHOL ISLAND|Unavailable|Unavailable|Low(42),10.105334,124.266504,SIKATUNA|Unavailable|Unavailable|Low(38),14.6381,121.059,SIKATUNA|Unavailable|Unavailable|Low(38),9.685301,123.982408,SIKATUNA|Unavailable|Unavailable|Low(38),10.103855,124.270769,SIKATUNA|Unavailable|Unavailable|Low(38),9.690396,123.972983,SIKATUNA|Unavailable|Unavailable|Low(38),14.468181,121.024149,SIKATUNA|Unavailable|Unavailable|Low(38),15.424952,120.696332,SIERRA|Unavailable|Unavailable|Low(36),11.825278,124.695,SIERRA|Unavailable|Unavailable|Low(36),10.1993,123.5467,BOHOL|Unavailable|Unavailable|Low(35),9.833333,124.166667,BOHOL|Unavailable|Unavailable|Low(35),14.513574,120.987401,BOHOL|Unavailable|Unavailable|Low(35),9.8333,124.1667,BOHOL|Unavailable|Unavailable|Low(35),13.8335,121.1012,BOHOL|Unavailable|Unavailable|Low(35),10.48228,119.894304,BOHOL|Unavailable|Unavailable|Low(35),11.680278,124.516667,BOHOL|Unavailable|Unavailable|Low(35),9.633333,123.883333,BOHOL|Unavailable|Unavailable|Low(35),7.4928,125.843,BOHOL|Unavailable|Unavailable|Low(35)",,Hypsipetes philippinus,"KU 116612, KU 116613",2,,,,3
"Boin River Forest Reserve, Ankunzu, 19 km S Enchi",NA,,,5.514216,-2.633667,yes,,,,,Thescelocichla leucopleura,160473,1,,,,3
Bokwango,NA,,,4.171944,9.307882,yes,,,,,Arizelocichla montana,P6V120908,1,,,,2
"Bolang, Buitenzorg, W Java",Indonesia,,,-6.486575,106.507642,yes,Medium(60),,"-6.599219,106.788652,(g3)Buitenzorg|Unavailable|97444|Medium(60),-6.599219,106.788652,(g3)Buitenzorg|Unavailable|97444|Medium(60)",,Alophoixus bres,1931.Y.13.2,1,,,,2
Bolgoda,NA,,,6.706375,79.973557,yes,,,,,Acritillas indica,WR 362,1,,,,2
"Bolinao, Pangasinan",NA,,,16.307121,119.856246,yes,,,,,Pycnonotus goiavier,"PNM 15938, PNM 15935, PNM 15937, PNM 15936",4,,,,3
"Bondo, Siaton, Negros Oriental, Negros Island",NA,,,9.122941,123.033526,yes,,,,,Pycnonotus goiavier,"MNH 3812, MNH 3814",2,,,,4
"Bondo-an, Mt. Hilong-hilong, Agusan Province, Mindanao Island",NA,,,9.096585,125.705092,yes,,,,,Hypsipetes philippinus,MNH 4413,1,,,,3
"Bongabong, Tabaco, Albay",NA,,,13.340922,123.716781,yes,,,,,Pycnonotus goiavier,PNM 16780,1,,,,2
"Boni Forest, 15 mi. S Ijara",NA,,,-1.801024,40.599737,yes,,,,,Chlorocichla flaviventris,26015,1,,,,2
Bonin Islands=Ogasawara-gunto,NA,,,27.081985,142.209067,yes,,,,,Hypsipetes amaurotis,JHF 3228; 257,1,,,,3
"Boor river, Mt. Nimba",Liberia,,,7.493611,-8.585,no,Low(35),unavailable,"7.493611,-8.585,NIMBA|Unavailable|Unavailable|Low(35),7.488889,-8.570833,NIMBA|Unavailable|Unavailable|Low(35),6.75,-8.75,NIMBA|Unavailable|Unavailable|Low(35),6.816667,-8.783333,NIMBA|Unavailable|Unavailable|Low(35)",,Thescelocichla leucopleura,"1977.20.1125, 1977.20.1124",2,,,,3
"Bori, Hoshing",India,,,22.68161,78.398611,yes,Low(34),Unavailable,"21.167472,78.495089,BORI|Unavailable|Unavailable|Low(34),21.917021,80.032253,BORI|Unavailable|Unavailable|Low(34),24.05208,73.839369,BORI|Unavailable|Unavailable|Low(34),24.481611,73.153688,BORI|Unavailable|Unavailable|Low(34),19.490952,76.731782,BORI|Unavailable|Unavailable|Low(34),24.317058,82.422414,BORI|Unavailable|Unavailable|Low(34),19.704877,80.59214,BORI|Unavailable|Unavailable|Low(34),21.445209,81.089343,BORI|Unavailable|Unavailable|Low(34),22.512967,74.692964,BORI|Unavailable|Unavailable|Low(34),18.371504,76.695543,BORI|Unavailable|Unavailable|Low(34),19.116667,74.1,BORI|Unavailable|Unavailable|Low(34),18.866667,72.916667,BORI|Unavailable|Unavailable|Low(34),22.689133,78.402216,BORI|Unavailable|Unavailable|Low(34),21.355813,78.670917,BORI|Unavailable|Unavailable|Low(34),22.136101,77.420832,BORI|Unavailable|Unavailable|Low(34),31.376798,77.468585,BORI|Unavailable|Unavailable|Low(34),22.785013,77.470089,BORI|Unavailable|Unavailable|Low(34),20.945739,78.705609,BORI|Unavailable|Unavailable|Low(34),19.869528,78.576908,BORI|Unavailable|Unavailable|Low(34),21.353115,81.273013,BORI|Unavailable|Unavailable|Low(34),22.059449,79.695963,BORI|Unavailable|Unavailable|Low(34),20.241736,78.776979,BORI|Unavailable|Unavailable|Low(34),21.366646,79.405335,BORI|Unavailable|Unavailable|Low(34),21.838944,79.013572,BORI|Unavailable|Unavailable|Low(34),20.851998,81.182414,BORI|Unavailable|Unavailable|Low(34),21.097468,81.353109,BORI|Unavailable|Unavailable|Low(34),20.798142,78.393024,BORI|Unavailable|Unavailable|Low(34),19.450638,77.82184,BORI|Unavailable|Unavailable|Low(34),21.303451,76.966185,BORI|Unavailable|Unavailable|Low(34),22.703757,77.067311,BORI|Unavailable|Unavailable|Low(34),21.146401,81.052615,BORI|Unavailable|Unavailable|Low(34),21.425552,77.376374,BORI|Unavailable|Unavailable|Low(34),19.440786,80.326453,BORI|Unavailable|Unavailable|Low(34)",,Rubigula flaviventris,2049,1,,,,2
Borneo,Malaysia,,,2.906899,114.033081,yes,High(81),Unavailable,"4,115,BORNEO|Unavailable|Unavailable|High(81),1,114,BORNEO|Unavailable|Unavailable|High(81)",,"Pycnonotus plumosus, Microtarsus eutilotus","88.4.1.649, 52.5.12.8",2,,,,6
Borneo,NA,,,2.906899,114.033081,no,,,,,"Alophoixus phaeocephalus, Pycnonotus zeylanicus","P6V103203, P6V104381, WR 2087; 3922",3,,,,6
Borneo?,NA,,,2.906899,114.033081,no,,,,,Pycnonotus simplex,JHF 15640,1,,,,6
"Bramhagiri, Coorg",India,,,12.175468,75.652858,yes,Low(40),,"19.79702,85.643912,BRAMHAGIRI|Unavailable|Unavailable|Low(40),19.79702,85.643912,BRAMHAGIRI|Unavailable|Unavailable|Low(40),12.416667,75.75,COORG|Unavailable|Unavailable|Low(35),12.416667,75.75,COORG|Unavailable|Unavailable|Low(35)",,Hypsipetes ganeesa,86.9.1.969,1,,,,3
"Brgy. Marang Marang, Languyan, Tawi-Tawi",NA,,,5.159612,119.921161,yes,,,,,Hypsipetes everetti,"PNM 18319, PNM 18315",2,,,,3
"Brunei, Borneo",Brunei,,,4.5,114.666667,no,Low(36),unavailable,"4.5,114.666667,BRUNEI|Unavailable|Unavailable|Low(36),1,114,BORNEO|Unavailable|Unavailable|Low(36),4.95,114.95,BRUNEI|Unavailable|Unavailable|Low(36),4.8833,114.9333,BRUNEI|Unavailable|Unavailable|Low(36),4.5,114.6667,BRUNEI|Unavailable|Unavailable|Low(36),4.889444,114.941389,BRUNEI|Unavailable|Unavailable|Low(36)",,Pycnonotus plumosus,"1969.41.1014, 1969.50.5, 1969.41.1019, 1969.41.1020",4,,,,5
Budongo Forest Reserve,NA,,,1.777912,31.561868,yes,,,,,Phyllastrephus albigularis,TMS 1891,1,,,,3
"Buedu, near Kailahun",Sierra Leone,,,8.279982,-10.371372,yes,Medium(53),,"8.272585,-10.572132,Near KAILAHUN|Unavailable|Unavailable|Medium(53),8.506074,-11.040802,Near KAILAHUN|Unavailable|Unavailable|Medium(53),8.278903,-10.572998,Near KAILAHUN|Unavailable|Unavailable|Medium(53),8.014018,-11.129352,Near KAILAHUN|Unavailable|Unavailable|Medium(53),7.946831,-12.58503,Near KAILAHUN|Unavailable|Unavailable|Medium(53),8.107683,-10.751456,Near KAILAHUN|Unavailable|Unavailable|Medium(53),8.439475,-10.773162,Near KAILAHUN|Unavailable|Unavailable|Medium(53)",,Chlorocichla simplex,1930.12..3.302,1,,,,2
"Buenavista, Sabang, Puerto Princesa, Palawan Province, Palawan Island",NA,,,10.06405,118.820766,yes,,,,,Alophoixus frater,"MNH 3980, MNH 3984",2,,,,3
"Buenavista, Sabong, Palawan Province, Palawan Island",NA,,,10.06405,118.820766,no,,,,,Pycnonotus plumosus,MNH 3767,1,,,,3
"Bugasan, Parang, Cotabato",NA,,,7.465907,124.269641,yes,,,,,Pycnonotus goiavier,PNM 599,1,,,,3
Bugoma,NA,,,1.293134,30.997076,no,,,,,Eurillas latirostris,WR 2637; 1061,1,,,,3
Bugoma Forest Reserve,NA,,,1.293134,30.997076,no,,,,,"Ixonotus guttatus, Phyllastrephus xavieri","JHF 34584, JHF 34587",2,,,,3
Bugoma forest,Uganda,,,1.293134,30.997076,yes,High(88),,"1.198056,30.935278,BUGOMA FOREST|Unavailable|Unavailable|High(88)",,Phyllastrephus hypochloris,1933.5.31.9,1,,,,3
"Buhisan Dam, Buhisan, Cebu City",NA,,,10.315342,123.847953,yes,,,,,Pycnonotus goiavier,"PNM 6547, PNM 6458, PNM 6546, PNM 6545",4,,,,2
"Buhisan Dam, Cebu City, Cebu Island",NA,,,10.315342,123.847953,no,,,,,"Pycnonotus goiavier, Hypsipetes philippinus","MNH 3941, MNH 3950, MNH 3951, MNH 3952, MNH 4187, MNH 4195, MNH 4196, MNH 4197, MNH 4203, MNH 4204, MNH 4206, MNH 4207, MNH 4214, MNH 4217, MNH 4218, MNH 4221, MNH 4223, MNH 4225, MNH 4226, MNH 4228, MNH 4229, MNH 4244, MNH 4245, MNH 4247, MNH 4248, MNH 4253, MNH 4258, MNH 4272, MNH 4273, MNH 4274, MNH 4275, MNH 4276, MNH 4277, MNH 4278, MNH 4279, MNH 4280, MNH 4281, MNH 4286, MNH 4291, MNH 4292, MNH 4293, MNH 4294, MNH 4295, MNH 4296, MNH 4297, MNH 4298, MNH 4299, MNH 4300, MNH 4301",49,,,,2
"Buhisan Dam, Cebu Island",NA,,,10.315342,123.847953,no,,,,,"Pycnonotus goiavier, Microtarsus melanocephalos","MNH 3913, MNH 3921, MNH 3922, MNH 3923, MNH 3926, MNH 3927, MNH 3932, MNH 3933, MNH 3939",9,,,,2
"Buhisan Dam, Cebu Province, Cebu Island",NA,,,10.315342,123.847953,no,,,,,Pycnonotus goiavier,"MNH 3958, MNH 3959",2,,,,2
Buitenzorg,NA,,,-6.598704,106.799833,yes,,,,,Pycnonotus aurigaster,116871,1,,,,3
"Bukar, Samarahan",Malaysia,,,1.150827,110.508147,yes,,,,,"Microtarsus melanoleucos, Rubigula squamata","1936.4.12.1805, 1927.4.18.647",2,,,,4
"Buluan, Calbiga, Samar",NA,,,11.626345,125.135241,yes,,,,,"Pycnonotus goiavier, Hypsipetes everetti","PNM 11665, PNM 11676, PNM 11674, PNM 11666, PNM 11685, PNM 11657, PNM 11684, PNM 11663, PNM 11656, PNM 11661, PNM 11660",11,,,,3
"Buntis, Bacong, Negros Oriental, Negros Island",NA,,,9.239408,123.284216,yes,,,,,Pycnonotus goiavier,"MNH 3827, MNH 3828",2,,,,2
"Burgos, Talibon, Bohol",NA,,,10.139693,124.233589,yes,,,,,Pycnonotus goiavier,"PNM 15146, PNM 15144, PNM 15145, PNM 15142, PNM 15141, PNM 15143, PNM 15147",7,,,,3
"Burgos, Tayabas",NA,,,14.025976,121.591849,yes,,,,,Pycnonotus goiavier,PNM 2482,1,,,,4
"Buri, Bursuen, Mt. Lobi Range, Leyte Province, Leyte Island",NA,,,11.014245,124.898305,yes,,,,,Pycnonotus goiavier,MNH 3976,1,,,,2
Burong Kuning,NA,,,4.291667,113.995597,yes,,,,,Microtarsus melanocephalos,JHF 13929; ? 3972,1,,,,2
Buru,Indonesia,,,-3.33665,126.576511,yes,High(79),,"0.9,103.5,BURU|Unavailable|Unavailable|High(79),-8.8409,121.2215,BURU|Unavailable|Unavailable|High(79),-8.7093,120.2643,BURU|Unavailable|Unavailable|High(79),-4.2245,134.9481,BURU|Unavailable|Unavailable|High(79),-3.410723,126.659431,BURU|Unavailable|Unavailable|High(79),-3.4,126.65,BURU|Unavailable|Unavailable|High(79),-4.3328,135.0055,BURU|Unavailable|Unavailable|High(79)",,Hypsipetes mysticalis,"63.2.16.35, 88.4.1.445, 1923.9.15.89, 73.5.12.83, 1910.12.28.197",5,,,,4
Buru Island,NA,,,-3.33665,126.576511,no,,,,,Hypsipetes mysticalis,JHF 15140,1,,,,4
"Burungkot, Upi, Cotabato",NA,,,6.996989,124.197542,yes,,,,,Hypsipetes rufigularis,"PNM 609, PNM 610, PNM 608",3,,,,3
Burwah,Myanmar,,,16.942546,96.125585,yes,,,,,Pycnonotus davisoni,"86.9.1.2165, 86.9.1.2166",2,,,,4
Butu Penrissen Hills,NA,,,1.12184,110.213233,yes,,,,,Iole crypta,JHF 15135,1,,,,4
Cabuyao,NA,,,14.265316,121.137248,yes,,,,,Pycnonotus goiavier,134645,1,,,,3
Cachar,India,,,25.083333,92.916667,no,High(81),unavailable,"25.083333,92.916667,CACHAR|Unavailable|Unavailable|High(81)",,Iole cacharensis,86.9.1.1064,1,,,,4
Caka Village,NA,,,-26.012931,32.931873,yes,,,,,Pycnonotus barbatus,RCL 2605,1,,,,3
"Calapan, Mindoro",Philippines,,,13.413516,121.180987,yes,Medium(66),,"13.416793,121.180386,(g3)Calapan  Mindoro|Unavailable|3207|Medium(66)",,Pycnonotus goiavier,96.6.6.340,1,,,,2
"Calatagan, Batangas",Philippines,,,13.832236,120.632195,no,Medium(59),unavailable,"13.832236,120.632195,(g3)Calatagan|Unavailable|4163|Medium(59)",,Pycnonotus goiavier,PNM 7580,1,,,,2
Calayan,Philippines,,,19.334584,121.456483,yes,High(82),Unavailable,"19.25,121.75,CALAYAN|Unavailable|Unavailable|High(82),19.2607,121.477329,CALAYAN|Unavailable|Unavailable|High(82),19.334584,121.456483,CALAYAN|Unavailable|Unavailable|High(82),18.280285,122.00646,CALAYAN|Unavailable|Unavailable|High(82),6.588367,121.837398,CALAYAN|Unavailable|Unavailable|High(82),18.261368,122.006243,CALAYAN|Unavailable|Unavailable|High(82)",,Hypsipetes amaurotis,P6V27226,1,,,,3
"Calayan Island, Cagayan Province, Municipality of Calayan, Barangay Magsidel Longog",Philippines,,,19.334584,121.456483,yes,Low(46),Unavailable,"18,121.833333,CAGAYAN PROVINCE|Unavailable|Unavailable|Low(46),19.334584,121.456483,CALAYAN ISLAND|Unavailable|Unavailable|Low(44),19.3333,121.5,CALAYAN ISLAND|Unavailable|Unavailable|Low(44),16.17,120.7802,BARANGAY|Unavailable|Unavailable|Low(38),19.278417,121.438739,MAGSIDEL|Unavailable|Unavailable|Low(38),18.875471,121.861321,MAGSIDEL|Unavailable|Unavailable|Low(38),18.096984,121.633951,BARANGAY|Unavailable|Unavailable|Low(38),7.583333,123.2,CAGAYAN|Unavailable|Unavailable|Low(37),9.7064,123.4002,CAGAYAN|Unavailable|Unavailable|Low(37),19.334584,121.456483,CALAYAN|Unavailable|Unavailable|Low(37),7.9177,123.6745,CAGAYAN|Unavailable|Unavailable|Low(37),6.9747,118.5144,CAGAYAN|Unavailable|Unavailable|Low(37),19.25,121.75,CALAYAN|Unavailable|Unavailable|Low(37),7.016667,118.466667,CAGAYAN|Unavailable|Unavailable|Low(37),18.364167,121.621667,CAGAYAN|Unavailable|Unavailable|Low(37),19.2607,121.477329,CALAYAN|Unavailable|Unavailable|Low(37),18.280285,122.00646,CALAYAN|Unavailable|Unavailable|Low(37),6.588367,121.837398,CALAYAN|Unavailable|Unavailable|Low(37),10.032221,124.081338,CAGAYAN|Unavailable|Unavailable|Low(37),8.483333,124.65,CAGAYAN|Unavailable|Unavailable|Low(37),18,121.8333,CAGAYAN|Unavailable|Unavailable|Low(37),10.0293,124.07949,CAGAYAN|Unavailable|Unavailable|Low(37),8.503889,124.653611,CAGAYAN|Unavailable|Unavailable|Low(37),8.483333,124.65,CAGAYAN|Unavailable|Unavailable|Low(37),18.3667,121.6167,CAGAYAN|Unavailable|Unavailable|Low(37),18.261368,122.006243,CALAYAN|Unavailable|Unavailable|Low(37),14.660457,121.02012,CAGAYAN|Unavailable|Unavailable|Low(37),18,121.833333,CAGAYAN|Unavailable|Unavailable|Low(37)",,Hypsipetes amaurotis,"KU 97259, KU 97257, KU 97258, KU 97260",4,,,,3
"Calayan Island, Cagayan Province, Municipality of Calayan, Barangay Magsidel Macarra",Philippines,,,19.334584,121.456483,yes,Low(46),Unavailable,"18,121.833333,CAGAYAN PROVINCE|Unavailable|Unavailable|Low(46),19.334584,121.456483,CALAYAN ISLAND|Unavailable|Unavailable|Low(44),19.3333,121.5,CALAYAN ISLAND|Unavailable|Unavailable|Low(44),16.17,120.7802,BARANGAY|Unavailable|Unavailable|Low(38),19.278417,121.438739,MAGSIDEL|Unavailable|Unavailable|Low(38),18.875471,121.861321,MAGSIDEL|Unavailable|Unavailable|Low(38),18.096984,121.633951,BARANGAY|Unavailable|Unavailable|Low(38),7.583333,123.2,CAGAYAN|Unavailable|Unavailable|Low(37),9.7064,123.4002,CAGAYAN|Unavailable|Unavailable|Low(37),19.334584,121.456483,CALAYAN|Unavailable|Unavailable|Low(37),7.9177,123.6745,CAGAYAN|Unavailable|Unavailable|Low(37),6.9747,118.5144,CAGAYAN|Unavailable|Unavailable|Low(37),19.25,121.75,CALAYAN|Unavailable|Unavailable|Low(37),7.016667,118.466667,CAGAYAN|Unavailable|Unavailable|Low(37),18.364167,121.621667,CAGAYAN|Unavailable|Unavailable|Low(37),19.2607,121.477329,CALAYAN|Unavailable|Unavailable|Low(37),18.280285,122.00646,CALAYAN|Unavailable|Unavailable|Low(37),6.588367,121.837398,CALAYAN|Unavailable|Unavailable|Low(37),10.032221,124.081338,CAGAYAN|Unavailable|Unavailable|Low(37),8.483333,124.65,CAGAYAN|Unavailable|Unavailable|Low(37),18,121.8333,CAGAYAN|Unavailable|Unavailable|Low(37),10.0293,124.07949,CAGAYAN|Unavailable|Unavailable|Low(37),8.503889,124.653611,CAGAYAN|Unavailable|Unavailable|Low(37),8.483333,124.65,CAGAYAN|Unavailable|Unavailable|Low(37),18.3667,121.6167,CAGAYAN|Unavailable|Unavailable|Low(37),18.261368,122.006243,CALAYAN|Unavailable|Unavailable|Low(37),14.660457,121.02012,CAGAYAN|Unavailable|Unavailable|Low(37),18,121.833333,CAGAYAN|Unavailable|Unavailable|Low(37)",,Hypsipetes amaurotis,"KU 97255, KU 97253, KU 97254, KU 97256, KU 97252",5,,,,3
Calbiga River Valley,Philippines,,,11.6616,124.9764,no,Low(43),unavailable,"11.6616,124.9764,CALBIGA RIVER|Unavailable|Unavailable|Low(43),11.6616,124.9764,CALBIGA|Unavailable|Unavailable|Low(37),11.6167,125.0167,CALBIGA|Unavailable|Unavailable|Low(37),11.633333,125.116667,CALBIGA|Unavailable|Unavailable|Low(37),12.296749,124.473191,CALBIGA|Unavailable|Unavailable|Low(37),11.624722,125.016389,CALBIGA|Unavailable|Unavailable|Low(37),11.159944,125.545479,VALLEY|Unavailable|Unavailable|Low(36),9.0646,123.0893,ALBIGA RIVER|Unavailable|Unavailable|Low(29),11.9,125.25,BIGA RIVER|Unavailable|Unavailable|Low(27),7.966389,125.786389,BIGA RIVER|Unavailable|Unavailable|Low(27),7.95,125.616667,BIGA RIVER|Unavailable|Unavailable|Low(27),13.2937,121.1426,BIGA RIVER|Unavailable|Unavailable|Low(27)",,"Hypsipetes philippinus, Pycnonotus goiavier","JHF 22590; JJM 481, JHF 22604; JJM 482",2,,,,3
"Calbiga River Valley, on coast",Philippines,,,11.6616,124.9764,no,Low(43),unavailable,"11.6616,124.9764,CALBIGA RIVER|Unavailable|Unavailable|Low(43),11.6616,124.9764,CALBIGA|Unavailable|Unavailable|Low(37),11.6167,125.0167,CALBIGA|Unavailable|Unavailable|Low(37),11.633333,125.116667,CALBIGA|Unavailable|Unavailable|Low(37),12.296749,124.473191,CALBIGA|Unavailable|Unavailable|Low(37),11.624722,125.016389,CALBIGA|Unavailable|Unavailable|Low(37),11.159944,125.545479,VALLEY|Unavailable|Unavailable|Low(36),9.0646,123.0893,ALBIGA RIVER|Unavailable|Unavailable|Low(29),11.9,125.25,BIGA RIVER|Unavailable|Unavailable|Low(27),7.966389,125.786389,BIGA RIVER|Unavailable|Unavailable|Low(27),7.95,125.616667,BIGA RIVER|Unavailable|Unavailable|Low(27),13.2937,121.1426,BIGA RIVER|Unavailable|Unavailable|Low(27)",,"Hypsipetes philippinus, Pycnonotus goiavier","JHF 22588; JJM 462, JHF 22587; JJM 461, JHF 22603; JJM 456",3,,,,3
"Calbiga-a, Mount Pangasinan, Baybay, Leyte, Leyte Island",Philippines,,,10.754846,124.841528,yes,Low(42),Unavailable,"10.833333,124.833333,LEYTE ISLAND|Unavailable|Unavailable|Low(42),10.583362,122.517803,PANGASINAN|Unavailable|Unavailable|Low(40),10.590761,122.515103,PANGASINAN|Unavailable|Unavailable|Low(40),7.1267,125.8983,PANGASINAN|Unavailable|Unavailable|Low(40),6.133333,120.983333,PANGASINAN|Unavailable|Unavailable|Low(40),5.036944,119.747778,PANGASINAN|Unavailable|Unavailable|Low(40),11.6616,124.9764,CALBIGA|Unavailable|Unavailable|Low(37),11.633333,125.116667,CALBIGA|Unavailable|Unavailable|Low(37),11.624722,125.016389,CALBIGA|Unavailable|Unavailable|Low(37),12.296749,124.473191,CALBIGA|Unavailable|Unavailable|Low(37),11.076111,124.875278,BAYBAY|Unavailable|Unavailable|Low(36),16.033333,120.25,BAYBAY|Unavailable|Unavailable|Low(36),13.716667,123.566667,BAYBAY|Unavailable|Unavailable|Low(36),13.4083,123.7135,BAYBAY|Unavailable|Unavailable|Low(36),11.7163,122.0942,BAYBAY|Unavailable|Unavailable|Low(36),11.7412,122.3103,BAYBAY|Unavailable|Unavailable|Low(36),16.3042,120.3419,BAYBAY|Unavailable|Unavailable|Low(36),10.6785,124.8006,BAYBAY|Unavailable|Unavailable|Low(36),17.061971,120.454496,BAYBAY|Unavailable|Unavailable|Low(36),11.606944,122.742778,BAYBAY|Unavailable|Unavailable|Low(36),10.683333,124.833333,BAYBAY|Unavailable|Unavailable|Low(36),13.666667,123.102778,BAYBAY|Unavailable|Unavailable|Low(36),12.5338,124.8676,BAYBAY|Unavailable|Unavailable|Low(36),10.046944,126.069722,BAYBAY|Unavailable|Unavailable|Low(36),13.6645,123.1425,BAYBAY|Unavailable|Unavailable|Low(36),15.8977,120.2305,BAYBAY|Unavailable|Unavailable|Low(36),14.94,121.0393,BAYBAY|Unavailable|Unavailable|Low(36),11.366667,124.5,LEYTE|Unavailable|Unavailable|Low(35),10.833333,124.833333,LEYTE|Unavailable|Unavailable|Low(35),11.002682,124.857732,LEYTE|Unavailable|Unavailable|Low(35),11.3556,124.4758,LEYTE|Unavailable|Unavailable|Low(35),11.3697,124.4873,LEYTE|Unavailable|Unavailable|Low(35),6.033333,121.116667,MOUNT PANG|Unavailable|Unavailable|Low(27)",,Hypsipetes philippinus,MNH 4137,1,,,,3
"Calbiga-a, Mount Pangasugan, Baybay, Leyte, Leyte Island",Philippines,,,10.754846,124.841528,no,Low(42),unavailable,"10.833333,124.833333,LEYTE ISLAND|Unavailable|Unavailable|Low(42),10.683333,124.8,PANGASUGAN|Unavailable|Unavailable|Low(40),10.7448,124.7863,PANGASUGAN|Unavailable|Unavailable|Low(40),11.624722,125.016389,CALBIGA|Unavailable|Unavailable|Low(37),11.6616,124.9764,CALBIGA|Unavailable|Unavailable|Low(37),11.633333,125.116667,CALBIGA|Unavailable|Unavailable|Low(37),12.296749,124.473191,CALBIGA|Unavailable|Unavailable|Low(37),13.6645,123.1425,BAYBAY|Unavailable|Unavailable|Low(36),10.046944,126.069722,BAYBAY|Unavailable|Unavailable|Low(36),11.7412,122.3103,BAYBAY|Unavailable|Unavailable|Low(36),13.4083,123.7135,BAYBAY|Unavailable|Unavailable|Low(36),11.076111,124.875278,BAYBAY|Unavailable|Unavailable|Low(36),12.5338,124.8676,BAYBAY|Unavailable|Unavailable|Low(36),13.716667,123.566667,BAYBAY|Unavailable|Unavailable|Low(36),16.033333,120.25,BAYBAY|Unavailable|Unavailable|Low(36),11.7163,122.0942,BAYBAY|Unavailable|Unavailable|Low(36),11.752756,122.282724,BAYBAY|Unavailable|Unavailable|Low(36),16.3042,120.3419,BAYBAY|Unavailable|Unavailable|Low(36),11.768049,122.267447,BAYBAY|Unavailable|Unavailable|Low(36),10.6785,124.8006,BAYBAY|Unavailable|Unavailable|Low(36),11.606944,122.742778,BAYBAY|Unavailable|Unavailable|Low(36),10.683333,124.833333,BAYBAY|Unavailable|Unavailable|Low(36),17.061971,120.454496,BAYBAY|Unavailable|Unavailable|Low(36),13.666667,123.102778,BAYBAY|Unavailable|Unavailable|Low(36),15.8977,120.2305,BAYBAY|Unavailable|Unavailable|Low(36),14.94,121.0393,BAYBAY|Unavailable|Unavailable|Low(36),11.366667,124.5,LEYTE|Unavailable|Unavailable|Low(35),11.002682,124.857732,LEYTE|Unavailable|Unavailable|Low(35),11.3556,124.4758,LEYTE|Unavailable|Unavailable|Low(35),10.833333,124.833333,LEYTE|Unavailable|Unavailable|Low(35),11.3697,124.4873,LEYTE|Unavailable|Unavailable|Low(35),6.033333,121.116667,MOUNT PANG|Unavailable|Unavailable|Low(27),17.9973,120.4885,GAN BAY|Unavailable|Unavailable|Low(24)",,Hypsipetes philippinus,MNH 4136,1,,,,3
"Calbiga-a, Mt. Pangasinan, BayBay, Leyte, Leyte Island",Philippines,,,10.754846,124.841528,no,Low(42),unavailable,"10.833333,124.833333,LEYTE ISLAND|Unavailable|Unavailable|Low(42),10.583362,122.517803,PANGASINAN|Unavailable|Unavailable|Low(40),10.590761,122.515103,PANGASINAN|Unavailable|Unavailable|Low(40),7.1267,125.8983,PANGASINAN|Unavailable|Unavailable|Low(40),6.133333,120.983333,PANGASINAN|Unavailable|Unavailable|Low(40),5.036944,119.747778,PANGASINAN|Unavailable|Unavailable|Low(40),11.6616,124.9764,CALBIGA|Unavailable|Unavailable|Low(37),11.633333,125.116667,CALBIGA|Unavailable|Unavailable|Low(37),11.624722,125.016389,CALBIGA|Unavailable|Unavailable|Low(37),12.296749,124.473191,CALBIGA|Unavailable|Unavailable|Low(37),11.076111,124.875278,BAYBAY|Unavailable|Unavailable|Low(36),16.033333,120.25,BAYBAY|Unavailable|Unavailable|Low(36),13.716667,123.566667,BAYBAY|Unavailable|Unavailable|Low(36),13.4083,123.7135,BAYBAY|Unavailable|Unavailable|Low(36),11.7163,122.0942,BAYBAY|Unavailable|Unavailable|Low(36),11.7412,122.3103,BAYBAY|Unavailable|Unavailable|Low(36),16.3042,120.3419,BAYBAY|Unavailable|Unavailable|Low(36),10.6785,124.8006,BAYBAY|Unavailable|Unavailable|Low(36),17.061971,120.454496,BAYBAY|Unavailable|Unavailable|Low(36),11.606944,122.742778,BAYBAY|Unavailable|Unavailable|Low(36),10.683333,124.833333,BAYBAY|Unavailable|Unavailable|Low(36),13.666667,123.102778,BAYBAY|Unavailable|Unavailable|Low(36),12.5338,124.8676,BAYBAY|Unavailable|Unavailable|Low(36),10.046944,126.069722,BAYBAY|Unavailable|Unavailable|Low(36),13.6645,123.1425,BAYBAY|Unavailable|Unavailable|Low(36),15.8977,120.2305,BAYBAY|Unavailable|Unavailable|Low(36),14.94,121.0393,BAYBAY|Unavailable|Unavailable|Low(36),11.366667,124.5,LEYTE|Unavailable|Unavailable|Low(35),10.833333,124.833333,LEYTE|Unavailable|Unavailable|Low(35),11.002682,124.857732,LEYTE|Unavailable|Unavailable|Low(35),11.3556,124.4758,LEYTE|Unavailable|Unavailable|Low(35),11.3697,124.4873,LEYTE|Unavailable|Unavailable|Low(35),6.033333,121.116667,MOUNT PANG|Unavailable|Unavailable|Low(27)",,Hypsipetes guimarasensis,MNH 4288(A),1,,,,3
Kalkudah,NA,,,6.583197,79.958392,yes,,,,,Pycnonotus cafer,JHF 26217,1,,,,3
Cameron Highlands,Singapore,,,4.467513,101.384221,yes,,,,,Hemixos cinereus,"1946.75.45, 1946.75.46",2,,,,3
Cameroon Mountain above Buea,Cameroon,,,4.2,9.1833,yes,Low(47),,"4.2,9.1833,CAMEROON MOUNTAIN|Unavailable|Unavailable|Low(47),4.216503,9.213773,CAMEROON MOUNTAIN|Unavailable|Unavailable|Low(47),6,12.5,CAMEROON|Unavailable|Unavailable|Low(38),6,12,CAMEROON|Unavailable|Unavailable|Low(38),4.15,9.2167,BUEA|Unavailable|Unavailable|Low(34),4.1527,9.241,BUEA|Unavailable|Unavailable|Low(34)",,Arizelocichla tephrolaema,"1966.16.1688, 1966.16.1678, 1966.16.1691, 1966.16.1686, 1966.16.1676",5,,,,3
"Camiguin Island, Municipality of Mambajao, Barangay Pandan, Sitio Campana",Philippines,,,9.208333,124.708333,yes,Low(45),Unavailable,"18.926667,121.91,CAMIGUIN ISLAND|Unavailable|Unavailable|Low(45),9.216667,124.716667,MAMBAJAO|Unavailable|Unavailable|Low(38),18.096984,121.633951,BARANGAY|Unavailable|Unavailable|Low(38),10.2465,123.0138,MAMBAJAO|Unavailable|Unavailable|Low(38),12.767419,121.474715,CAMPANA|Unavailable|Unavailable|Low(37),9.208333,124.708333,CAMPANA|Unavailable|Unavailable|Low(37),16.733333,120.35,PANDAN|Unavailable|Unavailable|Low(36),12.9028,120.7855,PANDAN|Unavailable|Unavailable|Low(36),11.383056,119.476667,PANDAN|Unavailable|Unavailable|Low(36),14.613611,120.577778,PANDAN|Unavailable|Unavailable|Low(36),11.75,122.1,PANDAN|Unavailable|Unavailable|Low(36),12.9204,120.7876,PANDAN|Unavailable|Unavailable|Low(36),8.633333,123.516667,PANDAN|Unavailable|Unavailable|Low(36),9.655278,124.383889,PANDAN|Unavailable|Unavailable|Low(36),10.7625,122.406389,PANDAN|Unavailable|Unavailable|Low(36),13.025,120.7804,PANDAN|Unavailable|Unavailable|Low(36),10.982222,122.6625,PANDAN|Unavailable|Unavailable|Low(36),10.383333,124.983333,PANDAN|Unavailable|Unavailable|Low(36),16.154697,119.98526,PANDAN|Unavailable|Unavailable|Low(36),11.078328,122.478105,PANDAN|Unavailable|Unavailable|Low(36),11.062429,122.484905,PANDAN|Unavailable|Unavailable|Low(36),14.0511,124.1687,PANDAN|Unavailable|Unavailable|Low(36),12.639,123.6068,PANDAN|Unavailable|Unavailable|Low(36),12.6322,123.5958,PANDAN|Unavailable|Unavailable|Low(36),14.0453,124.1694,PANDAN|Unavailable|Unavailable|Low(36),13.221667,122.601111,PANDAN|Unavailable|Unavailable|Low(36),12.160756,121.988111,PANDAN|Unavailable|Unavailable|Low(36),11.7195,122.0949,PANDAN|Unavailable|Unavailable|Low(36),12.6264,123.5995,PANDAN|Unavailable|Unavailable|Low(36),11.4714,122.9258,PANDAN|Unavailable|Unavailable|Low(36),11.0577,122.6295,PANDAN|Unavailable|Unavailable|Low(36),11.4742,122.9164,PANDAN|Unavailable|Unavailable|Low(36),15.166667,120.066667,SITIO|Unavailable|Unavailable|Low(35)",,Hypsipetes catarmanensis,"KU 110460, KU 110461, KU 110456, KU 110462, KU 110455, KU 110463, KU 110464, KU 110457, KU 110452, KU 110451, KU 110458, KU 110454, KU 110453, KU 110459",14,,,,2
"Camiguin Island, Municipality of Mambajao, Barangay Pandan, Sitio Pamahawan",Philippines,,,9.193518,124.700851,yes,Low(45),,"18.926667,121.91,CAMIGUIN ISLAND|Unavailable|Unavailable|Low(45),11.2895,124.4482,MAMBAJAO|Unavailable|Unavailable|Low(38),18.096984,121.633951,BARANGAY|Unavailable|Unavailable|Low(38),10.2465,123.0138,MAMBAJAO|Unavailable|Unavailable|Low(38),9.216667,124.716667,MAMBAJAO|Unavailable|Unavailable|Low(38),12.9204,120.7876,PANDAN|Unavailable|Unavailable|Low(36),13.025,120.7804,PANDAN|Unavailable|Unavailable|Low(36),11.75,122.1,PANDAN|Unavailable|Unavailable|Low(36),12.6264,123.5995,PANDAN|Unavailable|Unavailable|Low(36),14.613611,120.577778,PANDAN|Unavailable|Unavailable|Low(36),12.9028,120.7855,PANDAN|Unavailable|Unavailable|Low(36),10.383333,124.983333,PANDAN|Unavailable|Unavailable|Low(36),10.982222,122.6625,PANDAN|Unavailable|Unavailable|Low(36),16.733333,120.35,PANDAN|Unavailable|Unavailable|Low(36),15.0923,120.5463,PANDAN|Unavailable|Unavailable|Low(36),8.633333,123.516667,PANDAN|Unavailable|Unavailable|Low(36),9.655278,124.383889,PANDAN|Unavailable|Unavailable|Low(36),10.7625,122.406389,PANDAN|Unavailable|Unavailable|Low(36),11.383056,119.476667,PANDAN|Unavailable|Unavailable|Low(36),11.062429,122.484905,PANDAN|Unavailable|Unavailable|Low(36),13.221667,122.601111,PANDAN|Unavailable|Unavailable|Low(36),11.0577,122.6295,PANDAN|Unavailable|Unavailable|Low(36),11.078328,122.478105,PANDAN|Unavailable|Unavailable|Low(36),14.0453,124.1694,PANDAN|Unavailable|Unavailable|Low(36),14.0511,124.1687,PANDAN|Unavailable|Unavailable|Low(36),16.154697,119.98526,PANDAN|Unavailable|Unavailable|Low(36),12.6322,123.5958,PANDAN|Unavailable|Unavailable|Low(36),12.639,123.6068,PANDAN|Unavailable|Unavailable|Low(36),11.7195,122.0949,PANDAN|Unavailable|Unavailable|Low(36),12.160756,121.988111,PANDAN|Unavailable|Unavailable|Low(36),11.4742,122.9164,PANDAN|Unavailable|Unavailable|Low(36),11.4714,122.9258,PANDAN|Unavailable|Unavailable|Low(36),15.166667,120.066667,SITIO|Unavailable|Unavailable|Low(35)",,Hypsipetes catarmanensis,"KU 110469, KU 110470, KU 110471, KU 110472, KU 110473, KU 110474, KU 110465, KU 110466, KU 110467, KU 110468",10,,,,2
"Camiguin Norte Island, Cagayan Province, Municipality of Calayan, Barangay Balatubat Kauringan",Philippines,,,18.916972,121.906008,yes,Low(46),Unavailable,"18,121.833333,CAGAYAN PROVINCE|Unavailable|Unavailable|Low(46),18.916972,121.906008,BALATUBAT|Unavailable|Unavailable|Low(39),14.577793,121.0431,CAMIGUIN|Unavailable|Unavailable|Low(38),18.096984,121.633951,BARANGAY|Unavailable|Unavailable|Low(38),14.4645,121.017584,CAMIGUIN|Unavailable|Unavailable|Low(38),18.926667,121.91,CAMIGUIN|Unavailable|Unavailable|Low(38),16.17,120.7802,BARANGAY|Unavailable|Unavailable|Low(38),9.166667,124.75,CAMIGUIN|Unavailable|Unavailable|Low(38),9.174544,124.71856,CAMIGUIN|Unavailable|Unavailable|Low(38),9.1833,124.7,CAMIGUIN|Unavailable|Unavailable|Low(38),9.1667,124.75,CAMIGUIN|Unavailable|Unavailable|Low(38),9.253899,124.708614,CAMIGUIN|Unavailable|Unavailable|Low(38),19.334584,121.456483,CALAYAN|Unavailable|Unavailable|Low(37),7.583333,123.2,CAGAYAN|Unavailable|Unavailable|Low(37),19.2607,121.477329,CALAYAN|Unavailable|Unavailable|Low(37),18.364167,121.621667,CAGAYAN|Unavailable|Unavailable|Low(37),7.016667,118.466667,CAGAYAN|Unavailable|Unavailable|Low(37),7.9177,123.6745,CAGAYAN|Unavailable|Unavailable|Low(37),6.9747,118.5144,CAGAYAN|Unavailable|Unavailable|Low(37),18,121.833333,CAGAYAN|Unavailable|Unavailable|Low(37),9.7064,123.4002,CAGAYAN|Unavailable|Unavailable|Low(37),10.032221,124.081338,CAGAYAN|Unavailable|Unavailable|Low(37),18.261368,122.006243,CALAYAN|Unavailable|Unavailable|Low(37),6.588367,121.837398,CALAYAN|Unavailable|Unavailable|Low(37),10.0293,124.07949,CAGAYAN|Unavailable|Unavailable|Low(37),18.280285,122.00646,CALAYAN|Unavailable|Unavailable|Low(37),14.660457,121.02012,CAGAYAN|Unavailable|Unavailable|Low(37),8.503889,124.653611,CAGAYAN|Unavailable|Unavailable|Low(37),8.483333,124.65,CAGAYAN|Unavailable|Unavailable|Low(37),18,121.8333,CAGAYAN|Unavailable|Unavailable|Low(37),19.25,121.75,CALAYAN|Unavailable|Unavailable|Low(37),7.85,123.45,NORTE|Unavailable|Unavailable|Low(35),13.840421,121.202187,BARANGAY B|Unavailable|Unavailable|Low(27)",,Hypsipetes amaurotis,"KU 99276, KU 99272, KU 99273, KU 98961, KU 99271, KU 99275, KU 98962, KU 99274, KU 98959, KU 98960, KU 98966, KU 98964, KU 98965",13,,,,2
"Camiguin Norte Island, Cagayan Province, Municipality of Calayan, Barangay Balatubat Limandok",Philippines,,,18.916972,121.906008,no,Low(46),unavailable,"18,121.833333,CAGAYAN PROVINCE|Unavailable|Unavailable|Low(46),18.916972,121.906008,BALATUBAT|Unavailable|Unavailable|Low(39),14.577793,121.0431,CAMIGUIN|Unavailable|Unavailable|Low(38),18.096984,121.633951,BARANGAY|Unavailable|Unavailable|Low(38),14.4645,121.017584,CAMIGUIN|Unavailable|Unavailable|Low(38),18.926667,121.91,CAMIGUIN|Unavailable|Unavailable|Low(38),16.17,120.7802,BARANGAY|Unavailable|Unavailable|Low(38),9.166667,124.75,CAMIGUIN|Unavailable|Unavailable|Low(38),9.174544,124.71856,CAMIGUIN|Unavailable|Unavailable|Low(38),9.1833,124.7,CAMIGUIN|Unavailable|Unavailable|Low(38),9.1667,124.75,CAMIGUIN|Unavailable|Unavailable|Low(38),9.253899,124.708614,CAMIGUIN|Unavailable|Unavailable|Low(38),19.334584,121.456483,CALAYAN|Unavailable|Unavailable|Low(37),7.583333,123.2,CAGAYAN|Unavailable|Unavailable|Low(37),19.2607,121.477329,CALAYAN|Unavailable|Unavailable|Low(37),18.364167,121.621667,CAGAYAN|Unavailable|Unavailable|Low(37),7.016667,118.466667,CAGAYAN|Unavailable|Unavailable|Low(37),7.9177,123.6745,CAGAYAN|Unavailable|Unavailable|Low(37),6.9747,118.5144,CAGAYAN|Unavailable|Unavailable|Low(37),18,121.833333,CAGAYAN|Unavailable|Unavailable|Low(37),9.7064,123.4002,CAGAYAN|Unavailable|Unavailable|Low(37),10.032221,124.081338,CAGAYAN|Unavailable|Unavailable|Low(37),18.261368,122.006243,CALAYAN|Unavailable|Unavailable|Low(37),6.588367,121.837398,CALAYAN|Unavailable|Unavailable|Low(37),10.0293,124.07949,CAGAYAN|Unavailable|Unavailable|Low(37),18.280285,122.00646,CALAYAN|Unavailable|Unavailable|Low(37),14.660457,121.02012,CAGAYAN|Unavailable|Unavailable|Low(37),8.503889,124.653611,CAGAYAN|Unavailable|Unavailable|Low(37),8.483333,124.65,CAGAYAN|Unavailable|Unavailable|Low(37),18,121.8333,CAGAYAN|Unavailable|Unavailable|Low(37),19.25,121.75,CALAYAN|Unavailable|Unavailable|Low(37),7.85,123.45,NORTE|Unavailable|Unavailable|Low(35),13.840421,121.202187,BARANGAY B|Unavailable|Unavailable|Low(27)",,Hypsipetes amaurotis,"KU 97263, KU 97261",2,,,,2
"Camorta, Nicobar Islands",India,,,8.17121,93.482086,yes,Low(45),Unavailable,"8,93.5,NICOBAR ISLANDS|Unavailable|Unavailable|Low(45),8.133333,93.5,CAMORTA|Unavailable|Unavailable|Low(37),8,93.5,NICOBAR|Unavailable|Unavailable|Low(37),7,93,NICOBAR|Unavailable|Unavailable|Low(37)",,Hypsipetes nicobariensis,"86.9.1.976, 88.4.1.281b, 74.10.26.5, 86.9.1.973, 86.9.1.975",5,,,,3
"Camp Dungue Tu-od, Manticao, Misamis Oriental, Mindanao Island",Philippines,,,8.343832,124.358019,yes,High(75),Unavailable,"8.678882,124.742721,(g3)Mindanao Island|Unavailable|67910|High(75),8.678882,124.742721,(g3)Mindanao Island|Unavailable|67910|High(75),7.093236,125.585989,(g3)Mindanao Island|Unavailable|64448|High(75),8.678882,124.742721,(g3)Mindanao Island|Unavailable|67910|High(75),7.77563,122.776277,(g3)Mindanao Island|Unavailable|131403|High(75),7.77563,122.776277,(g3)Mindanao Island|Unavailable|131403|High(75),7.77563,122.776277,(g3)Mindanao Island|Unavailable|131403|High(75),7.77563,122.776277,(g3)Mindanao Island|Unavailable|131403|High(75),9.779869,125.496855,(g3)Mindanao Island|Unavailable|3791|Medium(65)",,Pycnonotus goiavier,MNH 10199,1,,,,3
"Camp Dungue, Tu-od, Manticao, Misamis Orienta,l Mindanao Island",Philippines,,,8.343832,124.358019,no,High(75),unavailable,"8.678882,124.742721,(g3)Mindanao Island|Unavailable|67910|High(75),8.678882,124.742721,(g3)Mindanao Island|Unavailable|67910|High(75),7.093236,125.585989,(g3)Mindanao Island|Unavailable|64448|High(75),8.678882,124.742721,(g3)Mindanao Island|Unavailable|67910|High(75),7.77563,122.776277,(g3)Mindanao Island|Unavailable|131403|High(75),7.77563,122.776277,(g3)Mindanao Island|Unavailable|131403|High(75),7.77563,122.776277,(g3)Mindanao Island|Unavailable|131403|High(75),7.77563,122.776277,(g3)Mindanao Island|Unavailable|131403|High(75),9.779869,125.496855,(g3)Mindanao Island|Unavailable|3791|Medium(65)",,Microtarsus urostictus,MNH 10192,1,,,,3
"Camp Dungue, Tu-od, Manticao, Misamis Oriental, Mindanao Island",Philippines,,,8.343832,124.358019,no,High(75),unavailable,"8.678882,124.742721,(g3)Mindanao Island|Unavailable|67910|High(75),8.678882,124.742721,(g3)Mindanao Island|Unavailable|67910|High(75),7.093236,125.585989,(g3)Mindanao Island|Unavailable|64448|High(75),8.678882,124.742721,(g3)Mindanao Island|Unavailable|67910|High(75),7.77563,122.776277,(g3)Mindanao Island|Unavailable|131403|High(75),7.77563,122.776277,(g3)Mindanao Island|Unavailable|131403|High(75),7.77563,122.776277,(g3)Mindanao Island|Unavailable|131403|High(75),7.77563,122.776277,(g3)Mindanao Island|Unavailable|131403|High(75),9.779869,125.496855,(g3)Mindanao Island|Unavailable|3791|Medium(65)",,Microtarsus urostictus,MNH 10191,1,,,,3
"Camp Dungue, Tuod, Manticao, Misamis Oriental, Mindanao Island",Philippines,,,8.343832,124.358019,no,High(75),unavailable,"8.678882,124.742721,(g3)Mindanao Island|Unavailable|67910|High(75),8.678882,124.742721,(g3)Mindanao Island|Unavailable|67910|High(75),7.093236,125.585989,(g3)Mindanao Island|Unavailable|64448|High(75),8.678882,124.742721,(g3)Mindanao Island|Unavailable|67910|High(75),7.77563,122.776277,(g3)Mindanao Island|Unavailable|131403|High(75),7.77563,122.776277,(g3)Mindanao Island|Unavailable|131403|High(75),7.77563,122.776277,(g3)Mindanao Island|Unavailable|131403|High(75),7.77563,122.776277,(g3)Mindanao Island|Unavailable|131403|High(75),9.779869,125.496855,(g3)Mindanao Island|Unavailable|3791|Medium(65)",,Microtarsus urostictus,"MNH 3707, MNH 3708, MNH 3719(A), MNH 3706",4,,,,3
"Camp Lookout, Cuernos de Negros, Negros Oriental, Negros Island",Philippines,,,9.264771,123.217915,yes,High(75),,"9.660766,123.131282,(g3)NEGROS ORIENTAL|Unavailable|84736|High(75),9.066667,123.15,(g1)NEGROS ORIENTAL|Unavailable|Unavailable|Medium(65)",,Hypsipetes guimarasensis,"MNH 4363, MNH 4364, MNH 4360",3,,,,1
"Camp Lookout, Luzuriaga, Negros Oriental, Negros Is.",Philippines,,,9.264771,123.217915,no,High(75),unavailable,"9.660766,123.131282,(g3)NEGROS ORIENTAL|Unavailable|84736|High(75),9.066667,123.15,(g1)NEGROS ORIENTAL|Unavailable|Unavailable|Medium(65)",,Hypsipetes guimarasensis,"MNH 4212, MNH 4365, MNH 4366, MNH 4367",4,,,,1
"Camp Lookout, Luzuriaga, Negros Oriental",Philippines,,,9.264771,123.217915,no,High(75),unavailable,"9.660766,123.131282,(g3)NEGROS ORIENTAL|Unavailable|84736|High(75),9.066667,123.15,(g1)NEGROS ORIENTAL|Unavailable|Unavailable|Medium(65)",,Hypsipetes guimarasensis,"4313, 4316, 4360, 4363, 4364, 4365, 4366, 4367, 4370, 4212*",10,,,,1
"Camp Lookout, Valencia, Negros Oriental, Negros Island",Philippines,,,9.264771,123.217915,no,High(75),unavailable,"9.660766,123.131282,(g3)NEGROS ORIENTAL|Unavailable|84736|High(75),9.066667,123.15,(g1)NEGROS ORIENTAL|Unavailable|Unavailable|Medium(65)",,Hypsipetes guimarasensis,MNH 4370,1,,,,1
"Camp Lookout, Cuernos De Negros, Negros Island",Philippines,,,9.264771,123.217915,no,Low(47),unavailable,"9.2433,123.1769,CUERNOS DE NEGROS|Unavailable|Unavailable|Low(47),10,123,NEGROS ISLAND|Unavailable|Unavailable|Low(43),14.507206,120.984931,NEGROS|Unavailable|Unavailable|Low(36),10,123,NEGROS|Unavailable|Unavailable|Low(36),10,123,NEGROS|Unavailable|Unavailable|Low(36)",,Pycnonotus goiavier,MNH 3829,1,,,,1
"Canaway, Siaton, Negros Oriental",Philippines,,,9.107915,123.051034,yes,High(75),,"9.660766,123.131282,(g3)NEGROS ORIENTAL|Unavailable|84736|High(75),9.066667,123.15,(g1)NEGROS ORIENTAL|Unavailable|Unavailable|Medium(65)",,Hypsipetes guimarasensis,4319,1,,,,3
"Candomao, Tolong, Negros Oriental",Philippines,,,9.983054,122.767074,yes,High(75),,"9.660766,123.131282,(g3)NEGROS ORIENTAL|Unavailable|84736|High(75),9.066667,123.15,(g1)NEGROS ORIENTAL|Unavailable|Unavailable|Medium(65)",,Hypsipetes guimarasensis,4355,1,,,,3
"Candomao, Tolong, Negros Oriental, Negros Island",Philippines,,,9.983054,122.767074,no,High(75),unavailable,"9.660766,123.131282,(g3)NEGROS ORIENTAL|Unavailable|84736|High(75),9.066667,123.15,(g1)NEGROS ORIENTAL|Unavailable|Unavailable|Medium(65)",,Hypsipetes guimarasensis,MNH 4355,1,,,,3
"Canhabagat, Medellin, Cebu City, Cebu Island",Philippines,,,11.111468,123.994402,yes,High(71),Unavailable,"10.272807,123.879058,(g3)CEBU ISLAND|Unavailable|116768|High(71),10.272807,123.879058,(g3)Cebu Island|Unavailable|116768|High(71),10.272807,123.879058,(g3)Cebu Island|Unavailable|116768|High(71),11.116667,123.966667,At MEDELLIN|Unavailable|Unavailable|Medium(53),11.1286,123.9622,At MEDELLIN|Unavailable|Unavailable|Medium(53),11.1394,123.9589,At MEDELLIN|Unavailable|Unavailable|Medium(53)",,Hypsipetes philippinus,MNH 4216,1,,,,2
Canta-ub Sierra Bullones Bohol,Philippines,,,9.761817,124.317302,yes,Low(45),Unavailable,"9.8081,124.2921,SIERRA BULLONES|Unavailable|Unavailable|Low(45),9.85,124.333333,SIERRA BULLONES|Unavailable|Unavailable|Low(45),9.7794,124.354,CANTA-UB|Unavailable|Unavailable|Low(38),9.769489,124.324632,CANTA-UB|Unavailable|Unavailable|Low(38),11.825278,124.695,SIERRA|Unavailable|Unavailable|Low(36),15.424952,120.696332,SIERRA|Unavailable|Unavailable|Low(36),14.513574,120.987401,BOHOL|Unavailable|Unavailable|Low(35),9.633333,123.883333,BOHOL|Unavailable|Unavailable|Low(35),9.8333,124.1667,BOHOL|Unavailable|Unavailable|Low(35),9.833333,124.166667,BOHOL|Unavailable|Unavailable|Low(35),10.1993,123.5467,BOHOL|Unavailable|Unavailable|Low(35),13.8335,121.1012,BOHOL|Unavailable|Unavailable|Low(35),10.48228,119.894304,BOHOL|Unavailable|Unavailable|Low(35),11.680278,124.516667,BOHOL|Unavailable|Unavailable|Low(35),7.4928,125.843,BOHOL|Unavailable|Unavailable|Low(35)",,Hypsipetes philippinus,"MNH 4142, MNH 4143, MNH 4162, MNH 4164",4,,,,2
"Canta-ub, Sierra Bullones, Bohol Island",Philippines,,,9.761817,124.317302,no,Low(45),unavailable,"9.8081,124.2921,SIERRA BULLONES|Unavailable|Unavailable|Low(45),9.85,124.333333,SIERRA BULLONES|Unavailable|Unavailable|Low(45),9.8333,124.1667,BOHOL ISLAND|Unavailable|Unavailable|Low(42),11.5858,124.9185,BOHOL ISLAND|Unavailable|Unavailable|Low(42),9.833333,124.166667,BOHOL ISLAND|Unavailable|Unavailable|Low(42),9.769489,124.324632,CANTA-UB|Unavailable|Unavailable|Low(38),9.7794,124.354,CANTA-UB|Unavailable|Unavailable|Low(38),11.825278,124.695,SIERRA|Unavailable|Unavailable|Low(36),15.424952,120.696332,SIERRA|Unavailable|Unavailable|Low(36),11.680278,124.516667,BOHOL|Unavailable|Unavailable|Low(35),9.8333,124.1667,BOHOL|Unavailable|Unavailable|Low(35),9.833333,124.166667,BOHOL|Unavailable|Unavailable|Low(35),10.1993,123.5467,BOHOL|Unavailable|Unavailable|Low(35),10.48228,119.894304,BOHOL|Unavailable|Unavailable|Low(35),13.8335,121.1012,BOHOL|Unavailable|Unavailable|Low(35),9.633333,123.883333,BOHOL|Unavailable|Unavailable|Low(35),7.4928,125.843,BOHOL|Unavailable|Unavailable|Low(35),14.513574,120.987401,BOHOL|Unavailable|Unavailable|Low(35)",,Microtarsus urostictus,MNH 3647,1,,,,2
"Canyasan, Cebu City, Cebu Island",Philippines,,,10.346274,123.867728,yes,High(71),,"10.272807,123.879058,(g3)CEBU ISLAND|Unavailable|116768|High(71),10.272807,123.879058,(g3)Cebu Island|Unavailable|116768|High(71),10.272807,123.879058,(g3)Cebu Island|Unavailable|116768|High(71)",,Hypsipetes philippinus,"MNH 4192, MNH 4194, MNH 4200, MNH 4201, MNH 4202, MNH 4222, MNH 4246",7,,,,4
"Canyasan, Cebu, Cebu Island",Philippines,,,10.346274,123.867728,no,High(71),unavailable,"10.272807,123.879058,(g3)CEBU ISLAND|Unavailable|116768|High(71),10.272807,123.879058,(g3)Cebu Island|Unavailable|116768|High(71),10.272807,123.879058,(g3)Cebu Island|Unavailable|116768|High(71)",,Pycnonotus goiavier,"MNH 3914, MNH 3915",2,,,,4
"Capaculan, Cebu City, Cebu Island",Philippines,,,10.306672,123.87232,yes,High(71),,"10.272807,123.879058,(g3)CEBU ISLAND|Unavailable|116768|High(71),10.272807,123.879058,(g3)Cebu Island|Unavailable|116768|High(71),10.272807,123.879058,(g3)Cebu Island|Unavailable|116768|High(71)",,Hypsipetes guimarasensis,MNH 4212(A),1,,,,2
"Capaculan, Cebu Island",Philippines,,,10.306672,123.87232,no,High(71),unavailable,"10.272807,123.879058,(g3)CEBU ISLAND|Unavailable|116768|High(71),10.272807,123.879058,(g3)Cebu Island|Unavailable|116768|High(71),10.272807,123.879058,(g3)Cebu Island|Unavailable|116768|High(71)",,Pycnonotus goiavier,MNH 3910,1,,,,2
Cape,South Africa,,,-33.098324,19.982236,yes,High(79),,"-31,23,CAPE|Unavailable|Unavailable|High(79)",,Pycnonotus capensis,95.5.1.750,1,,,,5
"Cape Engano, NE. Luzon",Philippines,,,18.581952,122.133355,no,Low(41),unavailable,"18.581952,122.133355,CAPE ENGANO|Unavailable|Unavailable|Low(41),6.519041,126.094082,LUZON|Unavailable|Unavailable|Low(35),14.8047,121.0267,LUZON|Unavailable|Unavailable|Low(35),16.033333,120.45,LUZON|Unavailable|Unavailable|Low(35),14.516897,121.024097,LUZON|Unavailable|Unavailable|Low(35),21,122,LUZON|Unavailable|Unavailable|Low(35),16,121,LUZON|Unavailable|Unavailable|Low(35),16,121,LUZON|Unavailable|Unavailable|Low(35),18.519167,121.117455,LUZON|Unavailable|Unavailable|Low(35),6.510107,126.130326,LUZON|Unavailable|Unavailable|Low(35),16.982861,121.694542,LUZON|Unavailable|Unavailable|Low(35),18.552935,121.125177,LUZON|Unavailable|Unavailable|Low(35),14.19203,121.168282,LUZON|Unavailable|Unavailable|Low(35),16.959638,121.693386,LUZON|Unavailable|Unavailable|Low(35)",,Microtarsus urostictus,97.5.13.333,1,,,,2
"Cape Liant, SE. Siam",Thailand,,,12.594975,100.96227,no,Low(40),unavailable,"12.594975,100.96227,CAPE LIANT|Unavailable|Unavailable|Low(40),15.5,101,SIAM|Unavailable|Unavailable|Low(34),15,100,SIAM|Unavailable|Unavailable|Low(34)",,Pycnonotus finlaysoni,1955.1.5618,1,,,,2
Cape of Good Hope,NA,,,-34.351111,18.484791,yes,Low(39),,"-18.833333,15.333333,GOOD HOPE|Unavailable|Unavailable|Low(39),-22.183333,19.283333,GOOD HOPE|Unavailable|Unavailable|Low(39),-27.383333,17.3,HOPE|Unavailable|Unavailable|Low(34),-25.133333,19.3,HOPE|Unavailable|Unavailable|Low(34),-23.566667,15.266667,HOPE|Unavailable|Unavailable|Low(34)",,Pycnonotus capensis,UMZC 27/Pyc/11/i/1,1,,,,2
"Capitol Site, Patikul, Sulu",NA,,,6.050174,121.016093,yes,,,,,Pycnonotus goiavier,"PNM 18128, PNM 18129",2,,,,1
"Caponsa River, Cebu Island",Philippines,,,10.366781,123.810222,yes,High(71),,"10.272807,123.879058,(g3)CEBU ISLAND|Unavailable|116768|High(71),10.272807,123.879058,(g3)Cebu Island|Unavailable|116768|High(71),10.272807,123.879058,(g3)Cebu Island|Unavailable|116768|High(71)",,Pycnonotus goiavier,MNH 3911,1,,,,4
"Car-Car, Mad-Lan Area, Surigao del Sur, Mindanao",Philippines,,,9.278351,125.883177,yes,Low(45),,"8.674,126.146,SURIGAO DEL SUR|Unavailable|Unavailable|Low(45),8.67417,126.14667,SURIGAO DEL SUR|Unavailable|Unavailable|Low(45),7.029,124.505,MINDANAO|Unavailable|Unavailable|Low(38),14.19258,121.167904,MINDANAO|Unavailable|Unavailable|Low(38),7.2575,124.203611,MINDANAO|Unavailable|Unavailable|Low(38),8,125,MINDANAO|Unavailable|Unavailable|Low(38),9.6441,123.3256,MINDANAO|Unavailable|Unavailable|Low(38),14.509425,120.98723,MINDANAO|Unavailable|Unavailable|Low(38),6.5,125,MINDANAO|Unavailable|Unavailable|Low(38),9.645452,123.349539,MINDANAO|Unavailable|Unavailable|Low(38),14.639247,121.024698,SURIGAO|Unavailable|Unavailable|Low(37),9.7984,125.4734,SURIGAO|Unavailable|Unavailable|Low(37),9.7833,125.4833,SURIGAO|Unavailable|Unavailable|Low(37),8.67417,126.14667,SURIGAO|Unavailable|Unavailable|Low(37),9.789,125.495,SURIGAO|Unavailable|Unavailable|Low(37),9.766667,125.483333,SURIGAO|Unavailable|Unavailable|Low(37),9.75,125.5,SURIGAO|Unavailable|Unavailable|Low(37),17.224221,121.206117,CAR|Unavailable|Unavailable|Low(33)",,Hypsipetes philippinus,"4453(A), 4457, 4458",3,,,,4
"Car-car, Mad-lan Area, Surigao del Sur, Mindanao Island",Philippines,,,9.278351,125.883177,no,High(75),unavailable,"8.678882,124.742721,(g3)Mindanao Island|Unavailable|67910|High(75),8.678882,124.742721,(g3)Mindanao Island|Unavailable|67910|High(75),7.093236,125.585989,(g3)Mindanao Island|Unavailable|64448|High(75),8.678882,124.742721,(g3)Mindanao Island|Unavailable|67910|High(75),7.77563,122.776277,(g3)Mindanao Island|Unavailable|131403|High(75),7.77563,122.776277,(g3)Mindanao Island|Unavailable|131403|High(75),7.77563,122.776277,(g3)Mindanao Island|Unavailable|131403|High(75),7.77563,122.776277,(g3)Mindanao Island|Unavailable|131403|High(75),9.779869,125.496855,(g3)Mindanao Island|Unavailable|3791|Medium(65)",,Hypsipetes philippinus,MNH 4415,1,,,,4
"Car-car, Mad-lan Area, Surigao del Sur, Mindanao Island",Philippines,,,9.278351,125.883177,no,High(75),unavailable,"8.678882,124.742721,(g3)Mindanao Island|Unavailable|67910|High(75),8.678882,124.742721,(g3)Mindanao Island|Unavailable|67910|High(75),7.093236,125.585989,(g3)Mindanao Island|Unavailable|64448|High(75),8.678882,124.742721,(g3)Mindanao Island|Unavailable|67910|High(75),7.77563,122.776277,(g3)Mindanao Island|Unavailable|131403|High(75),7.77563,122.776277,(g3)Mindanao Island|Unavailable|131403|High(75),7.77563,122.776277,(g3)Mindanao Island|Unavailable|131403|High(75),7.77563,122.776277,(g3)Mindanao Island|Unavailable|131403|High(75),9.779869,125.496855,(g3)Mindanao Island|Unavailable|3791|Medium(65)",,Hypsipetes philippinus,MNH 4394,1,,,,4
"Casangsangan, Catarman, Camiguin",Philippines,,,9.176592,124.681326,yes,Low(38),Unavailable,"17.217384,120.424425,CATARMAN|Unavailable|Unavailable|Low(38),18.926667,121.91,CAMIGUIN|Unavailable|Unavailable|Low(38),9.125556,124.675556,CATARMAN|Unavailable|Unavailable|Low(38),14.4645,121.017584,CAMIGUIN|Unavailable|Unavailable|Low(38),9.166667,124.75,CAMIGUIN|Unavailable|Unavailable|Low(38),9.601695,123.861115,CATARMAN|Unavailable|Unavailable|Low(38),9.15,124.666667,CATARMAN|Unavailable|Unavailable|Low(38),10.25,123.95,CATARMAN|Unavailable|Unavailable|Low(38),12.4,124.633333,CATARMAN|Unavailable|Unavailable|Low(38),12.5065,124.6491,CATARMAN|Unavailable|Unavailable|Low(38),12.5041,124.6375,CATARMAN|Unavailable|Unavailable|Low(38),10.388,124.0108,CATARMAN|Unavailable|Unavailable|Low(38),9.1833,124.7,CAMIGUIN|Unavailable|Unavailable|Low(38),9.174544,124.71856,CAMIGUIN|Unavailable|Unavailable|Low(38),9.253899,124.708614,CAMIGUIN|Unavailable|Unavailable|Low(38),9.1333,124.6667,CATARMAN|Unavailable|Unavailable|Low(38),12.5,124.6333,CATARMAN|Unavailable|Unavailable|Low(38),9.1667,124.75,CAMIGUIN|Unavailable|Unavailable|Low(38),12.4989,124.6377,CATARMAN|Unavailable|Unavailable|Low(38),10.132119,125.00701,CATARMAN|Unavailable|Unavailable|Low(38),14.577793,121.0431,CAMIGUIN|Unavailable|Unavailable|Low(38),10.24563,123.945924,CATARMAN|Unavailable|Unavailable|Low(38),10.383964,124.014836,CATARMAN|Unavailable|Unavailable|Low(38),9.597727,123.858557,CATARMAN|Unavailable|Unavailable|Low(38)",,Hypsipetes everetti,MSU 48786,1,,,,3
Cassula,NA,,,-9.682822,15.168492,yes,,,,,Pycnonotus barbatus,JHF 24588; WJA 45,1,,,,3
"Catao-an, Cebu City, Cebu Island",Philippines,,,10.24975,123.749454,yes,High(71),,"10.272807,123.879058,(g3)CEBU ISLAND|Unavailable|116768|High(71),10.272807,123.879058,(g3)Cebu Island|Unavailable|116768|High(71),10.272807,123.879058,(g3)Cebu Island|Unavailable|116768|High(71)",,Hypsipetes philippinus,"MNH 4208, MNH 4209, MNH 4210, MNH 4227",4,,,,3
"Catbalogan, Samar",Philippines,,,11.777127,124.884566,yes,Medium(60),,"11.774312,124.879159,(g3)Catbalogan|Unavailable|1791|Medium(60)",,Hypsipetes everetti,"96.6.6.317, 96.6.6.318",2,,,,3
Cebu,Philippines,,,10.321,123.754,yes,High(79),Unavailable,"14.463389,121.002733,CEBU|Unavailable|Unavailable|High(79),14.444931,120.978494,CEBU|Unavailable|Unavailable|High(79),14.319627,121.078253,CEBU|Unavailable|Unavailable|High(79),10.333333,123.75,CEBU|Unavailable|Unavailable|High(79),10.321272,123.75461,CEBU|Unavailable|Unavailable|High(79),10.3,123.9,CEBU|Unavailable|Unavailable|High(79),14.437444,121.029016,CEBU|Unavailable|Unavailable|High(79),10.321,123.754,CEBU|Unavailable|Unavailable|High(79),10.311,123.891,CEBU|Unavailable|Unavailable|High(79),10.3,123.9,CEBU|Unavailable|Unavailable|High(79),16.751874,121.596099,CEBU|Unavailable|Unavailable|High(79),10.311111,123.891667,CEBU|Unavailable|Unavailable|High(79),16.781784,121.587343,CEBU|Unavailable|Unavailable|High(79)",,"Hypsipetes philippinus, Pycnonotus goiavier","80.11.18.56, 88.4.1.341, 96.6.6.337",3,,,,5
Ceylon,Sri Lanka,,,6.95505,80.763672,yes,High(81),,"7.75,80.75,CEYLON|Unavailable|Unavailable|High(81),7,81,CEYLON|Unavailable|Unavailable|High(81),7.5,80.5,CEYLON|Unavailable|Unavailable|High(81)",,"Pycnonotus penicillatus, Rubigula melanictera","54.1.13.34, 88.4.1.729, 1977.17.24",3,,,,5
"Ceylon, Sri Lanka",NA,,,6.95505,80.763672,no,,,,,Rubigula melanictera,UMZC 27/Pyc/11/z/5,1,,,,5
Chakrata,India,,,30.703689,77.863861,no,High(83),unavailable,"30.703689,77.863861,CHAKRATA|Unavailable|Unavailable|High(83),30.703671,77.862491,CHAKRATA|Unavailable|Unavailable|High(83)",,Pycnonotus leucogenys,1965 M.9577,1,,,,2
Changbin Junior High School,NA,,,23.315175,121.458889,yes,,,,,Pycnonotus taivanus,TESRI-2592,1,,,,2
Chantaboon = Chantibun,NA,,,12.615916,102.100807,yes,,,,,Pycnonotus goiavier,72663,1,,,,3
Sa Pa,Vietnam,,,22.35,103.866667,no,High(80),unavailable,"22.35,103.866667,SA PA|Unavailable|Unavailable|High(80),22.339578,103.845615,SA PA|Unavailable|Unavailable|High(80),22.35,103.8333,SA PA|Unavailable|Unavailable|High(80)",,Ixos mcclellandii,68997,1,,,,2
"Chenggong Township, Taitung",Taiwan,,,23.102937,121.379087,yes,Low(39),Unavailable,"23.673604,120.50497,CHENGGONG|Unavailable|Unavailable|Low(39),23.8272,120.5455,CHENGGONG|Unavailable|Unavailable|Low(39),24.438581,118.389664,CHENGGONG|Unavailable|Unavailable|Low(39),23.116667,121.35,CHENGGONG|Unavailable|Unavailable|Low(39),24.67306,121.770589,CHENGGONG|Unavailable|Unavailable|Low(39),22.249167,120.659167,CHENGGONG|Unavailable|Unavailable|Low(39),23.667778,120.207222,CHENGGONG|Unavailable|Unavailable|Low(39),23.102937,121.379087,CHENGGONG|Unavailable|Unavailable|Low(39),24.881738,121.543284,CHENGGONG|Unavailable|Unavailable|Low(39),22.613358,120.299381,CHENGGONG|Unavailable|Unavailable|Low(39),23.8272,120.5455,CHENGGONG|Unavailable|Unavailable|Low(39),23.667778,120.207222,CHENGGONG|Unavailable|Unavailable|Low(39),22.613358,120.299381,CHENGGONG|Unavailable|Unavailable|Low(39),23.673604,120.50497,CHENGGONG|Unavailable|Unavailable|Low(39),24.114,120.586986,CHENGGONG|Unavailable|Unavailable|Low(39),24.881738,121.543284,CHENGGONG|Unavailable|Unavailable|Low(39),22.249167,120.659167,CHENGGONG|Unavailable|Unavailable|Low(39),24.095788,120.595547,CHENGGONG|Unavailable|Unavailable|Low(39),24.115067,120.589081,CHENGGONG|Unavailable|Unavailable|Low(39),24.435,118.390833,CHENGGONG|Unavailable|Unavailable|Low(39),22.939167,120.216389,CHENGGONG|Unavailable|Unavailable|Low(39),22.88361,121.04833,TAITUNG|Unavailable|Unavailable|Low(37),22.88361,121.04833,TAITUNG|Unavailable|Unavailable|Low(37),22.75,121.15,TAITUNG|Unavailable|Unavailable|Low(37),22.759912,121.144569,TAITUNG|Unavailable|Unavailable|Low(37)",,Pycnonotus taivanus,"TESRI-13325, TESRI-12500",2,,,,2
Chennai,India,,,13.084622,80.248357,no,High(82),unavailable,"13.084622,80.248357,CHENNAI|Unavailable|Unavailable|High(82),13.083333,80.283333,CHENNAI|Unavailable|Unavailable|High(82)",,Pycnonotus cafer,86.9.1.2848,1,,,,3
Cherapunji,India,,,25.284933,91.718613,no,High(85),unavailable,"25.284933,91.718613,CHERAPUNJI|Unavailable|Unavailable|High(85),25.284933,91.718613,CHERAPUNJI|Unavailable|Unavailable|High(85)",,Iole cacharensis,86.9.1.1068,1,,,,2
"Cheras, Selangor",Malaysia,,,3.05,101.766667,yes,Low(38),Unavailable,"3.35,101.25,SELANGOR|Unavailable|Unavailable|Low(38),3.166667,101.5,SELANGOR|Unavailable|Unavailable|Low(38),3.05,101.766667,CHERAS|Unavailable|Unavailable|Low(36)",,Iole crypta,1936.4.12.1717,1,,,,3
Cherrapunji,India,,,25.284933,91.718613,no,High(86),unavailable,"25.284933,91.718613,CHERRAPUNJI|Unavailable|Unavailable|High(86),25.284933,91.718613,CHERRAPUNJI|Unavailable|Unavailable|High(86)",,"Ixos mcclellandii, Pycnonotus cafer, Pycnonotus jocosus, Spizixos canifrons","185593, 185594, 185595, 185596, 185597, 185598, 184950, 184951, 184952, 184953, 184956, 184957, 184958, 184959, 185262, 185263, 184788, 184789, 184790, 184791, 184792, 184793, 184794, 184795, 184796, 184797",26,,,,2
Chhingchhip,NA,,,23.470678,92.85587,yes,,,,,Pycnonotus cafer,"185078, 185079, 185080",3,,,,2
"Chididi Mission, Nsanje",Malawi,,,-16.916667,35.166667,no,Low(45),unavailable,"-16.916667,35.166667,CHIDIDI MISSION|Unavailable|Unavailable|Low(45),-16.9,35.2,CHIDIDI|Unavailable|Unavailable|Low(37),-15.9,35.116667,NSANJE|Unavailable|Unavailable|Low(36),-15.863704,35.147622,NSANJE|Unavailable|Unavailable|Low(36),-16.35,35.283333,NSANJE|Unavailable|Unavailable|Low(36),-15.610331,35.533625,NSANJE|Unavailable|Unavailable|Low(36),-16.75,35.166667,NSANJE|Unavailable|Unavailable|Low(36),-16.916667,35.266667,NSANJE|Unavailable|Unavailable|Low(36),-16.916667,35.266667,NSANJE|Unavailable|Unavailable|Low(36),-16.75,35.166667,NSANJE|Unavailable|Unavailable|Low(36),-16.920619,35.252432,NSANJE|Unavailable|Unavailable|Low(36)",,Pycnonotus barbatus,RCL 655,1,,,,2
"Chididi Stream, Nsanje",Malawi,,,-16.931076,35.231805,yes,Low(37),,"-16.9,35.2,CHIDIDI|Unavailable|Unavailable|Low(37),-15.863704,35.147622,NSANJE|Unavailable|Unavailable|Low(36),-15.9,35.116667,NSANJE|Unavailable|Unavailable|Low(36),-15.610331,35.533625,NSANJE|Unavailable|Unavailable|Low(36),-16.35,35.283333,NSANJE|Unavailable|Unavailable|Low(36),-16.75,35.166667,NSANJE|Unavailable|Unavailable|Low(36),-16.75,35.166667,NSANJE|Unavailable|Unavailable|Low(36),-16.916667,35.266667,NSANJE|Unavailable|Unavailable|Low(36),-16.920619,35.252432,NSANJE|Unavailable|Unavailable|Low(36),-16.916667,35.266667,NSANJE|Unavailable|Unavailable|Low(36)",,Phyllastrephus terrestris,RCL 621,1,,,,2
"Jianchuan, NW. Yunnan",China,,,26.537999,99.91715,no,Low(39),unavailable,"26.537999,99.91715,JIANCHUAN|Unavailable|Unavailable|Low(39),26.418636,99.740365,JIANCHUAN|Unavailable|Unavailable|Low(39),34.691944,105.890833,JIANCHUAN|Unavailable|Unavailable|Low(39),28.725746,120.04178,JIANCHUAN|Unavailable|Unavailable|Low(39),25,101.5,YUNNAN|Unavailable|Unavailable|Low(36),29.12312,110.146923,YUNNAN|Unavailable|Unavailable|Low(36),22.797109,112.871435,YUNNAN|Unavailable|Unavailable|Low(36),36.065127,120.311493,YUNNAN|Unavailable|Unavailable|Low(36),32.04909,121.266613,YUNNAN|Unavailable|Unavailable|Low(36),33.707275,118.657898,YUNNAN|Unavailable|Unavailable|Low(36),25.038889,102.718333,YUNNAN|Unavailable|Unavailable|Low(36),31.654042,121.469969,YUNNAN|Unavailable|Unavailable|Low(36),29.6071,103.517,ANCHUAN|Unavailable|Unavailable|Low(24)",,Pycnonotus cafer,1933.11.13.184,1,,,,4
"Chilonga, Ratibi No. 2 Reserve",NA,,,-12.025568,31.338981,yes,,,,,Chlorocichla flaviventris,UMZC 27/Pyc/4/c/1,1,,,,2
China,NA,,,25.107971,99.136985,yes,,,,,Pycnonotus cafer,R 46.6.13.11,1,,,,4
Chindwin,Myanmar,,,22.600416,95.091685,no,High(83),unavailable,"22.600416,95.091685,CHINDWIN|Unavailable|Unavailable|High(83)",,Rubigula flaviventris,1969.41.433,1,,,,2
"Jinfeng, Fujian",China,,,25.978397,119.631284,yes,Low(36),Unavailable,"23.3478,109.674,FUJIAN|Unavailable|Unavailable|Low(36),26.25,118,FUJIAN|Unavailable|Unavailable|Low(36),28.926509,106.129716,FUJIAN|Unavailable|Unavailable|Low(36),28.926509,106.129716,FUJIAN|Unavailable|Unavailable|Low(36),26.57507,109.63808,CHING|Unavailable|Unavailable|Low(35),30.68916,118.404306,CHING|Unavailable|Unavailable|Low(35),37.688678,116.259581,CHING|Unavailable|Unavailable|Low(35),33.976898,106.651925,FENG|Unavailable|Unavailable|Low(34),34.703882,116.587167,FENG|Unavailable|Unavailable|Low(34),39.333333,117.05,FENG|Unavailable|Unavailable|Low(34),33.917054,106.524664,FENG|Unavailable|Unavailable|Low(34)",,Spizixos semitorques,1905.12.24.578,1,,,,2
"Chiong Lok, Kwantung",China,,,23.921764,115.745091,yes,Low(38),,"23.5,113.25,KWANTUNG|Unavailable|Unavailable|Low(38),37.881944,77.560556,LOK|Unavailable|Unavailable|Low(33)",,Pycnonotus jocosus,1905.12.24.549,1,,,,4
Chirinda Forest,Zimbabwe,,,-20.409729,32.699701,yes,Low(38),,"-17.929406,31.993767,CHIRINDA|Unavailable|Unavailable|Low(38),-19.233333,32.233333,CHIRINDA|Unavailable|Unavailable|Low(38),-19.098607,31.680261,CHIRINDA|Unavailable|Unavailable|Low(38),-20.08566,31.473487,CHIRINDA|Unavailable|Unavailable|Low(38)",,"Phyllastrephus flavostriatus, Phyllastrephus terrestris, Arizelocichla milanjensis","JAD 3894, JAD 3955, JAD 3963, JAD 3968, JAD 3958, JAD 3896, JAD 4093, JAD 4083, JAD 4086, JAD 4090, JAD 4094, JAD 4092, JAD 4095, JAD 4145, JAD 4161, JAD 4151, JAD 4122, JAD 4111, JAD 3953, JAD 3974, JAD 3970, JAD 3959, JAD 3969, JAD 4019, JAD 4085, JAD 4098, JAD 4100, JAD 4074, JAD 4139",29,,,,3
"Chirinda forst, S Rhodesia",Zimbabwe,,,-20.409729,32.699701,no,Low(38),unavailable,"-20.08566,31.473487,CHIRINDA|Unavailable|Unavailable|Low(38),-17.929406,31.993767,CHIRINDA|Unavailable|Unavailable|Low(38),-19.233333,32.233333,CHIRINDA|Unavailable|Unavailable|Low(38),-19,29,RHODESIA|Unavailable|Unavailable|Low(38),-19,29.75,RHODESIA|Unavailable|Unavailable|Low(38),-19.098607,31.680261,CHIRINDA|Unavailable|Unavailable|Low(38)",,Arizelocichla milanjensis,"1911.5.30.551, 1910.7.1.395",2,,,,3
Chiromo,Malawi,,,-16.551849,35.144678,yes,High(82),,"-16.546748,35.155664,CHIROMO|Unavailable|Unavailable|High(82)",,Andropadus importunus,1920.12.24.43,1,,,,2
Chitlang,Nepal,,,27.649245,85.168922,yes,Low(24),Unavailable,"27.621647,85.165819,CHITLAN|Unavailable|Unavailable|Low(24),27.649245,85.168922,CHITLAN|Unavailable|Unavailable|Low(24)",,Pycnonotus leucogenys,86.9.1.2578,1,,,,2
Chitlang,NA,,,27.649245,85.168922,no,,,,,Pycnonotus cafer,"184927, 184928",2,,,,2
"Chinzombo, Chipata district",NA,,,-13.113957,31.759911,yes,,,,,Chlorocichla flaviventris,UMZC 27/Pyc/4/c/2,1,,,,2
"Chong Trang, Siam",Thailand,,,7.549674,99.785561,yes,Low(35),Unavailable,"7.558167,99.610528,TRANG|Unavailable|Unavailable|Low(35),7.507215,99.598106,TRANG|Unavailable|Unavailable|Low(35),7.507,99.598,TRANG|Unavailable|Unavailable|Low(35),15.5,101,SIAM|Unavailable|Unavailable|Low(34),15,100,SIAM|Unavailable|Unavailable|Low(34)",,"Iole crypta, Ixos malaccensis, Pycnonotus jocosus, Rubigula squamata","1936.4.12.1725, 1910.12.27.252, 1936.4.12.1918, 1910.12.27.253",4,,,,3
"Chong, Trang, N Malay Peninsula",Thailand,,,7.549674,99.785561,no,Medium(65),unavailable,"4.641752,103.675198,(g3)Malay Peninsula|Unavailable|674849|Medium(65),3.950634,102.33709,(g3)Malay Peninsula|Unavailable|502461|Medium(65)",,"Alophoixus tephrogenys, Hemixos cinereus","1910.12.27.245, 1910.12.27.250",2,,,,3
"Chuanxi, C. Sichuan",China,,,31.10336,103.951054,yes,Low(37),Unavailable,"28.1817,110.253,CHUANXI|Unavailable|Unavailable|Low(37),30.5,102.666667,SICHUAN|Unavailable|Unavailable|Low(37),35.122098,105.480318,SICHUAN|Unavailable|Unavailable|Low(37),22.325934,113.358543,CHUANXI|Unavailable|Unavailable|Low(37),28.335492,110.797745,CHUANXI|Unavailable|Unavailable|Low(37),35.4348,104.666,SICHUAN|Unavailable|Unavailable|Low(37),22.8034,110.482,SICHUAN|Unavailable|Unavailable|Low(37),27.390891,109.892086,CHUANXI|Unavailable|Unavailable|Low(37)",,"Pycnonotus sinensis, Spizixos semitorques","1946.49.1233, 1946.49.1231, 1946.49.1230",3,,,,4
Zhoushan,China,,,30.057778,122.138056,no,High(81),unavailable,"30.057778,122.138056,CHUSAN|Unavailable|Unavailable|High(81)",,Hypsipetes amaurotis,86.6.24.253,1,,,,3
Chyulu,NA,,,-2.606321,37.85129,yes,,,,,Arizelocichla striifacies,"26007, 26008",2,,,,3
"Cingungulu Hill, Nsanje",Malawi,,,-16.895729,35.228329,yes,Low(36),,"-15.863704,35.147622,NSANJE|Unavailable|Unavailable|Low(36),-15.9,35.116667,NSANJE|Unavailable|Unavailable|Low(36),-15.610331,35.533625,NSANJE|Unavailable|Unavailable|Low(36),-16.35,35.283333,NSANJE|Unavailable|Unavailable|Low(36),-16.920619,35.252432,NSANJE|Unavailable|Unavailable|Low(36),-16.916667,35.266667,NSANJE|Unavailable|Unavailable|Low(36),-16.75,35.166667,NSANJE|Unavailable|Unavailable|Low(36),-16.916667,35.266667,NSANJE|Unavailable|Unavailable|Low(36),-16.75,35.166667,NSANJE|Unavailable|Unavailable|Low(36)",,Pycnonotus barbatus,RCL 1979,1,,,,2
"College of Forestry, UPLB, College, Laguna",NA,,,14.165116,121.240077,yes,,,,,Hypsipetes philippinus,"MNH 4082, MNH 4039",2,,,,2
"College of Forestry, UPLB, Laguna, Luzon Island",NA,,,14.165116,121.240077,no,,,,,Pycnonotus goiavier,MNH 3842,1,,,,2
Colombo,Sri Lanka,,,6.9425,79.8629,no,High(82),unavailable,"6.9425,79.8629,COLOMBO|Unavailable|Unavailable|High(82),6.931944,79.847778,COLOMBO|Unavailable|Unavailable|High(82),6.9167,79.8667,COLOMBO|Unavailable|Unavailable|High(82),6.8664,80.0166,COLOMBO|Unavailable|Unavailable|High(82)",,Rubigula melanictera,98.10.2.174,1,,,,3
Colombo,Sri Lanka,,,6.9425,79.8629,no,High(82),unavailable,"6.9425,79.8629,COLOMBO|Unavailable|Unavailable|High(82),6.931944,79.847778,COLOMBO|Unavailable|Unavailable|High(82),6.9167,79.8667,COLOMBO|Unavailable|Unavailable|High(82),6.8664,80.0166,COLOMBO|Unavailable|Unavailable|High(82)",,"Rubigula melanictera, Hypsipetes ganeesa, Pycnonotus cafer","P6V26244, P6V26143, P6V26241",3,,,,3
"Como river, 60 miles west of Gaboon",Gabon,,,0.477442,10.592943,yes,High(81),,"-0.999884,10.876613,Distance West of GABOON|Unavailable|Unavailable|High(81)",,Ixonotus guttatus,1901.4.24.14,1,,,,4
"Concepcion, Panay",Philippines,,,11.201843,123.091985,yes,Low(40),Unavailable,"11.985204,124.760322,CONCEPTION|Unavailable|Unavailable|Low(40),15.325459,120.657231,CONCEPTION|Unavailable|Unavailable|Low(40),11.556303,122.791012,PANAY|Unavailable|Unavailable|Low(35),13.716667,120.883333,PANAY|Unavailable|Unavailable|Low(35),17.664721,120.404809,PANAY|Unavailable|Unavailable|Low(35),7.336944,124.234444,PANAY|Unavailable|Unavailable|Low(35),11.149923,122.482206,PANAY|Unavailable|Unavailable|Low(35),11.530556,122.817222,PANAY|Unavailable|Unavailable|Low(35),11.584722,122.715833,PANAY|Unavailable|Unavailable|Low(35),11.418305,122.374007,PANAY|Unavailable|Unavailable|Low(35),17.681066,120.40122,PANAY|Unavailable|Unavailable|Low(35),18.305008,121.449088,PANAY|Unavailable|Unavailable|Low(35),6.497044,124.638081,PANAY|Unavailable|Unavailable|Low(35),17.667703,120.389559,PANAY|Unavailable|Unavailable|Low(35),13.95779,124.341782,PANAY|Unavailable|Unavailable|Low(35),18.281345,121.457959,PANAY|Unavailable|Unavailable|Low(35),11.25,122.5,PANAY|Unavailable|Unavailable|Low(35),14.417578,121.028029,PANAY|Unavailable|Unavailable|Low(35),14.444296,120.978686,PANAY|Unavailable|Unavailable|Low(35)",,Hypsipetes guimarasensis,"96.6.6.310, 96.6.6.311",2,,,,3
"Coonoor, TN",India,,,11.347027,76.795321,no,Low(37),unavailable,"11.347027,76.795321,COONOOR|Unavailable|Unavailable|Low(37),11.308562,76.90456,COONOOR|Unavailable|Unavailable|Low(37),11.35,76.816667,COONOOR|Unavailable|Unavailable|Low(37)",,Pycnonotus cafer,86.9.1.1742,1,,,,2
Cotabato,Philippines,,,7.216667,124.25,no,High(83),unavailable,"7.216667,124.25,COTABATO|Unavailable|Unavailable|High(83),14.691466,121.033096,COTABATO|Unavailable|Unavailable|High(83),7.2,124.233333,COTABATO|Unavailable|Unavailable|High(83),7.212123,124.881512,COTABATO|Unavailable|Unavailable|High(83),14.659948,121.021198,COTABATO|Unavailable|Unavailable|High(83),7.2333,124.25,COTABATO|Unavailable|Unavailable|High(83),7.216667,124.25,COTABATO|Unavailable|Unavailable|High(83),7.223611,124.246389,COTABATO|Unavailable|Unavailable|High(83),7.212,124.881,COTABATO|Unavailable|Unavailable|High(83)",,Pycnonotus goiavier,71301,1,,,,3
"Cotabato, Mindanao",Philippines,,,7.216667,124.25,no,Medium(68),unavailable,"7.215948,124.222837,(g3)Cotabato  Mindanao|Unavailable|9748|Medium(68)",,Pycnonotus goiavier,PNM 4590,1,,,,3
"Crocker Range Park, Ulu Kimanis Station, 53.5 km S Kota Kinabalu",Malaysia,,,5.561495,115.962838,yes,High(88),,"5.491409,116.0724,Distance South of KOTA KINABALU|Unavailable|Unavailable|High(88),5.549843,116.166667,Distance South of KOTA KINABALU|Unavailable|Unavailable|High(88),5.099802,100.3833,Distance South of KOTA|Unavailable|Unavailable|High(79),4.947286,100.435245,Distance South of KOTA|Unavailable|Unavailable|High(79),5.602001,102.251272,Distance South of KOTA|Unavailable|Unavailable|High(79),5.099835,100.383333,Distance South of KOTA|Unavailable|Unavailable|High(79),2.035466,102.156,Distance South of KOTA|Unavailable|Unavailable|High(79),2.066466,102.1667,Distance South of KOTA|Unavailable|Unavailable|High(79)",,"Alophoixus tephrogenys, Iole charlottae, Ixos malaccensis, Pycnonotus brunneus, Pycnonotus pseudosimplex, Rubigula erythropthalmos, Pycnonotus plumosus","181668, 181669, 181685, 181686, 181672, 181673, 181674, 181675, 181676, 181671, 181683, 181684, 181679",13,,,,3
"Cuernos de Negros, Negros Oriental",Philippines,,,9.243571,123.17772,yes,High(75),Unavailable,"9.660766,123.131282,(g3)NEGROS ORIENTAL|Unavailable|84736|High(75),9.066667,123.15,(g1)NEGROS ORIENTAL|Unavailable|Unavailable|Medium(65)",,Hypsipetes guimarasensis,4362,1,,,,3
"Cuernos de Negros, Negros Oriental, Negros Island",Philippines,,,9.243571,123.17772,no,High(75),unavailable,"9.660766,123.131282,(g3)NEGROS ORIENTAL|Unavailable|84736|High(75),9.066667,123.15,(g1)NEGROS ORIENTAL|Unavailable|Unavailable|Medium(65)",,Hypsipetes guimarasensis,MNH 4362,1,,,,3
"Daan Creek, So. Malinao, Brgy. Calumpang, Quezon, Palawan",Philippines,,,9.123617,117.822537,yes,Low(39),Unavailable,"11.908268,123.169009,CALUMPANG|Unavailable|Unavailable|Low(39),12.130556,123.594722,CALUMPANG|Unavailable|Unavailable|Low(39),6.082778,125.151667,CALUMPANG|Unavailable|Unavailable|Low(39),15.333333,121.083333,CALUMPANG|Unavailable|Unavailable|Low(39),10.7,122.566667,CALUMPANG|Unavailable|Unavailable|Low(39),15.469167,121.338889,CALUMPANG|Unavailable|Unavailable|Low(39),7.933333,123.983333,MALINAO|Unavailable|Unavailable|Low(37),9.237072,118.393698,MALINAO|Unavailable|Unavailable|Low(37),10.7782,122.0648,MALINAO|Unavailable|Unavailable|Low(37),11.6,122.233333,MALINAO|Unavailable|Unavailable|Low(37),8.825,125.193056,MALINAO|Unavailable|Unavailable|Low(37),13.3807,122.1087,MALINAO|Unavailable|Unavailable|Low(37),13.4,123.65,MALINAO|Unavailable|Unavailable|Low(37),9.5,118.5,PALAWAN|Unavailable|Unavailable|Low(37),9.7075,118.701944,MALINAO|Unavailable|Unavailable|Low(37),11.8921,121.5455,PALAWAN|Unavailable|Unavailable|Low(37),13.016667,123.633333,MALINAO|Unavailable|Unavailable|Low(37),9.232972,118.350898,MALINAO|Unavailable|Unavailable|Low(37),7.285,124.316667,MALINAO|Unavailable|Unavailable|Low(37),16.483333,121.283333,QUEZON|Unavailable|Unavailable|Low(36),12.363889,124.566389,QUEZON|Unavailable|Unavailable|Low(36),9.066667,117.783333,QUEZON|Unavailable|Unavailable|Low(36),11.934722,124.835,QUEZON|Unavailable|Unavailable|Low(36),13.833333,124.25,QUEZON|Unavailable|Unavailable|Low(36),7.730278,125.098889,QUEZON|Unavailable|Unavailable|Low(36),8.770278,124.825556,QUEZON|Unavailable|Unavailable|Low(36),10.5684,122.0205,QUEZON|Unavailable|Unavailable|Low(36),12.275959,119.896313,QUEZON|Unavailable|Unavailable|Low(36),14.066667,122.133333,QUEZON|Unavailable|Unavailable|Low(36),9.241111,118.031389,QUEZON|Unavailable|Unavailable|Low(36),17.316667,121.633333,QUEZON|Unavailable|Unavailable|Low(36),16.5,121.266667,QUEZON|Unavailable|Unavailable|Low(36),12.6,123.95,QUEZON|Unavailable|Unavailable|Low(36)",,Iole palawanensis,PNM 19624,1,,,,2
"Dalton pass, Nueva Vizcaya",NA,,,16.297562,121.040673,yes,,,,,Pycnonotus goiavier,PNM 16222,1,,,,2
"Dalton, Cagayan Valley",Philippines,,,16.297562,121.040673,no,Low(44),unavailable,"17.5,121.75,CAGAYAN VALLEY|Unavailable|Unavailable|Low(44),14.445502,120.978308,CAGAYAN VALLEY|Unavailable|Unavailable|Low(44),17.20637,121.991592,CAGAYAN VALLEY|Unavailable|Unavailable|Low(44),7.583333,123.2,CAGAYAN|Unavailable|Unavailable|Low(37),18.364167,121.621667,CAGAYAN|Unavailable|Unavailable|Low(37),8.503889,124.653611,CAGAYAN|Unavailable|Unavailable|Low(37),9.7064,123.4002,CAGAYAN|Unavailable|Unavailable|Low(37),6.9747,118.5144,CAGAYAN|Unavailable|Unavailable|Low(37),7.016667,118.466667,CAGAYAN|Unavailable|Unavailable|Low(37),8.483333,124.65,CAGAYAN|Unavailable|Unavailable|Low(37),7.9177,123.6745,CAGAYAN|Unavailable|Unavailable|Low(37),10.0293,124.07949,CAGAYAN|Unavailable|Unavailable|Low(37),10.032221,124.081338,CAGAYAN|Unavailable|Unavailable|Low(37),8.483333,124.65,CAGAYAN|Unavailable|Unavailable|Low(37),18,121.8333,CAGAYAN|Unavailable|Unavailable|Low(37),18,121.833333,CAGAYAN|Unavailable|Unavailable|Low(37),14.660457,121.02012,CAGAYAN|Unavailable|Unavailable|Low(37),18.3667,121.6167,CAGAYAN|Unavailable|Unavailable|Low(37),11.159944,125.545479,VALLEY|Unavailable|Unavailable|Low(36),14.687229,121.107783,DALTON|Unavailable|Unavailable|Low(36)",,Pycnonotus goiavier,PNM 16234,1,,,,2
"Dalupiri Island, Cagayan Province, Municipality of Calayan, Manolong Creek",Philippines,,,19.0893,121.2268,yes,Low(46),Unavailable,"18,121.833333,CAGAYAN PROVINCE|Unavailable|Unavailable|Low(46),12.4127,124.2639,DALUPIRI ISLAND|Unavailable|Unavailable|Low(45),19.0893,121.2268,DALUPIRI ISLAND|Unavailable|Unavailable|Low(45),12.4273,124.2468,DALUPIRI|Unavailable|Unavailable|Low(38),19.086651,121.223911,DALUPIRI|Unavailable|Unavailable|Low(38),19.0893,121.2268,DALUPIRI|Unavailable|Unavailable|Low(38),19.334584,121.456483,CALAYAN|Unavailable|Unavailable|Low(37),7.583333,123.2,CAGAYAN|Unavailable|Unavailable|Low(37),6.9747,118.5144,CAGAYAN|Unavailable|Unavailable|Low(37),7.016667,118.466667,CAGAYAN|Unavailable|Unavailable|Low(37),19.25,121.75,CALAYAN|Unavailable|Unavailable|Low(37),9.7064,123.4002,CAGAYAN|Unavailable|Unavailable|Low(37),18.364167,121.621667,CAGAYAN|Unavailable|Unavailable|Low(37),7.9177,123.6745,CAGAYAN|Unavailable|Unavailable|Low(37),19.2607,121.477329,CALAYAN|Unavailable|Unavailable|Low(37),18.280285,122.00646,CALAYAN|Unavailable|Unavailable|Low(37),6.588367,121.837398,CALAYAN|Unavailable|Unavailable|Low(37),10.032221,124.081338,CAGAYAN|Unavailable|Unavailable|Low(37),8.483333,124.65,CAGAYAN|Unavailable|Unavailable|Low(37),18,121.8333,CAGAYAN|Unavailable|Unavailable|Low(37),10.0293,124.07949,CAGAYAN|Unavailable|Unavailable|Low(37),8.503889,124.653611,CAGAYAN|Unavailable|Unavailable|Low(37),8.483333,124.65,CAGAYAN|Unavailable|Unavailable|Low(37),18.3667,121.6167,CAGAYAN|Unavailable|Unavailable|Low(37),18.261368,122.006243,CALAYAN|Unavailable|Unavailable|Low(37),14.660457,121.02012,CAGAYAN|Unavailable|Unavailable|Low(37),18,121.833333,CAGAYAN|Unavailable|Unavailable|Low(37)",,Hypsipetes amaurotis,KU 98734,1,,,,3
"Dalupiri Island, Cagayan Province, Municipality of Calayan, Nipa Creek",Philippines,,,19.0893,121.2268,yes,Low(46),Unavailable,"18,121.833333,CAGAYAN PROVINCE|Unavailable|Unavailable|Low(46),19.0893,121.2268,DALUPIRI ISLAND|Unavailable|Unavailable|Low(45),12.4127,124.2639,DALUPIRI ISLAND|Unavailable|Unavailable|Low(45),11.7587,121.8922,NIPA CREEK|Unavailable|Unavailable|Low(40),19.0893,121.2268,DALUPIRI|Unavailable|Unavailable|Low(38),12.4273,124.2468,DALUPIRI|Unavailable|Unavailable|Low(38),6.9747,118.5144,CAGAYAN|Unavailable|Unavailable|Low(37),9.7064,123.4002,CAGAYAN|Unavailable|Unavailable|Low(37),18.364167,121.621667,CAGAYAN|Unavailable|Unavailable|Low(37),7.9177,123.6745,CAGAYAN|Unavailable|Unavailable|Low(37),19.25,121.75,CALAYAN|Unavailable|Unavailable|Low(37),19.2607,121.477329,CALAYAN|Unavailable|Unavailable|Low(37),19.334584,121.456483,CALAYAN|Unavailable|Unavailable|Low(37),8.503889,124.653611,CAGAYAN|Unavailable|Unavailable|Low(37),7.583333,123.2,CAGAYAN|Unavailable|Unavailable|Low(37),7.016667,118.466667,CAGAYAN|Unavailable|Unavailable|Low(37),11.2464,123.0945,NIPA|Unavailable|Unavailable|Low(34),12.3296,122.0845,NIPA|Unavailable|Unavailable|Low(34),10.5913,121.9805,NIPA|Unavailable|Unavailable|Low(34),10.595561,122.530403,NIPA|Unavailable|Unavailable|Low(34),12.6698,123.6336,NIPA|Unavailable|Unavailable|Low(34),11.1446,123.1191,NIPA|Unavailable|Unavailable|Low(34),12.5296,123.6509,NIPA|Unavailable|Unavailable|Low(34),12.5451,123.6378,NIPA|Unavailable|Unavailable|Low(34),12.5533,123.6335,NIPA|Unavailable|Unavailable|Low(34),12.5547,125.1672,NIPA|Unavailable|Unavailable|Low(34),16.082016,120.102236,NIPA|Unavailable|Unavailable|Low(34),13.45,123.683333,NIPA|Unavailable|Unavailable|Low(34),6.710833,122.116667,NIPA|Unavailable|Unavailable|Low(34),11.1741,123.1246,NIPA|Unavailable|Unavailable|Low(34),11.4137,124.4538,NIPA|Unavailable|Unavailable|Low(34),11.6775,124.736667,NIPA|Unavailable|Unavailable|Low(34),12.124,123.9433,NIPA|Unavailable|Unavailable|Low(34)",,Hypsipetes amaurotis,"KU 98732, KU 98731, KU 98733",3,,,,3
Damaraland,NA,,,-20.388772,14.105888,yes,High(85),Unavailable,"-20.5,14.5,DAMARALAND|Unavailable|Unavailable|High(85),-21,17.5,DAMARALAND|Unavailable|Unavailable|High(85),-21,17.5,DAMARALAND|Unavailable|Unavailable|High(85),-20.5,14.5,DAMARALAND|Unavailable|Unavailable|High(85)",,Pycnonotus nigricans,UMZC 27/Pyc/11/ee/1,1,,,,3
"Darbhanga, Bihar",India,,,26.152155,85.897069,yes,Low(39),Unavailable,"24.692622,84.481803,DARBHANGA|Unavailable|Unavailable|Low(39),26,86,DARBHANGA|Unavailable|Unavailable|Low(39),26.152155,85.897069,DARBHANGA|Unavailable|Unavailable|Low(39),26.152155,85.897069,DARBHANGA|Unavailable|Unavailable|Low(39),24.803727,81.301049,BIHAR|Unavailable|Unavailable|Low(35),27.292009,79.325427,BIHAR|Unavailable|Unavailable|Low(35),25.572398,79.516692,BIHAR|Unavailable|Unavailable|Low(35),24.984012,80.335146,BIHAR|Unavailable|Unavailable|Low(35),24.434861,79.16788,BIHAR|Unavailable|Unavailable|Low(35),25.307014,79.543705,BIHAR|Unavailable|Unavailable|Low(35),25.013841,80.284286,BIHAR|Unavailable|Unavailable|Low(35),24.866763,82.052552,BIHAR|Unavailable|Unavailable|Low(35),25.75,85.75,BIHAR|Unavailable|Unavailable|Low(35),21.670447,76.384323,BIHAR|Unavailable|Unavailable|Low(35),30.524425,77.93166,BIHAR|Unavailable|Unavailable|Low(35),24.919914,78.807338,BIHAR|Unavailable|Unavailable|Low(35),25.200841,85.523892,BIHAR|Unavailable|Unavailable|Low(35),26.653366,84.125728,BIHAR|Unavailable|Unavailable|Low(35),23.030364,74.363231,BIHAR|Unavailable|Unavailable|Low(35),27.079824,80.038526,BIHAR|Unavailable|Unavailable|Low(35),26.474904,79.184896,BIHAR|Unavailable|Unavailable|Low(35),25.207656,85.506382,BIHAR|Unavailable|Unavailable|Low(35),27.026422,81.550955,BIHAR|Unavailable|Unavailable|Low(35),26.285985,80.829623,BIHAR|Unavailable|Unavailable|Low(35),25,86,BIHAR|Unavailable|Unavailable|Low(35),27.472617,81.47827,BIHAR|Unavailable|Unavailable|Low(35),27.4943,81.436874,BIHAR|Unavailable|Unavailable|Low(35),25.697122,81.619811,BIHAR|Unavailable|Unavailable|Low(35)",,Pycnonotus cafer,"1949.Whi.1.14219, 1949.Whi.1.14218",2,,,,3
Darjeeling,India,,,27.034784,88.266117,no,High(85),unavailable,"27.034784,88.266117,DARJEELING|Unavailable|Unavailable|High(85),27.0333,88.3333,DARJEELING|Unavailable|Unavailable|High(85),26.75,88.25,DARJEELING|Unavailable|Unavailable|High(85),27.031651,88.260273,(g3)Darjeeling|Unavailable|1368|Medium(60)",,Pycnonotus leucogenys,"86.9.1.2590, 82.3.1.141",2,,,,3
Darjeeling,NA,,,27.034784,88.266117,no,,,,,"Alophoixus flaveolus, Ixos mcclellandii, Pycnonotus cafer, Rubigula flaviventris","UMZC 27/Pyc/5/e/2, 4, JHF 19615, JHF 19618, CG 1881, No 1086; 456",5,,,,3
"Darjeeling, India",NA,,,27.034784,88.266117,no,,,,,Alophoixus flaveolus,UMZC 27/Pyc/5/e/1,1,,,,3
Darjeeling,NA,,,27.034784,88.266117,no,,,,,Pycnonotus jocosus,5; 460,1,,,,3
"Darong, Davao, Mindanao",Philippines,,,6.940819,125.46212,yes,Low(38),Unavailable,"9.6441,123.3256,MINDANAO|Unavailable|Unavailable|Low(38),9.645452,123.349539,MINDANAO|Unavailable|Unavailable|Low(38),14.509425,120.98723,MINDANAO|Unavailable|Unavailable|Low(38),14.19258,121.167904,MINDANAO|Unavailable|Unavailable|Low(38),7.2575,124.203611,MINDANAO|Unavailable|Unavailable|Low(38),6.5,125,MINDANAO|Unavailable|Unavailable|Low(38),8,125,MINDANAO|Unavailable|Unavailable|Low(38),7.029,124.505,MINDANAO|Unavailable|Unavailable|Low(38),6.932778,125.469167,DARONG|Unavailable|Unavailable|Low(36),7.063611,125.619167,DAVAO|Unavailable|Unavailable|Low(35),7.133333,125.65,DAVAO|Unavailable|Unavailable|Low(35),14.446059,120.978212,DAVAO|Unavailable|Unavailable|Low(35),7.316667,125.433333,DAVAO|Unavailable|Unavailable|Low(35),7.622,125.666,DAVAO|Unavailable|Unavailable|Low(35),7.073,125.612,DAVAO|Unavailable|Unavailable|Low(35),7.0833,125.6333,DAVAO|Unavailable|Unavailable|Low(35),7.622328,125.674749,DAVAO|Unavailable|Unavailable|Low(35),7.316667,125.433333,DAVAO|Unavailable|Unavailable|Low(35),7.073056,125.612778,DAVAO|Unavailable|Unavailable|Low(35)",,"Hypsipetes philippinus, Pycnonotus goiavier, Microtarsus urostictus","JHF 20253, JHF 20254, JHF 20251, JHF 20252, JHF 30061, JHF 22593; JJM 615, JHF 22589; JJM 571A, JHF 20261, JHF 20263, JHF 20264, JHF 20265, JHF 30064",12,,,,2
"Daru, 8'N, 10'50'W",Sierra Leone,,,7.989758,-10.842233,yes,Low(34),Unavailable,"8.371626,-11.81198,DARU|Unavailable|Unavailable|Low(34),7.493888,-11.169344,DARU|Unavailable|Unavailable|Low(34),7.935057,-11.854235,DARU|Unavailable|Unavailable|Low(34),7.990278,-10.854444,DARU|Unavailable|Unavailable|Low(34),7.942266,-11.837809,DARU|Unavailable|Unavailable|Low(34),7.915274,-11.294366,DARU|Unavailable|Unavailable|Low(34),7.9833,-10.8333,DARU|Unavailable|Unavailable|Low(34),7.989758,-10.842233,DARU|Unavailable|Unavailable|Low(34),8.247697,-12.417965,DARU|Unavailable|Unavailable|Low(34),8.168384,-12.156406,DARU|Unavailable|Unavailable|Low(34)",,Chlorocichla simplex,1966.16.1803,1,,,,2
"Datal-Bukay, Glan, Mount Tuduk, Cotabato, Mindanao Island",Philippines,,,5.933463,125.476146,yes,High(75),,"8.678882,124.742721,(g3)Mindanao Island|Unavailable|67910|High(75),8.678882,124.742721,(g3)Mindanao Island|Unavailable|67910|High(75),7.093236,125.585989,(g3)Mindanao Island|Unavailable|64448|High(75),8.678882,124.742721,(g3)Mindanao Island|Unavailable|67910|High(75),7.77563,122.776277,(g3)Mindanao Island|Unavailable|131403|High(75),7.77563,122.776277,(g3)Mindanao Island|Unavailable|131403|High(75),7.77563,122.776277,(g3)Mindanao Island|Unavailable|131403|High(75),7.77563,122.776277,(g3)Mindanao Island|Unavailable|131403|High(75),7.215948,124.222837,(g3)Cotabato  Mindanao|Unavailable|9748|Medium(68),9.779869,125.496855,(g3)Mindanao Island|Unavailable|3791|Medium(65)",,Pycnonotus goiavier,"MNH 3858, MNH 3859, MNH 3860, MNH 3861, MNH 3862, MNH 3863, MNH 3864, MNH 3865, MNH 3866, MNH 3867, MNH 3886, MNH 3887, MNH 3888",13,,,,3
"Datal-Bukay, Mt. Tuduk, Glan, Cotabato, Mindanao Island",NA,,,5.933463,125.476146,no,,,,,Microtarsus urostictus,"MNH 3740, MNH 3741, MNH 3692, MNH 3693, MNH 3694, MNH 3695, MNH 3696, MNH 3697, MNH 3698, MNH 3699, MNH 3681, MNH 3742",12,,,,3
"Davao, Mindanao",NA,,,7.066971,125.604892,yes,,,,,"Pycnonotus goiavier, Microtarsus urostictus","JHF 20262, JHF 20266, JHF 22605; JJM 531, JHF 30064; ?? 554",4,,,,3
"Dawin, Negros Oriental, Negros Island",NA,,,9.206302,123.232532,yes,,,,,Pycnonotus goiavier,MNH 3813,1,,,,3
"Mantiquil, negros Oriental",NA,,,9.226297,123.068767,yes,,,,,Hypsipetes guimarasensis,"4340, 4341",2,,,,3
"Deelfontein, Cape colony",South Africa,,,-30.989965,23.799508,yes,Low(41),Unavailable,"-27.588751,27.76669,DEELFONTEIN|Unavailable|Unavailable|Low(41),-29.879643,24.920131,DEELFONTEIN|Unavailable|Unavailable|Low(41),-29.445885,23.888782,DEELFONTEIN|Unavailable|Unavailable|Low(41),-28.421887,26.551525,DEELFONTEIN|Unavailable|Unavailable|Low(41),-28.425708,26.847391,DEELFONTEIN|Unavailable|Unavailable|Low(41),-27.64333,27.485618,DEELFONTEIN|Unavailable|Unavailable|Low(41),-29.508921,23.364002,DEELFONTEIN|Unavailable|Unavailable|Low(41),-29.733333,22.733333,CAPE COLONY|Unavailable|Unavailable|Low(41),-30.083333,26.566667,DEELFONTEIN|Unavailable|Unavailable|Low(41),-29.083333,17.433333,DEELFONTEIN|Unavailable|Unavailable|Low(41),-28.188516,24.925451,DEELFONTEIN|Unavailable|Unavailable|Low(41),-27.138292,26.596315,DEELFONTEIN|Unavailable|Unavailable|Low(41),-26.944544,27.273565,DEELFONTEIN|Unavailable|Unavailable|Low(41),-29.603693,26.449893,DEELFONTEIN|Unavailable|Unavailable|Low(41),-30.952846,23.779346,DEELFONTEIN|Unavailable|Unavailable|Low(41),-30.989722,23.800185,DEELFONTEIN|Unavailable|Unavailable|Low(41),-30.278087,26.298844,DEELFONTEIN|Unavailable|Unavailable|Low(41),-23.260998,29.671192,DEELFONTEIN|Unavailable|Unavailable|Low(41),-30.382315,26.385794,DEELFONTEIN|Unavailable|Unavailable|Low(41),-30.181373,23.274303,DEELFONTEIN|Unavailable|Unavailable|Low(41),-27.714035,28.254182,DEELFONTEIN|Unavailable|Unavailable|Low(41),-28.771653,26.595524,DEELFONTEIN|Unavailable|Unavailable|Low(41),-30.989965,23.799508,DEELFONTEIN|Unavailable|Unavailable|Low(41),-28.7,25.533333,FONTEIN|Unavailable|Unavailable|Low(24),-34.683333,20.216667,FONTEIN|Unavailable|Unavailable|Low(24),-32.225382,20.925928,FONTEIN|Unavailable|Unavailable|Low(24),-32.558324,26.134284,FONTEIN|Unavailable|Unavailable|Low(24),-32.716667,21.366667,FONTEIN|Unavailable|Unavailable|Low(24),-30.638899,26.59254,FONTEIN|Unavailable|Unavailable|Low(24),-27.871969,27.226751,FONTEIN|Unavailable|Unavailable|Low(24),-31.344208,20.496595,FONTEIN|Unavailable|Unavailable|Low(24),-34.116667,21.966667,FONTEIN|Unavailable|Unavailable|Low(24),-25.533333,29.616667,FONTEIN|Unavailable|Unavailable|Low(24)",,Pycnonotus nigricans,"1903.3.9.353, 1903.3.9.354, 1903.3.9.355",3,,,,2
Dehradun,India,,,30.324427,78.033922,no,High(83),unavailable,"30.324427,78.033922,DEHRADUN|Unavailable|Unavailable|High(83)",,Pycnonotus leucogenys,86.9.1.2576,1,,,,3
"Dehradun, UK",India,,,30.324427,78.033922,no,Low(38),unavailable,"30.324427,78.033922,DEHRADUN|Unavailable|Unavailable|Low(38)",,Rubigula flaviventris,16282,1,,,,3
"Deli Toewa, NE Sumatra",NA,,,3.480174,98.694656,yes,,,,,Rubigula dispar,AH 133; WR 2799,1,,,,2
Dindings,Malaysia,,,4.371052,100.695541,yes,,,,,Iole crypta,1936.4.12.1721,1,,,,4
"Dikuluwe, Lualaba River",NA,,,-10.744531,25.362547,yes,,,,,Pycnonotus barbatus,"216015, 216016",2,,,,3
Dikume Balue,Cameroon,,,4.897867,9.254615,yes,,,,,Arizelocichla montana,1966.16.1754,1,,,,2
"Dimarao, Bacolod, Lanao del Norte, Mindanao Island",NA,,,8.116794,124.042024,yes,,,,,Pycnonotus goiavier,MNH 3885,1,,,,2
Dinagat,Philippines,,,9.974542,125.610986,yes,High(82),Unavailable,"9.956111,125.593333,DINAGAT|Unavailable|Unavailable|High(82),9.983333,125.6,DINAGAT|Unavailable|Unavailable|High(82),10.224722,125.594722,DINAGAT|Unavailable|Unavailable|High(82),9.983333,125.6,DINAGAT|Unavailable|Unavailable|High(82),9.9833,125.5833,DINAGAT|Unavailable|Unavailable|High(82)",,Microtarsus urostictus,1977.16.77,1,,,,2
"Dinagat Island, Dinagat Province, Municipality of Loreto, Barangay Santiago, Sitio Cambinliw, Sudlon",NA,,,10.124584,125.59577,yes,,,,,Hypsipetes everetti,"KU 110576, KU 110574, KU 110575",3,,,,4
"Dinding Islands, Malay Peninsula",NA,,,4.225958,100.562735,yes,,,,,Pycnonotus simplex,WD 10,1,,,,3
Bioko Sur: Camp Hormigas,NA,,,3.334028,8.481512,yes,,,,,Eurillas curvirostris,KU 132363,1,,,,1
"Diway, Dabiak, Zamboanga, Mindanao Island",NA,,,8.345949,123.290272,yes,,,,,Microtarsus urostictus,MNH 3726,1,,,,3
"Djiring, S. Annam",Vietnam,,,11.581531,108.076415,no,Low(37),unavailable,"11.581531,108.076415,DJIRING|Unavailable|Unavailable|Low(37),15,108,ANNAM|Unavailable|Unavailable|Low(35)",,Alophoixus ochraceus,1927.6.5.480,1,,,,2
"Domel, Kashmir",NA,,,32.876988,74.958459,yes,,,,,Pycnonotus leucogenys,JHF 34806; AEW 284,1,,,,2
"Democratic Republic of Congo, Equateur Province, 13.8km NE of Boende",NA,,,-0.176643,20.763932,yes,,,,,Bleda ugandae,"KU 120893, KU 120895, KU 120894, KU 120892",4,,,,1
"Democratic Republic of Congo, Equateur Province, 4.1km NE of Boende",NA,,,-0.253397,20.842253,yes,,,,,Bleda ugandae,KU 120888,1,,,,1
"Democratic Republic of Congo, Equateur Province, 4.2km N of Boende",NA,,,-0.249685,20.880963,yes,,,,,"Bleda ugandae, Eurillas gracilis","KU 120890, KU 120891, KU 120886, KU 120887, KU 120889, KU 120954",6,,,,1
Dondo,Angola,,,-9.678842,14.42161,yes,High(80),Unavailable,"-6.438767,16.707063,DONDO|Unavailable|Unavailable|High(80),-12.621667,13.929167,DONDO|Unavailable|Unavailable|High(80),-9.069676,17.165933,DONDO|Unavailable|Unavailable|High(80),-8.243321,14.894251,DONDO|Unavailable|Unavailable|High(80),-12.6325,15.730278,DONDO|Unavailable|Unavailable|High(80),-11.933333,15.65,DONDO|Unavailable|Unavailable|High(80),-7.566667,15.483333,DONDO|Unavailable|Unavailable|High(80),-8.966667,15.3,DONDO|Unavailable|Unavailable|High(80),-9.562856,14.852263,DONDO|Unavailable|Unavailable|High(80),-8.39009,14.382918,DONDO|Unavailable|Unavailable|High(80),-14.919574,14.453021,DONDO|Unavailable|Unavailable|High(80),-9.6833,14.4167,DONDO|Unavailable|Unavailable|High(80),-9.05,15.316667,DONDO|Unavailable|Unavailable|High(80),-10.645638,18.175339,DONDO|Unavailable|Unavailable|High(80),-10.419302,14.867944,DONDO|Unavailable|Unavailable|High(80),-14.893206,14.454565,DONDO|Unavailable|Unavailable|High(80),-9.678842,14.42161,DONDO|Unavailable|Unavailable|High(80)",,Phyllastrephus fulviventris,1910.5.6.605,1,,,,2
"Dondo, near Beira",Mozambique,,,-19.614916,34.740361,yes,Medium(50),,"-19.793333,34.918889,Near BEIRA|Unavailable|Unavailable|Medium(50),-19.841389,34.823611,Near BEIRA|Unavailable|Unavailable|Medium(50),-18.066667,33.216667,Near BEIRA|Unavailable|Unavailable|Medium(50),-19.708333,34.906111,Near BEIRA|Unavailable|Unavailable|Medium(50),-19.843611,34.838889,Near BEIRA|Unavailable|Unavailable|Medium(50)",,Phyllastrephus debilis,1946.5.715,1,,,,2
"Dondo, near, Dondo Forest",NA,,,-19.614916,34.740361,no,,,,,Pycnonotus barbatus,214769,1,,,,2
"Dong Nai Province, Vin Cuu Reserve",NA,,,11.125668,107.055806,yes,,,,,Pycnonotus finlaysoni,"KU 116808, KU 116809, KU 116807, KU 116806, KU 116811, KU 116810, KU 116812",7,,,,3
National Dong Hwa University Common Building Bridge,Taiwan,,,23.892774,121.54417,yes,Low(37),,"23.7786,120.571,DONGHUA|Unavailable|Unavailable|Low(37),23.7786,120.571,DONGHUA|Unavailable|Unavailable|Low(37)",,Pycnonotus taivanus,TESRI-2801,1,,,,2
"Dowangan, Cebu City, Cebu Island",NA,,,10.299494,123.897551,yes,,,,,Hypsipetes philippinus,MNH 4302,1,,,,3
Drink-garri,NA,,,4.140754,9.119776,yes,,,,,Eurillas virens,P6V120857,1,,,,3
"Duao Sierra Bullones, Bohol",Philippines,,,9.780252,124.298248,yes,Low(45),Unavailable,"9.8081,124.2921,SIERRA BULLONES|Unavailable|Unavailable|Low(45),9.85,124.333333,SIERRA BULLONES|Unavailable|Unavailable|Low(45),11.825278,124.695,SIERRA|Unavailable|Unavailable|Low(36),15.424952,120.696332,SIERRA|Unavailable|Unavailable|Low(36),10.1993,123.5467,BOHOL|Unavailable|Unavailable|Low(35),11.680278,124.516667,BOHOL|Unavailable|Unavailable|Low(35),14.513574,120.987401,BOHOL|Unavailable|Unavailable|Low(35),9.8333,124.1667,BOHOL|Unavailable|Unavailable|Low(35),9.833333,124.166667,BOHOL|Unavailable|Unavailable|Low(35),13.8335,121.1012,BOHOL|Unavailable|Unavailable|Low(35),10.48228,119.894304,BOHOL|Unavailable|Unavailable|Low(35),9.633333,123.883333,BOHOL|Unavailable|Unavailable|Low(35),7.4928,125.843,BOHOL|Unavailable|Unavailable|Low(35),16.85,121.216667,DUAO|Unavailable|Unavailable|Low(34)",,Hypsipetes philippinus,"MNH 4144, MNH 4146, MNH 4147, MNH 4149, MNH 5150, MNH 4151, MNH 4152, MNH 4153, MNH 4154, MNH 4155, MNH 4156, MNH 4157, MNH 4158, MNH 4159, MNH 4165, MNH 4166, MNH 4167, MNH 4168, MNH 4169, MNH 4170, MNH 4171, MNH 4172, MNH 4173, MNH 4174, MNH 4175, MNH 4176, MNH 4177, MNH 4178, MNH 4179, MNH 4180, MNH 4181",31,,,,3
"Duao, Sierra Bullones, Bohol Island",NA,,,9.780252,124.298248,no,,,,,Pycnonotus goiavier,"MNH 3912, MNH 3892, MNH 3893, MNH 3894, MNH 3895, MNH 3896, MNH 3897, MNH 3898, MNH 3899, MNH 3901, MNH 3902, MNH 3903, MNH 3904",13,,,,3
"Duao, Sierra Bullones, Bohol Province, Bohol Island",NA,,,9.780252,124.298248,no,,,,,Pycnonotus goiavier,"MNH 3905, MNH 3906, MNH 3907, MNH 3908",4,,,,3
"Dugui Too, Virac, Catanduanes",NA,,,13.643578,124.181175,yes,,,,,Pycnonotus goiavier,"PNM 10629, PNM 10628",2,,,,2
"Dulit, Baram, Sarawak",Malaysia,,,3.332442,114.149774,yes,Low(37),,"2.5,113.5,SARAWAK|Unavailable|Unavailable|Low(37),1.5333,110.3333,SARAWAK|Unavailable|Unavailable|Low(37),3.666667,114.75,BARAM|Unavailable|Unavailable|Low(35)",,Alophoixus ruficrissus,"1927.4.18.583, 92.4.29.22, 92.4.29.23",3,,,,3
Dumaguete,Philippines,,,9.3,123.3,yes,High(84),Unavailable,"9.333333,123.283333,DUMAGUETE|Unavailable|Unavailable|High(84),9.307,123.3074,DUMAGUETE|Unavailable|Unavailable|High(84),9.3,123.3,DUMAGUETE|Unavailable|Unavailable|High(84),9.3023,123.3115,DUMAGUETE|Unavailable|Unavailable|High(84),9.3,123.3,DUMAGUETE|Unavailable|Unavailable|High(84),9.307,123.3074,(g3)DUMAGUETE|Unavailable|6810|Medium(59),9.307,123.3074,(g3)Dumaguete|Unavailable|6810|Medium(59),9.307,123.3074,(g3)Dumaguete|Unavailable|6810|Medium(59),9.307,123.3074,(g3)Dumaguete|Unavailable|6810|Medium(59),9.307,123.3074,(g3)Dumaguete|Unavailable|6810|Medium(59),9.307,123.3074,(g3)Dumaguete|Unavailable|6810|Medium(59),9.307,123.3074,(g3)Dumaguete|Unavailable|6810|Medium(59),9.307,123.3074,(g3)Dumaguete|Unavailable|6810|Medium(59),9.307,123.3074,(g3)Dumaguete|Unavailable|6810|Medium(59)",,Hypsipetes guimarasensis,88.4.1.346,1,,,,3
"Durban road, Cape town",South Africa,,,-33.92162,18.441358,yes,Medium(59),,"-33.868363,18.424063,(g3)Cape Town|Unavailable|6703|Medium(59)",,Pycnonotus capensis,1905.12.29.1916,1,,,,3
"Dusun Tua, Selangor",Malaysia,,,3.134559,101.833323,yes,Low(39),Unavailable,"3.1445,101.8377,DUSUN TUA|Unavailable|Unavailable|Low(39),3.166667,101.5,SELANGOR|Unavailable|Unavailable|Low(38),3.35,101.25,SELANGOR|Unavailable|Unavailable|Low(38),5.0506,118.8359,DUSUN|Unavailable|Unavailable|Low(35)",,Pycnonotus brunneus,1936.4.12.1853,1,,,,2
E. Java,NA,,,-7.929923,112.943341,yes,,,,,Pycnonotus bimaculatus,"1918.12.2.2, 1919.12.12.101, 1919.12.12.102, 81.5.1.24.5",4,,,,4
"Eastern Province, Kabui Hills Forest Reserve",NA,,,7.944938,-11.20148,yes,,,,,Phyllastrephus albigularis,"KU 115073, KU 115071",2,,,,3
Eastern Region: Obudu Plateau,NA,,,6.464661,9.343039,yes,Low(37),,"-26.666667,16.533333,PLATEAU|Unavailable|Unavailable|Low(37)",,Phyllastrephus poensis,25181,1,,,,3
Eastern slope of Aberdare Mts.,Kenya,,,-0.446121,36.823776,yes,Low(37),,"0,38,EASTERN|Unavailable|Unavailable|Low(37),0.0833,38,EASTERN|Unavailable|Unavailable|Low(37)",,Arizelocichla kikuyuensis,1913.6.24.222,1,,,,3
Ebolowa,NA,,,2.923702,11.156624,yes,,,,,Pycnonotus barbatus,P6V104132,1,,,,3
Edea,NA,,,3.795413,10.129585,yes,,,,,"Chlorocichla simplex, Ixonotus guttatus, Pycnonotus barbatus, Eurillas virens","JHF 30543; JAR 2467, JHF 30534; JAR 2277, JHF 30533; JAR 2276, JHF 30536; JAR 2280, JHF 30535; JAR 2279, JHF 30538; JAR 2280, JHF 30537; JAR 2290, JHF 30539; JAR 2293, JHF 30540; JAR 2319, JHF 30541; JAR 2335, JHF 30580; JAR 2204, JHF 30581; JAR 2205, JHF 30582; JAR 2209, JHF 30542; JAR B11",14,,,,3
Efoulan,NA,,,2.943876,11.052437,yes,,,,,"Baeopogon indicator, Bleda notatus, Atimastillas flavigula, Criniger calurus, Ixonotus guttatus, Phyllastrephus icterinus, Phyllastrephus terrestris","JHF 26032; GLB 242, JHF 26034; GLB 293, JHF 26033; GLB 292, 895; WR 539, JHF 26026; GLB 219, JHF 26027; GLB 223, JHF 26028, JHF 26030; GLB 289, JHF 26024; GLB 183, JHF 26025; GLB 188, WR 539; 809, JHF 26037; GLB 209, JHF 26038; GLB 231, WR 539;9; 796, JHF 26041; GLB 241",15,,,,2
Efoulan,Cameroon,,,2.943876,11.052437,no,High(81),unavailable,"2.766667,10.716667,EFULEN|Unavailable|Unavailable|High(81),2.783333,10.533333,EFULEN|Unavailable|Unavailable|High(81)",,"Chlorocichla simplex, Criniger chloronotus","1903.7.16.72, 1906.12.14.97",2,,,,2
Ein Hod,NA,,,32.699959,34.982676,yes,,,,,Pycnonotus xanthopygos,25627,1,,,,2
Ein Yahav,NA,,,30.657482,35.236306,yes,,,,,Pycnonotus xanthopygos,"11111, 25674, 9038",3,,,,2
Eilat,NA,,,29.557521,34.952035,yes,,,,,Pycnonotus xanthopygos,11058,1,,,,2
Eldama Ravine,NA,,,0.053004,35.728888,yes,,,,,"Pycnonotus barbatus, Eurillas latirostris","JHF 34592; FJJ C557, JHF 34582; FJJ C112",2,,,,3
Eilot,NA,,,29.581447,34.962506,yes,,,,,Pycnonotus xanthopygos,"11078, 25625, 11095, 11103, 18284",5,,,,2
"Embassy gardens, Kathmandu",Nepal,,,27.720297,85.316531,yes,Low(39),,"27.75,85.416667,KATHMANDU|Unavailable|Unavailable|Low(39),27.716667,85.316667,KATHMANDU|Unavailable|Unavailable|Low(39),27.716,85.3167,KATHMANDU|Unavailable|Unavailable|Low(39)",,Pycnonotus cafer,1953.56.40,1,,,,2
Entebbe,NA,,,0.062408,32.473094,yes,,,,,"Atimastillas flavigula, Eurillas virens","JHF 34576, JHF 34583",2,,,,3
Enugu,Nigeria,,,6.442579,7.502199,yes,High(80),Unavailable,"6.17146,7.005252,ENUGU|Unavailable|Unavailable|High(80),6.5,7.5,ENUGU|Unavailable|Unavailable|High(80),6.442579,7.502199,ENUGU|Unavailable|Unavailable|High(80),6.441321,7.498834,ENUGU|Unavailable|Unavailable|High(80)",,Atimastillas flavicollis,1966.16.1775,1,,,,3
Ewaso Ngiro River,NA,,,-2.020223,36.116869,yes,,,,,Pycnonotus barbatus,JHF 34591; FJJ 181; FJJ 54,1,,,,4
Fangshan Creek,NA,,,22.302106,120.644648,yes,,,,,Pycnonotus taivanus,TESRI-13302,1,,,,2
"Fangshan Creek, Pingtung",NA,,,22.302106,120.644648,no,,,,,Pycnonotus taivanus,"TESRI-13651, TESRI-13649",2,,,,2
Fante,Ghana,,,5.41674,-1.305998,yes,,,,,Bleda eximius,"88.4.1.454, 76.5.23.637",2,,,,4
"Feiran Oasis, W. Sinai",Egypt,,,28.710241,33.662759,yes,Low(42),Unavailable,"28.718672,33.620187,FEIRAN OASIS|Unavailable|Unavailable|Low(42),28.718672,33.620187,FEIRAN OASIS|Unavailable|Unavailable|Low(42),28.537399,33.966335,SINAI|Unavailable|Unavailable|Low(35),29.5,34,SINAI|Unavailable|Unavailable|Low(35),29,33.8,SINAI|Unavailable|Unavailable|Low(35)",,Pycnonotus xanthopygos,1965 M. 9640,1,,,,2
Felicite,Seychelles,,,-4.327196,55.874589,yes,,,,,Hypsipetes crassirostris,1906.12.21.319,1,,,,3
"Fenggang, Pingtung",Taiwan,,,24.861111,120.962778,no,Low(38),unavailable,"24.861111,120.962778,FENGGANG|Unavailable|Unavailable|Low(38),22.671354,120.488142,PINGTUNG|Unavailable|Unavailable|Low(38),22.190556,120.689444,FENGGANG|Unavailable|Unavailable|Low(38),22.49555,120.61444,PINGTUNG|Unavailable|Unavailable|Low(38),23.670673,120.419,FENGGANG|Unavailable|Unavailable|Low(38),22.49555,120.61444,PINGTUNG|Unavailable|Unavailable|Low(38),22.671354,120.488142,PINGTUNG|Unavailable|Unavailable|Low(38),24.861111,120.962778,FENGGANG|Unavailable|Unavailable|Low(38),23.596505,120.369287,FENGGANG|Unavailable|Unavailable|Low(38),22.190556,120.689444,FENGGANG|Unavailable|Unavailable|Low(38)",,Pycnonotus taivanus,"TESRI-8877, TESRI-13173",2,,,,2
"Five Finger Mts., Hainan",China,,,18.898306,109.703624,yes,Low(36),Unavailable,"44.5657,129.49,HAINAN|Unavailable|Unavailable|Low(36),47.232,126.979,HAINAN|Unavailable|Unavailable|Low(36),19.25,109.75,HAINAN|Unavailable|Unavailable|Low(36),33.0427,119.982,HAINAN|Unavailable|Unavailable|Low(36),18.939444,109.484167,HAINAN|Unavailable|Unavailable|Low(36),27.788646,102.307174,HAINAN|Unavailable|Unavailable|Low(36),39.445452,106.891317,HAINAN|Unavailable|Unavailable|Low(36),23.053864,113.223395,HAINAN|Unavailable|Unavailable|Low(36),39.445452,106.891317,HAINAN|Unavailable|Unavailable|Low(36),31.887878,121.179504,HAINAN|Unavailable|Unavailable|Low(36),34.98,116.542,HAINAN|Unavailable|Unavailable|Low(36),32.491667,120.455556,HAINAN|Unavailable|Unavailable|Low(36),27.7986,102.309,HAINAN|Unavailable|Unavailable|Low(36),35.81725,100.340527,HAINAN|Unavailable|Unavailable|Low(36),32.494324,120.454529,HAINAN|Unavailable|Unavailable|Low(36),19,109.5,HAINAN|Unavailable|Unavailable|Low(36)",,"Hemixos castanonotus, Pycnonotus sinensis","1900.1.2.37, 1900.1.12, 1900.1.2.35",3,,,,3
Fuzhou,China,,,26.061389,119.306111,no,High(82),unavailable,"26.061389,119.306111,FOOCHOW|Unavailable|Unavailable|High(82),27.95999,116.333333,FOOCHOW|Unavailable|Unavailable|High(82)",,"Pycnonotus sinensis, Pycnonotus aurigaster","1905.12.24.536, 94.10.27.19, 98.10.2.130b, 1903.7.3.135, 194.5.6.578",5,,,,3
Fuzhou,China,,,26.061389,119.306111,no,Low(37),unavailable,"26.061389,119.306111,FOOCHOW|Unavailable|Unavailable|Low(37),27.95999,116.333333,FOOCHOW|Unavailable|Unavailable|Low(37)",,Ixos mcclellandii,1900.1.18.479,1,,,,3
Formosa Bay,Kenya,,,-2.759,40.181474,yes,High(86),,"-2.813181,40.30507,FORMOSA BAY|Unavailable|Unavailable|High(86)",,Andropadus importunus,95.5.1.770,1,,,,4
Fort Johnston,Malawi,,,-14.483531,35.257636,yes,High(88),,"-14.463253,35.255233,FORT JOHNSTON|Unavailable|Unavailable|High(88)",,Andropadus importunus,"1933.3.1.724, 1933.3.1.727, 1933.3.1.726",3,,,,3
Fort Lister,Malawi,,,-15.827003,35.659925,yes,,,,,Arizelocichla fusciceps,94.5.5.119,1,,,,2
Fort Sandeman,Pakistan,,,31.341111,69.448056,yes,High(88),Unavailable,"31.366112,68.998892,FORT SANDEMAN|Unavailable|Unavailable|High(88),31.340817,69.449304,FORT SANDEMAN|Unavailable|Unavailable|High(88),31.341111,69.448056,FORT SANDEMAN|Unavailable|Unavailable|High(88),31.364444,69.207492,FORT SANDEMAN|Unavailable|Unavailable|High(88)",,Pycnonotus leucotis,1915.12.20.8,1,,,,3
"Four Rivers Camp, 60 mi. W Khwai Lodge",NA,,,-19.015732,23.122461,yes,,,,,Phyllastrephus terrestris,82541,1,,,,2
Fujian,China,,,26.25,118,yes,High(81),Unavailable,"28.926509,106.129716,FUJIAN|Unavailable|Unavailable|High(81),26.25,118,FUJIAN|Unavailable|Unavailable|High(81),28.926509,106.129716,FUJIAN|Unavailable|Unavailable|High(81),23.3478,109.674,FUJIAN|Unavailable|Unavailable|High(81)",,Spizixos semitorques,1918.6.25.65,1,,,,5
Fengshan,Taiwan,,,22.612844,120.349064,yes,,,,,Pycnonotus sinensis,1939.12.9.3046,1,,,,3
Gabon,NA,,,-0.461998,11.792812,yes,,,,,Alcurus striatus,WR 470(2),1,,,,6
Galle,Sri Lanka,,,6.0461,80.2103,yes,High(80),Unavailable,"6.25,80.25,GALLE|Unavailable|Unavailable|High(80),6.0461,80.2103,GALLE|Unavailable|Unavailable|High(80)",,Rubigula melanictera,86.9.1.2664,1,,,,3
"Gambari, 16 mi. S Ibadan",NA,,,7.225564,3.914652,yes,,,,,"Criniger barbatus, Criniger calurus","23580, 23581",2,,,,2
Gan Sorek,NA,,,31.943802,34.758339,yes,,,,,Pycnonotus xanthopygos,8893,1,,,,2
"Gangtok, Sikkim",India,,,27.325739,88.612155,no,Low(37),unavailable,"27.325739,88.612155,GANGTOK|Unavailable|Unavailable|Low(37),27.583333,88.5,SIKKIM|Unavailable|Unavailable|Low(36)",,Pycnonotus leucogenys,1965 M. 9574,1,,,,3
"Ganon Chaung, Sanderway",Myanmar,,,18.464466,94.342259,yes,Low(36),Unavailable,"12.108454,98.624576,CHAUNG|Unavailable|Unavailable|Low(36),16.718889,96.518611,CHAUNG|Unavailable|Unavailable|Low(36),18.852515,93.743796,ON CHAUNG|Unavailable|Unavailable|Low(26)",,Alophoixus flaveolus,1941.12.1.77,1,,,,3
"Gap Patelong, Trang, Pen. Siam",Thailand,,,7.554524,99.816117,yes,Low(35),Unavailable,"7.558167,99.610528,TRANG|Unavailable|Unavailable|Low(35),7.507215,99.598106,TRANG|Unavailable|Unavailable|Low(35),7.507,99.598,TRANG|Unavailable|Unavailable|Low(35),15.5,101,SIAM|Unavailable|Unavailable|Low(34),15,100,SIAM|Unavailable|Unavailable|Low(34)",,Rubigula squamata,1936.4.12.1906,1,,,,3
Garwhal,India,,,29.829455,79.029469,yes,,,,,Pycnonotus leucogenys,86.9.1.2669,1,,,,4
"Gedong, Perak",Malaysia,,,4.972816,100.606934,yes,Low(36),Unavailable,"5.20372,100.62476,GEDONG|Unavailable|Unavailable|Low(36),1.233333,110.683333,GEDONG|Unavailable|Unavailable|Low(36),5,101,PERAK|Unavailable|Unavailable|Low(35)",,Iole crypta,1905.2.1.354,1,,,,2
George,South Africa,,,-33.95,22.4667,yes,High(81),Unavailable,"-27.681117,28.140374,GEORGE|Unavailable|Unavailable|High(81),-22.94783,29.594222,GEORGE|Unavailable|Unavailable|High(81),-33.966667,22.416667,GEORGE|Unavailable|Unavailable|High(81),-33.95,22.4667,GEORGE|Unavailable|Unavailable|High(81),-33.660114,22.902434,GEORGE|Unavailable|Unavailable|High(81),-33.963,22.461727,GEORGE|Unavailable|Unavailable|High(81)",,Pycnonotus capensis,76.5.23.377,1,,,,3
"Ghana, Western Region, Anakasa Conservation Area",NA,,,5.261546,-2.580359,yes,,,,,Criniger olivaceus,"KU 111139, KU 111140",2,,,,3
"Gilolo, Halmahera",Indonesia,,,0.708895,127.778401,yes,Medium(59),,"0.956061,127.838826,(g3)Halmahera|Unavailable|274560|Medium(59)",,Hypsipetes chloris,98.10.2.91,1,,,,5
"Gin-anuran River, Cebu City, Cebu Island",NA,,,10.315716,123.863878,yes,,,,,Pycnonotus goiavier,"MNH 3940, MNH 3942, MNH 3943, MNH 3948, MNH 3949",5,,,,4
"Gin-anuran, Cebu City, Cebu Island",NA,,,10.315716,123.863878,no,,,,,Pycnonotus goiavier,"MNH 3935, MNH 3936",2,,,,4
"Ginting Bidei, Selangor-Pahang boundary",Malaysia,,,3.422744,101.791184,yes,Low(38),Unavailable,"3.35,101.25,SELANGOR|Unavailable|Unavailable|Low(38),3.166667,101.5,SELANGOR|Unavailable|Unavailable|Low(38),3.5321,103.4619,PAHANG|Unavailable|Unavailable|Low(36),3.5,102.75,PAHANG|Unavailable|Unavailable|Low(36)",,"Iole crypta, Rubigula squamata","1936.4.12.1726, 1936.4.12.1907",2,,,,3
Goa Hills,NA,,,15.333657,74.272149,yes,,,,,Hypsipetes ganeesa,JHF 3983,1,,,,4
Godawari valley,Nepal,,,27.601381,85.365251,yes,,,,,Pycnonotus leucogenys,1938.7.15.693,1,,,,2
"Gonzaga, Cagayan Province, Sierra Madre (Mt. Cagua), Luzon Island",Philippines,,,18.214404,122.154203,yes,High(72),,"16.562323,120.430037,(g3)Luzon Island|Unavailable|40881|High(72),15.633447,121.049391,(g3)Luzon Island|Unavailable|56636|High(72),14.472812,120.896072,(g3)Luzon Island|Unavailable|46027|High(72),13.326334,123.739668,(g3)Luzon Island|Unavailable|59520|High(72),14.472812,120.896072,(g3)Luzon Island|Unavailable|46027|High(72),16.268563,121.238905,(g3)Luzon Island|Unavailable|56746|High(72),15.28269,120.002943,(g3)Luzon Island|Unavailable|63853|High(72),15.28269,120.002943,(g3)Luzon Island|Unavailable|63853|High(72),15.28269,120.002943,(g3)Luzon Island|Unavailable|63853|High(72),13.688417,120.995468,(g3)Luzon Island|Unavailable|10686|Medium(62),13.688417,120.995468,(g3)Luzon Island|Unavailable|10686|Medium(62),13.688417,120.995468,(g3)Luzon Island|Unavailable|10686|Medium(62),13.688417,120.995468,(g3)Luzon Island|Unavailable|10686|Medium(62),14.285207,121.286385,(g3)Luzon Island|Unavailable|37214|Medium(62),15.706832,121.111876,(g3)Luzon Island|Unavailable|13748|Medium(62),15.706832,121.111876,(g3)Luzon Island|Unavailable|13748|Medium(62),14.285207,121.286385,(g3)Luzon Island|Unavailable|37214|Medium(62)",,Hypsipetes philippinus,"MNH 4010, MNH 4012, MNH 4013",3,,,,3
"Gonzaga, Cagayan Province, Sierra Madre, Mt. Cagua, Luzon Island",NA,,,18.214404,122.154203,no,,,,,Hypsipetes philippinus,MNH 4054,1,,,,3
Gorongose (Tambarara),NA,,,-18.830055,34.500524,yes,,,,,Pycnonotus barbatus,JHF 19767,1,,,,3
Gozne,Turkey,,,36.995725,34.571362,yes,Low(40),,"39,35,ASIA MINOR|Unavailable|Unavailable|Low(40)",,Pycnonotus xanthopygos,98.10.2.108,1,,,,3
Grand Cape Mount,NA,,,7.090173,-11.060266,yes,,,,,Eurillas virens,JHF 35310; JD 83.2,1,,,,4
"Grand Gedeh, Co. John Wolo, North of Sapu National Park",NA,,,5.82895,-8.192276,yes,,,,,Eurillas gracilis,KU 135231,1,,,,4
"Grand Gedeh, North of Sapu National Park",NA,,,5.82895,-8.192276,no,,,,,Phyllastrephus albigularis,"KU 135333, KU 135332",2,,,,4
Grande Comore,NA,,,-11.699316,43.331886,yes,,,,,Hypsipetes parvirostris,JHF 20695,1,,,,4
"Grassfield, Mt. Nimba",Liberia,,,7.488889,-8.570833,yes,Low(40),Unavailable,"6.766667,-11.35,GRASSFIELD|Unavailable|Unavailable|Low(40),7.488889,-8.570833,GRASSFIELD|Unavailable|Unavailable|Low(40),7.488889,-8.570833,NIMBA|Unavailable|Unavailable|Low(35),6.75,-8.75,NIMBA|Unavailable|Unavailable|Low(35),7.493611,-8.585,NIMBA|Unavailable|Unavailable|Low(35),6.816667,-8.783333,NIMBA|Unavailable|Unavailable|Low(35)",,"Bleda eximius, Calyptocichla serinus, Criniger olivaceus, Ixonotus guttatus, Thescelocichla leucopleura","1977.20.1203, 1977.20.1202, 1977.20.1196, 1977.20.1195, 1977.20.1075, 1977.20.1278, 1977.20.1281, 1977.20.1097, 1977.20.1099, 1977.20.1120, 1977.20.1200, 1977.20.1201, 1977.20.1198, 1977.20.3205, 1977.20.1274, 1977.20.1275",16,,,,2
"Great Nicobar Island, Nicobar Islands",NA,,,7.004752,93.827425,yes,,,,,Hypsipetes nicobariensis,"JHF 19607, JHF 19606",2,,,,4
"Guadalupe, Cebu City, Cebu Island",Philippines,,,10.321787,123.876054,yes,High(71),,"10.272807,123.879058,(g3)CEBU ISLAND|Unavailable|116768|High(71),10.272807,123.879058,(g3)Cebu Island|Unavailable|116768|High(71),10.272807,123.879058,(g3)Cebu Island|Unavailable|116768|High(71)",,Hypsipetes philippinus,MNH 4213,1,,,,2
Guadun,NA,,,27.735225,117.641184,yes,,,,,Hypsipetes leucocephalus,P6V26142,1,,,,2
Guangdong,China,,,23.5,113.25,yes,High(84),Unavailable,"25.0172,110.235,GUANGDONG|Unavailable|Unavailable|High(84),23.5,113.25,GUANGDONG|Unavailable|Unavailable|High(84),29.148796,106.218891,GUANGDONG|Unavailable|Unavailable|High(84),24.3239,97.9488,GUANGDONG|Unavailable|Unavailable|High(84),42.768317,129.336355,GUANGDONG|Unavailable|Unavailable|High(84),29.148796,106.218891,GUANGDONG|Unavailable|Unavailable|High(84),24.1039,98.1374,GUANGDONG|Unavailable|Unavailable|High(84),22.517421,113.365399,(g3)Guangdong|Unavailable|5000|Medium(59)",,Pycnonotus aurigaster,"1910.5.2.358, 1900.1.18.500",2,,,,5
"Gudalur, TN",India,,,11.501436,76.491601,yes,Low(37),Unavailable,"11.276644,76.949798,GUDALUR|Unavailable|Unavailable|Low(37),11.145543,76.936608,GUDALUR|Unavailable|Unavailable|Low(37),11.501436,76.491601,GUDALUR|Unavailable|Unavailable|Low(37),11.720282,76.22145,GUDALUR|Unavailable|Unavailable|Low(37),10.811975,79.167525,GUDALUR|Unavailable|Unavailable|Low(37),10.346845,78.681833,GUDALUR|Unavailable|Unavailable|Low(37),11.850487,77.460679,GUDALUR|Unavailable|Unavailable|Low(37),11.535099,77.993385,GUDALUR|Unavailable|Unavailable|Low(37),13.089618,79.515517,GUDALUR|Unavailable|Unavailable|Low(37),12.497077,79.823372,GUDALUR|Unavailable|Unavailable|Low(37),12.091856,78.565459,GUDALUR|Unavailable|Unavailable|Low(37),12.136921,78.994889,GUDALUR|Unavailable|Unavailable|Low(37),12.147955,79.209824,GUDALUR|Unavailable|Unavailable|Low(37),12.145847,79.486423,GUDALUR|Unavailable|Unavailable|Low(37),12.381726,79.556014,GUDALUR|Unavailable|Unavailable|Low(37),12.57195,79.228682,GUDALUR|Unavailable|Unavailable|Low(37),10.449518,78.605983,GUDALUR|Unavailable|Unavailable|Low(37),9.727768,78.852017,GUDALUR|Unavailable|Unavailable|Low(37),10.293284,78.881002,GUDALUR|Unavailable|Unavailable|Low(37),10.78985,78.128482,GUDALUR|Unavailable|Unavailable|Low(37),11.053849,79.760081,GUDALUR|Unavailable|Unavailable|Low(37),11.756169,79.76693,GUDALUR|Unavailable|Unavailable|Low(37),11.921385,78.78262,GUDALUR|Unavailable|Unavailable|Low(37),9.680586,77.246227,GUDALUR|Unavailable|Unavailable|Low(37),10.902071,77.834884,GUDALUR|Unavailable|Unavailable|Low(37),9.274505,77.459224,GUDALUR|Unavailable|Unavailable|Low(37),11.889974,79.063914,GUDALUR|Unavailable|Unavailable|Low(37),10.971142,78.88868,GUDALUR|Unavailable|Unavailable|Low(37),11.954015,79.337507,GUDALUR|Unavailable|Unavailable|Low(37),10.851769,78.654525,GUDALUR|Unavailable|Unavailable|Low(37),10.783044,78.423196,GUDALUR|Unavailable|Unavailable|Low(37),11.391228,79.199803,GUDALUR|Unavailable|Unavailable|Low(37),11.3807,79.202245,GUDALUR|Unavailable|Unavailable|Low(37)",,Rubigula gularis,"16297, 16298",2,,,,2
Guimaras,Philippines,,,10.58092,122.626212,no,High(83),unavailable,"10.58092,122.626212,GUIMARAS|Unavailable|Unavailable|High(83),10.58092,122.626212,GUIMARAS|Unavailable|Unavailable|High(83)",,"Hypsipetes guimarasensis, Pycnonotus goiavier","88.4.1.338, 90.12.1.34, 88.4.1.337, 96.6.6.343, 96.6.6.342",5,,,,4
Gunung Pulai Recreational Forest,NA,,,1.587354,103.530257,yes,,,,,Rubigula cyaniventris,? (5); ? 457,1,,,,3
"Gunung Sidong, Samarahan",NA,,,1.19749,110.484607,yes,,,,,Rubigula squamata,1927.4.18.649,1,,,,3
Gunung Tahan,Malaysia,,,4.632864,102.234849,yes,Low(36),Unavailable,"5.983333,102.35,GUNONG|Unavailable|Unavailable|Low(36),6.192983,100.346052,GUNONG|Unavailable|Unavailable|Low(36),5.9713,102.360855,GUNONG|Unavailable|Unavailable|Low(36)",,Hemixos cinereus,1906.7.23.128,1,,,,3
"Gunung Dempo, Benkulu",NA,,,-4.015981,103.12826,yes,,,,,Pycnonotus bimaculatus,JHF 31015; CJB 15813,1,,,,3
Gunung Ensuan,Malaysia,,,5.822473,117.153308,yes,Low(36),,"5.816667,117.2,ENSUAN|Unavailable|Unavailable|Low(36)",,Pycnonotus simplex,1956.60.305,1,,,,3
"Gunung Sidong, Samarahan",Malaysia,,,1.19749,110.484607,yes,,,,,Microtarsus melanoleucos,1936.4.12.1801,1,,,,3
Gunung Tahan,Malaysia,,,4.6332,102.235,no,High(87),unavailable,"4.6332,102.235,GUNUNG TAHAN|Unavailable|Unavailable|High(87)",,"Iole crypta, Microtarsus melanoleucos, Rubigula cyaniventris","1969.27.728, 1906.7.23.191, 1906.7.23",3,,,,3
Gunung Tahan Pahang,NA,,,4.6332,102.235,no,,,,,"Iole finschii, Iole crypta, Tricholestes criniger","JHF 30106, JHF 30107, JHF 30108, JHF 30109, JHF 20298, WR 3021, JHF 30105, JHF 30101, JHF 30104, JHF 30102, JHF 30103",11,,,,3
"Gunung Talakmau, Camp 1",NA,,,0.078932,99.984176,yes,,,,,"Alophoixus ochraceus, Ixos leucogrammicus, Ixos sumatranus","198564, 198538, 198565, 198566, 198569",5,,,,3
Haflong,NA,,,25.168252,93.017127,yes,,,,,Pycnonotus cafer,"184936, 184937, 184938, 184939, 184940, 184941, 184942",7,,,,2
Hahim Bazar,NA,,,25.862593,91.161554,yes,,,,,Pycnonotus jocosus,"185242, 185243, 185244",3,,,,2
Haifa,NA,,,32.793886,34.986398,yes,,,,,Pycnonotus xanthopygos,"14854, 11073, 11072, 14271, 11080, 11069, 11076, 6471, 11093, 11098, 14855, 11081, 14856, 14857, 11074, 11109, 6480, 11096, 4191, 4190, 4363(A), 5783, 11088",23,,,,3
Hainan,China,,,19.25,109.75,yes,High(81),Unavailable,"44.5657,129.49,HAINAN|Unavailable|Unavailable|High(81),47.232,126.979,HAINAN|Unavailable|Unavailable|High(81),19.25,109.75,HAINAN|Unavailable|Unavailable|High(81),33.0427,119.982,HAINAN|Unavailable|Unavailable|High(81),18.939444,109.484167,HAINAN|Unavailable|Unavailable|High(81),27.788646,102.307174,HAINAN|Unavailable|Unavailable|High(81),39.445452,106.891317,HAINAN|Unavailable|Unavailable|High(81),23.053864,113.223395,HAINAN|Unavailable|Unavailable|High(81),39.445452,106.891317,HAINAN|Unavailable|Unavailable|High(81),31.887878,121.179504,HAINAN|Unavailable|Unavailable|High(81),34.98,116.542,HAINAN|Unavailable|Unavailable|High(81),32.491667,120.455556,HAINAN|Unavailable|Unavailable|High(81),27.7986,102.309,HAINAN|Unavailable|Unavailable|High(81),35.81725,100.340527,HAINAN|Unavailable|Unavailable|High(81),32.494324,120.454529,HAINAN|Unavailable|Unavailable|High(81),19,109.5,HAINAN|Unavailable|Unavailable|High(81)",,"Hemixos castanonotus, Pycnonotus sinensis","92.11.24.4, 1914.5.6.658, 1909.8.30.56",3,,,,5
Halmahera,Indonesia,,,0.735585,127.951495,no,High(84),unavailable,"0.735585,127.951495,HALMAHERA|Unavailable|Unavailable|High(84),0.6,127.85,HALMAHERA|Unavailable|Unavailable|High(84),0.956061,127.838826,(g3)Halmahera|Unavailable|274560|Medium(59)",,Hypsipetes chloris,"1969.27.337, 60.2.4.28, 88.4.1.446, 62.4.11.18, 1969.27.336, 73.5.12.85",6,,,,5
Halmahera,NA,,,0.735585,127.951495,no,,,,,Hypsipetes chloris,"JHF 13684, JHF 13682, JHF 13683",3,,,,5
Hanoi,NA,,,21.02542,105.83842,yes,,,,,Hypsipetes leucocephalus,"1B-2406; MKP 2787, 1B-2405; MKP 2786",2,,,,3
Haputale,Sri Lanka,,,6.768382,80.959194,yes,High(83),,"6.7602,80.9531,HAPUTALE|Unavailable|Unavailable|High(83),6.783333,80.95,HAPUTALE|Unavailable|Unavailable|High(83),6.7909,80.9547,HAPUTALE|Unavailable|Unavailable|High(83),7.2368,80.6795,HAPUTALE|Unavailable|Unavailable|High(83)",,Pycnonotus penicillatus,1949.Whi.1.14542,1,,,,3
Haroni-Lusitu,NA,,,-19.998294,32.979167,yes,,,,,Phyllastrephus flavostriatus,69042,1,,,,3
Hinthada,Myanmar,,,17.648172,95.451033,yes,,,,,Rubigula flaviventris,2029,1,,,,2
Hinthada,Myanmar,,,17.648172,95.451033,no,,,,,Rubigula flaviventris,2030,1,,,,2
Himalayas,NA,,,30.283288,79.595016,yes,,,,,Pycnonotus cafer,JHF 3241; BM 77.2.8.12,1,,,,5
"Hlatikulu, Ingwavuma River",Eswatini,,,-26.974651,31.325553,yes,,,,,Pycnonotus barbatus,"215105, 215106, 215107, 215111",4,,,,2
Hmuntha,NA,,,23.493477,92.942675,yes,,,,,"Ixos mcclellandii, Pycnonotus cafer, Spizixos canifrons","185630, 185081, 184900, 184901, 184902",5,,,,2
Hehuan Mountain,NA,,,24.181211,121.281393,yes,,,,,Spizixos semitorques,"JHF 23896, JHF 25777",2,,,,3
Hong Kong,Hong Kong,,,22.318909,114.170599,yes,High(84),,"22.283333,114.15,HONG KONG|Unavailable|Unavailable|High(84),22.25,114.183333,HONG KONG|Unavailable|Unavailable|High(84),22.25,114.166667,HONG KONG|Unavailable|Unavailable|High(84),22.266667,114.2,HONG KONG|Unavailable|Unavailable|High(84)",,"Pycnonotus sinensis, Pycnonotus aurigaster","1981.1.64, 98.10.2.103",2,,,,3
Horsely Hills,India,,,13.650962,78.396306,yes,,,,,Pycnonotus xantholaemus,1909.1.20.9,1,,,,3
"Htingnan, Upper Burma",Myanmar,,,26.623918,97.84536,yes,Low(35),,"21,96,BURMA|Unavailable|Unavailable|Low(35)",,Pycnonotus jocosus,1939.12.8.134,1,,,,4
"Hua-Lien Hsien, 3 Mi E, (Formosa)",Taiwan,,,23.765024,121.436267,yes,High(82),,"23.999993,121.047716,Distance East of FORMOSA|Unavailable|Unavailable|High(82),23.499993,121.047536,Distance East of FORMOSA|Unavailable|Unavailable|High(82),23.499993,121.047536,Distance East of FORMOSA|Unavailable|Unavailable|High(82)",,Pycnonotus taivanus,222643,1,,,,4
Hualien City Garden Happiness,NA,,,23.96567,121.590267,yes,,,,,Pycnonotus taivanus,TESRI-15584,1,,,,2
Hualien Shoufeng,NA,,,23.876856,121.514221,yes,,,,,Pycnonotus taivanus,"TESRI-9679, TESRI-9675, TESRI-7676",3,,,,3
Hula Nature Reserve,NA,,,33.067346,35.603023,yes,,,,,Pycnonotus xanthopygos,14858,1,,,,2
"Humani Ranch, Sabi River",NA,,,-20.412889,32.147651,yes,,,,,"Chlorocichla flaviventris, Phyllastrephus terrestris, Pycnonotus barbatus","JAD 4213, JAD 4271, JAD 4200, JAD 4216, JAD 4217, JAD 4312, JAD 4775, JAD 4442",8,,,,2
"Hangrum, N Cachar",NA,,,25.137095,93.302188,yes,,,,,"Pycnonotus flavescens, Rubigula flaviventris","JHF 26218; HNC 545, 545",2,,,,2
"Hydroecology Station, Puting Lupa, Calamba, Laguna, Luzon Island",Philippines,,,14.152527,121.167751,yes,High(75),,"14.392434,121.264344,(g3)Calamba  Laguna|Unavailable|24809|High(75),16.562323,120.430037,(g3)Luzon Island|Unavailable|40881|High(72),15.633447,121.049391,(g3)Luzon Island|Unavailable|56636|High(72),14.472812,120.896072,(g3)Luzon Island|Unavailable|46027|High(72),13.326334,123.739668,(g3)Luzon Island|Unavailable|59520|High(72),14.472812,120.896072,(g3)Luzon Island|Unavailable|46027|High(72),15.28269,120.002943,(g3)Luzon Island|Unavailable|63853|High(72),15.28269,120.002943,(g3)Luzon Island|Unavailable|63853|High(72),16.268563,121.238905,(g3)Luzon Island|Unavailable|56746|High(72),15.28269,120.002943,(g3)Luzon Island|Unavailable|63853|High(72),13.688417,120.995468,(g3)Luzon Island|Unavailable|10686|Medium(62),13.688417,120.995468,(g3)Luzon Island|Unavailable|10686|Medium(62),13.688417,120.995468,(g3)Luzon Island|Unavailable|10686|Medium(62),14.285207,121.286385,(g3)Luzon Island|Unavailable|37214|Medium(62),14.285207,121.286385,(g3)Luzon Island|Unavailable|37214|Medium(62),15.706832,121.111876,(g3)Luzon Island|Unavailable|13748|Medium(62),13.688417,120.995468,(g3)Luzon Island|Unavailable|10686|Medium(62),15.706832,121.111876,(g3)Luzon Island|Unavailable|13748|Medium(62)",,Pycnonotus goiavier,"MNH 3784, MNH 3782, MNH 3781, MNH 3780, MNH 3778, MNH 3777, MNH 3795, MNH 3807",8,,,,2
"Hydroecology Station, Puting Lupa, Calamba. Laguna, Luzon Island",NA,,,14.152527,121.167751,no,,,,,Hypsipetes philippinus,"MNH 4063, MNH 4064, MNH 4065, MNH 4066, MNH 4067, MNH 4068, MNH 4069, MNH 4070, MNH 4071, MNH 4073*, MNH 4074, MNH 4075, MNH 4027, MNH 4028, MNH 4029, MNH 4031, MNH 4032, MNH 4033, MNH 4035, MNH 4036, MNH 4037, MNH 4040",22,,,,2
"Hydroecology station, Puting Lupa, Calamba, Laguna, Luzon Island",NA,,,14.152527,121.167751,no,,,,,Microtarsus urostictus,"MNH 3639, MNH 3638",2,,,,2
"Idanre, Western Region",NA,,,7.10904,5.115734,yes,,,,,Ixonotus guttatus,23587,1,,,,3
Igalula,NA,,,-5.236251,33.019248,yes,,,,,Pycnonotus barbatus,156348,1,,,,2
"Ikom, Ogoja province",Nigeria,,,5.961531,8.721366,yes,Low(35),Unavailable,"6.658398,8.799227,OGOJA|Unavailable|Unavailable|Low(35),6.506425,8.688134,OGOJA|Unavailable|Unavailable|Low(35),6.6667,8.8,OGOJA|Unavailable|Unavailable|Low(35),6.05935,8.624266,IKOM|Unavailable|Unavailable|Low(34),5.962385,8.708234,IKOM|Unavailable|Unavailable|Low(34),6,8.6833,IKOM|Unavailable|Unavailable|Low(34)",,Phyllastrephus icterinus,"1966.16.1336, 1966.16.1334, 1966.16.1339",3,,,,2
Ile aux Fous,NA,,,-20.382909,57.787857,yes,,,,,Hypsipetes olivaceus,JHF 26337,1,,,,2
"Imbak Valley, approximately 60 km S Telupid",NA,,,5.158757,116.926575,yes,,,,,"Alophoixus tephrogenys, Tricholestes criniger","168298, 168305",2,,,,3
"Imenti Forest, 8 mi. NW Meru",NA,,,0.115463,37.629662,yes,,,,,"Eurillas latirostris, Stelgidillas gracilirostris","26041, 26023",2,,,,3
"Inalad, Siaton, Negros Oriental, Negros Island",NA,,,9.069148,123.059092,yes,,,,,Pycnonotus goiavier,"MNH 3815, MNH 3830",2,,,,3
India,NA,,,21.714473,78.551417,yes,,,,,"Alcurus striatus, Ixos mcclellandii, Rubigula flaviventris, Hemixos flavala, Hypsipetes leucocephalus, Pycnonotus cafer, Pycnonotus leucogenys, Rubigula gularis","UMZC 27/Pyc/11/ll/1, UMZC 27/Pyc/6/l/2, UMZC 27/Pyc/11/z/3, BM Reg 81.5.1.470, JHF 14590; B 8319, JHF 3227, B 3957b; WR 24, 1492, JHF 4019, JHF 26618, JHF 3232; 449; (9), JHF 3985",11,,,,6
Inobong substation,NA,,,5.855813,116.137019,yes,,,,,"Alophoixus tephrogenys, Pycnonotus plumosus","181637, 181678",2,,,,2
Insien,Myanmar,,,16.895661,96.110488,yes,,,,,Pycnonotus davisoni,1930.6.9.2,1,,,,2
"Nyangani, Gleneagles Estates",NA,,,-18.295433,32.841941,yes,,,,,Phyllastrephus flavostriatus,69041,1,,,,3
"Ipil, Gonzaga, Cagayan Province, Sierra Madre, Luzon Island",NA,,,18.307291,122.046634,yes,,,,,Hypsipetes philippinus,"MNH 4008, MNH 4009, MNH 4011, MNH 4014",4,,,,3
Isabela,NA,,,16.937952,121.860896,yes,,,,,Pycnonotus goiavier,29422,1,,,,4
Isieri,NA,,,6.669489,3.420554,yes,,,,,"Eurillas curvirostris, Criniger barbatus, Criniger calurus, Ixonotus guttatus, Phyllastrephus albigularis, Stelgidillas gracilirostris, Thescelocichla leucopleura","73594, 73595, 73606, 73607, 73589, 73590, 73604, 73599, 73602",9,,,,3
"Isoba, Rivers province",Nigeria,,,4.871856,6.931759,yes,Low(36),Unavailable,"4.75,6.833333,RIVERS|Unavailable|Unavailable|Low(36),4.920231,6.907535,ISOBA|Unavailable|Unavailable|Low(35),4.871856,6.931759,ISOBA|Unavailable|Unavailable|Low(35)",,Stelgidillas gracilirostris,1966.16.1070,1,,,,3
Issin,NA,,,27.301868,56.233861,yes,,,,,Pycnonotus leucotis,"P6V103345, P6V103346, P6V103349, P6V103348, P6V103347, P6V103350",6,,,,2
Ivohibe,Madagascar,,,-22.477452,46.889624,yes,High(82),Unavailable,"-19.701763,46.422086,IVOHIBE|Unavailable|Unavailable|High(82),-23.518708,44.377885,IVOHIBE|Unavailable|Unavailable|High(82),-24.7003,46.970545,IVOHIBE|Unavailable|Unavailable|High(82),-22.516667,46.95,IVOHIBE|Unavailable|Unavailable|High(82),-17.545283,48.219258,IVOHIBE|Unavailable|Unavailable|High(82),-23.705879,45.671694,IVOHIBE|Unavailable|Unavailable|High(82),-24.589594,46.878922,IVOHIBE|Unavailable|Unavailable|High(82),-21.984339,47.203406,IVOHIBE|Unavailable|Unavailable|High(82),-22.477452,46.889624,IVOHIBE|Unavailable|Unavailable|High(82),-22.4667,46.8833,IVOHIBE|Unavailable|Unavailable|High(82),-24.049154,46.921492,IVOHIBE|Unavailable|Unavailable|High(82),-23.627776,46.488521,IVOHIBE|Unavailable|Unavailable|High(82),-24.559709,47.199175,IVOHIBE|Unavailable|Unavailable|High(82)",,Hypsipetes madagascariensis,1931.8.18.2249,1,,,,2
"Iwahig, Palawan",Philippines,,,9.741227,118.683725,yes,Low(37),Unavailable,"11.0366,124.3964,PALAWAN|Unavailable|Unavailable|Low(37),9.5,118.5,PALAWAN|Unavailable|Unavailable|Low(37),8.633333,123.4,PALAWAN|Unavailable|Unavailable|Low(37),11.8921,121.5455,PALAWAN|Unavailable|Unavailable|Low(37),16.7304,121.7353,PALAWAN|Unavailable|Unavailable|Low(37),10.7891,124.555,PALAWAN|Unavailable|Unavailable|Low(37),10.066713,118.905002,PALAWAN|Unavailable|Unavailable|Low(37),16.724039,121.847291,PALAWAN|Unavailable|Unavailable|Low(37),14.417578,121.030226,PALAWAN|Unavailable|Unavailable|Low(37),10.066,118.905,PALAWAN|Unavailable|Unavailable|Low(37),9.5,118.5,PALAWAN|Unavailable|Unavailable|Low(37),14.632553,121.001169,PALAWAN|Unavailable|Unavailable|Low(37),16.704815,121.850321,PALAWAN|Unavailable|Unavailable|Low(37),9.282778,118.075556,IWAHIG|Unavailable|Unavailable|Low(36),9.750278,118.661667,IWAHIG|Unavailable|Unavailable|Low(36),9.735278,118.697778,IWAHIG|Unavailable|Unavailable|Low(36),9.300278,118.067222,IWAHIG|Unavailable|Unavailable|Low(36),8.599167,117.516667,IWAHIG|Unavailable|Unavailable|Low(36),8.614118,117.517795,IWAHIG|Unavailable|Unavailable|Low(36)",,"Alophoixus frater, Iole palawanensis, Pycnonotus cinereifrons","1911.11.16.235, 1911.11.16.236, 1911.11.16.234, 1911.11.16.237, 1911.11.16.242, 1911.11.16.229, 1911.11.16.232, 1911.11.16.228, 1911.11.16.230, 1911.11.16.231",10,,,,2
Jacobabad,Pakistan,,,28.281873,68.437613,yes,High(84),Unavailable,"28.244819,68.360343,JACOBABAD|Unavailable|Unavailable|High(84),28.210001,68.490179,JACOBABAD|Unavailable|Unavailable|High(84),28.281004,68.438759,JACOBABAD|Unavailable|Unavailable|High(84),28.281873,68.437613,JACOBABAD|Unavailable|Unavailable|High(84)",,Pycnonotus leucotis,86.9.1.1887,1,,,,2
Jaffna,NA,,,9.661083,80.011288,yes,,,,,Pycnonotus luteolus,JHF 25755,1,,,,3
Jaffna,NA,,,9.661083,80.011288,no,,,,,Rubigula melanictera,JHF 25756,1,,,,3
Jagalbed,NA,,,15.333979,74.511258,yes,,,,,"Pycnonotus cafer, Pycnonotus jocosus","184917, 185223, 185224",3,,,,2
"Jamboree Site, College of Forestry, UPLB, College, Laguna, Luzon Island",NA,,,14.165079,121.240124,yes,,,,,Hypsipetes philippinus,"MNH 4060, MNH 4022",2,,,,2
"Jamboree Site, UPLB, College, Laguna, Luzon Island",NA,,,14.165079,121.240124,no,,,,,Pycnonotus goiavier,"MNH 3712, MNH 3776, MNH 3841",3,,,,2
Jambusan,Malaysia,,,1.407872,110.183891,yes,High(83),,"1.416667,110.183333,JAMBUSAN|Unavailable|Unavailable|High(83)",,Iole charlottae,75.8.16.14,1,,,,2
"Jamindang, Libacao, Aklan",NA,,,11.410017,122.288829,yes,,,,,Pycnonotus goiavier,PNM 16382,1,,,,3
"Jampy, Annam",Vietnam,,,15.559537,108.47842,yes,Low(35),,"15,108,ANNAM|Unavailable|Unavailable|Low(35)",,Pycnonotus conradi,1926.9.8.750,1,,,,3
Tana river,Kenya,,,-1.156487,39.957807,yes,,,,,Andropadus importunus,1923.8.7.2828,1,,,,3
"Jati Forest, Universitas Andalas, Padang, West Sumatra",NA,,,-0.908734,100.463378,yes,,,,,Pycnonotus goiavier,"MZUA-21, MZUA-3, MZUA-26, MZUA-29, MZUA-28",5,,,,2
Java,Indonesia,,,-7.4,110,yes,,,,,Alophoixus bres,86.6.24.247,1,,,,6
Java,Indonesia,,,-7.4,110,no,High(79),unavailable,"-7.4,110,JAVA|Unavailable|Unavailable|High(79),-7.491667,110.004444,JAVA|Unavailable|Unavailable|High(79)",,"Alophoixus bres, Rubigula dispar, Rubigula squamata","88.4.1.421, 49.1.15.16, 70.4.5.1641, 81.5.1.244, 46.7.16.116, 49.1.15.22",6,,,,6
Java,NA,,,-7.4,110,no,,,,,"Ixos malaccensis, Microtarsus melanocephalos, Pycnonotus aurigaster","UMZC 27/Pyc/6/k/2, P6V103828, P6V103833, P6V103832",4,,,,6
"Java, Greater Sundas",NA,,,-7.4,110,no,,,,,"Pycnonotus aurigaster, Pycnonotus bimaculatus, Pycnonotus goiavier","JHF 13913, JHF 13912, JHF 13915",3,,,,6
Jericho,Palestine,,,31.860392,35.461702,yes,,,,,Pycnonotus xanthopygos,"98.10.2.107, 1946.63.97",2,,,,2
Jiji,Taiwan,,,23.833333,120.783333,no,High(79),unavailable,"23.833333,120.783333,JIJI|Unavailable|Unavailable|High(79),23.828821,120.788145,JIJI|Unavailable|Unavailable|High(79),23.8263,120.7847,JIJI|Unavailable|Unavailable|High(79),23.828821,120.788145,JIJI|Unavailable|Unavailable|High(79)",,Hypsipetes leucocephalus,TESRI-1623,1,,,,2
Jiji Elementary School,Taiwan,,,23.827778,120.786667,yes,Low(34),,"23.833333,120.783333,JIJI|Unavailable|Unavailable|Low(34),23.828821,120.788145,JIJI|Unavailable|Unavailable|Low(34),23.8263,120.7847,JIJI|Unavailable|Unavailable|Low(34),23.828821,120.788145,JIJI|Unavailable|Unavailable|Low(34)",,Hypsipetes leucocephalus,TESRI-6353,1,,,,2
Jinlun,NA,,,22.532563,120.962207,yes,,,,,Pycnonotus taivanus,TESRI-13326,1,,,,2
Jinlun,NA,,,22.532563,120.962207,no,,,,,Pycnonotus taivanus,TESRI-13295,1,,,,2
"Jinlun, Taitung",NA,,,22.532563,120.962207,no,,,,,Pycnonotus taivanus,"TESRI-9648, TESRI-13792, TESRI-8881, TESRI-8930, TESRI-8897, TESRI-9707",6,,,,2
Johor,Malaysia,,,1.4655,103.7578,no,High(80),unavailable,"1.4655,103.7578,JOHOR|Unavailable|Unavailable|High(80),1.513,103.8435,JOHOR|Unavailable|Unavailable|High(80),2,103.5,JOHOR|Unavailable|Unavailable|High(80)",,"Iole finschii, Pycnonotus brunneus, Rubigula cyaniventris","86.9.1.1562, 86.9.1.2352, 86.9.1.2358, 86.9.1.2356, 86.9.1.2676, 86.9.1.2684",6,,,,3
"Jumalon, Siaton, Negros Oriental",Philippines,,,9.123423,123.020993,yes,High(75),Unavailable,"9.660766,123.131282,(g3)NEGROS ORIENTAL|Unavailable|84736|High(75),9.066667,123.15,(g1)NEGROS ORIENTAL|Unavailable|Unavailable|Medium(65)",,Hypsipetes guimarasensis,"4331, 4332, 4333, 4338",4,,,,4
"Jumalon, Siaton, Negros Oriental, Negros Island",NA,,,9.123423,123.020993,no,,,,,Pycnonotus goiavier,MNH 3833,1,,,,4
"Junction of Pongolo + Usuju rivers, NE. SA",South Africa,,,-26.843261,32.236859,yes,Low(37),Unavailable,"-26.85,32.333333,PONGOLO|Unavailable|Unavailable|Low(37),-30.084286,29.718946,PONGOLO|Unavailable|Unavailable|Low(37)",,Phyllastrephus terrestris,1956.35.37,1,,,,3
"Kabarubaie, Mukoma, Kasai District",DRC,,,-5.716667,20.883333,yes,Low(36),Unavailable,"-4.716667,22.866667,MUKOMA|Unavailable|Unavailable|Low(36),-5.716667,20.883333,MUKOMA|Unavailable|Unavailable|Low(36),-10.133333,22.35,KASAI|Unavailable|Unavailable|Low(35),2.966667,24.15,KASAI|Unavailable|Unavailable|Low(35)",,Neolestes torquatus,1936.14.13.87,1,,,,2
"Kabayan, Benguet",NA,,,16.616476,120.82748,yes,,,,,Pycnonotus goiavier,PNM 1415,1,,,,3
"Kabigaan, Aborlan, Palawan",NA,,,9.463309,118.480698,yes,,,,,Iole palawanensis,"PNM 6860, PNM 6859",2,,,,3
"Kabiwalan, Malalag, Davao Province, MIndanao Island",NA,,,6.550723,125.379768,yes,,,,,Microtarsus urostictus,MNH 3576,1,,,,4
"Kablon, Mt. Matutum, Tupi, Cotabato, Mindanao Island",NA,,,6.321464,125.034901,yes,,,,,Pycnonotus goiavier,"MNH 3868, MNH 3869, MNH 3870",3,,,,3
"Kabompo, Balovale, N Rhodesia",Zambia,,,-13.592678,24.200811,yes,Low(38),Unavailable,"-13.543232,23.104665,BALOVALE|Unavailable|Unavailable|Low(38),-14.183481,23.180919,KABOMPO|Unavailable|Unavailable|Low(37),-14.083333,23.5,KABOMPO|Unavailable|Unavailable|Low(37),-13.592678,24.200811,KABOMPO|Unavailable|Unavailable|Low(37),-13.6,24.1667,KABOMPO|Unavailable|Unavailable|Low(37),-13.489456,23.956094,KABOMPO|Unavailable|Unavailable|Low(37),-14.183,23.18,KABOMPO|Unavailable|Unavailable|Low(37)",,Atimastillas flavigula,1945.30.33,1,,,,3
"Kachin, 26�18_N 97�50_E",Myanmar,,,26.299668,97.833281,yes,Low(36),,"26,97.5,KACHIN|Unavailable|Unavailable|Low(36)",,Pycnonotus cafer,1939.12.8.126,1,,,,1
Kahe forest,United Republic of Tanzania,,,-3.478068,37.447409,yes,Low(34),,"-3.5,37.433333,KAHE|Unavailable|Unavailable|Low(34),-3.514714,37.431007,KAHE|Unavailable|Unavailable|Low(34),-3.5,37.45,KAHE|Unavailable|Unavailable|Low(34)",,Phyllastrephus cerviniventris,1936.7.2.127,1,,,,2
Kakamega Forest,NA,,,0.292148,34.88438,yes,,,,,"Baeopogon indicator, Bleda syndactylus, Chlorocichla laetissima, Eurillas latirostris, Phyllastrephus hypochloris, Eurillas ansorgei, Eurillas gracilis, Stelgidillas gracilirostris","25973, 25968, 25969, 25970, 26017, 26037, 26038, 26039, 25999, 26028, 26029, 26030, 26031, 26032, 26027, 26020, 26021, 26022",18,,,,3
Kakamega Forest NR (Buyangu),NA,,,0.348967,34.862922,yes,,,,,"Eurillas latirostris, Chlorocichla laetissima, Eurillas curvirostris, Eurillas gracilis, Phyllastrephus cabanisi, Bleda syndactylus","AA15345, AB4621, BB5946, AB4622, AA15347, AA15348, AA15349, AA15351, AA15352, AA15358, AA15359, AA21336, AA15360, AA15361, BB5949, AA15363, AA15366",17,,,,2
Kakamega Forest NR (Isecheno),NA,,,0.23638,34.866505,yes,,,,,"Eurillas latirostris, Phyllastrephus cabanisi, Eurillas curvirostris, Bleda syndactylus","AA10165, AA25155, AA25343, AA25351, AA25385, AA27028, AA27056, AA27077, AA27086, AA28022, AA28025, AA28026, AA28027, AA28028, AA28030, AA28031, AA28032, AB6019, AB6020, AB6021, AB6022",21,,,,2
Kakamega Forest National Reserve,NA,,,0.292148,34.88438,no,,,,,Chlorocichla laetissima,JHF 34572; FJJ D840,1,,,,3
Kakamega forest,Uganda,,,0.292148,34.88438,no,,,,,"Chlorocichla laetissima, Eurillas ansorgei","1969.48.30, 1960.41.9",2,,,,3
Lushai Hills,NA,,,23.234704,92.832197,yes,,,,,Pycnonotus jocosus,185241,1,,,,4
"Kambove, Belgian Congo",DRC,,,-10.876389,26.596944,yes,Low(43),Unavailable,"0,25,BELGIAN CONGO|Unavailable|Unavailable|Low(43),-10.876389,26.596944,KAMBOVE|Unavailable|Unavailable|Low(37),-10.8,26.583333,KAMBOVE|Unavailable|Unavailable|Low(37),-9.083333,27.3,KAMBOVE|Unavailable|Unavailable|Low(37),-6.433333,25.883333,KAMBOVE|Unavailable|Unavailable|Low(37),0,25,CONGO|Unavailable|Unavailable|Low(35)",,Atimastillas flavigula,1909.12.31.137,1,,,,2
"Kambu Hills, Kenema",Sierra Leone,,,7.951709,-11.190037,yes,Low(36),Unavailable,"9.076913,-12.455243,KENEMA|Unavailable|Unavailable|Low(36),8.752752,-10.745092,KENEMA|Unavailable|Unavailable|Low(36),8.957913,-10.741825,KENEMA|Unavailable|Unavailable|Low(36),7.275184,-11.967048,KENEMA|Unavailable|Unavailable|Low(36),7.580978,-12.169283,KENEMA|Unavailable|Unavailable|Low(36),7.226162,-11.424395,KENEMA|Unavailable|Unavailable|Low(36),9.182536,-12.084835,KENEMA|Unavailable|Unavailable|Low(36),7.895747,-11.958301,KENEMA|Unavailable|Unavailable|Low(36),7.951709,-11.190037,KENEMA|Unavailable|Unavailable|Low(36),7.904444,-11.202222,KENEMA|Unavailable|Unavailable|Low(36),7.598711,-11.591365,KENEMA|Unavailable|Unavailable|Low(36),8.397586,-10.858615,KENEMA|Unavailable|Unavailable|Low(36),7.323412,-12.278904,KENEMA|Unavailable|Unavailable|Low(36),7.593399,-11.726399,KENEMA|Unavailable|Unavailable|Low(36),9.059644,-11.936446,KENEMA|Unavailable|Unavailable|Low(36),8.216029,-11.630507,KENEMA|Unavailable|Unavailable|Low(36),8.1089,-11.754715,KENEMA|Unavailable|Unavailable|Low(36),7.979874,-12.822217,KENEMA|Unavailable|Unavailable|Low(36),8.833333,-10.916667,KENEMA|Unavailable|Unavailable|Low(36),8.831683,-10.914161,KENEMA|Unavailable|Unavailable|Low(36),8.836308,-10.65331,KENEMA|Unavailable|Unavailable|Low(36),8.07317,-12.028134,KENEMA|Unavailable|Unavailable|Low(36),8.087232,-12.12154,KENEMA|Unavailable|Unavailable|Low(36),9.216071,-12.060042,KENEMA|Unavailable|Unavailable|Low(36),7.983676,-11.51568,KENEMA|Unavailable|Unavailable|Low(36),8.005675,-11.887347,KENEMA|Unavailable|Unavailable|Low(36),8.303999,-11.167011,KENEMA|Unavailable|Unavailable|Low(36),7.87687,-11.190245,KENEMA|Unavailable|Unavailable|Low(36)",,Stelgidillas gracilirostris,1937.10.15.67,1,,,,3
Kampor/Kampot,Cambodia,,,10.61041,104.181448,yes,Low(36),Unavailable,"10.83333,104.33333,KAMPOT|Unavailable|Unavailable|Low(36),10.61041,104.181448,KAMPOT|Unavailable|Unavailable|Low(36),12.120374,104.961107,KAMPOT|Unavailable|Unavailable|Low(36),10.595766,104.176024,KAMPOT|Unavailable|Unavailable|Low(36),10.6167,104.1833,KAMPOT|Unavailable|Unavailable|Low(36),10.83333,104.33333,KAMPOT|Unavailable|Unavailable|Low(36),10.604208,104.256115,KAMPOT|Unavailable|Unavailable|Low(36),13.362806,105.126228,KAMPOT|Unavailable|Unavailable|Low(36)",,Pycnonotus conradi,1928.6.26.862,1,,,,3
"Kamptee,Nagpur",India,,,21.216146,79.197304,no,Low(37),unavailable,"21.216146,79.197304,KAMPTEE|Unavailable|Unavailable|Low(37),21.217137,79.194531,KAMPTEE|Unavailable|Unavailable|Low(37),20.565237,80.592582,NAGPUR|Unavailable|Unavailable|Low(36),25.831757,83.873154,NAGPUR|Unavailable|Unavailable|Low(36),24.73362,83.3137,NAGPUR|Unavailable|Unavailable|Low(36),25.949297,83.365462,NAGPUR|Unavailable|Unavailable|Low(36),16.365435,78.286362,NAGPUR|Unavailable|Unavailable|Low(36),20.02813,79.248788,NAGPUR|Unavailable|Unavailable|Low(36),28.251679,78.916857,NAGPUR|Unavailable|Unavailable|Low(36),26.938813,83.201823,NAGPUR|Unavailable|Unavailable|Low(36),31.032607,77.339191,NAGPUR|Unavailable|Unavailable|Low(36),29.656443,75.421459,NAGPUR|Unavailable|Unavailable|Low(36),23.287508,82.346147,NAGPUR|Unavailable|Unavailable|Low(36),22.849259,78.052185,NAGPUR|Unavailable|Unavailable|Low(36),25.367256,83.81864,NAGPUR|Unavailable|Unavailable|Low(36),21.145052,79.086061,NAGPUR|Unavailable|Unavailable|Low(36),21,79,NAGPUR|Unavailable|Unavailable|Low(36),26.858767,82.481979,NAGPUR|Unavailable|Unavailable|Low(36),17.863455,78.884747,NAGPUR|Unavailable|Unavailable|Low(36),24.67621,85.113428,NAGPUR|Unavailable|Unavailable|Low(36),25.032122,85.659934,NAGPUR|Unavailable|Unavailable|Low(36),23.214698,84.46606,NAGPUR|Unavailable|Unavailable|Low(36),29.156018,77.99659,NAGPUR|Unavailable|Unavailable|Low(36),21.153,79.084,NAGPUR|Unavailable|Unavailable|Low(36),20.1161,85.154013,NAGPUR|Unavailable|Unavailable|Low(36),22.192992,76.614686,NAGPUR|Unavailable|Unavailable|Low(36),26.299449,82.761911,NAGPUR|Unavailable|Unavailable|Low(36),27.152945,83.206741,NAGPUR|Unavailable|Unavailable|Low(36),21.043234,74.435287,NAGPUR|Unavailable|Unavailable|Low(36),22.955956,75.771607,NAGPUR|Unavailable|Unavailable|Low(36),22.199826,76.617369,NAGPUR|Unavailable|Unavailable|Low(36),22.704667,74.01401,NAGPUR|Unavailable|Unavailable|Low(36),30.654576,79.249506,NAGPUR|Unavailable|Unavailable|Low(36)",,Pycnonotus cafer,75.7.13.11,1,,,,2
Kampung Ahmad Takong,NA,,,4.820986,115.402312,yes,,,,,"Microtarsus melanocephalos, Pycnonotus brunneus","191385, 191386, 191401",3,,,,2
Kampung Annah Rais,NA,,,1.156486,110.26556,yes,,,,,Tricholestes criniger,191384,1,,,,2
Kampung Bukit Impas vicinity,NA,,,4.676665,114.930823,yes,,,,,Pycnonotus brunneus,"191397, 191398",2,,,,2
Kandahar,Afghanistan,,,31.6167,65.7167,yes,High(83),Unavailable,"31,65.75,KANDAHAR|Unavailable|Unavailable|High(83),31.613323,65.710126,KANDAHAR|Unavailable|Unavailable|High(83),31.507325,65.714941,KANDAHAR|Unavailable|Unavailable|High(83),31.6167,65.7167,KANDAHAR|Unavailable|Unavailable|High(83),31.50587,65.8478,KANDAHAR|Unavailable|Unavailable|High(83)",,Pycnonotus leucotis,"81.12.1.197, 86.9.1.1880, 84.10.8.227, 98.10.2.109",4,,,,3
"Kandang Badak, W. Java",Indonesia,,,-6.769222,106.97905,yes,Low(39),Unavailable,"-6.75,107.5,WEST JAVA|Unavailable|Unavailable|Low(39),5.2522,95.9068,KANDANG|Unavailable|Unavailable|Low(37),-6.1354,106.9245,KANDANG|Unavailable|Unavailable|Low(37),-6.106667,106.398889,KANDANG|Unavailable|Unavailable|Low(37),5.6154,95.1557,KANDANG|Unavailable|Unavailable|Low(37),-6.8543,109.5032,KANDANG|Unavailable|Unavailable|Low(37),-7.0869,110.0787,KANDANG|Unavailable|Unavailable|Low(37),-6.3105,106.8139,KANDANG|Unavailable|Unavailable|Low(37),-6.229,106.9923,KANDANG|Unavailable|Unavailable|Low(37),-6.443333,107.571667,KANDANG|Unavailable|Unavailable|Low(37),-6.539444,106.743333,KANDANG|Unavailable|Unavailable|Low(37),-6.109167,107.360833,KANDANG|Unavailable|Unavailable|Low(37),-0.391361,100.263271,KANDANG|Unavailable|Unavailable|Low(37),-7.366389,109.684444,KANDANG|Unavailable|Unavailable|Low(37),-7.638056,109.714444,KANDANG|Unavailable|Unavailable|Low(37),-6.268056,106.621111,KANDANG|Unavailable|Unavailable|Low(37),-8.033611,110.991111,KANDANG|Unavailable|Unavailable|Low(37),-7.1033,107.8907,KANDANG|Unavailable|Unavailable|Low(37),-6.799,111.7991,KANDANG|Unavailable|Unavailable|Low(37),-6.804162,106.005977,KANDANG|Unavailable|Unavailable|Low(37),-7.2348,108.0211,KANDANG|Unavailable|Unavailable|Low(37),-9.71,120.4882,KANDANG|Unavailable|Unavailable|Low(37),-3.8788,102.3137,KANDANG|Unavailable|Unavailable|Low(37),-6.9322,112.8792,KANDANG|Unavailable|Unavailable|Low(37),-2.2369,102.0282,KANDANG|Unavailable|Unavailable|Low(37),-8.6642,116.3947,KANDANG|Unavailable|Unavailable|Low(37),-7.7471,114.0833,KANDANG|Unavailable|Unavailable|Low(37),-3.6858,102.5946,KANDANG|Unavailable|Unavailable|Low(37),-7.7427,114.0747,KANDANG|Unavailable|Unavailable|Low(37),-6.967,110.6534,KANDANG|Unavailable|Unavailable|Low(37),-7.7589,114.0725,KANDANG|Unavailable|Unavailable|Low(37),-6.335556,106.601667,KANDANG|Unavailable|Unavailable|Low(37),3.0511,97.3231,KANDANG|Unavailable|Unavailable|Low(37)",,Pycnonotus bimaculatus,"1919.12.12.100, 1919.12.12.99",2,,,,3
Kandelay,Sri Lanka,,,7.290509,80.634908,yes,,,,,Rubigula melanictera,98.10.2.173,1,,,,3
"Kandugay, Siaton, Negros Oriental",NA,,,9.139277,123.038015,yes,,,,,Hypsipetes guimarasensis,4335,1,,,,2
Kangpokpi,NA,,,25.152732,93.971666,no,,,,,Pycnonotus jocosus,"185245, 185246",2,,,,2
"Kangpokpi, Manipur",India,,,25.152732,93.971666,no,Low(39),unavailable,"25.152732,93.971666,KANGPOKPI|Unavailable|Unavailable|Low(39),25.383149,83.926319,MANIPUR|Unavailable|Unavailable|Low(37),25.621997,82.640132,MANIPUR|Unavailable|Unavailable|Low(37),26.609796,79.665193,MANIPUR|Unavailable|Unavailable|Low(37),24.948075,81.402671,MANIPUR|Unavailable|Unavailable|Low(37),25.35395,80.354603,MANIPUR|Unavailable|Unavailable|Low(37),25.481034,82.101691,MANIPUR|Unavailable|Unavailable|Low(37),25.208295,83.984557,MANIPUR|Unavailable|Unavailable|Low(37),24.801706,80.47892,MANIPUR|Unavailable|Unavailable|Low(37),24.81722,92.954619,MANIPUR|Unavailable|Unavailable|Low(37),24.75,93.833333,MANIPUR|Unavailable|Unavailable|Low(37),25.189676,83.466013,MANIPUR|Unavailable|Unavailable|Low(37),22.281944,88.911111,MANIPUR|Unavailable|Unavailable|Low(37),25.57714,82.498353,MANIPUR|Unavailable|Unavailable|Low(37),27.829293,78.345945,MANIPUR|Unavailable|Unavailable|Low(37),30.315976,77.388617,MANIPUR|Unavailable|Unavailable|Low(37),21.346106,78.001184,MANIPUR|Unavailable|Unavailable|Low(37),25.969437,81.509504,MANIPUR|Unavailable|Unavailable|Low(37),26.095622,82.346313,MANIPUR|Unavailable|Unavailable|Low(37),26.269052,81.796057,MANIPUR|Unavailable|Unavailable|Low(37),29.151646,78.67664,MANIPUR|Unavailable|Unavailable|Low(37),21.09161,82.905846,MANIPUR|Unavailable|Unavailable|Low(37),26.127344,81.637461,MANIPUR|Unavailable|Unavailable|Low(37),25.923728,81.706253,MANIPUR|Unavailable|Unavailable|Low(37),26.167184,81.669165,MANIPUR|Unavailable|Unavailable|Low(37),26.598477,81.327491,MANIPUR|Unavailable|Unavailable|Low(37),25.847924,80.80533,MANIPUR|Unavailable|Unavailable|Low(37),25.046449,84.076917,MANIPUR|Unavailable|Unavailable|Low(37),27.052721,79.358072,MANIPUR|Unavailable|Unavailable|Low(37),25.469329,81.477235,MANIPUR|Unavailable|Unavailable|Low(37),26.020347,81.883192,MANIPUR|Unavailable|Unavailable|Low(37),26.368296,83.295984,MANIPUR|Unavailable|Unavailable|Low(37),25.924477,81.310816,MANIPUR|Unavailable|Unavailable|Low(37)",,Pycnonotus cafer,1965.M.9615,1,,,,2
"Kankiu, Upper Burma",Myanmar,,,27.377988,97.542363,no,Low(36),unavailable,"27.377988,97.542363,KANKIU|Unavailable|Unavailable|Low(36),21,96,BURMA|Unavailable|Unavailable|Low(35)",,Pycnonotus jocosus,1939.12.8.131,1,,,,2
Kanpur,NA,,,26.452497,80.334261,yes,,,,,Pycnonotus jocosus,209114,1,,,,3
"Kansan-a, Basay, Bayawan, Negros Oriental",NA,,,9.457424,122.681921,yes,,,,,Hypsipetes guimarasensis,"4336, 4337, 4353",3,,,,4
"Kantulongao, Siaton, Negros Oriental",NA,,,9.123687,123.033612,yes,,,,,Hypsipetes guimarasensis,"4323, 4324, 4325",3,,,,4
"Kanyimbe Village, Tangadzi, Nsanje",NA,,,-16.562594,35.082648,yes,,,,,Phyllastrephus terrestris,RCL 511,1,,,,3
Kaohsiung,Taiwan,,,22.616256,120.313329,yes,High(84),Unavailable,"22.6667,120.25,KAOHSIUNG|Unavailable|Unavailable|High(84),22.616256,120.313329,KAOHSIUNG|Unavailable|Unavailable|High(84),23.02166,120.65694,KAOHSIUNG|Unavailable|Unavailable|High(84),22.616256,120.313329,KAOHSIUNG|Unavailable|Unavailable|High(84),22.594387,120.272817,(g3)Kaohsiung|Unavailable|30000|Medium(59)",,Pycnonotus taivanus,ASIZA-0000754,1,,,,3
"Kapakilan, Cebu Province, Cebu Island",NA,,,9.566855,123.336265,yes,,,,,Pycnonotus goiavier,MNH 3956,1,,,,3
"Kapenguria, W. Suk",Kenya,,,1.238889,35.111944,yes,Low(40),Unavailable,"1.216667,35.116667,KAPENGURIA|Unavailable|Unavailable|Low(40),1.238889,35.111944,KAPENGURIA|Unavailable|Unavailable|Low(40),1.2333,35.1333,KAPENGURIA|Unavailable|Unavailable|Low(40)",,Chlorocichla laetissima,"1935.5.13.96, 1935.5.13.95",2,,,,3
Karachi,Pakistan,,,24.863127,67.003475,yes,High(82),,"24.940072,66.931671,KARACHI|Unavailable|Unavailable|High(82),24.9056,67.0822,KARACHI|Unavailable|Unavailable|High(82),25.08761,67.229845,KARACHI|Unavailable|Unavailable|High(82),24.9056,67.0822,KARACHI|Unavailable|Unavailable|High(82),30.197014,70.069741,KARACHI|Unavailable|Unavailable|High(82)",,Pycnonotus leucotis,"1941.5.30.1264, 1941.5.30.1268, 1941.5.30.1265",3,,,,3
"Karachi Creek, Cebu City, Cebu Island",NA,,,10.342116,123.909402,yes,,,,,Hypsipetes philippinus,MNH 4305,1,,,,3
"Karachoche Creek, Cebu City, Cebu Island",NA,,,10.342116,123.909402,no,,,,,Pycnonotus goiavier,MNH 3946,1,,,,3
"Karachuchi, Cebu City, Cebu Island",NA,,,10.342116,123.909402,no,,,,,Hypsipetes philippinus,MNH 4220,1,,,,3
"Karatsutsi, Cebu Island",NA,,,10.343989,123.900747,yes,,,,,Pycnonotus goiavier,MNH 3931,1,,,,3
Karong,NA,,,25.303005,94.044542,yes,,,,,"Ixos mcclellandii, Pycnonotus cafer, Pycnonotus jocosus, Spizixos canifrons","185638, 185639, 185642, 185643, 185644, 185645, 185646, 185647, 185648, 185649, 185650, 185651, 185652, 185653, 185654, 185655, 185656, 185657, 185658, 185659, 185660, 185048, 185049, 185050, 185051, 185052, 185053, 185265, 185266, 185267, 185268, 185269, 185270, 185271, 185272, 185273, 185274, 185275, 185276, 185277, 185278, 185279, 185280, 184878, 184879, 184880, 184881, 184882, 184883",49,,,,2
"Kasarawagan, Basey, Samar",NA,,,11.400212,125.158167,yes,,,,,Hypsipetes everetti,PNM 11691,1,,,,4
Kashmir,India,,,33.91667,76.66667,no,High(82),unavailable,"33.91667,76.66667,KASHMIR|Unavailable|Unavailable|High(82),31.336368,77.175049,KASHMIR|Unavailable|Unavailable|High(82),24.869157,86.179941,KASHMIR|Unavailable|Unavailable|High(82)",,Hypsipetes leucocephalus,BM Reg 80.1.1.2056,1,,,,5
"Katase, Sagami-wan, Honshu",NA,,,35.316043,139.484676,yes,,,,,Hypsipetes amaurotis,JHF 26197; VM 6750; HKC 21831,1,,,,2
Kathmandu,Nepal,,,27.716,85.3167,yes,High(84),Unavailable,"27.75,85.416667,KATHMANDU|Unavailable|Unavailable|High(84),27.716667,85.316667,KATHMANDU|Unavailable|Unavailable|High(84),27.716,85.3167,KATHMANDU|Unavailable|Unavailable|High(84)",,"Pycnonotus leucogenys, Pycnonotus cafer","1938.7.15.964, 1938.7.15.848, 86.9.1.1842",3,,,,3
"Katipunan, Miatan, Zamboanga",Philippines,,,8.411601,123.275662,yes,Medium(59),,"6.907358,122.069655,(g3)Zamboanga|Unavailable|6114|Medium(59),6.907358,122.069655,(g3)ZAMBOANGA|Unavailable|6114|Medium(59),6.907358,122.069655,(g3)Zamboanga|Unavailable|6114|Medium(59)",,Pycnonotus goiavier,"PNM 4084, PNM 4085",2,,,,3
"Kaunghpo, S. Shan States",Myanmar,,,21.143234,96.685246,yes,Low(27),,"22,98,SHAN STATE|Unavailable|Unavailable|Low(27)",,Hypsipetes thompsoni,1903.12.24.226,1,,,,3
"Kawaigan, Minolo, Puerto Galera",NA,,,13.505116,120.917427,yes,,,,,Pycnonotus goiavier, PNM 16091,1,,,,2
"Kawitan, Sta. Catalina, Negros Oriental",NA,,,9.302183,122.886812,yes,,,,,Hypsipetes guimarasensis,"4317, 4318, 4361",3,,,,3
"Kawitan, Sta. Catalina, Negros Oriental, Negros Is.",NA,,,9.302183,122.886812,no,,,,,Hypsipetes guimarasensis,MNH 4361,1,,,,3
"Kawitan, Sta. Catalina, Negros Oriental, Negros Island",NA,,,9.302183,122.886812,no,,,,,Pycnonotus goiavier,MNH 3811,1,,,,3
"Kayeli, Buru",Indonesia,,,-3.383719,127.106475,yes,Low(36),Unavailable,"-3.4167,127.1167,KAYELI|Unavailable|Unavailable|Low(36),-3.383719,127.106475,KAYELI|Unavailable|Unavailable|Low(36),-8.7093,120.2643,BURU|Unavailable|Unavailable|Low(34),-8.8409,121.2215,BURU|Unavailable|Unavailable|Low(34),-4.2245,134.9481,BURU|Unavailable|Unavailable|Low(34),0.9,103.5,BURU|Unavailable|Unavailable|Low(34),-3.4,126.65,BURU|Unavailable|Unavailable|Low(34),-4.3328,135.0055,BURU|Unavailable|Unavailable|Low(34),-3.410723,126.659431,BURU|Unavailable|Unavailable|Low(34)",,Hypsipetes mysticalis,1910.12.28.191,1,,,,2
"Kayonsa Forest, Kigesi, SW. Uganda",Uganda,,,-0.539389,29.856991,yes,Low(36),Unavailable,"1.25,32.5,UGANDA|Unavailable|Unavailable|Low(36),2,33,UGANDA|Unavailable|Unavailable|Low(36)",,Arizelocichla kikuyuensis,1934.1.17.6,1,,,,3
"Kazi, Ruwenzori",Uganda,,,0.349229,29.9235,yes,Low(39),,"0.409652,29.890541,RUWENZORI|Unavailable|Unavailable|Low(39),0.916667,32.666667,KAZI|Unavailable|Unavailable|Low(34),0.211915,32.611856,KAZI|Unavailable|Unavailable|Low(34),0.338674,32.775444,KAZI|Unavailable|Unavailable|Low(34),0.418816,32.858066,KAZI|Unavailable|Unavailable|Low(34)",,Arizelocichla kikuyuensis,1904.11.20.168,1,,,,4
"Kechi Village, Tsu-Shima",Japan,,,34.258889,129.308056,yes,Low(39),Unavailable,"34.241592,133.702892,TSU-SHIMA|Unavailable|Unavailable|Low(39),33.638383,134.448655,TSU-SHIMA|Unavailable|Unavailable|Low(39),34.15212,133.00047,TSU-SHIMA|Unavailable|Unavailable|Low(39),34.258889,129.308056,KECHI|Unavailable|Unavailable|Low(35),34.9833,135.3333,SHIMA|Unavailable|Unavailable|Low(35),34.79219,135.574632,SHIMA|Unavailable|Unavailable|Low(35),34.337947,136.813362,SHIMA|Unavailable|Unavailable|Low(35),34.333333,136.833333,SHIMA|Unavailable|Unavailable|Low(35),36.689426,138.776474,SHIMA|Unavailable|Unavailable|Low(35),39.80019,140.065076,SHIMA|Unavailable|Unavailable|Low(35),39.491011,141.17221,SHIMA|Unavailable|Unavailable|Low(35),39.325375,141.209156,SHIMA|Unavailable|Unavailable|Low(35),35.919501,139.900374,SHIMA|Unavailable|Unavailable|Low(35),35.305039,140.310237,SHIMA|Unavailable|Unavailable|Low(35),32.944671,130.579762,SHIMA|Unavailable|Unavailable|Low(35),34.979691,135.326929,SHIMA|Unavailable|Unavailable|Low(35),35.314828,139.502699,TSU|Unavailable|Unavailable|Low(33),33.199749,130.37377,TSU|Unavailable|Unavailable|Low(33),34.15212,133.00047,TSU|Unavailable|Unavailable|Low(33),34.6833,136.5,TSU|Unavailable|Unavailable|Low(33),34.733333,136.516667,TSU|Unavailable|Unavailable|Low(33),33.980339,131.735934,SU-SHIMA|Unavailable|Unavailable|Low(25),32.182896,129.967756,U-SHIMA|Unavailable|Unavailable|Low(24),34.733333,136.516667,TSU-SHI|Unavailable|Unavailable|Low(24),34.187652,133.087573,U-SHIMA|Unavailable|Unavailable|Low(24),26.333333,126.75,U-SHIMA|Unavailable|Unavailable|Low(24),34.659995,136.366558,TSU-SHI|Unavailable|Unavailable|Low(24)",,Hypsipetes amaurotis,98.10.2.63,1,,,,2
Kedah,Malaysia,,,6,100.666667,yes,High(80),Unavailable,"5.483333,102.1,KEDAH|Unavailable|Unavailable|High(80),6,100.666667,KEDAH|Unavailable|Unavailable|High(80)",,Microtarsus eutilotus,1905.2.1.336,1,,,,4
"Kelabit Highlands, Bario, Pa'ukat",NA,,,4.220755,114.355601,yes,,,,,"Alophoixus ruficrissus, Microtarsus melanoleucos, Rubigula montis, Hemixos cinereus","187639, 187640, 187641, 187642, 187656, 187646, 187643, 187644, 187645",9,,,,2
"Kelabit Highlands, Bario, Pa'umor",NA,,,4.220755,114.355601,no,,,,,Alophoixus ruficrissus,"187637, 187638",2,,,,2
Kfar Masaryk,NA,,,32.89104,35.097226,yes,,,,,Pycnonotus xanthopygos,"4187, 4188",2,,,,2
Kfar Ruppin,NA,,,32.457301,35.555765,yes,,,,,Pycnonotus xanthopygos,"6620, 5661",2,,,,2
Kfar Yehoshua,NA,,,32.680882,35.152533,yes,,,,,Pycnonotus xanthopygos,11056,1,,,,2
"Khao Luong Muang Sri Tamarat, Pen. Siam",Thailand,,,17.313035,101.579664,yes,Low(34),,"15.5,101,SIAM|Unavailable|Unavailable|Low(34),15,100,SIAM|Unavailable|Unavailable|Low(34)",,Rubigula squamata,1936.4.12.1915,1,,,,3
"Khao Ram Falls, Pen. Siam",Malaysia,,,8.219179,99.805311,yes,,,,,Ixos malaccensis,1936.4.12.1766,1,,,,2
"Khao Ram Falls, Pen. Siam",Thailand,,,8.219179,99.805311,no,Low(38),unavailable,"7.068194,100.622472,KHAO RAM|Unavailable|Unavailable|Low(38),15,100,SIAM|Unavailable|Unavailable|Low(34),15.5,101,SIAM|Unavailable|Unavailable|Low(34),9.771333,100.02575,KHAO RA|Unavailable|Unavailable|Low(24)",,Ixos malaccensis,1955.1.5513,1,,,,2
"Khao Ram, Siam, Thailand",Thailand,,,8.219179,99.805311,no,Low(38),unavailable,"15.5,101,THAILAND|Unavailable|Unavailable|Low(38),15,100,THAILAND|Unavailable|Unavailable|Low(38),7.068194,100.622472,KHAO RAM|Unavailable|Unavailable|Low(38),15,100,SIAM|Unavailable|Unavailable|Low(34),15.5,101,SIAM|Unavailable|Unavailable|Low(34),9.771333,100.02575,KHAO RA|Unavailable|Unavailable|Low(24)",,Alophoixus tephrogenys,"1936.4.12.1871, 1955.1.5767",2,,,,2
"Khao Sabah, Chantabun, SE. Siam",Thailand,,,14.554889,101.162444,yes,Low(40),Unavailable,"14.554889,101.162444,KHAO SABAH|Unavailable|Unavailable|Low(40),12.609611,102.104472,CHANTABUN|Unavailable|Unavailable|Low(39),15,100,SIAM|Unavailable|Unavailable|Low(34),15.5,101,SIAM|Unavailable|Unavailable|Low(34),14.554889,101.162444,KHAO SABA|Unavailable|Unavailable|Low(26),12.783333,101.416667,KHAO SABA|Unavailable|Unavailable|Low(26),13.066667,102.216667,KHAO SABA|Unavailable|Unavailable|Low(26),10.365291,99.042885,KHAO SABA|Unavailable|Unavailable|Low(26),14.200556,99.635778,KHAO SABA|Unavailable|Unavailable|Low(26),6.806945,100.598056,KHAO SA|Unavailable|Unavailable|Low(24),8.493833,98.751972,KHAO SA|Unavailable|Unavailable|Low(24),14.816667,101.666667,KHAO SA|Unavailable|Unavailable|Low(24),6.663518,100.816001,KHAO SA|Unavailable|Unavailable|Low(24)",,Pycnonotus finlaysoni,1955.1.5611,1,,,,2
"Khasi Hills, Mawphlang",NA,,,25.444995,91.748815,yes,,,,,"Ixos mcclellandii, Pycnonotus cafer, Pycnonotus jocosus, Spizixos canifrons","185550, 185551, 185552, 185553, 185554, 185555, 185556, 185557, 185558, 185559, 185560, 185561, 185562, 185563, 185564, 185565, 185566, 185567, 185568, 185569, 185570, 185571, 185572, 185573, 185574, 185575, 185576, 185577, 185578, 185580, 185581, 185582, 184983, 184984, 184985, 184987, 184988, 184989, 184990, 184992, 184993, 184994, 184995, 184996, 184998, 184999, 185000, 185001, 185002, 185004, 185005, 190618, 185255, 185264, 184816, 184818, 184819, 184820, 184821, 184822, 184823, 184824, 184825, 184826, 184828, 184829, 184832, 184833, 184834, 184835, 184836, 184837, 184838, 184839, 184840, 184841, 184842, 184843, 184844, 184845, 184846, 184848, 184849, 184850, 184851, 184852, 184853, 184854, 184855, 184858, 184859, 184860, 184861, 184862, 184864, 184865, 184868, 184869, 184870, 184871, 184872, 184873, 184874, 184875, 184876, 184877, 190613, 190614, 190615, 190616, 190617",111,,,,2
"Khasi Hills, Mawrygkneng",NA,,,25.551131,92.053171,yes,,,,,"Ixos mcclellandii, Pycnonotus cafer","185530, 185531, 185532, 185533, 185534, 185535, 185536, 185537, 185538, 185539, 185540, 185541, 185542, 185543, 185544, 185545, 185546, 185547, 185548, 185549, 185010, 185011, 185012, 185013, 185015, 185016, 185017, 185018, 185019, 185020, 185021, 185023, 185024, 185025, 185027, 185028, 185030, 185031, 185032, 185033, 185034, 185035, 185036, 185037, 185038, 185039, 185040, 185041, 185042, 185043, 185044, 185045, 185046, 185047",54,,,,3
"Kia Ting, Sichuan",China,,,29.443436,103.701036,yes,Low(37),Unavailable,"22.8034,110.482,SICHUAN|Unavailable|Unavailable|Low(37),30.5,102.666667,SICHUAN|Unavailable|Unavailable|Low(37),35.4348,104.666,SICHUAN|Unavailable|Unavailable|Low(37),35.122098,105.480318,SICHUAN|Unavailable|Unavailable|Low(37),24.770833,116.534722,TING|Unavailable|Unavailable|Low(34),38.513056,114.995556,TING|Unavailable|Unavailable|Low(34)",,Spizixos semitorques,1954.59.172,1,,,,4
"Kibawalan Malalag, Davao Province, Mindanao",Philippines,,,6.51584,125.365431,yes,Low(44),Unavailable,"7.622328,125.674749,DAVAO PROVINCE|Unavailable|Unavailable|Low(44),14.509425,120.98723,MINDANAO|Unavailable|Unavailable|Low(38),8,125,MINDANAO|Unavailable|Unavailable|Low(38),14.19258,121.167904,MINDANAO|Unavailable|Unavailable|Low(38),7.2575,124.203611,MINDANAO|Unavailable|Unavailable|Low(38),9.6441,123.3256,MINDANAO|Unavailable|Unavailable|Low(38),9.645452,123.349539,MINDANAO|Unavailable|Unavailable|Low(38),7.029,124.505,MINDANAO|Unavailable|Unavailable|Low(38),6.5,125,MINDANAO|Unavailable|Unavailable|Low(38),5.882778,124.866389,MALALAG|Unavailable|Unavailable|Low(37),6.090556,125.288889,MALALAG|Unavailable|Unavailable|Low(37),6,124.6,MALALAG|Unavailable|Unavailable|Low(37),6.595833,125.397778,MALALAG|Unavailable|Unavailable|Low(37),6.595833,125.399167,MALALAG|Unavailable|Unavailable|Low(37),9.7581,123.409,MALALAG|Unavailable|Unavailable|Low(37),8.4868,123.4004,MALALAG|Unavailable|Unavailable|Low(37),7.316667,125.433333,DAVAO|Unavailable|Unavailable|Low(35),7.622,125.666,DAVAO|Unavailable|Unavailable|Low(35),7.073056,125.612778,DAVAO|Unavailable|Unavailable|Low(35),7.0833,125.6333,DAVAO|Unavailable|Unavailable|Low(35),7.073,125.612,DAVAO|Unavailable|Unavailable|Low(35),14.446059,120.978212,DAVAO|Unavailable|Unavailable|Low(35),7.316667,125.433333,DAVAO|Unavailable|Unavailable|Low(35),7.063611,125.619167,DAVAO|Unavailable|Unavailable|Low(35),7.622328,125.674749,DAVAO|Unavailable|Unavailable|Low(35),7.133333,125.65,DAVAO|Unavailable|Unavailable|Low(35)",,Hypsipetes philippinus,"4459, 4460, 4461, 4462, 4463, 4464, 4465, 4432*, 4431*",9,,,,2
"Kibawalan, Malalag, Davao Prov., Mindanao Island",NA,,,6.51584,125.365431,no,,,,,Microtarsus urostictus,"MNH 3687, MNH 3682, MNH 3680, MNH 3679, MNH 3678, MNH 3677",6,,,,2
"Kibawalan, Malalag, Davao Province, Mindanao Island",NA,,,6.51584,125.365431,no,,,,,"Pycnonotus goiavier, Microtarsus urostictus","MNH 3882, MNH 3737, MNH 3729, MNH 3728, MNH 3727",5,,,,2
"Kibawalan, Malalag, Davao del Norte, Mindanao Island",NA,,,6.51584,125.365431,no,,,,,Microtarsus urostictus,"MNH 3738, MNH 3730",2,,,,2
"Kibirau, Toro",Uganda,,,0.642618,30.262968,yes,,,,,"Baeopogon indicator, Phyllastrephus cabanisi","JHF 34573; FJJ H735, JHF 34590",2,,,,4
"Kiboriani, Mt. Mpwapwa",United Republic of Tanzania,,,-6.283333,36.483333,yes,Low(39),Unavailable,"-6.283333,36.483333,KIBORIANI|Unavailable|Unavailable|Low(39),-6.35,36.483333,MPWAPWA|Unavailable|Unavailable|Low(37),-6.317206,36.510138,MPWAPWA|Unavailable|Unavailable|Low(37),-6.682574,36.321449,MPWAPWA|Unavailable|Unavailable|Low(37)",,Arizelocichla chlorigula,"1937.12.27.180, 1937.12.27.182",2,,,,2
"Kibwezi, Machakos dist",NA,,,-2.413021,37.963836,yes,,,,,Phyllastrephus strepitans,JHF 34589,1,,,,2
Kikuyu,NA,,,-0.874928,36.68307,yes,,,,,"Phyllastrephus cabanisi, Arizelocichla kikuyuensis","1034; WR 2637, WR 2637; 1055",2,,,,3
Kikuyu Forest,NA,,,-0.874928,36.68307,no,,,,,Phyllastrephus cabanisi,JHF 34586,1,,,,3
Kilifi,NA,,,-3.619478,39.847734,yes,,,,,Andropadus importunus,26033,1,,,,2
Kilwa Masoko,NA,,,-8.927728,39.511621,yes,,,,,Pycnonotus barbatus,"159509, 159510",2,,,,2
"Kina Balu, Sabah, Borneo",NA,,,6.072959,116.5608,yes,,,,,Alophoixus ruficrissus,"UMZC 27/Pyc/5/g/5, UMZC 27/Pyc/5/g/8, UMZC 27/Pyc/5/g/9",3,,,,4
Kinabalu,Malaysia,,,6.072959,116.5608,yes,High(83),,"5.9749,116.0724,KINABALU|Unavailable|Unavailable|High(83)",,"Alophoixus ruficrissus, Pycnonotus leucops, Rubigula montis","1908.12.9.24, 98.9.12.28.2477, 1908.12.9.22, 98.9.12.26.1000, 1969.27.317, 93.6.10.5, 98.10.2.185, 1969.29.190, 98.10.2.184, 92.10.20.47, 92.10.30.46, 1969.29.188, 98.10.2.359",13,,,,4
Kinabalu,NA,,,6.072959,116.5608,no,,,,,Alophoixus ochraceus,P6V103837,1,,,,4
"Kinabalu Park, Sayap substation, approximately 18 km N park headquarters",NA,,,6.164147,116.565134,yes,,,,,Hemixos cinereus,168303,1,,,,1
"Kinabalu Park, Serinsim",NA,,,6.293925,116.707849,yes,,,,,"Alophoixus tephrogenys, Pycnonotus brunneus, Rubigula erythropthalmos, Tricholestes criniger","176504, 176505, 176506, 176499, 176500, 176501, 176489, 176490, 176491, 176492, 176493, 176494, 176495, 176517",14,,,,1
"Kinabalu, Borneo",Malaysia,,,6.072959,116.5608,no,Low(38),unavailable,"5.9749,116.0724,KINABALU|Unavailable|Unavailable|Low(38),4,115,BORNEO|Unavailable|Unavailable|Low(36),1,114,BORNEO|Unavailable|Unavailable|Low(36)",,"Hemixos cinereus, Pycnonotus goiavier","1908.12.9.29, 1969.27.365, 1908.12.9.32, 1908.12.9.38",4,,,,4
"Kinabuhayan, Dolores, Quezon, Luzon Island",NA,,,14.052036,121.43712,yes,,,,,Hypsipetes philippinus,"MNH 4081, MNH 4041",2,,,,3
"Kinole, North Uluguru Mts.",United Republic of Tanzania,,,-6.911929,37.758256,yes,Low(36),,"-6.9,37.766667,KINOLE|Unavailable|Unavailable|Low(36),-6.894509,37.784083,KINOLE|Unavailable|Unavailable|Low(36)",,Arizelocichla neumanni,1937.12.27.167,1,,,,2
Kisala Forest,NA,,,1.016986,31.149332,yes,,,,,Atimastillas flavigula,WR 2808,1,,,,3
"Kiu Kong Chin Mt, Central Taiwan",NA,,,24.008825,120.787384,yes,,,,,Hypsipetes leucocephalus,WR 612,1,,,,3
"Kiung Chau, Hainan?",NA,,,19.978502,110.208236,yes,,,,,Pycnonotus sinensis,JHF 24589; K 6,1,,,,3
Klang,Malaysia,,,3.036667,101.443333,no,High(80),unavailable,"3.036667,101.443333,KLANG|Unavailable|Unavailable|High(80),3,101.45,KLANG|Unavailable|Unavailable|High(80)",,"Iole crypta, Iole finschii","86.9.1.2304, 86.9.1.1564, 86.9.1.1563",3,,,,3
Klang,NA,,,3.036667,101.443333,no,,,,,"Iole crypta, Pycnonotus goiavier","WD (4), (26); 452",2,,,,3
"Klias Forest Reserve, 8 km W Beaufort",Malaysia,,,5.310036,115.644389,yes,High(83),,"5.347296,115.672885,Distance West of BEAUFORT|Unavailable|Unavailable|High(83),5.333329,115.594053,Distance West of BEAUFORT|Unavailable|Unavailable|High(83)",,"Microtarsus melanocephalos, Setornis criniger","176476, 176508, 176509",3,,,,3
"Klong Bang Lai, Siam",Thailand,,,13.730815,100.463535,yes,Low(38),Unavailable,"16.197722,100.230222,BANG LAI|Unavailable|Unavailable|Low(38),6.802055,100.621084,KLONG|Unavailable|Unavailable|Low(35),15,100,SIAM|Unavailable|Unavailable|Low(34),15.5,101,SIAM|Unavailable|Unavailable|Low(34),12.510208,102.106812,KLONG BAN|Unavailable|Unavailable|Low(26)",,Pycnonotus jocosus,1916.12.27.751,1,,,,2
"Klong Wahip, Siam",Thailand,,,8.302788,99.696968,yes,Low(35),,"6.802055,100.621084,KLONG|Unavailable|Unavailable|Low(35),15.5,101,SIAM|Unavailable|Unavailable|Low(34),15,100,SIAM|Unavailable|Unavailable|Low(34)",,Pycnonotus jocosus,"1916.12.27.744, 1916.12.27.748",2,,,,3
"Ko-ong, Cebu City, Cebu Island",NA,,,10.293541,123.895275,yes,,,,,Pycnonotus goiavier,MNH 3945,1,,,,3
Kodaikanal,NA,,,10.241854,77.496921,yes,,,,,Pycnonotus jocosus,185217,1,,,,3
"Koh Chang, SE Siam",Thailand,,,12.053322,102.335909,no,Low(39),unavailable,"12.053322,102.335909,KOH CHANG|Unavailable|Unavailable|Low(39),9.834111,98.450658,KOH CHANG|Unavailable|Unavailable|Low(39),18.85175,100.811944,CHANG|Unavailable|Unavailable|Low(35),11.032876,99.517695,CHANG|Unavailable|Unavailable|Low(35),15,100,SIAM|Unavailable|Unavailable|Low(34),15.5,101,SIAM|Unavailable|Unavailable|Low(34),18.796563,101.026233,KOH|Unavailable|Unavailable|Low(33),12.519839,100.97055,KOH CHAN|Unavailable|Unavailable|Low(25),11.916567,102.472458,KOH CHAN|Unavailable|Unavailable|Low(25),11.624719,99.774196,KOH CHAN|Unavailable|Unavailable|Low(25),12.514896,101.442783,KOH CHAN|Unavailable|Unavailable|Low(25)",,Alophoixus ochraceus,1915.10.14.109,1,,,,3
Kohima,NA,,,25.673452,94.10734,yes,,,,,"Ixos mcclellandii, Pycnonotus cafer, Pycnonotus jocosus, Spizixos canifrons","185610, 185611, 185612, 185613, 185614, 185615, 185616, 185055, 185056, 185062, 185063, 185065, 185066, 185236, 185237, 184887, 184888",17,,,,3
Kolkata,India,,,22.562627,88.363044,no,High(82),unavailable,"22.562627,88.363044,KOLKATA|Unavailable|Unavailable|High(82)",,Pycnonotus cafer,1965.M.9607,1,,,,3
Kolkata,NA,,,22.562627,88.363044,no,,,,,Pycnonotus jocosus,"JHF 3989, JHF 4012, JHF 3990",3,,,,3
Kompong Thom,Cambodia,,,12.711122,104.888732,no,High(87),unavailable,"12.711122,104.888732,KOMPONG THOM|Unavailable|Unavailable|High(87),12.83333,105,KOMPONG THOM|Unavailable|Unavailable|High(87)",,Pycnonotus conradi,1928.6.26.866,1,,,,2
Konang-Tcheou-Wan,China,,,21.06712,110.526813,yes,Low(33),,"30.815439,108.370891,WAN|Unavailable|Unavailable|Low(33),30.816667,108.35,WAN|Unavailable|Unavailable|Low(33),18.804542,110.395123,WAN|Unavailable|Unavailable|Low(33),30.815439,108.370891,WAN|Unavailable|Unavailable|Low(33),30.816667,108.35,WAN|Unavailable|Unavailable|Low(33)",,"Pycnonotus jocosus, Pycnonotus aurigaster","1935.10.23.461, 1935.10.23.456, 1935.10.23.453, 1935.10.23.458",4,,,,3
Kordofan,NA,,,13.083239,30.34989,yes,,,,,Pycnonotus barbatus,UMZC 27/Pyc/11/d/3,1,,,,2
"Korinchi Peak, Sumatra",Indonesia,,,-1.696861,101.264243,yes,Low(37),,"0,102,SUMATRA|Unavailable|Unavailable|Low(37),-1.2523,122.8697,PEAK|Unavailable|Unavailable|Low(34)",,Pycnonotus bimaculatus,1920.6.29.220,1,,,,4
Kossoom,Thailand,,,16.293871,103.021619,yes,,,,,Pycnonotus goiavier,"86.9.1.1941, 86.9.1.1944, 86.9.1.1946, 86.9.1.1945",4,,,,3
"Kota Bellud, N. Borneo",Malaysia,,,6.290654,116.443878,yes,Low(42),Unavailable,"5.5,117,NORTH BORNEO|Unavailable|Unavailable|Low(42),1,114,BORNEO|Unavailable|Unavailable|Low(36),4,115,BORNEO|Unavailable|Unavailable|Low(36),6.08549,102.251272,KOTA|Unavailable|Unavailable|Low(34),5.430786,100.435245,KOTA|Unavailable|Unavailable|Low(34),5.5833,100.3833,KOTA|Unavailable|Unavailable|Low(34),5.583333,100.383333,KOTA|Unavailable|Unavailable|Low(34),2.55,102.1667,KOTA|Unavailable|Unavailable|Low(34),2.519,102.156,KOTA|Unavailable|Unavailable|Low(34)",,Iole charlottae,19415.30.80,1,,,,4
"Kota Samarahan, UNIMAS campus forest",NA,,,1.466283,110.437017,yes,,,,,Pycnonotus brunneus,187587,1,,,,1
Kota-Kota,Malawi,,,-12.928502,34.266744,yes,,,,,Andropadus importunus,1946.5.721,1,,,,3
"Koto Gadang, Pasilihan, Solok, West Sumatra",NA,,,-0.316473,100.34247,yes,,,,,Rubigula dispar,MZUA-171,1,,,,2
"Kpatawee, approximately 15 km NW Cuttington University College",NA,,,6.423784,-10.265435,yes,,,,,Eurillas latirostris,148301,1,,,,2
Krasom,NA,,,8.431837,98.425442,yes,,,,,"Pycnonotus finlaysoni, Pycnonotus jocosus, Pycnonotus zeylanicus","JHF 3233; D 452, (16); JD 460, JD 449; (16), JHF 3223; JD 449",4,,,,2
"Krus river, Trengganu",Malaysia,,,5.068028,102.943403,yes,Low(39),Unavailable,"5.3302,103.1408,TRENGGANU|Unavailable|Unavailable|Low(39),5,103,TRENGGANU|Unavailable|Unavailable|Low(39)",,Pycnonotus zeylanicus,1936.4.12.1892,1,,,,4
Kuala Lumpur,Malaysia,,,3.166667,101.7,no,High(87),unavailable,"3.166667,101.7,KUALA LUMPUR|Unavailable|Unavailable|High(87),3.116667,101.683333,KUALA LUMPUR|Unavailable|Unavailable|High(87),3.1667,101.7,KUALA LUMPUR|Unavailable|Unavailable|High(87)",,Iole crypta,1936.4.12.1718,1,,,,3
Kuatun,China,,,27.758111,118.020097,yes,,,,,Ixos mcclellandii,1903.7.3.149,1,,,,3
"Kuching Division, Kuching District",NA,,,1.54971,110.121614,yes,,,,,Alophoixus phaeocephalus,187865,1,,,,4
"Kudat, Borneo",NA,,,6.796356,116.730577,yes,,,,,Pycnonotus plumosus,JHF 35311,1,,,,4
"Kukal, Coonoor Ghat",NA,,,10.295803,77.365018,yes,,,,,Acritillas indica,RGW-R 16,1,,,,2
Kulu,NA,,,31.956796,77.110101,yes,,,,,Pycnonotus cafer,"78944, 78945",2,,,,2
"Kumamoto, Kyushu",NA,,,32.828802,130.699178,yes,,,,,Hypsipetes amaurotis,"UMZC 27/Pyc/6/b/7, UMZC 27/Pyc/6/b/6, UMZC 27/Pyc/6/b/5, UMZC 27/Pyc/6/b/4",4,,,,3
"Kumaon, India",NA,,,29.833333,79.5,yes,,,,,"Hemixos flavala, Pycnonotus leucogenys","UMZC 27/Pyc/6/h/3, UMZC 27/Pyc/6/h/2, UMZC 27/Pyc/11/v/2",3,,,,4
"Kumaon, UK",India,,,29.833333,79.5,no,Low(36),unavailable,"29.833333,79.5,KUMAON|Unavailable|Unavailable|Low(36),29.833,79.508,KUMAON|Unavailable|Unavailable|Low(36)",,Rubigula flaviventris,16284,1,,,,4
"Kumassi, Gold Coast",Ghana,,,6.693617,-1.621792,yes,Low(40),Unavailable,"5.333333,-0.75,GOLD COAST|Unavailable|Unavailable|Low(40),8,-1,GOLD COAST|Unavailable|Unavailable|Low(40),5.3333,-0.75,GOLD COAST|Unavailable|Unavailable|Low(40),6.693617,-1.621792,KUMASSI|Unavailable|Unavailable|Low(37)",,Calyptocichla serinus,1936.2.21.306,1,,,,3
Kumba,Cameroon,,,4.6363,9.4469,no,High(80),unavailable,"4.6363,9.4469,KUMBA|Unavailable|Unavailable|High(80),4.6921,9.2097,KUMBA|Unavailable|Unavailable|High(80),4.65,9.4333,KUMBA|Unavailable|Unavailable|High(80),4.5307,9.4997,KUMBA|Unavailable|Unavailable|High(80)",,"Baeopogon clamans, Calyptocichla serinus, Criniger chloronotus, Eurillas ansorgei, Ixonotus guttatus, Phyllastrephus xavieri","1966.16.1166, 1966.16.1164, 1966.16.1533, 1966.16.1670, 1966.16.1043, 1966.16.1047, 1966.16.1204, 1966.16.1319, 1966.16.1318, 1966.16.1310, 1966.16.1306",11,,,,3
"Kunzi, N. Gangaw",Myanmar,,,22.165279,94.12688,yes,Low(36),Unavailable,"22.165279,94.12688,GANGAW|Unavailable|Unavailable|Low(36),24.008589,95.79193,GANGAW|Unavailable|Unavailable|Low(36),19.13413,93.75412,GANGAW|Unavailable|Unavailable|Low(36)",,Rubigula flaviventris,1948.80.1204,1,,,,4
Kupe Mountains,Cameroon,,,4.80874,9.708574,yes,Low(34),,"4.7571,9.6854,KUPE|Unavailable|Unavailable|Low(34)",,Phyllastrephus poliocephalus,"1966.16.1422, 1966.16.1430, 1966.16.1411, 1952.13..69, 1966.16.1421, 1966.16.1413",6,,,,3
"Kupe, Mt. Nyassaso",Cameroon,,,4.80874,9.708574,no,Low(34),unavailable,"4.7571,9.6854,KUPE|Unavailable|Unavailable|Low(34)",,Criniger chloronotus,1966.16.1672,1,,,,3
Kuyoma,South Africa,,,-32.992403,27.881592,yes,,,,,Phyllastrephus terrestris,76.5.23.539,1,,,,3
"Kwale, Shimba Hills, Mombasa",Kenya,,,-4.184867,39.45493,yes,Low(42),,"-4.209178,39.416135,SHIMBA HILLS|Unavailable|Unavailable|Low(42),-4.362719,39.41546,SHIMBA HILLS|Unavailable|Unavailable|Low(42),-4,39.666667,MOMBASA|Unavailable|Unavailable|Low(37),-4,39.666,MOMBASA|Unavailable|Unavailable|Low(37),-1.710817,37.871106,MOMBASA|Unavailable|Unavailable|Low(37),-4.054655,39.663588,MOMBASA|Unavailable|Unavailable|Low(37),-1.689943,37.920036,MOMBASA|Unavailable|Unavailable|Low(37),-4.0667,39.6667,MOMBASA|Unavailable|Unavailable|Low(37),-1.686184,37.913436,MOMBASA|Unavailable|Unavailable|Low(37),-4.074722,39.528952,SHIMBA|Unavailable|Unavailable|Low(36),-4.1667,39.45,KWALE|Unavailable|Unavailable|Low(35),-4.133,39.2,KWALE|Unavailable|Unavailable|Low(35),-4.166667,39.466667,KWALE|Unavailable|Unavailable|Low(35),-1.897793,38.890628,KWALE|Unavailable|Unavailable|Low(35),-1.894747,38.869633,KWALE|Unavailable|Unavailable|Low(35),-4.173748,39.452063,KWALE|Unavailable|Unavailable|Low(35),-3.826587,39.635697,KWALE|Unavailable|Unavailable|Low(35),-4.133333,39.2,KWALE|Unavailable|Unavailable|Low(35)",,Phyllastrephus debilis,1948.40.5,1,,,,3
"Kwendu, NE. of Kailahun",Sierra Leone,,,8.278903,-10.572998,yes,Low(38),Unavailable,"8.014018,-11.129352,KAILAHUN|Unavailable|Unavailable|Low(38),8.278903,-10.572998,KAILAHUN|Unavailable|Unavailable|Low(38),8.107683,-10.751456,KAILAHUN|Unavailable|Unavailable|Low(38),8.272585,-10.572132,KAILAHUN|Unavailable|Unavailable|Low(38),7.946831,-12.58503,KAILAHUN|Unavailable|Unavailable|Low(38),8.439475,-10.773162,KAILAHUN|Unavailable|Unavailable|Low(38),8.506074,-11.040802,KAILAHUN|Unavailable|Unavailable|Low(38)",,Phyllastrephus scandens,1930.12.3.316,1,,,,4
"Kyabobo Mountain, 2.5 km S Shiare",NA,,,8.282276,0.600279,yes,,,,,Phyllastrephus baumanni,160485,1,,,,3
"Kyeirpadeui, Lower Pagu",Myanmar,,,17.396538,96.370934,yes,,,,,Pycnonotus blanfordi,81.3.1140,1,,,,4
"L.Thaungyin District, Myanmar",Myanmar,,,17.83966,97.676445,yes,Low(37),,"21,96,MYANMAR|Unavailable|Unavailable|Low(37)",,Alophoixus flaveolus,1948.80.1421,1,,,,4
"La Grille, Grand Comoro",Comoros,,,-11.45,43.333333,no,Low(39),unavailable,"-11.45,43.333333,LA GRILLE|Unavailable|Unavailable|Low(39)",,Hypsipetes parvirostris,"1959.5.190, 1959.5.191",2,,,,3
"La Mesa Dam Reservation, Novaliches, Quezon City",NA,,,14.712375,121.075294,yes,,,,,Pycnonotus goiavier,PNM 6228,1,,,,2
"Lado, Equatorial province",Ethiopia,,,7.516252,38.319061,yes,,,,,Phyllastrephus strepitans,1915.12.24.913,1,,,,3
Lahore,Pakistan,,,31.549722,74.343611,yes,High(81),Unavailable,"31.396113,74.055064,LAHORE|Unavailable|Unavailable|High(81),31.520837,74.404332,LAHORE|Unavailable|Unavailable|High(81),31.443764,74.355632,LAHORE|Unavailable|Unavailable|High(81),31.557996,74.350713,LAHORE|Unavailable|Unavailable|High(81),31.577042,74.336141,LAHORE|Unavailable|Unavailable|High(81),30.395608,68.7627,LAHORE|Unavailable|Unavailable|High(81),30.399965,68.761791,LAHORE|Unavailable|Unavailable|High(81),31.521667,74.401111,LAHORE|Unavailable|Unavailable|High(81),31.549722,74.343611,LAHORE|Unavailable|Unavailable|High(81),31.166667,74.5,LAHORE|Unavailable|Unavailable|High(81),31.486275,74.397895,LAHORE|Unavailable|Unavailable|High(81)",,Pycnonotus cafer,78956,1,,,,3
Lai Chau,NA,,,22.320907,103.194616,yes,,,,,Pycnonotus aurigaster,68996,1,,,,4
Laikul,NA,,,25.131967,93.045566,yes,,,,,"Ixos mcclellandii, Pycnonotus cafer, Pycnonotus jocosus","185632, 185633, 185634, 185635, 185636, 185637, 184929, 184930, 185249",9,,,,2
Laitlyngkot,NA,,,25.445182,91.839473,yes,,,,,"Ixos mcclellandii, Pycnonotus cafer, Spizixos canifrons","185584, 185585, 184947, 184948, 184949, 184802, 184803, 184804, 184805, 184806, 184807, 184808, 184809, 184811, 184812, 184813, 184815",17,,,,2
"Lake Balinsasayao, Abaca Ridge",NA,,,9.353936,123.162224,yes,,,,,Hypsipetes guimarasensis,206405,1,,,,2
"Lake Balinsasayao, Negros Oriental",NA,,,9.359695,123.179218,yes,,,,,Hypsipetes guimarasensis,"4320, 4329, 4368, 4369",4,,,,2
"Lake Balinsasayao, Negros Oriental, Negros Island",NA,,,9.359695,123.179218,no,,,,,Hypsipetes guimarasensis,"MNH 4368, MNH 4369",2,,,,2
"Lake Balinsasayaw, Negros Oriental",NA,,,9.359695,123.179218,no,,,,,Hypsipetes guimarasensis,4315,1,,,,2
"Lake Naujan, Mindoro Island",NA,,,13.170641,121.351024,yes,,,,,Pycnonotus goiavier,MNH 3786,1,,,,4
"Lamao, Bataan",NA,,,14.50986,120.567905,yes,,,,,Pycnonotus goiavier,"PNM 3084, PNM 3077, PNM 3088",3,,,,3
"Lambir Hills National Park, headquarters",NA,,,4.19779,114.042026,yes,,,,,"Alophoixus tephrogenys, Iole charlottae, Ixos malaccensis, Pycnonotus brunneus, Pycnonotus pseudosimplex, Rubigula erythropthalmos, Tricholestes criniger","188170, 188171, 188172, 188173, 188174, 188179, 188180, 188183, 188187, 188185, 188188, 188166, 188167, 188168, 188169",15,,,,3
Landana,Angola,,,-5.23829,12.147667,yes,High(82),,"-5.233333,12.133333,LANDANA|Unavailable|Unavailable|High(82)",,Phyllastrephus fulviventris,95.5.1.748,1,,,,3
Landana,NA,,,-5.23829,12.147667,no,,,,,Criniger chloronotus,96.5.1.675,1,,,,3
"Larji, 4 mi above",NA,,,31.723686,77.214721,yes,,,,,Pycnonotus cafer,78927,1,,,,3
"Larut, Perak",Malaysia,,,4.8,100.75,yes,Low(35),Unavailable,"4.8,100.75,LARUT|Unavailable|Unavailable|Low(35),5,101,PERAK|Unavailable|Unavailable|Low(35)",,Rubigula cyaniventris,88.3.18.8,1,,,,2
"Lawa-an, Cebu City, Cebu Island",Philippines,,,10.260099,123.822774,yes,High(71),,"10.272807,123.879058,(g3)CEBU ISLAND|Unavailable|116768|High(71),10.272807,123.879058,(g3)Cebu Island|Unavailable|116768|High(71),10.272807,123.879058,(g3)Cebu Island|Unavailable|116768|High(71)",,Hypsipetes philippinus,"MNH 4282, MNH 4303",2,,,,2
"Lawa-an, Cebu, Cebu Island",NA,,,10.260099,123.822774,no,,,,,Pycnonotus goiavier,"MNH 3924, MNH 3925, MNH 3798",3,,,,2
Lawas,NA,,,4.854161,115.405112,yes,,,,,Alophoixus phaeocephalus,JHF 6029,1,,,,3
"Lawas River, NW. Borneo",Malaysia,,,4.853116,115.411411,yes,Low(36),Unavailable,"1,114,BORNEO|Unavailable|Unavailable|Low(36),4,115,BORNEO|Unavailable|Unavailable|Low(36),4.5,115.416667,LAWAS|Unavailable|Unavailable|Low(35),4.8604,115.409,LAWAS|Unavailable|Unavailable|Low(35),4.5,115.5,LAWAS|Unavailable|Unavailable|Low(35),4.8333,115.4167,LAWAS|Unavailable|Unavailable|Low(35)",,Pycnonotus goiavier,1901.1.31.21,1,,,,3
Le Bokor,Cambodia,,,10.616667,104.05,no,High(83),unavailable,"10.616667,104.05,LE BOKOR|Unavailable|Unavailable|High(83)",,Alophoixus ochraceus,1928.6.26.800,1,,,,2
Le Morne,NA,,,-20.444941,57.328408,yes,,,,,Pycnonotus jocosus,"210033, 210034",2,,,,2
Legon,NA,,,5.650331,-0.188281,yes,,,,,Chlorocichla simplex,UMZC 27/Pyc/4/e/1,1,,,,2
"Lengwe, South Chikwawa district",Malawi,,,-16.260205,34.752232,yes,Low(47),Unavailable,"-16.166667,34.75,CHIKWAWA DISTRICT|Unavailable|Unavailable|Low(47),-16.166667,34.75,CHIKWAWA DISTRICT|Unavailable|Unavailable|Low(47),-16.041986,34.801923,CHIKWAWA|Unavailable|Unavailable|Low(38),-16.166667,34.75,CHIKWAWA|Unavailable|Unavailable|Low(38),-16,34.516667,CHIKWAWA|Unavailable|Unavailable|Low(38),-16.766667,35.283333,CHIKWAWA|Unavailable|Unavailable|Low(38),-16.166667,34.75,CHIKWAWA|Unavailable|Unavailable|Low(38),-16.041986,34.801923,CHIKWAWA|Unavailable|Unavailable|Low(38),-13.4,34.033333,CHIKWAWA|Unavailable|Unavailable|Low(38)",,Andropadus importunus,1946.5.719,1,,,,3
Leshan,NA,,,29.55371,103.76577,yes,,,,,"Pycnonotus sinensis, Pycnonotus xanthorrhous","APQ 23, APQ 93, APQ 62, APQ 57, APQ 98",5,,,,3
"Lesse, Ituri",DRC,,,1.85,29.966667,yes,Low(35),Unavailable,"1.85,29.966667,ITURI|Unavailable|Unavailable|Low(35),1.666667,27.016667,ITURI|Unavailable|Unavailable|Low(35)",,Criniger ndussumensis,1931.11.23.19,1,,,,3
"Leyte Island, Baybay City, Barangay Klim, Sitio San Vicente, Tubud River",NA,,,10.720527,124.812872,yes,,,,,Hypsipetes everetti,KU 110764,1,,,,3
"Leyte Island, Western Leyte Province, Municipality of Burauen, Barangay Dinaayan, Makaturog River",NA,,,10.978895,124.799053,yes,,,,,Hypsipetes philippinus,KU 131993,1,,,,3
"Liberia, Nimbaco, Mt. Nimba, Yiti Valley",Liberia,,,7.553225,-8.548223,yes,Low(37),,"6.5,-9.5,LIBERIA|Unavailable|Unavailable|Low(37),6.5,-9.5,LIBERIA|Unavailable|Unavailable|Low(37)",,Criniger olivaceus,"KU 137262, KU 137263, KU 137260, KU 137261",4,,,,3
"Liberia, Nimbaco, Mt. Nimba, Yiti Valley, south ridge",Liberia,,,7.413836,-8.592898,yes,,,,,Eurillas curvirostris,KU 137041,1,,,,3
"Liberia, Sinoe County, northeastern Sapo National Park",Liberia,,,5.504006,-8.360733,yes,Low(48),,"5.5,-8.5,SAPO NATIONAL PARK|Unavailable|Unavailable|Low(48),5.333333,-8.766667,SINOE COUNTY|Unavailable|Unavailable|Low(42),5.3333,-8.6667,SINOE COUNTY|Unavailable|Unavailable|Low(42),6.5,-9.5,LIBERIA|Unavailable|Unavailable|Low(37),6.5,-9.5,LIBERIA|Unavailable|Unavailable|Low(37),5.011331,-9.038795,SINOE|Unavailable|Unavailable|Low(35),5.0325,-9.064167,SINOE|Unavailable|Unavailable|Low(35),5.333333,-8.766667,SINOE|Unavailable|Unavailable|Low(35),5.3333,-8.6667,SINOE|Unavailable|Unavailable|Low(35)",,Criniger olivaceus,"KU 134904, KU 134903",2,,,,3
Libokwa,DRC,,,3.451581,24.697325,yes,,,,,Eurillas ansorgei,1911.12.23.1656,1,,,,3
"Licchowan, Hainan",China,,,19.25,109.75,yes,Low(36),Unavailable,"44.5657,129.49,HAINAN|Unavailable|Unavailable|Low(36),47.232,126.979,HAINAN|Unavailable|Unavailable|Low(36),19.25,109.75,HAINAN|Unavailable|Unavailable|Low(36),33.0427,119.982,HAINAN|Unavailable|Unavailable|Low(36),18.939444,109.484167,HAINAN|Unavailable|Unavailable|Low(36),27.788646,102.307174,HAINAN|Unavailable|Unavailable|Low(36),39.445452,106.891317,HAINAN|Unavailable|Unavailable|Low(36),23.053864,113.223395,HAINAN|Unavailable|Unavailable|Low(36),39.445452,106.891317,HAINAN|Unavailable|Unavailable|Low(36),31.887878,121.179504,HAINAN|Unavailable|Unavailable|Low(36),34.98,116.542,HAINAN|Unavailable|Unavailable|Low(36),32.491667,120.455556,HAINAN|Unavailable|Unavailable|Low(36),27.7986,102.309,HAINAN|Unavailable|Unavailable|Low(36),35.81725,100.340527,HAINAN|Unavailable|Unavailable|Low(36),32.494324,120.454529,HAINAN|Unavailable|Unavailable|Low(36),19,109.5,HAINAN|Unavailable|Unavailable|Low(36)",,Hemixos castanonotus,1914.5.6.542,1,,,,4
"Lichenya Plateau, S Nyasaland",Malawi,,,-15.977458,35.526328,yes,Low(46),Unavailable,"-15.977458,35.526328,LICHENYA PLATEAU|Unavailable|Unavailable|Low(46),-13.5,34,NYASALAND|Unavailable|Unavailable|Low(39),-13.5,34,NYASALAND|Unavailable|Unavailable|Low(39),-15.55,35.833333,LICHENYA|Unavailable|Unavailable|Low(38),-14.392955,35.346577,SOUTH NYASA|Unavailable|Unavailable|Low(28)",,Arizelocichla fusciceps,1933.3.1.670,1,,,,3
"Limbang Division, Lawas District",NA,,,4.527877,114.960307,yes,,,,,Alophoixus phaeocephalus,191371,1,,,,4
"Limot, Mati, Davao",NA,,,7.055288,126.311931,yes,,,,,Hypsipetes rufigularis,PNM 3392,1,,,,3
Lingga islands,NA,,,-0.165946,104.622173,yes,,,,,Alophoixus phaeocephalus,JHF 30088,1,,,,4
"Liu-chiu Island, Amami Oshima, (Amami-gunto, Amami Island), Nansei Shoto, (Ryukyu Islands)",NA,,,28.262854,129.362611,yes,,,,,Hypsipetes amaurotis,"JHF 23882; AO 246; RM? 672, JHF 26160; HKC 21597; VM 10688",2,,,,3
"Liuhowan, Hainan",China,,,18.68379,108.745067,yes,Low(36),,"44.5657,129.49,HAINAN|Unavailable|Unavailable|Low(36),47.232,126.979,HAINAN|Unavailable|Unavailable|Low(36),19.25,109.75,HAINAN|Unavailable|Unavailable|Low(36),33.0427,119.982,HAINAN|Unavailable|Unavailable|Low(36),18.939444,109.484167,HAINAN|Unavailable|Unavailable|Low(36),27.788646,102.307174,HAINAN|Unavailable|Unavailable|Low(36),39.445452,106.891317,HAINAN|Unavailable|Unavailable|Low(36),23.053864,113.223395,HAINAN|Unavailable|Unavailable|Low(36),39.445452,106.891317,HAINAN|Unavailable|Unavailable|Low(36),31.887878,121.179504,HAINAN|Unavailable|Unavailable|Low(36),34.98,116.542,HAINAN|Unavailable|Unavailable|Low(36),32.491667,120.455556,HAINAN|Unavailable|Unavailable|Low(36),27.7986,102.309,HAINAN|Unavailable|Unavailable|Low(36),35.81725,100.340527,HAINAN|Unavailable|Unavailable|Low(36),32.494324,120.454529,HAINAN|Unavailable|Unavailable|Low(36),19,109.5,HAINAN|Unavailable|Unavailable|Low(36)",,Hemixos castanonotus,"1914.5.6.541, 92.11.24.3",2,,,,2
Lobe River,NA,,,2.645212,9.993663,yes,,,,,"Ixonotus guttatus, Pycnonotus barbatus, Eurillas virens","JHF 26035; GLB 55, JHF 26052; GLB 9, JHF 26055; GLB 16, JHF 26054; GLB 15, JHF 26042; GLB 28, JHF 26043; GLB 29, JHF 26044; GLB 32, JHF 26045; GLB 33, JHF 26046; GLB 36",9,,,,4
"Lohit, Assam",India,,,27.872339,96.049355,yes,Low(35),Unavailable,"26.25,93,ASSAM|Unavailable|Unavailable|Low(35),27.8,95.466667,LOHIT|Unavailable|Unavailable|Low(35),26,92,ASSAM|Unavailable|Unavailable|Low(35),28,96.5,LOHIT|Unavailable|Unavailable|Low(35),27.8,95.466667,LOHIT|Unavailable|Unavailable|Low(35)",,Alcurus striatus,"4587, 4586",2,,,,3
Lolodorf,Cameroon,,,3.233333,10.733333,no,High(83),unavailable,"3.233333,10.733333,LOLODORF|Unavailable|Unavailable|High(83),3.233333,10.733333,LOLODORF|Unavailable|Unavailable|High(83)",,Criniger chloronotus,"1923.87.2761, 1923.87.2759",2,,,,2
Londa,NA,,,15.456106,74.493003,yes,,,,,"Pycnonotus cafer, Pycnonotus jocosus","98288, 98289, 184915, 184916, 98282, 98283, 185218, 185220, 185221, 185222",10,,,,2
"Loquilocon, Wright, Samar",NA,,,11.808658,125.106845,yes,,,,,Hypsipetes everetti,PNM 2215,1,,,,2
Los Banos,NA,,,14.157659,121.225067,yes,,,,,Pycnonotus goiavier,134644,1,,,,3
"Los Banos, Laguna",NA,,,14.157659,121.225067,no,,,,,Pycnonotus goiavier,PNM 4239,1,,,,3
"Lotti forest, Mongalla province",Sudan,,,4.027994,32.520713,yes,Low(38),,"5.2,31.7,MONGALLA|Unavailable|Unavailable|Low(38)",,Phyllastrephus hypochloris,1945.40.153,1,,,,3
Lower Burma,Myanmar,,,17.384811,96.439453,yes,Low(35),,"21,96,BURMA|Unavailable|Unavailable|Low(35)",,Iole viridescens,1969.41.441,1,,,,4
Lower Pegu,Myanmar,,,17.335214,96.481351,no,Low(34),unavailable,"17.335214,96.481351,PEGU|Unavailable|Unavailable|Low(34),21.97634,95.523775,PEGU|Unavailable|Unavailable|Low(34)",,Pycnonotus davisoni,82.1.20.1393,1,,,,4
"Luacano, E Angola",Angola,,,-11.212157,21.657767,yes,Low(37),Unavailable,"-11.212157,21.657767,LUACANO|Unavailable|Unavailable|Low(37),-11.213347,21.66535,LUACANO|Unavailable|Unavailable|Low(37),-11.21762,21.645305,LUACANO|Unavailable|Unavailable|Low(37),-11.2167,21.65,LUACANO|Unavailable|Unavailable|Low(37),-11.70471,22.020019,LUACANO|Unavailable|Unavailable|Low(37),-11.172362,21.651903,LUACANO|Unavailable|Unavailable|Low(37),-12.5,18.5,ANGOLA|Unavailable|Unavailable|Low(36),-14.133333,14.5,ANGOLA|Unavailable|Unavailable|Low(36),-12.5,18.5,ANGOLA|Unavailable|Unavailable|Low(36)",,Atimastillas flavigula,1957.35.187,1,,,,2
"Luankuba Forest, Acholi",Uganda,,,3.117351,32.907056,yes,Low(36),,"3.8,32.55,ACHOLI|Unavailable|Unavailable|Low(36)",,Eurillas curvirostris,JHF 34570,1,,,,4
"Lubilan, Naawan, Misamis Oriental, Mindanao Island",NA,,,8.399417,124.38918,yes,,,,,Pycnonotus goiavier,"MNH 10198, MNH 3805, MNH 3806",3,,,,3
"Lubilan, Naawan. Misamis Oriental",NA,,,8.399417,124.38918,no,,,,,Hypsipetes philippinus,4471,1,,,,3
Lufapa river,DRC,,,-10.411068,25.055608,yes,,,,,Atimastillas flavigula,1909.12.31.138,1,,,,4
"Luhega Forest Reserve, Ihambui Stream, 1.5 km E Uhafiwa",United Republic of Tanzania,,,-8.508758,35.858928,yes,,,,,"Arizelocichla striifacies, Eurillas virens, Arizelocichla chlorigula","138938, 138939, 138933, 153181, 138936, 138937",6,,,,1
"Lukwangula, Morogoro",United Republic of Tanzania,,,-7.12854,37.61953,yes,Low(38),Unavailable,"-7.716667,35.866667,MOROGORO|Unavailable|Unavailable|Low(38),-5.583333,32.75,MOROGORO|Unavailable|Unavailable|Low(38),-6.816667,37.666667,MOROGORO|Unavailable|Unavailable|Low(38),-10.633333,35.433333,MOROGORO|Unavailable|Unavailable|Low(38),-5.183333,38.4,MOROGORO|Unavailable|Unavailable|Low(38),-8,37,MOROGORO|Unavailable|Unavailable|Low(38),-6.8167,37.6667,MOROGORO|Unavailable|Unavailable|Low(38),-7.916667,37.25,MOROGORO|Unavailable|Unavailable|Low(38),-6.906139,37.945539,MOROGORO|Unavailable|Unavailable|Low(38)",,Arizelocichla neumanni,1933.9.17.27,1,,,,3
Luluabourg,DRC,,,-5.895833,22.417778,no,High(85),unavailable,"-5.895833,22.417778,LULUABOURG|Unavailable|Unavailable|High(85)",,Neolestes torquatus,1947.80.48,1,,,,3
"Luzon Island, Bulacan Province, Angat Watershed",NA,,,14.969912,121.189159,yes,,,,,Hypsipetes philippinus,KU 118644,1,,,,3
"Luzon Island, Bulacan Province, Angat Watershed, Brgy. Kabayunan, Solangud DRT",NA,,,14.94092,121.146984,yes,,,,,Hypsipetes philippinus,KU 118647,1,,,,2
"Luzon Island, Cagayan Province, Gonzaga, Mt. Cagua",NA,,,18.214464,122.153263,yes,,,,,Hypsipetes philippinus,"KU 119791, KU 119790, KU 119796",3,,,,3
"Luzon Island, Camarines Norte Province, Municipality of Labo, Barangay Tulay na Lupa",NA,,,14.07759,122.784805,yes,,,,,Hypsipetes philippinus,"KU 112506, KU 112509",2,,,,2
"Luzon Island, Ilocos Norte Province, Adams, Mt. Pao",NA,,,16.446655,120.816621,yes,,,,,Hypsipetes philippinus,"KU 119425, KU 119513",2,,,,3
"Ma-I village, Sandoway",Myanmar,,,19.342839,94.139112,yes,Low(38),Unavailable,"18.465373,94.365632,SANDOWAY|Unavailable|Unavailable|Low(38),18.416667,94.3,SANDOWAY|Unavailable|Unavailable|Low(38),19.342839,94.139112,MA-I|Unavailable|Unavailable|Low(34)",,Iole viridescens,1937.1.17.165,1,,,,2
"Ma-alngon Buri, Burauen, Leyte Province, Leyte Island",NA,,,11.014368,124.897704,yes,,,,,Pycnonotus goiavier,MNH 3972,1,,,,2
"Ma-alugon, Buri, Barauan, Mt Lobi Range, Leyte, Leyte Island",NA,,,11.014368,124.897704,no,,,,,Microtarsus urostictus,MNH 3646,1,,,,2
Maale Gamla,NA,,,32.88726,35.684943,yes,,,,,Pycnonotus xanthopygos,19432,1,,,,2
"Mabini, Catanduanes",NA,,,13.907114,124.158959,yes,,,,,Pycnonotus goiavier,PNM 10879,1,,,,2
Mabira Forest,NA,,,0.46232,32.98531,yes,,,,,"Bleda ugandae, Bleda syndactylus, Criniger calurus, Stelgidillas gracilirostris, Eurillas gracilis","JHF 34578, JHF 34579, JHF 34581, JHF 26219; WR 1417, JHF 34594, JHF 34596",6,,,,3
"Macagua, Brooke's Point, Palawan Is.",NA,,,8.778205,117.73333,yes,,,,,Microtarsus melanocephalos,"MNH 3634, MNH 3633, MNH 3632, MNH 3631, MNH 3630, MNH 3629, MNH 3628, MNH 3627",8,,,,4
"Macagua, Brooke's Point, Palawan Island",NA,,,8.778205,117.73333,no,,,,,"Pycnonotus cinereifrons, Microtarsus melanocephalos","MNH 3765, MNH 3627(A), MNH 3628(A), MNH 3629(A), MNH 3630(A), MNH 3631(A), MNH 3632(A), MNH 3764, MNH 3762, MNH 3759, MNH 3752",11,,,,4
"Macagua, Brooke's Point, Palawan Province, Palawan Island",NA,,,8.778205,117.73333,no,,,,,Pycnonotus plumosus,"MNH 3763, MNH 3760, MNH 3753, MNH 3749, MNH 3750",5,,,,4
"Macagua, Brookes Point, Palawan Province, Palawan Island",NA,,,8.778205,117.73333,no,,,,,"Alophoixus frater, Iole palawanensis","MNH 3979, MNH 3981, MNH 3982, MNH 3990, MNH 3991",5,,,,4
"Macagua, Brookes Point, Puerto Princesa, Palawan Province, Palawan Island",NA,,,8.778205,117.73333,no,,,,,Alophoixus frater,MNH 4644,1,,,,4
"Macagua, Mantalingahan Range, Brooke's Point, Palawan Island",NA,,,8.815696,117.679085,yes,,,,,Pycnonotus cinereifrons,MNH 3754,1,,,,3
"Macagua, Mantalingajan Range, Brooke's Point, Palawan Island",NA,,,8.815696,117.679085,no,,,,,Pycnonotus cinereifrons,"MNH 3766, MNH 3761, MNH 3757",3,,,,3
"Macdonalds Camp, Vipya",Malawi,,,-11.147921,34.092697,yes,,,,,Arizelocichla fusciceps,1939.2.25.299,1,,,,2
"Macutay, Kalinga, Apayao",NA,,,17.551202,121.571506,yes,,,,,Pycnonotus goiavier,PNM 12697,1,,,,2
"Mada Mt., Buru",Indonesia,,,-3.299433,126.220314,yes,Low(34),Unavailable,"-7.24,112.15,MADA|Unavailable|Unavailable|Low(34),-8.7093,120.2643,BURU|Unavailable|Unavailable|Low(34),-9.5095,119.5797,MADA|Unavailable|Unavailable|Low(34),0.5134,121.3341,MADA|Unavailable|Unavailable|Low(34),-9.6815,119.3694,MADA|Unavailable|Unavailable|Low(34),-9.7485,119.339,MADA|Unavailable|Unavailable|Low(34),-4.3328,135.0055,BURU|Unavailable|Unavailable|Low(34),-3.4,126.65,BURU|Unavailable|Unavailable|Low(34),-3.410723,126.659431,BURU|Unavailable|Unavailable|Low(34),-8.8409,121.2215,BURU|Unavailable|Unavailable|Low(34),0.9,103.5,BURU|Unavailable|Unavailable|Low(34),-4.2245,134.9481,BURU|Unavailable|Unavailable|Low(34)",,Hypsipetes mysticalis,1969.29.202,1,,,,3
Madras,India,,,13.084622,79.830877,yes,High(81),,"13.084622,80.248357,MADRAS|Unavailable|Unavailable|High(81),11,78.333333,MADRAS|Unavailable|Unavailable|High(81),13,80.25,MADRAS|Unavailable|Unavailable|High(81),13.084286,80.276314,MADRAS|Unavailable|Unavailable|High(81),13.083333,80.283333,MADRAS|Unavailable|Unavailable|High(81),13,80.25,MADRAS|Unavailable|Unavailable|High(81),11,78,MADRAS|Unavailable|Unavailable|High(81),13.081389,80.277222,MADRAS|Unavailable|Unavailable|High(81)",,"Pycnonotus xantholaemus, Pycnonotus cafer","80.1.1.2315, 80.1.1.2135, 37.7.8.74",3,,,,4
"Madras, India",NA,,,13.084622,79.830877,no,,,,,Pycnonotus cafer,"UMZC 27/Pyc/11/h/6, UMZC 27/Pyc/11/h/5, UMZC 27/Pyc/11/h/4",3,,,,4
Mafia Island,United Republic of Tanzania,,,-7.853782,39.780405,no,High(87),unavailable,"-7.853782,39.780405,MAFIA ISLAND|Unavailable|Unavailable|High(87),-7.853782,39.780405,MAFIA ISLAND|Unavailable|Unavailable|High(87),-7.921647,39.754861,(g3)Mafia Island|Unavailable|37246|Medium(62),-7.921647,39.754861,(g3)Mafia Island|Unavailable|37246|Medium(62)",,Andropadus importunus,1936.2.11.50,1,,,,4
"Mag-Duok, Tuyan, Cebu City, Cebu Island",Philippines,,,10.233491,123.765761,yes,High(71),,"10.272807,123.879058,(g3)CEBU ISLAND|Unavailable|116768|High(71),10.272807,123.879058,(g3)Cebu Island|Unavailable|116768|High(71),10.272807,123.879058,(g3)Cebu Island|Unavailable|116768|High(71)",,Hypsipetes philippinus,"MNH 4197*, MNH 4240, MNH 4241, MNH 4242, MNH 4243",5,,,,2
"Mag-duok, Tuyan, Cebu Island",NA,,,10.233491,123.765761,no,,,,,Pycnonotus goiavier,"MNH 3920, MNH 3934",2,,,,2
"Magat Ref. Project. Diadi, Nueva Viscaya, Luzon, Island",NA,,,16.814757,121.451422,yes,,,,,Hypsipetes philippinus,MNH 4062,1,,,,3
"Magd-du-ok Tuyan, Cebu City, Cebu Island",NA,,,10.233491,123.765761,no,,,,,Pycnonotus goiavier,MNH 3919,1,,,,3
"Magyo-Dako, Mt. Sugar Loaf, Timbaboy Head, Midsalip, Zamboanga del Sur, MIndanao Island",NA,,,7.996876,123.257386,yes,,,,,Microtarsus urostictus,MNH 10193,1,,,,3
Mahabaleshwar,NA,,,17.930913,73.648793,yes,,,,,Pycnonotus jocosus,? 45,1,,,,3
"Mahayahay, Mainit, Iligan City, Lanao del Norte, Mindanao Island",NA,,,8.331706,124.39284,yes,,,,,Microtarsus urostictus,MNH 3793,1,,,,3
"Mahayahay, Manticao, Misamis Oriental, Mindanao",NA,,,8.331706,124.39284,no,,,,,Hypsipetes philippinus,4468,1,,,,3
"Mahayhay, Ma-nit, Iligan City, Lanao del Norte, Mindanao Island",NA,,,8.331706,124.39284,no,,,,,Microtarsus urostictus,"MNH 3709, MNH 3710, MNH 3711, MNH 3714, MNH 3715, MNH 3716, MNH 3717, MNH 3718",8,,,,3
Mahe,NA,,,-4.682735,55.483843,yes,,,,,Hypsipetes crassirostris,JHF 26336,1,,,,4
Maidon Joma Res.,Myanmar,,,16.839815,96.086222,yes,Uncertain,,,,Pycnonotus flavescens,1941.5.30.203,1,,,,3
"Maitan, Katipunan, Zamboanga, MIndanao Island",NA,,,8.411613,123.275839,yes,,,,,Pycnonotus goiavier,MNH 3848,1,,,,3
Maka Hill,Malawi,,,-14.566667,34.583333,yes,Low(34),Unavailable,"-14.566667,34.583333,MAKA|Unavailable|Unavailable|Low(34)",,Pycnonotus barbatus,RCL 2625,1,,,,3
Makhtesh Ramon,NA,,,30.591608,34.808553,yes,,,,,Pycnonotus xanthopygos,11061,1,,,,3
"Makiling Height, College of Forestry, UPLB, College, Laguna, Luzon Island",Phillippines,,,14.165011,121.240021,yes,High(72),,"16.562323,120.430037,(g3)Luzon Island|Unavailable|40881|High(72),15.633447,121.049391,(g3)Luzon Island|Unavailable|56636|High(72),14.472812,120.896072,(g3)Luzon Island|Unavailable|46027|High(72),13.326334,123.739668,(g3)Luzon Island|Unavailable|59520|High(72),14.472812,120.896072,(g3)Luzon Island|Unavailable|46027|High(72),16.268563,121.238905,(g3)Luzon Island|Unavailable|56746|High(72),15.28269,120.002943,(g3)Luzon Island|Unavailable|63853|High(72),15.28269,120.002943,(g3)Luzon Island|Unavailable|63853|High(72),15.28269,120.002943,(g3)Luzon Island|Unavailable|63853|High(72),13.688417,120.995468,(g3)Luzon Island|Unavailable|10686|Medium(62),13.688417,120.995468,(g3)Luzon Island|Unavailable|10686|Medium(62),13.688417,120.995468,(g3)Luzon Island|Unavailable|10686|Medium(62),13.688417,120.995468,(g3)Luzon Island|Unavailable|10686|Medium(62),14.285207,121.286385,(g3)Luzon Island|Unavailable|37214|Medium(62),15.706832,121.111876,(g3)Luzon Island|Unavailable|13748|Medium(62),15.706832,121.111876,(g3)Luzon Island|Unavailable|13748|Medium(62),14.285207,121.286385,(g3)Luzon Island|Unavailable|37214|Medium(62)",,Hypsipetes philippinus,MNH 4059,1,,,,2
"Makiling Heights, College of Forestry, UPLB, Laguna, Luzon Island",NA,,,14.165011,121.240021,no,,,,,Pycnonotus goiavier,MNH 3775,1,,,,2
"Makiwalo, Catarman, Samar",NA,,,12.510799,124.706723,yes,,,,,Hypsipetes rufigularis,PNM 6075,1,,,,3
Makurupini River area,Zimbabwe,,,-20.006527,33.010054,yes,,,,,Phyllastrephus debilis,NJ ?; RS 53; 68609,1,,,,3
"Malabusog, Tinitian, Palawan Island",NA,,,10.044905,119.178272,yes,,,,,Pycnonotus cinereifrons,MNH 3755,1,,,,2
"Malabusog, Tinitian, Roxas, Palawan Province, Palawan Island",NA,,,10.044905,119.178272,no,,,,,Pycnonotus plumosus,MNH 3756,1,,,,2
Malacca,Malaysia,,,2.322305,102.349217,yes,High(82),,"2.191944,102.255833,MALACCA|Unavailable|Unavailable|High(82),2.2333,102.2333,MALACCA|Unavailable|Unavailable|High(82),2.25,102.25,MALACCA|Unavailable|Unavailable|High(82)",,"Iole finschii, Microtarsus melanoleucos, Pycnonotus zeylanicus, Rubigula cyaniventris","73.5.12.1397, 73.5.12.32, 80.1.1.702, 86.9.1.1691, 73.5.12.18, 86.9.1.1322, 86.9.1.1328, 88.4.1.393, 88.4.1.392, 86.9.1.1335, 86.9.1.1318, 86.9.1.1325, 86.9.1.1323, 86.9.1.1331, 81.5.1.223",15,,,,3
"Malacca, Singapore",NA,,,2.322305,102.349217,no,,,,,"Alophoixus phaeocephalus, Pycnonotus aurigaster, Pycnonotus zeylanicus, Ixos malaccensis, Rubigula cyaniventris, Microtarsus melanocephalos, Microtarsus melanoleucos, Iole viridescens, Iole crypta, Pycnonotus plumosus","UMZC 27/Pyc/5/j/2, UMZC 27/Pyc/5/j/1, UMZC 27/Pyc/11/c/1, UMZC 27/Pyc/11/uu/1, UMZC 27/Pyc/6/k/1, UMZC 27/Pyc/11/k/3, UMZC 27/Pyc/11/b/2, UMZC 27/Pyc/11/aa/3, UMZC 27/Pyc/6/t/2, UMZC 27/Pyc/6/d/2, UMZC 27/Pyc/6/d/1, UMZC 27/Pyc/11/gg/1",12,,,,3
Malamaui island,NA,,,6.732141,121.960562,yes,,,,,Pycnonotus goiavier,"113988, 113989, 113990, 113991, 113992",5,,,,3
"Malawi Hills, Nsanje",NA,,,-16.929373,35.195178,yes,,,,,"Chlorocichla flaviventris, Phyllastrephus flavostriatus","RCL 2557, RCL 4, RCL 2086, RCL 2125",4,,,,3
Malay Peninsula,NA,,,3.608357,102.4485,yes,,,,,Pycnonotus plumosus,JD 51,1,,,,6
"Malayas, Naujan, Mindoro",NA,,,13.219807,121.27677,yes,,,,,Pycnonotus goiavier,"PNM 1292, PNM 1294",2,,,,2
"Malaysia, Sabah, Crocker Range Park, Ulu Kimanis substation",NA,,,5.554735,115.96797,yes,,,,,"Rubigula erythropthalmos, Ixos malaccensis","KU 113008, KU 113009",2,,,,2
"Malaysia, Sarawak, Gunung Pueh",NA,,,1.807421,109.675636,yes,,,,,Rubigula erythropthalmos,"KU 126531, KU 126532",2,,,,3
"Malaysia, Sarawak, Tatau District, 25 km south Bintulu Samarakan",NA,,,2.929795,113.039169,yes,,,,,Rubigula erythropthalmos,"KU 11312, KU 11313",2,,,,2
Maliwan,Myanmar,,,10.257279,98.595581,yes,,,,,Pycnonotus finlaysoni,BM Reg 82.120.1391,1,,,,2
Maliwan,Myanmar,,,10.257279,98.595581,no,,,,,Pycnonotus goiavier,86.9.1.1912,1,,,,2
"Malibato, Opol, Misamis Oriental, Mindanao",NA,,,8.351717,124.415941,yes,,,,,Hypsipetes philippinus,4467,1,,,,2
Malindi,Kenya,,,-3.206421,40.098276,yes,,,,,Andropadus importunus,1923.8.7.2827,1,,,,3
"Malindog, San Antonio, Sibulan, Negros Oriental, Negros Island",NA,,,9.33995,123.238988,yes,,,,,Pycnonotus goiavier,MNH 3834,1,,,,3
"Mampong Quarry, Accra Plains",NA,,,5.927848,0.072927,yes,,,,,Chlorocichla simplex,UMZC 27/Pyc/4/e/2,1,,,,2
"Mamrim, Darjeeling",NA,,,26.862341,88.276877,yes,,,,,"Pycnonotus cafer, Pycnonotus leucogenys","JHF 19619, JHF 19620",2,,,,3
"Mamu forest, Onitsha, Nigeria",Nigeria,,,6.176286,7.172419,yes,Low(37),Unavailable,"6.149779,6.78569,ONITSHA|Unavailable|Unavailable|Low(37),10,8,NIGERIA|Unavailable|Unavailable|Low(37),10,8,NIGERIA|Unavailable|Unavailable|Low(37),6.1667,6.7833,ONITSHA|Unavailable|Unavailable|Low(37),6.437746,6.975491,MAMU|Unavailable|Unavailable|Low(34),7.083333,3.916667,MAMU|Unavailable|Unavailable|Low(34),6.361278,6.86069,MAMU|Unavailable|Unavailable|Low(34)",,Stelgidillas gracilirostris,1966.16.1066,1,,,,3
Manakha,NA,,,15.074151,43.739973,yes,,,,,Pycnonotus xanthopygos,JHF 30047; GWB 176,1,,,,2
Manda Island,Kenya,,,-2.264379,40.947349,no,High(87),unavailable,"-2.264379,40.947349,MANDA ISLAND|Unavailable|Unavailable|High(87)",,Andropadus importunus,87.11.3.76,1,,,,3
Mandalay,Myanmar,,,21.95,96.1,yes,High(83),Unavailable,"21.964011,96.372963,MANDALAY|Unavailable|Unavailable|High(83),14.095517,98.559251,MANDALAY|Unavailable|Unavailable|High(83),21.969673,96.087381,MANDALAY|Unavailable|Unavailable|High(83),21,96,MANDALAY|Unavailable|Unavailable|High(83),21.95,96.1,MANDALAY|Unavailable|Unavailable|High(83)",,Pycnonotus cafer,1965.M.9614,1,,,,3
"Mangyan, Carcar City, Cebu Island",NA,,,10.104209,123.640376,yes,,,,,Hypsipetes philippinus,MNH 4186,1,,,,3
"Manila, Philippines",NA,,,14.604644,120.985118,yes,,,,,Pycnonotus goiavier,PNM 40,1,,,,3
Manipur,India,,,24.75,93.833333,yes,High(82),Unavailable,"25.621997,82.640132,MANIPUR|Unavailable|Unavailable|High(82),25.208295,83.984557,MANIPUR|Unavailable|Unavailable|High(82),24.948075,81.402671,MANIPUR|Unavailable|Unavailable|High(82),25.383149,83.926319,MANIPUR|Unavailable|Unavailable|High(82),25.481034,82.101691,MANIPUR|Unavailable|Unavailable|High(82),25.189676,83.466013,MANIPUR|Unavailable|Unavailable|High(82),24.801706,80.47892,MANIPUR|Unavailable|Unavailable|High(82),25.35395,80.354603,MANIPUR|Unavailable|Unavailable|High(82),24.75,93.833333,MANIPUR|Unavailable|Unavailable|High(82),30.315976,77.388617,MANIPUR|Unavailable|Unavailable|High(82),22.281944,88.911111,MANIPUR|Unavailable|Unavailable|High(82),24.81722,92.954619,MANIPUR|Unavailable|Unavailable|High(82),27.829293,78.345945,MANIPUR|Unavailable|Unavailable|High(82),26.609796,79.665193,MANIPUR|Unavailable|Unavailable|High(82),21.346106,78.001184,MANIPUR|Unavailable|Unavailable|High(82),25.57714,82.498353,MANIPUR|Unavailable|Unavailable|High(82),27.052721,79.358072,MANIPUR|Unavailable|Unavailable|High(82),25.923728,81.706253,MANIPUR|Unavailable|Unavailable|High(82),26.167184,81.669165,MANIPUR|Unavailable|Unavailable|High(82),25.969437,81.509504,MANIPUR|Unavailable|Unavailable|High(82),26.095622,82.346313,MANIPUR|Unavailable|Unavailable|High(82),25.046449,84.076917,MANIPUR|Unavailable|Unavailable|High(82),25.641044,84.309804,MANIPUR|Unavailable|Unavailable|High(82),21.09161,82.905846,MANIPUR|Unavailable|Unavailable|High(82),26.127344,81.637461,MANIPUR|Unavailable|Unavailable|High(82),26.368296,83.295984,MANIPUR|Unavailable|Unavailable|High(82),25.924477,81.310816,MANIPUR|Unavailable|Unavailable|High(82),26.598477,81.327491,MANIPUR|Unavailable|Unavailable|High(82),25.847924,80.80533,MANIPUR|Unavailable|Unavailable|High(82),26.269052,81.796057,MANIPUR|Unavailable|Unavailable|High(82),29.151646,78.67664,MANIPUR|Unavailable|Unavailable|High(82),25.469329,81.477235,MANIPUR|Unavailable|Unavailable|High(82),26.020347,81.883192,MANIPUR|Unavailable|Unavailable|High(82)",,Spizixos canifrons,"86.9.1.2688, 86.9.1.2687",2,,,,5
"Manitoe, Albay District, SE. Luzon",Philippines,,,13.122262,123.870491,yes,Low(35),,"13.133333,123.733333,ALBAY|Unavailable|Unavailable|Low(35),16.033333,120.45,LUZON|Unavailable|Unavailable|Low(35),18.552935,121.125177,LUZON|Unavailable|Unavailable|Low(35),14.516897,121.024097,LUZON|Unavailable|Unavailable|Low(35),21,122,LUZON|Unavailable|Unavailable|Low(35),16,121,LUZON|Unavailable|Unavailable|Low(35),14.8047,121.0267,LUZON|Unavailable|Unavailable|Low(35),6.519041,126.094082,LUZON|Unavailable|Unavailable|Low(35),13.216667,123.55,ALBAY|Unavailable|Unavailable|Low(35),16.982861,121.694542,LUZON|Unavailable|Unavailable|Low(35),6.510107,126.130326,LUZON|Unavailable|Unavailable|Low(35),13.2167,123.55,ALBAY|Unavailable|Unavailable|Low(35),16,121,LUZON|Unavailable|Unavailable|Low(35),16.959638,121.693386,LUZON|Unavailable|Unavailable|Low(35),14.19203,121.168282,LUZON|Unavailable|Unavailable|Low(35),18.519167,121.117455,LUZON|Unavailable|Unavailable|Low(35),9.958434,118.491913,ALBAY|Unavailable|Unavailable|Low(35)",,Pycnonotus goiavier,97.5.13.155,1,,,,3
Mannanur,India,,,10.753128,76.314364,no,High(83),unavailable,"10.753128,76.314364,MANNANUR|Unavailable|Unavailable|High(83)",,Pycnonotus cafer,1949.Whi.1.14211,1,,,,2
"Maprit, Siam",Thailand,,,10.891219,99.344419,yes,Low(34),Unavailable,"15.5,101,SIAM|Unavailable|Unavailable|Low(34),15,100,SIAM|Unavailable|Unavailable|Low(34)",,Pycnonotus jocosus,1916.12.27.750,1,,,,2
"Maputing Gapa, Minalabac, Camarines Sur, Siera Madre Range, Luzon Island",NA,,,13.527445,123.190455,yes,,,,,Pycnonotus goiavier,MNH 3774,1,,,,4
Maratua Island,NA,,,2.233703,118.575339,yes,,,,,Microtarsus melanocephalos,"198025, 198027, 198029",3,,,,3
"Marble Mts., Cabayungan, Palawan",NA,,,10.154193,118.868193,yes,,,,,Iole palawanensis,PNM 9126,1,,,,4
Margherita,NA,,,27.286452,95.669188,yes,,,,,Hemixos flavala,WR 317,1,,,,2
Mariveles,NA,,,14.451564,120.489706,yes,,,,,"Hypsipetes philippinus, Pycnonotus goiavier","P6V26149, P6V26150",2,,,,3
Maroantsetra,Madagascar,,,-15.43355,49.742796,no,High(87),unavailable,"-15.43355,49.742796,MAROANTSETRA|Unavailable|Unavailable|High(87),-15.3833,49.7333,MAROANTSETRA|Unavailable|Unavailable|High(87)",,Hypsipetes madagascariensis,"1931.8.18.2282, 1931.8.18.2287",2,,,,3
Maroko,Nigeria,,,6.401816,3.094481,yes,High(81),,"6.400537,3.099717,MAROKO|Unavailable|Unavailable|High(81),6.428889,3.455278,MAROKO|Unavailable|Unavailable|High(81),7.018902,3.403064,MAROKO|Unavailable|Unavailable|High(81)",,Chlorocichla simplex,"73600, 73601",2,,,,2
"Masalakot 5, Mt. Banahaw, Candelaria, Quezon, Luzon Island",NA,,,13.999608,121.462622,yes,,,,,Hypsipetes philippinus,MNH 4078,1,,,,2
"Masalukot, Sta. Cruz, Marinduque",NA,,,13.398042,122.031851,yes,,,,,Pycnonotus goiavier,"PNM 15226, PNM 15224, PNM 11675",3,,,,2
"Matabungkay, Lian, Batangas",NA,,,13.945469,120.620794,yes,,,,,Pycnonotus goiavier,PNM 5870,1,,,,2
"Matalangan, Roxas, Palawan",NA,,,10.42475,119.459677,yes,,,,,Iole palawanensis,PNM 16085,1,,,,3
"Matam, Katipunan, Zamboanga, Mindanao Island",NA,,,8.441713,123.263521,yes,,,,,Microtarsus urostictus,MNH 3663,1,,,,2
"Matekesa Gap, Nsanje",NA,,,-16.932605,35.168662,yes,,,,,Pycnonotus barbatus,RCL 1614,1,,,,2
"Matheran, MH",India,,,18.982809,73.265195,no,Low(38),unavailable,"18.982809,73.265195,MATHERAN|Unavailable|Unavailable|Low(38),27.398783,82.059131,MATHERA|Unavailable|Unavailable|Low(24),31.830701,75.994229,MATHERA|Unavailable|Unavailable|Low(24)",,Hypsipetes ganeesa,73.6.6.175,1,,,,2
Matin-ao Sierra Bullones Bohol,NA,,,9.744824,124.300971,yes,,,,,Hypsipetes philippinus,"MNH 4145, MNH 4148",2,,,,2
"Matthews Range, 14 mi. NW Wamba",Kenya,,,1.116955,37.270104,yes,High(80),Unavailable,"0.978178,37.121406,Distance NorthWest of WAMBA|Unavailable|Unavailable|High(80),1.124234,37.179391,Distance NorthWest of WAMBA|Unavailable|Unavailable|High(80),1.110776,37.1726,Distance NorthWest of WAMBA|Unavailable|Unavailable|High(80)",,Eurillas latirostris,"26042, 26043, 26044",3,,,,2
"Matthews Range, 20 mi. NW Wamba",Kenya,,,1.213439,37.228183,yes,High(80),Unavailable,"1.039923,37.059652,Distance NorthWest of WAMBA|Unavailable|Unavailable|High(80),1.185979,37.117633,Distance NorthWest of WAMBA|Unavailable|Unavailable|High(80),1.172521,37.110843,Distance NorthWest of WAMBA|Unavailable|Unavailable|High(80)",,"Phyllastrephus scandens, Stelgidillas gracilirostris","25979, 26024, 26025, 26026",4,,,,2
"Matuguinao, Samar Island",Philippines,,,12.183333,124.983333,yes,Low(42),Unavailable,"12,125,SAMAR ISLAND|Unavailable|Unavailable|Low(42),12.1446,124.8856,MATUGUINAO|Unavailable|Unavailable|Low(40),12.183333,124.983333,MATUGUINAO|Unavailable|Unavailable|Low(40),11.833333,125,SAMAR|Unavailable|Unavailable|Low(35),12,125,SAMAR|Unavailable|Unavailable|Low(35),12,125,SAMAR|Unavailable|Unavailable|Low(35),11.8333,125,SAMAR|Unavailable|Unavailable|Low(35)",,"Microtarsus urostictus, Hypsipetes philippinus","MNH 3658, MNH 3654, MNH 3653, MNH 4084, MNH 4085, MNH 4086, MNH 4087, MNH 4088, MNH 4089, MNH 4090, MNH 4091,  MNH 4092, MNH 4093, MNH 4094, MNH 4095, MNH 4096, MNH 4097, MNH 4098, MNH 4099, MNH 4100, MNH 4101, MNH 4102, MNH 4103,  MNH 4104, MNH 4105, MNH 4106, MNH 4107, MNH 4108, MNH 4109, MNH 4110, MNH 4111, MNH 4124, MNH 4125, MNH 4126, MNH 4127, MNH 4128, MNH 4129",37,,,,2
"Matuguinao, Samar Province, Samar Island",Philippines,,,12.183333,124.983333,yes,Low(42),Unavailable,"12,125,SAMAR ISLAND|Unavailable|Unavailable|Low(42),12.1446,124.8856,MATUGUINAO|Unavailable|Unavailable|Low(40),12.183333,124.983333,MATUGUINAO|Unavailable|Unavailable|Low(40),11.833333,125,SAMAR|Unavailable|Unavailable|Low(35),12,125,SAMAR|Unavailable|Unavailable|Low(35),12,125,SAMAR|Unavailable|Unavailable|Low(35),11.8333,125,SAMAR|Unavailable|Unavailable|Low(35)",,Pycnonotus goiavier,"MNH 3960, MNH 3961",2,,,,2
Mauritius,Mauritius,,,-20.3,57.583333,no,High(84),unavailable,"-20.3,57.583333,MAURITIUS|Unavailable|Unavailable|High(84),-20.2833,57.55,MAURITIUS|Unavailable|Unavailable|High(84),-20.3,57.5833,MAURITIUS|Unavailable|Unavailable|High(84)",,Hypsipetes olivaceus,UMZC 27/Pyc/6/c/26,1,,,,4
"Maymyo, Mandalay District",Myanmar,,,22.028257,96.470656,yes,Low(47),Unavailable,"21.964011,96.372963,MANDALAY DISTRICT|Unavailable|Unavailable|Low(47),21,96,MANDALAY|Unavailable|Unavailable|Low(38),14.095517,98.559251,MANDALAY|Unavailable|Unavailable|Low(38),21.964011,96.372963,MANDALAY|Unavailable|Unavailable|Low(38),21.95,96.1,MANDALAY|Unavailable|Unavailable|Low(38),21.969673,96.087381,MANDALAY|Unavailable|Unavailable|Low(38),22.809868,96.181071,MAYMYO|Unavailable|Unavailable|Low(36),22.028257,96.470656,MAYMYO|Unavailable|Unavailable|Low(36),22.219581,95.078963,MANDALA|Unavailable|Unavailable|Low(24)",,"Hypsipetes thompsoni, Pycnonotus jocosus","1948.30.208, 1948.80.1237, 1948.80.1234, 1948.80.1230",4,,,,2
Mbonge,Cameroon,,,4.55,9.0833,yes,High(81),Unavailable,"4.5343,9.1069,MBONGE|Unavailable|Unavailable|High(81),4.583333,10.233333,MBONGE|Unavailable|Unavailable|High(81),4.55,9.0833,MBONGE|Unavailable|Unavailable|High(81)",,Phyllastrephus xavieri,"1966.16.1298, 1966.16.1399",2,,,,2
Mbongwe,Cameroon,,,4.547181,9.071235,yes,,,,,Baeopogon clamans,"1966.16.1168, 1966.16.1167",2,,,,2
Meetan/Meetau,Myanmar,,,18.603113,95.128581,yes,,,,,Alophoixus pallidus,86.9.1.1458,1,,,,2
"Mekko, 7'25'N, 2'50'E",Nigeria,,,7.41564,2.833425,yes,,,,,Phyllastrephus icterinus,1966.16.1345,1,,,,2
Melaka,Malaysia,,,2.25,102.25,no,High(81),unavailable,"2.25,102.25,MELAKA|Unavailable|Unavailable|High(81),2.409,101.8495,MELAKA|Unavailable|Unavailable|High(81),2.2333,102.2333,MELAKA|Unavailable|Unavailable|High(81),2.191944,102.255833,MELAKA|Unavailable|Unavailable|High(81)",,"Alophoixus phaeocephalus, Microtarsus melanocephalos, Rubigula cyaniventris, Pycnonotus goiavier, Microtarsus melanoleucos, Pycnonotus zeylanicus","JHF 13936; 4022, WR 2593, JHF 13939, 1; 2, 453; (13); 12, JHF 3222",6,,,,3
"Meliau Range, Ulu Tungud Forest Reserve",NA,,,4.957366,117.877442,yes,,,,,"Alophoixus tephrogenys, Iole charlottae, Microtarsus melanocephalos, Pycnonotus simplex, Rubigula cyaniventris","177788, 177790, 177791, 177792, 177786, 177789, 177787",7,,,,3
"Meligan Range, Ulu Lanhon, 58.5 km SSE Sipitang",NA,,,4.6214,115.659234,yes,,,,,"Pycnonotus leucops, Pycnonotus plumosus","181573, 181574, 181576, 181677",4,,,,3
"Mendolong, approximatley 31 km SE Sipitang",NA,,,4.915635,115.767037,yes,,,,,Rubigula montis,176692,1,,,,3
Menoka,India,,,9.978282,76.276745,yes,,,,,"Pycnonotus cafer, Pycnonotus jocosus","184943, 185256, 185257, 185258",4,,,,2
"Meratus Mountains, Kadayang",NA,,,-2.712132,115.627369,yes,,,,,Alophoixus ruficrissus,198198,1,,,,3
"Meratus Mountains, Summit trail to Gunung Besar",NA,,,-2.712132,115.627369,no,Low(36),unavailable,"-22.701111,17.083333,SUMMIT|Unavailable|Unavailable|Low(36)",,"Alophoixus ruficrissus, Hemixos cinereus","198199, 198200, 198201, 198202, 198203, 198204, 198205, 198206",8,,,,2
Mergui,Myanmar,,,12.439537,98.60028,no,High(81),unavailable,"12.439537,98.60028,MERGUI|Unavailable|Unavailable|High(81)",,Pycnonotus goiavier,"86.9.1.1921, 86.9.1.1926, 86.9.1.1925",3,,,,3
"Meropok, 0.55 km E of Kampung Undop",NA,,,4.964431,115.554845,yes,,,,,"Microtarsus melanocephalos, Rubigula erythropthalmos","191389, 191409",2,,,,1
"Meropok, 1.15 km SE of Kampung Undop",NA,,,4.943011,115.531928,yes,,,,,Pycnonotus brunneus,191405,1,,,,1
Mgumara Mts./Vipya Mts.,Malawi,,,-11.156186,33.994491,yes,,,,,Arizelocichla fusciceps,1939.2.25.300,1,,,,3
Mida Creek,NA,,,-3.372928,39.967534,yes,,,,,"Chlorocichla flaviventris, Andropadus importunus, Pycnonotus barbatus, Phyllastrephus strepitans","AB0818, AA13632, A94389, AA13634, AA13635, AA13636, AA13637, AA13638, AA13639, AA13641, AA13642, AA13643, AA13644, AA13645, A94380, AA13648, AB0837, AA13651, AA13649, AA13653, AA13652, AA13654, AA13655",23,,,,2
"Mida Creek, 17 mi. SW Malindi",NA,,,-3.372928,39.967534,no,High(82),unavailable,"-17.958037,23.666439,Distance SouthWest of MALINDI|Unavailable|Unavailable|High(82),-17.741376,24.516656,Distance SouthWest of MALINDI|Unavailable|Unavailable|High(82)",,Andropadus importunus,26035,1,,,,2
Middle Andaman,India,,,12.5,92.833333,no,High(89),unavailable,"12.5,92.833333,MIDDLE ANDAMAN|Unavailable|Unavailable|High(89)",,Pycnonotus jocosus,86.9.1.2575,1,,,,4
"Middle Sigi Valley, Usambara",United Republic of Tanzania,,,-5.021752,38.707392,yes,Low(38),Unavailable,"-4.942272,38.351798,USAMBARA|Unavailable|Unavailable|Low(38),-5.016667,38.8,SIGI|Unavailable|Unavailable|Low(34)",,Phyllastrephus debilis,1933.6.1.33,1,,,,3
"Mindanao Island, Agusan del Norte Province, Mt. Hilong-hilong",NA,,,9.096677,125.704862,yes,,,,,Hypsipetes philippinus,KU 122014,1,,,,3
"Mindanao Island, Agusan del Sur Province, Municipality of San Francisco, Barangay Bayugan II",NA,,,8.451025,125.969886,yes,,,,,Hypsipetes philippinus,"KU 113147, KU 113146",2,,,,2
"Mindanao Island, Misamis Oriental Province, Gingoog City, Barangay Lunotan, Sitio San Isidro",NA,,,8.730833,125.004141,yes,,,,,Hypsipetes philippinus,"KU 116223, KU 116225",2,,,,2
"Mindanao Island, Zamboanga City, Barangay Baturo, Pasonanca Natural Park",NA,,,7.074216,122.061125,yes,,,,,Hypsipetes rufigularis,KU 112390,1,,,,3
"Mindanao Island, Zamboanga City, Barangay Upper Lapaz, Sitio Nancy",NA,,,6.98196,121.958042,yes,,,,,Hypsipetes rufigularis,KU 116243,1,,,,2
"Mindanao Island, Zamboanga City, Pasonanca Natural Park",NA,,,7.07362,122.061039,yes,,,,,Hypsipetes rufigularis,"KU 112391, KU 112389",2,,,,3
"Mindanao Island, Zamboanga City, Pasonanca Natural Park, Dos Rio Station",NA,,,7.07362,122.061039,no,,,,,Hypsipetes rufigularis,"KU 122343, KU 122344",2,,,,3
"Mindon Foma Res., Thayehiuyo District",Myanmar,,,19.35377,94.728436,no,Low(36),unavailable,"19.35377,94.728436,MINDON|Unavailable|Unavailable|Low(36)",,Pycnonotus flavescens,1932.7.13.49,1,,,,2
Mindoro,Philippines,,,12.9304,121.0947,yes,High(82),Unavailable,"17.559226,120.349376,MINDORO|Unavailable|Unavailable|High(82),12.9304,121.0947,MINDORO|Unavailable|Unavailable|High(82),15.05,120.066667,MINDORO|Unavailable|Unavailable|High(82),16.9158,120.4092,MINDORO|Unavailable|Unavailable|High(82),16.911068,120.412269,MINDORO|Unavailable|Unavailable|High(82),12.8333,121.0833,MINDORO|Unavailable|Unavailable|High(82),14.662121,121.030999,MINDORO|Unavailable|Unavailable|High(82),17.562021,120.355611,MINDORO|Unavailable|Unavailable|High(82)",,Hypsipetes mindorensis,91.4.25.15,1,,,,5
"Mindoro Island, Occidental Mindoro Province, Municipality of Paluan, Barangay Harrison, Sitio Ulasan, Matingaran Mountain Calavite",NA,,,13.43623,120.366472,yes,,,,,Hypsipetes mindorensis,"KU 99078, KU 99064, KU 99062, KU 99066, KU 99075, KU 99065, KU 99076, KU 99074, KU 99063, KU 99077",10,,,,2
"Mindoro Island, Occidental Mindoro Province, Sablayan Prison + Penal Farm, Libuao Lake",NA,,,12.857476,120.911626,yes,,,,,Hypsipetes mindorensis,"KU 122383, KU 122382, KU 122378, KU 122384, KU 122380",5,,,,2
"Mine area, Mt. Nimba",Liberia,,,7.542324,-8.501302,yes,Low(35),,"7.493611,-8.585,NIMBA|Unavailable|Unavailable|Low(35),7.488889,-8.570833,NIMBA|Unavailable|Unavailable|Low(35),6.75,-8.75,NIMBA|Unavailable|Unavailable|Low(35),6.816667,-8.783333,NIMBA|Unavailable|Unavailable|Low(35)",,Phyllastrephus baumanni,"1977.20.1131, 1977.20.1132, 1977.20.1134, 1977.20.1135",4,,,,2
"Mingin, Upper Chindwin River",NA,,,22.877407,94.496301,yes,,,,,Pycnonotus blanfordi,JHF 25753; AM 306,1,,,,2
Miri Division,NA,,,3.765561,113.884767,yes,,,,,Alophoixus phaeocephalus,191372,1,,,,4
"Miri Division, Miri District",NA,,,3.765561,113.884767,no,,,,,Alophoixus phaeocephalus,"188175, 188176, 188177, 188178",4,,,,4
"Mitzic, 0'46'N, 11'33'E",Gabon,,,0.782055,11.549043,yes,Low(36),Unavailable,"0.782909,11.5468,MITZIC|Unavailable|Unavailable|Low(36),0.782055,11.549043,MITZIC|Unavailable|Unavailable|Low(36),0.8,11.5,MITZIC|Unavailable|Unavailable|Low(36)",,Ixonotus guttatus,1957.28.45,1,,,,2
Mizuho Ecological Museum,NA,,,23.496693,121.374052,yes,,,,,Pycnonotus taivanus,TESRI-10312,1,,,,2
"Moewara Tewe, Barito river, South Central Borneo",Malaysia,,,-0.943549,114.894916,yes,Low(37),,"2.266667,102.216667,CENTRAL|Unavailable|Unavailable|Low(37),4,115,BORNEO|Unavailable|Unavailable|Low(36),1,114,BORNEO|Unavailable|Unavailable|Low(36)",,"Pycnonotus goiavier, Microtarsus eutilotus","1912.12.28.80, 1912.12.28.118",2,,,,3
"Mogberri, River Guruba",Belgian Congo,,,2.627543,28.50444,yes,,,,,Phyllastrephus scandens,1911.12.23.1748,1,,,,2
"Mogok, Katha District",Myanmar,,,22.917665,96.509818,yes,Low(44),Unavailable,"24.113623,95.849761,KATHA DISTRICT|Unavailable|Unavailable|Low(44),17.565506,95.081604,MOGOK|Unavailable|Unavailable|Low(35),17.533483,95.402637,MOGOK|Unavailable|Unavailable|Low(35),24.175409,96.341444,KATHA|Unavailable|Unavailable|Low(35),22.917665,96.509818,MOGOK|Unavailable|Unavailable|Low(35)",,Pycnonotus flavescens,1948.80.1268,1,,,,2
Moka Research Station,NA,,,3.358806,8.660997,yes,,,,,Phyllastrephus poensis,"190065, 190066, 190067",3,,,,2
Mokanshan,NA,,,30.599733,119.8627,yes,,,,,Spizixos semitorques,P6V21271,1,,,,3
Moledet,NA,,,32.586101,35.439291,yes,,,,,Pycnonotus xanthopygos,"6906, 6909",2,,,,2
"Mollem, Goa",India,,,15.390851,74.237691,yes,Low(33),,"15.409269,73.788685,GOA|Unavailable|Unavailable|Low(33),24.602428,72.725831,GOA|Unavailable|Unavailable|Low(33),15.333333,74.08333,GOA|Unavailable|Unavailable|Low(33),15.501574,73.913146,GOA|Unavailable|Unavailable|Low(33),32.448826,76.539889,GOA|Unavailable|Unavailable|Low(33),15.4,73.8,GOA|Unavailable|Unavailable|Low(33),15.5,73.916667,GOA|Unavailable|Unavailable|Low(33),23.785769,84.315969,GOA|Unavailable|Unavailable|Low(33),15.333,74.083,GOA|Unavailable|Unavailable|Low(33)",,Rubigula gularis,"24103, 24104",2,,,,3
Molo,Kenya,,,-0.25,35.733333,no,High(79),unavailable,"-0.25,35.733333,MOLO|Unavailable|Unavailable|High(79),-0.183333,35.733333,MOLO|Unavailable|Unavailable|High(79),-0.248495,35.731937,MOLO|Unavailable|Unavailable|High(79),0.53262,36.077739,MOLO|Unavailable|Unavailable|High(79)",,Arizelocichla kikuyuensis,1939.12.9.3078,1,,,,2
Mombasa,NA,,,-4.050027,39.662162,yes,,,,,Andropadus importunus,JHF 34571,1,,,,3
Mombasa Island,Kenya,,,-4.054655,39.663588,no,High(89),unavailable,"-4.054655,39.663588,MOMBASA ISLAND|Unavailable|Unavailable|High(89)",,Andropadus importunus,"73.9.9.13, 95.5.1.721",2,,,,3
"Mombo, Soni gorge, Usambaras",United Republic of Tanzania,,,-4.883333,38.283333,yes,Low(35),Unavailable,"-6.05,36.15,MOMBO|Unavailable|Unavailable|Low(35),-4.883333,38.283333,MOMBO|Unavailable|Unavailable|Low(35),-4.893365,38.263179,MOMBO|Unavailable|Unavailable|Low(35),-4.906178,38.149198,MOMBO|Unavailable|Unavailable|Low(35),-4.9,38.3,MOMBO|Unavailable|Unavailable|Low(35),-4.85,38.366667,SONI|Unavailable|Unavailable|Low(34),-4.8761,38.366087,SONI|Unavailable|Unavailable|Low(34),-4.854993,38.373851,SONI|Unavailable|Unavailable|Low(34),-4.942272,38.351798,USAMBARA|Unavailable|Unavailable|Low(25)",,Phyllastrephus cerviniventris,1932.1.11.26,1,,,,2
"Monduli Mt., near Meru",United Republic of Tanzania,,,-3.263133,36.462315,yes,Medium(49),,"-3.326734,36.900834,Near MERU|Unavailable|Unavailable|Medium(49),-3.216667,36.666667,Near MERU|Unavailable|Unavailable|Medium(49),-3.233333,36.75,Near MERU|Unavailable|Unavailable|Medium(49)",,Phyllastrephus cerviniventris,1945.41.36,1,,,,3
"Mong Kong State, S. Shan States",Myanmar,,,21.610775,97.539345,yes,Low(27),Unavailable,"22,98,SHAN STATE|Unavailable|Unavailable|Low(27),24.100513,98.312639,MONG KO|Unavailable|Unavailable|Low(24),20.565419,99.968095,MONG KO|Unavailable|Unavailable|Low(24)",,Hypsipetes thompsoni,1900.9.2.3,1,,,,4
"Mora Barue, Samarahan",Malaysia,,,1.365816,110.535315,yes,,,,,Pycnonotus plumosus,1927.4.18.581A,1,,,,2
"Morotai Island, Halmahera",Indonesia,,,2.350121,128.41795,yes,Medium(64),Unavailable,"2.392657,128.279248,(g3)Morotai Island|Unavailable|64665|Medium(64),0.956061,127.838826,(g3)Halmahera|Unavailable|274560|Medium(59)",,Hypsipetes chloris,"1969.41.1021, 1900.2.8.39",2,,,,4
Motengo Plateau,United Republic of Tanzania,,,-10.809483,34.815098,yes,,,,,Pycnonotus barbatus,P6V104131,1,,,,4
"Motobu Peninsula, in a small village",NA,,,26.657783,127.897364,yes,,,,,Hypsipetes amaurotis,14124,1,,,,3
Moulmein,Myanmar,,,16.490514,97.628248,no,High(83),unavailable,"16.490514,97.628248,MOULMEIN|Unavailable|Unavailable|High(83),15.761408,97.851753,MOULMEIN|Unavailable|Unavailable|High(83)",,Alophoixus pallidus,86.9.1.1508,1,,,,3
"Mount Apo, Mindanao",NA,,,6.987266,125.270194,yes,,,,,"Hypsipetes philippinus, Pycnonotus goiavier","JHF 20256, JHF 30062, JHF 20257, JHF 20269, JHF 20268, JHF 20270",6,,,,3
"Mount Baco area, Mindoro",NA,,,12.819676,121.17195,yes,,,,,"Hypsipetes mindorensis, Pycnonotus goiavier","JHF 22597; JJM 270, JHF 22599; JJM 290, JHF 22600; JJM 291, JHF 22609; JJM 741",4,,,,3
Mount Cameroon,NA,,,4.217518,9.173202,yes,,,,,"Phyllastrephus icterinus, Arizelocichla tephrolaema, Phyllastrephus poensis","P6V109643a, P6V109642, P6V109593",3,,,,3
"Mount Dulang-dulang, Mindoro",NA,,,8.116426,124.924383,yes,,,,,Hypsipetes mindorensis,"JHF 34078; JW B1, JHF 34077, JHF 34079; JW B6, JHF 34080; JW B9, JHF 34081; JW B11, JHF 34082; JW B60, JHF 34083; JW B155",7,,,,3
Mount Dulit,NA,,,3.331877,114.149542,yes,,,,,Alophoixus ruficrissus,"JHF 15138, JHF 15636",2,,,,3
Mount Elgon,NA,,,1.105523,34.508276,yes,,,,,"Phyllastrephus cabanisi, Pycnonotus barbatus, Stelgidillas gracilirostris, Eurillas latirostris","PJK 11, PJK 16; GWB 16, PJK 10, PJK 70, PJK 69, PJK 89, PJK 54, PJK 91, PJK 44, PJK 31, PJK 88, PJK 21, PJK 43",13,,,,3
Mount Kilimanjaro,NA,,,-3.072803,37.372103,yes,,,,,Phyllastrephus cabanisi,JHF 34752; ? 2799,1,,,,3
Mount Kina Balu,NA,,,6.075103,116.559067,yes,,,,,Pycnonotus goiavier,89741,1,,,,3
Mount Kinabalu,NA,,,6.075103,116.559067,no,,,,,"Alophoixus ruficrissus, Hemixos cinereus, Pycnonotus goiavier, Rubigula montis, Pycnonotus simplex, Pycnonotus zeylanicus","WR 3024, JHF 34147; JW 2197, JHF 15638, JHF 6048, JHF 15134, JHF 15137, JHF 15635, JHF 15120, JHF 15118, JHF 15632, JHF 15633",11,,,,3
"Mount Kinabalu, Kiou",NA,,,6.075103,116.559067,no,,,,,Alophoixus ruficrissus,JHF 15637,1,,,,3
"Mount Kinabalu, Pinokok",NA,,,6.054192,116.507569,yes,,,,,Alophoixus ruficrissus,JHF 15139,1,,,,2
"Mount Kinabalu, Pinokok?",NA,,,6.054192,116.507569,no,,,,,Microtarsus melanoleucos,JHF 15136,1,,,,2
"Mount Lalangie, Benkulu",NA,,,-3.356884,102.576733,yes,,,,,"Alophoixus phaeocephalus, Ixos malaccensis","JHF 31014; CJB 15793, JHF 31012; CJB 15803",2,,,,3
"Mount Meru, E side",NA,,,-3.237777,36.817551,yes,,,,,Pycnonotus barbatus,"94956, 94957",2,,,,3
Mount Selinda,NA,,,-20.450733,32.715445,yes,,,,,"Phyllastrephus flavostriatus, Phyllastrephus terrestris","JAD 4120, JAD 4073",2,,,,3
"Mount Tanodake (Nago), Okinawa-shoto, (Okinawa Is), Nansei Shoto, (Ryukyu Islands)",NA,,,26.601772,128.0439,yes,,,,,Hypsipetes amaurotis,JHF 23883; AO 161; ? 672,1,,,,3
Moyale,NA,,,3.517583,39.058419,yes,,,,,Phyllastrephus strepitans,JHF 34588,1,,,,3
"Mt Bulusan, San Roque, Bulusan, Sorsogon Prov., Luzon Island",NA,,,12.764977,124.053288,yes,,,,,Microtarsus urostictus,MNH 3645,1,,,,3
"Mt Dulit, Sarawak",Malaysia,,,3.333616,114.150651,yes,Low(37),,"2.5,113.5,SARAWAK|Unavailable|Unavailable|Low(37),1.5333,110.3333,SARAWAK|Unavailable|Unavailable|Low(37)",,Alophoixus tephrogenys,1935.10.22.353,1,,,,3
"Mt Mayo, Limot, Mati, Davao Prov., Mindanao Island",NA,,,7.074478,126.320011,yes,,,,,Microtarsus urostictus,MNH 3691,1,,,,3
"Mt Secha, Hainan",NA,,,18.896695,109.701816,yes,,,,,Hypsipetes leucocephalus,JHF 23884; AO 43,1,,,,4
"Mt. Arayat, Pampanga Dist, C. Luzon",Philippines,,,15.204974,120.742504,yes,Medium(53),,"14.66095,121.028065,At PAMPANGA|Unavailable|Unavailable|Medium(53),14.628041,120.98226,At PAMPANGA|Unavailable|Unavailable|Medium(53),15.069161,120.689948,At PAMPANGA|Unavailable|Unavailable|Medium(53),14.629292,120.971232,At PAMPANGA|Unavailable|Unavailable|Medium(53),7.11,125.648889,At PAMPANGA|Unavailable|Unavailable|Medium(53),14.767221,120.653497,At PAMPANGA|Unavailable|Unavailable|Medium(53),14.519858,121.053752,At PAMPANGA|Unavailable|Unavailable|Medium(53),15.148318,120.582444,At PAMPANG|Unavailable|Unavailable|Medium(39),16.2414,120.7896,At PAMPANG|Unavailable|Unavailable|Medium(39),16.3557,120.886,At PAMPANG|Unavailable|Unavailable|Medium(39),16.3592,120.8867,At PAMPANG|Unavailable|Unavailable|Medium(39),12.9321,123.5707,At PAMPANG|Unavailable|Unavailable|Medium(39),10.0876,124.1147,At PAMPANG|Unavailable|Unavailable|Medium(39),5.7116,120.9271,At PAMPANG|Unavailable|Unavailable|Medium(39),13.816667,120.116667,At PAMPANG|Unavailable|Unavailable|Medium(39)",,Hypsipetes philippinus,97.5.13.8,1,,,,3
"Mt. Borangbato, Brook's Pt., Palawan",NA,,,8.816374,117.764994,yes,,,,,Iole palawanensis,"PNM 13140, PNM 13143, PNM 13141, PNM 13138, PNM 13142, PNM 13139, PNM 13137",7,,,,3
"Mt. Bulusan, San Roque, Bulusan, Sorsogon Province, Luzon Island",NA,,,12.768693,124.052864,yes,,,,,Hypsipetes philippinus,"MNH 4056, MNH 4058, MNH 4019, MNH 4020, MNH 4021",5,,,,3
"Mt. Bulusan, San Roque, Bulusan, Sorsogon, Luzon Island",NA,,,12.768693,124.052864,no,,,,,"Microtarsus urostictus, Pycnonotus goiavier","MNH 10189, MNH 3792",2,,,,3
"Mt. Cagua, Cagayan Province, Sierra Madre, Luzon Island",NA,,,18.214756,122.153946,yes,,,,,Hypsipetes philippinus,MNH 4016,1,,,,3
"Mt. Calacio, Ilocos Norte, Luzon Island",NA,,,18.427744,120.894981,yes,,,,,Hypsipetes philippinus,MNH 4007,1,,,,3
"Mt. Capato-an, Samar Province, Samar Island",NA,,,12.212185,125.095964,yes,,,,,Pycnonotus goiavier,MNH 3962,1,,,,3
"Mt. Capoto-an, Matuguinao, Samar Island",NA,,,12.212185,125.095964,no,,,,,Hypsipetes philippinus,"MNH 4112, MNH 4113, MNH 4114, MNH 4115, MNH 4116, MNH 4117, MNH 4118, MNH 4119, MNH 4120, MNH 4121, MNH 4122, MNH 4132, MNH 4133, MNH 4134, MNH 4135, MNH 4073",16,,,,3
"Mt. Capoto-an, Samar Island",NA,,,12.212185,125.095964,no,,,,,Microtarsus urostictus,"MNH 3662, MNH 3661, MNH 3660, MNH 3659",4,,,,3
"Mt. Catarman, Catarman, Camiguin",NA,,,9.199555,124.673645,yes,,,,,Hypsipetes everetti,"MSU 55054, MSU 48767",2,,,,3
"Mt. Dulangan, Mindoro",Philippines,,,13.454245,120.956954,yes,Low(38),,"13.850344,120.916855,DULANGAN|Unavailable|Unavailable|Low(38),8.679167,125.840278,DULANGAN|Unavailable|Unavailable|Low(38),11.4561,122.9557,DULANGAN|Unavailable|Unavailable|Low(38),12.457234,122.498412,DULANGAN|Unavailable|Unavailable|Low(38),12.9425,123.865,DULANGAN|Unavailable|Unavailable|Low(38),12.480032,122.493712,DULANGAN|Unavailable|Unavailable|Low(38),12.472833,122.514712,DULANGAN|Unavailable|Unavailable|Low(38),13.3566,121.1199,DULANGAN|Unavailable|Unavailable|Low(38),11.449589,122.966548,DULANGAN|Unavailable|Unavailable|Low(38),13.4685,120.9803,DULANGAN|Unavailable|Unavailable|Low(38),7.161389,124.276111,DULANGAN|Unavailable|Unavailable|Low(38),13.84753,120.916773,DULANGAN|Unavailable|Unavailable|Low(38),11.47366,122.948714,DULANGAN|Unavailable|Unavailable|Low(38),13.3051,121.1129,DULANGAN|Unavailable|Unavailable|Low(38),15.05,120.066667,MINDORO|Unavailable|Unavailable|Low(37),16.9158,120.4092,MINDORO|Unavailable|Unavailable|Low(37),14.662121,121.030999,MINDORO|Unavailable|Unavailable|Low(37),17.562021,120.355611,MINDORO|Unavailable|Unavailable|Low(37),16.911068,120.412269,MINDORO|Unavailable|Unavailable|Low(37),12.8333,121.0833,MINDORO|Unavailable|Unavailable|Low(37),17.559226,120.349376,MINDORO|Unavailable|Unavailable|Low(37),12.9304,121.0947,MINDORO|Unavailable|Unavailable|Low(37),4.816389,119.817222,DULANGA|Unavailable|Unavailable|Low(24)",,Hypsipetes mindorensis,"97.5.13.379, 97.5.13.378",2,,,,4
"Mt. Dulit, Sarawak",Malaysia,,,3.33293,114.149965,yes,Low(37),,"2.5,113.5,SARAWAK|Unavailable|Unavailable|Low(37),1.5333,110.3333,SARAWAK|Unavailable|Unavailable|Low(37)",,"Hemixos cinereus, Iole charlottae, Rubigula montis, Tricholestes criniger, Microtarsus eutilotus, Rubigula cyaniventris","1935.10.22.333, 1927.4.18.595, 1927.4.18.594, 1935.10.22.339, 1955.6.N9.18, 1935.10.22.342, 1935.10.22.382, 1935.10.22.381, 1927.4.18.611, 1900.2.14.98, 1900.2.15.123, 93.7.2.78, 1900.2.15.48, 1932.12.21.45",14,,,,3
Mt. Elgon,NA,,,1.033335,34.621851,yes,,,,,Arizelocichla kikuyuensis,26005,1,,,,3
"Mt. Gedeh, W Java",Indonesia,,,-6.787778,106.981944,no,Low(41),unavailable,"-6.787778,106.981944,MOUNT GEDEH|Unavailable|Unavailable|Low(41),-5.92557,106.0647,MOUNT GEDEH|Unavailable|Unavailable|Low(41),-6.75,107.5,WEST JAVA|Unavailable|Unavailable|Low(39),-6.798056,107.041389,GEDEH|Unavailable|Unavailable|Low(35),-6.634,111.2862,GEDEH|Unavailable|Unavailable|Low(35),-8.744167,115.923611,GEDEH|Unavailable|Unavailable|Low(35),-7.491667,110.004444,JAVA|Unavailable|Unavailable|Low(34),-7.4,110,JAVA|Unavailable|Unavailable|Low(34),-6.787778,106.981944,MOUNT GEDE|Unavailable|Unavailable|Low(27),-5.92557,106.0647,MOUNT GEDE|Unavailable|Unavailable|Low(27)",,Alophoixus bres,1939.12.9.1902,1,,,,3
"Mt. Hilong-hilong Peak, Agusan Province, Mindanao Island",NA,,,9.09598,125.705192,yes,,,,,Hypsipetes philippinus,"MNH 4405, MNH 4406, MNH 4409, MNH 4410, MNH 4411, MNH 4412",6,,,,3
"Mt. Hilong-hilong, Balangbalang, Cabadbaran, Agusan, Mindanao Island",NA,,,9.09598,125.705192,no,,,,,Pycnonotus goiavier,"MNH 3847, MNH3848, MNH 3849, MNH 3850, MNH 3851, MNH 3872, MNH 3874, MNH 3875, MNH 3876",9,,,,3
Mt. Isarog Curry Pili Camarines Sur,NA,,,13.659151,123.373344,yes,,,,,Hypsipetes philippinus,MNH 4160,1,,,,3
"Mt. Isarog, Curry, Pili, Camarines Sur, Luzon Island",NA,,,13.659151,123.373344,no,,,,,"Pycnonotus goiavier, Hypsipetes philippinus","MNH 3791, MNH 3890, MNH 3773, MNH 4017, MNH 4018",5,,,,3
"Mt. Kalangugan, Brgy. Esperanza, Dinagat Is., Surigao",Philippines,,,10.224722,125.594722,no,Low(44),unavailable,"10.224722,125.594722,DINAGAT ISLAND|Unavailable|Unavailable|Low(44),12.9947,123.739,ESPERANZA|Unavailable|Unavailable|Low(39),10.1837,123.59,ESPERANZA|Unavailable|Unavailable|Low(39),11.7365,124.042,ESPERANZA|Unavailable|Unavailable|Low(39),10.5155,124.7539,ESPERANZA|Unavailable|Unavailable|Low(39),10.7027,124.4143,ESPERANZA|Unavailable|Unavailable|Low(39),10.8005,124.5368,ESPERANZA|Unavailable|Unavailable|Low(39),10.6995,124.3143,ESPERANZA|Unavailable|Unavailable|Low(39),11.457904,122.066408,ESPERANZA|Unavailable|Unavailable|Low(39),11.253418,122.072507,ESPERANZA|Unavailable|Unavailable|Low(39),16.75,121.75,ESPERANZA|Unavailable|Unavailable|Low(39),8.180833,124.007222,ESPERANZA|Unavailable|Unavailable|Low(39),16.316667,122.133333,ESPERANZA|Unavailable|Unavailable|Low(39),8.676944,125.646944,ESPERANZA|Unavailable|Unavailable|Low(39),11.4011,122.5279,ESPERANZA|Unavailable|Unavailable|Low(39),11.8,124,ESPERANZA|Unavailable|Unavailable|Low(39),10.3863,122.952,ESPERANZA|Unavailable|Unavailable|Low(39),13.8945,122.3217,ESPERANZA|Unavailable|Unavailable|Low(39),14.122393,120.872563,ESPERANZA|Unavailable|Unavailable|Low(39),15.937,120.8024,ESPERANZA|Unavailable|Unavailable|Low(39),10.783333,122.033333,ESPERANZA|Unavailable|Unavailable|Low(39),10.95,124.9,ESPERANZA|Unavailable|Unavailable|Low(39),11.183333,124.883333,ESPERANZA|Unavailable|Unavailable|Low(39),9.9804,125.276,ESPERANZA|Unavailable|Unavailable|Low(39),7.633333,125.7,ESPERANZA|Unavailable|Unavailable|Low(39),9.865,126.013056,ESPERANZA|Unavailable|Unavailable|Low(39),7.491667,125.728056,ESPERANZA|Unavailable|Unavailable|Low(39),9.766667,125.483333,SURIGAO|Unavailable|Unavailable|Low(37),9.983333,125.6,DINAGAT|Unavailable|Unavailable|Low(37),8.67417,126.14667,SURIGAO|Unavailable|Unavailable|Low(37),9.7984,125.4734,SURIGAO|Unavailable|Unavailable|Low(37),9.75,125.5,SURIGAO|Unavailable|Unavailable|Low(37),15.496,119.9233,AGAT ISLAND|Unavailable|Unavailable|Low(28)",,Hypsipetes everetti,PNM 17111,1,,,,4
Mt. Kalulong,Malaysia,,,3.220039,114.670956,yes,,,,,Hemixos cinereus,93.7.2.63,1,,,,3
"Mt. Kalulong, Borneo",NA,,,3.220725,114.671299,yes,,,,,Rubigula squamata,1893.7.2.68,1,,,,3
"Mt. Kampalili, Mati, Davao",NA,,,7.300403,126.278269,yes,,,,,Hypsipetes rufigularis,"PNM 3390, PNM 3391",2,,,,3
"Mt. Kanyi, Sipatung River, 3.3 km W of Kg Sebako, Sematan (logged good quality forest)",NA,,,1.716567,109.665525,yes,,,,,"Alophoixus tephrogenys, Tricholestes criniger, Rubigula cyaniventris","187846, 187847, 187848, 187849, 187850, 187843, 187845, 187866, 187867, 187868, 187869",11,,,,3
"Mt. Kanyi, approximately 4 km W Kampung Sebako",NA,,,1.716567,109.665525,no,,,,,Tricholestes criniger,187844,1,,,,3
"Mt. Kapiagan, Misamis Oriental",NA,,,8.766242,125.031235,yes,,,,,"Pycnonotus goiavier, Hypsipetes rufigularis","PNM 7251, PNM 7256, PNM 7260, PNM 7257, PNM 7255, PNM 7261, PNM 7259, PNM 7258",8,,,,3
"Mt. Kitanglad, Malaybalay, Bukidnon Province, Mindanao Island",NA,,,8.139866,124.917166,yes,,,,,Hypsipetes philippinus,"MNH 4388, MNH 4389, MNH 4390, MNH 4391",4,,,,3
"Mt. Kitanglad, Malaybalay, Bukidnon, Mindanao Island",NA,,,8.139866,124.917166,no,,,,,Pycnonotus goiavier,MNH 3871,1,,,,3
"Mt. Kitanglad, Malaybalay, Bukidnon, Mindanao Island",NA,,,8.139866,124.917166,no,,,,,Pycnonotus goiavier,MNH 3846,1,,,,3
Mt. Kenya,Kenya,,,-0.158385,37.316677,no,High(86),unavailable,"-0.158385,37.316677,MOUNT KENYA|Unavailable|Unavailable|High(86),-0.45,37.116667,MOUNT KENYA|Unavailable|Unavailable|High(86),-0.166,37.333333,MOUNT KENYA|Unavailable|Unavailable|High(86)",,Arizelocichla kikuyuensis,1900.1.19.44,1,,,,3
"Mt. Kinabalu, Laban Rata",NA,,,6.058762,116.566223,yes,,,,,Pycnonotus leucops,176696,1,,,,2
"Mt. Kitanglad, Malaybalay, Bukidnon",NA,,,8.139866,124.917166,no,,,,,Pycnonotus goiavier,PNM 10195,1,,,,3
Mt. Kulal (East of Highest Peak),NA,,,2.750127,36.94487,yes,,,,,Eurillas gracilis,AA28038,1,,,,3
Mt. Kulal (Telemast),NA,,,2.697316,36.94075,yes,,,,,Pycnonotus barbatus,"AA28033, AA28034, AA28035, AA28036, AA28037",5,,,,3
"Mt. Lobi, Bo. Patok, Dagami, Leyte",NA,,,11.010844,124.811891,yes,,,,,"Hypsipetes everetti, Hypsipetes rufigularis","PNM 13575, PNM 13588, PNM 13583, PNM 13576, PNM 13582, PNM 13584, PNM 13581, PNM 13585, PNM 13578, PNM 13579, PNM 13577, PNM 13587, PNM 13580, PNM 13574",14,,,,3
"Mt. Lucia, approximately 8 km N Tawau Hills Park headquarters",NA,,,4.478255,117.93635,yes,Low(35),,"-22.466667,18.633333,LUCIA|Unavailable|Unavailable|Low(35)",,"Alophoixus tephrogenys, Ixos malaccensis, Hemixos cinereus","176706, 176711, 176714",3,,,,3
"Mt. Maka-Ayat, Sitio Malamboon, Malabog, Paguibata District, Davao City",NA,,,7.314543,125.392753,yes,Low(24),,"-17.766667,23.833333,MALAMBO|Unavailable|Unavailable|Low(24)",,Pycnonotus goiavier,PNM 17119,1,,,,4
"Mt. Makiling, UPLB, College, Laguna, Luzon Island",NA,,,14.135913,121.194859,yes,,,,,Hypsipetes philippinus,"MNH 4061, MNH 4076, MNH 4023, MNH 4024, MNH 4025",5,,,,3
"Mt. Malindang, Mutia, Zamboanga del Norte, Mindanao Island",NA,,,8.21744,123.63657,yes,,,,,Pycnonotus goiavier,"MNH 3844, MNH 3845",2,,,,3
"Mt. Matutum, Tupi, Cotabato, Mindanao Island",NA,,,6.360386,125.074749,yes,,,,,Pycnonotus goiavier,MNH 3881,1,,,,3
"Mt. Mayo, Limot, Mati, Davao Prov., Mindanao Island",NA,,,7.088716,126.319466,yes,,,,,Microtarsus urostictus,"MNH  3691, MNH 3690, MNH 3689, MNH 3688",4,,,,3
"Mt. Mayo, Limot, Mati, Davao Province, Mindanao Island",NA,,,7.087098,126.321869,yes,,,,,Pycnonotus goiavier,MNH 3857,1,,,,3
Mt. Mbololo,NA,,,-3.314987,38.458152,yes,,,,,Arizelocichla striifacies,"26009, 26010",2,,,,3
"Mt. Moco, C. Angola",Angola,,,-12.462025,15.176721,no,Low(40),unavailable,"-12.462025,15.176721,MOUNT MOCO|Unavailable|Unavailable|Low(40),-12.5,18.5,ANGOLA|Unavailable|Unavailable|Low(36),-14.133333,14.5,ANGOLA|Unavailable|Unavailable|Low(36),-12.5,18.5,ANGOLA|Unavailable|Unavailable|Low(36),-12.666667,14.466667,MOCO|Unavailable|Unavailable|Low(34),-12.633333,14.5,MOCO|Unavailable|Unavailable|Low(34),-12.420742,15.258085,MOCO|Unavailable|Unavailable|Low(34),-12.427808,15.152708,MOCO|Unavailable|Unavailable|Low(34),-12.466667,15.083333,MOCO|Unavailable|Unavailable|Low(34),-12.462025,15.176721,MOCO|Unavailable|Unavailable|Low(34)",,Atimastillas flavigula,1957.35.186,1,,,,3
Mt. Mulu National Park,NA,,,4.080853,114.897488,yes,,,,,"Alophoixus ruficrissus, Alophoixus tephrogenys, Iole finschii, Tricholestes criniger","191353, 191354, 191355, 191356, 191357, 191346, 191381, 191382",8,,,,3
"Mt. Mulu National Park, Summit Trail",NA,,,4.049471,114.859572,yes,Low(36),,"-22.701111,17.083333,SUMMIT|Unavailable|Unavailable|Low(36)",,"Ixos malaccensis, Hemixos cinereus","197901, 197895, 197896, 197897, 197898",5,,,,2
"Mt. Mulu National Park, Summit Trail Camp 3",NA,,,4.049728,114.88854,yes,Low(36),,"-22.701111,17.083333,SUMMIT|Unavailable|Unavailable|Low(36)",,"Alophoixus ruficrissus, Rubigula montis","191361, 191362, 191420",3,,,,2
"Mt. Mulu National Park, Summit Trail Camp 4",NA,,,4.046924,114.911349,yes,Low(36),,"-22.701111,17.083333,SUMMIT|Unavailable|Unavailable|Low(36)",,Pycnonotus leucops,191412,1,,,,2
"Mt. Mulu National Park, Summit Trail Camp 5",NA,,,4.13671,114.893775,yes,Low(36),,"-22.701111,17.083333,SUMMIT|Unavailable|Unavailable|Low(36)",,Pycnonotus leucops,191414,1,,,,1
"Mt. Mulu, Borneo",Malaysia,,,4,115,no,Low(36),unavailable,"4,115,BORNEO|Unavailable|Unavailable|Low(36),1,114,BORNEO|Unavailable|Unavailable|Low(36)",,Alophoixus ruficrissus,1908.12.9.27,1,,,,3
Mt. Nabaluto Llorente,NA,,,11.351332,125.452682,yes,,,,,Hypsipetes rufigularis,PNM 11739,1,,,,4
"Mt. Nabaluto, Llorente, Samar",NA,,,11.351332,125.452682,no,,,,,Hypsipetes rufigularis,PNM 11740,1,,,,4
Mt. Nimba,Liberia,,,7.488889,-8.570833,yes,Low(35),Unavailable,"7.493611,-8.585,NIMBA|Unavailable|Unavailable|Low(35),7.488889,-8.570833,NIMBA|Unavailable|Unavailable|Low(35),6.75,-8.75,NIMBA|Unavailable|Unavailable|Low(35),6.816667,-8.783333,NIMBA|Unavailable|Unavailable|Low(35)",,Bleda eximius,"1977.20.1204, 1977.20.1222",2,,,,3
"Mt. Pangasungan, Vista Bay-bay, Leyte",NA,,,10.754883,124.84002,yes,,,,,Hypsipetes everetti,PNM 16400,1,,,,3
"Mt. Sicapoo, Ilocos Norte, Luzon Island",NA,,,18.011537,120.936269,yes,,,,,Pycnonotus goiavier,MNH 3787,1,,,,3
"Mt. Simminubtan, Mt. Sicapo-o, Ilocos Norte, Luzon Island",NA,,,18.011537,120.936269,no,,,,,Hypsipetes philippinus,"MNH 4050, MNH 4051, MNH 4052, MNH 3996",4,,,,3
"Mt. Stavely, Iwahig, Palawan",NA,,,9.739034,118.574337,yes,,,,,Iole palawanensis,"PNM 8829, PNM 8827, PNM 8828",3,,,,3
"Mt. Talakahigan, Aborlan, Palawan",NA,,,9.541026,118.443359,yes,,,,,Iole palawanensis,PNM 7945,1,,,,4
"Mt. Timpong, Matognao, Mahinog, Camiguin",NA,,,9.202456,124.671749,yes,,,,,Hypsipetes everetti,"MSU 48338, MSU 48324, MSU 48350",3,,,,3
Mt. Trus Madi,NA,,,5.552461,116.514915,yes,,,,,"Microtarsus melanoleucos, Pycnonotus leucops, Rubigula montis, Hemixos cinereus","176690, 176691, 176695, 176693, 176694, 176712, 176713",7,,,,4
"Mt. Victoria, Aborlan, Palawan",NA,,,9.364245,118.334011,yes,,,,,Iole palawanensis,"PNM 8825, PNM 8824",2,,,,3
"Mt. Victoria, Boay CR., Aborlan, Palawan",NA,,,9.364245,118.334011,no,,,,,Iole palawanensis,PNM 8622,1,,,,3
"Mt. Victoria, Sitio Mariwara, Aborlan, Palawan",NA,,,9.364245,118.334011,no,,,,,Iole palawanensis,"PNM 8620, PNM 8619, PNM 8621, PNM 8618",4,,,,3
"Mubuku Valley, E. Ruwenzori",Uganda,,,0.269444,30.1025,yes,Low(39),Unavailable,"0.409652,29.890541,RUWENZORI|Unavailable|Unavailable|Low(39),0.269444,30.1025,MUBUKU|Unavailable|Unavailable|Low(36),0.183333,30.233333,MUBUKU|Unavailable|Unavailable|Low(36)",,Arizelocichla kikuyuensis,"1906.12.23.1334, 1906.12.23.1325, 1906.12.23.1324, 1906.12.23.1328, 1906.12.23.1333, 1906.12.23.1327, 1906.12.23.1335, 1906.12.23.1331",8,,,,3
"Mudi Stream, Blantyre",Malawi,,,-15.814752,34.984351,yes,Low(41),Unavailable,"-15.85844,34.881835,MUDI STREAM|Unavailable|Unavailable|Low(41),-15.786823,35.013868,BLANTYRE|Unavailable|Unavailable|Low(38),-15.647316,34.939562,BLANTYRE|Unavailable|Unavailable|Low(38),-15.7667,35,BLANTYRE|Unavailable|Unavailable|Low(38),-15.647316,34.939562,BLANTYRE|Unavailable|Unavailable|Low(38)",,Phyllastrephus cerviniventris,RLC 2703,1,,,,3
"Mudspring, Mt Makiling, Los Banos, Laguna, Luzon Island",NA,,,14.135937,121.195677,yes,,,,,Microtarsus urostictus,MNH 3636,1,,,,3
Muiga,Kenya,,,-0.319765,36.901943,yes,High(80),Unavailable,"-0.35,36.95,MUIGA|Unavailable|Unavailable|High(80),-0.319765,36.901943,MUIGA|Unavailable|Unavailable|High(80)",,"Pycnonotus barbatus, Eurillas latirostris","JS 56, JS 42, JS 84",3,,,,2
"Mulu National Park, Deer Cave",NA,,,4.024661,114.823244,yes,,,,,"Alophoixus tephrogenys, Pycnonotus brunneus, Rubigula erythropthalmos","186204, 186226, 186227",3,,,,1
"Mulu National Park, headquarters",Malaysia,,,4.042127,114.812172,yes,,,,,Rubigula erythropthalmos,186229,1,,,,2
Mussoorie,India,,,30.454977,78.070684,no,High(84),unavailable,"30.454977,78.070684,MUSSOORIE|Unavailable|Unavailable|High(84),30.457103,78.054976,MUSSOORIE|Unavailable|Unavailable|High(84)",,Pycnonotus leucogenys,86.9.1.2571,1,,,,3
"Mutaragwa, Aberdare Mts.,",Kenya,,,-1.108506,36.615099,yes,Low(38),,"-0.32451,36.932973,ABERDARE|Unavailable|Unavailable|Low(38)",,Arizelocichla kikuyuensis,"1910.12.26.179, 1910.12.26.176",2,,,,3
"Mwinilunga, N Rhodesia",Zambia,,,-11.735836,24.42926,yes,Low(40),Unavailable,"-11.85,24.366667,MWINILUNGA|Unavailable|Unavailable|Low(40),-11.75,24.433333,MWINILUNGA|Unavailable|Unavailable|Low(40),-11.735836,24.42926,MWINILUNGA|Unavailable|Unavailable|Low(40),-11.7333,24.4,MWINILUNGA|Unavailable|Unavailable|Low(40),-12.000789,24.584691,MWINILUNGA|Unavailable|Unavailable|Low(40)",,Atimastillas flavigula,1947.80.30,1,,,,2
"Myithyina, Upper Burma",Myanmar,,,25.39282,97.383076,yes,Low(35),,"21,96,BURMA|Unavailable|Unavailable|Low(35)",,Pycnonotus cafer,"1937.1.7.170, 1931.1.7.168",2,,,,3
Myitkyima,Myanmar,,,25.39282,97.383076,no,,,,,Rubigula flaviventris,1937.1.7.423,1,,,,3
N. Bohol,Philippines,,,10.070898,124.238381,yes,Low(35),,"11.680278,124.516667,BOHOL|Unavailable|Unavailable|Low(35),10.48228,119.894304,BOHOL|Unavailable|Unavailable|Low(35),9.833333,124.166667,BOHOL|Unavailable|Unavailable|Low(35),10.1993,123.5467,BOHOL|Unavailable|Unavailable|Low(35),13.8335,121.1012,BOHOL|Unavailable|Unavailable|Low(35),14.513574,120.987401,BOHOL|Unavailable|Unavailable|Low(35),9.8333,124.1667,BOHOL|Unavailable|Unavailable|Low(35),7.4928,125.843,BOHOL|Unavailable|Unavailable|Low(35),9.633333,123.883333,BOHOL|Unavailable|Unavailable|Low(35)",,Pycnonotus goiavier,88.4.1.602,1,,,,4
N. Ginnosar,NA,,,32.851028,35.527172,yes,,,,,Pycnonotus xanthopygos,11079,1,,,,2
N. Lagos,Nigeria,,,6.67,3.38,yes,Low(35),Unavailable,"6.583333,3.75,LAGOS|Unavailable|Unavailable|Low(35),6.454066,3.394673,LAGOS|Unavailable|Unavailable|Low(35),6.67,3.38,LAGOS|Unavailable|Unavailable|Low(35)",,Stelgidillas gracilirostris,1920.3.10.43,1,,,,3
N. Mindoro,Philippines,,,13.34788,120.778437,yes,Low(37),Unavailable,"17.559226,120.349376,MINDORO|Unavailable|Unavailable|Low(37),12.9304,121.0947,MINDORO|Unavailable|Unavailable|Low(37),15.05,120.066667,MINDORO|Unavailable|Unavailable|Low(37),16.9158,120.4092,MINDORO|Unavailable|Unavailable|Low(37),16.911068,120.412269,MINDORO|Unavailable|Unavailable|Low(37),12.8333,121.0833,MINDORO|Unavailable|Unavailable|Low(37),14.662121,121.030999,MINDORO|Unavailable|Unavailable|Low(37),17.562021,120.355611,MINDORO|Unavailable|Unavailable|Low(37)",,Hypsipetes mindorensis,"95.6.13.20, 95.6.13.19, 1969.29.197",3,,,,4
N. Taiwan,Taiwan,,,24.96389,121.543928,yes,Low(36),,"23.209167,120.187222,TAIWAN|Unavailable|Unavailable|Low(36),24,121,TAIWAN|Unavailable|Unavailable|Low(36),23.5,121,TAIWAN|Unavailable|Unavailable|Low(36),24,121,TAIWAN|Unavailable|Unavailable|Low(36),24.1469,120.6839,TAIWAN|Unavailable|Unavailable|Low(36),23.5,121,TAIWAN|Unavailable|Unavailable|Low(36),24.20916,120.90944,TAIWAN|Unavailable|Unavailable|Low(36),23.209167,120.187222,TAIWAN|Unavailable|Unavailable|Low(36)",,Pycnonotus sinensis,77.10.22.9,1,,,,4
N. Toungoo,Myanmar,,,18.961416,96.433742,yes,Low(37),,"18.942907,96.434085,TOUNGOO|Unavailable|Unavailable|Low(37)",,Iole viridescens,"1948.80.1345, 1948.80.1344",2,,,,3
NW Borneo,NA,,,5.311224,115.528838,yes,,,,,Setornis criniger,JHF 15686,1,,,,4
"NW. Tenggueh, Yunnan",China,,,25.060242,98.451766,yes,Low(36),Unavailable,"25,101.5,YUNNAN|Unavailable|Unavailable|Low(36),36.065127,120.311493,YUNNAN|Unavailable|Unavailable|Low(36),29.12312,110.146923,YUNNAN|Unavailable|Unavailable|Low(36),22.797109,112.871435,YUNNAN|Unavailable|Unavailable|Low(36),33.707275,118.657898,YUNNAN|Unavailable|Unavailable|Low(36),25.038889,102.718333,YUNNAN|Unavailable|Unavailable|Low(36),31.654042,121.469969,YUNNAN|Unavailable|Unavailable|Low(36),32.04909,121.266613,YUNNAN|Unavailable|Unavailable|Low(36)",,Ixos mcclellandii,"1939.12.9.3959, 1933.11.13.198, 1939.12.3960",3,,,,3
"NW. of Kwanhsein, Sichuan",China,,,31.040907,103.526314,yes,Low(37),,"30.5,102.666667,SICHUAN|Unavailable|Unavailable|Low(37),35.122098,105.480318,SICHUAN|Unavailable|Unavailable|Low(37),35.4348,104.666,SICHUAN|Unavailable|Unavailable|Low(37),22.8034,110.482,SICHUAN|Unavailable|Unavailable|Low(37)",,Spizixos semitorques,1954.59.174,1,,,,3
"Na Noi, Shan States",Myanmar,,,21.930907,97.213619,yes,Low(27),,"22,98,SHAN STATE|Unavailable|Unavailable|Low(27)",,Hypsipetes thompsoni,1900.12.20.912,1,,,,2
Naaman River,NA,,,32.885611,35.106705,yes,,,,,Pycnonotus xanthopygos,11053,1,,,,2
"Nabaluto, Mt. Borak, Samar",NA,,,12.329487,125.151251,yes,,,,,Pycnonotus goiavier,PNM 11769,1,,,,3
"Nabbutuan, Solano, Cagayan",NA,,,16.521238,121.179694,yes,,,,,Pycnonotus goiavier,PNM 12939,1,,,,2
"Naga Cebu, Cebu Island",NA,,,10.208046,123.750838,yes,,,,,Microtarsus melanocephalos,MNH 3937,1,,,,3
Naga Hills,India,,,26,95,no,High(85),unavailable,"26,95,NAGA HILLS|Unavailable|Unavailable|High(85),26,95,NAGA HILLS|Unavailable|Unavailable|High(85)",,Spizixos canifrons,1949.Whi.1.14540,1,,,,4
"Naga, Cebu City, Cebu Island",NA,,,10.208046,123.750838,no,,,,,Hypsipetes philippinus,MNH 4290,1,,,,3
Nagar,India,,,27.424172,77.099838,yes,High(80),Unavailable,"27.923195,78.550412,NAGAR|Unavailable|Unavailable|High(80),27.186511,77.862929,NAGAR|Unavailable|Unavailable|High(80),29.126737,76.7264,NAGAR|Unavailable|Unavailable|High(80),28.140804,77.942688,NAGAR|Unavailable|Unavailable|High(80),27.844124,77.788886,NAGAR|Unavailable|Unavailable|High(80),27.106501,77.668983,NAGAR|Unavailable|Unavailable|High(80),26.889696,78.08287,NAGAR|Unavailable|Unavailable|High(80),30.299776,76.567327,NAGAR|Unavailable|Unavailable|High(80),32.13808,77.173933,NAGAR|Unavailable|Unavailable|High(80),25.619657,79.245521,NAGAR|Unavailable|Unavailable|High(80),23.266667,82.45,NAGAR|Unavailable|Unavailable|High(80),33.021441,74.471661,NAGAR|Unavailable|Unavailable|High(80),13.824249,75.030696,NAGAR|Unavailable|Unavailable|High(80),26.464186,75.203823,NAGAR|Unavailable|Unavailable|High(80),25.900159,75.825735,NAGAR|Unavailable|Unavailable|High(80),27.424172,77.099838,NAGAR|Unavailable|Unavailable|High(80),24.069317,79.466307,NAGAR|Unavailable|Unavailable|High(80),26.729993,82.675047,NAGAR|Unavailable|Unavailable|High(80),28.046478,78.416747,NAGAR|Unavailable|Unavailable|High(80),27.967998,79.064712,NAGAR|Unavailable|Unavailable|High(80),26.967694,82.43488,NAGAR|Unavailable|Unavailable|High(80),31.23222,77.067354,NAGAR|Unavailable|Unavailable|High(80),29.89577,79.334708,NAGAR|Unavailable|Unavailable|High(80),24.991769,81.073532,NAGAR|Unavailable|Unavailable|High(80),29.994127,78.773643,NAGAR|Unavailable|Unavailable|High(80),27.595985,79.607539,NAGAR|Unavailable|Unavailable|High(80),25.98161,82.392395,NAGAR|Unavailable|Unavailable|High(80),19.011705,78.101604,NAGAR|Unavailable|Unavailable|High(80),27.967096,77.685947,NAGAR|Unavailable|Unavailable|High(80),26.713301,80.965811,NAGAR|Unavailable|Unavailable|High(80),24.126128,82.852236,NAGAR|Unavailable|Unavailable|High(80),27.558491,81.61926,NAGAR|Unavailable|Unavailable|High(80),26.957901,81.115336,NAGAR|Unavailable|Unavailable|High(80)",,Pycnonotus cafer,"T 8136, 462, 29, 22",1,,,,2
Nagarkot,Nepal,,,27.715154,85.485131,no,High(83),unavailable,"27.715154,85.485131,NAGARKOT|Unavailable|Unavailable|High(83),27.717576,85.519992,NAGARKOT|Unavailable|Unavailable|High(83),27.711389,85.486944,NAGARKOT|Unavailable|Unavailable|High(83)",,Pycnonotus leucogenys,1938.7.15.852,1,,,,2
"Nagoro, Siaton, Negros Oriental",NA,,,9.120007,123.028082,yes,,,,,Hypsipetes guimarasensis,"4321, 4322, 4339, 4342, 4343, 4344, 4345, 4346",8,,,,4
Nagpur,India,,,21.153,79.084,yes,High(81),Unavailable,"20.565237,80.592582,NAGPUR|Unavailable|Unavailable|High(81),25.831757,83.873154,NAGPUR|Unavailable|Unavailable|High(81),24.73362,83.3137,NAGPUR|Unavailable|Unavailable|High(81),25.949297,83.365462,NAGPUR|Unavailable|Unavailable|High(81),26.858767,82.481979,NAGPUR|Unavailable|Unavailable|High(81),20.02813,79.248788,NAGPUR|Unavailable|Unavailable|High(81),28.251679,78.916857,NAGPUR|Unavailable|Unavailable|High(81),16.365435,78.286362,NAGPUR|Unavailable|Unavailable|High(81),29.656443,75.421459,NAGPUR|Unavailable|Unavailable|High(81),23.287508,82.346147,NAGPUR|Unavailable|Unavailable|High(81),21,79,NAGPUR|Unavailable|Unavailable|High(81),31.032607,77.339191,NAGPUR|Unavailable|Unavailable|High(81),25.367256,83.81864,NAGPUR|Unavailable|Unavailable|High(81),21.145052,79.086061,NAGPUR|Unavailable|Unavailable|High(81),22.849259,78.052185,NAGPUR|Unavailable|Unavailable|High(81),26.938813,83.201823,NAGPUR|Unavailable|Unavailable|High(81),17.863455,78.884747,NAGPUR|Unavailable|Unavailable|High(81),24.67621,85.113428,NAGPUR|Unavailable|Unavailable|High(81),25.032122,85.659934,NAGPUR|Unavailable|Unavailable|High(81),23.214698,84.46606,NAGPUR|Unavailable|Unavailable|High(81),29.156018,77.99659,NAGPUR|Unavailable|Unavailable|High(81),21.153,79.084,NAGPUR|Unavailable|Unavailable|High(81),20.1161,85.154013,NAGPUR|Unavailable|Unavailable|High(81),22.192992,76.614686,NAGPUR|Unavailable|Unavailable|High(81),26.299449,82.761911,NAGPUR|Unavailable|Unavailable|High(81),27.152945,83.206741,NAGPUR|Unavailable|Unavailable|High(81),21.043234,74.435287,NAGPUR|Unavailable|Unavailable|High(81),22.955956,75.771607,NAGPUR|Unavailable|Unavailable|High(81),22.199826,76.617369,NAGPUR|Unavailable|Unavailable|High(81),22.704667,74.01401,NAGPUR|Unavailable|Unavailable|High(81),30.654576,79.249506,NAGPUR|Unavailable|Unavailable|High(81)",,Pycnonotus cafer,1941.5.30.1280,1,,,,3
Nahal Amud,NA,,,32.871278,35.50246,yes,,,,,Pycnonotus xanthopygos,11105,1,,,,2
Nahal Dor,NA,,,31.512243,34.649389,no,,,,,Pycnonotus xanthopygos,11059,1,,,,2
Nahal Elot,NA,,,30.534522,34.57463,yes,,,,,Pycnonotus xanthopygos,11065,1,,,,2
Nahal Jericho,NA,,,31.835663,35.380342,yes,Low(37),,"-28.383333,19.766667,JERICHO|Unavailable|Unavailable|Low(37)",,Pycnonotus xanthopygos,11084,1,,,,2
Nahal Nes Ziona,NA,,,31.931611,34.799826,yes,,,,,Pycnonotus xanthopygos,11091,1,,,,2
"Naihoot, near Langauen",Thailand,,,9.951676,99.080403,yes,,,,,Alophoixus tephrogenys,1955.1.5768,1,,,,3
Nairobi,NA,,,-1.291399,36.819508,yes,,,,,Stelgidillas gracilirostris,JHF 34595; FJJ 81,1,,,,3
"Nairobi, 19 mi NW",NA,,,-1.161224,36.658404,yes,,,,,Pycnonotus barbatus,209714,1,,,,2
Naivasha (Kijabe Ltd.),NA,,,-0.719943,36.432412,yes,,,,,Pycnonotus barbatus,"AA28069, AA28074",2,,,,2
Naivasha (Nini Farm),NA,,,-0.719943,36.432412,no,,,,,Pycnonotus barbatus,"AA28076, AA28090, AB6037",3,,,,2
"Namuli Mt., Quelimane province",Mozambique,,,-15.4167,37,yes,Low(39),Unavailable,"-17.750278,36.915556,QUELIMANE|Unavailable|Unavailable|Low(39),-17.861389,36.855833,QUELIMANE|Unavailable|Unavailable|Low(39),-17.885,36.887222,QUELIMANE|Unavailable|Unavailable|Low(39),-15.843611,39.609722,QUELIMANE|Unavailable|Unavailable|Low(39),-11.163056,40.304167,QUELIMANE|Unavailable|Unavailable|Low(39),-17.856072,36.923029,QUELIMANE|Unavailable|Unavailable|Low(39),-17.878611,36.888333,QUELIMANE|Unavailable|Unavailable|Low(39),-18.0125,36.9075,QUELIMANE|Unavailable|Unavailable|Low(39),-18.125,36.808333,QUELIMANE|Unavailable|Unavailable|Low(39),-15.4167,37,NAMULI|Unavailable|Unavailable|Low(36),-15.358889,37.060556,NAMULI|Unavailable|Unavailable|Low(36),-15.672222,38.619167,NAMULI|Unavailable|Unavailable|Low(36)",,Arizelocichla milanjensis,"1933.3.1.700, 1933.3.1.702, 1933.3.1.683, 1933.3.1.608, 1933.3.1.689, 1933.3.1.691, 1933.3.1.694, 1933.3.1.682, 1933.3.1.684, 1933.3.1.685, 1933.3.1.692, 1933.3.1.693, 1933.3.1.696, 1933.3.1.695, 1933.3.1.699, 1933.3.1.687, 1933.3.1.686, 1933.3.1.697, 1933.3.1.690, 1933.3.1.698, 1933.3.1.701",21,,,,3
"Nan Yoh, Miao, Near Kwanhsien, W. Sichuan",China,,,31.0146,103.582,yes,Medium(54),Unavailable,"36.480313,115.435097,Near KWANHSIEN|Unavailable|Unavailable|Medium(54),31.0146,103.582,Near KWANHSIEN|Unavailable|Unavailable|Medium(54)",,Pycnonotus sinensis,1954.59.145,1,,,,2
Nantou Jiji,NA,,,23.826639,120.792881,yes,,,,,Hypsipetes leucocephalus,TESRI-14143,1,,,,2
Nape,Laos,,,18.303836,105.070072,yes,,,,,Alophoixus pallidus,"1928.6.26.820, 1928.6.26.819, 1928.6.26.821",3,,,,2
"Nasratabad, Seistan Delta",Iran,,,29.854044,59.981748,yes,Low(40),,"36.865495,66.411983,NASRATABAD|Unavailable|Unavailable|Low(40),31,62.5,SEISTAN|Unavailable|Unavailable|Low(37),30.5,62,SEISTAN|Unavailable|Unavailable|Low(37)",,Pycnonotus leucotis,1965 M.9579,1,,,,2
"National Botanic Garden, Siniloan Laguna, Luzon Island",NA,,,14.428992,121.454617,yes,,,,,Hypsipetes philippinus,MNH 4049,1,,,,4
"National Museum Compound, Manila",Philippines,,,14.586849,120.981347,yes,Low(45),,"14.586849,120.981347,NATIONAL MUSEUM|Unavailable|Unavailable|Low(45),14.2781,121.42,MANILA|Unavailable|Unavailable|Low(36),14.5833,121,MANILA|Unavailable|Unavailable|Low(36),12.369,121.3356,MANILA|Unavailable|Unavailable|Low(36),13.233333,123.95,MANILA|Unavailable|Unavailable|Low(36),8.805556,125.567222,MANILA|Unavailable|Unavailable|Low(36),14.566,121,MANILA|Unavailable|Unavailable|Low(36),14.6167,120.9667,MANILA|Unavailable|Unavailable|Low(36),14.6042,120.9822,MANILA|Unavailable|Unavailable|Low(36),14.5833,121,MANILA|Unavailable|Unavailable|Low(36),13.245135,123.965255,MANILA|Unavailable|Unavailable|Low(36)",,Pycnonotus goiavier,PNM 2807,1,,,,1
"Naujan Lake, Mindoro",Philippines,,,13.183351,121.38796,yes,Low(37),,"12.9304,121.0947,MINDORO|Unavailable|Unavailable|Low(37),14.662121,121.030999,MINDORO|Unavailable|Unavailable|Low(37),16.9158,120.4092,MINDORO|Unavailable|Unavailable|Low(37),17.559226,120.349376,MINDORO|Unavailable|Unavailable|Low(37),12.8333,121.0833,MINDORO|Unavailable|Unavailable|Low(37),15.05,120.066667,MINDORO|Unavailable|Unavailable|Low(37),17.562021,120.355611,MINDORO|Unavailable|Unavailable|Low(37),16.911068,120.412269,MINDORO|Unavailable|Unavailable|Low(37),13.323283,121.302818,NAUJAN|Unavailable|Unavailable|Low(36),13.35,121.25,NAUJAN|Unavailable|Unavailable|Low(36),13.25,121.2,NAUJAN|Unavailable|Unavailable|Low(36),11.6497,122.1014,NAUJAN|Unavailable|Unavailable|Low(36)",,Hypsipetes mindorensis,"JHF 22595; ? 185, JHF 22596, JJM 205, JHF 22598; JJM 356",3,,,,3
Nawa,Afghanistan,,,32.017607,65.914719,no,High(79),unavailable,"32.017607,65.914719,NAWA|Unavailable|Unavailable|High(79),32.217281,65.937474,NAWA|Unavailable|Unavailable|High(79),32.321577,67.886598,NAWA|Unavailable|Unavailable|High(79),33.819424,66.290494,NAWA|Unavailable|Unavailable|High(79),32.231989,65.902238,NAWA|Unavailable|Unavailable|High(79),32.86597,66.067286,NAWA|Unavailable|Unavailable|High(79),32.551653,65.708891,NAWA|Unavailable|Unavailable|High(79),33.995406,66.408149,NAWA|Unavailable|Unavailable|High(79),32.643934,67.266207,NAWA|Unavailable|Unavailable|High(79),33.945655,66.800734,NAWA|Unavailable|Unavailable|High(79),34.769922,71.104197,NAWA|Unavailable|Unavailable|High(79),33.834599,66.66473,NAWA|Unavailable|Unavailable|High(79),34.1045,66.759208,NAWA|Unavailable|Unavailable|High(79),34.744065,71.154462,NAWA|Unavailable|Unavailable|High(79),34.40707,70.026237,NAWA|Unavailable|Unavailable|High(79),32.274462,67.90206,NAWA|Unavailable|Unavailable|High(79),34.823217,68.136979,NAWA|Unavailable|Unavailable|High(79),34.687164,69.331886,NAWA|Unavailable|Unavailable|High(79)",,Pycnonotus leucotis,86.9.1.1898,1,,,,2
"Nawchuk, Pakchan, Pen. Siam",Thailand,,,10.584098,98.817719,yes,Low(34),Unavailable,"15.5,101,SIAM|Unavailable|Unavailable|Low(34),15,100,SIAM|Unavailable|Unavailable|Low(34)",,Pycnonotus jocosus,1936.4.12.1922,1,,,,4
"Ndala Tando, N Angola",Angola,,,-9.278209,14.905265,yes,Low(36),Unavailable,"-14.133333,14.5,ANGOLA|Unavailable|Unavailable|Low(36),-6.657766,15.16059,NDALA|Unavailable|Unavailable|Low(35),-6.611001,15.189513,NDALA|Unavailable|Unavailable|Low(35),-11.46802,19.104684,NDALA|Unavailable|Unavailable|Low(35),-8.68678,17.579099,NDALA|Unavailable|Unavailable|Low(35),-8.387028,15.368228,NDALA|Unavailable|Unavailable|Low(35),-9.079963,17.851947,NDALA|Unavailable|Unavailable|Low(35),-7.103521,15.19162,NDALA|Unavailable|Unavailable|Low(35),-6.686063,16.323728,NDALA|Unavailable|Unavailable|Low(35),-12.636389,13.281667,NDALA|Unavailable|Unavailable|Low(35),-13.783333,16.716667,NDALA|Unavailable|Unavailable|Low(35),-9.352128,17.676914,NDALA|Unavailable|Unavailable|Low(35),-7.7,20.85,NDALA|Unavailable|Unavailable|Low(35),-8.319548,16.117789,NDALA|Unavailable|Unavailable|Low(35),-8.414494,16.128571,NDALA|Unavailable|Unavailable|Low(35),-5.716667,12.333333,TANDO|Unavailable|Unavailable|Low(35),-8.197792,15.686358,NDALA|Unavailable|Unavailable|Low(35),-8.523512,14.876657,NDALA|Unavailable|Unavailable|Low(35),-11.235257,16.611035,NDALA|Unavailable|Unavailable|Low(35),-11.355623,15.183877,NDALA|Unavailable|Unavailable|Low(35),-10.130752,16.369501,NDALA|Unavailable|Unavailable|Low(35),-14.794782,16.575302,NDALA|Unavailable|Unavailable|Low(35),-11.833685,16.849476,NDALA|Unavailable|Unavailable|Low(35),-8.68072,14.857378,NDALA|Unavailable|Unavailable|Low(35),-8.378171,17.560571,NDALA|Unavailable|Unavailable|Low(35),-8.724065,15.264938,NDALA|Unavailable|Unavailable|Low(35),-7.264784,19.856403,NDALA|Unavailable|Unavailable|Low(35),-14.533896,16.293504,NDALA|Unavailable|Unavailable|Low(35),-8.942024,15.243226,NDALA|Unavailable|Unavailable|Low(35),-10.404749,13.655375,TANDO|Unavailable|Unavailable|Low(35),-7.70519,15.890518,NDALA|Unavailable|Unavailable|Low(35),-11.086931,14.544399,NDALA|Unavailable|Unavailable|Low(35),-7.80518,15.378754,NDALA|Unavailable|Unavailable|Low(35)",,"Baeopogon indicator, Chlorocichla falkensteini, Neolestes torquatus, Phyllastrephus fulviventris","1910.5.6.609, 1910.5.6.590, 1910.5.6.593, 1910.5.6.591, 1910.5.6.955, 1910.5.6.953, 1909.8.5.109, 1910.5.6.954, 1910.5.6.604, 1910.5.6.599",10,,,,3
Ndalatando,NA,,,-9.278209,14.905265,no,,,,,"Neolestes torquatus, Eurillas virens","JHF 25780; WJA 813, JHF 23875; WJA 782",2,,,,3
"Near Angba, Welle R.",DRC,,,1.673404,28.915867,yes,Low(35),,"4.15,22.433333,WELLE|Unavailable|Unavailable|Low(35)",,Criniger ndussumensis,1936.2.21.283,1,,,,4
"Near Arero, Equatorial province",Ethiopia,,,4.75,38.816667,no,Medium(50),unavailable,"4.75,38.816667,Near ARERO|Unavailable|Unavailable|Medium(50),4.75,38.816667,Near ARERO|Unavailable|Unavailable|Medium(50)",,Phyllastrephus strepitans,1946.5.2300,1,,,,2
"Near Lisoka, S. Cameroon",Cameroon,,,4.222809,9.29174,yes,Medium(51),,"4.2187,9.3041,Near LISOKA|Unavailable|Unavailable|Medium(51)",,Arizelocichla montana,1966.16.1759,1,,,,3
Near Myawadee,Myanmar,,,16.658365,98.472143,yes,,,,,Alophoixus pallidus,86.9.1.1452,1,,,,2
Near Netla,Mozambique,,,-11.342748,39.437109,yes,,,,,Phyllastrephus fischeri,1933.3.1.635,1,,,,2
"Near River Cuvo, 12 miles SW. of Gabela, W. Angola",Angola,,,-10.984979,14.287655,yes,High(81),Unavailable,"-11.056727,14.274265,Distance SouthWest of GABELA|Unavailable|Unavailable|High(81),-11.021722,14.281601,Distance SouthWest of GABELA|Unavailable|Unavailable|High(81),-10.974898,14.254226,Distance SouthWest of GABELA|Unavailable|Unavailable|High(81)",,Phyllastrephus fulviventris,1957.35.143,1,,,,3
"Negros Island, Cuernos de Negros Range, Municipality of Dauin",NA,,,9.243123,123.178926,yes,,,,,Hypsipetes guimarasensis,"KU 121812, KU 121813, KU 121814",3,,,,3
"Negros Island, Negros Occidental Province, Mt. Bungol",NA,,,10.676327,123.18605,yes,,,,,Hypsipetes guimarasensis,"KU 116603, KU 116602, KU 116604",3,,,,3
Neot Hakikar,NA,,,30.932663,35.378295,yes,,,,,Pycnonotus xanthopygos,"11075, 11070",2,,,,2
Nepal,Nepal,,,28,84,no,High(80),unavailable,"28,84,NEPAL|Unavailable|Unavailable|High(80),28,84,NEPAL|Unavailable|Unavailable|High(80)",,Rubigula flaviventris,1845.1.9590,1,,,,6
Nepal,NA,,,28,84,no,,,,,"Pycnonotus cafer, Pycnonotus leucogenys, Hypsipetes leucocephalus, Rubigula flaviventris, Alcurus striatus","UMZC 27/Pyc/11/h/2, UMZC 27/Pyc/11/v/1, UMZC 27/Pyc/6/j/16, UMZC 27/Pyc/6/j/15, UMZC 27/Pyc/11/z/6, H 242a; ? 5233, WR 470",7,,,,6
"Neve Ativ, Hermon",NA,,,33.261792,35.74058,yes,,,,,Pycnonotus xanthopygos,11050,1,,,,2
Ngaoundere,NA,,,7.332067,13.561329,yes,,,,,Pycnonotus barbatus,232417,1,,,,3
"Ngapale, Sandoway",Myanmar,,,18.41569,94.330556,yes,Low(38),,"18.416667,94.3,SANDOWAY|Unavailable|Unavailable|Low(38),18.465373,94.365632,SANDOWAY|Unavailable|Unavailable|Low(38)",,"Iole viridescens, Pycnonotus davisoni","1932.7.13.44, 1937.1.7.159",2,,,,2
Ngounie: Rsamba-Maghotsii Oviguii R.,NA,,,-1.160776,10.578715,yes,,,,,Atimastillas flavicollis,KU 138233,1,,,,2
"Nguru Mountains, Morogoro",United Republic of Tanzania,,,-6,37.5,no,Low(45),unavailable,"-6,37.5,NGURU MOUNTAINS|Unavailable|Unavailable|Low(45),-6.816667,37.666667,MOROGORO|Unavailable|Unavailable|Low(38),-7.716667,35.866667,MOROGORO|Unavailable|Unavailable|Low(38),-5.583333,32.75,MOROGORO|Unavailable|Unavailable|Low(38),-10.633333,35.433333,MOROGORO|Unavailable|Unavailable|Low(38),-6.8167,37.6667,MOROGORO|Unavailable|Unavailable|Low(38),-6.906139,37.945539,MOROGORO|Unavailable|Unavailable|Low(38),-8,37,MOROGORO|Unavailable|Unavailable|Low(38),-5.183333,38.4,MOROGORO|Unavailable|Unavailable|Low(38),-7.916667,37.25,MOROGORO|Unavailable|Unavailable|Low(38)",,Arizelocichla chlorigula,"1938.7.3.16, 1931.12.19.23",2,,,,3
Nha Trang,Vietnam,,,12.248089,109.19436,no,High(84),unavailable,"12.248089,109.19436,NHA TRANG|Unavailable|Unavailable|High(84),12.248089,109.19436,NHA TRANG|Unavailable|Unavailable|High(84),12.227649,109.192125,NHA TRANG|Unavailable|Unavailable|High(84),12.234664,109.192055,(g3)Nha Trang|Unavailable|6732|Medium(59)",,Pycnonotus conradi,"1910.5.8.136, 1910.5.8.137",2,,,,3
"Niah National Park, approximately 55 km SSW Miri",NA,,,3.800725,113.785149,yes,,,,,Pycnonotus plumosus,181713,1,,,,3
Nichuguard,NA,,,25.802841,93.795267,yes,,,,,Pycnonotus jocosus,"185238, 185239, 185240",3,,,,3
Nicobar Islands,India,,,8,93.5,no,High(90),unavailable,"8,93.5,NICOBAR ISLANDS|Unavailable|Unavailable|High(90)",,Hypsipetes nicobariensis,"74.10.26.6, 88.4.1.280, 88.4.1.281a, 86.9.1.981, 86.9.1.977",5,,,,4
Nicobar Islands,NA,,,8,93.5,no,,,,,Hypsipetes nicobariensis,JHF 19605,1,,,,4
Nilgiri Hills area,NA,,,11.463125,76.654182,yes,,,,,Acritillas indica,JHF 4027; C 85,1,,,,4
Nimba County,NA,,,7.423504,-8.532261,yes,,,,,Eurillas virens,148246,1,,,,4
Ningpo,China,,,29.878186,121.549453,no,High(81),unavailable,"29.878186,121.549453,NINGPO|Unavailable|Unavailable|High(81)",,Hypsipetes amaurotis,98.10.2.71,1,,,,3
"Nioumbadjou, Grand Comoro",Comoros,,,-11.799167,43.297222,no,Low(41),unavailable,"-11.799167,43.297222,NIOUMBADJOU|Unavailable|Unavailable|Low(41)",,Hypsipetes parvirostris,"1959.5.192, 1959.5.188",2,,,,2
Nizzana,NA,,,30.883417,34.420784,yes,,,,,Pycnonotus xanthopygos,11060,1,,,,2
"Njala, 100'",Sierra Leone,,,8.034909,-11.57533,no,Low(35),unavailable,"8.034909,-11.57533,NJALA|Unavailable|Unavailable|Low(35),7.460737,-11.894354,NJALA|Unavailable|Unavailable|Low(35),7.554943,-11.897882,NJALA|Unavailable|Unavailable|Low(35),8.282409,-12.127953,NJALA|Unavailable|Unavailable|Low(35),8.461086,-11.382837,NJALA|Unavailable|Unavailable|Low(35),7.269014,-11.504091,NJALA|Unavailable|Unavailable|Low(35),7.316097,-11.459626,NJALA|Unavailable|Unavailable|Low(35),7.511754,-12.175128,NJALA|Unavailable|Unavailable|Low(35),8.699375,-11.017484,NJALA|Unavailable|Unavailable|Low(35),7.911563,-12.474147,NJALA|Unavailable|Unavailable|Low(35),8.112098,-12.075232,NJALA|Unavailable|Unavailable|Low(35),7.579064,-11.112905,NJALA|Unavailable|Unavailable|Low(35),7.087966,-11.634336,NJALA|Unavailable|Unavailable|Low(35),7.625721,-11.047279,NJALA|Unavailable|Unavailable|Low(35),7.828234,-11.757455,NJALA|Unavailable|Unavailable|Low(35),8.293322,-10.701186,NJALA|Unavailable|Unavailable|Low(35),8.358763,-10.417424,NJALA|Unavailable|Unavailable|Low(35),8.434121,-10.881213,NJALA|Unavailable|Unavailable|Low(35),8.066395,-12.104583,NJALA|Unavailable|Unavailable|Low(35),7.993483,-10.729518,NJALA|Unavailable|Unavailable|Low(35),8.180507,-12.336132,NJALA|Unavailable|Unavailable|Low(35),7.819554,-11.434204,NJALA|Unavailable|Unavailable|Low(35),8.231317,-12.008861,NJALA|Unavailable|Unavailable|Low(35),7.647205,-12.185468,NJALA|Unavailable|Unavailable|Low(35),7.82056,-11.280937,NJALA|Unavailable|Unavailable|Low(35),7.056014,-11.45367,NJALA|Unavailable|Unavailable|Low(35),7.04995,-11.447606,NJALA|Unavailable|Unavailable|Low(35),8.626561,-11.263027,NJALA|Unavailable|Unavailable|Low(35),8.262653,-11.696349,NJALA|Unavailable|Unavailable|Low(35),7.955736,-12.291615,NJALA|Unavailable|Unavailable|Low(35),8.189706,-12.433135,NJALA|Unavailable|Unavailable|Low(35),8.161022,-12.385582,NJALA|Unavailable|Unavailable|Low(35),7.87637,-10.897814,NJALA|Unavailable|Unavailable|Low(35)",,Chlorocichla simplex,1936.10.16.25,1,,,,2
Njombe Highlands,United Republic of Tanzania,,,-9.416667,34.75,yes,Low(36),Unavailable,"-9.209095,35.132537,NJOMBE|Unavailable|Unavailable|Low(36),-9.416667,34.75,NJOMBE|Unavailable|Unavailable|Low(36),-6.933333,35.1,NJOMBE|Unavailable|Unavailable|Low(36),-9.35,34.766667,NJOMBE|Unavailable|Unavailable|Low(36),-9.367615,34.900152,NJOMBE|Unavailable|Unavailable|Low(36),-6.933333,35.1,NJOMBE|Unavailable|Unavailable|Low(36),-9.349167,34.771667,NJOMBE|Unavailable|Unavailable|Low(36),-9.3333,34.7833,NJOMBE|Unavailable|Unavailable|Low(36)",,Arizelocichla chlorigula,1932.5.10.558,1,,,,3
"Nodouha, Hainan",China,,,19.514308,109.542949,yes,Low(36),Unavailable,"44.5657,129.49,HAINAN|Unavailable|Unavailable|Low(36),47.232,126.979,HAINAN|Unavailable|Unavailable|Low(36),19.25,109.75,HAINAN|Unavailable|Unavailable|Low(36),33.0427,119.982,HAINAN|Unavailable|Unavailable|Low(36),18.939444,109.484167,HAINAN|Unavailable|Unavailable|Low(36),27.788646,102.307174,HAINAN|Unavailable|Unavailable|Low(36),39.445452,106.891317,HAINAN|Unavailable|Unavailable|Low(36),23.053864,113.223395,HAINAN|Unavailable|Unavailable|Low(36),39.445452,106.891317,HAINAN|Unavailable|Unavailable|Low(36),31.887878,121.179504,HAINAN|Unavailable|Unavailable|Low(36),34.98,116.542,HAINAN|Unavailable|Unavailable|Low(36),32.491667,120.455556,HAINAN|Unavailable|Unavailable|Low(36),27.7986,102.309,HAINAN|Unavailable|Unavailable|Low(36),35.81725,100.340527,HAINAN|Unavailable|Unavailable|Low(36),32.494324,120.454529,HAINAN|Unavailable|Unavailable|Low(36),19,109.5,HAINAN|Unavailable|Unavailable|Low(36)",,Hemixos castanonotus,1914.5.6.540,1,,,,3
"Nokrek, near",NA,,,25.448678,90.431545,yes,,,,,"Ixos mcclellandii, Pycnonotus cafer","185609, 184931, 184932, 184933, 184934, 184935",6,,,,3
Norphong,Bhutan,,,26.920671,89.04804,yes,,,,,Alcurus striatus,24454,1,,,,2
"North Borneo, Cocoa Research Station, Quoin Hill Tawan",NA,,,4.414553,118.019642,yes,,,,,"Iole finschii, Rubigula erythropthalmos, Ixos malaccensis","KU 43259, KU 43260, KU 43247, KU 43246, KU 43245, KU 43266",6,,,,2
"North Borneo, Tawan Residency, 12 mi north Kalabakan",NA,,,4.644888,117.481998,yes,,,,,Tricholestes criniger,"KU 43265, KU 43261, KU 43264, KU 43262",4,,,,2
North India,India,,,26.525926,74.835269,yes,Low(35),,"23.015333,75.362613,INDIA|Unavailable|Unavailable|Low(35),22,79,INDIA|Unavailable|Unavailable|Low(35),27.666667,88.5,NORTH|Unavailable|Unavailable|Low(35),20,77,INDIA|Unavailable|Unavailable|Low(35)",,Pycnonotus leucotis,UMZC 27/Pyc/11/v/11,1,,,,5
Northwest India,NA,,,26.525926,74.835269,no,,,,,Pycnonotus jocosus,JHF 26638,1,,,,5
Nsanje,NA,,,-16.916366,35.225779,yes,,,,,"Chlorocichla flaviventris, Pycnonotus barbatus","RCL 2462, RCL 30",2,,,,3
"Ntondo Village, Nsanje",NA,,,-15.468829,35.038668,yes,,,,,Andropadus importunus,RCL 2607,1,,,,2
Ntotoro,Uganda,,,0.843878,30.139972,yes,High(82),,"0.853361,30.15879,NTOTORO|Unavailable|Unavailable|High(82)",,Criniger ndussumensis,25971,1,,,,3
"Ntotoro, Bwamba Forest",NA,,,0.843878,30.139972,no,,,,,Thescelocichla leucopleura,25972,1,,,,3
"Nueva Era, Ilocos Norte, Luzon Island",NA,,,17.9385,120.736066,yes,,,,,"Pycnonotus goiavier, Hypsipetes philippinus","MNH 3789, MNH 3788, MNH 3779, MNH 3770, MNH 3769, MNH 4053",6,,,,3
"Nuuf Basan, Timor",NA,,,-9.461021,124.554373,yes,,,,,Pycnonotus simplex,JHF 15117,1,,,,2
"Nuweiba, E. Sinai",NA,,,28.978918,34.654623,yes,,,,,Pycnonotus xanthopygos,11106,1,,,,2
"Nyakamera Village, near Chididi, Nsanje",Malawi,,,-16.9,35.2,no,Medium(52),unavailable,"-16.9,35.2,Near CHIDIDI|Unavailable|Unavailable|Medium(52)",,Andropadus importunus,RCL 2311,1,,,,3
"Nyamatika Stream, Nsanje",NA,,,-16.90657,35.234161,yes,,,,,Phyllastrephus terrestris,RCL 1311,1,,,,2
Nyankotola,Malawi,,,-17.006013,35.209442,yes,,,,,Phyllastrephus terrestris,RCL 2047,1,,,,2
Nyasaland,Malawi,,,-10.78443,33.828939,yes,High(84),,"-13.5,34,NYASALAND|Unavailable|Unavailable|High(84),-13.5,34,NYASALAND|Unavailable|Unavailable|High(84)",,Arizelocichla fusciceps,97.11.4.125,1,,,,6
"Nyaunggyo, Prome district",Myanmar,,,18.692543,95.370315,no,Low(44),unavailable,"18.692543,95.370315,PROME DISTRICT|Unavailable|Unavailable|Low(44),18.656097,94.842292,NYAUNGGYO|Unavailable|Unavailable|Low(39),17.861876,95.425768,NYAUNGGYO|Unavailable|Unavailable|Low(39),20.57328,96.730681,NYAUNGGYO|Unavailable|Unavailable|Low(39),18.824643,95.222159,PROME|Unavailable|Unavailable|Low(35)",,Rubigula flaviventris,1941.5.30.1250,1,,,,2
Nyika Plateau,Malawi,,,-10.603849,33.827622,no,High(88),unavailable,"-10.603849,33.827622,NYIKA PLATEAU|Unavailable|Unavailable|High(88),-10.603849,33.827622,NYIKA PLATEAU|Unavailable|Unavailable|High(88)",,Arizelocichla fusciceps,97.11.4.128,1,,,,3
Nyong River,NA,,,3.470229,10.815814,yes,,,,,Phyllastrephus scandens,GLB 5704; WR 1951,1,,,,4
Obi Central,Indonesia,,,-1.554037,127.77245,no,Low(33),unavailable,"-1.554037,127.77245,OBI|Unavailable|Unavailable|Low(33)",,Hypsipetes lucasi,"1969.27.341, 1969.27.342",2,,,,4
Obi Islands,NA,,,-1.554037,127.77245,no,,,,,Hypsipetes lucasi,JHF 34785,1,,,,4
Obi Major,Indonesia,,,-1.554037,127.77245,no,Low(33),unavailable,"-1.554037,127.77245,OBI|Unavailable|Unavailable|Low(33)",,Hypsipetes lucasi,"1903.6.2.43, 1903.6.2.41, 1900.3.1.33, 1903.6.2.42, 1969.27.340",5,,,,4
"Ocaña, Carcar City, Cebu Island",NA,,,10.075764,123.625197,yes,,,,,Hypsipetes philippinus,"MNH 4191, MNH 4211",2,,,,2
Odisha,India,,,20.5,84.41667,no,High(81),unavailable,"20.5,84.41667,ODISHA|Unavailable|Unavailable|High(81),21,84,ODISHA|Unavailable|Unavailable|High(81)",,Rubigula flaviventris,"16291, 16292",2,,,,5
"Ofunakoshi village, Tsu-shima",Japan,,,39.89921,139.952489,no,Medium(59),unavailable,"39.89921,139.952489,(g3)Funakoshi|Unavailable|2627|Medium(59)",,Hypsipetes amaurotis,98.10.2.59,1,,,,2
Ohiya,Sri Lanka,,,6.8173,80.8403,no,High(80),unavailable,"6.8173,80.8403,OHIYA|Unavailable|Unavailable|High(80)",,Pycnonotus penicillatus,"218, 209, 286",3,,,,2
Olango Island Wildlife Sanctuary,NA,,,10.249585,124.037512,yes,,,,,Pycnonotus goiavier,"PNM 19758, PNM 19845, PNM 19761",3,,,,3
"Omanelu, Rivers province",Nigeria,,,5.203293,6.865498,yes,Low(36),,"4.75,6.833333,RIVERS|Unavailable|Unavailable|Low(36)",,Phyllastrephus icterinus,1966.16.1343,1,,,,2
"Ooty, TN",India,,,11.41138,76.702695,no,Low(34),unavailable,"11.41138,76.702695,OOTY|Unavailable|Unavailable|Low(34),11.4,76.7,OOTY|Unavailable|Unavailable|Low(34)",,"Hypsipetes ganeesa, Pycnonotus cafer","86.9.1.959, 86.9.1.1745",2,,,,3
Oranim,NA,,,32.712408,35.107968,yes,,,,,Pycnonotus xanthopygos,14859,1,,,,2
"Oring, Kelantan",NA,,,4.67507,101.488097,yes,,,,,Tricholestes criniger,UMZC 27/Pyc/6/f/1,1,,,,2
Orukesa,Ghana,,,5.433935,-1.327798,yes,,,,,Bleda eximius,73.5.24.5,1,,,,4
Otamim,NA,,,31.056394,34.691866,yes,,,,,Pycnonotus xanthopygos,11082,1,,,,2
Owerri,Nigeria,,,5.75,7.116667,no,High(81),unavailable,"5.75,7.116667,OWERRI|Unavailable|Unavailable|High(81),5.483626,7.033248,OWERRI|Unavailable|Unavailable|High(81),5.4833,7.0333,OWERRI|Unavailable|Unavailable|High(81)",,"Phyllastrephus icterinus, Stelgidillas gracilirostris","1947.24.13, 1949.33.50",2,,,,4
"Oyala, 1.3 km NE Universidad Americana de Guinea Ecuatorial",NA,,,1.590407,10.811511,yes,,,,,"Criniger calurus, Criniger chloronotus, Criniger ndussumensis","190070, 190068, 190069, 190073",4,,,,1
"Oyala, Universidad Americana de Guinea Ecuatorial",NA,,,1.588906,10.822497,yes,,,,,"Eurillas curvirostris, Criniger calurus, Criniger ndussumensis","190062, 190071, 190072, 190074",4,,,,1
"Pa Meeang, near Chiengrai, N Siam",Thailand,,,19.908584,99.8325,yes,Medium(54),Unavailable,"19.908584,99.8325,Near CHIENGRAI|Unavailable|Unavailable|Medium(54),19.916667,99.916667,Near CHIENGRAI|Unavailable|Unavailable|Medium(54),19.9167,99.9167,Near CHIENGRAI|Unavailable|Unavailable|Medium(54)",,Alophoixus pallidus,1955.1.5756,1,,,,3
"Padang Sireh, Senggora-Perlis border",Malaysia,,,6.647286,100.225327,yes,Low(36),,"6.502948,100.24598,PERLIS|Unavailable|Unavailable|Low(36),6.4414,100.198619,PERLIS|Unavailable|Unavailable|Low(36),1.698645,109.950903,SIREH|Unavailable|Unavailable|Low(35)",,Pycnonotus jocosus,1936.4.12.1925,1,,,,2
"Padas Damit, Masikuan, 25 km W Beaufort",NA,,,5.338756,115.543702,yes,,,,,Pycnonotus plumosus,"181626, 181627",2,,,,2
Padawan,NA,,,1.128019,110.21735,yes,,,,,Rubigula erythropthalmos,181716,1,,,,2
"Padawan, Borneo Highlands Resort",NA,,,1.134541,110.2228,yes,,,,,"Alophoixus tephrogenys, Pycnonotus brunneus, Rubigula erythropthalmos, Rubigula cyaniventris","187851, 187852, 187853, 187854, 187855, 187856, 187876, 187877, 187878, 187879, 187880, 187881, 187882, 187883, 187884, 187885, 187870",17,,,,1
"Padawan, Mt. Penrissen",NA,,,1.118451,110.215461,yes,,,,,"Alophoixus ruficrissus, Microtarsus melanocephalos, Hemixos cinereus","191358, 191390, 191375",3,,,,2
"Padawan, Mt. Penrissen (disturbed forest)",NA,,,1.128019,110.21735,no,,,,,"Alophoixus ruficrissus, Hemixos cinereus","191366, 191367, 191379, 191380",4,,,,2
"Padawan, Mt. Penrissen (ridge forest)",NA,,,1.118451,110.215461,no,,,,,"Alophoixus ruficrissus, Microtarsus melanocephalos, Hemixos cinereus","191359, 191391, 191376, 191377",4,,,,2
"Pagayawan, Bacolod, Lanao del Norte, Mindanao Island",NA,,,8.134069,124.044416,yes,,,,,Pycnonotus goiavier,"MNH 3883, MNH 3884",2,,,,3
Pahang,Malaysia,,,3.5,102.75,yes,High(81),Unavailable,"3.5321,103.4619,PAHANG|Unavailable|Unavailable|High(81),3.5,102.75,PAHANG|Unavailable|Unavailable|High(81)",,Pycnonotus brunneus,1936.4.12.1849,1,,,,5
Pai Khai,NA,,,23.861051,92.73477,yes,,,,,Pycnonotus cafer,185082,1,,,,3
"Paio, Sumatra",Indonesia,,,-0.71087,100.596682,yes,Low(37),,"0,102,SUMATRA|Unavailable|Unavailable|Low(37)",,Pycnonotus goiavier,88.4.1.590,1,,,,3
Pakchan,Myanmar,,,10.509982,98.813127,no,High(82),unavailable,"10.509982,98.813127,PAKCHAN|Unavailable|Unavailable|High(82)",,Pycnonotus goiavier,86.9.1.1916,1,,,,4
Pakokku,Myanmar,,,21.559034,94.520889,no,High(82),unavailable,"21.559034,94.520889,PAKOKKU|Unavailable|Unavailable|High(82),21.334886,95.084381,PAKOKKU|Unavailable|Unavailable|High(82)",,Pycnonotus blanfordi,1948.80.1328,1,,,,2
"Pakyas, Victoria, Mindoro Oriental, Mindoro Island",NA,,,13.130988,121.288441,yes,,,,,Hypsipetes mindorensis,"MNH 10200, MNH 10201",2,,,,2
"Palapal, Mt. Data, Bauco, Mountain Province, Luzon Island",NA,,,16.860338,120.864695,yes,,,,,Hypsipetes philippinus,MNH 4083,1,,,,3
Palasbari,NA,,,26.12153,91.53858,yes,,,,,Pycnonotus cafer,"184960, 184961, 184964, 184965, 184966, 184967, 184970, 184971, 184972, 184973, 184974, 184975, 184977, 184978, 184981, 184982",16,,,,2
Palawan,Philippines,,,9.5,118.5,yes,High(82),Unavailable,"10.7891,124.555,PALAWAN|Unavailable|Unavailable|High(82),11.0366,124.3964,PALAWAN|Unavailable|Unavailable|High(82),8.633333,123.4,PALAWAN|Unavailable|Unavailable|High(82),9.5,118.5,PALAWAN|Unavailable|Unavailable|High(82),11.8921,121.5455,PALAWAN|Unavailable|Unavailable|High(82),16.7304,121.7353,PALAWAN|Unavailable|Unavailable|High(82),10.066713,118.905002,PALAWAN|Unavailable|Unavailable|High(82),16.724039,121.847291,PALAWAN|Unavailable|Unavailable|High(82),9.5,118.5,PALAWAN|Unavailable|Unavailable|High(82),10.066,118.905,PALAWAN|Unavailable|Unavailable|High(82),16.704815,121.850321,PALAWAN|Unavailable|Unavailable|High(82),14.632553,121.001169,PALAWAN|Unavailable|Unavailable|High(82),14.417578,121.030226,PALAWAN|Unavailable|Unavailable|High(82)",,"Alophoixus frater, Iole palawanensis, Pycnonotus cinereifrons","88.4.1.1423, 80.10.19.30, 88.4.1.426, 88.4.1.425, 94.8.6.86, 94.8.6.84",6,,,,5
Palawan,NA,,,9.5,118.5,no,,,,,Microtarsus melanocephalos,"JHF 26636, JHF 26635",2,,,,5
"Palawan Island, Malabusog, Roxas, Tinitian",NA,,,10.044854,119.176775,yes,,,,,Iole palawanensis,KU 41289,1,,,,2
"Palawan Island, Mantalingajan Range",NA,,,8.818513,117.676798,yes,,,,,Iole palawanensis,KU 99140,1,,,,3
"Palawan Island, Mantalingajan Range, 20 km southwest Brooke's Point",NA,,,8.716719,117.676455,yes,,,,,Iole palawanensis,KU 99139,1,,,,1
"Palawan Island, Mantalingajan Range, Brooke's Point",NA,,,8.818173,117.784601,yes,,,,,Iole palawanensis,KU 99141,1,,,,2
"Palawan Island, Pinigisan, Mantalingajan Range, Brooke's Point",NA,,,8.818173,117.784601,no,,,,,Iole palawanensis,KU 41288,1,,,,2
"Palawan Island, Puerto Princesa Province, Barangay Irawan, Irawan Watershed",NA,,,9.802544,118.693806,yes,,,,,Iole palawanensis,"KU 99193, KU 99192",2,,,,2
"Palawan Island, Puerto Princesa, Tarabanan, Concepcion",NA,,,10.004327,119.018675,yes,,,,,Iole palawanensis,"KU 41291, KU 41290",2,,,,2
"Palayan ng Bayan, Lungsod Silangan, Tanay, Rizal, Luzon Island",NA,,,14.61213,121.377989,yes,,,,,"Pycnonotus goiavier, Hypsipetes philippinus","MNH 3785, MNH 3796, MNH 4079, MNH 4042, MNH 4043, MNH 4045, MNH 4046, MNH 4047, MNH 4048",9,,,,4
Palestine,Palestine,,,31.765223,35.23625,yes,,,,,Pycnonotus xanthopygos,86.7.3.4,1,,,,5
"Palinpinon, Luzuriaga, Negros Oriental",NA,,,9.30787,123.230129,yes,,,,,Hypsipetes guimarasensis,"4358, 4359",2,,,,3
"Palinpinon, Luzuriaga, Negros Oriental, Negros Island",NA,,,9.30787,123.230129,no,,,,,"Hypsipetes guimarasensis, Pycnonotus goiavier","MNH 4359, MNH 4358, MNH 3810",3,,,,3
"Pamo-at, Amio, Negros Oriental",NA,,,9.416778,122.933326,yes,,,,,Hypsipetes guimarasensis,4354,1,,,,2
"Panakan, Aborlan, Palawan",NA,,,9.26467,118.399062,yes,,,,,Iole palawanensis,"PNM 3608, PNM 3607, PNM 3606, PNM 3605",4,,,,3
"Panamaon, Sn. Ramon, Loreto, Dinagat Is., Surigao",NA,,,10.433009,125.636306,yes,,,,,Hypsipetes everetti,"PNM 17096, PNM 17103",2,,,,4
Panaon,Philippines,,,8.3545,123.7675,no,High(81),unavailable,"8.3545,123.7675,PANAON|Unavailable|Unavailable|High(81),8.3456,123.8296,PANAON|Unavailable|Unavailable|High(81),10.051111,125.2125,PANAON|Unavailable|Unavailable|High(81),11.166667,125.616667,PANAON|Unavailable|Unavailable|High(81),13.881369,121.977748,PANAON|Unavailable|Unavailable|High(81),9.741,122.3989,PANAON|Unavailable|Unavailable|High(81),13.8979,121.9755,PANAON|Unavailable|Unavailable|High(81),13.8754,121.9863,PANAON|Unavailable|Unavailable|High(81)",,"Hypsipetes everetti, Hypsipetes philippinus","88.4.1.325, 88.4.1.345",2,,,,4
"Panay Island, Antique Province, Municipality of San. Remegio, Barangay Aningalan",NA,,,10.823601,122.185213,yes,,,,,Hypsipetes guimarasensis,"KU 98682, KU 98683, KU 98686, KU 98687, KU 98685, KU 98688",6,,,,2
"Pancil, Siaton, Negros Oriental, Negros Island",NA,,,9.121833,123.028757,yes,,,,,Pycnonotus goiavier,"MNH 3978, MNH 3817, MNH 3818, MNH 3820, MNH 3835, MNH 3836, MNH 3837",7,,,,4
"Panga, Uele",DRC,,,3.5,26.866667,yes,Low(35),Unavailable,"3.15,27.866667,PANGA|Unavailable|Unavailable|Low(35),3.5,26.866667,PANGA|Unavailable|Unavailable|Low(35),-3.1,22.766667,PANGA|Unavailable|Unavailable|Low(35),1.85,26.383333,PANGA|Unavailable|Unavailable|Low(35),1.85,26.416667,PANGA|Unavailable|Unavailable|Low(35),-3.9,18.683333,PANGA|Unavailable|Unavailable|Low(35),-0.716667,19.616667,PANGA|Unavailable|Unavailable|Low(35),-5.066667,14.533333,PANGA|Unavailable|Unavailable|Low(35),-5.733333,24.833333,PANGA|Unavailable|Unavailable|Low(35),-4.583333,19.2,PANGA|Unavailable|Unavailable|Low(35),-5.133333,13.65,PANGA|Unavailable|Unavailable|Low(35),4.15,22.433333,UELE|Unavailable|Unavailable|Low(34)",,"Bleda ugandae, Criniger ndussumensis","1919.10.12.161, 1919.10.12.167",2,,,,2
"Paninilalan, Mt Kabalantinan, Mahaplag, Leyte, Leyte Island",NA,,,10.638648,124.936962,yes,,,,,Microtarsus urostictus,"MNH 3651, MNH 3650",2,,,,3
"Pantai Terung, Tanjung Pandan, Belitung, Bangka-Belitung",NA,,,-2.743159,107.660961,yes,,,,,Pycnonotus plumosus,MZUA-41,1,,,,3
"Paranas, Samar",Philippines,,,11.873327,125.168571,yes,Low(35),,"11.833333,125,SAMAR|Unavailable|Unavailable|Low(35),12,125,SAMAR|Unavailable|Unavailable|Low(35),11.8333,125,SAMAR|Unavailable|Unavailable|Low(35),12,125,SAMAR|Unavailable|Unavailable|Low(35)",,Hypsipetes everetti,97.5.13.522,1,,,,4
"Pardo, Cebu City, Cebu Island",NA,,,10.292047,123.844719,yes,,,,,Pycnonotus goiavier,MNH 3909,1,,,,2
Park Eshkol,NA,,,32.012436,34.74475,yes,,,,,Pycnonotus xanthopygos,24338,1,,,,1
Patani,Thailand,,,6.855806,101.267611,yes,High(81),Unavailable,"6.8749,101.254851,PATANI|Unavailable|Unavailable|High(81),6.855806,101.267611,PATANI|Unavailable|Unavailable|High(81),6.747,101.375,PATANI|Unavailable|Unavailable|High(81),6.747222,101.375,PATANI|Unavailable|Unavailable|High(81)",,"Pycnonotus goiavier, Pycnonotus jocosus","1905.2.1.368, 1905.2.1.370, 1905.2.1.383",3,,,,3
"Patna, Bihar",India,,,25.594161,85.134849,yes,Low(35),,"23.352864,78.786415,PATNA|Unavailable|Unavailable|Low(35),23.269558,78.513067,PATNA|Unavailable|Unavailable|Low(35),23.579852,78.935912,PATNA|Unavailable|Unavailable|Low(35),23.498968,78.808464,PATNA|Unavailable|Unavailable|Low(35),30.064622,77.467334,PATNA|Unavailable|Unavailable|Low(35),24.80661,76.651685,PATNA|Unavailable|Unavailable|Low(35),30.524425,77.93166,BIHAR|Unavailable|Unavailable|Low(35),23.034345,78.901869,PATNA|Unavailable|Unavailable|Low(35),23.30121,82.672524,PATNA|Unavailable|Unavailable|Low(35),27.827423,81.765651,PATNA|Unavailable|Unavailable|Low(35),25.416667,85.166667,PATNA|Unavailable|Unavailable|Low(35),25.013841,80.284286,BIHAR|Unavailable|Unavailable|Low(35),30.64843,77.643468,PATNA|Unavailable|Unavailable|Low(35),30.697697,77.637633,PATNA|Unavailable|Unavailable|Low(35),25.75,85.75,BIHAR|Unavailable|Unavailable|Low(35),23.302354,78.33908,PATNA|Unavailable|Unavailable|Low(35),24.568205,76.80082,PATNA|Unavailable|Unavailable|Low(35),23.233236,79.875439,PATNA|Unavailable|Unavailable|Low(35),25.307014,79.543705,BIHAR|Unavailable|Unavailable|Low(35),23.566011,79.855137,PATNA|Unavailable|Unavailable|Low(35),23.419109,79.805235,PATNA|Unavailable|Unavailable|Low(35),23.943384,79.947881,PATNA|Unavailable|Unavailable|Low(35),24.576854,81.409367,PATNA|Unavailable|Unavailable|Low(35),27.292009,79.325427,BIHAR|Unavailable|Unavailable|Low(35),23.743037,79.68138,PATNA|Unavailable|Unavailable|Low(35),24.88785,77.242602,PATNA|Unavailable|Unavailable|Low(35),27.531351,78.322937,PATNA|Unavailable|Unavailable|Low(35),23.951724,79.576472,PATNA|Unavailable|Unavailable|Low(35),24.408547,79.792068,PATNA|Unavailable|Unavailable|Low(35),25.160062,83.193677,PATNA|Unavailable|Unavailable|Low(35),24.387488,79.907432,PATNA|Unavailable|Unavailable|Low(35),27.833741,78.75371,PATNA|Unavailable|Unavailable|Low(35),21.670447,76.384323,BIHAR|Unavailable|Unavailable|Low(35)",,Pycnonotus cafer,1949.Whi.1.14217,1,,,,3
"Peermade Travancore, KL",India,,,9.571611,76.993348,yes,Low(40),Unavailable,"8.885634,76.59257,TRAVANCORE|Unavailable|Unavailable|Low(40),9.571611,76.993348,PEERMADE|Unavailable|Unavailable|Low(38),9.566667,76.983333,PEERMADE|Unavailable|Unavailable|Low(38)",,Hypsipetes ganeesa,"1910.5.11.156, 1910.5.11.152",2,,,,2
Pegu,Myanmar,,,17.335214,96.481351,no,High(79),unavailable,"17.335214,96.481351,PEGU|Unavailable|Unavailable|High(79),21.97634,95.523775,PEGU|Unavailable|Unavailable|High(79)",,Iole viridescens,"82.1.20.1403, 1948.80.1355",2,,,,2
Penang,Malaysia,,,5.261853,100.477052,yes,High(81),,"5.399915,100.238839,PENANG|Unavailable|Unavailable|High(81),5.411229,100.335426,PENANG|Unavailable|Unavailable|High(81),5.3833,100.25,PENANG|Unavailable|Unavailable|High(81),5.5,100.4667,PENANG|Unavailable|Unavailable|High(81)",,Pycnonotus jocosus,86.9.1.2500,1,,,,4
"Penrisen Mt, Borneo",Malaysia,,,1.118451,110.215461,no,Low(36),unavailable,"4,115,BORNEO|Unavailable|Unavailable|Low(36),1,114,BORNEO|Unavailable|Unavailable|Low(36)",,"Iole finschii, Rubigula squamata, Microtarsus eutilotus","90.6.14.19, 94.7.5.57, 94.7.5.56",3,,,,3
"Penrisen Mt.,",Malaysia,,,1.118451,110.215461,no,,,,,Hemixos cinereus,90.6.14.20,1,,,,3
"Perinet, Eastern Forest",NA,,,-18.927744,48.414104,yes,,,,,Hypsipetes madagascariensis,"25230, 25231",2,,,,3
"Perisem Mt., Borneo",Malaysia,,,1.118451,110.215461,no,Low(36),unavailable,"4,115,BORNEO|Unavailable|Unavailable|Low(36),1,114,BORNEO|Unavailable|Unavailable|Low(36)",,Alophoixus ruficrissus,90.6.14.18,1,,,,3
Peshawar,Pakistan,,,34.010149,71.496891,yes,,,,,Pycnonotus leucogenys,86.9.1.2557,1,,,,3
Pestroke,NA,,,25.658114,94.46587,yes,,,,,Ixos mcclellandii,89752,1,,,,4
Phanga Muang Tai Chang,NA,,,8.04728,98.77706,yes,,,,,Pycnonotus finlaysoni,KU 48862,1,,,,2
Philppines,NA,,,10.268252,123.76306,yes,,,,,"Pycnonotus goiavier, Hypsipetes philippinus","UMZC 27/Pyc/11/p/1, UMZC 27/Pyc/6/o/2",2,,,,6
Phong Tho,NA,,,22.552783,103.251585,yes,,,,,Pycnonotus jocosus,68995,1,,,,4
Phuket Island,NA,,,7.950046,98.330397,yes,,,,,Pycnonotus jocosus,P6V104212,1,,,,4
Phulbari,NA,,,25.886207,90.024046,yes,,,,,Pycnonotus jocosus,"185228, 185229",2,,,,2
"Phuqui, N. Annam",Vietnam,,,19.290561,105.346115,yes,Low(35),,"15,108,ANNAM|Unavailable|Unavailable|Low(35)",,"Iole propinqua, Pycnonotus aurigaster","1928.6.26.901, 1928.6.26.902, 1928.6.26.899",3,,,,4
"Phutho, Tonkin",Vietnam,,,21.424591,105.229683,yes,Low(36),,"22,105,TONKIN|Unavailable|Unavailable|Low(36),22,105,TONKIN|Unavailable|Unavailable|Low(36)",,"Iole propinqua, Pycnonotus aurigaster","1935.10.23.438, 1935.10.23.459",2,,,,3
Pienaars River,NA,,,-25.201228,28.297405,yes,,,,,Pycnonotus barbatus,JHF 27750,1,,,,2
Pingtung,NA,,,22.669446,120.497246,yes,,,,,Pycnonotus taivanus,TESRI-9412,1,,,,3
Pingtung 03688RG,NA,,,22.669446,120.497246,no,,,,,Pycnonotus taivanus,TESRI-8570,1,,,,3
Pingtung Water Tower,NA,,,22.669446,120.497246,no,,,,,Pycnonotus taivanus,TESRI-8780,1,,,,3
"Pintor, Gamu, Isabela, Luzon Island",NA,,,17.11424,121.752777,yes,,,,,Pycnonotus goiavier,MNH 3794,1,,,,2
Pl. Champaigne,NA,,,-19.7195,63.417091,yes,,,,,Pycnonotus jocosus,210035,1,,,,4
"Playa Moraka, Camp 2, Tope Tomo",NA,,,3.259147,8.496608,yes,,,,,Criniger calurus,230794,1,,,,2
"Poeh Mt., Sarawak",Malaysia,,,1.807755,109.675697,yes,Low(37),,"2.5,113.5,SARAWAK|Unavailable|Unavailable|Low(37),1.5333,110.3333,SARAWAK|Unavailable|Unavailable|Low(37)",,Pycnonotus simplex,1969.29.191,1,,,,3
"Pokka, Amboina",Indonesia,,,-3.7,128.183333,no,Low(37),unavailable,"-3.7,128.183333,AMBOINA|Unavailable|Unavailable|Low(37),2.470833,97.574167,AMBOINA|Unavailable|Unavailable|Low(37),-3.6175,128.1675,AMBOINA|Unavailable|Unavailable|Low(37),-3.695833,128.183333,AMBOINA|Unavailable|Unavailable|Low(37)",,Hypsipetes affinis,1913.6.10.138,1,,,,4
Poko Uele,DRC,,,3.133333,26.9,yes,Low(34),Unavailable,"3.15,26.883333,POKO|Unavailable|Unavailable|Low(34),3.133333,26.9,POKO|Unavailable|Unavailable|Low(34),4.15,22.433333,UELE|Unavailable|Unavailable|Low(34)",,Bleda ugandae,1919.10.12.160,1,,,,2
"Pokola, Kabompo district",Zambia,,,-13.607719,24.207987,yes,,,,,Phyllastrephus cerviniventris,1953.54.239,1,,,,2
"Polillo Island, Quezon Province, Municipality of Burdeos",NA,,,14.949658,121.978797,yes,,,,,Hypsipetes philippinus,"KU 119710, KU  119624",2,,,,2
"Pompari, R. Welle",DRC,,,3.389564,27.065787,yes,Low(35),,"4.15,22.433333,WELLE|Unavailable|Unavailable|Low(35)",,Eurillas ansorgei,1911.12.23.1657,1,,,,4
"Ponmudi, TN",India,,,10.48629,76.478723,no,Low(37),unavailable,"10.48629,76.478723,PONMUDI|Unavailable|Unavailable|Low(37),11.260581,77.529988,PONMUDI|Unavailable|Unavailable|Low(37)",,Rubigula gularis,2065,1,,,,3
Port Blair,India,,,11.666667,92.75,no,High(85),unavailable,"11.666667,92.75,PORT BLAIR|Unavailable|Unavailable|High(85),11.658093,92.730345,(g3)Port Blair|Unavailable|5253|Medium(60)",,"Microtarsus fuscoflavescens, Pycnonotus jocosus","86.9.1.1267, 86.9.1.1269, 88.4.1.386, 86.9.1.2570",4,,,,3
"Port Blair, Andaman Islands",NA,,,11.666667,92.75,no,,,,,Pycnonotus jocosus,JHF 19621,1,,,,3
Port Elizabeth,South Africa,,,-33.917988,25.570066,yes,High(89),Unavailable,"-24.735258,26.531271,PORT ELIZABETH|Unavailable|Unavailable|High(89),-33.917988,25.570066,PORT ELIZABETH|Unavailable|Unavailable|High(89),-33.9667,25.6,PORT ELIZABETH|Unavailable|Unavailable|High(89),-33.95,25.616667,PORT ELIZABETH|Unavailable|Unavailable|High(89),-24.70891,26.535509,PORT ELIZABETH|Unavailable|Unavailable|High(89),-33.932054,25.631381,(g3)Port Elizabeth|Unavailable|7070|Medium(64),-33.947864,25.622418,(g3)Port Elizabeth|Unavailable|1882|Medium(64)",,Pycnonotus capensis,1969.48.275,1,,,,3
Port Elizabeth,NA,,,-33.917988,25.570066,no,Low(39),unavailable,"-27.166667,17.683333,ELIZABETH|Unavailable|Unavailable|Low(39),-26.916111,15.183889,ELIZABETH|Unavailable|Unavailable|Low(39)",,Andropadus importunus,JHF 2504,1,,,,3
Port Monat,India,,,11.652304,92.66118,yes,,,,,Pycnonotus jocosus,86.9.1.2505,1,,,,3
Praslin,Seychelles,,,-4.316667,55.733333,no,High(82),unavailable,"-4.316667,55.733333,PRASLIN|Unavailable|Unavailable|High(82)",,Hypsipetes crassirostris,"1946.75.21, 95.5.1.671, 1906.12.21.315",3,,,,3
Praslin,NA,,,-4.316667,55.733333,no,,,,,Hypsipetes crassirostris,"JHF 26338; ? 5, JHF 25773; ? 4; ? 672",2,,,,3
Pretoria,NA,,,-25.750151,28.18872,yes,,,,,Pycnonotus barbatus,"JHF 27749, JHF 27748",2,,,,3
Prome district,Myanmar,,,18.692543,95.370315,no,High(89),unavailable,"18.692543,95.370315,PROME DISTRICT|Unavailable|Unavailable|High(89)",,Rubigula flaviventris,1948.80.1214,1,,,,4
"Province of Bioko Sur, Mocha Research Station",NA,,,3.358764,8.660913,yes,,,,,Arizelocichla tephrolaema,"KU 132250, KU 132267, KU 133246",3,,,,1
"Provincial Highway 9, 378.4km",NA,,,22.620775,121.009486,yes,,,,,Pycnonotus taivanus,TESRI-8584,1,,,,1
Pt. Monat,India,,,11.652304,92.66118,no,,,,,Microtarsus fuscoflavescens,86.9.1.1271,1,,,,3
"Pucheng, Fujian",China,,,27.923333,118.533333,yes,Low(37),Unavailable,"42.743704,129.324793,PUCHENG|Unavailable|Unavailable|Low(37),34.962189,109.660635,PUCHENG|Unavailable|Unavailable|Low(37),35.7329,115.391,PUCHENG|Unavailable|Unavailable|Low(37),27.237756,120.442077,PUCHENG|Unavailable|Unavailable|Low(37),35.709535,111.261459,PUCHENG|Unavailable|Unavailable|Low(37),36.413611,111.095,PUCHENG|Unavailable|Unavailable|Low(37),25.743889,118.801111,PUCHENG|Unavailable|Unavailable|Low(37),35.660399,111.166486,PUCHENG|Unavailable|Unavailable|Low(37),33.725557,113.433911,PUCHENG|Unavailable|Unavailable|Low(37),25.2309,103.414,PUCHENG|Unavailable|Unavailable|Low(37),35,109.5667,PUCHENG|Unavailable|Unavailable|Low(37),27.897259,118.508495,PUCHENG|Unavailable|Unavailable|Low(37),37.3593,118.028,PUCHENG|Unavailable|Unavailable|Low(37),37.3593,118.028,PUCHENG|Unavailable|Unavailable|Low(37),27.923333,118.533333,PUCHENG|Unavailable|Unavailable|Low(37),28.926509,106.129716,FUJIAN|Unavailable|Unavailable|Low(36),28.926509,106.129716,FUJIAN|Unavailable|Unavailable|Low(36),23.3478,109.674,FUJIAN|Unavailable|Unavailable|Low(36),26.25,118,FUJIAN|Unavailable|Unavailable|Low(36)",,Pycnonotus sinensis,1905.12.24.534,1,,,,2
Pueh National Park,NA,,,1.80107,109.685417,yes,,,,,"Alophoixus ruficrissus, Hemixos cinereus","197893, 197894, 197899, 197900",4,,,,3
"Puerto Princessa, Palawan",Philippines,,,9.782906,118.632858,yes,Low(37),,"9.5,118.5,PALAWAN|Unavailable|Unavailable|Low(37),11.0366,124.3964,PALAWAN|Unavailable|Unavailable|Low(37),8.633333,123.4,PALAWAN|Unavailable|Unavailable|Low(37),11.8921,121.5455,PALAWAN|Unavailable|Unavailable|Low(37),16.7304,121.7353,PALAWAN|Unavailable|Unavailable|Low(37),10.7891,124.555,PALAWAN|Unavailable|Unavailable|Low(37),10.066713,118.905002,PALAWAN|Unavailable|Unavailable|Low(37),16.724039,121.847291,PALAWAN|Unavailable|Unavailable|Low(37),9.5,118.5,PALAWAN|Unavailable|Unavailable|Low(37),10.066,118.905,PALAWAN|Unavailable|Unavailable|Low(37),16.704815,121.850321,PALAWAN|Unavailable|Unavailable|Low(37),14.632553,121.001169,PALAWAN|Unavailable|Unavailable|Low(37),14.417578,121.030226,PALAWAN|Unavailable|Unavailable|Low(37),8.504167,124.759444,PUERTO|Unavailable|Unavailable|Low(36),15.3446,120.0082,PRINCESS|Unavailable|Unavailable|Low(25)",,"Alophoixus frater, Iole palawanensis, Pycnonotus cinereifrons","96.6.6.327, 96.6.6.328, 80.10.19.44, 96.6.6.339, 96.6.6.330",5,,,,3
"Puerto Princessa, Palawan",NA,,,9.782906,118.632858,no,,,,,Alophoixus frater,"AM 1468; CG 1883, No 1097",1,,,,3
"Pula, Canlaon, Negros Oriental",NA,,,10.402138,123.161285,yes,,,,,Hypsipetes guimarasensis,4356,1,,,,3
"Pula, Canlaon, Negros Oriental, Negros Island",NA,,,10.402138,123.161285,no,,,,,Hypsipetes guimarasensis,MNH 4356,1,,,,3
"Pulau Condore, off coast of Cochin, China",China,,,8.703717,106.595223,yes,Medium(63),,"10.982138,106.986954,(g3)Cochin  China|Unavailable|5000|Medium(63)",,Pycnonotus finlaysoni,1955.1.5626,1,,,,3
"Pulau Langkawi, off Kedah",Malaysia,,,6.371444,99.780774,yes,Medium(64),,"6.426033,99.780774,(g3)Pulau Langkawi|Unavailable|26073|Medium(64)",,Pycnonotus brunneus,1936.4.12.1847,1,,,,3
Pulo Sebong,Malaysia,,,2.451106,102.230725,yes,,,,,Pycnonotus zeylanicus,86.9.1.1694,1,,,,2
"Pundulaya, Jaffna",NA,,,7.012405,80.66276,yes,,,,,Pycnonotus penicillatus,JHF 23885; 262; WR 362,1,,,,2
"Puting Lupa, Calamba. Laguna, Luzon Island",NA,,,14.151571,121.168837,yes,,,,,Hypsipetes philippinus,"MNH 4077, MNH 4080, MNH 4026, MNH 4030, MNH 4034, MNH 4038",6,,,,2
Pynursla,NA,,,25.310214,91.899886,yes,,,,,"Ixos mcclellandii, Pycnonotus cafer, Spizixos canifrons","185586, 185588, 185589, 185590, 185591, 184944, 184946, 184798, 184800, 184801",10,,,,3
"Quatre Bornes, near",NA,,,-19.718541,63.421779,yes,,,,,Pycnonotus jocosus,236525,1,,,,3
"Quezon National Park Atimonan, Quezon Province, Luzon Island",NA,,,13.992471,121.81377,yes,,,,,Hypsipetes philippinus,MNH 4311,1,,,,2
"Quezon National Park, Atimonan, Quezon Prov., Luzon Island",NA,,,13.992471,121.81377,no,,,,,Microtarsus urostictus,"MNH 3642, MNH 3641",2,,,,2
"Quezon National Park. Atimonan, Quezon Province, Luzon Island",NA,,,13.992471,121.81377,no,,,,,Hypsipetes philippinus,MNH 4044,1,,,,2
"Quiboro, Mambajao, Camiguin Province, Camiguin Island",NA,,,9.238194,124.711586,yes,,,,,Pycnonotus goiavier,MNH 3803,1,,,,1
Quincolungo,Angola,,,-8.517142,15.309895,yes,Low(24),Unavailable,"-8.041593,13.222031,COLUNGO|Unavailable|Unavailable|Low(24),-14.609857,13.468683,COLUNGO|Unavailable|Unavailable|Low(24),-8.58373,14.799836,COLUNGO|Unavailable|Unavailable|Low(24)",,Chlorocichla falkensteini,1940.12.2.21,1,,,,2
"R. Tinjar, Mt. Dulit, Sarawak",Malaysia,,,3.384683,114.195283,yes,Low(37),,"2.5,113.5,SARAWAK|Unavailable|Unavailable|Low(37),1.5333,110.3333,SARAWAK|Unavailable|Unavailable|Low(37)",,Tricholestes criniger,"1935.10.22.349, 1935.10.22.350",2,,,,2
Ramat Hanadiv,NA,,,32.5525,34.945752,yes,,,,,Pycnonotus xanthopygos,21046,1,,,,1
Ramat Hasharon,NA,,,32.137944,34.84018,yes,,,,,Pycnonotus xanthopygos,22398,1,,,,2
Rangirum,NA,,,27.025478,88.3557,yes,,,,,Pycnonotus cafer,184926,1,,,,2
"Rangirum, Darjeeling",NA,,,27.025478,88.3557,no,,,,,"Hemixos flavala, Hypsipetes leucocephalus, Ixos mcclellandii","JHF 19623, JHF 19604, JHF 19613, JHF 19612",4,,,,2
Rangoon,Myanmar,,,16.805278,96.156111,no,High(82),unavailable,"16.805278,96.156111,RANGOON|Unavailable|Unavailable|High(82),16.82257,96.160916,RANGOON|Unavailable|Unavailable|High(82),17,96.166667,RANGOON|Unavailable|Unavailable|High(82)",,"Pycnonotus blanfordi, Pycnonotus davisoni, Rubigula flaviventris","1969.52.1092, 1948.80.1337, 88.4.1.710",3,,,,3
Rani,NA,,,26.061145,91.508851,yes,,,,,Pycnonotus jocosus,"185250, 185251, 185252, 185253, 185254",5,,,,2
Ravine,Kenya,,,0.059102,35.71135,yes,,,,,Arizelocichla kikuyuensis,1905.11.20.167,1,,,,3
"Reang, Darjeeling",NA,,,27.002977,88.435339,yes,,,,,Alophoixus flaveolus,"JHF 19610, JHF 19609",2,,,,4
Rimbo Panti Nature Reserve,NA,,,0.347406,100.070204,yes,,,,,"Pycnonotus brunneus, Rubigula erythropthalmos, Tricholestes criniger","198553, 198554, 198532, 198535, 198557, 198561, 198563",7,,,,3
Rio Mbua Camp,NA,,,2.173707,9.839491,yes,,,,,Criniger chloronotus,230887,1,,,,3
Rishon LeZion,NA,,,31.958986,34.799691,yes,Low(36),,"-27.316667,18.7,RISHON|Unavailable|Unavailable|Low(36)",,Pycnonotus xanthopygos,"3474, 3470, 7046",3,,,,2
River Ja,Cameroon,,,2.807147,13.329059,yes,,,,,"Baeopogon indicator, Eurillas gracilis","1911.5.31.283, 1904.7.18.113, 1911.5.31.263",3,,,,4
"River Tinjar, Mt. Dulit, Sarawak",Malaysia,,,3.384683,114.195283,yes,Low(37),,"2.5,113.5,SARAWAK|Unavailable|Unavailable|Low(37),1.5333,110.3333,SARAWAK|Unavailable|Unavailable|Low(37)",,Microtarsus eutilotus,"1935.10.22.343, 1935.10.22.344",4,,,,3
Robertsport,NA,,,6.750522,-11.368292,yes,,,,,Bleda canicapillus,148306,1,,,,2
"Ronpibum, Pen Siam",Thailand,,,8.17386,99.861506,yes,Low(34),Unavailable,"15.5,101,SIAM|Unavailable|Unavailable|Low(34),15,100,SIAM|Unavailable|Unavailable|Low(34)",,Alophoixus tephrogenys,1955.1.5769,1,,,,2
"Roroma, Kikuyu Escarpment",Kenya,,,-0.903498,36.68258,yes,Low(40),,"-1.009709,36.618686,ESCARPMENT|Unavailable|Unavailable|Low(40),-1.016667,37.616667,ESCARPMENT|Unavailable|Unavailable|Low(40),-1.246266,36.662907,KIKUYU|Unavailable|Unavailable|Low(36),-3.983333,39.416667,KIKUYU|Unavailable|Unavailable|Low(36),-3.992465,39.41418,KIKUYU|Unavailable|Unavailable|Low(36)",,Arizelocichla kikuyuensis,"1901.2.22.639, 1901.2.22.640",2,,,,3
"Roromo, Kikuyu Escarpment",Kenya,,,-0.903498,36.68258,no,Low(40),unavailable,"-1.009709,36.618686,ESCARPMENT|Unavailable|Unavailable|Low(40),-1.016667,37.616667,ESCARPMENT|Unavailable|Unavailable|Low(40),-1.246266,36.662907,KIKUYU|Unavailable|Unavailable|Low(36),-3.983333,39.416667,KIKUYU|Unavailable|Unavailable|Low(36),-3.992465,39.41418,KIKUYU|Unavailable|Unavailable|Low(36)",,Arizelocichla kikuyuensis,"1910.2.22.639, 1910.2.22.640",2,,,,3
Rustenburg,South Africa,,,-25.641119,27.267322,no,High(85),unavailable,"-25.641119,27.267322,RUSTENBURG|Unavailable|Unavailable|High(85),-27.836072,31.197928,RUSTENBURG|Unavailable|Unavailable|High(85),-24.714124,26.70821,RUSTENBURG|Unavailable|Unavailable|High(85),-28.638827,29.279107,RUSTENBURG|Unavailable|Unavailable|High(85),-25.666667,27.25,RUSTENBURG|Unavailable|Unavailable|High(85),-25.666667,27.216667,RUSTENBURG|Unavailable|Unavailable|High(85),-25.667562,27.242079,RUSTENBURG|Unavailable|Unavailable|High(85),-24.933333,27.15,RUSTENBURG|Unavailable|Unavailable|High(85),-23.31589,27.730758,RUSTENBURG|Unavailable|Unavailable|High(85),-28.459752,30.079609,RUSTENBURG|Unavailable|Unavailable|High(85),-25.340753,30.304847,RUSTENBURG|Unavailable|Unavailable|High(85),-25.6667,27.25,RUSTENBURG|Unavailable|Unavailable|High(85),-25.669285,27.336793,RUSTENBURG|Unavailable|Unavailable|High(85),-29.183503,30.435944,RUSTENBURG|Unavailable|Unavailable|High(85),-32.557252,25.155958,RUSTENBURG|Unavailable|Unavailable|High(85),-25.356224,30.326285,RUSTENBURG|Unavailable|Unavailable|High(85),-26.81619,25.047472,RUSTENBURG|Unavailable|Unavailable|High(85)",,Pycnonotus nigricans,1969.48.276,1,,,,2
Ruwenzori Mountains,NA,,,0.310867,29.909352,yes,,,,,Arizelocichla kikuyuensis,JHF 34574; FJJ H771,1,,,,3
S. Andaman,India,,,11.831,92.656087,yes,Low(37),Unavailable,"10,93,ANDAMAN|Unavailable|Unavailable|Low(37),10.033105,78.165045,ANDAMAN|Unavailable|Unavailable|Low(37),12,92.75,ANDAMAN|Unavailable|Unavailable|Low(37)",,Microtarsus fuscoflavescens,"86.9.1.1265, 86.9.1.1264",2,,,,4
S. Cape,Taiwan,,,21.906439,120.853271,yes,,,,,Pycnonotus taivanus,1905.6.13.1,1,,,,2
S. Gangaw,Myanmar,,,22.165279,94.12688,no,Low(36),unavailable,"22.165279,94.12688,GANGAW|Unavailable|Unavailable|Low(36),24.008589,95.79193,GANGAW|Unavailable|Unavailable|Low(36),19.13413,93.75412,GANGAW|Unavailable|Unavailable|Low(36)",,Rubigula flaviventris,1948.80.1205,1,,,,2
S. coastal plain - Kfar Aviv,NA,,,31.830125,34.721841,yes,,,,,Pycnonotus xanthopygos,23961,1,,,,2
SE Madagascar,NA,,,-24.727155,46.94044,yes,,,,,Hypsipetes madagascariensis,PM C.9.1882; ? 1929,1,,,,5
SE. Sumatra,Indonesia,,,-4.933278,105.755608,yes,Low(37),,"0,102,SUMATRA|Unavailable|Unavailable|Low(37)",,Microtarsus eutilotus,88.4.1.361,1,,,,5
SW. Yunnan,China,,,22.796584,100.103149,yes,Low(36),,"25,101.5,YUNNAN|Unavailable|Unavailable|Low(36),36.065127,120.311493,YUNNAN|Unavailable|Unavailable|Low(36),29.12312,110.146923,YUNNAN|Unavailable|Unavailable|Low(36),22.797109,112.871435,YUNNAN|Unavailable|Unavailable|Low(36),33.707275,118.657898,YUNNAN|Unavailable|Unavailable|Low(36),25.038889,102.718333,YUNNAN|Unavailable|Unavailable|Low(36),31.654042,121.469969,YUNNAN|Unavailable|Unavailable|Low(36),32.04909,121.266613,YUNNAN|Unavailable|Unavailable|Low(36)",,Pycnonotus cafer,1900.3.5.104,1,,,,5
"SW. of Sehwan, Sind",Pakistan,,,26.275706,67.690183,no,Low(36),unavailable,"26.275706,67.690183,SEHWAN|Unavailable|Unavailable|Low(36),26.424947,67.861259,SEHWAN|Unavailable|Unavailable|Low(36),26.416356,67.856906,SEHWAN|Unavailable|Unavailable|Low(36),26.427943,67.863004,SEHWAN|Unavailable|Unavailable|Low(36),26.133333,68.766667,SIND|Unavailable|Unavailable|Low(34),32.685386,70.177837,SIND|Unavailable|Unavailable|Low(34),26.134558,68.769602,SIND|Unavailable|Unavailable|Low(34),25.180007,69.572987,SIND|Unavailable|Unavailable|Low(34)",,Pycnonotus leucotis,98.12.12.626,1,,,,1
Sabache campsite,NA,,,0.85767,37.543474,yes,,,,,Pycnonotus barbatus,"AA28045, AA28047, AA28048, AA28051",4,,,,1
"Sabang, Danao, Cebu City, Cebu Island",NA,,,10.492028,124.021669,yes,,,,,Hypsipetes philippinus,MNH 4188,1,,,,2
"Sabtang Island, Province of Batanes, Barangay Chavayan",NA,,,20.303575,121.861826,yes,,,,,Hypsipetes amaurotis,"KU 112376, KU 112375",2,,,,3
"Sabu, Sarawak",Malaysia,,,1.2,111.466667,yes,Low(37),Unavailable,"2.5,113.5,SARAWAK|Unavailable|Unavailable|Low(37),1.5333,110.3333,SARAWAK|Unavailable|Unavailable|Low(37),1.2,111.466667,SABU|Unavailable|Unavailable|Low(34)",,Setornis criniger,88.4.1.455,1,,,,3
Salaeng,NA,,,8.041357,98.331154,yes,,,,,"Pycnonotus jocosus, Pycnonotus plumosus","JD 8, JD 38, JD 13",3,,,,4
Salang,Thailand,,,8.041357,98.331154,no,,,,,Pycnonotus goiavier,86.9.1.1947,1,,,,4
Samar,Philippines,,,11.833333,125,no,High(80),unavailable,"11.833333,125,SAMAR|Unavailable|Unavailable|High(80),12,125,SAMAR|Unavailable|Unavailable|High(80),11.8333,125,SAMAR|Unavailable|Unavailable|High(80),12,125,SAMAR|Unavailable|Unavailable|High(80)",,"Hypsipetes everetti, Pycnonotus goiavier","96.6.6.319, 96.6.6.336",2,,,,5
"Samar Island, Eastern Samar Province, Municipality of Balangiga, Barangay Guimaayuhan, Sitio Makasael, Kaantulan Creek",NA,,,11.19517,125.362806,yes,,,,,"Hypsipetes philippinus, Hypsipetes everetti","KU 131908, KU 131918, KU 131917",3,,,,3
"Samar Island, Eastern Samar Province, Municipality of Taft",NA,,,11.871311,125.32813,yes,,,,,Hypsipetes everetti,KU 123374,1,,,,4
"Samar Island, Eastern Samar Province, Municipality of Taft, Barangay San Rafael",NA,,,11.826622,125.290021,yes,,,,,Hypsipetes everetti,"KU 110619, KU 110620, KU 110618, KU 110621, KU 110622",5,,,,3
"Samar Island, Eastern Samar Province, Municipality of Taft, Barangay San Rafael, DENR Field Station",NA,,,11.826622,125.290021,no,,,,,Hypsipetes everetti,"KU 123405, KU 123406",2,,,,3
"Samar Island, Western Samar Province, Municipality of San Jose de Buan",NA,,,12.064263,125.057592,yes,,,,,Hypsipetes everetti,"KU 123489, KU 123490",2,,,,4
"Samar Island, Western Samar Province, Municipality of San Jose de Buan, Mt. Muraw Camp No. 1",NA,,,12.064263,125.045619,yes,,,,,Hypsipetes everetti,KU 123491,1,,,,3
"Samarahan, Sarawak",Malaysia,,,1.453933,110.487054,yes,Low(37),Unavailable,"2.5,113.5,SARAWAK|Unavailable|Unavailable|Low(37),1.5333,110.3333,SARAWAK|Unavailable|Unavailable|Low(37)",,Iole charlottae,1927.4.18.565,1,,,,3
"Samarakan, 25 km S Bintulu (logged forest)",NA,,,2.921642,113.052748,yes,,,,,"Alophoixus tephrogenys, Iole charlottae, Microtarsus melanocephalos, Microtarsus melanoleucos, Pycnonotus brunneus, Pycnonotus simplex, Rubigula erythropthalmos, Tricholestes criniger","179318, 179316, 179317, 179296, 179297, 179304, 179308, 179312, 179311, 179313, 179314, 179315, 179301, 179302, 179303",15,,,,1
"Lampung, SE. Sumatra",Indonesia,,,-4.573947,105.377585,yes,Low(37),Unavailable,"0,102,SUMATRA|Unavailable|Unavailable|Low(37),-7.3129,108.1562,SAMPONG|Unavailable|Unavailable|Low(37)",,Pycnonotus goiavier,88.4.1.592,1,,,,4
"San Antonio, Negros",Philippines,,,9.339572,123.238496,yes,Low(41),Unavailable,"10.716667,122.533333,SAN ANTONIO|Unavailable|Unavailable|Low(41),9.883333,124.066667,SAN ANTONIO|Unavailable|Unavailable|Low(41),11.066667,124.883333,SAN ANTONIO|Unavailable|Unavailable|Low(41),11.05,122.85,SAN ANTONIO|Unavailable|Unavailable|Low(41),13.65,123.5,SAN ANTONIO|Unavailable|Unavailable|Low(41),16.333333,120.366667,SAN ANTONIO|Unavailable|Unavailable|Low(41),9.656389,123.418889,SAN ANTONIO|Unavailable|Unavailable|Low(41),9.182778,123.5375,SAN ANTONIO|Unavailable|Unavailable|Low(41),12.183333,123.866667,SAN ANTONIO|Unavailable|Unavailable|Low(41),12.133333,124.833333,SAN ANTONIO|Unavailable|Unavailable|Low(41),12.683333,124.133333,SAN ANTONIO|Unavailable|Unavailable|Low(41),12.833611,124.109444,SAN ANTONIO|Unavailable|Unavailable|Low(41),14.866667,120.766667,SAN ANTONIO|Unavailable|Unavailable|Low(41),14.2,121.5,SAN ANTONIO|Unavailable|Unavailable|Low(41),11.116667,124.966667,SAN ANTONIO|Unavailable|Unavailable|Low(41),14.9,120.783333,SAN ANTONIO|Unavailable|Unavailable|Low(41),16.033333,119.866667,SAN ANTONIO|Unavailable|Unavailable|Low(41),13.018611,124.1025,SAN ANTONIO|Unavailable|Unavailable|Low(41),15.25,120.85,SAN ANTONIO|Unavailable|Unavailable|Low(41),18.166667,120.616667,SAN ANTONIO|Unavailable|Unavailable|Low(41),11.098611,122.798889,SAN ANTONIO|Unavailable|Unavailable|Low(41),12.525035,121.466214,SAN ANTONIO|Unavailable|Unavailable|Low(41),13.523612,120.952111,SAN ANTONIO|Unavailable|Unavailable|Low(41),14.4631,121.0279,SAN ANTONIO|Unavailable|Unavailable|Low(41),18.266667,120.583333,SAN ANTONIO|Unavailable|Unavailable|Low(41),15.35,120.816667,SAN ANTONIO|Unavailable|Unavailable|Low(41),12.922222,123.723333,SAN ANTONIO|Unavailable|Unavailable|Low(41),13.3,123.433333,SAN ANTONIO|Unavailable|Unavailable|Low(41),14.883333,120.1,SAN ANTONIO|Unavailable|Unavailable|Low(41),13.65,123.166667,SAN ANTONIO|Unavailable|Unavailable|Low(41),13.883333,121.3,SAN ANTONIO|Unavailable|Unavailable|Low(41),10,123,NEGROS|Unavailable|Unavailable|Low(36),15.383333,120.5,SAN ANTON|Unavailable|Unavailable|Low(26)",,Hypsipetes guimarasensis,96.6.6.313,1,,,,3
"San Antonio, Santa Cruz, Marinduque",NA,,,13.456384,121.975252,yes,Low(35),,"-22.65,14.633333,SANTA|Unavailable|Unavailable|Low(35)",,Pycnonotus goiavier,"PNM 13948, PNM 13947, PNM 13945",3,,,,2
"San Isidro, Samar Island",NA,,,12.356244,124.394647,yes,,,,,"Microtarsus urostictus, Hypsipetes philippinus","MNH 3657, MNH 3656, MNH 3655, MNH 4130, MNH 4131",5,,,,3
"San Jacinto, Masbate",NA,,,12.552696,123.686716,yes,,,,,Pycnonotus goiavier,PNM 12842,1,,,,3
"San Pedro, Gigmoto, Catanduanes",NA,,,13.791215,124.327528,yes,,,,,Pycnonotus goiavier,PNM 10631,1,,,,3
"San Rafael, Taft, Samar",NA,,,11.827342,125.280764,yes,,,,,Hypsipetes rufigularis,"PNM 11762, PNM 11753, PNM 11755, PNM 11764, PNM 11754, PNM 11759, PNM 11766",7,,,,2
"Sandayong Sierra Bullones, Bohol",NA,,,9.780091,124.297144,yes,,,,,Hypsipetes philippinus,"MNH 4140, MNH 4161, MNH 4163",3,,,,3
"Sandayong, Sierra Bullones, Bohol Island",NA,,,9.780091,124.297144,no,,,,,Pycnonotus goiavier,"MNH 3890(A), MNH 3891, MNH 3900",3,,,,3
"Sangat, Cogon, Cebu City, Cebu Island",NA,,,10.136078,123.687317,yes,,,,,Hypsipetes philippinus,MNH 4184,1,,,,2
Sangau,NA,,,22.739197,93.049194,yes,,,,,"Ixos mcclellandii, Pycnonotus cafer, Spizixos canifrons","185620, 185621, 185622, 185623, 185624, 185625, 185626, 185627, 185628, 185629, 185072, 185073, 185074, 185075, 185076, 185077, 189924, 184889, 184890, 184891, 184892, 184893, 184894",23,,,,2
"Sao Hill, Iringa Dist",United Republic of Tanzania,,,-8.333333,35.2,no,Low(38),unavailable,"-8.333333,35.2,SAO HILL|Unavailable|Unavailable|Low(38),-8.384958,35.212579,SAO HILL|Unavailable|Unavailable|Low(38),-8.3167,35.1833,SAO HILL|Unavailable|Unavailable|Low(38),-1.816667,33.383333,IRINGA|Unavailable|Unavailable|Low(36),-7.85,35.55,IRINGA|Unavailable|Unavailable|Low(36),-7.516829,35.2284,IRINGA|Unavailable|Unavailable|Low(36),-7.766667,35.7,IRINGA|Unavailable|Unavailable|Low(36)",,Arizelocichla chlorigula,1949.10.6,1,,,,3
"Saran District, Bihar",India,,,25.916667,84.75,no,Low(44),unavailable,"25.916667,84.75,SARAN DISTRICT|Unavailable|Unavailable|Low(44),30.210417,77.104503,SARAN|Unavailable|Unavailable|Low(35),30.524425,77.93166,BIHAR|Unavailable|Unavailable|Low(35),31.43782,77.032491,SARAN|Unavailable|Unavailable|Low(35),31.270961,77.106948,SARAN|Unavailable|Unavailable|Low(35),21.670447,76.384323,BIHAR|Unavailable|Unavailable|Low(35),29.699427,76.40192,SARAN|Unavailable|Unavailable|Low(35),25.052398,74.726665,SARAN|Unavailable|Unavailable|Low(35),28.370512,77.287636,SARAN|Unavailable|Unavailable|Low(35),25.013841,80.284286,BIHAR|Unavailable|Unavailable|Low(35),25.711622,79.032518,SARAN|Unavailable|Unavailable|Low(35),25.307014,79.543705,BIHAR|Unavailable|Unavailable|Low(35),25.916667,84.75,SARAN|Unavailable|Unavailable|Low(35),34.356674,74.184171,SARAN|Unavailable|Unavailable|Low(35),28.722235,74.786874,SARAN|Unavailable|Unavailable|Low(35),33.837895,74.311697,SARAN|Unavailable|Unavailable|Low(35),25.75,85.75,BIHAR|Unavailable|Unavailable|Low(35),26.285985,80.829623,BIHAR|Unavailable|Unavailable|Low(35),27.026422,81.550955,BIHAR|Unavailable|Unavailable|Low(35),24.919914,78.807338,BIHAR|Unavailable|Unavailable|Low(35),24.866763,82.052552,BIHAR|Unavailable|Unavailable|Low(35),27.4943,81.436874,BIHAR|Unavailable|Unavailable|Low(35),27.472617,81.47827,BIHAR|Unavailable|Unavailable|Low(35),32.638339,75.133227,SARAN|Unavailable|Unavailable|Low(35),25.697122,81.619811,BIHAR|Unavailable|Unavailable|Low(35),24.803727,81.301049,BIHAR|Unavailable|Unavailable|Low(35),25.572398,79.516692,BIHAR|Unavailable|Unavailable|Low(35),32.594452,76.207786,SARAN|Unavailable|Unavailable|Low(35),27.292009,79.325427,BIHAR|Unavailable|Unavailable|Low(35),24.984012,80.335146,BIHAR|Unavailable|Unavailable|Low(35),32.71121,76.171406,SARAN|Unavailable|Unavailable|Low(35),24.434861,79.16788,BIHAR|Unavailable|Unavailable|Low(35),25.709733,73.836836,SARAN|Unavailable|Unavailable|Low(35)",,Pycnonotus cafer,86.9.1.1835,1,,,,3
Sarawak,Malaysia,,,2.5,113.5,no,High(82),unavailable,"2.5,113.5,SARAWAK|Unavailable|Unavailable|High(82),1.5333,110.3333,SARAWAK|Unavailable|Unavailable|High(82)",,"Iole charlottae, Pycnonotus simplex, Setornis criniger, Microtarsus eutilotus, Rubigula cyaniventris","1922.11.29.71, 73.5.12.1403, 52.5.12.7, 88.4.1.362, 88.4.1.737",5,,,,5
"Sarawak, Mt Dulit, Baram Dist, Borneo",NA,,,3.332245,114.149965,yes,,,,,"Ixos malaccensis, Alophoixus ruficrissus","UMZC 27/Pyc/6/d/3, UMZC 27/Pyc/6/d/4, UMZC 27/Pyc/5/g/2, UMZC 27/Pyc/5/g/3, UMZC 27/Pyc/5/g/6, UMZC 27/Pyc/5/g/7",6,,,,3
"Sarawak, Mt Kalulong, Baram Dist, Borneo",NA,,,3.219133,114.671472,yes,,,,,"Iole finschii, Alophoixus tephrogenys","UMZC 27/Pyc/5/d/1, UMZC 27/Pyc/5/b/3",2,,,,3
"Sarawak, Mt Mulu, Baram Dist, Borneo",NA,,,4.045214,114.930337,yes,,,,,"Alophoixus ruficrissus, Alophoixus tephrogenys","UMZC 27/Pyc/5/g/1, UMZC 27/Pyc/5/b/2",2,,,,3
"Sarawak, Tatau District, 25 km Binutulu Samarakan",NA,,,2.921385,113.051546,yes,,,,,"Tricholestes criniger, Microtarsus melanoleucos","KU 111316, KU 111336",2,,,,3
"Saronayan, Lumba-Bayabao, Pagayungan Mt., Lanao del Sur",NA,,,7.769451,124.477671,yes,,,,,Hypsipetes philippinus,4470,1,,,,4
"Satchaung, S. Toungoo",Myanmar,,,17.383604,96.297618,yes,Low(39),Unavailable,"16.603377,96.160067,SATCHAUNG|Unavailable|Unavailable|Low(39),18.639182,96.288903,SATCHAUNG|Unavailable|Unavailable|Low(39),17.383604,96.297618,SATCHAUNG|Unavailable|Unavailable|Low(39),18.942907,96.434085,TOUNGOO|Unavailable|Unavailable|Low(37)",,Iole viridescens,1948.80.1350,1,,,,2
"Satoalor, SE. Bhutan",Bhutan,,,27.001277,91.716736,yes,Low(36),,"27.5,90.5,BHUTAN|Unavailable|Unavailable|Low(36),27.5,90.5,BHUTAN|Unavailable|Unavailable|Low(36)",,Hemixos flavala,1935.4.5.617,1,,,,5
"Save River, Zinave",NA,,,-21.398117,33.575714,yes,,,,,Pycnonotus barbatus,"211416, 211417",2,,,,3
Sawerombi,NA,,,-19.816795,32.865894,yes,,,,,"Pycnonotus barbatus, Arizelocichla milanjensis","SA 24, SA 47",2,,,,3
"Sawerombi, Melsetter, Bedale Kloof Forest",NA,,,-19.816795,32.865894,no,,,,,Arizelocichla milanjensis,SA 108,1,,,,3
"Saxenhof, Buea",Cameroon,,,4.0982,9.2172,no,Low(38),unavailable,"4.0982,9.2172,SAXENHOF|Unavailable|Unavailable|Low(38),4.1527,9.241,BUEA|Unavailable|Unavailable|Low(34),4.15,9.2167,BUEA|Unavailable|Unavailable|Low(34)",,Arizelocichla montana,1966.16.1764,1,,,,2
Sde Boker,NA,,,30.872656,34.787856,yes,,,,,Pycnonotus xanthopygos,20918,1,,,,2
"Sebankoi Recreational Park, 6.21 km SW Sarikei",NA,,,1.959161,111.432386,yes,,,,,Tricholestes criniger,181718,1,,,,1
Secunderabad,India,,,17.418726,78.510161,no,High(87),unavailable,"17.418726,78.510161,SECUNDERABAD|Unavailable|Unavailable|High(87)",,Pycnonotus cafer,88.4.1.515,1,,,,3
Sedom,NA,,,31.093974,35.382257,yes,,,,,Pycnonotus xanthopygos,"7107, 7108",2,,,,3
"Seem Forest, Darjeeling",NA,,,27.039348,88.261772,yes,,,,,Alcurus striatus,"JHF 19617, JHF 19616",2,,,,4
"Seem, Darjeeling",NA,,,27.039348,88.261772,no,,,,,Ixos mcclellandii,JHF 19614,1,,,,4
Sehwan district,Pakistan,,,26.416356,67.856906,yes,Low(36),Unavailable,"26.275706,67.690183,SEHWAN|Unavailable|Unavailable|Low(36),26.424947,67.861259,SEHWAN|Unavailable|Unavailable|Low(36),26.427943,67.863004,SEHWAN|Unavailable|Unavailable|Low(36),26.416356,67.856906,SEHWAN|Unavailable|Unavailable|Low(36)",,Pycnonotus leucotis,"98.12.12.624, 86.9.1.1885",2,,,,4
Seistan Delta,Afghanistan,,,30.5,62,yes,Low(37),Unavailable,"30.5,62,SEISTAN|Unavailable|Unavailable|Low(37),31,62.5,SEISTAN|Unavailable|Unavailable|Low(37)",,Pycnonotus leucotis,1965 M.9580,1,,,,4
"Selama, Perak",Malaysia,,,5.223604,100.692624,no,Low(36),unavailable,"5.223604,100.692624,SELAMA|Unavailable|Unavailable|Low(36),5.238159,100.682966,SELAMA|Unavailable|Unavailable|Low(36),5.180792,100.67083,SELAMA|Unavailable|Unavailable|Low(36),5.2,100.6667,SELAMA|Unavailable|Unavailable|Low(36),5,101,PERAK|Unavailable|Unavailable|Low(35)",,Microtarsus eutilotus,1936.4.12.1954,1,,,,2
"Sematan, Kampung Pueh",NA,,,1.796935,109.755622,yes,,,,,"Alophoixus tephrogenys, Tricholestes criniger","186202, 186203, 186197",3,,,,2
"Sematan, Mt. Pueh",NA,,,1.806779,109.683052,yes,,,,,"Alophoixus tephrogenys, Microtarsus melanocephalos, Rubigula erythropthalmos","186198, 186199, 186200, 186201, 186230, 186231, 186228",7,,,,3
Seram,Indonesia,,,-3.1,129.5,yes,High(80),Unavailable,"-5.746687,105.806927,SERAM|Unavailable|Unavailable|High(80),-3.1,129.5,SERAM|Unavailable|Unavailable|High(80)",,Hypsipetes affinis,"88.4.1.450, 88.4.1.449, 81.5.1.240, 81.5.1.239, 60.12.6.17",5,,,,4
"Serdaug, NE. Sumatra",Indonesia,,,3.641895,98.834822,yes,Low(37),,"0,102,SUMATRA|Unavailable|Unavailable|Low(37)",,Ixos malaccensis,1941.5.30.90,1,,,,4
Shahpur,Pakistan,,,32.286877,72.430877,yes,High(82),Unavailable,"29.708743,71.449698,SHAHPUR|Unavailable|Unavailable|High(82),24.892091,68.220998,SHAHPUR|Unavailable|Unavailable|High(82),31.289938,72.70609,SHAHPUR|Unavailable|Unavailable|High(82),25.517988,68.554145,SHAHPUR|Unavailable|Unavailable|High(82),29.773079,72.217441,SHAHPUR|Unavailable|Unavailable|High(82),33.742749,72.827103,SHAHPUR|Unavailable|Unavailable|High(82),27.726475,68.812735,SHAHPUR|Unavailable|Unavailable|High(82),27.772801,69.325666,SHAHPUR|Unavailable|Unavailable|High(82),29.536355,71.918147,SHAHPUR|Unavailable|Unavailable|High(82),24.086624,67.510518,SHAHPUR|Unavailable|Unavailable|High(82),30.55,73.033333,SHAHPUR|Unavailable|Unavailable|High(82),31.750153,72.358463,SHAHPUR|Unavailable|Unavailable|High(82),27.949216,68.877708,SHAHPUR|Unavailable|Unavailable|High(82),31.06584,72.980901,SHAHPUR|Unavailable|Unavailable|High(82),33.567468,71.422363,SHAHPUR|Unavailable|Unavailable|High(82),28.147734,69.856836,SHAHPUR|Unavailable|Unavailable|High(82),33.631417,72.664901,SHAHPUR|Unavailable|Unavailable|High(82),24.084303,67.51417,SHAHPUR|Unavailable|Unavailable|High(82),27.743291,68.080068,SHAHPUR|Unavailable|Unavailable|High(82),26.573146,67.973181,SHAHPUR|Unavailable|Unavailable|High(82),24.292779,67.656792,SHAHPUR|Unavailable|Unavailable|High(82),27.599619,68.605939,SHAHPUR|Unavailable|Unavailable|High(82),29.583669,71.109767,SHAHPUR|Unavailable|Unavailable|High(82),28.719747,68.414885,SHAHPUR|Unavailable|Unavailable|High(82),28.175901,68.23376,SHAHPUR|Unavailable|Unavailable|High(82),32.286877,72.430877,SHAHPUR|Unavailable|Unavailable|High(82),32.268199,72.468836,SHAHPUR|Unavailable|Unavailable|High(82),33.053846,72.825566,SHAHPUR|Unavailable|Unavailable|High(82),28.520356,70.041562,SHAHPUR|Unavailable|Unavailable|High(82),27.897908,67.936809,SHAHPUR|Unavailable|Unavailable|High(82),26.567027,67.967373,SHAHPUR|Unavailable|Unavailable|High(82),31.090725,70.943534,SHAHPUR|Unavailable|Unavailable|High(82),24.417526,68.067094,SHAHPUR|Unavailable|Unavailable|High(82)",,Pycnonotus leucotis,86.9.1.1900,1,,,,2
Shamgong,Bhutan,,,27.217532,90.657057,yes,,,,,Alcurus striatus,"24452, 24453",2,,,,3
Shandong,China,,,25.397368,119.637729,yes,High(83),Unavailable,"24.516,109.443,SHANDONG|Unavailable|Unavailable|High(83),25.4211,109.476,SHANDONG|Unavailable|Unavailable|High(83),27.1918,108.142,SHANDONG|Unavailable|Unavailable|High(83),29.5399,106.412,SHANDONG|Unavailable|Unavailable|High(83),25.826,110.011,SHANDONG|Unavailable|Unavailable|High(83),25.121,109.491,SHANDONG|Unavailable|Unavailable|High(83),25.397368,119.637729,SHANDONG|Unavailable|Unavailable|High(83),28.905666,119.531373,SHANDONG|Unavailable|Unavailable|High(83),24.8295,108.029,SHANDONG|Unavailable|Unavailable|High(83),21.642,108.448,SHANDONG|Unavailable|Unavailable|High(83),36.333333,118.25,SHANDONG|Unavailable|Unavailable|High(83),42.3713,122.485,SHANDONG|Unavailable|Unavailable|High(83),39.4461,121.703,SHANDONG|Unavailable|Unavailable|High(83),40.356366,122.536877,SHANDONG|Unavailable|Unavailable|High(83),39.4438,123.086,SHANDONG|Unavailable|Unavailable|High(83),29.100061,121.357412,SHANDONG|Unavailable|Unavailable|High(83),28.661944,121.46,SHANDONG|Unavailable|Unavailable|High(83),34.6491,118.061,SHANDONG|Unavailable|Unavailable|High(83),39.1776,122.408,SHANDONG|Unavailable|Unavailable|High(83),32.3125,118.909729,SHANDONG|Unavailable|Unavailable|High(83),27.102778,111.543611,SHANDONG|Unavailable|Unavailable|High(83),39.8621,123.528,SHANDONG|Unavailable|Unavailable|High(83)",,Pycnonotus aurigaster,"1914.5.6.577, 1914.5.6.575",2,,,,2
Shear Yashuv,NA,,,33.226446,35.646705,yes,,,,,Pycnonotus xanthopygos,19391,1,,,,1
Shefayim,NA,,,32.216469,34.822988,yes,,,,,Pycnonotus xanthopygos,8892,1,,,,2
Shillong,India,,,25.573987,91.896807,no,High(83),unavailable,"25.573987,91.896807,SHILLONG|Unavailable|Unavailable|High(83),25.573987,91.896807,SHILLONG|Unavailable|Unavailable|High(83)",,Spizixos canifrons,"86.9.1.2690, 86.9.1.2695",2,,,,3
Shillong Peak,NA,,,25.547429,91.87492,yes,,,,,Ixos mcclellandii,185592,1,,,,2
Shimba Hills,NA,,,-4.259418,39.388596,yes,,,,,Pycnonotus barbatus,210189,1,,,,3
Shimba Hills NR (Sable Bandas),NA,,,-4.215079,39.451252,yes,,,,,"Chlorocichla flaviventris, Andropadus importunus","AB4637, AB4638, AB4639, AA15376",4,,,,1
Shimla,NA,,,31.101923,77.165257,yes,,,,,"Hypsipetes leucocephalus, Pycnonotus leucogenys","JHF 14588, JHF 14589, JHF 14584, JHF 14585",4,,,,3
Shirinu,NA,,,27.623348,52.478291,yes,,,,,Pycnonotus leucotis,P6V103344,1,,,,2
Shoufeng,NA,,,23.875512,121.512257,yes,,,,,Pycnonotus taivanus,TESRI-12398,1,,,,3
Sianaka Forest,NA,,,-18.41118,48.758046,yes,,,,,Hypsipetes madagascariensis,WR 2656,1,,,,3
"Sibahay, Lanuza Surigao del Sur, Mindanao",NA,,,9.238554,126.105401,yes,,,,,Hypsipetes philippinus,"4453, 4455, 4456",3,,,,2
"Sibahay, Lanuza, Surigao del Sur, Mindanao Island",NA,,,9.238554,126.105401,no,,,,,"Microtarsus urostictus, Pycnonotus goiavier","MNH 3675, MNH 3852, MNH 3853, MNH 3854, MNH 3855, MNH 3856, MNH 3877, MNH 3878, MNH 3879",9,,,,2
"Sibahay, Lanuza. Surigao del Surigao, Mindanao Island",NA,,,9.238554,126.105401,no,,,,,Hypsipetes philippinus,MNH 4414,1,,,,2
"Siberut, 6 km W. of Muara Siberut",NA,,,-1.602042,99.162719,yes,,,,,Microtarsus melanocephalos,198531,1,,,,1
Sibu,Malaysia,,,2.333333,111.833333,no,High(79),unavailable,"2.333333,111.833333,SIBU|Unavailable|Unavailable|High(79),2.3,111.816667,SIBU|Unavailable|Unavailable|High(79),2.3,111.8167,SIBU|Unavailable|Unavailable|High(79),2.2062,104.0806,SIBU|Unavailable|Unavailable|High(79)",,Setornis criniger,75.8.16.9,1,,,,3
"Sibu, off Quarry Road",NA,,,2.362127,111.815292,yes,,,,,Pycnonotus plumosus,181714,1,,,,2
"Sibulan, Mindanao",NA,,,6.965327,125.33517,yes,,,,,"Hypsipetes philippinus, Pycnonotus goiavier","JHF 22591; JJM 589, JHF 22606; JJM 544, JHF 22607; JJM 591",3,,,,3
"Sibulan, Negros Oriental",NA,,,9.358675,123.276778,yes,,,,,"Pycnonotus goiavier, Hypsipetes guimarasensis","PNM 3998, 4314",2,,,,3
"Sibulan, Negros Oriental, Negros Island",NA,,,9.358675,123.276778,no,,,,,Pycnonotus goiavier,MNH 3809,1,,,,3
Sibutu I,Indonesia,,,4.816677,119.475166,yes,,,,,Hypsipetes everetti,94.4.20.45,1,,,,3
"Sibuyan Island, Romblon",NA,,,12.411143,122.566444,yes,,,,,Pycnonotus goiavier,"PNM 4683, PNM 10943, PNM 4681",3,,,,3
Sichuan,China,,,30.5,102.666667,no,High(82),unavailable,"30.5,102.666667,SICHUAN|Unavailable|Unavailable|High(82),35.122098,105.480318,SICHUAN|Unavailable|Unavailable|High(82),35.4348,104.666,SICHUAN|Unavailable|Unavailable|High(82),22.8034,110.482,SICHUAN|Unavailable|Unavailable|High(82)",,"Pycnonotus sinensis, Spizixos semitorques","1914.5.6.649, 1914.5.6.646, 98.10.2.180, 1914.5.6.695",4,,,,5
"Sicopon River, Tolong, Negros Oriental, Negros Island",NA,,,9.337916,122.845815,yes,,,,,Pycnonotus goiavier,MNH 3808,1,,,,4
"Siddapur, KA",India,,,15.289506,74.758585,yes,Low(38),,"16.536899,78.84946,SIDDAPUR|Unavailable|Unavailable|Low(38),17.437164,79.138589,SIDDAPUR|Unavailable|Unavailable|Low(38),16.756787,77.349345,SIDDAPUR|Unavailable|Unavailable|Low(38),18.284326,77.842822,SIDDAPUR|Unavailable|Unavailable|Low(38),16.541677,76.742764,SIDDAPUR|Unavailable|Unavailable|Low(38),18.472685,78.020188,SIDDAPUR|Unavailable|Unavailable|Low(38),18.036151,77.412414,SIDDAPUR|Unavailable|Unavailable|Low(38),16.444822,76.589755,SIDDAPUR|Unavailable|Unavailable|Low(38),17.731973,76.877506,SIDDAPUR|Unavailable|Unavailable|Low(38),16.233473,76.324294,SIDDAPUR|Unavailable|Unavailable|Low(38),17.566349,77.288769,SIDDAPUR|Unavailable|Unavailable|Low(38),18.755494,77.839294,SIDDAPUR|Unavailable|Unavailable|Low(38),16.390794,76.035214,SIDDAPUR|Unavailable|Unavailable|Low(38),17.600375,77.962977,SIDDAPUR|Unavailable|Unavailable|Low(38),17.05655,78.353712,SIDDAPUR|Unavailable|Unavailable|Low(38),18.612372,77.840491,SIDDAPUR|Unavailable|Unavailable|Low(38),14.343219,74.893999,SIDDAPUR|Unavailable|Unavailable|Low(38),12.495234,76.763571,SIDDAPUR|Unavailable|Unavailable|Low(38),13.834325,75.663079,SIDDAPUR|Unavailable|Unavailable|Low(38),14.664917,75.327304,SIDDAPUR|Unavailable|Unavailable|Low(38),14.997026,75.529377,SIDDAPUR|Unavailable|Unavailable|Low(38),12.198423,76.020092,SIDDAPUR|Unavailable|Unavailable|Low(38),12.124417,76.22774,SIDDAPUR|Unavailable|Unavailable|Low(38),19.357794,79.843051,SIDDAPUR|Unavailable|Unavailable|Low(38),12.295465,75.874848,SIDDAPUR|Unavailable|Unavailable|Low(38),13.720766,76.111373,SIDDAPUR|Unavailable|Unavailable|Low(38),12.993853,75.942663,SIDDAPUR|Unavailable|Unavailable|Low(38),15.69259,75.310009,SIDDAPUR|Unavailable|Unavailable|Low(38),13.791258,75.977534,SIDDAPUR|Unavailable|Unavailable|Low(38),13.226162,77.167284,SIDDAPUR|Unavailable|Unavailable|Low(38),13.843857,75.311266,SIDDAPUR|Unavailable|Unavailable|Low(38),12.75257,76.419555,SIDDAPUR|Unavailable|Unavailable|Low(38),12.902452,75.82756,SIDDAPUR|Unavailable|Unavailable|Low(38)",,Hypsipetes ganeesa,1925.12.23.355,1,,,,2
"Sierra Bullones, Bohol",NA,,,9.780475,124.297926,yes,,,,,Hypsipetes philippinus,MNH 4182,1,,,,3
Sierra Leone,Sierra Leone,,,7.646171,-10.883264,yes,High(87),,"8.5,-11.5,SIERRA LEONE|Unavailable|Unavailable|High(87),8.5,-11.5,SIERRA LEONE|Unavailable|Unavailable|High(87)",,Bleda eximius,88.4.1.453,1,,,,6
Sikkim,India,,,27.583333,88.5,no,High(81),unavailable,"27.583333,88.5,SIKKIM|Unavailable|Unavailable|High(81)",,"Hemixos flavala, Hypsipetes leucocephalus, Pycnonotus leucogenys, Pycnonotus cafer, Rubigula flaviventris","86.9.1.998, 86.9.1.1495, 86.9.1.990, 86.9.1.912, 86.9.1.909, 86.9.1.2586, 86.9.1.2589, 86.9.1.2586.2, 86.9.1.1843, 86.9.1.2600, 98.12.12.636",11,,,,4
Sikkim,NA,,,27.583333,88.5,no,,,,,"Alophoixus flaveolus, Hemixos flavala","JHF 4014, JHF 4013",2,,,,4
Sind,NA,,,26.077319,68.448235,yes,,,,,Pycnonotus leucotis,JHF 4066,1,,,,4
"Sindangan, Zamboanga del Norte",NA,,,8.228171,123.033291,yes,,,,,Pycnonotus goiavier,PNM 16221,1,,,,4
Sindh,NA,,,26.077319,68.448235,no,,,,,Pycnonotus leucotis,BM Reg 81.5.1.514,1,,,,4
"Singai, Kampung Tanjung Bowangi",NA,,,1.510262,110.194104,yes,,,,,Tricholestes criniger,"188164, 188165",2,,,,2
Singapore,Singapore,,,1.3667,103.8,no,High(84),unavailable,"1.3667,103.8,SINGAPORE|Unavailable|Unavailable|High(84),1.2833,103.85,SINGAPORE|Unavailable|Unavailable|High(84),1.366667,103.8,SINGAPORE|Unavailable|Unavailable|High(84),1.366,103.8,SINGAPORE|Unavailable|Unavailable|High(84),1.293056,103.855833,SINGAPORE|Unavailable|Unavailable|High(84),1.35843,103.803433,(g3)Singapore|Unavailable|26025|High(69),1.35843,103.803433,(g3)Singapore|Unavailable|26025|High(69),1.35843,103.803433,(g3)Singapore|Unavailable|26025|High(69)",,Pycnonotus brunneus,86.9.1.2330,1,,,,3
Sinharaja,Sri Lanka,,,6.404333,80.460297,yes,,,,,Rubigula melanictera,25748,1,,,,3
"Siolak Daras, Korinchi, Sumatra",Indonesia,,,-1.904299,101.2993,yes,Low(37),Unavailable,"0,102,SUMATRA|Unavailable|Unavailable|Low(37),0.119,100.6192,DARAS|Unavailable|Unavailable|Low(35)",,"Ixos sumatranus, Pycnonotus bimaculatus","1920.6.29.300, 1920.6.29.298, 1920.6.29.217, 1920.6.29.216, 1920.6.29.219",5,,,,2
"Siolak Daras, Korinchi, Sumatra",NA,,,-1.904299,101.2993,no,,,,,Ixos leucogrammicus,"88.4.1.661, 88.4.1.662",2,,,,2
"Sipisang, Kayu Tanam, Pariaman, West Sumatra",NA,,,-0.54975,100.321452,yes,,,,,"Tricholestes criniger, Microtarsus melanoleucos, Pycnonotus brunneus, Alophoixus bres","MZUA-66, MZUA-90, MZUA-76, MZUA-94, MZUA-100, MZUA-79, MZUA-101",7,,,,2
"Siquijor Island, Mt. Bandilaan Nature Park",NA,,,9.19106,123.585088,yes,,,,,Hypsipetes siquijorensis,"KU 121848, KU 121846, KU 121847",3,,,,3
"Siquijor Island, Municipality of Siquijor, Barangay Cantabon",NA,,,9.19106,123.585088,no,,,,,Hypsipetes siquijorensis,"KU 121850, KU 121851, KU 121849",3,,,,4
Sirsa,NA,,,29.538952,75.018308,yes,,,,,Pycnonotus cafer,"78948, 78950, 78951, 78952, 78953, 78954, 78955",7,,,,2
"Sitio Cadapnan, Barrio Bantayan, Oras, Samar",NA,,,12.126721,125.406716,yes,,,,,Pycnonotus goiavier,"PNM 2182, PNM 2181",2,,,,3
"Sitio Ginaugan, Quezon, Palawan",NA,,,9.216775,117.944596,yes,,,,,Iole palawanensis,PNM 7023,1,,,,4
"Siwod, Mt Hilong-Hilong, Agusan Province, Mindanao Island",NA,,,9.097127,125.70472,yes,,,,,Microtarsus urostictus,MNH 3674,1,,,,3
"Siwod, Mt. Hilong-hilong, Agusan Province, Mindanao Island",NA,,,9.097127,125.70472,no,,,,,Hypsipetes philippinus,MNH 4407,1,,,,3
"Siwood, Mt. Hilong-hilong, Agusan Province, Mindanao Island",NA,,,9.097127,125.70472,no,,,,,Hypsipetes philippinus,"MNH 4402, MNH 4403, MNH 4404",3,,,,3
"Small Mount Cameroon, above Etome",NA,,,4.041532,9.116797,yes,,,,,"Criniger calurus, Criniger chloronotus","163319, 163320, 163321, 163318",4,,,,2
"Sodong Jerok, Idjen Volcano, East Java",Indonesia,,,-8.062127,114.244959,yes,Low(39),,"-7.7394,112.5099,EAST JAVA|Unavailable|Unavailable|Low(39),-6.978333,107.348889,SODONG|Unavailable|Unavailable|Low(36),-6.057222,106.376667,SODONG|Unavailable|Unavailable|Low(36),-6.563611,106.623056,SODONG|Unavailable|Unavailable|Low(36),-6.865278,107.478333,SODONG|Unavailable|Unavailable|Low(36),-7.570833,110.553056,SODONG|Unavailable|Unavailable|Low(36),-6.279167,106.479167,SODONG|Unavailable|Unavailable|Low(36),-7.065,107.543889,SODONG|Unavailable|Unavailable|Low(36),-6.0525,106.373333,SODONG|Unavailable|Unavailable|Low(36),-7.848056,111.323889,SODONG|Unavailable|Unavailable|Low(36),-7.2425,110.191111,SODONG|Unavailable|Unavailable|Low(36),-7.1199,109.3077,SODONG|Unavailable|Unavailable|Low(36),-7.501389,109.783611,SODONG|Unavailable|Unavailable|Low(36),-6.541667,107.023611,SODONG|Unavailable|Unavailable|Low(36),-6.486667,107.279167,SODONG|Unavailable|Unavailable|Low(36),-6.646667,107.297222,SODONG|Unavailable|Unavailable|Low(36),-6.712778,107.198056,SODONG|Unavailable|Unavailable|Low(36),-6.4,105.966667,SODONG|Unavailable|Unavailable|Low(36),-6.9312,110.5098,SODONG|Unavailable|Unavailable|Low(36),-7.031944,107.500833,SODONG|Unavailable|Unavailable|Low(36),-7.658889,111.118333,SODONG|Unavailable|Unavailable|Low(36),-7.0796,110.3292,SODONG|Unavailable|Unavailable|Low(36),-7.287152,107.531718,SODONG|Unavailable|Unavailable|Low(36),-7.0633,109.7685,SODONG|Unavailable|Unavailable|Low(36),-7.0628,109.7672,SODONG|Unavailable|Unavailable|Low(36),-7.685556,109.184722,SODONG|Unavailable|Unavailable|Low(36),-7.328056,110.400833,SODONG|Unavailable|Unavailable|Low(36),-7.3309,107.5145,SODONG|Unavailable|Unavailable|Low(36),-6.278889,106.468056,SODONG|Unavailable|Unavailable|Low(36),-7.261667,110.326111,SODONG|Unavailable|Unavailable|Low(36),-6.820278,107.215833,SODONG|Unavailable|Unavailable|Low(36),-7.610833,109.612778,SODONG|Unavailable|Unavailable|Low(36),-6.363333,107.613056,SODONG|Unavailable|Unavailable|Low(36)",,Ixos virescens,1927.4.18.602,1,,,,3
"Sokoke Forest, 14 mi. SW Malindi",NA,,,-3.258044,39.956594,yes,High(82),Unavailable,"-17.92722,23.698832,Distance SouthWest of MALINDI|Unavailable|Unavailable|High(82),-17.710558,24.549011,Distance SouthWest of MALINDI|Unavailable|Unavailable|High(82)",,"Phyllastrephus fischeri, Phyllastrephus terrestris, Chlorocichla flaviventris","25987, 25988, 25989, 25990, 25978, 26016, 25974, 25975, 25976, 25977",10,,,,2
Sokoke forest,Kenya,,,-3.338694,39.872417,yes,Low(36),,"-3.523541,39.767685,SOKOKE|Unavailable|Unavailable|Low(36),-3.516667,39.8,SOKOKE|Unavailable|Unavailable|Low(36),-3.542225,39.817046,SOKOKE|Unavailable|Unavailable|Low(36),-3.55299,39.802077,SOKOKE|Unavailable|Unavailable|Low(36),-3.513368,39.819563,SOKOKE|Unavailable|Unavailable|Low(36)",,Andropadus importunus,1971.16.75,1,,,,3
"Solano, Cagayan",NA,,,17.649317,121.683988,yes,,,,,Pycnonotus goiavier,PNM 12999,1,,,,2
Songea,NA,,,-10.647893,35.644216,yes,,,,,Phyllastrephus cabanisi,P6V104818,1,,,,3
"Sori Village, Nsanje",NA,,,-16.879442,35.214462,yes,,,,,Pycnonotus barbatus,RCL 2529,1,,,,2
South Africa,NA,,,-30.39607,29.806013,yes,,,,,Phyllastrephus terrestris,UMZC 27/Pyc/10/s/3,1,,,,6
South Andaman Island,NA,,,11.818731,92.652531,yes,,,,,Microtarsus fuscoflavescens,JHF 19608,1,,,,4
"South slope of Mount Elgon, Mangiki",NA,,,0.962908,34.615193,yes,,,,,Pycnonotus barbatus,JHF 34593,1,,,,3
"Southern Honshu, Nakahama",NA,,,35.378044,136.273404,yes,,,,,Hypsipetes amaurotis,"20099, 20100",2,,,,3
Southern Samar Agricultural College,NA,,,11.151306,125.640698,yes,,,,,Hypsipetes rufigularis,"PNM 11720, PNM 11721",2,,,,2
"Southwest Region, NE Flank of Mount Cameroon",NA,,,4.26495,9.156266,yes,,,,,"Arizelocichla montana, Arizelocichla tephrolaema","KU 133883, KU 133901, KU 133902, KU 133900",4,,,,3
"Southwest Region, Ndian Division, Rumpi Hills, 2.8 km NNW Dikome Balue",NA,,,4.931522,9.238449,yes,,,,,Arizelocichla tephrolaema,KU 131506,1,,,,1
"Southwest Region, Rumpi Hills, 2.8 km NNW Dikome Balue",NA,,,4.931522,9.238449,no,,,,,Arizelocichla tephrolaema,"KU 131503, KU 131504, KU 131505",3,,,,1
"Southwest Region, Rumpi Hills, 2.8km northerst NW Dikome Balue",NA,,,4.931522,9.238449,no,,,,,Arizelocichla montana,"KU 131508, KU 131509, KU 131510",3,,,,1
"Southwest Region, Rumpi Hills, 2km NW Dikome Balue",NA,,,4.931522,9.238449,no,,,,,Arizelocichla tephrolaema,KU 131507,1,,,,1
Special Ecological Park (T� sh_ng sh_ngt�i yu�nq_),NA,,,23.828986,120.800812,yes,,,,,Hypsipetes leucocephalus,TESRI-15889,1,,,,1
Special Health Center (T� sh_ng zh_ngx_n),NA,,,23.829016,120.800791,yes,,,,,Hypsipetes leucocephalus,TESRI-13899,1,,,,1
Sri Lanka,NA,,,6.879403,80.480623,yes,,,,,Hypsipetes ganeesa,18,1,,,,6
"Sriracha, SE. Siam",Thailand,,,13.173722,100.931111,no,Low(38),unavailable,"13.173722,100.931111,SRIRACHA|Unavailable|Unavailable|Low(38),15.5,101,SIAM|Unavailable|Unavailable|Low(34),15,100,SIAM|Unavailable|Unavailable|Low(34)",,"Pycnonotus finlaysoni, Pycnonotus aurigaster","1955.1.5613, 1955.1.5616, 1955.1.5710",3,,,,3
"St. Katherina, Sinai",NA,,,28.563276,33.950146,yes,,,,,Pycnonotus xanthopygos,"11102, 11051",2,,,,2
"Sta. Cruz, Mahaplag, Leyte Province, Leyte Island",NA,,,10.602539,124.978269,yes,,,,,Pycnonotus goiavier,MNH 3977,1,,,,2
"Sta. Cruz, Mahaplag, Leyte, Leyta Island",NA,,,10.602539,124.978269,no,,,,,Hypsipetes philippinus,MNH 4139,1,,,,2
"Sta. Cruz, Mahaplog, Leyte Province, Leyte Island",NA,,,10.602539,124.978269,no,,,,,Hypsipetes philippinus,MNH 4310,1,,,,2
"Suakoko, Cuttington University College",NA,,,6.990395,-9.581361,yes,,,,,"Chlorocichla simplex, Eurillas virens, Eurillas gracilis, Pycnonotus barbatus","148303, 148236, 148240, 148300, 148195, 148197, 148198, 148201, 148202, 148203, 148204, 148205, 148206, 148207, 148208, 148209, 148210, 148211, 148212, 148213, 148214, 148215, 148216, 148217, 148218, 148219, 148220, 148221, 148222, 148223, 148224, 148225, 148226, 148227, 148228, 148229, 148230, 148231, 148232, 148233, 148234, 148235",42,,,,2
"Suj river, Sind",Pakistan,,,26.134558,68.769602,yes,Low(34),Unavailable,"26.133333,68.766667,SIND|Unavailable|Unavailable|Low(34),32.685386,70.177837,SIND|Unavailable|Unavailable|Low(34),26.134558,68.769602,SIND|Unavailable|Unavailable|Low(34),25.180007,69.572987,SIND|Unavailable|Unavailable|Low(34)",,Pycnonotus leucotis,98.12.12.623,1,,,,4
Sula,Indonesia,,,-1.869847,125.036555,yes,High(79),Unavailable,"-6.6746,111.4618,SULA|Unavailable|Unavailable|High(79),-3.0806,126.4055,SULA|Unavailable|Unavailable|High(79)",,Hypsipetes longirostris,"88.4.1.452, 88.4.1.457",2,,,,4
Sulu Arch,Indonesia,,,5.201656,120.017592,yes,Low(34),,"1.2835,124.6164,SULU|Unavailable|Unavailable|Low(34)",,Hypsipetes everetti,1977.16.59,1,,,,4
Sumatra,Indonesia,,,0,102,no,High(82),unavailable,"0,102,SUMATRA|Unavailable|Unavailable|High(82)",,"Hemixos cinereus, Ixos sumatranus, Pycnonotus bimaculatus, Rubigula dispar","52.5.12.32, 83.2.19.1, 62.9.22.11, 88.4.1.723, 88.4.1.725, 88.4.1.719",6,,,,6
Sumatra,Malaysia,,,0,102,no,,,,,Rubigula cyaniventris,46.7.16.117,1,,,,6
Sumatra,NA,,,0,102,no,,,,,Ixos leucogrammicus,"1920.6.29.302a, 1920.6.29.302b",2,,,,6
"Sumbidan, Borneo",Malaysia,,,5.393374,115.37822,yes,Low(36),,"4,115,BORNEO|Unavailable|Unavailable|Low(36),1,114,BORNEO|Unavailable|Unavailable|Low(36)",,Ixos malaccensis,88.4.1.303,1,,,,2
"Sumprabum, Upper Burma",Myanmar,,,26.547277,97.567409,no,Low(39),unavailable,"26.547277,97.567409,SUMPRABUM|Unavailable|Unavailable|Low(39),26.545401,97.063572,SUMPRABUM|Unavailable|Unavailable|Low(39),21,96,BURMA|Unavailable|Unavailable|Low(35)",,Pycnonotus cafer,1937.1.7.167,1,,,,2
"Sundangan, Zamboanga del Norte",NA,,,8.232453,123.006696,yes,,,,,Pycnonotus goiavier,PNM 16225,1,,,,2
"Sungei Penoh, Korinchi, Sumatra",Indonesia,,,-2.063825,101.390578,yes,Low(37),,"0,102,SUMATRA|Unavailable|Unavailable|Low(37),-7.409167,110.616667,PENOH|Unavailable|Unavailable|Low(35)",,"Pycnonotus bimaculatus, Pycnonotus goiavier","1920.6.29.213, 1920.6.29.311, 1920.6.29.215, 1920.6.29.214",4,,,,2
"Sungkai, Perak",Malaysia,,,4,101.316667,no,Low(37),unavailable,"4,101.316667,SUNGKAI|Unavailable|Unavailable|Low(37),5,101,PERAK|Unavailable|Unavailable|Low(35)",,Pycnonotus zeylanicus,1905.2.1.331,1,,,,2
Surigao,Philippines,,,9.766667,125.483333,no,High(82),unavailable,"9.766667,125.483333,SURIGAO|Unavailable|Unavailable|High(82),9.75,125.5,SURIGAO|Unavailable|Unavailable|High(82),9.7984,125.4734,SURIGAO|Unavailable|Unavailable|High(82),8.67417,126.14667,SURIGAO|Unavailable|Unavailable|High(82),9.7833,125.4833,SURIGAO|Unavailable|Unavailable|High(82),9.789,125.495,SURIGAO|Unavailable|Unavailable|High(82),14.639247,121.024698,SURIGAO|Unavailable|Unavailable|High(82)",,Microtarsus urostictus,80.10.19.28,1,,,,3
"Surngit, San Juan, Ilocos Sur",NA,,,17.7587,120.413897,yes,,,,,Pycnonotus goiavier,"PNM 16009, PNM 16006, PNM 16008, PNM 16011, PNM 16005, PNM 16007, PNM 16010",7,,,,2
TA-Jerusalem Road,NA,,,32.040737,34.756541,yes,Low(39),,"-28.383333,19.6,JERUSALEM|Unavailable|Unavailable|Low(39)",,Pycnonotus xanthopygos,10671,1,,,,1
"Tabbag, Pagudpud, Ilocos Norte, Luzon Island",NA,,,18.55138,120.872488,yes,,,,,Microtarsus urostictus,MNH 3644,1,,,,3
"Tabbug Dam, Pagudpud, Ilocos Norte, Luzon Island",NA,,,18.55138,120.872488,no,,,,,Hypsipetes philippinus,"MNH 4005, MNH 4006",2,,,,3
"Tabbug, Pagudpud, Ilocos Norte, Luzon Island",NA,,,18.55138,120.872488,no,,,,,Hypsipetes philippinus,MNH 4004,1,,,,3
"Tablas Island, Romblon Province, Municipality of Calatrava, Barangay Balogo, Sitio Piqueño",NA,,,12.59853,122.033091,yes,,,,,Hypsipetes siquijorensis,"KU 111412, KU 111414, KU 111410, KU 111413, KU 111411, KU 111409",6,,,,2
"Tabonan, Pandanon, Murcia, Negros Occidental",NA,,,10.589142,123.196955,yes,,,,,Hypsipetes guimarasensis,"4347, 4348, 4349, 4350, 4351, 4352, 4288*",7,,,,2
"Tabonan, Pandanon, Murcia, Negros Occidental, Negros Is.",NA,,,10.589142,123.196955,no,,,,,Hypsipetes guimarasensis,MNH 4288,1,,,,2
"Tabonaro, Pandanoro, Murcia, Negros Occidental, Negros Island",NA,,,10.589142,123.196955,no,,,,,Pycnonotus goiavier,"MNH 3816, MNH 3819, MNH 3821, MNH 3822, MNH 3823, MNH 3824, MNH 3825, MNH 3826, MNH 3838, MNH 3839, MNH 3840",11,,,,2
Tackubama,NA,,,25.673002,94.133997,yes,,,,,"Ixos mcclellandii, Pycnonotus jocosus, Spizixos canifrons","185617, 185618, 185619, 185235, 184884, 184885, 184886",7,,,,3
"Tagaslian, Borongan, Samar",NA,,,11.454019,125.374565,yes,,,,,"Pycnonotus goiavier, Hypsipetes everetti, Hypsipetes rufigularis","PNM 2184, PNM 2187, PNM 2216, PNM 2214, PNM 2211, PNM 2210, PNM 2212",7,,,,2
"Tagbalogo, Naawan, Misamis Oriental, MIndanao Island",NA,,,8.413862,124.364595,yes,,,,,Microtarsus urostictus,MNH 3719,1,,,,2
"Tagbalogo, Naawan, Misamis Oriental, Mindanao",NA,,,8.413862,124.364595,no,,,,,Hypsipetes philippinus,4469,1,,,,2
"Tagbalogo, Naawan, Misamis Oriental, Mindanao Island",NA,,,8.413862,124.364595,no,,,,,"Pycnonotus goiavier, Microtarsus urostictus","MNH 10197, MNH 3748, MNH 3799, MNH 3800, MNH 3801, MNH 3802, MNH 3804, MNH 3889",8,,,,2
"Taglawig, Tagum, Davao",NA,,,7.450887,125.841956,yes,,,,,Hypsipetes rufigularis,PNM 607,1,,,,2
"Tai N.P., NW Corner on Nze River",Ivory Coast,,,6.384342,-7.288715,yes,Low(33),,"5.354869,-4.131496,TAI|Unavailable|Unavailable|Low(33),6.488869,-7.739177,NZE|Unavailable|Unavailable|Low(33),5.873663,-7.455185,TAI|Unavailable|Unavailable|Low(33)",,Bleda eximius,1989.3.2,1,,,,3
"Tai Ping Yi, Tao Kwan, Kwanhsien, W. Sichuan",China,,,31.122409,103.495431,yes,Low(39),,"36.480313,115.435097,KWANHSIEN|Unavailable|Unavailable|Low(39),31.0146,103.582,KWANHSIEN|Unavailable|Unavailable|Low(39),35.4348,104.666,SICHUAN|Unavailable|Unavailable|Low(37),35.122098,105.480318,SICHUAN|Unavailable|Unavailable|Low(37),22.8034,110.482,SICHUAN|Unavailable|Unavailable|Low(37),30.5,102.666667,SICHUAN|Unavailable|Unavailable|Low(37),25.9833,115.1167,PING|Unavailable|Unavailable|Low(34),39.069009,112.929129,TAI|Unavailable|Unavailable|Low(33),25.496028,111.551463,TAO|Unavailable|Unavailable|Low(33),26.26,119.636389,TAI|Unavailable|Unavailable|Low(33),25.9333,115.1,TAO|Unavailable|Unavailable|Low(33),30.7,114.666667,TAO|Unavailable|Unavailable|Low(33),30.816667,108.35,WANHSIEN|Unavailable|Unavailable|Low(25)",,Spizixos semitorques,"1954.59.181, 1954.59.188, 1954.59.190",3,,,,2
Tainan,NA,,,23.00258,120.349831,yes,,,,,"Pycnonotus sinensis, Spizixos semitorques","JHF 35230; NT 659, NT 694; WR 3127",2,,,,4
"Taiping, Perak, Malay Peninsula",Malaysia,,,4.851195,100.74399,yes,Medium(65),,"4.641752,103.675198,(g3)Malay Peninsula|Unavailable|674849|Medium(65),3.950634,102.33709,(g3)Malay Peninsula|Unavailable|502461|Medium(65)",,"Alophoixus tephrogenys, Iole crypta","1936.4.12.1868, 1936.4.12.1722",2,,,,3
Taita Hills,Kenya,,,-3.404303,38.327977,no,High(86),unavailable,"-3.404303,38.327977,TAITA HILLS|Unavailable|Unavailable|High(86)",,Andropadus importunus,1938.2.11.51,1,,,,4
Taita Hills (Chawia Forest),NA,,,-3.482139,38.342954,yes,,,,,"Phyllastrephus cabanisi, Arizelocichla milanjensis","AA15375, AB4632",2,,,,2
"Taita Hills, 6 mi. W Wundanyi",NA,,,-3.39929,38.272358,yes,,,,,Arizelocichla striifacies,26011,1,,,,1
Taito Chikami,NA,,,22.997836,121.035114,yes,,,,,Pycnonotus taivanus,TESRI-9517,1,,,,4
Taitung (Taidong),NA,,,22.760286,121.139484,yes,,,,,Pycnonotus taivanus,"TESRI-8593, TESRI-8590, TESRI-1815, TESRI-9828, TESRI-399, TESRI-8589, TESRI-8167, TESRI-1799, TESRI-8713, TESRI-271, ASIZA-0000281, ASIZA-0000800, ASIZA-0001576",13,,,,3
"Taitung County, Beinan Township, Livestock Breeding Farm",NA,,,22.865709,121.108435,yes,,,,,Pycnonotus taivanus,"ASIZA-0000353, ASIZA-0000362, ASIZA-0000453, ASIZA-0000454",4,,,,1
Taitung Xinyuan Elementary School,NA,,,22.755488,121.082031,yes,,,,,Hypsipetes leucocephalus,TESRI-10394,1,,,,2
Taitung Zhihang,NA,,,22.788787,121.169063,yes,,,,,Pycnonotus taivanus,TESRI-13030,1,,,,2
"Taitung, Taiwan 19",NA,,,22.784356,121.113702,yes,,,,,Pycnonotus taivanus,TESRI-9717,1,,,,2
Taiwan,Taiwan,,,24,121,yes,High(81),Unavailable,"23.209167,120.187222,TAIWAN|Unavailable|Unavailable|High(81),24,121,TAIWAN|Unavailable|Unavailable|High(81),23.5,121,TAIWAN|Unavailable|Unavailable|High(81),24,121,TAIWAN|Unavailable|Unavailable|High(81),24.1469,120.6839,TAIWAN|Unavailable|Unavailable|High(81),23.5,121,TAIWAN|Unavailable|Unavailable|High(81),24.20916,120.90944,TAIWAN|Unavailable|Unavailable|High(81),23.209167,120.187222,TAIWAN|Unavailable|Unavailable|High(81)",,Pycnonotus sinensis,86.9.1.2169,1,,,,6
Takaungu,Kenya,,,-3.683501,39.85687,no,High(83),unavailable,"-3.683501,39.85687,TAKAUNGU|Unavailable|Unavailable|High(83),-3.7,39.85,TAKAUNGU|Unavailable|Unavailable|High(83)",,Andropadus importunus,1903.8.1.17,1,,,,2
Takoa,NA,,,22.631139,120.27267,yes,,,,,Hypsipetes leucocephalus,JHF 35229; NTT 675,1,,,,2
"Talagutong, Malita, Davao Occidental, Mindanao Island",NA,,,6.279569,125.660949,yes,,,,,Microtarsus urostictus,"MNH 3731, MNH 3732, MNH 3733, MNH 3734",4,,,,2
"Talagutong, Malita, Davao Prov., Midndanao Island",NA,,,6.279569,125.660949,no,,,,,Microtarsus urostictus,"MNH 3686, MNH 3685, MNH 3684, MNH 3683",4,,,,2
"Talagutong, Malita, Davao Province, Mindanao",NA,,,6.279569,125.660949,no,,,,,Hypsipetes philippinus,4466,1,,,,2
"Talagutong, Malita, Davao Province, Mindanao Island",NA,,,6.279569,125.660949,no,,,,,"Pycnonotus goiavier, Microtarsus urostictus","MNH 3880, MNH 3736, MNH 3735",3,,,,2
"Tambis Bureau, Mount Lobi Range, Leyte, Leyte Island",NA,,,10.996695,124.865685,yes,,,,,Hypsipetes philippinus,"MNH 4138, MNH 4287, MNH 4307, MNH 4309",4,,,,2
"Tambis, Burauan, Mt Lobi Range, Leyte Prov., Leyte Island",NA,,,10.996695,124.865685,no,,,,,Microtarsus urostictus,"MNH 3652, MNH 3649, MNH 3648",3,,,,2
"Tambis, Burawen, Mt. Lobi Range, Leyte Province, Leyte Island",NA,,,10.996695,124.865685,no,,,,,Pycnonotus goiavier,"MNH 3963, MNH 3964, MNH 3965, MNH 1964, MNH 3966, MNH 3967, MNH 3968, MNH 3969, MNH 3970, MNh 3971, MNH 3975",14,,,,2
"Tambo, Munai, Lanao del Norte, Mindanao Island",NA,,,8.086822,124.055701,yes,,,,,Microtarsus urostictus,"MNH 3746, MNH 3747, MNH 3739, MNH 3700, MNH 3701, MNH 3702, MNH 3703, MNH 3704, MNH 3705, MNH 3745, MNH 3744, MNH 3743",12,,,,2
Tamsui Visitor Center,NA,,,25.164557,121.449195,yes,,,,,Hypsipetes leucocephalus,TESRI-10903,1,,,,1
"Tamurong Primero, Candon, Ilocos Sur",NA,,,17.213451,120.407382,yes,,,,,Pycnonotus goiavier,PNM 16106,1,,,,2
"Tanjong Malim, Perak",Malaysia,,,3.681,101.5198,no,Low(43),unavailable,"3.681,101.5198,TANJONG MALIM|Unavailable|Unavailable|Low(43),3.7167,101.45,TANJONG MALIM|Unavailable|Unavailable|Low(43),1.533333,111.516667,TANJONG|Unavailable|Unavailable|Low(37),1.316667,111.633333,TANJONG|Unavailable|Unavailable|Low(37),2.2408,102.222,MALIM|Unavailable|Unavailable|Low(35),5,101,PERAK|Unavailable|Unavailable|Low(35),2.2894,104.1431,TANJONG MALI|Unavailable|Unavailable|Low(29)",,Microtarsus melanoleucos,1936.4.12.1809,1,,,,2
"Tanjong, Jolo, Sulu",NA,,,6.052733,121.001267,yes,,,,,Pycnonotus goiavier,PNM 18198,1,,,,2
Tapposha,Taiwan,,,23.467418,120.696525,yes,,,,,Pycnonotus sinensis,1939.12.9.2981,1,,,,2
"Tapposha, central Formosa",NA,,,23.467418,120.696525,no,,,,,Spizixos semitorques,P6V21272,1,,,,2
"Tarabanan, Concepcion, Puerto Princesa, Palawan Province, Palawan Island",NA,,,9.999366,119.017333,yes,,,,,"Alophoixus frater, Iole palawanensis","MNH 3983, MNH 3986, MNH 3987, MNH 3988, MNH 3989",5,,,,2
"Tarabanan, Conception, Puerto Princesa, Palawan Province, Palawan Island",NA,,,9.999366,119.017333,yes,Low(40),unavailable,"-24.016667,14.55,CONCEPTION|Unavailable|Unavailable|Low(40)",,"Iole palawanensis, Alophoixus frater","MNH 4647, MNH 4646, MNH 4645, MNH 3992, MNH 3993, MNH 3994",6,,,,2
Tarim,Saudi Arabia,,,27.9,35.4,no,High(80),unavailable,"27.9,35.4,TARIM|Unavailable|Unavailable|High(80)",,Pycnonotus xanthopygos,1937.6.5.90,1,,,,2
Tanjung Tuan,Malaysia,,,2.411641,101.855956,yes,,,,,Pycnonotus goiavier,1936.4.12.1824,1,,,,2
Taunggyi,Myanmar,,,20.789188,97.037755,yes,High(83),Unavailable,"23.745446,95.762062,TAUNGGYI|Unavailable|Unavailable|High(83),17.066214,94.573874,TAUNGGYI|Unavailable|Unavailable|High(83),20.314701,95.794703,TAUNGGYI|Unavailable|Unavailable|High(83),23.133333,95.516667,TAUNGGYI|Unavailable|Unavailable|High(83),20.494853,96.939721,TAUNGGYI|Unavailable|Unavailable|High(83),17.084007,97.169346,TAUNGGYI|Unavailable|Unavailable|High(83),21.333221,95.989687,TAUNGGYI|Unavailable|Unavailable|High(83),18.295213,96.66228,TAUNGGYI|Unavailable|Unavailable|High(83),18.77087,96.612127,TAUNGGYI|Unavailable|Unavailable|High(83),18.757347,96.61823,TAUNGGYI|Unavailable|Unavailable|High(83),20.789188,97.037755,TAUNGGYI|Unavailable|Unavailable|High(83)",,Pycnonotus cafer,1938.4.14.19,1,,,,3
Tavoy,Myanmar,,,14.073749,98.194231,no,High(80),unavailable,"14.073749,98.194231,TAVOY|Unavailable|Unavailable|High(80)",,Alophoixus pallidus,86.9.1.1504,1,,,,3
"Tawai Forest Reserve, Ulu Rukuruku",NA,,,5.603452,117.096638,yes,,,,,"Microtarsus melanocephalos, Microtarsus melanoleucos","176475, 176474",2,,,,2
Tawau Hills Park,NA,,,4.40142,117.889199,yes,,,,,"Alophoixus tephrogenys, Iole charlottae, Rubigula erythropthalmos","165853, 176705, 176698, 176699, 165851",5,,,,3
"Tawau Hills Park, approximately 2 km N park headquarters",NA,,,4.414128,117.887783,yes,,,,,Alophoixus tephrogenys,"168296, 168297",2,,,,1
"Tawau Hills Park, approximately 3 km N park headquarters",NA,,,4.420375,117.888126,yes,,,,,Tricholestes criniger,168304,1,,,,1
Tay Ninh,Vietnam,,,11.333333,106.166667,no,High(83),unavailable,"11.333333,106.166667,TAY NINH|Unavailable|Unavailable|High(83),11.310043,106.098275,TAY NINH|Unavailable|Unavailable|High(83),11.3333,106.1667,TAY NINH|Unavailable|Unavailable|High(83)",,Alophoixus ochraceus,1928.6.26.802,1,,,,4
"Tay-Ninh, Cochin",Vietnam,,,11.333333,106.166667,no,,,,,Pycnonotus conradi,1928.6.26.864,1,,,,4
"Tayak, Siaton, Negros Oriental",NA,,,9.115158,123.073405,yes,,,,,Hypsipetes guimarasensis,4357,1,,,,2
"Tayak, Siaton, Negros Oriental, Negros Island",NA,,,9.115158,123.073405,no,,,,,Hypsipetes guimarasensis,MNH 4357,1,,,,2
"Teesta River, Darjeeling",NA,,,27.065555,88.425702,yes,,,,,Alophoixus flaveolus,JHF 19611,1,,,,4
"Ulu Telom, Pahang",Malaysia,,,4.487328,101.4786,yes,Low(36),Unavailable,"3.5321,103.4619,PAHANG|Unavailable|Unavailable|Low(36),3.5,102.75,PAHANG|Unavailable|Unavailable|Low(36)",,Hemixos cinereus,1905.2.1.361,1,,,,4
"Teluk Bayur, 5.8 km SW of Berau Airport",NA,,,2.120823,117.393803,yes,,,,,"Microtarsus melanocephalos, Pycnonotus brunneus, Rubigula erythropthalmos","198032, 198019, 198021",3,,,,1
Tenasserim,NA,,,12.085907,99.010929,yes,,,,,"Iole viridescens, Microtarsus melanocephalos, Pycnonotus finlaysoni, Pycnonotus goiavier","BM Reg 60.4.16.222, JHF 3984, JHF 3055; BM Reg 82.1.20.1402, 60, BM Reg 44.3.25.67, BM Reg 44.2.25.12; 4",6,,,,4
Tenasserim Simborg,Myanmar,,,12.090315,99.011649,no,Low(40),unavailable,"12.090315,99.011649,TENASSERIM|Unavailable|Unavailable|Low(40)",,Alophoixus pallidus,88.4.1.419,1,,,,4
"Teuton Mountains, N Borneo",NA,,,6.222435,116.704444,yes,,,,,Tricholestes criniger,JHF 6053,1,,,,5
Tezpur,NA,,,26.652027,92.792014,yes,,,,,Alophoixus flaveolus,UMZC 27/Pyc/5/e/4,1,,,,3
"Tezu, Assam",India,,,27.912564,96.128819,yes,Low(35),Unavailable,"26,92,ASSAM|Unavailable|Unavailable|Low(35),26.25,93,ASSAM|Unavailable|Unavailable|Low(35),27.912564,96.128819,TEZU|Unavailable|Unavailable|Low(34),27.912564,96.128819,TEZU|Unavailable|Unavailable|Low(34)",,Rubigula flaviventris,4591,1,,,,2
"Thai-Nien, Tonkin",Vietnam,,,22.39821,104.131134,yes,Low(36),Unavailable,"22,105,TONKIN|Unavailable|Unavailable|Low(36),22,105,TONKIN|Unavailable|Unavailable|Low(36),21.483333,105.916667,THAI|Unavailable|Unavailable|Low(34)",,Pycnonotus aurigaster,1924.12.21.116,1,,,,2
"Thandaung, Toungoo",Myanmar,,,19.020769,96.581232,yes,Low(39),,"20.175152,96.338836,THANDAUNG|Unavailable|Unavailable|Low(39),20.894273,92.943769,THANDAUNG|Unavailable|Unavailable|Low(39),23.960968,96.421058,THANDAUNG|Unavailable|Unavailable|Low(39),21.794826,96.421256,THANDAUNG|Unavailable|Unavailable|Low(39),19.06552,96.672046,THANDAUNG|Unavailable|Unavailable|Low(39),20.539435,96.839376,THANDAUNG|Unavailable|Unavailable|Low(39),18.942907,96.434085,TOUNGOO|Unavailable|Unavailable|Low(37),21.62299,92.683866,ANDAUNG|Unavailable|Unavailable|Low(24)",,Iole viridescens,1948.80.1376,1,,,,2
Thankot,Nepal,,,27.686801,85.202307,yes,High(82),,"27.692758,85.216999,THANKOT|Unavailable|Unavailable|High(82),28.728596,81.275108,THANKOT|Unavailable|Unavailable|High(82),28.497357,82.499283,THANKOT|Unavailable|Unavailable|High(82)",,Pycnonotus leucogenys,1938.7.15.849,1,,,,3
Thayetmyo district,Myanmar,,,19.32628,95.179952,yes,,,,,Rubigula flaviventris,1941.5.30.1257,1,,,,4
Thayet,NA,,,19.32628,95.179952,no,,,,,Pycnonotus cafer,JHF 25754; HM 1,1,,,,2
Thayetmyo-Minzo border,Myanmar,,,20.118382,94.88025,yes,Low(39),,"19.32076,95.182717,THAYETMYO|Unavailable|Unavailable|Low(39)",,Pycnonotus flavescens,1948.80.1280,1,,,,4
Thowngyah,Myanmar,,,16.540034,98.382314,yes,,,,,Alophoixus pallidus,86.9.1.1463,1,,,,4
Thowngyah,Myanmar,,,16.540034,98.382314,no,,,,,Alophoixus pallidus,86.9.1.1464,1,,,,4
Thowngyah (Tenasserim Hills in the Moulmein District),NA,,,16.540034,98.382314,no,,,,,"Alophoixus pallidus, Iole viridescens","JD (20), JD (36)",2,,,,4
"Three Finger Mt, Hainan",NA,,,18.896788,109.705098,yes,,,,,Alophoixus pallidus,JHF 34165; JW 166,1,,,,3
"Tica, 25 mi S, near Buzi River",NA,,,-19.411309,34.439652,yes,,,,,Pycnonotus barbatus,214770,1,,,,2
"Tinbaug Sirdang, NE. Sumatra",Indonesia,,,3.427234,98.909151,yes,Low(37),,"0,102,SUMATRA|Unavailable|Unavailable|Low(37)",,Tricholestes criniger,1941.5.30.95,1,,,,3
"Tipawala, Llorente, Samar",NA,,,11.449826,125.414698,yes,,,,,Hypsipetes rufigularis,PNM 11744,1,,,,3
Tripura,India,,,23.75,91.733333,no,High(82),unavailable,"23.75,91.733333,TRIPURA|Unavailable|Unavailable|High(82),13.088787,75.562482,TRIPURA|Unavailable|Unavailable|High(82),24,92,TRIPURA|Unavailable|Unavailable|High(82)",,Iole cacharensis,"86.9.1.1066, 86.9.1.1065, 86.9.1.1067",3,,,,5
"Tisa, Cebu City, Cebu Island",NA,,,10.303006,123.866147,yes,,,,,"Pycnonotus goiavier, Hypsipetes philippinus","MNH 3944, MNH 4185, MNH 4193, MNH 4215, MNH 4224, MNH 4233, MNH 4271, MNH 4055",8,,,,3
"Tisa, Cebu, Cebu Island",NA,,,10.303006,123.866147,no,,,,,"Pycnonotus goiavier, Microtarsus melanocephalos","MNH 3916, MNH 3929, MNH 3930, MNH 3938",4,,,,3
Tjahaba,NA,,,11.419366,99.230679,yes,,,,,Alophoixus phaeocephalus,JHF 4000,1,,,,4
"Tjibodas, W Java",Indonesia,,,-6.750893,107.01629,yes,Low(39),Unavailable,"-6.75,107.5,WEST JAVA|Unavailable|Unavailable|Low(39),-6.730278,107.0675,TJIBODAS|Unavailable|Unavailable|Low(38),-6.828889,107.28,TJIBODAS|Unavailable|Unavailable|Low(38),-6.477222,106.655,TJIBODAS|Unavailable|Unavailable|Low(38),-6.636,105.7293,TJIBODAS|Unavailable|Unavailable|Low(38),-7.2499,106.9648,TJIBODAS|Unavailable|Unavailable|Low(38),-7.4245,107.5178,TJIBODAS|Unavailable|Unavailable|Low(38),-6.5874,105.7454,TJIBODAS|Unavailable|Unavailable|Low(38),-6.919167,107.663056,TJIBODAS|Unavailable|Unavailable|Low(38),-6.702778,107.242778,TJIBODAS|Unavailable|Unavailable|Low(38),-6.962778,106.916667,TJIBODAS|Unavailable|Unavailable|Low(38),-6.496944,107.733333,TJIBODAS|Unavailable|Unavailable|Low(38),-7.0107,107.7613,TJIBODAS|Unavailable|Unavailable|Low(38),-7.0891,107.4881,TJIBODAS|Unavailable|Unavailable|Low(38),-6.194722,106.614444,TJIBODAS|Unavailable|Unavailable|Low(38),-7.0604,107.1877,TJIBODAS|Unavailable|Unavailable|Low(38),-7.0678,107.1926,TJIBODAS|Unavailable|Unavailable|Low(38),-7.0861,108.7578,TJIBODAS|Unavailable|Unavailable|Low(38),-6.821944,106.739722,TJIBODAS|Unavailable|Unavailable|Low(38),-7.6247,108.5981,TJIBODAS|Unavailable|Unavailable|Low(38),-7.3624,108.6613,TJIBODAS|Unavailable|Unavailable|Low(38),-7.0209,108.3489,TJIBODAS|Unavailable|Unavailable|Low(38),-7.259,108.1861,TJIBODAS|Unavailable|Unavailable|Low(38),-7.0638,108.0811,TJIBODAS|Unavailable|Unavailable|Low(38),-7.2055,106.66,TJIBODAS|Unavailable|Unavailable|Low(38),-7.3129,108.3143,TJIBODAS|Unavailable|Unavailable|Low(38),-7.5138,107.9308,TJIBODAS|Unavailable|Unavailable|Low(38),-7.325835,106.622101,TJIBODAS|Unavailable|Unavailable|Low(38),-7.4,110,JAVA|Unavailable|Unavailable|Low(34),-7.491667,110.004444,JAVA|Unavailable|Unavailable|Low(34),-6.988056,107.810556,TJIBODA|Unavailable|Unavailable|Low(24)",,"Ixos virescens, Pycnonotus bimaculatus","1919.12.12.106, 1918.12.2.1",2,,,,2
"Todaya, Mindanao",NA,,,6.98562,125.351742,yes,,,,,"Hypsipetes philippinus, Pycnonotus goiavier","JHF 22592; JJM 590, JHF 22594; JJM 517, JHF 22608; JJM 662",3,,,,2
"Toentaingau, Sumatra",Indonesia,,,2.895595,98.510897,yes,Low(37),,"0,102,SUMATRA|Unavailable|Unavailable|Low(37)",,Pycnonotus goiavier,1939.12.9.3103,1,,,,3
Tokyo?,NA,,,35.702701,139.754045,yes,,,,,Hypsipetes amaurotis,JHF 22050; AEW 143,1,,,,4
"Tong, Kohistan, Sind",Pakistan,,,32.358338,74.56544,yes,Low(38),Unavailable,"26.89483,67.364679,KOHISTAN|Unavailable|Unavailable|Low(38),24.973884,67.644034,KOHISTAN|Unavailable|Unavailable|Low(38),24.854392,67.648989,KOHISTAN|Unavailable|Unavailable|Low(38),35.32514,73.224566,KOHISTAN|Unavailable|Unavailable|Low(38),25.130476,67.903668,KOHISTAN|Unavailable|Unavailable|Low(38),27.659994,68.906108,KOHISTAN|Unavailable|Unavailable|Low(38),27.576167,68.926141,KOHISTAN|Unavailable|Unavailable|Low(38),25.413984,68.217297,KOHISTAN|Unavailable|Unavailable|Low(38),35.203704,72.599872,KOHISTAN|Unavailable|Unavailable|Low(38),35.0314,72.8726,KOHISTAN|Unavailable|Unavailable|Low(38),24.942009,67.853329,KOHISTAN|Unavailable|Unavailable|Low(38),25.196884,68.179599,KOHISTAN|Unavailable|Unavailable|Low(38),25.145962,68.037752,KOHISTAN|Unavailable|Unavailable|Low(38),26.408893,63.936783,TONG|Unavailable|Unavailable|Low(34),33.672093,70.901897,TONG|Unavailable|Unavailable|Low(34),32.3591,74.567018,TONG|Unavailable|Unavailable|Low(34),32.685386,70.177837,SIND|Unavailable|Unavailable|Low(34),25.180007,69.572987,SIND|Unavailable|Unavailable|Low(34),26.134558,68.769602,SIND|Unavailable|Unavailable|Low(34),32.358338,74.56544,TONG|Unavailable|Unavailable|Low(34),26.133333,68.766667,SIND|Unavailable|Unavailable|Low(34)",,Pycnonotus leucotis,"98.12.12.622, 98.12.12.621",2,,,,2
Toro,NA,,,-0.938715,31.578065,yes,,,,,Pycnonotus barbatus,"P6V42621, P6V42622, P6V42620, P6V42619",4,,,,3
Toro Game Reserve,NA,,,-0.938715,31.578065,no,,,,,Phyllastrephus albigularis,JHF 34575,1,,,,3
"Toro forest, Sango Bay",Uganda,,,-0.938715,31.578065,no,Low(39),unavailable,"-0.85,31.7,SANGO BAY|Unavailable|Unavailable|Low(39),0.363598,34.10564,SANGO|Unavailable|Unavailable|Low(35),3.201142,31.832393,SANGO|Unavailable|Unavailable|Low(35),0.039587,32.10466,SANGO|Unavailable|Unavailable|Low(35),0.113864,32.705007,SANGO|Unavailable|Unavailable|Low(35),0.030026,32.101175,SANGO|Unavailable|Unavailable|Low(35)",,Bleda ugandae,1913.6.24.219,1,,,,3
"Tour Cham, Phanrang, S. Annam",Vietnam,,,11.567818,108.991173,yes,Low(35),,"15,108,ANNAM|Unavailable|Unavailable|Low(35)",,Pycnonotus conradi,1919.12.20.247,1,,,,3
"Trang Bom, Cochin",Vietnam,,,10.978049,107.018955,yes,,,,,Pycnonotus conradi,1919.12.20.248,1,,,,2
"Trashigang, Manas river, E. Bhutan",Bhutan,,,27.332364,91.55093,yes,Low(41),,"26.216667,90.633333,MANAS RIVER|Unavailable|Unavailable|Low(41),27.5,90.5,BHUTAN|Unavailable|Unavailable|Low(36),27.5,90.5,BHUTAN|Unavailable|Unavailable|Low(36)",,Pycnonotus leucogenys,1935.4.5.629,1,,,,2
"Tres Reyes Island, Marinduque",NA,,,13.234526,121.831773,yes,,,,,Pycnonotus goiavier,PNM 14272,1,,,,3
Tsavo,NA,,,-2.994201,38.459619,yes,,,,,"Pycnonotus barbatus, Andropadus importunus","1070; WR 2637, WR 2637; 1047",2,,,,3
"Tugas, Matnog, Sorsogon Prov., Luzon Island",NA,,,12.607602,124.033051,yes,,,,,Microtarsus urostictus,MNH 3635,1,,,,1
"Tugas, Matnog, Sorsogon Province, Luzon Island",NA,,,12.607602,124.033051,yes,,,,,Hypsipetes philippinus,MNH 4057,1,,,,1
"Tumangoh, Upper Perak",Malaysia,,,5.333333,101.333333,yes,Low(41),Unavailable,"5.333333,101.333333,UPPER PERAK|Unavailable|Unavailable|Low(41),5,101,PERAK|Unavailable|Unavailable|Low(35)",,Rubigula squamata,"1936.4.12.1911, 1936.4.12.1909, 1936.4.12.1910",3,,,,3
Tung Song Paa,Thailand,,,8.142992,99.786991,yes,Low(34),Unavailable,"18.472042,100.183465,SONG|Unavailable|Unavailable|Low(34),8.63349,99.372664,SONG|Unavailable|Unavailable|Low(34),18.4667,100.1833,SONG|Unavailable|Unavailable|Low(34)",,Rubigula squamata,1916.12.27.740,1,,,,4
"Tungeddi, Welle R.",DRC,,,3.453736,25.688805,yes,Low(35),,"4.15,22.433333,WELLE|Unavailable|Unavailable|Low(35)",,Criniger ndussumensis,1911.12.23.1698,1,,,,4
Tura Mountain,NA,,,25.50467,90.243568,yes,,,,,"Ixos mcclellandii, Pycnonotus jocosus","185599, 185600, 185601, 185602, 185603, 185604, 185605, 185606, 185607, 185608, 185230, 185231, 185232, 185233, 185234",15,,,,3
"Tuyan, Cebu City, Cebu Island",NA,,,10.233345,123.765291,yes,,,,,"Pycnonotus goiavier, Hypsipetes philippinus","MNH 3954, MNH 3955, MNH 4198, MNH 4205, MNH 4230, MNH 4231, MNH 4232, MNH 4234, MNH 4235, MNH 4236, MNH 4237, MNH 4238, MNH 4239, MNH 4249, MNH 4250, MNH 4251, MNH 4252, MNH 4254, MNH 4255, MNH 4256, MNH 4257, MNH 4259, MNH 4260, MNH 4261, MNH 4262, MNH 4263, MNH 4264, MNH 4265, MNH 4266, MNH 4267, MNH 4268, MNH 4269, MNH 4270, MNH 4283, MNH 4284, MNH 4285, MNH 4289, MNH 4306",38,,,,2
"Tuyan, Cebu Island",NA,,,10.233345,123.765291,no,,,,,Pycnonotus goiavier,"MNH 3917, MNH 3918, MNH 3928",3,,,,2
Udaipur,NA,,,24.584601,73.710893,yes,,,,,Pycnonotus cafer,243631,1,,,,3
Ulu,NA,,,-25.666469,27.237953,yes,,,,,Pycnonotus barbatus,156656,1,,,,2
"Ulu Gombak, Selangor",Malaysia,,,3.305639,101.793167,yes,Low(38),,"3.35,101.25,SELANGOR|Unavailable|Unavailable|Low(38),3.166667,101.5,SELANGOR|Unavailable|Unavailable|Low(38)",,Rubigula squamata,1936.4.12.1913,1,,,,2
"Uluguru Mts., Morogoro",United Republic of Tanzania,,,-7.163841,37.666522,yes,Low(38),,"-7.716667,35.866667,MOROGORO|Unavailable|Unavailable|Low(38),-5.583333,32.75,MOROGORO|Unavailable|Unavailable|Low(38),-6.816667,37.666667,MOROGORO|Unavailable|Unavailable|Low(38),-10.633333,35.433333,MOROGORO|Unavailable|Unavailable|Low(38),-5.183333,38.4,MOROGORO|Unavailable|Unavailable|Low(38),-8,37,MOROGORO|Unavailable|Unavailable|Low(38),-6.8167,37.6667,MOROGORO|Unavailable|Unavailable|Low(38),-7.916667,37.25,MOROGORO|Unavailable|Unavailable|Low(38),-6.906139,37.945539,MOROGORO|Unavailable|Unavailable|Low(38)",,Arizelocichla neumanni,"1922.12.19.142a, 1922.12.19.141, 1922.12.19.144, 1922.12.19.142b",4,,,,3
"Umuagwu, Owerri",Nigeria,,,5.293845,6.896488,yes,Low(37),Unavailable,"5.293845,6.896488,UMUAGWU|Unavailable|Unavailable|Low(37),5.75,7.116667,OWERRI|Unavailable|Unavailable|Low(36),5.4833,7.0333,OWERRI|Unavailable|Unavailable|Low(36),5.483626,7.033248,OWERRI|Unavailable|Unavailable|Low(36)",,Calyptocichla serinus,1950.9.39,1,,,,1
"Undalaya, Jaffna",NA,,,9.667381,80.012445,yes,,,,,Acritillas indica,WR 362(A),1,,,,3
"Ungurra, Nana river",Central African Republic,,,7.141479,16.434497,yes,Low(34),,"6.916667,19.133333,NANA|Unavailable|Unavailable|Low(34),7.372178,18.012789,NANA|Unavailable|Unavailable|Low(34),6.604285,19.020347,NANA|Unavailable|Unavailable|Low(34),5.816667,17.283333,NANA|Unavailable|Unavailable|Low(34),7,19.2,NANA|Unavailable|Unavailable|Low(34),5,15.833333,NANA|Unavailable|Unavailable|Low(34),6.331002,17.039541,NANA|Unavailable|Unavailable|Low(34),4.472968,17.315468,NANA|Unavailable|Unavailable|Low(34),5,15.8333,NANA|Unavailable|Unavailable|Low(34),7.199411,18.924712,NANA|Unavailable|Unavailable|Low(34),7.355033,19.018941,NANA|Unavailable|Unavailable|Low(34),6.595038,17.628316,NANA|Unavailable|Unavailable|Low(34)",,Phyllastrephus scandens,1911.12.23.1742,1,,,,2
"University College, Ibadan",NA,,,7.377646,3.946955,yes,,,,,"Baeopogon indicator, Bleda canicapillus, Chlorocichla simplex, Eurillas latirostris, Phyllastrephus baumanni, Phyllastrephus albigularis","23586, 23583, 23585, 23592, 23589, 23588",6,,,,1
"Up. Galilee, Hatanur",NA,,,33.268139,35.578074,yes,,,,,Pycnonotus xanthopygos,"11112, 11063",2,,,,1
Upper Chindwin,Myanmar,,,22.600416,95.091685,no,Low(38),unavailable,"22.600416,95.091685,CHINDWIN|Unavailable|Unavailable|Low(38)",,Pycnonotus cafer,1903.12.4.49,1,,,,2
"Upper Reaches Ngoko River, Dja et Lobo",NA,,,2.946164,12.776965,yes,,,,,"Baeopogon indicator, Calyptocichla serinus, Chlorocichla simplex, Ixonotus guttatus, Stelgidillas gracilirostris, Eurillas gracilis, Eurillas virens","WR 1022; 408; 2203, WR 1022; 1998, WR 625; 1504, WR 625; 1338, GLB 3950; WR 1183, 2718; RW 1022, JHF 20006; GLB 3601, WR 1022; ? 2218",8,,,,4
Valencia,Philippines,,,7.906389,125.094167,yes,High(83),Unavailable,"9.6097,124.208,VALENCIA|Unavailable|Unavailable|High(83),7.906389,125.094167,VALENCIA|Unavailable|Unavailable|High(83),10.668,122.71,VALENCIA|Unavailable|Unavailable|High(83),9.2815,123.2455,VALENCIA|Unavailable|Unavailable|High(83),10.136,123.6126,VALENCIA|Unavailable|Unavailable|High(83),14.6104,121.0378,VALENCIA|Unavailable|Unavailable|High(83),11.108889,124.5725,VALENCIA|Unavailable|Unavailable|High(83),9.25,123.183333,VALENCIA|Unavailable|Unavailable|High(83),10.65,122.233333,VALENCIA|Unavailable|Unavailable|High(83),9.666667,124.283333,VALENCIA|Unavailable|Unavailable|High(83),8.223056,126.435833,VALENCIA|Unavailable|Unavailable|High(83),14.065,121.6537,VALENCIA|Unavailable|Unavailable|High(83),14.052,121.6568,VALENCIA|Unavailable|Unavailable|High(83),9.771579,123.367418,VALENCIA|Unavailable|Unavailable|High(83),10.149939,123.624891,VALENCIA|Unavailable|Unavailable|High(83),13.582666,124.194281,VALENCIA|Unavailable|Unavailable|High(83),10.1524,125.6596,VALENCIA|Unavailable|Unavailable|High(83),7.95,125,VALENCIA|Unavailable|Unavailable|High(83),10.665294,122.257493,VALENCIA|Unavailable|Unavailable|High(83),9.758804,123.390928,VALENCIA|Unavailable|Unavailable|High(83),14.639975,121.013121,VALENCIA|Unavailable|Unavailable|High(83),14.438919,121.041058,VALENCIA|Unavailable|Unavailable|High(83),7.95,125,VALENCIA|Unavailable|Unavailable|High(83),9.5981,123.0992,VALENCIA|Unavailable|Unavailable|High(83),14.612528,121.03244,VALENCIA|Unavailable|Unavailable|High(83),14.59753,121.002401,VALENCIA|Unavailable|Unavailable|High(83),14.60555,120.996208,VALENCIA|Unavailable|Unavailable|High(83)",,"Hypsipetes guimarasensis, Pycnonotus goiavier","88.4.1.336, 88.4.1.600",2,,,,3
"Vaso Nyiro River, 25 mi. W Magadi",NA,,,-1.86278,36.072706,yes,,,,,Phyllastrephus scandens,"25982, 25983, 25984, 25985, 25986",5,,,,1
"Victoria, 4' N 9 12' E",Cameroon,,,4.0167,9.2,yes,Low(38),,"4.0136,9.2145,VICTORIA|Unavailable|Unavailable|Low(38),4.0167,9.2,VICTORIA|Unavailable|Unavailable|Low(38),4.0242,9.2149,VICTORIA|Unavailable|Unavailable|Low(38),8.5,14,NORTH|Unavailable|Unavailable|Low(35),8.5,14,NORTH|Unavailable|Unavailable|Low(35),3.833333,14.166667,EAST|Unavailable|Unavailable|Low(34),4,14,EAST|Unavailable|Unavailable|Low(34)",,"Baeopogon clamans, Ixonotus guttatus","1966.16.1162, 1966.16.1216",2,,,,3
"Vizag, AP",India,,,17.704052,83.297663,no,Low(35),unavailable,"17.704052,83.297663,VIZAG|Unavailable|Unavailable|Low(35),17.7,83.3,VIZAG|Unavailable|Unavailable|Low(35)",,Rubigula flaviventris,"2033, 2034",2,,,,3
W Java,Indonesia,,,-6.757308,107.575617,yes,Low(34),Unavailable,"-7.4,110,JAVA|Unavailable|Unavailable|Low(34),-7.491667,110.004444,JAVA|Unavailable|Unavailable|Low(34)",,Alophoixus bres,"88.4.1.422, Y3.5.12.130, Y3.5.12.2473",3,,,,5
W. Aberdere Mts.,Kenya,,,-0.369996,36.602988,yes,,,,,Arizelocichla kikuyuensis,"1935.4.10.32, 1935.4.10.31",2,,,,3
W. Java,Indonesia,,,-6.76515,107.585916,yes,Low(34),,"-7.4,110,JAVA|Unavailable|Unavailable|Low(34),-7.491667,110.004444,JAVA|Unavailable|Unavailable|Low(34)",,"Ixos virescens, Pycnonotus bimaculatus","73.5.12.25, 73.5.12.26, 98.10.2.85, 73.5.12.29, 88.4.1.575, 81.5.1.221, 98.10.2.360, 88.4.1.574",8,,,,5
W. Suk: Kapenguria,NA,,,1.239573,35.104384,yes,,,,,"Chlorocichla laetissima, Eurillas latirostris, Arizelocichla kikuyuensis, Stelgidillas gracilirostris","26018, 26040, 26006, 26019",4,,,,2
W. Takau,Taiwan,,,22.643022,120.258812,yes,,,,,Pycnonotus sinensis,1939.12.9.3044,1,,,,3
Wadi Aideib,NA,,,22.178042,36.334251,yes,,,,,Pycnonotus barbatus,"224081, 224082",2,,,,3
Wadi Kansisrob,NA,,,22.239467,36.372789,yes,,,,,Pycnonotus barbatus,"224079, 224080",2,,,,3
Waigeo,NA,,,,,no,,,,,Hemixos flavala,"JHF 35838, JHF 35837",2,,,,NA
"Wamba/Namba, Plateau province",Nigeria,,,8.941532,8.603154,yes,Low(37),Unavailable,"9.166667,9.75,PLATEAU|Unavailable|Unavailable|Low(37),8.98214,8.694585,WAMBA|Unavailable|Unavailable|Low(35),8.933333,8.6,WAMBA|Unavailable|Unavailable|Low(35),8.941532,8.603154,WAMBA|Unavailable|Unavailable|Low(35)",,Atimastillas flavicollis,1938.8.3.3.20,1,,,,2
"Wayanad, KL",India,,,11.705827,76.079507,yes,,,,,Microtarsus priocephalus,"86.9.1.1298, 86.9.1.1299, 86.9.1.1302, 86.9.1.1305, 86.9.1.1308, 86.9.1.1309",6,,,,2
"West Kenya, Kimothon, Mount Elgon",NA,,,1.083254,34.727311,yes,,,,,Phyllastrephus hypochloris,KU 70866,1,,,,2
Western Region: 16 mi. ENE Ondo,NA,,,7.199901,5.019851,yes,,,,,Thescelocichla leucopleura,25179,1,,,,1
"Western Region: Sapoba, 15 mi. NE Sapele",NA,,,6.107107,5.891805,yes,,,,,Eurillas ansorgei,25183,1,,,,1
Western Region: Shasha Forest Reserve,NA,,,7.084077,4.41056,yes,,,,,Ixonotus guttatus,25180,1,,,,3
"Western Slope of Mt. Calaviti, Palauan, Occidental Mindoro",NA,,,13.460171,120.388892,yes,,,,,Pycnonotus goiavier,PNM 9730,1,,,,3
White Nile,NA,,,9.420365,31.578162,yes,,,,,Pycnonotus barbatus,HSA 1,1,,,,4
"Woodbush, Soutpansberg",NA,,,-23.835438,29.986861,yes,,,,,Phyllastrephus flavostriatus,JHF 19770,1,,,,3
Wuntho,Myanmar,,,23.899245,95.683026,yes,High(81),Unavailable,"23.899245,95.683026,WUNTHO|Unavailable|Unavailable|High(81),21.730922,96.034962,WUNTHO|Unavailable|Unavailable|High(81)",,Rubigula flaviventris,1948.80.1217,1,,,,2
Wusueh,China,,,29.850578,115.552504,no,High(81),unavailable,"29.850578,115.552504,WUSUEH|Unavailable|Unavailable|High(81)",,Pycnonotus xanthorrhous,1934.1.1.6360,1,,,,2
Wuzhi Shan,NA,,,28.911072,121.725447,yes,,,,,"Hypsipetes leucocephalus, Pycnonotus sinensis","P6V26144, JHF 34152; JW 14, JHF 34153; JW 16, JHF 34149; JW 29, JHF 34150; JW 35, JHF 34155; JW 63, JHF 34151; JW 88, JHF 34154; JW 94, JHF 34166; JW 216",9,,,,1
"Wynkoops Bay, W. Java`",Indonesia,,,-6.987082,106.567256,yes,Low(42),,"-7.05,106.45,WYNKOOPS BAY|Unavailable|Unavailable|Low(42),-6.75,107.5,WEST JAVA|Unavailable|Unavailable|Low(39),-7.491667,110.004444,JAVA|Unavailable|Unavailable|Low(34),-7.4,110,JAVA|Unavailable|Unavailable|Low(34)",,Rubigula squamata,"1927.4.18.646A, 1927.4.18.646B",2,,,,3
Xiangshan,NA,,,25.029312,121.58797,yes,,,,,Hypsipetes leucocephalus,TESRI-8218,1,,,,3
Xien-Khouang,Laos,,,19.43115,103.132656,yes,,,,,Iole propinqua,"1926.9.8.711, 19.26.9.8.712",2,,,,4
"Yangon, Thgukyau",NA,,,16.87799,96.118572,yes,,,,,Microtarsus melanocephalos,JHF 2998,1,,,,3
Yekepa,NA,,,7.577273,-8.53616,yes,,,,,"Eurillas virens, Stelgidillas gracilirostris","148244, 148245, 148247, 148660",4,,,,2
"Yekepa, Mt. Nimba",Liberia,,,7.579444,-8.537778,no,Low(36),unavailable,"7.579444,-8.537778,YEKEPA|Unavailable|Unavailable|Low(36),7.488889,-8.570833,NIMBA|Unavailable|Unavailable|Low(35),7.493611,-8.585,NIMBA|Unavailable|Unavailable|Low(35),6.816667,-8.783333,NIMBA|Unavailable|Unavailable|Low(35),6.75,-8.75,NIMBA|Unavailable|Unavailable|Low(35)",,"Criniger olivaceus, Phyllastrephus scandens","1977.20.1282, 1977.20.1276, 1977.20.1283, 1977.20.1129, 1977.20.3240, 1977.20.3241",6,,,,2
Yifat,NA,,,32.676208,35.223474,yes,,,,,Pycnonotus xanthopygos,25626,1,,,,2
"Yonglong Village, Lugu, Nantou",NA,,,23.757359,120.794439,yes,,,,,Hypsipetes leucocephalus,TESRI-8334,1,,,,2
Yotvata,NA,,,29.894511,35.059967,yes,,,,,Pycnonotus xanthopygos,"11054, 11107",2,,,,2
"Yung Mo Chang, Yunnan",China,,,25.103153,99.14856,yes,Low(36),Unavailable,"25,101.5,YUNNAN|Unavailable|Unavailable|Low(36),36.065127,120.311493,YUNNAN|Unavailable|Unavailable|Low(36),29.12312,110.146923,YUNNAN|Unavailable|Unavailable|Low(36),22.797109,112.871435,YUNNAN|Unavailable|Unavailable|Low(36),32.04909,121.266613,YUNNAN|Unavailable|Unavailable|Low(36),33.707275,118.657898,YUNNAN|Unavailable|Unavailable|Low(36),25.038889,102.718333,YUNNAN|Unavailable|Unavailable|Low(36),31.654042,121.469969,YUNNAN|Unavailable|Unavailable|Low(36),34.849444,104.4625,CHANG|Unavailable|Unavailable|Low(35),31.396484,100.678469,CHANG|Unavailable|Unavailable|Low(35),27.221526,120.305809,CHANG YU|Unavailable|Unavailable|Low(25)",,Pycnonotus jocosus,1914.5.6.666,1,,,,3
Yunnan,China,,,25,101.5,no,High(81),unavailable,"25,101.5,YUNNAN|Unavailable|Unavailable|High(81),36.065127,120.311493,YUNNAN|Unavailable|Unavailable|High(81),29.12312,110.146923,YUNNAN|Unavailable|Unavailable|High(81),22.797109,112.871435,YUNNAN|Unavailable|Unavailable|High(81),33.707275,118.657898,YUNNAN|Unavailable|Unavailable|High(81),25.038889,102.718333,YUNNAN|Unavailable|Unavailable|High(81),31.654042,121.469969,YUNNAN|Unavailable|Unavailable|High(81),32.04909,121.266613,YUNNAN|Unavailable|Unavailable|High(81)",,"Pycnonotus xanthorrhous, Pycnonotus jocosus, Rubigula flaviventris","1933.11.13.181, 1914.5.6.659, 1914.5.6.667, 1914.5.6.673",4,,,,5
ZOO Plzeň,NA,,,,,no,,,,,Pycnonotus barbatus,P6V108208,1,,,,NA
ZOO Praha,NA,,,,,no,,,,,"Rubigula dispar, Microtarsus priocephalus","P6V108336, P6V108477",2,,,,NA
Zabauk,NA,,,23.730381,92.750634,yes,,,,,Pycnonotus cafer,185083,1,,,,1
Zambesi,NA,,,-18.833333,36.283333,no,High(82),unavailable,"-18.833333,36.283333,ZAMBESI|Unavailable|Unavailable|High(82)",,Pycnonotus barbatus,BM Reg 75.5.23.367,1,,,,4
Zambezi Rapids,NA,,,-17.992043,25.937992,yes,Low(37),Unavailable,"-18.833333,36.283333,ZAMBEZI|Unavailable|Unavailable|Low(37),-17.833333,23.75,ZAMBEZI|Unavailable|Unavailable|Low(37),-17.833,23.75,ZAMBEZI|Unavailable|Unavailable|Low(37)",,Pycnonotus barbatus,216850,1,,,,4
Zamboanga,Philippines,,,6.9243,122.0618,yes,High(84),Unavailable,"14.639552,121.021875,ZAMBOANGA|Unavailable|Unavailable|High(84),6.910255,122.071715,ZAMBOANGA|Unavailable|Unavailable|High(84),8,122.666667,ZAMBOANGA|Unavailable|Unavailable|High(84),18.1925,120.5553,ZAMBOANGA|Unavailable|Unavailable|High(84),7.13602,122.153612,ZAMBOANGA|Unavailable|Unavailable|High(84),18.195504,120.54845,ZAMBOANGA|Unavailable|Unavailable|High(84),6.9243,122.0618,ZAMBOANGA|Unavailable|Unavailable|High(84),7.13602,122.153612,ZAMBOANGA|Unavailable|Unavailable|High(84),6.9167,122.0833,ZAMBOANGA|Unavailable|Unavailable|High(84),6.907358,122.069655,(g3)Zamboanga|Unavailable|6114|Medium(59),6.907358,122.069655,(g3)Zamboanga|Unavailable|6114|Medium(59),6.907358,122.069655,(g3)ZAMBOANGA|Unavailable|6114|Medium(59)",,"Hypsipetes rufigularis, Microtarsus urostictus","80.11.18.58, 88.4.1.330, 88.4.1.366",3,,,,3
"Zaria, 5 Mi NW",NA,,,11.100373,7.709548,yes,,,,,Pycnonotus barbatus,216851,1,,,,3
Zhongxing New Village,NA,,,23.95523,120.692646,yes,,,,,Spizixos semitorques,TESRI-6811,1,,,,2
"Zigon, Thaddawaddy District",Myanmar,,,18.335587,95.621497,yes,Low(35),Unavailable,"23.768866,95.877764,ZIGON|Unavailable|Unavailable|Low(35),16.628438,96.035885,ZIGON|Unavailable|Unavailable|Low(35),23.46982,95.711411,ZIGON|Unavailable|Unavailable|Low(35),23.790801,96.17621,ZIGON|Unavailable|Unavailable|Low(35),20.287707,94.325754,ZIGON|Unavailable|Unavailable|Low(35),18.50189,94.393127,ZIGON|Unavailable|Unavailable|Low(35),20.69187,94.706832,ZIGON|Unavailable|Unavailable|Low(35),16.858717,94.70893,ZIGON|Unavailable|Unavailable|Low(35),17.676972,94.550371,ZIGON|Unavailable|Unavailable|Low(35),17.568813,95.351374,ZIGON|Unavailable|Unavailable|Low(35),16.30451,97.465037,ZIGON|Unavailable|Unavailable|Low(35),23.64041,96.585265,ZIGON|Unavailable|Unavailable|Low(35),17.368443,95.158072,ZIGON|Unavailable|Unavailable|Low(35),17.268361,95.000901,ZIGON|Unavailable|Unavailable|Low(35),17.507597,95.266671,ZIGON|Unavailable|Unavailable|Low(35),17.372111,95.217999,ZIGON|Unavailable|Unavailable|Low(35),22.302695,96.015361,ZIGON|Unavailable|Unavailable|Low(35),18.392771,96.647433,ZIGON|Unavailable|Unavailable|Low(35),18.448048,95.390916,ZIGON|Unavailable|Unavailable|Low(35),22.068036,96.892743,ZIGON|Unavailable|Unavailable|Low(35),23.078375,95.450076,ZIGON|Unavailable|Unavailable|Low(35),17.99295,95.486258,ZIGON|Unavailable|Unavailable|Low(35),17.991655,95.435526,ZIGON|Unavailable|Unavailable|Low(35),18.335587,95.621497,ZIGON|Unavailable|Unavailable|Low(35),18.058886,95.37233,ZIGON|Unavailable|Unavailable|Low(35),22.590751,96.01736,ZIGON|Unavailable|Unavailable|Low(35),20.274168,96.184531,ZIGON|Unavailable|Unavailable|Low(35),22.588309,95.637404,ZIGON|Unavailable|Unavailable|Low(35),22.929835,95.566155,ZIGON|Unavailable|Unavailable|Low(35),24.225076,94.721507,ZIGON|Unavailable|Unavailable|Low(35),24.004486,95.345899,ZIGON|Unavailable|Unavailable|Low(35),21.502211,95.795057,ZIGON|Unavailable|Unavailable|Low(35),21.08984,96.002161,ZIGON|Unavailable|Unavailable|Low(35)",,Pycnonotus blanfordi,1948.80.1327,1,,,,2
"Zoo Ostrava, Czechia",NA,,,,,no,,,,,Hypsipetes thompsoni,P6V109680,1,,,,NA
Zorzor,NA,,,7.775874,-9.428901,yes,,,,,"Eurillas latirostris, Eurillas virens","148302, 148237, 148238, 148239, 148241, 148242, 148243",7,,,,2
"Zumorraga, Bagatao",NA,,,11.638798,124.841817,yes,,,,,"Hypsipetes philippinus, Pycnonotus goiavier","JHF 22583; JJM 405, JHF 22584; JJM 411A, JHF 22585; JJM 411, JHF 22586; JJM 414, JHF 22601; JJM 416, JHF 22602; JJM 443",6,,,,2
approximately 30 km S Assin Foso,NA,,,5.721566,-1.288096,yes,,,,,"Bleda eximius, Bleda syndactylus, Phyllastrephus albigularis","168508, 168509, 168504, 168505, 168506, 168507, 168491, 168492, 168493, 168494, 168495, 168496",12,,,,2
near Klang,NA,,,3.037231,101.443213,yes,,,,,Microtarsus eutilotus,(4); 451,1,,,,3
no specific locality,NA,,,,,no,,,,,"Hypsipetes borbonicus, Ixos mcclellandii, Pycnonotus barbatus, Pycnonotus goiavier, Pycnonotus zeylanicus","25152, 209117, 89743, 113733, 113734, 113735, 113736, 113737, 113738, 113745, 23379, 23561, 23564, 24051",14,,,,NA
region N of Zambesi River,NA,,,-18.833333,36.283333,no,Low(37),unavailable,"-18.833333,36.283333,ZAMBESI|Unavailable|Unavailable|Low(37)",,"Chlorocichla flaviventris, Pycnonotus nigricans","JHF 3271, JHF 3670, JHF 3667",3,,,,NA