avonet_specimen_id,avdb_source_id,avdb_avibase_id,avdb_species_1_birdlife,avdb_species_2_ebird,avdb_species_3_birdtree,gdb_subspecies,avdb_source_type,avdb_source_code,avdb_specimen_identifier_unique,avdb_specimen_identifier_orig,avdb_country_wri,gdb_locality_edited,gdb_locality_original,avdb_sex,avdb_life_stage,avdb_wing_length,avdb_kipps_distance,avdb_secondary_1,avdb_beak_length_culmen,avdb_beak_length_nares,avdb_beak_width,avdb_gape_width,gdb_gape_size,avdb_beak_depth_nares,avdb_beak_depth_max,avdb_tail_length,avdb_tail_graduation,avdb_tarsus_length,avdb_back_toe,avdb_measurer_tag,avdb_measurer_comment,avdb_lit_abbrev
Alophoixus phaeocephalus_10,76320,AVIBASE-3499C2A5,Alophoixus phaeocephalus,Alophoixus phaeocephalus,Alophoixus phaeocephalus,NULL,field study,Field1,1_NA_446,1_NA,Malaysia,NULL,"Waterfall Trail, Borneo",unknown,Adult,105,12.6,92.4,19.8,13.4,5.4,NULL,NULL,6.8,NULL,NULL,NULL,20.7,NULL,JAT,NULL,NULL
Alophoixus phaeocephalus_11,76321,AVIBASE-3499C2A5,Alophoixus phaeocephalus,Alophoixus phaeocephalus,Alophoixus phaeocephalus,NULL,field study,Field1,1_NA_447,1_NA,Malaysia,NULL,"Waterfall Trail, Borneo",unknown,Adult,98,15.4,82.6,20.6,14.7,5.9,NULL,NULL,7,NULL,NULL,NULL,20.2,NULL,JAT,NULL,NULL
Alophoixus phaeocephalus_12,76322,AVIBASE-3499C2A5,Alophoixus phaeocephalus,Alophoixus phaeocephalus,Alophoixus phaeocephalus,NULL,field study,Field1,1_NA_448,1_NA,Malaysia,NULL,"Waterfall Trail, Borneo",unknown,Adult,98,15,83,23,14.5,5.7,NULL,NULL,6.5,NULL,NULL,NULL,21.9,NULL,JAT,NULL,NULL
Alophoixus phaeocephalus_6,76323,AVIBASE-3499C2A5,Alophoixus phaeocephalus,Alophoixus phaeocephalus,Alophoixus phaeocephalus,NULL,field study,Field1,1_NA_449,1_NA,Malaysia,NULL,"Waterfall Trail, Borneo",unknown,Adult,89,12,77,20,12.8,4.8,NULL,NULL,6.4,NULL,NULL,NULL,21.2,NULL,JAT,NULL,NULL
Alophoixus phaeocephalus_7,76324,AVIBASE-3499C2A5,Alophoixus phaeocephalus,Alophoixus phaeocephalus,Alophoixus phaeocephalus,NULL,field study,Field1,1_NA_450,1_NA,Malaysia,NULL,"Danum Valley, Sabah, Borneo",unknown,Adult,101,11.6,89.4,NULL,14.4,6.6,NULL,NULL,6.8,NULL,NULL,NULL,22,NULL,JAT,NULL,NULL
Alophoixus phaeocephalus_8,76325,AVIBASE-3499C2A5,Alophoixus phaeocephalus,Alophoixus phaeocephalus,Alophoixus phaeocephalus,NULL,field study,Field1,1_NA_451,1_NA,Malaysia,NULL,"Nature Trail, Borneo",unknown,Adult,94,9.5,84.5,20.5,14.4,4.8,NULL,NULL,6.9,NULL,NULL,NULL,21.7,NULL,JAT,NULL,NULL
Alophoixus phaeocephalus_9,76326,AVIBASE-3499C2A5,Alophoixus phaeocephalus,Alophoixus phaeocephalus,Alophoixus phaeocephalus,NULL,field study,Field1,1_NA_452,1_NA,Malaysia,NULL,"Nature Trail, Borneo",unknown,Adult,88,9.3,78.7,19.5,12.7,5.1,NULL,NULL,6.3,NULL,NULL,NULL,21.6,NULL,JAT,NULL,NULL
Arizelocichla masukuensis_10,76772,AVIBASE-6FC57210,Arizelocichla masukuensis,Arizelocichla masukuensis,Andropadus masukuensis,roehli,field study,Field1,1_NA_781,1_NA,United Republic of Tanzania,NULL,East Usambara Mountains,unknown,Adult,79,13,66,16,8,3.6,NULL,10.3,3.7,NULL,81,NULL,21,NULL,MNC,NULL,NULL
Arizelocichla masukuensis_11,76773,AVIBASE-6FC57210,Arizelocichla masukuensis,Arizelocichla masukuensis,Andropadus masukuensis,roehli,field study,Field1,1_NA_782,1_NA,United Republic of Tanzania,NULL,West Usambara Mountains,unknown,Adult,82,12,70,15.6,8,3.8,NULL,10.2,3.5,NULL,81,NULL,20.5,NULL,MNC,NULL,NULL
Arizelocichla masukuensis_12,76774,AVIBASE-6FC57210,Arizelocichla masukuensis,Arizelocichla masukuensis,Andropadus masukuensis,roehli,field study,Field1,1_NA_783,1_NA,United Republic of Tanzania,NULL,East Usambara Mountains,unknown,Adult,79,15,64,14.4,7.3,3.5,NULL,11.8,3.4,NULL,79,NULL,21,NULL,MNC,NULL,NULL
Arizelocichla masukuensis_13,76775,AVIBASE-6FC57210,Arizelocichla masukuensis,Arizelocichla masukuensis,Andropadus masukuensis,roehli,field study,Field1,1_NA_784,1_NA,United Republic of Tanzania,NULL,East Usambara Mountains,unknown,Adult,77,14,63,13.6,6.8,3.7,NULL,10.6,3.7,NULL,77,NULL,20.2,NULL,MNC,NULL,NULL
Arizelocichla masukuensis_14,76776,AVIBASE-6FC57210,Arizelocichla masukuensis,Arizelocichla masukuensis,Andropadus masukuensis,roehli,field study,Field1,1_NA_785,1_NA,United Republic of Tanzania,NULL,East Usambara Mountains,unknown,Adult,79,15,64,14.9,7.3,3.5,NULL,10.4,3.6,NULL,77,NULL,20,NULL,MNC,NULL,NULL
Arizelocichla masukuensis_15,76777,AVIBASE-6FC57210,Arizelocichla masukuensis,Arizelocichla masukuensis,Andropadus masukuensis,roehli,field study,Field1,1_NA_786,1_NA,United Republic of Tanzania,NULL,East Usambara Mountains,unknown,Adult,78,16,62,16.6,8.8,4,NULL,9.7,3.9,NULL,79,NULL,21,NULL,MNC,NULL,NULL
Arizelocichla masukuensis_16,76778,AVIBASE-6FC57210,Arizelocichla masukuensis,Arizelocichla masukuensis,Andropadus masukuensis,roehli,field study,Field1,1_NA_787,1_NA,United Republic of Tanzania,NULL,East Usambara Mountains,unknown,Adult,76,12,64,14.8,7.8,3.9,NULL,10.2,3.8,NULL,78,NULL,20.1,NULL,MNC,NULL,NULL
Arizelocichla masukuensis_17,76779,AVIBASE-6FC57210,Arizelocichla masukuensis,Arizelocichla masukuensis,Andropadus masukuensis,roehli,field study,Field1,1_NA_788,1_NA,United Republic of Tanzania,NULL,East Usambara Mountains,unknown,Adult,80,13,67,14.9,7.7,4.3,NULL,12.2,3.6,NULL,79,NULL,22.1,NULL,MNC,NULL,NULL
Arizelocichla masukuensis_18,76780,AVIBASE-6FC57210,Arizelocichla masukuensis,Arizelocichla masukuensis,Andropadus masukuensis,roehli,field study,Field1,1_NA_789,1_NA,United Republic of Tanzania,NULL,East Usambara Mountains,unknown,Adult,79,16,63,16.3,8,4,NULL,10.5,3.7,NULL,80,NULL,21.1,NULL,MNC,NULL,NULL
Arizelocichla masukuensis_19,76781,AVIBASE-6FC57210,Arizelocichla masukuensis,Arizelocichla masukuensis,Andropadus masukuensis,roehli,field study,Field1,1_NA_790,1_NA,United Republic of Tanzania,NULL,East Usambara Mountains,unknown,Adult,80,16,64,16.2,7.3,3.9,NULL,10.4,3.8,NULL,78,NULL,20,NULL,MNC,NULL,NULL
Arizelocichla masukuensis_20,76782,AVIBASE-6FC57210,Arizelocichla masukuensis,Arizelocichla masukuensis,Andropadus masukuensis,roehli,field study,Field1,1_NA_791,1_NA,United Republic of Tanzania,NULL,East Usambara Mountains,unknown,Adult,76,12,64,15.7,7.5,3.8,NULL,11.1,3.5,NULL,73,NULL,21.7,NULL,MNC,NULL,NULL
Arizelocichla masukuensis_21,76783,AVIBASE-6FC57210,Arizelocichla masukuensis,Arizelocichla masukuensis,Andropadus masukuensis,roehli,field study,Field1,1_NA_792,1_NA,United Republic of Tanzania,NULL,East Usambara Mountains,unknown,Adult,78,15,63,16.2,8.1,3.6,NULL,10.5,3.8,NULL,78,NULL,22,NULL,MNC,NULL,NULL
Arizelocichla masukuensis_22,76784,AVIBASE-6FC57210,Arizelocichla masukuensis,Arizelocichla masukuensis,Andropadus masukuensis,roehli,field study,Field1,1_NA_793,1_NA,United Republic of Tanzania,NULL,West Usambara Mountains,unknown,Adult,79,15,64,16.6,7.5,4,NULL,10.2,3.7,NULL,79,NULL,21.2,NULL,MNC,NULL,NULL
Arizelocichla masukuensis_23,76785,AVIBASE-6FC57210,Arizelocichla masukuensis,Arizelocichla masukuensis,Andropadus masukuensis,roehli,field study,Field1,1_NA_794,1_NA,United Republic of Tanzania,NULL,West Usambara Mountains,unknown,Adult,77,13,64,14.5,6.8,3.5,NULL,9.5,3.5,NULL,76,NULL,18.5,NULL,MNC,NULL,NULL
Arizelocichla masukuensis_24,76786,AVIBASE-6FC57210,Arizelocichla masukuensis,Arizelocichla masukuensis,Andropadus masukuensis,roehli,field study,Field1,1_NA_795,1_NA,United Republic of Tanzania,NULL,East Usambara Mountains,unknown,Adult,75,15,60,15.2,7,3.6,NULL,11,3.5,NULL,74,NULL,20.9,NULL,MNC,NULL,NULL
Arizelocichla masukuensis_25,76787,AVIBASE-6FC57210,Arizelocichla masukuensis,Arizelocichla masukuensis,Andropadus masukuensis,roehli,field study,Field1,1_NA_796,1_NA,United Republic of Tanzania,NULL,East Usambara Mountains,unknown,Adult,76,16,60,15.8,7.6,3.8,NULL,10,3.6,NULL,75,NULL,20.4,NULL,MNC,NULL,NULL
Arizelocichla masukuensis_26,76788,AVIBASE-6FC57210,Arizelocichla masukuensis,Arizelocichla masukuensis,Andropadus masukuensis,roehli,field study,Field1,1_NA_797,1_NA,United Republic of Tanzania,NULL,East Usambara Mountains,unknown,Adult,79,11,68,15.8,8.2,4,NULL,9.8,3.5,NULL,82,NULL,18.5,NULL,MNC,NULL,NULL
Arizelocichla masukuensis_27,76789,AVIBASE-6FC57210,Arizelocichla masukuensis,Arizelocichla masukuensis,Andropadus masukuensis,roehli,field study,Field1,1_NA_798,1_NA,United Republic of Tanzania,NULL,East Usambara Mountains,unknown,Adult,79,15,64,15.7,8,4.3,NULL,10.8,4,NULL,80,NULL,22.5,NULL,MNC,NULL,NULL
Arizelocichla masukuensis_28,76790,AVIBASE-6FC57210,Arizelocichla masukuensis,Arizelocichla masukuensis,Andropadus masukuensis,roehli,field study,Field1,1_NA_799,1_NA,United Republic of Tanzania,NULL,East Usambara Mountains,unknown,Adult,79,17,62,14.5,8.2,3.9,NULL,11.1,3.8,NULL,75,NULL,21.7,NULL,MNC,NULL,NULL
Arizelocichla masukuensis_29,76791,AVIBASE-6FC57210,Arizelocichla masukuensis,Arizelocichla masukuensis,Andropadus masukuensis,roehli,field study,Field1,1_NA_800,1_NA,United Republic of Tanzania,NULL,East Usambara Mountains,unknown,Adult,82,15,67,16.5,8,3.8,NULL,12.3,3.6,NULL,81,NULL,20.3,NULL,MNC,NULL,NULL
Arizelocichla milanjensis_6,76792,AVIBASE-8479F56E,Arizelocichla milanjensis,Arizelocichla milanjensis,Andropadus milanjensis,NULL,field study,Field1,1_NA_801,1_NA,Mozambique,NULL,"Njesi Plateau (12°49'35.6""S 35°11'25.6""E)",female,Adult,90,NULL,NULL,19.3,10.8,3.8,NULL,NULL,NULL,NULL,88,NULL,NULL,NULL,SEIJ,NULL,NULL
Arizelocichla nigriceps_10,76794,AVIBASE-54A902B5,Arizelocichla nigriceps,Arizelocichla nigriceps,Andropadus nigriceps,usambarae,field study,Field1,1_NA_803,1_NA,United Republic of Tanzania,NULL,West Usambara Mountains,unknown,Adult,85,12,73,17.5,8.8,4.1,NULL,11,4.6,NULL,83,NULL,24.5,NULL,MNC,NULL,NULL
Arizelocichla nigriceps_11,76795,AVIBASE-54A902B5,Arizelocichla nigriceps,Arizelocichla nigriceps,Andropadus nigriceps,usambarae,field study,Field1,1_NA_804,1_NA,United Republic of Tanzania,NULL,West Usambara Mountains,unknown,Adult,80,10,70,16.6,8.3,4.2,NULL,11.7,4.3,NULL,82,NULL,23,NULL,MNC,NULL,NULL
Arizelocichla nigriceps_12,76796,AVIBASE-54A902B5,Arizelocichla nigriceps,Arizelocichla nigriceps,Andropadus nigriceps,usambarae,field study,Field1,1_NA_805,1_NA,United Republic of Tanzania,NULL,West Usambara Mountains,unknown,Adult,85,13,72,18.1,9.3,4.2,NULL,11.2,4.8,NULL,84,NULL,25,NULL,MNC,NULL,NULL
Arizelocichla nigriceps_9,76793,AVIBASE-54A902B5,Arizelocichla nigriceps,Arizelocichla nigriceps,Andropadus nigriceps,usambarae,field study,Field1,1_NA_802,1_NA,United Republic of Tanzania,NULL,West Usambara Mountains,unknown,Adult,90,15,75,18,9.2,4.5,NULL,11.8,5.1,NULL,88,NULL,25.3,NULL,MNC,NULL,NULL
Arizelocichla striifacies_10,76798,AVIBASE-4996833A,Arizelocichla striifacies,Arizelocichla milanjensis,Andropadus milanjensis,striifacies,field study,Field1,1_NA_807,1_NA,United Republic of Tanzania,NULL,East Usambara Mountains,unknown,Adult,91,15,76,19.4,10.6,5.1,NULL,12.6,5.2,NULL,90,NULL,22.5,NULL,MNC,NULL,NULL
Arizelocichla striifacies_11,76799,AVIBASE-4996833A,Arizelocichla striifacies,Arizelocichla milanjensis,Andropadus milanjensis,striifacies,field study,Field1,1_NA_808,1_NA,United Republic of Tanzania,NULL,East Usambara Mountains,unknown,Adult,88,14,74,16.3,9.4,4.1,NULL,11,4.6,NULL,86,NULL,22.5,NULL,MNC,NULL,NULL
Arizelocichla striifacies_12,76800,AVIBASE-4996833A,Arizelocichla striifacies,Arizelocichla milanjensis,Andropadus milanjensis,striifacies,field study,Field1,1_NA_809,1_NA,United Republic of Tanzania,NULL,East Usambara Mountains,unknown,Adult,87,15,72,19.4,11.3,4.4,NULL,12.2,4.9,NULL,88,NULL,23.4,NULL,MNC,NULL,NULL
Arizelocichla striifacies_13,76801,AVIBASE-4996833A,Arizelocichla striifacies,Arizelocichla milanjensis,Andropadus milanjensis,striifacies,field study,Field1,1_NA_810,1_NA,United Republic of Tanzania,NULL,West Usambara Mountains,unknown,Adult,97,16,81,20,10.6,4.3,NULL,12.9,5.4,NULL,92,NULL,23.7,NULL,MNC,NULL,NULL
Arizelocichla striifacies_14,76802,AVIBASE-4996833A,Arizelocichla striifacies,Arizelocichla milanjensis,Andropadus milanjensis,striifacies,field study,Field1,1_NA_811,1_NA,United Republic of Tanzania,NULL,West Usambara Mountains,unknown,Adult,88,13,75,18.9,9.4,4.3,NULL,12.8,4.9,NULL,87,NULL,22.2,NULL,MNC,NULL,NULL
Arizelocichla striifacies_15,76803,AVIBASE-4996833A,Arizelocichla striifacies,Arizelocichla milanjensis,Andropadus milanjensis,striifacies,field study,Field1,1_NA_812,1_NA,United Republic of Tanzania,NULL,West Usambara Mountains,unknown,Adult,86,11,75,19.5,10.8,4.6,NULL,12,4.8,NULL,88,NULL,23.7,NULL,MNC,NULL,NULL
Arizelocichla striifacies_16,76804,AVIBASE-4996833A,Arizelocichla striifacies,Arizelocichla milanjensis,Andropadus milanjensis,striifacies,field study,Field1,1_NA_813,1_NA,United Republic of Tanzania,NULL,West Usambara Mountains,unknown,Adult,95,15,80,20,11,4.3,NULL,11.8,5.3,NULL,93,NULL,23.7,NULL,MNC,NULL,NULL
Arizelocichla striifacies_17,76805,AVIBASE-4996833A,Arizelocichla striifacies,Arizelocichla milanjensis,Andropadus milanjensis,striifacies,field study,Field1,1_NA_814,1_NA,United Republic of Tanzania,NULL,West Usambara Mountains,unknown,Adult,89,14,75,19.4,9.9,5,NULL,13.1,4.8,NULL,88,NULL,22.9,NULL,MNC,NULL,NULL
Arizelocichla striifacies_18,76806,AVIBASE-4996833A,Arizelocichla striifacies,Arizelocichla milanjensis,Andropadus milanjensis,striifacies,field study,Field1,1_NA_815,1_NA,United Republic of Tanzania,NULL,West Usambara Mountains,unknown,Adult,95,15,80,20.2,10,4.8,NULL,12.4,5,NULL,93,NULL,24.3,NULL,MNC,NULL,NULL
Arizelocichla striifacies_19,76807,AVIBASE-4996833A,Arizelocichla striifacies,Arizelocichla milanjensis,Andropadus milanjensis,striifacies,field study,Field1,1_NA_816,1_NA,United Republic of Tanzania,NULL,West Usambara Mountains,unknown,Adult,90,15,75,19.4,10.8,4.3,NULL,13,5,NULL,89,NULL,23.1,NULL,MNC,NULL,NULL
Arizelocichla striifacies_20,76808,AVIBASE-4996833A,Arizelocichla striifacies,Arizelocichla milanjensis,Andropadus milanjensis,striifacies,field study,Field1,1_NA_817,1_NA,United Republic of Tanzania,NULL,West Usambara Mountains,unknown,Adult,93,13,80,NULL,10,4.1,NULL,12,4.8,NULL,92,NULL,NULL,NULL,MNC,NULL,NULL
Arizelocichla striifacies_21,76809,AVIBASE-4996833A,Arizelocichla striifacies,Arizelocichla milanjensis,Andropadus milanjensis,striifacies,field study,Field1,1_NA_818,1_NA,United Republic of Tanzania,NULL,West Usambara Mountains,unknown,Adult,89,15,74,19.4,9.6,4.1,NULL,12,4.7,NULL,88,NULL,22.7,NULL,MNC,NULL,NULL
Arizelocichla striifacies_22,76810,AVIBASE-4996833A,Arizelocichla striifacies,Arizelocichla milanjensis,Andropadus milanjensis,striifacies,field study,Field1,1_NA_819,1_NA,United Republic of Tanzania,NULL,West Usambara Mountains,unknown,Adult,93,14,79,20.2,11.6,4.4,NULL,12.9,5.2,NULL,89,NULL,24.8,NULL,MNC,NULL,NULL
Arizelocichla striifacies_9,76797,AVIBASE-4996833A,Arizelocichla striifacies,Arizelocichla milanjensis,Andropadus milanjensis,striifacies,field study,Field1,1_NA_806,1_NA,United Republic of Tanzania,NULL,West Usambara Mountains,unknown,Adult,97,19,78,21,11,4.1,NULL,12.2,5.2,NULL,92,NULL,23.6,NULL,MNC,NULL,NULL
Arizelocichla tephrolaema_6,76811,AVIBASE-DA399CC6,Arizelocichla tephrolaema,Arizelocichla tephrolaema,Andropadus tephrolaemus,NULL,field study,Field1,1_NA_820,1_NA,Equatorial Guinea,NULL,Bioko Island (BBPP),unknown,Adult,82,NULL,NULL,NULL,NULL,NULL,NULL,NULL,NULL,NULL,75,NULL,NULL,NULL,JDW,NULL,NULL
Bleda canicapillus_10,77188,AVIBASE-D4B9EE90,Bleda canicapillus,Bleda canicapillus,Bleda canicapillus,NULL,field study,Field1,1_NA_1116,1_NA,Ghana,NULL,Dompim,unknown,Adult,101,12.9,88.1,19.7,14.2,5.4,NULL,12.6,6.5,NULL,93,NULL,25.8,NULL,NNDA,NULL,NULL
Bleda canicapillus_11,77189,AVIBASE-D4B9EE90,Bleda canicapillus,Bleda canicapillus,Bleda canicapillus,NULL,field study,Field1,1_NA_1117,1_NA,Ghana,NULL,Dompim,unknown,Adult,94,NULL,NULL,18.2,12.6,5,NULL,11.6,5.9,NULL,93,NULL,27,NULL,NNDA,NULL,NULL
Bleda canicapillus_12,77190,AVIBASE-D4B9EE90,Bleda canicapillus,Bleda canicapillus,Bleda canicapillus,NULL,field study,Field1,1_NA_1118,1_NA,Ghana,NULL,Dompim,unknown,Adult,100,17.2,82.8,20.4,14,5.6,NULL,13,6.4,NULL,92,NULL,16.1,NULL,NNDA,NULL,NULL
Bleda canicapillus_13,77191,AVIBASE-D4B9EE90,Bleda canicapillus,Bleda canicapillus,Bleda canicapillus,NULL,field study,Field1,1_NA_1119,1_NA,Ghana,NULL,Dompim,unknown,Adult,92,11.3,80.7,19.8,13.1,5.6,NULL,12.3,6,NULL,NULL,NULL,24.4,NULL,NNDA,NULL,NULL
Bleda canicapillus_14,77192,AVIBASE-D4B9EE90,Bleda canicapillus,Bleda canicapillus,Bleda canicapillus,NULL,field study,Field1,1_NA_1120,1_NA,Ghana,NULL,Ahokwa,unknown,Adult,95,13.2,81.8,18.6,12.5,5.8,NULL,11,6.2,NULL,85,NULL,27.3,NULL,NNDA,NULL,NULL
Bleda canicapillus_15,77193,AVIBASE-D4B9EE90,Bleda canicapillus,Bleda canicapillus,Bleda canicapillus,NULL,field study,Field1,1_NA_1121,1_NA,Ghana,NULL,Ahokwa,unknown,Adult,99,13,86,18.2,12.7,5.5,NULL,11.2,6.1,NULL,88,NULL,27.2,NULL,NNDA,NULL,NULL
Bleda canicapillus_16,77195,AVIBASE-D4B9EE90,Bleda canicapillus,Bleda canicapillus,Bleda canicapillus,NULL,field study,Field1,1_NA_1123,1_NA,Ghana,NULL,Ahokwa,unknown,Adult,98,14.1,83.9,21,13.8,5.6,NULL,11.5,6.7,NULL,93,NULL,25.8,NULL,NNDA,NULL,NULL
Bleda canicapillus_17,77196,AVIBASE-D4B9EE90,Bleda canicapillus,Bleda canicapillus,Bleda canicapillus,NULL,field study,Field1,1_NA_1124,1_NA,Ghana,NULL,Ahokwa,unknown,Adult,112,19,93,21.2,14.7,6.3,NULL,13.2,6.8,NULL,95,NULL,26.1,NULL,NNDA,NULL,NULL
Bleda canicapillus_18,77185,AVIBASE-D4B9EE90,Bleda canicapillus,Bleda canicapillus,Bleda canicapillus,NULL,field study,Field1,1_NA_1113,1_NA,Ghana,NULL,Ahokwa,unknown,Adult,94,9,85,20.1,12.4,5.8,NULL,12.9,6.2,NULL,91,NULL,25.9,NULL,NNDA,NULL,NULL
Bleda canicapillus_19,77186,AVIBASE-D4B9EE90,Bleda canicapillus,Bleda canicapillus,Bleda canicapillus,NULL,field study,Field1,1_NA_1114,1_NA,Ghana,NULL,Ahokwa,unknown,Adult,94,9,85,20,12.7,5.3,NULL,11.9,6.1,NULL,91,NULL,24.8,NULL,NNDA,NULL,NULL
Bleda canicapillus_5,77194,AVIBASE-D4B9EE90,Bleda canicapillus,Bleda canicapillus,Bleda canicapillus,NULL,field study,Field1,1_NA_1122,1_NA,Ghana,NULL,Dompim,unknown,Adult,99,10,89,18.5,12.6,4.8,NULL,16.5,5.4,NULL,90,NULL,25.8,NULL,NNDA,NULL,NULL
Bleda canicapillus_6,77197,AVIBASE-D4B9EE90,Bleda canicapillus,Bleda canicapillus,Bleda canicapillus,NULL,field study,Field1,1_NA_1125,1_NA,Ghana,NULL,Ahokwa,unknown,Adult,102,14,88,21.6,14.5,5.6,NULL,13.7,6.9,NULL,94,NULL,30,NULL,NNDA,NULL,NULL
Bleda canicapillus_7,77198,AVIBASE-D4B9EE90,Bleda canicapillus,Bleda canicapillus,Bleda canicapillus,NULL,field study,Field1,1_NA_1126,1_NA,Ghana,NULL,Ahokwa,unknown,Adult,104,12,92,23.2,15.7,5.7,NULL,16.4,7.1,NULL,98,NULL,27.2,NULL,NNDA,NULL,NULL
Bleda canicapillus_8,77199,AVIBASE-D4B9EE90,Bleda canicapillus,Bleda canicapillus,Bleda canicapillus,NULL,field study,Field1,1_NA_1127,1_NA,Ghana,NULL,Ahokwa,unknown,Adult,103,15,88,23.1,14.1,6.2,NULL,16.1,7.2,NULL,90,NULL,28.1,NULL,NNDA,NULL,NULL
Bleda canicapillus_9,77187,AVIBASE-D4B9EE90,Bleda canicapillus,Bleda canicapillus,Bleda canicapillus,NULL,field study,Field1,1_NA_1115,1_NA,Ghana,NULL,Dompim,unknown,Adult,95,12.7,82.3,17.6,12.5,5.7,NULL,11.9,6.1,NULL,NULL,NULL,24.4,NULL,NNDA,NULL,NULL
Bleda notatus_10,77288,AVIBASE-4F97BFE1,Bleda notatus,Bleda notatus,Bleda notatus,NULL,field study,Field1,1_NA_1216,1_NA,Equatorial Guinea,NULL,Oyala,unknown,Adult,91,NULL,NULL,NULL,NULL,NULL,NULL,NULL,NULL,NULL,63,NULL,NULL,NULL,AKW,NULL,NULL
Bleda notatus_100,77335,AVIBASE-4F97BFE1,Bleda notatus,Bleda notatus,Bleda notatus,NULL,field study,Field1,1_NA_1263,1_NA,Equatorial Guinea,NULL,Oyala,unknown,Adult,90,NULL,NULL,NULL,NULL,NULL,NULL,NULL,NULL,NULL,NULL,NULL,NULL,NULL,HP,NULL,NULL
Bleda notatus_101,77352,AVIBASE-4F97BFE1,Bleda notatus,Bleda notatus,Bleda notatus,NULL,field study,Field1,1_NA_1280,1_NA,Equatorial Guinea,NULL,Oyala,unknown,Adult,82,NULL,NULL,NULL,NULL,NULL,NULL,NULL,NULL,NULL,71,NULL,NULL,NULL,JDW,NULL,NULL
Bleda notatus_102,77250,AVIBASE-4F97BFE1,Bleda notatus,Bleda notatus,Bleda notatus,NULL,field study,Field1,1_NA_1178,1_NA,Equatorial Guinea,NULL,Oyala,unknown,Adult,81,NULL,NULL,NULL,NULL,NULL,NULL,NULL,NULL,NULL,72,NULL,NULL,NULL,JDW,NULL,NULL
Bleda notatus_103,77339,AVIBASE-4F97BFE1,Bleda notatus,Bleda notatus,Bleda notatus,NULL,field study,Field1,1_NA_1267,1_NA,Equatorial Guinea,NULL,Oyala,unknown,Adult,93,NULL,NULL,NULL,NULL,NULL,NULL,NULL,NULL,NULL,73,NULL,NULL,NULL,JDW,NULL,NULL
Bleda notatus_104,77276,AVIBASE-4F97BFE1,Bleda notatus,Bleda notatus,Bleda notatus,NULL,field study,Field1,1_NA_1204,1_NA,Equatorial Guinea,NULL,Oyala,unknown,Adult,93,NULL,NULL,NULL,NULL,NULL,NULL,NULL,NULL,NULL,75,NULL,NULL,NULL,JDW,NULL,NULL
Bleda notatus_105,77234,AVIBASE-4F97BFE1,Bleda notatus,Bleda notatus,Bleda notatus,NULL,field study,Field1,1_NA_1162,1_NA,Equatorial Guinea,NULL,Oyala,unknown,Adult,88,NULL,NULL,NULL,NULL,NULL,NULL,NULL,NULL,NULL,75,NULL,NULL,NULL,JDW,NULL,NULL
Bleda notatus_106,77219,AVIBASE-4F97BFE1,Bleda notatus,Bleda notatus,Bleda notatus,NULL,field study,Field1,1_NA_1147,1_NA,Equatorial Guinea,NULL,Oyala,unknown,Adult,89,NULL,NULL,NULL,NULL,NULL,NULL,NULL,NULL,NULL,76,NULL,NULL,NULL,JDW,NULL,NULL
Bleda notatus_107,77360,AVIBASE-4F97BFE1,Bleda notatus,Bleda notatus,Bleda notatus,NULL,field study,Field1,1_NA_1288,1_NA,Equatorial Guinea,NULL,Oyala,unknown,Adult,82,NULL,NULL,NULL,NULL,NULL,NULL,NULL,NULL,NULL,76,NULL,NULL,NULL,JDW,NULL,NULL
Bleda notatus_108,77241,AVIBASE-4F97BFE1,Bleda notatus,Bleda notatus,Bleda notatus,NULL,field study,Field1,1_NA_1169,1_NA,Equatorial Guinea,NULL,Oyala,unknown,Adult,75,NULL,NULL,NULL,NULL,NULL,NULL,NULL,NULL,NULL,77,NULL,NULL,NULL,JDW,NULL,NULL
Bleda notatus_109,77251,AVIBASE-4F97BFE1,Bleda notatus,Bleda notatus,Bleda notatus,NULL,field study,Field1,1_NA_1179,1_NA,Equatorial Guinea,NULL,Oyala,unknown,Adult,82,NULL,NULL,NULL,NULL,NULL,NULL,NULL,NULL,NULL,77,NULL,NULL,NULL,JDW,NULL,NULL
Bleda notatus_11,77270,AVIBASE-4F97BFE1,Bleda notatus,Bleda notatus,Bleda notatus,NULL,field study,Field1,1_NA_1198,1_NA,Equatorial Guinea,NULL,Oyala,unknown,Adult,82,NULL,NULL,NULL,NULL,NULL,NULL,NULL,NULL,NULL,73,NULL,NULL,NULL,AKW,NULL,NULL
Bleda notatus_110,77226,AVIBASE-4F97BFE1,Bleda notatus,Bleda notatus,Bleda notatus,NULL,field study,Field1,1_NA_1154,1_NA,Equatorial Guinea,NULL,Oyala,unknown,Adult,89,NULL,NULL,NULL,NULL,NULL,NULL,NULL,NULL,NULL,78,NULL,NULL,NULL,JDW,NULL,NULL
Bleda notatus_111,77227,AVIBASE-4F97BFE1,Bleda notatus,Bleda notatus,Bleda notatus,NULL,field study,Field1,1_NA_1155,1_NA,Equatorial Guinea,NULL,Oyala,unknown,Adult,87,NULL,NULL,NULL,NULL,NULL,NULL,NULL,NULL,NULL,78,NULL,NULL,NULL,JDW,NULL,NULL
Bleda notatus_112,77293,AVIBASE-4F97BFE1,Bleda notatus,Bleda notatus,Bleda notatus,NULL,field study,Field1,1_NA_1221,1_NA,Equatorial Guinea,NULL,Oyala,unknown,Adult,NULL,NULL,NULL,NULL,NULL,NULL,NULL,NULL,NULL,NULL,78,NULL,NULL,NULL,JDW,NULL,NULL
Bleda notatus_113,77322,AVIBASE-4F97BFE1,Bleda notatus,Bleda notatus,Bleda notatus,NULL,field study,Field1,1_NA_1250,1_NA,Equatorial Guinea,NULL,Oyala,unknown,Adult,88,NULL,NULL,NULL,NULL,NULL,NULL,NULL,NULL,NULL,78,NULL,NULL,NULL,JDW,NULL,NULL
Bleda notatus_114,77248,AVIBASE-4F97BFE1,Bleda notatus,Bleda notatus,Bleda notatus,NULL,field study,Field1,1_NA_1176,1_NA,Equatorial Guinea,NULL,Oyala,unknown,Adult,87,NULL,NULL,NULL,NULL,NULL,NULL,NULL,NULL,NULL,80,NULL,NULL,NULL,JDW,NULL,NULL
Bleda notatus_115,77295,AVIBASE-4F97BFE1,Bleda notatus,Bleda notatus,Bleda notatus,NULL,field study,Field1,1_NA_1223,1_NA,Equatorial Guinea,NULL,Oyala,unknown,Adult,86,NULL,NULL,NULL,NULL,NULL,NULL,NULL,NULL,NULL,80,NULL,NULL,NULL,JDW,NULL,NULL
Bleda notatus_116,77216,AVIBASE-4F97BFE1,Bleda notatus,Bleda notatus,Bleda notatus,NULL,field study,Field1,1_NA_1144,1_NA,Equatorial Guinea,NULL,Oyala,unknown,Adult,94,NULL,NULL,NULL,NULL,NULL,NULL,NULL,NULL,NULL,80,NULL,NULL,NULL,JDW,NULL,NULL
Bleda notatus_117,77256,AVIBASE-4F97BFE1,Bleda notatus,Bleda notatus,Bleda notatus,NULL,field study,Field1,1_NA_1184,1_NA,Equatorial Guinea,NULL,Oyala,unknown,Adult,87,NULL,NULL,NULL,NULL,NULL,NULL,NULL,NULL,NULL,80,NULL,NULL,NULL,JDW,NULL,NULL
Bleda notatus_118,77309,AVIBASE-4F97BFE1,Bleda notatus,Bleda notatus,Bleda notatus,NULL,field study,Field1,1_NA_1237,1_NA,Equatorial Guinea,NULL,Oyala,unknown,Adult,85,NULL,NULL,NULL,NULL,NULL,NULL,NULL,NULL,NULL,80,NULL,NULL,NULL,JDW,NULL,NULL
Bleda notatus_119,77230,AVIBASE-4F97BFE1,Bleda notatus,Bleda notatus,Bleda notatus,NULL,field study,Field1,1_NA_1158,1_NA,Equatorial Guinea,NULL,Oyala,unknown,Adult,89,NULL,NULL,NULL,NULL,NULL,NULL,NULL,NULL,NULL,80,NULL,NULL,NULL,JDW,NULL,NULL
Bleda notatus_12,77201,AVIBASE-4F97BFE1,Bleda notatus,Bleda notatus,Bleda notatus,NULL,field study,Field1,1_NA_1129,1_NA,Equatorial Guinea,NULL,Oyala,unknown,Adult,84,NULL,NULL,NULL,NULL,NULL,NULL,NULL,NULL,NULL,74,NULL,NULL,NULL,AKW,NULL,NULL
Bleda notatus_120,77220,AVIBASE-4F97BFE1,Bleda notatus,Bleda notatus,Bleda notatus,NULL,field study,Field1,1_NA_1148,1_NA,Equatorial Guinea,NULL,Oyala,unknown,Adult,87,NULL,NULL,NULL,NULL,NULL,NULL,NULL,NULL,NULL,81,NULL,NULL,NULL,JDW,NULL,NULL
Bleda notatus_121,77257,AVIBASE-4F97BFE1,Bleda notatus,Bleda notatus,Bleda notatus,NULL,field study,Field1,1_NA_1185,1_NA,Equatorial Guinea,NULL,Oyala,unknown,Adult,86,NULL,NULL,NULL,NULL,NULL,NULL,NULL,NULL,NULL,81,NULL,NULL,NULL,JDW,NULL,NULL
Bleda notatus_122,77350,AVIBASE-4F97BFE1,Bleda notatus,Bleda notatus,Bleda notatus,NULL,field study,Field1,1_NA_1278,1_NA,Equatorial Guinea,NULL,Oyala,unknown,Adult,95,NULL,NULL,NULL,NULL,NULL,NULL,NULL,NULL,NULL,81,NULL,NULL,NULL,JDW,NULL,NULL
Bleda notatus_123,77302,AVIBASE-4F97BFE1,Bleda notatus,Bleda notatus,Bleda notatus,NULL,field study,Field1,1_NA_1230,1_NA,Equatorial Guinea,NULL,Oyala,unknown,Adult,88,NULL,NULL,NULL,NULL,NULL,NULL,NULL,NULL,NULL,81,NULL,NULL,NULL,JDW,NULL,NULL
Bleda notatus_124,77310,AVIBASE-4F97BFE1,Bleda notatus,Bleda notatus,Bleda notatus,NULL,field study,Field1,1_NA_1238,1_NA,Equatorial Guinea,NULL,Oyala,unknown,Adult,93,NULL,NULL,NULL,NULL,NULL,NULL,NULL,NULL,NULL,82,NULL,NULL,NULL,JDW,NULL,NULL
Bleda notatus_125,77380,AVIBASE-4F97BFE1,Bleda notatus,Bleda notatus,Bleda notatus,NULL,field study,Field1,1_NA_1308,1_NA,Equatorial Guinea,NULL,Oyala,unknown,Adult,90,NULL,NULL,NULL,NULL,NULL,NULL,NULL,NULL,NULL,82,NULL,NULL,NULL,JDW,NULL,NULL
Bleda notatus_126,77387,AVIBASE-4F97BFE1,Bleda notatus,Bleda notatus,Bleda notatus,NULL,field study,Field1,1_NA_1315,1_NA,Equatorial Guinea,NULL,Altos de Nsork National Park,unknown,Adult,93,NULL,NULL,NULL,NULL,NULL,NULL,NULL,NULL,NULL,83,NULL,NULL,NULL,JDW,NULL,NULL
Bleda notatus_127,77298,AVIBASE-4F97BFE1,Bleda notatus,Bleda notatus,Bleda notatus,NULL,field study,Field1,1_NA_1226,1_NA,Equatorial Guinea,NULL,Oyala,unknown,Adult,96,NULL,NULL,NULL,NULL,NULL,NULL,NULL,NULL,NULL,83,NULL,NULL,NULL,JDW,NULL,NULL
Bleda notatus_128,77244,AVIBASE-4F97BFE1,Bleda notatus,Bleda notatus,Bleda notatus,NULL,field study,Field1,1_NA_1172,1_NA,Equatorial Guinea,NULL,Oyala,unknown,Adult,89,NULL,NULL,NULL,NULL,NULL,NULL,NULL,NULL,NULL,83,NULL,NULL,NULL,JDW,NULL,NULL
Bleda notatus_129,77281,AVIBASE-4F97BFE1,Bleda notatus,Bleda notatus,Bleda notatus,NULL,field study,Field1,1_NA_1209,1_NA,Equatorial Guinea,NULL,Oyala,unknown,Adult,95,NULL,NULL,NULL,NULL,NULL,NULL,NULL,NULL,NULL,83,NULL,NULL,NULL,JDW,NULL,NULL
Bleda notatus_13,77363,AVIBASE-4F97BFE1,Bleda notatus,Bleda notatus,Bleda notatus,NULL,field study,Field1,1_NA_1291,1_NA,Equatorial Guinea,NULL,Oyala,unknown,Adult,85,NULL,NULL,NULL,NULL,NULL,NULL,NULL,NULL,NULL,74,NULL,NULL,NULL,AKW,NULL,NULL
Bleda notatus_130,77316,AVIBASE-4F97BFE1,Bleda notatus,Bleda notatus,Bleda notatus,NULL,field study,Field1,1_NA_1244,1_NA,Equatorial Guinea,NULL,Oyala,unknown,Adult,88,NULL,NULL,NULL,NULL,NULL,NULL,NULL,NULL,NULL,83,NULL,NULL,NULL,JDW,NULL,NULL
Bleda notatus_131,77261,AVIBASE-4F97BFE1,Bleda notatus,Bleda notatus,Bleda notatus,NULL,field study,Field1,1_NA_1189,1_NA,Equatorial Guinea,NULL,Oyala,unknown,Adult,91,NULL,NULL,NULL,NULL,NULL,NULL,NULL,NULL,NULL,84,NULL,NULL,NULL,JDW,NULL,NULL
Bleda notatus_132,77402,AVIBASE-4F97BFE1,Bleda notatus,Bleda notatus,Bleda notatus,NULL,field study,Field1,1_NA_1330,1_NA,Equatorial Guinea,NULL,Altos de Nsork National Park,unknown,Adult,90,NULL,NULL,NULL,NULL,NULL,NULL,NULL,NULL,NULL,84,NULL,NULL,NULL,JDW,NULL,NULL
Bleda notatus_133,77332,AVIBASE-4F97BFE1,Bleda notatus,Bleda notatus,Bleda notatus,NULL,field study,Field1,1_NA_1260,1_NA,Equatorial Guinea,NULL,Altos de Nsork National Park,unknown,Adult,95,NULL,NULL,NULL,NULL,NULL,NULL,NULL,NULL,NULL,85,NULL,NULL,NULL,JDW,NULL,NULL
Bleda notatus_134,77314,AVIBASE-4F97BFE1,Bleda notatus,Bleda notatus,Bleda notatus,NULL,field study,Field1,1_NA_1242,1_NA,Equatorial Guinea,NULL,Oyala,unknown,Adult,91,NULL,NULL,NULL,NULL,NULL,NULL,NULL,NULL,NULL,85,NULL,NULL,NULL,JDW,NULL,NULL
Bleda notatus_135,77373,AVIBASE-4F97BFE1,Bleda notatus,Bleda notatus,Bleda notatus,NULL,field study,Field1,1_NA_1301,1_NA,Equatorial Guinea,NULL,Oyala,unknown,Adult,90,NULL,NULL,NULL,NULL,NULL,NULL,NULL,NULL,NULL,85,NULL,NULL,NULL,JDW,NULL,NULL
Bleda notatus_136,77385,AVIBASE-4F97BFE1,Bleda notatus,Bleda notatus,Bleda notatus,NULL,field study,Field1,1_NA_1313,1_NA,Equatorial Guinea,NULL,Oyala,unknown,Adult,95,NULL,NULL,NULL,NULL,NULL,NULL,NULL,NULL,NULL,85,NULL,NULL,NULL,JDW,NULL,NULL
Bleda notatus_137,77317,AVIBASE-4F97BFE1,Bleda notatus,Bleda notatus,Bleda notatus,NULL,field study,Field1,1_NA_1245,1_NA,Equatorial Guinea,NULL,Oyala,unknown,Adult,86,NULL,NULL,NULL,NULL,NULL,NULL,NULL,NULL,NULL,85,NULL,NULL,NULL,JDW,NULL,NULL
Bleda notatus_138,77358,AVIBASE-4F97BFE1,Bleda notatus,Bleda notatus,Bleda notatus,NULL,field study,Field1,1_NA_1286,1_NA,Equatorial Guinea,NULL,Oyala,unknown,Adult,97,NULL,NULL,NULL,NULL,NULL,NULL,NULL,NULL,NULL,86,NULL,NULL,NULL,JDW,NULL,NULL
Bleda notatus_139,77347,AVIBASE-4F97BFE1,Bleda notatus,Bleda notatus,Bleda notatus,NULL,field study,Field1,1_NA_1275,1_NA,Equatorial Guinea,NULL,Oyala,unknown,Adult,92,NULL,NULL,NULL,NULL,NULL,NULL,NULL,NULL,NULL,86,NULL,NULL,NULL,JDW,NULL,NULL
Bleda notatus_14,77228,AVIBASE-4F97BFE1,Bleda notatus,Bleda notatus,Bleda notatus,NULL,field study,Field1,1_NA_1156,1_NA,Equatorial Guinea,NULL,Oyala,unknown,Adult,86,NULL,NULL,NULL,NULL,NULL,NULL,NULL,NULL,NULL,76,NULL,NULL,NULL,AKW,NULL,NULL
Bleda notatus_140,77205,AVIBASE-4F97BFE1,Bleda notatus,Bleda notatus,Bleda notatus,NULL,field study,Field1,1_NA_1133,1_NA,Equatorial Guinea,NULL,Oyala,unknown,Adult,95,NULL,NULL,NULL,NULL,NULL,NULL,NULL,NULL,NULL,87,NULL,NULL,NULL,JDW,NULL,NULL
Bleda notatus_141,77239,AVIBASE-4F97BFE1,Bleda notatus,Bleda notatus,Bleda notatus,NULL,field study,Field1,1_NA_1167,1_NA,Equatorial Guinea,NULL,Oyala,unknown,Adult,98,NULL,NULL,NULL,NULL,NULL,NULL,NULL,NULL,NULL,88,NULL,NULL,NULL,JDW,NULL,NULL
Bleda notatus_142,77225,AVIBASE-4F97BFE1,Bleda notatus,Bleda notatus,Bleda notatus,NULL,field study,Field1,1_NA_1153,1_NA,Equatorial Guinea,NULL,Oyala,unknown,Adult,95,NULL,NULL,NULL,NULL,NULL,NULL,NULL,NULL,NULL,88,NULL,NULL,NULL,JDW,NULL,NULL
Bleda notatus_143,77337,AVIBASE-4F97BFE1,Bleda notatus,Bleda notatus,Bleda notatus,NULL,field study,Field1,1_NA_1265,1_NA,Equatorial Guinea,NULL,Oyala,unknown,Adult,95,NULL,NULL,NULL,NULL,NULL,NULL,NULL,NULL,NULL,88,NULL,NULL,NULL,JDW,NULL,NULL
Bleda notatus_144,77303,AVIBASE-4F97BFE1,Bleda notatus,Bleda notatus,Bleda notatus,NULL,field study,Field1,1_NA_1231,1_NA,Equatorial Guinea,NULL,Oyala,unknown,Adult,100,NULL,NULL,NULL,NULL,NULL,NULL,NULL,NULL,NULL,92,NULL,NULL,NULL,JDW,NULL,NULL
Bleda notatus_145,77285,AVIBASE-4F97BFE1,Bleda notatus,Bleda notatus,Bleda notatus,NULL,field study,Field1,1_NA_1213,1_NA,Equatorial Guinea,NULL,Oyala,unknown,Adult,94,NULL,NULL,NULL,NULL,NULL,NULL,NULL,NULL,NULL,NULL,NULL,NULL,NULL,JDW,NULL,NULL
Bleda notatus_146,77307,AVIBASE-4F97BFE1,Bleda notatus,Bleda notatus,Bleda notatus,NULL,field study,Field1,1_NA_1235,1_NA,Equatorial Guinea,NULL,Oyala,unknown,Adult,80,NULL,NULL,NULL,NULL,NULL,NULL,NULL,NULL,NULL,70,NULL,NULL,NULL,JHW,NULL,NULL
Bleda notatus_147,77231,AVIBASE-4F97BFE1,Bleda notatus,Bleda notatus,Bleda notatus,NULL,field study,Field1,1_NA_1159,1_NA,Equatorial Guinea,NULL,Oyala,unknown,Adult,87,NULL,NULL,NULL,NULL,NULL,NULL,NULL,NULL,NULL,75,NULL,NULL,NULL,JHW,NULL,NULL
Bleda notatus_148,77294,AVIBASE-4F97BFE1,Bleda notatus,Bleda notatus,Bleda notatus,NULL,field study,Field1,1_NA_1222,1_NA,Equatorial Guinea,NULL,Oyala,unknown,Adult,88,NULL,NULL,NULL,NULL,NULL,NULL,NULL,NULL,NULL,78,NULL,NULL,NULL,JHW,NULL,NULL
Bleda notatus_149,77271,AVIBASE-4F97BFE1,Bleda notatus,Bleda notatus,Bleda notatus,NULL,field study,Field1,1_NA_1199,1_NA,Equatorial Guinea,NULL,Oyala,unknown,Adult,94,NULL,NULL,NULL,NULL,NULL,NULL,NULL,NULL,NULL,78,NULL,NULL,NULL,JHW,NULL,NULL
Bleda notatus_15,77369,AVIBASE-4F97BFE1,Bleda notatus,Bleda notatus,Bleda notatus,NULL,field study,Field1,1_NA_1297,1_NA,Equatorial Guinea,NULL,Oyala,unknown,Adult,91,NULL,NULL,NULL,NULL,NULL,NULL,NULL,NULL,NULL,76,NULL,NULL,NULL,AKW,NULL,NULL
Bleda notatus_150,77265,AVIBASE-4F97BFE1,Bleda notatus,Bleda notatus,Bleda notatus,NULL,field study,Field1,1_NA_1193,1_NA,Equatorial Guinea,NULL,Altos de Nsork National Park,unknown,Adult,85,NULL,NULL,NULL,NULL,NULL,NULL,NULL,NULL,NULL,78,NULL,NULL,NULL,JHW,NULL,NULL
Bleda notatus_151,77207,AVIBASE-4F97BFE1,Bleda notatus,Bleda notatus,Bleda notatus,NULL,field study,Field1,1_NA_1135,1_NA,Equatorial Guinea,NULL,Oyala,unknown,Adult,93,NULL,NULL,NULL,NULL,NULL,NULL,NULL,NULL,NULL,79,NULL,NULL,NULL,JHW,NULL,NULL
Bleda notatus_152,77289,AVIBASE-4F97BFE1,Bleda notatus,Bleda notatus,Bleda notatus,NULL,field study,Field1,1_NA_1217,1_NA,Equatorial Guinea,NULL,Oyala,unknown,Adult,89,NULL,NULL,NULL,NULL,NULL,NULL,NULL,NULL,NULL,82,NULL,NULL,NULL,JHW,NULL,NULL
Bleda notatus_153,77252,AVIBASE-4F97BFE1,Bleda notatus,Bleda notatus,Bleda notatus,NULL,field study,Field1,1_NA_1180,1_NA,Equatorial Guinea,NULL,Oyala,unknown,Adult,86,NULL,NULL,NULL,NULL,NULL,NULL,NULL,NULL,NULL,82,NULL,NULL,NULL,JHW,NULL,NULL
Bleda notatus_154,77346,AVIBASE-4F97BFE1,Bleda notatus,Bleda notatus,Bleda notatus,NULL,field study,Field1,1_NA_1274,1_NA,Equatorial Guinea,NULL,Oyala,unknown,Adult,91,NULL,NULL,NULL,NULL,NULL,NULL,NULL,NULL,NULL,83,NULL,NULL,NULL,JHW,NULL,NULL
Bleda notatus_155,77253,AVIBASE-4F97BFE1,Bleda notatus,Bleda notatus,Bleda notatus,NULL,field study,Field1,1_NA_1181,1_NA,Equatorial Guinea,NULL,Oyala,unknown,Adult,87,NULL,NULL,NULL,NULL,NULL,NULL,NULL,NULL,NULL,83,NULL,NULL,NULL,JHW,NULL,NULL
Bleda notatus_156,77258,AVIBASE-4F97BFE1,Bleda notatus,Bleda notatus,Bleda notatus,NULL,field study,Field1,1_NA_1186,1_NA,Equatorial Guinea,NULL,Oyala,unknown,Adult,87,NULL,NULL,NULL,NULL,NULL,NULL,NULL,NULL,NULL,84,NULL,NULL,NULL,JHW,NULL,NULL
Bleda notatus_157,77407,AVIBASE-4F97BFE1,Bleda notatus,Bleda notatus,Bleda notatus,NULL,field study,Field1,1_NA_1335,1_NA,Equatorial Guinea,NULL,Altos de Nsork National Park,unknown,Adult,93,NULL,NULL,NULL,NULL,NULL,NULL,NULL,NULL,NULL,84,NULL,NULL,NULL,JHW,NULL,NULL
Bleda notatus_158,77392,AVIBASE-4F97BFE1,Bleda notatus,Bleda notatus,Bleda notatus,NULL,field study,Field1,1_NA_1320,1_NA,Equatorial Guinea,NULL,Altos de Nsork National Park,unknown,Adult,92,NULL,NULL,NULL,NULL,NULL,NULL,NULL,NULL,NULL,86,NULL,NULL,NULL,JHW,NULL,NULL
Bleda notatus_159,77379,AVIBASE-4F97BFE1,Bleda notatus,Bleda notatus,Bleda notatus,NULL,field study,Field1,1_NA_1307,1_NA,Equatorial Guinea,NULL,Oyala,unknown,Adult,93,NULL,NULL,NULL,NULL,NULL,NULL,NULL,NULL,NULL,86,NULL,NULL,NULL,JHW,NULL,NULL
Bleda notatus_16,77266,AVIBASE-4F97BFE1,Bleda notatus,Bleda notatus,Bleda notatus,NULL,field study,Field1,1_NA_1194,1_NA,Equatorial Guinea,NULL,Oyala,unknown,Adult,86,NULL,NULL,NULL,NULL,NULL,NULL,NULL,NULL,NULL,77,NULL,NULL,NULL,AKW,NULL,NULL
Bleda notatus_160,77306,AVIBASE-4F97BFE1,Bleda notatus,Bleda notatus,Bleda notatus,NULL,field study,Field1,1_NA_1234,1_NA,Equatorial Guinea,NULL,Oyala,unknown,Adult,94,NULL,NULL,NULL,NULL,NULL,NULL,NULL,NULL,NULL,88,NULL,NULL,NULL,JHW,NULL,NULL
Bleda notatus_161,77375,AVIBASE-4F97BFE1,Bleda notatus,Bleda notatus,Bleda notatus,NULL,field study,Field1,1_NA_1303,1_NA,Equatorial Guinea,NULL,Oyala,unknown,Adult,92,NULL,NULL,NULL,NULL,NULL,NULL,NULL,NULL,NULL,96,NULL,NULL,NULL,JHW,NULL,NULL
Bleda notatus_162,77245,AVIBASE-4F97BFE1,Bleda notatus,Bleda notatus,Bleda notatus,NULL,field study,Field1,1_NA_1173,1_NA,Equatorial Guinea,NULL,Oyala,unknown,Adult,90,NULL,NULL,NULL,NULL,NULL,NULL,NULL,NULL,NULL,NULL,NULL,NULL,NULL,JHW,NULL,NULL
Bleda notatus_163,77272,AVIBASE-4F97BFE1,Bleda notatus,Bleda notatus,Bleda notatus,NULL,field study,Field1,1_NA_1200,1_NA,Equatorial Guinea,NULL,Oyala,unknown,Adult,94,NULL,NULL,NULL,NULL,NULL,NULL,NULL,NULL,NULL,NULL,NULL,NULL,NULL,JHW,NULL,NULL
Bleda notatus_164,77318,AVIBASE-4F97BFE1,Bleda notatus,Bleda notatus,Bleda notatus,NULL,field study,Field1,1_NA_1246,1_NA,Equatorial Guinea,NULL,Oyala,unknown,Adult,86,NULL,NULL,NULL,NULL,NULL,NULL,NULL,NULL,NULL,NULL,NULL,NULL,NULL,JHW,NULL,NULL
Bleda notatus_165,77296,AVIBASE-4F97BFE1,Bleda notatus,Bleda notatus,Bleda notatus,NULL,field study,Field1,1_NA_1224,1_NA,Equatorial Guinea,NULL,Oyala,unknown,Adult,93,NULL,NULL,NULL,NULL,NULL,NULL,NULL,NULL,NULL,73,NULL,NULL,NULL,LLP,NULL,NULL
Bleda notatus_166,77388,AVIBASE-4F97BFE1,Bleda notatus,Bleda notatus,Bleda notatus,NULL,field study,Field1,1_NA_1316,1_NA,Equatorial Guinea,NULL,Altos de Nsork National Park,unknown,Adult,88,NULL,NULL,NULL,NULL,NULL,NULL,NULL,NULL,NULL,76,NULL,NULL,NULL,LLP,NULL,NULL
Bleda notatus_167,77334,AVIBASE-4F97BFE1,Bleda notatus,Bleda notatus,Bleda notatus,NULL,field study,Field1,1_NA_1262,1_NA,Equatorial Guinea,NULL,Oyala,unknown,Adult,87,NULL,NULL,NULL,NULL,NULL,NULL,NULL,NULL,NULL,76,NULL,NULL,NULL,LLP,NULL,NULL
Bleda notatus_168,77391,AVIBASE-4F97BFE1,Bleda notatus,Bleda notatus,Bleda notatus,NULL,field study,Field1,1_NA_1319,1_NA,Equatorial Guinea,NULL,Altos de Nsork National Park,unknown,Adult,85,NULL,NULL,NULL,NULL,NULL,NULL,NULL,NULL,NULL,77,NULL,NULL,NULL,LLP,NULL,NULL
Bleda notatus_169,77202,AVIBASE-4F97BFE1,Bleda notatus,Bleda notatus,Bleda notatus,NULL,field study,Field1,1_NA_1130,1_NA,Equatorial Guinea,NULL,Oyala,unknown,Adult,88,NULL,NULL,NULL,NULL,NULL,NULL,NULL,NULL,NULL,77,NULL,NULL,NULL,LLP,NULL,NULL
Bleda notatus_17,77367,AVIBASE-4F97BFE1,Bleda notatus,Bleda notatus,Bleda notatus,NULL,field study,Field1,1_NA_1295,1_NA,Equatorial Guinea,NULL,Oyala,unknown,Adult,85,NULL,NULL,NULL,NULL,NULL,NULL,NULL,NULL,NULL,78,NULL,NULL,NULL,AKW,NULL,NULL
Bleda notatus_170,77378,AVIBASE-4F97BFE1,Bleda notatus,Bleda notatus,Bleda notatus,NULL,field study,Field1,1_NA_1306,1_NA,Equatorial Guinea,NULL,Oyala,unknown,Adult,89,NULL,NULL,NULL,NULL,NULL,NULL,NULL,NULL,NULL,80,NULL,NULL,NULL,LLP,NULL,NULL
Bleda notatus_171,77267,AVIBASE-4F97BFE1,Bleda notatus,Bleda notatus,Bleda notatus,NULL,field study,Field1,1_NA_1195,1_NA,Equatorial Guinea,NULL,Oyala,unknown,Adult,88,NULL,NULL,NULL,NULL,NULL,NULL,NULL,NULL,NULL,83,NULL,NULL,NULL,LLP,NULL,NULL
Bleda notatus_172,77221,AVIBASE-4F97BFE1,Bleda notatus,Bleda notatus,Bleda notatus,NULL,field study,Field1,1_NA_1149,1_NA,Equatorial Guinea,NULL,Oyala,unknown,Adult,98,NULL,NULL,NULL,NULL,NULL,NULL,NULL,NULL,NULL,87,NULL,NULL,NULL,LLP,NULL,NULL
Bleda notatus_173,77393,AVIBASE-4F97BFE1,Bleda notatus,Bleda notatus,Bleda notatus,NULL,field study,Field1,1_NA_1321,1_NA,Equatorial Guinea,NULL,Altos de Nsork National Park,unknown,Adult,94,NULL,NULL,NULL,NULL,NULL,NULL,NULL,NULL,NULL,88,NULL,NULL,NULL,LLP,NULL,NULL
Bleda notatus_174,77215,AVIBASE-4F97BFE1,Bleda notatus,Bleda notatus,Bleda notatus,NULL,field study,Field1,1_NA_1143,1_NA,Equatorial Guinea,NULL,Oyala,unknown,Adult,98,NULL,NULL,NULL,NULL,NULL,NULL,NULL,NULL,NULL,88,NULL,NULL,NULL,LLP,NULL,NULL
Bleda notatus_175,77397,AVIBASE-4F97BFE1,Bleda notatus,Bleda notatus,Bleda notatus,NULL,field study,Field1,1_NA_1325,1_NA,Equatorial Guinea,NULL,Altos de Nsork National Park,unknown,Adult,98,NULL,NULL,NULL,NULL,NULL,NULL,NULL,NULL,NULL,89,NULL,NULL,NULL,LLP,NULL,NULL
Bleda notatus_176,77376,AVIBASE-4F97BFE1,Bleda notatus,Bleda notatus,Bleda notatus,NULL,field study,Field1,1_NA_1304,1_NA,Equatorial Guinea,NULL,Oyala,unknown,Adult,95,NULL,NULL,NULL,NULL,NULL,NULL,NULL,NULL,NULL,90,NULL,NULL,NULL,LLP,NULL,NULL
Bleda notatus_177,77409,AVIBASE-4F97BFE1,Bleda notatus,Bleda notatus,Bleda notatus,NULL,field study,Field1,1_NA_1337,1_NA,Equatorial Guinea,NULL,Altos de Nsork National Park,unknown,Adult,97,NULL,NULL,NULL,NULL,NULL,NULL,NULL,NULL,NULL,92,NULL,NULL,NULL,LLP,NULL,NULL
Bleda notatus_178,77291,AVIBASE-4F97BFE1,Bleda notatus,Bleda notatus,Bleda notatus,NULL,field study,Field1,1_NA_1219,1_NA,Equatorial Guinea,NULL,Oyala,unknown,Adult,98,NULL,NULL,NULL,NULL,NULL,NULL,NULL,NULL,NULL,NULL,NULL,NULL,NULL,LLP,NULL,NULL
Bleda notatus_179,77232,AVIBASE-4F97BFE1,Bleda notatus,Bleda notatus,Bleda notatus,NULL,field study,Field1,1_NA_1160,1_NA,Equatorial Guinea,NULL,Oyala,unknown,Adult,87,NULL,NULL,NULL,NULL,NULL,NULL,NULL,NULL,NULL,77,NULL,NULL,NULL,MAF,NULL,NULL
Bleda notatus_18,77268,AVIBASE-4F97BFE1,Bleda notatus,Bleda notatus,Bleda notatus,NULL,field study,Field1,1_NA_1196,1_NA,Equatorial Guinea,NULL,Oyala,unknown,Adult,90,NULL,NULL,NULL,NULL,NULL,NULL,NULL,NULL,NULL,79,NULL,NULL,NULL,AKW,NULL,NULL
Bleda notatus_180,77282,AVIBASE-4F97BFE1,Bleda notatus,Bleda notatus,Bleda notatus,NULL,field study,Field1,1_NA_1210,1_NA,Equatorial Guinea,NULL,Oyala,unknown,Adult,87,NULL,NULL,NULL,NULL,NULL,NULL,NULL,NULL,NULL,78,NULL,NULL,NULL,MEB,NULL,NULL
Bleda notatus_181,77311,AVIBASE-4F97BFE1,Bleda notatus,Bleda notatus,Bleda notatus,NULL,field study,Field1,1_NA_1239,1_NA,Equatorial Guinea,NULL,Oyala,unknown,Adult,91,NULL,NULL,NULL,NULL,NULL,NULL,NULL,NULL,NULL,83,NULL,NULL,NULL,MEB,NULL,NULL
Bleda notatus_182,77406,AVIBASE-4F97BFE1,Bleda notatus,Bleda notatus,Bleda notatus,NULL,field study,Field1,1_NA_1334,1_NA,Equatorial Guinea,NULL,Altos de Nsork National Park,unknown,Adult,87,NULL,NULL,NULL,NULL,NULL,NULL,NULL,NULL,NULL,81,NULL,NULL,NULL,PFR,NULL,NULL
Bleda notatus_183,77338,AVIBASE-4F97BFE1,Bleda notatus,Bleda notatus,Bleda notatus,NULL,field study,Field1,1_NA_1266,1_NA,Equatorial Guinea,NULL,Oyala,unknown,Adult,86,NULL,NULL,NULL,NULL,NULL,NULL,NULL,NULL,NULL,83,NULL,NULL,NULL,PFR,NULL,NULL
Bleda notatus_184,77325,AVIBASE-4F97BFE1,Bleda notatus,Bleda notatus,Bleda notatus,NULL,field study,Field1,1_NA_1253,1_NA,Equatorial Guinea,NULL,Oyala,unknown,Adult,93,NULL,NULL,NULL,NULL,NULL,NULL,NULL,NULL,NULL,83,NULL,NULL,NULL,PFR,NULL,NULL
Bleda notatus_185,77290,AVIBASE-4F97BFE1,Bleda notatus,Bleda notatus,Bleda notatus,NULL,field study,Field1,1_NA_1218,1_NA,Equatorial Guinea,NULL,Oyala,unknown,Adult,90,NULL,NULL,NULL,NULL,NULL,NULL,NULL,NULL,NULL,85,NULL,NULL,NULL,PFR,NULL,NULL
Bleda notatus_186,77351,AVIBASE-4F97BFE1,Bleda notatus,Bleda notatus,Bleda notatus,NULL,field study,Field1,1_NA_1279,1_NA,Equatorial Guinea,NULL,Oyala,unknown,Adult,95,NULL,NULL,NULL,NULL,NULL,NULL,NULL,NULL,NULL,89,NULL,NULL,NULL,PFR,NULL,NULL
Bleda notatus_187,77355,AVIBASE-4F97BFE1,Bleda notatus,Bleda notatus,Bleda notatus,NULL,field study,Field1,1_NA_1283,1_NA,Equatorial Guinea,NULL,Oyala,unknown,Adult,92,NULL,NULL,NULL,NULL,NULL,NULL,NULL,NULL,NULL,NULL,NULL,NULL,NULL,PFR,NULL,NULL
Bleda notatus_188,77301,AVIBASE-4F97BFE1,Bleda notatus,Bleda notatus,Bleda notatus,NULL,field study,Field1,1_NA_1229,1_NA,Equatorial Guinea,NULL,Oyala,unknown,Adult,83,NULL,NULL,NULL,NULL,NULL,NULL,NULL,NULL,NULL,NULL,NULL,NULL,NULL,SAL,NULL,NULL
Bleda notatus_189,77343,AVIBASE-4F97BFE1,Bleda notatus,Bleda notatus,Bleda notatus,NULL,field study,Field1,1_NA_1271,1_NA,Equatorial Guinea,NULL,Oyala,unknown,Adult,81,NULL,NULL,NULL,NULL,NULL,NULL,NULL,NULL,NULL,62,NULL,NULL,NULL,SAL,NULL,NULL
Bleda notatus_19,77242,AVIBASE-4F97BFE1,Bleda notatus,Bleda notatus,Bleda notatus,NULL,field study,Field1,1_NA_1170,1_NA,Equatorial Guinea,NULL,Oyala,unknown,Adult,85,NULL,NULL,NULL,NULL,NULL,NULL,NULL,NULL,NULL,80,NULL,NULL,NULL,AKW,NULL,NULL
Bleda notatus_190,77319,AVIBASE-4F97BFE1,Bleda notatus,Bleda notatus,Bleda notatus,NULL,field study,Field1,1_NA_1247,1_NA,Equatorial Guinea,NULL,Oyala,unknown,Adult,95,NULL,NULL,NULL,NULL,NULL,NULL,NULL,NULL,NULL,73,NULL,NULL,NULL,SAL,NULL,NULL
Bleda notatus_191,77243,AVIBASE-4F97BFE1,Bleda notatus,Bleda notatus,Bleda notatus,NULL,field study,Field1,1_NA_1171,1_NA,Equatorial Guinea,NULL,Oyala,unknown,Adult,83,NULL,NULL,NULL,NULL,NULL,NULL,NULL,NULL,NULL,76,NULL,NULL,NULL,SAL,NULL,NULL
Bleda notatus_192,77292,AVIBASE-4F97BFE1,Bleda notatus,Bleda notatus,Bleda notatus,NULL,field study,Field1,1_NA_1220,1_NA,Equatorial Guinea,NULL,Oyala,unknown,Adult,93,NULL,NULL,NULL,NULL,NULL,NULL,NULL,NULL,NULL,76,NULL,NULL,NULL,SAL,NULL,NULL
Bleda notatus_193,77208,AVIBASE-4F97BFE1,Bleda notatus,Bleda notatus,Bleda notatus,NULL,field study,Field1,1_NA_1136,1_NA,Equatorial Guinea,NULL,Oyala,unknown,Adult,89,NULL,NULL,NULL,NULL,NULL,NULL,NULL,NULL,NULL,83,NULL,NULL,NULL,SAL,NULL,NULL
Bleda notatus_194,77233,AVIBASE-4F97BFE1,Bleda notatus,Bleda notatus,Bleda notatus,NULL,field study,Field1,1_NA_1161,1_NA,Equatorial Guinea,NULL,Oyala,unknown,Adult,95,NULL,NULL,NULL,NULL,NULL,NULL,NULL,NULL,NULL,83,NULL,NULL,NULL,SAL,NULL,NULL
Bleda notatus_195,77286,AVIBASE-4F97BFE1,Bleda notatus,Bleda notatus,Bleda notatus,NULL,field study,Field1,1_NA_1214,1_NA,Equatorial Guinea,NULL,Oyala,unknown,Adult,92,NULL,NULL,NULL,NULL,NULL,NULL,NULL,NULL,NULL,84,NULL,NULL,NULL,SAL,NULL,NULL
Bleda notatus_196,77327,AVIBASE-4F97BFE1,Bleda notatus,Bleda notatus,Bleda notatus,NULL,field study,Field1,1_NA_1255,1_NA,Equatorial Guinea,NULL,Oyala,unknown,Adult,93,NULL,NULL,NULL,NULL,NULL,NULL,NULL,NULL,NULL,84,NULL,NULL,NULL,SAL,NULL,NULL
Bleda notatus_197,77209,AVIBASE-4F97BFE1,Bleda notatus,Bleda notatus,Bleda notatus,NULL,field study,Field1,1_NA_1137,1_NA,Equatorial Guinea,NULL,Oyala,unknown,Adult,91,NULL,NULL,NULL,NULL,NULL,NULL,NULL,NULL,NULL,85,NULL,NULL,NULL,SAL,NULL,NULL
Bleda notatus_198,77356,AVIBASE-4F97BFE1,Bleda notatus,Bleda notatus,Bleda notatus,NULL,field study,Field1,1_NA_1284,1_NA,Equatorial Guinea,NULL,Oyala,unknown,Adult,92,NULL,NULL,NULL,NULL,NULL,NULL,NULL,NULL,NULL,86,NULL,NULL,NULL,SAL,NULL,NULL
Bleda notatus_199,77264,AVIBASE-4F97BFE1,Bleda notatus,Bleda notatus,Bleda notatus,NULL,field study,Field1,1_NA_1192,1_NA,Equatorial Guinea,NULL,Bioko Island (Caldera de Luba),unknown,Adult,97,NULL,NULL,NULL,NULL,NULL,NULL,NULL,NULL,NULL,87,NULL,NULL,NULL,SAL,NULL,NULL
Bleda notatus_20,77395,AVIBASE-4F97BFE1,Bleda notatus,Bleda notatus,Bleda notatus,NULL,field study,Field1,1_NA_1323,1_NA,Equatorial Guinea,NULL,Altos de Nsork National Park,unknown,Adult,89,NULL,NULL,NULL,NULL,NULL,NULL,NULL,NULL,NULL,80,NULL,NULL,NULL,AKW,NULL,NULL
Bleda notatus_200,77240,AVIBASE-4F97BFE1,Bleda notatus,Bleda notatus,Bleda notatus,NULL,field study,Field1,1_NA_1168,1_NA,Equatorial Guinea,NULL,Oyala,unknown,Adult,96,NULL,NULL,NULL,NULL,NULL,NULL,NULL,NULL,NULL,88,NULL,NULL,NULL,SAL,NULL,NULL
Bleda notatus_201,77390,AVIBASE-4F97BFE1,Bleda notatus,Bleda notatus,Bleda notatus,NULL,field study,Field1,1_NA_1318,1_NA,Equatorial Guinea,NULL,Altos de Nsork National Park,unknown,Adult,95,NULL,NULL,NULL,NULL,NULL,NULL,NULL,NULL,NULL,88,NULL,NULL,NULL,SAL,NULL,NULL
Bleda notatus_202,77383,AVIBASE-4F97BFE1,Bleda notatus,Bleda notatus,Bleda notatus,NULL,field study,Field1,1_NA_1311,1_NA,Equatorial Guinea,NULL,Oyala,unknown,Adult,96,NULL,NULL,NULL,NULL,NULL,NULL,NULL,NULL,NULL,89,NULL,NULL,NULL,SAL,NULL,NULL
Bleda notatus_203,77320,AVIBASE-4F97BFE1,Bleda notatus,Bleda notatus,Bleda notatus,NULL,field study,Field1,1_NA_1248,1_NA,Equatorial Guinea,NULL,Oyala,unknown,Adult,95,NULL,NULL,NULL,NULL,NULL,NULL,NULL,NULL,NULL,91,NULL,NULL,NULL,SAL,NULL,NULL
Bleda notatus_204,77246,AVIBASE-4F97BFE1,Bleda notatus,Bleda notatus,Bleda notatus,NULL,field study,Field1,1_NA_1174,1_NA,Equatorial Guinea,NULL,Oyala,unknown,Adult,90,NULL,NULL,NULL,NULL,NULL,NULL,NULL,NULL,NULL,NULL,NULL,NULL,NULL,SAL,NULL,NULL
Bleda notatus_205,77348,AVIBASE-4F97BFE1,Bleda notatus,Bleda notatus,Bleda notatus,NULL,field study,Field1,1_NA_1276,1_NA,Equatorial Guinea,NULL,Oyala,unknown,Adult,92,NULL,NULL,NULL,NULL,NULL,NULL,NULL,NULL,NULL,88,NULL,NULL,NULL,LLP,NULL,NULL
Bleda notatus_206,77269,AVIBASE-4F97BFE1,Bleda notatus,Bleda notatus,Bleda notatus,NULL,field study,Field1,1_NA_1197,1_NA,Equatorial Guinea,NULL,Oyala,unknown,Adult,89,NULL,NULL,NULL,NULL,NULL,NULL,NULL,NULL,NULL,NULL,NULL,NULL,NULL,SEM,NULL,NULL
Bleda notatus_207,77305,AVIBASE-4F97BFE1,Bleda notatus,Bleda notatus,Bleda notatus,NULL,field study,Field1,1_NA_1233,1_NA,Equatorial Guinea,NULL,Oyala,unknown,Adult,85,NULL,NULL,NULL,NULL,NULL,NULL,NULL,NULL,NULL,65,NULL,NULL,NULL,SEM,NULL,NULL
Bleda notatus_208,77235,AVIBASE-4F97BFE1,Bleda notatus,Bleda notatus,Bleda notatus,NULL,field study,Field1,1_NA_1163,1_NA,Equatorial Guinea,NULL,Oyala,unknown,Adult,90,NULL,NULL,NULL,NULL,NULL,NULL,NULL,NULL,NULL,74,NULL,NULL,NULL,SEM,NULL,NULL
Bleda notatus_209,77211,AVIBASE-4F97BFE1,Bleda notatus,Bleda notatus,Bleda notatus,NULL,field study,Field1,1_NA_1139,1_NA,Equatorial Guinea,NULL,Oyala,unknown,Adult,87,NULL,NULL,NULL,NULL,NULL,NULL,NULL,NULL,NULL,79,NULL,NULL,NULL,SEM,NULL,NULL
Bleda notatus_21,77224,AVIBASE-4F97BFE1,Bleda notatus,Bleda notatus,Bleda notatus,NULL,field study,Field1,1_NA_1152,1_NA,Equatorial Guinea,NULL,Oyala,unknown,Adult,88,NULL,NULL,NULL,NULL,NULL,NULL,NULL,NULL,NULL,80,NULL,NULL,NULL,AKW,NULL,NULL
Bleda notatus_210,77331,AVIBASE-4F97BFE1,Bleda notatus,Bleda notatus,Bleda notatus,NULL,field study,Field1,1_NA_1259,1_NA,Equatorial Guinea,NULL,Oyala,unknown,Adult,86,NULL,NULL,NULL,NULL,NULL,NULL,NULL,NULL,NULL,80,NULL,NULL,NULL,SEM,NULL,NULL
Bleda notatus_211,77308,AVIBASE-4F97BFE1,Bleda notatus,Bleda notatus,Bleda notatus,NULL,field study,Field1,1_NA_1236,1_NA,Equatorial Guinea,NULL,Oyala,unknown,Adult,NULL,NULL,NULL,NULL,NULL,NULL,NULL,NULL,NULL,NULL,83,NULL,NULL,NULL,SEM,NULL,NULL
Bleda notatus_212,77273,AVIBASE-4F97BFE1,Bleda notatus,Bleda notatus,Bleda notatus,NULL,field study,Field1,1_NA_1201,1_NA,Equatorial Guinea,NULL,Oyala,unknown,Adult,87,NULL,NULL,NULL,NULL,NULL,NULL,NULL,NULL,NULL,83,NULL,NULL,NULL,SEM,NULL,NULL
Bleda notatus_213,77394,AVIBASE-4F97BFE1,Bleda notatus,Bleda notatus,Bleda notatus,NULL,field study,Field1,1_NA_1322,1_NA,Equatorial Guinea,NULL,Altos de Nsork National Park,unknown,Adult,94,NULL,NULL,NULL,NULL,NULL,NULL,NULL,NULL,NULL,86,NULL,NULL,NULL,SEM,NULL,NULL
Bleda notatus_214,77206,AVIBASE-4F97BFE1,Bleda notatus,Bleda notatus,Bleda notatus,NULL,field study,Field1,1_NA_1134,1_NA,Equatorial Guinea,NULL,Oyala,unknown,Adult,95,NULL,NULL,NULL,NULL,NULL,NULL,NULL,NULL,NULL,86,NULL,NULL,NULL,SEM,NULL,NULL
Bleda notatus_215,77259,AVIBASE-4F97BFE1,Bleda notatus,Bleda notatus,Bleda notatus,NULL,field study,Field1,1_NA_1187,1_NA,Equatorial Guinea,NULL,Oyala,unknown,Adult,96,NULL,NULL,NULL,NULL,NULL,NULL,NULL,NULL,NULL,89,NULL,NULL,NULL,SEM,NULL,NULL
Bleda notatus_216,77344,AVIBASE-4F97BFE1,Bleda notatus,Bleda notatus,Bleda notatus,NULL,field study,Field1,1_NA_1272,1_NA,Equatorial Guinea,NULL,Oyala,unknown,Adult,85,NULL,NULL,NULL,NULL,NULL,NULL,NULL,NULL,NULL,NULL,NULL,NULL,NULL,SEM,NULL,NULL
Bleda notatus_217,77333,AVIBASE-4F97BFE1,Bleda notatus,Bleda notatus,Bleda notatus,NULL,field study,Field1,1_NA_1261,1_NA,Equatorial Guinea,NULL,Oyala,unknown,Adult,95,NULL,NULL,NULL,NULL,NULL,NULL,NULL,NULL,NULL,NULL,NULL,NULL,NULL,SEM,NULL,NULL
Bleda notatus_218,77218,AVIBASE-4F97BFE1,Bleda notatus,Bleda notatus,Bleda notatus,NULL,field study,Field1,1_NA_1146,1_NA,Equatorial Guinea,NULL,Oyala,unknown,Adult,84,NULL,NULL,NULL,NULL,NULL,NULL,NULL,NULL,NULL,75,NULL,NULL,NULL,SEM,NULL,NULL
Bleda notatus_219,77370,AVIBASE-4F97BFE1,Bleda notatus,Bleda notatus,Bleda notatus,NULL,field study,Field1,1_NA_1298,1_NA,Equatorial Guinea,NULL,Oyala,unknown,Adult,95,NULL,NULL,NULL,NULL,NULL,NULL,NULL,NULL,NULL,68,NULL,NULL,NULL,LLP,NULL,NULL
Bleda notatus_22,77299,AVIBASE-4F97BFE1,Bleda notatus,Bleda notatus,Bleda notatus,NULL,field study,Field1,1_NA_1227,1_NA,Equatorial Guinea,NULL,Oyala,unknown,Adult,91,NULL,NULL,NULL,NULL,NULL,NULL,NULL,NULL,NULL,82,NULL,NULL,NULL,AKW,NULL,NULL
Bleda notatus_220,77389,AVIBASE-4F97BFE1,Bleda notatus,Bleda notatus,Bleda notatus,NULL,field study,Field1,1_NA_1317,1_NA,Equatorial Guinea,NULL,Altos de Nsork National Park,unknown,Adult,89,NULL,NULL,NULL,NULL,NULL,NULL,NULL,NULL,NULL,87,NULL,NULL,NULL,LLP,NULL,NULL
Bleda notatus_23,77210,AVIBASE-4F97BFE1,Bleda notatus,Bleda notatus,Bleda notatus,NULL,field study,Field1,1_NA_1138,1_NA,Equatorial Guinea,NULL,Oyala,unknown,Adult,92,NULL,NULL,NULL,NULL,NULL,NULL,NULL,NULL,NULL,82,NULL,NULL,NULL,AKW,NULL,NULL
Bleda notatus_24,77277,AVIBASE-4F97BFE1,Bleda notatus,Bleda notatus,Bleda notatus,NULL,field study,Field1,1_NA_1205,1_NA,Equatorial Guinea,NULL,Oyala,unknown,Adult,90,NULL,NULL,NULL,NULL,NULL,NULL,NULL,NULL,NULL,82,NULL,NULL,NULL,AKW,NULL,NULL
Bleda notatus_25,77353,AVIBASE-4F97BFE1,Bleda notatus,Bleda notatus,Bleda notatus,NULL,field study,Field1,1_NA_1281,1_NA,Equatorial Guinea,NULL,Oyala,unknown,Adult,90,NULL,NULL,NULL,NULL,NULL,NULL,NULL,NULL,NULL,82,NULL,NULL,NULL,AKW,NULL,NULL
Bleda notatus_26,77312,AVIBASE-4F97BFE1,Bleda notatus,Bleda notatus,Bleda notatus,NULL,field study,Field1,1_NA_1240,1_NA,Equatorial Guinea,NULL,Oyala,unknown,Adult,86,NULL,NULL,NULL,NULL,NULL,NULL,NULL,NULL,NULL,83,NULL,NULL,NULL,AKW,NULL,NULL
Bleda notatus_27,77401,AVIBASE-4F97BFE1,Bleda notatus,Bleda notatus,Bleda notatus,NULL,field study,Field1,1_NA_1329,1_NA,Equatorial Guinea,NULL,Altos de Nsork National Park,unknown,Adult,81,NULL,NULL,NULL,NULL,NULL,NULL,NULL,NULL,NULL,83,NULL,NULL,NULL,AKW,NULL,NULL
Bleda notatus_28,77254,AVIBASE-4F97BFE1,Bleda notatus,Bleda notatus,Bleda notatus,NULL,field study,Field1,1_NA_1182,1_NA,Equatorial Guinea,NULL,Oyala,unknown,Adult,88,NULL,NULL,NULL,NULL,NULL,NULL,NULL,NULL,NULL,83,NULL,NULL,NULL,AKW,NULL,NULL
Bleda notatus_29,77217,AVIBASE-4F97BFE1,Bleda notatus,Bleda notatus,Bleda notatus,NULL,field study,Field1,1_NA_1145,1_NA,Equatorial Guinea,NULL,Oyala,unknown,Adult,91,NULL,NULL,NULL,NULL,NULL,NULL,NULL,NULL,NULL,84,NULL,NULL,NULL,AKW,NULL,NULL
Bleda notatus_30,77359,AVIBASE-4F97BFE1,Bleda notatus,Bleda notatus,Bleda notatus,NULL,field study,Field1,1_NA_1287,1_NA,Equatorial Guinea,NULL,Oyala,unknown,Adult,91,NULL,NULL,NULL,NULL,NULL,NULL,NULL,NULL,NULL,84,NULL,NULL,NULL,AKW,NULL,NULL
Bleda notatus_31,77262,AVIBASE-4F97BFE1,Bleda notatus,Bleda notatus,Bleda notatus,NULL,field study,Field1,1_NA_1190,1_NA,Equatorial Guinea,NULL,Oyala,unknown,Adult,93,NULL,NULL,NULL,NULL,NULL,NULL,NULL,NULL,NULL,84,NULL,NULL,NULL,AKW,NULL,NULL
Bleda notatus_32,77274,AVIBASE-4F97BFE1,Bleda notatus,Bleda notatus,Bleda notatus,NULL,field study,Field1,1_NA_1202,1_NA,Equatorial Guinea,NULL,Oyala,unknown,Adult,93,NULL,NULL,NULL,NULL,NULL,NULL,NULL,NULL,NULL,84,NULL,NULL,NULL,AKW,NULL,NULL
Bleda notatus_33,77382,AVIBASE-4F97BFE1,Bleda notatus,Bleda notatus,Bleda notatus,NULL,field study,Field1,1_NA_1310,1_NA,Equatorial Guinea,NULL,Oyala,unknown,Adult,95,NULL,NULL,NULL,NULL,NULL,NULL,NULL,NULL,NULL,85,NULL,NULL,NULL,AKW,NULL,NULL
Bleda notatus_34,77341,AVIBASE-4F97BFE1,Bleda notatus,Bleda notatus,Bleda notatus,NULL,field study,Field1,1_NA_1269,1_NA,Equatorial Guinea,NULL,Oyala,unknown,Adult,90,NULL,NULL,NULL,NULL,NULL,NULL,NULL,NULL,NULL,86,NULL,NULL,NULL,AKW,NULL,NULL
Bleda notatus_35,77260,AVIBASE-4F97BFE1,Bleda notatus,Bleda notatus,Bleda notatus,NULL,field study,Field1,1_NA_1188,1_NA,Equatorial Guinea,NULL,Oyala,unknown,Adult,94,NULL,NULL,NULL,NULL,NULL,NULL,NULL,NULL,NULL,88,NULL,NULL,NULL,AKW,NULL,NULL
Bleda notatus_36,77400,AVIBASE-4F97BFE1,Bleda notatus,Bleda notatus,Bleda notatus,NULL,field study,Field1,1_NA_1328,1_NA,Equatorial Guinea,NULL,Altos de Nsork National Park,unknown,Adult,98,NULL,NULL,NULL,NULL,NULL,NULL,NULL,NULL,NULL,88,NULL,NULL,NULL,AKW,NULL,NULL
Bleda notatus_37,77222,AVIBASE-4F97BFE1,Bleda notatus,Bleda notatus,Bleda notatus,NULL,field study,Field1,1_NA_1150,1_NA,Equatorial Guinea,NULL,Oyala,unknown,Adult,95,NULL,NULL,NULL,NULL,NULL,NULL,NULL,NULL,NULL,91,NULL,NULL,NULL,AKW,NULL,NULL
Bleda notatus_38,77361,AVIBASE-4F97BFE1,Bleda notatus,Bleda notatus,Bleda notatus,NULL,field study,Field1,1_NA_1289,1_NA,Equatorial Guinea,NULL,Oyala,unknown,Adult,104,NULL,NULL,NULL,NULL,NULL,NULL,NULL,NULL,NULL,92,NULL,NULL,NULL,AKW,NULL,NULL
Bleda notatus_40,77364,AVIBASE-4F97BFE1,Bleda notatus,Bleda notatus,Bleda notatus,NULL,field study,Field1,1_NA_1292,1_NA,Equatorial Guinea,NULL,Oyala,unknown,Adult,86,NULL,NULL,NULL,NULL,NULL,NULL,NULL,NULL,NULL,NULL,NULL,NULL,NULL,AKW,NULL,NULL
Bleda notatus_41,77326,AVIBASE-4F97BFE1,Bleda notatus,Bleda notatus,Bleda notatus,NULL,field study,Field1,1_NA_1254,1_NA,Equatorial Guinea,NULL,Oyala,unknown,Adult,89,NULL,NULL,NULL,NULL,NULL,NULL,NULL,NULL,NULL,NULL,NULL,NULL,NULL,AKW,NULL,NULL
Bleda notatus_42,77223,AVIBASE-4F97BFE1,Bleda notatus,Bleda notatus,Bleda notatus,NULL,field study,Field1,1_NA_1151,1_NA,Equatorial Guinea,NULL,Oyala,unknown,Adult,89,NULL,NULL,NULL,NULL,NULL,NULL,NULL,NULL,NULL,81,NULL,NULL,NULL,AKW,NULL,NULL
Bleda notatus_43,77386,AVIBASE-4F97BFE1,Bleda notatus,Bleda notatus,Bleda notatus,NULL,field study,Field1,1_NA_1314,1_NA,Equatorial Guinea,NULL,Altos de Nsork National Park,unknown,Adult,87,NULL,NULL,NULL,NULL,NULL,NULL,NULL,NULL,NULL,72,NULL,NULL,NULL,BAK,NULL,NULL
Bleda notatus_44,77398,AVIBASE-4F97BFE1,Bleda notatus,Bleda notatus,Bleda notatus,NULL,field study,Field1,1_NA_1326,1_NA,Equatorial Guinea,NULL,Altos de Nsork National Park,unknown,Adult,86,NULL,NULL,NULL,NULL,NULL,NULL,NULL,NULL,NULL,72,NULL,NULL,NULL,BAK,NULL,NULL
Bleda notatus_45,77372,AVIBASE-4F97BFE1,Bleda notatus,Bleda notatus,Bleda notatus,NULL,field study,Field1,1_NA_1300,1_NA,Equatorial Guinea,NULL,Oyala,unknown,Adult,91,NULL,NULL,NULL,NULL,NULL,NULL,NULL,NULL,NULL,76,NULL,NULL,NULL,BAK,NULL,NULL
Bleda notatus_46,77328,AVIBASE-4F97BFE1,Bleda notatus,Bleda notatus,Bleda notatus,NULL,field study,Field1,1_NA_1256,1_NA,Equatorial Guinea,NULL,Oyala,unknown,Adult,87,NULL,NULL,NULL,NULL,NULL,NULL,NULL,NULL,NULL,76,NULL,NULL,NULL,BAK,NULL,NULL
Bleda notatus_47,77330,AVIBASE-4F97BFE1,Bleda notatus,Bleda notatus,Bleda notatus,NULL,field study,Field1,1_NA_1258,1_NA,Equatorial Guinea,NULL,Oyala,unknown,Adult,87,NULL,NULL,NULL,NULL,NULL,NULL,NULL,NULL,NULL,80,NULL,NULL,NULL,BAK,NULL,NULL
Bleda notatus_48,77204,AVIBASE-4F97BFE1,Bleda notatus,Bleda notatus,Bleda notatus,NULL,field study,Field1,1_NA_1132,1_NA,Equatorial Guinea,NULL,Oyala,unknown,Adult,91,NULL,NULL,NULL,NULL,NULL,NULL,NULL,NULL,NULL,81,NULL,NULL,NULL,BAK,NULL,NULL
Bleda notatus_49,77255,AVIBASE-4F97BFE1,Bleda notatus,Bleda notatus,Bleda notatus,NULL,field study,Field1,1_NA_1183,1_NA,Equatorial Guinea,NULL,Oyala,unknown,Adult,86,NULL,NULL,NULL,NULL,NULL,NULL,NULL,NULL,NULL,82,NULL,NULL,NULL,BAK,NULL,NULL
Bleda notatus_50,77297,AVIBASE-4F97BFE1,Bleda notatus,Bleda notatus,Bleda notatus,NULL,field study,Field1,1_NA_1225,1_NA,Equatorial Guinea,NULL,Oyala,unknown,Adult,91,NULL,NULL,NULL,NULL,NULL,NULL,NULL,NULL,NULL,83,NULL,NULL,NULL,BAK,NULL,NULL
Bleda notatus_51,77263,AVIBASE-4F97BFE1,Bleda notatus,Bleda notatus,Bleda notatus,NULL,field study,Field1,1_NA_1191,1_NA,Equatorial Guinea,NULL,Oyala,unknown,Adult,94,NULL,NULL,NULL,NULL,NULL,NULL,NULL,NULL,NULL,85,NULL,NULL,NULL,BAK,NULL,NULL
Bleda notatus_52,77287,AVIBASE-4F97BFE1,Bleda notatus,Bleda notatus,Bleda notatus,NULL,field study,Field1,1_NA_1215,1_NA,Equatorial Guinea,NULL,Oyala,unknown,Adult,92,NULL,NULL,NULL,NULL,NULL,NULL,NULL,NULL,NULL,86,NULL,NULL,NULL,BAK,NULL,NULL
Bleda notatus_53,77374,AVIBASE-4F97BFE1,Bleda notatus,Bleda notatus,Bleda notatus,NULL,field study,Field1,1_NA_1302,1_NA,Equatorial Guinea,NULL,Oyala,unknown,Adult,92,NULL,NULL,NULL,NULL,NULL,NULL,NULL,NULL,NULL,86,NULL,NULL,NULL,BAK,NULL,NULL
Bleda notatus_54,77381,AVIBASE-4F97BFE1,Bleda notatus,Bleda notatus,Bleda notatus,NULL,field study,Field1,1_NA_1309,1_NA,Equatorial Guinea,NULL,Oyala,unknown,Adult,96,NULL,NULL,NULL,NULL,NULL,NULL,NULL,NULL,NULL,86,NULL,NULL,NULL,BAK,NULL,NULL
Bleda notatus_55,77403,AVIBASE-4F97BFE1,Bleda notatus,Bleda notatus,Bleda notatus,NULL,field study,Field1,1_NA_1331,1_NA,Equatorial Guinea,NULL,Altos de Nsork National Park,unknown,Adult,94,NULL,NULL,NULL,NULL,NULL,NULL,NULL,NULL,NULL,86,NULL,NULL,NULL,BAK,NULL,NULL
Bleda notatus_56,77300,AVIBASE-4F97BFE1,Bleda notatus,Bleda notatus,Bleda notatus,NULL,field study,Field1,1_NA_1228,1_NA,Equatorial Guinea,NULL,Oyala,unknown,Adult,96,NULL,NULL,NULL,NULL,NULL,NULL,NULL,NULL,NULL,91,NULL,NULL,NULL,BAK,NULL,NULL
Bleda notatus_57,77304,AVIBASE-4F97BFE1,Bleda notatus,Bleda notatus,Bleda notatus,NULL,field study,Field1,1_NA_1232,1_NA,Equatorial Guinea,NULL,Oyala,unknown,Adult,96,NULL,NULL,NULL,NULL,NULL,NULL,NULL,NULL,NULL,92,NULL,NULL,NULL,BAK,NULL,NULL
Bleda notatus_58,77249,AVIBASE-4F97BFE1,Bleda notatus,Bleda notatus,Bleda notatus,NULL,field study,Field1,1_NA_1177,1_NA,Equatorial Guinea,NULL,Oyala,unknown,Adult,96,NULL,NULL,NULL,NULL,NULL,NULL,NULL,NULL,NULL,NULL,NULL,NULL,NULL,BAK,NULL,NULL
Bleda notatus_59,77275,AVIBASE-4F97BFE1,Bleda notatus,Bleda notatus,Bleda notatus,NULL,field study,Field1,1_NA_1203,1_NA,Equatorial Guinea,NULL,Oyala,unknown,Adult,95,NULL,NULL,NULL,NULL,NULL,NULL,NULL,NULL,NULL,NULL,NULL,NULL,NULL,BAK,NULL,NULL
Bleda notatus_60,77384,AVIBASE-4F97BFE1,Bleda notatus,Bleda notatus,Bleda notatus,NULL,field study,Field1,1_NA_1312,1_NA,Equatorial Guinea,NULL,Oyala,unknown,Adult,95,NULL,NULL,NULL,NULL,NULL,NULL,NULL,NULL,NULL,NULL,NULL,NULL,NULL,BAK,NULL,NULL
Bleda notatus_61,77283,AVIBASE-4F97BFE1,Bleda notatus,Bleda notatus,Bleda notatus,NULL,field study,Field1,1_NA_1211,1_NA,Equatorial Guinea,NULL,Oyala,unknown,Adult,81,NULL,NULL,NULL,NULL,NULL,NULL,NULL,NULL,NULL,73,NULL,NULL,NULL,CAY,NULL,NULL
Bleda notatus_62,77284,AVIBASE-4F97BFE1,Bleda notatus,Bleda notatus,Bleda notatus,NULL,field study,Field1,1_NA_1212,1_NA,Equatorial Guinea,NULL,Oyala,unknown,Adult,81,NULL,NULL,NULL,NULL,NULL,NULL,NULL,NULL,NULL,74,NULL,NULL,NULL,CAY,NULL,NULL
Bleda notatus_63,77236,AVIBASE-4F97BFE1,Bleda notatus,Bleda notatus,Bleda notatus,NULL,field study,Field1,1_NA_1164,1_NA,Equatorial Guinea,NULL,Oyala,unknown,Adult,91,NULL,NULL,NULL,NULL,NULL,NULL,NULL,NULL,NULL,76,NULL,NULL,NULL,CAY,NULL,NULL
Bleda notatus_64,77368,AVIBASE-4F97BFE1,Bleda notatus,Bleda notatus,Bleda notatus,NULL,field study,Field1,1_NA_1296,1_NA,Equatorial Guinea,NULL,Oyala,unknown,Adult,84,NULL,NULL,NULL,NULL,NULL,NULL,NULL,NULL,NULL,78,NULL,NULL,NULL,CAY,NULL,NULL
Bleda notatus_65,77212,AVIBASE-4F97BFE1,Bleda notatus,Bleda notatus,Bleda notatus,NULL,field study,Field1,1_NA_1140,1_NA,Equatorial Guinea,NULL,Oyala,unknown,Adult,87,NULL,NULL,NULL,NULL,NULL,NULL,NULL,NULL,NULL,79,NULL,NULL,NULL,CAY,NULL,NULL
Bleda notatus_66,77238,AVIBASE-4F97BFE1,Bleda notatus,Bleda notatus,Bleda notatus,NULL,field study,Field1,1_NA_1166,1_NA,Equatorial Guinea,NULL,Oyala,unknown,Adult,90,NULL,NULL,NULL,NULL,NULL,NULL,NULL,NULL,NULL,80,NULL,NULL,NULL,CAY,NULL,NULL
Bleda notatus_67,77213,AVIBASE-4F97BFE1,Bleda notatus,Bleda notatus,Bleda notatus,NULL,field study,Field1,1_NA_1141,1_NA,Equatorial Guinea,NULL,Oyala,unknown,Adult,89,NULL,NULL,NULL,NULL,NULL,NULL,NULL,NULL,NULL,80,NULL,NULL,NULL,CAY,NULL,NULL
Bleda notatus_68,77362,AVIBASE-4F97BFE1,Bleda notatus,Bleda notatus,Bleda notatus,NULL,field study,Field1,1_NA_1290,1_NA,Equatorial Guinea,NULL,Oyala,unknown,Adult,88,NULL,NULL,NULL,NULL,NULL,NULL,NULL,NULL,NULL,80,NULL,NULL,NULL,CAY,NULL,NULL
Bleda notatus_69,77323,AVIBASE-4F97BFE1,Bleda notatus,Bleda notatus,Bleda notatus,NULL,field study,Field1,1_NA_1251,1_NA,Equatorial Guinea,NULL,Oyala,unknown,Adult,91,NULL,NULL,NULL,NULL,NULL,NULL,NULL,NULL,NULL,80,NULL,NULL,NULL,CAY,NULL,NULL
Bleda notatus_70,77313,AVIBASE-4F97BFE1,Bleda notatus,Bleda notatus,Bleda notatus,NULL,field study,Field1,1_NA_1241,1_NA,Equatorial Guinea,NULL,Oyala,unknown,Adult,86,NULL,NULL,NULL,NULL,NULL,NULL,NULL,NULL,NULL,81,NULL,NULL,NULL,CAY,NULL,NULL
Bleda notatus_71,77405,AVIBASE-4F97BFE1,Bleda notatus,Bleda notatus,Bleda notatus,NULL,field study,Field1,1_NA_1333,1_NA,Equatorial Guinea,NULL,Altos de Nsork National Park,unknown,Adult,88,NULL,NULL,NULL,NULL,NULL,NULL,NULL,NULL,NULL,81,NULL,NULL,NULL,CAY,NULL,NULL
Bleda notatus_72,77214,AVIBASE-4F97BFE1,Bleda notatus,Bleda notatus,Bleda notatus,NULL,field study,Field1,1_NA_1142,1_NA,Equatorial Guinea,NULL,Oyala,unknown,Adult,88,NULL,NULL,NULL,NULL,NULL,NULL,NULL,NULL,NULL,82,NULL,NULL,NULL,CAY,NULL,NULL
Bleda notatus_73,77329,AVIBASE-4F97BFE1,Bleda notatus,Bleda notatus,Bleda notatus,NULL,field study,Field1,1_NA_1257,1_NA,Equatorial Guinea,NULL,Oyala,unknown,Adult,86,NULL,NULL,NULL,NULL,NULL,NULL,NULL,NULL,NULL,82,NULL,NULL,NULL,CAY,NULL,NULL
Bleda notatus_74,77278,AVIBASE-4F97BFE1,Bleda notatus,Bleda notatus,Bleda notatus,NULL,field study,Field1,1_NA_1206,1_NA,Equatorial Guinea,NULL,Oyala,unknown,Adult,95,NULL,NULL,NULL,NULL,NULL,NULL,NULL,NULL,NULL,83,NULL,NULL,NULL,CAY,NULL,NULL
Bleda notatus_75,77279,AVIBASE-4F97BFE1,Bleda notatus,Bleda notatus,Bleda notatus,NULL,field study,Field1,1_NA_1207,1_NA,Equatorial Guinea,NULL,Oyala,unknown,Adult,95,NULL,NULL,NULL,NULL,NULL,NULL,NULL,NULL,NULL,84,NULL,NULL,NULL,CAY,NULL,NULL
Bleda notatus_76,77280,AVIBASE-4F97BFE1,Bleda notatus,Bleda notatus,Bleda notatus,NULL,field study,Field1,1_NA_1208,1_NA,Equatorial Guinea,NULL,Oyala,unknown,Adult,94,NULL,NULL,NULL,NULL,NULL,NULL,NULL,NULL,NULL,86,NULL,NULL,NULL,CAY,NULL,NULL
Bleda notatus_77,77342,AVIBASE-4F97BFE1,Bleda notatus,Bleda notatus,Bleda notatus,NULL,field study,Field1,1_NA_1270,1_NA,Equatorial Guinea,NULL,Oyala,unknown,Adult,90,NULL,NULL,NULL,NULL,NULL,NULL,NULL,NULL,NULL,88,NULL,NULL,NULL,CAY,NULL,NULL
Bleda notatus_78,77345,AVIBASE-4F97BFE1,Bleda notatus,Bleda notatus,Bleda notatus,NULL,field study,Field1,1_NA_1273,1_NA,Equatorial Guinea,NULL,Oyala,unknown,Adult,96,NULL,NULL,NULL,NULL,NULL,NULL,NULL,NULL,NULL,NULL,NULL,NULL,NULL,CAY,NULL,NULL
Bleda notatus_79,77315,AVIBASE-4F97BFE1,Bleda notatus,Bleda notatus,Bleda notatus,NULL,field study,Field1,1_NA_1243,1_NA,Equatorial Guinea,NULL,Oyala,unknown,Adult,87,NULL,NULL,NULL,NULL,NULL,NULL,NULL,NULL,NULL,75,NULL,NULL,NULL,CJ,NULL,NULL
Bleda notatus_80,77396,AVIBASE-4F97BFE1,Bleda notatus,Bleda notatus,Bleda notatus,NULL,field study,Field1,1_NA_1324,1_NA,Equatorial Guinea,NULL,Altos de Nsork National Park,unknown,Adult,86,NULL,NULL,NULL,NULL,NULL,NULL,NULL,NULL,NULL,77,NULL,NULL,NULL,CJ,NULL,NULL
Bleda notatus_81,77357,AVIBASE-4F97BFE1,Bleda notatus,Bleda notatus,Bleda notatus,NULL,field study,Field1,1_NA_1285,1_NA,Equatorial Guinea,NULL,Oyala,unknown,Adult,88,NULL,NULL,NULL,NULL,NULL,NULL,NULL,NULL,NULL,80,NULL,NULL,NULL,CJ,NULL,NULL
Bleda notatus_82,77371,AVIBASE-4F97BFE1,Bleda notatus,Bleda notatus,Bleda notatus,NULL,field study,Field1,1_NA_1299,1_NA,Equatorial Guinea,NULL,Oyala,unknown,Adult,84,NULL,NULL,NULL,NULL,NULL,NULL,NULL,NULL,NULL,81,NULL,NULL,NULL,CJ,NULL,NULL
Bleda notatus_83,77399,AVIBASE-4F97BFE1,Bleda notatus,Bleda notatus,Bleda notatus,NULL,field study,Field1,1_NA_1327,1_NA,Equatorial Guinea,NULL,Altos de Nsork National Park,unknown,Adult,92,NULL,NULL,NULL,NULL,NULL,NULL,NULL,NULL,NULL,82,NULL,NULL,NULL,CJ,NULL,NULL
Bleda notatus_84,77349,AVIBASE-4F97BFE1,Bleda notatus,Bleda notatus,Bleda notatus,NULL,field study,Field1,1_NA_1277,1_NA,Equatorial Guinea,NULL,Oyala,unknown,Adult,94,NULL,NULL,NULL,NULL,NULL,NULL,NULL,NULL,NULL,85,NULL,NULL,NULL,CJ,NULL,NULL
Bleda notatus_85,77408,AVIBASE-4F97BFE1,Bleda notatus,Bleda notatus,Bleda notatus,NULL,field study,Field1,1_NA_1336,1_NA,Equatorial Guinea,NULL,Altos de Nsork National Park,unknown,Adult,95,NULL,NULL,NULL,NULL,NULL,NULL,NULL,NULL,NULL,85,NULL,NULL,NULL,CJ,NULL,NULL
Bleda notatus_86,77203,AVIBASE-4F97BFE1,Bleda notatus,Bleda notatus,Bleda notatus,NULL,field study,Field1,1_NA_1131,1_NA,Equatorial Guinea,NULL,Oyala,unknown,Adult,97,NULL,NULL,NULL,NULL,NULL,NULL,NULL,NULL,NULL,87,NULL,NULL,NULL,CJ,NULL,NULL
Bleda notatus_87,77237,AVIBASE-4F97BFE1,Bleda notatus,Bleda notatus,Bleda notatus,NULL,field study,Field1,1_NA_1165,1_NA,Equatorial Guinea,NULL,Oyala,unknown,Adult,94,NULL,NULL,NULL,NULL,NULL,NULL,NULL,NULL,NULL,NULL,NULL,NULL,NULL,CJ,NULL,NULL
Bleda notatus_88,77200,AVIBASE-4F97BFE1,Bleda notatus,Bleda notatus,Bleda notatus,NULL,field study,Field1,1_NA_1128,1_NA,Equatorial Guinea,NULL,Oyala,unknown,Adult,88,NULL,NULL,NULL,NULL,NULL,NULL,NULL,NULL,NULL,77,NULL,NULL,NULL,ELK,NULL,NULL
Bleda notatus_89,77336,AVIBASE-4F97BFE1,Bleda notatus,Bleda notatus,Bleda notatus,NULL,field study,Field1,1_NA_1264,1_NA,Equatorial Guinea,NULL,Oyala,unknown,Adult,97,NULL,NULL,NULL,NULL,NULL,NULL,NULL,NULL,NULL,86,NULL,NULL,NULL,ELK,NULL,NULL
Bleda notatus_90,77354,AVIBASE-4F97BFE1,Bleda notatus,Bleda notatus,Bleda notatus,NULL,field study,Field1,1_NA_1282,1_NA,Equatorial Guinea,NULL,Oyala,unknown,Adult,90,NULL,NULL,NULL,NULL,NULL,NULL,NULL,NULL,NULL,70,NULL,NULL,NULL,EMB,NULL,NULL
Bleda notatus_91,77340,AVIBASE-4F97BFE1,Bleda notatus,Bleda notatus,Bleda notatus,NULL,field study,Field1,1_NA_1268,1_NA,Equatorial Guinea,NULL,Oyala,unknown,Adult,NULL,NULL,NULL,NULL,NULL,NULL,NULL,NULL,NULL,NULL,75,NULL,NULL,NULL,EMB,NULL,NULL
Bleda notatus_92,77365,AVIBASE-4F97BFE1,Bleda notatus,Bleda notatus,Bleda notatus,NULL,field study,Field1,1_NA_1293,1_NA,Equatorial Guinea,NULL,Oyala,unknown,Adult,82,NULL,NULL,NULL,NULL,NULL,NULL,NULL,NULL,NULL,76,NULL,NULL,NULL,EMB,NULL,NULL
Bleda notatus_93,77377,AVIBASE-4F97BFE1,Bleda notatus,Bleda notatus,Bleda notatus,NULL,field study,Field1,1_NA_1305,1_NA,Equatorial Guinea,NULL,Oyala,unknown,Adult,87,NULL,NULL,NULL,NULL,NULL,NULL,NULL,NULL,NULL,77,NULL,NULL,NULL,EMB,NULL,NULL
Bleda notatus_94,77324,AVIBASE-4F97BFE1,Bleda notatus,Bleda notatus,Bleda notatus,NULL,field study,Field1,1_NA_1252,1_NA,Equatorial Guinea,NULL,Oyala,unknown,Adult,87,NULL,NULL,NULL,NULL,NULL,NULL,NULL,NULL,NULL,78,NULL,NULL,NULL,EMB,NULL,NULL
Bleda notatus_95,77366,AVIBASE-4F97BFE1,Bleda notatus,Bleda notatus,Bleda notatus,NULL,field study,Field1,1_NA_1294,1_NA,Equatorial Guinea,NULL,Oyala,unknown,Adult,87,NULL,NULL,NULL,NULL,NULL,NULL,NULL,NULL,NULL,78,NULL,NULL,NULL,EMB,NULL,NULL
Bleda notatus_96,77229,AVIBASE-4F97BFE1,Bleda notatus,Bleda notatus,Bleda notatus,NULL,field study,Field1,1_NA_1157,1_NA,Equatorial Guinea,NULL,Oyala,unknown,Adult,86,NULL,NULL,NULL,NULL,NULL,NULL,NULL,NULL,NULL,79,NULL,NULL,NULL,EMB,NULL,NULL
Bleda notatus_97,77404,AVIBASE-4F97BFE1,Bleda notatus,Bleda notatus,Bleda notatus,NULL,field study,Field1,1_NA_1332,1_NA,Equatorial Guinea,NULL,Altos de Nsork National Park,unknown,Adult,86,NULL,NULL,NULL,NULL,NULL,NULL,NULL,NULL,NULL,80,NULL,NULL,NULL,EMB,NULL,NULL
Bleda notatus_98,77247,AVIBASE-4F97BFE1,Bleda notatus,Bleda notatus,Bleda notatus,NULL,field study,Field1,1_NA_1175,1_NA,Equatorial Guinea,NULL,Oyala,unknown,Adult,90,NULL,NULL,NULL,NULL,NULL,NULL,NULL,NULL,NULL,81,NULL,NULL,NULL,EMB,NULL,NULL
Bleda notatus_99,77321,AVIBASE-4F97BFE1,Bleda notatus,Bleda notatus,Bleda notatus,NULL,field study,Field1,1_NA_1249,1_NA,Equatorial Guinea,NULL,Oyala,unknown,Adult,93,NULL,NULL,NULL,NULL,NULL,NULL,NULL,NULL,NULL,89,NULL,NULL,NULL,EMB,NULL,NULL
Bleda syndactylus_10,77425,AVIBASE-5A94FEAE,Bleda syndactylus,Bleda syndactylus,Bleda syndactylus,NULL,field study,Field1,1_NA_1353,1_NA,Equatorial Guinea,NULL,Oyala,unknown,Adult,111,NULL,NULL,NULL,NULL,NULL,NULL,NULL,NULL,NULL,94,NULL,NULL,NULL,AKW,NULL,NULL
Bleda syndactylus_11,77416,AVIBASE-5A94FEAE,Bleda syndactylus,Bleda syndactylus,Bleda syndactylus,NULL,field study,Field1,1_NA_1344,1_NA,Equatorial Guinea,NULL,Oyala,unknown,Adult,101,NULL,NULL,NULL,NULL,NULL,NULL,NULL,NULL,NULL,74,NULL,NULL,NULL,AKW,NULL,NULL
Bleda syndactylus_12,77418,AVIBASE-5A94FEAE,Bleda syndactylus,Bleda syndactylus,Bleda syndactylus,NULL,field study,Field1,1_NA_1346,1_NA,Equatorial Guinea,NULL,Oyala,unknown,Adult,107,NULL,NULL,NULL,NULL,NULL,NULL,NULL,NULL,NULL,99,NULL,NULL,NULL,AKW,NULL,NULL
Bleda syndactylus_13,77415,AVIBASE-5A94FEAE,Bleda syndactylus,Bleda syndactylus,Bleda syndactylus,NULL,field study,Field1,1_NA_1343,1_NA,Equatorial Guinea,NULL,Oyala,unknown,Adult,102,NULL,NULL,NULL,NULL,NULL,NULL,NULL,NULL,NULL,90,NULL,NULL,NULL,AKW,NULL,NULL
Bleda syndactylus_14,77439,AVIBASE-5A94FEAE,Bleda syndactylus,Bleda syndactylus,Bleda syndactylus,NULL,field study,Field1,1_NA_1367,1_NA,Equatorial Guinea,NULL,Oyala,unknown,Adult,106,NULL,NULL,NULL,NULL,NULL,NULL,NULL,NULL,NULL,NULL,NULL,NULL,NULL,AKW,NULL,NULL
Bleda syndactylus_15,77441,AVIBASE-5A94FEAE,Bleda syndactylus,Bleda syndactylus,Bleda syndactylus,NULL,field study,Field1,1_NA_1369,1_NA,Equatorial Guinea,NULL,Oyala,unknown,Adult,104,NULL,NULL,NULL,NULL,NULL,NULL,NULL,NULL,NULL,95,NULL,NULL,NULL,AKW,NULL,NULL
Bleda syndactylus_16,77440,AVIBASE-5A94FEAE,Bleda syndactylus,Bleda syndactylus,Bleda syndactylus,NULL,field study,Field1,1_NA_1368,1_NA,Equatorial Guinea,NULL,Oyala,unknown,Adult,98,NULL,NULL,NULL,NULL,NULL,NULL,NULL,NULL,NULL,92,NULL,NULL,NULL,AKW,NULL,NULL
Bleda syndactylus_17,77436,AVIBASE-5A94FEAE,Bleda syndactylus,Bleda syndactylus,Bleda syndactylus,NULL,field study,Field1,1_NA_1364,1_NA,Equatorial Guinea,NULL,Oyala,unknown,Adult,112,NULL,NULL,NULL,NULL,NULL,NULL,NULL,NULL,NULL,NULL,NULL,NULL,NULL,AKW,NULL,NULL
Bleda syndactylus_18,77445,AVIBASE-5A94FEAE,Bleda syndactylus,Bleda syndactylus,Bleda syndactylus,NULL,field study,Field1,1_NA_1373,1_NA,Equatorial Guinea,NULL,Oyala,unknown,Adult,113,NULL,NULL,NULL,NULL,NULL,NULL,NULL,NULL,NULL,NULL,NULL,NULL,NULL,AKW,NULL,NULL
Bleda syndactylus_19,77447,AVIBASE-5A94FEAE,Bleda syndactylus,Bleda syndactylus,Bleda syndactylus,NULL,field study,Field1,1_NA_1375,1_NA,Equatorial Guinea,NULL,Oyala,unknown,Adult,102,NULL,NULL,NULL,NULL,NULL,NULL,NULL,NULL,NULL,95,NULL,NULL,NULL,AKW,NULL,NULL
Bleda syndactylus_20,77496,AVIBASE-5A94FEAE,Bleda syndactylus,Bleda syndactylus,Bleda syndactylus,NULL,field study,Field1,1_NA_1424,1_NA,Equatorial Guinea,NULL,Oyala,unknown,Adult,107,NULL,NULL,NULL,NULL,NULL,NULL,NULL,NULL,NULL,NULL,NULL,NULL,NULL,BAK,NULL,NULL
Bleda syndactylus_21,77474,AVIBASE-5A94FEAE,Bleda syndactylus,Bleda syndactylus,Bleda syndactylus,NULL,field study,Field1,1_NA_1402,1_NA,Equatorial Guinea,NULL,Oyala,unknown,Adult,102,NULL,NULL,NULL,NULL,NULL,NULL,NULL,NULL,NULL,93,NULL,NULL,NULL,BAK,NULL,NULL
Bleda syndactylus_22,77476,AVIBASE-5A94FEAE,Bleda syndactylus,Bleda syndactylus,Bleda syndactylus,NULL,field study,Field1,1_NA_1404,1_NA,Equatorial Guinea,NULL,Oyala,unknown,Adult,113,NULL,NULL,NULL,NULL,NULL,NULL,NULL,NULL,NULL,100,NULL,NULL,NULL,BAK,NULL,NULL
Bleda syndactylus_23,77477,AVIBASE-5A94FEAE,Bleda syndactylus,Bleda syndactylus,Bleda syndactylus,NULL,field study,Field1,1_NA_1405,1_NA,Equatorial Guinea,NULL,Oyala,unknown,Adult,111,NULL,NULL,NULL,NULL,NULL,NULL,NULL,NULL,NULL,99,NULL,NULL,NULL,BAK,NULL,NULL
Bleda syndactylus_24,77478,AVIBASE-5A94FEAE,Bleda syndactylus,Bleda syndactylus,Bleda syndactylus,NULL,field study,Field1,1_NA_1406,1_NA,Equatorial Guinea,NULL,Oyala,unknown,Adult,105,NULL,NULL,NULL,NULL,NULL,NULL,NULL,NULL,NULL,97,NULL,NULL,NULL,BAK,NULL,NULL
Bleda syndactylus_25,77489,AVIBASE-5A94FEAE,Bleda syndactylus,Bleda syndactylus,Bleda syndactylus,NULL,field study,Field1,1_NA_1417,1_NA,Equatorial Guinea,NULL,Oyala,unknown,Adult,105,NULL,NULL,NULL,NULL,NULL,NULL,NULL,NULL,NULL,88,NULL,NULL,NULL,BAK,NULL,NULL
Bleda syndactylus_26,77482,AVIBASE-5A94FEAE,Bleda syndactylus,Bleda syndactylus,Bleda syndactylus,NULL,field study,Field1,1_NA_1410,1_NA,Equatorial Guinea,NULL,Oyala,unknown,Adult,109,NULL,NULL,NULL,NULL,NULL,NULL,NULL,NULL,NULL,96,NULL,NULL,NULL,BAK,NULL,NULL
Bleda syndactylus_27,77480,AVIBASE-5A94FEAE,Bleda syndactylus,Bleda syndactylus,Bleda syndactylus,NULL,field study,Field1,1_NA_1408,1_NA,Equatorial Guinea,NULL,Oyala,unknown,Adult,113,NULL,NULL,NULL,NULL,NULL,NULL,NULL,NULL,NULL,102,NULL,NULL,NULL,BAK,NULL,NULL
Bleda syndactylus_28,77412,AVIBASE-5A94FEAE,Bleda syndactylus,Bleda syndactylus,Bleda syndactylus,NULL,field study,Field1,1_NA_1340,1_NA,Equatorial Guinea,NULL,Oyala,unknown,Adult,108,NULL,NULL,NULL,NULL,NULL,NULL,NULL,NULL,NULL,95,NULL,NULL,NULL,CAY,NULL,NULL
Bleda syndactylus_29,77411,AVIBASE-5A94FEAE,Bleda syndactylus,Bleda syndactylus,Bleda syndactylus,NULL,field study,Field1,1_NA_1339,1_NA,Equatorial Guinea,NULL,Oyala,unknown,Adult,110,NULL,NULL,NULL,NULL,NULL,NULL,NULL,NULL,NULL,96,NULL,NULL,NULL,CAY,NULL,NULL
Bleda syndactylus_30,77414,AVIBASE-5A94FEAE,Bleda syndactylus,Bleda syndactylus,Bleda syndactylus,NULL,field study,Field1,1_NA_1342,1_NA,Equatorial Guinea,NULL,Oyala,unknown,Adult,113,NULL,NULL,NULL,NULL,NULL,NULL,NULL,NULL,NULL,100,NULL,NULL,NULL,CAY,NULL,NULL
Bleda syndactylus_31,77461,AVIBASE-5A94FEAE,Bleda syndactylus,Bleda syndactylus,Bleda syndactylus,NULL,field study,Field1,1_NA_1389,1_NA,Equatorial Guinea,NULL,Oyala,unknown,Adult,102,NULL,NULL,NULL,NULL,NULL,NULL,NULL,NULL,NULL,86,NULL,NULL,NULL,CJ,NULL,NULL
Bleda syndactylus_32,77462,AVIBASE-5A94FEAE,Bleda syndactylus,Bleda syndactylus,Bleda syndactylus,NULL,field study,Field1,1_NA_1390,1_NA,Equatorial Guinea,NULL,Oyala,unknown,Adult,102,NULL,NULL,NULL,NULL,NULL,NULL,NULL,NULL,NULL,NULL,NULL,NULL,NULL,CJ,NULL,NULL
Bleda syndactylus_33,77460,AVIBASE-5A94FEAE,Bleda syndactylus,Bleda syndactylus,Bleda syndactylus,NULL,field study,Field1,1_NA_1388,1_NA,Equatorial Guinea,NULL,Oyala,unknown,Adult,111,NULL,NULL,NULL,NULL,NULL,NULL,NULL,NULL,NULL,NULL,NULL,NULL,NULL,CJ,NULL,NULL
Bleda syndactylus_34,77448,AVIBASE-5A94FEAE,Bleda syndactylus,Bleda syndactylus,Bleda syndactylus,NULL,field study,Field1,1_NA_1376,1_NA,Equatorial Guinea,NULL,Oyala,unknown,Adult,106,NULL,NULL,NULL,NULL,NULL,NULL,NULL,NULL,NULL,101,NULL,NULL,NULL,CJ,NULL,NULL
Bleda syndactylus_35,77486,AVIBASE-5A94FEAE,Bleda syndactylus,Bleda syndactylus,Bleda syndactylus,NULL,field study,Field1,1_NA_1414,1_NA,Equatorial Guinea,NULL,Oyala,unknown,Adult,102,NULL,NULL,NULL,NULL,NULL,NULL,NULL,NULL,NULL,85,NULL,NULL,NULL,ELK,NULL,NULL
Bleda syndactylus_36,77481,AVIBASE-5A94FEAE,Bleda syndactylus,Bleda syndactylus,Bleda syndactylus,NULL,field study,Field1,1_NA_1409,1_NA,Equatorial Guinea,NULL,Oyala,unknown,Adult,113,NULL,NULL,NULL,NULL,NULL,NULL,NULL,NULL,NULL,102,NULL,NULL,NULL,EMB,NULL,NULL
Bleda syndactylus_37,77487,AVIBASE-5A94FEAE,Bleda syndactylus,Bleda syndactylus,Bleda syndactylus,NULL,field study,Field1,1_NA_1415,1_NA,Equatorial Guinea,NULL,Oyala,unknown,Adult,106,NULL,NULL,NULL,NULL,NULL,NULL,NULL,NULL,NULL,95,NULL,NULL,NULL,EMB,NULL,NULL
Bleda syndactylus_38,77472,AVIBASE-5A94FEAE,Bleda syndactylus,Bleda syndactylus,Bleda syndactylus,NULL,field study,Field1,1_NA_1400,1_NA,Equatorial Guinea,NULL,Oyala,unknown,Adult,107,NULL,NULL,NULL,NULL,NULL,NULL,NULL,NULL,NULL,95,NULL,NULL,NULL,HP,NULL,NULL
Bleda syndactylus_39,77470,AVIBASE-5A94FEAE,Bleda syndactylus,Bleda syndactylus,Bleda syndactylus,NULL,field study,Field1,1_NA_1398,1_NA,Equatorial Guinea,NULL,Oyala,unknown,Adult,110,NULL,NULL,NULL,NULL,NULL,NULL,NULL,NULL,NULL,99,NULL,NULL,NULL,HP,NULL,NULL
Bleda syndactylus_40,77417,AVIBASE-5A94FEAE,Bleda syndactylus,Bleda syndactylus,Bleda syndactylus,NULL,field study,Field1,1_NA_1345,1_NA,Equatorial Guinea,NULL,Oyala,unknown,Adult,103,NULL,NULL,NULL,NULL,NULL,NULL,NULL,NULL,NULL,91,NULL,NULL,NULL,JDW,NULL,NULL
Bleda syndactylus_41,77419,AVIBASE-5A94FEAE,Bleda syndactylus,Bleda syndactylus,Bleda syndactylus,NULL,field study,Field1,1_NA_1347,1_NA,Equatorial Guinea,NULL,Oyala,unknown,Adult,100,NULL,NULL,NULL,NULL,NULL,NULL,NULL,NULL,NULL,112,NULL,NULL,NULL,JDW,NULL,NULL
Bleda syndactylus_42,77422,AVIBASE-5A94FEAE,Bleda syndactylus,Bleda syndactylus,Bleda syndactylus,NULL,field study,Field1,1_NA_1350,1_NA,Equatorial Guinea,NULL,Oyala,unknown,Adult,103,NULL,NULL,NULL,NULL,NULL,NULL,NULL,NULL,NULL,92,NULL,NULL,NULL,JDW,NULL,NULL
Bleda syndactylus_43,77442,AVIBASE-5A94FEAE,Bleda syndactylus,Bleda syndactylus,Bleda syndactylus,NULL,field study,Field1,1_NA_1370,1_NA,Equatorial Guinea,NULL,Oyala,unknown,Adult,102,NULL,NULL,NULL,NULL,NULL,NULL,NULL,NULL,NULL,88,NULL,NULL,NULL,JDW,NULL,NULL
Bleda syndactylus_44,77443,AVIBASE-5A94FEAE,Bleda syndactylus,Bleda syndactylus,Bleda syndactylus,NULL,field study,Field1,1_NA_1371,1_NA,Equatorial Guinea,NULL,Oyala,unknown,Adult,99,NULL,NULL,NULL,NULL,NULL,NULL,NULL,NULL,NULL,88,NULL,NULL,NULL,JDW,NULL,NULL
Bleda syndactylus_45,77494,AVIBASE-5A94FEAE,Bleda syndactylus,Bleda syndactylus,Bleda syndactylus,NULL,field study,Field1,1_NA_1422,1_NA,Equatorial Guinea,NULL,Altos de Nsork National Park,unknown,Adult,112,NULL,NULL,NULL,NULL,NULL,NULL,NULL,NULL,NULL,101,NULL,NULL,NULL,JDW,NULL,NULL
Bleda syndactylus_46,77492,AVIBASE-5A94FEAE,Bleda syndactylus,Bleda syndactylus,Bleda syndactylus,NULL,field study,Field1,1_NA_1420,1_NA,Equatorial Guinea,NULL,Altos de Nsork National Park,unknown,Adult,101,NULL,NULL,NULL,NULL,NULL,NULL,NULL,NULL,NULL,93,NULL,NULL,NULL,JDW,NULL,NULL
Bleda syndactylus_47,77463,AVIBASE-5A94FEAE,Bleda syndactylus,Bleda syndactylus,Bleda syndactylus,NULL,field study,Field1,1_NA_1391,1_NA,Equatorial Guinea,NULL,Oyala,unknown,Adult,NULL,NULL,NULL,NULL,NULL,NULL,NULL,NULL,NULL,NULL,99,NULL,NULL,NULL,JDW,NULL,NULL
Bleda syndactylus_48,77433,AVIBASE-5A94FEAE,Bleda syndactylus,Bleda syndactylus,Bleda syndactylus,NULL,field study,Field1,1_NA_1361,1_NA,Equatorial Guinea,NULL,Oyala,unknown,Adult,105,NULL,NULL,NULL,NULL,NULL,NULL,NULL,NULL,NULL,93,NULL,NULL,NULL,JDW,NULL,NULL
Bleda syndactylus_49,77449,AVIBASE-5A94FEAE,Bleda syndactylus,Bleda syndactylus,Bleda syndactylus,NULL,field study,Field1,1_NA_1377,1_NA,Equatorial Guinea,NULL,Oyala,unknown,Adult,102,NULL,NULL,NULL,NULL,NULL,NULL,NULL,NULL,NULL,90,NULL,NULL,NULL,JDW,NULL,NULL
Bleda syndactylus_50,77466,AVIBASE-5A94FEAE,Bleda syndactylus,Bleda syndactylus,Bleda syndactylus,NULL,field study,Field1,1_NA_1394,1_NA,Equatorial Guinea,NULL,Oyala,unknown,Adult,115,NULL,NULL,NULL,NULL,NULL,NULL,NULL,NULL,NULL,104,NULL,NULL,NULL,JDW,NULL,NULL
Bleda syndactylus_51,77427,AVIBASE-5A94FEAE,Bleda syndactylus,Bleda syndactylus,Bleda syndactylus,NULL,field study,Field1,1_NA_1355,1_NA,Equatorial Guinea,NULL,Oyala,unknown,Adult,111,NULL,NULL,NULL,NULL,NULL,NULL,NULL,NULL,NULL,98,NULL,NULL,NULL,JDW,NULL,NULL
Bleda syndactylus_52,77491,AVIBASE-5A94FEAE,Bleda syndactylus,Bleda syndactylus,Bleda syndactylus,NULL,field study,Field1,1_NA_1419,1_NA,Equatorial Guinea,NULL,Altos de Nsork National Park,unknown,Adult,110,NULL,NULL,NULL,NULL,NULL,NULL,NULL,NULL,NULL,101,NULL,NULL,NULL,JDW,NULL,NULL
Bleda syndactylus_53,77490,AVIBASE-5A94FEAE,Bleda syndactylus,Bleda syndactylus,Bleda syndactylus,NULL,field study,Field1,1_NA_1418,1_NA,Equatorial Guinea,NULL,Altos de Nsork National Park,unknown,Adult,112,NULL,NULL,NULL,NULL,NULL,NULL,NULL,NULL,NULL,101,NULL,25.8,NULL,JDW,NULL,NULL
Bleda syndactylus_54,77495,AVIBASE-5A94FEAE,Bleda syndactylus,Bleda syndactylus,Bleda syndactylus,NULL,field study,Field1,1_NA_1423,1_NA,Equatorial Guinea,NULL,Altos de Nsork National Park,unknown,Adult,103,NULL,NULL,NULL,NULL,NULL,NULL,NULL,NULL,NULL,94,NULL,NULL,NULL,JDW,NULL,NULL
Bleda syndactylus_55,77413,AVIBASE-5A94FEAE,Bleda syndactylus,Bleda syndactylus,Bleda syndactylus,NULL,field study,Field1,1_NA_1341,1_NA,Equatorial Guinea,NULL,Oyala,unknown,Adult,98,NULL,NULL,NULL,NULL,NULL,NULL,NULL,NULL,NULL,90,NULL,NULL,NULL,JDW,NULL,NULL
Bleda syndactylus_56,77450,AVIBASE-5A94FEAE,Bleda syndactylus,Bleda syndactylus,Bleda syndactylus,NULL,field study,Field1,1_NA_1378,1_NA,Equatorial Guinea,NULL,Oyala,unknown,Adult,101,NULL,NULL,NULL,NULL,NULL,NULL,NULL,NULL,NULL,89,NULL,NULL,NULL,JDW,NULL,NULL
Bleda syndactylus_57,77451,AVIBASE-5A94FEAE,Bleda syndactylus,Bleda syndactylus,Bleda syndactylus,NULL,field study,Field1,1_NA_1379,1_NA,Equatorial Guinea,NULL,Oyala,unknown,Adult,113,NULL,NULL,NULL,NULL,NULL,NULL,NULL,NULL,NULL,98,NULL,NULL,NULL,JDW,NULL,NULL
Bleda syndactylus_58,77437,AVIBASE-5A94FEAE,Bleda syndactylus,Bleda syndactylus,Bleda syndactylus,NULL,field study,Field1,1_NA_1365,1_NA,Equatorial Guinea,NULL,Oyala,unknown,Adult,NULL,NULL,NULL,NULL,NULL,NULL,NULL,NULL,NULL,NULL,96,NULL,NULL,NULL,JDW,NULL,NULL
Bleda syndactylus_59,77464,AVIBASE-5A94FEAE,Bleda syndactylus,Bleda syndactylus,Bleda syndactylus,NULL,field study,Field1,1_NA_1392,1_NA,Equatorial Guinea,NULL,Oyala,unknown,Adult,103,NULL,NULL,NULL,NULL,NULL,NULL,NULL,NULL,NULL,99,NULL,NULL,NULL,JHW,NULL,NULL
Bleda syndactylus_60,77435,AVIBASE-5A94FEAE,Bleda syndactylus,Bleda syndactylus,Bleda syndactylus,NULL,field study,Field1,1_NA_1363,1_NA,Equatorial Guinea,NULL,Oyala,unknown,Adult,104,NULL,NULL,NULL,NULL,NULL,NULL,NULL,NULL,NULL,91,NULL,NULL,NULL,JHW,NULL,NULL
Bleda syndactylus_61,77434,AVIBASE-5A94FEAE,Bleda syndactylus,Bleda syndactylus,Bleda syndactylus,NULL,field study,Field1,1_NA_1362,1_NA,Equatorial Guinea,NULL,Oyala,unknown,Adult,105,NULL,NULL,NULL,NULL,NULL,NULL,NULL,NULL,NULL,NULL,NULL,NULL,NULL,JHW,NULL,NULL
Bleda syndactylus_62,77453,AVIBASE-5A94FEAE,Bleda syndactylus,Bleda syndactylus,Bleda syndactylus,NULL,field study,Field1,1_NA_1381,1_NA,Equatorial Guinea,NULL,Oyala,unknown,Adult,108,NULL,NULL,NULL,NULL,NULL,NULL,NULL,NULL,NULL,99,NULL,NULL,NULL,JHW,NULL,NULL
Bleda syndactylus_63,77428,AVIBASE-5A94FEAE,Bleda syndactylus,Bleda syndactylus,Bleda syndactylus,NULL,field study,Field1,1_NA_1356,1_NA,Equatorial Guinea,NULL,Oyala,unknown,Adult,111,NULL,NULL,NULL,NULL,NULL,NULL,NULL,NULL,NULL,100,NULL,NULL,NULL,JHW,NULL,NULL
Bleda syndactylus_64,77455,AVIBASE-5A94FEAE,Bleda syndactylus,Bleda syndactylus,Bleda syndactylus,NULL,field study,Field1,1_NA_1383,1_NA,Equatorial Guinea,NULL,Oyala,unknown,Adult,106,NULL,NULL,NULL,NULL,NULL,NULL,NULL,NULL,NULL,90,NULL,NULL,NULL,JHW,NULL,NULL
Bleda syndactylus_65,77438,AVIBASE-5A94FEAE,Bleda syndactylus,Bleda syndactylus,Bleda syndactylus,NULL,field study,Field1,1_NA_1366,1_NA,Equatorial Guinea,NULL,Oyala,unknown,Adult,106,NULL,NULL,NULL,NULL,NULL,NULL,NULL,NULL,NULL,NULL,NULL,NULL,NULL,JHW,NULL,NULL
Bleda syndactylus_66,77452,AVIBASE-5A94FEAE,Bleda syndactylus,Bleda syndactylus,Bleda syndactylus,NULL,field study,Field1,1_NA_1380,1_NA,Equatorial Guinea,NULL,Oyala,unknown,Adult,103,NULL,NULL,NULL,NULL,NULL,NULL,NULL,NULL,NULL,94,NULL,NULL,NULL,JHW,NULL,NULL
Bleda syndactylus_67,77457,AVIBASE-5A94FEAE,Bleda syndactylus,Bleda syndactylus,Bleda syndactylus,NULL,field study,Field1,1_NA_1385,1_NA,Equatorial Guinea,NULL,Oyala,unknown,Adult,103,NULL,NULL,NULL,NULL,NULL,NULL,NULL,NULL,NULL,94,NULL,NULL,NULL,JHW,NULL,NULL
Bleda syndactylus_68,77432,AVIBASE-5A94FEAE,Bleda syndactylus,Bleda syndactylus,Bleda syndactylus,NULL,field study,Field1,1_NA_1360,1_NA,Equatorial Guinea,NULL,Oyala,unknown,Adult,112,NULL,NULL,NULL,NULL,NULL,NULL,NULL,NULL,NULL,100,NULL,NULL,NULL,JHW,NULL,NULL
Bleda syndactylus_69,77426,AVIBASE-5A94FEAE,Bleda syndactylus,Bleda syndactylus,Bleda syndactylus,NULL,field study,Field1,1_NA_1354,1_NA,Equatorial Guinea,NULL,Oyala,unknown,Adult,105,NULL,NULL,NULL,NULL,NULL,NULL,NULL,NULL,NULL,87,NULL,NULL,NULL,JHW,NULL,NULL
Bleda syndactylus_70,77430,AVIBASE-5A94FEAE,Bleda syndactylus,Bleda syndactylus,Bleda syndactylus,NULL,field study,Field1,1_NA_1358,1_NA,Equatorial Guinea,NULL,Oyala,unknown,Adult,103,NULL,NULL,NULL,NULL,NULL,NULL,NULL,NULL,NULL,91,NULL,NULL,NULL,JHW,NULL,NULL
Bleda syndactylus_71,77429,AVIBASE-5A94FEAE,Bleda syndactylus,Bleda syndactylus,Bleda syndactylus,NULL,field study,Field1,1_NA_1357,1_NA,Equatorial Guinea,NULL,Oyala,unknown,Adult,110,NULL,NULL,NULL,NULL,NULL,NULL,NULL,NULL,NULL,70,NULL,NULL,NULL,JHW,NULL,NULL
Bleda syndactylus_72,77458,AVIBASE-5A94FEAE,Bleda syndactylus,Bleda syndactylus,Bleda syndactylus,NULL,field study,Field1,1_NA_1386,1_NA,Equatorial Guinea,NULL,Oyala,unknown,Adult,101,NULL,NULL,NULL,NULL,NULL,NULL,NULL,NULL,NULL,100,NULL,NULL,NULL,KEB,NULL,NULL
Bleda syndactylus_73,77493,AVIBASE-5A94FEAE,Bleda syndactylus,Bleda syndactylus,Bleda syndactylus,NULL,field study,Field1,1_NA_1421,1_NA,Equatorial Guinea,NULL,Altos de Nsork National Park,unknown,Adult,110,NULL,NULL,NULL,NULL,NULL,NULL,NULL,NULL,NULL,100,NULL,NULL,NULL,LLP,NULL,NULL
Bleda syndactylus_74,77420,AVIBASE-5A94FEAE,Bleda syndactylus,Bleda syndactylus,Bleda syndactylus,NULL,field study,Field1,1_NA_1348,1_NA,Equatorial Guinea,NULL,Oyala,unknown,Adult,106,NULL,NULL,NULL,NULL,NULL,NULL,NULL,NULL,NULL,101,NULL,NULL,NULL,MEB,NULL,NULL
Bleda syndactylus_75,77423,AVIBASE-5A94FEAE,Bleda syndactylus,Bleda syndactylus,Bleda syndactylus,NULL,field study,Field1,1_NA_1351,1_NA,Equatorial Guinea,NULL,Oyala,unknown,Adult,103,NULL,NULL,NULL,NULL,NULL,NULL,NULL,NULL,NULL,93,NULL,NULL,NULL,MEB,NULL,NULL
Bleda syndactylus_76,77484,AVIBASE-5A94FEAE,Bleda syndactylus,Bleda syndactylus,Bleda syndactylus,NULL,field study,Field1,1_NA_1412,1_NA,Equatorial Guinea,NULL,Oyala,unknown,Adult,100,NULL,NULL,NULL,NULL,NULL,NULL,NULL,NULL,NULL,89,NULL,NULL,NULL,PFR,NULL,NULL
Bleda syndactylus_77,77475,AVIBASE-5A94FEAE,Bleda syndactylus,Bleda syndactylus,Bleda syndactylus,NULL,field study,Field1,1_NA_1403,1_NA,Equatorial Guinea,NULL,Oyala,unknown,Adult,104,NULL,NULL,NULL,NULL,NULL,NULL,NULL,NULL,NULL,96,NULL,NULL,NULL,PFR,NULL,NULL
Bleda syndactylus_78,77485,AVIBASE-5A94FEAE,Bleda syndactylus,Bleda syndactylus,Bleda syndactylus,NULL,field study,Field1,1_NA_1413,1_NA,Equatorial Guinea,NULL,Oyala,unknown,Adult,100,NULL,NULL,NULL,NULL,NULL,NULL,NULL,NULL,NULL,90,NULL,NULL,NULL,PFR,NULL,NULL
Bleda syndactylus_79,77488,AVIBASE-5A94FEAE,Bleda syndactylus,Bleda syndactylus,Bleda syndactylus,NULL,field study,Field1,1_NA_1416,1_NA,Equatorial Guinea,NULL,Oyala,unknown,Adult,95,NULL,NULL,NULL,NULL,NULL,NULL,NULL,NULL,NULL,93,NULL,NULL,NULL,SAL,NULL,NULL
Bleda syndactylus_80,77483,AVIBASE-5A94FEAE,Bleda syndactylus,Bleda syndactylus,Bleda syndactylus,NULL,field study,Field1,1_NA_1411,1_NA,Equatorial Guinea,NULL,Oyala,unknown,Adult,106,NULL,NULL,NULL,NULL,NULL,NULL,NULL,NULL,NULL,95,NULL,NULL,NULL,SAL,NULL,NULL
Bleda syndactylus_81,77479,AVIBASE-5A94FEAE,Bleda syndactylus,Bleda syndactylus,Bleda syndactylus,NULL,field study,Field1,1_NA_1407,1_NA,Equatorial Guinea,NULL,Oyala,unknown,Adult,116,NULL,NULL,NULL,NULL,NULL,NULL,NULL,NULL,NULL,102,NULL,NULL,NULL,SAL,NULL,NULL
Bleda syndactylus_82,77421,AVIBASE-5A94FEAE,Bleda syndactylus,Bleda syndactylus,Bleda syndactylus,NULL,field study,Field1,1_NA_1349,1_NA,Equatorial Guinea,NULL,Oyala,unknown,Adult,101,NULL,NULL,NULL,NULL,NULL,NULL,NULL,NULL,NULL,102,NULL,NULL,NULL,SAL,NULL,NULL
Bleda syndactylus_83,77473,AVIBASE-5A94FEAE,Bleda syndactylus,Bleda syndactylus,Bleda syndactylus,NULL,field study,Field1,1_NA_1401,1_NA,Equatorial Guinea,NULL,Oyala,unknown,Adult,99,NULL,NULL,NULL,NULL,NULL,NULL,NULL,NULL,NULL,97,NULL,NULL,NULL,SAL,NULL,NULL
Bleda syndactylus_84,77424,AVIBASE-5A94FEAE,Bleda syndactylus,Bleda syndactylus,Bleda syndactylus,NULL,field study,Field1,1_NA_1352,1_NA,Equatorial Guinea,NULL,Oyala,unknown,Adult,104,NULL,NULL,NULL,NULL,NULL,NULL,NULL,NULL,NULL,93,NULL,NULL,NULL,SAL,NULL,NULL
Bleda syndactylus_85,77410,AVIBASE-5A94FEAE,Bleda syndactylus,Bleda syndactylus,Bleda syndactylus,NULL,field study,Field1,1_NA_1338,1_NA,Equatorial Guinea,NULL,Oyala,unknown,Adult,90,NULL,NULL,NULL,NULL,NULL,NULL,NULL,NULL,NULL,86,NULL,NULL,NULL,SAL,NULL,NULL
Bleda syndactylus_86,77471,AVIBASE-5A94FEAE,Bleda syndactylus,Bleda syndactylus,Bleda syndactylus,NULL,field study,Field1,1_NA_1399,1_NA,Equatorial Guinea,NULL,Oyala,unknown,Adult,NULL,NULL,NULL,NULL,NULL,NULL,NULL,NULL,NULL,NULL,96,NULL,NULL,NULL,SAL,NULL,NULL
Bleda syndactylus_87,77469,AVIBASE-5A94FEAE,Bleda syndactylus,Bleda syndactylus,Bleda syndactylus,NULL,field study,Field1,1_NA_1397,1_NA,Equatorial Guinea,NULL,Oyala,unknown,Adult,101,NULL,NULL,NULL,NULL,NULL,NULL,NULL,NULL,NULL,101,NULL,NULL,NULL,SEM,NULL,NULL
Bleda syndactylus_88,77467,AVIBASE-5A94FEAE,Bleda syndactylus,Bleda syndactylus,Bleda syndactylus,NULL,field study,Field1,1_NA_1395,1_NA,Equatorial Guinea,NULL,Oyala,unknown,Adult,95,NULL,NULL,NULL,NULL,NULL,NULL,NULL,NULL,NULL,97,NULL,NULL,NULL,SEM,NULL,NULL
Bleda syndactylus_89,77444,AVIBASE-5A94FEAE,Bleda syndactylus,Bleda syndactylus,Bleda syndactylus,NULL,field study,Field1,1_NA_1372,1_NA,Equatorial Guinea,NULL,Oyala,unknown,Adult,106,NULL,NULL,NULL,NULL,NULL,NULL,NULL,NULL,NULL,NULL,NULL,NULL,NULL,SEM,NULL,NULL
Bleda syndactylus_90,77468,AVIBASE-5A94FEAE,Bleda syndactylus,Bleda syndactylus,Bleda syndactylus,NULL,field study,Field1,1_NA_1396,1_NA,Equatorial Guinea,NULL,Oyala,unknown,Adult,95,NULL,NULL,NULL,NULL,NULL,NULL,NULL,NULL,NULL,89,NULL,NULL,NULL,SEM,NULL,NULL
Bleda syndactylus_91,77446,AVIBASE-5A94FEAE,Bleda syndactylus,Bleda syndactylus,Bleda syndactylus,NULL,field study,Field1,1_NA_1374,1_NA,Equatorial Guinea,NULL,Oyala,unknown,Adult,112,NULL,NULL,NULL,NULL,NULL,NULL,NULL,NULL,NULL,102,NULL,NULL,NULL,SEM,NULL,NULL
Bleda syndactylus_92,77459,AVIBASE-5A94FEAE,Bleda syndactylus,Bleda syndactylus,Bleda syndactylus,NULL,field study,Field1,1_NA_1387,1_NA,Equatorial Guinea,NULL,Oyala,unknown,Adult,104,NULL,NULL,NULL,NULL,NULL,NULL,NULL,NULL,NULL,107,NULL,NULL,NULL,SEM,NULL,NULL
Bleda syndactylus_93,77465,AVIBASE-5A94FEAE,Bleda syndactylus,Bleda syndactylus,Bleda syndactylus,NULL,field study,Field1,1_NA_1393,1_NA,Equatorial Guinea,NULL,Oyala,unknown,Adult,106,NULL,NULL,NULL,NULL,NULL,NULL,NULL,NULL,NULL,94,NULL,NULL,NULL,SEM,NULL,NULL
Bleda syndactylus_94,77456,AVIBASE-5A94FEAE,Bleda syndactylus,Bleda syndactylus,Bleda syndactylus,NULL,field study,Field1,1_NA_1384,1_NA,Equatorial Guinea,NULL,Oyala,unknown,Adult,112,NULL,NULL,NULL,NULL,NULL,NULL,NULL,NULL,NULL,102,NULL,NULL,NULL,SEM,NULL,NULL
Bleda syndactylus_95,77454,AVIBASE-5A94FEAE,Bleda syndactylus,Bleda syndactylus,Bleda syndactylus,NULL,field study,Field1,1_NA_1382,1_NA,Equatorial Guinea,NULL,Oyala,unknown,Adult,107,NULL,NULL,NULL,NULL,NULL,NULL,NULL,NULL,NULL,89,NULL,NULL,NULL,SEM,NULL,NULL
Bleda syndactylus_96,77431,AVIBASE-5A94FEAE,Bleda syndactylus,Bleda syndactylus,Bleda syndactylus,NULL,field study,Field1,1_NA_1359,1_NA,Equatorial Guinea,NULL,Oyala,unknown,Adult,98,NULL,NULL,NULL,NULL,NULL,NULL,NULL,NULL,NULL,93,NULL,NULL,NULL,SEM,NULL,NULL
Chlorocichla flaviventris_14,78343,AVIBASE-D083BB3F,Chlorocichla flaviventris,Chlorocichla flaviventris,Chlorocichla flaviventris,NULL,field study,Field1,1_NA_2100,1_NA,Zambia,NULL,Chitokoloki,unknown,Adult,95,13,82,20.8,11.4,5.1,NULL,9,6,NULL,92,NULL,24.3,NULL,MFZ,NULL,NULL
Chlorocichla flaviventris_15,78344,AVIBASE-D083BB3F,Chlorocichla flaviventris,Chlorocichla flaviventris,Chlorocichla flaviventris,NULL,field study,Field1,1_NA_2101,1_NA,Zambia,NULL,Chitokoloki,unknown,Adult,98,11,87,18.7,11.7,5.3,NULL,11,5.8,NULL,92,NULL,23.4,NULL,MFZ,NULL,NULL
Chlorocichla flaviventris_16,78345,AVIBASE-D083BB3F,Chlorocichla flaviventris,Chlorocichla flaviventris,Chlorocichla flaviventris,NULL,field study,Field1,1_NA_2102,1_NA,Zambia,NULL,Zambezi,unknown,Adult,104,14,90,21.6,11.8,4.7,NULL,8,6.2,NULL,102,NULL,25.2,NULL,MFZ,NULL,NULL
Chlorocichla flaviventris_17,78346,AVIBASE-D083BB3F,Chlorocichla flaviventris,Chlorocichla flaviventris,Chlorocichla flaviventris,NULL,field study,Field1,1_NA_2103,1_NA,Zambia,NULL,Zambezi,unknown,Immature,100,11,89,20.3,11.3,5.1,NULL,9.4,6.3,NULL,99,NULL,24.5,NULL,MFZ,NULL,NULL
Chlorocichla flaviventris_18,78347,AVIBASE-D083BB3F,Chlorocichla flaviventris,Chlorocichla flaviventris,Chlorocichla flaviventris,NULL,field study,Field1,1_NA_2104,1_NA,Zambia,NULL,Zambezi,unknown,Adult,105,13,92,20,12.5,4.8,NULL,10.4,6,NULL,98,NULL,24.3,NULL,MFZ,NULL,NULL
Chlorocichla flaviventris_19,78348,AVIBASE-D083BB3F,Chlorocichla flaviventris,Chlorocichla flaviventris,Chlorocichla flaviventris,NULL,field study,Field1,1_NA_2105,1_NA,Zambia,NULL,Zambezi,unknown,Adult,101,14,87,21.2,11.8,5,NULL,10.7,6.3,NULL,97,NULL,23.9,NULL,MFZ,NULL,NULL
Chlorocichla flaviventris_20,78349,AVIBASE-D083BB3F,Chlorocichla flaviventris,Chlorocichla flaviventris,Chlorocichla flaviventris,NULL,field study,Field1,1_NA_2106,1_NA,Zambia,NULL,Zambezi,unknown,Adult,99,13,86,20.4,12,4.3,NULL,8.5,5.9,NULL,95,NULL,23.2,NULL,MFZ,NULL,NULL
Chlorocichla flaviventris_21,78350,AVIBASE-D083BB3F,Chlorocichla flaviventris,Chlorocichla flaviventris,Chlorocichla flaviventris,NULL,field study,Field1,1_NA_2107,1_NA,Zambia,NULL,Zambezi,unknown,Adult,105,15,90,19.6,13.1,5,NULL,10.1,6.1,NULL,105,NULL,24.2,NULL,MFZ,NULL,NULL
Chlorocichla flaviventris_22,78351,AVIBASE-D083BB3F,Chlorocichla flaviventris,Chlorocichla flaviventris,Chlorocichla flaviventris,NULL,field study,Field1,1_NA_2108,1_NA,Zambia,NULL,Zambezi,unknown,Adult,106,13,93,22.1,12.7,5.1,NULL,9.4,6.2,NULL,103,NULL,24.3,NULL,MFZ,NULL,NULL
Chlorocichla flaviventris_23,78352,AVIBASE-D083BB3F,Chlorocichla flaviventris,Chlorocichla flaviventris,Chlorocichla flaviventris,NULL,field study,Field1,1_NA_2109,1_NA,Zambia,NULL,Zambezi,unknown,Adult,98,12,86,21.1,12.6,5.2,NULL,10.7,5.9,NULL,98,NULL,24,NULL,MFZ,NULL,NULL
Chlorocichla simplex_6,78354,AVIBASE-D3D4D1B7,Chlorocichla simplex,Chlorocichla simplex,Chlorocichla simplex,NULL,field study,Field1,1_NA_2111,1_NA,Ghana,NULL,Dompim,unknown,Adult,100,9,91,21.2,12,5.7,NULL,16.5,6.8,NULL,92,NULL,30.5,NULL,NNDA,NULL,NULL
Chlorocichla simplex_7,78353,AVIBASE-D3D4D1B7,Chlorocichla simplex,Chlorocichla simplex,Chlorocichla simplex,NULL,field study,Field1,1_NA_2110,1_NA,Ghana,NULL,Dompim,unknown,Adult,98,14,84,17.8,11.1,6,NULL,16.6,5.7,NULL,95,NULL,27.7,NULL,NNDA,NULL,NULL
Criniger barbatus_10,79301,AVIBASE-0F97A356,Criniger barbatus,Criniger barbatus,Criniger barbatus,NULL,field study,Field1,1_NA_2829,1_NA,Ghana,NULL,Dompim,unknown,Adult,105,8,97,21.4,12.5,6.9,NULL,13.2,6.5,NULL,97,NULL,29.2,NULL,NNDA,NULL,NULL
Criniger barbatus_11,79294,AVIBASE-0F97A356,Criniger barbatus,Criniger barbatus,Criniger barbatus,NULL,field study,Field1,1_NA_2822,1_NA,Ghana,NULL,Dompim,unknown,Adult,105,14.7,90.3,21.8,14.3,6.5,NULL,12,7.1,NULL,93,NULL,22.9,NULL,NNDA,NULL,NULL
Criniger barbatus_12,79295,AVIBASE-0F97A356,Criniger barbatus,Criniger barbatus,Criniger barbatus,NULL,field study,Field1,1_NA_2823,1_NA,Ghana,NULL,Dompim,unknown,Adult,107,15.9,91.1,21.8,14.2,6.7,NULL,10.5,6.7,NULL,96,NULL,24,NULL,NNDA,NULL,NULL
Criniger barbatus_13,79296,AVIBASE-0F97A356,Criniger barbatus,Criniger barbatus,Criniger barbatus,NULL,field study,Field1,1_NA_2824,1_NA,Ghana,NULL,Dompim,unknown,Adult,102,30,72,19.4,11.9,5.4,NULL,13.4,5.9,NULL,94,NULL,31,NULL,NNDA,NULL,NULL
Criniger barbatus_14,79297,AVIBASE-0F97A356,Criniger barbatus,Criniger barbatus,Criniger barbatus,NULL,field study,Field1,1_NA_2825,1_NA,Ghana,NULL,Dompim,unknown,Adult,110,18,92,21.2,12.9,6.2,NULL,17.5,6.2,NULL,100,NULL,28.9,NULL,NNDA,NULL,NULL
Criniger barbatus_15,79302,AVIBASE-0F97A356,Criniger barbatus,Criniger barbatus,Criniger barbatus,NULL,field study,Field1,1_NA_2830,1_NA,Ghana,NULL,Dompim,unknown,Adult,105,13,92,20.4,13.1,5.8,NULL,13.8,5.9,NULL,NULL,NULL,28.9,NULL,NNDA,NULL,NULL
Criniger barbatus_7,79299,AVIBASE-0F97A356,Criniger barbatus,Criniger barbatus,Criniger barbatus,NULL,field study,Field1,1_NA_2827,1_NA,Ghana,NULL,Dompim,unknown,Immature,103,21.6,81.4,21.3,13.2,6.7,NULL,16.6,6.6,NULL,100,NULL,24.9,NULL,NNDA,NULL,NULL
Criniger barbatus_8,79300,AVIBASE-0F97A356,Criniger barbatus,Criniger barbatus,Criniger barbatus,NULL,field study,Field1,1_NA_2828,1_NA,Ghana,NULL,Dompim,unknown,Adult,98,6.8,91.2,19.9,11.6,6.9,NULL,14.3,6.5,NULL,88,NULL,23.5,NULL,NNDA,NULL,NULL
Criniger barbatus_9,79298,AVIBASE-0F97A356,Criniger barbatus,Criniger barbatus,Criniger barbatus,NULL,field study,Field1,1_NA_2826,1_NA,Ghana,NULL,Dompim,unknown,Adult,101,NULL,NULL,20.5,12.9,6.1,NULL,16.9,6.4,NULL,102,NULL,28.9,NULL,NNDA,NULL,NULL
Criniger calurus_11,79307,AVIBASE-F8104BC1,Criniger calurus,Criniger calurus,Criniger calurus,NULL,field study,Field1,1_NA_2835,1_NA,Ghana,NULL,Dompim,unknown,Adult,95,10.6,84.4,21,13.9,7.4,NULL,12,6.2,NULL,90,NULL,22.4,NULL,NNDA,NULL,NULL
Criniger calurus_13,79305,AVIBASE-F8104BC1,Criniger calurus,Criniger calurus,Criniger calurus,NULL,field study,Field1,1_NA_2833,1_NA,Equatorial Guinea,NULL,Oyala,unknown,Adult,82,NULL,NULL,NULL,NULL,NULL,NULL,NULL,NULL,NULL,49,NULL,NULL,NULL,AKW,NULL,NULL
Criniger calurus_14,79304,AVIBASE-F8104BC1,Criniger calurus,Criniger calurus,Criniger calurus,NULL,field study,Field1,1_NA_2832,1_NA,Equatorial Guinea,NULL,Oyala,unknown,Adult,92,NULL,NULL,NULL,NULL,NULL,NULL,NULL,NULL,NULL,80,NULL,NULL,NULL,KEB,NULL,NULL
Criniger calurus_15,79303,AVIBASE-F8104BC1,Criniger calurus,Criniger calurus,Criniger calurus,NULL,field study,Field1,1_NA_2831,1_NA,Equatorial Guinea,NULL,Oyala,female,Adult,82,NULL,NULL,NULL,NULL,NULL,NULL,NULL,NULL,NULL,75,NULL,NULL,NULL,KEB,NULL,NULL
Criniger calurus_16,79306,AVIBASE-F8104BC1,Criniger calurus,Criniger calurus,Criniger calurus,NULL,field study,Field1,1_NA_2834,1_NA,Equatorial Guinea,NULL,Oyala,unknown,Adult,100,NULL,NULL,NULL,NULL,NULL,NULL,NULL,NULL,NULL,99,NULL,NULL,NULL,SEM,NULL,NULL
Criniger chloronotus_10,79312,AVIBASE-8A90BC6D,Criniger chloronotus,Criniger chloronotus,Criniger chloronotus,NULL,field study,Field1,1_NA_2840,1_NA,Equatorial Guinea,NULL,Oyala,unknown,Adult,95,NULL,NULL,NULL,NULL,NULL,NULL,NULL,NULL,NULL,91,NULL,NULL,NULL,SAL,NULL,NULL
Criniger chloronotus_5,79311,AVIBASE-8A90BC6D,Criniger chloronotus,Criniger chloronotus,Criniger chloronotus,NULL,field study,Field1,1_NA_2839,1_NA,Equatorial Guinea,NULL,Oyala,unknown,Adult,96,NULL,NULL,NULL,NULL,NULL,NULL,NULL,NULL,NULL,87,NULL,NULL,NULL,AKW,NULL,NULL
Criniger chloronotus_6,79308,AVIBASE-8A90BC6D,Criniger chloronotus,Criniger chloronotus,Criniger chloronotus,NULL,field study,Field1,1_NA_2836,1_NA,Equatorial Guinea,NULL,Oyala,unknown,Adult,104,NULL,NULL,NULL,NULL,NULL,NULL,NULL,NULL,NULL,93,NULL,NULL,NULL,JDW,NULL,NULL
Criniger chloronotus_7,79309,AVIBASE-8A90BC6D,Criniger chloronotus,Criniger chloronotus,Criniger chloronotus,NULL,field study,Field1,1_NA_2837,1_NA,Equatorial Guinea,NULL,Oyala,unknown,Adult,101,NULL,NULL,NULL,NULL,NULL,NULL,NULL,NULL,NULL,92,NULL,NULL,NULL,JDW,NULL,NULL
Criniger chloronotus_8,79310,AVIBASE-8A90BC6D,Criniger chloronotus,Criniger chloronotus,Criniger chloronotus,NULL,field study,Field1,1_NA_2838,1_NA,Equatorial Guinea,NULL,Oyala,unknown,Adult,97,NULL,NULL,NULL,NULL,NULL,NULL,NULL,NULL,NULL,NULL,NULL,NULL,NULL,MEB,NULL,NULL
Criniger chloronotus_9,79313,AVIBASE-8A90BC6D,Criniger chloronotus,Criniger chloronotus,Criniger chloronotus,NULL,field study,Field1,1_NA_2841,1_NA,Equatorial Guinea,NULL,Oyala,unknown,Adult,105,NULL,NULL,NULL,NULL,NULL,NULL,NULL,NULL,NULL,64,NULL,NULL,NULL,PFR,NULL,NULL
Criniger ndussumensis_6,79315,AVIBASE-6A110710,Criniger ndussumensis,Criniger ndussumensis,Criniger ndussumensis,NULL,field study,Field1,1_NA_2843,1_NA,Equatorial Guinea,NULL,Oyala,unknown,Adult,95,NULL,NULL,NULL,NULL,NULL,NULL,NULL,NULL,NULL,84,NULL,NULL,NULL,HP,NULL,NULL
Criniger ndussumensis_7,79314,AVIBASE-6A110710,Criniger ndussumensis,Criniger ndussumensis,Criniger ndussumensis,NULL,field study,Field1,1_NA_2842,1_NA,Equatorial Guinea,NULL,Oyala,unknown,Adult,82,NULL,NULL,NULL,NULL,NULL,NULL,NULL,NULL,NULL,73,NULL,NULL,NULL,MEB,NULL,NULL
Eurillas ansorgei_6,80859,AVIBASE-0EA5F2E1,Eurillas ansorgei,Eurillas ansorgei,Andropadus ansorgei,NULL,field study,Field1,1_NA_4192,1_NA,Equatorial Guinea,NULL,Oyala,unknown,Adult,76,NULL,NULL,NULL,NULL,NULL,NULL,NULL,NULL,NULL,70,NULL,NULL,NULL,JDW,NULL,NULL
Eurillas curvirostris_10,80861,AVIBASE-0B325B7F,Eurillas curvirostris,Eurillas curvirostris,Andropadus curvirostris,NULL,field study,Field1,1_NA_4194,1_NA,Equatorial Guinea,NULL,Oyala,unknown,Adult,76,NULL,NULL,NULL,NULL,NULL,NULL,NULL,NULL,NULL,NULL,NULL,NULL,NULL,HP,NULL,NULL
Eurillas curvirostris_11,80860,AVIBASE-0B325B7F,Eurillas curvirostris,Eurillas curvirostris,Andropadus curvirostris,NULL,field study,Field1,1_NA_4193,1_NA,Equatorial Guinea,NULL,Oyala,male,Adult,74,NULL,NULL,NULL,NULL,NULL,NULL,NULL,NULL,NULL,72,NULL,NULL,NULL,JHW,NULL,NULL
Eurillas curvirostris_12,80864,AVIBASE-0B325B7F,Eurillas curvirostris,Eurillas curvirostris,Andropadus curvirostris,NULL,field study,Field1,1_NA_4197,1_NA,Ghana,NULL,Dompim,unknown,Adult,NULL,NULL,NULL,16,10,4.7,NULL,10.4,4.6,NULL,69,NULL,17.7,NULL,NNDA,NULL,NULL
Eurillas curvirostris_13,80865,AVIBASE-0B325B7F,Eurillas curvirostris,Eurillas curvirostris,Andropadus curvirostris,NULL,field study,Field1,1_NA_4198,1_NA,Ghana,NULL,Ahokwa,unknown,Adult,79,7.8,71.2,14.7,9.3,5.2,NULL,10.3,3.9,NULL,73,NULL,18,NULL,NNDA,NULL,NULL
Eurillas curvirostris_14,80862,AVIBASE-0B325B7F,Eurillas curvirostris,Eurillas curvirostris,Andropadus curvirostris,NULL,field study,Field1,1_NA_4195,1_NA,Ghana,NULL,Ahokwa,unknown,Adult,75,10,65,16,9.3,5.2,NULL,11.3,4,NULL,69,NULL,22.1,NULL,NNDA,NULL,NULL
Eurillas curvirostris_15,80863,AVIBASE-0B325B7F,Eurillas curvirostris,Eurillas curvirostris,Andropadus curvirostris,NULL,field study,Field1,1_NA_4196,1_NA,Ghana,NULL,Ahokwa,unknown,Adult,75.5,6,69.5,14.5,9.2,4.9,NULL,11.4,3.8,NULL,73,NULL,20.9,NULL,NNDA,NULL,NULL
Eurillas gracilis_10,80870,AVIBASE-486103D7,Eurillas gracilis,Eurillas gracilis,Andropadus gracilis,NULL,field study,Field1,1_NA_4203,1_NA,Ghana,NULL,Dompim,unknown,Adult,69,7,62,13.8,8.7,4.7,NULL,10,4.7,NULL,67,NULL,18.9,NULL,NNDA,NULL,NULL
Eurillas gracilis_11,80871,AVIBASE-486103D7,Eurillas gracilis,Eurillas gracilis,Andropadus gracilis,NULL,field study,Field1,1_NA_4204,1_NA,Ghana,NULL,Dompim,unknown,Adult,73,8.6,64.4,13.4,8.5,4.5,NULL,9.7,3.9,NULL,63,NULL,18.4,NULL,NNDA,NULL,NULL
Eurillas gracilis_12,80869,AVIBASE-486103D7,Eurillas gracilis,Eurillas gracilis,Andropadus gracilis,NULL,field study,Field1,1_NA_4202,1_NA,Ghana,NULL,Dompim,unknown,Adult,76,8.8,67.2,13.5,8.8,4.7,NULL,11.4,4.1,NULL,71,NULL,20.2,NULL,NNDA,NULL,NULL
Eurillas gracilis_7,80868,AVIBASE-486103D7,Eurillas gracilis,Eurillas gracilis,Andropadus gracilis,NULL,field study,Field1,1_NA_4201,1_NA,Equatorial Guinea,NULL,Oyala,unknown,Adult,74,NULL,NULL,NULL,NULL,NULL,NULL,NULL,NULL,NULL,77,NULL,NULL,NULL,BAK,NULL,NULL
Eurillas gracilis_8,80867,AVIBASE-486103D7,Eurillas gracilis,Eurillas gracilis,Andropadus gracilis,NULL,field study,Field1,1_NA_4200,1_NA,Equatorial Guinea,NULL,Oyala,unknown,Adult,76,NULL,NULL,NULL,NULL,NULL,NULL,NULL,NULL,NULL,78,NULL,NULL,NULL,BAK,NULL,NULL
Eurillas gracilis_9,80866,AVIBASE-486103D7,Eurillas gracilis,Eurillas gracilis,Andropadus gracilis,NULL,field study,Field1,1_NA_4199,1_NA,Equatorial Guinea,NULL,Oyala,unknown,Adult,71,NULL,NULL,NULL,NULL,NULL,NULL,NULL,NULL,NULL,73,NULL,NULL,NULL,JHW,NULL,NULL
Eurillas latirostris_10,81072,AVIBASE-728B225E,Eurillas latirostris,Eurillas latirostris,Andropadus latirostris,NULL,field study,Field1,1_NA_4405,1_NA,Equatorial Guinea,NULL,Oyala,unknown,Adult,81,NULL,NULL,NULL,NULL,NULL,NULL,NULL,NULL,NULL,75,NULL,NULL,NULL,AKW,NULL,NULL
Eurillas latirostris_100,80888,AVIBASE-728B225E,Eurillas latirostris,Eurillas latirostris,Andropadus latirostris,NULL,field study,Field1,1_NA_4221,1_NA,Equatorial Guinea,NULL,Oyala,unknown,Adult,78,NULL,NULL,NULL,NULL,NULL,NULL,NULL,NULL,NULL,71,NULL,NULL,NULL,CAY,NULL,NULL
Eurillas latirostris_101,80899,AVIBASE-728B225E,Eurillas latirostris,Eurillas latirostris,Andropadus latirostris,NULL,field study,Field1,1_NA_4232,1_NA,Equatorial Guinea,NULL,Oyala,female,Adult,80,NULL,NULL,NULL,NULL,NULL,NULL,NULL,NULL,NULL,65,NULL,NULL,NULL,CAY,NULL,NULL
Eurillas latirostris_102,80916,AVIBASE-728B225E,Eurillas latirostris,Eurillas latirostris,Andropadus latirostris,NULL,field study,Field1,1_NA_4249,1_NA,Equatorial Guinea,NULL,Oyala,unknown,Adult,81,NULL,NULL,NULL,NULL,NULL,NULL,NULL,NULL,NULL,78,NULL,NULL,NULL,CAY,NULL,NULL
Eurillas latirostris_103,80918,AVIBASE-728B225E,Eurillas latirostris,Eurillas latirostris,Andropadus latirostris,NULL,field study,Field1,1_NA_4251,1_NA,Equatorial Guinea,NULL,Oyala,unknown,Adult,78,NULL,NULL,NULL,NULL,NULL,NULL,NULL,NULL,NULL,73,NULL,NULL,NULL,CAY,NULL,NULL
Eurillas latirostris_104,80971,AVIBASE-728B225E,Eurillas latirostris,Eurillas latirostris,Andropadus latirostris,NULL,field study,Field1,1_NA_4304,1_NA,Equatorial Guinea,NULL,Oyala,unknown,Adult,83,NULL,NULL,NULL,NULL,NULL,NULL,NULL,NULL,NULL,80,NULL,NULL,NULL,CAY,NULL,NULL
Eurillas latirostris_105,80979,AVIBASE-728B225E,Eurillas latirostris,Eurillas latirostris,Andropadus latirostris,NULL,field study,Field1,1_NA_4312,1_NA,Equatorial Guinea,NULL,Oyala,unknown,Adult,82,NULL,NULL,NULL,NULL,NULL,NULL,NULL,NULL,NULL,74,NULL,NULL,NULL,CAY,NULL,NULL
Eurillas latirostris_106,80882,AVIBASE-728B225E,Eurillas latirostris,Eurillas latirostris,Andropadus latirostris,NULL,field study,Field1,1_NA_4215,1_NA,Equatorial Guinea,NULL,Oyala,female,Adult,79,NULL,NULL,NULL,NULL,NULL,NULL,NULL,NULL,NULL,NULL,NULL,NULL,NULL,CAY,NULL,NULL
Eurillas latirostris_107,80879,AVIBASE-728B225E,Eurillas latirostris,Eurillas latirostris,Andropadus latirostris,NULL,field study,Field1,1_NA_4212,1_NA,Equatorial Guinea,NULL,Oyala,unknown,Adult,82,NULL,NULL,NULL,NULL,NULL,NULL,NULL,NULL,NULL,73,NULL,NULL,NULL,CAY,NULL,NULL
Eurillas latirostris_108,80980,AVIBASE-728B225E,Eurillas latirostris,Eurillas latirostris,Andropadus latirostris,NULL,field study,Field1,1_NA_4313,1_NA,Equatorial Guinea,NULL,Oyala,unknown,Adult,73,NULL,NULL,NULL,NULL,NULL,NULL,NULL,NULL,NULL,66,NULL,NULL,NULL,CAY,NULL,NULL
Eurillas latirostris_109,80982,AVIBASE-728B225E,Eurillas latirostris,Eurillas latirostris,Andropadus latirostris,NULL,field study,Field1,1_NA_4315,1_NA,Equatorial Guinea,NULL,Oyala,unknown,Adult,78,NULL,NULL,NULL,NULL,NULL,NULL,NULL,NULL,NULL,69,NULL,NULL,NULL,CAY,NULL,NULL
Eurillas latirostris_11,81073,AVIBASE-728B225E,Eurillas latirostris,Eurillas latirostris,Andropadus latirostris,NULL,field study,Field1,1_NA_4406,1_NA,Equatorial Guinea,NULL,Oyala,unknown,Adult,83,NULL,NULL,NULL,NULL,NULL,NULL,NULL,NULL,NULL,79,NULL,NULL,NULL,AKW,NULL,NULL
Eurillas latirostris_110,80877,AVIBASE-728B225E,Eurillas latirostris,Eurillas latirostris,Andropadus latirostris,NULL,field study,Field1,1_NA_4210,1_NA,Equatorial Guinea,NULL,Oyala,unknown,Adult,80,NULL,NULL,NULL,NULL,NULL,NULL,NULL,NULL,NULL,71,NULL,NULL,NULL,CAY,NULL,NULL
Eurillas latirostris_111,80876,AVIBASE-728B225E,Eurillas latirostris,Eurillas latirostris,Andropadus latirostris,NULL,field study,Field1,1_NA_4209,1_NA,Equatorial Guinea,NULL,Oyala,unknown,Adult,79,NULL,NULL,NULL,NULL,NULL,NULL,NULL,NULL,NULL,77,NULL,NULL,NULL,CAY,NULL,NULL
Eurillas latirostris_112,80909,AVIBASE-728B225E,Eurillas latirostris,Eurillas latirostris,Andropadus latirostris,NULL,field study,Field1,1_NA_4242,1_NA,Equatorial Guinea,NULL,Oyala,female,Adult,77,NULL,NULL,NULL,NULL,NULL,NULL,NULL,NULL,NULL,70,NULL,NULL,NULL,CAY,NULL,NULL
Eurillas latirostris_113,80972,AVIBASE-728B225E,Eurillas latirostris,Eurillas latirostris,Andropadus latirostris,NULL,field study,Field1,1_NA_4305,1_NA,Equatorial Guinea,NULL,Oyala,unknown,Adult,89,NULL,NULL,NULL,NULL,NULL,NULL,NULL,NULL,NULL,71,NULL,NULL,NULL,CAY,NULL,NULL
Eurillas latirostris_114,80917,AVIBASE-728B225E,Eurillas latirostris,Eurillas latirostris,Andropadus latirostris,NULL,field study,Field1,1_NA_4250,1_NA,Equatorial Guinea,NULL,Oyala,unknown,Adult,78,NULL,NULL,NULL,NULL,NULL,NULL,NULL,NULL,NULL,72,NULL,NULL,NULL,CAY,NULL,NULL
Eurillas latirostris_115,81057,AVIBASE-728B225E,Eurillas latirostris,Eurillas latirostris,Andropadus latirostris,NULL,field study,Field1,1_NA_4390,1_NA,Equatorial Guinea,NULL,Oyala,female,Adult,76,NULL,NULL,NULL,NULL,NULL,NULL,NULL,NULL,NULL,71,NULL,NULL,NULL,CJ,NULL,NULL
Eurillas latirostris_116,80946,AVIBASE-728B225E,Eurillas latirostris,Eurillas latirostris,Andropadus latirostris,NULL,field study,Field1,1_NA_4279,1_NA,Equatorial Guinea,NULL,Oyala,unknown,Adult,72,NULL,NULL,NULL,NULL,NULL,NULL,NULL,NULL,NULL,66,NULL,NULL,NULL,CJ,NULL,NULL
Eurillas latirostris_117,80940,AVIBASE-728B225E,Eurillas latirostris,Eurillas latirostris,Andropadus latirostris,NULL,field study,Field1,1_NA_4273,1_NA,Equatorial Guinea,NULL,Oyala,female,Adult,75,NULL,NULL,NULL,NULL,NULL,NULL,NULL,NULL,NULL,66,NULL,NULL,NULL,CJ,NULL,NULL
Eurillas latirostris_118,80941,AVIBASE-728B225E,Eurillas latirostris,Eurillas latirostris,Andropadus latirostris,NULL,field study,Field1,1_NA_4274,1_NA,Equatorial Guinea,NULL,Oyala,female,Adult,75,NULL,NULL,NULL,NULL,NULL,NULL,NULL,NULL,NULL,72,NULL,NULL,NULL,CJ,NULL,NULL
Eurillas latirostris_119,80954,AVIBASE-728B225E,Eurillas latirostris,Eurillas latirostris,Andropadus latirostris,NULL,field study,Field1,1_NA_4287,1_NA,Equatorial Guinea,NULL,Oyala,unknown,Adult,77,NULL,NULL,NULL,NULL,NULL,NULL,NULL,NULL,NULL,73,NULL,NULL,NULL,CJ,NULL,NULL
Eurillas latirostris_12,80964,AVIBASE-728B225E,Eurillas latirostris,Eurillas latirostris,Andropadus latirostris,NULL,field study,Field1,1_NA_4297,1_NA,Equatorial Guinea,NULL,Oyala,female,Adult,76,NULL,NULL,NULL,NULL,NULL,NULL,NULL,NULL,NULL,70,NULL,NULL,NULL,AKW,NULL,NULL
Eurillas latirostris_120,80949,AVIBASE-728B225E,Eurillas latirostris,Eurillas latirostris,Andropadus latirostris,NULL,field study,Field1,1_NA_4282,1_NA,Equatorial Guinea,NULL,Oyala,unknown,Adult,74,NULL,NULL,NULL,NULL,NULL,NULL,NULL,NULL,NULL,76,NULL,NULL,NULL,CJ,NULL,NULL
Eurillas latirostris_121,80947,AVIBASE-728B225E,Eurillas latirostris,Eurillas latirostris,Andropadus latirostris,NULL,field study,Field1,1_NA_4280,1_NA,Equatorial Guinea,NULL,Oyala,unknown,Adult,81,NULL,NULL,NULL,NULL,NULL,NULL,NULL,NULL,NULL,77,NULL,NULL,NULL,CJ,NULL,NULL
Eurillas latirostris_122,80950,AVIBASE-728B225E,Eurillas latirostris,Eurillas latirostris,Andropadus latirostris,NULL,field study,Field1,1_NA_4283,1_NA,Equatorial Guinea,NULL,Oyala,unknown,Adult,82,NULL,NULL,NULL,NULL,NULL,NULL,NULL,NULL,NULL,78,NULL,NULL,NULL,CJ,NULL,NULL
Eurillas latirostris_123,80943,AVIBASE-728B225E,Eurillas latirostris,Eurillas latirostris,Andropadus latirostris,NULL,field study,Field1,1_NA_4276,1_NA,Equatorial Guinea,NULL,Oyala,female,Adult,79,NULL,NULL,NULL,NULL,NULL,NULL,NULL,NULL,NULL,84,NULL,NULL,NULL,CJ,NULL,NULL
Eurillas latirostris_124,80939,AVIBASE-728B225E,Eurillas latirostris,Eurillas latirostris,Andropadus latirostris,NULL,field study,Field1,1_NA_4272,1_NA,Equatorial Guinea,NULL,Oyala,male,Adult,83,NULL,NULL,NULL,NULL,NULL,NULL,NULL,NULL,NULL,77,NULL,NULL,NULL,CJ,NULL,NULL
Eurillas latirostris_125,80933,AVIBASE-728B225E,Eurillas latirostris,Eurillas latirostris,Andropadus latirostris,NULL,field study,Field1,1_NA_4266,1_NA,Equatorial Guinea,NULL,Oyala,female,Adult,83,NULL,NULL,NULL,NULL,NULL,NULL,NULL,NULL,NULL,78,NULL,NULL,NULL,CJ,NULL,NULL
Eurillas latirostris_126,80968,AVIBASE-728B225E,Eurillas latirostris,Eurillas latirostris,Andropadus latirostris,NULL,field study,Field1,1_NA_4301,1_NA,Equatorial Guinea,NULL,Oyala,female,Adult,75,NULL,NULL,NULL,NULL,NULL,NULL,NULL,NULL,NULL,71,NULL,NULL,NULL,CJ,NULL,NULL
Eurillas latirostris_127,81052,AVIBASE-728B225E,Eurillas latirostris,Eurillas latirostris,Andropadus latirostris,NULL,field study,Field1,1_NA_4385,1_NA,Equatorial Guinea,NULL,Oyala,female,Adult,77,NULL,NULL,NULL,NULL,NULL,NULL,NULL,NULL,NULL,71,NULL,NULL,NULL,CJ,NULL,NULL
Eurillas latirostris_128,81016,AVIBASE-728B225E,Eurillas latirostris,Eurillas latirostris,Andropadus latirostris,NULL,field study,Field1,1_NA_4349,1_NA,Equatorial Guinea,NULL,Oyala,male,Adult,82,NULL,NULL,NULL,NULL,NULL,NULL,NULL,NULL,NULL,79,NULL,NULL,NULL,CJ,NULL,NULL
Eurillas latirostris_129,81043,AVIBASE-728B225E,Eurillas latirostris,Eurillas latirostris,Andropadus latirostris,NULL,field study,Field1,1_NA_4376,1_NA,Equatorial Guinea,NULL,Oyala,female,Adult,77,NULL,NULL,NULL,NULL,NULL,NULL,NULL,NULL,NULL,68,NULL,NULL,NULL,CJ,NULL,NULL
Eurillas latirostris_13,80963,AVIBASE-728B225E,Eurillas latirostris,Eurillas latirostris,Andropadus latirostris,NULL,field study,Field1,1_NA_4296,1_NA,Equatorial Guinea,NULL,Oyala,male,Adult,76,NULL,NULL,NULL,NULL,NULL,NULL,NULL,NULL,NULL,70,NULL,NULL,NULL,AKW,NULL,NULL
Eurillas latirostris_130,81044,AVIBASE-728B225E,Eurillas latirostris,Eurillas latirostris,Andropadus latirostris,NULL,field study,Field1,1_NA_4377,1_NA,Equatorial Guinea,NULL,Oyala,female,Adult,79,NULL,NULL,NULL,NULL,NULL,NULL,NULL,NULL,NULL,71,NULL,NULL,NULL,CJ,NULL,NULL
Eurillas latirostris_131,80919,AVIBASE-728B225E,Eurillas latirostris,Eurillas latirostris,Andropadus latirostris,NULL,field study,Field1,1_NA_4252,1_NA,Equatorial Guinea,NULL,Oyala,unknown,Adult,76,NULL,NULL,NULL,NULL,NULL,NULL,NULL,NULL,NULL,74,NULL,NULL,NULL,CJ,NULL,NULL
Eurillas latirostris_132,81040,AVIBASE-728B225E,Eurillas latirostris,Eurillas latirostris,Andropadus latirostris,NULL,field study,Field1,1_NA_4373,1_NA,Equatorial Guinea,NULL,Oyala,female,Adult,78,NULL,NULL,NULL,NULL,NULL,NULL,NULL,NULL,NULL,74,NULL,NULL,NULL,CJ,NULL,NULL
Eurillas latirostris_133,81123,AVIBASE-728B225E,Eurillas latirostris,Eurillas latirostris,Andropadus latirostris,NULL,field study,Field1,1_NA_4456,1_NA,Equatorial Guinea,NULL,Oyala,unknown,Adult,81,NULL,NULL,NULL,NULL,NULL,NULL,NULL,NULL,NULL,77,NULL,NULL,NULL,CJ,NULL,NULL
Eurillas latirostris_134,80878,AVIBASE-728B225E,Eurillas latirostris,Eurillas latirostris,Andropadus latirostris,NULL,field study,Field1,1_NA_4211,1_NA,Equatorial Guinea,NULL,Oyala,female,Adult,78,NULL,NULL,NULL,NULL,NULL,NULL,NULL,NULL,NULL,75,NULL,NULL,NULL,CJ,NULL,NULL
Eurillas latirostris_135,81037,AVIBASE-728B225E,Eurillas latirostris,Eurillas latirostris,Andropadus latirostris,NULL,field study,Field1,1_NA_4370,1_NA,Equatorial Guinea,NULL,Oyala,female,Adult,75,NULL,NULL,NULL,NULL,NULL,NULL,NULL,NULL,NULL,NULL,NULL,NULL,NULL,CJ,NULL,NULL
Eurillas latirostris_136,81205,AVIBASE-728B225E,Eurillas latirostris,Eurillas latirostris,Andropadus latirostris,NULL,field study,Field1,1_NA_4538,1_NA,Equatorial Guinea,NULL,Oyala,unknown,Adult,76,NULL,NULL,NULL,NULL,NULL,NULL,NULL,NULL,NULL,72,NULL,NULL,NULL,ELK,NULL,NULL
Eurillas latirostris_137,81286,AVIBASE-728B225E,Eurillas latirostris,Eurillas latirostris,Andropadus latirostris,NULL,field study,Field1,1_NA_4619,1_NA,Equatorial Guinea,NULL,Oyala,unknown,Adult,81,NULL,NULL,NULL,NULL,NULL,NULL,NULL,NULL,NULL,74,NULL,NULL,NULL,ELK,NULL,NULL
Eurillas latirostris_138,81287,AVIBASE-728B225E,Eurillas latirostris,Eurillas latirostris,Andropadus latirostris,NULL,field study,Field1,1_NA_4620,1_NA,Equatorial Guinea,NULL,Oyala,unknown,Adult,84,NULL,NULL,NULL,NULL,NULL,NULL,NULL,NULL,NULL,79,NULL,NULL,NULL,ELK,NULL,NULL
Eurillas latirostris_139,81267,AVIBASE-728B225E,Eurillas latirostris,Eurillas latirostris,Andropadus latirostris,NULL,field study,Field1,1_NA_4600,1_NA,Equatorial Guinea,NULL,Oyala,unknown,Adult,85,NULL,NULL,NULL,NULL,NULL,NULL,NULL,NULL,NULL,80,NULL,NULL,NULL,ELK,NULL,NULL
Eurillas latirostris_14,81096,AVIBASE-728B225E,Eurillas latirostris,Eurillas latirostris,Andropadus latirostris,NULL,field study,Field1,1_NA_4429,1_NA,Equatorial Guinea,NULL,Oyala,unknown,Adult,74,NULL,NULL,NULL,NULL,NULL,NULL,NULL,NULL,NULL,70,NULL,NULL,NULL,AKW,NULL,NULL
Eurillas latirostris_140,81277,AVIBASE-728B225E,Eurillas latirostris,Eurillas latirostris,Andropadus latirostris,NULL,field study,Field1,1_NA_4610,1_NA,Equatorial Guinea,NULL,Oyala,unknown,Adult,79,NULL,NULL,NULL,NULL,NULL,NULL,NULL,NULL,NULL,75,NULL,NULL,NULL,ELK,NULL,NULL
Eurillas latirostris_141,81259,AVIBASE-728B225E,Eurillas latirostris,Eurillas latirostris,Andropadus latirostris,NULL,field study,Field1,1_NA_4592,1_NA,Equatorial Guinea,NULL,Oyala,unknown,Adult,76,NULL,NULL,NULL,NULL,NULL,NULL,NULL,NULL,NULL,70,NULL,NULL,NULL,ELK,NULL,NULL
Eurillas latirostris_142,81222,AVIBASE-728B225E,Eurillas latirostris,Eurillas latirostris,Andropadus latirostris,NULL,field study,Field1,1_NA_4555,1_NA,Equatorial Guinea,NULL,Oyala,unknown,Adult,75,NULL,NULL,NULL,NULL,NULL,NULL,NULL,NULL,NULL,68,NULL,NULL,NULL,ELK,NULL,NULL
Eurillas latirostris_143,81294,AVIBASE-728B225E,Eurillas latirostris,Eurillas latirostris,Andropadus latirostris,NULL,field study,Field1,1_NA_4627,1_NA,Equatorial Guinea,NULL,Oyala,unknown,Adult,80,NULL,NULL,NULL,NULL,NULL,NULL,NULL,NULL,NULL,68,NULL,NULL,NULL,ELK,NULL,NULL
Eurillas latirostris_144,81208,AVIBASE-728B225E,Eurillas latirostris,Eurillas latirostris,Andropadus latirostris,NULL,field study,Field1,1_NA_4541,1_NA,Equatorial Guinea,NULL,Oyala,female,Adult,78,NULL,NULL,NULL,NULL,NULL,NULL,NULL,NULL,NULL,62,NULL,NULL,NULL,EMB,NULL,NULL
Eurillas latirostris_145,81299,AVIBASE-728B225E,Eurillas latirostris,Eurillas latirostris,Andropadus latirostris,NULL,field study,Field1,1_NA_4632,1_NA,Equatorial Guinea,NULL,Oyala,unknown,Adult,78,NULL,NULL,NULL,NULL,NULL,NULL,NULL,NULL,NULL,70,NULL,NULL,NULL,EMB,NULL,NULL
Eurillas latirostris_146,81213,AVIBASE-728B225E,Eurillas latirostris,Eurillas latirostris,Andropadus latirostris,NULL,field study,Field1,1_NA_4546,1_NA,Equatorial Guinea,NULL,Oyala,unknown,Adult,79,NULL,NULL,NULL,NULL,NULL,NULL,NULL,NULL,NULL,75,NULL,NULL,NULL,EMB,NULL,NULL
Eurillas latirostris_147,81298,AVIBASE-728B225E,Eurillas latirostris,Eurillas latirostris,Andropadus latirostris,NULL,field study,Field1,1_NA_4631,1_NA,Equatorial Guinea,NULL,Oyala,unknown,Adult,76,NULL,NULL,NULL,NULL,NULL,NULL,NULL,NULL,NULL,58,NULL,NULL,NULL,EMB,NULL,NULL
Eurillas latirostris_148,81204,AVIBASE-728B225E,Eurillas latirostris,Eurillas latirostris,Andropadus latirostris,NULL,field study,Field1,1_NA_4537,1_NA,Equatorial Guinea,NULL,Oyala,unknown,Adult,73,NULL,NULL,NULL,NULL,NULL,NULL,NULL,NULL,NULL,70,NULL,NULL,NULL,EMB,NULL,NULL
Eurillas latirostris_149,81206,AVIBASE-728B225E,Eurillas latirostris,Eurillas latirostris,Andropadus latirostris,NULL,field study,Field1,1_NA_4539,1_NA,Equatorial Guinea,NULL,Oyala,unknown,Adult,77,NULL,NULL,NULL,NULL,NULL,NULL,NULL,NULL,NULL,66,NULL,NULL,NULL,EMB,NULL,NULL
Eurillas latirostris_15,81095,AVIBASE-728B225E,Eurillas latirostris,Eurillas latirostris,Andropadus latirostris,NULL,field study,Field1,1_NA_4428,1_NA,Equatorial Guinea,NULL,Oyala,unknown,Adult,74,NULL,NULL,NULL,NULL,NULL,NULL,NULL,NULL,NULL,72,NULL,NULL,NULL,AKW,NULL,NULL
Eurillas latirostris_150,81269,AVIBASE-728B225E,Eurillas latirostris,Eurillas latirostris,Andropadus latirostris,NULL,field study,Field1,1_NA_4602,1_NA,Equatorial Guinea,NULL,Oyala,unknown,Adult,79,NULL,NULL,NULL,NULL,NULL,NULL,NULL,NULL,NULL,72,NULL,NULL,NULL,EMB,NULL,NULL
Eurillas latirostris_151,81278,AVIBASE-728B225E,Eurillas latirostris,Eurillas latirostris,Andropadus latirostris,NULL,field study,Field1,1_NA_4611,1_NA,Equatorial Guinea,NULL,Oyala,unknown,Adult,80,NULL,NULL,NULL,NULL,NULL,NULL,NULL,NULL,NULL,72,NULL,NULL,NULL,EMB,NULL,NULL
Eurillas latirostris_152,81279,AVIBASE-728B225E,Eurillas latirostris,Eurillas latirostris,Andropadus latirostris,NULL,field study,Field1,1_NA_4612,1_NA,Equatorial Guinea,NULL,Oyala,unknown,Adult,79,NULL,NULL,NULL,NULL,NULL,NULL,NULL,NULL,NULL,66,NULL,NULL,NULL,EMB,NULL,NULL
Eurillas latirostris_153,81288,AVIBASE-728B225E,Eurillas latirostris,Eurillas latirostris,Andropadus latirostris,NULL,field study,Field1,1_NA_4621,1_NA,Equatorial Guinea,NULL,Oyala,unknown,Adult,83,NULL,NULL,NULL,NULL,NULL,NULL,NULL,NULL,NULL,88,NULL,NULL,NULL,EMB,NULL,NULL
Eurillas latirostris_154,81212,AVIBASE-728B225E,Eurillas latirostris,Eurillas latirostris,Andropadus latirostris,NULL,field study,Field1,1_NA_4545,1_NA,Equatorial Guinea,NULL,Oyala,unknown,Adult,83,NULL,NULL,NULL,NULL,NULL,NULL,NULL,NULL,NULL,NULL,NULL,NULL,NULL,EMB,NULL,NULL
Eurillas latirostris_155,81228,AVIBASE-728B225E,Eurillas latirostris,Eurillas latirostris,Andropadus latirostris,NULL,field study,Field1,1_NA_4561,1_NA,Equatorial Guinea,NULL,Oyala,unknown,Adult,75,NULL,NULL,NULL,NULL,NULL,NULL,NULL,NULL,NULL,68,NULL,NULL,NULL,EMB,NULL,NULL
Eurillas latirostris_156,81293,AVIBASE-728B225E,Eurillas latirostris,Eurillas latirostris,Andropadus latirostris,NULL,field study,Field1,1_NA_4626,1_NA,Equatorial Guinea,NULL,Oyala,unknown,Adult,78,NULL,NULL,NULL,NULL,NULL,NULL,NULL,NULL,NULL,73,NULL,NULL,NULL,EMB,NULL,NULL
Eurillas latirostris_157,81207,AVIBASE-728B225E,Eurillas latirostris,Eurillas latirostris,Andropadus latirostris,NULL,field study,Field1,1_NA_4540,1_NA,Equatorial Guinea,NULL,Oyala,unknown,Adult,77,NULL,NULL,NULL,NULL,NULL,NULL,NULL,NULL,NULL,70,NULL,NULL,NULL,EMB,NULL,NULL
Eurillas latirostris_158,81227,AVIBASE-728B225E,Eurillas latirostris,Eurillas latirostris,Andropadus latirostris,NULL,field study,Field1,1_NA_4560,1_NA,Equatorial Guinea,NULL,Oyala,unknown,Adult,75,NULL,NULL,NULL,NULL,NULL,NULL,NULL,NULL,NULL,75,NULL,NULL,NULL,EMB,NULL,NULL
Eurillas latirostris_159,81289,AVIBASE-728B225E,Eurillas latirostris,Eurillas latirostris,Andropadus latirostris,NULL,field study,Field1,1_NA_4622,1_NA,Equatorial Guinea,NULL,Oyala,unknown,Adult,79,NULL,NULL,NULL,NULL,NULL,NULL,NULL,NULL,NULL,75,NULL,NULL,NULL,EMB,NULL,NULL
Eurillas latirostris_16,81094,AVIBASE-728B225E,Eurillas latirostris,Eurillas latirostris,Andropadus latirostris,NULL,field study,Field1,1_NA_4427,1_NA,Equatorial Guinea,NULL,Oyala,unknown,Adult,86,NULL,NULL,NULL,NULL,NULL,NULL,NULL,NULL,NULL,81,NULL,NULL,NULL,AKW,NULL,NULL
Eurillas latirostris_160,81221,AVIBASE-728B225E,Eurillas latirostris,Eurillas latirostris,Andropadus latirostris,NULL,field study,Field1,1_NA_4554,1_NA,Equatorial Guinea,NULL,Oyala,unknown,Adult,84,NULL,NULL,NULL,NULL,NULL,NULL,NULL,NULL,NULL,78,NULL,NULL,NULL,EMB,NULL,NULL
Eurillas latirostris_161,81225,AVIBASE-728B225E,Eurillas latirostris,Eurillas latirostris,Andropadus latirostris,NULL,field study,Field1,1_NA_4558,1_NA,Equatorial Guinea,NULL,Oyala,unknown,Adult,76,NULL,NULL,NULL,NULL,NULL,NULL,NULL,NULL,NULL,79,NULL,NULL,NULL,EMB,NULL,NULL
Eurillas latirostris_162,81202,AVIBASE-728B225E,Eurillas latirostris,Eurillas latirostris,Andropadus latirostris,NULL,field study,Field1,1_NA_4535,1_NA,Equatorial Guinea,NULL,Oyala,unknown,Adult,86,NULL,NULL,NULL,NULL,NULL,NULL,NULL,NULL,NULL,78,NULL,NULL,NULL,EMB,NULL,NULL
Eurillas latirostris_163,81295,AVIBASE-728B225E,Eurillas latirostris,Eurillas latirostris,Andropadus latirostris,NULL,field study,Field1,1_NA_4628,1_NA,Equatorial Guinea,NULL,Oyala,unknown,Adult,76,NULL,NULL,NULL,NULL,NULL,NULL,NULL,NULL,NULL,69,NULL,NULL,NULL,EMB,NULL,NULL
Eurillas latirostris_164,81242,AVIBASE-728B225E,Eurillas latirostris,Eurillas latirostris,Andropadus latirostris,NULL,field study,Field1,1_NA_4575,1_NA,Equatorial Guinea,NULL,Oyala,unknown,Adult,78,NULL,NULL,NULL,NULL,NULL,NULL,NULL,NULL,NULL,69,NULL,NULL,NULL,EMB,NULL,NULL
Eurillas latirostris_165,81243,AVIBASE-728B225E,Eurillas latirostris,Eurillas latirostris,Andropadus latirostris,NULL,field study,Field1,1_NA_4576,1_NA,Equatorial Guinea,NULL,Oyala,unknown,Adult,79,NULL,NULL,NULL,NULL,NULL,NULL,NULL,NULL,NULL,68,NULL,NULL,NULL,EMB,NULL,NULL
Eurillas latirostris_166,81226,AVIBASE-728B225E,Eurillas latirostris,Eurillas latirostris,Andropadus latirostris,NULL,field study,Field1,1_NA_4559,1_NA,Equatorial Guinea,NULL,Oyala,unknown,Adult,77,NULL,NULL,NULL,NULL,NULL,NULL,NULL,NULL,NULL,70,NULL,NULL,NULL,EMB,NULL,NULL
Eurillas latirostris_167,81063,AVIBASE-728B225E,Eurillas latirostris,Eurillas latirostris,Andropadus latirostris,NULL,field study,Field1,1_NA_4396,1_NA,Equatorial Guinea,NULL,Oyala,unknown,Adult,69,NULL,NULL,NULL,NULL,NULL,NULL,NULL,NULL,NULL,69,NULL,NULL,NULL,HP,NULL,NULL
Eurillas latirostris_168,80927,AVIBASE-728B225E,Eurillas latirostris,Eurillas latirostris,Andropadus latirostris,NULL,field study,Field1,1_NA_4260,1_NA,Equatorial Guinea,NULL,Oyala,unknown,Adult,78,NULL,NULL,NULL,NULL,NULL,NULL,NULL,NULL,NULL,69,NULL,NULL,NULL,HP,NULL,NULL
Eurillas latirostris_169,81168,AVIBASE-728B225E,Eurillas latirostris,Eurillas latirostris,Andropadus latirostris,NULL,field study,Field1,1_NA_4501,1_NA,Equatorial Guinea,NULL,Oyala,unknown,Adult,88,NULL,NULL,NULL,NULL,NULL,NULL,NULL,NULL,NULL,NULL,NULL,NULL,NULL,HP,NULL,NULL
Eurillas latirostris_17,81112,AVIBASE-728B225E,Eurillas latirostris,Eurillas latirostris,Andropadus latirostris,NULL,field study,Field1,1_NA_4445,1_NA,Equatorial Guinea,NULL,Oyala,unknown,Adult,81,NULL,NULL,NULL,NULL,NULL,NULL,NULL,NULL,NULL,74,NULL,NULL,NULL,AKW,NULL,NULL
Eurillas latirostris_170,81172,AVIBASE-728B225E,Eurillas latirostris,Eurillas latirostris,Andropadus latirostris,NULL,field study,Field1,1_NA_4505,1_NA,Equatorial Guinea,NULL,Oyala,unknown,Adult,80,NULL,NULL,NULL,NULL,NULL,NULL,NULL,NULL,NULL,70,NULL,NULL,NULL,HP,NULL,NULL
Eurillas latirostris_171,81153,AVIBASE-728B225E,Eurillas latirostris,Eurillas latirostris,Andropadus latirostris,NULL,field study,Field1,1_NA_4486,1_NA,Equatorial Guinea,NULL,Altos de Nsork National Park,unknown,Adult,83,NULL,NULL,NULL,NULL,NULL,NULL,NULL,NULL,NULL,77,NULL,NULL,NULL,HP,NULL,NULL
Eurillas latirostris_172,81364,AVIBASE-728B225E,Eurillas latirostris,Eurillas latirostris,Andropadus latirostris,NULL,field study,Field1,1_NA_4697,1_NA,Equatorial Guinea,NULL,Bioko Island (BBPP),female,Adult,80,NULL,NULL,NULL,NULL,NULL,NULL,NULL,NULL,NULL,73,NULL,NULL,NULL,JDW,NULL,NULL
Eurillas latirostris_173,81365,AVIBASE-728B225E,Eurillas latirostris,Eurillas latirostris,Andropadus latirostris,NULL,field study,Field1,1_NA_4698,1_NA,Equatorial Guinea,NULL,Bioko Island (BBPP),male,Adult,81,NULL,NULL,NULL,NULL,NULL,NULL,NULL,NULL,NULL,73,NULL,NULL,NULL,JDW,NULL,NULL
Eurillas latirostris_174,81000,AVIBASE-728B225E,Eurillas latirostris,Eurillas latirostris,Andropadus latirostris,NULL,field study,Field1,1_NA_4333,1_NA,Equatorial Guinea,NULL,Bioko Island (BBPP),unknown,Adult,82,NULL,NULL,NULL,NULL,NULL,NULL,NULL,NULL,NULL,77,NULL,NULL,NULL,JDW,NULL,NULL
Eurillas latirostris_175,80985,AVIBASE-728B225E,Eurillas latirostris,Eurillas latirostris,Andropadus latirostris,NULL,field study,Field1,1_NA_4318,1_NA,Equatorial Guinea,NULL,Bioko Island (Caldera de Luba),unknown,Adult,80,NULL,NULL,NULL,NULL,NULL,NULL,NULL,NULL,NULL,77,NULL,NULL,NULL,JDW,NULL,NULL
Eurillas latirostris_176,81318,AVIBASE-728B225E,Eurillas latirostris,Eurillas latirostris,Andropadus latirostris,NULL,field study,Field1,1_NA_4651,1_NA,Equatorial Guinea,NULL,NULL,female,Adult,71,NULL,NULL,NULL,NULL,NULL,NULL,NULL,NULL,NULL,64,NULL,NULL,NULL,JDW,NULL,NULL
Eurillas latirostris_177,81316,AVIBASE-728B225E,Eurillas latirostris,Eurillas latirostris,Andropadus latirostris,NULL,field study,Field1,1_NA_4649,1_NA,Equatorial Guinea,NULL,NULL,unknown,Adult,80,NULL,NULL,NULL,NULL,NULL,NULL,NULL,NULL,NULL,71,NULL,NULL,NULL,JDW,NULL,NULL
Eurillas latirostris_178,80926,AVIBASE-728B225E,Eurillas latirostris,Eurillas latirostris,Andropadus latirostris,NULL,field study,Field1,1_NA_4259,1_NA,Equatorial Guinea,NULL,NULL,unknown,Adult,78,NULL,NULL,NULL,NULL,NULL,NULL,NULL,NULL,NULL,74,NULL,NULL,NULL,JDW,NULL,NULL
Eurillas latirostris_179,80957,AVIBASE-728B225E,Eurillas latirostris,Eurillas latirostris,Andropadus latirostris,NULL,field study,Field1,1_NA_4290,1_NA,Equatorial Guinea,NULL,Oyala,unknown,Adult,74,NULL,NULL,NULL,NULL,NULL,NULL,NULL,NULL,NULL,72,NULL,NULL,NULL,JDW,NULL,NULL
Eurillas latirostris_18,81030,AVIBASE-728B225E,Eurillas latirostris,Eurillas latirostris,Andropadus latirostris,NULL,field study,Field1,1_NA_4363,1_NA,Equatorial Guinea,NULL,Oyala,unknown,Adult,82,NULL,NULL,NULL,NULL,NULL,NULL,NULL,NULL,NULL,74,NULL,NULL,NULL,AKW,NULL,NULL
Eurillas latirostris_180,80958,AVIBASE-728B225E,Eurillas latirostris,Eurillas latirostris,Andropadus latirostris,NULL,field study,Field1,1_NA_4291,1_NA,Equatorial Guinea,NULL,Oyala,female,Adult,77,NULL,NULL,NULL,NULL,NULL,NULL,NULL,NULL,NULL,72,NULL,NULL,NULL,JDW,NULL,NULL
Eurillas latirostris_181,81076,AVIBASE-728B225E,Eurillas latirostris,Eurillas latirostris,Andropadus latirostris,NULL,field study,Field1,1_NA_4409,1_NA,Equatorial Guinea,NULL,Oyala,unknown,Adult,83,NULL,NULL,NULL,NULL,NULL,NULL,NULL,NULL,NULL,73,NULL,NULL,NULL,JDW,NULL,NULL
Eurillas latirostris_182,80962,AVIBASE-728B225E,Eurillas latirostris,Eurillas latirostris,Andropadus latirostris,NULL,field study,Field1,1_NA_4295,1_NA,Equatorial Guinea,NULL,Oyala,female,Adult,76,NULL,NULL,NULL,NULL,NULL,NULL,NULL,NULL,NULL,74,NULL,NULL,NULL,JDW,NULL,NULL
Eurillas latirostris_183,80955,AVIBASE-728B225E,Eurillas latirostris,Eurillas latirostris,Andropadus latirostris,NULL,field study,Field1,1_NA_4288,1_NA,Equatorial Guinea,NULL,Oyala,female,Adult,78,NULL,NULL,NULL,NULL,NULL,NULL,NULL,NULL,NULL,75,NULL,NULL,NULL,JDW,NULL,NULL
Eurillas latirostris_184,80936,AVIBASE-728B225E,Eurillas latirostris,Eurillas latirostris,Andropadus latirostris,NULL,field study,Field1,1_NA_4269,1_NA,Equatorial Guinea,NULL,Oyala,female,Adult,78,NULL,NULL,NULL,NULL,NULL,NULL,NULL,NULL,NULL,76,NULL,NULL,NULL,JDW,NULL,NULL
Eurillas latirostris_185,80959,AVIBASE-728B225E,Eurillas latirostris,Eurillas latirostris,Andropadus latirostris,NULL,field study,Field1,1_NA_4292,1_NA,Equatorial Guinea,NULL,Oyala,unknown,Adult,82,NULL,NULL,NULL,NULL,NULL,NULL,NULL,NULL,NULL,76,NULL,NULL,NULL,JDW,NULL,NULL
Eurillas latirostris_186,81067,AVIBASE-728B225E,Eurillas latirostris,Eurillas latirostris,Andropadus latirostris,NULL,field study,Field1,1_NA_4400,1_NA,Equatorial Guinea,NULL,Oyala,unknown,Adult,82,NULL,NULL,NULL,NULL,NULL,NULL,NULL,NULL,NULL,76,NULL,NULL,NULL,JDW,NULL,NULL
Eurillas latirostris_187,80898,AVIBASE-728B225E,Eurillas latirostris,Eurillas latirostris,Andropadus latirostris,NULL,field study,Field1,1_NA_4231,1_NA,Equatorial Guinea,NULL,Oyala,unknown,Adult,85,NULL,NULL,NULL,NULL,NULL,NULL,NULL,NULL,NULL,78,NULL,NULL,NULL,JDW,NULL,NULL
Eurillas latirostris_188,80875,AVIBASE-728B225E,Eurillas latirostris,Eurillas latirostris,Andropadus latirostris,NULL,field study,Field1,1_NA_4208,1_NA,Equatorial Guinea,NULL,Oyala,unknown,Adult,76,NULL,NULL,NULL,NULL,NULL,NULL,NULL,NULL,NULL,72,NULL,NULL,NULL,JDW,NULL,NULL
Eurillas latirostris_189,81111,AVIBASE-728B225E,Eurillas latirostris,Eurillas latirostris,Andropadus latirostris,NULL,field study,Field1,1_NA_4444,1_NA,Equatorial Guinea,NULL,Oyala,unknown,Adult,78,NULL,NULL,NULL,NULL,NULL,NULL,NULL,NULL,NULL,76,NULL,NULL,NULL,JDW,NULL,NULL
Eurillas latirostris_19,81029,AVIBASE-728B225E,Eurillas latirostris,Eurillas latirostris,Andropadus latirostris,NULL,field study,Field1,1_NA_4362,1_NA,Equatorial Guinea,NULL,Oyala,unknown,Adult,82,NULL,NULL,NULL,NULL,NULL,NULL,NULL,NULL,NULL,80,NULL,NULL,NULL,AKW,NULL,NULL
Eurillas latirostris_190,81084,AVIBASE-728B225E,Eurillas latirostris,Eurillas latirostris,Andropadus latirostris,NULL,field study,Field1,1_NA_4417,1_NA,Equatorial Guinea,NULL,Oyala,unknown,Adult,83,NULL,NULL,NULL,NULL,NULL,NULL,NULL,NULL,NULL,79,NULL,NULL,NULL,JDW,NULL,NULL
Eurillas latirostris_191,81261,AVIBASE-728B225E,Eurillas latirostris,Eurillas latirostris,Andropadus latirostris,NULL,field study,Field1,1_NA_4594,1_NA,Equatorial Guinea,NULL,Oyala,unknown,Adult,83,NULL,NULL,NULL,NULL,NULL,NULL,NULL,NULL,NULL,79,NULL,NULL,NULL,JDW,NULL,NULL
Eurillas latirostris_192,81251,AVIBASE-728B225E,Eurillas latirostris,Eurillas latirostris,Andropadus latirostris,NULL,field study,Field1,1_NA_4584,1_NA,Equatorial Guinea,NULL,Oyala,unknown,Adult,76,NULL,NULL,NULL,NULL,NULL,NULL,NULL,NULL,NULL,NULL,NULL,NULL,NULL,JDW,NULL,NULL
Eurillas latirostris_193,81078,AVIBASE-728B225E,Eurillas latirostris,Eurillas latirostris,Andropadus latirostris,NULL,field study,Field1,1_NA_4411,1_NA,Equatorial Guinea,NULL,Oyala,unknown,Adult,78,NULL,NULL,NULL,NULL,NULL,NULL,NULL,NULL,NULL,68,NULL,NULL,NULL,JDW,NULL,NULL
Eurillas latirostris_194,80961,AVIBASE-728B225E,Eurillas latirostris,Eurillas latirostris,Andropadus latirostris,NULL,field study,Field1,1_NA_4294,1_NA,Equatorial Guinea,NULL,Oyala,unknown,Adult,72,NULL,NULL,NULL,NULL,NULL,NULL,NULL,NULL,NULL,69,NULL,NULL,NULL,JDW,NULL,NULL
Eurillas latirostris_195,81077,AVIBASE-728B225E,Eurillas latirostris,Eurillas latirostris,Andropadus latirostris,NULL,field study,Field1,1_NA_4410,1_NA,Equatorial Guinea,NULL,Oyala,unknown,Adult,83,NULL,NULL,NULL,NULL,NULL,NULL,NULL,NULL,NULL,72,NULL,NULL,NULL,JDW,NULL,NULL
Eurillas latirostris_196,80999,AVIBASE-728B225E,Eurillas latirostris,Eurillas latirostris,Andropadus latirostris,NULL,field study,Field1,1_NA_4332,1_NA,Equatorial Guinea,NULL,Oyala,male,Adult,81,NULL,NULL,NULL,NULL,NULL,NULL,NULL,NULL,NULL,77,NULL,NULL,NULL,JDW,NULL,NULL
Eurillas latirostris_197,81366,AVIBASE-728B225E,Eurillas latirostris,Eurillas latirostris,Andropadus latirostris,NULL,field study,Field1,1_NA_4699,1_NA,Equatorial Guinea,NULL,Oyala,unknown,Adult,82,NULL,NULL,NULL,NULL,NULL,NULL,NULL,NULL,NULL,77,NULL,NULL,NULL,JDW,NULL,NULL
Eurillas latirostris_198,80902,AVIBASE-728B225E,Eurillas latirostris,Eurillas latirostris,Andropadus latirostris,NULL,field study,Field1,1_NA_4235,1_NA,Equatorial Guinea,NULL,Oyala,unknown,Adult,84,NULL,NULL,NULL,NULL,NULL,NULL,NULL,NULL,NULL,NULL,NULL,NULL,NULL,JDW,NULL,NULL
Eurillas latirostris_199,80904,AVIBASE-728B225E,Eurillas latirostris,Eurillas latirostris,Andropadus latirostris,NULL,field study,Field1,1_NA_4237,1_NA,Equatorial Guinea,NULL,Oyala,unknown,Adult,76,NULL,NULL,NULL,NULL,NULL,NULL,NULL,NULL,NULL,71,NULL,NULL,NULL,JDW,NULL,NULL
Eurillas latirostris_20,81028,AVIBASE-728B225E,Eurillas latirostris,Eurillas latirostris,Andropadus latirostris,NULL,field study,Field1,1_NA_4361,1_NA,Equatorial Guinea,NULL,Oyala,unknown,Adult,84,NULL,NULL,NULL,NULL,NULL,NULL,NULL,NULL,NULL,77,NULL,NULL,NULL,AKW,NULL,NULL
Eurillas latirostris_200,80951,AVIBASE-728B225E,Eurillas latirostris,Eurillas latirostris,Andropadus latirostris,NULL,field study,Field1,1_NA_4284,1_NA,Equatorial Guinea,NULL,Oyala,female,Adult,78,NULL,NULL,NULL,NULL,NULL,NULL,NULL,NULL,NULL,73,NULL,NULL,NULL,JDW,NULL,NULL
Eurillas latirostris_201,80952,AVIBASE-728B225E,Eurillas latirostris,Eurillas latirostris,Andropadus latirostris,NULL,field study,Field1,1_NA_4285,1_NA,Equatorial Guinea,NULL,Oyala,unknown,Adult,83,NULL,NULL,NULL,NULL,NULL,NULL,NULL,NULL,NULL,75,NULL,NULL,NULL,JDW,NULL,NULL
Eurillas latirostris_202,80944,AVIBASE-728B225E,Eurillas latirostris,Eurillas latirostris,Andropadus latirostris,NULL,field study,Field1,1_NA_4277,1_NA,Equatorial Guinea,NULL,Oyala,unknown,Adult,83,NULL,NULL,NULL,NULL,NULL,NULL,NULL,NULL,NULL,77,NULL,NULL,NULL,JDW,NULL,NULL
Eurillas latirostris_203,80976,AVIBASE-728B225E,Eurillas latirostris,Eurillas latirostris,Andropadus latirostris,NULL,field study,Field1,1_NA_4309,1_NA,Equatorial Guinea,NULL,Oyala,unknown,Adult,84,NULL,NULL,NULL,NULL,NULL,NULL,NULL,NULL,NULL,83,NULL,NULL,NULL,JDW,NULL,NULL
Eurillas latirostris_204,80994,AVIBASE-728B225E,Eurillas latirostris,Eurillas latirostris,Andropadus latirostris,NULL,field study,Field1,1_NA_4327,1_NA,Equatorial Guinea,NULL,Oyala,female,Adult,78,NULL,NULL,NULL,NULL,NULL,NULL,NULL,NULL,NULL,75,NULL,NULL,NULL,JDW,NULL,NULL
Eurillas latirostris_205,80929,AVIBASE-728B225E,Eurillas latirostris,Eurillas latirostris,Andropadus latirostris,NULL,field study,Field1,1_NA_4262,1_NA,Equatorial Guinea,NULL,Oyala,female,Adult,76,NULL,NULL,NULL,NULL,NULL,NULL,NULL,NULL,NULL,70,NULL,NULL,NULL,JDW,NULL,NULL
Eurillas latirostris_206,80937,AVIBASE-728B225E,Eurillas latirostris,Eurillas latirostris,Andropadus latirostris,NULL,field study,Field1,1_NA_4270,1_NA,Equatorial Guinea,NULL,Oyala,female,Adult,74,NULL,NULL,NULL,NULL,NULL,NULL,NULL,NULL,NULL,74,NULL,NULL,NULL,JDW,NULL,NULL
Eurillas latirostris_207,80956,AVIBASE-728B225E,Eurillas latirostris,Eurillas latirostris,Andropadus latirostris,NULL,field study,Field1,1_NA_4289,1_NA,Equatorial Guinea,NULL,Oyala,female,Adult,78,NULL,NULL,NULL,NULL,NULL,NULL,NULL,NULL,NULL,76,NULL,NULL,NULL,JDW,NULL,NULL
Eurillas latirostris_208,80928,AVIBASE-728B225E,Eurillas latirostris,Eurillas latirostris,Andropadus latirostris,NULL,field study,Field1,1_NA_4261,1_NA,Equatorial Guinea,NULL,Oyala,unknown,Adult,76,NULL,NULL,NULL,NULL,NULL,NULL,NULL,NULL,NULL,70,NULL,NULL,NULL,JDW,NULL,NULL
Eurillas latirostris_209,80938,AVIBASE-728B225E,Eurillas latirostris,Eurillas latirostris,Andropadus latirostris,NULL,field study,Field1,1_NA_4271,1_NA,Equatorial Guinea,NULL,Oyala,unknown,Adult,77,NULL,NULL,NULL,NULL,NULL,NULL,NULL,NULL,NULL,71,NULL,NULL,NULL,JDW,NULL,NULL
Eurillas latirostris_21,81032,AVIBASE-728B225E,Eurillas latirostris,Eurillas latirostris,Andropadus latirostris,NULL,field study,Field1,1_NA_4365,1_NA,Equatorial Guinea,NULL,Oyala,unknown,Adult,74,NULL,NULL,NULL,NULL,NULL,NULL,NULL,NULL,NULL,69,NULL,NULL,NULL,AKW,NULL,NULL
Eurillas latirostris_210,80932,AVIBASE-728B225E,Eurillas latirostris,Eurillas latirostris,Andropadus latirostris,NULL,field study,Field1,1_NA_4265,1_NA,Equatorial Guinea,NULL,Oyala,unknown,Adult,NULL,NULL,NULL,NULL,NULL,NULL,NULL,NULL,NULL,NULL,72,NULL,NULL,NULL,JDW,NULL,NULL
Eurillas latirostris_211,80935,AVIBASE-728B225E,Eurillas latirostris,Eurillas latirostris,Andropadus latirostris,NULL,field study,Field1,1_NA_4268,1_NA,Equatorial Guinea,NULL,Oyala,unknown,Adult,NULL,NULL,NULL,NULL,NULL,NULL,NULL,NULL,NULL,NULL,72,NULL,NULL,NULL,JDW,NULL,NULL
Eurillas latirostris_212,80995,AVIBASE-728B225E,Eurillas latirostris,Eurillas latirostris,Andropadus latirostris,NULL,field study,Field1,1_NA_4328,1_NA,Equatorial Guinea,NULL,Oyala,female,Adult,78,NULL,NULL,NULL,NULL,NULL,NULL,NULL,NULL,NULL,74,NULL,NULL,NULL,JDW,NULL,NULL
Eurillas latirostris_213,80934,AVIBASE-728B225E,Eurillas latirostris,Eurillas latirostris,Andropadus latirostris,NULL,field study,Field1,1_NA_4267,1_NA,Equatorial Guinea,NULL,Oyala,female,Adult,83,NULL,NULL,NULL,NULL,NULL,NULL,NULL,NULL,NULL,74,NULL,NULL,NULL,JDW,NULL,NULL
Eurillas latirostris_214,80908,AVIBASE-728B225E,Eurillas latirostris,Eurillas latirostris,Andropadus latirostris,NULL,field study,Field1,1_NA_4241,1_NA,Equatorial Guinea,NULL,Oyala,unknown,Adult,83,NULL,NULL,NULL,NULL,NULL,NULL,NULL,NULL,NULL,78,NULL,NULL,NULL,JDW,NULL,NULL
Eurillas latirostris_215,81311,AVIBASE-728B225E,Eurillas latirostris,Eurillas latirostris,Andropadus latirostris,NULL,field study,Field1,1_NA_4644,1_NA,Equatorial Guinea,NULL,Altos de Nsork National Park,unknown,Adult,77,NULL,NULL,NULL,NULL,NULL,NULL,NULL,NULL,NULL,72,NULL,NULL,NULL,JDW,NULL,NULL
Eurillas latirostris_216,81317,AVIBASE-728B225E,Eurillas latirostris,Eurillas latirostris,Andropadus latirostris,NULL,field study,Field1,1_NA_4650,1_NA,Equatorial Guinea,NULL,Altos de Nsork National Park,unknown,Adult,84,NULL,NULL,NULL,NULL,NULL,NULL,NULL,NULL,NULL,81,NULL,NULL,NULL,JDW,NULL,NULL
Eurillas latirostris_217,81346,AVIBASE-728B225E,Eurillas latirostris,Eurillas latirostris,Andropadus latirostris,NULL,field study,Field1,1_NA_4679,1_NA,Equatorial Guinea,NULL,Altos de Nsork National Park,unknown,Adult,78,NULL,NULL,NULL,NULL,NULL,NULL,NULL,NULL,NULL,71,NULL,NULL,NULL,JDW,NULL,NULL
Eurillas latirostris_218,81343,AVIBASE-728B225E,Eurillas latirostris,Eurillas latirostris,Andropadus latirostris,NULL,field study,Field1,1_NA_4676,1_NA,Equatorial Guinea,NULL,Altos de Nsork National Park,unknown,Adult,72,NULL,NULL,NULL,NULL,NULL,NULL,NULL,NULL,NULL,74,NULL,NULL,NULL,JDW,NULL,NULL
Eurillas latirostris_219,81352,AVIBASE-728B225E,Eurillas latirostris,Eurillas latirostris,Andropadus latirostris,NULL,field study,Field1,1_NA_4685,1_NA,Equatorial Guinea,NULL,Altos de Nsork National Park,unknown,Adult,82,NULL,NULL,NULL,NULL,NULL,NULL,NULL,NULL,NULL,76,NULL,NULL,NULL,JDW,NULL,NULL
Eurillas latirostris_22,81033,AVIBASE-728B225E,Eurillas latirostris,Eurillas latirostris,Andropadus latirostris,NULL,field study,Field1,1_NA_4366,1_NA,Equatorial Guinea,NULL,Oyala,unknown,Adult,75,NULL,NULL,NULL,NULL,NULL,NULL,NULL,NULL,NULL,73,NULL,NULL,NULL,AKW,NULL,NULL
Eurillas latirostris_220,81349,AVIBASE-728B225E,Eurillas latirostris,Eurillas latirostris,Andropadus latirostris,NULL,field study,Field1,1_NA_4682,1_NA,Equatorial Guinea,NULL,Altos de Nsork National Park,unknown,Adult,85,NULL,NULL,NULL,NULL,NULL,NULL,NULL,NULL,NULL,NULL,NULL,NULL,NULL,JDW,NULL,NULL
Eurillas latirostris_221,81249,AVIBASE-728B225E,Eurillas latirostris,Eurillas latirostris,Andropadus latirostris,NULL,field study,Field1,1_NA_4582,1_NA,Equatorial Guinea,NULL,Altos de Nsork National Park,unknown,Adult,76,NULL,NULL,NULL,NULL,NULL,NULL,NULL,NULL,NULL,72,NULL,NULL,NULL,JDW,NULL,NULL
Eurillas latirostris_222,81302,AVIBASE-728B225E,Eurillas latirostris,Eurillas latirostris,Andropadus latirostris,NULL,field study,Field1,1_NA_4635,1_NA,Equatorial Guinea,NULL,Altos de Nsork National Park,female,Adult,78,NULL,NULL,NULL,NULL,NULL,NULL,NULL,NULL,NULL,72,NULL,NULL,NULL,JDW,NULL,NULL
Eurillas latirostris_223,81163,AVIBASE-728B225E,Eurillas latirostris,Eurillas latirostris,Andropadus latirostris,NULL,field study,Field1,1_NA_4496,1_NA,Equatorial Guinea,NULL,Altos de Nsork National Park,unknown,Adult,79,NULL,NULL,NULL,NULL,NULL,NULL,NULL,NULL,NULL,72,NULL,NULL,NULL,JDW,NULL,NULL
Eurillas latirostris_224,81354,AVIBASE-728B225E,Eurillas latirostris,Eurillas latirostris,Andropadus latirostris,NULL,field study,Field1,1_NA_4687,1_NA,Equatorial Guinea,NULL,Altos de Nsork National Park,female,Adult,76,NULL,NULL,NULL,NULL,NULL,NULL,NULL,NULL,NULL,74,NULL,NULL,NULL,JDW,NULL,NULL
Eurillas latirostris_225,81336,AVIBASE-728B225E,Eurillas latirostris,Eurillas latirostris,Andropadus latirostris,NULL,field study,Field1,1_NA_4669,1_NA,Equatorial Guinea,NULL,Altos de Nsork National Park,unknown,Adult,80,NULL,NULL,NULL,NULL,NULL,NULL,NULL,NULL,NULL,76,NULL,NULL,NULL,JDW,NULL,NULL
Eurillas latirostris_226,80931,AVIBASE-728B225E,Eurillas latirostris,Eurillas latirostris,Andropadus latirostris,NULL,field study,Field1,1_NA_4264,1_NA,Equatorial Guinea,NULL,Altos de Nsork National Park,female,Adult,80,NULL,NULL,NULL,NULL,NULL,NULL,NULL,NULL,NULL,78,NULL,NULL,NULL,JDW,NULL,NULL
Eurillas latirostris_227,81320,AVIBASE-728B225E,Eurillas latirostris,Eurillas latirostris,Andropadus latirostris,NULL,field study,Field1,1_NA_4653,1_NA,Equatorial Guinea,NULL,Altos de Nsork National Park,male,Adult,83,NULL,NULL,NULL,NULL,NULL,NULL,NULL,NULL,NULL,79,NULL,NULL,NULL,JDW,NULL,NULL
Eurillas latirostris_228,81351,AVIBASE-728B225E,Eurillas latirostris,Eurillas latirostris,Andropadus latirostris,NULL,field study,Field1,1_NA_4684,1_NA,Equatorial Guinea,NULL,Altos de Nsork National Park,unknown,Adult,83,NULL,NULL,NULL,NULL,NULL,NULL,NULL,NULL,NULL,79,NULL,NULL,NULL,JDW,NULL,NULL
Eurillas latirostris_229,81338,AVIBASE-728B225E,Eurillas latirostris,Eurillas latirostris,Andropadus latirostris,NULL,field study,Field1,1_NA_4671,1_NA,Equatorial Guinea,NULL,Altos de Nsork National Park,female,Adult,NULL,NULL,NULL,NULL,NULL,NULL,NULL,NULL,NULL,NULL,72,NULL,NULL,NULL,JDW,NULL,NULL
Eurillas latirostris_23,81034,AVIBASE-728B225E,Eurillas latirostris,Eurillas latirostris,Andropadus latirostris,NULL,field study,Field1,1_NA_4367,1_NA,Equatorial Guinea,NULL,Oyala,unknown,Adult,83,NULL,NULL,NULL,NULL,NULL,NULL,NULL,NULL,NULL,82,NULL,NULL,NULL,AKW,NULL,NULL
Eurillas latirostris_230,81337,AVIBASE-728B225E,Eurillas latirostris,Eurillas latirostris,Andropadus latirostris,NULL,field study,Field1,1_NA_4670,1_NA,Equatorial Guinea,NULL,Altos de Nsork National Park,male,Adult,88,NULL,NULL,NULL,NULL,NULL,NULL,NULL,NULL,NULL,84,NULL,NULL,NULL,JDW,NULL,NULL
Eurillas latirostris_231,81347,AVIBASE-728B225E,Eurillas latirostris,Eurillas latirostris,Andropadus latirostris,NULL,field study,Field1,1_NA_4680,1_NA,Equatorial Guinea,NULL,Altos de Nsork National Park,unknown,Adult,80,NULL,NULL,NULL,NULL,NULL,NULL,NULL,NULL,NULL,76,NULL,NULL,NULL,JDW,NULL,NULL
Eurillas latirostris_232,81339,AVIBASE-728B225E,Eurillas latirostris,Eurillas latirostris,Andropadus latirostris,NULL,field study,Field1,1_NA_4672,1_NA,Equatorial Guinea,NULL,Altos de Nsork National Park,male,Adult,83,NULL,NULL,NULL,NULL,NULL,NULL,NULL,NULL,NULL,77,NULL,NULL,NULL,JDW,NULL,NULL
Eurillas latirostris_233,81335,AVIBASE-728B225E,Eurillas latirostris,Eurillas latirostris,Andropadus latirostris,NULL,field study,Field1,1_NA_4668,1_NA,Equatorial Guinea,NULL,Altos de Nsork National Park,unknown,Adult,84,NULL,NULL,NULL,NULL,NULL,NULL,NULL,NULL,NULL,NULL,NULL,NULL,NULL,JDW,NULL,NULL
Eurillas latirostris_234,81340,AVIBASE-728B225E,Eurillas latirostris,Eurillas latirostris,Andropadus latirostris,NULL,field study,Field1,1_NA_4673,1_NA,Equatorial Guinea,NULL,Altos de Nsork National Park,male,Adult,85,NULL,NULL,NULL,NULL,NULL,NULL,NULL,NULL,NULL,NULL,NULL,NULL,NULL,JDW,NULL,NULL
Eurillas latirostris_235,81120,AVIBASE-728B225E,Eurillas latirostris,Eurillas latirostris,Andropadus latirostris,NULL,field study,Field1,1_NA_4453,1_NA,Equatorial Guinea,NULL,Oyala,unknown,Adult,77,NULL,NULL,NULL,NULL,NULL,NULL,NULL,NULL,NULL,75,NULL,NULL,NULL,JDW,NULL,NULL
Eurillas latirostris_236,81253,AVIBASE-728B225E,Eurillas latirostris,Eurillas latirostris,Andropadus latirostris,NULL,field study,Field1,1_NA_4586,1_NA,Equatorial Guinea,NULL,Oyala,unknown,Adult,81,NULL,NULL,NULL,NULL,NULL,NULL,NULL,NULL,NULL,76,NULL,NULL,NULL,JDW,NULL,NULL
Eurillas latirostris_237,81059,AVIBASE-728B225E,Eurillas latirostris,Eurillas latirostris,Andropadus latirostris,NULL,field study,Field1,1_NA_4392,1_NA,Equatorial Guinea,NULL,Oyala,unknown,Adult,87,NULL,NULL,NULL,NULL,NULL,NULL,NULL,NULL,NULL,78,NULL,NULL,NULL,JDW,NULL,NULL
Eurillas latirostris_238,81054,AVIBASE-728B225E,Eurillas latirostris,Eurillas latirostris,Andropadus latirostris,NULL,field study,Field1,1_NA_4387,1_NA,Equatorial Guinea,NULL,Oyala,unknown,Adult,NULL,NULL,NULL,NULL,NULL,NULL,NULL,NULL,NULL,NULL,82,NULL,NULL,NULL,JDW,NULL,NULL
Eurillas latirostris_239,81323,AVIBASE-728B225E,Eurillas latirostris,Eurillas latirostris,Andropadus latirostris,NULL,field study,Field1,1_NA_4656,1_NA,Equatorial Guinea,NULL,Altos de Nsork National Park,female,Adult,73,NULL,NULL,NULL,NULL,NULL,NULL,NULL,NULL,NULL,71,NULL,NULL,NULL,JDW,NULL,NULL
Eurillas latirostris_24,80969,AVIBASE-728B225E,Eurillas latirostris,Eurillas latirostris,Andropadus latirostris,NULL,field study,Field1,1_NA_4302,1_NA,Equatorial Guinea,NULL,Oyala,unknown,Adult,78,NULL,NULL,NULL,NULL,NULL,NULL,NULL,NULL,NULL,69,NULL,NULL,NULL,AKW,NULL,NULL
Eurillas latirostris_240,81322,AVIBASE-728B225E,Eurillas latirostris,Eurillas latirostris,Andropadus latirostris,NULL,field study,Field1,1_NA_4655,1_NA,Equatorial Guinea,NULL,Altos de Nsork National Park,male,Adult,81,NULL,NULL,NULL,NULL,NULL,NULL,NULL,NULL,NULL,77,NULL,NULL,NULL,JDW,NULL,NULL
Eurillas latirostris_241,81342,AVIBASE-728B225E,Eurillas latirostris,Eurillas latirostris,Andropadus latirostris,NULL,field study,Field1,1_NA_4675,1_NA,Equatorial Guinea,NULL,Altos de Nsork National Park,male,Adult,83,NULL,NULL,NULL,NULL,NULL,NULL,NULL,NULL,NULL,79,NULL,NULL,NULL,JDW,NULL,NULL
Eurillas latirostris_242,81151,AVIBASE-728B225E,Eurillas latirostris,Eurillas latirostris,Andropadus latirostris,NULL,field study,Field1,1_NA_4484,1_NA,Equatorial Guinea,NULL,Oyala,unknown,Adult,74,NULL,NULL,NULL,NULL,NULL,NULL,NULL,NULL,NULL,71,NULL,NULL,NULL,JDW,NULL,NULL
Eurillas latirostris_243,80996,AVIBASE-728B225E,Eurillas latirostris,Eurillas latirostris,Andropadus latirostris,NULL,field study,Field1,1_NA_4329,1_NA,Equatorial Guinea,NULL,Oyala,female,Adult,78,NULL,NULL,NULL,NULL,NULL,NULL,NULL,NULL,NULL,75,NULL,NULL,NULL,JDW,NULL,NULL
Eurillas latirostris_244,80901,AVIBASE-728B225E,Eurillas latirostris,Eurillas latirostris,Andropadus latirostris,NULL,field study,Field1,1_NA_4234,1_NA,Equatorial Guinea,NULL,Oyala,unknown,Adult,79,NULL,NULL,NULL,NULL,NULL,NULL,NULL,NULL,NULL,75,NULL,NULL,NULL,JDW,NULL,NULL
Eurillas latirostris_245,81326,AVIBASE-728B225E,Eurillas latirostris,Eurillas latirostris,Andropadus latirostris,NULL,field study,Field1,1_NA_4659,1_NA,Equatorial Guinea,NULL,Oyala,unknown,Adult,79,NULL,NULL,NULL,NULL,NULL,NULL,NULL,NULL,NULL,72,NULL,NULL,NULL,JDW,NULL,NULL
Eurillas latirostris_246,80880,AVIBASE-728B225E,Eurillas latirostris,Eurillas latirostris,Andropadus latirostris,NULL,field study,Field1,1_NA_4213,1_NA,Equatorial Guinea,NULL,Oyala,unknown,Adult,78,NULL,NULL,NULL,NULL,NULL,NULL,NULL,NULL,NULL,75,NULL,NULL,NULL,JDW,NULL,NULL
Eurillas latirostris_247,80973,AVIBASE-728B225E,Eurillas latirostris,Eurillas latirostris,Andropadus latirostris,NULL,field study,Field1,1_NA_4306,1_NA,Equatorial Guinea,NULL,Oyala,unknown,Adult,83,NULL,NULL,NULL,NULL,NULL,NULL,NULL,NULL,NULL,75,NULL,NULL,NULL,JDW,NULL,NULL
Eurillas latirostris_248,80977,AVIBASE-728B225E,Eurillas latirostris,Eurillas latirostris,Andropadus latirostris,NULL,field study,Field1,1_NA_4310,1_NA,Equatorial Guinea,NULL,Oyala,female,Adult,75,NULL,NULL,NULL,NULL,NULL,NULL,NULL,NULL,NULL,71,NULL,NULL,NULL,JDW,NULL,NULL
Eurillas latirostris_249,81122,AVIBASE-728B225E,Eurillas latirostris,Eurillas latirostris,Andropadus latirostris,NULL,field study,Field1,1_NA_4455,1_NA,Equatorial Guinea,NULL,Oyala,female,Adult,76,NULL,NULL,NULL,NULL,NULL,NULL,NULL,NULL,NULL,73,NULL,NULL,NULL,JDW,NULL,NULL
Eurillas latirostris_25,81010,AVIBASE-728B225E,Eurillas latirostris,Eurillas latirostris,Andropadus latirostris,NULL,field study,Field1,1_NA_4343,1_NA,Equatorial Guinea,NULL,Oyala,unknown,Adult,78,NULL,NULL,NULL,NULL,NULL,NULL,NULL,NULL,NULL,74,NULL,NULL,NULL,AKW,NULL,NULL
Eurillas latirostris_250,80883,AVIBASE-728B225E,Eurillas latirostris,Eurillas latirostris,Andropadus latirostris,NULL,field study,Field1,1_NA_4216,1_NA,Equatorial Guinea,NULL,Oyala,male,Adult,83,NULL,NULL,NULL,NULL,NULL,NULL,NULL,NULL,NULL,78,NULL,NULL,NULL,JDW,NULL,NULL
Eurillas latirostris_251,80983,AVIBASE-728B225E,Eurillas latirostris,Eurillas latirostris,Andropadus latirostris,NULL,field study,Field1,1_NA_4316,1_NA,Equatorial Guinea,NULL,Oyala,female,Adult,75,NULL,NULL,NULL,NULL,NULL,NULL,NULL,NULL,NULL,71,NULL,NULL,NULL,JDW,NULL,NULL
Eurillas latirostris_252,81042,AVIBASE-728B225E,Eurillas latirostris,Eurillas latirostris,Andropadus latirostris,NULL,field study,Field1,1_NA_4375,1_NA,Equatorial Guinea,NULL,Oyala,female,Adult,74,NULL,NULL,NULL,NULL,NULL,NULL,NULL,NULL,NULL,72,NULL,NULL,NULL,JDW,NULL,NULL
Eurillas latirostris_253,81350,AVIBASE-728B225E,Eurillas latirostris,Eurillas latirostris,Andropadus latirostris,NULL,field study,Field1,1_NA_4683,1_NA,Equatorial Guinea,NULL,Oyala,unknown,Adult,76,NULL,NULL,NULL,NULL,NULL,NULL,NULL,NULL,NULL,72,NULL,NULL,NULL,JDW,NULL,NULL
Eurillas latirostris_254,80978,AVIBASE-728B225E,Eurillas latirostris,Eurillas latirostris,Andropadus latirostris,NULL,field study,Field1,1_NA_4311,1_NA,Equatorial Guinea,NULL,Oyala,unknown,Adult,75,NULL,NULL,NULL,NULL,NULL,NULL,NULL,NULL,NULL,73,NULL,NULL,NULL,JDW,NULL,NULL
Eurillas latirostris_255,80907,AVIBASE-728B225E,Eurillas latirostris,Eurillas latirostris,Andropadus latirostris,NULL,field study,Field1,1_NA_4240,1_NA,Equatorial Guinea,NULL,Oyala,unknown,Adult,NULL,NULL,NULL,NULL,NULL,NULL,NULL,NULL,NULL,NULL,73,NULL,NULL,NULL,JDW,NULL,NULL
Eurillas latirostris_256,81121,AVIBASE-728B225E,Eurillas latirostris,Eurillas latirostris,Andropadus latirostris,NULL,field study,Field1,1_NA_4454,1_NA,Equatorial Guinea,NULL,Oyala,female,Adult,78,NULL,NULL,NULL,NULL,NULL,NULL,NULL,NULL,NULL,75,NULL,NULL,NULL,JDW,NULL,NULL
Eurillas latirostris_257,80905,AVIBASE-728B225E,Eurillas latirostris,Eurillas latirostris,Andropadus latirostris,NULL,field study,Field1,1_NA_4238,1_NA,Equatorial Guinea,NULL,Oyala,unknown,Adult,80,NULL,NULL,NULL,NULL,NULL,NULL,NULL,NULL,NULL,78,NULL,NULL,NULL,JDW,NULL,NULL
Eurillas latirostris_258,81143,AVIBASE-728B225E,Eurillas latirostris,Eurillas latirostris,Andropadus latirostris,NULL,field study,Field1,1_NA_4476,1_NA,Equatorial Guinea,NULL,Oyala,unknown,Adult,75,NULL,NULL,NULL,NULL,NULL,NULL,NULL,NULL,NULL,69,NULL,NULL,NULL,JDW,NULL,NULL
Eurillas latirostris_259,80991,AVIBASE-728B225E,Eurillas latirostris,Eurillas latirostris,Andropadus latirostris,NULL,field study,Field1,1_NA_4324,1_NA,Equatorial Guinea,NULL,Oyala,unknown,Adult,76,NULL,NULL,NULL,NULL,NULL,NULL,NULL,NULL,NULL,74,NULL,NULL,NULL,JDW,NULL,NULL
Eurillas latirostris_26,81060,AVIBASE-728B225E,Eurillas latirostris,Eurillas latirostris,Andropadus latirostris,NULL,field study,Field1,1_NA_4393,1_NA,Equatorial Guinea,NULL,Oyala,male,Adult,86,NULL,NULL,NULL,NULL,NULL,NULL,NULL,NULL,NULL,79,NULL,NULL,NULL,AKW,NULL,NULL
Eurillas latirostris_260,81149,AVIBASE-728B225E,Eurillas latirostris,Eurillas latirostris,Andropadus latirostris,NULL,field study,Field1,1_NA_4482,1_NA,Equatorial Guinea,NULL,Oyala,male,Adult,82,NULL,NULL,NULL,NULL,NULL,NULL,NULL,NULL,NULL,78,NULL,NULL,NULL,JDW,NULL,NULL
Eurillas latirostris_261,81141,AVIBASE-728B225E,Eurillas latirostris,Eurillas latirostris,Andropadus latirostris,NULL,field study,Field1,1_NA_4474,1_NA,Equatorial Guinea,NULL,Oyala,unknown,Adult,NULL,NULL,NULL,NULL,NULL,NULL,NULL,NULL,NULL,NULL,80,NULL,NULL,NULL,JDW,NULL,NULL
Eurillas latirostris_262,80992,AVIBASE-728B225E,Eurillas latirostris,Eurillas latirostris,Andropadus latirostris,NULL,field study,Field1,1_NA_4325,1_NA,Equatorial Guinea,NULL,Oyala,female,Adult,79,NULL,NULL,NULL,NULL,NULL,NULL,NULL,NULL,NULL,68,NULL,NULL,NULL,JDW,NULL,NULL
Eurillas latirostris_263,81145,AVIBASE-728B225E,Eurillas latirostris,Eurillas latirostris,Andropadus latirostris,NULL,field study,Field1,1_NA_4478,1_NA,Equatorial Guinea,NULL,Oyala,unknown,Adult,78,NULL,NULL,NULL,NULL,NULL,NULL,NULL,NULL,NULL,75,NULL,NULL,NULL,JDW,NULL,NULL
Eurillas latirostris_264,81348,AVIBASE-728B225E,Eurillas latirostris,Eurillas latirostris,Andropadus latirostris,NULL,field study,Field1,1_NA_4681,1_NA,Equatorial Guinea,NULL,Altos de Nsork National Park,unknown,Adult,79,NULL,NULL,NULL,NULL,NULL,NULL,NULL,NULL,NULL,72,NULL,NULL,NULL,JDW,NULL,NULL
Eurillas latirostris_265,81324,AVIBASE-728B225E,Eurillas latirostris,Eurillas latirostris,Andropadus latirostris,NULL,field study,Field1,1_NA_4657,1_NA,Equatorial Guinea,NULL,Altos de Nsork National Park,male,Adult,87,NULL,NULL,NULL,NULL,NULL,NULL,NULL,NULL,NULL,80,NULL,NULL,NULL,JDW,NULL,NULL
Eurillas latirostris_266,81309,AVIBASE-728B225E,Eurillas latirostris,Eurillas latirostris,Andropadus latirostris,NULL,field study,Field1,1_NA_4642,1_NA,Equatorial Guinea,NULL,Altos de Nsork National Park,female,Adult,71,NULL,NULL,NULL,NULL,NULL,NULL,NULL,NULL,NULL,66,NULL,NULL,NULL,JDW,NULL,NULL
Eurillas latirostris_267,81310,AVIBASE-728B225E,Eurillas latirostris,Eurillas latirostris,Andropadus latirostris,NULL,field study,Field1,1_NA_4643,1_NA,Equatorial Guinea,NULL,Altos de Nsork National Park,female,Adult,78,NULL,NULL,NULL,NULL,NULL,NULL,NULL,NULL,NULL,72,NULL,NULL,NULL,JDW,NULL,NULL
Eurillas latirostris_268,81304,AVIBASE-728B225E,Eurillas latirostris,Eurillas latirostris,Andropadus latirostris,NULL,field study,Field1,1_NA_4637,1_NA,Equatorial Guinea,NULL,Altos de Nsork National Park,unknown,Adult,74,NULL,NULL,NULL,NULL,NULL,NULL,NULL,NULL,NULL,NULL,NULL,NULL,NULL,JDW,NULL,NULL
Eurillas latirostris_269,81305,AVIBASE-728B225E,Eurillas latirostris,Eurillas latirostris,Andropadus latirostris,NULL,field study,Field1,1_NA_4638,1_NA,Equatorial Guinea,NULL,Altos de Nsork National Park,female,Adult,77,NULL,NULL,NULL,NULL,NULL,NULL,NULL,NULL,NULL,71,NULL,NULL,NULL,JDW,NULL,NULL
Eurillas latirostris_27,81049,AVIBASE-728B225E,Eurillas latirostris,Eurillas latirostris,Andropadus latirostris,NULL,field study,Field1,1_NA_4382,1_NA,Equatorial Guinea,NULL,Oyala,female,Adult,77,NULL,NULL,NULL,NULL,NULL,NULL,NULL,NULL,NULL,72,NULL,NULL,NULL,AKW,NULL,NULL
Eurillas latirostris_270,81314,AVIBASE-728B225E,Eurillas latirostris,Eurillas latirostris,Andropadus latirostris,NULL,field study,Field1,1_NA_4647,1_NA,Equatorial Guinea,NULL,Altos de Nsork National Park,unknown,Adult,77,NULL,NULL,NULL,NULL,NULL,NULL,NULL,NULL,NULL,72,NULL,NULL,NULL,JDW,NULL,NULL
Eurillas latirostris_271,81345,AVIBASE-728B225E,Eurillas latirostris,Eurillas latirostris,Andropadus latirostris,NULL,field study,Field1,1_NA_4678,1_NA,Equatorial Guinea,NULL,Altos de Nsork National Park,female,Adult,78,NULL,NULL,NULL,NULL,NULL,NULL,NULL,NULL,NULL,72,NULL,NULL,NULL,JDW,NULL,NULL
Eurillas latirostris_272,81313,AVIBASE-728B225E,Eurillas latirostris,Eurillas latirostris,Andropadus latirostris,NULL,field study,Field1,1_NA_4646,1_NA,Equatorial Guinea,NULL,Altos de Nsork National Park,female,Adult,77,NULL,NULL,NULL,NULL,NULL,NULL,NULL,NULL,NULL,73,NULL,NULL,NULL,JDW,NULL,NULL
Eurillas latirostris_273,81307,AVIBASE-728B225E,Eurillas latirostris,Eurillas latirostris,Andropadus latirostris,NULL,field study,Field1,1_NA_4640,1_NA,Equatorial Guinea,NULL,Altos de Nsork National Park,unknown,Adult,79,NULL,NULL,NULL,NULL,NULL,NULL,NULL,NULL,NULL,73,NULL,NULL,NULL,JDW,NULL,NULL
Eurillas latirostris_274,81301,AVIBASE-728B225E,Eurillas latirostris,Eurillas latirostris,Andropadus latirostris,NULL,field study,Field1,1_NA_4634,1_NA,Equatorial Guinea,NULL,Altos de Nsork National Park,unknown,Adult,80,NULL,NULL,NULL,NULL,NULL,NULL,NULL,NULL,NULL,73,NULL,NULL,NULL,JDW,NULL,NULL
Eurillas latirostris_275,81308,AVIBASE-728B225E,Eurillas latirostris,Eurillas latirostris,Andropadus latirostris,NULL,field study,Field1,1_NA_4641,1_NA,Equatorial Guinea,NULL,Altos de Nsork National Park,male,Adult,76,NULL,NULL,NULL,NULL,NULL,NULL,NULL,NULL,NULL,74,NULL,NULL,NULL,JDW,NULL,NULL
Eurillas latirostris_276,81306,AVIBASE-728B225E,Eurillas latirostris,Eurillas latirostris,Andropadus latirostris,NULL,field study,Field1,1_NA_4639,1_NA,Equatorial Guinea,NULL,Altos de Nsork National Park,female,Adult,78,NULL,NULL,NULL,NULL,NULL,NULL,NULL,NULL,NULL,74,NULL,NULL,NULL,JDW,NULL,NULL
Eurillas latirostris_277,81312,AVIBASE-728B225E,Eurillas latirostris,Eurillas latirostris,Andropadus latirostris,NULL,field study,Field1,1_NA_4645,1_NA,Equatorial Guinea,NULL,Altos de Nsork National Park,unknown,Adult,79,NULL,NULL,NULL,NULL,NULL,NULL,NULL,NULL,NULL,77,NULL,NULL,NULL,JDW,NULL,NULL
Eurillas latirostris_278,81303,AVIBASE-728B225E,Eurillas latirostris,Eurillas latirostris,Andropadus latirostris,NULL,field study,Field1,1_NA_4636,1_NA,Equatorial Guinea,NULL,Altos de Nsork National Park,male,Adult,85,NULL,NULL,NULL,NULL,NULL,NULL,NULL,NULL,NULL,81,NULL,NULL,NULL,JDW,NULL,NULL
Eurillas latirostris_279,81332,AVIBASE-728B225E,Eurillas latirostris,Eurillas latirostris,Andropadus latirostris,NULL,field study,Field1,1_NA_4665,1_NA,Equatorial Guinea,NULL,Altos de Nsork National Park,female,Adult,66,NULL,NULL,NULL,NULL,NULL,NULL,NULL,NULL,NULL,65,NULL,NULL,NULL,JDW,NULL,NULL
Eurillas latirostris_28,81070,AVIBASE-728B225E,Eurillas latirostris,Eurillas latirostris,Andropadus latirostris,NULL,field study,Field1,1_NA_4403,1_NA,Equatorial Guinea,NULL,Oyala,unknown,Adult,78,NULL,NULL,NULL,NULL,NULL,NULL,NULL,NULL,NULL,74,NULL,NULL,NULL,AKW,NULL,NULL
Eurillas latirostris_280,81331,AVIBASE-728B225E,Eurillas latirostris,Eurillas latirostris,Andropadus latirostris,NULL,field study,Field1,1_NA_4664,1_NA,Equatorial Guinea,NULL,Altos de Nsork National Park,unknown,Adult,69,NULL,NULL,NULL,NULL,NULL,NULL,NULL,NULL,NULL,65,NULL,NULL,NULL,JDW,NULL,NULL
Eurillas latirostris_281,81333,AVIBASE-728B225E,Eurillas latirostris,Eurillas latirostris,Andropadus latirostris,NULL,field study,Field1,1_NA_4666,1_NA,Equatorial Guinea,NULL,Altos de Nsork National Park,female,Adult,75,NULL,NULL,NULL,NULL,NULL,NULL,NULL,NULL,NULL,71,NULL,NULL,NULL,JDW,NULL,NULL
Eurillas latirostris_282,81334,AVIBASE-728B225E,Eurillas latirostris,Eurillas latirostris,Andropadus latirostris,NULL,field study,Field1,1_NA_4667,1_NA,Equatorial Guinea,NULL,Altos de Nsork National Park,female,Adult,77,NULL,NULL,NULL,NULL,NULL,NULL,NULL,NULL,NULL,73,NULL,NULL,NULL,JDW,NULL,NULL
Eurillas latirostris_283,81327,AVIBASE-728B225E,Eurillas latirostris,Eurillas latirostris,Andropadus latirostris,NULL,field study,Field1,1_NA_4660,1_NA,Equatorial Guinea,NULL,Altos de Nsork National Park,unknown,Adult,77,NULL,NULL,NULL,NULL,NULL,NULL,NULL,NULL,NULL,75,NULL,NULL,NULL,JDW,NULL,NULL
Eurillas latirostris_284,81329,AVIBASE-728B225E,Eurillas latirostris,Eurillas latirostris,Andropadus latirostris,NULL,field study,Field1,1_NA_4662,1_NA,Equatorial Guinea,NULL,Altos de Nsork National Park,female,Adult,76,NULL,NULL,NULL,NULL,NULL,NULL,NULL,NULL,NULL,68,NULL,NULL,NULL,JDW,NULL,NULL
Eurillas latirostris_285,81330,AVIBASE-728B225E,Eurillas latirostris,Eurillas latirostris,Andropadus latirostris,NULL,field study,Field1,1_NA_4663,1_NA,Equatorial Guinea,NULL,Altos de Nsork National Park,unknown,Adult,73,NULL,NULL,NULL,NULL,NULL,NULL,NULL,NULL,NULL,71,NULL,NULL,NULL,JDW,NULL,NULL
Eurillas latirostris_286,81361,AVIBASE-728B225E,Eurillas latirostris,Eurillas latirostris,Andropadus latirostris,NULL,field study,Field1,1_NA_4694,1_NA,Equatorial Guinea,NULL,Altos de Nsork National Park,female,Adult,76,NULL,NULL,NULL,NULL,NULL,NULL,NULL,NULL,NULL,70,NULL,NULL,NULL,JDW,NULL,NULL
Eurillas latirostris_287,81355,AVIBASE-728B225E,Eurillas latirostris,Eurillas latirostris,Andropadus latirostris,NULL,field study,Field1,1_NA_4688,1_NA,Equatorial Guinea,NULL,Altos de Nsork National Park,female,Adult,79,NULL,NULL,NULL,NULL,NULL,NULL,NULL,NULL,NULL,72,NULL,NULL,NULL,JDW,NULL,NULL
Eurillas latirostris_288,81356,AVIBASE-728B225E,Eurillas latirostris,Eurillas latirostris,Andropadus latirostris,NULL,field study,Field1,1_NA_4689,1_NA,Equatorial Guinea,NULL,Altos de Nsork National Park,unknown,Adult,80,NULL,NULL,NULL,NULL,NULL,NULL,NULL,NULL,NULL,72,NULL,NULL,NULL,JDW,NULL,NULL
Eurillas latirostris_289,81358,AVIBASE-728B225E,Eurillas latirostris,Eurillas latirostris,Andropadus latirostris,NULL,field study,Field1,1_NA_4691,1_NA,Equatorial Guinea,NULL,Altos de Nsork National Park,unknown,Adult,83,NULL,NULL,NULL,NULL,NULL,NULL,NULL,NULL,NULL,72,NULL,NULL,NULL,JDW,NULL,NULL
Eurillas latirostris_29,81127,AVIBASE-728B225E,Eurillas latirostris,Eurillas latirostris,Andropadus latirostris,NULL,field study,Field1,1_NA_4460,1_NA,Equatorial Guinea,NULL,Oyala,unknown,Adult,78,NULL,NULL,NULL,NULL,NULL,NULL,NULL,NULL,NULL,74,NULL,NULL,NULL,AKW,NULL,NULL
Eurillas latirostris_290,81353,AVIBASE-728B225E,Eurillas latirostris,Eurillas latirostris,Andropadus latirostris,NULL,field study,Field1,1_NA_4686,1_NA,Equatorial Guinea,NULL,Altos de Nsork National Park,female,Adult,80,NULL,NULL,NULL,NULL,NULL,NULL,NULL,NULL,NULL,78,NULL,NULL,NULL,JDW,NULL,NULL
Eurillas latirostris_291,81359,AVIBASE-728B225E,Eurillas latirostris,Eurillas latirostris,Andropadus latirostris,NULL,field study,Field1,1_NA_4692,1_NA,Equatorial Guinea,NULL,Altos de Nsork National Park,unknown,Adult,74,NULL,NULL,NULL,NULL,NULL,NULL,NULL,NULL,NULL,80,NULL,NULL,NULL,JDW,NULL,NULL
Eurillas latirostris_292,81137,AVIBASE-728B225E,Eurillas latirostris,Eurillas latirostris,Andropadus latirostris,NULL,field study,Field1,1_NA_4470,1_NA,Equatorial Guinea,NULL,Oyala,female,Adult,75,NULL,NULL,NULL,NULL,NULL,NULL,NULL,NULL,NULL,68,NULL,NULL,NULL,JDW,NULL,NULL
Eurillas latirostris_293,81053,AVIBASE-728B225E,Eurillas latirostris,Eurillas latirostris,Andropadus latirostris,NULL,field study,Field1,1_NA_4386,1_NA,Equatorial Guinea,NULL,Oyala,male,Adult,79,NULL,NULL,NULL,NULL,NULL,NULL,NULL,NULL,NULL,72,NULL,NULL,NULL,JDW,NULL,NULL
Eurillas latirostris_294,81128,AVIBASE-728B225E,Eurillas latirostris,Eurillas latirostris,Andropadus latirostris,NULL,field study,Field1,1_NA_4461,1_NA,Equatorial Guinea,NULL,Oyala,male,Adult,84,NULL,NULL,NULL,NULL,NULL,NULL,NULL,NULL,NULL,79,NULL,NULL,NULL,JDW,NULL,NULL
Eurillas latirostris_295,81357,AVIBASE-728B225E,Eurillas latirostris,Eurillas latirostris,Andropadus latirostris,NULL,field study,Field1,1_NA_4690,1_NA,Equatorial Guinea,NULL,Oyala,female,Adult,80,NULL,NULL,NULL,NULL,NULL,NULL,NULL,NULL,NULL,78,NULL,NULL,NULL,JDW,NULL,NULL
Eurillas latirostris_296,81315,AVIBASE-728B225E,Eurillas latirostris,Eurillas latirostris,Andropadus latirostris,NULL,field study,Field1,1_NA_4648,1_NA,Equatorial Guinea,NULL,Oyala,unknown,Adult,78,NULL,NULL,NULL,NULL,NULL,NULL,NULL,NULL,NULL,74,NULL,NULL,NULL,JDW,NULL,NULL
Eurillas latirostris_297,81160,AVIBASE-728B225E,Eurillas latirostris,Eurillas latirostris,Andropadus latirostris,NULL,field study,Field1,1_NA_4493,1_NA,Equatorial Guinea,NULL,Oyala,unknown,Adult,85,NULL,NULL,NULL,NULL,NULL,NULL,NULL,NULL,NULL,77,NULL,NULL,NULL,JDW,NULL,NULL
Eurillas latirostris_298,80998,AVIBASE-728B225E,Eurillas latirostris,Eurillas latirostris,Andropadus latirostris,NULL,field study,Field1,1_NA_4331,1_NA,Equatorial Guinea,NULL,Oyala,unknown,Adult,78,NULL,NULL,NULL,NULL,NULL,NULL,NULL,NULL,NULL,71,NULL,NULL,NULL,JHW,NULL,NULL
Eurillas latirostris_299,81055,AVIBASE-728B225E,Eurillas latirostris,Eurillas latirostris,Andropadus latirostris,NULL,field study,Field1,1_NA_4388,1_NA,Equatorial Guinea,NULL,Oyala,unknown,Adult,82,NULL,NULL,NULL,NULL,NULL,NULL,NULL,NULL,NULL,76,NULL,NULL,NULL,JHW,NULL,NULL
Eurillas latirostris_30,81011,AVIBASE-728B225E,Eurillas latirostris,Eurillas latirostris,Andropadus latirostris,NULL,field study,Field1,1_NA_4344,1_NA,Equatorial Guinea,NULL,Oyala,unknown,Adult,83,NULL,NULL,NULL,NULL,NULL,NULL,NULL,NULL,NULL,76,NULL,NULL,NULL,AKW,NULL,NULL
Eurillas latirostris_300,80894,AVIBASE-728B225E,Eurillas latirostris,Eurillas latirostris,Andropadus latirostris,NULL,field study,Field1,1_NA_4227,1_NA,Equatorial Guinea,NULL,Oyala,female,Adult,73,NULL,NULL,NULL,NULL,NULL,NULL,NULL,NULL,NULL,69,NULL,NULL,NULL,JHW,NULL,NULL
Eurillas latirostris_301,80967,AVIBASE-728B225E,Eurillas latirostris,Eurillas latirostris,Andropadus latirostris,NULL,field study,Field1,1_NA_4300,1_NA,Equatorial Guinea,NULL,Oyala,female,Adult,78,NULL,NULL,NULL,NULL,NULL,NULL,NULL,NULL,NULL,74,NULL,NULL,NULL,JHW,NULL,NULL
Eurillas latirostris_302,80966,AVIBASE-728B225E,Eurillas latirostris,Eurillas latirostris,Andropadus latirostris,NULL,field study,Field1,1_NA_4299,1_NA,Equatorial Guinea,NULL,Oyala,female,Adult,80,NULL,NULL,NULL,NULL,NULL,NULL,NULL,NULL,NULL,75,NULL,NULL,NULL,JHW,NULL,NULL
Eurillas latirostris_303,81009,AVIBASE-728B225E,Eurillas latirostris,Eurillas latirostris,Andropadus latirostris,NULL,field study,Field1,1_NA_4342,1_NA,Equatorial Guinea,NULL,Oyala,male,Adult,81,NULL,NULL,NULL,NULL,NULL,NULL,NULL,NULL,NULL,79,NULL,NULL,NULL,JHW,NULL,NULL
Eurillas latirostris_304,81001,AVIBASE-728B225E,Eurillas latirostris,Eurillas latirostris,Andropadus latirostris,NULL,field study,Field1,1_NA_4334,1_NA,Equatorial Guinea,NULL,Oyala,unknown,Adult,77,NULL,NULL,NULL,NULL,NULL,NULL,NULL,NULL,NULL,71,NULL,NULL,NULL,JHW,NULL,NULL
Eurillas latirostris_305,81005,AVIBASE-728B225E,Eurillas latirostris,Eurillas latirostris,Andropadus latirostris,NULL,field study,Field1,1_NA_4338,1_NA,Equatorial Guinea,NULL,Oyala,unknown,Adult,87,NULL,NULL,NULL,NULL,NULL,NULL,NULL,NULL,NULL,71,NULL,NULL,NULL,JHW,NULL,NULL
Eurillas latirostris_306,81106,AVIBASE-728B225E,Eurillas latirostris,Eurillas latirostris,Andropadus latirostris,NULL,field study,Field1,1_NA_4439,1_NA,Equatorial Guinea,NULL,Oyala,unknown,Adult,77,NULL,NULL,NULL,NULL,NULL,NULL,NULL,NULL,NULL,72,NULL,NULL,NULL,JHW,NULL,NULL
Eurillas latirostris_307,81004,AVIBASE-728B225E,Eurillas latirostris,Eurillas latirostris,Andropadus latirostris,NULL,field study,Field1,1_NA_4337,1_NA,Equatorial Guinea,NULL,Oyala,unknown,Adult,83,NULL,NULL,NULL,NULL,NULL,NULL,NULL,NULL,NULL,74,NULL,NULL,NULL,JHW,NULL,NULL
Eurillas latirostris_308,80881,AVIBASE-728B225E,Eurillas latirostris,Eurillas latirostris,Andropadus latirostris,NULL,field study,Field1,1_NA_4214,1_NA,Equatorial Guinea,NULL,Oyala,unknown,Adult,81,NULL,NULL,NULL,NULL,NULL,NULL,NULL,NULL,NULL,75,NULL,NULL,NULL,JHW,NULL,NULL
Eurillas latirostris_309,81012,AVIBASE-728B225E,Eurillas latirostris,Eurillas latirostris,Andropadus latirostris,NULL,field study,Field1,1_NA_4345,1_NA,Equatorial Guinea,NULL,Oyala,unknown,Adult,82,NULL,NULL,NULL,NULL,NULL,NULL,NULL,NULL,NULL,77,NULL,NULL,NULL,JHW,NULL,NULL
Eurillas latirostris_31,81132,AVIBASE-728B225E,Eurillas latirostris,Eurillas latirostris,Andropadus latirostris,NULL,field study,Field1,1_NA_4465,1_NA,Equatorial Guinea,NULL,Oyala,unknown,Adult,82,NULL,NULL,NULL,NULL,NULL,NULL,NULL,NULL,NULL,79,NULL,NULL,NULL,AKW,NULL,NULL
Eurillas latirostris_310,81003,AVIBASE-728B225E,Eurillas latirostris,Eurillas latirostris,Andropadus latirostris,NULL,field study,Field1,1_NA_4336,1_NA,Equatorial Guinea,NULL,Oyala,unknown,Adult,87,NULL,NULL,NULL,NULL,NULL,NULL,NULL,NULL,NULL,77,NULL,NULL,NULL,JHW,NULL,NULL
Eurillas latirostris_311,81079,AVIBASE-728B225E,Eurillas latirostris,Eurillas latirostris,Andropadus latirostris,NULL,field study,Field1,1_NA_4412,1_NA,Equatorial Guinea,NULL,Oyala,unknown,Adult,85,NULL,NULL,NULL,NULL,NULL,NULL,NULL,NULL,NULL,78,NULL,NULL,NULL,JHW,NULL,NULL
Eurillas latirostris_312,81080,AVIBASE-728B225E,Eurillas latirostris,Eurillas latirostris,Andropadus latirostris,NULL,field study,Field1,1_NA_4413,1_NA,Equatorial Guinea,NULL,Oyala,unknown,Adult,85,NULL,NULL,NULL,NULL,NULL,NULL,NULL,NULL,NULL,78,NULL,NULL,NULL,JHW,NULL,NULL
Eurillas latirostris_313,81104,AVIBASE-728B225E,Eurillas latirostris,Eurillas latirostris,Andropadus latirostris,NULL,field study,Field1,1_NA_4437,1_NA,Equatorial Guinea,NULL,Oyala,unknown,Adult,88,NULL,NULL,NULL,NULL,NULL,NULL,NULL,NULL,NULL,83,NULL,NULL,NULL,JHW,NULL,NULL
Eurillas latirostris_314,81031,AVIBASE-728B225E,Eurillas latirostris,Eurillas latirostris,Andropadus latirostris,NULL,field study,Field1,1_NA_4364,1_NA,Equatorial Guinea,NULL,Oyala,unknown,Adult,81,NULL,NULL,NULL,NULL,NULL,NULL,NULL,NULL,NULL,75,NULL,NULL,NULL,JHW,NULL,NULL
Eurillas latirostris_315,81056,AVIBASE-728B225E,Eurillas latirostris,Eurillas latirostris,Andropadus latirostris,NULL,field study,Field1,1_NA_4389,1_NA,Equatorial Guinea,NULL,Oyala,unknown,Adult,76,NULL,NULL,NULL,NULL,NULL,NULL,NULL,NULL,NULL,68,NULL,NULL,NULL,JHW,NULL,NULL
Eurillas latirostris_316,81071,AVIBASE-728B225E,Eurillas latirostris,Eurillas latirostris,Andropadus latirostris,NULL,field study,Field1,1_NA_4404,1_NA,Equatorial Guinea,NULL,Oyala,unknown,Adult,77,NULL,NULL,NULL,NULL,NULL,NULL,NULL,NULL,NULL,69,NULL,NULL,NULL,JHW,NULL,NULL
Eurillas latirostris_317,81058,AVIBASE-728B225E,Eurillas latirostris,Eurillas latirostris,Andropadus latirostris,NULL,field study,Field1,1_NA_4391,1_NA,Equatorial Guinea,NULL,Oyala,unknown,Adult,78,NULL,NULL,NULL,NULL,NULL,NULL,NULL,NULL,NULL,70,NULL,NULL,NULL,JHW,NULL,NULL
Eurillas latirostris_318,81064,AVIBASE-728B225E,Eurillas latirostris,Eurillas latirostris,Andropadus latirostris,NULL,field study,Field1,1_NA_4397,1_NA,Equatorial Guinea,NULL,Oyala,unknown,Adult,78,NULL,NULL,NULL,NULL,NULL,NULL,NULL,NULL,NULL,71,NULL,NULL,NULL,JHW,NULL,NULL
Eurillas latirostris_319,81066,AVIBASE-728B225E,Eurillas latirostris,Eurillas latirostris,Andropadus latirostris,NULL,field study,Field1,1_NA_4399,1_NA,Equatorial Guinea,NULL,Oyala,unknown,Adult,78,NULL,NULL,NULL,NULL,NULL,NULL,NULL,NULL,NULL,72,NULL,NULL,NULL,JHW,NULL,NULL
Eurillas latirostris_32,81050,AVIBASE-728B225E,Eurillas latirostris,Eurillas latirostris,Andropadus latirostris,NULL,field study,Field1,1_NA_4383,1_NA,Equatorial Guinea,NULL,Oyala,unknown,Adult,87,NULL,NULL,NULL,NULL,NULL,NULL,NULL,NULL,NULL,81,NULL,NULL,NULL,AKW,NULL,NULL
Eurillas latirostris_320,81062,AVIBASE-728B225E,Eurillas latirostris,Eurillas latirostris,Andropadus latirostris,NULL,field study,Field1,1_NA_4395,1_NA,Equatorial Guinea,NULL,Oyala,unknown,Adult,75,NULL,NULL,NULL,NULL,NULL,NULL,NULL,NULL,NULL,73,NULL,NULL,NULL,JHW,NULL,NULL
Eurillas latirostris_321,81074,AVIBASE-728B225E,Eurillas latirostris,Eurillas latirostris,Andropadus latirostris,NULL,field study,Field1,1_NA_4407,1_NA,Equatorial Guinea,NULL,Oyala,unknown,Adult,82,NULL,NULL,NULL,NULL,NULL,NULL,NULL,NULL,NULL,76,NULL,NULL,NULL,JHW,NULL,NULL
Eurillas latirostris_322,81061,AVIBASE-728B225E,Eurillas latirostris,Eurillas latirostris,Andropadus latirostris,NULL,field study,Field1,1_NA_4394,1_NA,Equatorial Guinea,NULL,Oyala,unknown,Adult,87,NULL,NULL,NULL,NULL,NULL,NULL,NULL,NULL,NULL,78,NULL,NULL,NULL,JHW,NULL,NULL
Eurillas latirostris_323,81068,AVIBASE-728B225E,Eurillas latirostris,Eurillas latirostris,Andropadus latirostris,NULL,field study,Field1,1_NA_4401,1_NA,Equatorial Guinea,NULL,Oyala,unknown,Adult,86,NULL,NULL,NULL,NULL,NULL,NULL,NULL,NULL,NULL,79,NULL,NULL,NULL,JHW,NULL,NULL
Eurillas latirostris_324,81103,AVIBASE-728B225E,Eurillas latirostris,Eurillas latirostris,Andropadus latirostris,NULL,field study,Field1,1_NA_4436,1_NA,Equatorial Guinea,NULL,Oyala,unknown,Adult,82,NULL,NULL,NULL,NULL,NULL,NULL,NULL,NULL,NULL,77,NULL,NULL,NULL,JHW,NULL,NULL
Eurillas latirostris_325,81041,AVIBASE-728B225E,Eurillas latirostris,Eurillas latirostris,Andropadus latirostris,NULL,field study,Field1,1_NA_4374,1_NA,Equatorial Guinea,NULL,Oyala,female,Adult,76,NULL,NULL,NULL,NULL,NULL,NULL,NULL,NULL,NULL,73,NULL,NULL,NULL,JHW,NULL,NULL
Eurillas latirostris_326,81019,AVIBASE-728B225E,Eurillas latirostris,Eurillas latirostris,Andropadus latirostris,NULL,field study,Field1,1_NA_4352,1_NA,Equatorial Guinea,NULL,Oyala,unknown,Adult,83,NULL,NULL,NULL,NULL,NULL,NULL,NULL,NULL,NULL,NULL,NULL,NULL,NULL,JHW,NULL,NULL
Eurillas latirostris_327,81046,AVIBASE-728B225E,Eurillas latirostris,Eurillas latirostris,Andropadus latirostris,NULL,field study,Field1,1_NA_4379,1_NA,Equatorial Guinea,NULL,Oyala,female,Adult,76,NULL,NULL,NULL,NULL,NULL,NULL,NULL,NULL,NULL,75,NULL,NULL,NULL,JHW,NULL,NULL
Eurillas latirostris_328,81105,AVIBASE-728B225E,Eurillas latirostris,Eurillas latirostris,Andropadus latirostris,NULL,field study,Field1,1_NA_4438,1_NA,Equatorial Guinea,NULL,Oyala,unknown,Adult,81,NULL,NULL,NULL,NULL,NULL,NULL,NULL,NULL,NULL,75,NULL,NULL,NULL,JHW,NULL,NULL
Eurillas latirostris_329,81045,AVIBASE-728B225E,Eurillas latirostris,Eurillas latirostris,Andropadus latirostris,NULL,field study,Field1,1_NA_4378,1_NA,Equatorial Guinea,NULL,Oyala,female,Adult,77,NULL,NULL,NULL,NULL,NULL,NULL,NULL,NULL,NULL,77,NULL,NULL,NULL,JHW,NULL,NULL
Eurillas latirostris_33,80925,AVIBASE-728B225E,Eurillas latirostris,Eurillas latirostris,Andropadus latirostris,NULL,field study,Field1,1_NA_4258,1_NA,Equatorial Guinea,NULL,Oyala,unknown,Adult,75,NULL,NULL,NULL,NULL,NULL,NULL,NULL,NULL,NULL,67,NULL,NULL,NULL,AKW,NULL,NULL
Eurillas latirostris_330,81020,AVIBASE-728B225E,Eurillas latirostris,Eurillas latirostris,Andropadus latirostris,NULL,field study,Field1,1_NA_4353,1_NA,Equatorial Guinea,NULL,Oyala,unknown,Adult,85,NULL,NULL,NULL,NULL,NULL,NULL,NULL,NULL,NULL,NULL,NULL,NULL,NULL,JHW,NULL,NULL
Eurillas latirostris_331,81027,AVIBASE-728B225E,Eurillas latirostris,Eurillas latirostris,Andropadus latirostris,NULL,field study,Field1,1_NA_4360,1_NA,Equatorial Guinea,NULL,Oyala,unknown,Adult,73,NULL,NULL,NULL,NULL,NULL,NULL,NULL,NULL,NULL,70,NULL,NULL,NULL,JHW,NULL,NULL
Eurillas latirostris_332,81022,AVIBASE-728B225E,Eurillas latirostris,Eurillas latirostris,Andropadus latirostris,NULL,field study,Field1,1_NA_4355,1_NA,Equatorial Guinea,NULL,Oyala,unknown,Adult,74,NULL,NULL,NULL,NULL,NULL,NULL,NULL,NULL,NULL,70,NULL,NULL,NULL,JHW,NULL,NULL
Eurillas latirostris_333,81021,AVIBASE-728B225E,Eurillas latirostris,Eurillas latirostris,Andropadus latirostris,NULL,field study,Field1,1_NA_4354,1_NA,Equatorial Guinea,NULL,Oyala,unknown,Adult,75,NULL,NULL,NULL,NULL,NULL,NULL,NULL,NULL,NULL,71,NULL,NULL,NULL,JHW,NULL,NULL
Eurillas latirostris_334,80884,AVIBASE-728B225E,Eurillas latirostris,Eurillas latirostris,Andropadus latirostris,NULL,field study,Field1,1_NA_4217,1_NA,Equatorial Guinea,NULL,Oyala,unknown,Adult,82,NULL,NULL,NULL,NULL,NULL,NULL,NULL,NULL,NULL,75,NULL,NULL,NULL,JHW,NULL,NULL
Eurillas latirostris_335,81023,AVIBASE-728B225E,Eurillas latirostris,Eurillas latirostris,Andropadus latirostris,NULL,field study,Field1,1_NA_4356,1_NA,Equatorial Guinea,NULL,Oyala,male,Adult,84,NULL,NULL,NULL,NULL,NULL,NULL,NULL,NULL,NULL,79,NULL,NULL,NULL,JHW,NULL,NULL
Eurillas latirostris_336,81025,AVIBASE-728B225E,Eurillas latirostris,Eurillas latirostris,Andropadus latirostris,NULL,field study,Field1,1_NA_4358,1_NA,Equatorial Guinea,NULL,Oyala,male,Adult,86,NULL,NULL,NULL,NULL,NULL,NULL,NULL,NULL,NULL,81,NULL,NULL,NULL,JHW,NULL,NULL
Eurillas latirostris_337,80997,AVIBASE-728B225E,Eurillas latirostris,Eurillas latirostris,Andropadus latirostris,NULL,field study,Field1,1_NA_4330,1_NA,Equatorial Guinea,NULL,Oyala,female,Adult,73,NULL,NULL,NULL,NULL,NULL,NULL,NULL,NULL,NULL,71,NULL,NULL,NULL,JHW,NULL,NULL
Eurillas latirostris_338,81014,AVIBASE-728B225E,Eurillas latirostris,Eurillas latirostris,Andropadus latirostris,NULL,field study,Field1,1_NA_4347,1_NA,Equatorial Guinea,NULL,Oyala,unknown,Adult,77,NULL,NULL,NULL,NULL,NULL,NULL,NULL,NULL,NULL,73,NULL,NULL,NULL,JHW,NULL,NULL
Eurillas latirostris_339,80974,AVIBASE-728B225E,Eurillas latirostris,Eurillas latirostris,Andropadus latirostris,NULL,field study,Field1,1_NA_4307,1_NA,Equatorial Guinea,NULL,Oyala,unknown,Adult,82,NULL,NULL,NULL,NULL,NULL,NULL,NULL,NULL,NULL,75,NULL,NULL,NULL,JHW,NULL,NULL
Eurillas latirostris_34,81136,AVIBASE-728B225E,Eurillas latirostris,Eurillas latirostris,Andropadus latirostris,NULL,field study,Field1,1_NA_4469,1_NA,Equatorial Guinea,NULL,Oyala,unknown,Adult,76,NULL,NULL,NULL,NULL,NULL,NULL,NULL,NULL,NULL,71,NULL,NULL,NULL,AKW,NULL,NULL
Eurillas latirostris_340,81017,AVIBASE-728B225E,Eurillas latirostris,Eurillas latirostris,Andropadus latirostris,NULL,field study,Field1,1_NA_4350,1_NA,Equatorial Guinea,NULL,Oyala,unknown,Adult,82,NULL,NULL,NULL,NULL,NULL,NULL,NULL,NULL,NULL,79,NULL,NULL,NULL,JHW,NULL,NULL
Eurillas latirostris_341,81018,AVIBASE-728B225E,Eurillas latirostris,Eurillas latirostris,Andropadus latirostris,NULL,field study,Field1,1_NA_4351,1_NA,Equatorial Guinea,NULL,Oyala,male,Adult,85,NULL,NULL,NULL,NULL,NULL,NULL,NULL,NULL,NULL,81,NULL,NULL,NULL,JHW,NULL,NULL
Eurillas latirostris_342,81125,AVIBASE-728B225E,Eurillas latirostris,Eurillas latirostris,Andropadus latirostris,NULL,field study,Field1,1_NA_4458,1_NA,Equatorial Guinea,NULL,Oyala,unknown,Adult,83,NULL,NULL,NULL,NULL,NULL,NULL,NULL,NULL,NULL,81,NULL,NULL,NULL,JHW,NULL,NULL
Eurillas latirostris_343,81008,AVIBASE-728B225E,Eurillas latirostris,Eurillas latirostris,Andropadus latirostris,NULL,field study,Field1,1_NA_4341,1_NA,Equatorial Guinea,NULL,Oyala,unknown,Adult,78,NULL,NULL,NULL,NULL,NULL,NULL,NULL,NULL,NULL,73,NULL,NULL,NULL,JHW,NULL,NULL
Eurillas latirostris_344,81007,AVIBASE-728B225E,Eurillas latirostris,Eurillas latirostris,Andropadus latirostris,NULL,field study,Field1,1_NA_4340,1_NA,Equatorial Guinea,NULL,Oyala,unknown,Adult,83,NULL,NULL,NULL,NULL,NULL,NULL,NULL,NULL,NULL,79,NULL,NULL,NULL,JHW,NULL,NULL
Eurillas latirostris_345,80981,AVIBASE-728B225E,Eurillas latirostris,Eurillas latirostris,Andropadus latirostris,NULL,field study,Field1,1_NA_4314,1_NA,Equatorial Guinea,NULL,Oyala,unknown,Adult,80,NULL,NULL,NULL,NULL,NULL,NULL,NULL,NULL,NULL,82,NULL,NULL,NULL,KEB,NULL,NULL
Eurillas latirostris_346,81367,AVIBASE-728B225E,Eurillas latirostris,Eurillas latirostris,Andropadus latirostris,NULL,field study,Field1,1_NA_4700,1_NA,Equatorial Guinea,NULL,Bioko Island (BBPP),female,Adult,70,NULL,NULL,NULL,NULL,NULL,NULL,NULL,NULL,NULL,67,NULL,19.1,NULL,LLP,NULL,NULL
Eurillas latirostris_347,81363,AVIBASE-728B225E,Eurillas latirostris,Eurillas latirostris,Andropadus latirostris,NULL,field study,Field1,1_NA_4696,1_NA,Equatorial Guinea,NULL,Bioko Island (BBPP),unknown,Adult,78,NULL,NULL,NULL,NULL,NULL,NULL,NULL,NULL,NULL,67,NULL,NULL,NULL,LLP,NULL,NULL
Eurillas latirostris_348,81362,AVIBASE-728B225E,Eurillas latirostris,Eurillas latirostris,Andropadus latirostris,NULL,field study,Field1,1_NA_4695,1_NA,Equatorial Guinea,NULL,Bioko Island (BBPP),unknown,Adult,82,NULL,NULL,NULL,NULL,NULL,NULL,NULL,NULL,NULL,NULL,NULL,NULL,NULL,LLP,NULL,NULL
Eurillas latirostris_349,80986,AVIBASE-728B225E,Eurillas latirostris,Eurillas latirostris,Andropadus latirostris,NULL,field study,Field1,1_NA_4319,1_NA,Equatorial Guinea,NULL,Bioko Island (Caldera de Luba),unknown,Adult,81,NULL,NULL,NULL,NULL,NULL,NULL,NULL,NULL,NULL,NULL,NULL,NULL,NULL,LLP,NULL,NULL
Eurillas latirostris_35,81116,AVIBASE-728B225E,Eurillas latirostris,Eurillas latirostris,Andropadus latirostris,NULL,field study,Field1,1_NA_4449,1_NA,Equatorial Guinea,NULL,Oyala,unknown,Adult,83,NULL,NULL,NULL,NULL,NULL,NULL,NULL,NULL,NULL,78,NULL,NULL,NULL,AKW,NULL,NULL
Eurillas latirostris_350,81075,AVIBASE-728B225E,Eurillas latirostris,Eurillas latirostris,Andropadus latirostris,NULL,field study,Field1,1_NA_4408,1_NA,Equatorial Guinea,NULL,Oyala,unknown,Adult,80,NULL,NULL,NULL,NULL,NULL,NULL,NULL,NULL,NULL,72,NULL,NULL,NULL,LLP,NULL,NULL
Eurillas latirostris_351,80970,AVIBASE-728B225E,Eurillas latirostris,Eurillas latirostris,Andropadus latirostris,NULL,field study,Field1,1_NA_4303,1_NA,Equatorial Guinea,NULL,Oyala,female,Adult,78,NULL,NULL,NULL,NULL,NULL,NULL,NULL,NULL,NULL,70,NULL,NULL,NULL,LLP,NULL,NULL
Eurillas latirostris_352,80903,AVIBASE-728B225E,Eurillas latirostris,Eurillas latirostris,Andropadus latirostris,NULL,field study,Field1,1_NA_4236,1_NA,Equatorial Guinea,NULL,Oyala,unknown,Adult,78,NULL,NULL,NULL,NULL,NULL,NULL,NULL,NULL,NULL,71,NULL,NULL,NULL,LLP,NULL,NULL
Eurillas latirostris_353,80953,AVIBASE-728B225E,Eurillas latirostris,Eurillas latirostris,Andropadus latirostris,NULL,field study,Field1,1_NA_4286,1_NA,Equatorial Guinea,NULL,Oyala,female,Adult,77,NULL,NULL,NULL,NULL,NULL,NULL,NULL,NULL,NULL,68,NULL,NULL,NULL,LLP,NULL,NULL
Eurillas latirostris_354,81319,AVIBASE-728B225E,Eurillas latirostris,Eurillas latirostris,Andropadus latirostris,NULL,field study,Field1,1_NA_4652,1_NA,Equatorial Guinea,NULL,Altos de Nsork National Park,unknown,Adult,79,NULL,NULL,NULL,NULL,NULL,NULL,NULL,NULL,NULL,76,NULL,NULL,NULL,LLP,NULL,NULL
Eurillas latirostris_355,81341,AVIBASE-728B225E,Eurillas latirostris,Eurillas latirostris,Andropadus latirostris,NULL,field study,Field1,1_NA_4674,1_NA,Equatorial Guinea,NULL,Altos de Nsork National Park,female,Adult,79,NULL,NULL,NULL,NULL,NULL,NULL,NULL,NULL,NULL,72,NULL,NULL,NULL,LLP,NULL,NULL
Eurillas latirostris_356,81344,AVIBASE-728B225E,Eurillas latirostris,Eurillas latirostris,Andropadus latirostris,NULL,field study,Field1,1_NA_4677,1_NA,Equatorial Guinea,NULL,Altos de Nsork National Park,female,Adult,78,NULL,NULL,NULL,NULL,NULL,NULL,NULL,NULL,NULL,72,NULL,NULL,NULL,LLP,NULL,NULL
Eurillas latirostris_357,80900,AVIBASE-728B225E,Eurillas latirostris,Eurillas latirostris,Andropadus latirostris,NULL,field study,Field1,1_NA_4233,1_NA,Equatorial Guinea,NULL,Oyala,female,Adult,79,NULL,NULL,NULL,NULL,NULL,NULL,NULL,NULL,NULL,75,NULL,NULL,NULL,LLP,NULL,NULL
Eurillas latirostris_358,81321,AVIBASE-728B225E,Eurillas latirostris,Eurillas latirostris,Andropadus latirostris,NULL,field study,Field1,1_NA_4654,1_NA,Equatorial Guinea,NULL,Altos de Nsork National Park,female,Adult,80,NULL,NULL,NULL,NULL,NULL,NULL,NULL,NULL,NULL,76,NULL,NULL,NULL,LLP,NULL,NULL
Eurillas latirostris_359,80975,AVIBASE-728B225E,Eurillas latirostris,Eurillas latirostris,Andropadus latirostris,NULL,field study,Field1,1_NA_4308,1_NA,Equatorial Guinea,NULL,Oyala,unknown,Adult,83,NULL,NULL,NULL,NULL,NULL,NULL,NULL,NULL,NULL,76,NULL,NULL,NULL,LLP,NULL,NULL
Eurillas latirostris_36,81133,AVIBASE-728B225E,Eurillas latirostris,Eurillas latirostris,Andropadus latirostris,NULL,field study,Field1,1_NA_4466,1_NA,Equatorial Guinea,NULL,Oyala,unknown,Adult,83,NULL,NULL,NULL,NULL,NULL,NULL,NULL,NULL,NULL,81,NULL,NULL,NULL,AKW,NULL,NULL
Eurillas latirostris_360,80989,AVIBASE-728B225E,Eurillas latirostris,Eurillas latirostris,Andropadus latirostris,NULL,field study,Field1,1_NA_4322,1_NA,Equatorial Guinea,NULL,Oyala,unknown,Adult,84,NULL,NULL,NULL,NULL,NULL,NULL,NULL,NULL,NULL,77,NULL,NULL,NULL,LLP,NULL,NULL
Eurillas latirostris_361,80984,AVIBASE-728B225E,Eurillas latirostris,Eurillas latirostris,Andropadus latirostris,NULL,field study,Field1,1_NA_4317,1_NA,Equatorial Guinea,NULL,Oyala,unknown,Adult,79,NULL,NULL,NULL,NULL,NULL,NULL,NULL,NULL,NULL,71,NULL,NULL,NULL,LLP,NULL,NULL
Eurillas latirostris_362,81015,AVIBASE-728B225E,Eurillas latirostris,Eurillas latirostris,Andropadus latirostris,NULL,field study,Field1,1_NA_4348,1_NA,Equatorial Guinea,NULL,Oyala,female,Adult,79,NULL,NULL,NULL,NULL,NULL,NULL,NULL,NULL,NULL,73,NULL,NULL,NULL,LLP,NULL,NULL
Eurillas latirostris_363,80906,AVIBASE-728B225E,Eurillas latirostris,Eurillas latirostris,Andropadus latirostris,NULL,field study,Field1,1_NA_4239,1_NA,Equatorial Guinea,NULL,Oyala,unknown,Adult,75,NULL,NULL,NULL,NULL,NULL,NULL,NULL,NULL,NULL,76,NULL,NULL,NULL,LLP,NULL,NULL
Eurillas latirostris_364,80993,AVIBASE-728B225E,Eurillas latirostris,Eurillas latirostris,Andropadus latirostris,NULL,field study,Field1,1_NA_4326,1_NA,Equatorial Guinea,NULL,Oyala,unknown,Adult,82,NULL,NULL,NULL,NULL,NULL,NULL,NULL,NULL,NULL,74,NULL,NULL,NULL,LLP,NULL,NULL
Eurillas latirostris_365,81328,AVIBASE-728B225E,Eurillas latirostris,Eurillas latirostris,Andropadus latirostris,NULL,field study,Field1,1_NA_4661,1_NA,Equatorial Guinea,NULL,Altos de Nsork National Park,female,Adult,76,NULL,NULL,NULL,NULL,NULL,NULL,NULL,NULL,NULL,66,NULL,NULL,NULL,LLP,NULL,NULL
Eurillas latirostris_366,81360,AVIBASE-728B225E,Eurillas latirostris,Eurillas latirostris,Andropadus latirostris,NULL,field study,Field1,1_NA_4693,1_NA,Equatorial Guinea,NULL,Altos de Nsork National Park,male,Adult,75,NULL,NULL,NULL,NULL,NULL,NULL,NULL,NULL,NULL,71,NULL,NULL,NULL,LLP,NULL,NULL
Eurillas latirostris_367,81048,AVIBASE-728B225E,Eurillas latirostris,Eurillas latirostris,Andropadus latirostris,NULL,field study,Field1,1_NA_4381,1_NA,Equatorial Guinea,NULL,Oyala,female,Adult,78,NULL,NULL,NULL,NULL,NULL,NULL,NULL,NULL,NULL,70,NULL,NULL,NULL,LLP,NULL,NULL
Eurillas latirostris_368,81065,AVIBASE-728B225E,Eurillas latirostris,Eurillas latirostris,Andropadus latirostris,NULL,field study,Field1,1_NA_4398,1_NA,Equatorial Guinea,NULL,Oyala,female,Adult,78,NULL,NULL,NULL,NULL,NULL,NULL,NULL,NULL,NULL,71,NULL,NULL,NULL,LLP,NULL,NULL
Eurillas latirostris_369,81191,AVIBASE-728B225E,Eurillas latirostris,Eurillas latirostris,Andropadus latirostris,NULL,field study,Field1,1_NA_4524,1_NA,Equatorial Guinea,NULL,Oyala,unknown,Adult,80,NULL,NULL,NULL,NULL,NULL,NULL,NULL,NULL,NULL,73,NULL,NULL,NULL,MAF,NULL,NULL
Eurillas latirostris_37,81026,AVIBASE-728B225E,Eurillas latirostris,Eurillas latirostris,Andropadus latirostris,NULL,field study,Field1,1_NA_4359,1_NA,Equatorial Guinea,NULL,Oyala,unknown,Adult,77,NULL,NULL,NULL,NULL,NULL,NULL,NULL,NULL,NULL,72,NULL,NULL,NULL,AKW,NULL,NULL
Eurillas latirostris_370,80895,AVIBASE-728B225E,Eurillas latirostris,Eurillas latirostris,Andropadus latirostris,NULL,field study,Field1,1_NA_4228,1_NA,Equatorial Guinea,NULL,Oyala,unknown,Adult,75,NULL,NULL,NULL,NULL,NULL,NULL,NULL,NULL,NULL,66,NULL,NULL,NULL,MAF,NULL,NULL
Eurillas latirostris_371,81192,AVIBASE-728B225E,Eurillas latirostris,Eurillas latirostris,Andropadus latirostris,NULL,field study,Field1,1_NA_4525,1_NA,Equatorial Guinea,NULL,Oyala,unknown,Adult,80.5,NULL,NULL,NULL,NULL,NULL,NULL,NULL,NULL,NULL,75,NULL,NULL,NULL,MAF,NULL,NULL
Eurillas latirostris_372,81196,AVIBASE-728B225E,Eurillas latirostris,Eurillas latirostris,Andropadus latirostris,NULL,field study,Field1,1_NA_4529,1_NA,Equatorial Guinea,NULL,Oyala,unknown,Adult,83,NULL,NULL,NULL,NULL,NULL,NULL,NULL,NULL,NULL,78,NULL,NULL,NULL,MAF,NULL,NULL
Eurillas latirostris_373,81193,AVIBASE-728B225E,Eurillas latirostris,Eurillas latirostris,Andropadus latirostris,NULL,field study,Field1,1_NA_4526,1_NA,Equatorial Guinea,NULL,Oyala,unknown,Adult,82,NULL,NULL,NULL,NULL,NULL,NULL,NULL,NULL,NULL,80,NULL,NULL,NULL,MAF,NULL,NULL
Eurillas latirostris_374,81109,AVIBASE-728B225E,Eurillas latirostris,Eurillas latirostris,Andropadus latirostris,NULL,field study,Field1,1_NA_4442,1_NA,Equatorial Guinea,NULL,Oyala,male,Adult,85,NULL,NULL,NULL,NULL,NULL,NULL,NULL,NULL,NULL,81,NULL,NULL,NULL,MAF,NULL,NULL
Eurillas latirostris_375,81194,AVIBASE-728B225E,Eurillas latirostris,Eurillas latirostris,Andropadus latirostris,NULL,field study,Field1,1_NA_4527,1_NA,Equatorial Guinea,NULL,Oyala,unknown,Adult,82,NULL,NULL,NULL,NULL,NULL,NULL,NULL,NULL,NULL,73,NULL,NULL,NULL,MAF,NULL,NULL
Eurillas latirostris_376,81195,AVIBASE-728B225E,Eurillas latirostris,Eurillas latirostris,Andropadus latirostris,NULL,field study,Field1,1_NA_4528,1_NA,Equatorial Guinea,NULL,Oyala,unknown,Adult,82,NULL,NULL,NULL,NULL,NULL,NULL,NULL,NULL,NULL,76,NULL,NULL,NULL,MAF,NULL,NULL
Eurillas latirostris_377,80948,AVIBASE-728B225E,Eurillas latirostris,Eurillas latirostris,Andropadus latirostris,NULL,field study,Field1,1_NA_4281,1_NA,Equatorial Guinea,NULL,Oyala,unknown,Adult,84,NULL,NULL,NULL,NULL,NULL,NULL,NULL,NULL,NULL,78,NULL,NULL,NULL,MAF,NULL,NULL
Eurillas latirostris_378,81201,AVIBASE-728B225E,Eurillas latirostris,Eurillas latirostris,Andropadus latirostris,NULL,field study,Field1,1_NA_4534,1_NA,Equatorial Guinea,NULL,Oyala,unknown,Adult,80,NULL,NULL,NULL,NULL,NULL,NULL,NULL,NULL,NULL,73,NULL,NULL,NULL,MAF,NULL,NULL
Eurillas latirostris_379,81190,AVIBASE-728B225E,Eurillas latirostris,Eurillas latirostris,Andropadus latirostris,NULL,field study,Field1,1_NA_4523,1_NA,Equatorial Guinea,NULL,Oyala,unknown,Adult,82,NULL,NULL,NULL,NULL,NULL,NULL,NULL,NULL,NULL,78,NULL,NULL,NULL,MAF,NULL,NULL
Eurillas latirostris_38,81024,AVIBASE-728B225E,Eurillas latirostris,Eurillas latirostris,Andropadus latirostris,NULL,field study,Field1,1_NA_4357,1_NA,Equatorial Guinea,NULL,Oyala,unknown,Adult,82,NULL,NULL,NULL,NULL,NULL,NULL,NULL,NULL,NULL,75,NULL,NULL,NULL,AKW,NULL,NULL
Eurillas latirostris_380,81147,AVIBASE-728B225E,Eurillas latirostris,Eurillas latirostris,Andropadus latirostris,NULL,field study,Field1,1_NA_4480,1_NA,Equatorial Guinea,NULL,Oyala,unknown,Adult,78,NULL,NULL,NULL,NULL,NULL,NULL,NULL,NULL,NULL,74,NULL,NULL,NULL,MAF,NULL,NULL
Eurillas latirostris_381,81189,AVIBASE-728B225E,Eurillas latirostris,Eurillas latirostris,Andropadus latirostris,NULL,field study,Field1,1_NA_4522,1_NA,Equatorial Guinea,NULL,Oyala,unknown,Adult,77,NULL,NULL,NULL,NULL,NULL,NULL,NULL,NULL,NULL,75,NULL,NULL,NULL,MAF,NULL,NULL
Eurillas latirostris_382,80896,AVIBASE-728B225E,Eurillas latirostris,Eurillas latirostris,Andropadus latirostris,NULL,field study,Field1,1_NA_4229,1_NA,Equatorial Guinea,NULL,Oyala,unknown,Adult,75,NULL,NULL,NULL,NULL,NULL,NULL,NULL,NULL,NULL,67,NULL,NULL,NULL,MEB,NULL,NULL
Eurillas latirostris_383,81086,AVIBASE-728B225E,Eurillas latirostris,Eurillas latirostris,Andropadus latirostris,NULL,field study,Field1,1_NA_4419,1_NA,Equatorial Guinea,NULL,Oyala,unknown,Adult,73,NULL,NULL,NULL,NULL,NULL,NULL,NULL,NULL,NULL,69,NULL,NULL,NULL,MEB,NULL,NULL
Eurillas latirostris_384,81100,AVIBASE-728B225E,Eurillas latirostris,Eurillas latirostris,Andropadus latirostris,NULL,field study,Field1,1_NA_4433,1_NA,Equatorial Guinea,NULL,Oyala,unknown,Adult,78,NULL,NULL,NULL,NULL,NULL,NULL,NULL,NULL,NULL,71,NULL,NULL,NULL,MEB,NULL,NULL
Eurillas latirostris_385,81102,AVIBASE-728B225E,Eurillas latirostris,Eurillas latirostris,Andropadus latirostris,NULL,field study,Field1,1_NA_4435,1_NA,Equatorial Guinea,NULL,Oyala,unknown,Adult,80,NULL,NULL,NULL,NULL,NULL,NULL,NULL,NULL,NULL,75,NULL,NULL,NULL,MEB,NULL,NULL
Eurillas latirostris_386,81089,AVIBASE-728B225E,Eurillas latirostris,Eurillas latirostris,Andropadus latirostris,NULL,field study,Field1,1_NA_4422,1_NA,Equatorial Guinea,NULL,Oyala,male,Adult,81,NULL,NULL,NULL,NULL,NULL,NULL,NULL,NULL,NULL,75,NULL,NULL,NULL,MEB,NULL,NULL
Eurillas latirostris_387,80885,AVIBASE-728B225E,Eurillas latirostris,Eurillas latirostris,Andropadus latirostris,NULL,field study,Field1,1_NA_4218,1_NA,Equatorial Guinea,NULL,Oyala,unknown,Adult,72,NULL,NULL,NULL,NULL,NULL,NULL,NULL,NULL,NULL,76,NULL,NULL,NULL,MEB,NULL,NULL
Eurillas latirostris_388,81101,AVIBASE-728B225E,Eurillas latirostris,Eurillas latirostris,Andropadus latirostris,NULL,field study,Field1,1_NA_4434,1_NA,Equatorial Guinea,NULL,Oyala,unknown,Adult,80,NULL,NULL,NULL,NULL,NULL,NULL,NULL,NULL,NULL,76,NULL,NULL,NULL,MEB,NULL,NULL
Eurillas latirostris_389,81085,AVIBASE-728B225E,Eurillas latirostris,Eurillas latirostris,Andropadus latirostris,NULL,field study,Field1,1_NA_4418,1_NA,Equatorial Guinea,NULL,Oyala,unknown,Adult,82,NULL,NULL,NULL,NULL,NULL,NULL,NULL,NULL,NULL,77,NULL,NULL,NULL,MEB,NULL,NULL
Eurillas latirostris_39,81131,AVIBASE-728B225E,Eurillas latirostris,Eurillas latirostris,Andropadus latirostris,NULL,field study,Field1,1_NA_4464,1_NA,Equatorial Guinea,NULL,Oyala,unknown,Adult,74,NULL,NULL,NULL,NULL,NULL,NULL,NULL,NULL,NULL,67,NULL,NULL,NULL,AKW,NULL,NULL
Eurillas latirostris_390,81088,AVIBASE-728B225E,Eurillas latirostris,Eurillas latirostris,Andropadus latirostris,NULL,field study,Field1,1_NA_4421,1_NA,Equatorial Guinea,NULL,Oyala,male,Adult,73,NULL,NULL,NULL,NULL,NULL,NULL,NULL,NULL,NULL,79,NULL,NULL,NULL,MEB,NULL,NULL
Eurillas latirostris_391,81081,AVIBASE-728B225E,Eurillas latirostris,Eurillas latirostris,Andropadus latirostris,NULL,field study,Field1,1_NA_4414,1_NA,Equatorial Guinea,NULL,Oyala,unknown,Adult,87,NULL,NULL,NULL,NULL,NULL,NULL,NULL,NULL,NULL,79,NULL,NULL,NULL,MEB,NULL,NULL
Eurillas latirostris_392,81098,AVIBASE-728B225E,Eurillas latirostris,Eurillas latirostris,Andropadus latirostris,NULL,field study,Field1,1_NA_4431,1_NA,Equatorial Guinea,NULL,Oyala,unknown,Adult,77,NULL,NULL,NULL,NULL,NULL,NULL,NULL,NULL,NULL,80,NULL,NULL,NULL,MEB,NULL,NULL
Eurillas latirostris_393,81097,AVIBASE-728B225E,Eurillas latirostris,Eurillas latirostris,Andropadus latirostris,NULL,field study,Field1,1_NA_4430,1_NA,Equatorial Guinea,NULL,Oyala,male,Adult,88,NULL,NULL,NULL,NULL,NULL,NULL,NULL,NULL,NULL,80,NULL,NULL,NULL,MEB,NULL,NULL
Eurillas latirostris_394,81082,AVIBASE-728B225E,Eurillas latirostris,Eurillas latirostris,Andropadus latirostris,NULL,field study,Field1,1_NA_4415,1_NA,Equatorial Guinea,NULL,Oyala,unknown,Adult,88,NULL,NULL,NULL,NULL,NULL,NULL,NULL,NULL,NULL,85,NULL,NULL,NULL,MEB,NULL,NULL
Eurillas latirostris_395,81093,AVIBASE-728B225E,Eurillas latirostris,Eurillas latirostris,Andropadus latirostris,NULL,field study,Field1,1_NA_4426,1_NA,Equatorial Guinea,NULL,Oyala,male,Adult,73,NULL,NULL,NULL,NULL,NULL,NULL,NULL,NULL,NULL,87,NULL,NULL,NULL,MEB,NULL,NULL
Eurillas latirostris_396,81099,AVIBASE-728B225E,Eurillas latirostris,Eurillas latirostris,Andropadus latirostris,NULL,field study,Field1,1_NA_4432,1_NA,Equatorial Guinea,NULL,Oyala,unknown,Adult,79,NULL,NULL,NULL,NULL,NULL,NULL,NULL,NULL,NULL,NULL,NULL,NULL,NULL,MEB,NULL,NULL
Eurillas latirostris_397,81113,AVIBASE-728B225E,Eurillas latirostris,Eurillas latirostris,Andropadus latirostris,NULL,field study,Field1,1_NA_4446,1_NA,Equatorial Guinea,NULL,Oyala,unknown,Adult,78,NULL,NULL,NULL,NULL,NULL,NULL,NULL,NULL,NULL,75,NULL,NULL,NULL,MEB,NULL,NULL
Eurillas latirostris_398,81108,AVIBASE-728B225E,Eurillas latirostris,Eurillas latirostris,Andropadus latirostris,NULL,field study,Field1,1_NA_4441,1_NA,Equatorial Guinea,NULL,Oyala,unknown,Adult,81,NULL,NULL,NULL,NULL,NULL,NULL,NULL,NULL,NULL,76,NULL,NULL,NULL,MEB,NULL,NULL
Eurillas latirostris_399,81107,AVIBASE-728B225E,Eurillas latirostris,Eurillas latirostris,Andropadus latirostris,NULL,field study,Field1,1_NA_4440,1_NA,Equatorial Guinea,NULL,Oyala,unknown,Adult,79,NULL,NULL,NULL,NULL,NULL,NULL,NULL,NULL,NULL,77,NULL,NULL,NULL,MEB,NULL,NULL
Eurillas latirostris_40,81135,AVIBASE-728B225E,Eurillas latirostris,Eurillas latirostris,Andropadus latirostris,NULL,field study,Field1,1_NA_4468,1_NA,Equatorial Guinea,NULL,Oyala,unknown,Adult,79,NULL,NULL,NULL,NULL,NULL,NULL,NULL,NULL,NULL,75,NULL,NULL,NULL,AKW,NULL,NULL
Eurillas latirostris_400,81110,AVIBASE-728B225E,Eurillas latirostris,Eurillas latirostris,Andropadus latirostris,NULL,field study,Field1,1_NA_4443,1_NA,Equatorial Guinea,NULL,Oyala,unknown,Adult,82,NULL,NULL,NULL,NULL,NULL,NULL,NULL,NULL,NULL,NULL,NULL,NULL,NULL,MEB,NULL,NULL
Eurillas latirostris_401,81117,AVIBASE-728B225E,Eurillas latirostris,Eurillas latirostris,Andropadus latirostris,NULL,field study,Field1,1_NA_4450,1_NA,Equatorial Guinea,NULL,Oyala,unknown,Adult,75,NULL,NULL,NULL,NULL,NULL,NULL,NULL,NULL,NULL,70,NULL,NULL,NULL,MEB,NULL,NULL
Eurillas latirostris_402,80892,AVIBASE-728B225E,Eurillas latirostris,Eurillas latirostris,Andropadus latirostris,NULL,field study,Field1,1_NA_4225,1_NA,Equatorial Guinea,NULL,Oyala,unknown,Adult,78,NULL,NULL,NULL,NULL,NULL,NULL,NULL,NULL,NULL,72,NULL,NULL,NULL,MEB,NULL,NULL
Eurillas latirostris_403,80893,AVIBASE-728B225E,Eurillas latirostris,Eurillas latirostris,Andropadus latirostris,NULL,field study,Field1,1_NA_4226,1_NA,Equatorial Guinea,NULL,Oyala,unknown,Adult,84,NULL,NULL,NULL,NULL,NULL,NULL,NULL,NULL,NULL,75,NULL,NULL,NULL,MEB,NULL,NULL
Eurillas latirostris_404,81235,AVIBASE-728B225E,Eurillas latirostris,Eurillas latirostris,Andropadus latirostris,NULL,field study,Field1,1_NA_4568,1_NA,Equatorial Guinea,NULL,Oyala,female,Adult,76,NULL,NULL,NULL,NULL,NULL,NULL,NULL,NULL,NULL,71,NULL,NULL,NULL,PFR,NULL,NULL
Eurillas latirostris_405,81262,AVIBASE-728B225E,Eurillas latirostris,Eurillas latirostris,Andropadus latirostris,NULL,field study,Field1,1_NA_4595,1_NA,Equatorial Guinea,NULL,Oyala,unknown,Adult,77,NULL,NULL,NULL,NULL,NULL,NULL,NULL,NULL,NULL,70,NULL,NULL,NULL,PFR,NULL,NULL
Eurillas latirostris_406,81178,AVIBASE-728B225E,Eurillas latirostris,Eurillas latirostris,Andropadus latirostris,NULL,field study,Field1,1_NA_4511,1_NA,Equatorial Guinea,NULL,Oyala,unknown,Adult,81,NULL,NULL,NULL,NULL,NULL,NULL,NULL,NULL,NULL,73,NULL,NULL,NULL,PFR,NULL,NULL
Eurillas latirostris_407,81255,AVIBASE-728B225E,Eurillas latirostris,Eurillas latirostris,Andropadus latirostris,NULL,field study,Field1,1_NA_4588,1_NA,Equatorial Guinea,NULL,Oyala,unknown,Adult,88,NULL,NULL,NULL,NULL,NULL,NULL,NULL,NULL,NULL,74,NULL,NULL,NULL,PFR,NULL,NULL
Eurillas latirostris_408,81090,AVIBASE-728B225E,Eurillas latirostris,Eurillas latirostris,Andropadus latirostris,NULL,field study,Field1,1_NA_4423,1_NA,Equatorial Guinea,NULL,Oyala,unknown,Adult,79,NULL,NULL,NULL,NULL,NULL,NULL,NULL,NULL,NULL,75,NULL,NULL,NULL,PFR,NULL,NULL
Eurillas latirostris_409,81171,AVIBASE-728B225E,Eurillas latirostris,Eurillas latirostris,Andropadus latirostris,NULL,field study,Field1,1_NA_4504,1_NA,Equatorial Guinea,NULL,Oyala,unknown,Adult,84,NULL,NULL,NULL,NULL,NULL,NULL,NULL,NULL,NULL,83,NULL,NULL,NULL,PFR,NULL,NULL
Eurillas latirostris_41,81051,AVIBASE-728B225E,Eurillas latirostris,Eurillas latirostris,Andropadus latirostris,NULL,field study,Field1,1_NA_4384,1_NA,Equatorial Guinea,NULL,Oyala,unknown,Adult,84,NULL,NULL,NULL,NULL,NULL,NULL,NULL,NULL,NULL,75,NULL,NULL,NULL,AKW,NULL,NULL
Eurillas latirostris_410,81265,AVIBASE-728B225E,Eurillas latirostris,Eurillas latirostris,Andropadus latirostris,NULL,field study,Field1,1_NA_4598,1_NA,Equatorial Guinea,NULL,Oyala,unknown,Adult,76,NULL,NULL,NULL,NULL,NULL,NULL,NULL,NULL,NULL,72,NULL,NULL,NULL,PFR,NULL,NULL
Eurillas latirostris_411,81291,AVIBASE-728B225E,Eurillas latirostris,Eurillas latirostris,Andropadus latirostris,NULL,field study,Field1,1_NA_4624,1_NA,Equatorial Guinea,NULL,Oyala,unknown,Adult,80,NULL,NULL,NULL,NULL,NULL,NULL,NULL,NULL,NULL,76,NULL,NULL,NULL,PFR,NULL,NULL
Eurillas latirostris_412,81281,AVIBASE-728B225E,Eurillas latirostris,Eurillas latirostris,Andropadus latirostris,NULL,field study,Field1,1_NA_4614,1_NA,Equatorial Guinea,NULL,Oyala,female,Adult,76,NULL,NULL,NULL,NULL,NULL,NULL,NULL,NULL,NULL,73,NULL,NULL,NULL,PFR,NULL,NULL
Eurillas latirostris_413,81254,AVIBASE-728B225E,Eurillas latirostris,Eurillas latirostris,Andropadus latirostris,NULL,field study,Field1,1_NA_4587,1_NA,Equatorial Guinea,NULL,Oyala,unknown,Adult,81,NULL,NULL,NULL,NULL,NULL,NULL,NULL,NULL,NULL,79,NULL,NULL,NULL,PFR,NULL,NULL
Eurillas latirostris_414,81166,AVIBASE-728B225E,Eurillas latirostris,Eurillas latirostris,Andropadus latirostris,NULL,field study,Field1,1_NA_4499,1_NA,Equatorial Guinea,NULL,Oyala,unknown,Adult,83,NULL,NULL,NULL,NULL,NULL,NULL,NULL,NULL,NULL,79,NULL,NULL,NULL,PFR,NULL,NULL
Eurillas latirostris_415,81252,AVIBASE-728B225E,Eurillas latirostris,Eurillas latirostris,Andropadus latirostris,NULL,field study,Field1,1_NA_4585,1_NA,Equatorial Guinea,NULL,Oyala,unknown,Adult,85,NULL,NULL,NULL,NULL,NULL,NULL,NULL,NULL,NULL,80,NULL,NULL,NULL,PFR,NULL,NULL
Eurillas latirostris_416,81155,AVIBASE-728B225E,Eurillas latirostris,Eurillas latirostris,Andropadus latirostris,NULL,field study,Field1,1_NA_4488,1_NA,Equatorial Guinea,NULL,Oyala,unknown,Adult,78,NULL,NULL,NULL,NULL,NULL,NULL,NULL,NULL,NULL,73,NULL,NULL,NULL,PFR,NULL,NULL
Eurillas latirostris_417,81156,AVIBASE-728B225E,Eurillas latirostris,Eurillas latirostris,Andropadus latirostris,NULL,field study,Field1,1_NA_4489,1_NA,Equatorial Guinea,NULL,Oyala,unknown,Adult,85,NULL,NULL,NULL,NULL,NULL,NULL,NULL,NULL,NULL,81,NULL,NULL,NULL,PFR,NULL,NULL
Eurillas latirostris_418,81260,AVIBASE-728B225E,Eurillas latirostris,Eurillas latirostris,Andropadus latirostris,NULL,field study,Field1,1_NA_4593,1_NA,Equatorial Guinea,NULL,Oyala,female,Adult,76,NULL,NULL,NULL,NULL,NULL,NULL,NULL,NULL,NULL,71,NULL,NULL,NULL,PFR,NULL,NULL
Eurillas latirostris_419,81158,AVIBASE-728B225E,Eurillas latirostris,Eurillas latirostris,Andropadus latirostris,NULL,field study,Field1,1_NA_4491,1_NA,Equatorial Guinea,NULL,Oyala,unknown,Adult,84,NULL,NULL,NULL,NULL,NULL,NULL,NULL,NULL,NULL,78,NULL,NULL,NULL,PFR,NULL,NULL
Eurillas latirostris_42,81013,AVIBASE-728B225E,Eurillas latirostris,Eurillas latirostris,Andropadus latirostris,NULL,field study,Field1,1_NA_4346,1_NA,Equatorial Guinea,NULL,Oyala,unknown,Adult,79,NULL,NULL,NULL,NULL,NULL,NULL,NULL,NULL,NULL,78,NULL,NULL,NULL,AKW,NULL,NULL
Eurillas latirostris_420,81157,AVIBASE-728B225E,Eurillas latirostris,Eurillas latirostris,Andropadus latirostris,NULL,field study,Field1,1_NA_4490,1_NA,Equatorial Guinea,NULL,Oyala,unknown,Adult,81,NULL,NULL,NULL,NULL,NULL,NULL,NULL,NULL,NULL,75,NULL,NULL,NULL,PFR,NULL,NULL
Eurillas latirostris_421,81246,AVIBASE-728B225E,Eurillas latirostris,Eurillas latirostris,Andropadus latirostris,NULL,field study,Field1,1_NA_4579,1_NA,Equatorial Guinea,NULL,Oyala,unknown,Adult,83,NULL,NULL,NULL,NULL,NULL,NULL,NULL,NULL,NULL,77,NULL,NULL,NULL,PFR,NULL,NULL
Eurillas latirostris_422,81142,AVIBASE-728B225E,Eurillas latirostris,Eurillas latirostris,Andropadus latirostris,NULL,field study,Field1,1_NA_4475,1_NA,Equatorial Guinea,NULL,Oyala,unknown,Adult,76,NULL,NULL,NULL,NULL,NULL,NULL,NULL,NULL,NULL,82,NULL,NULL,NULL,PFR,NULL,NULL
Eurillas latirostris_423,81245,AVIBASE-728B225E,Eurillas latirostris,Eurillas latirostris,Andropadus latirostris,NULL,field study,Field1,1_NA_4578,1_NA,Equatorial Guinea,NULL,Oyala,unknown,Adult,86,NULL,NULL,NULL,NULL,NULL,NULL,NULL,NULL,NULL,NULL,NULL,NULL,NULL,PFR,NULL,NULL
Eurillas latirostris_424,81146,AVIBASE-728B225E,Eurillas latirostris,Eurillas latirostris,Andropadus latirostris,NULL,field study,Field1,1_NA_4479,1_NA,Equatorial Guinea,NULL,Oyala,unknown,Adult,74,NULL,NULL,NULL,NULL,NULL,NULL,NULL,NULL,NULL,73,NULL,NULL,NULL,PFR,NULL,NULL
Eurillas latirostris_425,81179,AVIBASE-728B225E,Eurillas latirostris,Eurillas latirostris,Andropadus latirostris,NULL,field study,Field1,1_NA_4512,1_NA,Equatorial Guinea,NULL,Oyala,unknown,Adult,80,NULL,NULL,NULL,NULL,NULL,NULL,NULL,NULL,NULL,73,NULL,NULL,NULL,SAL,NULL,NULL
Eurillas latirostris_426,81186,AVIBASE-728B225E,Eurillas latirostris,Eurillas latirostris,Andropadus latirostris,NULL,field study,Field1,1_NA_4519,1_NA,Equatorial Guinea,NULL,Oyala,unknown,Adult,75,NULL,NULL,NULL,NULL,NULL,NULL,NULL,NULL,NULL,83,NULL,NULL,NULL,SAL,NULL,NULL
Eurillas latirostris_427,81257,AVIBASE-728B225E,Eurillas latirostris,Eurillas latirostris,Andropadus latirostris,NULL,field study,Field1,1_NA_4590,1_NA,Equatorial Guinea,NULL,Oyala,unknown,Adult,71,NULL,NULL,NULL,NULL,NULL,NULL,NULL,NULL,NULL,69,NULL,NULL,NULL,SAL,NULL,NULL
Eurillas latirostris_428,81087,AVIBASE-728B225E,Eurillas latirostris,Eurillas latirostris,Andropadus latirostris,NULL,field study,Field1,1_NA_4420,1_NA,Equatorial Guinea,NULL,Oyala,unknown,Adult,75,NULL,NULL,NULL,NULL,NULL,NULL,NULL,NULL,NULL,70,NULL,NULL,NULL,SAL,NULL,NULL
Eurillas latirostris_429,81177,AVIBASE-728B225E,Eurillas latirostris,Eurillas latirostris,Andropadus latirostris,NULL,field study,Field1,1_NA_4510,1_NA,Equatorial Guinea,NULL,Oyala,unknown,Adult,83,NULL,NULL,NULL,NULL,NULL,NULL,NULL,NULL,NULL,71,NULL,NULL,NULL,SAL,NULL,NULL
Eurillas latirostris_43,81130,AVIBASE-728B225E,Eurillas latirostris,Eurillas latirostris,Andropadus latirostris,NULL,field study,Field1,1_NA_4463,1_NA,Equatorial Guinea,NULL,Oyala,unknown,Adult,83,NULL,NULL,NULL,NULL,NULL,NULL,NULL,NULL,NULL,79,NULL,NULL,NULL,AKW,NULL,NULL
Eurillas latirostris_430,81256,AVIBASE-728B225E,Eurillas latirostris,Eurillas latirostris,Andropadus latirostris,NULL,field study,Field1,1_NA_4589,1_NA,Equatorial Guinea,NULL,Oyala,unknown,Adult,79,NULL,NULL,NULL,NULL,NULL,NULL,NULL,NULL,NULL,75,NULL,NULL,NULL,SAL,NULL,NULL
Eurillas latirostris_431,81188,AVIBASE-728B225E,Eurillas latirostris,Eurillas latirostris,Andropadus latirostris,NULL,field study,Field1,1_NA_4521,1_NA,Equatorial Guinea,NULL,Oyala,unknown,Adult,74,NULL,NULL,NULL,NULL,NULL,NULL,NULL,NULL,NULL,70,NULL,NULL,NULL,SAL,NULL,NULL
Eurillas latirostris_432,81263,AVIBASE-728B225E,Eurillas latirostris,Eurillas latirostris,Andropadus latirostris,NULL,field study,Field1,1_NA_4596,1_NA,Equatorial Guinea,NULL,Oyala,unknown,Adult,78,NULL,NULL,NULL,NULL,NULL,NULL,NULL,NULL,NULL,75,NULL,NULL,NULL,SAL,NULL,NULL
Eurillas latirostris_433,81199,AVIBASE-728B225E,Eurillas latirostris,Eurillas latirostris,Andropadus latirostris,NULL,field study,Field1,1_NA_4532,1_NA,Equatorial Guinea,NULL,Oyala,unknown,Adult,89,NULL,NULL,NULL,NULL,NULL,NULL,NULL,NULL,NULL,NULL,NULL,NULL,NULL,SAL,NULL,NULL
Eurillas latirostris_434,81002,AVIBASE-728B225E,Eurillas latirostris,Eurillas latirostris,Andropadus latirostris,NULL,field study,Field1,1_NA_4335,1_NA,Equatorial Guinea,NULL,Oyala,male,Adult,85,NULL,NULL,NULL,NULL,NULL,NULL,NULL,NULL,NULL,70,NULL,NULL,NULL,SAL,NULL,NULL
Eurillas latirostris_435,80942,AVIBASE-728B225E,Eurillas latirostris,Eurillas latirostris,Andropadus latirostris,NULL,field study,Field1,1_NA_4275,1_NA,Equatorial Guinea,NULL,Oyala,unknown,Adult,76,NULL,NULL,NULL,NULL,NULL,NULL,NULL,NULL,NULL,71,NULL,NULL,NULL,SAL,NULL,NULL
Eurillas latirostris_436,81161,AVIBASE-728B225E,Eurillas latirostris,Eurillas latirostris,Andropadus latirostris,NULL,field study,Field1,1_NA_4494,1_NA,Equatorial Guinea,NULL,Oyala,unknown,Adult,78,NULL,NULL,NULL,NULL,NULL,NULL,NULL,NULL,NULL,72,NULL,NULL,NULL,SAL,NULL,NULL
Eurillas latirostris_437,81273,AVIBASE-728B225E,Eurillas latirostris,Eurillas latirostris,Andropadus latirostris,NULL,field study,Field1,1_NA_4606,1_NA,Equatorial Guinea,NULL,Oyala,unknown,Adult,79,NULL,NULL,NULL,NULL,NULL,NULL,NULL,NULL,NULL,73,NULL,NULL,NULL,SAL,NULL,NULL
Eurillas latirostris_438,81169,AVIBASE-728B225E,Eurillas latirostris,Eurillas latirostris,Andropadus latirostris,NULL,field study,Field1,1_NA_4502,1_NA,Equatorial Guinea,NULL,Oyala,unknown,Adult,80,NULL,NULL,NULL,NULL,NULL,NULL,NULL,NULL,NULL,74,NULL,NULL,NULL,SAL,NULL,NULL
Eurillas latirostris_439,81258,AVIBASE-728B225E,Eurillas latirostris,Eurillas latirostris,Andropadus latirostris,NULL,field study,Field1,1_NA_4591,1_NA,Equatorial Guinea,NULL,Oyala,unknown,Adult,81,NULL,NULL,NULL,NULL,NULL,NULL,NULL,NULL,NULL,75,NULL,NULL,NULL,SAL,NULL,NULL
Eurillas latirostris_44,81134,AVIBASE-728B225E,Eurillas latirostris,Eurillas latirostris,Andropadus latirostris,NULL,field study,Field1,1_NA_4467,1_NA,Equatorial Guinea,NULL,Oyala,unknown,Adult,84,NULL,NULL,NULL,NULL,NULL,NULL,NULL,NULL,NULL,80,NULL,NULL,NULL,AKW,NULL,NULL
Eurillas latirostris_440,81275,AVIBASE-728B225E,Eurillas latirostris,Eurillas latirostris,Andropadus latirostris,NULL,field study,Field1,1_NA_4608,1_NA,Equatorial Guinea,NULL,Oyala,unknown,Adult,83,NULL,NULL,NULL,NULL,NULL,NULL,NULL,NULL,NULL,75,NULL,NULL,NULL,SAL,NULL,NULL
Eurillas latirostris_441,81248,AVIBASE-728B225E,Eurillas latirostris,Eurillas latirostris,Andropadus latirostris,NULL,field study,Field1,1_NA_4581,1_NA,Equatorial Guinea,NULL,Oyala,unknown,Adult,85,NULL,NULL,NULL,NULL,NULL,NULL,NULL,NULL,NULL,80,NULL,NULL,NULL,SAL,NULL,NULL
Eurillas latirostris_442,81175,AVIBASE-728B225E,Eurillas latirostris,Eurillas latirostris,Andropadus latirostris,NULL,field study,Field1,1_NA_4508,1_NA,Equatorial Guinea,NULL,Oyala,unknown,Adult,89,NULL,NULL,NULL,NULL,NULL,NULL,NULL,NULL,NULL,82,NULL,NULL,NULL,SAL,NULL,NULL
Eurillas latirostris_443,81083,AVIBASE-728B225E,Eurillas latirostris,Eurillas latirostris,Andropadus latirostris,NULL,field study,Field1,1_NA_4416,1_NA,Equatorial Guinea,NULL,Oyala,unknown,Adult,89,NULL,NULL,NULL,NULL,NULL,NULL,NULL,NULL,NULL,83,NULL,NULL,NULL,SAL,NULL,NULL
Eurillas latirostris_444,81174,AVIBASE-728B225E,Eurillas latirostris,Eurillas latirostris,Andropadus latirostris,NULL,field study,Field1,1_NA_4507,1_NA,Equatorial Guinea,NULL,Oyala,unknown,Adult,87,NULL,NULL,NULL,NULL,NULL,NULL,NULL,NULL,NULL,86,NULL,NULL,NULL,SAL,NULL,NULL
Eurillas latirostris_445,80897,AVIBASE-728B225E,Eurillas latirostris,Eurillas latirostris,Andropadus latirostris,NULL,field study,Field1,1_NA_4230,1_NA,Equatorial Guinea,NULL,Oyala,unknown,Adult,72,NULL,NULL,NULL,NULL,NULL,NULL,NULL,NULL,NULL,66,NULL,NULL,NULL,SAL,NULL,NULL
Eurillas latirostris_446,81197,AVIBASE-728B225E,Eurillas latirostris,Eurillas latirostris,Andropadus latirostris,NULL,field study,Field1,1_NA_4530,1_NA,Equatorial Guinea,NULL,Oyala,unknown,Adult,NULL,NULL,NULL,NULL,NULL,NULL,NULL,NULL,NULL,NULL,68,NULL,NULL,NULL,SAL,NULL,NULL
Eurillas latirostris_447,81209,AVIBASE-728B225E,Eurillas latirostris,Eurillas latirostris,Andropadus latirostris,NULL,field study,Field1,1_NA_4542,1_NA,Equatorial Guinea,NULL,Oyala,unknown,Adult,73,NULL,NULL,NULL,NULL,NULL,NULL,NULL,NULL,NULL,68,NULL,NULL,NULL,SAL,NULL,NULL
Eurillas latirostris_448,81272,AVIBASE-728B225E,Eurillas latirostris,Eurillas latirostris,Andropadus latirostris,NULL,field study,Field1,1_NA_4605,1_NA,Equatorial Guinea,NULL,Oyala,unknown,Adult,75,NULL,NULL,NULL,NULL,NULL,NULL,NULL,NULL,NULL,69,NULL,NULL,NULL,SAL,NULL,NULL
Eurillas latirostris_449,81296,AVIBASE-728B225E,Eurillas latirostris,Eurillas latirostris,Andropadus latirostris,NULL,field study,Field1,1_NA_4629,1_NA,Equatorial Guinea,NULL,Oyala,unknown,Adult,75,NULL,NULL,NULL,NULL,NULL,NULL,NULL,NULL,NULL,70,NULL,NULL,NULL,SAL,NULL,NULL
Eurillas latirostris_45,81119,AVIBASE-728B225E,Eurillas latirostris,Eurillas latirostris,Andropadus latirostris,NULL,field study,Field1,1_NA_4452,1_NA,Equatorial Guinea,NULL,Oyala,unknown,Adult,82,NULL,NULL,NULL,NULL,NULL,NULL,NULL,NULL,NULL,77,NULL,NULL,NULL,AKW,NULL,NULL
Eurillas latirostris_450,81290,AVIBASE-728B225E,Eurillas latirostris,Eurillas latirostris,Andropadus latirostris,NULL,field study,Field1,1_NA_4623,1_NA,Equatorial Guinea,NULL,Oyala,unknown,Adult,78,NULL,NULL,NULL,NULL,NULL,NULL,NULL,NULL,NULL,70,NULL,NULL,NULL,SAL,NULL,NULL
Eurillas latirostris_451,81300,AVIBASE-728B225E,Eurillas latirostris,Eurillas latirostris,Andropadus latirostris,NULL,field study,Field1,1_NA_4633,1_NA,Equatorial Guinea,NULL,Oyala,unknown,Adult,83,NULL,NULL,NULL,NULL,NULL,NULL,NULL,NULL,NULL,71,NULL,NULL,NULL,SAL,NULL,NULL
Eurillas latirostris_452,81270,AVIBASE-728B225E,Eurillas latirostris,Eurillas latirostris,Andropadus latirostris,NULL,field study,Field1,1_NA_4603,1_NA,Equatorial Guinea,NULL,Oyala,unknown,Adult,81,NULL,NULL,NULL,NULL,NULL,NULL,NULL,NULL,NULL,72,NULL,NULL,NULL,SAL,NULL,NULL
Eurillas latirostris_453,81170,AVIBASE-728B225E,Eurillas latirostris,Eurillas latirostris,Andropadus latirostris,NULL,field study,Field1,1_NA_4503,1_NA,Equatorial Guinea,NULL,Oyala,unknown,Adult,80,NULL,NULL,NULL,NULL,NULL,NULL,NULL,NULL,NULL,78,NULL,NULL,NULL,SAL,NULL,NULL
Eurillas latirostris_454,81266,AVIBASE-728B225E,Eurillas latirostris,Eurillas latirostris,Andropadus latirostris,NULL,field study,Field1,1_NA_4599,1_NA,Equatorial Guinea,NULL,Oyala,unknown,Adult,80,NULL,NULL,NULL,NULL,NULL,NULL,NULL,NULL,NULL,79,NULL,NULL,NULL,SAL,NULL,NULL
Eurillas latirostris_455,81173,AVIBASE-728B225E,Eurillas latirostris,Eurillas latirostris,Andropadus latirostris,NULL,field study,Field1,1_NA_4506,1_NA,Equatorial Guinea,NULL,Oyala,unknown,Adult,84,NULL,NULL,NULL,NULL,NULL,NULL,NULL,NULL,NULL,79,NULL,NULL,NULL,SAL,NULL,NULL
Eurillas latirostris_456,81176,AVIBASE-728B225E,Eurillas latirostris,Eurillas latirostris,Andropadus latirostris,NULL,field study,Field1,1_NA_4509,1_NA,Equatorial Guinea,NULL,Oyala,unknown,Adult,72,NULL,NULL,NULL,NULL,NULL,NULL,NULL,NULL,NULL,NULL,NULL,NULL,NULL,SAL,NULL,NULL
Eurillas latirostris_457,81006,AVIBASE-728B225E,Eurillas latirostris,Eurillas latirostris,Andropadus latirostris,NULL,field study,Field1,1_NA_4339,1_NA,Equatorial Guinea,NULL,Oyala,unknown,Adult,87,NULL,NULL,NULL,NULL,NULL,NULL,NULL,NULL,NULL,81,NULL,NULL,NULL,SAL,NULL,NULL
Eurillas latirostris_458,81091,AVIBASE-728B225E,Eurillas latirostris,Eurillas latirostris,Andropadus latirostris,NULL,field study,Field1,1_NA_4424,1_NA,Equatorial Guinea,NULL,Oyala,unknown,Adult,83,NULL,NULL,NULL,NULL,NULL,NULL,NULL,NULL,NULL,74,NULL,NULL,NULL,SAL,NULL,NULL
Eurillas latirostris_459,81184,AVIBASE-728B225E,Eurillas latirostris,Eurillas latirostris,Andropadus latirostris,NULL,field study,Field1,1_NA_4517,1_NA,Equatorial Guinea,NULL,Oyala,unknown,Adult,72,NULL,NULL,NULL,NULL,NULL,NULL,NULL,NULL,NULL,76,NULL,NULL,NULL,SAL,NULL,NULL
Eurillas latirostris_46,81115,AVIBASE-728B225E,Eurillas latirostris,Eurillas latirostris,Andropadus latirostris,NULL,field study,Field1,1_NA_4448,1_NA,Equatorial Guinea,NULL,Oyala,unknown,Adult,78,NULL,NULL,NULL,NULL,NULL,NULL,NULL,NULL,NULL,75,NULL,NULL,NULL,AKW,NULL,NULL
Eurillas latirostris_460,81282,AVIBASE-728B225E,Eurillas latirostris,Eurillas latirostris,Andropadus latirostris,NULL,field study,Field1,1_NA_4615,1_NA,Equatorial Guinea,NULL,Oyala,unknown,Adult,79,NULL,NULL,NULL,NULL,NULL,NULL,NULL,NULL,NULL,71,NULL,NULL,NULL,SAL,NULL,NULL
Eurillas latirostris_461,81200,AVIBASE-728B225E,Eurillas latirostris,Eurillas latirostris,Andropadus latirostris,NULL,field study,Field1,1_NA_4533,1_NA,Equatorial Guinea,NULL,Oyala,unknown,Adult,83,NULL,NULL,NULL,NULL,NULL,NULL,NULL,NULL,NULL,80,NULL,NULL,NULL,SAL,NULL,NULL
Eurillas latirostris_462,81250,AVIBASE-728B225E,Eurillas latirostris,Eurillas latirostris,Andropadus latirostris,NULL,field study,Field1,1_NA_4583,1_NA,Equatorial Guinea,NULL,Oyala,female,Adult,80,NULL,NULL,NULL,NULL,NULL,NULL,NULL,NULL,NULL,74,NULL,NULL,NULL,SAL,NULL,NULL
Eurillas latirostris_463,81264,AVIBASE-728B225E,Eurillas latirostris,Eurillas latirostris,Andropadus latirostris,NULL,field study,Field1,1_NA_4597,1_NA,Equatorial Guinea,NULL,Oyala,unknown,Adult,81,NULL,NULL,NULL,NULL,NULL,NULL,NULL,NULL,NULL,75,NULL,NULL,NULL,SAL,NULL,NULL
Eurillas latirostris_464,81150,AVIBASE-728B225E,Eurillas latirostris,Eurillas latirostris,Andropadus latirostris,NULL,field study,Field1,1_NA_4483,1_NA,Equatorial Guinea,NULL,Oyala,unknown,Adult,82,NULL,NULL,NULL,NULL,NULL,NULL,NULL,NULL,NULL,74,NULL,NULL,NULL,SAL,NULL,NULL
Eurillas latirostris_465,81216,AVIBASE-728B225E,Eurillas latirostris,Eurillas latirostris,Andropadus latirostris,NULL,field study,Field1,1_NA_4549,1_NA,Equatorial Guinea,NULL,Oyala,unknown,Adult,80,NULL,NULL,NULL,NULL,NULL,NULL,NULL,NULL,NULL,75,NULL,NULL,NULL,SAL,NULL,NULL
Eurillas latirostris_466,81223,AVIBASE-728B225E,Eurillas latirostris,Eurillas latirostris,Andropadus latirostris,NULL,field study,Field1,1_NA_4556,1_NA,Equatorial Guinea,NULL,Oyala,unknown,Adult,83,NULL,NULL,NULL,NULL,NULL,NULL,NULL,NULL,NULL,76,NULL,NULL,NULL,SAL,NULL,NULL
Eurillas latirostris_467,81198,AVIBASE-728B225E,Eurillas latirostris,Eurillas latirostris,Andropadus latirostris,NULL,field study,Field1,1_NA_4531,1_NA,Equatorial Guinea,NULL,Oyala,unknown,Adult,78,NULL,NULL,NULL,NULL,NULL,NULL,NULL,NULL,NULL,72,NULL,NULL,NULL,SAL,NULL,NULL
Eurillas latirostris_468,81220,AVIBASE-728B225E,Eurillas latirostris,Eurillas latirostris,Andropadus latirostris,NULL,field study,Field1,1_NA_4553,1_NA,Equatorial Guinea,NULL,Oyala,unknown,Adult,77,NULL,NULL,NULL,NULL,NULL,NULL,NULL,NULL,NULL,75,NULL,NULL,NULL,SAL,NULL,NULL
Eurillas latirostris_469,81217,AVIBASE-728B225E,Eurillas latirostris,Eurillas latirostris,Andropadus latirostris,NULL,field study,Field1,1_NA_4550,1_NA,Equatorial Guinea,NULL,NULL,unknown,Adult,84,NULL,NULL,NULL,NULL,NULL,NULL,NULL,NULL,NULL,75,NULL,NULL,NULL,SAL,NULL,NULL
Eurillas latirostris_47,81118,AVIBASE-728B225E,Eurillas latirostris,Eurillas latirostris,Andropadus latirostris,NULL,field study,Field1,1_NA_4451,1_NA,Equatorial Guinea,NULL,Oyala,unknown,Adult,78,NULL,NULL,NULL,NULL,NULL,NULL,NULL,NULL,NULL,75,NULL,NULL,NULL,AKW,NULL,NULL
Eurillas latirostris_470,81187,AVIBASE-728B225E,Eurillas latirostris,Eurillas latirostris,Andropadus latirostris,NULL,field study,Field1,1_NA_4520,1_NA,Equatorial Guinea,NULL,Oyala,unknown,Adult,83,NULL,NULL,NULL,NULL,NULL,NULL,NULL,NULL,NULL,63,NULL,NULL,NULL,SEM,NULL,NULL
Eurillas latirostris_471,80960,AVIBASE-728B225E,Eurillas latirostris,Eurillas latirostris,Andropadus latirostris,NULL,field study,Field1,1_NA_4293,1_NA,Equatorial Guinea,NULL,Oyala,unknown,Adult,82,NULL,NULL,NULL,NULL,NULL,NULL,NULL,NULL,NULL,87,NULL,NULL,NULL,SEM,NULL,NULL
Eurillas latirostris_472,80930,AVIBASE-728B225E,Eurillas latirostris,Eurillas latirostris,Andropadus latirostris,NULL,field study,Field1,1_NA_4263,1_NA,Equatorial Guinea,NULL,Oyala,unknown,Adult,77,NULL,NULL,NULL,NULL,NULL,NULL,NULL,NULL,NULL,69,NULL,NULL,NULL,SEM,NULL,NULL
Eurillas latirostris_473,81140,AVIBASE-728B225E,Eurillas latirostris,Eurillas latirostris,Andropadus latirostris,NULL,field study,Field1,1_NA_4473,1_NA,Equatorial Guinea,NULL,Oyala,unknown,Adult,78,NULL,NULL,NULL,NULL,NULL,NULL,NULL,NULL,NULL,NULL,NULL,NULL,NULL,SEM,NULL,NULL
Eurillas latirostris_474,81180,AVIBASE-728B225E,Eurillas latirostris,Eurillas latirostris,Andropadus latirostris,NULL,field study,Field1,1_NA_4513,1_NA,Equatorial Guinea,NULL,Oyala,unknown,Adult,87,NULL,NULL,NULL,NULL,NULL,NULL,NULL,NULL,NULL,72,NULL,NULL,NULL,SEM,NULL,NULL
Eurillas latirostris_475,81185,AVIBASE-728B225E,Eurillas latirostris,Eurillas latirostris,Andropadus latirostris,NULL,field study,Field1,1_NA_4518,1_NA,Equatorial Guinea,NULL,Oyala,unknown,Adult,78,NULL,NULL,NULL,NULL,NULL,NULL,NULL,NULL,NULL,72,NULL,NULL,NULL,SEM,NULL,NULL
Eurillas latirostris_476,81092,AVIBASE-728B225E,Eurillas latirostris,Eurillas latirostris,Andropadus latirostris,NULL,field study,Field1,1_NA_4425,1_NA,Equatorial Guinea,NULL,Oyala,unknown,Adult,87,NULL,NULL,NULL,NULL,NULL,NULL,NULL,NULL,NULL,75,NULL,NULL,NULL,SEM,NULL,NULL
Eurillas latirostris_477,81181,AVIBASE-728B225E,Eurillas latirostris,Eurillas latirostris,Andropadus latirostris,NULL,field study,Field1,1_NA_4514,1_NA,Equatorial Guinea,NULL,Oyala,unknown,Adult,81,NULL,NULL,NULL,NULL,NULL,NULL,NULL,NULL,NULL,78,NULL,NULL,NULL,SEM,NULL,NULL
Eurillas latirostris_478,81183,AVIBASE-728B225E,Eurillas latirostris,Eurillas latirostris,Andropadus latirostris,NULL,field study,Field1,1_NA_4516,1_NA,Equatorial Guinea,NULL,Oyala,unknown,Adult,82,NULL,NULL,NULL,NULL,NULL,NULL,NULL,NULL,NULL,77,NULL,NULL,NULL,SEM,NULL,NULL
Eurillas latirostris_479,81182,AVIBASE-728B225E,Eurillas latirostris,Eurillas latirostris,Andropadus latirostris,NULL,field study,Field1,1_NA_4515,1_NA,Equatorial Guinea,NULL,Oyala,unknown,Adult,85,NULL,NULL,NULL,NULL,NULL,NULL,NULL,NULL,NULL,87,NULL,NULL,NULL,SEM,NULL,NULL
Eurillas latirostris_48,81139,AVIBASE-728B225E,Eurillas latirostris,Eurillas latirostris,Andropadus latirostris,NULL,field study,Field1,1_NA_4472,1_NA,Equatorial Guinea,NULL,Oyala,unknown,Adult,83,NULL,NULL,NULL,NULL,NULL,NULL,NULL,NULL,NULL,78,NULL,NULL,NULL,AKW,NULL,NULL
Eurillas latirostris_480,81167,AVIBASE-728B225E,Eurillas latirostris,Eurillas latirostris,Andropadus latirostris,NULL,field study,Field1,1_NA_4500,1_NA,Equatorial Guinea,NULL,Oyala,unknown,Adult,78,NULL,NULL,NULL,NULL,NULL,NULL,NULL,NULL,NULL,76,NULL,NULL,NULL,SEM,NULL,NULL
Eurillas latirostris_481,81069,AVIBASE-728B225E,Eurillas latirostris,Eurillas latirostris,Andropadus latirostris,NULL,field study,Field1,1_NA_4402,1_NA,Equatorial Guinea,NULL,Oyala,unknown,Adult,82,NULL,NULL,NULL,NULL,NULL,NULL,NULL,NULL,NULL,80,NULL,NULL,NULL,SEM,NULL,NULL
Eurillas latirostris_482,81165,AVIBASE-728B225E,Eurillas latirostris,Eurillas latirostris,Andropadus latirostris,NULL,field study,Field1,1_NA_4498,1_NA,Equatorial Guinea,NULL,Oyala,unknown,Adult,82,NULL,NULL,NULL,NULL,NULL,NULL,NULL,NULL,NULL,81,NULL,NULL,NULL,SEM,NULL,NULL
Eurillas latirostris_483,81039,AVIBASE-728B225E,Eurillas latirostris,Eurillas latirostris,Andropadus latirostris,NULL,field study,Field1,1_NA_4372,1_NA,Equatorial Guinea,NULL,Oyala,female,Adult,76,NULL,NULL,NULL,NULL,NULL,NULL,NULL,NULL,NULL,74,NULL,NULL,NULL,SEM,NULL,NULL
Eurillas latirostris_484,81035,AVIBASE-728B225E,Eurillas latirostris,Eurillas latirostris,Andropadus latirostris,NULL,field study,Field1,1_NA_4368,1_NA,Equatorial Guinea,NULL,Oyala,female,Adult,77,NULL,NULL,NULL,NULL,NULL,NULL,NULL,NULL,NULL,70,NULL,NULL,NULL,SEM,NULL,NULL
Eurillas latirostris_485,81124,AVIBASE-728B225E,Eurillas latirostris,Eurillas latirostris,Andropadus latirostris,NULL,field study,Field1,1_NA_4457,1_NA,Equatorial Guinea,NULL,Oyala,female,Adult,81,NULL,NULL,NULL,NULL,NULL,NULL,NULL,NULL,NULL,76,NULL,NULL,NULL,SEM,NULL,NULL
Eurillas latirostris_486,81144,AVIBASE-728B225E,Eurillas latirostris,Eurillas latirostris,Andropadus latirostris,NULL,field study,Field1,1_NA_4477,1_NA,Equatorial Guinea,NULL,Oyala,unknown,Adult,79,NULL,NULL,NULL,NULL,NULL,NULL,NULL,NULL,NULL,79,NULL,NULL,NULL,SEM,NULL,NULL
Eurillas latirostris_487,81036,AVIBASE-728B225E,Eurillas latirostris,Eurillas latirostris,Andropadus latirostris,NULL,field study,Field1,1_NA_4369,1_NA,Equatorial Guinea,NULL,Oyala,female,Adult,79,NULL,NULL,NULL,NULL,NULL,NULL,NULL,NULL,NULL,74,NULL,NULL,NULL,SEM,NULL,NULL
Eurillas latirostris_488,80874,AVIBASE-728B225E,Eurillas latirostris,Eurillas latirostris,Andropadus latirostris,NULL,field study,Field1,1_NA_4207,1_NA,Equatorial Guinea,NULL,Oyala,unknown,Adult,79,NULL,NULL,NULL,NULL,NULL,NULL,NULL,NULL,NULL,77,NULL,NULL,NULL,SEM,NULL,NULL
Eurillas latirostris_489,81038,AVIBASE-728B225E,Eurillas latirostris,Eurillas latirostris,Andropadus latirostris,NULL,field study,Field1,1_NA_4371,1_NA,Equatorial Guinea,NULL,Oyala,unknown,Adult,83,NULL,NULL,NULL,NULL,NULL,NULL,NULL,NULL,NULL,78,NULL,NULL,NULL,SEM,NULL,NULL
Eurillas latirostris_49,81114,AVIBASE-728B225E,Eurillas latirostris,Eurillas latirostris,Andropadus latirostris,NULL,field study,Field1,1_NA_4447,1_NA,Equatorial Guinea,NULL,Oyala,unknown,Adult,75,NULL,NULL,NULL,NULL,NULL,NULL,NULL,NULL,NULL,79,NULL,NULL,NULL,AKW,NULL,NULL
Eurillas latirostris_490,81047,AVIBASE-728B225E,Eurillas latirostris,Eurillas latirostris,Andropadus latirostris,NULL,field study,Field1,1_NA_4380,1_NA,Equatorial Guinea,NULL,Oyala,unknown,Adult,73,NULL,NULL,NULL,NULL,NULL,NULL,NULL,NULL,NULL,72,NULL,NULL,NULL,SEM,NULL,NULL
Eurillas latirostris_491,81152,AVIBASE-728B225E,Eurillas latirostris,Eurillas latirostris,Andropadus latirostris,NULL,field study,Field1,1_NA_4485,1_NA,Equatorial Guinea,NULL,Oyala,unknown,Adult,76,NULL,NULL,NULL,NULL,NULL,NULL,NULL,NULL,NULL,73,NULL,NULL,NULL,SEM,NULL,NULL
Eurillas latirostris_492,81148,AVIBASE-728B225E,Eurillas latirostris,Eurillas latirostris,Andropadus latirostris,NULL,field study,Field1,1_NA_4481,1_NA,Equatorial Guinea,NULL,Oyala,unknown,Adult,76,NULL,NULL,NULL,NULL,NULL,NULL,NULL,NULL,NULL,77,NULL,NULL,NULL,SEM,NULL,NULL
Eurillas latirostris_493,81126,AVIBASE-728B225E,Eurillas latirostris,Eurillas latirostris,Andropadus latirostris,NULL,field study,Field1,1_NA_4459,1_NA,Equatorial Guinea,NULL,Oyala,unknown,Adult,81,NULL,NULL,NULL,NULL,NULL,NULL,NULL,NULL,NULL,75,NULL,NULL,NULL,SEM,NULL,NULL
Eurillas latirostris_494,81164,AVIBASE-728B225E,Eurillas latirostris,Eurillas latirostris,Andropadus latirostris,NULL,field study,Field1,1_NA_4497,1_NA,Equatorial Guinea,NULL,Oyala,unknown,Adult,77,NULL,NULL,NULL,NULL,NULL,NULL,NULL,NULL,NULL,72,NULL,NULL,NULL,SEM,NULL,NULL
Eurillas latirostris_495,81154,AVIBASE-728B225E,Eurillas latirostris,Eurillas latirostris,Andropadus latirostris,NULL,field study,Field1,1_NA_4487,1_NA,Equatorial Guinea,NULL,Oyala,unknown,Adult,85,NULL,NULL,NULL,NULL,NULL,NULL,NULL,NULL,NULL,81,NULL,NULL,NULL,SEM,NULL,NULL
Eurillas latirostris_496,81159,AVIBASE-728B225E,Eurillas latirostris,Eurillas latirostris,Andropadus latirostris,NULL,field study,Field1,1_NA_4492,1_NA,Equatorial Guinea,NULL,Oyala,unknown,Adult,86,NULL,NULL,NULL,NULL,NULL,NULL,NULL,NULL,NULL,81,NULL,NULL,NULL,SEM,NULL,NULL
Eurillas latirostris_497,81162,AVIBASE-728B225E,Eurillas latirostris,Eurillas latirostris,Andropadus latirostris,NULL,field study,Field1,1_NA_4495,1_NA,Equatorial Guinea,NULL,Oyala,unknown,Adult,76,NULL,NULL,NULL,NULL,NULL,NULL,NULL,NULL,NULL,75,NULL,NULL,NULL,SEM,NULL,NULL
Eurillas latirostris_498,80987,AVIBASE-728B225E,Eurillas latirostris,Eurillas latirostris,Andropadus latirostris,NULL,field study,Field1,1_NA_4320,1_NA,Equatorial Guinea,NULL,Bioko Island (Moka),unknown,Adult,76,NULL,NULL,NULL,NULL,NULL,NULL,NULL,NULL,NULL,71,NULL,NULL,NULL,LLP,NULL,NULL
Eurillas latirostris_499,80873,AVIBASE-728B225E,Eurillas latirostris,Eurillas latirostris,Andropadus latirostris,NULL,field study,Field1,1_NA_4206,1_NA,Equatorial Guinea,NULL,Bioko Island (Moka),unknown,Adult,83,NULL,NULL,NULL,NULL,NULL,NULL,NULL,NULL,NULL,73,NULL,NULL,NULL,LLP,NULL,NULL
Eurillas latirostris_50,80945,AVIBASE-728B225E,Eurillas latirostris,Eurillas latirostris,Andropadus latirostris,NULL,field study,Field1,1_NA_4278,1_NA,Equatorial Guinea,NULL,Oyala,female,Adult,78,NULL,NULL,NULL,NULL,NULL,NULL,NULL,NULL,NULL,75,NULL,NULL,NULL,AKW,NULL,NULL
Eurillas latirostris_500,80990,AVIBASE-728B225E,Eurillas latirostris,Eurillas latirostris,Andropadus latirostris,NULL,field study,Field1,1_NA_4323,1_NA,Equatorial Guinea,NULL,Bioko Island (Moka),unknown,Adult,82,NULL,NULL,NULL,NULL,NULL,NULL,NULL,NULL,NULL,76,NULL,NULL,NULL,LLP,NULL,NULL
Eurillas latirostris_501,81129,AVIBASE-728B225E,Eurillas latirostris,Eurillas latirostris,Andropadus latirostris,NULL,field study,Field1,1_NA_4462,1_NA,Equatorial Guinea,NULL,Bioko Island (Moka),unknown,Adult,84,NULL,NULL,NULL,NULL,NULL,NULL,NULL,NULL,NULL,77,NULL,NULL,NULL,LLP,NULL,NULL
Eurillas latirostris_502,80872,AVIBASE-728B225E,Eurillas latirostris,Eurillas latirostris,Andropadus latirostris,NULL,field study,Field1,1_NA_4205,1_NA,Equatorial Guinea,NULL,Bioko Island (Moka),unknown,Adult,88,NULL,NULL,NULL,NULL,NULL,NULL,NULL,NULL,NULL,82,NULL,NULL,NULL,LLP,NULL,NULL
Eurillas latirostris_503,80988,AVIBASE-728B225E,Eurillas latirostris,Eurillas latirostris,Andropadus latirostris,NULL,field study,Field1,1_NA_4321,1_NA,Equatorial Guinea,NULL,Bioko Island (Moka),female,Adult,74,NULL,NULL,NULL,NULL,NULL,NULL,NULL,NULL,NULL,NULL,NULL,NULL,NULL,LLP,NULL,NULL
Eurillas latirostris_504,80910,AVIBASE-728B225E,Eurillas latirostris,Eurillas latirostris,Andropadus latirostris,NULL,field study,Field1,1_NA_4243,1_NA,Equatorial Guinea,NULL,Bioko Island (Moka),unknown,Adult,78,NULL,NULL,NULL,NULL,NULL,NULL,NULL,NULL,NULL,NULL,NULL,NULL,NULL,LLP,NULL,NULL
Eurillas latirostris_505,80886,AVIBASE-728B225E,Eurillas latirostris,Eurillas latirostris,Andropadus latirostris,NULL,field study,Field1,1_NA_4219,1_NA,Equatorial Guinea,NULL,Oyala,unknown,Adult,86,NULL,NULL,NULL,NULL,NULL,NULL,NULL,NULL,NULL,75,NULL,NULL,NULL,LLP,NULL,NULL
Eurillas latirostris_506,81368,AVIBASE-728B225E,Eurillas latirostris,Eurillas latirostris,Andropadus latirostris,NULL,field study,Field1,1_NA_4701,1_NA,Ghana,NULL,Dompim,unknown,Adult,74,8,66,11.1,7.9,4.3,NULL,13.9,4,NULL,70,NULL,NULL,NULL,NNDA,NULL,NULL
Eurillas latirostris_507,81380,AVIBASE-728B225E,Eurillas latirostris,Eurillas latirostris,Andropadus latirostris,NULL,field study,Field1,1_NA_4713,1_NA,Ghana,NULL,Dompim,unknown,Adult,80,9,71,12.9,8.4,4.6,NULL,13.1,4,NULL,75,NULL,21.2,NULL,NNDA,NULL,NULL
Eurillas latirostris_508,81381,AVIBASE-728B225E,Eurillas latirostris,Eurillas latirostris,Andropadus latirostris,NULL,field study,Field1,1_NA_4714,1_NA,Ghana,NULL,Dompim,unknown,Adult,76,9,67,12.7,8.3,NULL,NULL,NULL,4.2,NULL,74,NULL,21.2,NULL,NNDA,NULL,NULL
Eurillas latirostris_51,81138,AVIBASE-728B225E,Eurillas latirostris,Eurillas latirostris,Andropadus latirostris,NULL,field study,Field1,1_NA_4471,1_NA,Equatorial Guinea,NULL,Oyala,unknown,Adult,75,NULL,NULL,NULL,NULL,NULL,NULL,NULL,NULL,NULL,67,NULL,NULL,NULL,AKW,NULL,NULL
Eurillas latirostris_510,81387,AVIBASE-728B225E,Eurillas latirostris,Eurillas latirostris,Andropadus latirostris,NULL,field study,Field1,1_NA_4720,1_NA,Ghana,NULL,Dompim,unknown,Adult,NULL,NULL,NULL,15.6,8.5,4.2,NULL,11.8,3.3,NULL,NULL,NULL,20.7,NULL,NNDA,NULL,NULL
Eurillas latirostris_511,81388,AVIBASE-728B225E,Eurillas latirostris,Eurillas latirostris,Andropadus latirostris,NULL,field study,Field1,1_NA_4721,1_NA,Ghana,NULL,Dompim,unknown,Immature,73,9,64,13.8,7.7,4.8,NULL,12.8,4.1,NULL,68,NULL,21.4,NULL,NNDA,NULL,NULL
Eurillas latirostris_513,81389,AVIBASE-728B225E,Eurillas latirostris,Eurillas latirostris,Andropadus latirostris,NULL,field study,Field1,1_NA_4722,1_NA,Ghana,NULL,Dompim,unknown,Adult,75,11,64,14.2,8.6,5.5,NULL,14.4,4.5,NULL,71,NULL,21.5,NULL,NNDA,NULL,NULL
Eurillas latirostris_514,81390,AVIBASE-728B225E,Eurillas latirostris,Eurillas latirostris,Andropadus latirostris,NULL,field study,Field1,1_NA_4723,1_NA,Ghana,NULL,Dompim,unknown,Immature,71,8,63,14.7,8.5,4.6,NULL,12.4,4.5,NULL,71,NULL,22.1,NULL,NNDA,NULL,NULL
Eurillas latirostris_515,81369,AVIBASE-728B225E,Eurillas latirostris,Eurillas latirostris,Andropadus latirostris,NULL,field study,Field1,1_NA_4702,1_NA,Ghana,NULL,Dompim,unknown,Immature,77,NULL,NULL,16,9.2,4.4,NULL,12.1,4.5,NULL,74,NULL,20.8,NULL,NNDA,NULL,NULL
Eurillas latirostris_516,81370,AVIBASE-728B225E,Eurillas latirostris,Eurillas latirostris,Andropadus latirostris,NULL,field study,Field1,1_NA_4703,1_NA,Ghana,NULL,Dompim,unknown,Immature,74,10.8,63.2,14.5,8.6,4.9,NULL,12.4,4.5,NULL,68,NULL,21.2,NULL,NNDA,NULL,NULL
Eurillas latirostris_517,81371,AVIBASE-728B225E,Eurillas latirostris,Eurillas latirostris,Andropadus latirostris,NULL,field study,Field1,1_NA_4704,1_NA,Ghana,NULL,Dompim,unknown,Immature,72,9.8,62.2,15.3,9.2,5.2,NULL,13.2,4.5,NULL,69,NULL,21,NULL,NNDA,NULL,NULL
Eurillas latirostris_518,81372,AVIBASE-728B225E,Eurillas latirostris,Eurillas latirostris,Andropadus latirostris,NULL,field study,Field1,1_NA_4705,1_NA,Ghana,NULL,Dompim,unknown,Immature,75,12.7,62.3,16.4,10,5.2,NULL,12.9,4.6,NULL,70,NULL,20.3,NULL,NNDA,NULL,NULL
Eurillas latirostris_519,81373,AVIBASE-728B225E,Eurillas latirostris,Eurillas latirostris,Andropadus latirostris,NULL,field study,Field1,1_NA_4706,1_NA,Ghana,NULL,Dompim,unknown,Adult,76,NULL,NULL,14.7,8.7,5.2,NULL,12.6,4.7,NULL,NULL,NULL,18,NULL,NNDA,NULL,NULL
Eurillas latirostris_52,80915,AVIBASE-728B225E,Eurillas latirostris,Eurillas latirostris,Andropadus latirostris,NULL,field study,Field1,1_NA_4248,1_NA,Equatorial Guinea,NULL,Bioko Island (Caldera de Luba),unknown,Adult,72,NULL,NULL,NULL,NULL,NULL,NULL,NULL,NULL,NULL,66,NULL,20.8,NULL,AME,NULL,NULL
Eurillas latirostris_520,81374,AVIBASE-728B225E,Eurillas latirostris,Eurillas latirostris,Andropadus latirostris,NULL,field study,Field1,1_NA_4707,1_NA,Ghana,NULL,Dompim,unknown,Immature,74,NULL,NULL,18.1,9.4,5.2,NULL,13.2,5,NULL,73,NULL,18.2,NULL,NNDA,NULL,NULL
Eurillas latirostris_521,81375,AVIBASE-728B225E,Eurillas latirostris,Eurillas latirostris,Andropadus latirostris,NULL,field study,Field1,1_NA_4708,1_NA,Ghana,NULL,Dompim,unknown,Immature,71,11.2,59.8,16.1,9.4,5.9,NULL,13.3,4.5,NULL,68,NULL,18.5,NULL,NNDA,NULL,NULL
Eurillas latirostris_522,81376,AVIBASE-728B225E,Eurillas latirostris,Eurillas latirostris,Andropadus latirostris,NULL,field study,Field1,1_NA_4709,1_NA,Ghana,NULL,Dompim,unknown,Immature,72,12.2,59.8,13.3,9.1,4.4,NULL,12.4,4.3,NULL,68,NULL,18.6,NULL,NNDA,NULL,NULL
Eurillas latirostris_523,81377,AVIBASE-728B225E,Eurillas latirostris,Eurillas latirostris,Andropadus latirostris,NULL,field study,Field1,1_NA_4710,1_NA,Ghana,NULL,Dompim,unknown,Adult,80,11.3,68.7,13,9.8,5.5,NULL,12,4.9,NULL,NULL,NULL,19.1,NULL,NNDA,NULL,NULL
Eurillas latirostris_524,81378,AVIBASE-728B225E,Eurillas latirostris,Eurillas latirostris,Andropadus latirostris,NULL,field study,Field1,1_NA_4711,1_NA,Ghana,NULL,Dompim,unknown,Immature,71,NULL,NULL,14.3,9.6,5.1,NULL,12.5,4.4,NULL,67,NULL,19.7,NULL,NNDA,NULL,NULL
Eurillas latirostris_525,81379,AVIBASE-728B225E,Eurillas latirostris,Eurillas latirostris,Andropadus latirostris,NULL,field study,Field1,1_NA_4712,1_NA,Ghana,NULL,Dompim,unknown,Immature,72,NULL,NULL,13.6,6.6,5.1,NULL,12,4.3,NULL,NULL,NULL,18.6,NULL,NNDA,NULL,NULL
Eurillas latirostris_526,81382,AVIBASE-728B225E,Eurillas latirostris,Eurillas latirostris,Andropadus latirostris,NULL,field study,Field1,1_NA_4715,1_NA,Ghana,NULL,Dompim,unknown,Adult,79,9.5,69.5,14.5,9.1,5.1,NULL,13,4.6,NULL,79,NULL,17.4,NULL,NNDA,NULL,NULL
Eurillas latirostris_527,81383,AVIBASE-728B225E,Eurillas latirostris,Eurillas latirostris,Andropadus latirostris,NULL,field study,Field1,1_NA_4716,1_NA,Ghana,NULL,Dompim,unknown,Immature,77,NULL,NULL,12.6,8.3,5,NULL,12.5,4.4,NULL,85,NULL,18.7,NULL,NNDA,NULL,NULL
Eurillas latirostris_528,81384,AVIBASE-728B225E,Eurillas latirostris,Eurillas latirostris,Andropadus latirostris,NULL,field study,Field1,1_NA_4717,1_NA,Ghana,NULL,Dompim,unknown,Immature,73,10.5,62.5,15.5,9.6,5.4,NULL,12.2,4.7,NULL,57,NULL,19.8,NULL,NNDA,NULL,NULL
Eurillas latirostris_529,81385,AVIBASE-728B225E,Eurillas latirostris,Eurillas latirostris,Andropadus latirostris,NULL,field study,Field1,1_NA_4718,1_NA,Ghana,NULL,Dompim,unknown,Immature,78,13.9,64.1,15,9,5.3,NULL,14.1,4.6,NULL,70,NULL,19.5,NULL,NNDA,NULL,NULL
Eurillas latirostris_53,80913,AVIBASE-728B225E,Eurillas latirostris,Eurillas latirostris,Andropadus latirostris,NULL,field study,Field1,1_NA_4246,1_NA,Equatorial Guinea,NULL,Bioko Island (Caldera de Luba),unknown,Adult,78,NULL,NULL,NULL,NULL,NULL,NULL,NULL,NULL,NULL,68,NULL,NULL,NULL,AME,NULL,NULL
Eurillas latirostris_530,81386,AVIBASE-728B225E,Eurillas latirostris,Eurillas latirostris,Andropadus latirostris,NULL,field study,Field1,1_NA_4719,1_NA,Ghana,NULL,Dompim,unknown,Adult,76,13,63,15.9,8.9,4.8,NULL,12.9,4.7,NULL,73,NULL,19.2,NULL,NNDA,NULL,NULL
Eurillas latirostris_54,80911,AVIBASE-728B225E,Eurillas latirostris,Eurillas latirostris,Andropadus latirostris,NULL,field study,Field1,1_NA_4244,1_NA,Equatorial Guinea,NULL,Bioko Island (Caldera de Luba),female,Adult,78,NULL,NULL,NULL,NULL,NULL,NULL,NULL,NULL,NULL,70,NULL,NULL,NULL,AME,NULL,NULL
Eurillas latirostris_55,80912,AVIBASE-728B225E,Eurillas latirostris,Eurillas latirostris,Andropadus latirostris,NULL,field study,Field1,1_NA_4245,1_NA,Equatorial Guinea,NULL,Bioko Island (Caldera de Luba),unknown,Adult,80,NULL,NULL,NULL,NULL,NULL,NULL,NULL,NULL,NULL,73,NULL,NULL,NULL,AME,NULL,NULL
Eurillas latirostris_56,80914,AVIBASE-728B225E,Eurillas latirostris,Eurillas latirostris,Andropadus latirostris,NULL,field study,Field1,1_NA_4247,1_NA,Equatorial Guinea,NULL,Bioko Island (Caldera de Luba),unknown,Adult,78,NULL,NULL,NULL,NULL,NULL,NULL,NULL,NULL,NULL,74,NULL,NULL,NULL,AME,NULL,NULL
Eurillas latirostris_57,81297,AVIBASE-728B225E,Eurillas latirostris,Eurillas latirostris,Andropadus latirostris,NULL,field study,Field1,1_NA_4630,1_NA,Equatorial Guinea,NULL,Oyala,unknown,Adult,76,NULL,NULL,NULL,NULL,NULL,NULL,NULL,NULL,NULL,68,NULL,NULL,NULL,BAK,NULL,NULL
Eurillas latirostris_58,81274,AVIBASE-728B225E,Eurillas latirostris,Eurillas latirostris,Andropadus latirostris,NULL,field study,Field1,1_NA_4607,1_NA,Equatorial Guinea,NULL,Oyala,unknown,Adult,80,NULL,NULL,NULL,NULL,NULL,NULL,NULL,NULL,NULL,76,NULL,NULL,NULL,BAK,NULL,NULL
Eurillas latirostris_59,81271,AVIBASE-728B225E,Eurillas latirostris,Eurillas latirostris,Andropadus latirostris,NULL,field study,Field1,1_NA_4604,1_NA,Equatorial Guinea,NULL,Oyala,unknown,Adult,86,NULL,NULL,NULL,NULL,NULL,NULL,NULL,NULL,NULL,82,NULL,NULL,NULL,BAK,NULL,NULL
Eurillas latirostris_60,81268,AVIBASE-728B225E,Eurillas latirostris,Eurillas latirostris,Andropadus latirostris,NULL,field study,Field1,1_NA_4601,1_NA,Equatorial Guinea,NULL,Oyala,unknown,Adult,84,NULL,NULL,NULL,NULL,NULL,NULL,NULL,NULL,NULL,71,NULL,NULL,NULL,BAK,NULL,NULL
Eurillas latirostris_61,81284,AVIBASE-728B225E,Eurillas latirostris,Eurillas latirostris,Andropadus latirostris,NULL,field study,Field1,1_NA_4617,1_NA,Equatorial Guinea,NULL,Oyala,unknown,Adult,78,NULL,NULL,NULL,NULL,NULL,NULL,NULL,NULL,NULL,72,NULL,NULL,NULL,BAK,NULL,NULL
Eurillas latirostris_62,81276,AVIBASE-728B225E,Eurillas latirostris,Eurillas latirostris,Andropadus latirostris,NULL,field study,Field1,1_NA_4609,1_NA,Equatorial Guinea,NULL,Oyala,unknown,Adult,78,NULL,NULL,NULL,NULL,NULL,NULL,NULL,NULL,NULL,76,NULL,NULL,NULL,BAK,NULL,NULL
Eurillas latirostris_63,81280,AVIBASE-728B225E,Eurillas latirostris,Eurillas latirostris,Andropadus latirostris,NULL,field study,Field1,1_NA_4613,1_NA,Equatorial Guinea,NULL,Oyala,unknown,Adult,84,NULL,NULL,NULL,NULL,NULL,NULL,NULL,NULL,NULL,87,NULL,NULL,NULL,BAK,NULL,NULL
Eurillas latirostris_64,81283,AVIBASE-728B225E,Eurillas latirostris,Eurillas latirostris,Andropadus latirostris,NULL,field study,Field1,1_NA_4616,1_NA,Equatorial Guinea,NULL,Oyala,unknown,Adult,77,NULL,NULL,NULL,NULL,NULL,NULL,NULL,NULL,NULL,70,NULL,NULL,NULL,BAK,NULL,NULL
Eurillas latirostris_65,81232,AVIBASE-728B225E,Eurillas latirostris,Eurillas latirostris,Andropadus latirostris,NULL,field study,Field1,1_NA_4565,1_NA,Equatorial Guinea,NULL,Oyala,unknown,Adult,85,NULL,NULL,NULL,NULL,NULL,NULL,NULL,NULL,NULL,86,NULL,NULL,NULL,BAK,NULL,NULL
Eurillas latirostris_67,81234,AVIBASE-728B225E,Eurillas latirostris,Eurillas latirostris,Andropadus latirostris,NULL,field study,Field1,1_NA_4567,1_NA,Equatorial Guinea,NULL,Oyala,unknown,Adult,78,NULL,NULL,NULL,NULL,NULL,NULL,NULL,NULL,NULL,71,NULL,NULL,NULL,BAK,NULL,NULL
Eurillas latirostris_68,81241,AVIBASE-728B225E,Eurillas latirostris,Eurillas latirostris,Andropadus latirostris,NULL,field study,Field1,1_NA_4574,1_NA,Equatorial Guinea,NULL,Oyala,unknown,Adult,77,NULL,NULL,NULL,NULL,NULL,NULL,NULL,NULL,NULL,71,NULL,NULL,NULL,BAK,NULL,NULL
Eurillas latirostris_69,81240,AVIBASE-728B225E,Eurillas latirostris,Eurillas latirostris,Andropadus latirostris,NULL,field study,Field1,1_NA_4573,1_NA,Equatorial Guinea,NULL,Oyala,unknown,Adult,80,NULL,NULL,NULL,NULL,NULL,NULL,NULL,NULL,NULL,77,NULL,NULL,NULL,BAK,NULL,NULL
Eurillas latirostris_70,81224,AVIBASE-728B225E,Eurillas latirostris,Eurillas latirostris,Andropadus latirostris,NULL,field study,Field1,1_NA_4557,1_NA,Equatorial Guinea,NULL,Oyala,unknown,Adult,72,NULL,NULL,NULL,NULL,NULL,NULL,NULL,NULL,NULL,68,NULL,NULL,NULL,BAK,NULL,NULL
Eurillas latirostris_71,81218,AVIBASE-728B225E,Eurillas latirostris,Eurillas latirostris,Andropadus latirostris,NULL,field study,Field1,1_NA_4551,1_NA,Equatorial Guinea,NULL,Oyala,unknown,Adult,79,NULL,NULL,NULL,NULL,NULL,NULL,NULL,NULL,NULL,NULL,NULL,NULL,NULL,BAK,NULL,NULL
Eurillas latirostris_72,81230,AVIBASE-728B225E,Eurillas latirostris,Eurillas latirostris,Andropadus latirostris,NULL,field study,Field1,1_NA_4563,1_NA,Equatorial Guinea,NULL,Oyala,unknown,Adult,81,NULL,NULL,NULL,NULL,NULL,NULL,NULL,NULL,NULL,73,NULL,NULL,NULL,BAK,NULL,NULL
Eurillas latirostris_73,81211,AVIBASE-728B225E,Eurillas latirostris,Eurillas latirostris,Andropadus latirostris,NULL,field study,Field1,1_NA_4544,1_NA,Equatorial Guinea,NULL,Oyala,unknown,Adult,78,NULL,NULL,NULL,NULL,NULL,NULL,NULL,NULL,NULL,74,NULL,NULL,NULL,BAK,NULL,NULL
Eurillas latirostris_74,81219,AVIBASE-728B225E,Eurillas latirostris,Eurillas latirostris,Andropadus latirostris,NULL,field study,Field1,1_NA_4552,1_NA,Equatorial Guinea,NULL,Oyala,unknown,Adult,80,NULL,NULL,NULL,NULL,NULL,NULL,NULL,NULL,NULL,75,NULL,NULL,NULL,BAK,NULL,NULL
Eurillas latirostris_75,81229,AVIBASE-728B225E,Eurillas latirostris,Eurillas latirostris,Andropadus latirostris,NULL,field study,Field1,1_NA_4562,1_NA,Equatorial Guinea,NULL,Oyala,unknown,Adult,86,NULL,NULL,NULL,NULL,NULL,NULL,NULL,NULL,NULL,78,NULL,NULL,NULL,BAK,NULL,NULL
Eurillas latirostris_76,81244,AVIBASE-728B225E,Eurillas latirostris,Eurillas latirostris,Andropadus latirostris,NULL,field study,Field1,1_NA_4577,1_NA,Equatorial Guinea,NULL,Oyala,unknown,Adult,78,NULL,NULL,NULL,NULL,NULL,NULL,NULL,NULL,NULL,71,NULL,NULL,NULL,BAK,NULL,NULL
Eurillas latirostris_77,81247,AVIBASE-728B225E,Eurillas latirostris,Eurillas latirostris,Andropadus latirostris,NULL,field study,Field1,1_NA_4580,1_NA,Equatorial Guinea,NULL,Oyala,unknown,Adult,81,NULL,NULL,NULL,NULL,NULL,NULL,NULL,NULL,NULL,75,NULL,NULL,NULL,BAK,NULL,NULL
Eurillas latirostris_78,81210,AVIBASE-728B225E,Eurillas latirostris,Eurillas latirostris,Andropadus latirostris,NULL,field study,Field1,1_NA_4543,1_NA,Equatorial Guinea,NULL,Altos de Nsork National Park,unknown,Adult,77,NULL,NULL,NULL,NULL,NULL,NULL,NULL,NULL,NULL,72,NULL,NULL,NULL,BAK,NULL,NULL
Eurillas latirostris_79,81285,AVIBASE-728B225E,Eurillas latirostris,Eurillas latirostris,Andropadus latirostris,NULL,field study,Field1,1_NA_4618,1_NA,Equatorial Guinea,NULL,Altos de Nsork National Park,unknown,Adult,74,NULL,NULL,NULL,NULL,NULL,NULL,NULL,NULL,NULL,75,NULL,NULL,NULL,BAK,NULL,NULL
Eurillas latirostris_80,81236,AVIBASE-728B225E,Eurillas latirostris,Eurillas latirostris,Andropadus latirostris,NULL,field study,Field1,1_NA_4569,1_NA,Equatorial Guinea,NULL,Oyala,unknown,Adult,78,NULL,NULL,NULL,NULL,NULL,NULL,NULL,NULL,NULL,69,NULL,NULL,NULL,BAK,NULL,NULL
Eurillas latirostris_81,81237,AVIBASE-728B225E,Eurillas latirostris,Eurillas latirostris,Andropadus latirostris,NULL,field study,Field1,1_NA_4570,1_NA,Equatorial Guinea,NULL,Oyala,unknown,Adult,76,NULL,NULL,NULL,NULL,NULL,NULL,NULL,NULL,NULL,71,NULL,NULL,NULL,BAK,NULL,NULL
Eurillas latirostris_82,81292,AVIBASE-728B225E,Eurillas latirostris,Eurillas latirostris,Andropadus latirostris,NULL,field study,Field1,1_NA_4625,1_NA,Equatorial Guinea,NULL,Oyala,unknown,Adult,78,NULL,NULL,NULL,NULL,NULL,NULL,NULL,NULL,NULL,71,NULL,NULL,NULL,BAK,NULL,NULL
Eurillas latirostris_83,81239,AVIBASE-728B225E,Eurillas latirostris,Eurillas latirostris,Andropadus latirostris,NULL,field study,Field1,1_NA_4572,1_NA,Equatorial Guinea,NULL,Oyala,unknown,Adult,86,NULL,NULL,NULL,NULL,NULL,NULL,NULL,NULL,NULL,73,NULL,NULL,NULL,BAK,NULL,NULL
Eurillas latirostris_84,81203,AVIBASE-728B225E,Eurillas latirostris,Eurillas latirostris,Andropadus latirostris,NULL,field study,Field1,1_NA_4536,1_NA,Equatorial Guinea,NULL,Oyala,unknown,Adult,79,NULL,NULL,NULL,NULL,NULL,NULL,NULL,NULL,NULL,74,NULL,NULL,NULL,BAK,NULL,NULL
Eurillas latirostris_85,81238,AVIBASE-728B225E,Eurillas latirostris,Eurillas latirostris,Andropadus latirostris,NULL,field study,Field1,1_NA_4571,1_NA,Equatorial Guinea,NULL,Oyala,unknown,Adult,85,NULL,NULL,NULL,NULL,NULL,NULL,NULL,NULL,NULL,80,NULL,NULL,NULL,BAK,NULL,NULL
Eurillas latirostris_86,81233,AVIBASE-728B225E,Eurillas latirostris,Eurillas latirostris,Andropadus latirostris,NULL,field study,Field1,1_NA_4566,1_NA,Equatorial Guinea,NULL,Oyala,unknown,Adult,86,NULL,NULL,NULL,NULL,NULL,NULL,NULL,NULL,NULL,87,NULL,NULL,NULL,BAK,NULL,NULL
Eurillas latirostris_87,81214,AVIBASE-728B225E,Eurillas latirostris,Eurillas latirostris,Andropadus latirostris,NULL,field study,Field1,1_NA_4547,1_NA,Equatorial Guinea,NULL,NULL,unknown,Adult,82,NULL,NULL,NULL,NULL,NULL,NULL,NULL,NULL,NULL,75,NULL,NULL,NULL,BAK,NULL,NULL
Eurillas latirostris_88,81215,AVIBASE-728B225E,Eurillas latirostris,Eurillas latirostris,Andropadus latirostris,NULL,field study,Field1,1_NA_4548,1_NA,Equatorial Guinea,NULL,NULL,unknown,Adult,90,NULL,NULL,NULL,NULL,NULL,NULL,NULL,NULL,NULL,75,NULL,NULL,NULL,BAK,NULL,NULL
Eurillas latirostris_89,81231,AVIBASE-728B225E,Eurillas latirostris,Eurillas latirostris,Andropadus latirostris,NULL,field study,Field1,1_NA_4564,1_NA,Equatorial Guinea,NULL,NULL,unknown,Adult,77,NULL,NULL,NULL,NULL,NULL,NULL,NULL,NULL,NULL,82,NULL,NULL,NULL,BAK,NULL,NULL
Eurillas latirostris_9,80965,AVIBASE-728B225E,Eurillas latirostris,Eurillas latirostris,Andropadus latirostris,NULL,field study,Field1,1_NA_4298,1_NA,Equatorial Guinea,NULL,Oyala,female,Adult,81,NULL,NULL,NULL,NULL,NULL,NULL,NULL,NULL,NULL,73,NULL,NULL,NULL,AKW,NULL,NULL
Eurillas latirostris_90,81325,AVIBASE-728B225E,Eurillas latirostris,Eurillas latirostris,Andropadus latirostris,NULL,field study,Field1,1_NA_4658,1_NA,Equatorial Guinea,NULL,Altos de Nsork National Park,female,Adult,72,NULL,NULL,NULL,NULL,NULL,NULL,NULL,NULL,NULL,62,NULL,NULL,NULL,LLP,NULL,NULL
Eurillas latirostris_91,80891,AVIBASE-728B225E,Eurillas latirostris,Eurillas latirostris,Andropadus latirostris,NULL,field study,Field1,1_NA_4224,1_NA,Equatorial Guinea,NULL,Oyala,unknown,Adult,70,NULL,NULL,NULL,NULL,NULL,NULL,NULL,NULL,NULL,57,NULL,NULL,NULL,CAY,NULL,NULL
Eurillas latirostris_92,80889,AVIBASE-728B225E,Eurillas latirostris,Eurillas latirostris,Andropadus latirostris,NULL,field study,Field1,1_NA_4222,1_NA,Equatorial Guinea,NULL,Oyala,unknown,Adult,77,NULL,NULL,NULL,NULL,NULL,NULL,NULL,NULL,NULL,66,NULL,NULL,NULL,CAY,NULL,NULL
Eurillas latirostris_93,80890,AVIBASE-728B225E,Eurillas latirostris,Eurillas latirostris,Andropadus latirostris,NULL,field study,Field1,1_NA_4223,1_NA,Equatorial Guinea,NULL,Oyala,unknown,Adult,76,NULL,NULL,NULL,NULL,NULL,NULL,NULL,NULL,NULL,69,NULL,NULL,NULL,CAY,NULL,NULL
Eurillas latirostris_94,80921,AVIBASE-728B225E,Eurillas latirostris,Eurillas latirostris,Andropadus latirostris,NULL,field study,Field1,1_NA_4254,1_NA,Equatorial Guinea,NULL,Oyala,unknown,Adult,81,NULL,NULL,NULL,NULL,NULL,NULL,NULL,NULL,NULL,73,NULL,NULL,NULL,CAY,NULL,NULL
Eurillas latirostris_95,80922,AVIBASE-728B225E,Eurillas latirostris,Eurillas latirostris,Andropadus latirostris,NULL,field study,Field1,1_NA_4255,1_NA,Equatorial Guinea,NULL,Oyala,unknown,Adult,87,NULL,NULL,NULL,NULL,NULL,NULL,NULL,NULL,NULL,NULL,NULL,NULL,NULL,CAY,NULL,NULL
Eurillas latirostris_96,80924,AVIBASE-728B225E,Eurillas latirostris,Eurillas latirostris,Andropadus latirostris,NULL,field study,Field1,1_NA_4257,1_NA,Equatorial Guinea,NULL,Oyala,unknown,Adult,75,NULL,NULL,NULL,NULL,NULL,NULL,NULL,NULL,NULL,71,NULL,NULL,NULL,CAY,NULL,NULL
Eurillas latirostris_97,80920,AVIBASE-728B225E,Eurillas latirostris,Eurillas latirostris,Andropadus latirostris,NULL,field study,Field1,1_NA_4253,1_NA,Equatorial Guinea,NULL,Oyala,unknown,Adult,76,NULL,NULL,NULL,NULL,NULL,NULL,NULL,NULL,NULL,68,NULL,NULL,NULL,CAY,NULL,NULL
Eurillas latirostris_98,80923,AVIBASE-728B225E,Eurillas latirostris,Eurillas latirostris,Andropadus latirostris,NULL,field study,Field1,1_NA_4256,1_NA,Equatorial Guinea,NULL,Oyala,unknown,Adult,80,NULL,NULL,NULL,NULL,NULL,NULL,NULL,NULL,NULL,79,NULL,NULL,NULL,CAY,NULL,NULL
Eurillas latirostris_99,80887,AVIBASE-728B225E,Eurillas latirostris,Eurillas latirostris,Andropadus latirostris,NULL,field study,Field1,1_NA_4220,1_NA,Equatorial Guinea,NULL,Oyala,unknown,Adult,88,NULL,NULL,NULL,NULL,NULL,NULL,NULL,NULL,NULL,76,NULL,NULL,NULL,CAY,NULL,NULL
Eurillas virens_10,81503,AVIBASE-3413C42C,Eurillas virens,Eurillas virens,Andropadus virens,NULL,field study,Field1,1_NA_4836,1_NA,Mozambique,NULL,"Njesi Plateau (12°49'35.6""S 35°11'25.6""E)",unknown,Adult,82,NULL,NULL,13.8,7.2,4.3,NULL,NULL,NULL,NULL,81,NULL,NULL,NULL,SEIJ,NULL,NULL
Eurillas virens_100,81428,AVIBASE-3413C42C,Eurillas virens,Eurillas virens,Andropadus virens,NULL,field study,Field1,1_NA_4761,1_NA,Equatorial Guinea,NULL,Oyala,unknown,Adult,74,NULL,NULL,NULL,NULL,NULL,NULL,NULL,NULL,NULL,70,NULL,NULL,NULL,SEM,NULL,NULL
Eurillas virens_101,81435,AVIBASE-3413C42C,Eurillas virens,Eurillas virens,Andropadus virens,NULL,field study,Field1,1_NA_4768,1_NA,Equatorial Guinea,NULL,Bioko Island (Moka),unknown,Adult,77,NULL,NULL,NULL,NULL,NULL,NULL,NULL,NULL,NULL,70,NULL,NULL,NULL,LLP,NULL,NULL
Eurillas virens_102,81403,AVIBASE-3413C42C,Eurillas virens,Eurillas virens,Andropadus virens,NULL,field study,Field1,1_NA_4736,1_NA,Equatorial Guinea,NULL,Bioko Island (Moka),unknown,Adult,79,NULL,NULL,NULL,NULL,NULL,NULL,NULL,NULL,NULL,73,NULL,NULL,NULL,LLP,NULL,NULL
Eurillas virens_103,81472,AVIBASE-3413C42C,Eurillas virens,Eurillas virens,Andropadus virens,NULL,field study,Field1,1_NA_4805,1_NA,Ghana,NULL,Dompim,unknown,Adult,74,6,68,13.9,8.5,4.8,NULL,14,4.6,NULL,70,NULL,23.2,NULL,NNDA,NULL,NULL
Eurillas virens_104,81490,AVIBASE-3413C42C,Eurillas virens,Eurillas virens,Andropadus virens,NULL,field study,Field1,1_NA_4823,1_NA,Ghana,NULL,Dompim,unknown,Immature,70,4,66,11.8,8.6,4.2,NULL,12,4,NULL,70,NULL,22.4,NULL,NNDA,NULL,NULL
Eurillas virens_105,81498,AVIBASE-3413C42C,Eurillas virens,Eurillas virens,Andropadus virens,NULL,field study,Field1,1_NA_4831,1_NA,Ghana,NULL,Dompim,unknown,Immature,71,3,68,11.6,7.8,4.1,NULL,13.9,4.5,NULL,70,NULL,23,NULL,NNDA,NULL,NULL
Eurillas virens_106,81452,AVIBASE-3413C42C,Eurillas virens,Eurillas virens,Andropadus virens,NULL,field study,Field1,1_NA_4785,1_NA,Ghana,NULL,Dompim,unknown,Adult,NULL,NULL,NULL,12.5,8.3,4.6,NULL,15.6,3.6,NULL,73,NULL,23.7,NULL,NNDA,NULL,NULL
Eurillas virens_107,81456,AVIBASE-3413C42C,Eurillas virens,Eurillas virens,Andropadus virens,NULL,field study,Field1,1_NA_4789,1_NA,Ghana,NULL,Dompim,unknown,Adult,78,NULL,NULL,13.8,7.5,3.5,NULL,15.7,4.1,NULL,69,NULL,21.5,NULL,NNDA,NULL,NULL
Eurillas virens_108,81459,AVIBASE-3413C42C,Eurillas virens,Eurillas virens,Andropadus virens,NULL,field study,Field1,1_NA_4792,1_NA,Ghana,NULL,Dompim,unknown,Immature,75,8,67,12.9,8.5,4.2,NULL,13.4,4.3,NULL,73,NULL,21.1,NULL,NNDA,NULL,NULL
Eurillas virens_109,81496,AVIBASE-3413C42C,Eurillas virens,Eurillas virens,Andropadus virens,NULL,field study,Field1,1_NA_4829,1_NA,Ghana,NULL,Dompim,unknown,Adult,75,8,67,13.9,8.2,5.1,NULL,14.1,4.3,NULL,72,NULL,22.9,NULL,NNDA,NULL,NULL
Eurillas virens_11,81504,AVIBASE-3413C42C,Eurillas virens,Eurillas virens,Andropadus virens,NULL,field study,Field1,1_NA_4837,1_NA,Mozambique,NULL,"Njesi Plateau (12°49'35.6""S 35°11'25.6""E)",unknown,Adult,81,NULL,NULL,13.1,7.2,4.3,NULL,NULL,NULL,NULL,82,NULL,NULL,NULL,SEIJ,NULL,NULL
Eurillas virens_110,81497,AVIBASE-3413C42C,Eurillas virens,Eurillas virens,Andropadus virens,NULL,field study,Field1,1_NA_4830,1_NA,Ghana,NULL,Dompim,unknown,Adult,74,NULL,NULL,14.5,8.8,5.6,NULL,14.2,4.5,NULL,NULL,NULL,21.7,NULL,NNDA,NULL,NULL
Eurillas virens_111,81460,AVIBASE-3413C42C,Eurillas virens,Eurillas virens,Andropadus virens,NULL,field study,Field1,1_NA_4793,1_NA,Ghana,NULL,Dompim,unknown,Adult,75,8.7,66.3,15.2,9,5.9,NULL,12.1,4.6,NULL,71,NULL,19.4,NULL,NNDA,NULL,NULL
Eurillas virens_112,81461,AVIBASE-3413C42C,Eurillas virens,Eurillas virens,Andropadus virens,NULL,field study,Field1,1_NA_4794,1_NA,Ghana,NULL,Dompim,unknown,Adult,75,8.1,66.9,13.9,8.6,5.2,NULL,10.2,4.4,NULL,70,NULL,18.6,NULL,NNDA,NULL,NULL
Eurillas virens_113,81462,AVIBASE-3413C42C,Eurillas virens,Eurillas virens,Andropadus virens,NULL,field study,Field1,1_NA_4795,1_NA,Ghana,NULL,Dompim,unknown,Adult,78,10.6,67.4,12.1,8.6,4.5,NULL,10.3,4.6,NULL,72,NULL,20.4,NULL,NNDA,NULL,NULL
Eurillas virens_114,81463,AVIBASE-3413C42C,Eurillas virens,Eurillas virens,Andropadus virens,NULL,field study,Field1,1_NA_4796,1_NA,Ghana,NULL,Dompim,unknown,Adult,72,7.8,64.2,12.8,7.8,4.7,NULL,11.9,4.2,NULL,70,NULL,21.9,NULL,NNDA,NULL,NULL
Eurillas virens_115,81464,AVIBASE-3413C42C,Eurillas virens,Eurillas virens,Andropadus virens,NULL,field study,Field1,1_NA_4797,1_NA,Ghana,NULL,Dompim,unknown,Adult,71,NULL,NULL,13.9,8,5.9,NULL,11.5,4.7,NULL,70,NULL,19.7,NULL,NNDA,NULL,NULL
Eurillas virens_116,81465,AVIBASE-3413C42C,Eurillas virens,Eurillas virens,Andropadus virens,NULL,field study,Field1,1_NA_4798,1_NA,Ghana,NULL,Dompim,unknown,Immature,71,9.2,61.8,13.5,8.6,4.6,NULL,10.6,4.5,NULL,69,NULL,20.7,NULL,NNDA,NULL,NULL
Eurillas virens_117,81466,AVIBASE-3413C42C,Eurillas virens,Eurillas virens,Andropadus virens,NULL,field study,Field1,1_NA_4799,1_NA,Ghana,NULL,Dompim,unknown,Adult,76,8.9,67.1,13.3,8.2,4.2,NULL,12,4.3,NULL,65,NULL,20.9,NULL,NNDA,NULL,NULL
Eurillas virens_118,81467,AVIBASE-3413C42C,Eurillas virens,Eurillas virens,Andropadus virens,NULL,field study,Field1,1_NA_4800,1_NA,Ghana,NULL,Dompim,unknown,Adult,75,7.3,67.7,14.3,8.8,5.6,NULL,12.4,4.7,NULL,70,NULL,20.2,NULL,NNDA,NULL,NULL
Eurillas virens_119,81468,AVIBASE-3413C42C,Eurillas virens,Eurillas virens,Andropadus virens,NULL,field study,Field1,1_NA_4801,1_NA,Ghana,NULL,Dompim,unknown,Adult,73,7.4,65.6,13.6,8.6,5.5,NULL,12.2,4.6,NULL,69,NULL,21.6,NULL,NNDA,NULL,NULL
Eurillas virens_12,81505,AVIBASE-3413C42C,Eurillas virens,Eurillas virens,Andropadus virens,NULL,field study,Field1,1_NA_4838,1_NA,Mozambique,NULL,"Njesi Plateau (12°49'35.6""S 35°11'25.6""E)",unknown,Adult,82,NULL,NULL,14,7.2,4.1,NULL,NULL,NULL,NULL,78,NULL,NULL,NULL,SEIJ,NULL,NULL
Eurillas virens_120,81469,AVIBASE-3413C42C,Eurillas virens,Eurillas virens,Andropadus virens,NULL,field study,Field1,1_NA_4802,1_NA,Ghana,NULL,Dompim,unknown,Adult,70,8.3,61.7,11.8,7.6,5,NULL,11.6,4.1,NULL,65,NULL,20,NULL,NNDA,NULL,NULL
Eurillas virens_121,81470,AVIBASE-3413C42C,Eurillas virens,Eurillas virens,Andropadus virens,NULL,field study,Field1,1_NA_4803,1_NA,Ghana,NULL,Dompim,unknown,Adult,75,8.9,66.1,14.3,7.5,5.5,NULL,12.3,4.6,NULL,71,NULL,21.9,NULL,NNDA,NULL,NULL
Eurillas virens_122,81471,AVIBASE-3413C42C,Eurillas virens,Eurillas virens,Andropadus virens,NULL,field study,Field1,1_NA_4804,1_NA,Ghana,NULL,Dompim,unknown,Adult,70,NULL,NULL,14.2,8.6,4.2,NULL,10.1,4.4,NULL,65,NULL,18.6,NULL,NNDA,NULL,NULL
Eurillas virens_123,81473,AVIBASE-3413C42C,Eurillas virens,Eurillas virens,Andropadus virens,NULL,field study,Field1,1_NA_4806,1_NA,Ghana,NULL,Dompim,unknown,Adult,72,11.4,60.6,13.9,8.9,4.3,NULL,11.6,4.5,NULL,65,NULL,19.2,NULL,NNDA,NULL,NULL
Eurillas virens_124,81474,AVIBASE-3413C42C,Eurillas virens,Eurillas virens,Andropadus virens,NULL,field study,Field1,1_NA_4807,1_NA,Ghana,NULL,Dompim,unknown,Adult,78,5.8,72.2,13.2,8.4,4.8,NULL,11.8,4.7,NULL,71,NULL,19.2,NULL,NNDA,NULL,NULL
Eurillas virens_125,81475,AVIBASE-3413C42C,Eurillas virens,Eurillas virens,Andropadus virens,NULL,field study,Field1,1_NA_4808,1_NA,Ghana,NULL,Ahokwa,unknown,Adult,72,6,66,12.8,8.5,4.8,NULL,12,4.7,NULL,67,NULL,19.2,NULL,NNDA,NULL,NULL
Eurillas virens_126,81476,AVIBASE-3413C42C,Eurillas virens,Eurillas virens,Andropadus virens,NULL,field study,Field1,1_NA_4809,1_NA,Ghana,NULL,Ahokwa,unknown,Adult,73,7.2,65.8,12.9,8.4,4.7,NULL,11.2,4.5,NULL,66,NULL,19.4,NULL,NNDA,NULL,NULL
Eurillas virens_127,81477,AVIBASE-3413C42C,Eurillas virens,Eurillas virens,Andropadus virens,NULL,field study,Field1,1_NA_4810,1_NA,Ghana,NULL,Ahokwa,unknown,Adult,NULL,NULL,NULL,13.4,8.2,5.7,NULL,11.5,4.5,NULL,70,NULL,21,NULL,NNDA,NULL,NULL
Eurillas virens_128,81478,AVIBASE-3413C42C,Eurillas virens,Eurillas virens,Andropadus virens,NULL,field study,Field1,1_NA_4811,1_NA,Ghana,NULL,Ahokwa,unknown,Adult,75,10.8,64.2,12.8,7.7,4.7,NULL,11.1,4.4,NULL,71,NULL,21.5,NULL,NNDA,NULL,NULL
Eurillas virens_129,81479,AVIBASE-3413C42C,Eurillas virens,Eurillas virens,Andropadus virens,NULL,field study,Field1,1_NA_4812,1_NA,Ghana,NULL,Ahokwa,unknown,Immature,72,6.7,65.3,13.7,8.2,5.7,NULL,11.2,4.7,NULL,71,NULL,21.2,NULL,NNDA,NULL,NULL
Eurillas virens_13,81506,AVIBASE-3413C42C,Eurillas virens,Eurillas virens,Andropadus virens,NULL,field study,Field1,1_NA_4839,1_NA,Mozambique,NULL,"Njesi Plateau (12°49'35.6""S 35°11'25.6""E)",unknown,Adult,78,NULL,NULL,12.9,7.2,3.9,NULL,NULL,NULL,NULL,NULL,NULL,NULL,NULL,SEIJ,NULL,NULL
Eurillas virens_130,81480,AVIBASE-3413C42C,Eurillas virens,Eurillas virens,Andropadus virens,NULL,field study,Field1,1_NA_4813,1_NA,Ghana,NULL,Ahokwa,unknown,Immature,74,6.6,67.4,13.5,8.7,5.6,NULL,12.4,4.6,NULL,73,NULL,22.3,NULL,NNDA,NULL,NULL
Eurillas virens_131,81481,AVIBASE-3413C42C,Eurillas virens,Eurillas virens,Andropadus virens,NULL,field study,Field1,1_NA_4814,1_NA,Ghana,NULL,Ahokwa,unknown,Adult,73,6.9,66.1,13.9,7.8,5,NULL,11.2,4.4,NULL,68,NULL,21.5,NULL,NNDA,NULL,NULL
Eurillas virens_132,81482,AVIBASE-3413C42C,Eurillas virens,Eurillas virens,Andropadus virens,NULL,field study,Field1,1_NA_4815,1_NA,Ghana,NULL,Ahokwa,unknown,Adult,72,7.2,64.8,14.3,8.8,6,NULL,11.6,4.2,NULL,70,NULL,20.5,NULL,NNDA,NULL,NULL
Eurillas virens_133,81483,AVIBASE-3413C42C,Eurillas virens,Eurillas virens,Andropadus virens,NULL,field study,Field1,1_NA_4816,1_NA,Ghana,NULL,Ahokwa,unknown,Adult,75,NULL,NULL,12.6,8.3,5,NULL,10.2,4.5,NULL,71,NULL,22.1,NULL,NNDA,NULL,NULL
Eurillas virens_134,81484,AVIBASE-3413C42C,Eurillas virens,Eurillas virens,Andropadus virens,NULL,field study,Field1,1_NA_4817,1_NA,Ghana,NULL,Ahokwa,unknown,Adult,69,NULL,NULL,13.8,8,5.3,NULL,11.6,4.3,NULL,63,NULL,19.4,NULL,NNDA,NULL,NULL
Eurillas virens_135,81485,AVIBASE-3413C42C,Eurillas virens,Eurillas virens,Andropadus virens,NULL,field study,Field1,1_NA_4818,1_NA,Ghana,NULL,Ahokwa,unknown,Immature,72,8.1,63.9,13.9,8.3,5,NULL,11.4,4.6,NULL,73,NULL,21.6,NULL,NNDA,NULL,NULL
Eurillas virens_136,81486,AVIBASE-3413C42C,Eurillas virens,Eurillas virens,Andropadus virens,NULL,field study,Field1,1_NA_4819,1_NA,Ghana,NULL,Ahokwa,unknown,Adult,72,NULL,NULL,12.6,8.6,4.8,NULL,11.1,4.2,NULL,70,NULL,20.5,NULL,NNDA,NULL,NULL
Eurillas virens_137,81487,AVIBASE-3413C42C,Eurillas virens,Eurillas virens,Andropadus virens,NULL,field study,Field1,1_NA_4820,1_NA,Ghana,NULL,Ahokwa,unknown,Adult,67,8.4,58.6,12.5,8,4.9,NULL,10.9,4.3,NULL,62,NULL,20.4,NULL,NNDA,NULL,NULL
Eurillas virens_138,81488,AVIBASE-3413C42C,Eurillas virens,Eurillas virens,Andropadus virens,NULL,field study,Field1,1_NA_4821,1_NA,Ghana,NULL,Ahokwa,unknown,Immature,73,11.1,61.9,12.9,8.9,4.3,NULL,12.1,4.2,NULL,62,NULL,21.5,NULL,NNDA,NULL,NULL
Eurillas virens_139,81489,AVIBASE-3413C42C,Eurillas virens,Eurillas virens,Andropadus virens,NULL,field study,Field1,1_NA_4822,1_NA,Ghana,NULL,Ahokwa,unknown,Adult,77,10.5,66.5,11.9,9.2,4,NULL,11.8,4.4,NULL,72,NULL,20.3,NULL,NNDA,NULL,NULL
Eurillas virens_14,81511,AVIBASE-3413C42C,Eurillas virens,Eurillas virens,Andropadus virens,zombensis,field study,Field1,1_NA_4844,1_NA,United Republic of Tanzania,NULL,East Usambara Mountains,unknown,Adult,84,15,69,14.5,7.8,4.4,NULL,11.5,3.9,NULL,80,NULL,20,NULL,MNC,NULL,NULL
Eurillas virens_140,81491,AVIBASE-3413C42C,Eurillas virens,Eurillas virens,Andropadus virens,NULL,field study,Field1,1_NA_4824,1_NA,Ghana,NULL,Ahokwa,unknown,Adult,71,7.2,63.8,13.4,8.1,4.7,NULL,10.5,4,NULL,63,NULL,19.9,NULL,NNDA,NULL,NULL
Eurillas virens_141,81492,AVIBASE-3413C42C,Eurillas virens,Eurillas virens,Andropadus virens,NULL,field study,Field1,1_NA_4825,1_NA,Ghana,NULL,Ahokwa,unknown,Immature,68,8.6,59.4,11.3,8.3,4.2,NULL,12.1,4.1,NULL,70,NULL,18.7,NULL,NNDA,NULL,NULL
Eurillas virens_142,81493,AVIBASE-3413C42C,Eurillas virens,Eurillas virens,Andropadus virens,NULL,field study,Field1,1_NA_4826,1_NA,Ghana,NULL,Ahokwa,unknown,Adult,74,9.5,64.5,13.6,8.1,5,NULL,10.9,4.4,NULL,68,NULL,20.3,NULL,NNDA,NULL,NULL
Eurillas virens_143,81494,AVIBASE-3413C42C,Eurillas virens,Eurillas virens,Andropadus virens,NULL,field study,Field1,1_NA_4827,1_NA,Ghana,NULL,Ahokwa,unknown,Adult,76,11.5,64.5,14.2,8.6,4.9,NULL,11.5,4.8,NULL,75,NULL,20.6,NULL,NNDA,NULL,NULL
Eurillas virens_144,81495,AVIBASE-3413C42C,Eurillas virens,Eurillas virens,Andropadus virens,NULL,field study,Field1,1_NA_4828,1_NA,Ghana,NULL,Ahokwa,unknown,Adult,75,11.4,63.6,14,9,5,NULL,12.1,4.2,NULL,73,NULL,20.5,NULL,NNDA,NULL,NULL
Eurillas virens_145,81499,AVIBASE-3413C42C,Eurillas virens,Eurillas virens,Andropadus virens,NULL,field study,Field1,1_NA_4832,1_NA,Ghana,NULL,Ahokwa,unknown,Adult,76,5.5,70.5,15,8.5,4.9,NULL,12.6,4.4,NULL,74,NULL,24.4,NULL,NNDA,NULL,NULL
Eurillas virens_146,81500,AVIBASE-3413C42C,Eurillas virens,Eurillas virens,Andropadus virens,NULL,field study,Field1,1_NA_4833,1_NA,Ghana,NULL,Ahokwa,unknown,Adult,75,7,68,14.6,8.4,5,NULL,12,4.6,NULL,73,NULL,23.7,NULL,NNDA,NULL,NULL
Eurillas virens_147,81501,AVIBASE-3413C42C,Eurillas virens,Eurillas virens,Andropadus virens,NULL,field study,Field1,1_NA_4834,1_NA,Ghana,NULL,Ahokwa,unknown,Adult,72,6,66,14.1,8.2,4.8,NULL,11.4,4.2,NULL,68,NULL,22.9,NULL,NNDA,NULL,NULL
Eurillas virens_148,81502,AVIBASE-3413C42C,Eurillas virens,Eurillas virens,Andropadus virens,NULL,field study,Field1,1_NA_4835,1_NA,Ghana,NULL,Ahokwa,unknown,Immature,77,2.5,74.5,15,8.8,5.3,NULL,14.2,4.4,NULL,76,NULL,22.2,NULL,NNDA,NULL,NULL
Eurillas virens_149,81453,AVIBASE-3413C42C,Eurillas virens,Eurillas virens,Andropadus virens,NULL,field study,Field1,1_NA_4786,1_NA,Ghana,NULL,Ahokwa,unknown,Immature,72,NULL,NULL,14.9,8.6,5.4,NULL,12.8,4.2,NULL,74,NULL,22.1,NULL,NNDA,NULL,NULL
Eurillas virens_15,81512,AVIBASE-3413C42C,Eurillas virens,Eurillas virens,Andropadus virens,zombensis,field study,Field1,1_NA_4845,1_NA,United Republic of Tanzania,NULL,East Usambara Mountains,unknown,Adult,77,12,65,13.5,6.7,4.3,NULL,11.8,3.8,NULL,76,NULL,20.8,NULL,MNC,NULL,NULL
Eurillas virens_150,81454,AVIBASE-3413C42C,Eurillas virens,Eurillas virens,Andropadus virens,NULL,field study,Field1,1_NA_4787,1_NA,Ghana,NULL,Ahokwa,unknown,Adult,NULL,NULL,NULL,14.7,8.3,4.9,NULL,12.2,4.3,NULL,NULL,NULL,21.5,NULL,NNDA,NULL,NULL
Eurillas virens_151,81455,AVIBASE-3413C42C,Eurillas virens,Eurillas virens,Andropadus virens,NULL,field study,Field1,1_NA_4788,1_NA,Ghana,NULL,Ahokwa,unknown,Adult,78,8,70,15.5,8.6,5.1,NULL,12.6,4.4,NULL,78,NULL,20.6,NULL,NNDA,NULL,NULL
Eurillas virens_152,81457,AVIBASE-3413C42C,Eurillas virens,Eurillas virens,Andropadus virens,NULL,field study,Field1,1_NA_4790,1_NA,Ghana,NULL,Ahokwa,unknown,Adult,71.5,4.5,67,13.2,7.8,5.2,NULL,11.4,4.2,NULL,67,NULL,21.1,NULL,NNDA,NULL,NULL
Eurillas virens_153,81458,AVIBASE-3413C42C,Eurillas virens,Eurillas virens,Andropadus virens,NULL,field study,Field1,1_NA_4791,1_NA,Ghana,NULL,Ahokwa,unknown,Adult,69,3,66,14.2,7.7,4.8,NULL,12.6,4.8,NULL,71,NULL,21.2,NULL,NNDA,NULL,NULL
Eurillas virens_16,81513,AVIBASE-3413C42C,Eurillas virens,Eurillas virens,Andropadus virens,zombensis,field study,Field1,1_NA_4846,1_NA,United Republic of Tanzania,NULL,East Usambara Mountains,unknown,Adult,80,13,67,14.3,7,4.6,NULL,12.3,4.1,NULL,80,NULL,20,NULL,MNC,NULL,NULL
Eurillas virens_17,81514,AVIBASE-3413C42C,Eurillas virens,Eurillas virens,Andropadus virens,zombensis,field study,Field1,1_NA_4847,1_NA,United Republic of Tanzania,NULL,East Usambara Mountains,unknown,Adult,80,15,65,13.7,7,4.9,NULL,11.8,4,NULL,75,NULL,21,NULL,MNC,NULL,NULL
Eurillas virens_18,81515,AVIBASE-3413C42C,Eurillas virens,Eurillas virens,Andropadus virens,zombensis,field study,Field1,1_NA_4848,1_NA,United Republic of Tanzania,NULL,East Usambara Mountains,unknown,Adult,77,12,65,13.5,6.5,3.9,NULL,12.7,3.9,NULL,76,NULL,20.8,NULL,MNC,NULL,NULL
Eurillas virens_19,81516,AVIBASE-3413C42C,Eurillas virens,Eurillas virens,Andropadus virens,zombensis,field study,Field1,1_NA_4849,1_NA,United Republic of Tanzania,NULL,East Usambara Mountains,unknown,Adult,76,13,63,13.2,6.8,4,NULL,11.5,4,NULL,76,NULL,20.3,NULL,MNC,NULL,NULL
Eurillas virens_20,81517,AVIBASE-3413C42C,Eurillas virens,Eurillas virens,Andropadus virens,zombensis,field study,Field1,1_NA_4850,1_NA,United Republic of Tanzania,NULL,East Usambara Mountains,unknown,Adult,78,14,64,13.4,6.7,4.2,NULL,12.2,3.8,NULL,74,NULL,19.7,NULL,MNC,NULL,NULL
Eurillas virens_21,81518,AVIBASE-3413C42C,Eurillas virens,Eurillas virens,Andropadus virens,zombensis,field study,Field1,1_NA_4851,1_NA,United Republic of Tanzania,NULL,East Usambara Mountains,unknown,Adult,80,13,67,14.3,7.2,4.5,NULL,12.9,4.3,NULL,77,NULL,20.6,NULL,MNC,NULL,NULL
Eurillas virens_22,81519,AVIBASE-3413C42C,Eurillas virens,Eurillas virens,Andropadus virens,zombensis,field study,Field1,1_NA_4852,1_NA,United Republic of Tanzania,NULL,East Usambara Mountains,unknown,Adult,78,12,66,13.5,8,4.1,NULL,12.7,4.2,NULL,77,NULL,20.5,NULL,MNC,NULL,NULL
Eurillas virens_23,81520,AVIBASE-3413C42C,Eurillas virens,Eurillas virens,Andropadus virens,zombensis,field study,Field1,1_NA_4853,1_NA,United Republic of Tanzania,NULL,East Usambara Mountains,unknown,Adult,75,12,63,12.9,6.5,4,NULL,11.8,3.9,NULL,73,NULL,19.7,NULL,MNC,NULL,NULL
Eurillas virens_24,81521,AVIBASE-3413C42C,Eurillas virens,Eurillas virens,Andropadus virens,zombensis,field study,Field1,1_NA_4854,1_NA,United Republic of Tanzania,NULL,East Usambara Mountains,unknown,Adult,76,12,64,13.4,6.7,4,NULL,11.6,3.7,NULL,75,NULL,20.3,NULL,MNC,NULL,NULL
Eurillas virens_25,81522,AVIBASE-3413C42C,Eurillas virens,Eurillas virens,Andropadus virens,zombensis,field study,Field1,1_NA_4855,1_NA,United Republic of Tanzania,NULL,East Usambara Mountains,unknown,Adult,86,17,69,14.3,7.9,4.3,NULL,12.4,4.2,NULL,79,NULL,22,NULL,MNC,NULL,NULL
Eurillas virens_26,81523,AVIBASE-3413C42C,Eurillas virens,Eurillas virens,Andropadus virens,zombensis,field study,Field1,1_NA_4856,1_NA,United Republic of Tanzania,NULL,East Usambara Mountains,unknown,Adult,81,15,66,13.8,7.8,4.2,NULL,11.8,3.9,NULL,74,NULL,20.8,NULL,MNC,NULL,NULL
Eurillas virens_27,81524,AVIBASE-3413C42C,Eurillas virens,Eurillas virens,Andropadus virens,zombensis,field study,Field1,1_NA_4857,1_NA,United Republic of Tanzania,NULL,East Usambara Mountains,unknown,Adult,80,14,66,14.8,8.3,4.6,NULL,11.6,4.1,NULL,72,NULL,20.7,NULL,MNC,NULL,NULL
Eurillas virens_28,81525,AVIBASE-3413C42C,Eurillas virens,Eurillas virens,Andropadus virens,zombensis,field study,Field1,1_NA_4858,1_NA,United Republic of Tanzania,NULL,East Usambara Mountains,unknown,Adult,73,12,61,13.6,6.5,4.3,NULL,11.8,3.9,NULL,77,NULL,20.3,NULL,MNC,NULL,NULL
Eurillas virens_29,81526,AVIBASE-3413C42C,Eurillas virens,Eurillas virens,Andropadus virens,zombensis,field study,Field1,1_NA_4859,1_NA,United Republic of Tanzania,NULL,East Usambara Mountains,unknown,Adult,85,16,69,14.5,7.4,3.8,NULL,11.7,4,NULL,82,NULL,21,NULL,MNC,NULL,NULL
Eurillas virens_30,81527,AVIBASE-3413C42C,Eurillas virens,Eurillas virens,Andropadus virens,zombensis,field study,Field1,1_NA_4860,1_NA,United Republic of Tanzania,NULL,East Usambara Mountains,unknown,Adult,81,14,67,14.2,7.6,4.5,NULL,12.7,4.1,NULL,82,NULL,21.3,NULL,MNC,NULL,NULL
Eurillas virens_31,81528,AVIBASE-3413C42C,Eurillas virens,Eurillas virens,Andropadus virens,zombensis,field study,Field1,1_NA_4861,1_NA,United Republic of Tanzania,NULL,East Usambara Mountains,unknown,Adult,82,13,69,14.5,7.4,4.1,NULL,11,4.1,NULL,80,NULL,20,NULL,MNC,NULL,NULL
Eurillas virens_32,81529,AVIBASE-3413C42C,Eurillas virens,Eurillas virens,Andropadus virens,zombensis,field study,Field1,1_NA_4862,1_NA,United Republic of Tanzania,NULL,East Usambara Mountains,unknown,Adult,79,12,67,13.6,7.5,4.6,NULL,11.5,4.1,NULL,78,NULL,20,NULL,MNC,NULL,NULL
Eurillas virens_33,81530,AVIBASE-3413C42C,Eurillas virens,Eurillas virens,Andropadus virens,zombensis,field study,Field1,1_NA_4863,1_NA,United Republic of Tanzania,NULL,East Usambara Mountains,unknown,Adult,84,9,75,13.9,7.4,3.6,NULL,11,4,NULL,79,NULL,21.5,NULL,MNC,NULL,NULL
Eurillas virens_42,81407,AVIBASE-3413C42C,Eurillas virens,Eurillas virens,Andropadus virens,NULL,field study,Field1,1_NA_4740,1_NA,Equatorial Guinea,NULL,Oyala,female,Adult,66,NULL,NULL,NULL,NULL,NULL,NULL,NULL,NULL,NULL,62,NULL,NULL,NULL,AKW,NULL,NULL
Eurillas virens_43,81417,AVIBASE-3413C42C,Eurillas virens,Eurillas virens,Andropadus virens,NULL,field study,Field1,1_NA_4750,1_NA,Equatorial Guinea,NULL,Oyala,unknown,Adult,74,NULL,NULL,NULL,NULL,NULL,NULL,NULL,NULL,NULL,70,NULL,NULL,NULL,AKW,NULL,NULL
Eurillas virens_44,81418,AVIBASE-3413C42C,Eurillas virens,Eurillas virens,Andropadus virens,NULL,field study,Field1,1_NA_4751,1_NA,Equatorial Guinea,NULL,Oyala,unknown,Adult,78,NULL,NULL,NULL,NULL,NULL,NULL,NULL,NULL,NULL,NULL,NULL,NULL,NULL,AKW,NULL,NULL
Eurillas virens_45,81414,AVIBASE-3413C42C,Eurillas virens,Eurillas virens,Andropadus virens,NULL,field study,Field1,1_NA_4747,1_NA,Equatorial Guinea,NULL,Oyala,unknown,Adult,73,NULL,NULL,NULL,NULL,NULL,NULL,NULL,NULL,NULL,69,NULL,NULL,NULL,AKW,NULL,NULL
Eurillas virens_46,81415,AVIBASE-3413C42C,Eurillas virens,Eurillas virens,Andropadus virens,NULL,field study,Field1,1_NA_4748,1_NA,Equatorial Guinea,NULL,Oyala,unknown,Adult,71,NULL,NULL,NULL,NULL,NULL,NULL,NULL,NULL,NULL,70,NULL,NULL,NULL,AKW,NULL,NULL
Eurillas virens_47,81416,AVIBASE-3413C42C,Eurillas virens,Eurillas virens,Andropadus virens,NULL,field study,Field1,1_NA_4749,1_NA,Equatorial Guinea,NULL,Oyala,unknown,Adult,73,NULL,NULL,NULL,NULL,NULL,NULL,NULL,NULL,NULL,68,NULL,NULL,NULL,AKW,NULL,NULL
Eurillas virens_48,81393,AVIBASE-3413C42C,Eurillas virens,Eurillas virens,Andropadus virens,NULL,field study,Field1,1_NA_4726,1_NA,Equatorial Guinea,NULL,Bioko Island (Caldera de Luba),unknown,Adult,69,NULL,NULL,NULL,NULL,NULL,NULL,NULL,NULL,NULL,65,NULL,NULL,NULL,AME,NULL,NULL
Eurillas virens_49,81405,AVIBASE-3413C42C,Eurillas virens,Eurillas virens,Andropadus virens,NULL,field study,Field1,1_NA_4738,1_NA,Equatorial Guinea,NULL,Bioko Island (Caldera de Luba),unknown,Adult,76,NULL,NULL,NULL,NULL,NULL,NULL,NULL,NULL,NULL,67,NULL,NULL,NULL,AME,NULL,NULL
Eurillas virens_50,81437,AVIBASE-3413C42C,Eurillas virens,Eurillas virens,Andropadus virens,NULL,field study,Field1,1_NA_4770,1_NA,Equatorial Guinea,NULL,Oyala,unknown,Adult,74,NULL,NULL,NULL,NULL,NULL,NULL,NULL,NULL,NULL,67,NULL,NULL,NULL,BAK,NULL,NULL
Eurillas virens_51,81446,AVIBASE-3413C42C,Eurillas virens,Eurillas virens,Andropadus virens,NULL,field study,Field1,1_NA_4779,1_NA,Equatorial Guinea,NULL,Oyala,unknown,Adult,74,NULL,NULL,NULL,NULL,NULL,NULL,NULL,NULL,NULL,66,NULL,NULL,NULL,BAK,NULL,NULL
Eurillas virens_52,81436,AVIBASE-3413C42C,Eurillas virens,Eurillas virens,Andropadus virens,NULL,field study,Field1,1_NA_4769,1_NA,Equatorial Guinea,NULL,Oyala,unknown,Adult,74,NULL,NULL,NULL,NULL,NULL,NULL,NULL,NULL,NULL,68,NULL,NULL,NULL,BAK,NULL,NULL
Eurillas virens_53,81438,AVIBASE-3413C42C,Eurillas virens,Eurillas virens,Andropadus virens,NULL,field study,Field1,1_NA_4771,1_NA,Equatorial Guinea,NULL,Oyala,unknown,Adult,87,NULL,NULL,NULL,NULL,NULL,NULL,NULL,NULL,NULL,71,NULL,NULL,NULL,BAK,NULL,NULL
Eurillas virens_54,81440,AVIBASE-3413C42C,Eurillas virens,Eurillas virens,Andropadus virens,NULL,field study,Field1,1_NA_4773,1_NA,Equatorial Guinea,NULL,Oyala,unknown,Adult,73,NULL,NULL,NULL,NULL,NULL,NULL,NULL,NULL,NULL,66,NULL,NULL,NULL,BAK,NULL,NULL
Eurillas virens_55,81443,AVIBASE-3413C42C,Eurillas virens,Eurillas virens,Andropadus virens,NULL,field study,Field1,1_NA_4776,1_NA,Equatorial Guinea,NULL,Oyala,unknown,Adult,75,NULL,NULL,NULL,NULL,NULL,NULL,NULL,NULL,NULL,72,NULL,NULL,NULL,BAK,NULL,NULL
Eurillas virens_56,81409,AVIBASE-3413C42C,Eurillas virens,Eurillas virens,Andropadus virens,NULL,field study,Field1,1_NA_4742,1_NA,Equatorial Guinea,NULL,Oyala,unknown,Adult,75,NULL,NULL,NULL,NULL,NULL,NULL,NULL,NULL,NULL,62,NULL,NULL,NULL,CAY,NULL,NULL
Eurillas virens_57,81402,AVIBASE-3413C42C,Eurillas virens,Eurillas virens,Andropadus virens,NULL,field study,Field1,1_NA_4735,1_NA,Equatorial Guinea,NULL,Oyala,unknown,Adult,74,NULL,NULL,NULL,NULL,NULL,NULL,NULL,NULL,NULL,63,NULL,NULL,NULL,CAY,NULL,NULL
Eurillas virens_58,81408,AVIBASE-3413C42C,Eurillas virens,Eurillas virens,Andropadus virens,NULL,field study,Field1,1_NA_4741,1_NA,Equatorial Guinea,NULL,Oyala,male,Adult,74,NULL,NULL,NULL,NULL,NULL,NULL,NULL,NULL,NULL,69,NULL,NULL,NULL,CJ,NULL,NULL
Eurillas virens_59,81406,AVIBASE-3413C42C,Eurillas virens,Eurillas virens,Andropadus virens,NULL,field study,Field1,1_NA_4739,1_NA,Equatorial Guinea,NULL,Oyala,unknown,Adult,74,NULL,NULL,NULL,NULL,NULL,NULL,NULL,NULL,NULL,67,NULL,NULL,NULL,CJ,NULL,NULL
Eurillas virens_6,81507,AVIBASE-3413C42C,Eurillas virens,Eurillas virens,Andropadus virens,NULL,field study,Field1,1_NA_4840,1_NA,Mozambique,NULL,"Mt Sanga (12°22'57.4""S 35°20'03.1""E)",female,Adult,79,NULL,NULL,13.8,8,5,NULL,NULL,NULL,NULL,83,NULL,NULL,NULL,SEIJ,NULL,NULL
Eurillas virens_60,81425,AVIBASE-3413C42C,Eurillas virens,Eurillas virens,Andropadus virens,NULL,field study,Field1,1_NA_4758,1_NA,Equatorial Guinea,NULL,Oyala,female,Adult,67,NULL,NULL,NULL,NULL,NULL,NULL,NULL,NULL,NULL,NULL,NULL,NULL,NULL,CJ,NULL,NULL
Eurillas virens_61,81424,AVIBASE-3413C42C,Eurillas virens,Eurillas virens,Andropadus virens,NULL,field study,Field1,1_NA_4757,1_NA,Equatorial Guinea,NULL,Oyala,female,Adult,68,NULL,NULL,NULL,NULL,NULL,NULL,NULL,NULL,NULL,63,NULL,NULL,NULL,CJ,NULL,NULL
Eurillas virens_62,81422,AVIBASE-3413C42C,Eurillas virens,Eurillas virens,Andropadus virens,NULL,field study,Field1,1_NA_4755,1_NA,Equatorial Guinea,NULL,Oyala,female,Adult,70,NULL,NULL,NULL,NULL,NULL,NULL,NULL,NULL,NULL,66,NULL,NULL,NULL,CJ,NULL,NULL
Eurillas virens_63,81444,AVIBASE-3413C42C,Eurillas virens,Eurillas virens,Andropadus virens,NULL,field study,Field1,1_NA_4777,1_NA,Equatorial Guinea,NULL,Oyala,unknown,Adult,73,NULL,NULL,NULL,NULL,NULL,NULL,NULL,NULL,NULL,66,NULL,NULL,NULL,ELK,NULL,NULL
Eurillas virens_64,81447,AVIBASE-3413C42C,Eurillas virens,Eurillas virens,Andropadus virens,NULL,field study,Field1,1_NA_4780,1_NA,Equatorial Guinea,NULL,Oyala,unknown,Adult,74,NULL,NULL,NULL,NULL,NULL,NULL,NULL,NULL,NULL,69,NULL,NULL,NULL,ELK,NULL,NULL
Eurillas virens_65,81448,AVIBASE-3413C42C,Eurillas virens,Eurillas virens,Andropadus virens,NULL,field study,Field1,1_NA_4781,1_NA,Equatorial Guinea,NULL,Oyala,unknown,Adult,74,NULL,NULL,NULL,NULL,NULL,NULL,NULL,NULL,NULL,66,NULL,NULL,NULL,EMB,NULL,NULL
Eurillas virens_66,81439,AVIBASE-3413C42C,Eurillas virens,Eurillas virens,Andropadus virens,NULL,field study,Field1,1_NA_4772,1_NA,Equatorial Guinea,NULL,Oyala,unknown,Adult,70,NULL,NULL,NULL,NULL,NULL,NULL,NULL,NULL,NULL,67,NULL,NULL,NULL,EMB,NULL,NULL
Eurillas virens_67,81441,AVIBASE-3413C42C,Eurillas virens,Eurillas virens,Andropadus virens,NULL,field study,Field1,1_NA_4774,1_NA,Equatorial Guinea,NULL,Oyala,unknown,Adult,73,NULL,NULL,NULL,NULL,NULL,NULL,NULL,NULL,NULL,69,NULL,NULL,NULL,EMB,NULL,NULL
Eurillas virens_68,81429,AVIBASE-3413C42C,Eurillas virens,Eurillas virens,Andropadus virens,NULL,field study,Field1,1_NA_4762,1_NA,Equatorial Guinea,NULL,Oyala,unknown,Adult,71,NULL,NULL,NULL,NULL,NULL,NULL,NULL,NULL,NULL,NULL,NULL,NULL,NULL,HP,NULL,NULL
Eurillas virens_69,81430,AVIBASE-3413C42C,Eurillas virens,Eurillas virens,Andropadus virens,NULL,field study,Field1,1_NA_4763,1_NA,Equatorial Guinea,NULL,Oyala,unknown,Adult,76,NULL,NULL,NULL,NULL,NULL,NULL,NULL,NULL,NULL,NULL,NULL,NULL,NULL,HP,NULL,NULL
Eurillas virens_7,81508,AVIBASE-3413C42C,Eurillas virens,Eurillas virens,Andropadus virens,NULL,field study,Field1,1_NA_4841,1_NA,Mozambique,NULL,"Mt Sanga (12°22'57.4""S 35°20'03.1""E)",unknown,Adult,87,NULL,NULL,13.4,7.8,4.7,NULL,NULL,NULL,NULL,83,NULL,NULL,NULL,SEIJ,NULL,NULL
Eurillas virens_70,81394,AVIBASE-3413C42C,Eurillas virens,Eurillas virens,Andropadus virens,NULL,field study,Field1,1_NA_4727,1_NA,Equatorial Guinea,NULL,Oyala,female,Adult,60,NULL,NULL,NULL,NULL,NULL,NULL,NULL,NULL,NULL,62,NULL,NULL,NULL,JDW,NULL,NULL
Eurillas virens_71,81391,AVIBASE-3413C42C,Eurillas virens,Eurillas virens,Andropadus virens,NULL,field study,Field1,1_NA_4724,1_NA,Equatorial Guinea,NULL,Oyala,unknown,Adult,69,NULL,NULL,NULL,NULL,NULL,NULL,NULL,NULL,NULL,NULL,NULL,NULL,NULL,JDW,NULL,NULL
Eurillas virens_72,81445,AVIBASE-3413C42C,Eurillas virens,Eurillas virens,Andropadus virens,NULL,field study,Field1,1_NA_4778,1_NA,Equatorial Guinea,NULL,Oyala,unknown,Adult,73,NULL,NULL,NULL,NULL,NULL,NULL,NULL,NULL,NULL,67,NULL,NULL,NULL,JDW,NULL,NULL
Eurillas virens_73,81410,AVIBASE-3413C42C,Eurillas virens,Eurillas virens,Andropadus virens,NULL,field study,Field1,1_NA_4743,1_NA,Equatorial Guinea,NULL,Oyala,female,Adult,67,NULL,NULL,NULL,NULL,NULL,NULL,NULL,NULL,NULL,64,NULL,NULL,NULL,JDW,NULL,NULL
Eurillas virens_74,81392,AVIBASE-3413C42C,Eurillas virens,Eurillas virens,Andropadus virens,NULL,field study,Field1,1_NA_4725,1_NA,Equatorial Guinea,NULL,Oyala,unknown,Adult,62,NULL,NULL,NULL,NULL,NULL,NULL,NULL,NULL,NULL,68,NULL,NULL,NULL,JDW,NULL,NULL
Eurillas virens_75,81401,AVIBASE-3413C42C,Eurillas virens,Eurillas virens,Andropadus virens,NULL,field study,Field1,1_NA_4734,1_NA,Equatorial Guinea,NULL,Oyala,unknown,Adult,72,NULL,NULL,NULL,NULL,NULL,NULL,NULL,NULL,NULL,NULL,NULL,NULL,NULL,JDW,NULL,NULL
Eurillas virens_76,81399,AVIBASE-3413C42C,Eurillas virens,Eurillas virens,Andropadus virens,NULL,field study,Field1,1_NA_4732,1_NA,Equatorial Guinea,NULL,Oyala,unknown,Adult,79,NULL,NULL,NULL,NULL,NULL,NULL,NULL,NULL,NULL,70,NULL,NULL,NULL,JDW,NULL,NULL
Eurillas virens_77,81413,AVIBASE-3413C42C,Eurillas virens,Eurillas virens,Andropadus virens,NULL,field study,Field1,1_NA_4746,1_NA,Equatorial Guinea,NULL,Oyala,female,Adult,68,NULL,NULL,NULL,NULL,NULL,NULL,NULL,NULL,NULL,65,NULL,NULL,NULL,JDW,NULL,NULL
Eurillas virens_78,81412,AVIBASE-3413C42C,Eurillas virens,Eurillas virens,Andropadus virens,NULL,field study,Field1,1_NA_4745,1_NA,Equatorial Guinea,NULL,Oyala,unknown,Adult,69,NULL,NULL,NULL,NULL,NULL,NULL,NULL,NULL,NULL,69,NULL,NULL,NULL,JDW,NULL,NULL
Eurillas virens_79,81411,AVIBASE-3413C42C,Eurillas virens,Eurillas virens,Andropadus virens,NULL,field study,Field1,1_NA_4744,1_NA,Equatorial Guinea,NULL,Oyala,female,Adult,71,NULL,NULL,NULL,NULL,NULL,NULL,NULL,NULL,NULL,64,NULL,NULL,NULL,JDW,NULL,NULL
Eurillas virens_8,81509,AVIBASE-3413C42C,Eurillas virens,Eurillas virens,Andropadus virens,NULL,field study,Field1,1_NA_4842,1_NA,Mozambique,NULL,"Mt Chitagal (12°35'48.1""S 35°15'09.5""E)",female,Adult,81,NULL,NULL,14.1,7.7,4.5,NULL,NULL,NULL,NULL,86,NULL,NULL,NULL,SEIJ,NULL,NULL
Eurillas virens_80,81398,AVIBASE-3413C42C,Eurillas virens,Eurillas virens,Andropadus virens,NULL,field study,Field1,1_NA_4731,1_NA,Equatorial Guinea,NULL,Oyala,unknown,Adult,75,NULL,NULL,NULL,NULL,NULL,NULL,NULL,NULL,NULL,69,NULL,NULL,NULL,JHW,NULL,NULL
Eurillas virens_81,81397,AVIBASE-3413C42C,Eurillas virens,Eurillas virens,Andropadus virens,NULL,field study,Field1,1_NA_4730,1_NA,Equatorial Guinea,NULL,Oyala,unknown,Adult,75,NULL,NULL,NULL,NULL,NULL,NULL,NULL,NULL,NULL,76,NULL,NULL,NULL,JHW,NULL,NULL
Eurillas virens_82,81396,AVIBASE-3413C42C,Eurillas virens,Eurillas virens,Andropadus virens,NULL,field study,Field1,1_NA_4729,1_NA,Equatorial Guinea,NULL,Oyala,unknown,Adult,69,NULL,NULL,NULL,NULL,NULL,NULL,NULL,NULL,NULL,NULL,NULL,NULL,NULL,JHW,NULL,NULL
Eurillas virens_83,81420,AVIBASE-3413C42C,Eurillas virens,Eurillas virens,Andropadus virens,NULL,field study,Field1,1_NA_4753,1_NA,Equatorial Guinea,NULL,Oyala,unknown,Adult,68,NULL,NULL,NULL,NULL,NULL,NULL,NULL,NULL,NULL,67,NULL,NULL,NULL,JHW,NULL,NULL
Eurillas virens_84,81395,AVIBASE-3413C42C,Eurillas virens,Eurillas virens,Andropadus virens,NULL,field study,Field1,1_NA_4728,1_NA,Equatorial Guinea,NULL,Oyala,unknown,Adult,70,NULL,NULL,NULL,NULL,NULL,NULL,NULL,NULL,NULL,62,NULL,NULL,NULL,JHW,NULL,NULL
Eurillas virens_85,81426,AVIBASE-3413C42C,Eurillas virens,Eurillas virens,Andropadus virens,NULL,field study,Field1,1_NA_4759,1_NA,Equatorial Guinea,NULL,Oyala,male,Adult,72,NULL,NULL,NULL,NULL,NULL,NULL,NULL,NULL,NULL,70,NULL,NULL,NULL,KEB,NULL,NULL
Eurillas virens_86,81451,AVIBASE-3413C42C,Eurillas virens,Eurillas virens,Andropadus virens,NULL,field study,Field1,1_NA_4784,1_NA,Equatorial Guinea,NULL,Bioko Island (BBPP),unknown,Adult,80,NULL,NULL,NULL,NULL,NULL,NULL,NULL,NULL,NULL,71,NULL,NULL,NULL,LLP,NULL,NULL
Eurillas virens_87,81404,AVIBASE-3413C42C,Eurillas virens,Eurillas virens,Andropadus virens,NULL,field study,Field1,1_NA_4737,1_NA,Equatorial Guinea,NULL,Bioko Island (Caldera de Luba),unknown,Adult,72,NULL,NULL,NULL,NULL,NULL,NULL,NULL,NULL,NULL,NULL,NULL,NULL,NULL,LLP,NULL,NULL
Eurillas virens_88,81400,AVIBASE-3413C42C,Eurillas virens,Eurillas virens,Andropadus virens,NULL,field study,Field1,1_NA_4733,1_NA,Equatorial Guinea,NULL,Oyala,unknown,Adult,77,NULL,NULL,NULL,NULL,NULL,NULL,NULL,NULL,NULL,73,NULL,NULL,NULL,LLP,NULL,NULL
Eurillas virens_89,81450,AVIBASE-3413C42C,Eurillas virens,Eurillas virens,Andropadus virens,NULL,field study,Field1,1_NA_4783,1_NA,Equatorial Guinea,NULL,Oyala,female,Adult,68,NULL,NULL,NULL,NULL,NULL,NULL,NULL,NULL,NULL,63,NULL,NULL,NULL,PFR,NULL,NULL
Eurillas virens_9,81510,AVIBASE-3413C42C,Eurillas virens,Eurillas virens,Andropadus virens,NULL,field study,Field1,1_NA_4843,1_NA,Mozambique,NULL,"Njesi Plateau (12°49'35.6""S 35°11'25.6""E)",unknown,Adult,87,NULL,NULL,14.2,7.9,4.2,NULL,NULL,NULL,NULL,85,NULL,NULL,NULL,SEIJ,NULL,NULL
Eurillas virens_90,81421,AVIBASE-3413C42C,Eurillas virens,Eurillas virens,Andropadus virens,NULL,field study,Field1,1_NA_4754,1_NA,Equatorial Guinea,NULL,Oyala,unknown,Adult,68,NULL,NULL,NULL,NULL,NULL,NULL,NULL,NULL,NULL,64,NULL,NULL,NULL,PFR,NULL,NULL
Eurillas virens_91,81449,AVIBASE-3413C42C,Eurillas virens,Eurillas virens,Andropadus virens,NULL,field study,Field1,1_NA_4782,1_NA,Equatorial Guinea,NULL,Oyala,female,Adult,70,NULL,NULL,NULL,NULL,NULL,NULL,NULL,NULL,NULL,65,NULL,NULL,NULL,SAL,NULL,NULL
Eurillas virens_92,81442,AVIBASE-3413C42C,Eurillas virens,Eurillas virens,Andropadus virens,NULL,field study,Field1,1_NA_4775,1_NA,Equatorial Guinea,NULL,Oyala,unknown,Adult,70,NULL,NULL,NULL,NULL,NULL,NULL,NULL,NULL,NULL,66,NULL,NULL,NULL,SAL,NULL,NULL
Eurillas virens_93,81419,AVIBASE-3413C42C,Eurillas virens,Eurillas virens,Andropadus virens,NULL,field study,Field1,1_NA_4752,1_NA,Equatorial Guinea,NULL,Oyala,unknown,Adult,73,NULL,NULL,NULL,NULL,NULL,NULL,NULL,NULL,NULL,68,NULL,NULL,NULL,SEM,NULL,NULL
Eurillas virens_94,81434,AVIBASE-3413C42C,Eurillas virens,Eurillas virens,Andropadus virens,NULL,field study,Field1,1_NA_4767,1_NA,Equatorial Guinea,NULL,Oyala,unknown,Adult,73,NULL,NULL,NULL,NULL,NULL,NULL,NULL,NULL,NULL,68,NULL,NULL,NULL,SEM,NULL,NULL
Eurillas virens_95,81433,AVIBASE-3413C42C,Eurillas virens,Eurillas virens,Andropadus virens,NULL,field study,Field1,1_NA_4766,1_NA,Equatorial Guinea,NULL,Oyala,unknown,Adult,63,NULL,NULL,NULL,NULL,NULL,NULL,NULL,NULL,NULL,75,NULL,NULL,NULL,SEM,NULL,NULL
Eurillas virens_96,81432,AVIBASE-3413C42C,Eurillas virens,Eurillas virens,Andropadus virens,NULL,field study,Field1,1_NA_4765,1_NA,Equatorial Guinea,NULL,Oyala,unknown,Adult,74,NULL,NULL,NULL,NULL,NULL,NULL,NULL,NULL,NULL,68,NULL,NULL,NULL,SEM,NULL,NULL
Eurillas virens_97,81431,AVIBASE-3413C42C,Eurillas virens,Eurillas virens,Andropadus virens,NULL,field study,Field1,1_NA_4764,1_NA,Equatorial Guinea,NULL,Oyala,unknown,Adult,68,NULL,NULL,NULL,NULL,NULL,NULL,NULL,NULL,NULL,67,NULL,NULL,NULL,SEM,NULL,NULL
Eurillas virens_98,81427,AVIBASE-3413C42C,Eurillas virens,Eurillas virens,Andropadus virens,NULL,field study,Field1,1_NA_4760,1_NA,Equatorial Guinea,NULL,Oyala,unknown,Adult,73,NULL,NULL,NULL,NULL,NULL,NULL,NULL,NULL,NULL,65,NULL,NULL,NULL,SEM,NULL,NULL
Eurillas virens_99,81423,AVIBASE-3413C42C,Eurillas virens,Eurillas virens,Andropadus virens,NULL,field study,Field1,1_NA_4756,1_NA,Equatorial Guinea,NULL,Oyala,unknown,Adult,69,NULL,NULL,NULL,NULL,NULL,NULL,NULL,NULL,NULL,67,NULL,NULL,NULL,SEM,NULL,NULL
Iole charlottae_6,82695,AVIBASE-BD51402C,Iole charlottae,Iole charlottae,Iole olivacea,NULL,field study,Field1,1_NA_5871,1_NA,Malaysia,NULL,"Danum Valley, Sabah, Borneo",unknown,Adult,100,14.2,85.8,20.1,15,6.5,NULL,NULL,7.1,NULL,NULL,NULL,22.7,NULL,JAT,NULL,NULL
Ixidia erythropthalmos_6,82782,AVIBASE-01D478BD,Rubigula erythropthalmos,Rubigula erythropthalmos,Pycnonotus erythropthalmos,NULL,field study,Field1,1_NA_5956,1_NA,Malaysia,NULL,"East Trail, Borneo",unknown,Adult,73,8,65,11.4,7.6,3.6,NULL,NULL,3.6,NULL,NULL,NULL,17.8,NULL,JAT,NULL,NULL
Ixidia erythropthalmos_7,82783,AVIBASE-01D478BD,Rubigula erythropthalmos,Rubigula erythropthalmos,Pycnonotus erythropthalmos,NULL,field study,Field1,1_NA_5957,1_NA,Malaysia,NULL,"Hill-Darrah-Braidwood Trail, Borneo",unknown,Adult,72,6,66,15.4,9.4,4,NULL,NULL,3.4,NULL,NULL,NULL,19.3,NULL,JAT,NULL,NULL
Ixidia erythropthalmos_8,82784,AVIBASE-01D478BD,Rubigula erythropthalmos,Rubigula erythropthalmos,Pycnonotus erythropthalmos,NULL,field study,Field1,1_NA_5958,1_NA,Malaysia,NULL,"Hill-Darrah-Braidwood Trail, Borneo",unknown,Adult,74,8,66,13,8.4,3.8,NULL,NULL,4,NULL,NULL,NULL,19.4,NULL,JAT,NULL,NULL
Phyllastrephus albigula_1,85402,AVIBASE-CEE94E55,Phyllastrephus albigula,Phyllastrephus albigula,Phyllastrephus debilis,albigula,field study,Field1,1_NA_8054,1_NA,United Republic of Tanzania,NULL,West Usambara Mountains,unknown,Adult,70,12,58,17.1,10.3,4,NULL,9.6,3.5,NULL,67,NULL,19,NULL,MNC,NULL,NULL
Phyllastrephus albigula_10,85411,AVIBASE-CEE94E55,Phyllastrephus albigula,Phyllastrephus albigula,Phyllastrephus debilis,rabai,field study,Field1,1_NA_8063,1_NA,United Republic of Tanzania,NULL,East Usambara Mountains,unknown,Adult,67,10,57,15.1,9.5,3.3,NULL,8.7,3.4,NULL,68,NULL,19,NULL,MNC,NULL,NULL
Phyllastrephus albigula_11,85412,AVIBASE-CEE94E55,Phyllastrephus albigula,Phyllastrephus albigula,Phyllastrephus debilis,albigula,field study,Field1,1_NA_8064,1_NA,United Republic of Tanzania,NULL,West Usambara Mountains,unknown,Adult,61,10,51,15.3,8.5,3.8,NULL,8.5,3.6,NULL,59,NULL,18.2,NULL,MNC,NULL,NULL
Phyllastrephus albigula_12,85413,AVIBASE-CEE94E55,Phyllastrephus albigula,Phyllastrephus albigula,Phyllastrephus debilis,albigula,field study,Field1,1_NA_8065,1_NA,United Republic of Tanzania,NULL,West Usambara Mountains,unknown,Adult,61,7,54,17,9.2,3.5,NULL,8.5,3.5,NULL,61,NULL,18.5,NULL,MNC,NULL,NULL
Phyllastrephus albigula_13,85414,AVIBASE-CEE94E55,Phyllastrephus albigula,Phyllastrephus albigula,Phyllastrephus debilis,albigula,field study,Field1,1_NA_8066,1_NA,United Republic of Tanzania,NULL,West Usambara Mountains,unknown,Adult,63,9,54,15.1,8.7,3.7,NULL,8.8,3.3,NULL,62,NULL,19,NULL,MNC,NULL,NULL
Phyllastrephus albigula_14,85415,AVIBASE-CEE94E55,Phyllastrephus albigula,Phyllastrephus albigula,Phyllastrephus debilis,albigula,field study,Field1,1_NA_8067,1_NA,United Republic of Tanzania,NULL,West Usambara Mountains,unknown,Adult,65,7,58,15.8,8.6,3.7,NULL,8.5,3.4,NULL,63,NULL,19.2,NULL,MNC,NULL,NULL
Phyllastrephus albigula_15,85416,AVIBASE-CEE94E55,Phyllastrephus albigula,Phyllastrephus albigula,Phyllastrephus debilis,albigula,field study,Field1,1_NA_8068,1_NA,United Republic of Tanzania,NULL,West Usambara Mountains,unknown,Adult,64,6,58,16.1,8.3,3.6,NULL,8.9,3.7,NULL,62,NULL,18.3,NULL,MNC,NULL,NULL
Phyllastrephus albigula_16,85417,AVIBASE-CEE94E55,Phyllastrephus albigula,Phyllastrephus albigula,Phyllastrephus debilis,albigula,field study,Field1,1_NA_8069,1_NA,United Republic of Tanzania,NULL,West Usambara Mountains,unknown,Adult,66,11,55,17.7,8.5,3.5,NULL,9.1,3.5,NULL,66,NULL,18.5,NULL,MNC,NULL,NULL
Phyllastrephus albigula_17,85418,AVIBASE-CEE94E55,Phyllastrephus albigula,Phyllastrephus albigula,Phyllastrephus debilis,albigula,field study,Field1,1_NA_8070,1_NA,United Republic of Tanzania,NULL,West Usambara Mountains,unknown,Adult,62,8,54,15.6,8.3,3.5,NULL,9.7,3.4,NULL,59,NULL,19.5,NULL,MNC,NULL,NULL
Phyllastrephus albigula_18,85419,AVIBASE-CEE94E55,Phyllastrephus albigula,Phyllastrephus albigula,Phyllastrephus debilis,albigula,field study,Field1,1_NA_8071,1_NA,United Republic of Tanzania,NULL,West Usambara Mountains,unknown,Adult,62,9,53,14.9,8,3.5,NULL,9.2,3.5,NULL,59,NULL,19,NULL,MNC,NULL,NULL
Phyllastrephus albigula_19,85420,AVIBASE-CEE94E55,Phyllastrephus albigula,Phyllastrephus albigula,Phyllastrephus debilis,albigula,field study,Field1,1_NA_8072,1_NA,United Republic of Tanzania,NULL,West Usambara Mountains,unknown,Adult,67,9,58,16,8.5,3.8,NULL,9.4,3.5,NULL,65,NULL,19.3,NULL,MNC,NULL,NULL
Phyllastrephus albigula_2,85403,AVIBASE-CEE94E55,Phyllastrephus albigula,Phyllastrephus albigula,Phyllastrephus debilis,albigula,field study,Field1,1_NA_8055,1_NA,United Republic of Tanzania,NULL,East Usambara Mountains,unknown,Adult,67,8,59,16.4,9.3,3.8,NULL,10.6,3.5,NULL,66,NULL,19.5,NULL,MNC,NULL,NULL
Phyllastrephus albigula_20,85421,AVIBASE-CEE94E55,Phyllastrephus albigula,Phyllastrephus albigula,Phyllastrephus debilis,albigula,field study,Field1,1_NA_8073,1_NA,United Republic of Tanzania,NULL,West Usambara Mountains,unknown,Adult,63,8,55,15.9,8.3,3.5,NULL,9.8,3.5,NULL,63,NULL,18.8,NULL,MNC,NULL,NULL
Phyllastrephus albigula_21,85422,AVIBASE-CEE94E55,Phyllastrephus albigula,Phyllastrephus albigula,Phyllastrephus debilis,albigula,field study,Field1,1_NA_8074,1_NA,United Republic of Tanzania,NULL,West Usambara Mountains,unknown,Adult,68,10,58,16.2,8.6,3.5,NULL,9.4,3.6,NULL,67,NULL,19.6,NULL,MNC,NULL,NULL
Phyllastrephus albigula_3,85404,AVIBASE-CEE94E55,Phyllastrephus albigula,Phyllastrephus albigula,Phyllastrephus debilis,albigula,field study,Field1,1_NA_8056,1_NA,United Republic of Tanzania,NULL,East Usambara Mountains,unknown,Adult,61,8,53,15.5,9.2,3.6,NULL,11.6,3.5,NULL,61,NULL,18.2,NULL,MNC,NULL,NULL
Phyllastrephus albigula_4,85405,AVIBASE-CEE94E55,Phyllastrephus albigula,Phyllastrephus albigula,Phyllastrephus debilis,albigula,field study,Field1,1_NA_8057,1_NA,United Republic of Tanzania,NULL,East Usambara Mountains,unknown,Adult,62,7,55,15.3,8.8,3.7,NULL,10.5,3.3,NULL,64,NULL,18.7,NULL,MNC,NULL,NULL
Phyllastrephus albigula_5,85406,AVIBASE-CEE94E55,Phyllastrephus albigula,Phyllastrephus albigula,Phyllastrephus debilis,albigula,field study,Field1,1_NA_8058,1_NA,United Republic of Tanzania,NULL,East Usambara Mountains,unknown,Adult,64,9,55,15.6,9.3,3.7,NULL,9.4,3.5,NULL,63,NULL,19.5,NULL,MNC,NULL,NULL
Phyllastrephus albigula_6,85407,AVIBASE-CEE94E55,Phyllastrephus albigula,Phyllastrephus albigula,Phyllastrephus debilis,albigula,field study,Field1,1_NA_8059,1_NA,United Republic of Tanzania,NULL,East Usambara Mountains,unknown,Adult,64,10,54,14.1,8.3,3.2,NULL,8.9,3.3,NULL,67,NULL,19,NULL,MNC,NULL,NULL
Phyllastrephus albigula_7,85408,AVIBASE-CEE94E55,Phyllastrephus albigula,Phyllastrephus albigula,Phyllastrephus debilis,albigula,field study,Field1,1_NA_8060,1_NA,United Republic of Tanzania,NULL,East Usambara Mountains,unknown,Adult,63,10,53,14.5,7.9,3.4,NULL,9.8,3.4,NULL,62,NULL,18.7,NULL,MNC,NULL,NULL
Phyllastrephus albigula_8,85409,AVIBASE-CEE94E55,Phyllastrephus albigula,Phyllastrephus albigula,Phyllastrephus debilis,albigula,field study,Field1,1_NA_8061,1_NA,United Republic of Tanzania,NULL,East Usambara Mountains,unknown,Adult,64,8,56,15.8,8.4,3.8,NULL,11,3.7,NULL,64,NULL,19,NULL,MNC,NULL,NULL
Phyllastrephus albigula_9,85410,AVIBASE-CEE94E55,Phyllastrephus albigula,Phyllastrephus albigula,Phyllastrephus debilis,albigula,field study,Field1,1_NA_8062,1_NA,United Republic of Tanzania,NULL,East Usambara Mountains,unknown,Adult,65,9,56,18.2,8.4,3.5,NULL,9.6,3.4,NULL,65,NULL,19.2,NULL,MNC,NULL,NULL
Phyllastrephus albigularis_10,85426,AVIBASE-7927D0DD,Phyllastrephus albigularis,Phyllastrephus albigularis,Phyllastrephus albigularis,NULL,field study,Field1,1_NA_8078,1_NA,Ghana,NULL,Ahokwa,unknown,Adult,72,9.1,62.9,16.9,11.5,4.7,NULL,9.5,4.3,NULL,NULL,NULL,17.6,NULL,NNDA,NULL,NULL
Phyllastrephus albigularis_11,85427,AVIBASE-7927D0DD,Phyllastrephus albigularis,Phyllastrephus albigularis,Phyllastrephus albigularis,NULL,field study,Field1,1_NA_8079,1_NA,Ghana,NULL,Ahokwa,unknown,Adult,81,9.4,71.6,17.2,13.1,4.6,NULL,10.3,4.8,NULL,78,NULL,18.1,NULL,NNDA,NULL,NULL
Phyllastrephus albigularis_5,85428,AVIBASE-7927D0DD,Phyllastrephus albigularis,Phyllastrephus albigularis,Phyllastrephus albigularis,NULL,field study,Field1,1_NA_8080,1_NA,Ghana,NULL,Ahokwa,unknown,Adult,71,5,66,17.5,11.2,4.9,NULL,14.4,4.2,NULL,68,NULL,21,NULL,NNDA,NULL,NULL
Phyllastrephus albigularis_6,85429,AVIBASE-7927D0DD,Phyllastrephus albigularis,Phyllastrephus albigularis,Phyllastrephus albigularis,NULL,field study,Field1,1_NA_8081,1_NA,Ghana,NULL,Ahokwa,unknown,Adult,83,9,74,20.5,12.1,4.8,NULL,14.4,4.9,NULL,79,NULL,21.7,NULL,NNDA,NULL,NULL
Phyllastrephus albigularis_7,85423,AVIBASE-7927D0DD,Phyllastrephus albigularis,Phyllastrephus albigularis,Phyllastrephus albigularis,NULL,field study,Field1,1_NA_8075,1_NA,Ghana,NULL,Ahokwa,unknown,Adult,86,12,74,21.7,13,4.6,NULL,12,5.1,NULL,79,NULL,21.2,NULL,NNDA,NULL,NULL
Phyllastrephus albigularis_8,85424,AVIBASE-7927D0DD,Phyllastrephus albigularis,Phyllastrephus albigularis,Phyllastrephus albigularis,NULL,field study,Field1,1_NA_8076,1_NA,Ghana,NULL,Ahokwa,unknown,Immature,77,7.3,69.7,20.8,11.2,5.2,NULL,12.9,4.6,NULL,79,NULL,22.2,NULL,NNDA,NULL,NULL
Phyllastrephus albigularis_9,85425,AVIBASE-7927D0DD,Phyllastrephus albigularis,Phyllastrephus albigularis,Phyllastrephus albigularis,NULL,field study,Field1,1_NA_8077,1_NA,Ghana,NULL,Ahokwa,unknown,Adult,72,5.9,66.1,17.2,12.8,4.8,NULL,10.6,4.7,NULL,65,NULL,19.8,NULL,NNDA,NULL,NULL
Phyllastrephus cabanisi_10,85430,AVIBASE-24F71192,Phyllastrephus cabanisi,Phyllastrephus cabanisi,Phyllastrephus cabanisi,NULL,field study,Field1,1_NA_8082,1_NA,Mozambique,NULL,"Mt Chitagal (12°35'48.1""S 35°15'09.5""E)",unknown,Adult,78,NULL,NULL,17.9,10.3,4.4,NULL,NULL,NULL,NULL,85,NULL,NULL,NULL,SEIJ,NULL,NULL
Phyllastrephus cabanisi_11,85431,AVIBASE-24F71192,Phyllastrephus cabanisi,Phyllastrephus cabanisi,Phyllastrephus cabanisi,NULL,field study,Field1,1_NA_8083,1_NA,Mozambique,NULL,"Njesi Plateau (12°49'35.6""S 35°11'25.6""E)",unknown,Adult,75,NULL,NULL,17.1,9.4,4.2,NULL,NULL,NULL,NULL,78,NULL,NULL,NULL,SEIJ,NULL,NULL
Phyllastrephus cabanisi_12,85432,AVIBASE-24F71192,Phyllastrephus cabanisi,Phyllastrephus cabanisi,Phyllastrephus cabanisi,NULL,field study,Field1,1_NA_8084,1_NA,Mozambique,NULL,"Mt Sanga (12°22'57.4""S 35°20'03.1""E)",female,Adult,78,NULL,NULL,17,10.2,4.2,NULL,NULL,NULL,NULL,77,NULL,NULL,NULL,SEIJ,NULL,NULL
Phyllastrephus cabanisi_13,85433,AVIBASE-24F71192,Phyllastrephus cabanisi,Phyllastrephus cabanisi,Phyllastrephus cabanisi,NULL,field study,Field1,1_NA_8085,1_NA,Mozambique,NULL,"Mt Chitagal (12°35'48.1""S 35°15'09.5""E)",female,Adult,73,NULL,NULL,16.4,9.8,4.1,NULL,NULL,NULL,NULL,77,NULL,NULL,NULL,SEIJ,NULL,NULL
Phyllastrephus cabanisi_14,85434,AVIBASE-24F71192,Phyllastrephus cabanisi,Phyllastrephus cabanisi,Phyllastrephus cabanisi,placidus,field study,Field1,1_NA_8086,1_NA,United Republic of Tanzania,NULL,East Usambara Mountains,unknown,Adult,81,13,68,20.8,10.5,4.1,NULL,11.8,4.6,NULL,76,NULL,23.4,NULL,MNC,NULL,NULL
Phyllastrephus cabanisi_15,85435,AVIBASE-24F71192,Phyllastrephus cabanisi,Phyllastrephus cabanisi,Phyllastrephus cabanisi,placidus,field study,Field1,1_NA_8087,1_NA,United Republic of Tanzania,NULL,West Usambara Mountains,unknown,Adult,86,10,76,20.9,11.1,3.7,NULL,11.2,4.3,NULL,81,NULL,22.8,NULL,MNC,NULL,NULL
Phyllastrephus cabanisi_16,85436,AVIBASE-24F71192,Phyllastrephus cabanisi,Phyllastrephus cabanisi,Phyllastrephus cabanisi,placidus,field study,Field1,1_NA_8088,1_NA,United Republic of Tanzania,NULL,West Usambara Mountains,unknown,Adult,83,13,70,20,10.4,3.9,NULL,11.7,4.3,NULL,82,NULL,23.7,NULL,MNC,NULL,NULL
Phyllastrephus cabanisi_17,85437,AVIBASE-24F71192,Phyllastrephus cabanisi,Phyllastrephus cabanisi,Phyllastrephus cabanisi,placidus,field study,Field1,1_NA_8089,1_NA,United Republic of Tanzania,NULL,West Usambara Mountains,unknown,Adult,84,11,73,21.7,12.5,4,NULL,10.9,4.4,NULL,84,NULL,23.1,NULL,MNC,NULL,NULL
Phyllastrephus cabanisi_18,85438,AVIBASE-24F71192,Phyllastrephus cabanisi,Phyllastrephus cabanisi,Phyllastrephus cabanisi,placidus,field study,Field1,1_NA_8090,1_NA,United Republic of Tanzania,NULL,West Usambara Mountains,unknown,Adult,74,10,64,17.6,9.4,3.7,NULL,10.9,3.8,NULL,82,NULL,22.1,NULL,MNC,NULL,NULL
Phyllastrephus cabanisi_19,85439,AVIBASE-24F71192,Phyllastrephus cabanisi,Phyllastrephus cabanisi,Phyllastrephus cabanisi,placidus,field study,Field1,1_NA_8091,1_NA,United Republic of Tanzania,NULL,East Usambara Mountains,unknown,Adult,74,9,65,19.4,10.3,4.5,NULL,11.6,4.2,NULL,74,NULL,23.8,NULL,MNC,NULL,NULL
Phyllastrephus cabanisi_20,85440,AVIBASE-24F71192,Phyllastrephus cabanisi,Phyllastrephus cabanisi,Phyllastrephus cabanisi,placidus,field study,Field1,1_NA_8092,1_NA,United Republic of Tanzania,NULL,East Usambara Mountains,unknown,Adult,73,11,62,18.8,10.5,3.9,NULL,11,4.1,NULL,73,NULL,23.5,NULL,MNC,NULL,NULL
Phyllastrephus cabanisi_21,85441,AVIBASE-24F71192,Phyllastrephus cabanisi,Phyllastrephus cabanisi,Phyllastrephus cabanisi,placidus,field study,Field1,1_NA_8093,1_NA,United Republic of Tanzania,NULL,East Usambara Mountains,unknown,Adult,77,9,68,21,11.4,4.3,NULL,11.5,4.4,NULL,79,NULL,23.6,NULL,MNC,NULL,NULL
Phyllastrephus cabanisi_22,85442,AVIBASE-24F71192,Phyllastrephus cabanisi,Phyllastrephus cabanisi,Phyllastrephus cabanisi,placidus,field study,Field1,1_NA_8094,1_NA,United Republic of Tanzania,NULL,East Usambara Mountains,unknown,Adult,80,12,68,20.3,11,4.3,NULL,11.8,4.5,NULL,81,NULL,24.3,NULL,MNC,NULL,NULL
Phyllastrephus cabanisi_23,85443,AVIBASE-24F71192,Phyllastrephus cabanisi,Phyllastrephus cabanisi,Phyllastrephus cabanisi,placidus,field study,Field1,1_NA_8095,1_NA,United Republic of Tanzania,NULL,East Usambara Mountains,unknown,Adult,73,12,61,17.4,9.5,4,NULL,11.7,3.8,NULL,72,NULL,22.4,NULL,MNC,NULL,NULL
Phyllastrephus cabanisi_24,85444,AVIBASE-24F71192,Phyllastrephus cabanisi,Phyllastrephus cabanisi,Phyllastrephus cabanisi,placidus,field study,Field1,1_NA_8096,1_NA,United Republic of Tanzania,NULL,East Usambara Mountains,unknown,Adult,75,10,65,19.2,10.1,4.2,NULL,11.1,4.6,NULL,76,NULL,23.6,NULL,MNC,NULL,NULL
Phyllastrephus cabanisi_25,85445,AVIBASE-24F71192,Phyllastrephus cabanisi,Phyllastrephus cabanisi,Phyllastrephus cabanisi,placidus,field study,Field1,1_NA_8097,1_NA,United Republic of Tanzania,NULL,West Usambara Mountains,unknown,Adult,84,12,72,23,11,3.8,NULL,10.3,3.7,NULL,83,NULL,23.2,NULL,MNC,NULL,NULL
Phyllastrephus cabanisi_26,85446,AVIBASE-24F71192,Phyllastrephus cabanisi,Phyllastrephus cabanisi,Phyllastrephus cabanisi,placidus,field study,Field1,1_NA_8098,1_NA,United Republic of Tanzania,NULL,West Usambara Mountains,unknown,Adult,76,11,65,19.1,9.9,3.7,NULL,10.6,4,NULL,77,NULL,22.4,NULL,MNC,NULL,NULL
Phyllastrephus cabanisi_27,85447,AVIBASE-24F71192,Phyllastrephus cabanisi,Phyllastrephus cabanisi,Phyllastrephus cabanisi,placidus,field study,Field1,1_NA_8099,1_NA,United Republic of Tanzania,NULL,West Usambara Mountains,unknown,Adult,74,9,65,18.9,10,3.9,NULL,10.5,3.8,NULL,77,NULL,21.9,NULL,MNC,NULL,NULL
Phyllastrephus cabanisi_28,85448,AVIBASE-24F71192,Phyllastrephus cabanisi,Phyllastrephus cabanisi,Phyllastrephus cabanisi,placidus,field study,Field1,1_NA_8100,1_NA,United Republic of Tanzania,NULL,West Usambara Mountains,unknown,Adult,83,11,72,21.1,11.1,3.8,NULL,10.9,4.5,NULL,82,NULL,23.6,NULL,MNC,NULL,NULL
Phyllastrephus cabanisi_29,85449,AVIBASE-24F71192,Phyllastrephus cabanisi,Phyllastrephus cabanisi,Phyllastrephus cabanisi,placidus,field study,Field1,1_NA_8101,1_NA,United Republic of Tanzania,NULL,West Usambara Mountains,unknown,Adult,74,9,65,19.3,10,3.5,NULL,10.5,4,NULL,73,NULL,22.7,NULL,MNC,NULL,NULL
Phyllastrephus cabanisi_30,85450,AVIBASE-24F71192,Phyllastrephus cabanisi,Phyllastrephus cabanisi,Phyllastrephus cabanisi,placidus,field study,Field1,1_NA_8102,1_NA,United Republic of Tanzania,NULL,East Usambara Mountains,unknown,Adult,82,13,69,21.2,11.2,4,NULL,11,4.3,NULL,82,NULL,24.7,NULL,MNC,NULL,NULL
Phyllastrephus cabanisi_31,85451,AVIBASE-24F71192,Phyllastrephus cabanisi,Phyllastrephus cabanisi,Phyllastrephus cabanisi,placidus,field study,Field1,1_NA_8103,1_NA,United Republic of Tanzania,NULL,East Usambara Mountains,unknown,Adult,81,11,70,21.4,14.4,4.2,NULL,11,4.5,NULL,80,NULL,24.1,NULL,MNC,NULL,NULL
Phyllastrephus cabanisi_32,85452,AVIBASE-24F71192,Phyllastrephus cabanisi,Phyllastrephus cabanisi,Phyllastrephus cabanisi,placidus,field study,Field1,1_NA_8104,1_NA,United Republic of Tanzania,NULL,West Usambara Mountains,unknown,Adult,84,10,74,19.9,11.4,3.8,NULL,11.2,4.8,NULL,80,NULL,23.4,NULL,MNC,NULL,NULL
Phyllastrephus cabanisi_33,85453,AVIBASE-24F71192,Phyllastrephus cabanisi,Phyllastrephus cabanisi,Phyllastrephus cabanisi,placidus,field study,Field1,1_NA_8105,1_NA,United Republic of Tanzania,NULL,West Usambara Mountains,unknown,Adult,85,12,73,19.2,10.8,3.9,NULL,10.8,4.5,NULL,85,NULL,23.3,NULL,MNC,NULL,NULL
Phyllastrephus cabanisi_41,85454,AVIBASE-24F71192,Phyllastrephus cabanisi,Phyllastrephus cabanisi,Phyllastrephus cabanisi,NULL,field study,Field1,1_NA_8106,1_NA,Zambia,NULL,Zambezi,unknown,Adult,83,11,72,18.5,10.3,4.3,NULL,7.4,4.3,NULL,96,NULL,23.8,NULL,MFZ,NULL,NULL
Phyllastrephus cabanisi_42,85455,AVIBASE-24F71192,Phyllastrephus cabanisi,Phyllastrephus cabanisi,Phyllastrephus cabanisi,NULL,field study,Field1,1_NA_8107,1_NA,Zambia,NULL,Zambezi,unknown,Immature,78,8,70,17.7,9.7,4.8,NULL,8.1,4.5,NULL,82,NULL,22.2,NULL,MFZ,NULL,NULL
Phyllastrephus cabanisi_43,85456,AVIBASE-24F71192,Phyllastrephus cabanisi,Phyllastrephus cabanisi,Phyllastrephus cabanisi,NULL,field study,Field1,1_NA_8108,1_NA,Zambia,NULL,Zambezi,unknown,Immature,92,12,80,20.2,11.3,4.8,NULL,10.2,4.7,NULL,94,NULL,24.4,NULL,MFZ,NULL,NULL
Phyllastrephus cabanisi_44,85457,AVIBASE-24F71192,Phyllastrephus cabanisi,Phyllastrephus cabanisi,Phyllastrephus cabanisi,NULL,field study,Field1,1_NA_8109,1_NA,Zambia,NULL,Zambezi,unknown,Immature,81,8,73,17,9.8,4.2,NULL,8.3,4.5,NULL,92,NULL,23.3,NULL,MFZ,NULL,NULL
Phyllastrephus cabanisi_45,85458,AVIBASE-24F71192,Phyllastrephus cabanisi,Phyllastrephus cabanisi,Phyllastrephus cabanisi,NULL,field study,Field1,1_NA_8110,1_NA,Zambia,NULL,Zambezi,unknown,Immature,84,NULL,NULL,16.9,10.5,4.4,NULL,7.5,4.7,NULL,85,NULL,23.8,NULL,MFZ,NULL,NULL
Phyllastrephus cabanisi_46,85459,AVIBASE-24F71192,Phyllastrephus cabanisi,Phyllastrephus cabanisi,Phyllastrephus cabanisi,NULL,field study,Field1,1_NA_8111,1_NA,Zambia,NULL,Zambezi,unknown,Immature,88,10,78,18.9,10.9,4.2,NULL,9.7,5,NULL,87,NULL,23.8,NULL,MFZ,NULL,NULL
Phyllastrephus cabanisi_47,85460,AVIBASE-24F71192,Phyllastrephus cabanisi,Phyllastrephus cabanisi,Phyllastrephus cabanisi,NULL,field study,Field1,1_NA_8112,1_NA,Zambia,NULL,Zambezi,unknown,Immature,77,8,69,16.3,9.3,4.5,NULL,8.7,4.6,NULL,81,NULL,22.8,NULL,MFZ,NULL,NULL
Phyllastrephus cabanisi_48,85461,AVIBASE-24F71192,Phyllastrephus cabanisi,Phyllastrephus cabanisi,Phyllastrephus cabanisi,NULL,field study,Field1,1_NA_8113,1_NA,Zambia,NULL,Zambezi,unknown,Adult,87,12,75,17.8,10.3,4.2,NULL,8.6,4.4,NULL,96,NULL,23.8,NULL,MFZ,NULL,NULL
Phyllastrephus cabanisi_49,85462,AVIBASE-24F71192,Phyllastrephus cabanisi,Phyllastrephus cabanisi,Phyllastrephus cabanisi,NULL,field study,Field1,1_NA_8114,1_NA,Zambia,NULL,Zambezi,unknown,Adult,87,12,75,18.5,11.5,4.4,NULL,8.5,4.9,NULL,84,NULL,23.3,NULL,MFZ,NULL,NULL
Phyllastrephus cabanisi_50,85463,AVIBASE-24F71192,Phyllastrephus cabanisi,Phyllastrephus cabanisi,Phyllastrephus cabanisi,NULL,field study,Field1,1_NA_8115,1_NA,Zambia,NULL,Zambezi,unknown,Adult,82,11,71,15.7,10.2,4.4,NULL,8.2,4.5,NULL,84,NULL,22.7,NULL,MFZ,NULL,NULL
Phyllastrephus cabanisi_51,85464,AVIBASE-24F71192,Phyllastrephus cabanisi,Phyllastrephus cabanisi,Phyllastrephus cabanisi,NULL,field study,Field1,1_NA_8116,1_NA,Zambia,NULL,Zambezi,unknown,Adult,85,12,73,18,11.1,4.5,NULL,8.6,4.4,NULL,87,NULL,23.3,NULL,MFZ,NULL,NULL
Phyllastrephus cabanisi_52,85465,AVIBASE-24F71192,Phyllastrephus cabanisi,Phyllastrephus cabanisi,Phyllastrephus cabanisi,NULL,field study,Field1,1_NA_8117,1_NA,Zambia,NULL,Zambezi,unknown,Adult,94,8,86,20,11.8,4.6,NULL,8.3,5.3,NULL,95,NULL,24.7,NULL,MFZ,NULL,NULL
Phyllastrephus cabanisi_53,85466,AVIBASE-24F71192,Phyllastrephus cabanisi,Phyllastrephus cabanisi,Phyllastrephus cabanisi,NULL,field study,Field1,1_NA_8118,1_NA,Zambia,NULL,Zambezi,unknown,Adult,82,8,74,17.8,10.6,3.8,NULL,7.9,5.1,NULL,86,NULL,22.7,NULL,MFZ,NULL,NULL
Phyllastrephus cabanisi_54,85467,AVIBASE-24F71192,Phyllastrephus cabanisi,Phyllastrephus cabanisi,Phyllastrephus cabanisi,NULL,field study,Field1,1_NA_8119,1_NA,Zambia,NULL,Zambezi,unknown,Adult,93,13,80,16.7,10.9,4.7,NULL,8.8,4.4,NULL,96,NULL,25.2,NULL,MFZ,NULL,NULL
Phyllastrephus cabanisi_55,85468,AVIBASE-24F71192,Phyllastrephus cabanisi,Phyllastrephus cabanisi,Phyllastrephus cabanisi,NULL,field study,Field1,1_NA_8120,1_NA,Zambia,NULL,Zambezi,unknown,Adult,87,9,78,18,10.8,4.3,NULL,7.7,4.8,NULL,93,NULL,26.3,NULL,MFZ,NULL,NULL
Phyllastrephus cabanisi_56,85469,AVIBASE-24F71192,Phyllastrephus cabanisi,Phyllastrephus cabanisi,Phyllastrephus cabanisi,NULL,field study,Field1,1_NA_8121,1_NA,Zambia,NULL,Zambezi,unknown,Adult,90,12,78,19.2,12.1,5,NULL,9,4.8,NULL,92,NULL,24.5,NULL,MFZ,NULL,NULL
Phyllastrephus cabanisi_57,85470,AVIBASE-24F71192,Phyllastrephus cabanisi,Phyllastrephus cabanisi,Phyllastrephus cabanisi,NULL,field study,Field1,1_NA_8122,1_NA,Zambia,NULL,Zambezi,unknown,Adult,87,12,75,19.3,10.7,4.9,NULL,8.7,4.9,NULL,87,NULL,24.2,NULL,MFZ,NULL,NULL
Phyllastrephus cabanisi_58,85471,AVIBASE-24F71192,Phyllastrephus cabanisi,Phyllastrephus cabanisi,Phyllastrephus cabanisi,NULL,field study,Field1,1_NA_8123,1_NA,Zambia,NULL,Zambezi,unknown,Adult,96,12,84,18.8,12.7,4.4,NULL,9.3,5.2,NULL,97,NULL,25,NULL,MFZ,NULL,NULL
Phyllastrephus cabanisi_59,85472,AVIBASE-24F71192,Phyllastrephus cabanisi,Phyllastrephus cabanisi,Phyllastrephus cabanisi,NULL,field study,Field1,1_NA_8124,1_NA,Zambia,NULL,Zambezi,unknown,Adult,80,8,72,17.5,11.2,4.2,NULL,8.2,4.7,NULL,84,NULL,24,NULL,MFZ,NULL,NULL
Phyllastrephus cabanisi_60,85473,AVIBASE-24F71192,Phyllastrephus cabanisi,Phyllastrephus cabanisi,Phyllastrephus cabanisi,NULL,field study,Field1,1_NA_8125,1_NA,Zambia,NULL,Zambezi,unknown,Adult,95,12,83,19.5,11.3,5,NULL,8.9,4.7,NULL,93,NULL,24.3,NULL,MFZ,NULL,NULL
Phyllastrephus cabanisi_61,85474,AVIBASE-24F71192,Phyllastrephus cabanisi,Phyllastrephus cabanisi,Phyllastrephus cabanisi,NULL,field study,Field1,1_NA_8126,1_NA,Zambia,NULL,Zambezi,unknown,Adult,87,10,77,17.9,11,4.4,NULL,8.6,5.2,NULL,91,NULL,23.1,NULL,MFZ,NULL,NULL
Phyllastrephus cabanisi_62,85475,AVIBASE-24F71192,Phyllastrephus cabanisi,Phyllastrephus cabanisi,Phyllastrephus cabanisi,NULL,field study,Field1,1_NA_8127,1_NA,Zambia,NULL,Zambezi,unknown,Adult,93,9,84,19.1,12.8,5.2,NULL,9.4,5.2,NULL,97,NULL,26.1,NULL,MFZ,NULL,NULL
Phyllastrephus cabanisi_63,85476,AVIBASE-24F71192,Phyllastrephus cabanisi,Phyllastrephus cabanisi,Phyllastrephus cabanisi,NULL,field study,Field1,1_NA_8128,1_NA,Zambia,NULL,Zambezi,unknown,Adult,85,12,73,15.9,10.7,4.3,NULL,8.9,4.5,NULL,83,NULL,24.4,NULL,MFZ,NULL,NULL
Phyllastrephus fischeri_6,85477,AVIBASE-2DA2C52F,Phyllastrephus fischeri,Phyllastrephus fischeri,Phyllastrephus fischeri,NULL,field study,Field1,1_NA_8129,1_NA,United Republic of Tanzania,NULL,East Usambara Mountains,unknown,Adult,85,11,74,23.5,13.6,3.5,NULL,12.3,4.4,NULL,89,NULL,22,NULL,MNC,NULL,NULL
Phyllastrephus fischeri_7,85478,AVIBASE-2DA2C52F,Phyllastrephus fischeri,Phyllastrephus fischeri,Phyllastrephus fischeri,NULL,field study,Field1,1_NA_8130,1_NA,United Republic of Tanzania,NULL,East Usambara Mountains,unknown,Adult,75,10,65,18.5,10.8,3.7,NULL,11,4.3,NULL,80,NULL,22.8,NULL,MNC,NULL,NULL
Phyllastrephus fischeri_8,85479,AVIBASE-2DA2C52F,Phyllastrephus fischeri,Phyllastrephus fischeri,Phyllastrephus fischeri,NULL,field study,Field1,1_NA_8131,1_NA,United Republic of Tanzania,NULL,East Usambara Mountains,unknown,Adult,87,15,72,22,13,3.8,NULL,11.1,4.8,NULL,90,NULL,22.1,NULL,MNC,NULL,NULL
Phyllastrephus fischeri_9,85480,AVIBASE-2DA2C52F,Phyllastrephus fischeri,Phyllastrephus fischeri,Phyllastrephus fischeri,NULL,field study,Field1,1_NA_8132,1_NA,United Republic of Tanzania,NULL,East Usambara Mountains,unknown,Adult,75,14,61,18.5,10.6,4,NULL,11.2,4.3,NULL,82,NULL,23.5,NULL,MNC,NULL,NULL
Phyllastrephus flavostriatus_10,85482,AVIBASE-651384DF,Phyllastrephus flavostriatus,Phyllastrephus flavostriatus,Phyllastrephus flavostriatus,tenuirostris,field study,Field1,1_NA_8134,1_NA,United Republic of Tanzania,NULL,East Usambara Mountains,unknown,Adult,92,13,79,22.3,13.5,4.1,NULL,11.8,4.6,NULL,92,NULL,22.5,NULL,MNC,NULL,NULL
Phyllastrephus flavostriatus_11,85483,AVIBASE-651384DF,Phyllastrephus flavostriatus,Phyllastrephus flavostriatus,Phyllastrephus flavostriatus,tenuirostris,field study,Field1,1_NA_8135,1_NA,United Republic of Tanzania,NULL,East Usambara Mountains,unknown,Adult,86,15,71,20,11.1,4,NULL,11.1,4.4,NULL,86,NULL,23,NULL,MNC,NULL,NULL
Phyllastrephus flavostriatus_12,85484,AVIBASE-651384DF,Phyllastrephus flavostriatus,Phyllastrephus flavostriatus,Phyllastrephus flavostriatus,tenuirostris,field study,Field1,1_NA_8136,1_NA,United Republic of Tanzania,NULL,East Usambara Mountains,unknown,Adult,83,14,69,20,11,3.7,NULL,11.8,4,NULL,81,NULL,22,NULL,MNC,NULL,NULL
Phyllastrephus flavostriatus_13,85485,AVIBASE-651384DF,Phyllastrephus flavostriatus,Phyllastrephus flavostriatus,Phyllastrephus flavostriatus,tenuirostris,field study,Field1,1_NA_8137,1_NA,United Republic of Tanzania,NULL,East Usambara Mountains,unknown,Adult,90,15,75,21.9,12.3,4.3,NULL,12.1,4.7,NULL,90,NULL,23.6,NULL,MNC,NULL,NULL
Phyllastrephus flavostriatus_14,85486,AVIBASE-651384DF,Phyllastrephus flavostriatus,Phyllastrephus flavostriatus,Phyllastrephus flavostriatus,tenuirostris,field study,Field1,1_NA_8138,1_NA,United Republic of Tanzania,NULL,East Usambara Mountains,unknown,Adult,84,11,73,20.8,11.7,4.2,NULL,11.7,4,NULL,86,NULL,21.6,NULL,MNC,NULL,NULL
Phyllastrephus flavostriatus_15,85487,AVIBASE-651384DF,Phyllastrephus flavostriatus,Phyllastrephus flavostriatus,Phyllastrephus flavostriatus,tenuirostris,field study,Field1,1_NA_8139,1_NA,United Republic of Tanzania,NULL,West Usambara Mountains,unknown,Adult,80,12,68,20.8,11.5,3.8,NULL,10.3,4.3,NULL,81,NULL,21.5,NULL,MNC,NULL,NULL
Phyllastrephus flavostriatus_9,85481,AVIBASE-651384DF,Phyllastrephus flavostriatus,Phyllastrephus flavostriatus,Phyllastrephus flavostriatus,tenuirostris,field study,Field1,1_NA_8133,1_NA,United Republic of Tanzania,NULL,East Usambara Mountains,unknown,Adult,92,14,78,23,13.3,4.8,NULL,11.8,4.4,NULL,92,NULL,23.3,NULL,MNC,NULL,NULL
Phyllastrephus icterinus_10,85492,AVIBASE-DD741082,Phyllastrephus icterinus,Phyllastrephus icterinus,Phyllastrephus icterinus,NULL,field study,Field1,1_NA_8144,1_NA,Equatorial Guinea,NULL,Oyala,unknown,Adult,74,NULL,NULL,NULL,NULL,NULL,NULL,NULL,NULL,NULL,69,NULL,NULL,NULL,SAL,NULL,NULL
Phyllastrephus icterinus_11,85494,AVIBASE-DD741082,Phyllastrephus icterinus,Phyllastrephus icterinus,Phyllastrephus icterinus,NULL,field study,Field1,1_NA_8146,1_NA,Equatorial Guinea,NULL,Oyala,unknown,Adult,75,NULL,NULL,NULL,NULL,NULL,NULL,NULL,NULL,NULL,71,NULL,NULL,NULL,SAL,NULL,NULL
Phyllastrephus icterinus_12,85495,AVIBASE-DD741082,Phyllastrephus icterinus,Phyllastrephus icterinus,Phyllastrephus icterinus,NULL,field study,Field1,1_NA_8147,1_NA,Equatorial Guinea,NULL,Oyala,unknown,Adult,70,NULL,NULL,NULL,NULL,NULL,NULL,NULL,NULL,NULL,73,NULL,NULL,NULL,SAL,NULL,NULL
Phyllastrephus icterinus_13,85489,AVIBASE-DD741082,Phyllastrephus icterinus,Phyllastrephus icterinus,Phyllastrephus icterinus,NULL,field study,Field1,1_NA_8141,1_NA,Equatorial Guinea,NULL,Oyala,unknown,Adult,65,NULL,NULL,NULL,NULL,NULL,NULL,NULL,NULL,NULL,72,NULL,NULL,NULL,SAL,NULL,NULL
Phyllastrephus icterinus_14,85499,AVIBASE-DD741082,Phyllastrephus icterinus,Phyllastrephus icterinus,Phyllastrephus icterinus,NULL,field study,Field1,1_NA_8151,1_NA,Equatorial Guinea,NULL,Oyala,female,Adult,79,NULL,NULL,NULL,NULL,NULL,NULL,NULL,NULL,NULL,62,NULL,NULL,NULL,SAL,NULL,NULL
Phyllastrephus icterinus_15,85491,AVIBASE-DD741082,Phyllastrephus icterinus,Phyllastrephus icterinus,Phyllastrephus icterinus,NULL,field study,Field1,1_NA_8143,1_NA,Equatorial Guinea,NULL,Oyala,unknown,Adult,73,NULL,NULL,NULL,NULL,NULL,NULL,NULL,NULL,NULL,70,NULL,NULL,NULL,SEM,NULL,NULL
Phyllastrephus icterinus_16,85493,AVIBASE-DD741082,Phyllastrephus icterinus,Phyllastrephus icterinus,Phyllastrephus icterinus,NULL,field study,Field1,1_NA_8145,1_NA,Equatorial Guinea,NULL,Oyala,unknown,Adult,73,NULL,NULL,NULL,NULL,NULL,NULL,NULL,NULL,NULL,66,NULL,NULL,NULL,SEM,NULL,NULL
Phyllastrephus icterinus_17,85496,AVIBASE-DD741082,Phyllastrephus icterinus,Phyllastrephus icterinus,Phyllastrephus icterinus,NULL,field study,Field1,1_NA_8148,1_NA,Equatorial Guinea,NULL,Oyala,unknown,Adult,72,NULL,NULL,NULL,NULL,NULL,NULL,NULL,NULL,NULL,68,NULL,NULL,NULL,SEM,NULL,NULL
Phyllastrephus icterinus_18,85498,AVIBASE-DD741082,Phyllastrephus icterinus,Phyllastrephus icterinus,Phyllastrephus icterinus,NULL,field study,Field1,1_NA_8150,1_NA,Equatorial Guinea,NULL,Oyala,unknown,Adult,75,NULL,NULL,NULL,NULL,NULL,NULL,NULL,NULL,NULL,72,NULL,NULL,NULL,SEM,NULL,NULL
Phyllastrephus icterinus_19,85490,AVIBASE-DD741082,Phyllastrephus icterinus,Phyllastrephus icterinus,Phyllastrephus icterinus,NULL,field study,Field1,1_NA_8142,1_NA,Equatorial Guinea,NULL,Oyala,unknown,Adult,67,NULL,NULL,NULL,NULL,NULL,NULL,NULL,NULL,NULL,63,NULL,NULL,NULL,SEM,NULL,NULL
Phyllastrephus icterinus_20,85497,AVIBASE-DD741082,Phyllastrephus icterinus,Phyllastrephus icterinus,Phyllastrephus icterinus,NULL,field study,Field1,1_NA_8149,1_NA,Equatorial Guinea,NULL,Oyala,unknown,Adult,68,NULL,NULL,NULL,NULL,NULL,NULL,NULL,NULL,NULL,60,NULL,NULL,NULL,LLP,NULL,NULL
Phyllastrephus icterinus_21,85505,AVIBASE-DD741082,Phyllastrephus icterinus,Phyllastrephus icterinus,Phyllastrephus icterinus,NULL,field study,Field1,1_NA_8157,1_NA,Ghana,NULL,Dompim,unknown,Adult,81,9,72,15.6,10,5,NULL,12.1,4.2,NULL,75,NULL,24.9,NULL,NNDA,NULL,NULL
Phyllastrephus icterinus_22,85506,AVIBASE-DD741082,Phyllastrephus icterinus,Phyllastrephus icterinus,Phyllastrephus icterinus,NULL,field study,Field1,1_NA_8158,1_NA,Ghana,NULL,Dompim,unknown,Adult,69,6,63,16.7,9.9,3.6,NULL,12,4.4,NULL,65,NULL,21.2,NULL,NNDA,NULL,NULL
Phyllastrephus icterinus_23,85502,AVIBASE-DD741082,Phyllastrephus icterinus,Phyllastrephus icterinus,Phyllastrephus icterinus,NULL,field study,Field1,1_NA_8154,1_NA,Ghana,NULL,Dompim,unknown,Adult,68,NULL,NULL,16.4,10.6,4.4,NULL,8.9,4.5,NULL,63,NULL,19.2,NULL,NNDA,NULL,NULL
Phyllastrephus icterinus_24,85503,AVIBASE-DD741082,Phyllastrephus icterinus,Phyllastrephus icterinus,Phyllastrephus icterinus,NULL,field study,Field1,1_NA_8155,1_NA,Ghana,NULL,Dompim,unknown,Adult,78,10.3,67.7,17.5,11.7,5.1,NULL,10.4,4.5,NULL,68,NULL,18.9,NULL,NNDA,NULL,NULL
Phyllastrephus icterinus_25,85504,AVIBASE-DD741082,Phyllastrephus icterinus,Phyllastrephus icterinus,Phyllastrephus icterinus,NULL,field study,Field1,1_NA_8156,1_NA,Ghana,NULL,Dompim,unknown,Adult,75,11.1,63.9,19,11.4,5.3,NULL,11.6,3.5,NULL,69,NULL,18.8,NULL,NNDA,NULL,NULL
Phyllastrephus icterinus_7,85500,AVIBASE-DD741082,Phyllastrephus icterinus,Phyllastrephus icterinus,Phyllastrephus icterinus,NULL,field study,Field1,1_NA_8152,1_NA,Equatorial Guinea,NULL,Oyala,unknown,Adult,75,NULL,NULL,NULL,NULL,NULL,NULL,NULL,NULL,NULL,NULL,NULL,NULL,NULL,BAK,NULL,NULL
Phyllastrephus icterinus_8,85488,AVIBASE-DD741082,Phyllastrephus icterinus,Phyllastrephus icterinus,Phyllastrephus icterinus,NULL,field study,Field1,1_NA_8140,1_NA,Equatorial Guinea,NULL,Oyala,unknown,Adult,72,NULL,NULL,NULL,NULL,NULL,NULL,NULL,NULL,NULL,70,NULL,NULL,NULL,LLP,NULL,NULL
Phyllastrephus icterinus_9,85501,AVIBASE-DD741082,Phyllastrephus icterinus,Phyllastrephus icterinus,Phyllastrephus icterinus,NULL,field study,Field1,1_NA_8153,1_NA,Equatorial Guinea,NULL,Oyala,unknown,Adult,75,NULL,NULL,NULL,NULL,NULL,NULL,NULL,NULL,NULL,68,NULL,NULL,NULL,PFR,NULL,NULL
Phyllastrephus xavieri_6,85507,AVIBASE-1D1C9EDA,Phyllastrephus xavieri,Phyllastrephus xavieri,Phyllastrephus xavieri,NULL,field study,Field1,1_NA_8159,1_NA,Equatorial Guinea,NULL,Oyala,unknown,Adult,82,NULL,NULL,NULL,NULL,NULL,NULL,NULL,NULL,NULL,79,NULL,NULL,NULL,SAL,NULL,NULL
Phyllastrephus xavieri_7,85509,AVIBASE-1D1C9EDA,Phyllastrephus xavieri,Phyllastrephus xavieri,Phyllastrephus xavieri,NULL,field study,Field1,1_NA_8161,1_NA,Equatorial Guinea,NULL,Oyala,unknown,Adult,76,NULL,NULL,NULL,NULL,NULL,NULL,NULL,NULL,NULL,78,NULL,NULL,NULL,SAL,NULL,NULL
Phyllastrephus xavieri_8,85508,AVIBASE-1D1C9EDA,Phyllastrephus xavieri,Phyllastrephus xavieri,Phyllastrephus xavieri,NULL,field study,Field1,1_NA_8160,1_NA,Equatorial Guinea,NULL,Oyala,unknown,Adult,83,NULL,NULL,NULL,NULL,NULL,NULL,NULL,NULL,NULL,NULL,NULL,NULL,NULL,SEM,NULL,NULL
Pycnonotus aurigaster_10,85994,AVIBASE-E28751A7,Pycnonotus aurigaster,Pycnonotus aurigaster,Pycnonotus aurigaster,unknown,field study,Field1,1_NA_8578,1_NA,Indonesia,NULL,Sulawesi,male,Adult,96,NULL,NULL,20.8,NULL,NULL,NULL,13.4,5,NULL,90,NULL,32.9,NULL,NM,NULL,NULL
Pycnonotus aurigaster_11,85995,AVIBASE-E28751A7,Pycnonotus aurigaster,Pycnonotus aurigaster,Pycnonotus aurigaster,unknown,field study,Field1,1_NA_8579,1_NA,Indonesia,NULL,Sulawesi,unknown,Adult,99,NULL,NULL,21.5,NULL,NULL,NULL,10,4.8,NULL,90,NULL,23.4,NULL,NM,NULL,NULL
Pycnonotus aurigaster_12,85996,AVIBASE-E28751A7,Pycnonotus aurigaster,Pycnonotus aurigaster,Pycnonotus aurigaster,unknown,field study,Field1,1_NA_8580,1_NA,Indonesia,NULL,Sulawesi,unknown,Adult,92,NULL,NULL,19.7,NULL,NULL,NULL,10,4.7,NULL,80,NULL,20.5,NULL,NM,NULL,NULL
Pycnonotus aurigaster_13,85997,AVIBASE-E28751A7,Pycnonotus aurigaster,Pycnonotus aurigaster,Pycnonotus aurigaster,unknown,field study,Field1,1_NA_8581,1_NA,Indonesia,NULL,Sulawesi,female,Adult,96,NULL,NULL,20.4,NULL,NULL,NULL,9.9,4.8,NULL,82,NULL,21.9,NULL,NM,NULL,NULL
Pycnonotus aurigaster_14,85998,AVIBASE-E28751A7,Pycnonotus aurigaster,Pycnonotus aurigaster,Pycnonotus aurigaster,unknown,field study,Field1,1_NA_8582,1_NA,Indonesia,NULL,Sulawesi,unknown,Adult,88.5,NULL,NULL,19.9,NULL,NULL,NULL,9.6,4.4,NULL,79,NULL,21.7,NULL,NM,NULL,NULL
Pycnonotus aurigaster_15,85999,AVIBASE-E28751A7,Pycnonotus aurigaster,Pycnonotus aurigaster,Pycnonotus aurigaster,unknown,field study,Field1,1_NA_8583,1_NA,Indonesia,NULL,Sulawesi,unknown,Adult,93,NULL,NULL,21.6,NULL,3.5,NULL,NULL,4.7,NULL,85,NULL,22.9,NULL,NM,NULL,NULL
Pycnonotus barbatus_26,86007,AVIBASE-6ABDB635,Pycnonotus barbatus,Pycnonotus barbatus,Pycnonotus barbatus,NULL,field study,Field1,1_NA_8591,1_NA,Zambia,NULL,Mayukwayukwa,unknown,Adult,95,NULL,NULL,13.5,8.3,5.3,NULL,9.9,5.4,NULL,90,NULL,24,NULL,CM,NULL,NULL
Pycnonotus barbatus_27,86006,AVIBASE-6ABDB635,Pycnonotus barbatus,Pycnonotus barbatus,Pycnonotus barbatus,NULL,field study,Field1,1_NA_8590,1_NA,Zambia,NULL,Mayukwayukwa,unknown,Adult,94,13,81,17.7,11.7,3.9,NULL,9,5.2,NULL,87,NULL,21.6,NULL,MFZ,NULL,NULL
Pycnonotus barbatus_28,86008,AVIBASE-6ABDB635,Pycnonotus barbatus,Pycnonotus barbatus,Pycnonotus barbatus,NULL,field study,Field1,1_NA_8592,1_NA,Zambia,NULL,Mayukwayukwa,unknown,Adult,93,13,80,16.5,9.6,4.6,NULL,8.7,5.2,NULL,88,NULL,21.2,NULL,MFZ,NULL,NULL
Pycnonotus barbatus_29,86009,AVIBASE-6ABDB635,Pycnonotus barbatus,Pycnonotus barbatus,Pycnonotus barbatus,NULL,field study,Field1,1_NA_8593,1_NA,Zambia,NULL,Mayukwayukwa,unknown,Adult,99,18,81,19.2,10.8,5.3,NULL,8.8,5.6,NULL,89,NULL,21.4,NULL,MFZ,NULL,NULL
Pycnonotus barbatus_30,86010,AVIBASE-6ABDB635,Pycnonotus barbatus,Pycnonotus barbatus,Pycnonotus barbatus,NULL,field study,Field1,1_NA_8594,1_NA,Zambia,NULL,Mayukwayukwa,unknown,Adult,100,18,82,18.2,11,4.9,NULL,8.5,5.2,NULL,91,NULL,21.1,NULL,MFZ,NULL,NULL
Pycnonotus barbatus_31,86001,AVIBASE-6ABDB635,Pycnonotus barbatus,Pycnonotus barbatus,Pycnonotus barbatus,NULL,field study,Field1,1_NA_8585,1_NA,Zambia,NULL,Mayukwayukwa,unknown,Adult,99,19,80,17,10.4,4.3,NULL,7,5.3,NULL,90,NULL,22.8,NULL,MFZ,NULL,NULL
Pycnonotus barbatus_32,86002,AVIBASE-6ABDB635,Pycnonotus barbatus,Pycnonotus barbatus,Pycnonotus barbatus,NULL,field study,Field1,1_NA_8586,1_NA,Zambia,NULL,Mayukwayukwa,female,Adult,93,13,80,21.2,10.1,4.1,NULL,7.8,5.2,NULL,84,NULL,16.5,NULL,MFZ,NULL,NULL
Pycnonotus barbatus_33,86003,AVIBASE-6ABDB635,Pycnonotus barbatus,Pycnonotus barbatus,Pycnonotus barbatus,NULL,field study,Field1,1_NA_8587,1_NA,Zambia,NULL,Mayukwayukwa,unknown,Adult,95,16,79,18.5,9.5,5.9,NULL,9,5.3,NULL,88,NULL,22.4,NULL,MFZ,NULL,NULL
Pycnonotus barbatus_34,86004,AVIBASE-6ABDB635,Pycnonotus barbatus,Pycnonotus barbatus,Pycnonotus barbatus,NULL,field study,Field1,1_NA_8588,1_NA,Zambia,NULL,Mayukwayukwa,unknown,Adult,100,14,86,18.9,10.8,5,NULL,11,5.2,NULL,89,NULL,22.1,NULL,MFZ,NULL,NULL
Pycnonotus barbatus_35,86005,AVIBASE-6ABDB635,Pycnonotus barbatus,Pycnonotus barbatus,Pycnonotus barbatus,NULL,field study,Field1,1_NA_8589,1_NA,Zambia,NULL,Chitokoloki,unknown,Adult,95,13,82,16.2,10.4,4.4,NULL,7,5.2,NULL,91,NULL,21.3,NULL,MFZ,NULL,NULL
Pycnonotus barbatus_36,86011,AVIBASE-6ABDB635,Pycnonotus barbatus,Pycnonotus barbatus,Pycnonotus barbatus,NULL,field study,Field1,1_NA_8595,1_NA,Zambia,NULL,Chitokoloki,unknown,Adult,89,NULL,NULL,18.3,9.8,4.7,NULL,7.6,4.7,NULL,84,NULL,22,NULL,MFZ,NULL,NULL
Pycnonotus barbatus_37,86012,AVIBASE-6ABDB635,Pycnonotus barbatus,Pycnonotus barbatus,Pycnonotus barbatus,NULL,field study,Field1,1_NA_8596,1_NA,Zambia,NULL,Zambezi,unknown,Adult,98,12,86,17.9,10.2,4.2,NULL,8.4,5.2,NULL,88,NULL,22.3,NULL,MFZ,NULL,NULL
Pycnonotus barbatus_38,86013,AVIBASE-6ABDB635,Pycnonotus barbatus,Pycnonotus barbatus,Pycnonotus barbatus,NULL,field study,Field1,1_NA_8597,1_NA,Zambia,NULL,Zambezi,unknown,Adult,89,13,76,18.4,10,4.8,NULL,8.7,5,NULL,82,NULL,21.9,NULL,MFZ,NULL,NULL
Pycnonotus barbatus_39,86014,AVIBASE-6ABDB635,Pycnonotus barbatus,Pycnonotus barbatus,Pycnonotus barbatus,NULL,field study,Field1,1_NA_8598,1_NA,Zambia,NULL,Zambezi,unknown,Adult,96,15,81,18.7,10.4,3.9,NULL,8.7,5.1,NULL,89,NULL,20.8,NULL,MFZ,NULL,NULL
Pycnonotus barbatus_40,86015,AVIBASE-6ABDB635,Pycnonotus barbatus,Pycnonotus barbatus,Pycnonotus barbatus,NULL,field study,Field1,1_NA_8599,1_NA,Zambia,NULL,Zambezi,unknown,Adult,95,16,79,16.5,9.2,4,NULL,9.3,5.1,NULL,87,NULL,21.9,NULL,MFZ,NULL,NULL
Pycnonotus barbatus_41,86016,AVIBASE-6ABDB635,Pycnonotus barbatus,Pycnonotus barbatus,Pycnonotus barbatus,NULL,field study,Field1,1_NA_8600,1_NA,Zambia,NULL,Zambezi,unknown,Adult,95,15,80,15.4,9.4,4.1,NULL,8.6,5.2,NULL,89,NULL,19.8,NULL,MFZ,NULL,NULL
Pycnonotus barbatus_42,86017,AVIBASE-6ABDB635,Pycnonotus barbatus,Pycnonotus barbatus,Pycnonotus barbatus,NULL,field study,Field1,1_NA_8601,1_NA,Zambia,NULL,Zambezi,unknown,Adult,98,13,85,17.1,9.6,3.9,NULL,9.4,5.8,NULL,91,NULL,22.3,NULL,MFZ,NULL,NULL
Pycnonotus barbatus_43,86018,AVIBASE-6ABDB635,Pycnonotus barbatus,Pycnonotus barbatus,Pycnonotus barbatus,NULL,field study,Field1,1_NA_8602,1_NA,Zambia,NULL,Mayukwayukwa,unknown,Adult,96,15,81,17.5,9.1,3.6,NULL,8.1,4.6,NULL,88,NULL,23,NULL,MFZ,NULL,NULL
Pycnonotus barbatus_44,86000,AVIBASE-6ABDB635,Pycnonotus barbatus,Pycnonotus barbatus,Pycnonotus barbatus,NULL,field study,Field1,1_NA_8584,1_NA,Ghana,NULL,Ahokwa,unknown,Adult,92,NULL,NULL,18.3,10.7,5.7,NULL,11.2,5.3,NULL,83,NULL,21.9,NULL,NNDA,NULL,NULL
Pycnonotus brunneus_6,86019,AVIBASE-9B937C26,Pycnonotus brunneus,Pycnonotus brunneus,Pycnonotus brunneus,NULL,field study,Field1,1_NA_8603,1_NA,Malaysia,NULL,"Danum Valley, Sabah, Borneo",unknown,Adult,85,8,77,15.4,10.6,5.2,NULL,NULL,5.6,NULL,NULL,NULL,20.9,NULL,JAT,NULL,NULL
Pycnonotus brunneus_7,86020,AVIBASE-9B937C26,Pycnonotus brunneus,Pycnonotus brunneus,Pycnonotus brunneus,NULL,field study,Field1,1_NA_8604,1_NA,Malaysia,NULL,"Danum Valley, Sabah, Borneo",unknown,Adult,77,12.6,64.4,NULL,8,4.4,NULL,NULL,4,NULL,NULL,NULL,18.2,NULL,JAT,NULL,NULL
Pycnonotus goiavier_10,86021,AVIBASE-E6413C7F,Pycnonotus goiavier,Pycnonotus goiavier,Pycnonotus goiavier,NULL,field study,Field1,1_NA_8605,1_NA,Malaysia,NULL,"Danum Valley, Sabah, Borneo",unknown,Adult,88,12.2,75.8,16.9,10.5,4.4,NULL,NULL,5,NULL,NULL,NULL,24.1,NULL,JAT,NULL,NULL
Pycnonotus plumosus_10,86022,AVIBASE-09CBDAE2,Pycnonotus plumosus,Pycnonotus plumosus,Pycnonotus plumosus,NULL,field study,Field1,1_NA_8606,1_NA,Malaysia,NULL,"Danum Valley, Sabah, Borneo",unknown,Adult,88,12.2,75.8,16.9,10.5,4.4,NULL,NULL,5,NULL,NULL,NULL,24.1,NULL,JAT,NULL,NULL
Pycnonotus plumosus_11,86023,AVIBASE-09CBDAE2,Pycnonotus plumosus,Pycnonotus plumosus,Pycnonotus plumosus,NULL,field study,Field1,1_NA_8607,1_NA,Malaysia,NULL,"Danum Valley, Sabah, Borneo",unknown,Adult,83,7.2,75.8,15.4,10.4,6.6,NULL,NULL,5.9,NULL,NULL,NULL,21.1,NULL,JAT,NULL,NULL
Pycnonotus simplex_7,86024,AVIBASE-12679AF2,Pycnonotus simplex,Pycnonotus simplex,Pycnonotus simplex,SIMPLEX,field study,Field1,1_NA_8608,1_NA,Malaysia,NULL,"East Trail, Borneo",unknown,Adult,71,8.6,62.4,15.7,9.7,3.6,NULL,NULL,4.2,NULL,NULL,NULL,19,NULL,JAT,NULL,NULL
Stelgidillas gracilirostris_10,87049,AVIBASE-5D82C13B,Stelgidillas gracilirostris,Stelgidillas gracilirostris,Andropadus gracilirostris,NULL,field study,Field1,1_NA_9282,1_NA,Equatorial Guinea,NULL,Oyala,female,Adult,66,NULL,NULL,NULL,NULL,NULL,NULL,NULL,NULL,NULL,51,NULL,NULL,NULL,JHW,NULL,NULL
Stelgidillas gracilirostris_11,87048,AVIBASE-5D82C13B,Stelgidillas gracilirostris,Stelgidillas gracilirostris,Andropadus gracilirostris,NULL,field study,Field1,1_NA_9281,1_NA,Equatorial Guinea,NULL,Oyala,male,Adult,77,NULL,NULL,NULL,NULL,NULL,NULL,NULL,NULL,NULL,61,NULL,NULL,NULL,JHW,NULL,NULL
Stelgidillas gracilirostris_12,87050,AVIBASE-5D82C13B,Stelgidillas gracilirostris,Stelgidillas gracilirostris,Andropadus gracilirostris,NULL,field study,Field1,1_NA_9283,1_NA,Equatorial Guinea,NULL,Oyala,male,Adult,76,NULL,NULL,NULL,NULL,NULL,NULL,NULL,NULL,NULL,NULL,NULL,NULL,NULL,JHW,NULL,NULL
Tricholestes criniger_10,88111,AVIBASE-260C7E77,Tricholestes criniger,Tricholestes criniger,Tricholestes criniger,NULL,field study,Field1,1_NA_9941,1_NA,Malaysia,NULL,"Danum Valley, Sabah, Borneo",unknown,Adult,76,10.9,65.1,NULL,10.1,3.8,NULL,NULL,4.1,NULL,NULL,NULL,16.5,NULL,JAT,NULL,NULL
Tricholestes criniger_8,88112,AVIBASE-260C7E77,Tricholestes criniger,Tricholestes criniger,Tricholestes criniger,NULL,field study,Field1,1_NA_9942,1_NA,Malaysia,NULL,"Danum Valley, Sabah, Borneo",unknown,Adult,73,9,64,15,10.5,3.5,NULL,NULL,4,NULL,NULL,NULL,17.2,NULL,JAT,NULL,NULL
Tricholestes criniger_9,88113,AVIBASE-260C7E77,Tricholestes criniger,Tricholestes criniger,Tricholestes criniger,NULL,field study,Field1,1_NA_9943,1_NA,Malaysia,NULL,"Danum Valley, Sabah, Borneo",unknown,Adult,NULL,10.6,NULL,NULL,10.1,3.8,NULL,NULL,4,NULL,NULL,NULL,15.5,NULL,JAT,NULL,NULL