COMMON_NAME,area_square_miles
Emerald-chinned Hummingbird,55834.13008
Rufous-faced Warbler,658166.2546
Black-faced Warbler,351049.0522
Yellow-bellied Warbler,962717.1711
Spiny-cheeked Honeyeater,2307554.129
Common Redpoll,5222599.28
Rifleman,58881.79328
Inland Thornbill,1592382.549
Yellow-rumped Thornbill,1772570.013
Gray Thornbill,48073.31663
Tasmanian Thornbill,26274.32786
Western Thornbill,53052.57152
Slender-billed Thornbill,381131.8713
Mountain Thornbill,22469.53294
Striated Thornbill,403018.2834
Papuan Thornbill,32101.26943
Yellow Thornbill,780469.5488
Brown Thornbill,436995.6318
Buff-rumped Thornbill,711746.0618
Slaty-backed Thornbill,796080.4722
Chestnut-rumped Thornbill,1848969.757
Western Spinebill,70354.6474
Eastern Spinebill,294788.7034
Scrubtit,17387.07696
Pied Goshawk,14463.78774
Shikra,8010562.769
Bicolored Hawk,5524981.185
New Britain Sparrowhawk,13737.72522
Nicobar Sparrowhawk,126.5779864
Chestnut-flanked Sparrowhawk,809421.4773
Collared Sparrowhawk,2119165.811
Semicollared Hawk,97785.85233
Cooper's Hawk,2331412.923
Rufous-necked Sparrowhawk,18590.85777
Red-thighed Sparrowhawk,1507649.456
Brown Goshawk,3158377.11
Frances's Sparrowhawk,200567.1064
Sulawesi Goshawk,54287.61991
Japanese Sparrowhawk,202.9286083
Gundlach's Hawk,12938.77738
New Caledonia Goshawk,6328.028791
Moluccan Goshawk,8796.082838
Henst's Goshawk,167814.5553
Variable Goshawk,306763.5544
Slaty-mantled Goshawk,11125.38152
Madagascar Sparrowhawk,183983.5953
Black-mantled Goshawk,44575.26551
Black Goshawk,3500807.953
Meyer's Goshawk,103916.7617
Little Sparrowhawk,2623313.351
Small Sparrowhawk,42655.21323
Eurasian Sparrowhawk,3309528.123
Gray Goshawk,697709.3829
Ovambo Sparrowhawk,2816903.42
Gray-headed Goshawk,259266.6063
Gray-bellied Hawk,2305908.789
New Britain Goshawk,4459.311581
Vinous-breasted Sparrowhawk,56384.88443
Fiji Goshawk,6788.07736
Rufous-chested Sparrowhawk,291913.9811
Chinese Sparrowhawk,46854.12809
Sharp-shinned Hawk,3926398.695
Red-chested Goshawk,1775340.283
Spot-tailed Goshawk,46424.27022
Crested Goshawk,1299780.19
Besra,1698235.408
Rockrunner,163568.0244
Collared Myna,126722.9993
Vinous-breasted Starling,126437.1664
Pale-bellied Myna,7747.445625
Crested Myna,1186588.004
Jungle Myna,930937.8186
Bank Myna,633723.8924
Great Myna,659127.6462
Javan Myna,50512.05977
Black-winged Starling,14.94227487
Common Myna,3305632.305
Pink-legged Graveteiro,1424.533989
Kiritimati Reed Warbler,177.8508703
Tuamotu Reed Warbler,235.9680125
Australian Reed Warbler,2070935.153
Cape Verde Swamp Warbler,511.3727355
Tahiti Reed Warbler,103.0809954
Blunt-winged Warbler,21598.09388
Millerbird,0.599994787
Lesser Swamp Warbler,1857135.136
Saipan Reed Warbler,52.0875502
Cook Islands Reed Warbler,26.81368705
Moustached Warbler,188269.4675
Southern Marquesan Reed Warbler,229.1377774
Madagascar Swamp Warbler,228231.8557
Northern Marquesan Reed Warbler,184.7146488
Nauru Reed Warbler,7.064791214
Rimitara Reed Warbler,2.642595614
Rodrigues Warbler,1.054880183
Greater Swamp Warbler,540577.2481
Eurasian Reed Warbler,2495885.039
Seychelles Warbler,0.167552216
Clamorous Reed Warbler,859556.8269
Caroline Reed Warbler,217.0593475
Henderson Island Reed Warbler,15.87337234
Pitcairn Reed Warbler,1.851500486
Ocellated Tapaculo,43595.36761
Vulturine Guineafowl,473616.3102
Moustached Kingfisher,2464.47163
Rufous-collared Kingfisher,395532.9435
Blue-capped Kingfisher,9542.181286
Spotted Kingfisher,41166.35182
Green-backed Kingfisher,27895.69963
Scaly-breasted Kingfisher,38988.58683
Rusty-fronted Barwing,101293.034
Spectacled Barwing,22438.63712
Black-crowned Barwing,4037.37701
Spotted Sandpiper,36721.56852
African Jacana,6559246.586
Madagascar Jacana,43650.57478
Speckled Hummingbird,239466.9144
Clark's Grebe,317382.0173
Western Grebe,178688.4313
Long-tailed Tit,7045290.036
Black-throated Tit,1080117.797
Sooty Tit,83684.50397
Silver-throated Tit,692809.5034
Black-browed Tit,26332.48619
White-cheeked Tit,66242.7579
Great Iora,647070.9301
White-tailed Iora,275790.6338
Common Iora,2454057.342
Green Iora,428419.7374
Northern Saw-whet Owl,2205749.789
Boreal Owl,9110453.602
Buff-fronted Owl,424150.8772
Unspotted Saw-whet Owl,16985.6169
Vogelkop Owlet-nightjar,442.7379856
Mountain Owlet-nightjar,36752.16064
Archbold's Owlet-nightjar,17368.30875
Barred Owlet-nightjar,76491.58411
Moluccan Owlet-nightjar,7900.895175
Australian Owlet-nightjar,2974043.654
Feline Owlet-nightjar,64869.19672
New Caledonian Owlet-nightjar,4.143546239
Starry Owlet-nightjar,1414.713078
Cinereous Vulture,2906424.255
Wattled Brushturkey,74795.76736
Mariana Swiftlet,267.2671151
Himalayan Swiftlet,844286.3963
Seychelles Swiftlet,79.23610758
Mascarene Swiftlet,1705.923711
White-nest Swiftlet,635256.5346
Mountain Swiftlet,225336.7079
Halmahera Swiftlet,70489.31079
Caroline Islands Swiftlet,209.8559013
Polynesian Swiftlet,420.8890617
Black-nest Swiftlet,408198.8429
Philippine Swiftlet,98073.98255
Bare-legged Swiftlet,140867.0951
Mayr's Swiftlet,1693.399417
Three-toed Swiftlet,63130.78932
Palau Swiftlet,175.4629795
Mossy-nest Swiftlet,186510.2454
Atiu Swiftlet,10.23959261
White-rumped Swiftlet,52689.63687
Australian Swiftlet,33076.08525
Indian Swiftlet,96075.09372
Uniform Swiftlet,468147.4025
Volcano Swiftlet,3085.152034
Whitehead's Swiftlet,4518.86218
Andean Swift,344135.3561
White-tipped Swift,325367.4278
White-throated Swift,873281.2211
Crested Auklet,73899.75803
Parakeet Auklet,88095.68827
Least Auklet,12465.69159
Whiskered Auklet,49596.4224
Handsome Sunbird,105513.3342
Apo Sunbird,2883.90568
Fork-tailed Sunbird,13049.5433
Elegant Sunbird,214.8769445
White-flanked Sunbird,2633.567006
Flaming Sunbird,39975.26862
Gould's Sunbird,1375444.715
Maroon-naped Sunbird,9629.406875
Fire-tailed Sunbird,226352.795
Lina's Sunbird,783.929911
Magnificent Sunbird,11916.209
Javan Sunbird,48390.39861
Green-tailed Sunbird,390353.4305
Gray-hooded Sunbird,4649.035512
Metallic-winged Sunbird,81439.44778
Black-throated Sunbird,648551.6697
Lovely Sunbird,5078.149576
Crimson Sunbird,1896352.971
Temminck's Sunbird,229061.449
Vigors's Sunbird,68682.05336
Gray-headed Lovebird,159402.3316
Fischer's Lovebird,51694.50704
Lilian's Lovebird,81587.71558
Black-cheeked Lovebird,5538.069871
Yellow-collared Lovebird,78596.13792
Red-headed Lovebird,1023467.468
Rosy-faced Lovebird,175914.69
Black-collared Lovebird,577169.9315
Black-winged Lovebird,157425.7158
Grayish Baywing,1442038.683
Pale Baywing,392861.2389
Red-shouldered Blackbird,1574.197962
Tawny-shouldered Blackbird,42700.96038
Red-winged Blackbird,3214532.872
Tricolored Blackbird,41841.72916
Yellow-shouldered Blackbird,100.963631
White-breasted Guineafowl,26545.7026
Black Guineafowl,295093.5842
Unicolored Blackbird,1108632.01
Yellow-winged Blackbird,859495.6707
Pale-eyed Blackbird,3741.518988
Shining Sunbeam,86815.82585
Black-hooded Sunbeam,6393.208511
Venezuelan Sylph,1603.768962
Violet-tailed Sylph,10834.01063
Long-tailed Sylph,103377.9665
Blanford's Rosefinch,379274.5371
Chat Flycatcher,558604.9093
Pale Flycatcher,3517633.751
Great Shrike-Tyrant,228923.4797
Gray-bellied Shrike-Tyrant,405356.2644
Black-billed Shrike-Tyrant,777317.0558
Lesser Shrike-Tyrant,62353.68078
White-eared Catbird,144654.3728
Green Catbird,80631.65336
Black-eared Catbird,64608.22035
Oaxaca Sparrow,11570.73714
Rufous-crowned Sparrow,457446.7064
Mandarin Duck,156301.8852
Wood Duck,1551093.622
Goeldi's Antbird,132114.1329
White-shouldered Antbird,510154.8297
Greater Hoopoe-Lark,4043179.177
Lesser Hoopoe-Lark,61941.27044
Eurasian Skylark,1646484.522
Oriental Skylark,3208219.976
White-winged Lark,199843.8627
Razo Skylark,0.740168011
Sand Lark,486499.7695
Lesser Short-toed Lark,2744244.622
Somali Short-toed Lark,78422.96517
Small Blue Kingfisher,84388.51303
Blue-banded Kingfisher,48403.72287
Blyth's Kingfisher,269567.1743
Blue-eared Kingfisher,1411271.366
Shining-blue Kingfisher,1804759.952
Half-collared Kingfisher,1337349.883
Brown Fulvetta,295257.4123
Black-browed Fulvetta,89206.80076
Morrison's Fulvetta,1198405.433
Nepal Fulvetta,135466.8696
Mountain Fulvetta,57191.16096
Brown-cheeked Fulvetta,781455.78
Javan Fulvetta,9594.28248
Rufous-naped Bellbird,58179.4117
Barbary Partridge,525177.2181
Chukar,3993568.757
Rock Partridge,207914.2687
Arabian Partridge,135819.9829
Red-legged Partridge,368220.9226
Madagascar Blue-Pigeon,120353.175
Seychelles Blue-Pigeon,94.02963827
Comoro Blue-Pigeon,855.9850404
Strange-tailed Tyrant,38134.49063
Cock-tailed Tyrant,404525.783
Australian Brushturkey,248197.1025
Fire-crested Alethe,173087.525
Yellow-faced Parrot,730816.685
Moluccan King-Parrot,57521.1327
Papuan King-Parrot,125055.9499
Australian King-Parrot,313303.4524
Dovekie,26760.71573
Scaly-breasted Thrasher,2045.440481
Bronze Ground-Dove,64574.11378
Palau Ground-Dove,175.470772
Polynesian Ground-Dove,18.47457799
Wetar Ground-Dove,10792.00973
Caroline Islands Ground-Dove,164.8093407
Marquesas Ground-Dove,3.790270372
Shy Ground-Dove,8189.068874
White-throated Ground-Dove,436.362731
Gray-cheeked Bulbul,33648.2312
Finsch's Bulbul,301084.464
White-throated Bulbul,216131.0688
Gray-throated Bulbul,5262.093173
Ochraceous Bulbul,157173.7686
Puff-throated Bulbul,535971.1308
Yellow-bellied Bulbul,528509.7087
Tawny-headed Swallow,1575778.477
Egyptian Goose,6738458.419
Cut-throat,1292452.449
Lesser Ground-Robin,62203.60039
Greater Ground-Robin,5899.994398
Red Avadavat,1381743.566
Uniform Crake,657496.1493
White-browed Crake,1403863.017
Isabelline Bush-hen,21465.29428
Talaud Bush-hen,325.2621711
Striped Crake,134426.4194
Rufous-tailed Bush-hen,488844.7962
Plain Bush-hen,104701.3176
White-breasted Waterhen,3146076.21
Blue-chested Hummingbird,115294.2532
Amazilia Hummingbird,65397.99976
Berylline Hummingbird,234418.1881
Mangrove Hummingbird,502.6090353
White-chested Emerald,225592.8178
Chestnut-bellied Hummingbird,2626.765756
White-bellied Hummingbird,188726.4573
Indigo-capped Hummingbird,21168.17236
Blue-tailed Hummingbird,29092.83524
Charming Hummingbird,5074.994444
Snowy-bellied Hummingbird,16450.27865
Glittering-throated Emerald,4146764.051
Andean Emerald,95466.35317
Sapphire-spangled Emerald,638104.6877
Plain-bellied Emerald,124501.9118
Honduran Emerald,154.1574329
Purple-chested Hummingbird,25972.65608
Copper-rumped Hummingbird,167865.4357
Versicolored Emerald,1974369.909
Violet-crowned Hummingbird,160456.8073
Green-and-white Hummingbird,11149.85573
Green-fronted Hummingbird,29370.9742
Green-bellied Hummingbird,16577.44463
Turquoise-fronted Parrot,1628572.971
Black-billed Parrot,1001.679505
White-fronted Parrot,210202.7654
Orange-winged Parrot,2848388.952
Red-necked Parrot,28.51624501
Yellow-naped Parrot,49786.45699
Red-lored Parrot,348264.179
Yellow-shouldered Parrot,1516.511896
Red-tailed Parrot,1832.827469
Yellow-billed Parrot,2096.144017
Blue-cheeked Parrot,142848.07
Mealy Parrot,2623011.415
Festive Parrot,266062.9189
Lilac-crowned Parrot,42906.75419
St. Vincent Parrot,16.64061183
Imperial Parrot,23.65951863
Kawall's Parrot,313679.3007
Cuban Parrot,12059.12215
Scaly-naped Parrot,167037.2286
Yellow-crowned Parrot,2558346.654
Yellow-headed Parrot,18579.07565
Red-spectacled Parrot,3207.003864
Red-browed Parrot,1031.874579
Tucuman Parrot,26721.29894
St. Lucia Parrot,54.91012384
Red-crowned Parrot,3029.535223
Puerto Rican Parrot,59.70116337
Yellow-lored Parrot,50733.7236
Brazilian Teal,3377420.365
Golden-fronted Bowerbird,377.7060834
Vogelkop Bowerbird,6230.299577
MacGregor's Bowerbird,53884.98904
Streaked Bowerbird,7135.536001
Grosbeak Weaver,1351330.825
Scarlet-headed Blackbird,610311.667
Yellow-browed Sparrow,1493260.204
Grassland Sparrow,3519449.566
Grasshopper Sparrow,289035.6529
Bar-tailed Lark,2719712.623
Desert Lark,4391868.973
Rufous-tailed Lark,658686.9039
Gray's Lark,71276.96709
Gray-bellied Antbird,22738.47133
See-see Partridge,1157077.526
Sand Partridge,642791.8724
Saltmarsh Sparrow,18194.85348
Seaside Sparrow,65095.7249
Golden-crested Myna,531956.0253
Scaled Fruiteater,77619.8582
Red-crested Cotinga,159629.0295
Chestnut-crested Cotinga,30793.12845
Gray Emutail,112294.8776
Black-throated Sparrow,620070.1137
Five-striped Sparrow,58539.4657
Kalkadoon Grasswren,22512.67182
Gray Grasswren,21600.96889
Carpentarian Grasswren,28784.52298
Eyrean Grasswren,87899.49426
Black Grasswren,12718.77871
Short-tailed Grasswren,16650.75052
Thick-billed Grasswren,118084.376
Dusky Grasswren,252134.1573
Striated Grasswren,352172.5283
Western Grasswren,41924.2222
White-throated Grasswren,2131.289956
Ochre-breasted Foliage-gleaner,613623.4931
Rufous-tailed Foliage-gleaner,1664956.145
Montane Foliage-gleaner,129467.9617
Scaly-throated Foliage-gleaner,83140.74169
Principe Sunbird,56.62299926
Newton's Sunbird,331.4724996
Reichenbach's Sunbird,858038.7671
Dusky-cheeked Foliage-gleaner,185394.3999
White-collared Foliage-gleaner,143908.3075
Juan Fernandez Tit-Tyrant,36.00693799
Yellow-billed Tit-Tyrant,588048.746
Black-crested Tit-Tyrant,18794.62287
Tufted Tit-Tyrant,1018708.407
Pied-crested Tit-Tyrant,40043.44948
Red-headed Weaver,1258022.211
Andaman Teal,1870.129632
Andean Teal,158518.4878
Auckland Islands Teal,16.4094911
White-cheeked Pintail,1155052.007
Bernier's Teal,20631.00657
Cape Teal,1666906.196
Chestnut Teal,1209170.363
Brown Teal,361.5514288
Eaton's Pintail,2898.079544
Red-billed Duck,4155769.804
Yellow-billed Teal,1522114.42
Mottled Duck,536826.953
Yellow-billed Pintail,1608509.493
Sunda Teal,304096.1826
Gray Teal,3265339.524
Laysan Duck,0.586935815
Meller's Duck,81254.35703
Campbell Islands Teal,0.114698312
Mallard,5211675.253
Indian Spot-billed Duck,2018809.584
American Black Duck,289753.0241
African Black Duck,3557383.241
Pacific Black Duck,3415177.466
Yellow-billed Duck,3272893.152
Hawaiian Duck,1614.320041
Eastern Spot-billed Duck,652658.8026
African Openbill,5177495.247
Asian Openbill,818451.5164
Chestnut-winged Hookbill,968404.2968
Hooded Mountain-Toucan,18808.22111
Plate-billed Mountain-Toucan,5540.301087
Black-billed Mountain-Toucan,42483.39564
Tooth-billed Hummingbird,43704.64695
Sombre Greenbul,516813.385
Papuan Whipbird,20623.93335
Horned Screamer,4239459
Anhinga,5593187.08
Oriental Darter,2651321.372
Australasian Darter,2634942.163
African Darter,6940772.056
Scarlet-bellied Mountain-Tanager,37343.40302
Lacrimose Mountain-Tanager,67169.50398
Black-cheeked Mountain-Tanager,3052.852883
Black-chinned Mountain-Tanager,7185.568478
Blue-winged Mountain-Tanager,123416.3815
Glaucous Macaw,0.377636738
Indigo Macaw,2913.591828
Parasitic Weaver,706168.7148
Broad-tipped Hermit,206535.0996
Brown Hornbill,298979.3805
Bushy-crested Hornbill,533559.841
Rusty-cheeked Hornbill,61869.72958
Blue-gray Noddy,13048200.13
Magpie Goose,86236.84217
White-gorgeted Flycatcher,363419.7328
Rufous-browed Flycatcher,60706.32453
Orange-breasted Sunbird,35490.78768
Red Wattlebird,839005.7544
Little Wattlebird,259160.6955
Western Wattlebird,91543.46657
Yellow Wattlebird,18071.44595
New Zealand Bellbird,82189.86738
African Penduline-Tit,1794116.508
Forest Penduline-Tit,461629.6742
Southern Penduline-Tit,659148.0745
Mouse-colored Penduline-Tit,440705.6141
Yellow Penduline-Tit,769574.7051
Sennar Penduline-Tit,932106.5477
Oriental Pied-Hornbill,1724983.24
Malabar Pied-Hornbill,270892.2236
Black Hornbill,308324.4924
Palawan Hornbill,5164.086963
Sulu Hornbill,226.0623551
Antillean Mango,29055.14382
Jamaican Mango,4255.517775
Green-breasted Mango,298869.8676
Veraguan Mango,11754.25267
Green-throated Mango,228364.8683
Green Mango,3387.80726
Anchieta's Sunbird,179662.1882
Violet-tailed Sunbird,671964.5606
Mouse-brown Sunbird,518286.6413
Western Violet-backed Sunbird,2031811.943
Plain-throated Sunbird,836526.7751
Uluguru Violet-backed Sunbird,96776.65917
Eastern Violet-backed Sunbird,747471.9939
Green Sunbird,173028.5296
Red-throated Sunbird,167874.6786
Banded Sunbird,2738.346851
Little Green Sunbird,804382.8151
Plain Sunbird,410059.044
Blue Crane,342216.4827
South Georgia Pipit,234.8771903
Berthelot's Pipit,3198.240123
Paramo Pipit,129742.7572
Short-tailed Pipit,583089.8609
Bush Pipit,300409.5207
Pampas Pipit,239817.6851
African Pipit,3793526.584
Correndera Pipit,1396497.686
Yellow-tufted Pipit,132697.0155
Short-billed Pipit,767395.1255
Alpine Pipit,13343.59327
Hellmayr's Pipit,368215.9305
Olive-backed Pipit,328955.2057
Plain-backed Pipit,3547904.186
Striped Pipit,631320.309
Yellowish Pipit,2795949.438
Malindi Pipit,41846.93917
Ochre-breasted Pipit,69911.40699
Nilgiri Pipit,4460.74531
Australasian Pipit,2501831.044
Woodland Pipit,1305659.087
Long-legged Pipit,363783.7316
Peruvian Pipit,34017.70792
Rock Pipit,54443.43705
Meadow Pipit,350568.5185
Rosy Pipit,475639.3275
Paddyfield Pipit,2824978.858
Long-billed Pipit,2437074.937
Sokoke Pipit,874.5743189
Water Pipit,233704.5482
Upland Pipit,179625.1449
Buffy Pipit,1719124.4
Sarus Crane,700693.8314
Sandhill Crane,37783.52003
Brolga,1374465.425
Araripe Manakin,9.354755709
Helmeted Manakin,756913.9353
Mexican Whip-poor-will,246808.0492
Chuck-will's-widow,49512.10514
Greater Antillean Nightjar,42175.49846
Puerto Rican Nightjar,112.7178175
Buff-collared Nightjar,141682.9072
Rufous Nightjar,2081733.954
Tawny-collared Nightjar,44670.39869
Silky-tailed Nightjar,450622.9977
Forbes's Blackbird,43.37318798
Firewood-gatherer,1130762.443
Snow Mountain Quail,3853.270263
Brown-headed Apalis,238695.2809
Kungwe Apalis,15898.32323
Bamenda Apalis,2502.298015
Masked Apalis,55900.76131
Chapin's Apalis,22324.62734
White-winged Apalis,7566.692922
Gray Apalis,168015.2568
Yellow-breasted Apalis,1884351.856
Gosling's Apalis,300047.9635
Black-throated Apalis,208883.4352
Karamoja Apalis,8936.48775
Black-headed Apalis,145111.5639
Black-capped Apalis,322691.5796
Black-faced Apalis,40769.06931
Chestnut-throated Apalis,56964.04272
Rudd's Apalis,64626.13195
Buff-throated Apalis,1060727.778
Sharpe's Apalis,149162.5914
Bar-throated Apalis,474709.419
Bare-cheeked Trogon,245694.245
Narina Trogon,4220861.346
Bar-tailed Trogon,187607.3461
Bonin White-eye,9.22700047
Black-billed Flycatcher,70953.5427
Sombre Hummingbird,555328.5672
Southern Whiteface,1444458.981
Banded Whiteface,625217.1087
Chestnut-breasted Whiteface,89223.8225
California Scrub-Jay,897011.9272
Florida Scrub-Jay,2676.919397
Transvolcanic Jay,33937.50507
Unicolored Jay,57569.01622
Mexican Jay,186922.4874
Thorn-tailed Rayadito,189703.7847
Kerguelen Petrel,23202336.84
Samoan Starling,1190.259639
Singing Starling,317665.5947
Rarotonga Starling,12.02402503
Tanimbar Starling,1330.299587
Makira Starling,1286.462386
Atoll Starling,37.39008874
Brown-winged Starling,12023.34151
Rennell Starling,208.1230347
Long-tailed Starling,1105.503201
Metallic Starling,296201.6114
Short-tailed Starling,125832.7701
Moluccan Starling,24865.93145
Yellow-eyed Starling,31985.91309
Micronesian Starling,779.530738
Asian Glossy Starling,828251.2918
Pohnpei Starling,23.73976023
Striated Starling,6927.280979
Polynesian Starling,9017.739916
Rusty-winged Starling,3498.235393
Yapacana Antbird,16455.0014
Red-winged Parrot,1059094.676
Olive-shouldered Parrot,10882.32808
Southern Brown Kiwi,3806.175254
Great Spotted Kiwi,3305.527852
North Island Brown Kiwi,14551.9849
Little Spotted Kiwi,13.57852838
Okarito Brown Kiwi,92.43060546
Little Swift,7981346.518
Alexander's Swift,1020.393573
African Swift,235541.6863
Bates's Swift,115544.4825
Forbes-Watson's Swift,28239.91339
Bradfield's Swift,340672.4935
White-rumped Swift,4136649.164
Horus Swift,789035.0242
Nyanza Swift,114922.4647
House Swift,2227032.5
Pacific Swift,913393.512
Pallid Swift,134780.2959
Plain Swift,3198.280374
Spanish Eagle,50664.77391
Cassin's Hawk-Eagle,740635.4834
Wedge-tailed Eagle,2965115.07
Bonelli's Eagle,2201345.2
Gurney's Eagle,232359.2069
Imperial Eagle,170479.4855
Tawny Eagle,6784576.972
African Hawk-Eagle,4796637.841
Verreaux's Eagle,1552185.988
Great Green Macaw,41811.41337
Blue-and-yellow Macaw,3003886.77
Red-and-green Macaw,3127888.97
Blue-throated Macaw,10730.6364
Scarlet Macaw,2608293.655
Military Macaw,108796.5734
Red-fronted Macaw,2867.196331
Chestnut-fronted Macaw,2248838.846
Streaky-breasted Spiderhunter,135127.4733
Yellow-eared Spiderhunter,477741.4524
Naked-faced Spiderhunter,70761.14161
Thick-billed Spiderhunter,347375.8619
Pale Spiderhunter,4688.62675
Orange-tufted Spiderhunter,46619.90539
Spectacled Spiderhunter,450567.6246
Whitehead's Spiderhunter,11398.65858
Little Spiderhunter,1357050.784
Streaked Spiderhunter,766264.3336
Gray-breasted Spiderhunter,442677.9137
Long-billed Spiderhunter,243575.1928
Rufous-necked Wood-Rail,152097.1488
Gray-cowled Wood-Rail,5239023.787
Red-winged Wood-Rail,242276.0036
Little Wood-Rail,299001.9347
Slaty-breasted Wood-Rail,358562.1279
Brown Wood-Rail,46200.97935
Giant Wood-Rail,1410306.662
Snoring Rail,32095.14993
Limpkin,4703494.347
Golden-capped Parakeet,25189.8717
Jandaya Parakeet,584704.9345
Sulphur-breasted Parakeet,7708.414523
Nanday Parakeet,100214.1354
Sun Parakeet,37211.47585
Dusky-headed Parakeet,872650.3423
Hainan Partridge,5096.362576
White-cheeked Partridge,116183.61
Bar-backed Partridge,187754.0767
Chestnut-headed Partridge,6922.092378
Malaysian Partridge,6595.554904
Chestnut-necklaced Partridge,43186.82307
Scaly-breasted Partridge,273308.1525
Taiwan Partridge,8791.081754
Orange-necked Partridge,1724.090287
White-necklaced Partridge,153057.2779
Red-breasted Partridge,62169.9702
Chestnut-bellied Partridge,14271.03893
Gray-breasted Partridge,4134.305507
Roll's Partridge,15348.48858
Red-billed Partridge,26823.70574
Sichuan Partridge,2975.814114
Rufous-throated Partridge,480903.3636
Sumatran Partridge,15392.69265
Hill Partridge,278533.6241
Dapple-throat,2467.738035
Archbold's Bowerbird,24945.75726
Great Egret,21740019.21
Gray Heron,11335598.8
Cocoi Heron,5692003.536
Goliath Heron,6885347.913
Great Blue Heron,2732712.378
Humblot's Heron,23627.52687
White-bellied Heron,24290.12964
Intermediate Egret,1253880.633
Black-headed Heron,7361870.106
Pacific Heron,2622036.345
Purple Heron,11005391.14
Great-billed Heron,681274.8861
Buller's Shearwater,42393752.47
Flesh-footed Shearwater,45331599.35
Pink-footed Shearwater,5635294.889
Great Shearwater,24558680.15
Sooty Shearwater,81070796.2
Wedge-tailed Shearwater,46222093.27
Short-tailed Shearwater,43494461.23
Chinese Pond-Heron,246326.4146
Indian Pond-Heron,1268599.618
Madagascar Pond-Heron,213.194019
Squacco Heron,7137244.603
Rufous-bellied Heron,2141346.131
Javan Pond-Heron,235801.5075
Arabian Bustard,1139138.076
Australian Bustard,2593532.414
Kori Bustard,1376808.59
Indian Bustard,174173.1002
Ruddy Turnstone,10994.81215
Great Argus,522984.2887
Shelley's Greenbul,63213.00358
Stripe-cheeked Greenbul,16360.65428
Cameroon Mountain Greenbul,23678.48081
Eastern Mountain-Greenbul,95925.82785
Western Mountain-Greenbul,22969.08873
Black-capped Sparrow,20199.52356
Gray-browed Brushfinch,116918.815
Black-headed Brushfinch,28259.6384
Sierra Nevada Brushfinch,3158.181389
Chestnut-capped Brushfinch,238891.9517
Olive Finch,47394.36924
Costa Rican Brushfinch,1437.570204
Saffron-billed Sparrow,830031.4096
Sao Francisco Sparrow,20498.2717
Perija Brushfinch,2645.135122
Caracas Brushfinch,3980.663701
Paria Brushfinch,3173.421214
Golden-winged Sparrow,72506.14221
Half-collared Sparrow,83064.56097
Pectoral Sparrow,2608295.219
White-browed Brushfinch,43639.92606
Green-striped Brushfinch,30805.53122
Green-backed Sparrow,90463.66171
Black-striped Sparrow,437374.3106
Olive Sparrow,214707.9677
Tocuyo Sparrow,28109.12489
Ochre-collared Monarch,66407.72025
Pied Monarch,10722.29079
Frill-necked Monarch,17269.07098
Frilled Monarch,154196.5005
White-headed Vanga,160362.5172
Black-faced Woodswallow,2866244.325
Dusky Woodswallow,1504678.911
Ashy Woodswallow,1815102.915
Bismarck Woodswallow,14611.23799
Great Woodswallow,96014.61326
Fiji Woodswallow,6664.224831
Little Woodswallow,2503925.44
Ivory-backed Woodswallow,70436.70569
Masked Woodswallow,2895668.482
White-browed Woodswallow,2765510.538
Bell's Sparrow,64413.53924
Sagebrush Sparrow,39147.75577
African Tailorbird,26437.31732
Long-billed Tailorbird,153.2579551
White-headed Marsh Tyrant,3508794.192
White-winged Duck,385993.8144
Gibber Chat,39992.78457
Abyssinian Owl,59457.88774
Marsh Owl,2819519.953
Striped Owl,2765993.087
Madagascar Owl,223902.8969
Long-eared Owl,7946976.112
Stygian Owl,1937173.162
Blue-throated Motmot,38254.44984
Austral Canastero,74317.5553
Ayacucho Thistletail,3913.864504
Short-billed Canastero,666685.3478
Berlepsch's Canastero,812.326318
Ochre-browed Thistletail,3478.852224
Creamy-breasted Canastero,97347.97295
Many-striped Canastero,47469.25594
White-chinned Thistletail,37136.1033
Mouse-colored Thistletail,7302.276145
Black-throated Thistletail,9208.146682
Puna Thistletail,16745.14806
Hudson's Canastero,310127.4697
Streak-throated Canastero,56375.49136
Cipo Canastero,5746.861156
Scribble-tailed Canastero,18917.84941
Cordilleran Canastero,778112.27
Itatiaia Spinetail,15275.23181
Rusty-fronted Canastero,18599.45047
Eye-ringed Thistletail,4438.777414
Canyon Canastero,34442.1112
Sharp-billed Canastero,518406.8781
Vilcabamba Thistletail,5076.582591
Junin Canastero,18032.18019
Streak-backed Canastero,180517.2976
Ribbon-tailed Astrapia,2876.88432
Arfak Astrapia,1436.754899
Huon Astrapia,2576.561898
Splendid Astrapia,16466.78729
Stephanie's Astrapia,21463.25033
Rufous-headed Ground-Roller,8655.809901
Pitta-like Ground-Roller,17725.02725
Spotted Owlet,2012895.005
Burrowing Owl,4245698.61
Little Owl,10321929.33
White-browed Owl,160393.5984
Yellow-throated Greenbul,649885.5132
Inaccessible Island Rail,6.34185597
White-headed Brushfinch,10154.80581
White-naped Brushfinch,108756.4882
Moustached Brushfinch,11989.39993
Antioquia Brushfinch,88.90444389
Cuzco Brushfinch,13601.46402
Yellow-striped Brushfinch,5196.945684
Yellow-headed Brushfinch,7907.243514
Apurimac Brushfinch,7025.449834
Fulvous-headed Brushfinch,29967.92295
Dusky-headed Brushfinch,1711.395337
Yellow-breasted Brushfinch,71705.82318
White-rimmed Brushfinch,4710.541691
White-winged Brushfinch,25167.50364
Santa Marta Brushfinch,1557.070107
Black-faced Brushfinch,23879.88236
Black-spectacled Brushfinch,1189.026524
Rusty-bellied Brushfinch,12766.42677
Pale-headed Brushfinch,0.377802089
Pale-naped Brushfinch,37828.11152
Tepui Brushfinch,38479.94791
Rufous-capped Brushfinch,134729.986
Rufous-eared Brushfinch,8232.321146
Slaty Brushfinch,55498.01569
Bay-crowned Brushfinch,18287.62597
Ochre-breasted Brushfinch,26174.34898
Vilcabamba Brushfinch,1893.082034
Tricolored Brushfinch,16387.04443
Noisy Scrub-bird,63.28561354
Rufous Scrub-bird,6683.498448
Rufous-bellied Seedsnipe,398291.1734
White-bellied Seedsnipe,80887.52839
Wine-throated Hummingbird,36673.8163
Bumblebee Hummingbird,95582.25042
White-banded Swallow,2514666.199
Black-capped Swallow,29063.72048
Dull-capped Attila,1077313.222
Cinnamon Attila,2036683.114
Citron-bellied Attila,597175.8668
Gray-hooded Attila,132212.2855
Bright-rumped Attila,3127399.118
Ochraceous Attila,2154.354568
Hooded Visorbearer,6773.960547
Hyacinth Visorbearer,11063.04381
Southern Emerald-Toucanet,100338.6725
Blue-banded Toucanet,39830.83378
Chestnut-tipped Toucanet,116762.4858
Crimson-rumped Toucanet,69203.36428
Yellow-browed Toucanet,674.232247
Northern Emerald-Toucanet,162222.4794
Groove-billed Toucanet,11668.28604
Tepui Toucanet,64586.62678
Verdin,725755.7459
Olive-backed Foliage-gleaner,1669317.067
Pernambuco Foliage-gleaner,24695.99897
White-eyed Foliage-gleaner,695198.8683
Brown-rumped Foliage-gleaner,258850.2247
Buff-throated Foliage-gleaner,2482201.644
Para Foliage-gleaner,642647.1375
Chestnut-crowned Foliage-gleaner,1683604.361
Striped Woodhaunter,1268230.808
African Cuckoo-Hawk,4090290.494
Jerdon's Baza,615021.9886
Black Baza,760404.3868
Madagascar Cuckoo-Hawk,131551.3125
Pacific Baza,663368.6618
Fiery-tailed Awlbill,977457.9288
Lesser Scaup,65646.49118
Hardhead,2635140.498
Ring-necked Duck,258401.0173
Common Pochard,351521.4624
Tufted Duck,562541.3751
Madagascar Pochard,230.7829609
New Zealand Scaup,62795.61116
Ferruginous Duck,314749.4838
Black-crested Titmouse,286404.0674
Tufted Titmouse,1146607.145
Oak Titmouse,68825.34422
Juniper Titmouse,407802.6117
Bridled Titmouse,205444.6393
Sjöstedt's Greenbul,328185.4668
Honeyguide Greenbul,1652808.217
Shoebill,494972.6393
Black Crowned-Crane,1149394.535
Gray Crowned-Crane,1362502.775
Mountain Bamboo-Partridge,212478.3821
Taiwan Bamboo-Partridge,12094.99511
Chinese Bamboo-Partridge,496125.7785
Blue-and-gold Tanager,3642.663077
Gold-ringed Tanager,463.1823026
Moss-backed Tanager,7347.820825
Black-and-gold Tanager,1540.097888
Golden-chested Tanager,7728.032289
Australian Ringneck,2048437.082
Rufous Motmot,1248760.793
Rufous-capped Motmot,604492.6053
Golden-browed Warbler,129017.9082
Golden-crowned Warbler,201809.259
Rufous-capped Warbler,373608.0585
Three-banded Warbler,11311.57686
Three-striped Warbler,183489.0529
Sulawesi Myna,64976.60658
Long-crested Myna,5969.85993
Helmeted Myna,2798.829379
Giant Antshrike,231660.7623
Black-capped Rufous-Warbler,32497.30381
Black-faced Rufous-Warbler,246355.4202
Cape Batis,161016.794
Dark Batis,16009.10676
Rwenzori Batis,26426.18255
Woodward's Batis,114314.7671
Ituri Batis,103279.9837
Boulton's Batis,40098.59556
Verreaux's Batis,53479.18121
Black-headed Batis,108287.7115
Angola Batis,183265.9032
Short-tailed Batis,22194.93116
Chinspot Batis,2020688.527
West African Batis,198549.3888
Gray-headed Batis,1034729.914
Pygmy Batis,366567.8324
Bioko Batis,600.166317
Pririt Batis,597676.1816
Senegal Batis,1171610.273
Pale Batis,333255.4934
Large Frogmouth,218411.3186
Sunda Frogmouth,332071.9651
Dulit Frogmouth,10618.02215
Hodgson's Frogmouth,46107.16763
Javan Frogmouth,545789.1784
Sri Lanka Frogmouth,42252.44382
Short-tailed Frogmouth,36066.70043
Philippine Frogmouth,97241.06118
White-crowned Hornbill,455246.9174
Point-tailed Palmcreeper,1999717.685
Long-billed Bernieria,172173.8356
Black-and-white Shrike-flycatcher,1444454.961
White-bearded Antshrike,9225.182964
Musk Duck,466268.1275
Gray-headed Bristlebill,422414.5535
Green-tailed Bristlebill,131002.5264
Lesser Bristlebill,260454.6742
Red-tailed Bristlebill,1361992.62
Bay Woodpecker,626564.8983
Maroon Woodpecker,518997.5811
Buff-tailed Coronet,49695.05126
Velvet-purple Coronet,11964.51867
Chestnut-breasted Coronet,49206.74944
Guaiabero,81280.96532
Rufous-fronted Parakeet,1213.667412
Barred Parakeet,107782.664
Andean Parakeet,73791.02566
Bridled Honeyeater,22457.38943
Eungella Honeyeater,2362.755846
Cedar Waxwing,1577127.546
Ruffed Grouse,3116314.413
Sao Tome Ibis,85.27622949
Wattled Ibis,208414.1637
Hadada Ibis,6270887.085
Olive Ibis,309778.2209
Spot-breasted Ibis,1083515.208
American Bittern,100535.5349
Pinnated Bittern,873609.1715
Australasian Bittern,550340.8979
Great Bittern,557056.5277
Bob-tailed Weaver,97437.76531
White-throated Jacamar,254856.6877
Pale-headed Jacamar,51675.78158
Brown Jacamar,1852807.231
Black-headed Bulbul,1146284.684
Andaman Bulbul,1234.080607
Gray-headed Bulbul,38374.07829
Short-legged Ground-Roller,15085.10345
Rusty-bellied Shortwing,16111.28948
Lesser Shortwing,883979.5165
White-browed Shortwing,39790.6963
Marbled Murrelet,510274.9215
Long-billed Murrelet,106581.9193
Böhm's Flycatcher,333476.7387
Dusky-blue Flycatcher,1403386.513
Sooty Flycatcher,1180819.131
Mariqua Flycatcher,637520.0506
Grayish Flycatcher,956720.444
Ussher's Flycatcher,182678.6819
Bamboo Warbler,35310.13328
Little Rush-Warbler,1172946.086
Bangwa Warbler,2675.811098
Barratt's Warbler,87731.75198
Brown Emutail,20223.88402
White-winged Swamp Warbler,44835.57767
Cinnamon Bracken-Warbler,198447.5539
Dja River Swamp Warbler,4806.359008
Grauer's Swamp Warbler,5933.241769
Evergreen-forest Warbler,163775.7373
Knysna Warbler,3407.444318
Canada Goose,1723255.348
Hawaiian Goose,735.1945134
Yellow-chevroned Parakeet,1468573.159
Golden-winged Parakeet,1201598.092
Cobalt-winged Parakeet,991348.5051
Gray-cheeked Parakeet,4807.507912
Tui Parakeet,659101.283
Plain Parakeet,111418.0942
White-winged Parakeet,245409.2382
White-billed Buffalo-Weaver,896126.4961
Red-billed Buffalo-Weaver,1045703.177
Spotted Eagle-Owl,3546352.548
Pharaoh Eagle-Owl,1230461.182
Rock Eagle-Owl,1267745.4
Eurasian Eagle-Owl,12345317.83
Cape Eagle-Owl,735596.1961
Grayish Eagle-Owl,3737411.72
Dusky Eagle-Owl,551724.0023
Verreaux's Eagle-Owl,4362406.186
Akun Eagle-Owl,991465.8017
Spot-bellied Eagle-Owl,920525.312
Fraser's Eagle-Owl,1470761.02
Shelley's Eagle-Owl,508302.6655
Barred Eagle-Owl,546369.1552
Great Horned Owl,9431173.2
Cattle Egret,21040325.51
Trumpeter Finch,2709015.552
Mongolian Finch,1560549.348
Yellow-spotted Barbet,1323254.803
Collared Puffbird,2106144.802
Bufflehead,29899.29111
Great Hornbill,1139605.501
Rufous Hornbill,30294.48584
Rhinoceros Hornbill,562081.7556
Abyssinian Ground-Hornbill,1730567.791
Southern Ground-Hornbill,1879478.718
Buff-banded Bushbird,9956.787188
Wattled Crane,883800.0738
Bulwer's Petrel,45319771.31
Jouanin's Petrel,3122384.572
Yellow-billed Oxpecker,1418035.858
Double-striped Thick-knee,304023.7599
Spotted Thick-knee,4795764.002
Bush Thick-knee,998517.6876
Indian Thick-knee,1510520.038
Eurasian Thick-knee,760238.7305
Senegal Thick-knee,2717190.254
Peruvian Thick-knee,30773.71746
Water Thick-knee,2240480.653
Black-collared Hawk,4951983.733
Rufous-winged Buzzard,524039.6914
White-eyed Buzzard,1504872.326
White-throated Hawk,394527.7645
Zone-tailed Hawk,2255090.821
Augur Buzzard,1513371.79
Red-necked Buzzard,2720165.739
Madagascar Buzzard,228231.8301
Common Buzzard,1793361.52
Galapagos Hawk,2177.428152
Upland Buzzard,2071911.902
Red-tailed Hawk,3292825.642
Eastern Buzzard,122394.6685
Rough-legged Hawk,1023.303374
Red-shouldered Hawk,1074089.891
Gray-lined Hawk,4020331.363
Mountain Buzzard,260504.6358
Gray Hawk,503887.3577
Himalayan Buzzard,159016.3635
Ferruginous Hawk,341452.7785
Ridgway's Hawk,81.17061943
Long-legged Buzzard,1628111.053
Jackal Buzzard,592098.3231
Socotra Buzzard,1398.611304
Hawaiian Hawk,2686.287452
Forest Buzzard,39170.16106
Rufous Crab Hawk,51185.37396
Common Black Hawk,532161.7309
Chaco Eagle,1634744.894
Cuban Black Hawk,5653.199098
White-necked Hawk,54053.64848
Savanna Hawk,4027978.118
Slate-colored Hawk,1406458.743
Solitary Eagle,385407.0605
Great Black Hawk,5068051.602
Hooded Mountain-Tanager,115624.1865
Striated Heron,17194616.03
White-thighed Hornbill,809836.6295
Silvery-cheeked Hornbill,322161.1915
Trumpeter Hornbill,1572669.051
Brown-cheeked Hornbill,184173.4015
Piping Hornbill,313136.9949
Black-and-white-casqued Hornbill,442951.1614
White Cockatoo,8077.410099
Ducorps's Cockatoo,12723.01743
Sulphur-crested Cockatoo,1507739.128
Tanimbar Corella,1587.592928
Philippine Cockatoo,8786.039862
Salmon-crested Cockatoo,7025.206531
Blue-eyed Cockatoo,12482.99998
Western Corella,44433.48435
Little Corella,2045333.063
Yellow-crested Cockatoo,99638.27678
Long-billed Corella,147306.5665
Yellow-rumped Cacique,3308608.999
Mountain Cacique,35166.42311
Golden-winged Cacique,631189.2677
Red-rumped Cacique,3105052.06
Selva Cacique,17530.49978
Band-tailed Cacique,161696.2568
Casqued Cacique,243385.491
Ecuadorian Cacique,113446.7971
Solitary Black Cacique,3394524.206
Scarlet-rumped Cacique,53154.67306
Moluccan Cuckoo,19026.71226
Chestnut-breasted Cuckoo,305375.3388
Fan-tailed Cuckoo,939872.3698
Plaintive Cuckoo,1596705.334
Gray-bellied Cuckoo,501944.1543
Banded Bay Cuckoo,1909726.738
Brush Cuckoo,1430964.289
Muscovy Duck,5478075.889
Rufous Fieldwren,560816.4046
Striated Fieldwren,76325.45464
Barred Wren-Warbler,549314.8773
Gray Wren-Warbler,592796.7327
Miombo Wren-Warbler,623151.0253
Papyrus Yellow-Warbler,26953.56396
Lark Bunting,80790.44949
Blanford's Lark,93226.25123
Greater Short-toed Lark,523342.9707
Red-capped Lark,2213624.544
Fawn-colored Lark,802553.4598
Karoo Lark,109572.5448
Foxy Lark,301631.483
Red Lark,27864.91318
Dune Lark,27306.80998
Pink-breasted Lark,271696.5071
Sabota Lark,999590.5188
Red-tailed Vanga,131833.6188
Red-shouldered Vanga,5100.605601
Dunlin,19578.06046
Purple Sandpiper,31969.74383
Rock Sandpiper,12395.0296
Yellow-faced Honeyeater,562731.5501
Obscure Honeyeater,67054.32104
Black-throated Honeyeater,51223.99582
Spectacled Finch,85312.63179
North Island Kokako,1701.336142
California Quail,419790.3619
Elegant Quail,45903.26804
Gambel's Quail,209325.5945
Scaled Quail,546053.3726
Amethyst Woodstar,3084219.432
Magenta-throated Woodstar,3546.438384
Purple-throated Woodstar,23089.27439
Gang-gang Cockatoo,128747.3774
Ringed Teal,505925.8688
Vermilion Tanager,38282.18371
Nicobar Pigeon,183645.1508
Cory's Shearwater,17772454.41
Cape Verde Shearwater,5716966.636
Streaked Shearwater,12695857.37
Ferruginous Partridge,206229.9866
Brown Barbet,281830.7583
Sooty Barbet,108880.4499
Beautiful Hummingbird,20408.17699
Anna's Hummingbird,190353.5648
Golden Greenbul,507733.7481
Hose's Broadbill,71445.24276
Green Broadbill,562712.9283
Whitehead's Broadbill,36874.65801
Eastern Chat-Tanager,2816.348254
Western Chat-Tanager,2437.925238
Red-tailed Black-Cockatoo,1080685.407
Glossy Black-Cockatoo,297097.5555
Kinglet Calyptura,1.204219007
Green-backed Camaroptera,6150515.765
Olive-green Camaroptera,640550.5801
Yellow-browed Camaroptera,1217842.777
Petit's Cuckooshrike,196479.0151
Red-shouldered Cuckooshrike,1257239.856
Purple-throated Cuckooshrike,530468.7745
Guayaquil Woodpecker,48305.49787
Pale-billed Woodpecker,343186.2361
Crimson-bellied Woodpecker,117912.5216
Cream-backed Woodpecker,416043.8473
Magellanic Woodpecker,152741.6057
Powerful Woodpecker,75555.69351
Robust Woodpecker,728114.1688
Red-necked Woodpecker,2668464.125
Golden-tailed Woodpecker,2485405.112
Bennett's Woodpecker,1725838.564
Green-backed Woodpecker,1476436.773
Brown-eared Woodpecker,1486380.877
Little Green Woodpecker,1780634.466
Mombasa Woodpecker,22269.35384
Buff-spotted Woodpecker,1477159.232
Knysna Woodpecker,36845.08755
Nubian Woodpecker,1251481.097
Fine-spotted Woodpecker,1571575.802
Reichenow's Woodpecker,290229.222
Tullberg's Woodpecker,24211.38919
Golden Cuckooshrike,88749.74325
Northern Beardless-Tyrannulet,513569.2034
Wedge-tailed Sabrewing,110495.5464
Buff-breasted Sabrewing,39682.18396
Lazuline Sabrewing,34043.63818
Violet Sabrewing,121315.8383
Rufous-breasted Sabrewing,15782.02802
Gray-breasted Sabrewing,2514179.851
Rufous Sabrewing,12054.05117
Napo Sabrewing,14094.43458
Black-billed Scythebill,338565.5745
Curve-billed Scythebill,1013969.159
Red-billed Scythebill,2854332.985
White-headed Wren,37184.6727
Cactus Wren,713229.2506
Giant Wren,2402.109758
Fasciated Wren,47034.70509
Bicolored Wren,379528.9926
Spotted Wren,94065.54421
Boucard's Wren,34673.84879
Gray-barred Wren,30945.4878
Stripe-backed Wren,195609.7909
Rufous-naped Wren,2362.37372
Thrush-like Wren,1738732.358
Yucatan Wren,3747.769324
Band-backed Wren,213385.6599
Gray-throated Rail,624190.706
Gray Wren,35048.38827
Fawn-breasted Wren,268729.8184
Stripe-throated Wren,54093.53938
Buff-breasted Wren,3362783.233
Long-billed Wren,583517.2119
Cabanis's Wren,101651.523
Riverside Wren,4969.72918
Superciliated Wren,37391.2178
Stripe-breasted Wren,34865.87066
Canebrake Wren,11563.8509
Gilded Barbet,1204082.86
Scarlet-crowned Barbet,474494.975
Brown-chested Barbet,40865.76991
Black-girdled Barbet,456746.2481
Black-spotted Barbet,427516.2957
Savanna Nightjar,1844336.362
Andaman Nightjar,2600.707566
Indian Nightjar,1561352.878
Jerdon's Nightjar,188303.1242
Sulawesi Nightjar,10068.91747
Slender-tailed Nightjar,473216.0744
Long-tailed Nightjar,2094752.202
Bonaparte's Nightjar,376904.6449
Donaldson-Smith's Nightjar,290184.4823
Golden Nightjar,765045.0352
Square-tailed Nightjar,1990646.999
Sombre Nightjar,209765.8948
Jungle Nightjar,456064.2547
Gray Nightjar,579980.9585
Large-tailed Nightjar,2197567.285
Madagascar Nightjar,228298.561
Philippine Nightjar,103875.8563
Mees's Nightjar,11388.4107
Swamp Nightjar,852432.5821
Nubian Nightjar,252759.7811
Fiery-necked Nightjar,2210426.999
Palau Nightjar,144.7715954
Abyssinian Nightjar,311596.5056
Itombwe Nightjar,835.7727305
Salvadori's Nightjar,11064.64789
Red-necked Nightjar,7775.307089
Rufous-cheeked Nightjar,1184602.884
Nechisar Nightjar,77.23526127
Star-spotted Nightjar,47748.74982
Freckled Nightjar,1759702.76
Yellow Tyrannulet,2210068.202
Crested Caracara,1609673.083
Southern Caracara,3482283.825
Red Warbler,89752.63118
Red-faced Warbler,21796.36041
Northern Cardinal,2252730.525
Vermilion Cardinal,26904.08961
Pyrrhuloxia,586635.7393
European Goldfinch,2387848.276
Citril Finch,74617.62246
Corsican Finch,7890.099485
Red-legged Seriema,2290352.657
White-rumped Kingfisher,12917.07392
Bornean Ground-Cuckoo,180268.5882
Coral-billed Ground-Cuckoo,176563.8955
Sumatran Ground-Cuckoo,9722.855147
Chinese White-browed Rosefinch,342539.0172
Dark-rumped Rosefinch,213729.2198
Taiwan Rosefinch,2912.437799
Himalayan Beautiful Rosefinch,928667.1423
Red-fronted Rosefinch,1345856.993
Red-mantled Rosefinch,1121527.149
Tibetan Rosefinch,75011.8245
Pink-browed Rosefinch,97137.07319
Pallas's Rosefinch,514807.9063
Great Rosefinch,1239743.435
Streaked Rosefinch,655495.6874
Long-tailed Rosefinch,2288799.198
Sillem's Rosefinch,8983.913129
Scarlet Finch,181869.579
Pale Rosefinch,573940.6105
Crimson-browed Finch,305010.4631
Sinai Rosefinch,66708.25806
Himalayan White-browed Rosefinch,114669.497
Three-banded Rosefinch,111812.9917
Vinaceous Rosefinch,464217.3094
Pink-rumped Rosefinch,333772.6371
Yellow-billed Cotinga,846.1932235
Snowy Cotinga,39774.38747
Hooded Berryeater,97190.33691
Black-headed Berryeater,26211.74775
Loetoe Monarch,1465.068797
Golden Monarch,251580.1121
White-eared Monarch,120680.1651
White-naped Monarch,8055.610782
Yellow-green Grosbeak,1023260.614
Black-faced Grosbeak,122399.0649
Ash-throated Casiornis,813553.2162
Rufous Casiornis,1082160.835
Yellow-winged Cacique,89433.74142
Bay-chested Warbling-Finch,29944.26461
Dwarf Cassowary,153083.5436
Northern Cassowary,71563.93137
Plushcap,138445.5456
Band-tailed Seedeater,396803.3362
Paramo Seedeater,109621.0036
Plain-colored Seedeater,309479.5357
Sulawesi Thrush,8962.466623
Whistling Warbler,32.08960468
Turkey Vulture,8366494.451
Lesser Yellow-headed Vulture,3026976.27
Greater Yellow-headed Vulture,2568578.643
Orange-billed Nightingale-Thrush,260234.3156
Spotted Nightingale-Thrush,180017.0524
Ruddy-capped Nightingale-Thrush,108962.7767
Slaty-backed Nightingale-Thrush,120972.3384
Hermit Thrush,171342.8967
Black-headed Nightingale-Thrush,55320.23551
Russet Nightingale-Thrush,161344.338
Canyon Wren,1659533.767
Cheer Pheasant,57400.21164
Lesser Striped Swallow,4287745.694
Greater Striped Swallow,5522.524242
Red-rumped Swallow,3085962.64
Sri Lanka Swallow,25419.84646
Rufous-chested Swallow,1723404.212
Mosque Swallow,4985655.91
Chestnut-colored Woodpecker,153245.3217
Chestnut Woodpecker,2513660.292
Blond-crested Woodpecker,1011320.066
Cream-colored Woodpecker,2379633.596
Scale-breasted Woodpecker,1540609.412
Pale-crested Woodpecker,324912.7027
Kaempfer's Woodpecker,311147.3951
Ochre-backed Woodpecker,578666.4275
Rufous-headed Woodpecker,204011.8652
Ringed Woodpecker,731970.0981
Waved Woodpecker,613414.7807
Gunnison Sage-Grouse,3738.732412
Greater Sage-Grouse,508065.3046
Andaman Coucal,2614.606241
Gabon Coucal,408875.5776
Pied Coucal,15824.31747
Lesser Coucal,2328268.877
Lesser Black Coucal,199560.9655
Bay Coucal,52106.36416
Biak Coucal,975.4881303
Green-billed Coucal,4679.643517
Coppery-tailed Coucal,675803.3344
Goliath Coucal,9809.647601
Black Coucal,3293648.399
Black-throated Coucal,515630.7743
Black-faced Coucal,40967.56943
Greater Black Coucal,249366.7984
Buff-headed Coucal,4257.341318
Blue-headed Coucal,1127473.985
Sunda Coucal,10836.8448
Pheasant Coucal,1029158.378
Short-toed Coucal,426610.408
Senegal Coucal,3813054.968
Greater Coucal,3062313.353
Black-hooded Coucal,269.9289138
White-browed Coucal,2815791.568
Madagascar Coucal,228183.7096
Rufous Coucal,31059.0572
Violaceous Coucal,14948.83414
Philippine Coucal,105747.2497
Amazonian Umbrellabird,2125926.898
Long-wattled Umbrellabird,26785.40519
Spectacled Guillemot,536841.1973
Pigeon Guillemot,371448.4661
Black Guillemot,454265.326
Black-casqued Hornbill,881290.4858
Yellow-casqued Hornbill,191215.0979
Round-tailed Manakin,182526.3415
Scarlet-horned Manakin,133266.9633
Red-capped Manakin,215729.9125
Red-headed Manakin,1309559.938
Sharp-tailed Ibis,152849.8495
Dusky Long-tailed Cuckoo,533958.9081
Barred Long-tailed Cuckoo,283380.5831
Olive Long-tailed Cuckoo,710851.7388
Rio de Janeiro Antbird,49875.87387
Rio Branco Antbird,6638.682037
Gray Antbird,2587411.969
Bananal Antbird,12288.83986
Manu Antbird,187159.7389
Mato Grosso Antbird,170781.5279
Riparian Antbird,414285.5903
Willis's Antbird,151999.0276
Blackish Antbird,1081828.125
Parker's Antbird,23424.83066
Black Antbird,519157.2437
Dusky Antbird,1224254.518
Rufous-tailed Scrub-Robin,1316505.065
Brown-backed Scrub-Robin,236415.608
Red-backed Scrub-Robin,3137641.924
Kalahari Scrub-Robin,737171.2726
Black Scrub-Robin,1462859.628
Cape Barren Goose,215442.7084
Rhinoceros Auklet,115138.741
Brown Creeper,2526503.67
Short-toed Treecreeper,1235348.391
Sikkim Treecreeper,43293.87625
Eurasian Treecreeper,6144565.437
Bar-tailed Treecreeper,266719.2785
Hodgson's Treecreeper,208449.6059
Hume's Treecreeper,46841.66893
Rusty-flanked Treecreeper,34358.43059
Sichuan Treecreeper,14878.93408
Spot-throated Woodcreeper,1240270.835
Yellow-chinned Spinetail,3229636.029
Red-and-white Spinetail,267905.0709
Gray Warbler-Finch,401.3224633
Green Warbler-Finch,2701.866013
Short-clawed Lark,49224.55581
Cape Lark,24502.50365
Eastern Long-billed Lark,181079.2608
Karoo Long-billed Lark,316243.1264
Pied Honeyeater,1977641.692
Pied Kingfisher,9218498.544
Gray-sided Bush Warbler,518726.4747
Chestnut-headed Tesia,764689.8943
Cetti's Warbler,1121445.069
Chestnut-crowned Bush Warbler,656975.2968
Blue Malkoha,1546494.632
Green Malkoha,448068.1097
Southern Silvery-Kingfisher,37333.52304
Azure Kingfisher,1312158.096
Buru Dwarf-Kingfisher,3302.821229
New Georgia Dwarf-Kingfisher,1925.895941
Indigo-banded Kingfisher,42958.76232
Manus Dwarf-Kingfisher,725.294741
Black-backed Dwarf-Kingfisher,1127584.274
Sulawesi Dwarf-Kingfisher,60873.31396
Makira Dwarf-Kingfisher,1286.406271
Seram Dwarf-Kingfisher,16927.46957
Dimorphic Dwarf-Kingfisher,44837.17304
North Solomons Dwarf-Kingfisher,6611.762181
Philippine Dwarf-Kingfisher,49185.46452
New Ireland Dwarf-Kingfisher,3391.283339
Guadalcanal Dwarf-Kingfisher,3780.944127
New Britain Dwarf-Kingfisher,14009.76942
Papuan Dwarf-Kingfisher,265291.4249
Sula Dwarf-Kingfisher,1806.37261
Bismarck Kingfisher,5299.25645
Santa Marta Woodstar,2511.604792
Esmeraldas Woodstar,1692.424482
Little Woodstar,67233.8098
Gorgeted Woodstar,43711.89718
Rufous-shafted Woodstar,17934.46599
White-bellied Woodstar,101790.1388
Drakensberg Rockjumper,39970.56261
Cape Rockjumper,25696.14605
Drongo Fantail,117999.373
Bristled Grassbird,44805.04669
Short-tailed Swift,2883470.368
Chapman's Swift,1047706.341
Gray-rumped Swift,2356256.952
Pale-rumped Swift,678253.0719
Costa Rican Swift,5046.943433
Lesser Antillean Swift,1676.547652
Band-rumped Swift,1211817.795
Vaux's Swift,405846.5929
Buff-throated Sunbird,353298.6743
Amethyst Sunbird,1386317.342
Socotra Sunbird,1398.611304
Carmelite Sunbird,101907.1143
Hunter's Sunbird,549283.1765
Green-throated Sunbird,1123758.75
Scarlet-chested Sunbird,3638951.036
Ruby-cheeked Sunbird,1092623.275
Asian Emerald Dove,1816450.793
Pacific Emerald Dove,246787.5358
Stephan's Dove,334677.3525
Black Lory,29889.66399
Cardinal Lory,13647.34537
Brown Lory,24535.27831
Yellow-streaked Lory,120294.7275
Rainbow-bearded Thornbill,29326.96514
Bronze-tailed Thornbill,11213.23562
Olivaceous Thornbill,25180.97539
Rufous-capped Thornbill,47684.7077
Blue-mantled Thornbill,46502.03493
White-vented Plumeleteer,194250.3201
Bronze-tailed Plumeleteer,80691.61564
Wrentit,95005.11703
Sickle-winged Guan,122116.7481
Black Guan,6012.587945
Cholo Alethe,1799.626765
White-chested Alethe,73074.17408
Brown-chested Alethe,617641.8559
Red-throated Alethe,29380.14193
Short-tailed Antthrush,695702.0239
Such's Antthrush,39909.43023
Barred Antthrush,39910.70848
Striated Antthrush,1001714.037
Rufous-tailed Antthrush,143418.6749
Schwartz's Antthrush,5668.990973
Kentish Plover,1497303.871
Puna Plover,233696.2535
Double-banded Plover,104382.7044
Collared Plover,5787013.802
Little Ringed Plover,2509486.308
Two-banded Plover,287095.7923
Forbes's Plover,2420134.022
Common Ringed Plover,17113.20071
Javan Plover,42458.49791
White-fronted Plover,1715422.315
Rufous-chested Dotterel,30099.7243
Snowy Plover,233068.3433
Red-breasted Dotterel,120.2458203
Chestnut-banded Plover,185637.1508
Kittlitz's Plover,6313446.939
Malaysian Plover,488954.2927
Long-billed Plover,123966.4345
Red-capped Plover,1857657.01
St. Helena Plover,16.84088411
Madagascar Plover,5586.676438
Three-banded Plover,3560263.893
Killdeer,2778715.371
Wilson's Plover,297455.0845
Coal-crested Finch,1107901.23
Red-throated Lorikeet,6377.47818
New Caledonian Lorikeet,0.375828009
Josephine's Lorikeet,61634.35494
Duchess Lorikeet,10454.82481
Meek's Lorikeet,2512.694825
Striated Lorikeet,31833.27332
Palm Lorikeet,4289.4552
Papuan Lorikeet,3687.511482
Red-flanked Lorikeet,317036.4606
Fairy Lorikeet,147155.8668
Red-chinned Lorikeet,5718.745188
Red-fronted Lorikeet,93209.83397
Blue-fronted Lorikeet,3302.842923
Pygmy Lorikeet,111947.7005
Oahu Elepaio,90.74325209
Hawaii Elepaio,2261.553062
Kauai Elepaio,160.7900225
Northern Screamer,35268.64411
Southern Screamer,1478194.747
Scissor-tailed Kite,2018425.562
Swallow-winged Puffbird,3355257.473
Yellow-bellied Fairy-Fantail,656181.878
Maned Duck,2315322.433
Broad-billed Fairywren,72747.34482
White-backed Swallow,2013794.538
Spike-heeled Lark,831501.4229
Dupont's Lark,111231.2809
Black-faced Sheathbill,3173.394881
Yungas Manakin,30500.98205
Swallow-tailed Manakin,563532.7641
Lance-tailed Manakin,162224.8347
Long-tailed Manakin,39277.51425
Blue-backed Manakin,1946061.349
Fawn-breasted Bowerbird,58989.30896
Western Bowerbird,575728.7325
Yellow-breasted Bowerbird,48032.08293
Spotted Bowerbird,688985.2981
Great Bowerbird,496287.9747
Fruit-hunter,24457.64715
Macqueen's Bustard,281473.3944
Houbara Bustard,1317814.026
Pale-billed Parrotbill,78927.35423
Black-fronted Tern,36015.32752
Whiskered Tern,2502740.196
Kelp Goose,60095.07396
Upland Goose,4646.878034
Ruddy-headed Goose,4462.701809
Black-headed Greenfinch,331404.1378
European Greenfinch,3350844.557
Vietnamese Greenfinch,2856.866961
Oriental Greenfinch,2287334.827
Yellow-breasted Greenfinch,62917.53248
Green Kingfisher,6543133.228
Mountain Black-eye,79697.79977
Glistening-green Tanager,12980.52617
Yellow-necked Greenbul,377962.6888
Yellow-bellied Greenbul,1539088.759
Joyful Greenbul,52900.80997
Prigogine's Greenbul,335.3626944
Simple Greenbul,1545882.426
Oahu Amakihi,147.3984053
Kauai Amakihi,90.66923119
Hawaii Amakihi,2411.689891
Green Honeycreeper,3058326.666
Blue-naped Chlorophonia,776332.0498
Yellow-collared Chlorophonia,8242.557671
Chestnut-breasted Chlorophonia,47920.76955
Yellow-headed Manakin,12632.7051
Jet Manakin,22089.71967
Golden-fronted Leafbird,1340398.784
Blue-winged Leafbird,30383.86141
Lesser Green Leafbird,467558.4789
Orange-bellied Leafbird,348438.8914
Jerdon's Leafbird,727760.1577
Bornean Leafbird,22067.92492
Sumatran Leafbird,20750.87842
Yellow-throated Leafbird,5206.577468
Greater Green Leafbird,535423.7313
Blue-masked Leafbird,46336.93972
Grass-green Tanager,118685.2443
Ashy-throated Chlorospingus,63798.55934
Yellow-throated Chlorospingus,77377.30948
Common Chlorospingus,230376.2099
Pirre Chlorospingus,583.2432826
Short-billed Chlorospingus,51845.20302
Dusky Chlorospingus,10102.09205
Tacarcuna Chlorospingus,578.8028946
Golden-crowned Emerald,79768.50637
Cozumel Emerald,188.5333999
Red-billed Emerald,119510.8613
Glittering-bellied Emerald,2234855.662
Puerto Rican Emerald,3387.80726
Blue-tailed Emerald,1584541.094
Chiribiquete Emerald,2520.95051
Short-tailed Emerald,59221.1049
Coppery Emerald,10720.45653
Narrow-tailed Emerald,31514.21388
Hispaniolan Emerald,28616.68199
Brown Parrotbill,58069.08062
Lark Sparrow,488163.4209
Lesser Nighthawk,3543050.928
Nacunda Nighthawk,4737744.825
Least Nighthawk,1520563.134
Sand-colored Nighthawk,633034.7825
Dideric Cuckoo,1895010.699
African Emerald Cuckoo,3265393.585
Yellow-throated Cuckoo,822825.6804
Klaas's Cuckoo,3280324.857
Asian Emerald Cuckoo,568969.6485
Violet Cuckoo,1103401.507
Red-headed Flameback,5206.545367
White-naped Woodpecker,657652.2785
Greater Flameback,974932.3766
Luzon Flameback,41802.71127
Buff-spotted Flameback,46256.04368
Crimson-backed Flameback,25525.92915
Javan Flameback,7420.511588
Yellow-faced Flameback,11006.7984
Mountain Serin,15404.91904
Ruby-topaz Hummingbird,2856284.042
Lady Amherst's Pheasant,148355.822
Golden Pheasant,374286.5881
Jerdon's Babbler,18280.53108
Yellow-eyed Babbler,1672657.77
Yellow-hooded Blackbird,610594.587
Chestnut-capped Blackbird,2236129.875
Greater Yellownape,1132149.056
Checker-throated Woodpecker,15607.13418
Banded Woodpecker,498689.3004
Scarlet-and-white Tanager,29081.56261
Golden-tailed Sapphire,515932.7929
Black-legged Seriema,284339.31
Rufous-banded Owl,125626.0774
Black-banded Owl,2844290.373
Black-and-white Owl,382778.4513
Collared Palm-Thrush,893750.8192
Spotted Morning-Thrush,530263.6894
Rufous-tailed Palm-Thrush,269958.8036
Pale-browed Treehunter,57269.69464
Rufous-brown Solitaire,39515.44055
Magnificent Bird-of-Paradise,45172.74163
King Bird-of-Paradise,185140.5047
Wilson's Bird-of-Paradise,1531.654799
White Stork,130866.4943
Woolly-necked Stork,1489610.175
Maguari Stork,1946715.303
Black Stork,933888.5518
Storm's Stork,391235.5439
Blue-fronted Robin,84790.36521
Gray Trembler,678.2747747
Brown Trembler,1272.225269
Chestnut-winged Cinclodes,38768.10598
Cream-winged Cinclodes,331990.2099
Blackish Cinclodes,4990.94754
Royal Cinclodes,2140.027273
White-winged Cinclodes,336291.2177
Stout-billed Cinclodes,14661.46487
Buff-winged Cinclodes,441249.9691
Seaside Cinclodes,28835.9885
Olrog's Cinclodes,5699.559547
Gray-flanked Cinclodes,283541.1046
Long-tailed Cinclodes,8220.995176
Dark-bellied Cinclodes,255459.6736
Surf Cinclodes,9309.529229
Painted Quail-thrush,30346.17745
Nullarbor Quail-thrush,25406.38253
Chestnut-breasted Quail-thrush,188601.7992
Chestnut Quail-thrush,1090102.903
Cinnamon Quail-thrush,295300.9883
Western Quail-thrush,564294.8793
Spotted Quail-thrush,218089.753
White-throated Dipper,3281695.03
White-capped Dipper,239377.5117
American Dipper,1896040.169
Brown Dipper,3639175.74
Rufous-throated Dipper,43637.38149
Fulvous Wren,41748.73711
Sharpe's Wren,36759.62592
Peruvian Wren,29273.79912
Rufous Wren,59387.6549
Violet-backed Starling,3832202.624
Greater Double-collared Sunbird,141195.8082
Purple Sunbird,2243448.868
Bates's Sunbird,330048.313
Purple-banded Sunbird,743514.5179
Orange-tufted Sunbird,139117.2741
Apricot-breasted Sunbird,4132.206257
Violet-breasted Sunbird,24635.93255
Southern Double-collared Sunbird,191582.7221
Olive-bellied Sunbird,1659121.216
Splendid Sunbird,665550.4824
Anjouan Sunbird,138.0488562
Congo Sunbird,50387.97466
Mayotte Sunbird,143.2324349
Copper Sunbird,3030145.691
Seychelles Sunbird,94.43586663
Red-chested Sunbird,169385.0701
Dusky Sunbird,432675.084
Shining Sunbird,427704.5239
Humblot's Sunbird,479.1002226
Johanna's Sunbird,629838.5752
Olive-backed Sunbird,1955097.225
Long-billed Sunbird,112747.6157
Loveridge's Sunbird,100.1819319
Montane Double-collared Sunbird,33062.56204
Miombo Sunbird,175655.8542
Mariqua Sunbird,1006196.991
Eastern Double-collared Sunbird,75658.97271
Tiny Sunbird,462626.3278
Black-bellied Sunbird,191742.5114
Neergaard's Sunbird,53666.7748
Madagascar Sunbird,227816.9406
Palestine Sunbird,219653.4342
Oustalet's Sunbird,84656.85227
Pemba Sunbird,374.6781304
Prigogine's Sunbird,404.1264899
Beautiful Sunbird,2097057.436
Regal Sunbird,29575.98062
Northern Double-collared Sunbird,93856.58163
Rockefeller's Sunbird,3053.196933
Rufous-winged Sunbird,1701.3404
Shelley's Sunbird,160692.6593
Flame-breasted Sunbird,25844.63382
Souimanga Sunbird,228190.5182
Stuhlmann's Sunbird,4672.625829
Superb Sunbird,1102000.061
White-breasted Sunbird,1089167.023
Tsavo Sunbird,44280.34394
Variable Sunbird,2160440.806
Beaudouin's Snake-Eagle,1333362.604
Banded Snake-Eagle,2224711.585
Brown Snake-Eagle,4456001.559
Fasciated Snake-Eagle,283573.7322
Short-toed Snake-Eagle,1294256.396
Black-breasted Snake-Eagle,3601820.309
Eurasian Marsh-Harrier,280993.1666
Swamp Harrier,784951.676
Spotted Harrier,3018358.144
Long-winged Harrier,1450011.21
Cinereous Harrier,850199.9886
Hen Harrier,663466.8217
Northern Harrier,1510875.431
Reunion Harrier,574.8407924
Black Harrier,230583.5429
Pied Harrier,15248.83144
African Marsh-Harrier,1709010.897
Common Green-Magpie,814183.9315
Indochinese Green-Magpie,343743.8857
Bornean Green-Magpie,30293.18914
Javan Green-Magpie,12915.98863
Banded Honeyeater,419373.6213
Magpie Tanager,2089120.084
Aberdare Cisticola,491.3050749
Rock-loving Cisticola,958392.422
Tabora Cisticola,356422.3289
Chattering Cisticola,910243.9933
Desert Cisticola,1725244.162
Wing-snapping Cisticola,486066.3762
Boran Cisticola,168951.6727
Siffling Cisticola,2962954.921
Pectoral-patch Cisticola,179685.0148
Bubbling Cisticola,119064.4423
Singing Cisticola,2189558.752
Carruthers's Cisticola,67310.65521
Madagascar Cisticola,228235.121
Rattling Cisticola,2593115.101
Chubb's Cisticola,124415.3226
Ashy Cisticola,237428.4855
Pale-crowned Cisticola,436470.5384
Cloud-scraping Cisticola,182532.2413
Red-faced Cisticola,2474098.438
Golden-headed Cisticola,2766503.749
Black-backed Cisticola,251902.8604
Piping Cisticola,1777735.07
Winding Cisticola,110867.5171
Dorst's Cisticola,249724.6135
Hunter's Cisticola,51363.7546
Zitting Cisticola,7166112.023
Wailing Cisticola,340530.5088
Whistling Cisticola,1183916.003
Slender-tailed Cisticola,170662.0581
Tiny Cisticola,264519.5456
Croaking Cisticola,3077465.935
Black-lored Cisticola,27766.17541
Churring Cisticola,12845.25849
Chirping Cisticola,435166.0369
Tana River Cisticola,1301.446427
Stout Cisticola,474564.2776
Red-pate Cisticola,484031.691
Tinkling Cisticola,1061336.31
Rufous Cisticola,338532.8772
Red-headed Cisticola,351643.4517
Cloud Cisticola,271348.0911
Levaillant's Cisticola,677457.4763
Foxy Cisticola,447223.1347
Trilling Cisticola,498410.931
Apolinar's Wren,1031.615205
Merida Wren,1560.506203
Marsh Wren,516493.8753
Sedge Wren,1842824.644
Lilac-cheeked Kingfisher,28421.9089
Banded Stilt,37182.59465
Chestnut-winged Cuckoo,436137.7896
Great Spotted Cuckoo,3738644.432
Pied Cuckoo,472315.3995
Indian Spotted Eagle,930156.7854
Purple-winged Ground-Dove,57193.76505
Maroon-chested Ground-Dove,132110.8958
Golden White-eye,51.92064692
Canebrake Groundcreeper,174894.4838
Henna-hooded Foliage-gleaner,7196.911304
Chestnut-capped Foliage-gleaner,548982.2756
Ruddy Foliage-gleaner,825108.572
Santa Marta Foliage-gleaner,890.905751
White-browed Treecreeper,1015458.049
Red-browed Treecreeper,122475.1106
Black-tailed Treecreeper,433214.4418
Brown Treecreeper,876215.1756
Rufous Treecreeper,174635.9748
Shovel-billed Kookaburra,131515.7704
Recurve-billed Bushbird,662.7209595
Rondonia Bushbird,13879.02052
Brazilian Ruby,136196.3065
Orange-crowned Fairywren,53829.71442
Rennell Shrikebill,260.8090071
Black-throated Shrikebill,6543.538134
Southern Shrikebill,10560.94886
Fiji Shrikebill,7186.712739
Brown Twinspot,460822.7479
Red-rumped Bush-Tyrant,68896.37807
Black-chested Mountain-Tanager,23204.18786
Crested Satinbird,2656.721681
Gray-hooded Bush Tanager,23809.65655
Fuscous Flycatcher,4727355.766
Rufous Twistwing,94627.11353
Swee Waxbill,110246.755
Yellow-bellied Waxbill,261286.8577
Hawfinch,2586122.035
Dwarf Cuckoo,250064.6553
Yellow-billed Cuckoo,477.044631
Pearly-breasted Cuckoo,3488999.393
Cocos Cuckoo,9.559629775
Gray-capped Cuckoo,125911.6611
Dark-billed Cuckoo,5576966.036
Great Lizard-Cuckoo,42390.66841
Mangrove Cuckoo,426753.7358
Chestnut-bellied Cuckoo,4255.517775
Bay-breasted Cuckoo,437.3458468
Jamaican Lizard-Cuckoo,4255.517775
Puerto Rican Lizard-Cuckoo,3387.80726
Boat-billed Heron,4516748.03
Javan Cochoa,3276.203217
Sumatran Cochoa,24845.28913
Purple Cochoa,240623.9722
Green Cochoa,411492.4392
Golden-bellied Starfrontlet,6216.689437
Bronzy Inca,148538.5605
Blue-throated Starfrontlet,16259.68272
Rainbow Starfrontlet,31163.54911
Buff-winged Starfrontlet,24455.35378
Dusky Starfrontlet,692.9108333
White-tailed Starfrontlet,1826.0265
Collared Inca,116939.9829
Violet-throated Starfrontlet,16809.46658
Brown Inca,13188.78888
Subantarctic Snipe,264.1661205
Snares Island Snipe,1.000948274
Chatham Islands Snipe,1.803364523
Bananaquit,4172551.426
Black-necked Woodpecker,59770.30031
Northern Flicker,1494510.724
Gray-crowned Woodpecker,78416.45537
Campo Flicker,1766501.848
Fernandina's Flicker,2834.422912
Green-barred Woodpecker,1823828.182
Chilean Flicker,165428.3193
Spot-breasted Woodpecker,1310443.066
Crimson-mantled Woodpecker,179051.8948
Golden-olive Woodpecker,866072.7775
Andean Flicker,303249.3553
Sparkling Violetear,355366.8325
White-vented Violetear,915303.2961
Crested Bobwhite,720258.8126
Northern Bobwhite,1685121.306
Red-backed Mousebird,111607.7107
White-backed Mousebird,622219.0686
White-headed Mousebird,205800.0623
Speckled Mousebird,3110866.807
Glossy Swiftlet,1063674.805
Cave Swiftlet,122061.8051
Pygmy Swiftlet,109286.9155
Bower's Shrikethrush,11962.60071
Gray Shrikethrush,2671626.481
Little Shrikethrush,465145.3344
Sooty Shrikethrush,15687.10788
Sandstone Shrikethrush,212188.3593
Long-tailed Tyrant,2612783.66
Patagonian Tyrant,150418.4131
White-naped Pigeon,30797.68193
White-collared Pigeon,53126.86491
Silvery Wood-Pigeon,694.7776639
Rameron Pigeon,574056.0377
Bolle's Pigeon,977.2514812
Delegorgue's Pigeon,89669.52958
Nilgiri Wood-Pigeon,44955.52803
Pale-backed Pigeon,1124199.704
Speckled Pigeon,4076368.787
Speckled Wood-Pigeon,775283.3708
Bronze-naped Pigeon,1064785.762
Japanese Wood-Pigeon,2377.840502
Laurel Pigeon,467.4140978
White-headed Pigeon,106180.3634
Snow Pigeon,981195.8566
Rock Pigeon,6719897.02
Sao Tome Pigeon,392.6819362
Stock Dove,878343.0238
Somali Pigeon,9485.836682
Yellow-legged Pigeon,19791.99498
Andaman Wood-Pigeon,2941.403738
Common Wood-Pigeon,1528321.3
Comoro Pigeon,794.4076138
Ashy Wood-Pigeon,218205.0911
Pale-capped Pigeon,73492.6551
Hill Pigeon,4574443.79
Cameroon Pigeon,17061.36044
Maroon Pigeon,113.700716
Sri Lanka Wood-Pigeon,1931.224651
Trocaz Pigeon,212.031748
Afep Pigeon,1042369.78
Metallic Pigeon,435805.2321
Ecuadorian Ground-Dove,31925.73019
Croaking Ground-Dove,129076.4232
Blue-eyed Ground-Dove,456.5150932
Inca Dove,1065894.924
Plain-breasted Ground-Dove,2722069.82
Common Ground-Dove,2796036.045
Picui Ground-Dove,2214689.704
Scaled Dove,1858946.278
Scarlet-throated Tanager,648344.034
Black-faced Cotinga,56434.35214
Capped Conebill,115091.7466
Bicolored Conebill,218780.638
Cinereous Conebill,172666.6763
White-browed Conebill,56939.89622
Pearly-breasted Conebill,29972.9884
Rufous-browed Conebill,15215.08044
Blue-backed Conebill,115830.9782
Chestnut-vented Conebill,2920737.13
White-ringed Flycatcher,76571.60688
Lemon-browed Flycatcher,66177.58687
Yellow-throated Flycatcher,1508414.221
Three-striped Flycatcher,779564.6411
Slaty Gnateater,38739.14564
Chestnut-belted Gnateater,1081232.99
Chestnut-crowned Gnateater,62023.29077
Ceara Gnateater,22618.80072
Rufous Gnateater,732421.7382
Black-bellied Gnateater,351835.5027
Black-cheeked Gnateater,93629.50012
Ash-throated Gnateater,424225.3088
Hooded Gnateater,265237.8644
Rufous-banded Honeyeater,191712.1291
Rufous-throated Honeyeater,754492.6504
Gray Honeyeater,554880.0464
Great Parrotbill,288428.1351
Cone-billed Tanager,13061.29565
Black-and-white Tanager,18440.78026
White-throated Pewee,44229.1437
Cuban Pewee,46195.32568
Tropical Pewee,1481775.225
Smoke-colored Pewee,394244.8171
Hispaniolan Pewee,28880.17409
Lesser Antillean Pewee,4914.114175
Dark Pewee,3166.056028
Blackish Pewee,98135.39611
Ochraceous Pewee,1214.12276
Jamaican Pewee,4255.517775
Madagascar Magpie-Robin,92544.33377
Philippine Magpie-Robin,106246.5057
Oriental Magpie-Robin,3478633.283
Seychelles Magpie-Robin,0.642669205
Abyssinian Roller,1928031.213
Indian Roller,1515493.141
Lilac-breasted Roller,3405892.126
Blue-bellied Roller,784407.9966
Rufous-crowned Roller,3612158.394
Racket-tailed Roller,1126620.734
Purple-winged Roller,56675.87082
Moluccan Cuckooshrike,15090.52448
Pied Cuckooshrike,55053.74882
Boyer's Cuckooshrike,233388.9643
Stout-billed Cuckooshrike,156312.8964
South Melanesian Cuckooshrike,9777.530781
Andaman Cuckooshrike,2008.854216
Buru Cuckooshrike,3302.829886
Javan Cuckooshrike,1402472.529
Sunda Cuckooshrike,202346.3192
White-rumped Cuckooshrike,59529.34559
Barred Cuckooshrike,248405.9063
Hooded Cuckooshrike,52227.73253
Large Cuckooshrike,868569.5323
Ground Cuckooshrike,2467491.15
Black-faced Cuckooshrike,2948206.974
White-bellied Cuckooshrike,1719830.842
Wallacean Cuckooshrike,32663.91278
Slaty Cuckooshrike,2815.90773
Bar-bellied Cuckooshrike,558349.3013
Cerulean Cuckooshrike,56278.06589
North Melanesian Cuckooshrike,9093.68114
Seychelles Parrot,18.3057785
Lesser Vasa Parrot,228227.8036
Greater Vasa Parrot,159540.9109
Maroon-backed Whistler,4439.576843
Sangihe Whistler,2.044289001
Black Vulture,8175149.393
White-throated Manakin,427565.3673
White-bibbed Manakin,103130.0657
White-winged Chough,764213.6856
White-throated Treecreeper,374174.4127
Papuan Treecreeper,50869.5748
Yellow-billed Shrike,1339635.264
White-necked Raven,623783.1191
Pied Crow,7546235.605
Little Crow,2193750.375
American Crow,2515545.906
Cape Crow,1558311.383
Northwestern Crow,153271.4587
Carrion Crow,10181700.5
Australian Raven,1854624.626
Thick-billed Raven,293142.4621
Daurian Jackdaw,1007240.92
Somali Crow,455527.9056
Slender-billed Crow,629211.2182
Flores Crow,3511.822279
Rook,2657811.984
Brown-headed Crow,7121.823925
Tamaulipas Crow,38580.85948
Bismarck Crow,17345.39581
Jamaican Crow,4255.517775
Mariana Crow,35.65547572
White-necked Crow,3197.239032
Large-billed Crow,5140228.796
Bougainville Crow,3741.268193
Little Raven,522571.0272
Eurasian Jackdaw,3516138.735
New Caledonian Crow,6328.028791
Cuban Crow,10976.71989
Torresian Crow,2082647.768
Fish Crow,374898.2741
Palm Crow,12449.94774
Fan-tailed Raven,1064240.523
Brown-necked Raven,4986632.001
Sinaloa Crow,36718.66339
House Crow,1725852.286
Forest Raven,144586.4971
Gray Crow,267645.6554
Piping Crow,40297.65328
Banggai Crow,53.27716985
Long-billed Crow,9546.324245
Guadalcanal Crow,5032.726141
Dusky Broadbill,853215.0212
Black-masked Finch,843501.3752
Lark-like Brushrunner,558870.5234
Red-crested Finch,1562959.027
Pileated Finch,1064999.127
Great Blue Turaco,1504283.387
Gray Go-away-bird,1470362.07
Bare-faced Go-away-bird,20454.09195
Southern Antpipit,975573.4257
Ringed Antpipit,2562448.096
Malachite Kingfisher,5545934.253
White-bellied Kingfisher,1057829.734
Madagascar Pygmy-Kingfisher,61262.66346
Malagasy Kingfisher,220977.9801
Coscoroba Swan,588121.3091
White-crowned Robin-Chat,490152.627
Blue-shouldered Robin-Chat,701789.6023
Chorister Robin-Chat,97889.54315
White-headed Robin-Chat,2395.165014
White-browed Robin-Chat,2458300.916
Red-capped Robin-Chat,1406805.608
Snowy-crowned Robin-Chat,1998480.297
Rüppell's Robin-Chat,334252.6286
White-bellied Robin-Chat,38906.95071
Lovely Cotinga,114952.2309
Spangled Cotinga,2453004.919
Purple-breasted Cotinga,737976.5527
Banded Cotinga,917.6712388
Plum-throated Cotinga,983497.3629
Blue Cotinga,68116.58279
Speckled Rail,614931.7841
Rain Quail,804684.9581
Common Quail,1206315.801
Harlequin Quail,2758862.77
Japanese Quail,11218.00288
Stubble Quail,2433924.503
Blue Coua,128840.7757
Coquerel's Coua,54192.63898
Crested Coua,104969.611
Running Coua,19781.94904
Giant Coua,57666.48222
Red-fronted Coua,123835.2673
Red-capped Coua,37682.09613
Red-breasted Coua,24220.27029
Verreaux's Coua,7838.038358
Silver-backed Butcherbird,143073.8688
Hooded Butcherbird,214199.069
Tagula Butcherbird,314.2682526
Black-backed Butcherbird,84506.86547
Pied Butcherbird,2450946.357
Gray Butcherbird,2329147.2
Creamy-crested Spinetail,7196.233593
Light-crowned Spinetail,16318.85825
Line-cheeked Spinetail,41265.497
Ash-browed Spinetail,67144.09532
Tepui Spinetail,29815.61114
Coiba Spinetail,193.2397412
Red-faced Spinetail,29525.04653
Streak-capped Spinetail,2615.981701
Marcapata Spinetail,5928.094898
Scaled Spinetail,28533.91545
Olive Spinetail,252500.0147
Pallid Spinetail,267992.342
Stripe-crowned Spinetail,782343.3774
Gray-headed Spinetail,381295.1654
Crested Spinetail,70629.41709
Sulphur-throated Spinetail,274535.8806
Parker's Spinetail,131450.8791
Rusty-backed Spinetail,2212881.346
Rusty Mouse-Warbler,205402.4655
Bicolored Mouse-Warbler,40613.52533
Mountain Mouse-Warbler,63441.58527
Blue-billed Curassow,1843.685747
Black Curassow,810602.9576
Red-billed Curassow,443.9077817
Yellow-knobbed Curassow,155628.3574
Bare-faced Curassow,1314601.887
Wattled Curassow,10450.80855
Great Curassow,255623.0578
Swallow-tailed Gull,31767.69798
Wattled Starling,2087785.985
Slaty Tanager,42448.39447
Rufous-crested Tanager,37460.26343
African Crake,2298204.728
Western Plantain-eater,1405592.86
Eastern Plantain-eater,391597.1478
Western Bearded-Greenbul,249550.7451
Red-tailed Greenbul,1274108.819
Eastern Bearded-Greenbul,465234.6848
White-bearded Greenbul,562014.6161
Yellow-bearded Greenbul,92317.98618
White-throated Canary,353794.7328
Black-throated Canary,1161985.59
Southern Grosbeak-Canary,49451.05578
Thick-billed Seedeater,154725.5901
Black-faced Canary,253686.8803
African Citril,214299.2229
Lemon-breasted Seedeater,18612.31125
Sao Tome Grosbeak,79.10429109
Northern Grosbeak-Canary,233402.255
White-bellied Canary,332654.2613
Yellow-throated Serin,1779.679759
Yellow Canary,653960.5341
Western Citril,92152.60457
Streaky-headed Seedeater,581994.6276
Southern Citril,62020.41563
Papyrus Canary,21086.50282
Protea Canary,32752.74937
White-rumped Seedeater,1173605.252
Tanzania Seedeater,15967.32103
Yemen Serin,16897.26158
Black-eared Seedeater,577274.9772
Yellow-fronted Canary,3680314.469
Reichard's Seedeater,224072.7235
Reichenow's Seedeater,329520.8769
Olive-rumped Serin,50023.39157
Principe Seedeater,358.6596389
Forest Canary,71299.44147
Streaky Seedeater,334980.9526
Brimstone Canary,721685.5371
Drakensberg Siskin,14280.16543
Cape Siskin,33021.77673
Brown-rumped Seedeater,115578.5468
Salvadori's Serin,20867.98693
Yellow-rumped Serin,39857.9389
Yellow-browed Oxylabes,8771.082705
Blue Eared-Pheasant,198033.2228
White Eared-Pheasant,66379.06586
Brown Eared-Pheasant,56643.29962
Smooth-billed Ani,5448189.536
Greater Ani,4678685.392
Groove-billed Ani,1012042.768
Hooded Treepie,43329.08313
Racket-tailed Treepie,495160.9169
Victorin's Warbler,30197.2952
Plumbeous Hawk,62593.34355
Sombre Pigeon,37632.52669
Green Manakin,129784.2944
Dusky Crimsonwing,29319.75675
Red-faced Crimsonwing,168296.9528
Abyssinian Crimsonwing,99667.32058
Shelley's Crimsonwing,17776.84049
Black-capped Tinamou,46564.39056
Bartlett's Tinamou,622199.4583
Berlepsch's Tinamou,22986.23084
Slaty-breasted Tinamou,129122.3787
Rusty Tinamou,321667.4659
Barred Tinamou,33412.33866
Cinereous Tinamou,2287559.53
Thicket Tinamou,255371.3358
Gray-legged Tinamou,50898.28514
Red-legged Tinamou,479741.1234
Yellow-legged Tinamou,567399.4513
Brown Tinamou,711129.8334
Small-billed Tinamou,2571249.275
Tepui Tinamou,155.8900003
Little Tinamou,4305491.413
Brazilian Tinamou,999992.8367
Tataupa Tinamou,1874849.882
Undulated Tinamou,3294792.119
Variegated Tinamou,2099169.852
Black Cuckoo,2002982.159
Sulawesi Cuckoo,32510.20127
African Cuckoo,1930241.894
Sunda Cuckoo,306286.8178
Indian Cuckoo,1705247.102
Lesser Cuckoo,26915.95825
Madagascar Cuckoo,222370.0332
Red-chested Cuckoo,2224487.146
Gray-headed Canary-Flycatcher,1114763.669
Citrine Canary-Flycatcher,145476.1536
Sharp-tailed Tyrant,811351.2022
Indian Courser,920083.5851
Cream-colored Courser,556191.833
Burchell's Courser,537478.9857
Somali Courser,435667.3407
Temminck's Courser,4197545.729
Vietnamese Cutia,10968.5237
Himalayan Cutia,327627.2102
Red-legged Honeycreeper,3134631.634
Shining Honeycreeper,90703.96683
Short-billed Honeycreeper,1032044.545
Blue-backed Tanager,163199.0991
Eurasian Blue Tit,3379687.181
Azure Tit,3147988.144
African Blue Tit,240961.5161
Blue-winged Goose,139485.8719
Blue Jay,2121431.775
Blue Bunting,222923.5738
Black-chested Jay,182688.7019
Purplish-backed Jay,33224.0338
Cayenne Jay,448257.6089
Plush-crested Jay,1113496.511
Curl-crested Jay,1172591.581
Purplish Jay,648833.8688
White-naped Jay,1184613.579
Tufted Jay,5185.852466
Azure-naped Jay,54334.77243
Bushy-crested Jay,47788.36963
White-tailed Jay,31290.99556
San Blas Jay,26096.50286
Violaceous Jay,1305494.339
Green Jay,421773.2584
Yucatan Jay,72523.44002
Golden Babbler,394100.4597
Chestnut-winged Babbler,229114.0068
Crescent-chested Babbler,24136.01761
Black-chinned Babbler,67170.22053
Rufous-capped Babbler,851662.9335
Rufous-fronted Babbler,921279.7706
Blue Cuckooshrike,634964.3879
Blue Vanga,171958.788
Zapata Rail,387.5656062
Burrowing Parakeet,347124.8574
Ultramarine Grosbeak,2259426.119
Blue-black Grosbeak,338758.7654
Glaucous-blue Grosbeak,263904.2414
Amazonian Grosbeak,2548223.678
Silvery-throated Jay,1515.29083
Black-collared Jay,20742.84778
Beautiful Jay,7613.488417
Black-throated Jay,39831.36849
Turquoise Jay,23987.2372
White-collared Jay,76404.74307
Blue-headed Sunbird,44139.56168
Bannerman's Sunbird,175450.5624
Blue-throated Brown Sunbird,1213276.308
Olive Sunbird,2082995.683
Cameroon Sunbird,25313.41505
Green-headed Sunbird,2074598.328
Iberian Magpie,69216.07728
Azure-winged Magpie,1833308.636
Yellow-crowned Parakeet,25255.06684
Chatham Islands Parakeet,0.813342682
Malherbe's Parakeet,109.5149976
Red-crowned Parakeet,7684.344003
Antipodes Parakeet,8.751225414
Rufous-browed Peppershrike,5206839.815
Black-billed Peppershrike,32276.50875
Double-eyed Fig-Parrot,172978.3247
Orange-breasted Fig-Parrot,11651.51224
Black Swan,2572691.143
Trumpeter Swan,46320.76965
Whooper Swan,5493.266733
Black-necked Swan,310541.77
Mute Swan,752846.5932
Fasciated Antshrike,2565083.458
Bamboo Antshrike,190999.7361
Black-and-red Broadbill,627136.4843
Broad-billed Hummingbird,163379.94
Dusky Hummingbird,37140.44337
Hill Blue Flycatcher,683102.7547
Sunda Blue Flycatcher,371832.8999
Sula Jungle-Flycatcher,5232.121717
White-tailed Flycatcher,334536.2858
Hainan Blue Flycatcher,615992.1011
Blue-breasted Flycatcher,22329.22854
Blue-fronted Flycatcher,6672.150769
Timor Blue Flycatcher,12618.35606
Palawan Blue Flycatcher,4242.096072
Nicobar Jungle-Flycatcher,422.4562855
Fulvous-chested Jungle-Flycatcher,230083.6535
Sulawesi Blue Flycatcher,62797.14668
Flores Jungle-Flycatcher,5160.561848
White-bellied Blue Flycatcher,20367.4005
Pale-chinned Blue Flycatcher,188967.157
Blue-throated Flycatcher,217328.3595
Rück's Blue Flycatcher,2151.664044
Chestnut-tailed Jungle-Flycatcher,31545.09498
Mangrove Blue Flycatcher,166006.7514
Matinan Flycatcher,791.1687424
Bornean Blue Flycatcher,264933.4422
Tickell's Blue Flycatcher,447611.2049
Malaysian Blue Flycatcher,323139.9922
Gray-chested Jungle-Flycatcher,441375.6125
Pale Blue Flycatcher,772855.9675
Musician Wren,1721563.446
Song Wren,123136.154
Chestnut-breasted Wren,22671.82264
White-chinned Swift,159507.3351
Sooty Swift,897706.5729
White-chested Swift,1381.432988
Black Swift,76335.43295
Rothschild's Swift,64324.68772
Great Dusky Swift,778214.656
White-fronted Swift,32612.66251
Asian Palm-Swift,2640476.546
African Palm-Swift,6312261.578
White-rumped Tanager,1242216.519
Montezuma Quail,291145.0464
Rufous-bellied Kookaburra,259165.4104
Blue-winged Kookaburra,842932.2006
Laughing Kookaburra,931985.7478
Spangled Kookaburra,14238.80079
White-bellied Dacnis,403092.7238
Yellow-bellied Dacnis,1590284.711
Turquoise Dacnis,5689.654899
Black-faced Dacnis,2336366.522
Black-legged Dacnis,10725.73675
Scarlet-thighed Dacnis,78429.94742
Viridian Dacnis,5977.287337
Singing Quail,190228.6257
Varied Sittella,1829942.992
Cape Petrel,52620056.12
Black Caracara,2587696.283
Mindanao Pygmy-Babbler,18953.37344
Visayan Pygmy-Babbler,2508.587774
Red-crested Malkoha,6294.75339
Eastern Bristlebird,814.7238023
Rufous Bristlebird,10332.00366
Western Bristlebird,209.7472636
Long-tailed Woodcreeper,422434.5255
Gray-headed Sunbird,560613.6631
Fraser's Sunbird,717848.8897
Asian House-Martin,212015.9055
Nepal House-Martin,209710.177
Flammulated Flycatcher,25516.42015
Sooty Grouse,222869.5337
Dusky Grouse,589196.0865
Cinnamon-throated Woodcreeper,1417078.763
Plain-brown Woodcreeper,3275533.837
Ruddy Woodcreeper,190229.5422
White-chinned Woodcreeper,2069213.967
Plain-winged Woodcreeper,460784.016
Tyrannine Woodcreeper,118894.5443
Andaman Treepie,2203.210991
Bornean Treepie,65020.88753
Gray Treepie,1285168.155
Collared Treepie,77368.60783
White-bellied Treepie,41697.76582
Sumatran Treepie,63912.48509
Rufous Treepie,1683981.728
Amazonian Barred-Woodcreeper,2571304.793
Hoffmanns's Woodcreeper,333159.6823
Black-banded Woodcreeper,2219929.11
Planalto Woodcreeper,1500092.023
Northern Barred-Woodcreeper,228337.787
Freckle-breasted Woodpecker,429948.0164
Sind Woodpecker,233277.4685
Stripe-breasted Woodpecker,119540.7973
Darjeeling Woodpecker,116576.7975
Himalayan Woodpecker,44427.07049
Rufous-bellied Woodpecker,520867.2665
White-winged Woodpecker,947646.054
White-backed Woodpecker,4317185.812
Fulvous-breasted Woodpecker,349306.5121
Great Spotted Woodpecker,9426148.373
Okinawa Woodpecker,225.9635036
Syrian Woodpecker,1131801.354
West Indian Whistling-Duck,39311.77494
Wandering Whistling-Duck,1888851.387
Black-bellied Whistling-Duck,3589010.065
Plumed Whistling-Duck,1844808.944
Spotted Whistling-Duck,357525.0023
Lesser Whistling-Duck,2163867.763
Crested Francolin,1293701.466
Zimmer's Woodcreeper,91822.84167
Straight-billed Woodcreeper,3805624.607
Long-tailed Wood-Partridge,47518.11917
Red-fan Parrot,1605617.212
Midget Flowerpecker,10572.81118
Thick-billed Flowerpecker,1710155.776
Golden-rumped Flowerpecker,10984.34807
Flame-crowned Flowerpecker,12422.59116
Yellow-sided Flowerpecker,67672.55988
Red-keeled Flowerpecker,91582.50138
Bicolored Flowerpecker,100311.1905
Gray-sided Flowerpecker,71283.58069
Yellow-vented Flowerpecker,1218359.913
Nilgiri Flowerpecker,85459.4507
Scarlet-backed Flowerpecker,1729610.334
Pale-billed Flowerpecker,830041.9726
Buru Flowerpecker,3302.862503
Brown-backed Flowerpecker,58855.27879
Red-banded Flowerpecker,16350.55758
Red-capped Flowerpecker,206572.909
Mistletoebird,2495894.633
White-bellied Flowerpecker,88418.88633
Black-fronted Flowerpecker,11432.88938
Fire-breasted Flowerpecker,1555958.172
Red-chested Flowerpecker,14248.75949
Plain Flowerpecker,1801301.471
Black-sided Flowerpecker,24298.9386
Crimson-crowned Flowerpecker,33978.23954
Olive-capped Flowerpecker,5163.620288
Louisiade Flowerpecker,510.363333
Olive-crowned Flowerpecker,37767.33381
Whiskered Flowerpecker,5238.398354
Pygmy Flowerpecker,104032.2444
Cebu Flowerpecker,45.2784524
Scarlet-collared Flowerpecker,3807.862444
Blood-breasted Flowerpecker,26730.93176
Halmahera Flowerpecker,9832.627374
Orange-bellied Flowerpecker,882805.8451
Mottled Flowerpecker,1286.437789
Scarlet-headed Flowerpecker,124359.6265
White-throated Flowerpecker,4697.518318
Ashy Flowerpecker,6877.477734
Banded Antbird,1201875.265
Fork-tailed Drongo,5641500.124
Bronzed Drongo,1791262.457
Aldabra Drongo,61.57421274
Andaman Drongo,2211.124421
Crow-billed Drongo,489313.1495
Shining Drongo,707114.3288
Balicassiao,58522.59717
Spangled Drongo,762749.1569
White-bellied Drongo,861753.5575
Wallacean Drongo,32795.47191
Crested Drongo,228466.7
Hair-crested Drongo,1881661.149
Ashy Drongo,1214638.491
Sri Lanka Drongo,8462.397724
Square-tailed Drongo,1781799.986
Black Drongo,2422389.711
Ribbon-tailed Drongo,2710.275228
Tablas Drongo,261.7294159
Velvet-mantled Drongo,1347801.96
Sulawesi Drongo,20341.05407
Greater Racket-tailed Drongo,2316069.381
Lesser Racket-tailed Drongo,933556.4591
Sumatran Drongo,150127.3245
Mayotte Drongo,122.1439773
Tooth-billed Pigeon,477.0399345
White-sided Flowerpiercer,98308.75703
Cinnamon-bellied Flowerpiercer,91331.10929
Black-throated Flowerpiercer,122727.0006
Bluish Flowerpiercer,108388.8165
Gray-bellied Flowerpiercer,27068.16962
Masked Flowerpiercer,151408.3563
Scaled Flowerpiercer,41330.17191
Deep-blue Flowerpiercer,44333.70986
Merida Flowerpiercer,4410.797723
Chestnut-bellied Flowerpiercer,277.8940475
Black Flowerpiercer,60009.90753
Indigo Flowerpiercer,7714.831624
Glossy Flowerpiercer,42353.59982
Greater Flowerpiercer,13016.58862
Moustached Flowerpiercer,46841.92383
Rusty Flowerpiercer,229225.8884
White-headed Buffalo-Weaver,911713.7009
Black-rumped Flameback,1158533.111
Spot-throated Flameback,5075.145518
Common Flameback,1045233.222
Olive-backed Woodpecker,397778.1243
Himalayan Flameback,147777.7621
Royal Albatross,21810180.55
Wandering Albatross,37749130.94
Red-shouldered Macaw,191198.2485
Green Thorntail,51299.40862
Black-bellied Thorntail,764483.6293
Racket-tailed Coquette,830160.1196
Wire-crested Thorntail,63694.78734
Common Diuca-Finch,691993.6101
Scrub Blackbird,92227.90094
Bay-vented Cotinga,5026.835158
Black-capped Donacobius,3328430.334
Long-tailed Reed Finch,645287.0659
Mexican Sheartail,1122.892812
Slender Sheartail,30342.41232
Blue-fronted Lancebill,177469.6328
Iiwi,1472.284056
Cloven-feathered Dove,6383.432829
Golden-winged Sunbird,84075.1869
Black-billed Sicklebill,9083.295816
Sao Tome Sunbird,128.9270757
Emu,1633726.044
Crab-Plover,134207.4909
Pavonine Cuckoo,1197166.885
Pheasant Cuckoo,3706601.97
Red-winged Gray Warbler,428873.8321
Papuan Scrub-Robin,161661.8098
Southern Scrub-Robin,354000.6538
Northern Scrub-Robin,4780.736851
East Andean Antbird,7183.117681
Striated Antbird,811379.749
Ferruginous Antbird,195433.0021
Rufous-tailed Antbird,8606.665157
Santa Marta Antbird,1174.044762
Klages's Antbird,22464.66227
Dusky-tailed Antbird,297204.5988
Ochre-rumped Antbird,138966.4059
Bertoni's Antbird,127182.6004
Scaled Antbird,131289.0657
Streak-headed Antbird,74676.38676
Scimitar-billed Woodcreeper,553374.7346
Greater Scythebill,54775.85076
Crimson-breasted Woodpecker,48574.09918
Lesser Spotted Woodpecker,7161740.716
Nuttall's Woodpecker,70978.35916
Ladder-backed Woodpecker,1120642.873
Andaman Woodpecker,2203.210991
White-bellied Woodpecker,1039940.064
Black Woodpecker,7580867.141
White-throated Rail,228183.6003
Pink-footed Puffback,143758.982
Black-backed Puffback,2208676.025
Northern Puffback,2165488.407
Pringle's Puffback,173287.0081
Sabine's Puffback,465292.2616
Red-eyed Puffback,471634.6579
Congo Serpent-Eagle,1113808.11
Chestnut-bellied Mountain-Tanager,50675.4957
Buff-breasted Mountain-Tanager,82051.11235
Green Imperial-Pigeon,1983368.365
Polynesian Imperial-Pigeon,9.690161036
Mountain Imperial-Pigeon,1149054.316
Baker's Imperial-Pigeon,1593.238174
Cinnamon-bellied Imperial-Pigeon,8851.262016
Pied Imperial-Pigeon,241834.8251
Chestnut-bellied Imperial-Pigeon,4178.717803
Rufescent Imperial-Pigeon,63841.43802
Timor Imperial-Pigeon,1345.283821
Elegant Imperial-Pigeon,4212.336125
Finsch's Imperial-Pigeon,14953.71236
White-bellied Imperial-Pigeon,56252.62312
Marquesas Imperial-Pigeon,12.55428747
New Caledonian Imperial-Pigeon,6388.844976
Dark-backed Imperial-Pigeon,26550.90029
Peale's Imperial-Pigeon,6967.328304
Silver-tipped Imperial-Pigeon,55986.61879
Bismarck Imperial-Pigeon,13950.73783
Mindoro Imperial-Pigeon,467.7230578
Collared Imperial-Pigeon,108517.4984
Spice Imperial-Pigeon,2913.487075
Seram Imperial-Pigeon,7140.692451
Micronesian Imperial-Pigeon,512.4065152
Pacific Imperial-Pigeon,11419.55825
Spectacled Imperial-Pigeon,13361.21672
Gray Imperial-Pigeon,1181.815221
Pinon's Imperial-Pigeon,245224.8338
Pink-bellied Imperial-Pigeon,102831.6039
Gray-headed Imperial-Pigeon,59748.2368
Pink-headed Imperial-Pigeon,23565.8014
Purple-tailed Imperial-Pigeon,259049.1289
Torresian Imperial-Pigeon,200222.9695
Christmas Island Imperial-Pigeon,52.96466044
Zoe's Imperial-Pigeon,272859.4805
Palmchat,28922.4154
Gray Catbird,157106.5142
Tawny-bellied Babbler,815185.4309
White-streaked Antvireo,20168.68686
Plain Antvireo,1603497.024
Bicolored Antvireo,6180.661089
Plumbeous Antvireo,16395.22027
Spot-breasted Antvireo,160316.8005
Streak-crowned Antvireo,34044.50533
Rufous-backed Antvireo,17158.36634
Eclectus Parrot,324093.8908
Pale Cicadabird,11049.61031
Kai Cicadabird,1871.397248
Solomons Cuckooshrike,9603.419011
Papuan Cicadabird,134453.7005
Black-bibbed Cuckooshrike,90414.548
Black-bellied Cicadabird,111882.6086
Sulawesi Cicadabird,66525.85979
Makira Cicadabird,1289.040475
Gray-headed Cicadabird,64288.46073
Sula Cicadabird,1806.227585
Common Cicadabird,535299.0933
Black Heron,3283785.633
Little Blue Heron,1930239.177
Little Egret,11764760.65
Western Reef-Heron,777829.9597
White-faced Heron,1034913.601
Pacific Reef-Heron,1582808.616
Snowy Egret,5822660.037
Tricolored Heron,528589.4535
Slaty Egret,42500.0427
Spotted Elachura,256087.9274
White-crested Elaenia,275702.601
Coopmans's Elaenia,15024.78252
Lesser Elaenia,2783019.25
Plain-crested Elaenia,1980018.572
Great Elaenia,10280.72885
Greater Antillean Elaenia,2328.204918
Yellow-bellied Elaenia,3987621.96
Mottle-backed Elaenia,183211.4332
Caribbean Elaenia,10343.00752
Olivaceous Elaenia,855801.1643
Highland Elaenia,126095.4007
Sierran Elaenia,108831.5741
Small-billed Elaenia,1058578.144
Brownish Elaenia,120297.2404
Noronha Elaenia,7.771640815
Rufous-crowned Elaenia,273804.7792
Large Elaenia,1113817.022
Slaty Elaenia,89246.82595
Swallow-tailed Kite,4846664.904
Black-shouldered Kite,2953296.593
Black-winged Kite,10256601.09
White-tailed Kite,4834862.698
Letter-winged Kite,280874.0248
Sri Lanka Bush Warbler,1469.551194
White-breasted Tapaculo,175560.8557
Bahia Tapaculo,2005.698914
Sickle-winged Nightjar,836602.7245
White-winged Nightjar,1179.853552
White-tailed Blue Flycatcher,761098.9389
White-bellied Crested-Flycatcher,86812.29642
White-tailed Crested-Flycatcher,349526.7099
African Blue Flycatcher,1509997.746
Dusky Crested-Flycatcher,939692.9397
Black-fronted Dotterel,2839566.81
White-tailed Emerald,3705.758544
Coppery-headed Emerald,2016.702516
Brown-rumped Bunting,539614.3718
Cabanis's Bunting,1100912.751
Corn Bunting,2230401.089
Cape Bunting,509918.8556
Rock Bunting,1273896.035
Meadow Bunting,4007741.029
Cirl Bunting,839153.6441
Yellowhammer,3870030.471
Yellow-throated Bunting,603567.882
Golden-breasted Bunting,2690777.427
Chestnut-eared Bunting,429211.8798
Godlewski's Bunting,2244881.166
Gosling's Bunting,959419.5343
Lark-like Bunting,639913.9483
Tibetan Bunting,51146.05087
Crested Bunting,1409487.637
Pine Bunting,195811.2847
Somali Bunting,482701.2466
House Bunting,534013.5022
Reed Bunting,2867063.469
Socotra Bunting,243.5634074
Striolated Bunting,1030572.858
Cinnamon-breasted Bunting,1580307.303
Duida Grass-Finch,52.94985396
Lesser Grass-Finch,250753.9202
Pale-throated Pampa-Finch,33265.88424
Great Pampa-Finch,1056178.295
Painted Firetail,500371.0172
Gray-capped Warbler,243876.6973
Pine Flycatcher,185418.3158
Pacific-slope Flycatcher,1252.878763
Variegated Flycatcher,2987855.068
Austral Parakeet,220884.0194
Slender-billed Parakeet,49038.16488
Black-backed Forktail,355701.8625
White-crowned Forktail,2380922.41
Spotted Forktail,633397.0482
Chestnut-naped Forktail,426677.8367
Slaty-backed Forktail,942830.161
Little Forktail,1281597.445
Sunda Forktail,39908.05044
Fiery-browed Myna,29825.41185
Sword-billed Hummingbird,153777.2166
Black Solitaire,8115.039035
White-eared Solitaire,79896.56459
Blue-faced Honeyeater,773769.8806
Galah,2706438.587
Japanese Grosbeak,46141.23181
Eastern Yellow Robin,453412.6794
Western Yellow Robin,226935.2603
Red Lory,11100.73044
Red-and-blue Lory,393.185593
Blue-streaked Lory,1396.352142
Blue-eared Lory,158.326082
Violet-necked Lory,12360.99304
Black-necked Stork,2109119.462
Saddle-billed Stork,4274730.706
Black Sicklebill,31141.65263
Brown Sicklebill,52143.86706
Madeira Antwren,302893.6377
Rufous-tailed Antwren,644105.8521
Checker-throated Antwren,108548.1886
Brown-bellied Antwren,422428.9144
Rufous-backed Antwren,850161.0937
White-eyed Antwren,813337.9641
Ornate Antwren,301042.9151
Foothill Antwren,48017.61332
White-fronted Chat,1029738.053
Orange Chat,2165989.386
Yellow Chat,841577.2068
Crimson Chat,672375.026
Dunn's Lark,704802.8396
Black-necked Eremomela,410456.4603
Rufous-crowned Eremomela,1270274.482
Green-backed Eremomela,870554.0034
Yellow-vented Eremomela,345068.6393
Yellow-rumped Eremomela,104832.3466
Yellow-bellied Eremomela,3190012.84
Senegal Eremomela,1142962.99
Greencap Eremomela,1763778.21
Turner's Eremomela,1021.030547
Burnt-neck Eremomela,552491.5628
Horned Lark,4818059.58
Temminck's Lark,549156.3777
Black-eared Sparrow-Lark,248181.07
Ashy-crowned Sparrow-Lark,1145421.892
Madagascar Lark,228231.8557
Fischer's Sparrow-Lark,331800.2705
Chestnut-backed Sparrow-Lark,2942594.777
Black-crowned Sparrow-Lark,3026327.599
Chestnut-headed Sparrow-Lark,374833.8453
Gray-backed Sparrow-Lark,1176945.899
Emerald-bellied Puffleg,26387.74768
Coppery-bellied Puffleg,19197.82559
Black-thighed Puffleg,9473.074058
Blue-capped Puffleg,22062.63054
Gorgeted Puffleg,17.06953706
Sapphire-vented Puffleg,14655.61543
Colorful Puffleg,13.10870412
Golden-breasted Puffleg,13450.10631
Black-breasted Puffleg,30.08867174
Glowing Puffleg,37780.4164
European Robin,1340165.072
White-bellied Erpornis,1401324.189
Yellow Flycatcher,71477.75549
Livingstone's Flycatcher,437555.0549
Chestnut-capped Flycatcher,836457.5604
Red-kneed Dotterel,1973405.263
Blue-banded Pitta,82644.42501
Sangihe Pitta,215.1295577
Sulawesi Pitta,67554.56222
Sula Pitta,2098.050924
Blue-breasted Pitta,111728.5473
New Britain Pitta,14050.54897
Garnet Pitta,329337.8927
Whiskered Pitta,13730.44946
Papuan Pitta,267570.1181
Louisiade Pitta,114.0278242
New Ireland Pitta,3271.68408
Siao Pitta,74.74399329
South Moluccan Pitta,10519.55763
North Moluccan Pitta,9687.103665
Tabar Pitta,110.0655875
Black-crowned Pitta,15877.35342
Chestnut-shouldered Goshawk,58844.13851
Red Goshawk,414992.5502
Red-eared Parrotfinch,4539.634331
Tawny-breasted Parrotfinch,113737.2009
Pink-billed Parrotfinch,1857.763251
Papuan Parrotfinch,69588.35597
Fiji Parrotfinch,6568.607345
Pin-tailed Parrotfinch,612132.8296
Red-throated Parrotfinch,6378.591376
Blue-faced Parrotfinch,331579.9611
Tricolored Parrotfinch,14099.55347
Green-faced Parrotfinch,41051.83248
Beach Thick-knee,852216.0296
Great Thick-knee,1146564.93
Common Waxbill,2278991.66
Black-headed Waxbill,256797.0439
Black-cheeked Waxbill,289049.028
Black-faced Waxbill,795769.7817
Kandt's Waxbill,43681.36858
Orange-cheeked Waxbill,1441055.259
Black-lored Waxbill,10950.48309
Black-crowned Waxbill,469151.7777
Fawn-breasted Waxbill,765726.0059
Black-tailed Waxbill,399974.5758
Anambra Waxbill,16964.65882
Crimson-rumped Waxbill,475697.4574
Arabian Waxbill,33249.41891
Cinderella Waxbill,33824.18971
Black-rumped Waxbill,757779.6349
Red-headed Barbet,90541.58367
Lemon-throated Barbet,245806.2049
Scarlet-hooded Barbet,68589.45086
Versicolored Barbet,48503.94627
Rufous-rumped Antwren,87738.3187
Chestnut-shouldered Antwren,491121.8351
Yellow-rumped Antwren,9374.972739
Ash-winged Antwren,832277.5752
Gray-headed Tanager,2213853.448
White Ibis,464957.4978
Scarlet Ibis,315170.1844
Elegant Crested-Tinamou,576688.9557
Quebracho Crested-Tinamou,110298.2502
Pacific Koel,411227.9026
Asian Koel,2639193.938
Little Penguin,97732.41133
Garnet Robin,47214.85847
Ochre-flanked Tapaculo,47945.17534
Wattled Ploughbill,34257.41157
Green-throated Carib,3216.918937
Purple-throated Carib,2017.745305
Moluccan Scrubfowl,19046.66244
Turquoise-browed Motmot,93596.56997
Buru Jungle-Flycatcher,1579.910828
Nilgiri Flycatcher,12667.83981
Indigo Flycatcher,19733.28999
Turquoise Flycatcher,67113.32487
Dull-blue Flycatcher,2256.401705
Verditer Flycatcher,1640474.509
Orangequit,4255.517775
Horned Parakeet,318.9982603
Ouvea Parakeet,59.10234779
African Silverbill,1476765.014
Indian Silverbill,1278692.79
Malaysian Rail-babbler,425957.4879
Swallow-tailed Hummingbird,1773790.579
Brewer's Blackbird,629290.4479
Blue-capped Hummingbird,1569.057134
Black-bellied Hummingbird,5536.020374
White-tailed Hummingbird,1530.252092
Golden-sided Euphonia,491322.5663
Green-throated Euphonia,287804.1941
Golden-bellied Euphonia,2115314.402
Velvet-fronted Euphonia,10178.21341
Golden-rumped Euphonia,1046852.436
Elegant Euphonia,184696.2656
Finsch's Euphonia,126382.4422
Fulvous-vented Euphonia,76608.0609
Olive-backed Euphonia,126099.9054
Yellow-throated Euphonia,246033.3229
Spot-crowned Euphonia,5741.177898
Jamaican Euphonia,4255.517775
Thick-billed Euphonia,1723922.297
Yellow-crowned Euphonia,43082.80776
Bronze-green Euphonia,74725.08931
White-vented Euphonia,1988395.483
Chestnut-bellied Euphonia,525577.0095
Plumbeous Euphonia,352684.9046
Rufous-bellied Euphonia,1702530.555
Orange-crowned Euphonia,36709.85857
Trinidad Euphonia,235587.8975
Violaceous Euphonia,1900322.128
Yellow-crowned Bishop,1196268.118
White-winged Widowbird,994293.8077
Red-collared Widowbird,1228831.868
Golden-backed Bishop,16736.78014
Fan-tailed Widowbird,915655.4713
Yellow Bishop,1019197.919
Fire-fronted Bishop,86631.03298
Northern Red Bishop,1253301.514
Black Bishop,95215.03145
Marsh Widowbird,286201.2015
Black-winged Bishop,1970648.275
Jackson's Widowbird,41677.51983
Yellow-mantled Widowbird,1541810.823
Zanzibar Red Bishop,65681.55806
Southern Red Bishop,1146172.591
Long-tailed Widowbird,269445.8765
Buff-shouldered Widowbird,13464.54836
Blue Bustard,102256.3671
White-bellied Bustard,1886805.67
Peach-fronted Parakeet,2225772.823
Cactus Parakeet,461476.0144
Orange-fronted Parakeet,104108.9247
Olive-throated Parakeet,4255.517775
Brown-throated Parakeet,566557.0083
Eared Quetzal,130566.5697
Ansorge's Greenbul,717559.8675
Plain Greenbul,1352374.244
Gray Greenbul,1371472.148
Yellow-whiskered Greenbul,1421731.938
Little Greenbul,2226639.51
White-crowned Shrike,587277.1075
White-rumped Shrike,708496.0331
Archbold's Nightjar,28799.86787
Spotted Nightjar,2704786.735
Diabolical Nightjar,1131.114507
White-throated Nightjar,232754.5268
Solomons Nightjar,9283.064553
Papuan Nightjar,194154.6935
Helmet Vanga,6272.477795
Banded Broadbill,48677.54143
Black-and-yellow Broadbill,435831.5921
Kopje Warbler,105813.5423
Sunbittern,3252204.035
Azure Roller,7989.798727
Broad-billed Roller,5131283.424
Blue-throated Roller,1091879.87
Dollarbird,2280117.574
Tawny-crowned Pygmy-Tyrant,2398297.704
Rufous-sided Pygmy-Tyrant,945135.8241
Dusky Twinspot,55411.0392
Dybowski's Twinspot,299937.313
White-tipped Sicklebill,118382.3319
Buff-tailed Sicklebill,142122.9356
Cerulean Paradise-Flycatcher,5.752273606
Madagascar Serpent-Eagle,13305.23789
Spruce Grouse,2329148.804
Siberian Grouse,267238.3579
Fox Kestrel,2040939.802
Seychelles Kestrel,85.80447226
Gray Kestrel,2836168.17
Brown Falcon,3194406.01
Lanner Falcon,6908464.825
Australian Kestrel,2967198.122
Saker Falcon,865503.1851
Red-necked Falcon,1222618.223
Merlin,919323.6197
African Hobby,2871359.076
Orange-breasted Falcon,1283067.364
Dickinson's Kestrel,1453961.295
Taita Falcon,193459.3906
Aplomado Falcon,4660143.659
Gray Falcon,2072094.538
Laggar Falcon,985706.7269
Australian Hobby,2994026.431
Prairie Falcon,1465747.147
Spotted Kestrel,180091.104
Lesser Kestrel,171179.9501
Madagascar Kestrel,228183.7096
New Zealand Falcon,57345.05803
Mauritius Kestrel,60.82986407
Greater Kestrel,1232242.542
Gyrfalcon,2689123.888
Oriental Hobby,1339138.684
American Kestrel,7632457.604
Eurasian Hobby,65007.67049
Black Falcon,2282035.375
Eurasian Kestrel,11758389.12
Banded Kestrel,159032.3562
Sickle-billed Vanga,116496.6764
Crested Shrike-tit,379607.8307
Zapata Wren,811.7869951
Lompobattang Flycatcher,316.2873509
Cinnamon-chested Flycatcher,10294.07518
Cryptic Flycatcher,7977.239217
Furtive Flycatcher,4646.429811
Rufous-chested Flycatcher,145898.5756
Sumba Flycatcher,4132.206257
Damar Flycatcher,75.82327011
Pygmy Flycatcher,317170.3667
Snowy-browed Flycatcher,895138.8921
Bundok Flycatcher,33994.98115
Black-and-orange Flycatcher,8244.600769
Tanimbar Flycatcher,294.0633481
Rufous-throated Flycatcher,44079.57017
Sapphire Flycatcher,541241.2169
Rufous-gorgeted Flycatcher,737577.1511
Black-banded Flycatcher,2251.131162
Slaty-blue Flycatcher,196878.6091
Little Pied Flycatcher,1204173.19
Black Jacobin,258584.1541
Black-backed Water-Tyrant,2169119.168
Masked Water-Tyrant,1406215.511
Pied Water-Tyrant,640318.0741
Black-faced Antthrush,2206748.725
Rufous-capped Antthrush,2695768.8
Rufous-breasted Antthrush,79664.8443
Black-hooded Antwren,50.70610994
Sincora Antwren,1357.856315
White-fringed Antwren,1943194.544
Black-bellied Antwren,1023029.105
Rusty-backed Antwren,1579498.021
Serra Antwren,80996.90885
Pacific Parrotlet,56835.59348
Spectacled Parrotlet,124084.474
Mexican Parrotlet,44609.81054
Dusky-billed Parrotlet,1100438.411
Green-rumped Parrotlet,409425.3423
Blue-winged Parrotlet,2232167.355
Red-headed Fody,396.1596388
Rodrigues Fody,1.868242112
Red Fody,228121.9399
Forest Fody,49202.17899
Mauritius Fody,4.579863463
Seychelles Fody,0.965637014
Eastern Wattled-Honeyeater,1628.274309
Western Wattled-Honeyeater,4341.065624
Northern Wattled-Honeyeater,2384.674756
Black Francolin,1151512.32
Swamp Francolin,70727.83937
Painted Francolin,600053.8324
Chinese Francolin,800087.9251
Gray Francolin,1305367.507
Ashy Flycatcher,2901010.619
White-browed Forest-Flycatcher,1339044.243
Gray-throated Tit-Flycatcher,958026.1661
Chapin's Flycatcher,14442.05713
African Forest-Flycatcher,1268653.654
Olivaceous Flycatcher,491351.3919
Gray Tit-Flycatcher,3035175.292
Tessmann's Flycatcher,78253.47452
Tufted Puffin,137818.6847
Undulated Antshrike,670152.3446
Black-throated Antshrike,489151.8893
Ascension Frigatebird,984158.9261
Lesser Frigatebird,36547091.83
White-bellied Storm-Petrel,29286395.21
New Zealand Storm-Petrel,617361.8358
Common Chaffinch,2390065.461
Brambling,50637.27494
Blue Chaffinch,135.1116079
Hawaiian Coot,443.3971224
American Coot,1969481.108
Slate-colored Coot,229573.1065
Red-gartered Coot,1055337.313
Eurasian Coot,6022252.245
Horned Coot,86279.89905
Red-knobbed Coot,2043030.385
Giant Coot,206379.0416
White-winged Coot,1174306.724
Red-fronted Coot,484935.2145
Northern Fulmar,11154456.8
Southern Fulmar,37594359.32
Gray-hooded Fulvetta,376188.5932
Indochinese Fulvetta,10267.60477
Taiwan Fulvetta,3317.621788
Streak-throated Fulvetta,92437.70334
Spectacled Fulvetta,213312.277
Chinese Fulvetta,165104.8772
White-browed Fulvetta,216022.5786
Crested Hornero,262370.0249
Wing-banded Hornero,761141.4206
Pale-legged Hornero,1846745.905
Lesser Hornero,123223.5871
Rufous Hornero,2386703.769
Pale-billed Hornero,33810.9336
Collared Nightjar,87403.83338
White-eared Jacamar,185219.6584
Purus Jacamar,317030.2576
Yellow-billed Jacamar,726395.769
Purplish Jacamar,315274.3909
Bluish-fronted Jacamar,459029.7002
Blue-cheeked Jacamar,1044417.583
Paradise Jacamar,2287218.72
Green-tailed Jacamar,744262.7176
Bronzy Jacamar,1154986.645
Rufous-tailed Jacamar,2937045.221
White-chinned Jacamar,374295.2809
Crested Lark,9360416.415
Tawny Lark,321562.9262
Large-billed Lark,267492.8633
Malabar Lark,82259.28316
Sun Lark,1254555.381
Thekla's Lark,876620.8907
Luzon Bleeding-heart,41457.3449
Sulu Bleeding-heart,226.0623551
Mindoro Bleeding-heart,183.4862911
Cinnamon Ground-Dove,282423.7021
Sulawesi Ground-Dove,66070.77129
Watercock,2074065.38
Puna Snipe,300322.5754
Wilson's Snipe,691616.381
Common Snipe,182492.0333
Jameson's Snipe,101004.0841
Madagascar Snipe,84942.35971
African Snipe,2165823.498
Noble Snipe,100257.2036
South American Snipe,5925290.212
Solitary Snipe,1543095.98
Fuegian Snipe,127593.5903
Giant Snipe,998207.4757
Lesser Moorhen,4532012.819
Eurasian Moorhen,10423239.06
Common Gallinule,4232453.37
Dusky Moorhen,1462291.306
Weka,14783.37281
Calayan Rail,26.221905
New Caledonian Rail,0.37733024
Sri Lanka Spurfowl,14548.25026
Painted Spurfowl,536827.9024
Red Spurfowl,454044.3492
Red Junglefowl,1967064.825
Sri Lanka Junglefowl,21467.6604
Gray Junglefowl,397761.6504
Green Junglefowl,72470.98695
Pearl Kite,3963758.578
White-hooded Babbler,175173.0067
Collared Babbler,183878.4751
Gray-backed Storm-Petrel,10979048.28
Orange-breasted Laughingthrush,3104.446891
Sumatran Laughingthrush,25905.87216
Bare-headed Laughingthrush,9784.72414
Chinese Hwamei,721243.537
Rufous-cheeked Laughingthrush,43641.38035
Ashy-headed Laughingthrush,6066.218735
Cambodian Laughingthrush,483.1922781
White-crested Laughingthrush,662243.1045
Black Laughingthrush,16053.29753
Gray Laughingthrush,280200.1041
Spot-breasted Laughingthrush,192529.682
Black-hooded Laughingthrush,9339.002386
Lesser Necklaced Laughingthrush,963993.0618
Sunda Laughingthrush,49838.92403
Masked Laughingthrush,527813.5976
Rufous-fronted Laughingthrush,1842.34701
White-necked Laughingthrush,95457.52527
Taiwan Hwamei,9224.13764
Eurasian Jay,7512820.039
Black-headed Jay,124509.7275
Lidth's Jay,314.7951944
Mangrove Honeyeater,16701.41805
Varied Honeyeater,62510.02774
Singing Honeyeater,2821120.632
Pale-headed Woodpecker,289692.9886
Bamboo Woodpecker,72437.84362
Striated Earthcreeper,35907.19798
Greater Roadrunner,1161393.641
Lesser Roadrunner,199654.1818
Ground Woodpecker,298840.0145
Red-cheeked Parrot,306334.9923
Singing Parrot,30414.644
Blue-collared Parrot,96997.1862
Black-eared Ground-Thrush,63463.01076
Orange-headed Thrush,1125364.59
Crossley's Ground-Thrush,30656.16759
Chestnut-backed Thrush,5437.814176
Buru Thrush,3302.838471
Rusty-backed Thrush,60937.1896
Orange Ground-Thrush,162651.747
Spotted Ground-Thrush,14995.52301
Chestnut-capped Thrush,260443.5513
Seram Thrush,7216.802982
Enggano Thrush,154.4585186
Red-and-black Thrush,3012.262289
Oberländer's Ground-Thrush,20257.11618
Orange-banded Thrush,12547.65709
Abyssinian Ground-Thrush,126679.6704
Gray Ground-Thrush,175088.5435
Slaty-backed Thrush,1354.692662
Spot-winged Thrush,4404.913481
Diamond Dove,2202139.125
Bar-shouldered Dove,1065044.702
Barred Dove,32922.84352
Peaceful Dove,2151599.711
Zebra Dove,404584.099
Spinifex Pigeon,532818.2632
Squatter Pigeon,368196.1009
Partridge Pigeon,18186.433
Thick-billed Miner,19916.40881
Common Miner,1124436.501
Grayish Miner,61158.41725
Coastal Miner,21105.3979
Campo Miner,562534.2385
Puna Miner,147822.752
Rufous-banded Miner,292582.238
Dark-winged Miner,17278.70611
Slender-billed Miner,240293.547
Genovesa Ground-Finch,5.939457773
Española Ground-Finch,24.75452777
Sharp-beaked Ground-Finch,496.7324548
Medium Ground-Finch,2972.923209
Small Ground-Finch,3205.432206
Large Ground-Finch,2864.780358
Genovesa Cactus-Finch,5.939457773
Vampire Ground-Finch,0.935864106
Ash-breasted Sierra-Finch,367031.5433
Plumbeous Sierra-Finch,524440.9235
Belding's Yellowthroat,1474.911856
Hooded Yellowthroat,45248.3895
Bahama Yellowthroat,3383.843677
Olive-crowned Yellowthroat,44642.03329
Common Yellowthroat,478014.8581
Gray-fronted Quail-Dove,8982.968024
Key West Quail-Dove,80219.99385
White-fronted Quail-Dove,1864.165248
Ruddy Quail-Dove,5116260.516
Purple Quail-Dove,22079.03088
Sapphire Quail-Dove,219761.576
Crested Quail-Dove,4255.517775
Violaceous Quail-Dove,575445.7804
Black-chested Buzzard-Eagle,2628552.835
Variable Hawk,1222198.156
Crane Hawk,5534235.181
Southern Bald Ibis,79889.66282
Northern Bald Ibis,222.6015707
Chatham Island Gerygone,305.023801
Green-backed Gerygone,389745.1125
Yellow-bellied Gerygone,215348.8488
Rufous-sided Gerygone,2704.546692
Fan-tailed Gerygone,10948.90778
Western Gerygone,1060842.375
Biak Gerygone,974.6218101
Gray Gerygone,103817.2808
Plain Gerygone,12817.49609
Mangrove Gerygone,132145.4373
Large-billed Gerygone,465270.7131
Norfolk Island Gerygone,14.6242134
Brown Gerygone,149667.1311
White-throated Gerygone,910457.1646
Fairy Gerygone,374217.9067
Brown-breasted Gerygone,41614.08865
Golden-bellied Gerygone,669198.5879
Dusky Gerygone,15130.40501
Gray Pratincole,1328084.403
Small Pratincole,1284742.179
Oriental Pratincole,59281.56648
Rock Pratincole,2410978.18
Madagascar Pratincole,210561.497
Collared Pratincole,555183.5185
Albertine Owlet,12506.49394
Yungas Pygmy-Owl,46790.83632
Ferruginous Pygmy-Owl,5550260.997
Collared Owlet,954053.0076
African Barred Owlet,1572170.543
Chestnut Owlet,35423.64144
Javan Owlet,19370.97151
Chestnut-backed Owlet,18022.28277
Costa Rican Pygmy-Owl,4098.984026
Asian Barred Owlet,1780846.963
Northern Pygmy-Owl,226203.9174
Amazonian Pygmy-Owl,1811544.18
Andean Pygmy-Owl,79343.91404
Least Pygmy-Owl,466802.4205
Austral Pygmy-Owl,253493.6442
Colima Pygmy-Owl,87429.15059
Subtropical Pygmy-Owl,11202.4074
Eurasian Pygmy-Owl,4388446.935
Pearl-spotted Owlet,4603630.067
Peruvian Pygmy-Owl,129196.4509
Jungle Owlet,844371.5325
Tamaulipas Pygmy-Owl,10494.88969
Sjöstedt's Owlet,528814.9904
Red-chested Owlet,793314.7715
Bronzy Hermit,66009.65343
Hook-billed Hermit,377.6687823
Tawny-crowned Honeyeater,438592.7762
Vanuatu Honeyeater,3421.958899
Barred Honeyeater,6383.777598
Musk Lorikeet,256049.0848
Purple-crowned Lorikeet,362061.2152
Little Lorikeet,299808.2961
Green-backed Honeyeater,233261.9956
Wedge-billed Woodcreeper,2844897.709
Chopi Blackbird,2289793.27
Violet-capped Hummingbird,1101.434891
Apo Myna,590.0997407
White-eared Night-Heron,635928.8548
Malayan Night-Heron,437043.4179
Western Crowned-Pigeon,31096.1309
Scheepmaker's Crowned-Pigeon,6057.574708
Sclater's Crowned-Pigeon,74175.58324
Victoria Crowned-Pigeon,44992.41473
Southern Hill Myna,54505.59288
Sri Lanka Myna,6225.995228
Common Hill Myna,1492104.29
Nias Myna,1705.041876
Asian Pied Starling,1287295.218
Black-collared Starling,1105376.352
White-collared Starling,66532.12736
White-throated Antpitta,17627.59697
Moustached Antpitta,3431.124485
Stripe-headed Antpitta,54450.33736
Santa Marta Antpitta,1950.780566
Chestnut Antpitta,6906.029656
Bay Antpitta,4684.659179
Pale-billed Antpitta,11571.84655
Tachira Antpitta,191.5761481
Ochre-striped Antpitta,149145.1071
Elusive Antpitta,148078.3152
Red-and-white Antpitta,12623.1772
Rufous-faced Antpitta,15092.14565
Great Antpitta,3249.914234
Yellow-breasted Antpitta,8793.948706
Giant Antpitta,5191.70377
Gray-naped Antpitta,3186.542441
Scaled Antpitta,454117.9644
Plain-backed Antpitta,33973.79362
White-bellied Antpitta,24074.66341
Cundinamarca Antpitta,171.5436915
Brown-banded Antpitta,4770.319333
Chestnut-naped Antpitta,24512.02905
Rusty-tinged Antpitta,10176.10977
Tawny Antpitta,28703.02618
Jocotoco Antpitta,46.50144832
Chestnut-crowned Antpitta,92524.24128
Bicolored Antpitta,3696.090048
Rufous Antpitta,91268.83129
Undulated Antpitta,104039.338
Variegated Antpitta,1253958.32
Watkins's Antpitta,6414.455447
Hooded Antpitta,5967.899959
Sucre Antpitta,1342.130953
Rusty-breasted Antpitta,27027.94573
Ochre-breasted Antpitta,80468.61205
Leymebamba Antpitta,27350.90162
Crescent-faced Antpitta,5538.381185
Scallop-breasted Antpitta,4350.979608
Slate-crowned Antpitta,103369.7852
Ochre-fronted Antpitta,470.1067177
Peruvian Antpitta,8926.548696
Torrent-lark,100315.4592
Magpie-lark,2604604.473
Indian Grassbird,67387.13147
Chinese Grassbird,22506.38106
Striated Laughingthrush,122743.5833
Rose-breasted Chat,1337807.124
Gray-throated Chat,121820.7435
Red-breasted Chat,66329.36601
Violet-eared Waxbill,914321.9607
Purple Grenadier,560045.8035
Grandala,621572.1655
Painted Honeyeater,144412.7628
Grauer's Warbler,17274.88192
Short-tailed Parrot,254115.4206
Whooping Crane,740.7381922
Common Crane,61330.3766
Guadalcanal Honeyeater,240.9367635
Golden Parakeet,100783.6469
Yellow Cardinal,295506.9868
Streamer-tailed Tyrant,803911.9489
Guira Cuckoo,3099317.51
Plumed Guineafowl,322195.1703
Crested Guineafowl,200740.9548
Gray-throated Barbet,692059.3488
Naked-faced Barbet,650703.2849
Bristle-nosed Barbet,521598.1646
Sladen's Barbet,524319.462
Bare-crowned Antbird,137412.7933
Bare-eyed Rail,267970.0371
Blue-faced Rail,18805.38761
Talaud Rail,325.2621711
Bare-necked Fruitcrow,2027903.284
California Condor,39284.87923
Oriole Blackbird,603807.4403
Duetting Giant-Honeyeater,4034.306244
Chattering Giant-Honeyeater,2097.913023
Papuan Mountain-Pigeon,206857.5716
Buru Mountain-Pigeon,2438.940098
Pale Mountain-Pigeon,2409.76061
Seram Mountain-Pigeon,6718.315406
Bicolored Antbird,141790.6695
White-cheeked Antbird,397473.6472
Rufous-throated Antbird,667079.8805
Australian Magpie,2597286.468
Pinyon Jay,495771.7734
Bearded Vulture,3202775.835
Palm-nut Vulture,3751189.312
White-backed Vulture,4040750.848
White-rumped Vulture,1176820.522
Cape Griffon,259153.7845
Eurasian Griffon,1336078.973
Himalayan Griffon,1490017.811
Indian Vulture,431655.2732
Rüppell's Griffon,2488506.106
Slender-billed Vulture,272270.8427
Black-cheeked Ant-Tanager,397.568417
Crested Ant-Tanager,20870.44614
Sooty Ant-Tanager,36730.76804
Red-crowned Ant-Tanager,2205279.93
Crimson Fruitcrow,402986.0896
Blackish Oystercatcher,207743.6432
Chatham Oystercatcher,9.384645335
Sooty Oystercatcher,313547.2817
Magellanic Oystercatcher,80226.57611
Pied Oystercatcher,330192.6194
African Oystercatcher,52895.66819
Eurasian Oystercatcher,78825.49011
American Oystercatcher,562847.0696
Variable Oystercatcher,28378.17948
Crimson-headed Partridge,28232.47591
Cassin's Finch,513409.9454
House Finch,3976625.448
Purple Finch,526206.0748
Sooty Antbird,751246.6863
Blue-lored Antbird,39792.20267
Zeledon's Antbird,62950.47949
Brown-hooded Kingfisher,1453801.15
Chocolate-backed Kingfisher,1234431.326
Striped Kingfisher,5065812.342
Ruddy Kingfisher,701986.31
Javan Kingfisher,50809.93204
Brown-breasted Kingfisher,107461.969
Gray-headed Kingfisher,5131216.125
Blue-breasted Kingfisher,1843470.248
Black-capped Kingfisher,84615.14986
Woodland Kingfisher,2226818.225
Mangrove Kingfisher,74796.99133
White-throated Kingfisher,2634587.048
White-tailed Eagle,2907080.078
Bald Eagle,1334611.195
White-bellied Sea-Eagle,1979679.808
Steller's Sea-Eagle,155420.0187
Sanford's Sea-Eagle,13947.54241
African Fish-Eagle,6037792.707
Madagascar Fish-Eagle,20371.42596
Brahminy Kite,3413280.774
Whistling Kite,2148898.429
Blue Petrel,29222226.53
Black-breasted Kite,2045537.353
Yellow-breasted Crake,1001364.691
Rusty-faced Parrot,10214.31723
Indigo-winged Parrot,545.6735429
Black-winged Parrot,14904.53658
White-faced Nunbird,12269.67983
Buff-thighed Puffleg,22809.76421
Greenish Puffleg,30057.27166
Hoary Puffleg,1897.767906
Uniform Finch,377473.6158
Philippine Trogon,81637.54404
Diard's Trogon,428077.2259
Scarlet-rumped Trogon,483809.142
Red-headed Trogon,1000045.043
Malabar Trogon,157097.5621
Red-naped Trogon,381936.8088
Orange-breasted Trogon,633199.1931
Cinnamon-rumped Trogon,181508.669
Ward's Trogon,52376.7385
Whitehead's Trogon,7184.661374
Double-toothed Kite,3465764.969
Rufous-thighed Kite,1174530.234
Harpy Eagle,4271928.707
New Guinea Eagle,282081.8467
Wedge-tailed Jery,35343.10391
Madagascar Starling,158115.0355
Collared Sunbird,3551133.475
Nile Valley Sunbird,466976.0437
Amani Sunbird,333.6735119
Pygmy Sunbird,1194868.812
Great Shortwing,4845.820903
Flores White-eye,10916.88629
Timor White-eye,10322.39798
Horned Sungem,1497913.736
Amethyst-throated Sunangel,56226.96364
Tourmaline Sunangel,24735.47148
Orange-throated Sunangel,14907.43089
Little Sunangel,6894.182254
Gorgeted Sunangel,3689.269109
Bogota Sunangel,0.376691013
Slender-billed Kite,916935.6419
Sharp-billed Treehunter,314733.2487
Gould's Jewelfront,1390072.907
Rufous-webbed Brilliant,48950.13141
Empress Brilliant,8518.606659
Green-crowned Brilliant,24577.84865
Violet-fronted Brilliant,158278.0717
Fawn-breasted Brilliant,78599.89843
Black-throated Brilliant,275304.5777
Velvet-browed Brilliant,85885.36787
Plain-capped Starthroat,196251.084
Blue-tufted Starthroat,1145927.397
Stripe-breasted Starthroat,586587.5545
Masked Finfoot,92242.54229
Sungrebe,3402321.407
Black-eared Fairy,2661564.076
White-browed Spinetail,65797.85396
Heart-spotted Woodpecker,256831.2174
Gray-and-buff Woodpecker,39448.28732
Akiapolaau,58.44331334
Yellow-breasted Pipit,7673.387968
Chatham Island Pigeon,304.3569492
New Zealand Pigeon,80196.48107
Whiskered Treeswift,572287.7945
Crested Treeswift,1292317.86
Gray-rumped Treeswift,565909.101
Moustached Treeswift,311124.8012
Black-winged Flycatcher-shrike,537326.7161
Bar-winged Flycatcher-shrike,1914904.102
Yellow-backed Tanager,2169935.948
Guira Tanager,3621684.165
Rufous-headed Tanager,250461.0202
Acre Tody-Tyrant,3796.71032
Drab-breasted Pygmy-Tyrant,284767.7394
Flammulated Pygmy-Tyrant,311495.7846
Black-throated Tody-Tyrant,106856.6332
White-bellied Tody-Tyrant,1026979.788
Pelzeln's Tody-Tyrant,13313.29742
Johannes's Tody-Tyrant,438193.7886
Boat-billed Tody-Tyrant,257167.3457
Pearly-vented Tody-Tyrant,2243007.313
Zimmer's Tody-Tyrant,953557.1607
Snethlage's Tody-Tyrant,933194.7236
Buff-breasted Tody-Tyrant,27582.77033
Hangnest Tody-Tyrant,209323.5546
Brown-breasted Pygmy-Tyrant,101533.1778
Eye-ringed Tody-Tyrant,256232.9802
Buff-throated Tody-Tyrant,35221.32402
Yungas Tody-Tyrant,26081.16246
Stripe-necked Tody-Tyrant,1550630.677
White-eyed Tody-Tyrant,831809.148
Chestnut Bulbul,378352.9948
Ashy Bulbul,424150.4935
Black Honey-buzzard,12905.102
Long-tailed Honey-buzzard,289591.1241
New Guinea Bronzewing,296873.8585
New Britain Bronzewing,12097.40244
Hermit Wood-Wren,1709.884915
Gray-breasted Wood-Wren,278991.0478
Bar-winged Wood-Wren,1805.372792
White-breasted Wood-Wren,1061906.414
Munchique Wood-Wren,742.27722
Laughing Falcon,5147025.712
Black-capped Antwren,1440862.55
Yellow-breasted Antwren,42217.52553
Spot-backed Antwren,350392.4354
Dugand's Antwren,88921.65231
Large-billed Antwren,768837.4576
Creamy-bellied Antwren,28858.21873
Pectoral Antwren,85821.02565
Bahia Antwren,596.6959141
Predicted Antwren,104472.5995
Roraiman Antwren,109608.4533
Rufous-winged Antwren,262873.5009
Todd's Antwren,203559.5112
Spot-tailed Antwren,215793.7677
Aripuana Antwren,32961.55383
Orange-crowned Manakin,90329.75638
Yellow-crowned Manakin,319677.1715
Flame-crowned Manakin,828951.9443
Liben Lark,46.72361939
Rudd's Lark,8429.471563
Pictorella Munia,502825.6392
Ashy Robin,4890.110839
Gray-headed Robin,10868.46592
Black-headed Duck,754656.0559
White-eared Sibia,4002.387797
Rufous Sibia,99405.47095
Black-headed Sibia,293062.5624
Gray Sibia,64331.62557
Black-backed Sibia,68638.37504
Long-tailed Sibia,586070.9905
Beautiful Sibia,69240.20004
Sulphur-rumped Tanager,8757.080514
Scarlet-browed Tanager,59092.32244
Ayres's Hawk-Eagle,2258929.844
Little Eagle,2805028.272
Booted Eagle,205375.856
Wahlberg's Eagle,2080653.657
Pygmy Eagle,256970.6716
Dark Hawk-Cuckoo,111317.4355
Malaysian Hawk-Cuckoo,545457.2554
Northern Hawk-Cuckoo,208257.2078
Hodgson's Hawk-Cuckoo,621133.2153
Philippine Hawk-Cuckoo,102188.8649
Large Hawk-Cuckoo,589941.8542
Moustached Hawk-Cuckoo,377081.0927
Common Hawk-Cuckoo,1172586.419
Black Stilt,1093.905402
Nkulengu Rail,908345.6263
White-throated Needletail,496862.1104
Purple Needletail,110384.5852
Silver-backed Needletail,47318.0112
Brown-backed Needletail,1048567.349
Cliff Flycatcher,353714.4489
Ethiopian Swallow,1839586.26
White-throated Swallow,164290.9446
Angola Swallow,643555.262
Pearl-breasted Swallow,1335052.338
Pied-winged Swallow,536895.0283
Red-chested Swallow,872194.5221
White-tailed Swallow,5728.607377
Welcome Swallow,1627849.036
White-throated Blue Swallow,1560224.163
Black-and-rufous Swallow,224363.611
Wire-tailed Swallow,5501296.866
Pacific Swallow,466.6205854
Rufous-tailed Weaver,37928.79741
White-crested Hornbill,185218.777
Black Dwarf Hornbill,449112.3219
Yellowish-bellied Bush Warbler,120386.2641
Palau Bush Warbler,170.9616263
Hume's Bush Warbler,83363.21082
Tanimbar Bush Warbler,1245.442838
Japanese Bush Warbler,77203.87172
Aberrant Bush Warbler,639294.8926
Brownish-flanked Bush Warbler,879541.0359
Odedi,212.0122057
Shade Warbler,78.09349281
Philippine Bush Warbler,5542.940429
Bengal Florican,29557.19587
Grand Comoro Flycatcher,76.22185901
European Storm-Petrel,19419989.09
Waterfall Swift,37558.80164
Pheasant-tailed Jacana,1566007.743
Caspian Tern,1639187.341
White-tailed Nightjar,590847.0521
Ladder-tailed Nightjar,2261038.328
Spot-tailed Nightjar,1263575.058
Scissor-tailed Nightjar,3043286.705
Blue-headed Pitta,233585.5591
Giant Pitta,137844.1766
Blue Pitta,393662.4573
Bar-bellied Pitta,233666.4234
Javan Banded-Pitta,50065.31165
Gurney's Pitta,697.1860943
Malayan Banded-Pitta,222706.079
Blue-naped Pitta,258024.5293
Rusty-naped Pitta,211512.3628
Eared Pitta,358185.5802
Bornean Banded-Pitta,282869.3643
Blue-rumped Pitta,223557.8984
Red-billed Woodcreeper,1132346.858
Bar-bellied Woodcreeper,559600.4731
Green Hylia,1600224.878
Southern Hyliota,518527.673
Yellow-bellied Hyliota,1862005.939
Usambara Hyliota,159.3807595
Violet-backed Hyliota,386525.4741
Gilded Hummingbird,1207876.979
White-chinned Sapphire,2715054.356
Hylocitrea,11368.55759
Tody Motmot,132811.0374
Scissor-tailed Hummingbird,87.88131053
Masked Antpitta,71.48333585
Amazonian Antpitta,549288.4221
Thicket Antpitta,69438.57432
White-lored Antpitta,97457.42124
Spotted Antpitta,1212026.454
Speckle-breasted Antpitta,190728.5696
White-browed Antpitta,210774.8345
Streak-chested Antpitta,108073.1915
Gray-eyed Greenlet,585130.204
Brown-headed Greenlet,204215.1244
Scrub Greenlet,308174.7306
Olivaceous Greenlet,33299.61239
Ashy-headed Greenlet,1241258.439
Rufous-crowned Greenlet,259991.8762
Gray-chested Greenlet,1375197.908
Lemon-chested Greenlet,54468.72325
Spotted Antbird,143826.5987
Spot-backed Antbird,2258194.551
Dot-backed Antbird,1207801.324
Copper-tailed Starling,133252.5756
Purple-headed Starling,712263.3454
Nava's Wren,1026.078515
Sumichrast's Wren,2529.667004
Blue Duck,21170.98967
Spectacled Tyrant,1035910.773
Pink-throated Twinspot,60131.77446
Peters's Twinspot,675285.3389
Oriole Warbler,888734.34
Russet-throated Puffbird,92608.87465
Guianan Warbling-Antbird,373934.1361
Imeri Warbling-Antbird,195386.2558
Yellow-browed Antbird,544108.1717
Rondonia Warbling-Antbird,176176.3909
Peruvian Warbling-Antbird,728517.5336
Manicore Warbling-Antbird,36932.20902
Spix's Warbling-Antbird,437823.5887
Yellow-breasted Warbling-Antbird,139932.8234
Band-tailed Antbird,1283564.407
Black-chinned Antbird,1349193.733
Cinnamon Ibon,2576.36763
Spot-backed Antshrike,320442.2593
Red-bellied Grackle,1494.905345
Nuthatch-Vanga,61613.37107
Black-naped Monarch,2718604.264
Short-crested Monarch,47652.38609
Pale-blue Monarch,72110.99139
Reunion Bulbul,981.1335126
Seychelles Bulbul,94.43586663
Yellowish Bulbul,31941.04634
Square-tailed Bulbul,91905.31665
Black Bulbul,1019428.393
Madagascar Bulbul,228334.7436
Moheli Bulbul,82.46278309
Mauritius Bulbul,49.95380855
Grand Comoro Bulbul,398.2420875
Philippine Bulbul,89587.97282
Zamboanga Bulbul,8490.772511
Streak-breasted Bulbul,1937.648142
Ibisbill,1925272.343
Red-throated Caracara,3122468.547
Black-backed Oriole,34952.13178
Orange Oriole,44653.63937
Martinique Oriole,434.976789
Epaulet Oriole,1584738.66
Orange-backed Troupial,1325565.204
Hispaniolan Oriole,29010.41058
White-edged Oriole,29954.57871
Audubon's Oriole,134038.72
Venezuelan Troupial,166930.0986
Campo Troupial,1024463.602
St. Lucia Oriole,238.3666148
Jamaican Oriole,4266.314726
Bar-winged Oriole,33692.10346
Cuban Oriole,42352.50054
Yellow Oriole,528196.6579
Bahama Oriole,2034.871072
Montserrat Oriole,5.092792443
Spot-breasted Oriole,75475.00726
Puerto Rican Oriole,3387.804343
Black-cowled Oriole,169973.9097
Variable Oriole,2541980.426
Black-vented Oriole,266589.1245
Black Eagle,1247803.625
Plumbeous Kite,4398598.496
Short-tailed Finch,29511.08066
African Yellow-Warbler,1444955.093
Eastern Olivaceous Warbler,354392.6855
Sykes's Warbler,4660.138651
Mountain Yellow-Warbler,109517.6149
Blue-capped Ifrita,35495.16751
Pin-tailed Manakin,324617.4637
Scaly-breasted Illadopsis,469338.5145
Blackcap Illadopsis,377328.4797
Brown Illadopsis,1102464.042
Puvel's Illadopsis,243762.1321
Mountain Illadopsis,56203.20513
Rufous-winged Illadopsis,102002.6571
Pale-breasted Illadopsis,783445.4054
Thrush Babbler,89256.59045
Socotra Warbler,1395.368588
Buff-bridled Inca-Finch,11173.24655
Rufous-backed Inca-Finch,33991.98933
Great Inca-Finch,8466.320579
Little Inca-Finch,1050.507319
Least Honeyguide,1595614.559
Greater Honeyguide,4326894.158
Spotted Honeyguide,1572569.068
Pallid Honeyguide,575170.0368
Lesser Honeyguide,5066391.017
Scaly-throated Honeyguide,1341123.548
Willcocks's Honeyguide,1263050.121
Yellow-rumped Honeyguide,37559.77403
Pale-tipped Tyrannulet,230610.8412
Plain Tyrannulet,450391.4253
Amazonian Tyrannulet,375408.9948
Slender-billed Tyrannulet,23153.12754
Dusky Purpletuft,171651.2343
White-browed Purpletuft,1735803.928
Buff-throated Purpletuft,50253.94707
Charlotte's Bulbul,436746.5913
Sulphur-bellied Bulbul,4437.389796
Gray-eyed Bulbul,477793.8183
Olive Bulbul,113157.3672
Comb-crested Jacana,842148.4642
Philippine Fairy-bluebird,88456.08748
Asian Fairy-bluebird,1432359.159
Golden-collared Honeycreeper,44541.85697
Yellow-throated Tanager,37454.21014
Golden-collared Tanager,38059.67638
Purplish-mantled Tanager,8436.135041
Yellow-scarfed Tanager,28526.33549
Golden-crowned Tanager,31808.75369
Rufous-bellied Antwren,654369.0337
Plain-throated Antwren,1640295.239
African Dwarf Kingfisher,847849.5594
African Pygmy-Kingfisher,3853924.635
Blood Pheasant,254016.5714
Cinnamon Bittern,2025229.94
Black-backed Bittern,650616.4559
Black Bittern,1360224.835
Stripe-backed Bittern,926540.6301
Little Bittern,6227435.483
Dwarf Bittern,4970073.565
Spotted Greenbul,1077439.628
Varied Thrush,206000.7436
Streaked Bulbul,376925.0364
Mountain Bulbul,923521.5014
Sunda Bulbul,5610.305204
Jabiru,3493562.668
Three-toed Jacamar,150447.9304
Great Jacamar,2219688.954
Northern Jacana,403246.4666
Maned Owl,871052.2857
Baird's Junco,1852.828821
Dark-eyed Junco,1447833.885
Guadalupe Junco,16.37867019
Yellow-eyed Junco,205478.0281
Rufous-necked Wryneck,621252.1427
Eurasian Wryneck,113377.263
Gray-chested Babbler,54295.69337
Lizard Buzzard,5049949.237
Striped Wren-Babbler,44235.39997
Tawny Fish-Owl,1022607.837
Buffy Fish-Owl,987169.6858
Brown Fish-Owl,2114234.564
Black-capped Hemispingus,50013.02766
Orange-browed Hemispingus,8920.393265
Parodi's Hemispingus,11066.13196
Gray-capped Hemispingus,5279.24676
White-winged Black-Tyrant,541808.1395
Plumbeous Black-Tyrant,38501.31057
Blue-billed Black-Tyrant,609648.8336
Crested Black-Tyrant,509564.4102
Velvety Black-Tyrant,304674.7688
Riverside Tyrant,98571.26063
Amazonian Black-Tyrant,450593.9693
Rufous-tailed Tyrant,202534.1594
Jelski's Black-Tyrant,12440.58145
Cinereous Tyrant,365588.0948
Banded Kingfisher,552071.7303
Mountain Velvetbreast,120826.7501
Black-faced Firefinch,119374.0707
Brown Firefinch,582939.8018
Black-bellied Firefinch,939420.7869
Jameson's Firefinch,1044879.257
African Firefinch,2335135.552
Bar-breasted Firefinch,1277566.925
Rock Firefinch,10857.38186
Red-billed Firefinch,3870539.045
Reichenow's Firefinch,16270.16108
Mali Firefinch,42835.89661
White-tailed Ptarmigan,686411.9511
Black-browed Triller,114357.0375
Rufous-bellied Triller,9840.823617
Mussau Triller,131.5555784
Lesser Cuckooshrike,508185.1695
Varied Triller,485803.1443
Long-tailed Triller,13265.47054
White-rumped Triller,55072.84577
Polynesian Triller,11928.15071
Black-and-white Triller,40180.95997
Black-headed Cuckooshrike,103652.7391
Black-winged Cuckooshrike,644507.9464
White-browed Triller,1687.865155
Reunion Cuckooshrike,11.08524905
Pied Triller,586605.944
Indochinese Cuckooshrike,360060.0828
Samoan Triller,1110.869786
White-shouldered Triller,100381.9958
White-winged Triller,1805895.929
Mauritius Cuckooshrike,45.1012944
Amethyst-throated Hummingbird,75134.1972
White-throated Mountain-gem,527.9568998
Green-throated Mountain-gem,35426.83825
Garnet-throated Hummingbird,53374.1364
Natewa Silktail,83.22546424
Taveuni Silktail,170.7468562
Velvet-fronted Grackle,932918.597
Red-billed Pied Tanager,1309987.385
Sharp-tailed Starling,595379.2776
White-crowned Starling,306130.6928
Burchell's Starling,601500.3684
African Pied Starling,304219.9247
Long-tailed Glossy Starling,1069756.388
Bronze-tailed Starling,947706.0907
Greater Blue-eared Starling,3023432.489
Lesser Blue-eared Starling,2197040.029
Fischer's Starling,248140.3429
Hildebrandt's Starling,159775.7546
Emerald Starling,57428.20389
Meves's Starling,247029.8734
Cape Starling,1160742.266
Principe Starling,56.62299926
Chestnut-bellied Starling,1524489.785
Purple Starling,1337730.808
Rüppell's Starling,526066.4534
Golden-breasted Starling,480091.7238
Shelley's Starling,167756.6971
Splendid Starling,1434967.91
Superb Starling,806007.7258
Ashy Starling,119425.073
Ethiopian Boubou,2784294.791
Gabela Bushshrike,1128.98631
Crimson-breasted Gonolek,757864.331
Yellow-breasted Boubou,20874.43276
Yellow-crowned Gonolek,1092004.072
Gabon Boubou,177446.7634
Braun's Bushshrike,228.6238779
Black-headed Gonolek,767893.401
Southern Boubou,278459.3796
Fülleborn's Boubou,27989.79167
Slate-colored Boubou,445032.8243
Albertine Boubou,39924.378
Lowland Sooty Boubou,964760.2362
Lühder's Bushshrike,407869.3172
Papyrus Gonolek,38209.03156
Coastal Boubou,50213.02185
Western Boubou,25375.34291
Red-naped Bushshrike,254845.3238
Zanzibar Boubou,61061.54101
Turati's Boubou,52067.20407
Shrike-like Cotinga,66613.11249
Black-throated Shrike-Tanager,95842.00461
Fulvous Shrike-Tanager,882542.1423
White-winged Shrike-Tanager,1092745.498
Cinereous Mourner,2559905.56
White-tailed Shrike,132334.9715
Northern Shrike,670020.1172
Bull-headed Shrike,207363.5164
Long-tailed Fiscal,211716.6447
Southern Fiscal,2787830.746
Burmese Shrike,618014.1069
Brown Shrike,165612.0247
Taita Fiscal,506681.4462
Great Gray Shrike,6830613.156
Gray-backed Fiscal,930365.4666
Emin's Shrike,165214.1482
Loggerhead Shrike,2051610.347
Mackinnon's Shrike,460856.067
Iberian Gray Shrike,215312.5157
Newton's Fiscal,58.21196965
Long-tailed Shrike,3522702.664
Somali Fiscal,331309.6799
Souza's Shrike,648611.337
Chinese Gray Shrike,82957.87831
Gray-capped Shrike,7205.76514
Bay-backed Shrike,1304167.217
Inca Tern,184067.9489
Herring Gull,159337.6001
Armenian Gull,9198.611677
Olrog's Gull,19395.30662
Belcher's Gull,126408.144
Caspian Gull,305025.2081
California Gull,10558.2805
Mew Gull,280809.7911
Black-tailed Gull,72538.76174
Ring-billed Gull,58991.7774
Lesser Black-backed Gull,62436.42952
Glaucous-winged Gull,239704.6165
Heermann's Gull,325249.2541
Glaucous Gull,132027.8212
Pacific Gull,151399.6253
Indian Blue Robin,13384.38581
Ryukyu Robin,314.7951944
White-throated Crake,186942.6085
Gray-breasted Crake,2542641.046
Black Rail,239734.4404
Red-and-white Crake,340567.9021
Rusty-flanked Crake,14294.39905
Rufous-sided Crake,3922895.103
Galapagos Rail,780.6053541
Swift Parrot,4756.010787
Rufous-vented Prinia,128225.2073
Swamp Prinia,33423.26074
Piratic Flycatcher,4187695.996
Yellow-crowned Woodpecker,1086980.568
Silver-eared Mesia,499030.6244
Red-billed Leiothrix,1114008.788
Malleefowl,242849.8297
Peruvian Meadowlark,135545.7187
Pampas Meadowlark,2736.221003
Long-tailed Meadowlark,555780.1507
Red-breasted Meadowlark,1424537.854
White-browed Meadowlark,2513404.717
Bagobo Robin,11616.68852
Spot-crowned Woodcreeper,91985.77379
Guianan Woodcreeper,478577.6578
Narrow-billed Woodcreeper,2539119.261
Duida Woodcreeper,515139.5097
Scalloped Woodcreeper,192148.8873
Inambari Woodcreeper,646476.9654
Rondonia Woodcreeper,837273.6372
Montane Woodcreeper,139226.4395
White-striped Woodcreeper,112525.4211
Streak-headed Woodcreeper,573003.9814
Scaled Woodcreeper,287814.1945
Shining-green Hummingbird,115815.2749
Sapphire-bellied Hummingbird,932.0083811
Cerulean-capped Manakin,54151.51354
Opal-crowned Manakin,188158.2211
Blue-rumped Manakin,33842.30965
Snow-capped Manakin,334053.4581
White-fronted Manakin,225371.2118
Orange-bellied Manakin,119770.8953
Plain-mantled Tit-Spinetail,96900.44381
Andean Tit-Spinetail,98879.62455
Brown-capped Tit-Spinetail,142651.7029
Rusty-crowned Tit-Spinetail,36044.99635
Tufted Tit-Spinetail,775097.6637
Araucaria Tit-Spinetail,152489.921
Streaked Tit-Spinetail,72716.68051
Striolated Tit-Spinetail,80683.81769
Van Hasselt's Sunbird,625522.5954
Copper-throated Sunbird,219438.0734
Crimson-backed Sunbird,22009.814
Purple-throated Sunbird,88783.19386
Purple-rumped Sunbird,701689.9337
White-collared Kite,20398.16199
Crested Tit-Warbler,314731.8966
White-browed Tit-Warbler,500251.1361
Rufous-breasted Flycatcher,38820.32674
Slaty-capped Flycatcher,183097.5712
Inca Flycatcher,33322.78611
Chabert Vanga,223145.7903
Marabou Stork,4772744.724
Greater Adjutant,29941.33787
Lesser Adjutant,496979.3773
Cuckoo-roller,228910.1158
Tolima Dove,1085.920654
Caribbean Dove,35581.43065
Large-tailed Dove,56867.10047
Pallid Dove,45287.81682
Gray-fronted Dove,4505102.192
White-tipped Dove,6001150.505
Grenada Dove,5.928658003
Olive-backed Quail-Dove,49321.97924
Snow Partridge,321095.957
Green-tailed Trainbearer,97271.08049
Black-tailed Trainbearer,76250.67977
Andean Negrito,321204.3273
Tumbes Hummingbird,14865.76329
Olive-spotted Hummingbird,67102.65933
Buffy Hummingbird,36272.9942
Spot-throated Hummingbird,33469.69767
White-throated Hummingbird,840486.2106
Semper's Warbler,0.379306321
Bali Myna,14.51967523
White-browed Hawk,917110.6659
Black-faced Hawk,992610.7816
Semiplumbeous Hawk,91238.63228
Wonga Pigeon,194287.3002
Black Rosy-Finch,52815.21438
Black-headed Mountain-Finch,1037506.248
Plain Mountain-Finch,1162687.57
Gray-crowned Rosy-Finch,82094.1095
Luzon Rail,40567.05125
Auckland Islands Rail,16.69407528
Lewin's Rail,376610.5886
Slaty-breasted Rail,1866884.284
Purple-gaped Honeyeater,185251.9222
Yellow-tufted Honeyeater,282953.1856
Silver-eared Honeyeater,29402.04043
Olive Honeyeater,3230.428327
Buru Honeyeater,3302.862503
Yellow-eared Honeyeater,9657.167882
Dark-brown Honeyeater,9308.99588
Brown Honeyeater,2066332.771
Sunda Honeyeater,3361.211635
Seram Honeyeater,1433.849704
Black-chested Honeyeater,1018.64349
White-tufted Honeyeater,3860.595079
Curve-billed Reedhaunter,83951.86161
Black-tailed Godwit,4251.346895
Eurasian Linnet,2382853.18
Twite,2492061.743
Warsangli Linnet,903.851397
Yemen Linnet,30522.86467
Oriole Finch,84959.15376
Bugun Liocichla,1.062895307
Gray-faced Liocichla,3265.828257
Red-faced Liocichla,160241.5242
Scarlet-faced Liocichla,149014.2351
Steere's Liocichla,5571.309777
Rusty-belted Tapaculo,877954.1284
Dusky Piha,16452.9518
Rose-collared Piha,18290.10756
Scimitar-winged Piha,5889.833718
Screaming Piha,2727049.389
Chestnut-capped Piha,16.16745491
Hartlaub's Bustard,234015.6905
Black-bellied Bustard,4090356.272
Yellow-breasted Satinbird,61437.52418
Ghana Cuckooshrike,132460.9874
Sharp-tailed Streamcreeper,1022740.505
Friendly Bush Warbler,188.6495463
Taiwan Bush Warbler,4877.405526
Chestnut-backed Bush Warbler,13792.25145
Long-tailed Bush Warbler,9504.611036
Sichuan Bush Warbler,121415.9602
Brown Bush Warbler,622020.6476
Russet Bush Warbler,660854.1881
Marsh Grassbird,21262.14402
Benguet Bush Warbler,2742.999151
Marvelous Spatuletail,684.5182323
Chestnut Munia,1588939.989
Gray-headed Munia,17500.60144
Chestnut-breasted Munia,714453.9255
White-capped Munia,52649.12397
Yellow-rumped Munia,45211.86782
New Ireland Munia,2436.760768
Dusky Munia,284658.3159
Timor Sparrow,9499.559605
Grand Munia,99012.00624
Mottled Munia,1590.089831
Black-throated Munia,54035.96714
White-bellied Munia,571999.0738
Javan Munia,76461.35542
White-headed Munia,296603.9779
Tricolored Munia,221432.8723
Bismarck Munia,4741.324465
Black-faced Munia,120912.4022
Snow Mountain Munia,9094.495779
Alpine Munia,2067.526961
Gray-crowned Munia,28941.16852
Java Sparrow,38471.66458
Pale-headed Munia,87353.5247
Scaly-breasted Munia,2775800.223
Five-colored Munia,33281.31097
Hooded Munia,82641.44119
White-rumped Munia,2096396.958
Black Munia,7217.795043
Black-breasted Munia,6363.541441
Streak-headed Munia,167676.2765
Long-crested Eagle,5417753.231
Crowned Hornbill,1159185.376
Red-billed Dwarf Hornbill,657579.382
African Pied Hornbill,1493446.541
Hemprich's Hornbill,211067.5897
African Gray Hornbill,3795479.241
Pale-billed Hornbill,755856.783
Hooded Merganser,1322404.747
Square-tailed Kite,425085.3301
Topknot Pigeon,122399.4708
Crested Duck,717818.0956
Crested Tit,2285063.683
Gray-crested Tit,373870.6767
Himalayan Monal,185647.9295
Chinese Monal,67830.93042
Sclater's Monal,66730.17548
Greater Lophorina,62152.38493
White-crested Coquette,6485.713444
Short-crested Coquette,20.56786521
Festive Coquette,70447.66189
Rufous-crested Coquette,86151.8613
Dot-eared Coquette,459898.7524
Frilled Coquette,987327.0298
Peacock Coquette,79430.83358
Spangled Coquette,51947.48917
Gray-crested Finch,32761.69308
Black-crested Finch,216013.3355
Crested Owl,1940192.474
Madagascar Ibis,206738.5345
Long-crested Pygmy-Tyrant,126904.952
Helmeted Pygmy-Tyrant,1113896.935
Scale-crested Pygmy-Tyrant,183578.4236
Double-banded Pygmy-Tyrant,849016.8711
Rufous-bellied Eagle,1451232.078
Bulwer's Pheasant,106026.8113
Siamese Fireback,197204.2593
Edwards's Pheasant,3184.149083
Crestless Fireback,186714.1609
Crested Fireback,187856.704
Salvadori's Pheasant,27573.67762
Kalij Pheasant,504040.9104
Silver Pheasant,414102.6769
Swinhoe's Pheasant,5899.150339
Moluccan Hanging-Parrot,8785.750585
Papuan Hanging-Parrot,221614.9665
Sri Lanka Hanging-Parrot,6196.899339
Sangihe Hanging-Parrot,214.8769445
Pygmy Hanging-Parrot,39946.55735
Wallace's Hanging-Parrot,547.3706615
Blue-crowned Hanging-Parrot,545710.3653
Philippine Hanging-Parrot,106896.9125
Yellow-throated Hanging-Parrot,24104.15952
Sula Hanging-Parrot,2903.422076
Sulawesi Hanging-Parrot,68568.77872
Green-fronted Hanging-Parrot,11807.55538
Vernal Hanging-Parrot,879650.8006
Yellow-bibbed Lory,5418.344122
Purple-naped Lory,2431.944649
Chattering Lory,9825.484727
Purple-bellied Lory,23910.73149
Black-capped Lory,256297.3019
Red Crossbill,8752192.867
White-winged Crossbill,6215478.858
Parrot Crossbill,1218256.906
Scottish Crossbill,5302.708484
Barbados Bullfinch,169.7019243
Lesser Antillean Bullfinch,2381.141545
Palila,51.96674249
Yellow-shouldered Grassquit,4255.517775
Akekee,2.015462369
Hawaii Akepa,148.234009
Wood Lark,907119.6822
Rufous-bellied Nighthawk,118699.8631
Short-tailed Nighthawk,3458660.708
Chaplin's Barbet,29527.88178
Black-billed Barbet,506064.9112
White-headed Barbet,743134.9842
Red-faced Barbet,31902.11187
Black-collared Barbet,1800733.756
Banded Barbet,224022.5061
Vieillot's Barbet,2555320.967
Paradise-crow,8800.190095
Great Eared-Nightjar,635533.3802
Malaysian Nightjar,500673.6587
Macgregor's Honeyeater,1800.899663
Yellow-breasted Boatbill,273719.2783
Black-breasted Boatbill,86390.8334
Club-winged Manakin,15491.72736
Fiery-capped Manakin,860131.6489
Kinglet Manakin,48395.11503
Striolated Manakin,802805.3521
Bat Hawk,5240581.116
Cattle Tyrant,2627705.251
Taiwan Yellow Tit,5014.290133
White-naped Tit,27666.80762
Yellow-cheeked Tit,482980.7927
Himalayan Black-lored Tit,431876.9305
Large-tailed Antshrike,319893.8401
Tufted Antshrike,368881.4575
Golden-tufted Grackle,22745.04908
Mountain Grackle,490.7720921
Maleo,56485.46484
Southern Giant-Petrel,38682451.73
Northern Giant-Petrel,35508642.62
Fluffy-backed Tit-Babbler,171562.2014
Brown Tit-Babbler,42404.63317
Rosy-throated Longclaw,734604.1389
Pangani Longclaw,145036.5105
Orange-throated Longclaw,314979.1891
Yellow-throated Longclaw,2390762.574
Abyssinian Longclaw,156366.6896
Fülleborn's Longclaw,802899.7819
Grimwood's Longclaw,259206.6205
Long-trained Nightjar,199721.0528
Amboyna Cuckoo-Dove,409243.7458
Ruddy Cuckoo-Dove,224063.0305
Mackinlay's Cuckoo-Dove,21039.17831
Timor Cuckoo-Dove,15066.9056
Brown Cuckoo-Dove,224722.1692
Little Cuckoo-Dove,688465.4486
Andaman Cuckoo-Dove,2933.490308
Philippine Cuckoo-Dove,109013.5264
Barred Cuckoo-Dove,984862.7329
Gray Longbill,1204436.16
Yellow Longbill,698953.1594
Kemp's Longbill,176089.6851
Kretschmer's Longbill,46375.42044
Pulitzer's Longbill,2210.458299
Madanga,526.4097544
Anianiau,122.8606077
Uluguru Bushshrike,32.31128759
Gray-headed Bushshrike,2830053.867
Fiery-breasted Bushshrike,868980.5179
Green-breasted Bushshrike,2765.067413
Monteiro's Bushshrike,10372.03531
Sooty-capped Babbler,149766.8032
Gray-breasted Babbler,230632.1921
Scaly-crowned Babbler,589321.8972
Moustached Babbler,506918.147
Rufous-crowned Babbler,257505.4667
Palawan Babbler,1354.109913
Black-streaked Puffbird,46352.43703
White-chested Puffbird,738345.7124
Moustached Puffbird,36324.69331
White-whiskered Puffbird,199444.2478
Rufous-necked Puffbird,1004845.058
Semicollared Puffbird,250841.1281
Crescent-chested Puffbird,281464.6504
Pink-eared Duck,562615.7472
Rufous-eared Warbler,491795.6242
Malia,16973.84905
Ballman's Malimbe,11292.17949
Black-throated Malimbe,363172.0297
Red-crowned Malimbe,152689.2939
Red-bellied Malimbe,558372.3252
Ibadan Malimbe,640.6509938
Crested Malimbe,954418.597
Blue-billed Malimbe,1018092.475
Rachel's Malimbe,80966.71173
Red-headed Malimbe,1006613.376
Red-vented Malimbe,331026.829
McGregor's Cuckooshrike,5292.620434
White-shouldered Fairywren,300697.4447
Lovely Fairywren,49000.23616
Purple-crowned Fairywren,140447.9067
Superb Fairywren,478679.2713
Emperor Fairywren,189625.2397
Red-winged Fairywren,27534.30782
Variegated Fairywren,2428315.437
White-winged Fairywren,2167057.17
Red-backed Fairywren,782141.9482
Blue-breasted Fairywren,146596.813
Splendid Fairywren,1046415.778
Orange-collared Manakin,11438.3876
White-collared Manakin,109467.6192
White-bearded Manakin,2905384.631
Green-backed Twinspot,594677.2664
Yellow-throated Miner,2631465.331
Noisy Miner,797392.5192
Bell Miner,122530.7961
Black-eared Miner,674.9201211
Glossy-mantled Manucode,52829.39695
Crinkle-collared Manucode,31280.63458
Curl-crested Manucode,1243.555463
Jobi Manucode,8682.488257
American Wigeon,448807.518
Chiloe Wigeon,844116.6963
Bare-legged Owl,42390.55306
Madagascar Partridge,209763.5043
Pearly-eyed Thrasher,7950.978141
Beautiful Treerunner,70.04242122
Ruddy Treerunner,2162.907193
Pearled Treerunner,181321.4056
Marbled Teal,441999.7407
Golden-winged Manakin,68273.69173
Slaty Monarch,6910.505612
Vanikoro Monarch,69.23379931
Ogea Monarch,6.349426756
White-bellied Spinetail,205280.8525
Papuan Spinetailed Swift,185486.3141
Philippine Spinetailed Swift,43496.5768
Rufous-winged Tyrannulet,22687.13427
Buff-banded Tyrannulet,27004.33593
White-throated Tyrannulet,341942.3165
Sulphur-bellied Tyrannulet,23984.78541
White-tailed Tyrannulet,68504.25287
White-banded Tyrannulet,102690.982
African Shrike-flycatcher,1576749.517
Belted Kingfisher,2412292.285
Crested Kingfisher,1939845.713
Giant Kingfisher,5070716.177
Ringed Kingfisher,6265941.129
New Guinea Flightless Rail,34585.12131
Bismarck Thicketbird,919.4251693
Bougainville Thicketbird,314.3083817
Rusty Thicketbird,13035.28346
Guadalcanal Thicketbird,209.5056939
Striated Grassbird,871972.1466
Tabon Scrubfowl,176626.4193
New Guinea Scrubfowl,92539.72647
Melanesian Scrubfowl,32594.57416
Dusky Scrubfowl,23061.97001
Micronesian Scrubfowl,323.6877644
Vanuatu Scrubfowl,2491.173351
Nicobar Scrubfowl,609.445938
Niuafoou Scrubfowl,20.27004475
Orange-footed Scrubfowl,307201.41
Tanimbar Scrubfowl,1245.442838
Boat-billed Flycatcher,5113165.831
White-throated Screech-Owl,94548.99944
Eastern Screech-Owl,1911058.235
Black-capped Screech-Owl,382244.2136
Bearded Screech-Owl,7088.915979
Pacific Screech-Owl,27957.28601
Middle American Screech-Owl,255132.6229
Montane Forest Screech-Owl,21010.13959
Rufescent Screech-Owl,66231.05935
Koepcke's Screech-Owl,61905.19807
Cloud-forest Screech-Owl,9547.13954
Cinnamon Screech-Owl,7272.448665
Peruvian Screech-Owl,30619.11186
Long-tufted Screech-Owl,161498.5207
Balsas Screech-Owl,35032.89839
Tawny-bellied Screech-Owl,2437294.782
Pearly Antshrike,746612.8207
Doria's Goshawk,231597.2666
Great Xenops,254181.7113
Giant White-eye,159.5732467
Black-and-buff Woodpecker,224105.2807
Buff-rumped Woodpecker,19311.46504
Buff-necked Woodpecker,298154.2779
Nimba Flycatcher,51156.07879
Yellow-eyed Black-Flycatcher,23365.17672
Angola Slaty-Flycatcher,26575.1862
Abyssinian Slaty-Flycatcher,78310.53659
Northern Black-Flycatcher,1477131.337
White-eyed Slaty-Flycatcher,252920.0568
Herero Chat,67349.64201
Southern Black-Flycatcher,1575419.198
Silverbird,255838.1113
Fiscal Flycatcher,379219.5642
Lesser Melampitta,22898.30818
Golden-fronted Woodpecker,546187.3958
White-fronted Woodpecker,363719.6314
White Woodpecker,2137440.359
Red-bellied Woodpecker,1186935.064
Golden-naped Woodpecker,5890.351682
Golden-cheeked Woodpecker,62306.39211
Yellow-tufted Woodpecker,2794265.524
Red-headed Woodpecker,1293952.346
Yellow-fronted Woodpecker,601456.1523
Acorn Woodpecker,580195.539
Gray-breasted Woodpecker,31576.89905
Puerto Rican Woodpecker,3445.205799
Black-cheeked Woodpecker,187813.7348
Beautiful Woodpecker,18709.10042
Yucatan Woodpecker,48692.08589
Jamaican Woodpecker,4255.517775
Red-crowned Woodpecker,338932.2858
West Indian Woodpecker,44042.11922
Gila Woodpecker,219044.2053
Gray Tit,165179.394
White-bellied Tit,124437.6955
Carp's Tit,117877.1483
Ashy Tit,693127.6422
Stripe-breasted Tit,14972.20897
Red-throated Tit,150804.3001
Dusky Tit,869803.8843
Miombo Tit,592991.3761
White-shouldered Black-Tit,1805828.505
White-winged Black-Tit,999124.2774
White-backed Black-Tit,138103.3964
Southern Black-Tit,841949.5457
Rufous-bellied Tit,937700.51
Somali Tit,335588.5189
Common Scoter,20408.4223
Obscure Berrypecker,3476.690734
Mid-mountain Berrypecker,38717.44654
Black Berrypecker,177036.2849
Streaked Berrypecker,33528.00223
Fan-tailed Berrypecker,57321.77934
Sultan Tit,639494.4773
Bimaculated Lark,368817.6963
Calandra Lark,1461608.331
Tibetan Lark,402658.6493
Mongolian Lark,804660.8039
Black Lark,597530.1221
White-bridled Finch,56362.96172
Yellow-bridled Finch,136495.3143
Hooded Robin,2452755.499
Dusky Robin,26274.27182
Elegant Crescentchest,31288.66035
Marañon Crescentchest,3883.083965
Olive-crowned Crescentchest,290491.9514
Collared Crescentchest,1069872.047
Black Partridge,423981.0096
Black Catbird,68783.56995
Black Pitohui,50807.22599
St. Lucia Black Finch,113.2671443
Blue Mockingbird,222818.5122
Blue-and-white Mockingbird,38062.97889
Wild Turkey,2803072.943
Makira Honeyeater,1288.818264
Lyre-tailed Honeyguide,1070494.193
Belford's Melidectes,47997.84236
Huon Melidectes,2375.529605
Sooty Melidectes,27222.8073
Vogelkop Melidectes,4387.267658
Short-bearded Melidectes,3723.859643
Cinnamon-browed Melidectes,19787.34803
Long-bearded Melidectes,1967.060096
Yellow-browed Melidectes,24985.04188
Ornate Melidectes,36996.91642
Hook-billed Kingfisher,252777.6778
Pale Chanting-Goshawk,867472.8293
Dark Chanting-Goshawk,4820158.284
Eastern Chanting-Goshawk,799681.8274
Yellow-footed Honeyguide,28971.03062
Zenker's Honeyguide,511502.422
Long-billed Honeyeater,218439.7076
Kadavu Honeyeater,167.1774471
Puff-backed Honeyeater,256922.1639
Lewin's Honeyeater,248316.9141
Yellow-spotted Honeyeater,42563.16372
Spangled Honeyeater,2138.998216
Foja Honeyeater,868.6448114
Smoky Honeyeater,56562.62946
Arfak Honeyeater,2837.425088
Black-headed Honeyeater,26266.40991
White-throated Honeyeater,568927.0048
Brown-headed Honeyeater,773379.6281
Gilbert's Honeyeater,83760.85682
Black-chinned Honeyeater,486787.47
White-naped Honeyeater,479711.8147
Strong-billed Honeyeater,23420.96476
White-streaked Friarbird,8785.742918
Bee Hummingbird,42037.00726
Moustached Grass-Warbler,2412592.301
Budgerigar,2270195.951
Swamp Sparrow,271821.6033
Lincoln's Sparrow,3411.977829
Song Sparrow,1965041.817
Abert's Towhee,65728.5445
White-throated Towhee,24973.60201
White-faced Ground-Sparrow,33166.76464
Cabanis's Ground-Sparrow,485.4756346
Canyon Towhee,650557.6765
Rusty-crowned Ground-Sparrow,127497.8762
White-eared Ground-Sparrow,4363.528614
Albert's Lyrebird,9859.358072
Superb Lyrebird,125388.693
Torrent Duck,421103.9118
Common Merganser,1346001.652
Brazilian Merganser,19795.61283
Red-breasted Merganser,36739.92369
Scaly-sided Merganser,101946.4312
Rufous-crowned Bee-eater,100144.8266
European Bee-eater,157960.6787
Böhm's Bee-eater,270283.2439
Black-headed Bee-eater,627774.8092
White-fronted Bee-eater,2051570.15
Red-throated Bee-eater,1132808.345
Black Bee-eater,1168967.166
Swallow-tailed Bee-eater,3302296.79
Chestnut-headed Bee-eater,1009230.172
Rosy Bee-eater,427950.9156
Blue-moustached Bee-eater,124695.2673
Blue-headed Bee-eater,616818.6798
Southern Carmine Bee-eater,279204.2916
Northern Carmine Bee-eater,1783457.657
Cinnamon-chested Bee-eater,139356.8811
Green Bee-eater,2207679.922
Rainbow Bee-eater,561397.5296
Blue-cheeked Bee-eater,59063.93569
Blue-tailed Bee-eater,479719.725
Little Bee-eater,5564005.292
Somali Bee-eater,370016.1184
Madagascar Bee-eater,1648635.048
Blue-breasted Bee-eater,1348033.934
Blue-throated Bee-eater,813824.8193
Slaty Bristlefront,63216.78579
Stresemann's Bristlefront,8.398127055
Green Ibis,4083708.853
Brown Mesite,14350.59997
White-breasted Mesite,15265.6975
Truk Monarch,32.43049355
Violet-throated Metaltail,1052.303405
Fire-throated Metaltail,13693.25439
Perija Metaltail,637.444996
Neblina Metaltail,3250.332891
Black Metaltail,54843.44311
Coppery Metaltail,13483.98552
Tyrian Metaltail,163156.4485
Viridian Metaltail,19934.54757
Bronze-winged Jacana,1022908.382
Orange-fronted Plushcrown,561029.1151
Golden-spotted Ground-Dove,321327.2203
Bare-faced Ground-Dove,189264.6647
Black-winged Ground-Dove,652287.4608
Bare-eyed Ground-Dove,41003.49741
Buckley's Forest-Falcon,239211.2095
Lined Forest-Falcon,1641575.893
Cryptic Forest-Falcon,726863.2171
Slaty-backed Forest-Falcon,2034704.898
Barred Forest-Falcon,4820914.824
Elf Owl,28548.87468
Collared Gnatwren,914116.1663
Long-tailed Cormorant,6748098.09
Crowned Cormorant,8050.084451
Little Pied Cormorant,1202480.744
Little Cormorant,1486103.816
Wing-banded Wren,661871.3229
Flutist Wren,102583.7547
Snowcap,29656.74213
Dwarf Koel,234746.2653
Jacky-winter,2047259.361
Lemon-bellied Flycatcher,453850.945
Golden-bellied Flyrobin,1140.915231
Collared Falconet,465811.0826
Philippine Falconet,97977.87441
Black-thighed Falconet,541449.0055
White-fronted Falconet,23351.05561
Pied Falconet,911466.6579
Green-tailed Warbler,11768.34883
Leyte Plumed-Warbler,7747.250683
Mindanao Plumed-Warbler,10161.73632
Lanceolated Monklet,637540.6025
Gabar Goshawk,5370886.284
Lesser Jacana,1252541.632
Red-breasted Pygmy-Parrot,85495.21163
Finsch's Pygmy-Parrot,16473.11398
Geelvink Pygmy-Parrot,949.4568685
Yellow-capped Pygmy-Parrot,70231.44163
Meek's Pygmy-Parrot,908.4985998
Buff-faced Pygmy-Parrot,112076.8158
Rufous Woodpecker,2367287.23
Ocellated Crake,1162289.913
Gray-throated Warbling-Finch,299727.6802
Cinereous Warbling-Finch,436685.5447
Rusty-browed Warbling-Finch,30941.58422
Buff-throated Warbling-Finch,22171.07516
Black-capped Warbling-Finch,572445.0803
Ringed Warbling-Finch,46890.48835
Three-striped Hemispingus,31742.78247
Slender-tailed Woodstar,42433.52257
Rufous-tailed Xenops,1374122.796
Yellow-headed Caracara,5260382.51
Black Kite,14119059.9
Red Kite,355532.8671
Brown-backed Mockingbird,67112.99362
Tropical Mockingbird,834735.7706
Socorro Mockingbird,5.865408763
Long-tailed Mockingbird,70112.08071
Española Mockingbird,25.68756195
San Cristobal Mockingbird,212.4413358
Galapagos Mockingbird,2690.002376
Patagonian Mockingbird,540741.6305
Northern Mockingbird,3917188.227
Chalk-browed Mockingbird,2779317.001
Chilean Mockingbird,88540.32304
Floreana Mockingbird,0.340422405
White-banded Mockingbird,1268065.064
Red-tailed Minla,451234.3515
Golden Myna,144045.8237
Yellow-faced Myna,247173.7276
Long-tailed Myna,23487.24669
McConnell's Flycatcher,999443.1364
Ochre-bellied Flycatcher,3454659.894
Olive-striped Flycatcher,15349.32533
Gray-hooded Flycatcher,408296.2944
Streak-necked Flycatcher,122784.1121
Jerdon's Bushlark,397831.5196
Rufous-naped Lark,1959160.242
White-tailed Lark,199561.1776
Angola Lark,294897.5415
Cape Clapper Lark,99830.99953
Ash's Lark,654.9014312
Bengal Bushlark,312107.9613
Latakoo Lark,99804.34251
Collared Lark,123228.0919
Kordofan Lark,661882.3077
Indochinese Bushlark,358008.461
Indian Bushlark,829271.6854
Eastern Clapper Lark,681811.5287
Gillett's Lark,227805.8057
Red-winged Lark,174226.0113
Australasian Bushlark,4466963.731
Burmese Bushlark,35218.42399
Monotonous Lark,722322.571
Friedmann's Lark,16262.53636
Rusty Lark,198417.799
Flappet Lark,3751425.352
Somali Long-billed Lark,48054.55225
Williams's Lark,11949.65839
Olive Flycatcher,35138.92853
Dusky-faced Tanager,64730.99595
Olive-backed Tanager,14990.63237
Salvin's Curassow,189237.8964
Crestless Curassow,481790.5417
Razor-billed Curassow,1506855.73
Bold-striped Tit-Babbler,275679.0765
Gray-cheeked Tit-Babbler,23965.81954
Pin-striped Tit-Babbler,1161885.825
Gray-faced Tit-Babbler,74041.46785
Spot-throat,27323.88654
Whitehead,13901.25513
Pipipi,29725.03061
Yellowhead,6532.728097
Bronzed Cowbird,707539.6579
Brown-headed Cowbird,1780476.235
Shiny Cowbird,5100579.032
Giant Cowbird,4197875.077
Screaming Cowbird,1822366.633
Andean Motmot,37598.64231
Trinidad Motmot,2015.85881
Blue-capped Motmot,14802.83005
Lesson's Motmot,245962.2652
Russet-crowned Motmot,124697.8106
Amazonian Motmot,3125875.773
Whooping Motmot,131948.9373
Torrent Flycatcher,156741.6387
Chestnut-bellied Monarch,10750.10828
Island Monarch,57326.74263
Black-winged Monarch,78283.49432
Black-faced Monarch,19138.21667
White-capped Monarch,1968.854319
Black Nunbird,668440.4539
Yellow-billed Nunbird,303258.5027
White-fronted Nunbird,2011711.974
Black-fronted Nunbird,2711165.148
Subdesert Mesite,4757.452435
Miombo Rock-Thrush,856503.2431
Short-toed Rock-Thrush,402969.2501
Sentinel Rock-Thrush,142333.6841
Littoral Rock-Thrush,7276.641429
Chestnut-bellied Rock-Thrush,911625.9017
Little Rock-Thrush,225247.5198
Cape Rock-Thrush,215277.6253
Forest Rock-Thrush,93770.27276
Blue Rock-Thrush,2892997.323
Black-winged Snowfinch,378571.6866
Tibetan Snowfinch,105396.605
White-winged Snowfinch,1572003.498
Lesser Ground-Cuckoo,138545.6301
Crested Eagle,4518448.662
Northern Gannet,7053655.66
African Pied Wagtail,4371161.887
White Wagtail,1840906.685
Cape Wagtail,1502397.751
Gray Wagtail,1394129.01
Citrine Wagtail,16510.76676
Mountain Wagtail,1218716.791
Western Yellow Wagtail,147034.8269
Madagascar Wagtail,228231.8557
Japanese Wagtail,139379.0467
White-browed Wagtail,1072297.99
Mekong Wagtail,14630.12705
Southern Sooty-Woodpecker,41409.49155
Ashy Woodpecker,40084.20128
Northern Sooty-Woodpecker,39419.85028
Great Slaty Woodpecker,969100.4239
Dusky-brown Flycatcher,922648.9783
Swamp Flycatcher,752310.0407
Cassin's Flycatcher,1434857.193
Asian Brown Flycatcher,257756.0579
Little Flycatcher,348845.6524
Ferruginous Flycatcher,4264.361155
Gambaga Flycatcher,258259.4624
Ashy-breasted Flycatcher,40602.25449
Sumba Brown Flycatcher,4133.023168
Yellow-footed Flycatcher,490909.3351
Short-tailed Field Tyrant,64449.00311
Shear-tailed Gray Tyrant,319853.2806
White-fronted Ground-Tyrant,110410.3709
Plain-capped Ground-Tyrant,16591.96528
Cinereous Ground-Tyrant,250906.4927
Little Ground-Tyrant,476646.3353
Taczanowski's Ground-Tyrant,120900.6687
Puna Ground-Tyrant,198476.8038
Dark-faced Ground-Tyrant,4646.812574
Spot-billed Ground-Tyrant,534352.2398
Rufous-naped Ground-Tyrant,268909.2495
Ross's Turaco,1192627.824
Violet Turaco,802207.3892
Varied Solitaire,689.794246
Rufous-throated Solitaire,33981.68971
Black-faced Solitaire,12324.33649
Omao,995.3235578
Brown-backed Solitaire,204138.356
Puaiohi,12.37651951
Andean Solitaire,176719.3754
Townsend's Solitaire,819571.2678
Slate-colored Solitaire,71106.77194
Collared Grosbeak,390688.2228
White-winged Grosbeak,1254045.505
Black-and-yellow Grosbeak,156833.0444
Spot-winged Grosbeak,552592.6445
Wood Stork,5610572.098
Milky Stork,33828.55248
Yellow-billed Stork,5933748.277
Painted Stork,595907.0731
Samoan Flycatcher,1110.913044
Shining Flycatcher,531468.1198
Biak Flycatcher,977.1194611
Azure-crested Flycatcher,170.4102619
Melanesian Flycatcher,12157.60038
Chestnut-throated Flycatcher,5906.592597
Ochre-headed Flycatcher,1286.437789
Satin Flycatcher,419557.0454
Palau Flycatcher,176.3414204
Steel-blue Flycatcher,12603.74336
Moluccan Flycatcher,17229.65786
Dull Flycatcher,132.3693894
Restless Flycatcher,618703.4565
Paperbark Flycatcher,434417.1965
Oceanic Flycatcher,40.87166778
Pohnpei Flycatcher,139.5516806
Leaden Flycatcher,658677.7565
Puerto Rican Flycatcher,3543.247965
Apical Flycatcher,16045.52299
Sad Flycatcher,4255.517775
Pale-edged Flycatcher,112988.9726
Ash-throated Flycatcher,128249.4422
Great Crested Flycatcher,7963.352299
Short-crested Flycatcher,4576880.755
Galapagos Flycatcher,3002.438891
Grenada Flycatcher,299.2020649
Lesser Antillean Flycatcher,1707.216831
Panama Flycatcher,143190.329
Sooty-crowned Flycatcher,38479.64063
Rufous Flycatcher,1465.001784
Stolid Flycatcher,33292.85518
Swainson's Flycatcher,2008720.791
Dusky-capped Flycatcher,3976268.711
Rufous-tailed Flycatcher,4255.517775
Venezuelan Flycatcher,90620.23066
Yucatan Flycatcher,63857.42202
Whiskered Flycatcher,2406050.409
Sulphur-rumped Flycatcher,247144.7567
Tawny-breasted Flycatcher,104563.4836
White-faced Redstart,6575.306961
White-fronted Redstart,6684.149652
Brown-capped Redstart,43373.24533
Saffron-breasted Redstart,90.09815076
Tepui Redstart,36912.16409
Yellow-crowned Redstart,2037.83783
Spectacled Redstart,71733.9979
Slate-throated Redstart,488053.2792
Golden-fronted Redstart,15300.82399
Painted Redstart,224763.9798
Baird's Flycatcher,37201.55646
Golden-crowned Flycatcher,68040.86274
Golden-bellied Flycatcher,123269.0122
Streaked Flycatcher,1651135.819
Sunda Robin,35365.9657
White-tailed Robin,1047659.808
Gray Elaenia,1024602.249
Jamaican Elaenia,4255.517775
Yellow-crowned Elaenia,503175.2047
Forest Elaenia,3348713.654
Foothill Elaenia,6816.870966
Pacific Elaenia,42257.83418
Greenish Elaenia,2853222.114
Olive-chested Flycatcher,27203.4456
Bran-colored Flycatcher,3867782.35
Flavescent Flycatcher,105135.1501
Unadorned Flycatcher,24433.31215
Orange-crested Flycatcher,17597.88463
Roraiman Flycatcher,95389.89724
Monk Parakeet,1051203.045
White-bellied Pygmy-Tyrant,59290.10264
Eared Pygmy-Tyrant,489205.7357
Short-tailed Pygmy-Tyrant,2483116.5
Smoky Bush-Tyrant,82801.7098
Rufous-bellied Bush-Tyrant,42400.5826
Santa Marta Bush-Tyrant,211.0769195
Streak-throated Bush-Tyrant,244195.7158
Santa Marta Warbler,266.8197638
Two-banded Warbler,44798.58842
Golden-bellied Warbler,16587.33859
Gray-throated Warbler,14009.62091
White-lored Warbler,1048.867092
Russet-crowned Warbler,161235.2047
Flavescent Warbler,1583156.681
Gray-and-gold Warbler,23518.47563
White-browed Warbler,607286.5734
White-striped Warbler,312200.7939
Citrine Warbler,48093.57738
Black-crested Warbler,74608.13526
Riverbank Warbler,326495.3607
Pale-legged Warbler,62750.71539
Ornate Flycatcher,57642.48332
Dusky-chested Flycatcher,1528661.422
Sri Lanka Whistling-Thrush,1183.793815
Bornean Whistling-Thrush,43760.86744
Blue Whistling-Thrush,2191943.993
Sumatran Whistling-Thrush,36011.54494
Javan Whistling-Thrush,9517.90518
Malabar Whistling-Thrush,159259.5316
Taiwan Whistling-Thrush,8579.744339
Shiny Whistling-Thrush,25836.66388
Ash-colored Tapaculo,45935.61058
White-bellied Antbird,428919.603
Northern Anteater-Chat,831133.5178
White-headed Black-Chat,1197832.817
Southern Anteater-Chat,803299.8936
Rüppell's Chat,78470.28357
Sooty Chat,1353392.988
Congo Moorchat,97203.01223
Brownish-headed Antbird,21064.84486
Caura Antbird,92758.30121
Humaita Antbird,143096.6819
Plumbeous Antbird,634111.4213
Spot-winged Antbird,1146562.023
Rufous-faced Antbird,182807.5221
Roraiman Antbird,18512.09888
Slate-colored Antbird,203155.994
Short-tailed Woodstar,27866.79304
White-browed Antbird,1974365.234
White-lined Antbird,78350.45694
Ash-breasted Antbird,112277.2227
Black-tailed Antbird,12555.31949
Black-faced Antbird,1844924.065
Black-and-white Antbird,100824.3123
Ferruginous-backed Antbird,498194.6792
White-bibbed Antbird,68706.72872
Scalloped Antbird,192.787757
Squamate Antbird,93332.12213
Black-throated Antbird,2625789.193
Stripe-backed Antbird,667501.5326
Wing-banded Antbird,1156835.081
Thrush-like Antpitta,1760941.448
Tepui Antpitta,43713.82168
Yellow-throated Antwren,99485.76836
Leaden Antwren,159162.2974
White-flanked Antwren,2986259.525
Plain-winged Antwren,53831.69479
Pygmy Antwren,2390287.096
Cherrie's Antwren,261201.2457
Ashy Antwren,25878.08836
Moustached Antwren,601857.8922
Ihering's Antwren,443737.6752
Klages's Antwren,21732.55133
Stripe-chested Antwren,59372.64051
Long-winged Antwren,1975746.514
Gray Antwren,2444651.514
Amazonian Streaked-Antwren,1793109.646
Pacific Antwren,91368.34548
Slaty Antwren,206245.2774
Sclater's Antwren,1023938.216
Alagoas Antwren,58.9686339
Rio Suno Antwren,69012.50836
Guianan Streaked-Antwren,493268.3936
Unicolored Antwren,26684.02314
Band-tailed Antwren,1171.066072
Purple-collared Woodstar,99023.74712
Crossley's Vanga,61746.62153
Dark-eared Myza,16245.6337
White-eared Myza,3785.401232
Elfin Myzomela,30923.21601
White-chinned Myzomela,133.5234075
Seram Myzomela,4378.523503
Banda Myzomela,1983.444339
New Caledonian Myzomela,6383.49892
Cardinal Myzomela,8572.240165
Rotuma Myzomela,16.37022845
Sulawesi Myzomela,43654.13394
Ashy Myzomela,12620.25643
Red Myzomela,76896.18082
Sumba Myzomela,3613.914184
Yellow-vented Myzomela,1968.854319
Ruby-throated Myzomela,179810.5448
Red-headed Myzomela,170741.0488
Black-bellied Myzomela,12008.09406
Orange-breasted Myzomela,7046.631906
Crimson-hooded Myzomela,1818.987252
Scarlet-naped Myzomela,6681.362749
Red-bellied Myzomela,1676.934423
Black-headed Myzomela,2281.377956
Papuan Black Myzomela,64142.02234
Dusky Myzomela,294869.9614
Bismarck Black Myzomela,712.5324442
Red-collared Myzomela,68260.17946
Micronesian Myzomela,621.3874893
Scarlet Myzomela,352499.2907
Sclater's Myzomela,426.9482586
Black-breasted Myzomela,9158.748135
Wakolo Myzomela,2067.694657
Fire-tailed Myzornis,38586.28435
Tepui Parrotlet,18967.22292
Eyebrowed Wren-Babbler,684314.6588
Long-billed Woodcreeper,2087589.162
Bat-like Spinetail,646443.3593
Cassin's Spinetail,797483.947
Hooded Vulture,4156014.359
Bocage's Sunbird,44115.99085
Malachite Sunbird,428199.5085
Red-tufted Sunbird,8227.971287
Bronze Sunbird,197348.1305
Purple-breasted Sunbird,27086.50604
Tacazze Sunbird,110125.5004
Hooded Tanager,3471747.584
Cherry-throated Tanager,20.38350556
Plum-headed Finch,615676.5339
Crimson Finch,408102.3721
Star Finch,427263.0894
Red-browed Firetail,414861.2546
Babbling Starling,112901.5757
White-tailed Ant-Thrush,969133.1565
Red-tailed Ant-Thrush,433853.4627
Black Bushbird,521424.3755
Common Sunbird-Asity,21285.56295
Yellow-bellied Sunbird-Asity,5042.280089
Buff-bellied Monarch,3814.669856
Black-collared Bulbul,314268.2958
Stripe-throated Jery,62887.25585
Common Jery,226388.8891
Green Jery,66864.64035
Rufous-vented Ground-Cuckoo,1126628.887
Red-billed Ground-Cuckoo,424195.2664
Rufous-winged Ground-Cuckoo,229417.4308
Saffron-crested Tyrant-Manakin,271823.5417
Serra do Mar Tyrant-Manakin,61639.07013
Pale-bellied Tyrant-Manakin,941919.9848
Sulphur-bellied Tyrant-Manakin,447414.903
Blue-winged Parrot,66194.41402
Elegant Parrot,334260.985
Rock Parrot,54878.24952
Turquoise Parrot,190114.3381
Scarlet-chested Parrot,101255.683
Egyptian Vulture,3340235.09
Cinnamon Manakin-Tyrant,1380387.017
Yellow-billed Lorikeet,88546.99684
Orange-billed Lorikeet,44352.70864
Short-tailed Parrotbill,66579.47505
White-banded Tanager,865795.5877
Denham's Bustard,2957608.678
Heuglin's Bustard,381932.8584
Ludwig's Bustard,388494.0434
Nubian Bustard,921223.5229
Orange-banded Flycatcher,4515.706413
Ochraceous-breasted Flycatcher,35869.25353
Handsome Flycatcher,35659.71699
Pardusco,6730.537927
Fearful Owl,5063.752577
Grand Comoro Brush-Warbler,398.2369645
Subdesert Brush-Warbler,26919.49666
Moheli Brush-Warbler,80.848335
Madagascar Brush-Warbler,200978.7223
White-collared Oliveback,60803.61544
Gray-headed Oliveback,376868.5749
Shelley's Oliveback,12064.12951
Antillean Piculet,28880.17409
Pink Pigeon,28.9793043
Polynesian Storm-Petrel,11367369.32
Jamaican Blackbird,667.1470414
Yellow-throated Honeyeater,25520.56709
White-eared Honeyeater,762544.4026
Puerto Rican Tanager,3387.80726
Inaccessible Island Finch,6.34185597
Nightingale Island Finch,0.953224824
Wilkins's Finch,0.953224824
Cocos Flycatcher,9.559629775
New Zealand Kaka,27459.81033
Kea,24430.0201
Rosy-billed Pochard,2014245.842
Red-crested Pochard,92191.51737
African Pygmy-Goose,6855016.757
Cotton Pygmy-Goose,2747146.803
Green Pygmy-Goose,649083.3648
Dark Newtonia,93265.70859
Archbold's Newtonia,30052.20315
Common Newtonia,212635.2928
Red-tailed Newtonia,32477.64692
Western Nicator,1532660.15
Eastern Nicator,363097.15
Yellow-throated Nicator,566210.8724
Chestnut-breasted Nigrita,1265461.507
Gray-headed Nigrita,1479348.264
White-breasted Nigrita,1146517.705
Pale-fronted Nigrita,1021390.096
Brubru,4075454.5
Large Niltava,624076.2932
Small Niltava,615398.0752
Rufous-vented Niltava,16393.61679
Rufous-bellied Niltava,847518.3451
Vivid Niltava,6169.798457
Andaman Boobook,2183.48712
Togian Boobook,168.1835833
Barking Owl,1065429.054
Tanimbar Boobook,1647.934205
Halmahera Boobook,7762.467308
Cinnabar Boobook,1422.543214
Solomons Boobook,6652.790262
Northern Boobook,15187.27977
Camiguin Boobook,97.66170264
Manus Boobook,706.6190817
Mindoro Boobook,3804.746577
Christmas Island Boobook,52.96466044
Southern Boobook,104002.8302
Hume's Boobook,2008.874528
Ochre-bellied Boobook,36339.03313
New Britain Boobook,12804.03005
Luzon Boobook,62132.21146
Speckled Boobook,58765.98883
Chocolate Boobook,87627.43314
Sulu Boobook,690.4036091
Sumba Boobook,4133.023168
Rufous Owl,318308.0473
Cebu Boobook,1715.364056
Brown Boobook,2011855.674
Mindanao Boobook,37365.35876
Romblon Boobook,442.0890702
Hantu Boobook,7043.47397
Powerful Owl,221549.8656
Least Boobook,1132.497097
Papuan Boobook,230275.6578
Bismarck Boobook,2994.632027
Crested Ibis,394.6040841
Blyth's Hawk-Eagle,309053.4161
Javan Hawk-Eagle,5568.141457
Crested Hawk-Eagle,1702046.373
Flores Hawk-Eagle,13508.17164
Sulawesi Hawk-Eagle,70807.65372
Wallace's Hawk-Eagle,422706.3968
Mountain Hawk-Eagle,829825.1498
Philippine Hawk-Eagle,44372.70726
Pinsker's Hawk-Eagle,51106.57783
Chestnut-headed Nunlet,9722.965958
Brown Nunlet,96997.21711
Gray-cheeked Nunlet,67394.4928
Rusty-breasted Nunlet,2099894.111
Rufous-capped Nunlet,1098081.02
Fulvous-chinned Nunlet,248206.2231
Greater Bluebonnet,668927.1418
White-necked Puffbird,2023674.482
Guianan Puffbird,336632.8944
Brown-banded Puffbird,202319.4182
Buff-bellied Puffbird,358060.5971
Pied Puffbird,1956641.451
Tawny-breasted Tinamou,53725.07937
Hooded Tinamou,79651.26667
Nocturnal Curassow,781205.9857
Brushland Tinamou,466763.4236
Curve-billed Tinamou,20280.99637
Ornate Tinamou,295499.7783
Chilean Tinamou,45787.88259
Taczanowski's Tinamou,6843.263245
White-bellied Nothura,520577.7884
Chaco Nothura,43179.29411
Darwin's Nothura,424284.4232
Spotted Nothura,1553393.334
Lesser Nothura,185610.1346
Stitchbird,11.29263997
Eurasian Nutcracker,5979220.933
Clark's Nutcracker,883254.5931
Kashmir Nutcracker,116071.7954
Eurasian Curlew,45051.22146
Helmeted Guineafowl,4920764.23
Yellow-crowned Night-Heron,945413.8997
Long-tailed Potoo,1920900.199
Rufous Potoo,1721826.915
Common Potoo,5330567.513
White-winged Potoo,1123209.393
Andean Potoo,45253.11589
Rufous Night-Heron,2982898.694
South American Painted-Snipe,978358.4078
Common Pauraque,5308374.222
Scrub Nightjar,22134.45459
Eared Poorwill,72631.04126
Ocellated Poorwill,1312229.117
Choco Poorwill,22363.01487
Yucatan Poorwill,56269.21341
Pygmy Nightjar,261652.1245
Blackish Nightjar,1592194.161
Band-tailed Nighthawk,2024713.571
Red-bearded Bee-eater,576068.2072
Blue-bearded Bee-eater,1012441.084
Cockatiel,2495135.801
White-eared Puffbird,1671584.71
Spot-backed Puffbird,1406925.739
Eastern Striolated-Puffbird,1128561.805
Elliot's Storm-Petrel,680293.6173
Pincoya Storm-Petrel,1210.239869
Rock Earthcreeper,153755.5385
Crag Chilia,15223.73584
Band-tailed Earthcreeper,202762.7437
Straight-billed Earthcreeper,411721.864
Slaty-backed Chat-Tyrant,67378.90847
Brown-backed Chat-Tyrant,95072.93815
White-browed Chat-Tyrant,301889.0972
d'Orbigny's Chat-Tyrant,241031.5784
Piura Chat-Tyrant,7749.75468
Rufous-breasted Chat-Tyrant,128821.5222
Drab Water Tyrant,1761604.612
Booted Racket-tail,148880.0824
Indian Gray Hornbill,796421.5844
Sri Lanka Gray Hornbill,25064.20611
Malabar Gray Hornbill,89096.8824
Crested Pigeon,2850431.094
Stripe-faced Wood-Quail,35004.07295
Spot-winged Wood-Quail,665736.1792
Venezuelan Wood-Quail,3611.48664
Rufous-fronted Wood-Quail,63334.23457
Marbled Wood-Quail,2909697.124
Chestnut Wood-Quail,23354.93408
Black-breasted Wood-Quail,3661.010118
Black-eared Wood-Quail,49433.31921
Rufous-breasted Wood-Quail,164425.7368
Starred Wood-Quail,665620.6899
Gorgeted Wood-Quail,1475.581919
Gray-mantled Wren,60020.32705
Tooth-billed Wren,404557.9326
Gray-headed Silverbill,166320.5532
Spectacled Longbill,215224.6167
Pygmy Longbill,229937.0533
Namaqua Dove,3815023.433
Hume's Wheatear,528199.7473
Red-breasted Wheatear,45040.26074
Desert Wheatear,247324.0155
Finsch's Wheatear,378278.0575
White-crowned Wheatear,2084266.358
Black Wheatear,497413.0654
Mourning Wheatear,696451.7325
Red-rumped Wheatear,356461.7411
Hooded Wheatear,365003.2785
Somali Wheatear,215318.3941
Capped Wheatear,2315622.522
Yellow-eared Parrot,198.2810549
Lunulated Antbird,114747.4538
White-throated Antbird,523217.3896
White-billed Starling,62836.6807
Somali Starling,109086.1307
Socotra Starling,1398.611304
Chestnut-winged Starling,914147.275
Red-winged Starling,1413331.42
Pale-winged Starling,379963.9437
Neumann's Starling,180562.1935
Bristle-crowned Starling,249686.7465
Slender-billed Starling,156632.3289
Tristram's Starling,217958.7674
Waller's Starling,119010.5472
Sooty Tern,11.00766066
Gray-backed Tern,14456.90527
Royal Flycatcher,2306456.317
Himalayan Quail,80.7194254
Hoatzin,2918872.099
Mountain Avocetbill,10421.86744
Brown Tanager,63137.33669
Tit Berrypecker,24069.5981
Crested Bellbird,1914268.067
Rwenzori Apalis,26714.03153
Akikiki,33.0501874
Bearded Mountaineer,13983.67946
Roberts's Warbler,3750.124414
Tawny-throated Dotterel,507909.5867
Bolivian Blackbird,29885.0068
Plum-faced Lorikeet,41702.03044
Orange-cheeked Honeyeater,8611.681147
Mountain Quail,133616.0867
Fernwren,39521.13852
Mountain Firetail,19755.01267
Wedge-tailed Hillstar,19554.9862
Ecuadorian Hillstar,14244.98427
Andean Hillstar,230037.4963
White-sided Hillstar,156002.9482
Black-breasted Hillstar,21365.51719
Rockwarbler,21993.52108
Bernier's Vanga,7002.271866
White-lored Oriole,8564.738104
African Golden Oriole,1784809.438
Buru Oriole,1804.82339
Western Black-headed Oriole,1019517.067
Black-naped Oriole,576317.3512
Green-headed Oriole,23605.63455
Sao Tome Oriole,185.9802321
Black-and-crimson Oriole,9815.550372
Tanimbar Oriole,1076.739515
Green Oriole,206602.5356
Seram Oriole,5791.979998
Black Oriole,7885.631083
Isabela Oriole,417.7358393
Indian Golden Oriole,349736.4826
African Black-headed Oriole,2348041.784
Timor Oriole,11591.95762
Ethiopian Black-headed Oriole,130171.5748
Black-winged Oriole,791789.5905
Black-tailed Oriole,63370.03253
Halmahera Oriole,6991.85643
Olive-backed Oriole,1317145.123
Philippine Oriole,54083.62579
Brown Oriole,262690.5909
Slender-billed Oriole,270274.4662
Maroon Oriole,636044.3281
Dark-throated Oriole,448605.0852
Black-hooded Oriole,1665460.708
Striped Sparrow,113918.0212
White-lored Tyrannulet,2587328.434
Yellow-bellied Tyrannulet,99289.15796
Piping Bellbird,59049.56867
Andean Swallow,195394.8693
Pale-footed Swallow,49364.20448
Brown-bellied Swallow,164348.4291
East Brazilian Chachalaca,135029.1857
Chaco Chachalaca,452435.0731
Gray-headed Chachalaca,91248.77029
Colombian Chachalaca,45225.26889
Rufous-headed Chachalaca,28789.80944
Chestnut-winged Chachalaca,42358.30977
Speckled Chachalaca,1273482.356
White-bellied Chachalaca,22161.55385
West Mexican Chachalaca,77247.95218
Rufous-vented Chachalaca,183038.1172
Scaled Chachalaca,112351.2001
Buff-browed Chachalaca,149403.8416
Plain Chachalaca,232905.6181
Rufous-bellied Chachalaca,44039.16316
Olive-green Tanager,47092.09094
Papuan Logrunner,25246.64914
Chowchilla,9048.952437
Australian Logrunner,64304.35578
Red-bellied Macaw,2760122.681
Antillean Crested Hummingbird,2986.988874
Dark-necked Tailorbird,1062777.543
Visayan Tailorbird,12782.24567
Cambodian Tailorbird,1900.591672
Green-backed Tailorbird,34582.37825
White-eared Tailorbird,7973.113634
Gray-backed Tailorbird,23318.21585
Rufous-fronted Tailorbird,46544.99575
White-browed Tailorbird,9444.654426
Ashy Tailorbird,342610.2853
Yellow-breasted Tailorbird,7064.415303
Olive-backed Tailorbird,54158.91675
Rufous-tailed Tailorbird,412549.3206
Common Tailorbird,2644766.854
Black-faced Quailfinch,1249781.818
Quail-plover,1139368.153
Pheasant Pigeon,100435.7882
Great Bustard,189809.0575
Chinese Thrush,418084.4906
Flores Scops-Owl,192.4238034
Nicobar Scops-Owl,385.4450442
Indian Scops-Owl,1138165.621
Biak Scops-Owl,974.6218101
Rajah Scops-Owl,14997.48227
Pallid Scops-Owl,54442.05542
Anjouan Scops-Owl,104.9028779
Sangihe Scops-Owl,214.8769445
Ryukyu Scops-Owl,1549.959303
Enggano Scops-Owl,154.7505157
Everett's Scops-Owl,46166.80388
Palawan Scops-Owl,3323.161763
Giant Scops-Owl,41736.64087
Sao Tome Scops-Owl,150.1825212
Sandy Scops-Owl,258995.7597
Seychelles Scops-Owl,14.81685399
Sokoke Scops-Owl,245.0908052
Rinjani Scops-Owl,818.9500902
Sunda Scops-Owl,574044.5339
Collared Scops-Owl,1623383.357
Luzon Scops-Owl,7654.902763
Moluccan Scops-Owl,32497.15135
Sulawesi Scops-Owl,68739.13829
Mantanani Scops-Owl,713.9083077
Mayotte Scops-Owl,143.2324349
Philippine Scops-Owl,41073.44629
Mentawai Scops-Owl,2362.883039
Mindoro Scops-Owl,370.3642766
Mindanao Scops-Owl,640.2013104
Moheli Scops-Owl,80.01362136
Negros Scops-Owl,9402.244085
Arabian Scops-Owl,78593.38176
Comoro Scops-Owl,67.31361761
Pemba Scops-Owl,374.6876758
Reddish Scops-Owl,342570.053
Malagasy Scops-Owl,228122.0376
White-fronted Scops-Owl,57294.70935
Eurasian Scops-Owl,96532.4265
Japanese Scops-Owl,765291.5339
African Scops-Owl,5206821.578
Wallace's Scops-Owl,10916.87351
Socotra Scops-Owl,1398.611304
Mountain Scops-Owl,1293544.844
Oriental Scops-Owl,1654836.234
Simeulue Scops-Owl,599.3791225
White-throated Oxylabes,66694.49298
Blue-bearded Helmetcrest,1093.548347
Green-bearded Helmetcrest,7603.736756
White-bearded Helmetcrest,3336.877864
Sharpbill,722797.6648
Blue-billed Duck,210233.681
Andean Duck,806913.6493
Ruddy Duck,874024.8004
White-headed Duck,251996.8036
Maccoa Duck,865909.8184
Lake Duck,767100.3905
Goldenface,66065.80879
Green-backed Whistler,40306.68616
Wallacean Whistler,2116.134508
Golden-backed Whistler,21811.55239
New Caledonian Whistler,6383.49892
Mangrove Whistler,415838.9378
Rennell Whistler,260.8284499
Samoan Whistler,1110.869786
Rusty-breasted Whistler,30083.75378
Drab Whistler,16880.52817
White-vented Whistler,48323.00816
Rusty Whistler,39908.25268
Bornean Whistler,32534.56259
Guadalcanal Hooded Whistler,100.4787504
Gilbert's Whistler,615312.8801
Tongan Whistler,54.11759992
White-breasted Whistler,98725.33819
White-bellied Whistler,1538.300144
Lorentz's Whistler,18327.97555
Black-tailed Whistler,202409.9448
Black-chinned Whistler,9442.852802
Vogelkop Whistler,3342.808612
Brown-backed Whistler,26311.54588
Black-headed Whistler,12815.01813
Bare-throated Whistler,7754.461265
Olive Whistler,115196.4529
Oriole Whistler,14095.44746
Fawn-breasted Whistler,8459.157124
Island Whistler,3713.050471
Yellow-bellied Whistler,74618.64954
Bougainville Hooded Whistler,228.2009972
Rufous Whistler,2790500.289
Red-lored Whistler,39515.97007
Regent Whistler,51205.49887
Gray Whistler,35984.94013
Sclater's Whistler,85687.38527
Sulphur-bellied Whistler,19101.55478
Morningbird,176.3197412
Fiji Whistler,7046.713457
Green-backed Robin,20857.81266
White-eyed Robin,71295.53326
Thick-billed Cuckoo,1701884.527
Slender-billed Prion,21723205.23
Fulmar Prion,2694314.661
Antarctic Prion,32487248.68
Salvin's Prion,11425711.54
Fairy Prion,8153443.568
Broad-billed Prion,19614433.17
Rose-throated Becard,450621.375
Chestnut-crowned Becard,2234890.939
Gray-collared Becard,146114.9895
Black-capped Becard,2449788.195
Pink-throated Becard,2662542.324
Jamaican Becard,4255.517775
White-winged Becard,5380391.466
Cinereous Becard,1542223.563
Slaty Becard,15695.77203
Glossy-backed Becard,273141.838
Crested Becard,2341055.606
Green-backed Becard,1914937.488
Lesser Greenlet,330672.9966
Dusky-capped Greenlet,1521457.224
Buff-cheeked Greenlet,921516.3663
Rufous-naped Greenlet,16288.63362
Snow Petrel,13894984.47
Ivory Gull,6524139.899
Akohekohe,22.33445275
Locustfinch,282317.4759
Osprey,2046003.11
Fiery-throated Hummingbird,3193.655854
Bearded Reedling,4513165.745
Lesser Swallow-tailed Swift,3300395.921
Great Swallow-tailed Swift,141665.8285
Abbott's Booby,261607.1646
White-rumped Hawk,459169.1872
Harris's Hawk,3480924.846
Short-tailed Paradigalla,35411.18288
Long-tailed Paradigalla,1281.611671
Greater Bird-of-Paradise,38325.05663
Goldie's Bird-of-Paradise,322.1844616
Emperor Bird-of-Paradise,4143.164844
Lesser Bird-of-Paradise,105602.1498
Raggiana Bird-of-Paradise,77384.05894
Red Bird-of-Paradise,1497.081405
Black-breasted Parrotbill,14283.32762
Spot-breasted Parrotbill,544360.8663
Reed Parrotbill,174663.4501
Crested Berrypecker,16800.57284
Spotted Pardalote,838151.4531
Forty-spotted Pardalote,182.995955
Red-browed Pardalote,2004253.215
Striated Pardalote,1241594.535
Spotted Rail,2913792.39
Blackish Rail,1256683.485
Plumbeous Rail,1768303.479
Yellow-shouldered Grosbeak,745067.7128
Jameson's Antpecker,141198.2479
Red-fronted Antpecker,37645.82598
Woodhouse's Antpecker,276502.3657
Crimson-fronted Cardinal,41443.36815
Yellow-billed Cardinal,587781.8194
Red-crested Cardinal,923057.5356
Red-cowled Cardinal,468248.4336
Red-capped Cardinal,1717504.363
Masked Cardinal,177650.2047
Abyssinian Catbird,30477.06967
Maui Alauahio,98.50363388
Bronze Parotia,300.9150118
Carola's Parotia,8921.941212
Lawes's Parotia,37180.56612
Western Parotia,2783.545103
Wahnes's Parotia,1644.930257
Great Tit,12578372.31
Green-backed Tit,650433.1158
Saxaul Sparrow,502825.2796
Somali Sparrow,275160.9436
Russet Sparrow,1178040.127
Kordofan Rufous Sparrow,55439.38115
Southern Gray-headed Sparrow,1299275.071
House Sparrow,13282617.6
Chestnut Sparrow,212073.788
Arabian Golden Sparrow,63252.64314
Plain-backed Sparrow,509604.2663
Parrot-billed Sparrow,434476.9926
Northern Gray-headed Sparrow,4059279.74
Abd al Kuri Sparrow,50.78884257
Spanish Sparrow,942032.0548
Cape Verde Sparrow,1384.260372
Socotra Sparrow,1417.545568
Italian Sparrow,120606.7848
Sudan Golden Sparrow,1109681.43
Cape Sparrow,681606.243
Dead Sea Sparrow,65408.72493
Eurasian Tree Sparrow,14574126.19
Great Rufous Sparrow,636501.3059
Sind Sparrow,202655.1046
Kenya Rufous Sparrow,34795.54324
Shelley's Rufous Sparrow,77709.20348
Desert Sparrow,254897.4325
Swahili Sparrow,109135.7764
Swainson's Sparrow,290387.6849
Savannah Sparrow,242675.3817
Blue Grosbeak,190877.6611
Orange-breasted Bunting,54296.59727
Rose-bellied Bunting,2694.901861
Varied Bunting,197012.93
Chilean Pigeon,111670.2404
Ring-tailed Pigeon,2743.602575
Band-tailed Pigeon,588712.55
Dusky Pigeon,33601.23702
Plain Pigeon,19666.96058
White-crowned Pigeon,92266.90717
Spot-winged Pigeon,1412761.895
Short-billed Pigeon,136088.237
Picazuro Pigeon,2250676.805
Plumbeous Pigeon,2534674.313
Giant Hummingbird,427551.4995
Sira Curassow,152.5144824
Helmeted Curassow,15491.38423
Horned Curassow,3272.633932
Indian Peafowl,1095741.347
Plains-wanderer,12597.94277
White-faced Storm-Petrel,40453966.86
Brown-winged Kingfisher,48766.47646
Stork-billed Kingfisher,1966012.799
Great-billed Kingfisher,64878.37125
Peruvian Diving-Petrel,181217.0327
South Georgia Diving-Petrel,3366518.38
Magellanic Diving-Petrel,397689.3535
Common Diving-Petrel,8385859.062
Australian Pelican,2072781.278
Dalmatian Pelican,30926.1343
American White Pelican,10263.47656
Brown Pelican,704147.628
Great White Pelican,148812.8855
Spot-billed Pelican,533094.3689
Pink-backed Pelican,5459975.535
Peruvian Pelican,141771.8604
White-throated Francolin,426597.0876
Coqui Francolin,1613951.888
Latham's Francolin,1025222.927
Schlegel's Francolin,213595.4914
Spot-throated Babbler,178206.3295
Black-capped Babbler,46970.86712
Brown-capped Babbler,20571.69611
Marsh Babbler,24207.11554
Puff-throated Babbler,789401.2015
Inland Dotterel,251664.2584
Lowland Peltops,204331.2741
Mountain Peltops,125134.9029
Band-tailed Guan,34264.95621
Red-faced Guan,12318.3136
Spix's Guan,1933337.1
White-browed Guan,238453.0971
Marail Guan,470257.5029
Andean Guan,142323.0442
Dusky-legged Guan,391032.0595
Chestnut-bellied Guan,11951.2454
Cauca Guan,41.56812647
White-crested Guan,404098.9047
Crested Guan,490125.667
Rusty-margined Guan,2167720.366
Mindanao Hornbill,45432.24462
Luzon Hornbill,40409.61286
Mindoro Hornbill,389.5069687
Highland Guan,39865.62028
White-rumped Robin,19931.06902
Smoky Robin,17606.95287
Blue-gray Robin,64812.62738
White-winged Robin,29898.45145
Allpahuayo Antbird,3404.293347
Black-headed Antbird,439932.4795
Rock Bush-Quail,456704.1443
Jungle Bush-Quail,843771.6654
Painted Bush-Quail,194134.8772
Manipur Bush-Quail,19521.43761
Daurian Partridge,2942128.598
Tibetan Partridge,386479.8285
Gray Partridge,3873713.045
Short-billed Minivet,933128.0457
Small Minivet,1850743.351
Ashy Minivet,1748.710428
White-bellied Minivet,606733.7495
Long-tailed Minivet,327420.9776
Orange Minivet,2451510.291
Fiery Minivet,488918.5462
Flores Minivet,11591.17559
Sunda Minivet,59925.16557
Rosy Minivet,388447.4825
Gray-chinned Minivet,1120541.661
Ryukyu Minivet,22430.01412
Coal Tit,7331064.703
Rufous-vented Tit,366774.362
Black-breasted Tit,204858.5649
Siberian Jay,4571478.706
Sichuan Jay,55344.93479
Capuchinbird,639065.9355
Barred Honey-buzzard,60107.91806
Oriental Honey-buzzard,2716717.302
Fairy Martin,2073092.126
Streak-throated Swallow,883310.514
Forest Swallow,118494.3332
Cave Swallow,233327.102
Tree Martin,2421571.509
Preuss's Swallow,859505.0131
Red-throated Swallow,427972.9572
Chestnut-collared Swallow,42406.31476
Snow Mountain Robin,1041.942304
New Zealand Robin,16607.25491
Subalpine Robin,6256.129971
Scarlet Robin,78110.5853
Red-capped Robin,2529545.779
Tomtit,78566.13134
Pacific Robin,14.6397104
Flame Robin,26275.21272
Pink Robin,26277.02418
Chatham Robin,1.506111798
Rock Sparrow,3011935.633
White-quilled Rock-Pigeon,91011.50068
Chestnut-quilled Rock-Pigeon,21297.226
Bachman's Sparrow,222936.2594
Botteri's Sparrow,385450.4009
Rufous-winged Sparrow,67947.4767
Cassin's Sparrow,531765.0071
Black-chested Sparrow,32398.69154
Bridled Sparrow,20308.22204
Cinnamon-tailed Sparrow,2467.865254
Night Parrot,17944.80824
Ground Parrot,75432.71084
Orange-eyed Thornbird,152343.6712
Orange-breasted Thornbird,226307.7514
Spot-breasted Thornbird,46171.63139
Greater Thornbird,1068038.521
Rufous-fronted Thornbird,1078483.986
Little Thornbird,444038.5457
Streak-fronted Thornbird,117672.8502
Freckle-breasted Thornbird,251420.2084
Chestnut-breasted Malkoha,470077.3089
Black-bellied Malkoha,484572.5809
Red-faced Malkoha,14115.52552
Chestnut-bellied Malkoha,494571.5801
Green-billed Malkoha,1688540.41
Blue-faced Malkoha,303454.1819
Black-crowned Palm-Tanager,25844.45188
Gray-crowned Palm-Tanager,3578.694899
Ocellated Antbird,98209.99658
Mouse-colored Tyrannulet,4176757.176
Tapajos Hermit,68692.04324
Black-throated Hermit,320130.3958
Sooty-capped Hermit,215385.5663
Straight-billed Hermit,1057521.038
Scale-throated Hermit,360712.8372
Gray-chinned Hermit,140206.7763
Green Hermit,214347.5517
White-bearded Hermit,1547676.859
Minute Hermit,59832.26911
Koepcke's Hermit,43454.62687
Long-billed Hermit,206023.8918
Little Hermit,108775.2883
Great-billed Hermit,1463465.166
Mexican Hermit,35184.08752
Cinnamon-throated Hermit,304578.2682
Needle-billed Hermit,616411.5197
Planalto Hermit,1442704.888
Reddish Hermit,3756419.173
Streak-throated Hermit,220082.2559
Dusky-throated Hermit,105165.6222
White-browed Hermit,57110.77971
Buff-bellied Hermit,130674.1952
Long-tailed Hermit,989430.0507
Tawny-bellied Hermit,61636.43005
White-whiskered Hermit,46305.62958
Phainopepla,378760.4257
Cape Cormorant,56062.0319
Great Cormorant,6699115.615
Pitt Island Shag,4604.277385
Indian Cormorant,458521.2396
Socotra Cormorant,66295.64445
Spotted Shag,32882.79905
Little Black Cormorant,938749.2291
Pied Cormorant,1690824.755
Common Poorwill,483639.8254
White-throated Caracara,131729.2237
Striated Caracara,9193.96286
Carunculated Caracara,17357.52238
Mountain Caracara,390460.3182
Amethyst Brown-Dove,87946.67864
Tawitawi Brown-Dove,239.9799207
White-eared Brown-Dove,45691.96027
Common Bronzewing,2273939.063
Brush Bronzewing,268171.8559
Flock Bronzewing,1441737.724
Crested Quetzal,164903.4746
White-tipped Quetzal,8441.189462
Resplendent Quetzal,57566.56258
Pavonine Quetzal,1452024.845
Ring-necked Pheasant,2867459.196
Mascarene Martin,229827.7795
Diademed Sandpiper-Plover,294201.9133
White-bearded Flycatcher,107346.6101
Black-backed Grosbeak,312748.0019
Golden Grosbeak,207402.0461
Yellow Grosbeak,108104.7039
Black-headed Grosbeak,189422.1491
Black-thighed Grosbeak,7569.74059
Black-throated Wren,13345.96085
Coraya Wren,1471444.191
Inca Wren,6937.33849
Plain-tailed Wren,19407.95944
Black-bellied Wren,101490.8168
Happy Wren,114443.5634
Moustached Wren,2442828.158
Spot-breasted Wren,233238.9354
Whiskered Wren,104778.3336
Speckle-breasted Wren,6027.642164
Sooty-headed Wren,19721.51806
Swallow-tailed Cotinga,371929.8467
Collared Lory,7000.6947
White-naped Friarbird,728.9210165
Silver-crowned Friarbird,341991.8414
Brass's Friarbird,3812.929586
Helmeted Friarbird,421696.9871
Little Friarbird,1220483.867
New Britain Friarbird,13642.94001
Noisy Friarbird,678809.4084
New Caledonian Friarbird,6880.348595
New Ireland Friarbird,662.0605827
Dusky Friarbird,881.8799409
Timor Friarbird,11119.33141
Gray Friarbird,206.1991812
Meyer's Friarbird,180023.5343
Black-faced Friarbird,3265.085178
Seram Friarbird,6592.342087
Rufous-winged Philentoma,472619.8501
Maroon-breasted Philentoma,444466.6331
Velvet Asity,17890.73799
Schlegel's Asity,29200.60882
North Island Saddleback,1.797659255
Sociable Weaver,254191.3968
Banded Quail,35073.76444
Black-capped Foliage-gleaner,436207.3052
Rufous-rumped Foliage-gleaner,2092059.511
Chestnut-winged Foliage-gleaner,1165581.556
Slaty-winged Foliage-gleaner,43032.36982
Alagoas Foliage-gleaner,13.85416204
Cinnamon-rumped Foliage-gleaner,2265656.042
Buff-fronted Foliage-gleaner,844665.3476
Bare-faced Ibis,2542669.566
Pale-faced Bare-eye,90526.43879
Reddish-winged Bare-eye,808173.5083
Black-spotted Bare-eye,1501044.327
Wren-like Rushbird,1360145.185
Ecuadorian Piedtail,9820.05468
Sri Lanka Bay-Owl,29033.11043
Oriental Bay-Owl,1343263.538
Congo Bay-Owl,1799.932843
Short-tailed Albatross,18537647.29
Laysan Albatross,17508632.53
Waved Albatross,670591.7228
Black-footed Albatross,32674610.86
Sooty Albatross,23679395.87
Light-mantled Albatross,28814602.72
Guianan Red-Cotinga,535616.6949
Black-necked Red-Cotinga,1017889.062
Lesser Flamingo,95843.44139
Andean Flamingo,60208.61675
James's Flamingo,99394.65336
Chilean Flamingo,1262462.554
Greater Flamingo,1954094.282
American Flamingo,93179.27998
White-headed Woodhoopoe,498566.0662
Violet Woodhoopoe,317774.5254
Green Woodhoopoe,4741528.196
Black-billed Woodhoopoe,411277.7606
White-winged Redstart,673388.8035
Rufous-backed Redstart,199784.9943
Plumbeous Redstart,1969194.575
White-capped Redstart,1352567.398
Black Redstart,550699.8629
White-throated Redstart,291316.8459
Sharpe's Starling,75446.65553
Tit-hylia,1212084.267
Trumpet Manucode,296170.9668
Namaqua Warbler,180161.2082
Black-hooded Sierra-Finch,203454.5184
Gray-hooded Sierra-Finch,326424.2978
Patagonian Sierra-Finch,207418.417
Peruvian Sierra-Finch,119580.4712
White-cheeked Honeyeater,404334.3365
New Holland Honeyeater,328879.7837
Crescent Honeyeater,138196.9189
Usambara Greenbul,2623.861774
White-throated Greenbul,824998.7321
Baumann's Greenbul,172353.5116
Cabanis's Greenbul,770275.7492
Gray-olive Greenbul,451759.9324
Tiny Greenbul,77086.80442
Fischer's Greenbul,104577.2353
Yellow-streaked Greenbul,171575.2676
Pale-olive Greenbul,58720.94624
Toro Olive-Greenbul,51992.11246
Icterine Greenbul,954847.4598
Sassi's Greenbul,15179.97643
Cameroon Olive-Greenbul,17131.5407
Gray-headed Greenbul,12115.03885
Northern Brownbul,520170.5578
Terrestrial Brownbul,939994.823
Xavier's Greenbul,373967.2705
Mountain Tailorbird,588032.1196
Rufous-headed Tailorbird,2956.438672
Buff-bellied Warbler,802587.6697
Rough-legged Tyrannulet,374905.4168
Ashy-headed Tyrannulet,55801.17128
Planalto Tyrannulet,1509349.566
Sooty-headed Tyrannulet,273217.4085
Gray-capped Tyrannulet,73395.05673
Black-capped Tyrannulet,98392.16132
Plumbeous-crowned Tyrannulet,27769.39243
Reiser's Tyrannulet,251027.701
Sclater's Tyrannulet,33590.73693
Tawny-rumped Tyrannulet,89625.08021
Greenish Tyrannulet,397374.4042
Yungas Tyrannulet,5418.548859
Bahia Tyrannulet,889.8768983
Alagoas Tyrannulet,7314.357373
Serra do Mar Tyrannulet,59408.49807
Rufous-lored Tyrannulet,2017.592611
Yellow-green Tyrannulet,6668.954852
Ecuadorian Tyrannulet,9520.754116
Restinga Tyrannulet,2115.595849
Black-fronted Tyrannulet,66761.72784
Oustalet's Tyrannulet,28913.05882
Cinnamon-faced Tyrannulet,36520.84803
Sao Paulo Tyrannulet,182749.2863
Minas Gerais Tyrannulet,91909.89343
Rufous-browed Tyrannulet,8261.06269
Mottle-cheeked Tyrannulet,612659.1799
Olive-green Tyrannulet,308361.6973
Kolombangara Leaf Warbler,14.51806385
Uganda Woodland-Warbler,68222.18949
Limestone Leaf Warbler,82289.06994
Canary Islands Chiffchaff,1908.533022
Chestnut-crowned Warbler,620657.4339
Lemon-throated Leaf Warbler,46784.89635
Common Chiffchaff,357030.2936
Sichuan Leaf Warbler,63629.32765
Sunda Warbler,6716.167693
Hainan Leaf Warbler,5096.362576
Black-capped Woodland-Warbler,19561.46645
Davison's Leaf Warbler,324677.7049
White-spectacled Warbler,130508.7374
Red-faced Woodland-Warbler,31518.19018
Laura's Woodland-Warbler,140700.6082
Ashy-throated Warbler,375399.9004
Island Leaf Warbler,130.5809774
Yellow-breasted Warbler,142716.9761
Kloss's Leaf Warbler,36477.57478
Philippine Leaf Warbler,51586.51957
Gray-cheeked Warbler,405121.0948
Timor Leaf Warbler,13981.07901
Buff-barred Warbler,33158.90541
Blyth's Leaf Warbler,198553.3124
Yellow-throated Woodland-Warbler,163477.9761
Sulawesi Leaf Warbler,26708.88945
Buff-throated Warbler,3980.159748
Gray-crowned Warbler,24291.85558
Mountain Leaf Warbler,208292.1813
Brown Woodland-Warbler,236283.6835
Bianchi's Warbler,22189.08842
Whistler's Warbler,60129.21064
Gray-hooded Warbler,104082.5119
Peruvian Plantcutter,1106.625466
Rufous-tailed Plantcutter,114721.6783
Squirrel Cuckoo,5192442.16
Black-bellied Cuckoo,1869008.449
Asir Magpie,16469.64033
Black-billed Magpie,2596978.247
Maghreb Magpie,82035.38253
Eurasian Magpie,12290117.79
White-necked Rockfowl,150146.0522
Gray-necked Rockfowl,147170.7926
Black-backed Woodpecker,2614367.21
Eurasian Three-toed Woodpecker,9068313.017
White-browed Woodpecker,289128.2522
Stripe-cheeked Woodpecker,2142.16957
Golden-green Woodpecker,3329440.872
Yellow-throated Woodpecker,2495807.156
White-throated Woodpecker,341830.9805
Lita Woodpecker,41203.12751
Rufous-winged Woodpecker,35748.75552
White-wedged Piculet,775011.5799
Bar-breasted Piculet,1154156.945
Plain-breasted Piculet,22277.92101
Chestnut Piculet,50551.42966
White-barred Piculet,906741.5492
Ocellated Piculet,38791.30375
Golden-spangled Piculet,479419.8311
Tawny Piculet,46174.74613
Rusty-necked Piculet,4475.284672
Grayish Piculet,10573.22101
Speckled Piculet,1749662.832
Lafresnaye's Piculet,300916.9494
Ochraceous Piculet,16163.31599
Arrowhead Piculet,14165.24025
Mottled Piculet,199972.2258
Olivaceous Piculet,190723.8961
Orinoco Piculet,81244.72051
Spotted Piculet,323349.099
Rufous-breasted Piculet,452787.2761
Ecuadorian Piculet,17353.5213
White-bellied Piculet,70648.08028
Scaled Piculet,168875.2772
Fine-barred Piculet,15268.05261
Ochre-collared Piculet,198680.1278
Varzea Piculet,73221.38659
Japanese Woodpecker,108532.3368
Gray-headed Woodpecker,4431262.045
Lesser Yellownape,1330105.998
Black-headed Woodpecker,179649.9454
Crimson-winged Woodpecker,533051.8178
Red-collared Woodpecker,95441.04005
Scaly-bellied Woodpecker,271509.1877
Levaillant's Woodpecker,132690.5813
Streak-breasted Woodpecker,150896.4268
Eurasian Green Woodpecker,2309554.458
Laced Woodpecker,522201.9287
Streak-throated Woodpecker,802324.4975
Cinereous Finch,16169.91078
Rufous-rumped Lark,598441.2352
Cocos Finch,9.559629775
Boulder Chat,82415.13226
White-bellied Parrot,765360.0662
Black-headed Parrot,1127476.271
Pileated Parrot,281420.165
Bronze-winged Parrot,61197.93484
Dusky Parrot,720121.1149
Scaly-headed Parrot,1747082.231
Blue-headed Parrot,3233692.231
White-crowned Parrot,177041.0073
Red-billed Parrot,64708.4505
Speckle-faced Parrot,58095.57955
Red-throated Piping-Guan,1033943.043
Blue-throated Piping-Guan,1211907.188
Black-fronted Piping-Guan,65252.97422
Trinidad Piping-Guan,194.1207835
Eastern Towhee,632601.7812
Spotted Towhee,801736.8594
Collared Towhee,44037.75134
Crimson-hooded Manakin,259240.3543
Band-tailed Manakin,1845312.277
Wire-tailed Manakin,1009324.351
Blue-and-yellow Tanager,888902.0874
Fawn-breasted Tanager,815343.9166
Barred Fruiteater,100128.2117
Golden-breasted Fruiteater,32357.101
Fiery-throated Fruiteater,34055.32977
Handsome Fruiteater,4652.084988
Scarlet-breasted Fruiteater,43907.82913
Band-tailed Fruiteater,46770.69234
Orange-breasted Fruiteater,5342.537297
Black-chested Fruiteater,10937.91083
Masked Fruiteater,30199.13581
Green-and-black Fruiteater,99326.27345
Red-banded Fruiteater,9570.879669
Wing-barred Piprites,2730972.819
Gray-headed Piprites,46263.67074
Black-capped Piprites,17412.00787
Flame-colored Tanager,161387.6506
Red-headed Tanager,98930.66833
Hepatic Tanager,2230322.458
White-winged Tanager,222136.0658
Rose-throated Tanager,40807.55939
Red-hooded Tanager,31041.94729
Great Kiskadee,6229336.967
Philippine Eagle,54925.30962
White-plumed Antbird,1198010.944
White-masked Antbird,83.2080637
Hooded Pitohui,86627.69339
Variable Pitohui,94078.04747
African Pitta,240540.2915
Elegant Pitta,30833.02122
Rainbow Pitta,99921.6094
Ivory-breasted Pitta,9038.473607
Mangrove Pitta,21850.21636
Green-breasted Pitta,226202.306
Hooded Pitta,525928.1956
Noisy Pitta,128192.8534
Black-crowned Antpitta,18985.99753
Rufous-crowned Antpitta,28332.93854
Bornean Bristlehead,284725.0291
Roseate Spoonbill,3056751.237
African Spoonbill,5466259.653
Yellow-billed Spoonbill,699916.3942
Eurasian Spoonbill,574062.9245
Royal Spoonbill,2273647.83
Pale-headed Rosella,565966.7832
Green Rosella,26274.27182
Crimson Rosella,287117.9013
Eastern Rosella,415366.1028
Western Rosella,82626.45746
Northern Rosella,303249.3537
Crested Shrikejay,602080.1729
Yellow-throated Spadebill,44078.35836
White-throated Spadebill,1956812.343
White-crested Spadebill,2135000.885
Cinnamon-crested Spadebill,1162828.341
Black Magpie,240954.1425
White-fronted Wattle-eye,56622.03326
Brown-throated Wattle-eye,2161502.577
Banded Wattle-eye,717.6039865
Black-throated Wattle-eye,1397858.995
Striped Honeyeater,780098.4888
Spur-winged Goose,6089876.765
Puna Ibis,191294.5674
Donaldson-Smith's Sparrow-Weaver,73368.86116
White-browed Sparrow-Weaver,1196471.528
Chestnut-backed Sparrow-Weaver,155841.8257
Chestnut-crowned Sparrow-Weaver,796415.1525
Maxwell's Black Weaver,287726.8098
Strange Weaver,23892.48358
Bar-winged Weaver,100750.1121
Orange Weaver,170281.9152
Golden-naped Weaver,6414.975986
Cinnamon Weaver,141142.8551
Baglafecht Weaver,637476.2501
Bannerman's Weaver,4192.149365
Bates's Weaver,20654.35449
Bengal Weaver,386825.5276
Bertram's Weaver,71513.90133
Forest Weaver,531698.1875
Golden Palm Weaver,86292.69619
Cape Weaver,257208.3811
Taveta Golden-Weaver,17682.08553
Northern Brown-throated Weaver,74664.32786
Village Weaver,5279687.367
Salvadori's Weaver,45583.9834
Yellow-capped Weaver,129295.8722
Yellow-legged Weaver,7217.822008
Rüppell's Weaver,363429.4966
Clarke's Weaver,272.8365826
Giant Weaver,331.4724996
Heuglin's Masked-Weaver,971279.2057
Asian Golden Weaver,332497.6975
Brown-capped Weaver,95435.23408
Lesser Masked-Weaver,1471716.185
Golden-backed Weaver,202527.2725
Katanga Masked-Weaver,17598.91001
Little Weaver,1191446.84
Streaked Weaver,1449005.595
Yellow Weaver,25895.91104
Black-headed Weaver,456217.0585
Black-billed Weaver,85611.26182
Nelicourvi Weaver,53849.53916
Usambara Weaver,3021.612155
Vieillot's Weaver,701462.4931
Black-necked Weaver,955448.8531
Black-chinned Weaver,32585.87663
Spectacled Weaver,1157825.183
Olive-headed Weaver,90313.34821
Slender-billed Weaver,215940.6206
Baya Weaver,2448353.795
Preuss's Weaver,230378.437
Principe Golden-Weaver,56.62299926
Tanganyika Masked-Weaver,13413.2046
Chestnut Weaver,474398.4367
Lake Lufira Masked-Weaver,2003.868903
Sakalava Weaver,103713.8687
Sao Tome Weaver,331.4724996
Speke's Weaver,142544.0144
Fox's Weaver,4893.674183
African Golden-Weaver,190601.8998
Loango Weaver,8708.230612
Northern Masked-Weaver,72479.0172
Bocage's Weaver,30084.98256
Yellow-mantled Weaver,411617.2206
Southern Masked-Weaver,1366255.869
Vitelline Masked-Weaver,1626716.011
Weyns's Weaver,21988.24081
Holub's Golden-Weaver,959710.3107
Southern Brown-throated Weaver,115692.489
European Golden-Plover,19129.48174
Egyptian Plover,2307866.63
Scaly-breasted Cupwing,227055.0533
Taiwan Cupwing,6582.745463
Immaculate Cupwing,22956.84658
Pygmy Cupwing,1423471.356
Marbled Frogmouth,293916.1909
Papuan Frogmouth,370001.1071
Tawny Frogmouth,2963180.255
African Finfoot,4395670.318
Great Crested Grebe,1271166.507
Red-necked Grebe,3104.088031
Great Grebe,1123548.842
Eared Grebe,1251582.546
Silvery Grebe,617127.1823
Junin Grebe,50.4784246
Pied-billed Grebe,5901773.085
Xinjiang Ground-Jay,162203.9604
Mongolian Ground-Jay,688498.6305
Turkestan Ground-Jay,112515.8268
Iranian Ground-Jay,84910.22625
Black-capped Chickadee,3505217.829
Carolina Chickadee,892932.2488
Pere David's Tit,21932.2997
Mountain Chickadee,1046766.21
Boreal Chickadee,2742273.196
Black-bibbed Tit,249269.8384
Caspian Tit,29911.26528
Sombre Tit,494666.2997
Willow Tit,8581036.653
Marsh Tit,3502754.861
Chestnut-backed Chickadee,369911.9503
Mexican Chickadee,77933.4941
White-browed Tit,211103.2466
Black-chinned Robin,43709.7714
Buff-sided Robin,173792.1966
Black-sided Robin,162030.647
White-browed Robin,92002.00406
Golden-winged Tody-Flycatcher,80536.22682
Black-and-white Tody-Flycatcher,202814.3503
Smoky-fronted Tody-Flycatcher,793538.5621
Rusty-fronted Tody-Flycatcher,1799653.797
Ochre-faced Tody-Flycatcher,569523.8364
Black-backed Tody-Flycatcher,2655.523053
Rufous-crowned Tody-Flycatcher,50030.03154
Ruddy Tody-Flycatcher,11133.88702
Buff-cheeked Tody-Flycatcher,2837.561199
Abbott's Starling,1943.320922
Narrow-tailed Starling,236248.9166
Stuhlmann's Starling,67666.29312
Long-tailed Finch,326188.4793
Masked Finch,375552.6313
Red-rumped Tinkerbird,1246921.014
Yellow-rumped Tinkerbird,2762105.638
Yellow-fronted Tinkerbird,3939283.914
Western Tinkerbird,118649.3406
Moustached Tinkerbird,213344.3036
Red-fronted Tinkerbird,944509.5063
Speckled Tinkerbird,1525898.81
Green Tinkerbird,199342.1927
Yellow-throated Tinkerbird,1356002.217
White-starred Robin,602665.3914
Niam-Niam Parrot,132527.6408
Brown-headed Parrot,456604.8931
Yellow-fronted Parrot,79435.88212
Red-fronted Parrot,572963.1881
Meyer's Parrot,2253212.073
Brown-necked Parrot,36755.63081
Rüppell's Parrot,230865.282
Red-bellied Parrot,596167.6966
Senegal Parrot,1047860.75
Martial Eagle,5748269.97
White-rumped Falcon,205767.0153
Pygmy Falcon,1198325.853
Hoary-headed Grebe,461213.7617
New Zealand Grebe,33788.86335
Chestnut-backed Antbird,61930.0257
White-tailed Warbler,14375.76091
White-lored Gnatcatcher,85648.12658
Blue-gray Gnatcatcher,893338.8834
California Gnatcatcher,52475.19172
Masked Gnatcatcher,1731267.516
Guianan Gnatcatcher,1313875.608
Creamy-bellied Gnatcatcher,170341.6161
Black-tailed Gnatcatcher,441672.9935
Black-capped Gnatcatcher,86067.21508
Tropical Gnatcatcher,2919822.973
Slate-throated Gnatcatcher,55795.92885
Rufous-webbed Bush-Tyrant,155418.8859
African Harrier-Hawk,5750248.324
Bronze-tailed Comet,61603.46081
Gray Peacock-Pheasant,422908.7748
Bronze-tailed Peacock-Pheasant,32126.87372
Germain's Peacock-Pheasant,14897.64608
Mountain Peacock-Pheasant,4898.681481
Hainan Peacock-Pheasant,836.1551832
Malayan Peacock-Pheasant,45078.08233
Palawan Peacock-Pheasant,4436.041223
Bornean Peacock-Pheasant,72531.24722
Steller's Eider,427232.63
Bearded Tachuri,1397757.927
Gray-backed Tachuri,121229.1806
Princess Parrot,476699.8273
Regent Parrot,149558.4426
Superb Parrot,31343.03944
White-tailed Goldenthroat,1867137.354
Tepui Goldenthroat,28945.0398
Green-tailed Goldenthroat,750086.3575
Rarotonga Monarch,0.765317543
Iphis Monarch,31.43554058
Marquesas Monarch,5.135692054
Tahiti Monarch,10.62603806
Fatuhiva Monarch,31.94972566
Coral-billed Scimitar-Babbler,50552.94292
Indian Scimitar-Babbler,395460.1857
Sri Lanka Scimitar-Babbler,23335.50821
Chestnut-backed Scimitar-Babbler,416439.6088
Taiwan Scimitar-Babbler,12774.20952
Red-billed Scimitar-Babbler,255924.8653
Streak-breasted Scimitar-Babbler,1045076.018
White-browed Scimitar-Babbler,472140.6999
Slender-billed Scimitar-Babbler,256680.8874
Hall's Babbler,188201.5593
Chestnut-crowned Babbler,415001.6647
White-browed Babbler,1784429.861
Gray-crowned Babbler,1457157.756
Vesper Sparrow,41876.4917
Tucuman Mountain-Finch,1452.478552
Bolivian Warbling-Finch,25158.79151
Cochabamba Mountain-Finch,1117.806737
Collared Warbling-Finch,44577.0417
Black-and-rufous Warbling-Finch,341324.5931
Cinnamon Warbling-Finch,179824.6331
Rufous-breasted Warbling-Finch,6811.99845
Black-and-chestnut Warbling-Finch,113876.0187
Allen's Gallinule,6316767.668
Azure Gallinule,2034770.381
South Island Takahe,258.9744082
Western Swamphen,7161355.547
Purple-throated Cotinga,844553.6759
Blue Finch,645285.8128
Sora,75869.56768
Australian Crake,762891.8122
Dot-winged Crake,51721.53239
Spotted Barbtail,156856.4903
White-throated Barbtail,569.1802512
Rusty-winged Barbtail,111945.0233
Yellow-collared Macaw,323726.5411
Blue-headed Macaw,250680.5041
Blue-winged Macaw,1335443.147
Black-throated Prinia,34806.58584
Banded Prinia,428773.9036
Rufous-fronted Prinia,733535.3544
Gray-crowned Prinia,12753.89893
Striated Prinia,1097767.695
Red-winged Prinia,1345989.978
Bar-winged Prinia,191956.6556
Black-chested Prinia,1049145.825
Yellow-bellied Prinia,1558879.156
River Prinia,38054.06206
Graceful Prinia,1554221.682
Gray-breasted Prinia,1807037.928
Drakensberg Prinia,84415.44499
Plain Prinia,2858382.379
Karoo Prinia,224564.8534
Sao Tome Prinia,331.4724996
Brown Prinia,283488.0225
Rufescent Prinia,854580.1607
Red-fronted Prinia,479906.3179
Ashy Prinia,1065088.601
Pale Prinia,491536.7042
Tawny-flanked Prinia,5641598.464
Hill Prinia,680842.1871
Jungle Prinia,875326.4882
Blue-crowned Racquet-tail,66308.09733
Yellow-breasted Racquet-tail,7700.988003
Green Racquet-tail,36107.8221
Buru Racquet-tail,2426.84834
Mindoro Racquet-tail,3804.254905
Luzon Racquet-tail,4019.966345
Blue-headed Racquet-tail,5244.757873
Golden-mantled Racquet-tail,71104.67572
Blue-winged Racquet-tail,239.9799207
Yellow-breasted Flowerpecker,541083.2048
Olive-backed Flowerpecker,87317.37597
Crimson-breasted Flowerpecker,590936.3496
Palawan Flowerpecker,5211.816687
Scarlet-breasted Flowerpecker,441657.037
Yellow-rumped Flowerpecker,148216.2813
Yellow-crested Helmetshrike,13024.46587
Red-billed Helmetshrike,344520.844
Angola Helmetshrike,1783.874719
White Helmetshrike,4119880.158
Gray-crested Helmetshrike,20311.85918
Retz's Helmetshrike,1718770.332
Rufous-bellied Helmetshrike,734887.9788
Chestnut-fronted Helmetshrike,307010.4123
Palm Cockatoo,276488.4535
Dark-breasted Rosefinch,275324.8965
White-chinned Petrel,41445371.64
Gray Petrel,32062422.57
Spectacled Petrel,4641211.671
Parkinson's Petrel,15232893.07
Westland Petrel,7284589.765
White Bellbird,203594.7497
Bearded Bellbird,433927.2641
Bare-throated Bellbird,566577.8233
Three-wattled Bellbird,218.4380543
Cassin's Honeyguide,1123082.9
Wahlberg's Honeyguide,1230405.719
Green-backed Honeyguide,1543461.119
Gray-breasted Martin,5126345.383
Galapagos Martin,3000.519856
Peruvian Martin,51789.99839
Brown-chested Martin,3179737.906
Cape Sugarbird,44221.37159
Gurney's Sugarbird,40039.69702
Tuamotu Sandpiper,25.15297988
Masked Shining-Parrot,4034.306244
Crimson Shining-Parrot,176.9559587
Red Shining-Parrot,2424.398138
Tui,48446.53767
Black-throated Accentor,193766.7312
Alpine Accentor,3986408.44
Brown Accentor,1135474.258
Maroon-backed Accentor,267551.5976
Mongolian Accentor,278732.0279
Dunnock,875270.8729
Radde's Accentor,159392.4311
Robin Accentor,547441.6403
Japanese Accentor,94414.43274
Rufous-breasted Accentor,536987.0365
White-headed Sawwing,359382.2832
Mountain Sawwing,1349.913395
Square-tailed Sawwing,1116048.805
Fanti Sawwing,567144.9464
Black Sawwing,3195834.255
Pygmy Tit,4355.889079
Bushtit,1039488.617
Long-tailed Broadbill,509105.4045
Russet-backed Oropendola,858747.0526
Dusky-green Oropendola,53771.86839
Olive Oropendola,56638.34057
Baudo Oropendola,1768.93712
Crested Oropendola,4044492.586
Black Oropendola,41529.37227
Montezuma Oropendola,192105.7188
Green Oropendola,1949988.88
Red-rumped Parrot,597968.6246
Cactus Canastero,25093.74655
Dusky-tailed Canastero,45822.56979
Patagonian Canastero,226132.817
Steinbach's Canastero,105636.2325
White Hawk,3273565.833
Mantled Hawk,313923.0797
Gray-and-white Tyrannulet,20044.86866
Dusky Lory,295888.1685
Gray-rumped Swallow,2155774.08
Red-naped Ibis,456252.8598
Ward's Flycatcher,66546.82476
Mascarene Petrel,28765.04938
Beck's Petrel,46518.53353
Fiji Petrel,56711.6936
Tahiti Petrel,19136728.34
Grauer's Broadbill,7167.391916
Buffy Tuftedcheek,2549.447695
Subtropical Doradito,195444.7328
Warbling Doradito,411571.0146
Crested Doradito,315117.6834
Yellow-rumped Marshbird,825614.3172
Brown-and-yellow Marshbird,347107.4523
Maui Parrotbill,19.04322672
Gray-headed Social-Weaver,178527.2363
Black-capped Social-Weaver,102862.965
Ground Tit,894392.9793
Rusty Pitohui,237381.1938
White-bellied Pitohui,233.9867975
Rufous-bellied Mountain-Tanager,9799.919643
Jamaican Owl,4255.516637
Caatinga Cacholote,351073.003
White-throated Cacholote,301009.6698
Brown Cacholote,507301.5441
Rufous Cacholote,167967.3942
Black-headed Hemispingus,26045.44329
Drab Hemispingus,35612.84513
Bronze-olive Pygmy-Tyrant,57288.10666
Rufous-headed Pygmy-Tyrant,74942.77765
Hazel-fronted Pygmy-Tyrant,26635.54574
Indochinese Barbet,92230.13373
Flame-fronted Barbet,10025.18133
Blue-throated Barbet,769059.3042
Little Barbet,30189.39085
Turquoise-throated Barbet,327.0149591
Gold-whiskered Barbet,356918.8709
Brown-throated Barbet,2605.526722
Blue-eared Barbet,435021.6027
Bornean Barbet,58150.16043
Chinese Barbet,21115.64527
Green-eared Barbet,274039.0508
Yellow-fronted Barbet,9680.215566
Golden-throated Barbet,288744.5742
Coppersmith Barbet,2307185.316
Yellow-crowned Barbet,276420.3224
Moustached Barbet,273820.3521
Black-banded Barbet,29096.02559
Red-vented Barbet,136370.9538
Lineated Barbet,759398.5554
Malabar Barbet,39648.60745
Mountain Barbet,20833.81169
Red-throated Barbet,478611.8499
Black-browed Barbet,30364.1304
Golden-naped Barbet,2011.018885
Fire-tufted Barbet,183377.3684
Red-crowned Barbet,266866.4823
Crimson-fronted Barbet,22634.3061
Great Barbet,1257275.981
White-cheeked Barbet,101809.1941
Brown-headed Barbet,847279.4338
Mountain Parakeet,365718.0688
Gray-hooded Parakeet,147838.2726
Spotted Bamboowren,158637.1067
Hispaniolan Parakeet,5206.010038
Red-masked Parakeet,41101.29139
Cuban Parakeet,7229.241138
Crimson-fronted Parakeet,35737.79043
Green Parakeet,115549.6018
White-eyed Parakeet,3371069.153
Mitred Parakeet,96956.33227
Scarlet-fronted Parakeet,78237.57508
Brehm's Tiger-Parrot,47701.35602
Madarasz's Tiger-Parrot,74626.8735
Modest Tiger-Parrot,25144.11818
Painted Tiger-Parrot,21782.12444
Red-breasted Parakeet,993241.596
Layard's Parakeet,7309.642801
Nicobar Parakeet,428.9653738
Malabar Parakeet,46859.53944
Plum-headed Parakeet,1074735.227
Derbyan Parakeet,128365.5408
Echo Parakeet,23.33872697
Alexandrine Parakeet,1244564.734
Gray-headed Parakeet,633163.3191
Slaty-headed Parakeet,57586.31264
Rose-ringed Parakeet,2972786.787
Long-tailed Parakeet,338834.5943
Blossom-headed Parakeet,654655.5368
Large Fig-Parrot,31821.70519
Edwards's Fig-Parrot,38282.59115
Salvadori's Fig-Parrot,19565.50755
Gray Parrot,1054840.82
Goldie's Lorikeet,118681.1734
Iris Lorikeet,12053.55072
Varied Lorikeet,468819.1243
Blue-rumped Parrot,539999.7462
Rufous-headed Parrotbill,111238.7314
Gray-headed Parrotbill,766561.7259
Black-headed Parrotbill,2455.702735
White-breasted Parrotbill,27717.65966
Gray-winged Trumpeter,1001251.593
Pale-winged Trumpeter,591730.1609
Dark-winged Trumpeter,269936.5095
Groundscraper Thrush,1214683.608
Chirruping Wedgebill,382518.3562
Western Whipbird,27165.18823
Chiming Wedgebill,898427.2766
Eastern Whipbird,165382.5104
King-of-Saxony Bird-of-Paradise,42194.12722
Red-billed Francolin,444051.4004
Red-necked Francolin,1761098.077
Ahanta Francolin,264090.1445
Double-spurred Francolin,1389135.637
Cameroon Francolin,74.6515646
Cape Francolin,58223.98527
Chestnut-naped Francolin,102127.822
Clapperton's Francolin,896918.8128
Erckel's Francolin,56445.42563
Gray-striped Francolin,32859.14005
Hartlaub's Francolin,136639.2193
Harwood's Francolin,10201.4086
Hildebrandt's Francolin,347655.6945
Heuglin's Francolin,557641.0924
Jackson's Francolin,6387.667041
Yellow-necked Francolin,799655.7411
Natal Francolin,438650.4487
Handsome Francolin,6613.331233
Djibouti Francolin,234.5839808
Gray-breasted Francolin,30000.02461
Scaly Francolin,1001322.817
Swainson's Francolin,598352.1865
Swierstra's Francolin,7131.660597
Pin-tailed Sandgrouse,642039.9329
Double-banded Sandgrouse,638959.2941
Burchell's Sandgrouse,470466.7986
Crowned Sandgrouse,1859303.151
Black-faced Sandgrouse,526476.0835
Chestnut-bellied Sandgrouse,2729102.917
Yellow-throated Sandgrouse,312926.7965
Painted Sandgrouse,739778.432
Lichtenstein's Sandgrouse,1477287.303
Namaqua Sandgrouse,786726.7425
Black-bellied Sandgrouse,1102014.966
Madagascar Sandgrouse,101738.9634
Four-banded Sandgrouse,1171244.775
Spotted Sandgrouse,3574803.234
Phoenix Petrel,8606368.472
Trindade Petrel,18304767
Henderson Petrel,3601389.302
Chatham Petrel,11736037.33
Barau's Petrel,10156379.88
Collared Petrel,13281205.49
Bermuda Petrel,6129100.205
White-necked Petrel,25978619.44
Cook's Petrel,46428769.97
Masatierra Petrel,682083.9438
Juan Fernandez Petrel,17011920.22
Fea's Petrel,4892696.383
Gray-faced Petrel,6331976.003
Black-capped Petrel,2875936.543
Herald Petrel,19558377.9
Bonin Petrel,7253940.764
Atlantic Petrel,7665751.255
Mottled Petrel,46178223.04
White-headed Petrel,28940067.99
Gould's Petrel,47111006.18
Stejneger's Petrel,18328806.31
Great-winged Petrel,18200530.39
Zino's Petrel,12138197.52
Magenta Petrel,712982.2854
Soft-plumaged Petrel,20150604.17
Kermadec Petrel,33706001.59
Black-winged Petrel,45698075.96
Galapagos Petrel,5982409.221
Pycroft's Petrel,29320000.29
Hawaiian Petrel,7417633.675
Providence Petrel,23068080.99
Murphy's Petrel,25602315.37
Black-necked Aracari,1281844.718
Saffron Toucanet,253734.2025
Red-necked Aracari,321114.7662
Chestnut-eared Aracari,1958089.354
Fiery-billed Aracari,7591.741458
Lettered Aracari,1149953.596
Many-banded Aracari,632041.1633
Collared Aracari,387004.8315
Green Aracari,601851.2949
Hartlaub's Duck,1653949.653
Great Sapphirewing,89795.90429
Chestnut-throated Huet-huet,20491.90911
Moustached Turca,43182.48271
Black-throated Huet-huet,106202.5532
Trilling Shrike-Babbler,384698.5544
Blyth's Shrike-Babbler,1312330.239
Pied Shrike-Babbler,24529.53255
Black-eared Shrike-Babbler,324726.533
Black-headed Shrike-Babbler,96968.09408
Green Shrike-Babbler,303834.1455
Black-banded Fruit-Dove,14504.87805
Negros Fruit-Dove,44.75166398
Orange-fronted Fruit-Dove,185195.7517
Makatea Fruit-Dove,9.690161036
Black-backed Fruit-Dove,28838.42633
Atoll Fruit-Dove,252.5929192
Coroneted Fruit-Dove,258806.4796
Red-naped Fruit-Dove,4133.023168
White-capped Fruit-Dove,393.1529282
White-headed Fruit-Dove,1306.158126
Carunculated Fruit-Dove,802.2588233
Red-bellied Fruit-Dove,12365.14862
Kosrae Fruit-Dove,41.86141547
Rapa Fruit-Dove,1.694880907
Gray-headed Fruit-Dove,8044.485102
Knob-billed Fruit-Dove,16505.79853
Henderson Island Fruit-Dove,15.87337234
Orange-bellied Fruit-Dove,260349.7269
Black-naped Fruit-Dove,192354.8134
Blue-capped Fruit-Dove,10092.69147
Dwarf Fruit-Dove,104005.5321
Ornate Fruit-Dove,11257.18537
Palau Fruit-Dove,175.470772
Pink-spotted Fruit-Dove,259932.5704
Purple-capped Fruit-Dove,171.3383929
Crimson-crowned Fruit-Dove,1204.146934
Pink-headed Fruit-Dove,10672.38458
Beautiful Fruit-Dove,131037.5341
Gray-green Fruit-Dove,461.3720112
Cook Islands Fruit-Dove,22.25675245
Rose-crowned Fruit-Dove,213735.3172
Silver-capped Fruit-Dove,298.375543
White-breasted Fruit-Dove,113608.1478
Mariana Fruit-Dove,128.7252323
Yellow-bibbed Fruit-Dove,7987.40184
Superb Fruit-Dove,588799.8351
Tanna Fruit-Dove,4651.075791
Wallace's Fruit-Dove,5119.87156
Long-tailed Silky-flycatcher,3685.007987
Gray Silky-flycatcher,202340.4
Falcated Wren-Babbler,1145.066341
Bornean Wren-Babbler,233585.5708
Striated Wren-Babbler,20198.01752
Satin Bowerbird,202016.1716
Nahan's Francolin,660.6880086
Stone Partridge,1811253.2
Rufous-sided Honeyeater,23358.50254
Rufous-backed Honeyeater,23884.02094
Mayr's Honeyeater,425.7487426
Yellow-streaked Honeyeater,53822.47355
Gray-streaked Honeyeater,39521.97184
Leaden Honeyeater,52773.02528
Southern White-faced Owl,3020349.155
Northern White-faced Owl,3208356.822
Blue Jewel-babbler,154218.2802
Chestnut-backed Jewel-babbler,95074.3991
Spotted Jewel-babbler,90861.30548
Piapiac,1459172.621
Yellow-tinted Honeyeater,401057.4849
Fuscous Honeyeater,366455.8738
Gray-headed Honeyeater,1063087.553
Yellow-plumed Honeyeater,426762.8913
White-plumed Honeyeater,1900409.686
Gray-fronted Honeyeater,2072651.62
Cuban Blackbird,41171.17922
Cassin's Auklet,38877.18348
Dusky Crag-Martin,1053240.625
Rock Martin,1026203.616
Eurasian Crag-Martin,1011120.29
Koklass Pheasant,534397.1063
Little Shearwater,8389564.19
Townsend's Shearwater,1083518.103
Tropical Shearwater,17732756.33
Bryan's Shearwater,1202494.428
Fluttering Shearwater,3956412.903
Heinroth's Shearwater,162776.9512
Hutton's Shearwater,1547922.3
Audubon's Shearwater,9521608.438
Balearic Shearwater,1473421.071
Rapa Shearwater,48495.0695
Christmas Shearwater,19658377.1
Newell's Shearwater,4812726.507
Black-vented Shearwater,727325.4209
Persian Shearwater,1274582.897
Manx Shearwater,26677931.88
Galapagos Shearwater,2192242.729
Yelkouan Shearwater,1152283.566
Tawny-browed Owl,251653.1351
Band-bellied Owl,60582.69574
Spectacled Owl,4895560.994
White-fronted Honeyeater,305868.0945
Red-capped Parrot,48752.41462
Sooty-headed Bulbul,1142756.502
Common Bulbul,7556827.872
Orange-spotted Bulbul,28150.29676
Ayeyarwady Bulbul,479080.741
Red-eyed Bulbul,439454.857
Red-vented Bulbul,1611304.469
Cape Bulbul,58558.45184
Ashy-fronted Bulbul,5102.928427
Stripe-throated Bulbul,484140.6334
Flavescent Bulbul,354060.2978
Yellow-vented Bulbul,815148.1105
Red-whiskered Bulbul,2001947.825
Himalayan Bulbul,145955.0511
Cream-striped Bulbul,24342.52691
White-eared Bulbul,852070.0359
White-browed Bulbul,535475.753
Blue-wattled Bulbul,21854.28484
Black-fronted Bulbul,822305.7945
Yellow-eared Bulbul,1515.904402
Olive-winged Bulbul,581600.2885
Cream-vented Bulbul,517691.2948
Light-vented Bulbul,974841.9953
Striated Bulbul,418116.548
Styan's Bulbul,2808.602083
Spot-necked Bulbul,37512.41691
Yellow-throated Bulbul,133925.3926
White-spectacled Bulbul,517099.7646
Brown-breasted Bulbul,672209.3977
Straw-headed Bulbul,253639.7934
Pilotbird,94497.53219
Marbled Honeyeater,41017.68193
Plain Honeyeater,177427.4197
Streak-headed Honeyeater,243118.7869
White-throated Treerunner,181735.8737
Spot-winged Antshrike,1811465.658
Blue-and-white Swallow,3268477.29
Black-collared Swallow,822659.3872
Lesser Seedcracker,168785.1646
Black-bellied Seedcracker,1823326.421
Crimson Seedcracker,162332.2019
Fringe-backed Fire-eye,1918.905711
White-backed Fire-eye,765483.9713
White-shouldered Fire-eye,474351.9289
Bald Parrot,135802.2571
Orange-cheeked Parrot,1338855.948
Caica Parrot,498248.3679
Rose-faced Parrot,35770.72801
Vulturine Parrot,342269.7725
Vermilion Flycatcher,2063697.002
Red-ruffed Fruitcrow,817250.1139
Yellow-billed Chough,1373341.585
Red-billed Chough,5012170.089
Redthroat,1268469.978
Speckled Warbler,490013.3185
Cinnamon Flycatcher,208480.0937
Gold-naped Finch,52071.03713
Gray-headed Bullfinch,845158.1093
Red-headed Bullfinch,109317.9809
White-cheeked Bullfinch,6537.016863
Azores Bullfinch,55.76632553
Brown Bullfinch,850486.1819
Eurasian Bullfinch,5332954.91
White-necked Parakeet,3043.393492
Santarem Parakeet,136751.8752
Brown-breasted Parakeet,394.6241945
Ochre-marked Parakeet,3967.060947
Blaze-winged Parakeet,55406.59854
Fiery-shouldered Parakeet,19823.24302
Maroon-bellied Parakeet,658121.416
Gray-breasted Parakeet,264.9422746
Red-eared Parakeet,2433.943216
Sulphur-winged Parakeet,3089.2325
Pearly Parakeet,211733.6338
Maroon-faced Parakeet,105529.7963
Bonaparte's Parakeet,18213.93144
Maroon-tailed Parakeet,581304.9283
Green-cheeked Parakeet,260711.9402
El Oro Parakeet,287.5162085
Crimson-bellied Parakeet,435836.2492
Pfrimer's Parakeet,2774.434957
Painted Parakeet,568789.3237
Rose-headed Parakeet,4473.077677
Rose-fronted Parakeet,246892.0408
Black-capped Parakeet,210652.6069
Palau Owl,168.7973154
Orange-winged Pytilia,1307539.836
Red-faced Pytilia,315853.5778
Red-billed Pytilia,85996.38434
Green-winged Pytilia,2329505.446
Red-winged Pytilia,581857.7566
Cardinal Quelea,259424.6416
Red-headed Quelea,993058.6198
Red-billed Quelea,4101109.515
Purple-throated Fruitcrow,2176377.056
Carib Grackle,353823.8149
Great-tailed Grackle,1977533.672
Nicaraguan Grackle,2741.00514
Greater Antillean Grackle,79925.09892
Common Grackle,1325586.338
Radjah Shelduck,839299.3836
Andaman Crake,2023.329779
Slaty-legged Crake,769983.5537
Red-legged Crake,736869.8319
Red-necked Crake,280442.2758
Austral Rail,44977.95293
Water Rail,1953322.949
African Rail,2190658.556
Clapper Rail,81319.93951
King Rail,385687.1873
Virginia Rail,295217.5064
Mangrove Rail,138667.241
Madagascar Rail,57733.91228
Ridgway's Rail,22140.15764
Bogota Rail,281.270479
Aztec Rail,73144.98176
Yellow-throated Toucan,230695.0443
Choco Toucan,40804.82484
Red-breasted Toucan,538275.3135
Keel-billed Toucan,262514.1205
Toco Toucan,1765826.18
White-throated Toucan,913500.0786
Channel-billed Toucan,674929.2468
Long-billed Gnatwren,3544329.454
Brazilian Tanager,145799.3314
Silver-beaked Tanager,4053646.462
Crimson-backed Tanager,183509.0823
Flame-rumped Tanager,12237.32855
Black-bellied Tanager,29601.07333
Masked Crimson Tanager,813533.6587
Scarlet-rumped Tanager,80906.40079
Crimson-collared Tanager,107212.8891
White-breasted Thrasher,9.388569846
Thick-billed Lark,360748.1773
Black-backed Thornbill,1005.399785
Purple-backed Thornbill,78584.63523
Dusky-tailed Flatbill,182276.1792
Large-headed Flatbill,876180.0547
Rufous-tailed Flatbill,2600780.274
Bar-breasted Honeyeater,359499.6225
Brown-backed Honeyeater,112035.2298
Rand's Warbler,57719.23087
American Avocet,104562.169
Andean Avocet,273584.0077
Pied Avocet,3216179.28
Red-necked Avocet,118857.7935
Ruby-crowned Kinglet,293251.4055
Flamecrest,8550.158839
Common Firecrest,673273.0218
Madeira Firecrest,290.7721156
Goldcrest,4176854.774
Golden-crowned Kinglet,1210879.959
Pied Cuckoo-Dove,17420.07148
Crested Cuckoo-Dove,13241.55941
Great Cuckoo-Dove,253319.7522
White-crowned Penduline-Tit,88621.68313
Black-headed Penduline-Tit,38419.01104
Eurasian Penduline-Tit,300212.3642
Long-billed Rhabdornis,4964.992678
Stripe-breasted Rhabdornis,44363.98528
Stripe-sided Rhabdornis,95667.22103
Visayan Rhabdornis,9370.42131
Wrinkled Hornbill,344620.2827
Sulawesi Hornbill,49451.40025
Writhed Hornbill,34748.90627
Writhe-billed Hornbill,4291.065351
Mottled Berryhunter,58206.82871
Yellow-billed Malkoha,64568.82221
Silver-rumped Needletail,464840.9088
Sabine's Spinetail,685105.7193
Greater Rhea,2524150.449
Lesser Rhea,255023.2675
Harlequin Antbird,26310.12398
Chestnut-crested Antbird,103254.3233
Bare-eyed Antbird,60854.69116
White-breasted Antbird,249507.9705
Hairy-crested Antbird,737323.3552
Crested Argus,20973.53173
Crested Gallito,388523.0189
Black Scimitarbill,3008779.151
Common Scimitarbill,2469659.583
Abyssinian Scimitarbill,797077.8637
Jerdon's Courser,7454.340783
Bronze-winged Courser,3917615.504
Three-banded Courser,755871.6617
Raffles's Malkoha,549135.353
White-throated Fantail,1608217.535
Gray Fantail,503203.8874
Visayan Fantail,11010.26453
Spot-breasted Fantail,549375.0149
Friendly Fantail,57333.52923
Black Fantail,69132.49463
White-browed Fantail,1662926.997
Dimorphic Fantail,50648.91264
Cockerell's Fantail,10504.66896
Blue-headed Fantail,32199.78456
Bismarck Fantail,4808.97965
Streak-breasted Fantail,1229.072123
Brown-capped Fantail,11793.59417
Brown Fantail,735.7024127
Arafura Fantail,150889.0695
White-bellied Fantail,3286.857712
New Zealand Fantail,103278.7922
Chestnut-bellied Fantail,179842.5222
Malaysian Pied-Fantail,615476.928
Pohnpei Fantail,135.5917786
Palau Fantail,170.9564218
Willie-wagtail,3241516.25
White-bellied Thicket-Fantail,218279.5083
Black Thicket-Fantail,53100.67568
Malaita Fantail,7.873238896
Samoan Fantail,754.9642975
Philippine Pied-Fantail,92407.99241
Black-and-cinnamon Fantail,3475.185506
Long-tailed Fantail,1205.421045
Spotted Fantail,496912.5775
Mangrove Fantail,123388.1954
Rufous-tailed Fantail,3193.243595
Rennell Fantail,260.7970434
Rufous-backed Fantail,188856.8133
Rufous Fantail,325535.4719
Northern Fantail,12053.81099
Visayan Blue-Fantail,9010.941834
Tablas Fantail,261.7036986
Mindanao Blue-Fantail,35693.37766
Tawny-backed Fantail,1004.484649
Dusky Fantail,1288.818264
Sulawesi Fantail,25730.26031
Sooty Thicket-Fantail,229483.925
Streaked Fantail,6918.940831
Long-billed Partridge,499075.2098
Rosy Thrush-Tanager,63423.39402
Pink-headed Duck,0.378143692
Crimson-winged Finch,676170.0041
Rosy-patched Bushshrike,712371.8451
Oasis Hummingbird,117993.1441
Crimson-breasted Finch,37059.89189
Desert Finch,1160905.848
Star-throated Antwren,193408.8006
Dark-fronted Babbler,88723.67036
Tarim Babbler,163451.5665
Beijing Babbler,522427.475
Fulvous-breasted Flatbill,76019.8532
Olivaceous Flatbill,1083494.645
Pacific Flatbill,40881.23503
Tumbes Sparrow,18917.34019
Stripe-capped Sparrow,256480.5142
Golden-winged Grosbeak,1398.611304
Huayco Tinamou,43696.94129
Red-winged Tinamou,2190810.878
Kagu,518.0493613
Knobbed Hornbill,63523.44994
Sumba Hornbill,4133.023168
Narcondam Hornbill,2.513742317
Plain-pouched Hornbill,27907.27386
Wreathed Hornbill,1245184.2
Pale-bellied Mourner,554163.0703
Grayish Mourner,2848039.867
Aztec Thrush,129650.4147
Solomons Frogmouth,6447.101659
Gray-throated Martin,1422552.034
Congo Martin,49507.05732
Pale Sand Martin,40289.51041
Plain Martin,2709920.567
Red-legged Kittiwake,72016.02557
Black-legged Kittiwake,416030.5043
Cordillera Ground-Warbler,2069.862519
Bicol Ground-Warbler,5029.844981
Sierra Madre Ground-Warbler,6737.052029
Titicaca Grebe,18873.45562
White-tufted Grebe,1867911.358
Crested Partridge,547737.9231
Roraiman Barbtail,27626.97487
Australian Painted-Snipe,537127.3444
Greater Painted-Snipe,9325601.201
Snail Kite,4129297.824
Rouget's Rail,133143.2246
Gough Island Finch,24.76494868
Long-billed White-eye,135.5798871
Truk White-eye,13.1941452
Andean Cock-of-the-rock,99425.11803
Guianan Cock-of-the-rock,798295.8243
Indian Skimmer,353042.2091
African Skimmer,3752328.614
Black Skimmer,5304829.591
Secretarybird,5414515.414
Black-crested Antshrike,628079.7268
Silvery-cheeked Antshrike,440550.8311
Glossy Antshrike,624872.9204
Rock Wren,1150117.698
African Spotted Creeper,980935.1451
Indian Spotted Creeper,367699.8875
Lesser Antillean Saltator,1541.317875
Black-winged Saltator,42569.47631
Golden-billed Saltator,955272.071
Masked Saltator,28016.20123
Grayish Saltator,3162684.234
Black-throated Grosbeak,313412.8867
Thick-billed Saltator,168681.9702
Buff-throated Saltator,3685174.772
Black-cowled Saltator,10241.47457
Orinocan Saltator,158625.1106
Green-winged Saltator,1460425.194
Streaked Saltator,343255.7629
Salvadori's Teal,131051.3543
Red-tailed Comet,158197.6636
Red-headed Vulture,836575.5196
Coleto,98011.26493
King Vulture,5505890.427
Knob-billed Duck,7218344.125
Comb Duck,3737816.668
Striped Flufftail,202403.8141
White-winged Flufftail,166.4871325
Buff-spotted Flufftail,2721158.259
Madagascar Flufftail,111826.0599
Chestnut-headed Flufftail,73080.07836
White-spotted Flufftail,1789738.784
Red-chested Flufftail,1699828.185
Slender-billed Flufftail,4751.009889
Rufous Piculet,447740.9855
White-browed Piculet,585152.0761
Yellow-browed Tyrant,2537512.483
Saunders's Gull,8606.148368
Pied Bushchat,2626915.407
Fuerteventura Stonechat,486.6074557
Gray Bushchat,1300259.025
Timor Bushchat,11618.27138
Jerdon's Bushchat,151424.8719
White-tailed Stonechat,310291.0559
Reunion Stonechat,981.1335126
African Stonechat,3630815.048
Eastern Phoebe,383695.0632
Say's Phoebe,496803.4664
White-throated Tapaculo,40253.88117
Chucao Tapaculo,104852.1194
Tooth-billed Bowerbird,1929.626318
Mrs. Moreau's Warbler,2606.140122
Rufous Vanga,157562.7537
Foothill Schiffornis,16227.33253
Varzea Schiffornis,1212918.557
Olivaceous Schiffornis,533856.9065
Russet-winged Schiffornis,175233.0024
Brown-winged Schiffornis,2157402.963
Northern Schiffornis,211984.6003
Greenish Schiffornis,641913.7392
White-throated Wedgebill,36198.53424
Geoffroy's Wedgebill,210881.774
Black-faced Tanager,2498899.443
Cinnamon Tanager,931404.2658
Sierra Leone Prinia,6708.662875
White-chinned Prinia,917816.3062
Fan-tailed Grassbird,1019085.741
Broad-tailed Grassbird,15367.35711
Chotoy Spinetail,990669.0843
Dusky Fulvetta,512664.2034
Rufous-winged Fulvetta,455622.8964
Yellow-throated Fulvetta,80682.82959
Rusty-capped Fulvetta,574936.5458
Black-crowned Fulvetta,3638.377647
Rufous-throated Fulvetta,171763.178
Scarce Swift,148573.2785
Schouteden's Swift,5248.331792
Zimmer's Antbird,81518.80898
Chestnut-tailed Antbird,966739.3168
Finch-billed Myna,54814.87214
Silvered Antbird,2008822.307
Gray-winged Francolin,169064.6456
Finsch's Francolin,117542.7978
Orange River Francolin,572640.7573
Red-winged Francolin,321318.9413
Moorland Francolin,18176.02332
Shelley's Francolin,490916.0934
Ring-necked Francolin,83578.71412
Gray-throated Leaftosser,201793.9944
Black-tailed Leaftosser,2126911.061
Scaly-throated Leaftosser,161079.3971
Tawny-throated Leaftosser,2456382.394
Short-billed Leaftosser,2054382.523
Rufous-breasted Leaftosser,817627.3521
Bukidnon Woodcock,3213.630995
Sulawesi Woodcock,8480.86036
American Woodcock,465725.8605
Amami Woodcock,873.9539338
Moluccan Woodcock,111.7164056
New Guinea Woodcock,44257.34402
Eurasian Woodcock,179549.4731
Javan Woodcock,7047.996618
Hamerkop,7676190.521
Scrub Warbler,1579493.585
Vermiculated Fishing-Owl,1291105.988
Pel's Fishing-Owl,1795100.465
Rufous Fishing-Owl,138367.1796
Tschudi's Tapaculo,12631.98729
Ancash Tapaculo,5935.412579
Neblina Tapaculo,12833.01577
White-crowned Tapaculo,72384.58853
Bolivian Tapaculo,24816.31074
Paramillo Tapaculo,362.8663983
Caracas Tapaculo,2021.574124
Choco Tapaculo,10004.35628
Diamantina Tapaculo,8172.747557
Rufous-vented Tapaculo,32195.55643
Dusky Tapaculo,44709.13813
Junin Tapaculo,49.21972018
Boa Nova Tapaculo,1683.455773
Pale-bellied Tapaculo,9232.451085
Marsh Tapaculo,1988.318692
Brown-rumped Tapaculo,3959.796583
Blackish Tapaculo,83562.87127
Large-footed Tapaculo,15522.18824
Magellanic Tapaculo,175360.3053
Merida Tapaculo,7990.628401
Long-tailed Tapaculo,17529.22196
Brasilia Tapaculo,45768.36805
Paramo Tapaculo,27754.27021
Planalto Tapaculo,17993.90866
Chusquea Tapaculo,1639.177002
Trilling Tapaculo,45282.46291
Perija Tapaculo,419.8313074
Rock Tapaculo,17862.44182
Ecuadorian Tapaculo,438.4664008
Magdalena Tapaculo,192.9652627
Santa Marta Tapaculo,1747.126007
Diademed Tapaculo,14761.12474
Puna Tapaculo,11549.10856
Mouse-colored Tapaculo,96435.33474
Spillmann's Tapaculo,33036.37499
White-browed Tapaculo,20505.19679
Unicolored Tapaculo,1910.297402
Vilcabamba Tapaculo,965.5473435
Nariño Tapaculo,6491.306548
Zimmer's Tapaculo,20598.51129
Channel-billed Cuckoo,167000.4309
Scintillant Hummingbird,3638.067587
Gould's Toucanet,741223.0645
Spot-billed Toucanet,359381.2717
Tawny-tufted Toucanet,339474.2464
Guianan Toucanet,421073.6227
Golden-collared Toucanet,197941.8584
Yellow-eared Toucanet,59160.12247
Twelve-wired Bird-of-Paradise,128095.8857
Standardwing Bird-of-Paradise,5143.799372
Prong-billed Barbet,6129.068134
Toucan Barbet,17234.19378
Juan Fernandez Firecrown,3.12200618
Green-backed Firecrown,97320.4939
Gray-green Scrubwren,70004.14522
Tropical Scrubwren,95259.98447
Yellow-throated Scrubwren,65255.02176
White-browed Scrubwren,649608.8843
Tasmanian Scrubwren,16099.73282
Atherton Scrubwren,9540.828258
Large-billed Scrubwren,104510.1961
Large Scrubwren,51193.51725
Papuan Scrubwren,33431.09412
Buff-faced Scrubwren,47277.85251
Vogelkop Scrubwren,3230.853105
Pale-billed Scrubwren,109343.3728
White-capped Tanager,39869.62453
Flame Bowerbird,13775.96242
Regent Bowerbird,34601.84357
Silver-breasted Broadbill,477030.2633
Black-headed Canary,196198.2373
Island Canary,4062.58232
Cape Canary,237645.0511
Yellow-crowned Canary,124952.0093
Ethiopian Siskin,44377.98442
Fire-fronted Serin,708032.1668
European Serin,686633.7695
River Tyrannulet,215387.6227
Sooty Tyrannulet,1413733.779
White-crested Tyrannulet,2148022.074
Little Nightjar,2621352.089
Roraiman Nightjar,17642.96164
Adelaide's Warbler,3445.205799
Elfin-woods Warbler,52.24669163
St. Lucia Warbler,238.3666148
Prairie Warbler,34025.78797
Yellow-throated Warbler,51532.63985
Bahama Warbler,999.1205283
Hermit Warbler,8722.73173
Yellow Warbler,242655.4725
Arrowhead Warbler,4255.517775
Pine Warbler,360936.6849
Tropical Parula,3181490.382
Plumbeous Warbler,925.6229736
Barbuda Warbler,59.43206893
Townsend's Warbler,9581.82886
Hook-billed Bulbul,299350.2725
Equatorial Akalat,53007.83319
Rubeho Akalat,213.2846113
Bocage's Akalat,227564.5094
Lowland Akalat,415283.5007
Gabela Akalat,369.890057
East Coast Akalat,22425.27866
Iringa Akalat,2587.496889
Usambara Akalat,359.0236724
Sharpe's Akalat,35887.91076
Mountain Bluebird,369717.7608
Eastern Bluebird,1116176.162
Greater Yellow-Finch,52410.05978
Stripe-tailed Yellow-Finch,592207.552
Orange-fronted Yellow-Finch,712153.9298
Saffron Finch,3123784.241
Patagonian Yellow-Finch,161615.2195
Puna Yellow-Finch,128656.8063
Citron-headed Yellow-Finch,30532.60715
Grassland Yellow-Finch,1060331.888
Monte Yellow-Finch,71736.56373
Greenish Yellow-Finch,297286.0669
Raimondi's Yellow-Finch,26228.47505
Sulphur-throated Finch,15999.35185
Ashy-throated Parrotbill,71737.12932
Brown-winged Parrotbill,48338.39598
Spectacled Parrotbill,106912.7122
Rusty-throated Parrotbill,12636.46699
Vinous-throated Parrotbill,1678420.973
Gray-hooded Parrotbill,15942.5614
Least Pauraque,7217.435607
Stub-tailed Antbird,21525.60584
Dull-mantled Antbird,14165.57394
Esmeraldas Antbird,24971.04839
Magdalena Antbird,34119.80819
Wallace's Fairywren,189119.024
Spectacled Prickletail,7976.497246
White-rumped Sirystes,731657.6426
Choco Sirystes,67263.74461
Sibilant Sirystes,1613707.9
Todd's Sirystes,290359.036
Blue Nuthatch,139395.4997
Red-breasted Nuthatch,2818185.355
White-breasted Nuthatch,3402219.44
Kashmir Nuthatch,54104.41871
Indian Nuthatch,483415.383
Chestnut-bellied Nuthatch,305931.5194
Eurasian Nuthatch,8330496.584
Beautiful Nuthatch,147205.4604
Velvet-fronted Nuthatch,2013443.843
White-tailed Nuthatch,159525.1296
Krüper's Nuthatch,109242.7976
Algerian Nuthatch,95.21088015
White-cheeked Nuthatch,99836.98538
Giant Nuthatch,166482.9546
Chestnut-vented Nuthatch,406605.6205
Burmese Nuthatch,215670.4695
Western Rock Nuthatch,480343.0834
Sulphur-billed Nuthatch,96507.22283
Przevalski's Nuthatch,177423.716
Brown-headed Nuthatch,344137.6081
Yellow-billed Nuthatch,9545.597139
Eastern Rock Nuthatch,898099.5426
White-browed Nuthatch,138.3158493
Snowy-browed Nuthatch,700779.6892
Corsican Nuthatch,895.3279965
Yunnan Nuthatch,79055.65983
Olivaceous Woodcreeper,4213023.838
Chestnut-bellied Tit,13862.30529
Iriomote Tit,107.8973568
Owston's Tit,58.25192576
White-fronted Tit,21276.56018
Varied Tit,267508.5606
Weebill,2791862.889
African Broadbill,1448615.445
Rufous-sided Broadbill,725912.9016
Gray-headed Broadbill,192639.6473
Double-banded Courser,1157937.338
Olivaceous Piha,42156.36
Gray-tailed Piha,23074.20641
Cinnamon Teal,1362452.348
Blue-winged Teal,100830.8129
Hottentot Teal,2994158.692
Red Shoveler,1138198.967
Puna Teal,266751.5203
Australian Shoveler,1719717.523
Cape Shoveler,938491.1
Silver Teal,858661.6257
Magpie Starling,104467.4013
Rusty-throated Wren-Babbler,424.128461
Rufous-throated Wren-Babbler,21950.14138
Long-tailed Wren-Babbler,4286.475841
Pale-throated Wren-Babbler,613.4076002
Tawny-breasted Wren-Babbler,3553.553257
Chin Hills Wren-Babbler,11463.95375
Gray-bellied Wren-Babbler,49950.07443
Bar-winged Wren-Babbler,192434.4724
Black-and-white Mannikin,1995852.567
Bronze Mannikin,3346920.438
Magpie Mannikin,580582.3416
Western Bluebill,737704.3426
Grant's Bluebill,141610.6447
Red-headed Bluebill,217304.1835
Wetar Figbird,1018.64349
Australasian Figbird,383754.4872
Green Figbird,11591.94691
Humboldt Penguin,27304.70094
Magellanic Penguin,225860.4487
Cape Grassbird,166107.4782
Oleaginous Hemispingus,77555.03695
Black-eared Hemispingus,70918.68709
Red-naped Sapsucker,118533.9959
Red-breasted Sapsucker,209891.858
Cricket Longtail,1050011.332
Crested Serpent-Eagle,2605427.122
Andaman Serpent-Eagle,1923.106699
Philippine Serpent-Eagle,106573.567
Mountain Serpent-Eagle,14125.13547
Nicobar Serpent-Eagle,428.9653738
Sulawesi Serpent-Eagle,44763.00233
Hispaniolan Spindalis,28880.17409
Jamaican Spindalis,4255.517775
Puerto Rican Spindalis,3387.80726
Black Siskin,324247.5434
Black-capped Siskin,19324.73977
Black-chinned Siskin,476694.352
Thick-billed Siskin,144107.7916
Red Siskin,1255.213656
Antillean Siskin,3745.968135
Lawrence's Goldfinch,13280.91206
Hooded Siskin,2346557.804
Black-headed Siskin,188470.4547
Olivaceous Siskin,66858.18097
Pine Siskin,1905182.45
Lesser Goldfinch,1038276.338
Saffron Siskin,7062.3304
Andean Siskin,45541.99462
Eurasian Siskin,992805.2192
Tibetan Serin,230481.9928
American Goldfinch,1968380.504
Yellow-bellied Siskin,62288.58209
Yellow-faced Siskin,556.2759703
Black-and-chestnut Eagle,181163.6387
Black-and-white Hawk-Eagle,3363125.104
Brewer's Sparrow,55702.20038
Chipping Sparrow,915263.3325
Worthen's Sparrow,1312.154662
Spot-winged Falconet,546861.7952
Crested Finchbill,448869.6317
Collared Finchbill,898878.3257
Pink-billed Lark,435597.8978
Short-tailed Lark,218714.9451
Botha's Lark,21384.45034
Obbia Lark,21316.22016
Masked Lark,28294.80468
Sclater's Lark,87415.32473
Stark's Lark,284028.5585
White-cheeked Starling,121046.5043
Red-billed Starling,641120.8705
Slaty Finch,185619.8258
White-throated Seedeater,351700.4879
Wing-barred Seedeater,575830.5643
Chestnut-bellied Seed-Finch,4587806.234
Dubois's Seedeater,246512.7877
Black-billed Seed-Finch,77669.77451
Copper Seedeater,1293183.053
Lesson's Seedeater,246510.3855
Double-collared Seedeater,1278591.182
Chestnut-bellied Seedeater,1347446.948
Rusty-collared Seedeater,1260446.692
Variable Seedeater,93709.60347
Large-billed Seed-Finch,978004.0728
Temminck's Seedeater,66564.92254
White-naped Seedeater,127694.2429
Buffy-fronted Seedeater,71887.54306
Thick-billed Seed-Finch,282211.5665
Tawny-bellied Seedeater,714177.3953
Gray Seedeater,529544.5088
White-bellied Seedeater,1458726.252
Lined Seedeater,472738.1885
Great-billed Seed-Finch,669122.625
Morelet's Seedeater,330037.3914
Caqueta Seedeater,376059.1791
Black-and-tawny Seedeater,43884.90424
Nicaraguan Seed-Finch,20378.72649
Parrot-billed Seedeater,39539.86492
Pearly-bellied Seedeater,561149.7873
Plumbeous Seedeater,1830136.667
Slate-colored Seedeater,601488.5502
Drab Seedeater,36823.12663
Chestnut-throated Seedeater,92911.46014
Cinnamon-rumped Seedeater,133864.2948
Speckle-fronted Weaver,1160440.712
Scaly Weaver,751161.0636
White-breasted Babbler,10846.37023
Sooty Babbler,8402.046285
Blackish-breasted Babbler,35793.6596
White-necked Babbler,95661.57161
Chestnut-rumped Babbler,226556.432
Gray-throated Babbler,740029.966
Black-throated Babbler,65902.41239
Nonggang Babbler,215.5221799
Snowy-throated Babbler,6358.895433
Gray-headed Babbler,276136.4398
Chevron-breasted Babbler,66974.42047
Spot-necked Babbler,229334.6423
White-bibbed Babbler,24645.92391
Anchieta's Barbet,572320.1845
White-eared Barbet,333111.5477
Whyte's Barbet,176153.2288
Beautiful Firetail,106849.9066
Diamond Firetail,562624.9762
Red-eared Firetail,31783.01845
Blue-headed Quail-Dove,11006.75505
Oilbird,408192.2093
Slender-billed Greenbul,1470055.934
Southern Rough-winged Swallow,4880245.971
Northern Rough-winged Swallow,365880.0508
Fairy Flycatcher,104922.136
Crowned Eagle,2551467.38
Diademed Tanager,420462.0362
Green-crowned Plovercrest,116003.1146
Purple-crowned Plovercrest,322106.0939
Black-bellied Tern,955312.4789
River Tern,2096138.891
Roseate Tern,1756079.835
South American Tern,531027.1576
White-fronted Tern,32446.06779
Antarctic Tern,314183.9892
Violet-chested Hummingbird,15598.48031
Little Tern,1211036.581
Least Tern,3107.050675
Damara Tern,102271.5855
Saunders's Tern,89543.71417
Rusty-crowned Babbler,14343.34408
Golden-crowned Babbler,6100.892957
Black-crowned Babbler,11831.82779
Freckled Duck,2277167.715
Greater Wagtail-Tyrant,720806.9216
Lesser Wagtail-Tyrant,124651.1924
Australian Pratincole,535901.5168
Forest Robin,308018.4164
Southern Emuwren,265255.2865
Mallee Emuwren,7741.521544
Rufous-crowned Emuwren,219334.3133
Yellow Honeyeater,160256.1941
White-gaped Honeyeater,459149.272
Black Currawong,26274.27182
Pied Currawong,610075.3288
Gray Currawong,802771.5339
Bare-eyed Myna,1056.847732
White-necked Myna,21515.22318
Ring-necked Dove,3681197.765
Eurasian Collared-Dove,7318481.006
Mourning Collared-Dove,2783851.393
Adamawa Turtle-Dove,204589.1271
Dusky Turtle-Dove,365088.6004
Oriental Turtle-Dove,2690436.22
White-winged Collared-Dove,59276.27035
African Collared-Dove,1063547.337
Red-eyed Dove,5310171.319
Red Collared-Dove,3516945.157
Vinaceous Dove,2373194.775
Biscutate Swift,507625.7074
Tepui Swift,98841.4557
Chestnut-collared Swift,537708.1853
White-naped Swift,125357.2179
White-collared Swift,3210461.734
Bougainville Honeyeater,775.587259
Kakapo,22.10582621
Tawny Owl,3704273.403
Omani Owl,1410.522467
Chaco Owl,295817.177
Fulvous Owl,44799.37167
Desert Owl,75858.7026
Brown Wood-Owl,2095972.841
Great Gray Owl,7663138.198
Himalayan Owl,1880333.281
Spotted Owl,466048.8794
Mottled Wood-Owl,869953.655
Rufous-legged Owl,246762.9829
Spotted Wood-Owl,235882.2581
Ural Owl,4720055.152
Barred Owl,2559290.933
African Wood-Owl,3807715.729
Apostlebird,965603.6929
Common Ostrich,3318656.007
Somali Ostrich,416608.7636
Western Meadowlark,1383321.839
White-headed Starling,2118.122479
Chestnut-tailed Starling,1221344.19
Brahminy Starling,1199131.84
White-faced Starling,3833.930656
Spotless Starling,319070.5936
European Starling,2323187.529
Northern Scrub-Flycatcher,363267.2452
Southern Scrub-Flycatcher,2203291.933
Amazonian Scrub-Flycatcher,2074524.256
Black Honeyeater,2100551.125
Chapada Flycatcher,628360.0509
Masked Booby,50255121.18
Nazca Booby,533904.9822
Brown Booby,10296515.54
Blue-footed Booby,1650827.372
Red-footed Booby,47269252.01
Peruvian Booby,88533.74815
Northern Hawk Owl,8159045.304
Fork-tailed Drongo-Cuckoo,172545.3679
Square-tailed Drongo-Cuckoo,667364.2133
Moluccan Drongo-Cuckoo,75820.30873
Philippine Drongo-Cuckoo,95899.31934
Fulvous Parrotbill,111101.1271
Black-throated Parrotbill,158624.7974
Golden Parrotbill,166044.0678
Swynnerton's Robin,2727.966532
African Hill Babbler,149476.2424
Eurasian Blackcap,650607.0289
Balearic Warbler,1660.433523
Banded Parisoma,292580.5554
Spectacled Warbler,340437.0223
Eastern Orphean Warbler,4208.819941
Lesser Whitethroat,139426.8541
African Desert Warbler,715685.7342
Tristram's Warbler,114705.4688
Layard's Warbler,301239.878
Arabian Warbler,211203.9547
Brown Parisoma,155032.0342
Sardinian Warbler,604441.042
Cyprus Warbler,3070.505121
Marmora's Warbler,12842.51737
Dartford Warbler,319197.2428
Northern Crombec,2276870.085
Lemon-bellied Crombec,434492.9152
Somali Crombec,348228.3964
White-browed Crombec,60364.49549
Short-billed Crombec,79654.96755
Cape Crombec,1616565.975
Red-capped Crombec,987265.7632
Green Crombec,1443373.044
Red-faced Crombec,716513.8947
Yellow-browed Tit,323468.3563
Mountain Kingfisher,60778.96868
Yellow-billed Kingfisher,251241.4657
Fan-tailed Monarch,45923.84133
Black-and-white Monarch,8479.005182
Black-chinned Monarch,5.356187112
Kolombangara Monarch,1789.634112
White-tipped Monarch,65.85621365
Spot-winged Monarch,253922.8109
Kofiau Monarch,55.49645506
White-tailed Monarch,429.2624367
Black-tipped Monarch,3074.841065
Hooded Monarch,171923.1824
White-breasted Monarch,92.4360234
Black-bibbed Monarch,1782.856342
Flores Monarch,268.8100115
Spectacled Monarch,87422.65814
Black-tailed Monarch,16216.75411
White-collared Monarch,1303.603305
Pale-breasted Spinetail,3819243.928
Dark-breasted Spinetail,437485.3961
White-lored Spinetail,84255.23598
Azara's Spinetail,184513.7322
Rio Orinoco Spinetail,22.2376716
Cabanis's Spinetail,73209.9344
White-whiskered Spinetail,60244.75404
Black-throated Spinetail,781.6578636
Chestnut-throated Spinetail,234989.9735
Gray-bellied Spinetail,472554.506
Bahia Spinetail,3667.424585
Stripe-breasted Spinetail,32952.66785
Apurimac Spinetail,71.40773979
Rufous-breasted Spinetail,137363.4677
Sooty-fronted Spinetail,2218394.543
Rusty-headed Spinetail,1950.780566
Plain-crowned Spinetail,1722960.101
Red-shouldered Spinetail,9619.629132
Cinereous-breasted Spinetail,1363048.247
Pinto's Spinetail,290.4181477
McConnell's Spinetail,95564.43746
Marañon Spinetail,1564.8685
Dusky Spinetail,79456.75805
Rufous-capped Spinetail,453481.0863
Ruddy Spinetail,2261315.388
Ochre-cheeked Spinetail,1463157.412
Spix's Spinetail,518836.8159
Necklaced Spinetail,19179.31316
Silvery-throated Spinetail,5859.743445
Blackish-headed Spinetail,2362.636964
Rufous Spinetail,81254.0601
Russet-bellied Spinetail,201.4868395
Russet-mantled Foliage-gleaner,665568.8726
Guttulate Foliage-gleaner,4788.219787
White-throated Foliage-gleaner,38260.14275
Buff-browed Foliage-gleaner,666731.2754
Bolivian Recurvebill,31428.94277
Lineated Foliage-gleaner,99657.75702
Peruvian Recurvebill,110437.3344
Blue Quail,2315965.98
Blue-breasted Quail,3152545.795
Brown Quail,2204299.183
Ancient Murrelet,54355.18226
Craveri's Murrelet,145288.2688
Scripps's Murrelet,52483.17209
Japanese Murrelet,220431.1424
Lesser Florican,314892.8922
Whistling Heron,1635220.15
Mikado Pheasant,5314.746946
Reeves's Pheasant,205349.7603
Copper Pheasant,67464.88703
Pallas's Sandgrouse,2383106.834
Tibetan Sandgrouse,478212.9593
Tschudi's Nightjar,77561.04748
Band-winged Nightjar,1302034.309
Sirkeer Malkoha,1008744.272
Pygmy Swift,12625.73702
Fork-tailed Palm-Swift,3662672.254
Many-colored Rush Tyrant,877433.0121
Australasian Grebe,1215359.396
Madagascar Grebe,228158.596
Little Grebe,11852275.07
White-winged Swallow,4212269.852
Bahama Swallow,3128.86085
Golden Swallow,3094.292141
White-rumped Swallow,1939891.881
Tumbes Swallow,16791.18048
Violet-green Swallow,275264.2484
Falkland Steamer-Duck,4646.253463
White-headed Steamer-Duck,18982.12961
Flying Steamer-Duck,388673.7972
Flightless Steamer-Duck,126673.2958
Ruby-crowned Tanager,576235.7596
Red-shouldered Tanager,860755.8596
White-lined Tanager,2294311.187
South African Shelduck,629905.8348
Crested Shelduck,1.7815161
Ruddy Shelduck,928590.471
Common Shelduck,198734.1915
Australian Shelduck,1274155.684
Paradise Shelduck,103792.8578
Double-barred Finch,1200025.52
Zebra Finch,32200.66871
Black-chested Tyrant,331110.517
Yellow-legged Brushturkey,109795.2868
Red-legged Brushturkey,81057.30062
Green-throated Tanager,20109.74171
Golden Tanager,15026.91835
Azure-rumped Tanager,1741.944606
Opal-crowned Tanager,571978.1606
Burnished-buff Tanager,566681.2434
Paradise Tanager,1774045.35
Golden-eared Tanager,38530.2655
Lesser Antillean Tanager,123.0622407
Blue-necked Tanager,481999.9547
Red-necked Tanager,171754.7945
Black-headed Tanager,86513.34666
Blue-browed Tanager,34328.37052
Gilt-edged Tanager,183639.3569
Brassy-breasted Tanager,100565.6432
Emerald Tanager,14311.56102
Green-naped Tanager,1173.113292
Bay-headed Tanager,1614336.532
Black-capped Tanager,51638.37712
Silver-throated Tanager,29020.84878
Blue-whiskered Tanager,26728.36685
Metallic-green Tanager,40326.23425
Golden-hooded Tanager,185455.6431
Rufous-winged Tanager,52972.20358
Turquoise Tanager,2718156.896
Green-capped Tanager,4252.751016
Masked Tanager,1319267.237
Beryl-spangled Tanager,134670.5103
Gray-and-gold Tanager,17058.35925
Flame-faced Tanager,75879.13107
Black-backed Tanager,21800.26153
Sira Tanager,1409.687278
Chestnut-backed Tanager,426497.0924
Golden-naped Tanager,51960.6565
Rufous-cheeked Tanager,2639.885921
Green-and-gold Tanager,1062283.836
Green-headed Tanager,259677.1583
Blue-and-black Tanager,79822.48516
Opal-rumped Tanager,1901156.64
Silvery Tanager,39480.35801
Scrub Tanager,47842.90001
Saffron-crowned Tanager,137837.4478
Black-lored Parrot,526.4097544
Blue-naped Parrot,112302.3087
Great-billed Parrot,37345.83464
Azure-rumped Parrot,149530.8677
Numfor Paradise-Kingfisher,129.7358166
Brown-headed Paradise-Kingfisher,10478.37798
Kofiau Paradise-Kingfisher,67.97068628
Common Paradise-Kingfisher,271099.146
Little Paradise-Kingfisher,18873.68209
Red-breasted Paradise-Kingfisher,40338.4798
Biak Paradise-Kingfisher,975.4881303
Buff-breasted Paradise-Kingfisher,4065.636553
Dwarf Tinamou,321346.3046
Striped Cuckoo,4766888.855
Many-spotted Hummingbird,42514.33967
Great Antshrike,4980551.288
Chaco Earthcreeper,489416.9035
Bolivian Earthcreeper,27199.78101
Golden Bush-Robin,176908.4857
Red-flanked Bluetail,28890.63836
Rufous-breasted Bush-Robin,76494.22058
White-browed Bush-Robin,206024.0014
Collared Bush-Robin,9086.212563
Himalayan Bluetail,190957.2585
Bannerman's Turaco,763.938132
Knysna Turaco,48199.41036
Red-crested Turaco,73279.00035
Fischer's Turaco,18785.93086
Hartlaub's Turaco,102241.3693
White-crested Turaco,553360.0643
White-cheeked Turaco,311589.2815
Livingstone's Turaco,376102.202
Yellow-billed Turaco,491726.1354
Guinea Turaco,1258752.631
Prince Ruspoli's Turaco,4600.878472
Schalow's Turaco,733366.7807
Black-billed Turaco,805099.6013
Brown-crowned Tchagra,3206621.672
Three-streaked Tchagra,461941.5073
Black-crowned Tchagra,5773624.366
Southern Tchagra,97174.09424
Black Spinetail,226287.8486
Mottled Spinetail,2003299.614
Sandy Gallito,201442.4656
Laysan Finch,1.317795564
Nihoa Finch,0.599994787
Doherty's Bushshrike,43668.23797
Four-colored Bushshrike,395795.5655
Bokmakierie,507533.758
Ratchet-tailed Treepie,103038.2052
Sri Lanka Woodshrike,25558.94596
Common Woodshrike,1703211.216
Malabar Woodshrike,49470.02427
Large Woodshrike,1800982.817
Rufescent White-eye,1227.411642
Bateleur,5414470.187
Streak-capped Antwren,302686.9214
Orange-bellied Antwren,51.1185393
Blyth's Paradise-Flycatcher,1268315.375
Japanese Paradise-Flycatcher,13916.79307
Sao Tome Paradise-Flycatcher,331.4724996
Bates's Paradise-Flycatcher,888650.4685
Bedford's Paradise-Flycatcher,16429.67628
Mascarene Paradise-Flycatcher,1273.29831
Rufous Paradise-Flycatcher,42249.52412
Seychelles Paradise-Flycatcher,5.410724465
Blue Paradise-Flycatcher,3146.540109
Amur Paradise-Flycatcher,188806.0608
Madagascar Paradise-Flycatcher,228916.5496
Indian Paradise-Flycatcher,548071.7902
Black-headed Paradise-Flycatcher,1650637.439
Rufous-vented Paradise-Flycatcher,171580.5091
African Paradise-Flycatcher,5517159.003
Swallow Tanager,3381283.245
Gray-bellied Tesia,810185.6478
Russet-capped Tesia,11229.0717
Slaty-bellied Tesia,677941.4874
Javan Tesia,2274.968933
Black-billed Capercaillie,2704165.417
Western Capercaillie,4374606.503
Altai Snowcock,316397.3961
Caspian Snowcock,121211.3605
Caucasian Snowcock,9032.024044
Himalayan Snowcock,738131.192
Tibetan Snowcock,411966.2912
Verreaux's Partridge,45690.62615
Szechenyi's Partridge,202404.9125
Little Bustard,286196.2779
Buller's Albatross,11248816.72
White-capped Albatross,9215656.739
Yellow-nosed Albatross,8342145.887
Gray-headed Albatross,32426685.73
Chatham Albatross,19852065.73
Black-browed Albatross,42454987.18
Salvin's Albatross,25863601.79
Lesser Crested Tern,652521.5104
Royal Tern,1212802.663
Sandwich Tern,956944.5241
Antarctic Petrel,22614788.34
White-backed Duck,3873503.479
Crowned Woodnymph,232295.8151
Fork-tailed Woodnymph,4334196.375
Violet-capped Woodnymph,546638.7721
Russet Antshrike,153711.126
Mocking Cliff-Chat,1149842.719
Dusky-throated Antshrike,1305338.664
Cinereous Antshrike,2335658.626
Saturnine Antshrike,526887.4758
Bluish-slate Antshrike,473434.911
White-shouldered Antshrike,1909813.583
Amazonian Antshrike,2391043.141
Sooretama Slaty-Antshrike,81033.0702
Upland Antshrike,24111.99892
Black-crowned Antshrike,225292.3053
Collared Antshrike,39530.49267
Black-hooded Antshrike,10906.40151
Variable Antshrike,1532692.621
Castelnau's Antshrike,78562.71734
Acre Antshrike,362.3054834
Barred Antshrike,4141300.539
Streak-backed Antshrike,55300.92601
Black-backed Antshrike,43995.2805
Band-tailed Antshrike,116543.5751
Bar-crested Antshrike,46956.67397
Mouse-colored Antshrike,1621135.863
Blackish-gray Antshrike,566684.8262
Chestnut-backed Antshrike,981581.9078
Planalto Slaty-Antshrike,1012649.537
Cocha Antshrike,2974.855199
Rufous-capped Antshrike,537347.132
Plain-winged Antshrike,1541230.082
Natterer's Slaty-Antshrike,412548.4024
Bolivian Slaty-Antshrike,163714.7124
Lined Antshrike,41079.91044
Rufous-winged Antshrike,1441113.604
Uniform Antshrike,64929.75195
Chapman's Antshrike,10762.62198
Thamnornis,26882.02268
Peruvian Sheartail,66450.16329
Plumbeous Ibis,675541.9417
Buff-necked Ibis,1986925.143
Black-faced Ibis,105829.5
Swamp Greenbul,1251036.134
Gray-breasted Seedsnipe,585385.083
Least Seedsnipe,311642.8834
Hooded Plover,234861.3384
Shore Plover,1.503590684
Fulvous-headed Tanager,15444.58126
Buff-bellied Tanager,7740.654089
Rufous-chested Tanager,69925.02272
Brown-flanked Tanager,4834.330271
Chestnut-headed Tanager,236126.8555
Rust-and-yellow Tanager,82567.26996
Orange-headed Tanager,2639402.505
Superciliaried Hemispingus,104905.0137
Pale-tailed Barbthroat,2024238.162
Sooty Barbthroat,104366.1751
Sacred Ibis,6814713.687
Black-headed Ibis,414978.4322
Straw-necked Ibis,2467255.743
Flammulated Treehunter,22056.64991
Striped Treehunter,82909.62742
Uniform Treehunter,15833.67444
Black-billed Treehunter,46719.2822
Streak-breasted Treehunter,6792.812937
Rufous-backed Treehunter,44958.81272
Streak-capped Treehunter,24152.45647
Delta Amacuro Softtail,313.1626616
Orinoco Softtail,3.809837622
Plain Softtail,198680.2839
Bewick's Wren,1234369.342
Rufous-and-white Wren,317234.116
Antioquia Wren,1247.994656
Sinaloa Wren,117732.6129
Carolina Wren,1173755.684
Yellow-faced Grassquit,373168.0186
Wallcreeper,2163067.602
Broad-billed Warbler,237859.8655
White-crested Bittern,1493881.064
Fasciated Tiger-Heron,592073.005
Rufescent Tiger-Heron,5111844.897
Sparkling-tailed Hummingbird,115517.9709
Chestnut-capped Babbler,1029078.445
Olive Straightbill,52950.15112
Tawny Straightbill,65777.47623
Patagonian Tinamou,155881.6426
Puna Tinamou,244289.6357
White-throated Tinamou,1533276.755
Great Tinamou,2962439.531
Black Tinamou,11081.7532
Solitary Tinamou,412976.4257
Gray Tinamou,1471192.672
Black-tailed Tityra,1975207.822
Masked Tityra,2633644.24
Golden Pipit,317956.3611
Damara Red-billed Hornbill,150966.4072
Von der Decken's Hornbill,628906.632
Northern Red-billed Hornbill,3532875.26
Eastern Yellow-billed Hornbill,559745.3377
Jackson's Hornbill,43543.26565
Southern Yellow-billed Hornbill,702748.7738
Monteiro's Hornbill,154246.1607
New Britain Kingfisher,11589.0256
Cinnamon-banded Kingfisher,21100.68026
Collared Kingfisher,1481540.229
Blue-and-white Kingfisher,9724.543416
Talaud Kingfisher,393.185593
Vanuatu Kingfisher,2176.647856
Sombre Kingfisher,6991.082678
Mangareva Kingfisher,9.790152275
Marquesas Kingfisher,149.7779037
Lazuli Kingfisher,7099.861182
Ultramarine Kingfisher,8955.358
Forest Kingfisher,337748.5638
Blue-black Kingfisher,178895.6118
Palau Kingfisher,171.8416602
Red-backed Kingfisher,2870715.584
Flat-billed Kingfisher,1110.869786
Pohnpei Kingfisher,136.7015281
Mewing Kingfisher,19.45750812
Sacred Kingfisher,1167402.323
Beach Kingfisher,51844.04505
Chattering Kingfisher,158.6522896
Society Kingfisher,409.771856
Rufous-lored Kingfisher,51382.37654
Yellow-browed Tody-Flycatcher,1623745.988
Common Tody-Flycatcher,3182883.737
Spotted Tody-Flycatcher,1684747.753
Painted Tody-Flycatcher,658013.7745
Gray-headed Tody-Flycatcher,179556.727
Narrow-billed Tody,28616.68199
Puerto Rican Tody,3387.80726
Cuban Tody,42352.53818
Broad-billed Tody,28880.17409
Jamaican Tody,4255.516637
Yellow-margined Flycatcher,2266826.6
Yellow-breasted Flycatcher,2595622.856
Gray-crowned Flycatcher,2360144.689
Yellow-olive Flycatcher,4792760.516
Orange-eyed Flycatcher,104261.435
Crimson Topaz,648047.4548
Fiery Topaz,782542.5396
Lappet-faced Vulture,3288088.494
Zapata Sparrow,1763.731216
Lilac-tailed Parrotlet,128759.5875
Red-fronted Parrotlet,3342.328202
Blue-fronted Parrotlet,51185.5101
Scarlet-shouldered Parrotlet,1223052.184
Brown-backed Parrotlet,5519.900689
Sapphire-rumped Parrotlet,1475404.352
Golden-tailed Parrotlet,38221.03345
Yellow-bellied Longbill,178994.1337
Slaty-chinned Longbill,69249.3394
Bendire's Thrasher,116916.644
Gray Thrasher,38472.35496
Crissal Thrasher,390227.7444
Curve-billed Thrasher,789540.7579
Cozumel Thrasher,9.608590128
LeConte's Thrasher,97012.47147
Long-billed Thrasher,116201.4323
Ocellated Thrasher,34257.06018
California Thrasher,64602.39758
Brown Thrasher,520984.3424
D'Arnaud's Barbet,493749.2448
Red-and-yellow Barbet,607763.8102
Yellow-breasted Barbet,854938.1964
Crested Barbet,1204798.472
Blyth's Tragopan,18632.96224
Cabot's Tragopan,153057.2779
Western Tragopan,8337.365234
Satyr Tragopan,38292.13916
Temminck's Tragopan,487201.6003
Pale-yellow Robin,60025.67626
White-faced Robin,77688.96291
Gray-fronted Green-Pigeon,71303.46392
Pin-tailed Pigeon,629441.5619
Buru Green-Pigeon,3302.821283
Madagascar Green-Pigeon,195194.7179
Philippine Green-Pigeon,106250.8204
Orange-breasted Pigeon,945240.0515
African Green-Pigeon,4146458.043
Large Green-Pigeon,435375.6872
Andaman Green-Pigeon,2362.101659
Thick-billed Pigeon,1263772.024
Flores Green-Pigeon,14520.99128
Whistling Green-Pigeon,14147.38946
Cinnamon-headed Pigeon,359906.9397
Gray-cheeked Pigeon,94667.1188
Little Green-Pigeon,524764.8242
Green-spectacled Pigeon,36709.69704
Pemba Green-Pigeon,350.6925876
Ashy-headed Green-Pigeon,664027.0824
Yellow-footed Pigeon,1870268.383
Sri Lanka Green-Pigeon,25267.78719
Timor Green-Pigeon,8112.093826
Sao Tome Green-Pigeon,330.7912981
Yellow-vented Pigeon,84880.45906
White-bellied Pigeon,754460.3108
Wedge-tailed Pigeon,671218.3584
Sumba Green-Pigeon,2345.640014
Pink-necked Pigeon,872939.9944
Bruce's Green-Pigeon,2036971.687
Tasmanian Nativehen,13841.8282
Black-tailed Nativehen,1775767.25
White-streaked Honeyeater,24206.21522
Scaly-breasted Lorikeet,411791.9141
Olive-headed Lorikeet,14630.54516
Yellow-and-green Lorikeet,1584.05952
Rainbow Lorikeet,338030.9373
Ornate Lorikeet,66792.77399
Pohnpei Lorikeet,137.317116
Red-fronted Barbet,223458.6187
Miombo Barbet,531250.2924
Hairy-breasted Barbet,1442024.353
Spot-flanked Barbet,490134.5994
Pied Barbet,1205933.795
Black-throated Barbet,760238.8353
Hairy-backed Bulbul,471189.5118
Black-goggled Tanager,954861.1373
Blue-bellied Parrot,11676.77168
White-headed Vulture,2321075.812
Willet,224388.2317
Common Redshank,829630.2377
Black-faced Laughingthrush,285785.3257
Brown-capped Laughingthrush,20391.72732
Assam Laughingthrush,60295.93162
Elliot's Laughingthrush,398003.7287
Chestnut-crowned Laughingthrush,129112.905
Red-winged Laughingthrush,52762.16125
Prince Henry's Laughingthrush,49793.85223
Bhutan Laughingthrush,10807.77647
Streaked Laughingthrush,152584.3801
Silver-eared Laughingthrush,184336.1566
Red-tailed Laughingthrush,575034.1766
White-whiskered Laughingthrush,5084.097671
Golden-winged Laughingthrush,59.58437357
Malayan Laughingthrush,5729.333564
Blue-winged Laughingthrush,246759.2188
Scaly Laughingthrush,131593.1893
Variegated Laughingthrush,108749.8553
Striped Laughingthrush,43281.77208
Collared Laughingthrush,277.6727212
Streamertail,3947.872092
African Crested-Flycatcher,69449.72638
Blue-headed Crested-Flycatcher,1421188.26
House Wren,7391463.407
Cobb's Wren,109.4441876
Winter Wren,84754.60663
Santa Marta Wren,513.7450038
Pacific Wren,480368.0197
Rufous-browed Wren,52244.75652
Tepui Wren,26137.10074
Socorro Wren,52.16706102
Mountain Wren,213738.863
Clarion Wren,12.63263705
Eurasian Wren,4606486.74
Baird's Trogon,4833.231322
White-tailed Trogon,93518.75742
Citreoline Trogon,47882.46237
Lattice-tailed Trogon,6285.732676
Collared Trogon,2625119.989
Blue-tailed Trogon,30670.09221
Blue-crowned Trogon,2855721.5
Elegant Trogon,52925.80801
Slaty-tailed Trogon,190485.9845
Ecuadorian Trogon,21971.62592
Mountain Trogon,144817.9788
Masked Trogon,287994.0619
Black-throated Trogon,2573835.141
Surucua Trogon,527772.5851
Guianan Trogon,2812740.654
Green-backed Trogon,3053263.998
Thick-billed Ground-Pigeon,251645.5242
Tawny-crowned Greenlet,1845587.675
White-faced Cuckoo-Dove,62659.9864
Slaty Cuckoo-Dove,12214.1404
Black-throated Wren-Babbler,29879.42416
Streaked Wren-Babbler,459813.8578
Mountain Wren-Babbler,13510.95025
Limestone Wren-Babbler,90616.4543
Large Wren-Babbler,50136.20819
Marbled Wren-Babbler,33973.63528
Rusty-breasted Wren-Babbler,28416.92437
Yellow-billed Babbler,287958.0173
Southern Pied-Babbler,425312.8188
Hartlaub's Babbler,662791.3621
Hinde's Pied-Babbler,5330.914808
Northern Pied-Babbler,34379.32957
Arrow-marked Babbler,2248012.548
Cretzschmar's Babbler,102514.0937
White-rumped Babbler,267813.867
Black-faced Babbler,86497.0116
Brown Babbler,1997320.775
Blackcap Babbler,830914.9194
Orange-billed Babbler,4699.114685
Black-lored Babbler,205601.5481
Scaly Babbler,24844.6229
Jungle Babbler,1197038.235
Dusky Babbler,113800.4218
Abyssinian Thrush,380462.2706
White-necked Thrush,3294670.585
White-collared Blackbird,144948.9061
Creamy-bellied Thrush,1455034.118
White-throated Thrush,211691.0704
White-chinned Thrush,4255.517775
Comoro Thrush,645.2613037
Gray-winged Blackbird,345598.9906
Izu Thrush,303.2138331
Chiguanco Thrush,184711.8193
Black-breasted Thrush,290422.2691
Tristan Thrush,47.69992423
Austral Thrush,381281.3201
Yellow-legged Thrush,351115.3369
Chestnut-bellied Thrush,27636.77357
Great Thrush,158794.8419
Clay-colored Thrush,434425.0294
Unicolored Thrush,74110.92758
Hauxwell's Thrush,1257602.66
Taita Thrush,59.59276268
Black-billed Thrush,105393.787
Black Thrush,76554.28879
White-eyed Thrush,4255.517775
White-backed Thrush,408345.8801
Lawrence's Thrush,1191336.015
Pale-breasted Thrush,2969290.881
Pale-eyed Thrush,189233.13
Forest Thrush,511.9747431
Kurrichane Thrush,1694993.113
Somali Thrush,4671.89509
Ecuadorian Thrush,33983.60715
Chinese Blackbird,966409.5156
Marañon Thrush,15298.03179
Tibetan Blackbird,177011.6388
Eurasian Blackbird,2704709.132
American Robin,3013241.363
Taiwan Thrush,5147.753758
Spectacled Thrush,600065.4974
Pale-vented Thrush,64409.30839
Sao Tome Thrush,330.7912981
Olive Thrush,154157.8092
Black-hooded Thrush,88021.13311
Pale Thrush,35758.46555
African Thrush,3234057.699
Song Thrush,800997.8724
Fieldfare,1543361.942
Mountain Thrush,61848.19587
Red-legged Thrush,2731.248647
Island Thrush,95349.90225
Plumbeous-backed Thrush,29815.7813
Usambara Thrush,647.3900878
Chestnut Thrush,502179.1246
Rufous-collared Robin,29551.10649
Rufous-bellied Thrush,1941576.751
Varzea Thrush,129105.5401
Glossy-black Thrush,157882.3975
Indian Blackbird,48687.71501
Karoo Thrush,287798.2112
La Selle Thrush,1647.142073
African Bare-eyed Thrush,385332.9013
Ring Ouzel,24891.48645
Mistle Thrush,1560336.957
Principe Thrush,18.13246845
Chestnut-backed Buttonquail,167074.3915
Sumba Buttonquail,797.1719752
Hottentot Buttonquail,12842.6707
Red-backed Buttonquail,428625.6457
Black-breasted Buttonquail,2296.736657
Madagascar Buttonquail,229117.5051
Spotted Buttonquail,40987.57863
Buff-breasted Buttonquail,797.7747793
Red-chested Buttonquail,1655344.327
Barred Buttonquail,2128161.413
Small Buttonquail,6684702.709
Yellow-legged Buttonquail,2579316.604
Painted Buttonquail,879032.7185
Little Buttonquail,2694639.478
Luzon Buttonquail,40567.40784
Black-billed Wood-Dove,1501790.233
Blue-spotted Wood-Dove,3567994.666
Blue-headed Wood-Dove,1065960.782
Emerald-spotted Wood-Dove,2273638.101
Tambourine Dove,3140797.548
Tylas Vanga,89522.35905
Greater Prairie-Chicken,155555.6906
Lesser Prairie-Chicken,24434.97003
Sharp-tailed Grouse,2347712.202
Dwarf Tyrant-Manakin,2043682.456
Tiny Tyrant-Manakin,459085.1409
Sulphury Flycatcher,2508261.026
White-throated Kingbird,1634738.126
Couch's Kingbird,189084.1508
Thick-billed Kingbird,157735.5136
Giant Kingbird,1231.772868
Tropical Kingbird,5680791.12
Snowy-throated Kingbird,34067.85651
Fork-tailed Flycatcher,2499712.079
Seram Masked-Owl,502.8331722
Golden Masked-Owl,13566.98534
African Grass-Owl,1039659.785
Ashy-faced Owl,29269.35915
Minahassa Masked-Owl,18170.46177
Australasian Grass-Owl,1649312.475
Taliabu Masked-Owl,1110.136924
Australian Masked-Owl,1226800.693
Sulawesi Masked-Owl,59618.45028
Sooty Owl,434552.0116
White-throated Earthcreeper,18618.86122
Scale-throated Earthcreeper,751838.0715
Patagonian Forest Earthcreeper,47028.33713
Buff-breasted Earthcreeper,282315.0448
Eurasian Hoopoe,8669491.253
Madagascar Hoopoe,204646.3165
Southern Cordonbleu,1335962.935
Red-cheeked Cordonbleu,2952833.522
Blue-capped Cordonbleu,292033.7964
Long-tailed Ground-Roller,4024.895314
Common Murre,469782.4982
Thick-billed Murre,330700.3189
Rufous-gaped Hillstar,15522.11593
White-tailed Hillstar,12630.70383
Taiwan Blue-Magpie,7915.330742
Red-billed Blue-Magpie,1722773.402
Yellow-billed Blue-Magpie,117424.3854
Sri Lanka Blue-Magpie,2056.323879
White-winged Magpie,13047.97557
Red-faced Mousebird,1336845.752
Blue-naped Mousebird,2231557.104
Przevalski's Pinktail,242277.8697
Papuan Owl,69975.93314
Green Longtail,18883.21043
Agile Tit-Tyrant,20602.33586
Unstreaked Tit-Tyrant,29690.98379
Long-tailed Ground-Dove,691774.5731
Lyre-tailed Nightjar,89427.01222
Swallow-tailed Nightjar,85591.04398
White-bellied Wren,158057.081
Timor Stubtail,13716.67641
Bornean Stubtail,50860.64164
Purple-bibbed Whitetip,6709.629425
Rufous-vented Whitetip,12064.79531
Black-backed Bush Tanager,14014.13386
Long-tailed Hawk,1186719.015
White-headed Lapwing,2915332.16
Blacksmith Lapwing,2186114.751
Southern Lapwing,5143306.676
Gray-headed Lapwing,15121.2711
Crowned Lapwing,2621678.521
Long-toed Lapwing,1336669.493
River Lapwing,643458.9446
Red-wattled Lapwing,2658368.458
White-tailed Lapwing,188597.2278
Senegal Lapwing,1287623.964
Yellow-wattled Lapwing,702634.4797
Spot-breasted Lapwing,69421.2594
Black-winged Lapwing,323968.5349
Masked Lapwing,1178927.386
Andean Lapwing,283727.7747
Wattled Lapwing,4347137.578
Spur-winged Lapwing,3186818.911
Brown-chested Lapwing,290541.1562
Black-headed Lapwing,2033174.006
Banded Lapwing,2179132.911
Northern Lapwing,485236.5399
Hook-billed Vanga,192703.6153
Mindanao Jungle-Flycatcher,2985.46233
Eyebrowed Jungle-Flycatcher,12038.63488
African Piculet,975978.7591
Cameroon Indigobird,237225.0268
Village Indigobird,2688351.956
Green Indigobird,84567.87069
Straw-tailed Whydah,549684.0602
Variable Indigobird,536753.3289
Steel-blue Whydah,302047.5324
Exclamatory Paradise-Whydah,685648.0006
Baka Indigobird,220958.4723
Pin-tailed Whydah,5082686.633
Jos Plateau Indigobird,4648.213905
Quailfinch Indigobird,28487.67743
Broad-tailed Paradise-Whydah,1251898.574
Sahel Paradise-Whydah,1024102.23
Eastern Paradise-Whydah,1804787.891
Purple Indigobird,384370.7365
Jambandu Indigobird,91477.87643
Shaft-tailed Whydah,755037.7279
Togo Paradise-Whydah,161631.0937
Wilson's Indigobird,816249.1491
Blue-crowned Lorikeet,1418.598372
Kuhl's Lorikeet,3.253614909
Blue Lorikeet,22.63273197
Stephen's Lorikeet,15.87337234
Black-whiskered Vireo,32467.69086
Cozumel Vireo,188.5458214
Bell's Vireo,15811.44249
Slaty Vireo,62928.28434
San Andres Vireo,6.5269741
Cassin's Vireo,830.6928875
Warbling Vireo,38654.39343
Noronha Vireo,7.796367178
White-eyed Vireo,289252.9382
Cuban Vireo,42411.10786
Hutton's Vireo,469051.5161
Puerto Rican Vireo,2700.958607
Brown-capped Vireo,228908.6569
Choco Vireo,1220.7832
Jamaican Vireo,4255.517775
Flat-billed Vireo,5095.088615
Dwarf Vireo,73405.11573
Blue Mountain Vireo,4255.517775
Mangrove Vireo,101951.4849
Plumbeous Vireo,72366.2559
Tepui Vireo,112765.2343
Gray Vireo,3188.451447
Yellow-browed Shrike-Vireo,74176.34479
Slaty-capped Shrike-Vireo,1628030.702
Chestnut-sided Shrike-Vireo,66011.29453
Green Shrike-Vireo,143883.6328
Blue-black Grassquit,5887228.833
Bismarck Honeyeater,1225.091815
Andean Condor,982116.1482
Common Scale-backed Antbird,2011857.6
Xingu Scale-backed Antbird,247500.7886
Yellow-headed Blackbird,13007.20864
Gray-crowned Tetraka,63244.50708
Spectacled Tetraka,81109.46555
Saffron-cowled Blackbird,110035.3131
Tawny-breasted Honeyeater,293084.7371
Macleay's Honeyeater,10551.42721
Spotted Honeyeater,162511.911
Equatorial Graytail,11706.16504
South Island Wren,4307.901176
Angola Cave-Chat,15516.45381
Tit-like Dacnis,21410.28457
Long-whiskered Owlet,74.67509301
White-winged Warbler,2516.39512
Udzungwa Partridge,221.1589573
Black Manakin,766489.6218
Olive Manakin,27143.03844
Van Dam's Vanga,1984.828997
Pollen's Vanga,23686.20498
Lafresnaye's Vanga,15671.74733
Plain Xenops,365069.2249
Slender-billed Xenops,1383675.123
White-naped Xenopsaris,1719589.314
Sierra Madre Sparrow,27.05885875
Belted Flycatcher,8563.121181
Pileated Flycatcher,43539.12233
White-throated Woodcreeper,809916.2757
Moustached Woodcreeper,55987.02439
Great Rufous Woodcreeper,564426.1954
Strong-billed Woodcreeper,1873996.848
White-winged Cotinga,709.1079224
White-tailed Cotinga,389103.2989
Pompadour Cotinga,1399473.303
Elegant Woodcreeper,1139810.203
Spotted Woodcreeper,67684.39224
Ivory-billed Woodcreeper,296298.5079
Lesser Woodcreeper,752257.4488
Buff-throated Woodcreeper,774293.3335
Striped Woodcreeper,2573369.194
Ocellated Woodcreeper,486511.9394
Chestnut-rumped Woodcreeper,660358.902
Spix's Woodcreeper,383569.293
Cocoa Woodcreeper,247461.895
Olive-backed Woodcreeper,110562.0567
Gray Monjita,2662121.009
Black-and-white Monjita,91169.53032
White Monjita,1378609.775
Fire-eyed Diucon,230291.9462
Rusty-backed Monjita,264508.4306
Salinas Monjita,9629.349755
White-rumped Monjita,1397479.88
White-naped Yuhina,77549.62724
Taiwan Yuhina,5279.387911
Striated Yuhina,191209.112
White-collared Yuhina,434068.9884
Chestnut-crested Yuhina,70855.26744
Whiskered Yuhina,240533.238
Stripe-throated Yuhina,199118.5355
Burmese Yuhina,22315.27442
Black-chinned Yuhina,797456.8673
Rufous-vented Yuhina,137083.6066
Indochinese Yuhina,844249.5685
Red-billed Malkoha,592589.1732
Brown Crake,1174219.116
Henderson Island Crake,15.87337234
Black-tailed Crake,536592.4776
Black Crake,6451962.737
Ruddy-breasted Crake,1702207.982
Sakalava Rail,11788.48174
Baillon's Crake,3670093.485
Spotless Crake,883447.5263
Stresemann's Bush-Crow,1776.380483
Zigzag Heron,2244085.718
Wrenthrush,1996.134726
White-winged Dove,771846.6344
Eared Dove,4452080.391
Zenaida Dove,89026.14322
Galapagos Dove,3216.622185
Mourning Dove,3483579.47
West Peruvian Dove,102631.3131
Tuxtla Quail-Dove,49.24352383
White-throated Quail-Dove,171040.708
Lined Quail-Dove,62584.10288
Guianan Tyrannulet,1010137.281
Choco Tyrannulet,27915.42853
Bolivian Tyrannulet,43232.16616
Chico's Tyrannulet,7671.483106
Golden-faced Tyrannulet,149540.0867
Red-billed Tyrannulet,29230.79383
Slender-footed Tyrannulet,1488502.162
Spectacled Tyrannulet,9301.480488
Mistletoe Tyrannulet,86312.70279
Venezuelan Tyrannulet,4493.127629
Guatemalan Tyrannulet,27548.18074
Mishana Tyrannulet,3290.965023
Peruvian Tyrannulet,34386.06395
Forest Bittern,252551.7196
White-throated Sparrow,86470.25229
Rufous-collared Sparrow,4904773.124
White-crowned Sparrow,412924.8734
Malagasy Spinetail,228675.0479
White-rumped Needletail,284079.6721
Sao Tome Spinetail,389.3858924
Sunda Thrush,51923.82483
Bougainville Thrush,1022.263544
White's Thrush,386599.2426
Scaly Thrush,408962.0099
Long-tailed Thrush,376527.1567
Everett's Thrush,1360.398021
Russet-tailed Thrush,181188.7899
Bassian Thrush,223342.3213
Fawn-breasted Thrush,1251.49857
Makira Thrush,346.9961425
Dark-sided Thrush,362882.0676
Alpine Thrush,137061.5932
Long-billed Thrush,124884.7023
Himalayan Thrush,21983.19943
New Britain Thrush,1014.672937
Abyssinian White-eye,256884.8338
White-chested White-eye,2.04817081
Black-ringed White-eye,12090.75728
Black-capped White-eye,44919.71062
Cream-throated White-eye,8995.749784
Black-crowned White-eye,20050.83186
Reunion Gray White-eye,981.1335126
Bioko Speirops,24.40808309
Buru White-eye,3183.680537
Sri Lanka White-eye,3092.504097
Lemon-bellied White-eye,36223.80449
Kosrae White-eye,39.58182312
Ashy-bellied White-eye,14822.16003
Sulawesi White-eye,15441.24265
Everett's White-eye,189202.3274
Layard's White-eye,6429.902026
Sao Tome White-eye,154.0317285
Principe White-eye,15.78723788
Dusky White-eye,171.8387782
Yellow-fronted White-eye,4699.266605
Javan White-eye,6842.411661
Capped White-eye,39421.24514
Great Kai White-eye,214.8831155
Louisiade White-eye,404.0338021
Annobon White-eye,5.676056909
Plain White-eye,37.82536894
Black-headed White-eye,3884.987391
Large Lifou White-eye,447.698282
Japanese White-eye,569741.5737
Kirk's White-eye,398.253375
Ambon White-eye,306.8337589
Solomons White-eye,1633.922507
Principe Speirops,56.61790217
Black-capped Speirops,331.4779703
Splendid White-eye,13.57394019
Australian Yellow White-eye,259759.8671
Madagascar White-eye,228569.1165
Mauritius Gray White-eye,724.7901981
Mayotte White-eye,139.8932061
Tagula White-eye,314.2770894
Cameroon Speirops,57.33621839
Yellow-throated White-eye,6527.41182
Lowland White-eye,40782.33843
Black-fronted White-eye,31711.67342
Small Lifou White-eye,447.698282
Seychelles White-eye,1.73042619
Mountain White-eye,251515.627
Comoro White-eye,27.68374019
Kolombangara White-eye,43.0828623
Biak White-eye,892.6323288
Christmas Island White-eye,52.96466044
Sangihe White-eye,5.888646939
Yellowish White-eye,54504.04269
New Guinea White-eye,39819.89396
Yap White-eye,37.82536894
Reunion White-eye,981.1335126
Orange River White-eye,162162.4549
Oriental White-eye,2610831.55
Broad-ringed White-eye,125430.604
Pohnpei White-eye,132.385281
Rennell White-eye,260.7970434
Rota White-eye,3.156957258
Enggano White-eye,156.3498992
Samoan White-eye,201.4050591
Santa Cruz White-eye,193.6872126
Caroline Islands White-eye,327.3453167
African Yellow White-eye,3373549.138
Togian White-eye,136.3471667
Ganongga White-eye,56.010108
Seram White-eye,4534.075118
Malaita White-eye,1683.618851
Slender-billed White-eye,2.979345759
Little Kai White-eye,162.4565999
Pemba White-eye,374.6781304
Cape White-eye,377344.803
Green-backed White-eye,6641.742991
Palawan Striped-Babbler,99.21460215
Panay Striped-Babbler,110.0731249
Negros Striped-Babbler,180.933937
Luzon Striped-Babbler,7876.705417
Chestnut-faced Babbler,12398.05648