COMMON_NAME,area_square_miles,Estimate,Lower,Upper
New Caledonian Owlet-nightjar,4.143546239,25,1,49
Puerto Rican Parrot,59.70116337,25,1,49
Glaucous Macaw,0.377636738,25,1,49
Pohnpei Starling,23.73976023,25,1,49
Antioquia Brushfinch,88.90444389,25,1,49
Kinglet Calyptura,1.204219007,25,1,49
Red-throated Lorikeet,6377.47818,25,1,49
New Caledonian Lorikeet,0.375828009,25,1,49
Silvery Wood-Pigeon,694.7776639,25,1,49
Sulu Bleeding-heart,226.0623551,25,1,49
New Caledonian Rail,0.37733024,25,1,49
Tachira Antpitta,191.5761481,25,1,49
Semper's Warbler,0.379306321,25,1,49
Bali Myna,14.51967523,25,1,49
Stresemann's Bristlefront,8.398127055,25,1,49
Alagoas Antwren,58.9686339,25,1,49
Himalayan Quail,80.7194254,25,1,49
Tahiti Monarch,10.62603806,25,1,49
Fiji Petrel,56711.6936,25,1,49
Negros Fruit-Dove,44.75166398,25,1,49
Pink-headed Duck,0.378143692,25,1,49
Crested Shelduck,1.7815161,25,1,49
Cozumel Thrasher,9.608590128,25,1,49
White-chested White-eye,2.04817081,25,1,49
Sangihe White-eye,5.888646939,25,1,49
Black-winged Starling,14.94227487,35,20,49
Madagascar Pochard,230.7829609,35,20,49
Cerulean Paradise-Flycatcher,5.752273606,61,21,100
Cherry-throated Tanager,20.38350556,115,30,200
Black Stilt,1093.905402,44,38,50
Blue-banded Kingfisher,48403.72287,150,50,249
Marquesas Ground-Dove,3.790270372,150,50,249
Blue-throated Macaw,10730.6364,150,50,249
White-bellied Heron,24290.12964,150,50,249
Long-billed Tailorbird,153.2579551,150,50,249
Sao Tome Ibis,85.27622949,150,50,249
Sumatran Ground-Cuckoo,9722.855147,150,50,249
Black-hooded Coucal,269.9289138,150,50,249
Blue-fronted Lorikeet,3302.842923,150,50,249
Royal Cinclodes,2140.027273,150,50,249
Javan Green-Magpie,12915.98863,150,50,249
Purple-winged Ground-Dove,57193.76505,150,50,249
Dusky Starfrontlet,692.9108333,150,50,249
Blue-eyed Ground-Dove,456.5150932,150,50,249
Sangihe Whistler,2.044289001,150,50,249
Mariana Crow,35.65547572,150,50,249
Banggai Crow,53.27716985,150,50,249
Sao Tome Grosbeak,79.10429109,150,50,249
Zapata Rail,387.5656062,150,50,249
Malherbe's Parakeet,109.5149976,150,50,249
Tablas Drongo,261.7294159,150,50,249
Tooth-billed Pigeon,477.0399345,150,50,249
Sangihe Pitta,215.1295577,150,50,249
Mindoro Bleeding-heart,183.4862911,150,50,249
Rufous-fronted Laughingthrush,1842.34701,150,50,249
Whooping Crane,740.7381922,150,50,249
Chatham Oystercatcher,9.384645335,150,50,249
Indigo-winged Parrot,545.6735429,150,50,249
Liben Lark,46.72361939,150,50,249
Newton's Fiscal,58.21196965,150,50,249
Sapphire-bellied Hummingbird,932.0083811,150,50,249
Bugun Liocichla,1.062895307,150,50,249
Chestnut-capped Piha,16.16745491,150,50,249
Edwards's Pheasant,3184.149083,150,50,249
Brazilian Merganser,19795.61283,150,50,249
Wilkins's Finch,0.953224824,150,50,249
Isabela Oriole,417.7358393,150,50,249
Blue-bearded Helmetcrest,1093.548347,150,50,249
Sira Curassow,152.5144824,150,50,249
Night Parrot,17944.80824,150,50,249
Alagoas Foliage-gleaner,13.85416204,150,50,249
Alagoas Tyrannulet,7314.357373,150,50,249
Trinidad Piping-Guan,194.1207835,150,50,249
Junin Grebe,50.4784246,150,50,249
Blue-winged Racquet-tail,239.9799207,150,50,249
Beck's Petrel,46518.53353,150,50,249
Rapa Fruit-Dove,1.694880907,150,50,249
Rapa Shearwater,48495.0695,150,50,249
Jerdon's Courser,7454.340783,150,50,249
Narcondam Hornbill,2.513742317,150,50,249
White-winged Flufftail,166.4871325,150,50,249
Orange-bellied Antwren,51.1185393,150,50,249
Santa Marta Wren,513.7450038,150,50,249
Principe Thrush,18.13246845,150,50,249
Cebu Flowerpecker,45.2784524,65,60,70
Black-chinned Monarch,5.356187112,100,70,130
Guadalupe Junco,16.37867019,162,75,249
Bahama Oriole,2034.871072,137,93,180
Campbell Islands Teal,0.114698312,150,100,200
Okinawa Woodpecker,225.9635036,245,100,390
Flores Hawk-Eagle,13508.17164,170,100,240
Mascarene Petrel,28765.04938,150,100,200
Red-billed Curassow,443.9077817,150,130,170
Red-fronted Macaw,2867.196331,203,134,272
Black-breasted Puffleg,30.08867174,160,140,180
Seychelles Paradise-Flycatcher,5.410724465,165,140,190
Araripe Manakin,9.354755709,425,150,700
Yellow-billed Cotinga,846.1932235,425,150,700
Recurve-billed Bushbird,662.7209595,425,150,700
Blue-billed Curassow,1843.685747,425,150,700
Jocotoco Antpitta,46.50144832,425,150,700
Ochre-fronted Antpitta,470.1067177,425,150,700
Akikiki,33.0501874,380,150,610
Rufous-breasted Warbling-Finch,6811.99845,425,150,700
Shore Plover,1.503590684,188,156,220
Imperial Parrot,23.65951863,200,160,240
Mauritius Fody,4.579863463,190,160,220
Marquesas Monarch,5.135692054,205,160,250
Mauritius Kestrel,60.82986407,185,170,200
Philippine Eagle,54925.30962,340,180,500
Socorro Mockingbird,5.865408763,235,190,280
Reunion Harrier,574.8407924,380,200,560
Northern Bald Ibis,222.6015707,225,200,249
Djibouti Francolin,234.5839808,350,200,500
St. Lucia Parrot,54.91012384,280,230,330
Ridgway's Hawk,81.17061943,250,240,260
Seychelles Scops-Owl,14.81685399,275,249,300
Tahiti Reed Warbler,103.0809954,625,250,999
Millerbird,0.599994787,625,250,999
Pitcairn Reed Warbler,1.851500486,625,250,999
Moustached Kingfisher,2464.47163,625,250,999
Yellow-shouldered Blackbird,100.963631,625,250,999
Palau Ground-Dove,175.470772,625,250,999
Caroline Islands Ground-Dove,164.8093407,625,250,999
Honduran Emerald,154.1574329,625,250,999
St. Vincent Parrot,16.64061183,625,250,999
Andaman Teal,1870.129632,625,250,999
Indigo Macaw,2913.591828,625,250,999
Yellow-headed Brushfinch,7907.243514,625,250,999
Hawaiian Goose,735.1945134,625,250,999
Socotra Buzzard,1398.611304,375,250,500
Red-shouldered Vanga,5100.605601,625,250,999
Esmeraldas Woodstar,1692.424482,625,250,999
Yellow-faced Flameback,11006.7984,625,250,999
Rockefeller's Sunbird,3053.196933,625,250,999
Cocos Cuckoo,9.559629775,625,250,999
Cone-billed Tanager,13061.29565,625,250,999
Banded Cotinga,917.6712388,625,250,999
Wattled Curassow,10450.80855,625,250,999
Andaman Treepie,2203.210991,625,250,999
Sao Tome Sunbird,128.9270757,625,250,999
Bahia Tapaculo,2005.698914,625,250,999
Gorgeted Puffleg,17.06953706,625,250,999
Colorful Puffleg,13.10870412,625,250,999
Tabar Pitta,110.0655875,625,250,999
Madagascar Serpent-Eagle,13305.23789,625,250,999
Genovesa Ground-Finch,5.939457773,625,250,999
Genovesa Cactus-Finch,5.939457773,625,250,999
Vampire Ground-Finch,0.935864106,625,250,999
Hook-billed Hermit,377.6687823,625,250,999
Sanford's Sea-Eagle,13947.54241,625,250,999
Chatham Island Pigeon,304.3569492,625,250,999
Bengal Florican,29557.19587,625,250,999
Montserrat Oriole,5.092792443,355,250,460
Buff-throated Purpletuft,50253.94707,1375,250,2499
Gabela Bushshrike,1128.98631,625,250,999
Swamp Prinia,33423.26074,1375,250,2499
White-collared Kite,20398.16199,625,250,999
Warsangli Linnet,903.851397,625,250,999
Marvelous Spatuletail,684.5182323,625,250,999
Short-crested Coquette,20.56786521,625,250,999
Black-eared Miner,674.9201211,625,250,999
Bismarck Thicketbird,919.4251693,625,250,999
Niuafoou Scrubfowl,20.27004475,625,250,999
St. Lucia Black Finch,113.2671443,625,250,999
Floreana Mockingbird,0.340422405,625,250,999
Pink Pigeon,28.9793043,625,250,999
Camiguin Boobook,97.66170264,625,250,999
Cebu Boobook,1715.364056,625,250,999
Romblon Boobook,442.0890702,625,250,999
Flores Scops-Owl,192.4238034,1375,250,2499
Sao Tome Scops-Owl,150.1825212,625,250,999
Abd al Kuri Sparrow,50.78884257,625,250,999
Plains-wanderer,12597.94277,625,250,999
Cauca Guan,41.56812647,625,250,999
Mindoro Hornbill,389.5069687,625,250,999
Tawitawi Brown-Dove,239.9799207,625,250,999
Golden-naped Weaver,6414.975986,625,250,999
Bates's Weaver,20654.35449,625,250,999
Hainan Peacock-Pheasant,836.1551832,625,250,999
Galapagos Martin,3000.519856,625,250,999
Maui Parrotbill,19.04322672,395,250,540
Cook Islands Fruit-Dove,22.25675245,625,250,999
Gray-breasted Parakeet,264.9422746,625,250,999
El Oro Parakeet,287.5162085,625,250,999
Malaita Fantail,7.873238896,625,250,999
Kagu,518.0493613,625,250,999
Slender-billed Flufftail,4751.009889,625,250,999
Paramillo Tapaculo,362.8663983,625,250,999
Marsh Tapaculo,1988.318692,625,250,999
Algerian Nuthatch,95.21088015,625,250,999
Worthen's Sparrow,1312.154662,625,250,999
Pinto's Spinetail,290.4181477,625,250,999
Kofiau Paradise-Kingfisher,67.97068628,625,250,999
Orinoco Softtail,3.809837622,625,250,999
Hottentot Buttonquail,12842.6707,625,250,999
Giant Kingbird,1231.772868,625,250,999
Taliabu Masked-Owl,1110.136924,625,250,999
Long-whiskered Owlet,74.67509301,625,250,999
Sakalava Rail,11788.48174,625,250,999
Tuxtla Quail-Dove,49.24352383,625,250,999
Principe White-eye,15.78723788,625,250,999
Splendid White-eye,13.57394019,625,250,999
Seychelles White-eye,1.73042619,625,250,999
Galapagos Hawk,2177.428152,300,270,330
Cochabamba Mountain-Finch,1117.806737,1485,270,2700
Mewing Kingfisher,19.45750812,370,270,470
Bay-breasted Cuckoo,437.3458468,1600,300,2900
Javan Hawk-Eagle,5568.141457,400,300,500
Echo Parakeet,23.33872697,325,300,350
Makatea Fruit-Dove,9.690161036,900,300,1500
Akekee,2.015462369,655,310,1000
Cundinamarca Antpitta,171.5436915,565,330,800
Mrs. Moreau's Warbler,2606.140122,665,330,1000
Seychelles Parrot,18.3057785,470,340,600
Clarion Wren,12.63263705,370,340,400
Okarito Brown Kiwi,92.43060546,375,350,400
Fernandina's Flicker,2834.422912,465,400,530
Puaiohi,12.37651951,492,405,579
Yellow-breasted Pipit,7673.387968,817,424,1210
Philippine Cockatoo,8786.039862,590,430,750
Kolombangara Leaf Warbler,14.51806385,670,470,870
Stephen's Lorikeet,15.87337234,840,480,1200
Juan Fernandez Firecrown,3.12200618,1245,490,2000
Laysan Duck,0.586935815,590,500,680
Polynesian Imperial-Pigeon,9.690161036,885,570,1200
Rimitara Reed Warbler,2.642595614,1600,600,2600
Chestnut-bellied Hummingbird,2626.765756,1150,600,1700
Auckland Islands Teal,16.4094911,1300,600,2000
Rarotonga Starling,12.02402503,1150,600,1700
Yellow-browed Toucanet,674.232247,1050,600,1500
Gold-ringed Tanager,463.1823026,1150,600,1700
Black-and-gold Tanager,1540.097888,1150,600,1700
Dja River Swamp Warbler,4806.359008,1150,600,1700
Apolinar's Wren,1031.615205,1150,600,1700
Flores Crow,3511.822279,1150,600,1700
Chestnut-bellied Imperial-Pigeon,4178.717803,1150,600,1700
Mindoro Imperial-Pigeon,467.7230578,1150,600,1700
White-winged Nightjar,1179.853552,1150,600,1700
Blue-capped Hummingbird,1569.057134,1150,600,1700
Zapata Wren,811.7869951,1150,600,1700
Black-hooded Antwren,50.70610994,1150,600,1700
White-fronted Quail-Dove,1864.165248,1150,600,1700
Purple Quail-Dove,22079.03088,1150,600,1700
Giant Antpitta,5191.70377,1150,600,1700
Talaud Rail,325.2621711,1150,600,1700
Usambara Hyliota,159.3807595,1150,600,1700
Mauritius Cuckooshrike,45.1012944,650,600,700
Tolima Dove,1085.920654,1150,600,1700
Scimitar-winged Piha,5889.833718,1150,600,1700
Mountain Grackle,490.7720921,1150,600,1700
Violet-throated Metaltail,1052.303405,1150,600,1700
Española Mockingbird,25.68756195,1150,600,1700
Santa Marta Bush-Tyrant,211.0769195,1150,600,1700
Santa Marta Warbler,266.8197638,1150,600,1700
Sri Lanka Whistling-Thrush,1183.793815,1150,600,1700
Scalloped Antbird,192.787757,1150,600,1700
Slaty Becard,15695.77203,1150,600,1700
Chestnut-bellied Guan,11951.2454,1150,600,1700
Allpahuayo Antbird,3404.293347,1150,600,1700
Usambara Weaver,3021.612155,1150,600,1700
Angola Helmetshrike,1783.874719,1150,600,1700
Baudo Oropendola,1768.93712,1150,600,1700
Cameroon Francolin,74.6515646,1150,600,1700
Fringe-backed Fire-eye,1918.905711,1150,600,1700
Barbuda Warbler,59.43206893,1150,600,1700
Black-and-tawny Seedeater,43884.90424,1150,600,1700
Blue-headed Quail-Dove,11006.75505,1150,600,1700
White-tipped Monarch,65.85621365,1150,600,1700
Apurimac Spinetail,71.40773979,1150,600,1700
Russet-bellied Spinetail,201.4868395,1150,600,1700
Annobon White-eye,5.676056909,1150,600,1700
Negros Striped-Babbler,180.933937,1150,600,1700
Azores Bullfinch,55.76632553,1312,627,1996
Timor Green-Pigeon,8112.093826,1330,660,2000
Pied Goshawk,14463.78774,3685,670,6700
Rufous-necked Sparrowhawk,18590.85777,3685,670,6700
Black-mantled Goshawk,44575.26551,3685,670,6700
Vinous-breasted Sparrowhawk,56384.88443,3685,670,6700
Fiji Goshawk,6788.07736,3685,670,6700
Madagascar Jacana,43650.57478,3685,670,6700
Forest Buzzard,39170.16106,3685,670,6700
Crimson-headed Partridge,28232.47591,3685,670,6700
Tanimbar Scrubfowl,1245.442838,3685,670,6700
Carunculated Caracara,17357.52238,3685,670,6700
Gundlach's Hawk,12938.77738,800,700,900
Nicobar Scrubfowl,609.445938,1125,750,1500
Greater Adjutant,29941.33787,1000,800,1200
Red-necked Parrot,28.51624501,925,850,1000
Puerto Rican Nightjar,112.7178175,1115,930,1300
Ibadan Malimbe,640.6509938,1915,930,2900
New Britain Sparrowhawk,13737.72522,1750,1000,2499
Slaty-mantled Goshawk,11125.38152,1750,1000,2499
Bernier's Teal,20631.00657,1350,1000,1700
Great Green Macaw,41811.41337,1750,1000,2499
Brown Wood-Rail,46200.97935,1750,1000,2499
Sun Parakeet,37211.47585,1750,1000,2499
Sichuan Partridge,2975.814114,1750,1000,2499
Noisy Scrub-bird,63.28561354,1250,1000,1500
Pernambuco Foliage-gleaner,24695.99897,1750,1000,2499
Knysna Woodpecker,36845.08755,2150,1000,3300
Palau Nightjar,144.7715954,1750,1000,2499
Palm Lorikeet,4289.4552,1750,1000,2499
Red-headed Flameback,5206.545367,1750,1000,2499
Rufous-brown Solitaire,39515.44055,1750,1000,2499
Shelley's Crimsonwing,17776.84049,1750,1000,2499
Chestnut-bellied Flowerpiercer,277.8940475,1750,1000,2499
Andaman Woodpecker,2203.210991,1750,1000,2499
Solomons Nightjar,9283.064553,1750,1000,2499
Spotted Ground-Thrush,14995.52301,1750,1000,2499
Belding's Yellowthroat,1474.911856,1750,1000,2499
New Britain Bronzewing,12097.40244,1750,1000,2499
Bahia Antwren,596.6959141,1750,1000,2499
Moheli Bulbul,82.46278309,1750,1000,2499
St. Lucia Oriole,238.3666148,1750,1000,2499
Rusty-flanked Crake,14294.39905,1750,1000,2499
Swift Parrot,4756.010787,1750,1000,2499
Java Sparrow,38471.66458,1750,1000,2499
Purple-naped Lory,2431.944649,1750,1000,2499
Palila,51.96674249,1750,1000,2499
Pulitzer's Longbill,2210.458299,1750,1000,2499
Guadalcanal Thicketbird,209.5056939,1500,1000,2000
Truk Monarch,32.43049355,1750,1000,2499
Yellowhead,6532.728097,2167,1000,3333
Sulu Boobook,690.4036091,1750,1000,2499
Forty-spotted Pardalote,182.995955,1250,1000,1500
Plain Pigeon,19666.96058,2550,1000,4100
Helmeted Curassow,15491.38423,1750,1000,2499
Horned Curassow,3272.633932,3000,1000,4999
Manipur Bush-Quail,19521.43761,1750,1000,2499
Striated Caracara,9193.96286,1750,1000,2499
Iphis Monarch,31.43554058,1750,1000,2499
Green Racquet-tail,36107.8221,1750,1000,2499
Swierstra's Francolin,7131.660597,1750,1000,2499
Bogota Rail,281.270479,1750,1000,2499
Sierra Leone Prinia,6708.662875,1750,1000,2499
Andaman Serpent-Eagle,1923.106699,2500,1000,4000
Botha's Lark,21384.45034,1750,1000,2499
Bahama Swallow,3128.86085,1750,1000,2499
Green-capped Tanager,4252.751016,1750,1000,2499
Zapata Sparrow,1763.731216,1750,1000,2499
Golden-winged Laughingthrush,59.58437357,1750,1000,2499
Baird's Trogon,4833.231322,3000,1000,5000
Samoan White-eye,201.4050591,1750,1000,2499
Snares Island Snipe,1.000948274,1750,1000,2499
New Zealand Grebe,33788.86335,1300,1200,1400
Hinde's Pied-Babbler,5330.914808,2875,1250,4500
Madagascar Pond-Heron,213.194019,2650,1300,4000
Rufous-fronted Parakeet,1213.667412,2000,1300,2700
Javan Plover,42458.49791,2650,1300,4000
Anambra Waxbill,16964.65882,1800,1300,2300
Hawaiian Coot,443.3971224,2000,1300,2700
Ogea Monarch,6.349426756,1650,1300,2000
Micronesian Scrubfowl,323.6877644,1500,1300,1700
White-breasted Thrasher,9.388569846,1350,1300,1400
Sierra Madre Sparrow,27.05885875,5650,1300,9999
Nicobar Jungle-Flycatcher,422.4562855,7375,1450,13300
New Caledonia Goshawk,6328.028791,4250,1500,7000
Cape Verde Swamp Warbler,511.3727355,1750,1500,2000
Venezuelan Sylph,1603.768962,4250,1500,7000
Wetar Ground-Dove,10792.00973,4250,1500,7000
Mangrove Hummingbird,502.6090353,4250,1500,7000
Golden-fronted Bowerbird,377.7060834,4250,1500,7000
Banded Sunbird,2738.346851,4250,1500,7000
White-winged Apalis,7566.692922,4250,1500,7000
Orange-necked Partridge,1724.090287,4250,1500,7000
Black-spectacled Brushfinch,1189.026524,1600,1500,1700
Southern Silvery-Kingfisher,37333.52304,4250,1500,7000
Northern Screamer,35268.64411,4250,1500,7000
Black-throated Shrikebill,6543.538134,4250,1500,7000
White-necked Crow,3197.239032,4250,1500,7000
Bay-vented Cotinga,5026.835158,4250,1500,7000
Bicolored Antvireo,6180.661089,4250,1500,7000
Yellow-rumped Antwren,9374.972739,4250,1500,7000
Gray-fronted Quail-Dove,8982.968024,4250,1500,7000
Moustached Antpitta,3431.124485,4250,1500,7000
Brown-banded Antpitta,4770.319333,4250,1500,7000
Bicolored Antpitta,3696.090048,4250,1500,7000
Hooded Antpitta,5967.899959,4250,1500,7000
Amani Sunbird,333.6735119,4250,1500,7000
Buff-breasted Tody-Tyrant,27582.77033,4250,1500,7000
Nava's Wren,1026.078515,4250,1500,7000
Bougainville Thicketbird,314.3083817,4250,1500,7000
Samoan Flycatcher,1110.913044,4250,1500,7000
Band-tailed Antwren,1171.066072,4250,1500,7000
Jamaican Blackbird,667.1470414,4250,1500,7000
Togian Boobook,168.1835833,4250,1500,7000
Taczanowski's Tinamou,6843.263245,4250,1500,7000
Venezuelan Wood-Quail,3611.48664,4250,1500,7000
Rufous-headed Chachalaca,28789.80944,4250,1500,7000
Black-breasted Parrotbill,14283.32762,4250,1500,7000
Hainan Leaf Warbler,5096.362576,4250,1500,7000
White-masked Antbird,83.2080637,4250,1500,7000
Malayan Peacock-Pheasant,45078.08233,4250,1500,7000
Tucuman Mountain-Finch,1452.478552,4250,1500,7000
Luzon Racquet-tail,4019.966345,4250,1500,7000
Blue-headed Racquet-tail,5244.757873,4250,1500,7000
Hispaniolan Parakeet,5206.010038,4250,1500,7000
Cuban Parakeet,7229.241138,4250,1500,7000
White-necked Parakeet,3043.393492,4250,1500,7000
Plain-pouched Hornbill,27907.27386,4250,1500,7000
Solomons Frogmouth,6447.101659,4250,1500,7000
Magdalena Tapaculo,192.9652627,4250,1500,7000
Rusty-throated Wren-Babbler,424.128461,4250,1500,7000
Red Siskin,1255.213656,4250,1500,7000
Saffron Siskin,7062.3304,4250,1500,7000
Golden Swallow,3094.292141,4250,1500,7000
Azure-rumped Tanager,1741.944606,4250,1500,7000
Bannerman's Turaco,763.938132,4250,1500,7000
Fischer's Turaco,18785.93086,4250,1500,7000
Laysan Finch,1.317795564,4250,1500,7000
Black Tinamou,11081.7532,4250,1500,7000
New Britain Kingfisher,11589.0256,4250,1500,7000
Slaty Cuckoo-Dove,12214.1404,4250,1500,7000
Tristan Thrush,47.69992423,4250,1500,7000
La Selle Thrush,1647.142073,4250,1500,7000
San Andres Vireo,6.5269741,4250,1500,7000
White-winged Warbler,2516.39512,4250,1500,7000
Van Dam's Vanga,1984.828997,4250,1500,7000
New Britain Thrush,1014.672937,4250,1500,7000
Comoro White-eye,27.68374019,4250,1500,7000
Comoro Pigeon,794.4076138,4250,1500,7000
Sokoke Pipit,874.5743189,2500,1600,3400
Seychelles Swiftlet,79.23610758,1850,1700,2000
Yellow-shouldered Parrot,1516.511896,3650,1700,5600
Rudd's Lark,8429.471563,2500,1700,3300
White-throated Barbtail,569.1802512,4350,1700,7000
Madagascar Plover,5586.676438,2050,1800,2300
Chatham Islands Snipe,1.803364523,2000,1800,2200
Ecuadorian Tapaculo,438.4664008,3450,1900,5000
Saipan Reed Warbler,52.0875502,2250,2000,2499
Rodrigues Warbler,1.054880183,2350,2000,2700
Red-crowned Parrot,3029.535223,3150,2000,4300
Whistling Warbler,32.08960468,2650,2000,3300
Cheer Pheasant,57400.21164,2350,2000,2700
Rufous-throated Dipper,43637.38149,2350,2000,2700
Laurel Pigeon,467.4140978,3500,2000,5000
Antipodes Parakeet,8.751225414,2500,2000,3000
Clarke's Weaver,272.8365826,3000,2000,4000
Udzungwa Partridge,221.1589573,2350,2000,2700
Peruvian Plantcutter,1106.625466,6100,2200,9999
Anjouan Scops-Owl,104.9028779,2950,2300,3600
Nihoa Finch,0.599994787,3000,2400,3600
Nicobar Sparrowhawk,126.5779864,3750,2500,5000
Moluccan Goshawk,8796.082838,6250,2500,9999
New Britain Goshawk,4459.311581,6250,2500,9999
Javan Myna,50512.05977,6250,2500,9999
Pink-legged Graveteiro,1424.533989,6250,2500,9999
Kiritimati Reed Warbler,177.8508703,6250,2500,9999
Blue-capped Kingfisher,9542.181286,6250,2500,9999
Mariana Swiftlet,267.2671151,6250,2500,9999
Black-cheeked Lovebird,5538.069871,6250,2500,9999
Shy Ground-Dove,8189.068874,6250,2500,9999
Talaud Bush-hen,325.2621711,6250,2500,9999
Red-browed Parrot,1031.874579,6250,2500,9999
Palawan Hornbill,5164.086963,6250,2500,9999
Nilgiri Pipit,4460.74531,6250,2500,9999
Forbes's Blackbird,43.37318798,6250,2500,9999
Florida Scrub-Jay,2676.919397,6250,2500,9999
Snoring Rail,32095.14993,6250,2500,9999
Chestnut-necklaced Partridge,43186.82307,6250,2500,9999
Ochraceous Attila,2154.354568,6250,2500,9999
Blue-and-gold Tanager,3642.663077,6250,2500,9999
White-bearded Antshrike,9225.182964,6250,2500,9999
Andaman Bulbul,1234.080607,6250,2500,9999
Knysna Warbler,3407.444318,6250,2500,9999
White-necked Hawk,54053.64848,6250,2500,9999
Selva Cacique,17530.49978,6250,2500,9999
Itombwe Nightjar,835.7727305,6250,2500,9999
Black-headed Berryeater,26211.74775,6250,2500,9999
Green-billed Coucal,4679.643517,6250,2500,9999
Sunda Coucal,10836.8448,6250,2500,9999
Sula Dwarf-Kingfisher,1806.37261,6250,2500,9999
Bismarck Kingfisher,5299.25645,6250,2500,9999
Bristled Grassbird,44805.04669,6250,2500,9999
Cholo Alethe,1799.626765,6250,2500,9999
Black-fronted Tern,36015.32752,6250,2500,9999
Prigogine's Greenbul,335.3626944,6250,2500,9999
Javan Flameback,7420.511588,6250,2500,9999
Jerdon's Babbler,18280.53108,6250,2500,9999
Henna-hooded Foliage-gleaner,7196.911304,6250,2500,9999
Rondonia Bushbird,13879.02052,6250,2500,9999
Javan Cochoa,3276.203217,6250,2500,9999
Sumatran Cochoa,24845.28913,6250,2500,9999
Nilgiri Wood-Pigeon,44955.52803,6250,2500,9999
Yellow-legged Pigeon,19791.99498,6250,2500,9999
Andaman Wood-Pigeon,2941.403738,6250,2500,9999
Andaman Cuckooshrike,2008.854216,6250,2500,9999
Turquoise Dacnis,5689.654899,6250,2500,9999
Spot-throated Flameback,5075.145518,6250,2500,9999
Mexican Sheartail,1122.892812,6250,2500,9999
Baker's Imperial-Pigeon,1593.238174,6250,2500,9999
Plumbeous Antvireo,16395.22027,6250,2500,9999
Slaty Egret,42500.0427,2900,2500,3300
Black Sicklebill,31141.65263,6250,2500,9999
Pink-billed Parrotfinch,1857.763251,6250,2500,9999
New Zealand Falcon,57345.05803,6250,2500,9999
Lompobattang Flycatcher,316.2873509,6250,2500,9999
Chapin's Flycatcher,14442.05713,6250,2500,9999
Calayan Rail,26.221905,3400,2500,4300
Sumatran Laughingthrush,25905.87216,6250,2500,9999
Ashy-headed Laughingthrush,6066.218735,6250,2500,9999
Oberländer's Ground-Thrush,20257.11618,6250,2500,9999
Biak Gerygone,974.6218101,6250,2500,9999
Albertine Owlet,12506.49394,6250,2500,9999
Western Crowned-Pigeon,31096.1309,6250,2500,9999
Scheepmaker's Crowned-Pigeon,6057.574708,6250,2500,9999
Santa Marta Antpitta,1950.780566,6250,2500,9999
Great Antpitta,3249.914234,6250,2500,9999
Blue-faced Rail,18805.38761,6250,2500,9999
Rusty-faced Parrot,10214.31723,6250,2500,9999
Munchique Wood-Wren,742.27722,6250,2500,9999
White-tailed Swallow,5728.607377,6250,2500,9999
Masked Antpitta,71.48333585,6250,2500,9999
Red-bellied Grackle,1494.905345,6250,2500,9999
Grand Comoro Bulbul,398.2420875,6250,2500,9999
Streak-breasted Bulbul,1937.648142,6250,2500,9999
Baird's Junco,1852.828821,6250,2500,9999
Mussau Triller,131.5555784,6250,2500,9999
Wallace's Hanging-Parrot,547.3706615,6250,2500,9999
Macgregor's Honeyeater,1800.899663,6250,2500,9999
White-naped Tit,27666.80762,6250,2500,9999
Madanga,526.4097544,6250,2500,9999
Green-breasted Bushshrike,2765.067413,6250,2500,9999
Vanuatu Scrubfowl,2491.173351,6250,2500,9999
Long-bearded Melidectes,1967.060096,6250,2500,9999
Brown Mesite,14350.59997,6250,2500,9999
Ash's Lark,654.9014312,6250,2500,9999
Rufous Flycatcher,1465.001784,6250,2500,9999
Fearful Owl,5063.752577,6250,2500,9999
New Zealand Kaka,27459.81033,6250,2500,9999
Red-tailed Newtonia,32477.64692,6250,2500,9999
Andaman Boobook,2183.48712,6250,2500,9999
Cinnabar Boobook,1422.543214,6250,2500,9999
Mindoro Boobook,3804.746577,6250,2500,9999
Chestnut Wood-Quail,23354.93408,6250,2500,9999
Gorgeted Wood-Quail,1475.581919,6250,2500,9999
Bernier's Vanga,7002.271866,6250,2500,9999
Sao Tome Oriole,185.9802321,6250,2500,9999
Nicobar Scops-Owl,385.4450442,6250,2500,9999
Biak Scops-Owl,974.6218101,6250,2500,9999
Enggano Scops-Owl,154.7505157,6250,2500,9999
Giant Scops-Owl,41736.64087,6250,2500,9999
Sokoke Scops-Owl,245.0908052,6250,2500,9999
Rinjani Scops-Owl,818.9500902,6250,2500,9999
White-fronted Scops-Owl,57294.70935,6250,2500,9999
Wahnes's Parotia,1644.930257,6250,2500,9999
Ring-tailed Pigeon,2743.602575,6250,2500,9999
Sichuan Jay,55344.93479,6250,2500,9999
Red-faced Malkoha,14115.52552,6250,2500,9999
Dusky Friarbird,881.8799409,6250,2500,9999
Congo Bay-Owl,1799.932843,6250,2500,9999
Yungas Tyrannulet,5418.548859,6250,2500,9999
Bahia Tyrannulet,889.8768983,6250,2500,9999
Restinga Tyrannulet,2115.595849,6250,2500,9999
Black-capped Piprites,17412.00787,6250,2500,9999
Banded Wattle-eye,717.6039865,6250,2500,9999
Yellow-legged Weaver,7217.822008,6250,2500,9999
Giant Weaver,331.4724996,6250,2500,9999
Yellow Weaver,25895.91104,6250,2500,9999
Loango Weaver,8708.230612,6250,2500,9999
Abbott's Starling,1943.320922,6250,2500,9999
Mountain Peacock-Pheasant,4898.681481,6250,2500,9999
Dot-winged Crake,51721.53239,6250,2500,9999
Mindoro Racquet-tail,3804.254905,6250,2500,9999
Yellow-crested Helmetshrike,13024.46587,6250,2500,9999
Peruvian Martin,51789.99839,6250,2500,9999
Tui,48446.53767,6250,2500,9999
Grauer's Broadbill,7167.391916,6250,2500,9999
Carunculated Fruit-Dove,802.2588233,6250,2500,9999
Gray-green Fruit-Dove,461.3720112,6250,2500,9999
Ochre-marked Parakeet,3967.060947,6250,2500,9999
Austral Rail,44977.95293,6250,2500,9999
Madagascar Rail,57733.91228,6250,2500,9999
Visayan Rhabdornis,9370.42131,6250,2500,9999
Tablas Fantail,261.7036986,6250,2500,9999
Sumba Hornbill,4133.023168,6250,2500,9999
Cordillera Ground-Warbler,2069.862519,6250,2500,9999
Broad-tailed Grassbird,15367.35711,6250,2500,9999
Schouteden's Swift,5248.331792,6250,2500,9999
Amami Woodcock,873.9539338,6250,2500,9999
Perija Tapaculo,419.8313074,6250,2500,9999
Bahama Warbler,999.1205283,6250,2500,9999
Rusty-throated Parrotbill,12636.46699,6250,2500,9999
White-browed Nuthatch,138.3158493,6250,2500,9999
Long-tailed Wren-Babbler,4286.475841,6250,2500,9999
Tawny-breasted Wren-Babbler,3553.553257,6250,2500,9999
Mountain Serpent-Eagle,14125.13547,6250,2500,9999
Blackish-breasted Babbler,35793.6596,6250,2500,9999
Nonggang Babbler,215.5221799,6250,2500,9999
Snowy-throated Babbler,6358.895433,6250,2500,9999
White-faced Starling,3833.930656,6250,2500,9999
Swynnerton's Robin,2727.966532,6250,2500,9999
Kofiau Monarch,55.49645506,6250,2500,9999
Flores Monarch,268.8100115,6250,2500,9999
Rusty-headed Spinetail,1950.780566,6250,2500,9999
Blackish-headed Spinetail,2362.636964,6250,2500,9999
Black-backed Tanager,21800.26153,6250,2500,9999
Black-lored Parrot,526.4097544,6250,2500,9999
Prince Ruspoli's Turaco,4600.878472,6250,2500,9999
Sombre Kingfisher,6991.082678,6250,2500,9999
Rufous-lored Kingfisher,51382.37654,6250,2500,9999
Red-fronted Parrotlet,3342.328202,6250,2500,9999
Brown-backed Parrotlet,5519.900689,6250,2500,9999
Golden-tailed Parrotlet,38221.03345,6250,2500,9999
Blyth's Tragopan,18632.96224,6250,2500,9999
Andaman Green-Pigeon,2362.101659,6250,2500,9999
Flores Green-Pigeon,14520.99128,6250,2500,9999
Pemba Green-Pigeon,350.6925876,6250,2500,9999
Collared Laughingthrush,277.6727212,6250,2500,9999
Izu Thrush,303.2138331,6250,2500,9999
Forest Thrush,511.9747431,6250,2500,9999
Sumba Buttonquail,797.1719752,6250,2500,9999
Black-breasted Buttonquail,2296.736657,6250,2500,9999
Golden Masked-Owl,13566.98534,6250,2500,9999
Minahassa Masked-Owl,18170.46177,6250,2500,9999
Bismarck Honeyeater,1225.091815,6250,2500,9999
Moustached Woodcreeper,55987.02439,6250,2500,9999
White-winged Cotinga,709.1079224,6250,2500,9999
Mishana Tyrannulet,3290.965023,6250,2500,9999
Bougainville Thrush,1022.263544,6250,2500,9999
Sao Tome White-eye,154.0317285,6250,2500,9999
Tagula White-eye,314.2770894,6250,2500,9999
Ganongga White-eye,56.010108,6250,2500,9999
Gray-hooded Parrotbill,15942.5614,6250,2500,9999
Hainan Partridge,5096.362576,3050,2600,3500
Rodrigues Fody,1.868242112,4000,2600,5400
Rufous Bristlebird,10332.00366,10850,2700,19000
Scissor-tailed Hummingbird,87.88131053,3500,3000,4000
Corsican Nuthatch,895.3279965,3750,3100,4400
Neergaard's Sunbird,53666.7748,5000,3300,6700
Bolle's Pigeon,977.2514812,8150,3300,13000
Brown Eared-Pheasant,56643.29962,7150,3300,11000
Galapagos Rail,780.6053541,5000,3300,6700
Swinhoe's Pheasant,5899.150339,5000,3300,6700
Brown-breasted Parakeet,394.6241945,5000,3300,6700
White-headed Steamer-Duck,18982.12961,3550,3400,3700
Rota White-eye,3.156957258,8875,3750,14000
Variable Oystercatcher,28378.17948,4150,4000,4300
Lilac-crowned Parrot,42906.75419,5700,4700,6700
Salvadori's Pheasant,27573.67762,12500,5000,19999
Dusky Scrubfowl,23061.97001,52500,5000,100000
Junin Tapaculo,49.21972018,6500,5000,8000
Blue Lorikeet,22.63273197,6000,5000,7000
Horned Parakeet,318.9982603,5650,5300,6000
Red-and-blue Lory,393.185593,9750,5500,14000
Mascarene Swiftlet,1705.923711,10500,6000,15000
Strange-tailed Tyrant,38134.49063,10500,6000,15000
Black-billed Parrot,1001.679505,10500,6000,15000
Red-tailed Parrot,1832.827469,6350,6000,6700
Yellow-billed Parrot,2096.144017,10500,6000,15000
Tucuman Parrot,26721.29894,10500,6000,15000
South Georgia Pipit,234.8771903,7000,6000,8000
Karamoja Apalis,8936.48775,10500,6000,15000
Dapple-throat,2467.738035,10500,6000,15000
Rusty-bellied Shortwing,16111.28948,10500,6000,15000
Salvadori's Nightjar,11064.64789,10500,6000,15000
Biak Coucal,975.4881303,10500,6000,15000
Long-wattled Umbrellabird,26785.40519,10500,6000,15000
Rio Branco Antbird,6638.682037,10500,6000,15000
Rufous-winged Sunbird,1701.3404,10500,6000,15000
White-headed Robin-Chat,2395.165014,10500,6000,15000
Matinan Flycatcher,791.1687424,10500,6000,15000
West Indian Whistling-Duck,39311.77494,10500,6000,15000
Scarlet-collared Flowerpecker,3807.862444,10500,6000,15000
Timor Imperial-Pigeon,1345.283821,10500,6000,15000
Tibetan Bunting,51146.05087,10500,6000,15000
Green-faced Parrotfinch,41051.83248,10500,6000,15000
White-tailed Hummingbird,1530.252092,10500,6000,15000
Helmet Vanga,6272.477795,10500,6000,15000
Black-cheeked Ant-Tanager,397.568417,10500,6000,15000
Black Honey-buzzard,12905.102,10500,6000,15000
Martinique Oriole,434.976789,10500,6000,15000
Natewa Silktail,83.22546424,9000,6000,12000
Ryukyu Robin,314.7951944,10500,6000,15000
Timor Sparrow,9499.559605,10500,6000,15000
Nimba Flycatcher,51156.07879,10500,6000,15000
Mekong Wagtail,14630.12705,10500,6000,15000
Ashy-breasted Flycatcher,40602.25449,10500,6000,15000
Cocos Flycatcher,9.559629775,10500,6000,15000
Sumba Boobook,4133.023168,10500,6000,15000
Mantanani Scops-Owl,713.9083077,10500,6000,15000
Rennell Whistler,260.8284499,10500,6000,15000
Koepcke's Hermit,43454.62687,10500,6000,15000
Cocos Finch,9.559629775,10500,6000,15000
Bannerman's Weaver,4192.149365,10500,6000,15000
Germain's Peacock-Pheasant,14897.64608,10500,6000,15000
Gray-crowned Prinia,12753.89893,10500,6000,15000
Three-wattled Bellbird,218.4380543,10500,6000,15000
Nicobar Parakeet,428.9653738,10500,6000,15000
Harwood's Francolin,10201.4086,10500,6000,15000
Crested Argus,20973.53173,10500,6000,15000
Iringa Akalat,2587.496889,10500,6000,15000
Yellow-faced Siskin,556.2759703,10500,6000,15000
Marañon Spinetail,1564.8685,10500,6000,15000
Mikado Pheasant,5314.746946,10500,6000,15000
Caucasian Snowcock,9032.024044,19000,6000,32000
Satyr Tragopan,38292.13916,10500,6000,15000
Somali Thrush,4671.89509,10500,6000,15000
Everett's Thrush,1360.398021,10500,6000,15000
Bioko Speirops,24.40808309,10500,6000,15000
Cameroon Speirops,57.33621839,10500,6000,15000
White-fronted Tern,32446.06779,15620,6120,25120
Black-crowned Barwing,4037.37701,10000,6600,13400
Salmon-crested Cockatoo,7025.206531,36800,6600,67000
Iris Lorikeet,12053.55072,6650,6600,6700
Western Chat-Tanager,2437.925238,10000,6700,13300
Sangihe Hanging-Parrot,214.8769445,18850,6700,31000
Melanesian Scrubfowl,32594.57416,338350,6700,670000
Black-breasted Wood-Quail,3661.010118,19850,6700,33000
Black-eared Wood-Quail,49433.31921,19850,6700,33000
Andaman Crake,2023.329779,11850,6700,17000
Mallee Emuwren,7741.521544,21500,7500,35500
Gray-striped Francolin,32859.14005,21250,7500,35000
Short-legged Ground-Roller,15085.10345,13700,7800,19600
Maleo,56485.46484,11000,8000,14000
Scottish Crossbill,5302.708484,15500,8200,22800
Black-faced Sheathbill,3173.394881,10850,8700,13000
Sri Lanka Blue-Magpie,2056.323879,14250,9000,19500
Giant White-eye,159.5732467,9250,9200,9300
Long-tailed Ground-Roller,4024.895314,21087,9487,32687
Olrog's Gull,19395.30662,12700,9800,15600
Sierra Nevada Brushfinch,3158.181389,15000,10000,19999
North Island Brown Kiwi,14551.9849,15000,10000,19999
Sao Francisco Sparrow,20498.2717,15000,10000,19999
Papyrus Yellow-Warbler,26953.56396,15000,10000,19999
Eastern Chat-Tanager,2816.348254,13350,10000,16700
Violaceous Coucal,14948.83414,15000,10000,19999
Rio de Janeiro Antbird,49875.87387,15000,10000,19999
Bananal Antbird,12288.83986,15000,10000,19999
Makira Dwarf-Kingfisher,1286.406271,20000,10000,30000
Philippine Dwarf-Kingfisher,49185.46452,15000,10000,19999
Brown-headed Crow,7121.823925,15000,10000,19999
Tagula Butcherbird,314.2682526,15000,10000,19999
Tufted Jay,5185.852466,15000,10000,19999
Yellow-crowned Parakeet,25255.06684,20000,10000,30000
Flame-crowned Flowerpecker,12422.59116,15000,10000,19999
Finsch's Imperial-Pigeon,14953.71236,15000,10000,19999
Whiskered Pitta,13730.44946,15000,10000,19999
Red-headed Fody,396.1596388,15000,10000,19999
Seram Thrush,7216.802982,15000,10000,19999
Enggano Thrush,154.4585186,15000,10000,19999
Chestnut-backed Owlet,18022.28277,15000,10000,19999
Victoria Crowned-Pigeon,44992.41473,15000,10000,19999
Gurney's Pitta,697.1860943,13600,10000,17200
Sumichrast's Wren,2529.667004,15000,10000,19999
Black Rosy-Finch,52815.21438,15000,10000,19999
Marsh Grassbird,21262.14402,12500,10000,15000
Green-fronted Hanging-Parrot,11807.55538,15000,10000,19999
Anianiau,122.8606077,15000,10000,19999
White-fronted Falconet,23351.05561,15000,10000,19999
Unicolored Antwren,26684.02314,15000,10000,19999
Rotuma Myzomela,16.37022845,15000,10000,19999
Yellow-bellied Sunbird-Asity,5042.280089,15000,10000,19999
Ochre-bellied Boobook,36339.03313,15000,10000,19999
New Britain Boobook,12804.03005,15000,10000,19999
Least Boobook,1132.497097,15000,10000,19999
Palawan Scops-Owl,3323.161763,15000,10000,19999
Mentawai Scops-Owl,2362.883039,15000,10000,19999
Mindoro Scops-Owl,370.3642766,15000,10000,19999
Marsh Babbler,24207.11554,15000,10000,19999
Superb Parrot,31343.03944,15000,10000,19999
Mariana Fruit-Dove,128.7252323,15000,10000,19999
Falcated Wren-Babbler,1145.066341,15000,10000,19999
Styan's Bulbul,2808.602083,15000,10000,19999
Ridgway's Rail,22140.15764,15000,10000,19999
Pied Cuckoo-Dove,17420.07148,15000,10000,19999
Moluccan Woodcock,111.7164056,15000,10000,19999
Gabela Akalat,369.890057,15000,10000,19999
East Coast Akalat,22425.27866,15000,10000,19999
Bahia Spinetail,3667.424585,15000,10000,19999
Scripps's Murrelet,52483.17209,15000,10000,19999
Pohnpei Kingfisher,136.7015281,15000,10000,19999
Buru Green-Pigeon,3302.821283,15000,10000,19999
Taiwan Thrush,5147.753758,15000,10000,19999
Stresemann's Bush-Crow,1776.380483,15000,10000,19999
Taveuni Silktail,170.7468562,15000,11000,19000
Dalmatian Pelican,30926.1343,12400,11400,13400
Elegant Sunbird,214.8769445,21000,13000,29000
Oahu Amakihi,147.3984053,26500,13000,40000
Turner's Eremomela,1021.030547,23500,13000,34000
Balsas Screech-Owl,35032.89839,23000,13300,32700
Fuerteventura Stonechat,486.6074557,14450,13400,15500
Cuban Parrot,12059.12215,18300,13600,23000
Reunion Bulbul,981.1335126,31850,13700,50000
Plain Swift,3198.280374,27500,15000,40000
Choco Vireo,1220.7832,15600,15423,15777
Oaxaca Sparrow,11570.73714,35000,20000,49999
Taiwan Partridge,8791.081754,35000,20000,49999
Buru Thrush,3302.838471,35000,20000,49999
Buru Mountain-Pigeon,2438.940098,35000,20000,49999
Maui Alauahio,98.50363388,35000,20000,49999
Salvadori's Fig-Parrot,19565.50755,35000,20000,49999
Balearic Warbler,1660.433523,35000,20000,49999
Marmora's Warbler,12842.51737,35000,20000,49999
Sao Tome Thrush,330.7912981,35000,20000,49999
Pileated Flycatcher,43539.12233,35000,20000,49999
Subantarctic Snipe,264.1661205,35000,20000,49999
Sao Tome Green-Pigeon,330.7912981,48755,24670,72840
Saltmarsh Sparrow,18194.85348,49250,29500,69000
Eaton's Pintail,2898.079544,36300,31200,41400
Corsican Finch,7890.099485,38500,36000,41000
Canary Islands Chiffchaff,1908.533022,120000,40000,200000
White-breasted Guineafowl,26545.7026,75000,50000,99999
Golden White-eye,51.92064692,75000,50000,99999
Berthelot's Pipit,3198.240123,180000,60000,300000
Wetar Figbird,1018.64349,80000,60000,100000
Subdesert Mesite,4757.452435,87500,65000,110000
Armenian Gull,9198.611677,72000,69000,75000
Weka,14783.37281,94500,71000,118000
Chinese Sparrowhawk,46854.12809,300000,100000,499999
Madeira Firecrest,290.7721156,150000,100000,199999
Cyprus Warbler,3070.505121,210000,140000,279999
Protea Canary,32752.74937,425000,250000,600000
Rough-legged Hawk,1023.303374,650000,300000,1000000
Rock Pipit,54443.43705,445500,329000,562000
Red-necked Nightjar,7775.307089,690000,575000,805000
Ring Ouzel,24891.48645,900000,600000,1199999
Reunion Gray White-eye,981.1335126,750000,1000000,499999
Citrine Wagtail,16510.76676,3500000,2000000,4999999
Island Canary,4062.58232,4025000,3000000,5050000
Brambling,50637.27494,160000000,120000000,199999999
Emerald-chinned Hummingbird,55834.13008,X,X,X
Rifleman,58881.79328,X,X,X
Gray Thornbill,48073.31663,X,X,X
Tasmanian Thornbill,26274.32786,X,X,X
Mountain Thornbill,22469.53294,X,X,X
Western Thornbill,53052.57152,X,X,X
Papuan Thornbill,32101.26943,X,X,X
Scrubtit,17387.07696,X,X,X
Sulawesi Goshawk,54287.61991,X,X,X
Japanese Sparrowhawk,202.9286083,X,X,X
Small Sparrowhawk,42655.21323,X,X,X
Spot-tailed Goshawk,46424.27022,X,X,X
Pale-bellied Myna,7747.445625,X,X,X
Tuamotu Reed Warbler,235.9680125,X,X,X
Blunt-winged Warbler,21598.09388,X,X,X
Cook Islands Reed Warbler,26.81368705,X,X,X
Southern Marquesan Reed Warbler,229.1377774,X,X,X
Northern Marquesan Reed Warbler,184.7146488,X,X,X
Caroline Reed Warbler,217.0593475,X,X,X
Ocellated Tapaculo,43595.36761,X,X,X
Spotted Kingfisher,41166.35182,X,X,X
Green-backed Kingfisher,27895.69963,X,X,X
Scaly-breasted Kingfisher,38988.58683,X,X,X
Spectacled Barwing,22438.63712,X,X,X
Spotted Sandpiper,36721.56852,X,X,X
Black-browed Tit,26332.48619,X,X,X
Unspotted Saw-whet Owl,16985.6169,X,X,X
Vogelkop Owlet-nightjar,442.7379856,X,X,X
Mountain Owlet-nightjar,36752.16064,X,X,X
Archbold's Owlet-nightjar,17368.30875,X,X,X
Moluccan Owlet-nightjar,7900.895175,X,X,X
Starry Owlet-nightjar,1414.713078,X,X,X
Polynesian Swiftlet,420.8890617,X,X,X
Mayr's Swiftlet,1693.399417,X,X,X
Palau Swiftlet,175.4629795,X,X,X
White-rumped Swiftlet,52689.63687,X,X,X
Australian Swiftlet,33076.08525,X,X,X
Volcano Swiftlet,3085.152034,X,X,X
Whitehead's Swiftlet,4518.86218,X,X,X
Least Auklet,12465.69159,X,X,X
Whiskered Auklet,49596.4224,X,X,X
Apo Sunbird,2883.90568,X,X,X
Fork-tailed Sunbird,13049.5433,X,X,X
White-flanked Sunbird,2633.567006,X,X,X
Flaming Sunbird,39975.26862,X,X,X
Maroon-naped Sunbird,9629.406875,X,X,X
Lina's Sunbird,783.929911,X,X,X
Magnificent Sunbird,11916.209,X,X,X
Javan Sunbird,48390.39861,X,X,X
Gray-hooded Sunbird,4649.035512,X,X,X
Lovely Sunbird,5078.149576,X,X,X
Fischer's Lovebird,51694.50704,X,X,X
Red-shouldered Blackbird,1574.197962,X,X,X
Tawny-shouldered Blackbird,42700.96038,X,X,X
Tricolored Blackbird,41841.72916,X,X,X
Pale-eyed Blackbird,3741.518988,X,X,X
Black-hooded Sunbeam,6393.208511,X,X,X
Violet-tailed Sylph,10834.01063,X,X,X
Mountain Fulvetta,57191.16096,X,X,X
Javan Fulvetta,9594.28248,X,X,X
Rufous-naped Bellbird,58179.4117,X,X,X
Seychelles Blue-Pigeon,94.02963827,X,X,X
Comoro Blue-Pigeon,855.9850404,X,X,X
Moluccan King-Parrot,57521.1327,X,X,X
Dovekie,26760.71573,X,X,X
Scaly-breasted Thrasher,2045.440481,X,X,X
White-throated Ground-Dove,436.362731,X,X,X
Gray-cheeked Bulbul,33648.2312,X,X,X
Gray-throated Bulbul,5262.093173,X,X,X
Greater Ground-Robin,5899.994398,X,X,X
Isabelline Bush-hen,21465.29428,X,X,X
Indigo-capped Hummingbird,21168.17236,X,X,X
Blue-tailed Hummingbird,29092.83524,X,X,X
Charming Hummingbird,5074.994444,X,X,X
Snowy-bellied Hummingbird,16450.27865,X,X,X
Purple-chested Hummingbird,25972.65608,X,X,X
Green-and-white Hummingbird,11149.85573,X,X,X
Green-fronted Hummingbird,29370.9742,X,X,X
Green-bellied Hummingbird,16577.44463,X,X,X
Yellow-naped Parrot,49786.45699,X,X,X
Red-spectacled Parrot,3207.003864,X,X,X
Yellow-lored Parrot,50733.7236,X,X,X
Vogelkop Bowerbird,6230.299577,X,X,X
MacGregor's Bowerbird,53884.98904,X,X,X
Streaked Bowerbird,7135.536001,X,X,X
Gray-bellied Antbird,22738.47133,X,X,X
Chestnut-crested Cotinga,30793.12845,X,X,X
Five-striped Sparrow,58539.4657,X,X,X
Kalkadoon Grasswren,22512.67182,X,X,X
Gray Grasswren,21600.96889,X,X,X
Black Grasswren,12718.77871,X,X,X
Western Grasswren,41924.2222,X,X,X
Principe Sunbird,56.62299926,X,X,X
Newton's Sunbird,331.4724996,X,X,X
Juan Fernandez Tit-Tyrant,36.00693799,X,X,X
Black-crested Tit-Tyrant,18794.62287,X,X,X
Pied-crested Tit-Tyrant,40043.44948,X,X,X
Hooded Mountain-Toucan,18808.22111,X,X,X
Plate-billed Mountain-Toucan,5540.301087,X,X,X
Black-billed Mountain-Toucan,42483.39564,X,X,X
Tooth-billed Hummingbird,43704.64695,X,X,X
Papuan Whipbird,20623.93335,X,X,X
Scarlet-bellied Mountain-Tanager,37343.40302,X,X,X
Black-cheeked Mountain-Tanager,3052.852883,X,X,X
Black-chinned Mountain-Tanager,7185.568478,X,X,X
Orange-breasted Sunbird,35490.78768,X,X,X
Yellow Wattlebird,18071.44595,X,X,X
Antillean Mango,29055.14382,X,X,X
Jamaican Mango,4255.517775,X,X,X
Veraguan Mango,11754.25267,X,X,X
Green Mango,3387.80726,X,X,X
Alpine Pipit,13343.59327,X,X,X
Malindi Pipit,41846.93917,X,X,X
Peruvian Pipit,34017.70792,X,X,X
Sandhill Crane,37783.52003,X,X,X
Greater Antillean Nightjar,42175.49846,X,X,X
Tawny-collared Nightjar,44670.39869,X,X,X
Snow Mountain Quail,3853.270263,X,X,X
Kungwe Apalis,15898.32323,X,X,X
Bamenda Apalis,2502.298015,X,X,X
Masked Apalis,55900.76131,X,X,X
Chapin's Apalis,22324.62734,X,X,X
Black-faced Apalis,40769.06931,X,X,X
Chestnut-throated Apalis,56964.04272,X,X,X
Transvolcanic Jay,33937.50507,X,X,X
Unicolored Jay,57569.01622,X,X,X
Samoan Starling,1190.259639,X,X,X
Tanimbar Starling,1330.299587,X,X,X
Makira Starling,1286.462386,X,X,X
Atoll Starling,37.39008874,X,X,X
Brown-winged Starling,12023.34151,X,X,X
Rennell Starling,208.1230347,X,X,X
Long-tailed Starling,1105.503201,X,X,X
Moluccan Starling,24865.93145,X,X,X
Yellow-eyed Starling,31985.91309,X,X,X
Micronesian Starling,779.530738,X,X,X
Striated Starling,6927.280979,X,X,X
Polynesian Starling,9017.739916,X,X,X
Rusty-winged Starling,3498.235393,X,X,X
Yapacana Antbird,16455.0014,X,X,X
Alexander's Swift,1020.393573,X,X,X
Forbes-Watson's Swift,28239.91339,X,X,X
Pale Spiderhunter,4688.62675,X,X,X
Orange-tufted Spiderhunter,46619.90539,X,X,X
Whitehead's Spiderhunter,11398.65858,X,X,X
Sulphur-breasted Parakeet,7708.414523,X,X,X
Chestnut-headed Partridge,6922.092378,X,X,X
Malaysian Partridge,6595.554904,X,X,X
Chestnut-bellied Partridge,14271.03893,X,X,X
Gray-breasted Partridge,4134.305507,X,X,X
Roll's Partridge,15348.48858,X,X,X
Red-billed Partridge,26823.70574,X,X,X
Sumatran Partridge,15392.69265,X,X,X
Archbold's Bowerbird,24945.75726,X,X,X
Ruddy Turnstone,10994.81215,X,X,X
Stripe-cheeked Greenbul,16360.65428,X,X,X
Cameroon Mountain Greenbul,23678.48081,X,X,X
Western Mountain-Greenbul,22969.08873,X,X,X
Black-capped Sparrow,20199.52356,X,X,X
Black-headed Brushfinch,28259.6384,X,X,X
Olive Finch,47394.36924,X,X,X
Costa Rican Brushfinch,1437.570204,X,X,X
Perija Brushfinch,2645.135122,X,X,X
Caracas Brushfinch,3980.663701,X,X,X
Paria Brushfinch,3173.421214,X,X,X
White-browed Brushfinch,43639.92606,X,X,X
Green-striped Brushfinch,30805.53122,X,X,X
Tocuyo Sparrow,28109.12489,X,X,X
Pied Monarch,10722.29079,X,X,X
Frill-necked Monarch,17269.07098,X,X,X
Bismarck Woodswallow,14611.23799,X,X,X
Fiji Woodswallow,6664.224831,X,X,X
Sagebrush Sparrow,39147.75577,X,X,X
African Tailorbird,26437.31732,X,X,X
Gibber Chat,39992.78457,X,X,X
Abyssinian Owl,59457.88774,X,X,X
Blue-throated Motmot,38254.44984,X,X,X
Ayacucho Thistletail,3913.864504,X,X,X
Berlepsch's Canastero,812.326318,X,X,X
Ochre-browed Thistletail,3478.852224,X,X,X
Many-striped Canastero,47469.25594,X,X,X
White-chinned Thistletail,37136.1033,X,X,X
Mouse-colored Thistletail,7302.276145,X,X,X
Black-throated Thistletail,9208.146682,X,X,X
Puna Thistletail,16745.14806,X,X,X
Streak-throated Canastero,56375.49136,X,X,X
Cipo Canastero,5746.861156,X,X,X
Scribble-tailed Canastero,18917.84941,X,X,X
Itatiaia Spinetail,15275.23181,X,X,X
Rusty-fronted Canastero,18599.45047,X,X,X
Eye-ringed Thistletail,4438.777414,X,X,X
Canyon Canastero,34442.1112,X,X,X
Vilcabamba Thistletail,5076.582591,X,X,X
Junin Canastero,18032.18019,X,X,X
Ribbon-tailed Astrapia,2876.88432,X,X,X
Arfak Astrapia,1436.754899,X,X,X
Huon Astrapia,2576.561898,X,X,X
Splendid Astrapia,16466.78729,X,X,X
Stephanie's Astrapia,21463.25033,X,X,X
Rufous-headed Ground-Roller,8655.809901,X,X,X
Pitta-like Ground-Roller,17725.02725,X,X,X
White-headed Brushfinch,10154.80581,X,X,X
Moustached Brushfinch,11989.39993,X,X,X
Cuzco Brushfinch,13601.46402,X,X,X
Yellow-striped Brushfinch,5196.945684,X,X,X
Apurimac Brushfinch,7025.449834,X,X,X
Fulvous-headed Brushfinch,29967.92295,X,X,X
Dusky-headed Brushfinch,1711.395337,X,X,X
White-rimmed Brushfinch,4710.541691,X,X,X
White-winged Brushfinch,25167.50364,X,X,X
Santa Marta Brushfinch,1557.070107,X,X,X
Black-faced Brushfinch,23879.88236,X,X,X
Rusty-bellied Brushfinch,12766.42677,X,X,X
Pale-naped Brushfinch,37828.11152,X,X,X
Tepui Brushfinch,38479.94791,X,X,X
Rufous-eared Brushfinch,8232.321146,X,X,X
Slaty Brushfinch,55498.01569,X,X,X
Bay-crowned Brushfinch,18287.62597,X,X,X
Ochre-breasted Brushfinch,26174.34898,X,X,X
Vilcabamba Brushfinch,1893.082034,X,X,X
Tricolored Brushfinch,16387.04443,X,X,X
Rufous Scrub-bird,6683.498448,X,X,X
Wine-throated Hummingbird,36673.8163,X,X,X
Black-capped Swallow,29063.72048,X,X,X
Hooded Visorbearer,6773.960547,X,X,X
Hyacinth Visorbearer,11063.04381,X,X,X
Blue-banded Toucanet,39830.83378,X,X,X
Groove-billed Toucanet,11668.28604,X,X,X
Taiwan Bamboo-Partridge,12094.99511,X,X,X
Moss-backed Tanager,7347.820825,X,X,X
Golden-chested Tanager,7728.032289,X,X,X
Three-banded Warbler,11311.57686,X,X,X
Long-crested Myna,5969.85993,X,X,X
Helmeted Myna,2798.829379,X,X,X
Black-capped Rufous-Warbler,32497.30381,X,X,X
Dark Batis,16009.10676,X,X,X
Rwenzori Batis,26426.18255,X,X,X
Boulton's Batis,40098.59556,X,X,X
Verreaux's Batis,53479.18121,X,X,X
Short-tailed Batis,22194.93116,X,X,X
Bioko Batis,600.166317,X,X,X
Dulit Frogmouth,10618.02215,X,X,X
Hodgson's Frogmouth,46107.16763,X,X,X
Sri Lanka Frogmouth,42252.44382,X,X,X
Short-tailed Frogmouth,36066.70043,X,X,X
Buff-tailed Coronet,49695.05126,X,X,X
Velvet-purple Coronet,11964.51867,X,X,X
Chestnut-breasted Coronet,49206.74944,X,X,X
Bridled Honeyeater,22457.38943,X,X,X
Eungella Honeyeater,2362.755846,X,X,X
Pale-headed Jacamar,51675.78158,X,X,X
Gray-headed Bulbul,38374.07829,X,X,X
White-browed Shortwing,39790.6963,X,X,X
Bamboo Warbler,35310.13328,X,X,X
Bangwa Warbler,2675.811098,X,X,X
Brown Emutail,20223.88402,X,X,X
White-winged Swamp Warbler,44835.57767,X,X,X
Grauer's Swamp Warbler,5933.241769,X,X,X
Gray-cheeked Parakeet,4807.507912,X,X,X
Bufflehead,29899.29111,X,X,X
Rufous Hornbill,30294.48584,X,X,X
Buff-banded Bushbird,9956.787188,X,X,X
Peruvian Thick-knee,30773.71746,X,X,X
Rufous Crab Hawk,51185.37396,X,X,X
White Cockatoo,8077.410099,X,X,X
Ducorps's Cockatoo,12723.01743,X,X,X
Tanimbar Corella,1587.592928,X,X,X
Western Corella,44433.48435,X,X,X
Mountain Cacique,35166.42311,X,X,X
Scarlet-rumped Cacique,53154.67306,X,X,X
Moluccan Cuckoo,19026.71226,X,X,X
Dune Lark,27306.80998,X,X,X
Dunlin,19578.06046,X,X,X
Purple Sandpiper,31969.74383,X,X,X
Rock Sandpiper,12395.0296,X,X,X
Black-throated Honeyeater,51223.99582,X,X,X
Elegant Quail,45903.26804,X,X,X
Magenta-throated Woodstar,3546.438384,X,X,X
Purple-throated Woodstar,23089.27439,X,X,X
Vermilion Tanager,38282.18371,X,X,X
Beautiful Hummingbird,20408.17699,X,X,X
Whitehead's Broadbill,36874.65801,X,X,X
Guayaquil Woodpecker,48305.49787,X,X,X
Mombasa Woodpecker,22269.35384,X,X,X
Tullberg's Woodpecker,24211.38919,X,X,X
Buff-breasted Sabrewing,39682.18396,X,X,X
Lazuline Sabrewing,34043.63818,X,X,X
Rufous-breasted Sabrewing,15782.02802,X,X,X
Rufous Sabrewing,12054.05117,X,X,X
Napo Sabrewing,14094.43458,X,X,X
White-headed Wren,37184.6727,X,X,X
Giant Wren,2402.109758,X,X,X
Fasciated Wren,47034.70509,X,X,X
Boucard's Wren,34673.84879,X,X,X
Gray-barred Wren,30945.4878,X,X,X
Rufous-naped Wren,2362.37372,X,X,X
Yucatan Wren,3747.769324,X,X,X
Gray Wren,35048.38827,X,X,X
Stripe-throated Wren,54093.53938,X,X,X
Riverside Wren,4969.72918,X,X,X
Superciliated Wren,37391.2178,X,X,X
Stripe-breasted Wren,34865.87066,X,X,X
Canebrake Wren,11563.8509,X,X,X
Brown-chested Barbet,40865.76991,X,X,X
Andaman Nightjar,2600.707566,X,X,X
Sulawesi Nightjar,10068.91747,X,X,X
Mees's Nightjar,11388.4107,X,X,X
Nechisar Nightjar,77.23526127,X,X,X
Star-spotted Nightjar,47748.74982,X,X,X
Red-faced Warbler,21796.36041,X,X,X
Vermilion Cardinal,26904.08961,X,X,X
White-rumped Kingfisher,12917.07392,X,X,X
Taiwan Rosefinch,2912.437799,X,X,X
Sillem's Rosefinch,8983.913129,X,X,X
Snowy Cotinga,39774.38747,X,X,X
Loetoe Monarch,1465.068797,X,X,X
White-naped Monarch,8055.610782,X,X,X
Bay-chested Warbling-Finch,29944.26461,X,X,X
Sulawesi Thrush,8962.466623,X,X,X
Black-headed Nightingale-Thrush,55320.23551,X,X,X
Greater Striped Swallow,5522.524242,X,X,X
Sri Lanka Swallow,25419.84646,X,X,X
Andaman Coucal,2614.606241,X,X,X
Pied Coucal,15824.31747,X,X,X
Bay Coucal,52106.36416,X,X,X
Goliath Coucal,9809.647601,X,X,X
Black-faced Coucal,40967.56943,X,X,X
Buff-headed Coucal,4257.341318,X,X,X
Rufous Coucal,31059.0572,X,X,X
Parker's Antbird,23424.83066,X,X,X
Sikkim Treecreeper,43293.87625,X,X,X
Hume's Treecreeper,46841.66893,X,X,X
Rusty-flanked Treecreeper,34358.43059,X,X,X
Green Warbler-Finch,2701.866013,X,X,X
Short-clawed Lark,49224.55581,X,X,X
Cape Lark,24502.50365,X,X,X
Buru Dwarf-Kingfisher,3302.821229,X,X,X
New Georgia Dwarf-Kingfisher,1925.895941,X,X,X
Manus Dwarf-Kingfisher,725.294741,X,X,X
Seram Dwarf-Kingfisher,16927.46957,X,X,X
Dimorphic Dwarf-Kingfisher,44837.17304,X,X,X
North Solomons Dwarf-Kingfisher,6611.762181,X,X,X
New Ireland Dwarf-Kingfisher,3391.283339,X,X,X
Guadalcanal Dwarf-Kingfisher,3780.944127,X,X,X
New Britain Dwarf-Kingfisher,14009.76942,X,X,X
Santa Marta Woodstar,2511.604792,X,X,X
Gorgeted Woodstar,43711.89718,X,X,X
Rufous-shafted Woodstar,17934.46599,X,X,X
Drakensberg Rockjumper,39970.56261,X,X,X
Cape Rockjumper,25696.14605,X,X,X
Costa Rican Swift,5046.943433,X,X,X
Lesser Antillean Swift,1676.547652,X,X,X
Socotra Sunbird,1398.611304,X,X,X
Black Lory,29889.66399,X,X,X
Cardinal Lory,13647.34537,X,X,X
Brown Lory,24535.27831,X,X,X
Rainbow-bearded Thornbill,29326.96514,X,X,X
Bronze-tailed Thornbill,11213.23562,X,X,X
Olivaceous Thornbill,25180.97539,X,X,X
Rufous-capped Thornbill,47684.7077,X,X,X
Blue-mantled Thornbill,46502.03493,X,X,X
Black Guan,6012.587945,X,X,X
Red-throated Alethe,29380.14193,X,X,X
Such's Antthrush,39909.43023,X,X,X
Barred Antthrush,39910.70848,X,X,X
Schwartz's Antthrush,5668.990973,X,X,X
Common Ringed Plover,17113.20071,X,X,X
Rufous-chested Dotterel,30099.7243,X,X,X
Duchess Lorikeet,10454.82481,X,X,X
Meek's Lorikeet,2512.694825,X,X,X
Striated Lorikeet,31833.27332,X,X,X
Papuan Lorikeet,3687.511482,X,X,X
Kauai Elepaio,160.7900225,X,X,X
Yungas Manakin,30500.98205,X,X,X
Long-tailed Manakin,39277.51425,X,X,X
Fawn-breasted Bowerbird,58989.30896,X,X,X
Yellow-breasted Bowerbird,48032.08293,X,X,X
Fruit-hunter,24457.64715,X,X,X
Upland Goose,4646.878034,X,X,X
Ruddy-headed Goose,4462.701809,X,X,X
Vietnamese Greenfinch,2856.866961,X,X,X
Glistening-green Tanager,12980.52617,X,X,X
Joyful Greenbul,52900.80997,X,X,X
Kauai Amakihi,90.66923119,X,X,X
Hawaii Amakihi,2411.689891,X,X,X
Yellow-collared Chlorophonia,8242.557671,X,X,X
Chestnut-breasted Chlorophonia,47920.76955,X,X,X
Jet Manakin,22089.71967,X,X,X
Blue-winged Leafbird,30383.86141,X,X,X
Bornean Leafbird,22067.92492,X,X,X
Sumatran Leafbird,20750.87842,X,X,X
Yellow-throated Leafbird,5206.577468,X,X,X
Blue-masked Leafbird,46336.93972,X,X,X
Pirre Chlorospingus,583.2432826,X,X,X
Short-billed Chlorospingus,51845.20302,X,X,X
Dusky Chlorospingus,10102.09205,X,X,X
Tacarcuna Chlorospingus,578.8028946,X,X,X
Cozumel Emerald,188.5333999,X,X,X
Puerto Rican Emerald,3387.80726,X,X,X
Chiribiquete Emerald,2520.95051,X,X,X
Short-tailed Emerald,59221.1049,X,X,X
Coppery Emerald,10720.45653,X,X,X
Narrow-tailed Emerald,31514.21388,X,X,X
Hispaniolan Emerald,28616.68199,X,X,X
Brown Parrotbill,58069.08062,X,X,X
Luzon Flameback,41802.71127,X,X,X
Buff-spotted Flameback,46256.04368,X,X,X
Mountain Serin,15404.91904,X,X,X
Checker-throated Woodpecker,15607.13418,X,X,X
Scarlet-and-white Tanager,29081.56261,X,X,X
Pale-browed Treehunter,57269.69464,X,X,X
Magnificent Bird-of-Paradise,45172.74163,X,X,X
Wilson's Bird-of-Paradise,1531.654799,X,X,X
Gray Trembler,678.2747747,X,X,X
Brown Trembler,1272.225269,X,X,X
Chestnut-winged Cinclodes,38768.10598,X,X,X
Blackish Cinclodes,4990.94754,X,X,X
Stout-billed Cinclodes,14661.46487,X,X,X
Seaside Cinclodes,28835.9885,X,X,X
Olrog's Cinclodes,5699.559547,X,X,X
Long-tailed Cinclodes,8220.995176,X,X,X
Surf Cinclodes,9309.529229,X,X,X
Painted Quail-thrush,30346.17745,X,X,X
Nullarbor Quail-thrush,25406.38253,X,X,X
Fulvous Wren,41748.73711,X,X,X
Sharpe's Wren,36759.62592,X,X,X
Peruvian Wren,29273.79912,X,X,X
Rufous Wren,59387.6549,X,X,X
Apricot-breasted Sunbird,4132.206257,X,X,X
Violet-breasted Sunbird,24635.93255,X,X,X
Anjouan Sunbird,138.0488562,X,X,X
Congo Sunbird,50387.97466,X,X,X
Mayotte Sunbird,143.2324349,X,X,X
Seychelles Sunbird,94.43586663,X,X,X
Humblot's Sunbird,479.1002226,X,X,X
Loveridge's Sunbird,100.1819319,X,X,X
Montane Double-collared Sunbird,33062.56204,X,X,X
Pemba Sunbird,374.6781304,X,X,X
Prigogine's Sunbird,404.1264899,X,X,X
Regal Sunbird,29575.98062,X,X,X
Flame-breasted Sunbird,25844.63382,X,X,X
Tsavo Sunbird,44280.34394,X,X,X
Pied Harrier,15248.83144,X,X,X
Bornean Green-Magpie,30293.18914,X,X,X
Aberdare Cisticola,491.3050749,X,X,X
Hunter's Cisticola,51363.7546,X,X,X
Black-lored Cisticola,27766.17541,X,X,X
Churring Cisticola,12845.25849,X,X,X
Tana River Cisticola,1301.446427,X,X,X
Merida Wren,1560.506203,X,X,X
Banded Stilt,37182.59465,X,X,X
Santa Marta Foliage-gleaner,890.905751,X,X,X
Orange-crowned Fairywren,53829.71442,X,X,X
Rennell Shrikebill,260.8090071,X,X,X
Southern Shrikebill,10560.94886,X,X,X
Fiji Shrikebill,7186.712739,X,X,X
Black-chested Mountain-Tanager,23204.18786,X,X,X
Crested Satinbird,2656.721681,X,X,X
Yellow-billed Cuckoo,477.044631,X,X,X
Chestnut-bellied Cuckoo,4255.517775,X,X,X
Jamaican Lizard-Cuckoo,4255.517775,X,X,X
Puerto Rican Lizard-Cuckoo,3387.80726,X,X,X
Golden-bellied Starfrontlet,6216.689437,X,X,X
Blue-throated Starfrontlet,16259.68272,X,X,X
Rainbow Starfrontlet,31163.54911,X,X,X
Buff-winged Starfrontlet,24455.35378,X,X,X
White-tailed Starfrontlet,1826.0265,X,X,X
Brown Inca,13188.78888,X,X,X
Black-necked Woodpecker,59770.30031,X,X,X
White-naped Pigeon,30797.68193,X,X,X
White-collared Pigeon,53126.86491,X,X,X
Japanese Wood-Pigeon,2377.840502,X,X,X
Somali Pigeon,9485.836682,X,X,X
Ecuadorian Ground-Dove,31925.73019,X,X,X
Black-faced Cotinga,56434.35214,X,X,X
White-browed Conebill,56939.89622,X,X,X
Pearly-breasted Conebill,29972.9884,X,X,X
Rufous-browed Conebill,15215.08044,X,X,X
Slaty Gnateater,38739.14564,X,X,X
Ceara Gnateater,22618.80072,X,X,X
Black-and-white Tanager,18440.78026,X,X,X
White-throated Pewee,44229.1437,X,X,X
Cuban Pewee,46195.32568,X,X,X
Hispaniolan Pewee,28880.17409,X,X,X
Lesser Antillean Pewee,4914.114175,X,X,X
Dark Pewee,3166.056028,X,X,X
Ochraceous Pewee,1214.12276,X,X,X
Jamaican Pewee,4255.517775,X,X,X
Purple-winged Roller,56675.87082,X,X,X
Moluccan Cuckooshrike,15090.52448,X,X,X
Pied Cuckooshrike,55053.74882,X,X,X
South Melanesian Cuckooshrike,9777.530781,X,X,X
Buru Cuckooshrike,3302.829886,X,X,X
White-rumped Cuckooshrike,59529.34559,X,X,X
Hooded Cuckooshrike,52227.73253,X,X,X
Wallacean Cuckooshrike,32663.91278,X,X,X
Slaty Cuckooshrike,2815.90773,X,X,X
Cerulean Cuckooshrike,56278.06589,X,X,X
North Melanesian Cuckooshrike,9093.68114,X,X,X
Maroon-backed Whistler,4439.576843,X,X,X
Papuan Treecreeper,50869.5748,X,X,X
Tamaulipas Crow,38580.85948,X,X,X
Bismarck Crow,17345.39581,X,X,X
Jamaican Crow,4255.517775,X,X,X
Bougainville Crow,3741.268193,X,X,X
New Caledonian Crow,6328.028791,X,X,X
Cuban Crow,10976.71989,X,X,X
Palm Crow,12449.94774,X,X,X
Sinaloa Crow,36718.66339,X,X,X
Piping Crow,40297.65328,X,X,X
Long-billed Crow,9546.324245,X,X,X
White-bellied Robin-Chat,38906.95071,X,X,X
Japanese Quail,11218.00288,X,X,X
Coquerel's Coua,54192.63898,X,X,X
Running Coua,19781.94904,X,X,X
Giant Coua,57666.48222,X,X,X
Red-capped Coua,37682.09613,X,X,X
Red-breasted Coua,24220.27029,X,X,X
Verreaux's Coua,7838.038358,X,X,X
Creamy-crested Spinetail,7196.233593,X,X,X
Light-crowned Spinetail,16318.85825,X,X,X
Line-cheeked Spinetail,41265.497,X,X,X
Tepui Spinetail,29815.61114,X,X,X
Coiba Spinetail,193.2397412,X,X,X
Red-faced Spinetail,29525.04653,X,X,X
Streak-capped Spinetail,2615.981701,X,X,X
Marcapata Spinetail,5928.094898,X,X,X
Scaled Spinetail,28533.91545,X,X,X
Bicolored Mouse-Warbler,40613.52533,X,X,X
Swallow-tailed Gull,31767.69798,X,X,X
Slaty Tanager,42448.39447,X,X,X
Rufous-crested Tanager,37460.26343,X,X,X
Southern Grosbeak-Canary,49451.05578,X,X,X
Lemon-breasted Seedeater,18612.31125,X,X,X
Papyrus Canary,21086.50282,X,X,X
Yemen Serin,16897.26158,X,X,X
Olive-rumped Serin,50023.39157,X,X,X
Principe Seedeater,358.6596389,X,X,X
Drakensberg Siskin,14280.16543,X,X,X
Cape Siskin,33021.77673,X,X,X
Yellow-browed Oxylabes,8771.082705,X,X,X
Hooded Treepie,43329.08313,X,X,X
Victorin's Warbler,30197.2952,X,X,X
Sombre Pigeon,37632.52669,X,X,X
Dusky Crimsonwing,29319.75675,X,X,X
Black-capped Tinamou,46564.39056,X,X,X
Berlepsch's Tinamou,22986.23084,X,X,X
Barred Tinamou,33412.33866,X,X,X
Gray-legged Tinamou,50898.28514,X,X,X
Tepui Tinamou,155.8900003,X,X,X
Sulawesi Cuckoo,32510.20127,X,X,X
Lesser Cuckoo,26915.95825,X,X,X
Vietnamese Cutia,10968.5237,X,X,X
Purplish-backed Jay,33224.0338,X,X,X
Azure-naped Jay,54334.77243,X,X,X
Bushy-crested Jay,47788.36963,X,X,X
White-tailed Jay,31290.99556,X,X,X
San Blas Jay,26096.50286,X,X,X
Crescent-chested Babbler,24136.01761,X,X,X
Silvery-throated Jay,1515.29083,X,X,X
Black-collared Jay,20742.84778,X,X,X
Beautiful Jay,7613.488417,X,X,X
Black-throated Jay,39831.36849,X,X,X
Turquoise Jay,23987.2372,X,X,X
Blue-headed Sunbird,44139.56168,X,X,X
Cameroon Sunbird,25313.41505,X,X,X
Black-billed Peppershrike,32276.50875,X,X,X
Trumpeter Swan,46320.76965,X,X,X
Whooper Swan,5493.266733,X,X,X
Dusky Hummingbird,37140.44337,X,X,X
Blue-fronted Flycatcher,6672.150769,X,X,X
White-chested Swift,1381.432988,X,X,X
White-fronted Swift,32612.66251,X,X,X
Spangled Kookaburra,14238.80079,X,X,X
Viridian Dacnis,5977.287337,X,X,X
Mindanao Pygmy-Babbler,18953.37344,X,X,X
Red-crested Malkoha,6294.75339,X,X,X
Flammulated Flycatcher,25516.42015,X,X,X
White-bellied Treepie,41697.76582,X,X,X
Himalayan Woodpecker,44427.07049,X,X,X
Long-tailed Wood-Partridge,47518.11917,X,X,X
Midget Flowerpecker,10572.81118,X,X,X
Golden-rumped Flowerpecker,10984.34807,X,X,X
Buru Flowerpecker,3302.862503,X,X,X
Brown-backed Flowerpecker,58855.27879,X,X,X
Red-banded Flowerpecker,16350.55758,X,X,X
Black-fronted Flowerpecker,11432.88938,X,X,X
Red-chested Flowerpecker,14248.75949,X,X,X
Black-sided Flowerpecker,24298.9386,X,X,X
Crimson-crowned Flowerpecker,33978.23954,X,X,X
Olive-capped Flowerpecker,5163.620288,X,X,X
Louisiade Flowerpecker,510.363333,X,X,X
Olive-crowned Flowerpecker,37767.33381,X,X,X
Whiskered Flowerpecker,5238.398354,X,X,X
Blood-breasted Flowerpecker,26730.93176,X,X,X
Halmahera Flowerpecker,9832.627374,X,X,X
Mottled Flowerpecker,1286.437789,X,X,X
White-throated Flowerpecker,4697.518318,X,X,X
Ashy Flowerpecker,6877.477734,X,X,X
Andaman Drongo,2211.124421,X,X,X
Balicassiao,58522.59717,X,X,X
Wallacean Drongo,32795.47191,X,X,X
Sri Lanka Drongo,8462.397724,X,X,X
Ribbon-tailed Drongo,2710.275228,X,X,X
Sulawesi Drongo,20341.05407,X,X,X
Gray-bellied Flowerpiercer,27068.16962,X,X,X
Scaled Flowerpiercer,41330.17191,X,X,X
Deep-blue Flowerpiercer,44333.70986,X,X,X
Merida Flowerpiercer,4410.797723,X,X,X
Indigo Flowerpiercer,7714.831624,X,X,X
Glossy Flowerpiercer,42353.59982,X,X,X
Greater Flowerpiercer,13016.58862,X,X,X
Moustached Flowerpiercer,46841.92383,X,X,X
Green Thorntail,51299.40862,X,X,X
Slender Sheartail,30342.41232,X,X,X
Iiwi,1472.284056,X,X,X
Cloven-feathered Dove,6383.432829,X,X,X
Black-billed Sicklebill,9083.295816,X,X,X
Northern Scrub-Robin,4780.736851,X,X,X
East Andean Antbird,7183.117681,X,X,X
Rufous-tailed Antbird,8606.665157,X,X,X
Santa Marta Antbird,1174.044762,X,X,X
Klages's Antbird,22464.66227,X,X,X
Greater Scythebill,54775.85076,X,X,X
Crimson-breasted Woodpecker,48574.09918,X,X,X
Chestnut-bellied Mountain-Tanager,50675.4957,X,X,X
Cinnamon-bellied Imperial-Pigeon,8851.262016,X,X,X
Elegant Imperial-Pigeon,4212.336125,X,X,X
White-bellied Imperial-Pigeon,56252.62312,X,X,X
New Caledonian Imperial-Pigeon,6388.844976,X,X,X
Dark-backed Imperial-Pigeon,26550.90029,X,X,X
Peale's Imperial-Pigeon,6967.328304,X,X,X
Bismarck Imperial-Pigeon,13950.73783,X,X,X
Spice Imperial-Pigeon,2913.487075,X,X,X
Seram Imperial-Pigeon,7140.692451,X,X,X
Micronesian Imperial-Pigeon,512.4065152,X,X,X
Pacific Imperial-Pigeon,11419.55825,X,X,X
Spectacled Imperial-Pigeon,13361.21672,X,X,X
Pink-headed Imperial-Pigeon,23565.8014,X,X,X
Palmchat,28922.4154,X,X,X
White-streaked Antvireo,20168.68686,X,X,X
Streak-crowned Antvireo,34044.50533,X,X,X
Rufous-backed Antvireo,17158.36634,X,X,X
Pale Cicadabird,11049.61031,X,X,X
Kai Cicadabird,1871.397248,X,X,X
Makira Cicadabird,1289.040475,X,X,X
Sula Cicadabird,1806.227585,X,X,X
Great Elaenia,10280.72885,X,X,X
Caribbean Elaenia,10343.00752,X,X,X
White-tailed Emerald,3705.758544,X,X,X
Coppery-headed Emerald,2016.702516,X,X,X
Duida Grass-Finch,52.94985396,X,X,X
Pale-throated Pampa-Finch,33265.88424,X,X,X
Pacific-slope Flycatcher,1252.878763,X,X,X
Slender-billed Parakeet,49038.16488,X,X,X
Sunda Forktail,39908.05044,X,X,X
Fiery-browed Myna,29825.41185,X,X,X
Black Solitaire,8115.039035,X,X,X
Japanese Grosbeak,46141.23181,X,X,X
Red Lory,11100.73044,X,X,X
Blue-streaked Lory,1396.352142,X,X,X
Blue-eared Lory,158.326082,X,X,X
Violet-necked Lory,12360.99304,X,X,X
Brown Sicklebill,52143.86706,X,X,X
Foothill Antwren,48017.61332,X,X,X
Emerald-bellied Puffleg,26387.74768,X,X,X
Coppery-bellied Puffleg,19197.82559,X,X,X
Black-thighed Puffleg,9473.074058,X,X,X
Blue-capped Puffleg,22062.63054,X,X,X
Sapphire-vented Puffleg,14655.61543,X,X,X
Golden-breasted Puffleg,13450.10631,X,X,X
Glowing Puffleg,37780.4164,X,X,X
Sula Pitta,2098.050924,X,X,X
New Britain Pitta,14050.54897,X,X,X
Louisiade Pitta,114.0278242,X,X,X
New Ireland Pitta,3271.68408,X,X,X
South Moluccan Pitta,10519.55763,X,X,X
North Moluccan Pitta,9687.103665,X,X,X
Black-crowned Pitta,15877.35342,X,X,X
Chestnut-shouldered Goshawk,58844.13851,X,X,X
Red-eared Parrotfinch,4539.634331,X,X,X
Fiji Parrotfinch,6568.607345,X,X,X
Red-throated Parrotfinch,6378.591376,X,X,X
Tricolored Parrotfinch,14099.55347,X,X,X
Kandt's Waxbill,43681.36858,X,X,X
Black-lored Waxbill,10950.48309,X,X,X
Arabian Waxbill,33249.41891,X,X,X
Cinderella Waxbill,33824.18971,X,X,X
Garnet Robin,47214.85847,X,X,X
Ochre-flanked Tapaculo,47945.17534,X,X,X
Wattled Ploughbill,34257.41157,X,X,X
Green-throated Carib,3216.918937,X,X,X
Purple-throated Carib,2017.745305,X,X,X
Moluccan Scrubfowl,19046.66244,X,X,X
Nilgiri Flycatcher,12667.83981,X,X,X
Indigo Flycatcher,19733.28999,X,X,X
Dull-blue Flycatcher,2256.401705,X,X,X
Orangequit,4255.517775,X,X,X
Black-bellied Hummingbird,5536.020374,X,X,X
Velvet-fronted Euphonia,10178.21341,X,X,X
Spot-crowned Euphonia,5741.177898,X,X,X
Jamaican Euphonia,4255.517775,X,X,X
Yellow-crowned Euphonia,43082.80776,X,X,X
Orange-crowned Euphonia,36709.85857,X,X,X
Golden-backed Bishop,16736.78014,X,X,X
Jackson's Widowbird,41677.51983,X,X,X
Buff-shouldered Widowbird,13464.54836,X,X,X
Archbold's Nightjar,28799.86787,X,X,X
Banded Broadbill,48677.54143,X,X,X
Dusky Twinspot,55411.0392,X,X,X
Cinnamon-chested Flycatcher,10294.07518,X,X,X
Cryptic Flycatcher,7977.239217,X,X,X
Furtive Flycatcher,4646.429811,X,X,X
Sumba Flycatcher,4132.206257,X,X,X
Damar Flycatcher,75.82327011,X,X,X
Black-and-orange Flycatcher,8244.600769,X,X,X
Tanimbar Flycatcher,294.0633481,X,X,X
Rufous-throated Flycatcher,44079.57017,X,X,X
Black-banded Flycatcher,2251.131162,X,X,X
Sincora Antwren,1357.856315,X,X,X
Pacific Parrotlet,56835.59348,X,X,X
Mexican Parrotlet,44609.81054,X,X,X
Forest Fody,49202.17899,X,X,X
Indochinese Fulvetta,10267.60477,X,X,X
Taiwan Fulvetta,3317.621788,X,X,X
Pale-billed Hornero,33810.9336,X,X,X
Luzon Bleeding-heart,41457.3449,X,X,X
Sri Lanka Spurfowl,14548.25026,X,X,X
Sri Lanka Junglefowl,21467.6604,X,X,X
Orange-breasted Laughingthrush,3104.446891,X,X,X
Bare-headed Laughingthrush,9784.72414,X,X,X
Rufous-cheeked Laughingthrush,43641.38035,X,X,X
Black Laughingthrush,16053.29753,X,X,X
Black-hooded Laughingthrush,9339.002386,X,X,X
Sunda Laughingthrush,49838.92403,X,X,X
Mangrove Honeyeater,16701.41805,X,X,X
Striated Earthcreeper,35907.19798,X,X,X
Crossley's Ground-Thrush,30656.16759,X,X,X
Chestnut-backed Thrush,5437.814176,X,X,X
Red-and-black Thrush,3012.262289,X,X,X
Orange-banded Thrush,12547.65709,X,X,X
Slaty-backed Thrush,1354.692662,X,X,X
Spot-winged Thrush,4404.913481,X,X,X
Barred Dove,32922.84352,X,X,X
Thick-billed Miner,19916.40881,X,X,X
Coastal Miner,21105.3979,X,X,X
Dark-winged Miner,17278.70611,X,X,X
Sharp-beaked Ground-Finch,496.7324548,X,X,X
Medium Ground-Finch,2972.923209,X,X,X
Small Ground-Finch,3205.432206,X,X,X
Large Ground-Finch,2864.780358,X,X,X
Hooded Yellowthroat,45248.3895,X,X,X
Bahama Yellowthroat,3383.843677,X,X,X
Olive-crowned Yellowthroat,44642.03329,X,X,X
Crested Quail-Dove,4255.517775,X,X,X
Rufous-sided Gerygone,2704.546692,X,X,X
Fan-tailed Gerygone,10948.90778,X,X,X
Plain Gerygone,12817.49609,X,X,X
Brown-breasted Gerygone,41614.08865,X,X,X
Dusky Gerygone,15130.40501,X,X,X
Oriental Pratincole,59281.56648,X,X,X
Yungas Pygmy-Owl,46790.83632,X,X,X
Chestnut Owlet,35423.64144,X,X,X
Javan Owlet,19370.97151,X,X,X
Costa Rican Pygmy-Owl,4098.984026,X,X,X
Subtropical Pygmy-Owl,11202.4074,X,X,X
Tamaulipas Pygmy-Owl,10494.88969,X,X,X
Vanuatu Honeyeater,3421.958899,X,X,X
Barred Honeyeater,6383.777598,X,X,X
Violet-capped Hummingbird,1101.434891,X,X,X
Apo Myna,590.0997407,X,X,X
Southern Hill Myna,54505.59288,X,X,X
White-throated Antpitta,17627.59697,X,X,X
Stripe-headed Antpitta,54450.33736,X,X,X
Chestnut Antpitta,6906.029656,X,X,X
Bay Antpitta,4684.659179,X,X,X
Pale-billed Antpitta,11571.84655,X,X,X
Red-and-white Antpitta,12623.1772,X,X,X
Rufous-faced Antpitta,15092.14565,X,X,X
Yellow-breasted Antpitta,8793.948706,X,X,X
Gray-naped Antpitta,3186.542441,X,X,X
Plain-backed Antpitta,33973.79362,X,X,X
White-bellied Antpitta,24074.66341,X,X,X
Chestnut-naped Antpitta,24512.02905,X,X,X
Rusty-tinged Antpitta,10176.10977,X,X,X
Watkins's Antpitta,6414.455447,X,X,X
Sucre Antpitta,1342.130953,X,X,X
Rusty-breasted Antpitta,27027.94573,X,X,X
Crescent-faced Antpitta,5538.381185,X,X,X
Scallop-breasted Antpitta,4350.979608,X,X,X
Peruvian Antpitta,8926.548696,X,X,X
Grauer's Warbler,17274.88192,X,X,X
Guadalcanal Honeyeater,240.9367635,X,X,X
Pale Mountain-Pigeon,2409.76061,X,X,X
Seram Mountain-Pigeon,6718.315406,X,X,X
Crested Ant-Tanager,20870.44614,X,X,X
Sooty Ant-Tanager,36730.76804,X,X,X
Blue-lored Antbird,39792.20267,X,X,X
Javan Kingfisher,50809.93204,X,X,X
Black-winged Parrot,14904.53658,X,X,X
White-faced Nunbird,12269.67983,X,X,X
Buff-thighed Puffleg,22809.76421,X,X,X
Greenish Puffleg,30057.27166,X,X,X
Hoary Puffleg,1897.767906,X,X,X
Ward's Trogon,52376.7385,X,X,X
Whitehead's Trogon,7184.661374,X,X,X
Wedge-tailed Jery,35343.10391,X,X,X
Great Shortwing,4845.820903,X,X,X
Amethyst-throated Sunangel,56226.96364,X,X,X
Tourmaline Sunangel,24735.47148,X,X,X
Orange-throated Sunangel,14907.43089,X,X,X
Little Sunangel,6894.182254,X,X,X
Gorgeted Sunangel,3689.269109,X,X,X
Bogota Sunangel,0.376691013,X,X,X
Rufous-webbed Brilliant,48950.13141,X,X,X
Empress Brilliant,8518.606659,X,X,X
Green-crowned Brilliant,24577.84865,X,X,X
Acre Tody-Tyrant,3796.71032,X,X,X
Pelzeln's Tody-Tyrant,13313.29742,X,X,X
Yungas Tody-Tyrant,26081.16246,X,X,X
Hermit Wood-Wren,1709.884915,X,X,X
Bar-winged Wood-Wren,1805.372792,X,X,X
Yellow-breasted Antwren,42217.52553,X,X,X
Creamy-bellied Antwren,28858.21873,X,X,X
Aripuana Antwren,32961.55383,X,X,X
Ashy Robin,4890.110839,X,X,X
White-eared Sibia,4002.387797,X,X,X
Sulphur-rumped Tanager,8757.080514,X,X,X
Scarlet-browed Tanager,59092.32244,X,X,X
Silver-backed Needletail,47318.0112,X,X,X
Rufous-tailed Weaver,37928.79741,X,X,X
Odedi,212.0122057,X,X,X
Shade Warbler,78.09349281,X,X,X
Waterfall Swift,37558.80164,X,X,X
Olivaceous Greenlet,33299.61239,X,X,X
Lemon-chested Greenlet,54468.72325,X,X,X
Cinnamon Ibon,2576.36763,X,X,X
Short-crested Monarch,47652.38609,X,X,X
Seychelles Bulbul,94.43586663,X,X,X
Yellowish Bulbul,31941.04634,X,X,X
Zamboanga Bulbul,8490.772511,X,X,X
Black-backed Oriole,34952.13178,X,X,X
Orange Oriole,44653.63937,X,X,X
Hispaniolan Oriole,29010.41058,X,X,X
White-edged Oriole,29954.57871,X,X,X
Jamaican Oriole,4266.314726,X,X,X
Bar-winged Oriole,33692.10346,X,X,X
Cuban Oriole,42352.50054,X,X,X
Puerto Rican Oriole,3387.804343,X,X,X
Short-tailed Finch,29511.08066,X,X,X
Sykes's Warbler,4660.138651,X,X,X
Mountain Illadopsis,56203.20513,X,X,X
Socotra Warbler,1395.368588,X,X,X
Buff-bridled Inca-Finch,11173.24655,X,X,X
Rufous-backed Inca-Finch,33991.98933,X,X,X
Great Inca-Finch,8466.320579,X,X,X
Little Inca-Finch,1050.507319,X,X,X
Yellow-rumped Honeyguide,37559.77403,X,X,X
Slender-billed Tyrannulet,23153.12754,X,X,X
Sulphur-bellied Bulbul,4437.389796,X,X,X
Golden-collared Honeycreeper,44541.85697,X,X,X
Yellow-throated Tanager,37454.21014,X,X,X
Golden-collared Tanager,38059.67638,X,X,X
Purplish-mantled Tanager,8436.135041,X,X,X
Yellow-scarfed Tanager,28526.33549,X,X,X
Golden-crowned Tanager,31808.75369,X,X,X
Striped Wren-Babbler,44235.39997,X,X,X
Black-capped Hemispingus,50013.02766,X,X,X
Orange-browed Hemispingus,8920.393265,X,X,X
Parodi's Hemispingus,11066.13196,X,X,X
Gray-capped Hemispingus,5279.24676,X,X,X
Plumbeous Black-Tyrant,38501.31057,X,X,X
Rock Firefinch,10857.38186,X,X,X
Mali Firefinch,42835.89661,X,X,X
Rufous-bellied Triller,9840.823617,X,X,X
Long-tailed Triller,13265.47054,X,X,X
White-rumped Triller,55072.84577,X,X,X
Polynesian Triller,11928.15071,X,X,X
White-browed Triller,1687.865155,X,X,X
Samoan Triller,1110.869786,X,X,X
White-throated Mountain-gem,527.9568998,X,X,X
Green-throated Mountain-gem,35426.83825,X,X,X
Garnet-throated Hummingbird,53374.1364,X,X,X
Emerald Starling,57428.20389,X,X,X
Principe Starling,56.62299926,X,X,X
Yellow-breasted Boubou,20874.43276,X,X,X
Fülleborn's Boubou,27989.79167,X,X,X
Turati's Boubou,52067.20407,X,X,X
California Gull,10558.2805,X,X,X
Ring-billed Gull,58991.7774,X,X,X
Indian Blue Robin,13384.38581,X,X,X
Pampas Meadowlark,2736.221003,X,X,X
Cerulean-capped Manakin,54151.51354,X,X,X
Blue-rumped Manakin,33842.30965,X,X,X
Rusty-crowned Tit-Spinetail,36044.99635,X,X,X
Crimson-backed Sunbird,22009.814,X,X,X
Rufous-breasted Flycatcher,38820.32674,X,X,X
Inca Flycatcher,33322.78611,X,X,X
Caribbean Dove,35581.43065,X,X,X
Large-tailed Dove,56867.10047,X,X,X
Pallid Dove,45287.81682,X,X,X
Olive-backed Quail-Dove,49321.97924,X,X,X
Tumbes Hummingbird,14865.76329,X,X,X
Buffy Hummingbird,36272.9942,X,X,X
Spot-throated Hummingbird,33469.69767,X,X,X
Auckland Islands Rail,16.69407528,X,X,X
Silver-eared Honeyeater,29402.04043,X,X,X
Olive Honeyeater,3230.428327,X,X,X
Buru Honeyeater,3302.862503,X,X,X
Yellow-eared Honeyeater,9657.167882,X,X,X
Dark-brown Honeyeater,9308.99588,X,X,X
Seram Honeyeater,1433.849704,X,X,X
Black-chested Honeyeater,1018.64349,X,X,X
White-tufted Honeyeater,3860.595079,X,X,X
Black-tailed Godwit,4251.346895,X,X,X
Yemen Linnet,30522.86467,X,X,X
Steere's Liocichla,5571.309777,X,X,X
Dusky Piha,16452.9518,X,X,X
Rose-collared Piha,18290.10756,X,X,X
White-capped Munia,52649.12397,X,X,X
New Ireland Munia,2436.760768,X,X,X
Black-throated Munia,54035.96714,X,X,X
Bismarck Munia,4741.324465,X,X,X
Snow Mountain Munia,9094.495779,X,X,X
Alpine Munia,2067.526961,X,X,X
Five-colored Munia,33281.31097,X,X,X
Black Munia,7217.795043,X,X,X
Black-breasted Munia,6363.541441,X,X,X
White-crested Coquette,6485.713444,X,X,X
Spangled Coquette,51947.48917,X,X,X
Gray-crested Finch,32761.69308,X,X,X
Moluccan Hanging-Parrot,8785.750585,X,X,X
Sri Lanka Hanging-Parrot,6196.899339,X,X,X
Pygmy Hanging-Parrot,39946.55735,X,X,X
Yellow-throated Hanging-Parrot,24104.15952,X,X,X
Sula Hanging-Parrot,2903.422076,X,X,X
Yellow-bibbed Lory,5418.344122,X,X,X
Chattering Lory,9825.484727,X,X,X
Purple-bellied Lory,23910.73149,X,X,X
Barbados Bullfinch,169.7019243,X,X,X
Lesser Antillean Bullfinch,2381.141545,X,X,X
Yellow-shouldered Grassquit,4255.517775,X,X,X
Red-faced Barbet,31902.11187,X,X,X
Club-winged Manakin,15491.72736,X,X,X
Golden-tufted Grackle,22745.04908,X,X,X
Brown Tit-Babbler,42404.63317,X,X,X
Mackinlay's Cuckoo-Dove,21039.17831,X,X,X
Andaman Cuckoo-Dove,2933.490308,X,X,X
Kretschmer's Longbill,46375.42044,X,X,X
Monteiro's Bushshrike,10372.03531,X,X,X
Black-streaked Puffbird,46352.43703,X,X,X
Moustached Puffbird,36324.69331,X,X,X
Malia,16973.84905,X,X,X
McGregor's Cuckooshrike,5292.620434,X,X,X
Lovely Fairywren,49000.23616,X,X,X
Red-winged Fairywren,27534.30782,X,X,X
Orange-collared Manakin,11438.3876,X,X,X
Glossy-mantled Manucode,52829.39695,X,X,X
Crinkle-collared Manucode,31280.63458,X,X,X
Curl-crested Manucode,1243.555463,X,X,X
Jobi Manucode,8682.488257,X,X,X
Bare-legged Owl,42390.55306,X,X,X
Pearly-eyed Thrasher,7950.978141,X,X,X
Beautiful Treerunner,70.04242122,X,X,X
Ruddy Treerunner,2162.907193,X,X,X
Slaty Monarch,6910.505612,X,X,X
Philippine Spinetailed Swift,43496.5768,X,X,X
Rufous-winged Tyrannulet,22687.13427,X,X,X
Buff-banded Tyrannulet,27004.33593,X,X,X
Sulphur-bellied Tyrannulet,23984.78541,X,X,X
New Guinea Flightless Rail,34585.12131,X,X,X
Rusty Thicketbird,13035.28346,X,X,X
Bearded Screech-Owl,7088.915979,X,X,X
Pacific Screech-Owl,27957.28601,X,X,X
Montane Forest Screech-Owl,21010.13959,X,X,X
Cloud-forest Screech-Owl,9547.13954,X,X,X
Cinnamon Screech-Owl,7272.448665,X,X,X
Peruvian Screech-Owl,30619.11186,X,X,X
Buff-rumped Woodpecker,19311.46504,X,X,X
Yellow-eyed Black-Flycatcher,23365.17672,X,X,X
Angola Slaty-Flycatcher,26575.1862,X,X,X
Lesser Melampitta,22898.30818,X,X,X
Golden-naped Woodpecker,5890.351682,X,X,X
Gray-breasted Woodpecker,31576.89905,X,X,X
Puerto Rican Woodpecker,3445.205799,X,X,X
Beautiful Woodpecker,18709.10042,X,X,X
Yucatan Woodpecker,48692.08589,X,X,X
Jamaican Woodpecker,4255.517775,X,X,X
West Indian Woodpecker,44042.11922,X,X,X
Stripe-breasted Tit,14972.20897,X,X,X
Obscure Berrypecker,3476.690734,X,X,X
Mid-mountain Berrypecker,38717.44654,X,X,X
Streaked Berrypecker,33528.00223,X,X,X
Fan-tailed Berrypecker,57321.77934,X,X,X
White-bridled Finch,56362.96172,X,X,X
Dusky Robin,26274.27182,X,X,X
Elegant Crescentchest,31288.66035,X,X,X
Marañon Crescentchest,3883.083965,X,X,X
Black Pitohui,50807.22599,X,X,X
Blue-and-white Mockingbird,38062.97889,X,X,X
Makira Honeyeater,1288.818264,X,X,X
Belford's Melidectes,47997.84236,X,X,X
Huon Melidectes,2375.529605,X,X,X
Sooty Melidectes,27222.8073,X,X,X
Vogelkop Melidectes,4387.267658,X,X,X
Short-bearded Melidectes,3723.859643,X,X,X
Cinnamon-browed Melidectes,19787.34803,X,X,X
Yellow-browed Melidectes,24985.04188,X,X,X
Ornate Melidectes,36996.91642,X,X,X
Yellow-footed Honeyguide,28971.03062,X,X,X
Kadavu Honeyeater,167.1774471,X,X,X
Yellow-spotted Honeyeater,42563.16372,X,X,X
Spangled Honeyeater,2138.998216,X,X,X
Foja Honeyeater,868.6448114,X,X,X
Smoky Honeyeater,56562.62946,X,X,X
Arfak Honeyeater,2837.425088,X,X,X
Black-headed Honeyeater,26266.40991,X,X,X
Strong-billed Honeyeater,23420.96476,X,X,X
White-streaked Friarbird,8785.742918,X,X,X
Bee Hummingbird,42037.00726,X,X,X
Lincoln's Sparrow,3411.977829,X,X,X
White-throated Towhee,24973.60201,X,X,X
White-eared Ground-Sparrow,4363.528614,X,X,X
Albert's Lyrebird,9859.358072,X,X,X
Red-breasted Merganser,36739.92369,X,X,X
Blue-cheeked Bee-eater,59063.93569,X,X,X
Fire-throated Metaltail,13693.25439,X,X,X
Perija Metaltail,637.444996,X,X,X
Black Metaltail,54843.44311,X,X,X
Coppery Metaltail,13483.98552,X,X,X
Viridian Metaltail,19934.54757,X,X,X
Bare-eyed Ground-Dove,41003.49741,X,X,X
Elf Owl,28548.87468,X,X,X
Snowcap,29656.74213,X,X,X
Golden-bellied Flyrobin,1140.915231,X,X,X
Green-tailed Warbler,11768.34883,X,X,X
Finsch's Pygmy-Parrot,16473.11398,X,X,X
Geelvink Pygmy-Parrot,949.4568685,X,X,X
Meek's Pygmy-Parrot,908.4985998,X,X,X
Rusty-browed Warbling-Finch,30941.58422,X,X,X
Buff-throated Warbling-Finch,22171.07516,X,X,X
Ringed Warbling-Finch,46890.48835,X,X,X
Three-striped Hemispingus,31742.78247,X,X,X
Slender-tailed Woodstar,42433.52257,X,X,X
Galapagos Mockingbird,2690.002376,X,X,X
Long-tailed Myna,23487.24669,X,X,X
Olive-striped Flycatcher,15349.32533,X,X,X
Burmese Bushlark,35218.42399,X,X,X
Friedmann's Lark,16262.53636,X,X,X
Somali Long-billed Lark,48054.55225,X,X,X
Olive Flycatcher,35138.92853,X,X,X
Olive-backed Tanager,14990.63237,X,X,X
Gray-cheeked Tit-Babbler,23965.81954,X,X,X
Spot-throat,27323.88654,X,X,X
Whitehead,13901.25513,X,X,X
Pipipi,29725.03061,X,X,X
Andean Motmot,37598.64231,X,X,X
Trinidad Motmot,2015.85881,X,X,X
Blue-capped Motmot,14802.83005,X,X,X
Chestnut-bellied Monarch,10750.10828,X,X,X
Island Monarch,57326.74263,X,X,X
Black-faced Monarch,19138.21667,X,X,X
White-capped Monarch,1968.854319,X,X,X
Littoral Rock-Thrush,7276.641429,X,X,X
Southern Sooty-Woodpecker,41409.49155,X,X,X
Ashy Woodpecker,40084.20128,X,X,X
Northern Sooty-Woodpecker,39419.85028,X,X,X
Ferruginous Flycatcher,4264.361155,X,X,X
Sumba Brown Flycatcher,4133.023168,X,X,X
Plain-capped Ground-Tyrant,16591.96528,X,X,X
Dark-faced Ground-Tyrant,4646.812574,X,X,X
Varied Solitaire,689.794246,X,X,X
Rufous-throated Solitaire,33981.68971,X,X,X
Black-faced Solitaire,12324.33649,X,X,X
Omao,995.3235578,X,X,X
Biak Flycatcher,977.1194611,X,X,X
Azure-crested Flycatcher,170.4102619,X,X,X
Melanesian Flycatcher,12157.60038,X,X,X
Chestnut-throated Flycatcher,5906.592597,X,X,X
Ochre-headed Flycatcher,1286.437789,X,X,X
Palau Flycatcher,176.3414204,X,X,X
Steel-blue Flycatcher,12603.74336,X,X,X
Moluccan Flycatcher,17229.65786,X,X,X
Oceanic Flycatcher,40.87166778,X,X,X
Pohnpei Flycatcher,139.5516806,X,X,X
Puerto Rican Flycatcher,3543.247965,X,X,X
Apical Flycatcher,16045.52299,X,X,X
Sad Flycatcher,4255.517775,X,X,X
Great Crested Flycatcher,7963.352299,X,X,X
Galapagos Flycatcher,3002.438891,X,X,X
Grenada Flycatcher,299.2020649,X,X,X
Lesser Antillean Flycatcher,1707.216831,X,X,X
Sooty-crowned Flycatcher,38479.64063,X,X,X
Stolid Flycatcher,33292.85518,X,X,X
Rufous-tailed Flycatcher,4255.517775,X,X,X
Tepui Redstart,36912.16409,X,X,X
Baird's Flycatcher,37201.55646,X,X,X
Sunda Robin,35365.9657,X,X,X
Foothill Elaenia,6816.870966,X,X,X
Pacific Elaenia,42257.83418,X,X,X
Olive-chested Flycatcher,27203.4456,X,X,X
Unadorned Flycatcher,24433.31215,X,X,X
Orange-crested Flycatcher,17597.88463,X,X,X
White-bellied Pygmy-Tyrant,59290.10264,X,X,X
Rufous-bellied Bush-Tyrant,42400.5826,X,X,X
Two-banded Warbler,44798.58842,X,X,X
Golden-bellied Warbler,16587.33859,X,X,X
White-lored Warbler,1048.867092,X,X,X
Bornean Whistling-Thrush,43760.86744,X,X,X
Sumatran Whistling-Thrush,36011.54494,X,X,X
Javan Whistling-Thrush,9517.90518,X,X,X
Taiwan Whistling-Thrush,8579.744339,X,X,X
Shiny Whistling-Thrush,25836.66388,X,X,X
Ash-colored Tapaculo,45935.61058,X,X,X
Brownish-headed Antbird,21064.84486,X,X,X
Roraiman Antbird,18512.09888,X,X,X
Short-tailed Woodstar,27866.79304,X,X,X
Black-tailed Antbird,12555.31949,X,X,X
Tepui Antpitta,43713.82168,X,X,X
Plain-winged Antwren,53831.69479,X,X,X
Ashy Antwren,25878.08836,X,X,X
Klages's Antwren,21732.55133,X,X,X
Stripe-chested Antwren,59372.64051,X,X,X
Dark-eared Myza,16245.6337,X,X,X
White-eared Myza,3785.401232,X,X,X
White-chinned Myzomela,133.5234075,X,X,X
Banda Myzomela,1983.444339,X,X,X
New Caledonian Myzomela,6383.49892,X,X,X
Cardinal Myzomela,8572.240165,X,X,X
Sulawesi Myzomela,43654.13394,X,X,X
Ashy Myzomela,12620.25643,X,X,X
Sumba Myzomela,3613.914184,X,X,X
Yellow-vented Myzomela,1968.854319,X,X,X
Black-bellied Myzomela,12008.09406,X,X,X
Orange-breasted Myzomela,7046.631906,X,X,X
Crimson-hooded Myzomela,1818.987252,X,X,X
Scarlet-naped Myzomela,6681.362749,X,X,X
Red-bellied Myzomela,1676.934423,X,X,X
Black-headed Myzomela,2281.377956,X,X,X
Bismarck Black Myzomela,712.5324442,X,X,X
Micronesian Myzomela,621.3874893,X,X,X
Sclater's Myzomela,426.9482586,X,X,X
Black-breasted Myzomela,9158.748135,X,X,X
Wakolo Myzomela,2067.694657,X,X,X
Fire-tailed Myzornis,38586.28435,X,X,X
Tepui Parrotlet,18967.22292,X,X,X
Bocage's Sunbird,44115.99085,X,X,X
Red-tufted Sunbird,8227.971287,X,X,X
Purple-breasted Sunbird,27086.50604,X,X,X
Common Sunbird-Asity,21285.56295,X,X,X
Buff-bellied Monarch,3814.669856,X,X,X
Rock Parrot,54878.24952,X,X,X
Orange-billed Lorikeet,44352.70864,X,X,X
Orange-banded Flycatcher,4515.706413,X,X,X
Ochraceous-breasted Flycatcher,35869.25353,X,X,X
Handsome Flycatcher,35659.71699,X,X,X
Pardusco,6730.537927,X,X,X
Grand Comoro Brush-Warbler,398.2369645,X,X,X
Subdesert Brush-Warbler,26919.49666,X,X,X
Moheli Brush-Warbler,80.848335,X,X,X
Shelley's Oliveback,12064.12951,X,X,X
Antillean Piculet,28880.17409,X,X,X
Yellow-throated Honeyeater,25520.56709,X,X,X
Puerto Rican Tanager,3387.80726,X,X,X
Archbold's Newtonia,30052.20315,X,X,X
Rufous-vented Niltava,16393.61679,X,X,X
Tanimbar Boobook,1647.934205,X,X,X
Halmahera Boobook,7762.467308,X,X,X
Solomons Boobook,6652.790262,X,X,X
Northern Boobook,15187.27977,X,X,X
Manus Boobook,706.6190817,X,X,X
Hume's Boobook,2008.874528,X,X,X
Speckled Boobook,58765.98883,X,X,X
Mindanao Boobook,37365.35876,X,X,X
Bismarck Boobook,2994.632027,X,X,X
Chestnut-headed Nunlet,9722.965958,X,X,X
Tawny-breasted Tinamou,53725.07937,X,X,X
Curve-billed Tinamou,20280.99637,X,X,X
Chilean Tinamou,45787.88259,X,X,X
Chaco Nothura,43179.29411,X,X,X
Eurasian Curlew,45051.22146,X,X,X
Andean Potoo,45253.11589,X,X,X
Scrub Nightjar,22134.45459,X,X,X
Choco Poorwill,22363.01487,X,X,X
Yucatan Poorwill,56269.21341,X,X,X
Crag Chilia,15223.73584,X,X,X
Piura Chat-Tyrant,7749.75468,X,X,X
Stripe-faced Wood-Quail,35004.07295,X,X,X
Socotra Starling,1398.611304,X,X,X
Sooty Tern,11.00766066,X,X,X
Mountain Avocetbill,10421.86744,X,X,X
Tit Berrypecker,24069.5981,X,X,X
Bolivian Blackbird,29885.0068,X,X,X
Plum-faced Lorikeet,41702.03044,X,X,X
Orange-cheeked Honeyeater,8611.681147,X,X,X
Fernwren,39521.13852,X,X,X
Mountain Firetail,19755.01267,X,X,X
Ecuadorian Hillstar,14244.98427,X,X,X
Black-breasted Hillstar,21365.51719,X,X,X
Rockwarbler,21993.52108,X,X,X
White-lored Oriole,8564.738104,X,X,X
Buru Oriole,1804.82339,X,X,X
Green-headed Oriole,23605.63455,X,X,X
Black-and-crimson Oriole,9815.550372,X,X,X
Tanimbar Oriole,1076.739515,X,X,X
Seram Oriole,5791.979998,X,X,X
Black Oriole,7885.631083,X,X,X
Timor Oriole,11591.95762,X,X,X
Halmahera Oriole,6991.85643,X,X,X
Philippine Oriole,54083.62579,X,X,X
Piping Bellbird,59049.56867,X,X,X
Pale-footed Swallow,49364.20448,X,X,X
Colombian Chachalaca,45225.26889,X,X,X
Chestnut-winged Chachalaca,42358.30977,X,X,X
White-bellied Chachalaca,22161.55385,X,X,X
Rufous-bellied Chachalaca,44039.16316,X,X,X
Olive-green Tanager,47092.09094,X,X,X
Papuan Logrunner,25246.64914,X,X,X
Chowchilla,9048.952437,X,X,X
Antillean Crested Hummingbird,2986.988874,X,X,X
Cambodian Tailorbird,1900.591672,X,X,X
Green-backed Tailorbird,34582.37825,X,X,X
White-eared Tailorbird,7973.113634,X,X,X
Rufous-fronted Tailorbird,46544.99575,X,X,X
Yellow-breasted Tailorbird,7064.415303,X,X,X
Olive-backed Tailorbird,54158.91675,X,X,X
Rajah Scops-Owl,14997.48227,X,X,X
Pallid Scops-Owl,54442.05542,X,X,X
Sangihe Scops-Owl,214.8769445,X,X,X
Ryukyu Scops-Owl,1549.959303,X,X,X
Everett's Scops-Owl,46166.80388,X,X,X
Luzon Scops-Owl,7654.902763,X,X,X
Moluccan Scops-Owl,32497.15135,X,X,X
Mayotte Scops-Owl,143.2324349,X,X,X
Philippine Scops-Owl,41073.44629,X,X,X
Mindanao Scops-Owl,640.2013104,X,X,X
Wallace's Scops-Owl,10916.87351,X,X,X
Simeulue Scops-Owl,599.3791225,X,X,X
Green-bearded Helmetcrest,7603.736756,X,X,X
White-bearded Helmetcrest,3336.877864,X,X,X
Green-backed Whistler,40306.68616,X,X,X
Wallacean Whistler,2116.134508,X,X,X
Golden-backed Whistler,21811.55239,X,X,X
New Caledonian Whistler,6383.49892,X,X,X
Samoan Whistler,1110.869786,X,X,X
Rusty-breasted Whistler,30083.75378,X,X,X
Drab Whistler,16880.52817,X,X,X
White-vented Whistler,48323.00816,X,X,X
Rusty Whistler,39908.25268,X,X,X
Bornean Whistler,32534.56259,X,X,X
Guadalcanal Hooded Whistler,100.4787504,X,X,X
Tongan Whistler,54.11759992,X,X,X
White-bellied Whistler,1538.300144,X,X,X
Lorentz's Whistler,18327.97555,X,X,X
Black-chinned Whistler,9442.852802,X,X,X
Vogelkop Whistler,3342.808612,X,X,X
Brown-backed Whistler,26311.54588,X,X,X
Black-headed Whistler,12815.01813,X,X,X
Bare-throated Whistler,7754.461265,X,X,X
Oriole Whistler,14095.44746,X,X,X
Fawn-breasted Whistler,8459.157124,X,X,X
Island Whistler,3713.050471,X,X,X
Bougainville Hooded Whistler,228.2009972,X,X,X
Regent Whistler,51205.49887,X,X,X
Gray Whistler,35984.94013,X,X,X
Sulphur-bellied Whistler,19101.55478,X,X,X
Morningbird,176.3197412,X,X,X
Fiji Whistler,7046.713457,X,X,X
Green-backed Robin,20857.81266,X,X,X
Jamaican Becard,4255.517775,X,X,X
Rufous-naped Greenlet,16288.63362,X,X,X
Fiery-throated Hummingbird,3193.655854,X,X,X
Short-tailed Paradigalla,35411.18288,X,X,X
Long-tailed Paradigalla,1281.611671,X,X,X
Greater Bird-of-Paradise,38325.05663,X,X,X
Emperor Bird-of-Paradise,4143.164844,X,X,X
Red Bird-of-Paradise,1497.081405,X,X,X
Red-fronted Antpecker,37645.82598,X,X,X
Crimson-fronted Cardinal,41443.36815,X,X,X
Abyssinian Catbird,30477.06967,X,X,X
Bronze Parotia,300.9150118,X,X,X
Carola's Parotia,8921.941212,X,X,X
Lawes's Parotia,37180.56612,X,X,X
Western Parotia,2783.545103,X,X,X
Kordofan Rufous Sparrow,55439.38115,X,X,X
Cape Verde Sparrow,1384.260372,X,X,X
Kenya Rufous Sparrow,34795.54324,X,X,X
Orange-breasted Bunting,54296.59727,X,X,X
Rose-bellied Bunting,2694.901861,X,X,X
Dusky Pigeon,33601.23702,X,X,X
Brown-winged Kingfisher,48766.47646,X,X,X
American White Pelican,10263.47656,X,X,X
Black-capped Babbler,46970.86712,X,X,X
Brown-capped Babbler,20571.69611,X,X,X
Band-tailed Guan,34264.95621,X,X,X
Red-faced Guan,12318.3136,X,X,X
Mindanao Hornbill,45432.24462,X,X,X
Luzon Hornbill,40409.61286,X,X,X
Highland Guan,39865.62028,X,X,X
White-rumped Robin,19931.06902,X,X,X
Smoky Robin,17606.95287,X,X,X
White-winged Robin,29898.45145,X,X,X
Ashy Minivet,1748.710428,X,X,X
Flores Minivet,11591.17559,X,X,X
Sunda Minivet,59925.16557,X,X,X
Ryukyu Minivet,22430.01412,X,X,X
Chestnut-collared Swallow,42406.31476,X,X,X
Snow Mountain Robin,1041.942304,X,X,X
Subalpine Robin,6256.129971,X,X,X
Pacific Robin,14.6397104,X,X,X
Pink Robin,26277.02418,X,X,X
Chestnut-quilled Rock-Pigeon,21297.226,X,X,X
Black-chested Sparrow,32398.69154,X,X,X
Bridled Sparrow,20308.22204,X,X,X
Cinnamon-tailed Sparrow,2467.865254,X,X,X
Spot-breasted Thornbird,46171.63139,X,X,X
Black-crowned Palm-Tanager,25844.45188,X,X,X
Gray-crowned Palm-Tanager,3578.694899,X,X,X
Minute Hermit,59832.26911,X,X,X
Mexican Hermit,35184.08752,X,X,X
White-browed Hermit,57110.77971,X,X,X
White-whiskered Hermit,46305.62958,X,X,X
Spotted Shag,32882.79905,X,X,X
White-eared Brown-Dove,45691.96027,X,X,X
White-tipped Quetzal,8441.189462,X,X,X
Resplendent Quetzal,57566.56258,X,X,X
Black-thighed Grosbeak,7569.74059,X,X,X
Black-throated Wren,13345.96085,X,X,X
Inca Wren,6937.33849,X,X,X
Plain-tailed Wren,19407.95944,X,X,X
Speckle-breasted Wren,6027.642164,X,X,X
Sooty-headed Wren,19721.51806,X,X,X
Collared Lory,7000.6947,X,X,X
White-naped Friarbird,728.9210165,X,X,X
Brass's Friarbird,3812.929586,X,X,X
New Britain Friarbird,13642.94001,X,X,X
New Caledonian Friarbird,6880.348595,X,X,X
New Ireland Friarbird,662.0605827,X,X,X
Timor Friarbird,11119.33141,X,X,X
Gray Friarbird,206.1991812,X,X,X
Black-faced Friarbird,3265.085178,X,X,X
Seram Friarbird,6592.342087,X,X,X
Velvet Asity,17890.73799,X,X,X
Schlegel's Asity,29200.60882,X,X,X
North Island Saddleback,1.797659255,X,X,X
Banded Quail,35073.76444,X,X,X
Slaty-winged Foliage-gleaner,43032.36982,X,X,X
Ecuadorian Piedtail,9820.05468,X,X,X
Sri Lanka Bay-Owl,29033.11043,X,X,X
Pale-olive Greenbul,58720.94624,X,X,X
Toro Olive-Greenbul,51992.11246,X,X,X
Sassi's Greenbul,15179.97643,X,X,X
Cameroon Olive-Greenbul,17131.5407,X,X,X
Gray-headed Greenbul,12115.03885,X,X,X
Rufous-headed Tailorbird,2956.438672,X,X,X
Ashy-headed Tyrannulet,55801.17128,X,X,X
Plumbeous-crowned Tyrannulet,27769.39243,X,X,X
Sclater's Tyrannulet,33590.73693,X,X,X
Serra do Mar Tyrannulet,59408.49807,X,X,X
Rufous-lored Tyrannulet,2017.592611,X,X,X
Yellow-green Tyrannulet,6668.954852,X,X,X
Ecuadorian Tyrannulet,9520.754116,X,X,X
Oustalet's Tyrannulet,28913.05882,X,X,X
Cinnamon-faced Tyrannulet,36520.84803,X,X,X
Rufous-browed Tyrannulet,8261.06269,X,X,X
Lemon-throated Leaf Warbler,46784.89635,X,X,X
Sunda Warbler,6716.167693,X,X,X
Black-capped Woodland-Warbler,19561.46645,X,X,X
Red-faced Woodland-Warbler,31518.19018,X,X,X
Island Leaf Warbler,130.5809774,X,X,X
Kloss's Leaf Warbler,36477.57478,X,X,X
Philippine Leaf Warbler,51586.51957,X,X,X
Timor Leaf Warbler,13981.07901,X,X,X
Buff-barred Warbler,33158.90541,X,X,X
Sulawesi Leaf Warbler,26708.88945,X,X,X
Buff-throated Warbler,3980.159748,X,X,X
Gray-crowned Warbler,24291.85558,X,X,X
Bianchi's Warbler,22189.08842,X,X,X
Stripe-cheeked Woodpecker,2142.16957,X,X,X
Lita Woodpecker,41203.12751,X,X,X
Rufous-winged Woodpecker,35748.75552,X,X,X
Plain-breasted Piculet,22277.92101,X,X,X
Chestnut Piculet,50551.42966,X,X,X
Ocellated Piculet,38791.30375,X,X,X
Tawny Piculet,46174.74613,X,X,X
Rusty-necked Piculet,4475.284672,X,X,X
Grayish Piculet,10573.22101,X,X,X
Ochraceous Piculet,16163.31599,X,X,X
Arrowhead Piculet,14165.24025,X,X,X
Ecuadorian Piculet,17353.5213,X,X,X
Fine-barred Piculet,15268.05261,X,X,X
Cinereous Finch,16169.91078,X,X,X
Speckle-faced Parrot,58095.57955,X,X,X
Collared Towhee,44037.75134,X,X,X
Golden-breasted Fruiteater,32357.101,X,X,X
Fiery-throated Fruiteater,34055.32977,X,X,X
Handsome Fruiteater,4652.084988,X,X,X
Scarlet-breasted Fruiteater,43907.82913,X,X,X
Band-tailed Fruiteater,46770.69234,X,X,X
Orange-breasted Fruiteater,5342.537297,X,X,X
Black-chested Fruiteater,10937.91083,X,X,X
Masked Fruiteater,30199.13581,X,X,X
Red-banded Fruiteater,9570.879669,X,X,X
Gray-headed Piprites,46263.67074,X,X,X
Rose-throated Tanager,40807.55939,X,X,X
Red-hooded Tanager,31041.94729,X,X,X
Elegant Pitta,30833.02122,X,X,X
Ivory-breasted Pitta,9038.473607,X,X,X
Mangrove Pitta,21850.21636,X,X,X
Black-crowned Antpitta,18985.99753,X,X,X
Rufous-crowned Antpitta,28332.93854,X,X,X
Green Rosella,26274.27182,X,X,X
Yellow-throated Spadebill,44078.35836,X,X,X
White-fronted Wattle-eye,56622.03326,X,X,X
Strange Weaver,23892.48358,X,X,X
Taveta Golden-Weaver,17682.08553,X,X,X
Salvadori's Weaver,45583.9834,X,X,X
Nelicourvi Weaver,53849.53916,X,X,X
Black-chinned Weaver,32585.87663,X,X,X
Principe Golden-Weaver,56.62299926,X,X,X
Tanganyika Masked-Weaver,13413.2046,X,X,X
Lake Lufira Masked-Weaver,2003.868903,X,X,X
Sao Tome Weaver,331.4724996,X,X,X
Fox's Weaver,4893.674183,X,X,X
Bocage's Weaver,30084.98256,X,X,X
Weyns's Weaver,21988.24081,X,X,X
European Golden-Plover,19129.48174,X,X,X
Taiwan Cupwing,6582.745463,X,X,X
Immaculate Cupwing,22956.84658,X,X,X
Red-necked Grebe,3104.088031,X,X,X
Pere David's Tit,21932.2997,X,X,X
Caspian Tit,29911.26528,X,X,X
Black-chinned Robin,43709.7714,X,X,X
Black-backed Tody-Flycatcher,2655.523053,X,X,X
Rufous-crowned Tody-Flycatcher,50030.03154,X,X,X
Ruddy Tody-Flycatcher,11133.88702,X,X,X
Buff-cheeked Tody-Flycatcher,2837.561199,X,X,X
Brown-necked Parrot,36755.63081,X,X,X
White-tailed Warbler,14375.76091,X,X,X
California Gnatcatcher,52475.19172,X,X,X
Slate-throated Gnatcatcher,55795.92885,X,X,X
Bronze-tailed Peacock-Pheasant,32126.87372,X,X,X
Palawan Peacock-Pheasant,4436.041223,X,X,X
Tepui Goldenthroat,28945.0398,X,X,X
Coral-billed Scimitar-Babbler,50552.94292,X,X,X
Sri Lanka Scimitar-Babbler,23335.50821,X,X,X
Taiwan Scimitar-Babbler,12774.20952,X,X,X
Vesper Sparrow,41876.4917,X,X,X
Bolivian Warbling-Finch,25158.79151,X,X,X
Collared Warbling-Finch,44577.0417,X,X,X
Black-throated Prinia,34806.58584,X,X,X
River Prinia,38054.06206,X,X,X
Sao Tome Prinia,331.4724996,X,X,X
Yellow-breasted Racquet-tail,7700.988003,X,X,X
Buru Racquet-tail,2426.84834,X,X,X
Palawan Flowerpecker,5211.816687,X,X,X
Gray-crested Helmetshrike,20311.85918,X,X,X
Cape Sugarbird,44221.37159,X,X,X
Gurney's Sugarbird,40039.69702,X,X,X
Masked Shining-Parrot,4034.306244,X,X,X
Red Shining-Parrot,2424.398138,X,X,X
Mountain Sawwing,1349.913395,X,X,X
Pygmy Tit,4355.889079,X,X,X
Dusky-green Oropendola,53771.86839,X,X,X
Olive Oropendola,56638.34057,X,X,X
Black Oropendola,41529.37227,X,X,X
Cactus Canastero,25093.74655,X,X,X
Dusky-tailed Canastero,45822.56979,X,X,X
Gray-and-white Tyrannulet,20044.86866,X,X,X
Buffy Tuftedcheek,2549.447695,X,X,X
White-bellied Pitohui,233.9867975,X,X,X
Rufous-bellied Mountain-Tanager,9799.919643,X,X,X
Jamaican Owl,4255.516637,X,X,X
Black-headed Hemispingus,26045.44329,X,X,X
Drab Hemispingus,35612.84513,X,X,X
Bronze-olive Pygmy-Tyrant,57288.10666,X,X,X
Hazel-fronted Pygmy-Tyrant,26635.54574,X,X,X
Flame-fronted Barbet,10025.18133,X,X,X
Turquoise-throated Barbet,327.0149591,X,X,X
Brown-throated Barbet,2605.526722,X,X,X
Bornean Barbet,58150.16043,X,X,X
Chinese Barbet,21115.64527,X,X,X
Yellow-fronted Barbet,9680.215566,X,X,X
Black-banded Barbet,29096.02559,X,X,X
Malabar Barbet,39648.60745,X,X,X
Mountain Barbet,20833.81169,X,X,X
Black-browed Barbet,30364.1304,X,X,X
Golden-naped Barbet,2011.018885,X,X,X
Crimson-fronted Parakeet,35737.79043,X,X,X
Brehm's Tiger-Parrot,47701.35602,X,X,X
Modest Tiger-Parrot,25144.11818,X,X,X
Painted Tiger-Parrot,21782.12444,X,X,X
Layard's Parakeet,7309.642801,X,X,X
Malabar Parakeet,46859.53944,X,X,X
Slaty-headed Parakeet,57586.31264,X,X,X
Large Fig-Parrot,31821.70519,X,X,X
Edwards's Fig-Parrot,38282.59115,X,X,X
Black-headed Parrotbill,2455.702735,X,X,X
White-breasted Parrotbill,27717.65966,X,X,X
King-of-Saxony Bird-of-Paradise,42194.12722,X,X,X
Cape Francolin,58223.98527,X,X,X
Erckel's Francolin,56445.42563,X,X,X
Jackson's Francolin,6387.667041,X,X,X
Handsome Francolin,6613.331233,X,X,X
Gray-breasted Francolin,30000.02461,X,X,X
Fiery-billed Aracari,7591.741458,X,X,X
Chestnut-throated Huet-huet,20491.90911,X,X,X
Moustached Turca,43182.48271,X,X,X
Pied Shrike-Babbler,24529.53255,X,X,X
Black-banded Fruit-Dove,14504.87805,X,X,X
Black-backed Fruit-Dove,28838.42633,X,X,X
Atoll Fruit-Dove,252.5929192,X,X,X
White-capped Fruit-Dove,393.1529282,X,X,X
White-headed Fruit-Dove,1306.158126,X,X,X
Red-bellied Fruit-Dove,12365.14862,X,X,X
Kosrae Fruit-Dove,41.86141547,X,X,X
Gray-headed Fruit-Dove,8044.485102,X,X,X
Knob-billed Fruit-Dove,16505.79853,X,X,X
Henderson Island Fruit-Dove,15.87337234,X,X,X
Blue-capped Fruit-Dove,10092.69147,X,X,X
Palau Fruit-Dove,175.470772,X,X,X
Pink-headed Fruit-Dove,10672.38458,X,X,X
Silver-capped Fruit-Dove,298.375543,X,X,X
Yellow-bibbed Fruit-Dove,7987.40184,X,X,X
Tanna Fruit-Dove,4651.075791,X,X,X
Wallace's Fruit-Dove,5119.87156,X,X,X
Long-tailed Silky-flycatcher,3685.007987,X,X,X
Striated Wren-Babbler,20198.01752,X,X,X
Nahan's Francolin,660.6880086,X,X,X
Rufous-sided Honeyeater,23358.50254,X,X,X
Rufous-backed Honeyeater,23884.02094,X,X,X
Mayr's Honeyeater,425.7487426,X,X,X
Yellow-streaked Honeyeater,53822.47355,X,X,X
Gray-streaked Honeyeater,39521.97184,X,X,X
Leaden Honeyeater,52773.02528,X,X,X
Cuban Blackbird,41171.17922,X,X,X
Red-capped Parrot,48752.41462,X,X,X
Orange-spotted Bulbul,28150.29676,X,X,X
Cape Bulbul,58558.45184,X,X,X
Ashy-fronted Bulbul,5102.928427,X,X,X
Cream-striped Bulbul,24342.52691,X,X,X
Blue-wattled Bulbul,21854.28484,X,X,X
Yellow-eared Bulbul,1515.904402,X,X,X
Spot-necked Bulbul,37512.41691,X,X,X
Marbled Honeyeater,41017.68193,X,X,X
Rose-faced Parrot,35770.72801,X,X,X
Gold-naped Finch,52071.03713,X,X,X
White-cheeked Bullfinch,6537.016863,X,X,X
Blaze-winged Parakeet,55406.59854,X,X,X
Fiery-shouldered Parakeet,19823.24302,X,X,X
Red-eared Parakeet,2433.943216,X,X,X
Sulphur-winged Parakeet,3089.2325,X,X,X
Bonaparte's Parakeet,18213.93144,X,X,X
Pfrimer's Parakeet,2774.434957,X,X,X
Rose-headed Parakeet,4473.077677,X,X,X
Palau Owl,168.7973154,X,X,X
Nicaraguan Grackle,2741.00514,X,X,X
Choco Toucan,40804.82484,X,X,X
Flame-rumped Tanager,12237.32855,X,X,X
Black-bellied Tanager,29601.07333,X,X,X
Black-backed Thornbill,1005.399785,X,X,X
Rand's Warbler,57719.23087,X,X,X
Flamecrest,8550.158839,X,X,X
Crested Cuckoo-Dove,13241.55941,X,X,X
Black-headed Penduline-Tit,38419.01104,X,X,X
Long-billed Rhabdornis,4964.992678,X,X,X
Stripe-breasted Rhabdornis,44363.98528,X,X,X
Sulawesi Hornbill,49451.40025,X,X,X
Writhed Hornbill,34748.90627,X,X,X
Mottled Berryhunter,58206.82871,X,X,X
Harlequin Antbird,26310.12398,X,X,X
Visayan Fantail,11010.26453,X,X,X
Friendly Fantail,57333.52923,X,X,X
Dimorphic Fantail,50648.91264,X,X,X
Blue-headed Fantail,32199.78456,X,X,X
Bismarck Fantail,4808.97965,X,X,X
Brown-capped Fantail,11793.59417,X,X,X
White-bellied Fantail,3286.857712,X,X,X
Pohnpei Fantail,135.5917786,X,X,X
Palau Fantail,170.9564218,X,X,X
Black Thicket-Fantail,53100.67568,X,X,X
Samoan Fantail,754.9642975,X,X,X
Black-and-cinnamon Fantail,3475.185506,X,X,X
Long-tailed Fantail,1205.421045,X,X,X
Rufous-tailed Fantail,3193.243595,X,X,X
Rennell Fantail,260.7970434,X,X,X
Northern Fantail,12053.81099,X,X,X
Tawny-backed Fantail,1004.484649,X,X,X
Dusky Fantail,1288.818264,X,X,X
Crimson-breasted Finch,37059.89189,X,X,X
Pacific Flatbill,40881.23503,X,X,X
Tumbes Sparrow,18917.34019,X,X,X
Huayco Tinamou,43696.94129,X,X,X
Congo Martin,49507.05732,X,X,X
Pale Sand Martin,40289.51041,X,X,X
Bicol Ground-Warbler,5029.844981,X,X,X
Sierra Madre Ground-Warbler,6737.052029,X,X,X
Roraiman Barbtail,27626.97487,X,X,X
Long-billed White-eye,135.5798871,X,X,X
Lesser Antillean Saltator,1541.317875,X,X,X
Black-winged Saltator,42569.47631,X,X,X
Masked Saltator,28016.20123,X,X,X
Black-cowled Saltator,10241.47457,X,X,X
Reunion Stonechat,981.1335126,X,X,X
White-throated Tapaculo,40253.88117,X,X,X
Tooth-billed Bowerbird,1929.626318,X,X,X
Black-crowned Fulvetta,3638.377647,X,X,X
Finch-billed Myna,54814.87214,X,X,X
Moorland Francolin,18176.02332,X,X,X
Bukidnon Woodcock,3213.630995,X,X,X
Sulawesi Woodcock,8480.86036,X,X,X
New Guinea Woodcock,44257.34402,X,X,X
Javan Woodcock,7047.996618,X,X,X
Tschudi's Tapaculo,12631.98729,X,X,X
Ancash Tapaculo,5935.412579,X,X,X
Neblina Tapaculo,12833.01577,X,X,X
Bolivian Tapaculo,24816.31074,X,X,X
Caracas Tapaculo,2021.574124,X,X,X
Choco Tapaculo,10004.35628,X,X,X
Diamantina Tapaculo,8172.747557,X,X,X
Rufous-vented Tapaculo,32195.55643,X,X,X
Dusky Tapaculo,44709.13813,X,X,X
Boa Nova Tapaculo,1683.455773,X,X,X
Pale-bellied Tapaculo,9232.451085,X,X,X
Brown-rumped Tapaculo,3959.796583,X,X,X
Large-footed Tapaculo,15522.18824,X,X,X
Merida Tapaculo,7990.628401,X,X,X
Long-tailed Tapaculo,17529.22196,X,X,X
Brasilia Tapaculo,45768.36805,X,X,X
Paramo Tapaculo,27754.27021,X,X,X
Planalto Tapaculo,17993.90866,X,X,X
Chusquea Tapaculo,1639.177002,X,X,X
Trilling Tapaculo,45282.46291,X,X,X
Rock Tapaculo,17862.44182,X,X,X
Santa Marta Tapaculo,1747.126007,X,X,X
Diademed Tapaculo,14761.12474,X,X,X
Puna Tapaculo,11549.10856,X,X,X
Spillmann's Tapaculo,33036.37499,X,X,X
White-browed Tapaculo,20505.19679,X,X,X
Unicolored Tapaculo,1910.297402,X,X,X
Vilcabamba Tapaculo,965.5473435,X,X,X
Nariño Tapaculo,6491.306548,X,X,X
Zimmer's Tapaculo,20598.51129,X,X,X
Scintillant Hummingbird,3638.067587,X,X,X
Yellow-eared Toucanet,59160.12247,X,X,X
Standardwing Bird-of-Paradise,5143.799372,X,X,X
Prong-billed Barbet,6129.068134,X,X,X
Toucan Barbet,17234.19378,X,X,X
Tasmanian Scrubwren,16099.73282,X,X,X
Atherton Scrubwren,9540.828258,X,X,X
Large Scrubwren,51193.51725,X,X,X
Papuan Scrubwren,33431.09412,X,X,X
Buff-faced Scrubwren,47277.85251,X,X,X
Vogelkop Scrubwren,3230.853105,X,X,X
White-capped Tanager,39869.62453,X,X,X
Flame Bowerbird,13775.96242,X,X,X
Regent Bowerbird,34601.84357,X,X,X
Ethiopian Siskin,44377.98442,X,X,X
Roraiman Nightjar,17642.96164,X,X,X
Adelaide's Warbler,3445.205799,X,X,X
Prairie Warbler,34025.78797,X,X,X
Yellow-throated Warbler,51532.63985,X,X,X
Hermit Warbler,8722.73173,X,X,X
Arrowhead Warbler,4255.517775,X,X,X
Plumbeous Warbler,925.6229736,X,X,X
Townsend's Warbler,9581.82886,X,X,X
Equatorial Akalat,53007.83319,X,X,X
Rubeho Akalat,213.2846113,X,X,X
Usambara Akalat,359.0236724,X,X,X
Sharpe's Akalat,35887.91076,X,X,X
Greater Yellow-Finch,52410.05978,X,X,X
Citron-headed Yellow-Finch,30532.60715,X,X,X
Raimondi's Yellow-Finch,26228.47505,X,X,X
Sulphur-throated Finch,15999.35185,X,X,X
Brown-winged Parrotbill,48338.39598,X,X,X
Stub-tailed Antbird,21525.60584,X,X,X
Dull-mantled Antbird,14165.57394,X,X,X
Esmeraldas Antbird,24971.04839,X,X,X
Magdalena Antbird,34119.80819,X,X,X
Spectacled Prickletail,7976.497246,X,X,X
Kashmir Nuthatch,54104.41871,X,X,X
Yellow-billed Nuthatch,9545.597139,X,X,X
Chestnut-bellied Tit,13862.30529,X,X,X
Iriomote Tit,107.8973568,X,X,X
White-fronted Tit,21276.56018,X,X,X
Olivaceous Piha,42156.36,X,X,X
Rufous-throated Wren-Babbler,21950.14138,X,X,X
Pale-throated Wren-Babbler,613.4076002,X,X,X
Chin Hills Wren-Babbler,11463.95375,X,X,X
Nicobar Serpent-Eagle,428.9653738,X,X,X
Sulawesi Serpent-Eagle,44763.00233,X,X,X
Hispaniolan Spindalis,28880.17409,X,X,X
Jamaican Spindalis,4255.517775,X,X,X
Puerto Rican Spindalis,3387.80726,X,X,X
Black-capped Siskin,19324.73977,X,X,X
Antillean Siskin,3745.968135,X,X,X
Lawrence's Goldfinch,13280.91206,X,X,X
Andean Siskin,45541.99462,X,X,X
Obbia Lark,21316.22016,X,X,X
Masked Lark,28294.80468,X,X,X
Nicaraguan Seed-Finch,20378.72649,X,X,X
Parrot-billed Seedeater,39539.86492,X,X,X
Drab Seedeater,36823.12663,X,X,X
White-breasted Babbler,10846.37023,X,X,X
Sooty Babbler,8402.046285,X,X,X
White-bibbed Babbler,24645.92391,X,X,X
Red-eared Firetail,31783.01845,X,X,X
Violet-chested Hummingbird,15598.48031,X,X,X
Least Tern,3107.050675,X,X,X
Rusty-crowned Babbler,14343.34408,X,X,X
Golden-crowned Babbler,6100.892957,X,X,X
Black-crowned Babbler,11831.82779,X,X,X
Black Currawong,26274.27182,X,X,X
Bare-eyed Myna,1056.847732,X,X,X
White-winged Collared-Dove,59276.27035,X,X,X
Bougainville Honeyeater,775.587259,X,X,X
Omani Owl,1410.522467,X,X,X
Fulvous Owl,44799.37167,X,X,X
White-headed Starling,2118.122479,X,X,X
Eastern Orphean Warbler,4208.819941,X,X,X
Kolombangara Monarch,1789.634112,X,X,X
White-tailed Monarch,429.2624367,X,X,X
Black-tipped Monarch,3074.841065,X,X,X
White-breasted Monarch,92.4360234,X,X,X
Black-bibbed Monarch,1782.856342,X,X,X
Black-tailed Monarch,16216.75411,X,X,X
White-collared Monarch,1303.603305,X,X,X
Rio Orinoco Spinetail,22.2376716,X,X,X
Black-throated Spinetail,781.6578636,X,X,X
Stripe-breasted Spinetail,32952.66785,X,X,X
Red-shouldered Spinetail,9619.629132,X,X,X
Necklaced Spinetail,19179.31316,X,X,X
Silvery-throated Spinetail,5859.743445,X,X,X
Guttulate Foliage-gleaner,4788.219787,X,X,X
White-throated Foliage-gleaner,38260.14275,X,X,X
Bolivian Recurvebill,31428.94277,X,X,X
Ancient Murrelet,54355.18226,X,X,X
Pygmy Swift,12625.73702,X,X,X
Tumbes Swallow,16791.18048,X,X,X
Falkland Steamer-Duck,4646.253463,X,X,X
Green-throated Tanager,20109.74171,X,X,X
Golden Tanager,15026.91835,X,X,X
Golden-eared Tanager,38530.2655,X,X,X
Blue-browed Tanager,34328.37052,X,X,X
Emerald Tanager,14311.56102,X,X,X
Green-naped Tanager,1173.113292,X,X,X
Black-capped Tanager,51638.37712,X,X,X
Silver-throated Tanager,29020.84878,X,X,X
Blue-whiskered Tanager,26728.36685,X,X,X
Metallic-green Tanager,40326.23425,X,X,X
Rufous-winged Tanager,52972.20358,X,X,X
Gray-and-gold Tanager,17058.35925,X,X,X
Sira Tanager,1409.687278,X,X,X
Golden-naped Tanager,51960.6565,X,X,X
Rufous-cheeked Tanager,2639.885921,X,X,X
Silvery Tanager,39480.35801,X,X,X
Scrub Tanager,47842.90001,X,X,X
Great-billed Parrot,37345.83464,X,X,X
Numfor Paradise-Kingfisher,129.7358166,X,X,X
Brown-headed Paradise-Kingfisher,10478.37798,X,X,X
Little Paradise-Kingfisher,18873.68209,X,X,X
Red-breasted Paradise-Kingfisher,40338.4798,X,X,X
Biak Paradise-Kingfisher,975.4881303,X,X,X
Buff-breasted Paradise-Kingfisher,4065.636553,X,X,X
Many-spotted Hummingbird,42514.33967,X,X,X
Bolivian Earthcreeper,27199.78101,X,X,X
Red-flanked Bluetail,28890.63836,X,X,X
Collared Bush-Robin,9086.212563,X,X,X
Knysna Turaco,48199.41036,X,X,X
Doherty's Bushshrike,43668.23797,X,X,X
Sri Lanka Woodshrike,25558.94596,X,X,X
Malabar Woodshrike,49470.02427,X,X,X
Rufescent White-eye,1227.411642,X,X,X
Japanese Paradise-Flycatcher,13916.79307,X,X,X
Sao Tome Paradise-Flycatcher,331.4724996,X,X,X
Bedford's Paradise-Flycatcher,16429.67628,X,X,X
Mascarene Paradise-Flycatcher,1273.29831,X,X,X
Blue Paradise-Flycatcher,3146.540109,X,X,X
Russet-capped Tesia,11229.0717,X,X,X
Javan Tesia,2274.968933,X,X,X
Upland Antshrike,24111.99892,X,X,X
Collared Antshrike,39530.49267,X,X,X
Black-hooded Antshrike,10906.40151,X,X,X
Acre Antshrike,362.3054834,X,X,X
Streak-backed Antshrike,55300.92601,X,X,X
Black-backed Antshrike,43995.2805,X,X,X
Bar-crested Antshrike,46956.67397,X,X,X
Cocha Antshrike,2974.855199,X,X,X
Lined Antshrike,41079.91044,X,X,X
Chapman's Antshrike,10762.62198,X,X,X
Thamnornis,26882.02268,X,X,X
Fulvous-headed Tanager,15444.58126,X,X,X
Buff-bellied Tanager,7740.654089,X,X,X
Brown-flanked Tanager,4834.330271,X,X,X
Flammulated Treehunter,22056.64991,X,X,X
Uniform Treehunter,15833.67444,X,X,X
Black-billed Treehunter,46719.2822,X,X,X
Streak-breasted Treehunter,6792.812937,X,X,X
Rufous-backed Treehunter,44958.81272,X,X,X
Streak-capped Treehunter,24152.45647,X,X,X
Delta Amacuro Softtail,313.1626616,X,X,X
Antioquia Wren,1247.994656,X,X,X
Olive Straightbill,52950.15112,X,X,X
Jackson's Hornbill,43543.26565,X,X,X
Cinnamon-banded Kingfisher,21100.68026,X,X,X
Blue-and-white Kingfisher,9724.543416,X,X,X
Talaud Kingfisher,393.185593,X,X,X
Lazuli Kingfisher,7099.861182,X,X,X
Ultramarine Kingfisher,8955.358,X,X,X
Palau Kingfisher,171.8416602,X,X,X
Flat-billed Kingfisher,1110.869786,X,X,X
Beach Kingfisher,51844.04505,X,X,X
Chattering Kingfisher,158.6522896,X,X,X
Society Kingfisher,409.771856,X,X,X
Narrow-billed Tody,28616.68199,X,X,X
Puerto Rican Tody,3387.80726,X,X,X
Cuban Tody,42352.53818,X,X,X
Broad-billed Tody,28880.17409,X,X,X
Jamaican Tody,4255.516637,X,X,X
Blue-fronted Parrotlet,51185.5101,X,X,X
Gray Thrasher,38472.35496,X,X,X
Ocellated Thrasher,34257.06018,X,X,X
Whistling Green-Pigeon,14147.38946,X,X,X
Sri Lanka Green-Pigeon,25267.78719,X,X,X
Sumba Green-Pigeon,2345.640014,X,X,X
Tasmanian Nativehen,13841.8282,X,X,X
White-streaked Honeyeater,24206.21522,X,X,X
Olive-headed Lorikeet,14630.54516,X,X,X
Yellow-and-green Lorikeet,1584.05952,X,X,X
Blue-bellied Parrot,11676.77168,X,X,X
Brown-capped Laughingthrush,20391.72732,X,X,X
Red-winged Laughingthrush,52762.16125,X,X,X
Prince Henry's Laughingthrush,49793.85223,X,X,X
Bhutan Laughingthrush,10807.77647,X,X,X
White-whiskered Laughingthrush,5084.097671,X,X,X
Malayan Laughingthrush,5729.333564,X,X,X
Striped Laughingthrush,43281.77208,X,X,X
Rufous-browed Wren,52244.75652,X,X,X
Tepui Wren,26137.10074,X,X,X
Socorro Wren,52.16706102,X,X,X
Citreoline Trogon,47882.46237,X,X,X
Lattice-tailed Trogon,6285.732676,X,X,X
Blue-tailed Trogon,30670.09221,X,X,X
Elegant Trogon,52925.80801,X,X,X
Ecuadorian Trogon,21971.62592,X,X,X
Black-throated Wren-Babbler,29879.42416,X,X,X
Mountain Wren-Babbler,13510.95025,X,X,X
Large Wren-Babbler,50136.20819,X,X,X
Marbled Wren-Babbler,33973.63528,X,X,X
Rusty-breasted Wren-Babbler,28416.92437,X,X,X
Northern Pied-Babbler,34379.32957,X,X,X
Orange-billed Babbler,4699.114685,X,X,X
Scaly Babbler,24844.6229,X,X,X
White-chinned Thrush,4255.517775,X,X,X
Comoro Thrush,645.2613037,X,X,X
Chestnut-bellied Thrush,27636.77357,X,X,X
White-eyed Thrush,4255.517775,X,X,X
Ecuadorian Thrush,33983.60715,X,X,X
Marañon Thrush,15298.03179,X,X,X
Pale Thrush,35758.46555,X,X,X
Red-legged Thrush,2731.248647,X,X,X
Plumbeous-backed Thrush,29815.7813,X,X,X
Usambara Thrush,647.3900878,X,X,X
Rufous-collared Robin,29551.10649,X,X,X
Indian Blackbird,48687.71501,X,X,X
Spotted Buttonquail,40987.57863,X,X,X
Luzon Buttonquail,40567.40784,X,X,X
Lesser Prairie-Chicken,24434.97003,X,X,X
Snowy-throated Kingbird,34067.85651,X,X,X
Seram Masked-Owl,502.8331722,X,X,X
Ashy-faced Owl,29269.35915,X,X,X
Sulawesi Masked-Owl,59618.45028,X,X,X
White-throated Earthcreeper,18618.86122,X,X,X
Patagonian Forest Earthcreeper,47028.33713,X,X,X
Rufous-gaped Hillstar,15522.11593,X,X,X
White-tailed Hillstar,12630.70383,X,X,X
Taiwan Blue-Magpie,7915.330742,X,X,X
White-winged Magpie,13047.97557,X,X,X
Green Longtail,18883.21043,X,X,X
Agile Tit-Tyrant,20602.33586,X,X,X
Unstreaked Tit-Tyrant,29690.98379,X,X,X
Timor Stubtail,13716.67641,X,X,X
Bornean Stubtail,50860.64164,X,X,X
Purple-bibbed Whitetip,6709.629425,X,X,X
Rufous-vented Whitetip,12064.79531,X,X,X
Black-backed Bush Tanager,14014.13386,X,X,X
Gray-headed Lapwing,15121.2711,X,X,X
Mindanao Jungle-Flycatcher,2985.46233,X,X,X
Eyebrowed Jungle-Flycatcher,12038.63488,X,X,X
Jos Plateau Indigobird,4648.213905,X,X,X
Quailfinch Indigobird,28487.67743,X,X,X
Blue-crowned Lorikeet,1418.598372,X,X,X
Black-whiskered Vireo,32467.69086,X,X,X
Cozumel Vireo,188.5458214,X,X,X
Cassin's Vireo,830.6928875,X,X,X
Cuban Vireo,42411.10786,X,X,X
Puerto Rican Vireo,2700.958607,X,X,X
Jamaican Vireo,4255.517775,X,X,X
Flat-billed Vireo,5095.088615,X,X,X
Blue Mountain Vireo,4255.517775,X,X,X
Gray Vireo,3188.451447,X,X,X
Yellow-headed Blackbird,13007.20864,X,X,X
Macleay's Honeyeater,10551.42721,X,X,X
Equatorial Graytail,11706.16504,X,X,X
Angola Cave-Chat,15516.45381,X,X,X
Tit-like Dacnis,21410.28457,X,X,X
Olive Manakin,27143.03844,X,X,X
Pollen's Vanga,23686.20498,X,X,X
Lafresnaye's Vanga,15671.74733,X,X,X
Belted Flycatcher,8563.121181,X,X,X
Salinas Monjita,9629.349755,X,X,X
Taiwan Yuhina,5279.387911,X,X,X
Burmese Yuhina,22315.27442,X,X,X
Wrenthrush,1996.134726,X,X,X
Galapagos Dove,3216.622185,X,X,X
Choco Tyrannulet,27915.42853,X,X,X
Bolivian Tyrannulet,43232.16616,X,X,X
Chico's Tyrannulet,7671.483106,X,X,X
Red-billed Tyrannulet,29230.79383,X,X,X
Spectacled Tyrannulet,9301.480488,X,X,X
Venezuelan Tyrannulet,4493.127629,X,X,X
Guatemalan Tyrannulet,27548.18074,X,X,X
Peruvian Tyrannulet,34386.06395,X,X,X
Sao Tome Spinetail,389.3858924,X,X,X
Sunda Thrush,51923.82483,X,X,X
Fawn-breasted Thrush,1251.49857,X,X,X
Makira Thrush,346.9961425,X,X,X
Himalayan Thrush,21983.19943,X,X,X
Black-ringed White-eye,12090.75728,X,X,X
Black-capped White-eye,44919.71062,X,X,X
Cream-throated White-eye,8995.749784,X,X,X
Black-crowned White-eye,20050.83186,X,X,X
Buru White-eye,3183.680537,X,X,X
Sri Lanka White-eye,3092.504097,X,X,X
Lemon-bellied White-eye,36223.80449,X,X,X
Kosrae White-eye,39.58182312,X,X,X
Ashy-bellied White-eye,14822.16003,X,X,X
Sulawesi White-eye,15441.24265,X,X,X
Layard's White-eye,6429.902026,X,X,X
Dusky White-eye,171.8387782,X,X,X
Yellow-fronted White-eye,4699.266605,X,X,X
Javan White-eye,6842.411661,X,X,X
Capped White-eye,39421.24514,X,X,X
Great Kai White-eye,214.8831155,X,X,X
Louisiade White-eye,404.0338021,X,X,X
Plain White-eye,37.82536894,X,X,X
Black-headed White-eye,3884.987391,X,X,X
Large Lifou White-eye,447.698282,X,X,X
Kirk's White-eye,398.253375,X,X,X
Ambon White-eye,306.8337589,X,X,X
Solomons White-eye,1633.922507,X,X,X
Principe Speirops,56.61790217,X,X,X
Black-capped Speirops,331.4779703,X,X,X
Mauritius Gray White-eye,724.7901981,X,X,X
Mayotte White-eye,139.8932061,X,X,X
Yellow-throated White-eye,6527.41182,X,X,X
Lowland White-eye,40782.33843,X,X,X
Black-fronted White-eye,31711.67342,X,X,X
Small Lifou White-eye,447.698282,X,X,X
Kolombangara White-eye,43.0828623,X,X,X
Biak White-eye,892.6323288,X,X,X
Yellowish White-eye,54504.04269,X,X,X
New Guinea White-eye,39819.89396,X,X,X
Yap White-eye,37.82536894,X,X,X
Reunion White-eye,981.1335126,X,X,X
Pohnpei White-eye,132.385281,X,X,X
Rennell White-eye,260.7970434,X,X,X
Enggano White-eye,156.3498992,X,X,X
Santa Cruz White-eye,193.6872126,X,X,X
Caroline Islands White-eye,327.3453167,X,X,X
Togian White-eye,136.3471667,X,X,X
Seram White-eye,4534.075118,X,X,X
Malaita White-eye,1683.618851,X,X,X
Little Kai White-eye,162.4565999,X,X,X
Pemba White-eye,374.6781304,X,X,X
Green-backed White-eye,6641.742991,X,X,X
Palawan Striped-Babbler,99.21460215,X,X,X
Panay Striped-Babbler,110.0731249,X,X,X
Luzon Striped-Babbler,7876.705417,X,X,X
Chestnut-faced Babbler,12398.05648,X,X,X
Gray Warbler-Finch,401.3224633,X,X,X
Red-chinned Lorikeet,5718.745188,X,X,X
Gray-hooded Bush Tanager,23809.65655,X,X,X
Great Lizard-Cuckoo,42390.66841,X,X,X
Violet-throated Starfrontlet,16809.46658,X,X,X
Bower's Shrikethrush,11962.60071,X,X,X
Sooty Shrikethrush,15687.10788,X,X,X
Katanga Masked-Weaver,17598.91001,X,X,X
Sulu Hornbill,226.0623551,27,,
Fatuhiva Monarch,31.94972566,33,,
California Condor,39284.87923,44,,
Reunion Cuckooshrike,11.08524905,66,,
Mangareva Kingfisher,9.790152275,90,,
Grenada Dove,5.928658003,110,,
Kakapo,22.10582621,116,,
Polynesian Ground-Dove,18.47457799,150,,
Seychelles Magpie-Robin,0.642669205,190,,
Yellow-eared Parrot,198.2810549,212,,
Pale-headed Brushfinch,0.377802089,226,,
Chatham Robin,1.506111798,230,,
Madagascar Fish-Eagle,20371.42596,240,,
Moheli Scops-Owl,80.01362136,260,,
Asir Magpie,16469.64033,270,,
South Island Takahe,258.9744082,280,,
Truk White-eye,13.1941452,350,,
Marquesas Kingfisher,149.7779037,350,,
Atiu Swiftlet,10.23959261,400,,
Goldie's Bird-of-Paradise,322.1844616,450,,
Noronha Elaenia,7.771640815,500,,
Rarotonga Monarch,0.765317543,500,,
Buff-breasted Buttonquail,797.7747793,500,,
Seychelles Kestrel,85.80447226,530,,
St. Helena Plover,16.84088411,560,,
Mauritius Bulbul,49.95380855,560,,
Noronha Vireo,7.796367178,670,,
Sichuan Treecreeper,14878.93408,700,,
Akiapolaau,58.44331334,800,,
Pitt Island Shag,4604.277385,868,,
Tuamotu Sandpiper,25.15297988,900,,
Taita Thrush,59.59276268,930,,
Spanish Eagle,50664.77391,970,,
Humblot's Heron,23627.52687,1000,,
Western Bristlebird,209.7472636,1000,,
Aldabra Drongo,61.57421274,1000,,
Hawaiian Hawk,2686.287452,1100,,
Blue Duck,21170.98967,1200,,
Oahu Elepaio,90.74325209,1261,,
Comoro Scops-Owl,67.31361761,1300,,
Little Spotted Kiwi,13.57852838,1400,,
Hawaiian Duck,1614.320041,1500,,
Milky Stork,33828.55248,1500,,
Kuhl's Lorikeet,3.253614909,1500,,
Titicaca Grebe,18873.45562,1600,,
Brown Teal,361.5514288,1700,,
Gunnison Sage-Grouse,3738.732412,1700,,
Ouvea Parakeet,59.10234779,1800,,
Elfin-woods Warbler,52.24669163,1800,,
Pincoya Storm-Petrel,1210.239869,2000,,
Socotra Scops-Owl,1398.611304,2000,,
Red-lored Whistler,39515.97007,2000,,
Seychelles Fody,0.965637014,2300,,
Uluguru Bushshrike,32.31128759,2400,,
Socotra Bunting,243.5634074,2500,,
Eastern Bristlebird,814.7238023,2550,,
North Island Kokako,1701.336142,2800,,
Nauru Reed Warbler,7.064791214,3000,,
Seychelles Warbler,0.167552216,3000,,
Stitchbird,11.29263997,3000,,
Pemba Scops-Owl,374.6876758,3000,,
Western Tragopan,8337.365234,3300,,
Akohekohe,22.33445275,3800,,
Lidth's Jay,314.7951944,3900,,
Vanikoro Monarch,69.23379931,4000,,
Kea,24430.0201,4000,,
Crimson Shining-Parrot,176.9559587,4000,,
African Oystercatcher,52895.66819,4450,,
Slender-billed White-eye,2.979345759,4500,,
Yellow-headed Parrot,18579.07565,4700,,
Mayotte Drongo,122.1439773,5000,,
Christmas Island Imperial-Pigeon,52.96466044,5000,,
South Island Wren,4307.901176,5000,,
Chaplin's Barbet,29527.88178,5200,,
White-breasted Mesite,15265.6975,5300,,
San Cristobal Mockingbird,212.4413358,5300,,
Inaccessible Island Rail,6.34185597,5600,,
Short-tailed Grasswren,16650.75052,6000,,
Red-naped Fruit-Dove,4133.023168,6000,,
Crowned Cormorant,8050.084451,6200,,
Red Lark,27864.91318,6300,,
Olive-shouldered Parrot,10882.32808,6700,,
Golden-capped Parakeet,25189.8717,6700,,
Yellow-headed Manakin,12632.7051,6700,,
Black-legged Dacnis,10725.73675,6700,,
Taiwan Hwamei,9224.13764,6700,,
Buff-throated Tody-Tyrant,35221.32402,6700,,
Neblina Metaltail,3250.332891,6700,,
Wedge-tailed Hillstar,19554.9862,6700,,
Red-masked Parakeet,41101.29139,6700,,
Vanuatu Kingfisher,2176.647856,6700,,
Pohnpei Lorikeet,137.317116,6700,,
Henderson Island Reed Warbler,15.87337234,7200,,
Henderson Island Crake,15.87337234,8200,,
Hawaii Akepa,148.234009,9300,,
White-throated Grasswren,2131.289956,10000,,
Cuban Black Hawk,5653.199098,10000,,
Blue-eyed Cockatoo,12482.99998,10000,,
Cambodian Laughingthrush,483.1922781,10000,,
Norfolk Island Gerygone,14.6242134,10000,,
Cobb's Wren,109.4441876,12000,,
Yellow-rumped Munia,45211.86782,13000,,
Western Whipbird,27165.18823,13500,,
Carpentarian Grasswren,28784.52298,14000,,
Saunders's Gull,8606.148368,14400,,
Great Spotted Kiwi,3305.527852,14500,,
Bonin White-eye,9.22700047,15600,,
Southern Brown Kiwi,3806.175254,19900,,
Christmas Island White-eye,52.96466044,20000,,
Humboldt Penguin,27304.70094,32000,,
Partridge Pigeon,18186.433,126000,,
Williams's Lark,11949.65839,200000,,
Hawaii Elepaio,2261.553062,216000,,
Cape Cormorant,56062.0319,234000,,
Socotra Sparrow,1417.545568,250000,,
Flame Robin,26275.21272,1000000,,
Common Scoter,20408.4223,1070000,,
Papyrus Gonolek,38209.03156,2000000,,
Cassin's Auklet,38877.18348,3600000,,
Chuck-will's-widow,49512.10514,5400000,,
Bell's Vireo,15811.44249,5900000,,
Brewer's Sparrow,55702.20038,16000000,,
Warbling Vireo,38654.39343,22000000,,
Caroline Islands Swiftlet,209.8559013,,,
Razo Skylark,0.740168011,,,
Indigo-banded Kingfisher,42958.76232,,,
Red-breasted Dotterel,120.2458203,,,
Crimson-backed Flameback,25525.92915,,,
Stuhlmann's Sunbird,4672.625829,,,
Lilac-cheeked Kingfisher,28421.9089,,,
Sao Tome Pigeon,392.6819362,,,
Cameroon Pigeon,17061.36044,,,
Maroon Pigeon,113.700716,,,
Sri Lanka Wood-Pigeon,1931.224651,,,
Trocaz Pigeon,212.031748,,,
Guadalcanal Crow,5032.726141,,,
Bare-faced Go-away-bird,20454.09195,,,
Yellow-throated Serin,1779.679759,,,
Tanzania Seedeater,15967.32103,,,
Salvadori's Serin,20867.98693,,,
Yellow-rumped Serin,39857.9389,,,
Chatham Islands Parakeet,0.813342682,,,
Red-crowned Parakeet,7684.344003,,,
Orange-breasted Fig-Parrot,11651.51224,,,
Sula Jungle-Flycatcher,5232.121717,,,
Blue-breasted Flycatcher,22329.22854,,,
Timor Blue Flycatcher,12618.35606,,,
Palawan Blue Flycatcher,4242.096072,,,
Flores Jungle-Flycatcher,5160.561848,,,
White-bellied Blue Flycatcher,20367.4005,,,
Rück's Blue Flycatcher,2151.664044,,,
Chestnut-tailed Jungle-Flycatcher,31545.09498,,,
Chestnut-breasted Wren,22671.82264,,,
Visayan Pygmy-Babbler,2508.587774,,,
Marquesas Imperial-Pigeon,12.55428747,,,
Silver-tipped Imperial-Pigeon,55986.61879,,,
Gray Imperial-Pigeon,1181.815221,,,
Gray-headed Imperial-Pigeon,59748.2368,,,
Solomons Cuckooshrike,9603.419011,,,
Coopmans's Elaenia,15024.78252,,,
Greater Antillean Elaenia,2328.204918,,,
Sri Lanka Bush Warbler,1469.551194,,,
Siao Pitta,74.74399329,,,
Versicolored Barbet,48503.94627,,,
Buru Jungle-Flycatcher,1579.910828,,,
Olive-throated Parakeet,4255.517775,,,
Diabolical Nightjar,1131.114507,,,
Azure Roller,7989.798727,,,
Bundok Flycatcher,33994.98115,,,
Eastern Wattled-Honeyeater,1628.274309,,,
Western Wattled-Honeyeater,4341.065624,,,
Northern Wattled-Honeyeater,2384.674756,,,
Blue Chaffinch,135.1116079,,,
Singing Parrot,30414.644,,,
Española Ground-Finch,24.75452777,,,
Chatham Island Gerygone,305.023801,,,
Sri Lanka Myna,6225.995228,,,
Nias Myna,1705.041876,,,
Tawny Antpitta,28703.02618,,,
Leymebamba Antpitta,27350.90162,,,
Chinese Grassbird,22506.38106,,,
Duetting Giant-Honeyeater,4034.306244,,,
Chattering Giant-Honeyeater,2097.913023,,,
Flores White-eye,10916.88629,,,
Timor White-eye,10322.39798,,,
Gray-and-buff Woodpecker,39448.28732,,,
Gray-headed Robin,10868.46592,,,
Pacific Swallow,466.6205854,,,
Palau Bush Warbler,170.9616263,,,
Tanimbar Bush Warbler,1245.442838,,,
Philippine Bush Warbler,5542.940429,,,
Grand Comoro Flycatcher,76.22185901,,,
Javan Banded-Pitta,50065.31165,,,
Hylocitrea,11368.55759,,,
Manicore Warbling-Antbird,36932.20902,,,
Blue-capped Ifrita,35495.16751,,,
Sunda Bulbul,5610.305204,,,
Gray-chested Babbler,54295.69337,,,
Jelski's Black-Tyrant,12440.58145,,,
Reichenow's Firefinch,16270.16108,,,
Black-and-white Triller,40180.95997,,,
Braun's Bushshrike,228.6238779,,,
Albertine Boubou,39924.378,,,
Coastal Boubou,50213.02185,,,
Western Boubou,25375.34291,,,
Gray-capped Shrike,7205.76514,,,
Bagobo Robin,11616.68852,,,
Luzon Rail,40567.05125,,,
Sunda Honeyeater,3361.211635,,,
Gray-faced Liocichla,3265.828257,,,
Friendly Bush Warbler,188.6495463,,,
Taiwan Bush Warbler,4877.405526,,,
Chestnut-backed Bush Warbler,13792.25145,,,
Long-tailed Bush Warbler,9504.611036,,,
Benguet Bush Warbler,2742.999151,,,
Gray-headed Munia,17500.60144,,,
Mottled Munia,1590.089831,,,
Gray-crowned Munia,28941.16852,,,
Paradise-crow,8800.190095,,,
Kinglet Manakin,48395.11503,,,
Taiwan Yellow Tit,5014.290133,,,
Timor Cuckoo-Dove,15066.9056,,,
Palawan Babbler,1354.109913,,,
Ballman's Malimbe,11292.17949,,,
White-faced Ground-Sparrow,33166.76464,,,
Cabanis's Ground-Sparrow,485.4756346,,,
Leyte Plumed-Warbler,7747.250683,,,
Mindanao Plumed-Warbler,10161.73632,,,
Dull Flycatcher,132.3693894,,,
White-faced Redstart,6575.306961,,,
White-fronted Redstart,6684.149652,,,
Brown-capped Redstart,43373.24533,,,
Saffron-breasted Redstart,90.09815076,,,
Yellow-crowned Redstart,2037.83783,,,
Golden-fronted Redstart,15300.82399,,,
Jamaican Elaenia,4255.517775,,,
Gray-throated Warbler,14009.62091,,,
Gray-and-gold Warbler,23518.47563,,,
Citrine Warbler,48093.57738,,,
Ornate Flycatcher,57642.48332,,,
Elfin Myzomela,30923.21601,,,
Seram Myzomela,4378.523503,,,
Inaccessible Island Finch,6.34185597,,,
Nightingale Island Finch,0.953224824,,,
Vivid Niltava,6169.798457,,,
Christmas Island Boobook,52.96466044,,,
Hantu Boobook,7043.47397,,,
Crested Ibis,394.6040841,,,
Philippine Hawk-Eagle,44372.70726,,,
Pinsker's Hawk-Eagle,51106.57783,,,
Sri Lanka Gray Hornbill,25064.20611,,,
Red-breasted Wheatear,45040.26074,,,
Gray-backed Tern,14456.90527,,,
Rwenzori Apalis,26714.03153,,,
Bearded Mountaineer,13983.67946,,,
Roberts's Warbler,3750.124414,,,
Visayan Tailorbird,12782.24567,,,
Gray-backed Tailorbird,23318.21585,,,
White-browed Tailorbird,9444.654426,,,
Negros Scops-Owl,9402.244085,,,
Crested Berrypecker,16800.57284,,,
New Zealand Robin,16607.25491,,,
Usambara Greenbul,2623.861774,,,
Little Barbet,30189.39085,,,
Crimson-fronted Barbet,22634.3061,,,
Ornate Fruit-Dove,11257.18537,,,
Purple-capped Fruit-Dove,171.3383929,,,
Crimson-crowned Fruit-Dove,1204.146934,,,
Writhe-billed Hornbill,4291.065351,,,
Cockerell's Fantail,10504.66896,,,
Streak-breasted Fantail,1229.072123,,,
Brown Fantail,735.7024127,,,
Visayan Blue-Fantail,9010.941834,,,
Mindanao Blue-Fantail,35693.37766,,,
Sulawesi Fantail,25730.26031,,,
Streaked Fantail,6918.940831,,,
Golden-winged Grosbeak,1398.611304,,,
Gough Island Finch,24.76494868,,,
Timor Bushchat,11618.27138,,,
Foothill Schiffornis,16227.33253,,,
White-throated Wedgebill,36198.53424,,,
St. Lucia Warbler,238.3666148,,,
Least Pauraque,7217.435607,,,
Owston's Tit,58.25192576,,,
Gray-tailed Piha,23074.20641,,,
Gray-bellied Wren-Babbler,49950.07443,,,
Green Figbird,11591.94691,,,
White-necked Myna,21515.22318,,,
Fan-tailed Monarch,45923.84133,,,
Black-and-white Monarch,8479.005182,,,
Zebra Finch,32200.66871,,,
Lesser Antillean Tanager,123.0622407,,,
Rufous Paradise-Flycatcher,42249.52412,,,
Verreaux's Partridge,45690.62615,,,
Green-spectacled Pigeon,36709.69704,,,
Streamertail,3947.872092,,,
